line_index,pano_id
46,BdzJ_qZh4a3idMdAFB-m6g
61,7P9KtQGKBjKqoaDW3V8qhA
80,tVoL9GYM1NF_4M17NiUjRw
124,6W4IaQQNcqwyJU-2_S6h7g
152,a6tCeWZCN7AHr_QJgfga4Q
212,KPDsYUynvYF5RN9e-3SnAA
267,WPDZ9xFNNs7Lu2q34KyOug
274,nbXiJ_fU-NabLpDgNDuAdA
338,7obzSjgH2hjdGRtKe8FZXQ
345,ZNN67FqI0JLZSje_QIpefg
349,U56eSZEoD8sTwXvl831WnQ
441,6MwR3szLfGV-cFZMdNFopg
462,-OofKcNJc7Fk-x8zua_7lQ
466,jfE4QUMKbLBK4SApi3mDkQ
503,C5NfLtRtIIM4kFSepo6wHw
543,jSYVOyx7nHoNE0-kbU4wzA
741,zg2q-9pg2A3nLVcm7G5c0Q
765,sXjZGeYgSDzOLbBWE2D7VA
833,pmC-H2bQ9FzCBZ3oPDYqwg
859,mYQDFGALeGc32O0BOW7K0w
1018,j_W14KAnEGfOWD7qQ5H5lw
1039,5r9at1xNQhHYaHcY77SaJA
1076,oXT45OX8Q45usHjXVyUiiw
1092,45CQwYq2cwk_0ieCCva80Q
1200,VD0SnBr3GmAhvfHcCC25Dw
1215,o4aG1m2jDepjQdZhooZn6w
1291,ONEXwH9eopQo35IP8QurGw
1334,ufXGayzbNKNqWxOrja9elA
1372,cxde3EriNgppgVCqjQU2xQ
1442,OHN1qEFrmnGsDRTYAFswrQ
1493,gnt9ER9NNBGf6Cr0lPAU9Q
1548,KpYo8odaSJTBoAMRC0wLKQ
1602,y2jyiyUk_6JZdkZpGt3qmw
1617,tMmTtkpP_KdQ0H86Meiuvw
1636,F4HQlZznKsMiaew4ZSB72w
1800,73ETsU1JSLrEri25XdM4aQ
1826,YLpllnMkLHQJxv4C_yzY7Q
1904,walYI0hDB0cFc_-gW3IIog
1907,J5CwukRODrQiVP4yrhDO4A
1940,EQR5yTR_tF1bD1rgi_r03Q
1941,GQT47CPbddtNHAzRgxAHUw
1954,T5NGRhb0kwgFA5nJ7R4Uvw
2124,2gt8ibWxV-tFvEl65vOdBA
2410,R8nRqao_F85tE8ngH-Z98A
2460,2yIg_dNvfre-PnwozoUZUQ
2510,qAwAl3hLW-6T1E31wHHD7w
2543,jThJOtPN1trmJSGGRQnJwA
2545,XO57du_UWnnoqv8vdhtwhw
2709,iAl_6-NvlOLXpZUpxEC1hw
2730,DmsLyTWv63Ve4ZSKxxkcEA
2742,1JJgiyTieFQfanPPyH_rBg
2859,wuECIdFXgvmW3KzcnBliHA
2915,Oq5jaZKV_0_qpmASeLuC_g
2927,RRW_LC3fdY7x1gJrIF-BNA
2972,unvEviqISaTGYAy3sLIK8A
2980,LyPC9FiJ-X6cFdlWX3-4Iw
2981,f7gC-jnGiU1YVmJsMUfM_Q
3073,xyr1F_adKYA0KGLhAdu85g
3123,ABJ-aRiCLdhSF3X6g3UC8g
3141,qwLrvzbBGHA_Wm0qr2bh_Q
3280,aOplPgnCgYEmCX1cJ1EO2g
3303,APlG88NJSeoYfSkfBLgylw
3347,ZVtumM-3-MD6-k8A-AS_0Q
3398,15MR9ZFWnfagAxYUCBb1Hg
3450,6wyc6hUt2fh0URyl09Hf2w
3518,e0mkCejQS9Zct3ZrP7LWsg
3528,vSMdJHXmHjReqYVPDoCUuA
3540,C6_mFD45zcSbQpzLlNz9mw
3544,G1n4v0GF-lStrS9H1qGx1Q
3558,a_gTJUuj1cKHa2eNj6oxLg
3607,qH5R0aODmeRKaP-223WvTQ
3647,dblpFipxeZ-80TCy7yrK_g
3831,ED6jhZDFTxngeHmXLY7TtA
3897,O8pXca_3CVG9yqlQgy_qTg
3962,tX5oahAohMXW4Rpau1srXw
4010,ju3O3TjCDS8ZGsh3jNUqJw
4017,fwKBJPLWenp4dfsIJQw8HA
4020,7aQGw08615f5GK1BA6gpDw
4038,vyhFXoxFsEAJPXTq-9PYjA
4053,O3h3Z3ZED9sldEwjYaizww
4058,HuX5EOT92Wp07_4CJAAOVA
4059,N-vsdymoc-LcLRg2k_4aJw
4072,uPCdlykTxmpDtj22JHMPLQ
4136,sxp-fB8F4j1boD2qPmV3dg
4176,QATJokHebRq-LTHOhrcFgw
4184,3whHTtLjR2mqhE1sxcMrnQ
4330,sh3U-chsGInVhsceRI8OmA
4542,dM5awu2IvuQWZ3ec--vqSA
4551,sUg-9T2wZMR-XqR91oBNxw
4621,mdjeFhSl2deYrZ-oJUpGcA
4624,Y0elgbqeHExSCSpzcy1JQw
4741,PREX2JYqtgQJXvOORFeLhA
4823,ezD3JHP-qhvBtKD8poOcnA
4977,FqDNH1ZQwMGlz1KH5fFYmQ
5077,HuSEQzJa3-LIZhcwWvnytQ
5218,sRY2-5kNt3LQk-uzYJCnlA
5246,z_B4EOiDpgvV1K6ll9wtyQ
5337,q6ulkkNxRSgMsJ3CfBYXkg
5344,Ht8EcGvzf2KZzZ_zb9MrmQ
5540,bUJfWp13GVJjxrS3MOeCTQ
5590,T8LpUB3VSX5mKDfWbKjmgg
5767,Ja70XK3-hBEFQFxzTI-6iw
5854,1uKVl0GBUjENNymV9m1Tlg
5919,OO82KHffbkn1U_4jYfIHjg
5924,JMg6W849C_lAFoxv4QEnVQ
5950,GdFQFn5VmbH2cXYGN5ymSg
5958,7ouYHQ-lBh3mFBNEFMsHkQ
6001,-CGqwkFcut3eUw_pl6C3Zw
6026,yjxjr51oIq5YPGxB6WtdoQ
6216,4sXvjezV4DTF8CqI527lBw
6267,i3CGtS1DVpuiPrqLYvMc-w
6278,IiWaTHRFX4QiLAeSf5puZw
6383,VL-6MxhgfbAUE-3Rc5vOsQ
6414,h0q591wN3kTDrlq7-WI_Rg
6420,kzkxjBrftIgO98nrjhZ8yw
6423,M6zftLNxpzEZRGEHbGv46A
6477,Uf6xiSDxg2nUgscD4FQnYw
6489,TLUqDIWtePlk8wp9dIKt6w
6492,r6nqyJXWrOMtLxjeMiSJQA
6576,jFxo76XeX75v1HALJknhzg
6579,6UUV5ysfpdI9OqlPhy4O2g
6695,x5CXu8w2G3XUCLO-Zhi7rA
6705,R9gEUYu_iUHPz4HDEFR7qQ
6742,Hpxoyfe-r5QAPZs9Qey3xg
6862,YkdTDOlKibi_luwk3xTMJQ
6919,b3fT-60Cae2kbjGeUSbRDw
6935,osQj5uOQH0u0J663NIIq4g
6982,fue8T2-7WgUiGTdtwSsrNA
7039,Xaed0Z2J7x81ZTSGe0Go7w
7065,SxFs0ecMwhChJyKTe9Ap7A
7181,VcWCsfMuFSegBpepHvve1g
7219,Ux2FAs8d7sGBRzi_FG6OsA
7274,eO4fMkxYpFG86VxCPAvtqg
7305,ZOdJgloDlI5sgQ4w3TKPvg
7336,rQa1buw8t1OGKCA83IdulA
7349,Aon-T_trr_Y9rUylVWZnfg
7389,xrZ-r_4Ye7WeAd3-yn0EQQ
7439,lzgdkVCwgOm2AMVct2In2g
7557,OvfmvAIeY10FQ7ZXKHMtWQ
7563,RDe5pra9s8WAK8OF5uvsRg
7569,igDRUm6VaCTGU7-wR7T7Ug
7754,NpR_Dn1Wwo-UvU1pLM9ogQ
7855,j68eZwODku_kzHdvt-jEiw
7903,UgN09rQ0q3ljBrKPMNOcoQ
7924,I28_0ZMH6wFjTrextWskUg
7949,AmtLRppmRCpazHXNWGB14A
8045,ZoYqNAMvYZTLYmu81NgElQ
8079,BHcSCfl4oFQI8-2jwm5yiA
8095,gAJ9Z1n7MeuBGc4CaoSp1w
8172,0KsNywR1A1vkKjhD2JwpHg
8240,9lJ4KtRZhywdmcejFXc8OQ
8248,noY6tdHvbLs6rve4SPJcsg
8292,cLPGXFlZ8Ig6Ox2K_NkrRg
8358,ynX4sAfVcR4hyA6Pto9cvw
8382,bmjeuql-SH5O9PRvd8tjcA
8413,i_Pn77N-HcDNceXXG0u1kA
8428,XNZ-3rhPlhMzEx-7P4Z7zw
8446,MeV18qh7YAh_5P5UnvTi2A
8460,qS4o4-NVrCPj1cgyNTeb5g
8501,_JcOSPe9Ug5d05pHpx0tQw
8589,4Z_cH3WhWoMIh5VzB-7npA
8621,OKc_EIuSYS9ndW7ivCGOoA
8631,vQNFZk2Sfmlw0VST0-HhaQ
8658,Ln-SYMILpwIoO7zMyTK1BQ
8732,_NDxXb8WT7Sg16jK850Dpg
8793,TUnrrVWwuYXa9oyxGgTzbA
8868,H2-L7GX-s4IpvXEEGspxjw
8897,zbFDiY5UvX5orkvJj9AZ5Q
8914,crTedgrM-1NNKfRh7CFN9Q
8974,3FOrvkvWjEx3dlV6sMzScg
9005,yRtN_328YvYM9KUpSri68w
9006,vsieDANHYUxjf_CTzikNkQ
9021,Or6cixSOqJ0VxlLn8ahEZw
9066,t1OHXt37axGdOeszoYKA1w
9069,j0tUdAAFFxbNC_cEYKX0dw
9079,mvh6Sg6Kt4jNC6Y_GV1AMQ
9189,Z3U8Vwlg2t_oaa4cR0h9Pg
9201,rAg8ZUuf2pEqb-bwuw0POw
9398,c50q-H7sD7SJXz5pqEIBkw
9443,DInAJY2ttMMw-mGuI37lTQ
9523,BNUl1l7IGmfqaINdnOcmyg
9536,3s6OTZv4pXoMq_7gRNdgww
9591,JzK17l1yuA8bxqCRCUG-uQ
9639,hdhvPotqMTuxeEB3GgTzGg
9684,Kg-4XmmX27h3D2ZbrXmgjw
9723,ega_vvH2Dot3AnMYpmE7DA
9739,tOfogqCDeHjiMA5u8noQqA
9887,vl0mG-AEBDoOOa_pHE899A
10101,jdhEwFvT-ViKCj-Q_SCwWA
10120,njQVGazxARSvIfKThKeYJA
10227,mnJ5iPldGB0Obw2MO4dLKQ
10234,Iv29GsO3YlJko5HKMuV5tA
10239,IhRCsriOceRL1xlziUoptQ
10395,q6KRWWtmBuIBrzxoowo7oQ
10431,9ea9JrBdv6_9MTjdXHVnYg
10482,zaOrx8v9dFe-Vmkdk2VaAw
10534,8xmbuKeG3jdZo8EpAKwi1A
10542,iiOJaUHnnepznd3q7CybQA
10564,oQVrwB1wvycaXBmaVnYlyg
10571,gw5ECYReBbPDxfiBszJHaw
10651,kYvfaE7jvD0u46JEHik1OA
10661,-0v4NdD5SSLTSFNz0vWRwA
10664,YEN-qzMD_TDxqDCGOeUkJA
10665,Y0Kn2-5dsJ64OLofJoZrsQ
10749,YVzk5jUfdcs-997uD1IogA
10787,8dv0dnVcn3JCzRXafUYwdw
10817,Gz1am-eURyM_8zjYDGlGQQ
10818,lICuiCyeAVtOUyDGC_Peww
10852,N9Rc6PEuB7uJqz4OsChBgw
10960,C_WlXMHpnhxS8lKYFONW6g
11028,7ahSYol4YAuv0EsTWSs61A
11040,mgkJXmXBy2go_QgT8SH9XA
11134,Tw7wAhbnJy4U1u0QGlgAjA
11155,yfyScbuUKqCZAFSkWat7Vg
11275,j8B6z1Ty7H-yEogGF9_9xw
11301,FL34heB98tOmxeIRRPfFfw
11483,7nvMAtQaalQnVxQFbK5cFA
11533,pxMnOjmPa-lHjSS9cz4AXg
11612,ZdiCkff9G4HpA65XEmTgxw
11654,CVzQ5yZEw0PhJPdpmGZjow
11672,f-kZjOmbnqBMG0YVKgrAAg
11681,MYMk7G4v7HarkmHcILKRZA
11700,uB8Pe3O--APt4M-02nHMLQ
11747,ZEXqrJuqCiVQuv-SZhVXUA
11752,SkMbKrjzfuzttohwMFI9hw
11755,89-ToSW_tZvJHAQxIYy-Hg
11835,kOGiIgWqQXdNjBcLnA3lMg
11850,u4LmMtFzZM7anj3szMHoew
11935,HbPUorp8f6AuvekSm6Zpdg
11962,bsM1_f890nW-RKc7dPz54w
11970,eZxWtroPOV_65_wCsYohFw
12000,7yyyeb1PbiiTOAsPey_fBA
12034,1C0XEP-gPz2WGvPvhZBBhQ
12035,r24lUb4ayxsbrqXrOK8Fcw
12049,YKpaWZ4CITdZOgxiNRvquw
12246,-K4wCrg8ET9c1shQmnSE5A
12330,E5Lu9jYFJ4QIto_9Enkgng
12348,yVP4qblS_HOhDqi3vAeCGw
12362,oH3chcA38SmKFuvjPq4ApA
12407,sJOzNgpMJ_DjKRQx7IZqOQ
12414,WRafkeYYnfiW_dxx0KF0UA
12427,_N7OIljA2-Ar1wax2M3Xjw
12455,n0OeQQhXOvM435_CH0liwA
12556,xg4hpvhPSyT3aSu0W3FYjg
12672,025Gd059oAM1uwgJz4Tv0w
12815,vLn-ct7hcDkjrIft-CQumw
12857,id3i-84wpP4uhAgPtZ1a-w
12897,aCTWj4uSIzEloS7zCif8gQ
12898,bQCGmeWVeMgpCQKjY6dNhQ
12980,cVFUOktLQdSFVQ0NWKuMeA
13008,E3zoqaKjNEWqqUvpFLq0sg
13119,cJdq5Pyq6h5h3dlAzaYYlw
13135,TamRJ7kKhxFpUaGgAcETZQ
13263,pnEcXGtbs714a9JH913MZA
13284,7WUpArY_3DzmR3ZKYr-1Ig
13354,bpC5qcfce5XiEwYq1BY03w
13432,eFFT5IKLxPV7MqMsrnfIfw
13441,vT4w6hyPkH5sG4_l-UGpJg
13458,PDFnoMXb1n0fVN-p9JxCFw
13461,rt35jZHegz5hvnDKI4rhzA
13489,2AK1Licxgu5i3aNhR054_g
13513,AlbgDvLHkHGi2IIQ4CAg9w
13662,tMVshGQlZmr-RQlbcKJasA
13697,Te3ygfE9rYjU1R_hJEG46w
13770,sCfMZX-ghmodCXvYbpINCw
13902,AmHZzElmVZwl4D8Qi8tS_g
13949,vPlonucN2Ydn4tUDcQDPQg
13962,8rCVMgC3b4YEaqnFErQV9w
13977,5QjKJvhbp4-KAlci8gxPQw
14096,WFjyA7Qo0AQ9f4mEJnhvmQ
14097,5xc9_nY9SvtMsnxWbtnXkg
14134,1hQG4iwHbN-W5nkSUYWdBw
14282,qT1bu1kldeKoruIf9difsQ
14513,zcUYRR6n0K4zr12_1KNcdA
14514,L4G8c4Vog23nXCK4iNm14Q
14665,PQkX23gZ9SzYRCMFmVs-DA
14669,s6SGZhvCOwt_UJZcgWj4_g
14683,e_3750b52tnG9VqaqnUosQ
14698,4F1268ZAubrDa1cbEp9VlA
14702,GTWB2E5J0CRVoJPI1TyGJA
14770,JLXggwSk8PqkZ0vWRCjsNw
14774,kQuIM9Nbz8ArjSTIh5bNrQ
14822,4nzPvr57TAl3uD-2YcW_SA
14848,-EbRpgXj_7VZVtINYJwtwQ
14873,Xg19cuSgCvi58RlPiTvszA
14948,a2874lfIU2qBy8BmHQrSqQ
14952,ELSAWoX5NVyB-5TJWGcU_A
15036,Jn9AGZfU_gDkErcmCzz2Yw
15037,cVZO9r-I9JJTcwScAQx71A
15043,19KTkygmCb6ri1JFFLVYjg
15045,0K6-IFHoW5smIt7Oq5IlaQ
15108,YmM6g7_jdnsQRdoGKP8CCQ
15464,-jTQHmIeyp3g1Teq8l5_Cw
15507,9kesZNIbMqLqZpCptYf-6Q
15527,23-Xc4JfXK2-rrD8U5MAcA
15545,MIbQZwOuMebU9mBAZmaRzg
15569,JsT6qShmJn73SFfgA4ZssQ
15601,3XFrcN3aXRf_k3HTxfLnng
15608,GUTITdiLAm_HPv4r97yPMA
15654,PyVY6Z4Ow0__yLaZp3mS4w
15746,XpyUA6k4qlCGVDGeLXnPgg
15843,FFN85pv0WQJQa_6IaU_Gnw
15859,304Hn0FVABhvNMM9snpAOw
15873,MUC-EJXmcd2UHxOgV2jmPw
15949,Kwmwg-aIYiaOwHVyOsaZdA
16007,DTHMkDifCiDVvtwsqzUSiA
16069,rmxgkj3SV_heGaD4I72NXQ
16117,BtfIjJYkko2Wc7OaUZg4Yg
16159,d9pnn73wiOnLsVItncmFjg
16205,fEJdT0zhAd8BSaPDap7qzw
16293,1TQMZwRiLIg20pFlylJstQ
16399,PS_3QfDDBeo40myKC4LZ4Q
16442,Uoal9ZkFjzUxq0FbPaSVQg
16515,Susz_awS2TeGXzM140HD0g
16604,7bVzuJ8pyAdkYf0XgeBB0w
16635,np0Lt_iT3s_lA89v8QwY4g
16706,xDzaR9ENa19s3LpiICXXCg
16833,nXKvaQa7_Z7d-2joI1Xy1A
16893,BGv36X4OOMEt-rcSH5vLvg
16895,p6MyAYaFR88QhW1fSDYHDQ
16935,KFysUd2JkO_Qj7nN5JmpYg
16999,SKdgGcNnUS0jEYN6CKvMAg
17005,ffjwOS2-JDaOHy6lTSzNTg
17026,-ZUTI4_7qPqev18fE5OFfw
17049,lNHvclJ5kU83A7lJqcUs0Q
17076,h4Q0NujhkJDS52DxAh7Lvg
17100,Tw3fAVA_SxBepHtz2w5K1g
17141,D3NFFg3TzqyHLTmJ50DGDg
17199,lC_CxO7znBRCkjRk_CYFFQ
17302,NBszRioH7_4rInHkFE0TkQ
17348,kO20fuaDJsTSaL6tTwZ68A
17369,MPxso-8YCxtOPwY3UnlQxA
17373,-ah4J2M9lLfYwpx4m9IxXg
17426,pBhghO5Yqa8ZoYPDmodL6g
17491,TbgzxT6HkUnxco5CtgS7Iw
17502,p_m7ehZGfyTrwVRIGl7z5Q
17505,EkxwQhzaBMt14T353Lra6g
17512,arP5kOJjv-XCeIsSApUS6g
17579,LiPgY7NAQVwiUGxKmvWCGw
17628,yJWUHulRISV50kHIKrSuZg
17630,19RLokWBGTk0rKDvZldfRA
17712,tGlqVTAGOGlV0LW6isKdXA
17789,2OwmkRp0yxvC4EuKiK02Cw
17838,Yfq0SIwWhlhcV3uKg_JM0g
17863,3N_8ZL8OicwwCtBmR6o7qw
17970,yCzTl7hovucCmRb2xXvNBQ
17984,QFNVLoV6IlXGFt2VBZVbJw
18035,26We3VDUHuzaonqjSgNG7g
18045,JTwg1p7X2LR6cY3KzN9RSg
18078,wTqYa1RoRdE2pB1IdB9I1Q
18121,XsqQ1arAKnlvu6umN5E8ug
18122,XOiqR0oA-ozS8_6OIHUPcQ
18227,CMNQuVUMlsQDcfDES2hR3g
18243,QYrqake21YlMnzIoy0CSEg
18248,P0yeTC8A2YVjI5inORpaGw
18251,vDGViTx3Tu94SSWVYPQJ-A
18262,jNt9J94_ShgCb-JRfJBaCQ
18267,wFmOMY0koO5alhBLfmI_cQ
18299,E1tpMIc405YFfyoi4hnHdw
18307,w-nVJj7KICmy5KKklxtQMw
18316,mgi_2jc3v92u776j0WOt5g
18324,cGSCVufCcqtc1gyZAieUkA
18369,1LK9e-BoO6zgfUoh8dODng
18387,_VRA69ZMCUjihikSOrYlaA
18419,oFgXBYruBidyV62f3WK01w
18447,fHliu6JKMiq5gJI5vMBJbg
18536,xnkmWbhGz6TD2bbVct9-EA
18611,W99G_cvJku6fsq7uM5d2gw
18661,cO6VFGMCMT9rNxNddjrdNQ
18687,YLmfVryzlJ20KU8JtaoJ5w
18798,iP6glKS9bb1Rok1OHHIzmw
18815,Of9rrQmWBLYD8uHoRf1-nQ
18839,oYuBp0vvh0NYibkn2wshDg
18878,vk_Ws6jj34x6PJ5w4TxruQ
18885,JaMBQLLRdGxu4ij_hd9t9A
18900,3H72e96zYKh5cyka9Mz9UA
19027,4PisPlyE8C307GQEe9q-nQ
19063,wb1OkG3oNFuRoNZrEdObeQ
19120,D2xKMivBwCzoiounXgEuPQ
19131,-zD-jSJ9ouyuk-26pOPxOw
19150,E4Xe54RJW-DfwhQlONyvsQ
19159,Uj8RYCGb-EeQluLhIIsS0w
19166,8aLNrHx9r0niZ9YWvg0UDQ
19203,mB8-qt8C6H0QmydTZihB7A
19210,0JgmXnyrpd9M-bN1oCHWpg
19342,j7iKtr_6TM9_pmtbCYtrJQ
19343,oCmkBSkb7ZO8W-s4i0Mx6g
19705,GN16J31XlLemTnHC_DXn_w
19858,Si-1v5ykX7-ysYmBWSK13g
19869,UI2sb5PR8-spPWnyY1fMRA
19969,S9tjdR9rkxy4q9xxqpuZiw
20073,APsFl9qhrtuws3Tmmc78NA
20128,MvJQOpa6pwon4nUDFgKt6w
20139,Yr3AHR9NqEcmkIu-TdfjEA
20226,t7_Fre9XL9npKkUEBWmoDA
20248,4ZrqBhLijtvPyr0FyiYsNA
20251,8i-ByIVWKloIIj97nxFZwA
20259,mnOKG5OE0ETR_NYXlgXKoA
20267,C91bTSwhsGpaxTFPEr49JA
20269,g47qwpgC8v49KfM6A6Zj3g
20271,l5D92DqeiBnvOp_cf7n-Hg
20301,8QRGWbyw-3iB7Gw1R45aCA
20349,25geCnxUy9so_qYgEaUvRQ
20413,Bdxnw8SRTTvSpuliEoehxQ
20414,AnF98dIRQeA5IinFxrSTHg
20501,-13MtcRiYa8XCfIfxtaICw
20602,zlTJgwHdCKhPtBJ71g6tCw
20616,bjVsnaEUYlKGm130eMYUeg
20628,T95S5v_xZL0cR0y6nZskAw
20654,Eq1akyN18EoIgav7x4aVsA
20659,gGUOOYxXIKtWEFX9wW8_Sw
20667,AG1dQ3NFR8QzpOKxjJVigA
20758,01JgEQw9N2UAetB-Ix0g6w
20797,omJhO3Xl6OlFeP0bQHQAxg
20804,2q3jktPcUys9Z6hE_lHGGg
20873,kninNtIda5Ap7bEc7uLeyw
20876,jI1P4B67OJzCfTaY6ynM4A
20915,ILoYq-lKSedmVIgaJh2YWg
20986,8grrnBnFWrXz08_SuCYQfA
21065,iKKFvwiCmUAeNkOjWdMj3A
21166,PJoHVEkEN2w_-VZDUm4yOw
21231,CgxsTcw--d6WD_jLZ5Yp-A
21283,fn6HD7OEQmEaTPPX5Cov9w
21308,BCP9mYeiY4jDOrWEe_YWmQ
21370,QeLQX1fx0NhriiBQOS7yMA
21388,Ld2WjEQ7xIMwTMyzJ8aMrw
21420,nB8eA36B2E1UYt4_UNjH_Q
21486,Y1TfWmyNah3eFNzzPQ-H3A
21514,i5F33UhR4-GB9W2c4lk_cA
21622,Lj0PdNSR5Bjtl5zO5XFtnA
21623,9-SrEI70IpA65jwaww5KZg
21624,XtjdJGiSndqrZxniP1jS1A
21779,Xzmrw9-Xl1940vJmpN-eng
21785,crwxDUdz22hXRy2_m9LCqA
21792,cyJal-Cpl_3VVdmpyzNH-A
21799,i2jWkxzJUX0-I5gFDZb1pw
21938,GmeE7zKmfw7_z-DGcFBbZA
21975,OppNyONdbz6AMk4YJ-tqaw
22005,WhGKg6zlLMUT7UMz4nr0Fg
22057,Na0CwSHsJnYkBfuondYnTw
22094,wy6fjNnHJdufBn7Jqd-vvw
22137,FecsYjT3E9wmQijZTCN-kw
22206,GFLoU7QkjFzSZho0Lc4ppg
22364,WtYQaoBYRyn0k6hlNPcrRA
22439,d54yCsz4yLIOLmsxJWllzw
22457,ylc3iFHkFpGvPEH4gg0KFg
22534,vMi4MHphw5EgHZ9_px422Q
22541,Q1y06dR1gAJ88YQQFzR1IA
22577,gVwIMHZF0__zrIGvdkcE2Q
22609,1Jw4Q0YlkLkTyDB0f3QTZQ
22706,rafx_XuLwHdydKTfX7kFXA
22727,6UqoNgk_6bBw75Oof2uNlg
22764,OqoysHtLUwctedMUt09Ipg
22781,UeJRcPm52T51uCsnXDQZ9A
22841,KsfZsYHA-R3u-b4Ftj-JRw
22919,TFdk2Dr7L34XYAKCz2tOhw
22956,VZu1l4riJSmS6GEHz9ga-A
22959,6B_sbnFQhez2JmOChhqF2w
23041,YEtsKxhfTj461XahbECA-Q
23075,s8IgehA3QLDLQcDAW7iZjw
23084,6sFUr5E5iLZSJE_yMHLrkA
23100,VVMswLhJchtyJEnKwZMQYw
23284,7h4jBArO9aMJ5nivlLF_WA
23362,S01RwFOM3hXibGmLuovm2A
23435,dRco442FIJBJYmHOQ4AgJQ
23537,ayFzUecIjIdJV5hpje0c7Q
23539,AEJnPQY3621LJ9sQrPHYCg
23544,dXTpP0t6zn02UqFX99mJ_w
23550,6UH2j6sJvuvzUwLXcTXXvA
23629,Zb4op1O86QHcadpchGtQAQ
23691,S_hLV9MW5oECXx0XgjOhLw
23693,eC2E3pTeFGKlqhMndl1zRA
23762,aQIC2ZhHCwAyvbp9ZPmZUQ
23766,Jm0CWmyHU98GANodeinQVg
23898,yqcfmvUnoaxWjMTGxu8Glw
23944,fiXS9a9vExBlaEDd54dnfA
23999,ZP7GwtiHMy3GZv6pX032pg
24058,nVnVD1bDuX7q-DKAC03iug
24095,AA-C3D-shZXzh_UVnOyDzQ
24100,qCrAf27Qnn9KStnMz67-oQ
24107,WwLXsI2muUeHsFylgd9F-Q
24125,hEIPeWfNABEDsWSaevscSg
24127,d0qUsN8ZmfLAoneEU9It1w
24175,7BaTobJdSgKwaNEwawP0fA
24224,d5RMiEoy8jsw-eLFewjeBw
24239,1frFIYHxslAzLTLYCJ5Q0Q
24256,gSTJutBco6ausfm7Hx7BqA
24330,L0ByvR1JdRrGXeiUW_n1rg
24366,unr-_5hsUyKk5u9wFfknwA
24382,ascdYYk6aQz3VufU2iq5qw
24456,eFjPRXH5vY2_rCLCkP5zJw
24514,2aUd2EGOIsXpL5VnEVGzlg
24602,IeZ3p07OlSHlEqygsL79eA
24639,uutHUlRQuHiC0Jjt2PJhZw
24670,BnCXgJvWclkvZhsrtqZBRg
24859,_Db94CdoPJGaN5ONyCOu2A
25161,L1oIzO0q7nJkrS2u-kYjnw
25318,5CSPPG_p77DASTSbPmr4iQ
25430,qSYrXYIoBir_zrjyHqw6PA
25479,Pt4tbQp9U_XEk1Y46dAowA
25493,qpQvGgAmbxCF7tff6hqcIg
25496,MIA34djnDqR4UZnNM3v-Wg
25518,fkxOGxvd9eOOzeldrDtYoQ
25533,vibLfLnwSuA0RbvI7r5IFA
25649,cr7t5K7HZvpsRl7dJEuzvA
25725,M7GU0pjN--EZI2KtV-05xw
25761,dpa2BxIs80hB-B0K1JM5ow
25767,Zb7_hzXCkQGkLZdVtv9SJA
25802,gc9dAHi5M2YAQXL5HxA3ng
25813,MbUWXVqfgHreWmG1_1jk3Q
25818,o6MDtxk8HYRSUvRpw7U-gA
25852,CL5EpZTcBichm3vCyEOJPQ
25857,2lu-wFQbO8FXf8gX85-K_Q
25914,EeND9sC2h8noVX-_00wVmw
25941,Xu4m0-TlEWrOA-oOv8hoLw
25975,s6C1ueauE_j2KqijndXiZg
26002,5Q11y07Bu5IO7AsDevhtcQ
26018,hlq_4A3uza5dyqnDefSlHA
26021,iDLuEsWIutWn8OmigQiEjg
26211,xdJCOtUSPlrtJ35xLk7yIw
26283,4OydK-hviqkKGIyXAKGAYw
26311,v_7220N8Qx85Yq-sIQ7Jgw
26312,GugQgJoVaHjfnjjBx9ofIw
26331,r6tq9vBkugC2J4QE-u-6pw
26334,FCGb7BnTmyZPnNnhBDtA1w
26335,oMp_IT_DFZoNMR3na3CPlg
26351,D7I2Ix4aTqLlUpUQpxVjHg
26387,20uuazKwsA0lY7kUsLEXZA
26431,2RCSvGRU0mOzr7QI89Fz7w
26473,uykgCTOlHO_7pSahNEUwBQ
26496,BI9kUi3zcUiTltYJby94Mg
26506,QQNiVUItWabbNPIYB-pwEw
26541,1xftP86-TV7GftZEDgllWQ
26567,iYDs2kz0IS6h1qwAVgi5Hw
26613,kk8bKpEd0AmNneLvwmolng
26683,deJ3tpl_bbDQRcFIBj6xYg
26741,nMPKYgY1QMFG_zNqFlEIhw
26742,P14nkozX_PCdRFlitFVEiA
26797,PDf5F-jQKr5euEshTd_cEw
26831,wE99575gSefA4CWLzKKa9A
26865,FelsFnufRn_zWYKvQOT5iw
27036,LPujdCkGbEGBV3eExtO0Ag
27076,2ENHILyqNfUcFfuZzqDPZw
27082,OSNOhKc9vnszNmtLVjLQfA
27089,XyQZSJJ063xIsFwiOqkTbw
27188,qosZwltxXDUeSWshJs_t2A
27363,cF_O1VfzK6qdnBvkUFSCuw
27364,I67mSjhfCl9DUW44Foy2kQ
27382,4kDKoXVO1urUsDkqbS2jnw
27437,t9yTP5_38TIsL70yEEClOg
27474,a4vmu3TBkSZ_7czpRLe4fg
27486,gpTEHTfNC68cf9cUHX_S7Q
27500,eU3bFxa1c_YcmdlJkYlODw
27506,doRZfdC7Q0Qy2RFPKComBA
27587,OJV355Qo2aURNy6zza8C4w
27594,JkkPFBCFY_o3KW3GYRD69A
27663,LqG38-q7-KoivL1qxqA70w
27702,QwflggUDPOuUSxXG9akYEQ
27723,DL1FRT-7_dypVE7Ki-cOFg
27725,AdU0IkAf6HWGvfmRVenVdQ
27933,Atp_U256gwLnG7Zp-C7W2Q
27939,PPRjuXhh1QkSkEx08W-pfQ
27975,x0zTFjnCSAjzeqsW2u83Fw
27977,8hKreTAGl2pBY0oOZiUU2Q
28033,SKoxlFI0sxn49SMm32dA1A
28058,oG9y3HSV1JGXeX6dHpPbKQ
28069,DXe5cSQRJ0LAUxJNXQlr0g
28158,Wx6LZ0RsEYRuajIyxiTbGA
28165,k8LwDbsdym4Q2c4Ju5fByw
28186,iKZ2CtN3lhKzjXoquOgNpw
28231,K8NAcJnwUZgu7mhzwF5zVg
28296,XR1Ux1CCKKwrGLwAgEnQ1Q
28297,_tZ67KZ5DX2T-cIZN0cFwg
28394,iHThX3wI9BIQ40oP_nel3Q
28417,4WT69TFulVKapuZyISTA-w
28426,B7NPBwa9EiQ_LuY4iK5_Bg
28434,e4Ljd7TuokUF9ehUnbf1cA
28561,-81cjNtw4GEZ51Jq1GYKpw
28569,cggl3GbQcOnp3ZZrE0Qk1A
28588,i_ayg4IQVBpPUB97MeOMKw
28654,FZyqMKVtWOWNLI730c8eIw
28760,b7qBL_9BUb-rvwWgDWAZQw
28783,H17pQjJFOXV0GUuplzIxng
28823,hltsm8cSC1m-V9OtDR4NEg
28836,NkbZehqU6RHooBGMusx7DQ
28838,JXCNqP8MWlvb2QA1pD9VYQ
28972,MHg_5fTyLDYo117rYOJ_MQ
29051,UAQfxVtaO5TWHDM8t58Dhg
29109,OAeMGifk8z0tWMENWjRTUg
29124,mXoD-S53j9vyZfRqtAhZsA
29196,ytt-9HKYSrSOuYz1KE9zDA
29307,2QtO_AFAhEEB6uuvfCttDQ
29415,MqJYk8t3BHLmpCJyxefagA
29450,zCuwLv0lEiUqfwXBVstTCA
29500,dso1qaiOaM0f07Kd-XhjUQ
29642,hV_9tuKTlVLQ1fTqGKgNxg
29684,pW7T6edB8hCwlL_4Z8nl2Q
29686,AdIWL46JNR0-BonwCrZUFg
29755,Fcs9mTOWV-uVZ0tAkE7lLg
29760,awJZyhbAaZT8u9Ra2f-PZQ
29774,blpiveo8OOmPg8SwS0IfrQ
29836,C8Q5as2X2ST5bR4s6VnVBg
29883,rsnqefitsWitd4hqnVx3LA
29902,PMUdjnH2sn0NpL5NAf_ysg
29903,nb69FxgomEVqE713whOeGg
29915,PggfSdR7pWB9AfdRamoLcA
30027,WkB76-QG7lKOYmZtDoaCxg
30081,ietLoPGdSxP-9zmfQvClCw
30092,py75hMgiUOPcxoAtXrQAJw
30138,kt3jmLVEcVyDkR_H9hJq5A
30140,F1oddV6ee94ZMtECY0oiEA
30302,MJurZ4IbSmeTPtCd-iS-uQ
30309,gXvsDVF2af3i-MBv3hyqSQ
30340,LWV1kg4WXwKWOQ1_1l1aXg
30431,qV0liqliLPc3fvdAD5NsVg
30456,uOkg5Ie4XPtwqGUfRN6kAA
30461,zbYYHKELKNp7n8f1gh1ZQw
30484,8FaPuYFh0STVC6QlXaFZ0Q
30500,BXMscCbGt8WP83iLbMiG4A
30606,4Oa-9j494eqSXhf-xyZwnQ
30618,oWzoU3WF0fmEsF-TEC9CsQ
30705,0uorEVLWmPfMJZSwme8urQ
30710,41KEYrAN5JJRL94edz30bA
30803,casGMVkr9Gy9eM5ZoTeSaQ
30835,TRYIDpdvMPzZVVcSKv9D3w
30882,F6ACl52EdPpS9bH_1kJP8w
31000,J0c7_FUva49lf0vmmlEB0A
31033,m8R-SaLAAk9os2zUkiLLKA
31039,yMSEP6t6PdjdcQIn_1UF4A
31068,abx3q7dcejLpHdbcoE8cnQ
31095,9inzY5Tz2phaoQoDfZbZVw
31181,A1dveonMvZWjwndVNRwgyQ
31230,jQ6h9KePT1_uzyy_tgshCQ
31243,OGcj8_glKkyXB2dtHSsdSA
31345,zz6q0bpEohkyXPH6wFlW0w
31442,hzBpfRAoTt7DY-K-7DxXrQ
31455,9f5x1QDkvCMu-yLxxNGBAg
31457,nlHbezBPrCD_V92DYI0HFw
31480,d3E6-PJBHFar8tW_0JskuQ
31514,H7g797OCegFnixPBKvZpcQ
31580,YV8cAik5VJR-hy_26LNHEw
31621,r13Bjxw_awP2JTNcSrj9ZQ
31684,gESXaP5ez0-fMYAMnxz6aA
31733,gXe9AKT52gcsDWlo5tKZCA
31776,I6JZG6ffzTStTqRKl5RN8Q
31777,A-rizzZl2hwQobmyf9nReQ
31781,cEY3lVhlyzJrNpRqzuyzBg
31787,uAnqP0eFPCEDhBTtBgxz1w
31818,x2I-8Wpjtmfq9HaKhmiXbA
31823,mifGtGaYxI5Ts1LVWBdvFg
31830,tYEcOAh24BpEaPE9clLhNQ
31906,aiEZNGH0FYAC4WQXDA8EwA
31952,Wal_0QSiK1TJIo40zwEO7w
31967,THzI3hGgoDMuRfxvYuhrGA
31997,RyjbZCIwzTVJxDod1pl1fg
32008,qRQBKH4Gs8uTT8BeeQSI2w
32017,j-tncRVYyYUOTTx2KGhTeQ
32038,y-gJjVEMXWB2rgxnUiFSew
32040,wq-CY-TwG8BFoYVPSAz5xQ
32049,EyrW13Gcw2MunIc3NakjIA
32059,yVM8-wOl47b_yAimnrLQCQ
32094,FwG7GM8fPudxuGM5RPGKdg
32137,s6AhWLYKzbSlUQJkEUIUJQ
32181,S2k4u-V_ICJYm8lBgjnI4A
32208,MaAovBnkr78zlRsKnzPNFw
32232,V_c6i5ObY2tj4QWhabn_VQ
32279,GyKQ53z3rWeq1frD2UHuYQ
32298,N7uTT7M-soFkhxAoz3qeCw
32339,XEy2EcCJv14BIWdbsrxRXQ
32408,MRo8rXtGRGMv7cdcHTw1Bg
32412,_J0Bz36qYFhmJeMqAe_KEw
32447,IDXTR-Yyegxy_6t0UDqSAQ
32519,9j7ekdoFSCP_rXKrZAhn5g
32551,3aibiIAtYdn4ajAsz9hYIg
32641,4nCsrl8b-Xm-AQjB-VzqTw
32771,6oHbwl02yUouxlXlG1pdSg
32847,80bc9K0DfBf0zq8iqPeHLw
32852,tpyfp3_0wnNqDyJoXepHEg
32867,uCsXUwbwP6QnLhj9r9lS7Q
32906,tJ6G0c9nYekgRIp1jJC-Fg
32922,W9LDUR6ZaJ-Ry6SbteZhFA
32969,u6dvcXs_wGwzAdDn1nzybQ
32995,lkUWIioDuO4ty0PeKin2og
33069,7ExbEXUpM7Xs8QOT7DUw3w
33113,6_sFYixD2mKPnHU6b8_REw
33200,OkQBVRpxGolykoSns_GIWQ
33222,JjBGWgbQkok1m5LmEJzSbA
33240,nLAMPDYnALdXFQsgs2WR_g
33249,V4UVuSv1prcGUiZ-hEQkBg
33250,hpggS8IqyVslm2ErQoUtBQ
33265,Qd09WUjoxXVqZFtqmxpFKw
33282,Nvqguqoz27ZkHkqORdOwnA
33313,EcahcExdPKEkG3FpF3TLfg
33425,ib1RPYr3sh2i0atcGLNw4A
33454,Z4ArtdTpf8GMEKbB2XZ7sQ
33463,475HuOm5L3SPWsvYabPtww
33574,vO5Z9s772hYM7SsqwNTIFA
33586,lEotGkovYYBTmJqLyZJVow
33611,E-_ZRHUHf9gQ7-KLMkWDMg
33628,CXbQ2gauQuxwNIPG16z2sg
33651,8JLmEBGJ6h21IIdCjeIbhg
33748,RiOsKJHvY--epREZTDlMtQ
33789,hFLwJHkryY3B4e62L_tRHA
33810,VlYc79s_UkgxvlAJbikwGA
33922,SqgYGNTxgmKBbcOyafERrg
34012,BF_0jrMj4P1go4GzEMAj8w
34157,zh9msoBmAava57jRIAVZhw
34173,60vsR_YtzBiT9rME-SkSOA
34207,NUzvc5qIi78-izWNREPGtA
34218,JswI4jGJbXCrNYVPqyD3FA
34349,oWI_QKzVArEcfxZIe7VMVQ
34442,T0xFei9HSyTHmXFzZihPLg
34452,5ZjLe8bupggPyzp0SDEGzw
34479,0PDvrWieMRTsmchVSv6Q8A
34569,oq3bvIIpKhMQ5pLBHI8kQA
34638,IwxZGlEav1epZCAaxQPLSA
34639,2FRgscODazZ_SQ7fJ4kUPw
34640,Ekkh7zyN9AM-xeiw9Zynzw
34656,XpVcQOsVEx4MvuN8xVl71A
34717,F-Dsf4XrMiYs1MfMCh3omw
34719,x_1BzO8lh_En2JpZHq745w
34777,fP4LrfbeadWYrNtuxyIVbg
34780,3h4gbx5Df_49vIrV9aFGJQ
34794,-L1EyXGqlllQATbuTsZn_g
34799,-PUaaeOpaUZc0GEjv9i3ew
34822,_P6YEgMs_yrE5mH3tCmI5w
34838,LyTtplf5JgnixYbk5Q-7Yw
34872,0CgxZvd-sdgS_IFNRIrmtg
34875,clbq_Ar-MKrgZR471-LGxQ
34897,jV0xWXpaai3vqFjxH-Dq1Q
34900,NQWVA_ScG7dVjST1kycH7w
34902,DyNHj4q1_BrOaYCmX8sJng
34962,I9UoDcXJKXAJ8lVxuQ3H7A
35061,M_U5q5xN-hxu_Gxquazx8g
35087,JbpDkSWbUMwXfT5AcfAu4w
35155,azvhR227_DKz88QEgpcC9A
35276,sHg4qCISEwaEf-g7rBHZyQ
35335,bUAOLAhPchzjifjdyCty9w
35358,EEw8I2T4KTxn3IgGvme4Dw
35418,A8wTWySw6xZL0T2RuHrtHw
35476,HieJERU9NuIvcDjWi38oqw
35485,9lg1JXMPPtlGUOoqsWXsyw
35488,ZVOEvh_hpwXzG46d0tv1FQ
35560,uetnMJUTIYIIaw_N94JFlQ
35572,OpCgx026iqrA7HoQsXCvJA
35617,90dNDWRrixEi04zlttH2BA
35690,_BAOpWnvjjy2IjIh7LzSBw
35694,quVGwvMx2zTQeEcF5K6KTA
35725,jsDkPxM3Eyl8PMCn2IqHNQ
35871,DMLgMVLQtPv8BheIfrUo6Q
35913,54hlDk8ebK2nC7phztWmbA
35918,Jr_1qZ89kGrwR_onCB48yA
35948,PnXkQsg1kBPXyFD2fsk-Cw
35990,5g_gLJZMXZxqR-yW6H-lGA
36059,OVJJzns4Yc3ahBq17d3G1Q
36100,yqtxRhiOf7nG0pVMuM4B-g
36112,eVLlJP0-zRFmayFr_LjeQg
36117,0LfsQYedytsVB13h6mok3Q
36133,0DVP25CR0AcFcnymN4OwnQ
36173,stbz5A6XdrecnBDyfL7RBw
36182,SaqSFiXux39ZXIvgO4c4aA
36342,vd6KZYccj2hnZ2ECAN9kKA
36355,4QxfCJEf3wDbxYrqF_NSDg
36386,A5dF9LimWpQgnwmgslC-ug
36396,w_zq66MGJtZeoJ_xipwmeQ
36430,zCl7ebNrgKkpHSACZvqLKg
36444,hgolV2Lt35V1H19dcRDLlQ
36460,_OiPdw5e9ecNAUB-zTjTVw
36509,yBMfolLfBHlDMULiHU3mig
36617,JUF479UKtDdAjmucdMgDXw
36690,ktTWVM61j5tP8zNlNrkmaA
36779,yyc7YviduxPp4VnPkSZvwQ
36809,GeyO7HNjScEtmahA6lIx9w
36829,OQ8cKzSFDxYQY3HNGdRnFA
36923,uQ5R6mlCGNs7tjs6B3Cqgw
36947,qsYWLQ6br314AtZNUPMaHQ
36970,OSvvaEXczr3mw0kTGZ4eCA
37013,djP26KtpGHxlXfNBCEI5Ow
37044,gunrfhFxGDZxChQGd8DLQg
37074,W-Kcuog2EtEYAuE4xaoTcA
37091,TYPNHHFheX6yy51dw7vnUA
37139,FU3YLWqxyhwIzU6Vwz0NOQ
37205,N7X1F8A8tS6cmOGUvBdn1g
37227,SPRp2BEz2AdAzNgIojI6MQ
37246,OJtHMFCS5GvcZPopIidf9Q
37287,vlJpR6TVM5LFyA81nEi2Cw
37399,rTO7IqE_MYv0ItHxXTSh9A
37417,hDa1smEyS06CFU3iijquog
37484,VHir69L4I5fz1Bj_-T7Hcw
37487,YkvSWm6BoLzfzwWZeQjioA
37501,xx0gj8JpwBnM7CBuKboZvg
37834,DuBEmjoFyUcrE4c_tnfHNA
37842,jEreF41r_2qJQHPPfp9PWQ
37970,ep7fUagSKhwERrKEa4QNFQ
37974,KXoczPG539_yXWHRnYRzAA
38029,uKp2XCQUkLHA57e-zuNj6g
38069,MXFa-QPJKhvzyNXscRRWJA
38127,pZuyHtpBfL-35AgJEwdDRQ
38458,85Z7q8N9BTgCh6GVoVJOrw
38567,Lk0cwcp6rxt04Yo7UDoFGQ
38689,s8TNQrmrLWNPptvJUKZFfg
38711,96OHbLiOqNkS0DgNWqiswQ
38853,Zy9UibO4eG4Xn34xmIfMgQ
38874,sAXWPGOnh-4LpMtFpjjO8g
38883,pTyUXj4CTLNfdW5vNwO4Ow
38896,HZBXG1LCsRGzfTB3nwr-FQ
39012,4BHMWUBB_KjVPXovBE54_w
39051,9dDTQWbjUdgqJMGPhVbKUA
39135,XLC4yh7jlbb19pTdoNF_FA
39163,6M6tCCfcuT_pAUYx42ezcA
39240,RvqePf74GMc0A65ED0xuQQ
39292,JMZNH3gGkp5xLyjECsiyWw
39356,uNejRI8DwCE3zG4tfIxOSw
39359,HdzxJ-S_fPMr-pUYJCGixA
39417,yeGJB-_EYQAoH0bdjxBYZw
39419,PnBpEvBZXohkCHVXDRUzPQ
39472,Z4pOlrtM6vGbaE6f-s92XA
39495,bhqTBVxIvLfwpwl35yjXAQ
39527,4LdM1s8626tjDqmzxOYCFQ
39536,mU6aroEGcV12xkBLIxtdrQ
39578,03_FN1ccchO5st_6MEtPzA
39628,ARL6hdayy008gsLqHfZ3mQ
39706,LQteCWt_qDr_MaCa5QYaHA
39795,uFP6WLIDV8fljHic7SL09w
39824,Rl2fxydIvYGUs9CWUcqY4g
39914,47X8ZbueFNmN5k5tw8n9uQ
39976,_u_A6MSTIHBfCEkGSdxU-A
40015,rUTSDY1BYk7aXw7hNwQwFw
40034,eimAXLIuapRWn-kJrrtIVA
40055,lgoFwzWB0EcODg6mhHehxw
40064,fS2l-pvgIXbdSrv93mTrbQ
40141,1KhJ0Ytev7RTpcVrSaH3vA
40229,CftTAOFQma_LDqS6tiHMvw
40320,MC4INzUK1TbbKep-PbAESQ
40333,DI-PcjnyEa7nvBPwOCKWeA
40357,ekogufld_OQYvc8HmHsd6g
40422,wdv-wnLR6nK2sTKIZqx6FA
40514,8o3RgAKWAFQ-BJehTQvlaQ
40517,wYYJ6dfWCanyZ4XR5bbnAQ
40524,eyqbVtZhWWtkcYzqKKn9lQ
40536,OfbTyDR7gB7tPobRlQa7BQ
40537,4pg7CGXXRWlq_Q-B9L2RMg
40613,TrUyjBvaqJ5ybb4Rdhr7cQ
40768,ilvRz56STHVzekZwvhtk9A
40779,xFGKdb4hmD23pKMMFf-9Ew
40792,2oOWV7d0D0HCM3owOC1YoA
40862,QBm3oaW5yLXuX4-S9CDonw
40951,NopaQGffOZ897FBMIEjZxg
40992,EHnQ7LSJJZVGfxqtjLYYBg
41020,q2ILPYDwM0X_MJfe8_Yo5A
41045,SWGKLlQOvwziQXaGekpsaQ
41242,2dVbbz9XlJbK2jeRuwD5eg
41274,kRG4LFX28dw0ihVC18mRpg
41286,GBPT2opBXII9qWzeo8tT7A
41323,HIH9Umetnz39gNBQcKDGtw
41381,J4z6peiwD5DJpZJdyqYTjw
41383,QuDa-HICQ_bdyLtVvR5XrA
41434,DCtAVRfCfRKvSj7Lt9VloA
41499,VPSoMXpCbFw9O0xxtx-mBQ
41513,AsU6WYGdJBSoinuixNZ8ug
41700,iX6BIy_BhN3nhBtO1pZy3g
41732,N-E6E1QOm3ttjUHV-RqitA
41788,sQTwcipHYF4xXGKmYJpCWw
41798,p0nLbSMhDVi_D4Y_DyyuZw
41890,rj1L3_6JlA8IVlu0hiNTBA
41901,2AcS0ki3kcwAKV04D1E5IA
41921,jHHmxQewSp9bEnw8hzMr4w
41968,hZWsMG7lurxJRx-CcznKHw
41973,C8CwXKtbvBWJOMdcwpK-Pw
42013,YS7p14eRTkIjakbHnj-Gvw
42033,6Q7PbjAYbTHH65vetM6vvQ
42040,VfEC0NfBYj-InAaFXBnkXg
42141,U2WvhP4Smti3s19PeACWNA
42146,jOPnUVDny73HenbXV2usrw
42164,DiA__CuL7qrDxOrBchsinQ
42194,9ul3R7yux-Xz4QqmTl_clA
42314,-r1qTBEizYeJhr-LNPp9rw
42352,DrVycJBh01iA_5u-3V3tVw
42405,qWCVaeeyKv7noXFc6FqdLw
42439,ePLGWwNKDXmrYiMBRY7ViA
42488,aUCh3C996FLHAeqedFUx_w
42518,ZPAa0WbWed2MnCTAgIaaXg
42554,4bXsmgt74t1iwGTInV7pug
42595,G6iuHr5QszhBsZIjS6qL6g
42619,0fYhOwqKuGiUJbLznsTpBQ
42623,PJNYt6fgbF5LCbQ7oUo1Xg
42632,jBwowdDQLA9SWE1GxBG0Wg
42634,jJ94X1XciWLPLjPHQxr2Bw
42645,PNc0HpCMR54l6hJ46lxwPQ
42660,HLkX8iSocXXSDSnnbHhRtg
42723,o3jMAW4u0eFiwqCErxjYPA
42746,Lr5w-uuAGsczAsRArLZR0Q
42765,m2AfdKU9RPgivyN_cMbIew
42772,smPuEOlNM0xGtaACPDQNjA
42975,VaovZ9-OWNtOPcOdE1Ujsg
42985,89uFqWlu57RyX28Hf9b69Q
42987,uAW9j_B_xcwoWJLaSAQxcA
43013,KIp7c9k-f6AfvMP_TQX0tA
43082,J3b2wuoEeYgvXjkIXLvvYg
43127,kheFhJifga7uwtp0lQeNyQ
43214,tdKy3jHgvYvYVxyVcPiQbw
43250,-f52hl7GEnd20lMCQ0hl7A
43344,5LJWMkEFfzxADddO_dBhTw
43397,dwSuybDJLV3HoHZ-CKQ-bQ
43399,oZNiQJcwjpJFokLlPKrbqQ
43434,rziSJyihjzt7Lv-YpPafiQ
43599,wHTomZK5OHQ687tiFRGNMA
43628,Qpx360a2lPZvjNtjfxD_yQ
43692,Uf1yoaPLR3Jbn9JljKVLzg
43722,oMS5oTb0RzMaVyZ8c1cT9Q
43735,lLeihRpS_61q8ARdicxGIQ
43746,c3nTHpcQVDgShwsTTJGd-g
43747,RScnqydd211F8iqwPTP0aw
43748,nLsGrOgfkGN1WC9YhsWB8A
43762,DwuG9A-8-IOkHrX7OI1wrA
43862,sos0aE1cs7nfH_Z88XlVnA
43913,dFAEveUwOgXZcroGFm73AQ
43915,LEXzRih1GAcesUCh9tj0gQ
43917,dhktQsBuDfv-JCARSS_CNw
43932,BCC4nawmKkUhovFCHrg_tA
43991,1lP2OC10wFwMFMswQWnkpw
44033,vdygzJPJ4LzXPhIcQRcQIA
44038,6H4KxNDutugKNJDQSMJCwA
44072,NVtnZTyJ1ttcFjxrBlTGMA
44086,c7g2--OFKUsH-ybHJxP41Q
44208,RYDSy-nNhWleC1_uD8kUkw
44210,tuBLpgHYNrZHLVQUAG1PYw
44284,wHfg2CMr1mc1Dk3ByLCnQg
44285,TTxMGiyV8_YhKH3Rc1zbIg
44352,I_SYtQI9lLSx8CxK45e3Gg
44380,g9fz1tZ1i9o1-pL1mKmfWg
44505,BNyei7aK2m1TtCXFAVa3ow
44521,2wxhWbz6DP0qzewlZzjc7A
44541,wYkO0DIClNs3g5tlylKPyQ
44570,uDfD01Az2i0mvEVZdIW8kA
44655,2GAX7oKSKeJABh30s-jP0Q
44814,LKqkBqIb1cnbTfLzEmAhvw
44874,gWmbsm55yKgPAKv9-EXBew
44878,wp4v2BE9CZqcAXbUmG8klw
44920,SNRdW0NMFuEfQJotXk2HAg
44968,wSdEF4bTzB3KiFiT6KLxQw
45003,6MEQPXZNL1ZkENcnWRhBEQ
45006,jmSQcJGCrI5bVbv39v7Evg
45026,pRvLC1HOL920OlPrZbUR3Q
45032,TbSoZfUFFlPDg1g9cpA50A
45036,NmiGJjJT_MCfHCt0jZqMFA
45051,HW4k21CrkiwFw8kDIQOxIA
45095,AoNSzPSwkh0USlgAtdDVEw
45157,vdeG4Ni7Ak222EK6MKZfcw
45217,ziJqG6d0bSGzqQfGWxglug
45281,vp7O6MFglczDQOnJzbwRmg
45294,gLL_YDCWVaIgyP8OJZzcyA
45297,xMy5PRxkPS0quFDGDKmS5w
45472,6Bpfvn9XnuqiGgS_arL6Xw
45562,91R8rWRNWAwXKkie3tnwlw
45802,R_z6EeIYSCGhKD-r5PKNew
45807,3pGiUK09pgHz1qsoAyVp_w
45821,y9G40uUHUPtUAfKxcmDtfg
45900,Sy-fSkoH1psk97hOsmfpIA
45927,kZFVczYat-ftJv5td2ZGMA
45991,mzD4NC4FOL6hnf_FWrmbmg
46002,ED1ICuMp8Y8xtqh4ktGiTg
46255,rPcdNrQojWRpx3v-4-050A
46316,6FRR2XxJb_OD_B2uDGJDcA
46353,7BRYYFUrAN-Z4HhcLmHVaQ
46360,4Xf6PoJ2g7xsGrTu7tsBew
46412,3FF45PzYmVzKoRSuRsG_-g
46417,Jjb-4cnqO4r3D8XqpBmnIA
46620,FDrmiNU2iXfjpWTEic4lbw
46735,LQnsgcpPPEy-dbUpzGHN6Q
46766,Bm7FpF1kdAtQmaIZYTBvKg
46775,aRau7H7qbejRCMou-47QGw
46832,CtdMx8mCCo1tt9ck2-wDsA
46838,JD2eSVWFX5p8vMRKcfJkZw
46906,PO5oAzhgT13CzHIHljoSsQ
46933,2ekGwKFt9rZ7GscRtGS1lA
46975,R1Nl1DFEkgQSHfA5PYkD_Q
46976,bgxo3qktQO7oVXyXmb9Ikg
47013,TW36bnEjxP7o28_Xzmm95Q
47035,8cfDKRQiIrWBpzf-TFMwag
47150,E3cwy5Ao00BGVxAzjKX8bg
47235,JWVFMMwHuZilu_st49MGJQ
47238,cMisWw_aYd4_Vw29epkGVw
47283,9Rq4rBhbLMNKFp2r5J136Q
47306,TLnaP13dIGZeFmo3v5YcsA
47354,KyxHod70aOGs57cUaEZ7Ng
47370,PYL2Mv96eq1YRqGjbalY0g
47448,sha5JalreSumJorRQi8gpQ
47542,kkUFhkmSSGjdP6WEHiXE8w
47570,0VM6Q3rmTiEVCcPSl0YbDA
47626,8C7bnW6b2qZY34vxptZgHA
47655,Nu22nq_esyY96IqPK3zolQ
47680,ypsPlpdXBqDskOXBfkqWGw
47727,C5mwcCcWbcJghk2gjGyrGg
47789,D1qD4Tk3qwTdOARJlQN13g
47807,97F3fpt9Ip5aNmq8IgNH9A
47971,cScl0izXbY4lrIZDgmYCHg
47972,5VuRZ_1GYV1iUhN9Nhgisw
47978,zPKbKRkqGF0x9ajciNpiFA
48031,6xjaL-gbEK-NaiWSL6cgew
48051,sV2lav00-KbfVnrlNv0lAw
48108,IO5nivqQOtQCoriAIC69Wg
48164,-AAVKTaLUffYmHs4mlT-Dw
48398,Zi5BXBXUhnoE2PEbAqyJ4w
48403,oxeNVRg2vwd2fwnoHNsa5g
48407,B7CThnGNNIt6p8Tpd2e_Gg
48527,e8cmhQ7TwUliJV1QZOIm3A
48598,2sVneQ0SrcBzS2ry2LTK9Q
48621,JZpGJmjQWmZsMvB1b_8w-Q
48663,vySwGSJazULOvoyVk-5d1w
48756,LpMN4BaJReL78Vib4JsMig
48806,F7li-7Zj0nA0OgdrtUA6nQ
48887,slmbw39eTLLVHzDdmvb3PA
48944,Kuyk3w8lEhNbWbYTcL4Gbg
49028,4-q8GJYRV-EfjxcX49lFCg
49143,0ilotzMmv-1esnCWHosaQw
49169,ugNW9l8oXQBSfOL9lPy3cQ
49237,iX4wlYBAjLLkZtc8nftdoA
49331,ANPadR84LU5YbwF8YB9kzg
49351,EVeJrzG1y1aioYOJFEd2mg
49359,fpilmNBZ4-8ChKQfNnw99A
49415,XrdnRw9f0MSMEz_ap13xBA
49452,z7Qb_BGMZJEkJCYWqQoLgA
49506,o_s5qbgVVNcep3SQn8e_yg
49510,fXYqEDkS0YDTj-izPLf-5w
49531,1NcqvoRVA0pHvX0TntxjOw
49628,zPjtWoyHv371ecoeuHCrlg
49630,IlNxbA6NhtgL7U-X0QfG9Q
49636,_m2Tb6KXRTtlTaqhB0j2ww
49764,o2wnvA6uOyp7itQz5slVHA
49780,BaIE_wbSCTc5k5TabL3Xig
49828,iOMyjj9LbJY7lCsvmpPfXQ
49839,zwhgBXF0SuQ5d6a86VRxBQ
49901,02yrNcVncGJDLzHBx9vBMw
49903,lVA_2PHJxoYSzXbeuFO_Qw
49918,aaWny4AyQlGnMnIXhHyhpg
49995,kG34CzjLCEYdIQ5zDg52xA
50018,R36l7Fd2D5sIcu9hNqg0hg
50023,ZD01E6pHk6SFI1YW-GmAvg
50033,ImKApM8hggxyfl1tcvdfEA
50049,ARL_4jBqMDqLyM77Q0VHHQ
50051,pRoEDAv9BS8xnNcHpuZEWQ
50057,n5IUQIRKvteozyL0Gfkrfw
50068,8rw6tgPiCIVFZk_VBHeLGw
50112,qw8Y7J37Qg-5n6zOTGCFrg
50179,Ag6I2a-tdgE84kqY8V-imQ
50230,3-FomCVRkCN7Dr9LJ5niZw
50236,mS0rvotxlyqP9IVMkNW8vg
50337,51l9I3D0uSOnJxUGinDTOg
50354,b2dgXD9DUqQm4BAc08Yeog
50357,bMBoFYLo-NhUbK3ETsu3fA
50358,CWzIq_vTOvyye22BFsmoNw
50428,UhpyfDPlFsEde9LyofabuA
50466,eL5pYk2i5H1hGW9f_4NEBA
50514,9czL94S0Z0R6Ts7RyWrwRg
50544,O0eNDb3-6K9zS71Et97qzw
50585,MePIhOnWksMxtq0csxGKMQ
50634,n195VBTdZdSShLIrR4pr7w
50638,nxQrA9qBQnrj_RqGRC5yLQ
50690,HH1wEUai4fqdi8XYYUX8vA
50725,Y32jWtXsZluTx3vqcIJHgA
50742,Q4JNsnmsBH5hfuH674wTBw
50865,VHdI0UJ6NQjsdvTJMk7lKA
50891,aogMvP2jEzz3YtvkBbByIA
50944,GNf7dAYBBnGTUS1rmpvfHQ
50987,UN-NaM9xLVGmdasdIa6PcA
51046,Y949izwrHC0mU_Wcgisz9w
51091,1f7jYjT1sYAH3CD7H0qvjg
51100,3bhyANJHKcFvZn8IqFvH9w
51151,BwZ4fe2mLGoDZcef_UyNFg
51182,D0x_NeI8ZWPjbEINzicivQ
51281,FUC4jw-f1IVAQqE92A7c6Q
51318,B8PLFWM3uY_f435RnRpNvQ
51406,Mj3pUMYlr4ggEKeZEa8Nug
51415,qvvuo_q_W2GDT6x262JEkQ
51425,RZzYBFOsJpTriYQDhik_jg
51438,HHX6NbmjamxnOmFnVzDBmA
51645,qgVTuRIiJ4OdsulxZbuLMg
51652,j0IaETwEBaWWvpOjm9O83Q
51786,qKE0aeYnkX85JzO8e0aoCw
51798,bKgGLL3X7R7ag69NZon61Q
51997,f4WfCRLxoIbuS0xyMlnLHQ
52054,IJLzcD0MbaKbWbVoxmI5zw
52056,sb5OEDQtaQkM6xBF7uA7tQ
52086,8NfeLoH2EQJvVNq7K_fahQ
52143,OPABAV9epqWMPq1ujs6rKQ
52179,9CbOLouI9oeg1bRPP6Kx8Q
52188,CxVjnaELuRw5w3JFe61Zmg
52214,HjTxQtC3ILkw9cdnE8ioVw
52285,WbA3upsPeBaPrhFY_sSOTg
52321,IKvLn7TxVOXwycZwlK763A
52364,qCk6JXuww4_B48_5NXGOUA
52368,fYWN3pyzVmZaJrE-b7sUXA
52534,LJe8k1exmT-CmgbylhQdJw
52548,OZIfLbRl4Cc9ZGKu_Fk20Q
52726,eQELLt91i_ttJVBP8xCxiw
52775,j2CPI42tkzlc7Y2EL89-MQ
52787,DoYRdAOpdNUHqcdQxaSy1g
52795,_y4md2kZbuVGbczsaqw8gg
53031,y5Fq0V7A79ntXjcO4wZbSg
53040,w2mz1dDgF-VoUmd9yslxQQ
53113,162H8HFk7R-4iD7FWcE45A
53117,GhHS__ic6PTDD5OsfeDqsw
53118,0-arNkjJB4fTd9cRdP05IQ
53131,paRsM8gxyi21ZwqNcgc7Gg
53154,XKFXzsT8oqjVb7Ob-a0LNg
53172,mgflaLdx0OXQBibNuEv9KQ
53290,wV8g6aKeWMZLnSwYkopl7A
53300,YTk8Bw-rhtH2wKJNujgn9Q
53326,eEl-y95BhopTjsX0DZ27TA
53422,eXSAdvbwSPVwJ0xQyarb2w
53475,F4659ElLHr8SRlGxDkZueQ
53540,jEnSkVeicyznc1pXPMRBGA
53556,omi2NJXrsnnxsFuYIcBA0w
53572,zop5ZJ0imi6jPllTVwX6HQ
53663,LWXyanx4K5EobRi-epa-Eg
53685,OfUDLYzAw95cd16K2SExZA
53690,fWAi7KIu-Y4zJJ4QWzh01Q
53945,ZRfbd0kP23nwaugNnVYo0Q
53963,uX7Cu6LlsOTM0avb1q0v-Q
53979,KUu2Zrh2wJZ0U3zGKl86UQ
54122,RvYp0EIjibKqMf1urWWGiw
54166,mg7E-LQc__w19VYCqEW96g
54167,a1XvyJF8WtTJvs4n2WAgBw
54173,iRxxcVXs7SnxnN_0yDdR7Q
54176,znvld8zNrdGIEczM4_slvQ
54212,_fOEQW1jejO6ILl4pIM5-Q
54225,QWnP8w7q6_sdy52bbHqzLA
54261,F9O2IYTc5KfZ8DoyURHPUg
54283,UZ_xXnu-D_U2JlO_-6fk3A
54329,ytk4110KaFafPJjaXW6QIg
54357,eEwXOp7-tTvNA3ZX6MNmGA
54362,uyc1DMZTd0UDfNn_7iZHlw
54375,bE0yuYsKX0EZJF9Rq4VqUw
54430,AOa5JUOkgerSX4E38NNQ5Q
54485,FI7vGrTIWmzpFkjEO1WlVg
54504,1W5AUFoi9sJbDgnfWhZIYQ
54571,5iD_IwsAALD8xv27vzGSKw
54592,fY_KY9Ex0wk11nAiJ5PSRw
54651,9XG-LpKwVsY6f1Y1L8KVlA
54673,itxu6J6c5ICkXRyazL5iDQ
54677,QBukM0sNkA_ElmZOsOCspw
54687,4v7701qYh8E50-H3tv2_xQ
54692,OHOzMnO3DAXcXtgCAwicaw
54743,s78SBputYN3r40I29KZqlw
54761,RJG9ymgNAnaqY9c_peog6g
54778,Q3f3_N5Do-_PPJRAQdJ2WA
54796,PQgkuyJN5Uabqwovq8X2jw
54812,GnDPzJDJz0QoUnLsW3lc0g
54966,XawDLWVavpysjEz23HvMdw
55050,lK1wefnyc1KgBH0nS65Ztg
55394,RKjoHhkBwwLbFi6HdHQoSQ
55431,Xxzcs2u7PElc4mxf8Ylh9g
55475,Pu2e3fGNAWNSqRebkzxTyQ
55549,XHhWkGgis-LPr1W2gF1I0g
55719,cOBk0qhm96hMMXnLzVgtpA
55807,JD5IkZZmc6CbV6th8qiioA
55856,xOxRbmhvWXYRDExGM09mFA
55891,Dz8J3N1F1YhJl_-peWIB9g
55962,cLsL-gkAKRxbyLrDWSlH4w
55997,5Oxk2Rcdcp2tgpvuGr19vw
56000,GvXiBPcYlblDWwC5qhNSxg
56041,FR_tctDb8brx8g2u8VAW-g
56081,XDJ2UccGqA732cBvl73xQw
56208,RD8wltlSgrGh7JpTheZWBg
56219,4JgO0hMY7YGS-_FMwycSUQ
56325,UYP6nqI1ilb6DmGtmpFIoA
56359,YK52M049r-jeieEtgNvPVA
56392,WQk_pJPB_FkzrCSFNLR9aw
56415,CA7eO2Cq8wdM8uwwihoE1w
56421,Zg9gkCjc5JjcQsVEPgUfhw
56422,EkLZqm9lzO_JHcHW202MwQ
56447,Fxyc319cTym9AmCdr58PVw
56480,iuXtzq05wSUarKDXAdHZYA
56604,iakwUdZ3M_AsyaY3aqa28w
56660,7pqtNs1fsgqB_g8GZ8WhoA
56706,ezOLyr7WWLdlFlCGUbWG_w
56739,UFcq38l1IXuhebut355rYA
56768,zmkttMPh1KPYFYgSfHmbkQ
56824,EWpK7YyKMw8VfsQkbtLniQ
56930,XQpwZ8jmaveuYQ5oVHwtCA
56941,VG89vQRrBt9qZuFLoJpowg
56951,5c-GHnyzWZdfFQgiGngImg
56957,5bZPlIO_BRMyQW5F5lhjNw
56989,qDtr3Jia_ZR5eBOGYKbq5Q
57073,IfSW7ALbWz1Fh0UtFoDS7g
57144,6OEcwR8gfAQCHnl2W6V2MA
57211,x9n7z9Sz6D1jwbjfQmjq7A
57252,LLZ71BCCvrG1E4NPEGLeAg
57257,tTf53WbVW9AjAuI1ATIBsw
57263,unn_qjo5fyxKCYnl8e_hHg
57326,4NRfV7hYBjnvIKCFef2BAQ
57331,v1tO--IXU8dGuTDbjmYt8w
57418,dosWD-pZNGyF49w8WfKW1g
57544,fY1PyumyK9EPLyUKeP-JHg
57589,dojmmk6pPCz9ZlC301anuA
57725,tHsVUDyC7MR_HWi9-yo4wg
57771,bb2Mk0p9K2sEcEbW_lJwqA
57779,CJWKxeZPFGub2WrCtWi-nQ
57794,OhbxVHpIJwz7eJr9bjV2nw
57824,Pa1craa0KBVXBUtwODkxoQ
57949,1JgWolAeZyfZWqcKEs0dRA
57978,ai44VU8_6FlIPyaQIBJ6FA
58017,eHWalC4Tq_2FqOWQWytodA
58018,O_eA4-VlxStCNw3F9yWmog
58073,y0W4eKR_-1VER_ASKbu8Eg
58099,HZ0DT5ZIfTGZ9bw6y_kAFg
58108,3elY5DLUogJwR0gqpVVdcg
58165,WfLzC4o7nVNztGmWgnT4Yg
58203,2gm7MPBf72PlmNZGrixowQ
58322,xah_SwSZjBkx09yut-cbBw
58334,FBo5tSUgLzFxD32DKvPdtw
58516,t1Njob6FP1qf-rXQoCQl1Q
58556,NDCt7k3fQnZ4G6BQITH2Sg
58571,BELr6uFZZuJrw0scjvTXFQ
58635,L-Zn2YCBZTrxPx0oEe2h7g
58724,rZe1MvJk8QMSJRUqw_p58A
58728,YTF67dCkWP8-VGscKEfB-g
58765,dNCNmdO0VomcBnotQDDKMQ
58814,XbM_8e3PX89RQRI5m3Wf0g
58865,va-lsyy4s0LJMuxRjTqI5g
58870,kZn-paE5NCDPekC_wOu4NA
58885,l8Dt8G8aOQIhc5Kobps6TA
58928,1v2tgTerr9RAHJMBzgvZNw
58930,RT9Xa_Sq0iRsfc3hz2LD9g
58932,BA1XxrOyhCsQGHXLtZa3Fg
58989,9-hRDuq1N_KSRZZZRQFEuQ
58993,qI6r86JOcQIclvcfvwH4OA
58995,Ce7J679_vziua3_QeXVR-Q
59045,cjrPIUVjhmf6ix5nZeI0Lg
59099,Y0dwZAnA7gnlrf0A8O_4Sw
59141,4ulTCDAU9xyYnpnB7AMCcw
59155,4NhR2xSh7vw2iUBCLPY03g
59168,aulrIj1P3QcMco9ttnEkCw
59181,9jTkNkq2K0TC1tGKt9qh8Q
59261,q5-U-ZKPt18uqtpXurni5A
59294,tp_ujffRo1aqT-NGCckj5Q
59297,5efZ1mTiYR_pXUIHWmL5yA
59307,-4PcmLzXaD8IsfKdZQOmfg
59334,eX9J5UXl9mu3-55jOAd17w
59406,I7f2TROOwpZHrjPYCfK12g
59493,f-zRwre-ZnNkGiXpFalEKg
59498,COZoNk4n-pKk7Q3G7vBSWw
59553,Ar9ZhXxyJAJcZgzfwnkxfQ
59567,BMzoaI1o1tlrVD5u6RqUCg
59600,IyfY2tB7n5lVnxHBJ_4fsA
59612,DLKEC2hRt6Xc3yqx7nhHuA
59627,1eSsKfcJRlOIKkOUNle7LQ
59648,IFk3Axs8-XlcLSc8UExPig
59675,BEq9vSI7xjeztqLo5neP4Q
59688,YUlmPXdMAlpVhLukfSBi2Q
59734,nJtdO96Ec2v_r73KxVsOOg
59736,VTVdbFzwvhKu4v-yezrafQ
59745,qewJBjRtqD4IXZ6o6nBOhw
59759,1rpizH3iFuRq-4EFBw0Arg
59760,mtPZMgVrrdYP9api2bV1Sg
59831,J0sfVu8WPwB27XliibBHIQ
59909,t215eUy7-BqVJ5lo_h3FBw
59927,6fYaAE8F89WcvX9YzzrCKg
60070,qehKbHJaNb6XrLBFIZ5bFA
60097,vxgWXUBD2f8bZcHZ5dKNWw
60141,egtF6wjGaRvkcBmZ8GjUIw
60242,gyeExtl5-4ImpOk9o48yjw
60271,2HDB2sDVCxPSDC2bRXss7A
60326,5BvC3TXXW0cWNn0tFely-w
60504,efCJQgOkgPiRoRSFz07dFQ
60523,Eo6BtiYNT3kUlMmgAWBsmw
60610,mVEKDgVTSO0MZzenpG7Z5w
60614,NEGDvh7IeIlqYM80TFvjHw
60616,Sq7WSECFn9zlQ06CJth13g
60690,nKg3uVkM2NNbLnmKGRTHkQ
60713,oSzyK8d8Xufy2C96vaMxwQ
60837,hnaBpHLyTf7fmx93eDbGQg
60890,nk9ip1JL5zGk4TTHEADDXw
60915,xm_5WMnMdPBp2nsRPGZeVw
60985,NZ8Cg2PbWhVdlvrAmeR_8w
61138,IDqhfOsfhISTYByhcWdKEw
61144,GlTU5dsevMWC7zQGsmhBjw
61154,4NRz3m0L3LXmKthCEfS_Sw
61271,KEV-GnIA58hwqQwcKH-IaA
61278,m1cngZDRsmbCbdmQVeJ6Ew
61314,m86GIQKMu2laG9NTCe4MMg
61422,a2j7Fnz80ZLIGLBIVbzegg
61533,3pGHZuxor2mzIa997tbUCQ
61682,NdlNRPGZSX7K3vUTvrrRCQ
61865,8ZmV_kWlDmikDPIF9-w7QA
61889,WlSQjltfrGVa7ZkBsbSfEQ
61927,U3Wn8QngMMsf57dItCQKrA
61958,Efsohcqlruuvabn5TYUcLg
61992,2jjNt79fEooFXojSlRw7BA
62014,uZZv_OthqYzW8dIgHV2sCA
62080,nzu8i17MA6eGDdKjb-aTmQ
62081,xkMMpTgOVltqNRYyhLaweQ
62089,Os_esFqvb5WeFO-bfbY2PQ
62200,Hd3cYMmGFOePLU1YZ2i7vQ
62241,YRFFBRlJo7717bm6ORfqew
62263,0Tp38fFEFGzXhzS3mBLOCw
62325,Coz3lO19-NioWFJsQY60AQ
62375,Bx6AdIZT-GohboEfvXtw2g
62489,vzhmOjB428hYYIoxK1K8Pg
62515,zKC8kBTreM7q6pBOpSm-Pw
62608,QZCP_sefncJjhR6q4qHBmA
62614,Uw-r4e5rQJdiycjQRafGuQ
62639,9Ldq6sO6Z31Dt7OIOB-NFw
62696,ZflLwxB9uH11uq-f1mxzPQ
62718,t4ah2wxIHMESdbEybYpvNw
62743,SxYz0g-S0S1THsY0UCSEJg
62793,2HHLMPadvItwYRCEi-vSIQ
62814,CwGmLdhAgqP4XQzd1RAo-Q
62818,QsncFor9ocHa5Sf_5xohbw
62843,t32tpz1d00stC3o3yWfIRQ
62941,ykomqNOABeAm2pzn0FhpCA
62947,5GBtXt1cgQcHxW2kzX7JQQ
62959,7DyADqWLUp7rVMoqrw4NhQ
62961,Nm9lGHNNiQof_NNU4Z7nEQ
63159,0l17l1yuld0UNGk6pW1YDA
63164,Z89DXCRzL1LQc4lEbN_cqA
63218,tTPcMLV5lpAk8kdxbA5n5A
63272,HbPF53udgNl6bHNyF4dNOQ
63316,m2oQjXPjzWPEAsvmii-Gww
63329,5q1PZkq2Xh4VLbY7PG39zg
63444,rQj17Ajm9cyXM_9kVRYeGw
63630,Kse4FTe6olB2_EF1E-QwdA
63632,5QIs-TRv0AfalJhS_us4mQ
63784,A9PQWA8p9TgO1ol0TnE81w
63895,VgWrE2zOewYcxnPeX31gAA
63900,n9to8HgcMEoQm0sMHK8bAw
63977,cqVxYqidskzM5hl4c4qt0g
63983,2lkGAWftboBs6pdNayZmGA
64000,J5dORjOvu2E3t5YaFxUTSQ
64005,ntule8f2pPpMhYeRrCez4A
64080,ecovN4eOdk89ncwt2HwXuw
64094,xGNYPTcX9J9-pnHs069IXw
64122,JM2g9Sc5_tY-QtaLXXruhQ
64140,miPMPAF74SQafFd2H8SfRg
64162,acwnccOOz2Kka811A6YP7Q
64213,gMpUpYajThbFAV0Meodobg
64228,9RRteHZeJvpY3A66bDkiSA
64259,3w2xWpLaQyzvMunL8fnkkA
64269,hVwVO-1hmGhdkvNpZ1cGIA
64300,ny5iufvG6bV75rQl4Jr7bg
64333,a3nECXMRcqGla3-nZIXtEw
64337,XB-RZIbSV6mv8DOfKOoBOQ
64477,_A1a6xK-Gmz-YvedgxS9Dw
64559,8ozQFphWBxSeaEfd2oluzA
64561,1r--gC6qTqDI-ALsGS_kpg
64610,SYxMCvthvo3kVJKiOOt7fw
64686,GDXXFJbs8lL2C7aY85GFkQ
64742,PwCWzaSE9yLUQkGiCfLtgg
64814,iAfh8MrqY2n4qFJUMYGitw
64828,b27YpRUxzfqB9yo5rIEUwA
64890,Hr1iWFSCdOxMlXPV2IEPJg
64950,_lCzMVO--UNPD6CHOLuITw
65032,yMcR1_QNYFQbQDtEKm1rwA
65104,znNtuyKm2m7DjpJot40Mxg
65121,BLIB0ZCf_KYCrILIfCMgjw
65124,bcvA1EFas7_9bSl1HMhTqg
65164,FP3NXfvrx9_Yvlf0BrXJyw
65181,3-bT0wbicoQnifNzmBgzzg
65245,xsIOQOaja6OP_FWr_8Ko2Q
65255,Hb7yyc1Rh4qnpG_hIDMIcw
65290,9aFTL43Tmu-8TYlqooquVQ
65297,7S06lHqptZRdGykNH0QPJA
65363,rpMyFu1yhw-9fnvs1Idttw
65372,npZBoO3lqhHJxdOqyMxoGg
65537,sPJbVHDFgtIEdwLFeSC-oA
65587,IqpY36q51sJ_Q3TYgPnKpQ
65677,l_2Ks_UcVhrsScQCgyIVhQ
65707,HcyNiCk0KHlbMlL-nVfAnQ
65780,uvbFIKSDP_TY2zuveWXGhw
65792,Zgyp0uKgvCZzcaq-KFVrPg
65822,_gvHGNKldkVLmJS8YWHgYw
65853,TWGjxZTClOyzHru2UkzEYA
65938,YTb6KZdr2eEz99eA0h8QUw
65981,dpTIBG2IVvW6eNv0CAy04w
66015,TdZjr-R5AeKdu4GG4qJYUQ
66019,LLYXhNpw8XIqIlcLg49XkQ
66026,hBzE-QZU_hgKmRxy0Wjb2g
66027,dMY3iJEBE-ssvrR01Z9U0g
66113,ZtQVsYNKHiz8dJQtRAPGZA
66118,IWlNIaMRGywuRbR6qvRYRw
66156,GP3qnplwl7AQJ8qwwitG0g
66230,m6tEzIpM0b9CeK6pG3KO6A
66265,ScxQnpBi-vexIMAmGrG5CA
66293,apgE7Sll9QX4InaPteJqlw
66304,zlMOy-8ru-6VGYz2-0dIeQ
66307,OOROTm6WJl2aKgYUlRfqdg
66393,wfYTTmjKCb3KoMyIZLy3dQ
66452,xXogL1xX4eK0PXAMuxE6bA
66456,nBpA0H0jMn1f4p25DoCIsQ
66502,hJVAsr1mwarhBtO2WV0KQg
66512,3rb0hT8xD47RRmXcJFSdwg
66568,0xxB33ELWlKDxeMk64c4ng
66574,DlpgLbbNoSrroe-Oeo-1pQ
66595,L08B_6vjyXCmddxHwA0Qcw
66792,FT27aVNMcGwJ4_VAY97jpg
66886,E4HOkw_zsCaiPUctJuiQxw
66891,vE6KyftNYmb_iQRaGLtrmw
67074,m1VoK7Vu1qR-DsYwhrWPfw
67215,N_TZ1uNCMC_p_gxVvAyiwA
67477,2iOBNmVn6VQPXgcwNIPUvA
67518,vQnY_2gB-RfTFpwOe61fgA
67551,FWSxIf-be9yDJITKX7R_xQ
67583,2zpisYxLtM8JYggKs_KaMg
67671,QdAzYeA2msWL0dgJlOkafw
67858,gSIl1mXTOxqMC55XuGRjeA
67889,xU1SfQqkF43W4Krbb0gPlg
67907,LamtpVSUftTawFhZf4ZmgA
67930,XV-fWmdCNGV89ZtSPyjDSg
67940,RLmux-RIm76383n90uhtTA
67941,OSjt3KZg8BlrQtsVMjsBqw
67955,doXARRpsfWi0kGs4hsW9zQ
67979,wI5THS-JDXVQFGYBN5HdXQ
68181,5QfOnkhAD3sHmCPoVhEx7w
68216,VjA1h_XATAxNNZiwaa-gRA
68256,H_ItbKHF3I8EI_B-uOgu_Q
68278,5C8kkTbgvnBdtNfN0pt2sA
68312,-mdizwFOH4vikexsMphB1Q
68330,6O4-19NQvHjbCFEv4THisA
68334,bD-bsY-m0BSz-GRo00YPVg
68363,N4I-35nXLmyPaecKisnpkw
68419,ZbZuKm3tXkNS2ivsU9NoFQ
68546,MjHvMcdIt82QWcYOiieIFg
68649,rmJz7NqapkIkGnGDTIOwNg
68660,Xgc5OYAyLZfiUl2MgGdt3Q
68676,51peTYbm3WXn4rQB9WVXvA
68729,CJpG_B7wTexAc0iB1lZHNQ
68846,QB4jOGs-iICfpkha-MD4hw
68875,wo9x1FaN7hPG50FwVm7TrA
68916,J8hXjxOAi3PjcgpEYuaakw
68927,mwMQV03MYA2JHaSBVBmVkg
69011,9ndVyQD7M1mDbhghKgDxhA
69122,dgCUVLwe7OWSTciQAdjj3A
69139,h-bXBwmzHI1ryr8qp9DWew
69197,IDL6ePRx523SHhiFE4kgCw
69233,f95m_2ZK2Vs5FnHteQZ4cQ
69236,s4-RnTXokuK-KjDAUaQXYw
69255,8Vo2G9zU8a7DDfstHfc7CA
69290,lFFmHZao6geM_dnUQm8nZw
69301,WuBUIkm2Cw5vDpPvMdsZoQ
69334,8wCEfGEKXenCiqG7AQ-54g
69341,EKMWpMZwGXY_gP2P9RGtJg
69348,VgwQrKLlfMVBalyuhpOfIQ
69376,shrkVkzh5nbiphSCvypMQA
69490,VZUp_MNMRQ_Ev57F8ngVkQ
69503,AJJUOPnUkl0XM5xUC_atMA
69546,GOCmdmo0B7iUA-YlY1oZng
69624,3x49YoLFiTKn54c6tY8ZNw
69684,XWzg8XrTEoTLNWtCQkiFHw
69706,jlxgUdDOAllPInWCrK-NZA
69730,4pNl5Kej7LDWP57gHM6jdg
69792,-3Ge-TpzzEuGl1qTkDvwmQ
69861,1RcYqtuyzW6N6RcZLVh6tQ
70019,bjTCeZk0h41ajPB3gXg0Lg
70023,MIF5YeY_QGGuWMY4tjnPrg
70076,0xIyXIWVtOURttaOkDlDVg
70086,Ou1mZGaPBsl8qv-43mnxcg
70097,8pebNzw0Oxq1X_xeg5breg
70168,_Hliqw9p53S7vnU0ypYKHA
70204,q2v3i9g1A0skRFyvXLtG7g
70221,ZzkV9IrxwxsIiBkNhKiaSw
70238,UqoA5SIbkfGMJEICTBWgDg
70306,4_EhpFE4OuEAX0jLZ3uYtQ
70320,Th1_A47LImAE5ml-iuqIzw
70333,ZO53u66ihYPNCsaOgozwNw
70337,T6W3uRwg1knj-35Df5ENRA
70348,y6DyS1MkVy0Byo272d3eaA
70358,V5ZDKbFjHagWUd94YfOhYA
70373,c2qp4j0MdZib-LHwxKKyyQ
70439,ujztuGWa03QN4jB-uLUD2Q
70523,pCCB24Dw8Eht-9AN6aXfAw
70542,BJnGc1Sgubuv8K5PHDtJwA
70570,DA43d-ingQ1bLBOiKVxA5Q
70726,9W7-34BM0nQbuJVvfo71yw
70729,hPtVv9UnwfM8CLq_KVwR-w
70764,pS6gA0wJDapbcJCKWbzeUw
70804,IQGYK7dzRAdLT_5AW7aSRA
70993,lw_3VITqCELpZEnkL7BfXg
71045,WJMlEVy5FI9MOk_TeAUguA
71051,bYhBoU3wYPl5bXX9bWcA8w
71080,jVF3LNu8NdxGIBmET7G3Gw
71118,45JhoyDWYKeeDQK_kElTog
71325,VSjH2WfuoZGKlvOog2NjjQ
71434,kWXDseLZMYq_pgfeyLcbkQ
71490,6pcBVdCypLqkOEbrGrC2Fg
71566,bsRL3W7wuOW6bIIKv0_FFw
71624,qZPqoV2WwiaSzkYNlRkY4Q
71669,m-nNUXbjFPqDX9ta7y5Y9A
71693,7a3ceJ2-p-2-KGRYLWBZGw
71696,H7n_KILfWshinjfAlv5zlQ
71703,8PW7L-8eJ_wKWTzhx-t0MA
71713,QHWLMO2qeKGlxM-ddMRHFA
71735,C88qCaxFG2P7KfPnbYQFlQ
71769,PQHpvZiQKkwum_EDNR83PQ
71804,M1T7uRfg-TXafyEivhtRAw
71829,SH4juvDRQUKQahV-lgVULw
72024,ql3iuvmhYjiORA0ADKRUnA
72087,HVes4a4PUE2rSO9HzeFAjA
72119,jV5KkRX89uE7YtEfWz5ZJg
72145,SFljJuIsVStoHFA-MmdllQ
72157,4fcokUXkfmUZdUZh0OvNYA
72160,-glu5LiQ1ddxd6JXbY_cHg
72261,U94MYvt1NqtZpnkqPNNXvw
72350,wprHqWWDDjnG9WoHiV_8tQ
72408,D5ISVKmQ6FimlDAg_0fB_w
72443,5wxZkMDOdVUX7sYkIHTECw
72480,CvtZRbmux5vsXWo1kle7tA
72483,az9AzY-XFHhfoWnt0sJrWA
72510,eOoZYoGPJkisBlqplyHv_A
72526,9ZqoiMkrsqgWj7ia90S1Ww
72560,ouRaQbCyhf2Ft8tmNyO__Q
72652,G-daYka_GE_1yjvQkhsuZw
72683,EkHFFi5iaMUZCfz35J5qBw
72830,wTc541lEWcyiUSs4LrbuSQ
72854,hyb9ZhT5JXBEb6A7HzlDGA
72903,8taAXnCLFKXJGR3O6-NWpw
72951,JWTxo8C9nb4Yfo1LyxWbqQ
72969,9MlpUpH4XV8iiX9ELzKM7w
73018,dTnrW1MOrjZ6dbVOb0kYhA
73137,RLhts6X4_z3L37gVLc9Rag
73140,8qJwMLdFZk2wSAkTK8OUkw
73152,vj7UZDT3XArawwv053y8LQ
73256,GPs4nqFOVnb7UPf39_xusA
73278,j6zdDFBDp_Jl-Msh67suNQ
73313,xIvVZmZzWXJonds2sSLC8A
73328,kHx_PCBW3a16Ls9YRKb8zw
73337,waSRlQSG21pm41c2yTAEVQ
73357,wxllpZVh8EoCs061w88x-A
73373,InmilRs0gZH6yUF9YHWB7Q
73399,0FgiaymEudl31sfYdVbZRQ
73431,7NSZfWPienTkL7qrPMAOeg
73448,hDjeHPLXuhj1LeJXgqxamw
73491,TCWTDzllDqNVl2heHKyCLw
73546,7vklfYTOKiPVmpD2iR4AKQ
73568,WlMB8RvEad2SUUCzzWsf3A
73584,mI3-lVSqiU37E1n-XmRM9A
73602,ssrkwYEvNzKerm6CkQmhJg
73632,cfaUnbGZ53lLVIyy6OmN9Q
73779,TJtJZz-eEdzWdmcV3e-lPw
73837,qM73mOQ3U-QZNskfU4F1Fw
73889,faXeB36tcInX6iuY2B8Q2Q
73972,1l7V42yVJHOqa5WzEyEpww
73980,gOUsXjSOurS_W4CbFMDb5w
74107,fImfU6z_y_V0G7cYWsc1WQ
74178,k1UchjZ3AA3_tJDJ8P-k2g
74344,VW4Zl24MSEImPczPTP7mlA
74388,8ZZxXMJcYhFzmN56GxNQyA
74430,we7bvyMr_J-rYEVaLQLdog
74495,-yfkzAHBDTSTKxslVXVspg
74622,i42cRmqErLsex6o6zASf2w
74643,ndb4Q2kBfCPhpMGKTs5iQw
74663,TTj6cyIDtNoCEq74XTfZhw
74668,b-E3oU2_qIFR3NGU_9S2AQ
74744,dyBbI0Qr5y0H69dpwNM4gQ
74754,Y0jUVl4kwcBUS8Cl9VTeQg
74765,j2M0zm8lc274qsCax4rORA
74769,SlbDPJ_wV0O7jIV__2p2KA
74928,_9733QSarTa4ZZI5YpjqaQ
74971,3ye7Fa5qQZLL0K9dV-nWzQ
75129,bIxX8kNrqxev8vCG3Yjc-g
75130,8buauX4gck_g3LUHE3tvdA
75187,TiLrX2tiKS_TQyzXJXK1Eg
75275,svh6SgZ7_pKd50sQCb5_zA
75322,hOWSGBou4yuexinO4eGiDQ
75395,z_UVmPu2zwmn-chY4SBjFw
75445,v55X3S9MVapwj0NpHUPHLA
75468,TCCtdX652hHWLKsdSpOd_g
75554,VX63-Omz2jMGcexVsI9tbw
75560,zfFaQSLw3c8HzgX-cgf16A
75585,2W0BRBJCf93i-yT0uEXL8g
75631,zoeDR8dBMXz_-hbuH87KPg
75713,1nDGZwgncX0rnXNIUx97Xw
75748,YN2ysQE1Oc1hzf_7LqFbDQ
75755,xVIgZSJiY7W88jJv8mz4NA
75788,Zk6ZmbH8e6fvQcllLaXGVA
75822,12g4Ns_qVTG0ll2Mv3EFww
75934,uH3M78tVCRvJJwm_6-m7Dg
75964,XaKQxbSVDub3YN0B7IiFDA
75984,fYCfLsKmpWLyrTO0PF7IMA
75990,pYanJvym2jP4m2ttVudNYQ
75994,mUuphjD4SjwRoaQU8ud9Tw
76036,GgKM6By1__0bJTAJR13USw
76041,n7WT-gBwce3UGPd6UB7C0g
76106,DCO_DStCv2zkTwwcxsmpQQ
76167,VCAQw408MAsEZiGfSqaNvQ
76171,0e66N7IV7eDf57Q81O6Bkw
76215,n7Q-XzSekA1E3ymyPpAd5w
76226,HOBPW5iuAKkDz1c22GpnjQ
76251,ExwT8mE00_sHqBbkwpImOA
76339,x3v6G3TNy915w3awJo_XBA
76342,PkHW2tbBhR7OL_T9gHmsFA
76375,xMNwPRVxQq8kAZsXNIGm9g
76415,4kXs8H8Wzrun8RxXMSczYA
76460,BiCLO5dTZSRagzPBARuBoQ
76467,qR2HAEMznqw8n2h26t0CBA
76479,jhqDG4fDhsN_YErWzcY-vg
76485,36f4lLS2v8A5jEur0-eUGw
76582,K8fFugdDDnDibqqIAaBaxQ
76656,xDrb7GTpAhpz3A_tF-XVsw
76754,Qm7gyYwKatKDRHJlwR_ZQw
76773,VeOBHpJkTRzXGGfnNqyfPQ
76812,2BtFaf5UKxYNYamK4EizYQ
76816,RqgKa0EPtjh-42iZ3SXj-A
76909,aGYB_a_QVmYrCBkoLTMLQA
76922,lhWklPwznG4ezylBhQ1dSQ
76926,jTxanMRYz7U2p3a1hkxSzQ
76945,na5li-NxyHF0HxOGSoOwWQ
77024,j_6rKn_3KB-TCR8NAEAJ_w
77092,TNk94Nl96oOgU5IHeexiJQ
77223,tUDCK372bIRn4uNqcDqdxg
77235,PUlR3DU1E29EgP6-bj7zww
77267,I8nG7FwSkGscJKJ5DR03Bw
77320,e4HC84X0YGHz16TvpuxymA
77422,GDjq96MU6yLxSAlgr1p0BA
77533,VgSX5wBSEb3_nkoD9sWutQ
77596,WS1vxrWBBhJsBtQUZrIAuA
77629,mPyXzWRZzQAnBqnpMB2peA
77679,mUODRqNwuMLe6ZWWQ0EqcA
77749,jz5H7qG_JaqBCxwz30mPtQ
77790,tUZ8EspPLTRz3b23tPPffg
77791,9CxAd-9Cvjngrd8jLf1RoQ
77803,Onh2y-mLGVk3RSL3NMwD4A
77847,a6CVax2oGluer77elmchYg
77886,0LhfAGjc1VRtQZpfn6ntmQ
77909,_Y6vYjNuLPlRo-eHS-LScw
77985,PW3fHU8e95EzeKeVWO29rQ
78190,4_SNQL6x6iGtsCcYzdbKYg
78215,aWItxYsq4q6KwfG5t_Fm_g
78224,M-8pDkX9dl7X_ISZFH5E5A
78315,yNk73zJ51rrkL6YivXnqqQ
78429,fnYW6xU_IfT7MAueMjZiDg
78433,wSYtn1kHvoIc1mzWwh0j2A
78486,dv3ck28UoX-U_YdMijrHVQ
78497,1tIs5I2oW8k9e89JvAoYFw
78518,2Z1U49KwDgWJr3zwbmVcLg
78523,o58coF_A0KtPL3_yRyAVBA
78535,YxW6VuH5F_liknKUUM3ZdA
78540,wJ-tf9BYmRDhanVmU_PIkg
78583,1rcEHp4D2kvOXiWK048meg
78617,yJ60TXjeWXj07rUMn4Ki8w
78710,IegqH-Mb5QhBEsMVXNGcpw
78737,fPcR2YWRALXmaYz8TEDfmw
78792,qSbYNauupOuPWNwC4q377w
78802,hiSAlnVBxVQUUtnrYOYKSw
78821,-xGnw3y9-oHQR1jdaa6F4A
78921,yLJ1Pd_Lp9l-S_L1bY9WRg
78956,QmTsF_JXwH9cPi6uPrLtLA
78970,hXPkJqAVCoMqYzd7dSfFDA
78981,r48qVHMJYYUFLlrHuj5I0g
78984,6qA2mO8G5vL6gHy4rkr-Dw
78992,VLIwoUBAJuCkv2RHF6W5eA
79099,Rj56jNmP2U4hupurWWs9hw
79185,fDfI5OWV0VHZeN_4doOhOQ
79246,lVRkkfTZCvnDb-g9PgHsMg
79296,1grgT1Ubs2ISqT1CT1cxFw
79352,NozxuXFYI4h8y70JPGlY3A
79362,rHhmc5rR2SdVzlfT5nl6tQ
79375,EglICnYTXVXP42Q2Aj20_A
79386,V3stdV555ra2NNiBWeHcLA
79521,nBvxLkNeiz9sHK-HY0eJkQ
79601,0IcIHAJD7CaQPOJsoxOJCw
79602,S_7PurQE10xeOBx1MFYQqw
79632,AqJJLm0D7otetl8Vwtnezw
79803,SLv_yxPBVERDw3Yy18bOIA
79807,elzQ9Ff7mL6dTwwo4Y7Jqw
79874,M2jNNQ_A6ARVynGsejzO_Q
80028,fE8F1JvE5hRNdMSmzpF4Vg
80072,0hk23HvGbLNDCWhr_Qltqw
80081,x8ThOsvstH64Qz8w5-jRKw
80153,DtjVPNz7pW7Z1Ig70-ob5g
80201,nWA2xjCPnh59pPDSU4rLsw
80341,z-tkDDWmCTZTWKIB2rcvMA
80347,FAgk5QWfkkSssN5QE2jy2w
80438,91rtUSgtTeFe0o3KH91L4Q
80504,tiEEfirfglMGI4HYrzPcCA
80567,2i3KBoVoogWJ_KzcNEQ7EA
80579,DKnDFdJTz22-qu1Fjdop_Q
80601,iG9nZpKVnwd26mp-Dyov4A
80634,gmp9jGsSqyyr4b78MBCTZw
80690,apz8eb6hbmzXCz88rPRf1Q
80740,xbHaq5j0vO_nuXtl1-CLXA
80788,AiXf9L28zo3WCy8bxPOMXA
80836,ZZdiggEYnr0QniRnIpZCPA
80848,MaVU-IZ7ZcPV56fIvcLp2w
80853,yuD4NG4zJl0tVxVOPGaP8g
80867,BHaEgJj7N5XVu9HGWRn_jQ
80956,xNveNbxc_4oJs3atRPa0_w
80974,QISdClI1jSA9fmOsDkJPbg
80976,d2jnZDVQaIjXc0G9lxLavA
80991,ORsKs-4X4V8bI7W5I9aMMg
81087,X_djiZFc_RIYLPQwCnPxwg
81124,89EyWWLVEjcP2p4J3FTdeg
81261,scvxd6rSYrWGOp6trhne-w
81275,11Uo9othkIwzExg1P-RPCw
81347,KOOJAQ4iXuDkh4CiE-h8Hw
81360,DWqQO2IwNrLDvhdhH7MkJg
81371,bCpeEfGpcOvfEAsBNTog5g
81397,QCtkYZJffQZeY4xVKXErhg
81422,IjRjfuaxI_KsMMTJjuVtqQ
81428,eadlULBmNQicQW1xIHr_Gg
81441,nnqE-efVPy6kcrln8z6vHg
81503,0pOiLc-3cASfG_qWu2uQNQ
81647,fojlfMM3n0TKv-YY38JOnQ
81678,LQDYSUqYaApUfo5zSlTSUQ
81881,YUwGD-1fKwIHiYB2BBO0oA
82022,OEDn3C9Jwumbn3cqDrGQsw
82028,w8fe9WxKX3IyQRmMkOgVVg
82050,GnTuZHGvb4_fS3t0NxHMMw
82105,rhGtNgNzlu1orvNn1FSyRA
82189,9NvGr6SaDaI4eky3MkTLiQ
82396,E9HIXT8GphcN5v4UeUymMg
82402,nR9wPWlzfbQdAEi3FS-lbQ
82469,Al1Tvb5Lm1EQr97PRCU0Yg
82548,I3Hn85r2maXVOWQeb0Cm2g
82576,aD6drxgmCcW_HQMoW1vZqA
82671,VP6LJv-rF8nR8lTNifOAtA
82675,AmHi_5LhceiP9Gi0OYzxLg
82727,aXeQrxfStSVdEeMDbtU6cA
82760,N51EydhX8xLvfKIAxDOY3w
82975,NmmuX16aRDKroYHd9U4UTg
83007,T6mA5mttPCa8btL7AgSqrA
83014,hR5Egmv9ej3NmPBqDeL5dw
83020,6T73lLAV20CFCFvIq_QySg
83046,KGcfuhRkVtcnUSwJituFzg
83067,1pXMBkX0IPvAh8CZCmcqYA
83102,zi48fnbcDaA179D0bt-TIg
83191,NXfu9FDwCRgwkADN_Cqc1Q
83231,BicStw6nFJMZuy7r_NpEqQ
83268,JdlaiblfvsxekQxREU06Mg
83298,MS0QbKVVPq7IPbBXUumpZw
83342,iCk8PZOf0lbDea9XDW211w
83350,4zZIik33rFIRU6EolBn3PQ
83375,0E_t5dkCzFw8_8LDF6VF7A
83533,buzxw3lEgBzSLpV2q0_Kiw
83557,1RGDRSY8VI6Iy3CAbqK8dA
83571,_OSj1n8V7LM1uWA_QY_3Dg
83573,obji1WExHsls_6rRvqVRow
83607,mw7VzB6YhVLWg7C1hhYGAw
83657,qK0LAASmRDcWUO_UcIqa9g
83684,ra_Rd2Y4PzKRaf54iG4LpQ
83724,yk592CKHZLo0rnm2Y5h8fw
83732,Nkl3CutOWer49SkaGH4RZQ
83834,7LWIThvU0UmB-UpLMuEuDw
83842,RmIPD-FxXxMNti2MOZVHmw
83850,Q7HJdoHDT5GlyrsZEJZAOA
84052,P0Dzs_96C4gaEHmlNsyMtQ
84094,Xom2AkA2_jEvxap1RpWgBQ
84103,Xj5uS177z2tisg7qESgUEg
84126,v9PX_DkcegaEJ1wadpXbFg
84138,tWjXTmIbvwJcYB3G2siurA
84263,DBc2hHsEbN08I2m1XCmpFQ
84417,1cOjiIUkprNAM_99a_rdzA
84452,jG6AiMDbmM8pqBNsm0Xj_w
84484,HE-Hq_9mvpx_VZ55umGTKg
84500,S7ONqxyWJiI2kcAJih0gFA
84542,dKe2QkIqbkBWKU1d-1muLg
84643,ZJCLv8_A1VoT1XU1YUdoRg
84655,BdqEna4SGsnj9-1dEoLQRw
84663,PgbduSaU8Py36Hq1U-xOnQ
84697,qPXZATPG21OJfF4IPaf6vg
84738,00LC_kHKu74xDybveOI8_Q
84790,OPiRaOiCgfNmJPnSTgSEDg
84877,Mc9QQ-qun8sPxSXNpj4LMA
84910,T33Es9MULqJw0g1Ub5aqkg
84970,2XBmRFwKPdhal-7hoMVRPQ
85014,_uykuJdYrWpztV00_I91Zw
85030,1Gft4JG0xgobePxZg6pTxg
85031,NfdK3p9PGgjqOZ15XKlGZw
85054,Keh_f1As185uRzO1zBST2Q
85083,87hnF901UMsfEbFMhm9Olg
85084,a_uXWi35D4jAPkHBYK_tiQ
85199,vnguKvJMcww6gE9hjj6N7w
85264,SUz5s6YhQJnwbtNK6IZjVw
85273,V8LRMc9kt-tUHWMzvAEmEA
85318,bmeddmGvbSGCkWl5aF3Lpw
85436,HN6PMF_mH8Px5biMbD5sQw
85587,SsM_gSDlBARL6PGMDSbixg
85665,J35Xy_o9pYk5bjrq0PtV2w
85671,O1GXmLUK0bcJ1JOHEBTd0g
85694,HxGgDxNHuKnyv9PtIMqPig
85794,CIjFnj2X2pFzm3kYP11GVg
85935,qI4ox_0pxxwV5Yc29gtPjQ
86116,TKPDrIl32gF0vaqaSU8SLw
86256,-ZIy82rim4hhazdBQdGz_g
86258,6LlWc6pXWw6TQzUMId_0Ag
86305,5j8NQYviLm_OrxrLEsOfTQ
86312,QRJKsJNCEwKFecnapdFLcw
86337,qR7XkjBYZzwafG_9VnvP4Q
86397,47imJVMQJ2AoNSFT23WhHg
86408,liGuLdYBDLu4rYKbyF9viA
86415,wkA7gUALpqOP-muIO0JlJQ
86431,T13YLcNj9DUTbBV5lSg3zQ
86531,tCObL854cwpVZjb4zTQeLg
86538,OBPHu7ZYRA-JP24Czb1CFQ
86693,2FfF8OApsqQBcD-pb-k4Lw
86720,XyVyaci91sVDKQ32AiwfyQ
86756,dzRhVesYC0UfLrFB2k3m9Q
86762,UMS3Y_gLhc9Ae2Z_H1WKHw
86935,ZKWKj6UjT3GCRMLVnWBSpQ
86937,VglFFrSPkgxnFgS_Nl5yAg
87067,jRT4qmgOt_oPDb1jvseTAw
87185,aQPvE7RsBhKjaZCaOjvxfA
87191,7e7xwvDv7OtTLTq5dYOPjQ
87197,9oQ0GMBrf5u6TvtKh3uCoQ
87222,wOSWmSYSmdTNleRFEmmFcA
87251,dfQ5dE9KyzCtxiaXWdJnTA
87269,wA_P72ruH83cVNMmrhhTqw
87275,rJk2VY_vrSd-ed1XCqo2uQ
87323,95Z_ez5ZllXFmoty6-OcCQ
87383,3_6Jl-nHr4EhwMqqHiwf2Q
87409,slaDwwpHp5Yngtmpeil4qQ
87410,xjGNZOQM62hMDLW3me7OhA
87500,Sran-vNRB-94FErKSqensg
87528,g2ss7x_Jf65FcJZ7SbIH4Q
87551,Fim_TbPmzPgZV9rDpFYWfA
87554,AtrAFp0m9h2Dn3ui8TwNPA
87571,pIIX2Wys8vAtkjUhvkK-eA
87634,0l0vU1BQiWIPpgHV_LqTTg
87663,GN6OaksepRSo-xEcDUGVbQ
87713,F3NhxGEKtGNU81DBL1PWUg
87728,BhiExLA6hQPYGppL9th0Sg
87764,stkXcKBRcFHCxnlApQmAKQ
87772,VjSPtFt7gANwMRZrS0BjQw
87792,MVEH4U3zJe0lFWoqanrGag
87793,w0C_6TMBwB98DY2DO5eNgw
87842,yafQ4Fj8xFDzUzlMzDcWMQ
87858,BOKGR94eJE_HXtOGsyoJWA
87893,ktjtr-UrTKtxhQmkEBitjQ
87980,ZdiNeIyZmMWi6MaT_yxN_A
87990,HeLRPaV-N0gmVbWAlagcmw
88005,EkovU5f4WRvuVOUmYXacpg
88026,GyoJp_PbLm3zjM2F6s7vFQ
88138,H81HsQQt5Wsg3PcY2GUaiw
88144,pU6UiPdiFIQikJNr85S4qA
88360,6W3vqWtggrndYidzB0uvhg
88371,R_V0z2zOs24_9g4kacWYcA
88403,TbhyWom7DufTw5EAFnhJsw
88459,RlqFXmOhqUpuCHJZ2pt8jQ
88496,e-jnG9GF1uzGbwoODPef5Q
88599,sI-koLjMyPw1txWEQyspKQ
88668,fkZNviIyZHCMTTODdB0LYA
88715,6omTEqHZY7k0pc-EK12pgw
88763,3DshpZfFErza9wXSmMathg
88805,nyJSv94qadgJDGLDwOMonQ
88960,PZDAhzcuGVA0StCVB4qZRQ
88965,AoLcHjmfB9UGWzl85VyA_A
89099,Hue-5Gx2SEaQ2_5rY9Ch2g
89178,qKTtyMVJhzbkIvXTFyN7mQ
89197,IwAtk0BYmJWaB_ilV6zcRA
89240,sVfEXnELjbDlvjWR486RRA
89249,CEvo1bexOTKY6IMYHPoCmQ
89272,_Q-0RzrI7DLSNDAuq6e52w
89353,k_owyjSxoh-lJdJgq7tw5g
89373,Xzmk4fJikNjH3FQfm5wN1w
89431,5gEpoGAcIAzzaRS-MSkYqg
89492,9JcGhw_ke-ko6W5RYm2PMA
89513,a2C9CFi69n5_C8nOKyVHlQ
89611,rbM9p-8-5cPI15YLaUEDbQ
89631,sUaxWQQQAcfpgcMB20Bc4g
89716,I8Qx2rdHO5lci4ycDIed-g
89778,ZhsPbPbYNfW-Qn3aWsI5Dg
89793,bd9JwwojFIKmB5Y7cl0XNg
89824,JdAt4Fp8wS1NIZ0mInUckA
89848,eUlQKvhX3LddOsYLjcKoJw
89893,f1O_tYsAG-eDI9Bk3izTmA
89927,HdRnLw824wyP0s-BFO8pEA
89950,74UQAXSz3tT5xz8_etaUSg
90027,4Bn3QzE2a6HhB9yf12eZjg
90075,cpNUJ6V2PXIMr0Cou_gmSw
90192,fA_qFfXE10zfV3-1gSqVBg
90223,dlj4CFIhaIyY7xFGwW7i9A
90268,hYozwnqO-ZR3EO0JHiZPPQ
90288,KrdsFmm2Fzb4I4dD0sOQvA
90327,t8iOYrKEASuhkzxKROV2dA
90339,EiKlNbWareJxnJq3_4aOTg
90361,hlZfk96g1o1KKDdDnF7EXA
90373,IHGVqUOIxgRRzuoT8rwepQ
90459,-XWKTEdOgZZKyWZE327lcg
90508,l3sigqDCHxaujqIsCBOgNA
90520,KfyaVUy8UGqqaYDrCMCLdQ
90572,IRgSwpOj3_EKsEnNL890Wg
90687,THUbm15lGS942ViGzP_i-g
90703,H0yflxvy6kldleqqBmzNJQ
90708,lwlohMKM4F74frpHKFnbbQ
90726,MeTVTZSEhpTANZyDk8eiSQ
90755,Z0j14qTi8vIAezvtcHCrGw
90813,fqH4jKp-kWQkDOu9qoaM8Q
90818,UQI9hDvazaZtN-_koZqgAg
90939,fyPOy7-IrXbzloT3bOTpOw
90952,OwU5meOeI8MNC3fPMCz_uw
90972,u5uNZFs01vKnprmcAJ9LxA
91037,gkKs79YXoc4G1Fx9qV1LYw
91039,jT8ChV0cI99lRkeVoTAY0Q
91053,M3mh2FdSEmQasozj55uvyQ
91060,ACzYutjB7K9wpYlqClTHQQ
91083,_nCSZ5Vn9ol5nMtcOpZ4Gw
91090,wNp5QPmXXXC59aHIwqtVig
91100,Zx1Gu6w_YGatG0xIxHAQhw
91158,lzYE5D97jXEGFtU_lE6bVQ
91163,ASdeTKyHDexy29PcBSmtYw
91189,6TBc4GrBmpH0wgfCIj-_6g
91222,I-SmpuuqkRhflpbMCQ2apw
91268,07EyDHlqypr0xpEkAQKRaQ
91384,hwnuBiKYMOdvcOT51ICOJg
91477,DEHG4oNSimkJPHJAwuAK9w
91500,x87uo719AD5_QKnsOXUvbw
91574,zF49_Oo0g9LPpCnDZlStuA
91594,ZORWiPLxxarfnOrbJV0GNw
91597,m_GErtkZYpDpPAPZOpm33A
91795,HkiuGIWrvZHF5YO-JynO_w
91803,EAh0xC0VMzYdlnYVIWa72A
91898,zj_0QO3SRQazQWu_p6Eg4w
91930,9D5MpT-ljHJR6q_fB9LqFg
91979,b6pBSWpVyegHpZr2dKS4RQ
92007,T7JD9SyfIYHouT1evPCkBg
92107,WiVL_fkzyZAaEK8laz7CpQ
92192,rKF1sFQ5K7PSr6Lv9pp5vg
92201,WuQutoVnUtbs4s66e1EQ5g
92295,FRlCPV7eu_GC9cjMl1wpdg
92402,RfihjOx3zqy__zzMKeELhQ
92405,xMblMVDY6a7sk-Okrnt3cg
92409,zutMCCeNXNfPujfGbiIJaQ
92422,32G0AIcX4V8ngNKD8SfPaA
92507,80SSn-7NeFLRa3NFaqnZIg
92526,3kddzfPwvWIg603EB_cngQ
92570,DGSRo2OoxXwki5E5l8I6-A
92658,HWu_dXoe-qVEKm3bkGmFxw
92713,1W3M5T6-B6NsANN4SrZwOw
92770,XyVz_CpyXs8LTjOA2PyYIg
92778,KN3MUaO4MbTHfRw8ILvg2Q
92823,1Eom0DWdRkhtFt7ljuoIsw
92842,P11Z6ECdKvuzVPsdmFZCtQ
92896,MIqT34KdIktzy5STUcQtEA
92897,Yp8ebo7g3OMAeLom0CU1Rw
92950,WPIx2Fjwks4sZJqc2MEE-Q
92962,TAruxpjTBMyU4lSWrc2Xgw
92996,nbrgUpbmTuHM952_FiQ-VQ
93040,AhP52ieOtTNJU0AONnNcKg
93094,jqKcGkg0Ug12ImNb0SmrYA
93099,oie3j4HfMx7GtEgqK4xyoA
93157,foP4iaSQmK-1UX1pJ9_Gsg
93219,z67ibEhwK3hlD53nqZNLEg
93292,ApVmbXLTBtwDliQ4hNCEWg
93301,4SaQXG7pY3lIzEjBLOBgjg
93331,OgmjacGLoxj4db_c00mCJw
93440,P8kP-q6z_wZQjX5_aDl4SA
93540,2gPond2kWzRcr565jgK2QA
93660,qyjKwwmxo03-ptqXTQfn9A
93802,_SXzLk8s1pe8IB67nTnJKw
93895,7uT_-UBRM5spEW4XGxiAww
93953,2O4YGFalbqUmzSTk2SwAiQ
93973,3CpzFUhgWuJ9b9lY-KT00g
93974,Ll772EFP_5Us3o41ORVFMg
94053,1QuZCur96evHddwZYcZ3lQ
94079,JeDtLlib15M1cmhNjOQX2Q
94112,EaPfWQQon1KXABwxJchJWA
94162,diEPje_bqnlKY1iBY8BWzw
94373,mMr_kBG7ZY11LSP4Zvmf6w
94447,rgO5Vjbjpk2r4zxE1vFEIw
94502,8buUhY9rX4ZTlbGFGibciA
94571,FoPA8XqB8xq5jyh8ShvNkw
94587,s-MqeT9opMGAiJeN68M36A
94596,DGVHnSNu35Yckhm-8NfNBg
94646,cFn6HAEkijCtjk1eAMwRsw
94724,Q8b393c0TZkx9lJoVQl7Qg
94755,PfDAB0v6P7FS-B3luenCHg
94786,cFzfXitekKBIFDRGWy3nFw
94815,_ivmZAWNEmElSveeee4YDw
94832,4D21G_rsRPg0cOYvXnSTLA
94856,LEa_k1EVPVuakt2mN19CEQ
94888,2fPoZCVJwXhyp6ofCEHs5w
94958,kqxrJsDQx7vgD2gHarfHWg
95015,CoKKDtHmZMxEaEjDGr0PSQ
95039,riK4V3B820LP0HTBzegM5g
95040,UvcY6taO-PhZ0HNug_U96g
95103,fNf_rWJEAvQRwkhoYWo_UA
95112,FXkebnUCUVyhdk3lsWmMNQ
95170,Bd2TmK6uCh5wAxK3cdzOGg
95194,suLrKLRR_rWmpWocXFR-zA
95242,6TejduXYZ4elTQ9f0Rhasg
95324,IZeUd-mDwRPSAHxoRJbawA
95365,xfFJdpTf7WfOqLuywOlCfA
95412,3gNk8A0Qlq84bxtD-Qefqg
95428,LV-YljF7dJorvt7pVF1wNw
95504,L5n1syYD8cLEO7ligTF_qw
95510,RAk2bMqnepMQf20PlCm7xg
95524,qWnBOK2QsuDdjckNwb5RdA
95565,9vmClskWWgkBba3FR2ht5Q
95616,gv7p3y8c-K5_pf4vZHGHiA
95658,waZLoTL-6yJtLwG95wj5OA
95677,PidWQ0kce4yPzCBUL_3XUQ
95793,3g0RYToE2GyC6E_-OfZnDg
95795,nR34G8zcL54GWFCKoYCH1A
95814,ONPBTdb42Y2sCsKdJ2Lmyg
95867,INhbLoHZNe89k9hH8HM9Og
95946,UROyABlSPCHEY4pQCGb31w
95949,NJcFdXlu0w3kDr3au3-gNw
96051,YemRvHlWopCqXwDSJYmJag
96072,NzjN7rbdgr8Vbz4kp6oakg
96098,8httI7dR8Vu9iuMLIGOorQ
96119,5ZEcejxp1UiaA-TT_rQQKw
96146,0kvtJTSEQDRSC75lBYT8oQ
96150,07TjyIdyzBlGGtpVHhsEFQ
96192,AayMgf1A-FRXLGJ-0mxH7g
96251,XZJPQRg4wnOO28qdBLRa9g
96400,AWsjpNFNkIGD1oWHX5hSzQ
96434,lqNyCV-uDRwKk34Bznee2Q
96464,K8ioMn4aHipDflSLPjNhow
96471,3_kDfr2mJTOAA1HkxAReDQ
96488,KIHM2X-0fkCJ3Y_RPtpxSA
96507,i0AegUPBKv0DZp7PdYA41Q
96548,o4xessIKPzYIvWWEIeJrxg
96587,mkqB-dCKz70sSFgqgOdp0Q
96590,MvoVCins5qP_FUCd35bqZg
96603,HF6rUSQ2dk2Ba4BXvy-Fkg
96688,PIuRkK_GLxMq4w5ogSgDIw
96739,medmXta0vIGWyj9msM4bvg
96792,NMAsIvCwRY7btACWq9Dckw
96800,COMfFIMHaV8TGLUYPCNTzA
96827,XLnnyNUYx-SxyxgmG-sm2Q
96853,_0g9olwo70QeutGPoUjw6Q
96948,u8mf59hLGrD2vTgSJeg0BQ
96964,leCS6j31qmzWwbF4HsNjfQ
96992,6uqbgX0Xkuev7eC32nzPuw
97008,bppOpiYGSuv4-CK2YMlnow
97026,p5dqqvZHjjYylfjl9hRmfw
97034,nDPXv7PZj3a7bQwrKWCBQQ
97074,3qTrKM5ZNem3XiEon8iTbQ
97079,Z0DmSqLKH9CeQBxApX8U8Q
97089,Ytd1oc3JkF8pwTVpyAGvMA
97326,1jcZGQEKSBuTyo_2m3UF2Q
97336,JAgsMfukB5LDlt4Tqkbevg
97353,R2z-Y80bIJ1yQpK4dGISqg
97354,JFrPQo01ZMrhTYUUb0plhg
97451,2_hF5A-7t655CexYagL_Rw
97468,y-MFx9fmZA1Mt7H0aN4D8w
97511,txNUp3MLFFkoJKLJeIrIZQ
97561,1gqbN8iJK13Q4_6wdsr6lQ
97591,s3RyvIbhUNJZyee4Yn6gxg
97601,RnnF8WS4hJ7MekJMi5EBkA
97604,kPPw4V61LyJMCd0qA-sWmA
97616,GFgjE8uf4CLlfi303z8zNQ
97655,JYiKeQVjCPY0rKZu72npSA
97736,OVcjMYfmmlBugeg0S3u3xw
97768,sW89uyO0uTHOasaV2rpboA
97770,Uk3BMuW5GgDIMuqWeXfZ3Q
97862,QQvpG65HgeLDg8uGyJdTZw
97968,iAW1j_3osXiRgXz4xyRJNA
98058,gtgRMEGwoQuyoqjhBhmVXQ
98123,nH-wYZvfqQRHNEBtx-80wg
98131,wHcmfvWgHj-1-a-LgT3sWw
98141,iXSe_u4poBsz98EC36jYbg
98154,y1fGnqTKYvj9yFP7uZR_bg
98241,zJ4icpVFjugdhxTA_d9Zpg
98303,pGFuRxVcZIGKNBDj0i90Fg
98325,WXmfspS5k_KKYz9444fUeg
98336,V_rXvkBkJC1jAPWTt9WD2Q
98342,rAg03uWAJI0GvxroroHv8Q
98344,fFgRl3kcoe-pSlNEhvIU1Q
98429,0oymG36ncu4VdnVVKupK3Q
98445,RDyI705wRHf5oibdGGHuCg
98577,rw50Zg-myYBhbKwx9zDQhw
98637,X7lShVSo4Zi_A_k8QgAdGw
98640,Sq7LEoLyvySZ71MeA8wW4Q
98644,6nsAauDlA8GUjAwL-ArQrw
98659,X36stTKkVEohXvps7bPuZA
98693,u-JTAKQUWeCmg_dIhOVlPA
98707,qPj94yiXlY4mhRo49ion_g
98714,pFXjYLcVa6yKS2D8J_akMA
98720,zbJEJ54buSkltG344mYMmg
98730,tpQWgtMN-t7FCaWLov4Q6g
98792,gNOC3CmX20JJhjYF4fapHQ
98839,vXU1Y2nI9_R3WlKwy_MLJg
98855,-Mi1tJNzFshF2gu4lj-PBA
98873,BQbLHSdyJp3rwXPvdXnBqA
99121,IuyjukfXcF4veGnCUwWz5Q
99165,2Pda-igG-Bl26icqrKCsDQ
99197,NLnYcPu2QzCIdIawnd6HSQ
99228,3J3ff6ZSE3yc6aNV3cYU8Q
99294,Na7cw1e-wka3pdOOO-264A
99305,XTvTNYJ1lpIgq1AR1xvLsw
99317,LN5cKEy5oN-cVmdCKTWv5w
99340,TQHr4S6FHp3hCU9258-jpw
99398,9fdVjX4grvYmDSCLHSBeiA
99463,ltuaS_knpr0Rmp_bgVgjgA
99497,CqzABAbkQios1bNL2TLRjw
99583,9EzqT2g7kwPJ5odmK6tH9g
99590,3gU5-Y6jYfQHeGuLoeZkHA
99712,DYOLgm-eMdhWwt2CDhX9Ww
99718,1wdc0QbOh-Y3GCkHlOlZog
99741,g9dm8mm_LlqDSsKQHoBuwQ
99798,17L_fv-3Evq3KzEpOEFP6g
100002,SbrEBJFhqG3-vdeJnWfGlw
100015,IW_uTpGQuvvBhQ3EGogNdQ
100083,LdhJJx2uE6C769xDsoprpA
100228,UScMtLnWhfPkBjEPab6e0w
100246,Nmm8w8N2GDoIvEEOYrx-iw
100327,rAUJVhGL_Hg34YyL2d4q_g
100392,Tg3IrlhOZG8RuUzT6mAG2w
100420,WnaHbsINQzdzeT__kw9unQ
100449,gJPAaIub4faV7wqiGf_9mg
100468,CyWZ883DQsJCi3N7It8AhQ
100492,dlfYzfyeETqyhsg8i4zumA
100499,lU6PPetXCFx7o_TxjlnKcQ
100503,XkKDdyArp64Lj1rXkyvXZg
100574,5N2XOxL7PliHRyShgvivsA
100710,UBChc8UohwoOj26BTOVG8g
100716,5VtNDgQNaGPFFBPZCfy-tw
100851,w8zhh9eV2_daLOfzKXyTAQ
100868,LMZYxuIVhVSHn44IJ4d28g
100901,CGvKmRENomuIG1yXhyBtXA
100906,Dhi2KfZFpPeOV_fCOXHxGw
100996,ocjhvJHbDsCX_Vjqe1wXqw
101023,IlrgUH3pxpZgPSjdqJTi6A
101103,iPAtbOBhf1u5LGMOatzqTQ
101194,15nuSExobtVrHqnetpsEfQ
101220,nAbZLRKhUAVAOhmv9X0XBA
101261,BZf-ILMalrv7DqDoMrOwLg
101291,ejX_H5EKnC4A6iDwc9mcdQ
101294,LpDSqFjZSfeCiuXkvPN5gQ
101358,Glr2PubnL-laO4VqVGuIMw
101365,wmwf08Zob03t4jZhQgsl0Q
101389,HXx6mRGWku8mB1DrdBEJjQ
101427,DamgYXUSc51w6JDulGcVAw
101516,_XEjbH_PUplpNKOtJFeF2w
101652,GI6Lf3tvAZk5H1LjR9-JAw
101729,QrtyR7MWsncUD5uv5EqdZQ
101788,LiiahJoLj-wrShKZksmC7A
101833,G-2PTrLNeSJGn19uq4x-Og
101848,of0NdY3CxLef5q4PulLqyA
101874,1mcyP5U4sO6EaNthXNu4tA
101925,eeXSwIVloUqHUe8emoMmeA
101931,7qJiH7dodvNS0m_VYW4hJQ
102012,FSR2gQ6gg_DXlEJAntnz-w
102117,aYy2FimZMab5fvY5Z3q-hA
102123,ee0s_tVE0iiUWDxFAUJOjA
102173,qmLwOLl0wCgxh65_mCa1Bw
102346,deg2zWQYUYEKFkoZWCAYXA
102367,eQ9EdeaKk-OZYdWKAkwC3g
102368,V_Fb3HqiQrqHsEi8TcU1dA
102376,M1LG4Lf0lvLoauVKu5KQOw
102394,OPJRN7r4HQay9nt69MbsLw
102402,9R8Ul59QehvKcZh2rVoitg
102437,QW4jWhUAmR6AR0f6C0Ipgg
102467,CB1C-p3tU7-khS1DAncnAw
102483,_JH_2ypJjDh47BwMroF1ng
102512,V8X2th6y-vXWLH44A_q6pg
102527,-QeyLhfyqHU4fzbQTQCLQw
102553,vYKDtwA0QEWRLZpUMMNDwQ
102561,RgsgiW-GRulNTI2ArJcvig
102592,Zq8_hSPnZZBE5XLrzN5sqQ
102609,8JBf0pskFPqyhLAc-B_RaQ
102653,MvSvzqwe_r2-I6y1pXhMsQ
102730,j7beYAk_gRH0jMyg3yqTGA
102751,_FT-6bERBfYhsRvQLspX0A
102778,wVN6crHJeAiyh3rHRpIs-Q
102817,gTvVFZ3vsS1UJ_WQHggf2Q
102830,1ZILKgapQA1dBK0EQgknJA
102834,XTF8IqzIfx9iwG_zSXbjVQ
102850,XAfkiUqlafanHOkPlLjkvw
102893,cPQnaGSnjKw5rMm1flwq6g
102905,6CTERg2DUTEQhNoV4nGxFA
102934,0Lc65lSXIwL3a7PeL22btQ
102966,FMrkVEOgEB8OnRcP2JZHWg
103058,Sn_ZV-tAfS0_3v3Jap5MyQ
103081,6kOkeJfv5_oyepQWXViSpw
103180,y1v3aZPKLj2etj5-DzuhWA
103197,4radHhYvcnZKmIjyaY49yA
103224,Q5oCH5DN1JNXawSjkPczuw
103258,fNUkG-Ft1HnyaT5tNkd5zA
103289,gSbIRXGxbzy5VSwDNVvnXw
103295,_i-3xf3cmwjms2vLilnKlQ
103338,ts7lWcFX7lXxFGCZKhAO-w
103346,Hm8PkDckFRjDIYKzNFgPcQ
103420,sqQTYy7tLC4GNc8GGYwemQ
103430,rRftfZMw8iu0Pnsyn-h3ww
103473,QsThmvHpezogF3rfkadKFw
103480,pp3cuIJWqWJZXmRhy9Ebww
103562,7FAj0eISiQBabxkIL-x80A
103601,Cao6bY4hAp8JcuPvHEEBkg
103614,BZhvec5MZyJxKDaEBrCtVQ
103642,bZGVdzXBe5QRhdxpBlw6KQ
103680,78vGaRvbWj9p4rCndda-BA
103710,rsSNpvG9bWk1LkgJYY2F4Q
103774,XilMI2TmNXUt1SFJAKdMRw
103852,uB4l3rmsIxOEUBTMD0-lIQ
103985,pzEYzl_-9v7oUJ1POl-oOw
103992,poyryT3wKWj_dKicxXWJ9w
104015,y2fY_ivmgpWj7nicIYX_4w
104085,J5PIpNdWJSugm_LhZ8hDug
104117,3mX7w-UF-OqbiHIio0Kv3w
104151,5Z9jCNtWql3xRUtGwYj6dQ
104199,EgJJYoTl7xZ07QWi2sTYMQ
104230,T_EI6wAO36gtI1A9C7vpQA
104299,LraC9mONMhbPa0ADFSaMrQ
104347,8Obhu5PcIL9PuEtpT9BlsA
104482,QHm4HYnCiGisrIcg1zesRg
104527,znLwna-Q0hwkSl5JlTr73g
104567,x9gWYAPwW8clqyQSA_BJVA
104646,QjRRs59dBXN-EqFbqwIYJw
104752,JESpgpCMMMzHK6xoBLp9kQ
104755,mtft_Q0xqnypZFUpwFMOBA
104825,g04BJz3XiArfpii2YHYElw
104886,2U_XbWGQt8FRVXHXgT8KCQ
104932,a77ciGhp_2i9SNG6cxI_vA
105001,w7yyzdDgPoQGmqDUOOANHg
105004,BjPod9LS6fGJUpnPSj2RVA
105214,EIrlxdgS8Mt_SC2_At3lGA
105325,lDZ61VIQ5lZL0JOMmdMubA
105333,6GD1wpXFUI_L1H82yKO7WQ
105351,ArECXNh-gZA9upYwUHcXiw
105352,ytkKETczspoFriLudEPiDg
105451,BrU-KZFz_Dn_pFHPJjHlZQ
105455,O9tc9_-acofkRSw481RULQ
105488,JEWSy0fxxEL8jky3Yw-niQ
105503,80VTTCwi7LWNGCPSga6fyQ
105558,F6AnH3Sw2Zm9YBLJptDfgg
105667,u5sQm1gZtyt8F5s0PgWmOw
105708,J2FN8yFHWQ8Vh_ozz7X0ZA
105798,VcBWlzAtmEuKHOgmCutIZg
105800,iBCNn1kfrNqAgEroKRJKTw
105809,ZkOnpmeHiAIPTQ7keUbIkA
105868,d8VhVEa0XD67yyUtI9c99A
105874,z68pfDQLCCQzIE5GiUfCAw
105917,bMfD5I4-ZJrn-5Lu1NCl5w
105935,gqlzxspq2weakQSk21oMXw
105965,UbZRrR7TdW2S3wsglsnbHA
105989,R9BAs4jY6uUAhSWmGLBRGg
106038,slsJ3gsMoY9GzIjyYrvUfQ
106041,i4m-2jWLMJlp5-B1RFizkQ
106145,IPYUPv55tdwn9ILkKDyaTg
106193,338Un465ygVwvD-U0lLnyw
106234,AKoQb_AxpA60EWS273B_3Q
106287,Q0V5yTXBQw34udrmppk15A
106318,smEQ2ZOKysqyLX6Funi3jA
106365,Y7ghdHkjwR4yWqBx_YuEzQ
106366,CNCpxwq_c96mcRV_Rcu7Tg
106433,NkX8STRbE1LSHlF51q1Dyg
106483,zWjOI6RM7l7Oc6DI5PUjrQ
106522,u0bmZmVSKJHbIhSZSXDQug
106529,DNav2REYMrEjT1rPeXDObg
106545,rVLXwzZqgz5yfvH8dfpsew
106708,qeNxcqhexWFoABryqBddmg
106783,F3khLdSA06ZxAvVaO9Hugg
106795,8T_jCJ9JA5f90bvf5dj6Ww
106977,mRkBQfKldPKNCxcDT4aziw
107038,ekLQLgg6HaKxRfraI45rQg
107065,8TNhLYpcWhGh1ywExDyxGQ
107320,3lIsg_wqOsL4c7oadsFT-A
107397,6CUjoHyteXLrqMd0wcrV2g
107435,RSuRuiqL4MX_kOLmj07WOw
107436,3TngRgjeFFj1jFBWxxUt1Q
107439,suxdn6BN8dMb8ZLXiPjiqg
107444,KmE5OOylh8A21CviDTp-sA
107531,wtCE65bxGMi4b4JTluTOog
107587,Zyq4InCFdQGRYTtd9eT9mw
107588,S_FD1qxADehV5-7l0TlLrg
107599,yTNJreO45fBTNtIDsCApWQ
107666,l2hyadNBiGLE8lzFeRXSNQ
107775,j0h5ybmqhcn9gYD_-Cgzqw
107859,eAQEItSRTY-x9UQrMrkEDQ
107979,L6csVKdFrWSYfbhxcYn_JA
108007,ivU-VtOA3_GT_bzX0gMJoQ
108024,YMBveWX19pe1tvInmGksSA
108034,U7DdUrjTrfFgYsq6Nj_9qA
108078,u3kJRNam2cSlJdvse2G2hQ
108312,tyUx8R5Lj5z3SxQyfWQCgQ
108321,2uMKtdYl06yCO7PSZGbOSg
108486,4dN626V-0avgqsJRuXnTCg
108601,j5YaA-zQhGk5UjIuCJydcQ
108653,IngdAjG-OUOMFqNM54AS6A
108706,TvxUe9tpYdIU897V2eVs3Q
108750,5WCnG0hZVAjy-kKHmHM9rw
108776,Me8RP821uG0d4pMwY4UU7w
108826,uOITOU7NwS2A6_sH2XFNXg
108880,OjbtlGoTKinWxJfap8zBXQ
108881,XB0b-AfqkMqHNBmrAzkPuA
108906,qLNx2na9goMEsGzXFUXImA
108986,LPf9Mr8nBk6wU64CmDYWjA
109010,UwsVVtGh4ooJ-DcZIJMtpw
109087,0fh4XKuVDSFasXiYHL3yzw
109104,V8OABBJngrUYWVoo0zoHfw
109179,6qi-ZsdFat4pc6mFPXNU4Q
109327,hOJCkNoK5jylvAYo9YiMOg
109349,TPI2cp9XSMiEDUcR7mNmew
109398,K83X3nUhaUPyVfRhEMqdhg
109474,GivbBYWunNAY9vBcxqkbEA
109475,IvlXlOaDA9-BO5K5K0o1HA
109551,Qk1NPe4wd7M6ifTBRCgTAw
109555,fWJzWgTlTjktWKd9v5t-UA
109638,LkxnKHm3_lxTVhBlkOLvbg
109640,NI9hgbmdEiHGEr9acZuTiw
109720,DWpgOhBE_--dWY7Ot3gQlQ
109897,38_Udb1JgBrpX1GXJTT0lA
109945,q73Cnuv6DosqXdeTKB-90w
110027,yHq0ICbYQTy8Fp2H2WwZAw
110047,_W2zsamqJcIZKDYw0ylFXA
110064,gxJVGt44IULgMFizAWnUVg
110075,t5V2OZziQdHGAmF-n5T3MA
110164,X9eUo8O0KeG_dCgDAV-kwA
110307,v-hd2aztSl_ezI3OCmXS6w
110377,dS7ILwPfTTzA4OYyHPe0sg
110420,KQDNrd3qs5JliMbE97OW7A
110426,4-FrObxtxkWHXlcghSN4Xg
110432,C6XpNgAPiBcwXHIfZq8Dkg
110547,3eKijsz8HASHmPY9MyWZ4A
110598,ne8icj5rA2tmYJ6m5QZtlg
110653,IQgpMyG_YzxzB6276Ee9QQ
110655,aaWfgF1PxQXxTn2eF5eq3A
110671,JTxs_Mlehk55CtKIXb7w8w
110879,cHFcX8sWPDFjkv8znJN1Hw
110895,GSlmOdGYLkmce-D5PJGURg
110992,xi9vRH86tvgsK7xVchY6iA
111033,5TFM146X56BQ6LGWcS6rbw
111146,bC-hnNlvUht2Ft_durBguA
111154,W358cvzMF49jxSYgvAmUQw
111157,tMlnkNmTbm3DpmB5B2vvYQ
111184,SpxflTdw_CM_IB4LM4bx2A
111292,QTirShtZaiGZQ9aMCtjukg
111312,z_RgWlzKcw0_lOpEnBI4XQ
111325,R2FqiCy58OjM0DfqqUTUjw
111338,Ug3llhUEbuVQZ4bC7bW3_g
111358,u_9PCHdiTIOKD4CHf6yZsA
111383,9VGKekEpSXpv0VwLmiHpLA
111409,_OmgD5xBMaM-vUIvTKjDtg
111477,7TQaoclNN5dvxInYDF9c9Q
111518,_9aFuabhlBE5vytXrPHWFw
111545,tY9RGBB9Odb9A1IxLA0tOA
111598,L2GkzjV7eud6749uOFTgJw
111635,wgJp_FYJZrk9Sl8EATnL7Q
111669,Fb5xbSV3zb4yRN7G6NI3eg
111702,0myjBhOHlW_dn13NHPdMSg
111717,SwHJZ5RVnlDeO1yMHmmDPw
111896,IsWDIdoIZoFu49RC-tCxsg
111962,faCQbDt_JUKyu39BN7nNcw
111963,B399HuZRPsYuY9fSMkxi7w
111989,DqSbG67QQT1VFAvaJZMRKg
112035,QyqeqmUjNeExIZLf4Vj3iQ
112153,sImToFGzD4ftOYRj-hjyaQ
112159,nXwDm4sgItDCsPXNRQx_AA
112183,S7Dj9xd_0_UwdRjtR4LaDg
112314,kTXljSP8sZG6nVYILEI8zQ
112338,uKyON2qhvr15SlKw_MhJkg
112346,YqIpk1oCujc21KCITolCjA
112349,0JKDoq5TlPRr0QDUnSb17Q
112429,OcZKE-4o1tMd9wDSA6zwfA
112546,E1-UCCooWKyZpjd6xCnrbw
112563,EHYHD9HFCFwCRF4q9CF4jA
112575,qf2u8lwJonaF0NsQ2KXojg
112590,OX7HSxb6PtgOSjCqqomvJQ
112591,1SeVIFoIKmW7V1s4tJdwuQ
112616,Ik20m8Eg6oG2ME-PHU9aHA
112635,3pDVfsV41FQpxjRF7I3Lxw
112664,apy6piLB1J1RfxwSVL73og
112723,lYQHJmp4jea3EHjbwbeZig
112734,MkTuItC_3QSl6a3aEornlw
112741,lbFk1tB4yxYc5K80Ls9CiA
112758,lFkhvMgcWJWUll8AOYZZ-g
112816,M8F2FUAQYktaefy4BsDFKA
112953,yu0etPpx392z2C14bGusaw
112960,qr_kUq2WdxL8LO-62_cdrg
112975,ZzpPh-gqhMkPIOdueJlZKA
112976,ai07KrEqDqGVpFDMIBYkvw
112999,DNWwigIzmj-f52Y7XgqkYA
113092,Vwu3QWSfGhk-jtlZfVdHMQ
113099,Ecg_zgJipULWdgXRmWPqVg
113160,p0DutDTI2yuPSIMA6bWu9Q
113170,qKmRLqzdc-_sGfkB7e_-kg
113199,-RZal5rA9_DkKL16Fg8SbQ
113326,15_Sk7D6LC9RBXepqWMOIQ
113336,Tgaw3QSMImjW5sK07hOSHw
113347,OkeFK2l_56SnMKDwDjFwAQ
113386,wjUFnsdmCOrRO4pKlZqvZw
113452,aVllSVxB4Nq-CRhTIuxwfg
113547,IhsUynF8zl6tiTzN_eseFQ
113587,4OOx-Nv_CKTZopJZvFOL0Q
113633,koXxWsWdMuDh9n4mGRJKxQ
113653,q80vu8frrJJq5dmsRm3L1A
113676,rqmJjnUfO2kXrvHwjEok7g
113724,Gkw2L05L8JXyKNZKilPA1Q
113727,sqSQb7QcWU41VZDNvfC2ng
113883,Eb5MfJywf-dTjVizPjOnOQ
113903,_XHTFMgJjrg1l1Aszlz8Eg
113919,QGpGFXVhS2qZT6z-bzqTCQ
113978,RLOa6ObqrSIY_R9OajGMKw
113997,Uk06ddvHV2KTm_Z6dfo1Pg
114005,vdu6SCLfkjyTJmgBBVQunw
114083,iILIJExHhq4Hs7j0S4pdug
114120,VnYao_Uc6PQNydCE0ywfiw
114128,1KSGbcT6duehpJ6SzngGWQ
114306,ZTkmKcnqdCuJaZ9I3Ft56Q
114309,aIoDJOmhVTACg4XhxiR9aQ
114327,emur1sOl6vRgYRgyw2npAw
114347,U-w1vcYSq5wF0ZZwaQPS4w
114363,KZYz56gxZkyRn5E3B0sQRA
114514,kSUbsr9kO0-MdadaHRvi8g
114520,xcREsTThr9fSETLOWSmGnA
114537,w0tI11Tl4rx6NPNOJtICFg
114572,tPGZIAWrZ3mEtw67mlbh0g
114597,gbOQ5Edb5p2zOh1RhXJ4Uw
114599,ntcmuCoc-XAfQ9p-1aJ0fg
114655,dXwxofL2s7UccbO9-_luYw
114661,L-J6elJPWB2TEaGSbtpC1Q
114681,2mLm94iijojYLZH5portbQ
114760,FR8mwhuB6xcCxi5s1hxhDw
114775,QfxUei1eCXk4XPL_zytTgw
114820,vf1L7SH0-VRm6mStiu6wHw
114839,rNKijeVcT_HYiB6ioVSrzQ
114866,ELZk9ri_1SGoc4iJScqqhg
114875,G2MH2fB3ZmbLBVPHouwoKw
114884,cYy0nti_KYMvAVY9GTsGqQ
114944,6uPiAY0G-CRp3fTYWr9xRg
114948,h574ZENamXm2bbJ019VvAw
114992,qBUERDmy3gZyoajyQQXNtg
115030,b2YkPevVpC_mKslbojTgjA
115033,ZJYuAgfeJVG3kef7AqC-fQ
115063,4e5GS93dYZJ0J2JyUD3Nog
115151,RlT8x5lbtL7N7adzk7171Q
115155,lNmxYQu0KgEPquW1YqLmaA
115219,v0HBNi6tUHHUh_3QswW6TQ
115248,2l8kL0XKWP9LnKK3xVxQfQ
115289,_FeXAbDWheyOfC9bymB-dA
115335,_OPTwXKW4d5HBuUgcsMktQ
115340,qv_4v0rSZgxz9KM3O-PAfw
115346,kImxOJoJoBKQt-Y1zpE6AA
115425,fDa6tCUiGeZrk7wg_Lxy6w
115445,0Thc7lG1yuF4AVza1M5UJQ
115457,4aTdMR9Pj1t_gMNDMDCKZA
115472,3Kh5GJD4V6ijhejtUu-lIQ
115498,F9mWeKgNUKCF5KGKFpGaGA
115500,HBya7OGtb3FZ3gdNyjzRRw
115501,Gfx0zHjRkeT3zt_r8FLTnA
115566,XE9RIiOzTYKEDKcx7LcYKg
115579,_OpFg58e-RO7w2AqdaIQIw
115587,11gwRpXQEuWs3TkLnzyiMA
115640,n0PG3LKH9GenVE05rHFdIg
115727,XQkpg8xLVpLIpcVGmpKhAg
115747,zcyDQFpiO16injSFwlbNag
115759,7rp96yGppn3nRr7gs6sC1A
115858,5PnL70o603t88VcsKvrgCw
115935,WwnlPU8AbDuePszvBdZ-7A
115969,Dw8XyxGDNFAZp5IHarpXVg
116018,P5GRFw2Wf40i757Osm0wYA
116034,u98I2DkXWtEFcXheL_hZNA
116047,O9dFnHJ_a7jnYDypjPnoGQ
116053,-QICgg2ztFfM2XHm2ouhsg
116202,Mk1k4LqFWq8-H1qYH0uYnQ
116273,zKt48QufmqlehRx8fWCNRA
116284,aDaxDqRbch57nNEUKNTccQ
116329,XYsNg7kPlfdGV11a13Bnuw
116370,H391s16tLovJ_nlAp2sRww
116411,9PT4SXpWsxo5LOsrDQXjHQ
116435,ir_IR5O5EuZYaiEWC5W_Gw
116454,D2kdp2_MB-P2Fyv1rPrPLg
116458,vSaXVyWMLhN4OZZiu_SdEA
116623,rhFcimmyeZYqpVuO_ZthvA
116630,sebqzNM_8f3M5to7yH2iKw
116631,DeAoV2lfBjXwljygWzt-cQ
116637,y-mTN-J5V3GLnmb48axasQ
116684,17iMFc87bYbL5I8AiIZ3DQ
116688,xmWZmtMLn9zhIdMgJWM1UA
116690,Dh5xY8FXl1Fnq68zO9M66Q
116707,YFSEbGTNY5HmPrOhYjToGQ
116710,GXKIBNdmoejJEoVw6J1alw
116736,jhT07EK2Hnbsuru0ng6OeQ
116754,U-4FFvH6wdBKsnPkXL01Yg
116758,L_XY0fTQ6qTEq_mIpHH5Uw
116759,lJiIRqQVQWcpaJ7cWRGj-Q
116768,br9euaf1Uh_TjMC-LfTJvQ
116855,xnl3eTyGeW6t2PvoS9U3bQ
116919,U7T18AzirsEBgjZJPI9wBg
116947,MM8YNexMsE7MT_wiYWFCIQ
116963,Munm6GYzbEN5NsHD-PKXzw
116975,r0kLMpoCrPyN8dq2ijyPrA
116982,IraFGKbAA_XA5yFbx6-n9w
116984,6UNt0N9HuE5u0aCqx4PLow
117051,zCnBTvocReF1knfS92iJpA
117151,3m_R3WxYLmj1eNE7vec9Ew
117182,QuVHbZC-eSn0HK3tsmHchA
117230,h-1zG4HBWq3SKwdTXYgxHQ
117311,SPHBH0tEPapBATeeDeU5gg
117375,APwEVkOEYlmO0aEgsC1QTw
117420,jh3sz_8xGPB_3cDRnXbj-Q
117433,lEDH4qqKe7CxhBweIjcQQQ
117455,rtm7bGIM4RBv3w2EALJV3g
117534,2bBSuBpVWxJ3gk44HF8hEA
117544,TbGP9NT6vc3QHOz-BgUxqA
117546,4gzExb81sgQ5StVAr5DjfA
117661,gP7QCqbCKSAldHjUua379A
117676,1dzNJn5xcSnRQgIOsJjcSQ
117793,JIhWNlGaO94fJFltp0iBGg
117833,fhvdP5Glwe2IBTqZhLDr4A
117857,hjVJaZKSZW-nwBX36TnOgw
117908,b3iihfmYTyOzSPrFCeuz_A
117920,98ERVokfru4KYuVXCTZCJQ
117942,v10LAGHdQZbGThbbeSNPTg
118011,QhyWoXE-L6GMKevGuvvPsw
118075,4lkhCj_yFuwXVeWdmsfbMw
118081,SqUp7j9DVYZ1oycQ3J3O4A
118120,l9tUNtiWWrwas_PUWcK7uA
118243,Wb8YjIwxg_VYmZpdRfAgQw
118303,KiUXpIGtdAXWg-uWblyvnQ
118341,hyAJ6dclOCT_YC3m-L9o2Q
118392,YCg-WJESt2y5o0vF12KKTA
118496,dbPU7PDGmGc6eSDVCM6qPw
118565,zj-mdw1fenj1wyy6QS0TnA
118574,ty-zhXtx5JjasDAiwvuw8Q
118594,bQeqdNufMbWSCFDwEiKNxw
118604,4D4Aj7x1ALy_jGlIcEng-A
118636,42i7VpjANdJA16W_B3OlFA
118644,xllqB5RE_ZkNGAN4jq0FMg
118683,yZe61jvzWjnBgZrolcFbWA
118695,QO87sE_Y0mEqw63g42GCDg
118700,RglluZqmEISQevVVU9BIBQ
118767,fEgvGV3sugBgf3va7MylTw
118777,MEcffWQjQqwYGY1e6KhkKg
118788,fL3MhhS293d2qW8xzjAojg
118800,2dkU4myZ3Gavlzvr3K0xhg
118940,nlOrleR9SJVFw1-RsZx8zg
119023,-fLYZdn83qW8Qp8FNFSk6g
119062,UGxv5Lax_ui7xBO13b59XA
119069,6WdsxIS-FPaRpA0xMUq9ew
119072,SCpspxJTIKIGBSOXoN5oPA
119079,j7lTjD4vaEHOzut7zIcjCA
119115,IHgHzwSDIYSnPU6Pkl-TLg
119117,Qm7A6qc9Wk7cR2bxXKeNqw
119410,unabqSqrRtt7emUPDYUoXg
119440,qyFoQ-hWB5m4GcWyqCULgQ
119479,vYygZV5s0GPnpWBYl5SWJg
119514,47KmdBTiFKT4O9Xc4hjjHw
119531,zKLwhUOWPr4flHArPwBD9Q
119538,LeLoSGgZPsA46op4-EBS3Q
119552,SbVcSxSfXhzhiHa2A_8PXw
119562,FCmfKpeBVF-agxMfvupV9w
119624,_XSW6kkqnejfaOFXFVVlcA
119657,TLdw-MdoFKhoLOLRVb6UIA
119669,HiFnlZgtEE-bjux-3qokog
119694,9qGSgr5RVtlMko1fUK6Mrw
119695,HGMLPFEtAVq_P_iVpiEbUA
119706,RYXO4UnIMX0bJ7Ybu7nEKw
119731,oiBSPR_tUYDrzBfz5IA1sw
119870,ga1RVLDBPMGtwtldkMtemA
120022,IrAtfCZb1Bu1Ha2QEVx2NA
120062,4rSy5v13krKrOsI6zcMoXQ
120090,Znz6dkcLonnlgiE-AZTQOA
120115,1KTf_Es1sg2UurKg6-Y7fA
120159,FYCNynsPJ6WcIJSR85drpw
120190,oJ_s2xJD05k4cwKQRh67IQ
120316,3peGvnls1SD3ZX6b3YMKwA
120326,3NAAi8w8gd3nXceZVix3ow
120368,u8rSfbOuI2QHdVd624O24A
120409,E8kQMKCoKuNCdHcn-w9g-w
120451,5APAYq5r-68gY6nk6NGzGg
120493,FoL1OI826wqWrMrqC1rZmA
120494,9gzkTR1xD2-IAo-KAHpiqw
120520,xzy4FeKW9h3qXZbS3p6xMg
120579,4QowmipoPhQmIN_E2ZYVOg
120586,WDenUNo5XJ2RmRhIVwbS0g
120592,zCR6HRdtzgwny8EwEWwTOQ
120595,3vUBXsXOpBwpGxVpnxxiFQ
120637,bHAq-MxWcDcVyqPI7kxK3g
120687,AoJiHH3a7-VyWa2UNzbt2w
120740,3YJAWnXfFFArAPwdMHMs1w
120770,BBKQSZyUsXHHFIcfEzjKIQ
120772,24ijYWoraRYdUCAlDkHuvg
120810,4j1ELvtFbKLbMrk9Ka7Bfg
120915,hCIVGnckrBqlaBGJnukP3Q
120955,nfN-3kC9FMRTgyk-JWGdFw
121013,iHUg0Cmd_cMy-yEMtvapww
121016,p9_VqigUJ-IIGeE2Zc5SIg
121018,lr_y2YyM66elitSz7jR2EA
121104,q7eQjgXxV4LaeWmd-1VtlA
121142,lQSzEKLpHLkXclYfVdntsw
121164,Ax3LuAiasXjU1sMKIhNMow
121177,eZvEKiL5x0yGeGb_oIA8Dw
121269,JNs8t7mH8gdN-iIkBDmhaQ
121296,dTvYL1qb9hiyty-7niiQvA
121307,_a84v8KSFe3v3oXMSmpDZA
121446,RiTh3aMfIFXr_kXEyU72eA
121456,gE4U4XBmcOJ7-Aqvs41RjQ
121584,4XeN9FtnT2t89qMcIH9iqw
121607,j9lzNg-hbrBW1RGnCYxQQA
121620,DznNuDPBsRcdhbv6CR77sg
121622,e93prIU8X8nrhK2okx1iLg
121704,ABYl3uQatPmDaO3M79tRRA
121716,qJtdLICWBZiG8Qs4-w2N0g
121737,aqtfpJpLmt8nuPfS8QruYQ
121766,G1fN76lxKZXi7CNgTVP3ZQ
121833,kHdUMkByEPPedr_FnBwOKA
121872,bskn_Ugsw2H7n9R6PSNjxg
121953,Jwgz0X2gbllVw1EPDD9SBw
122122,y6DjY6BV1hfTwZPDDNkToA
122159,OZNOr6KvRufo35VWNh_OIg
122168,8rphzAM9J9uQ78q1s1N4Ew
122195,-5ZLAIGNGuAKi--v3D14vg
122294,hcB0s6zoMITUw9rSNJSZOA
122351,UHy0srMcld1B87m3rY3vdA
122380,DNWnXEUq_mRbFsb4PjwBFQ
122397,-69d6syl0IFLZQm4d0VFcQ
122522,E9NCr8WE8QqUSgth_sI9nw
122696,1aUIl6Uh7fyQWHcC1PTGqw
122818,8QCr7dYjXL-tLcrxBoNFag
122855,-m5ITjlaMsAD3lxVA0IU9A
122964,QSc4NjOUBmnE36XJ_OhUgg
123000,YivCNP3eeqf1kZicih6k6A
123018,PFr0L0RF-nva43FIQQiqsQ
123024,haBJNcuOm9aQi2hbeamL7A
123094,eVRTx3_-v4aqr8bBNBZbZQ
123182,IE0Bq7Ysfzz-tW27zYa0ig
123222,oLyfkszW3s85BQwFh4uenQ
123466,BrKx7bDa5N2YK2bO84yjLQ
123516,g1CqIVta5EN-HpU4bjezBA
123547,g7FkjIUaOseOOQzcqHNlSw
123551,Bbzi2MunByDKrcDK52lZdg
123554,ofVXhehQMrR0iAMwSnq8NQ
123598,usMOsQqPzbZhJC82_Jq3ew
123613,cCAZ9OXpPa1A4m8QxPLm0g
123614,mTVnffI0EUT60yUwagFQQA
123624,jeWSzBU5RxX7s6_F8a4vKg
123687,KcSOFw-qgqGzFOQ0NP90og
123791,roqTxa1bn_8uLA0HCVDYOg
123833,MNSqRxWV8q_bS18U9Q5DWg
123841,20Tz7YPSHD7fs4gxwuRHsQ
123885,6rIKA-Nvaj9jMMwfyJM_ZQ
123906,ChGHcDu4evPWzzwL_pHaoA
123916,sF7XLDI7hH5vUciUAz76dQ
124072,jn_1p9fA4TDZRyK6izSsuA
124118,4J7NTuU03H5ltIBwOjpyag
124134,GkmpOZipdBvWvSeaLEQbuQ
124235,384-hS8n1_lhVLrTTEgkeQ
124273,38f4xbs1moQFuOquOzBsWg
124278,YPRMecRgoTzdrEqjt5JoYA
124404,Rr8UkqyffPabR0o6jXy9DA
124421,IocEY35083Ryll1OrvlBZA
124532,_AgZHDEGAEyvZF6NzaoHSQ
124659,j4oY2-z_Nqia5qWMlGJKVg
124661,Gyo39EA-nZIM08-CLuzVuQ
124766,6tt5vZalBvmxw3YLZHmRUw
124835,QHtSDM92vgZZHgGQIU0bpg
124846,WUBRHyJNPwIIrigTH9Tdbw
124848,c1hztQl89zvEAr7EiA9Dgw
124878,EV3MWUKPHBTtv_Ey23jbcA
124893,0ES8YEv9ojIuW2q2y2WR1g
124910,_RyT-YUZXhsuu5RbUefazQ
124959,C5V6JMKJlxj9Snb6aLe8ew
124968,dGIXD43Ttv1rypTE7Cr4Dw
124982,lSrOq5pbHRNciw10U_sl0w
125065,U9gadR9xRcB5wA46HEqlgg
125181,T-S3c555ufh_bT7ZCKBBqw
125209,K0YZr5G_7kHedVLOo7C8Qw
125284,5vnMHWRUWFOh2g82A_Sqwg
125313,g3Rt9gW6dq6KI0TlFqj4bQ
125325,ll_d6Y8IYNola0Lil_cX5A
125352,TJXyuHiM5dFGr6hFrOhySA
125402,u6JThrffWZCxNfhEBAgW8A
125441,JB-0dW_GVSqex7rxFu7FMw
125443,6dtJjyr7y-2YSYY1OJy7hg
125581,S1v-BFE4QaA_ZZQsVCPMEA
125705,OrNNoZnF8ev65hkJUFSE8w
125793,jKod7pPV_2asUsJwyylCiw
125799,ZUtx3YOA4vaauvDZ7EVsMQ
125923,xSDDkoxlMm8t370HPuILqg
125973,hvGXRXzOi9_PxZ9A_8kToA
126002,13dX4e_dhP_6lnXZPjWaHA
126089,b63-AyTU7WyR1vmxM8CJZA
126182,9o3vNZiNZL_hBZ7EbYMugg
126230,jQppGzLJS87gq-0rp1YUsA
126234,H9fM7O2gp8kjTPx8M-gIDg
126277,c9ne8BpPZxnj1FXMjqRZaA
126282,D3MOGEfAzJZNJbtWoznq1g
126376,jZfojXE4BZY1ZKSLyhOzpg
126390,QQgkMi6dDHsweQF_vgGQWw
126422,xplA_iRC7JdOkUAg7M_UGw
126432,bO8AI-kdwXlwW8w3rGjv3A
126437,TFF_lXu-6KsTCfhTaGVQ2A
126450,xWZrBdH4yERn4dp3VIGxow
126514,zNOqFy0Ui6HdF9YxJy5dwg
126791,ef6gCBEHXDdo-cuWzGW9Jg
126848,ooqU7NFGsVK_9GLg8i8iCg
127000,cYWPq7t7V2RWFWEr-ApAUQ
127045,PG6Morp3evmqZ9hiPGAVQg
127050,0WHWGWPYP3x88M_qWTQYLw
127138,C9kLYQzwQuJuGFE7Xp7vYg
127205,-QppunT6sdmQ3qKdc3qZvQ
127210,CvicA8SFX0qfMD04fLhluQ
127321,T_vPSPwTTQJz6lQ45S9gYQ
127407,uPiObcIoH-vqe8-rOPyonA
127439,xLv2tKjXq3jPZKxKnCHQ7Q
127456,iX8iMEjtljTxo6YMMy4cBw
127483,cd7DojMnQMYJ7yY5dD6JwQ
127503,qJznBcX81fpFFxr52pTd6Q
127525,wwOcsY7eD-IuenXQ9mzP7A
127572,5Asyis9SQFgEEdYb0dCpZQ
127581,912_rpOKBgZjqpnXr8ki9g
127602,X2qUJ_Q7pkVosQOKgqRsEg
127657,PmHFplCbou0btcS7dqZ-2A
127675,mLx2AxNd-rnoY_JeiAK35w
127684,EclpDlAlX5_MemdpIC2pcA
127727,6TXMCxHkjs9Q-yVKkGlckQ
127729,Ml8Juz4i-o6I8T-DIEyiQA
127758,ViiV76612sju-Vgw4107pA
127768,RZoSWlWkpbxl7UGocFxBHA
127983,xINYm_AfcFH-_Abz7oNfnA
128007,TbSOAo-g9zmG1W5aWBcjKw
128026,XBiQSVV6w9Nf7c99adXR9Q
128088,qgdyJU0CGUr_zj_SjBdORg
128113,LYXfQxF5wKpL1CNbyVX6qA
128160,O5RGibNZMnSZf5jXGPBlqA
128184,rurabN8IxtDXHWYjb51hRA
128205,GJLtfddb60YlhsOOA1u1Kw
128233,ziXsGee7X_fk-Lke953PPg
128273,HfdyAbLkopTjOQEYXmVyFQ
128376,U5vKetqfgioTPc-O7RJf0g
128384,jNMsAJ7ra8tA7NYwwJ0SSQ
128480,SSGK7y4fJKGOvuHYD62yDQ
128600,H5_O5ajEQ_y_OcK1MFSnig
128609,1Q_GyQGsFyyF7w26Zjosyg
128657,aodbCTL3yRF3wnrtL1ShHw
128671,nIRqfa7Z5Hl1PPf6UGSSvQ
128750,mIG50gN-ZN2GKO0KLy2nvg
128767,7AyNpaRgQAcfWh_tvpmCNw
128869,tsvPNjBJBDdBdvoGAoVVog
128911,cBqueG1homIzZ9uGzk6DNw
129046,njHRoqLya3HoNiOwpEkLcA
129055,K9utz1d6gW1gnvc6evMcIQ
129063,VZlMJ-8yy5i8qzCp-tQv6g
129126,J_TxdvEN258v8xb0cmWTSA
129172,cST4OhgApRK8d6HZTJocog
129310,1yF68ibBRoXB8FoQpiXTAw
129362,gfzgnU-xeXD5wth_dSqN-w
129368,KCjjTn2CmIjBg30BN_Xr6w
129413,DW4Pm-2HAvv_vgeS6Z8y6A
129591,1qXQWBkKJR4Btmq5oyxLMQ
129665,GI8cLNk3RtRr0m_9_Xvz3w
129670,TLj0w0vCQlUEqfvehzgIpQ
129682,FrYU4R-I64f4pp46HDXrHA
129696,teOdYIGKBP-EJ7JqdhWtuw
129723,RAxzZ6A1rtGxQt4fdqquQA
129753,3nzPVKZ7U4WYTEDmNDaVuw
129789,APojZYKHn19JeHrO1KMPAw
129820,DKvdkZxLYYw8z737TGySCQ
129852,ewA-LUfzgQvklrKw7EUsKw
129901,RVFzxuDA7yT5HdgCR2T1mA
129966,w8Q3vi3MBQg4T2kYq7BfdQ
130182,M0ZwYqQAutzF82hIJBdzwg
130187,oYE7XkO2HWPyJhiqipku3A
130237,zfxCe1JjuRdW0R-Fy-eh8w
130322,eimaZIulhRWjfWDb0z9KbA
130349,LQgp-WKjJ5BCjhI8CaWeug
130384,mO3HeFoV5S39kxmUy1zyHg
130413,hvzuMZjQ-XuJrXy0AO828Q
130432,iuhtkCAXFKXSXRi1xAkXTQ
130449,cuXTH27TvmYZnuDwV1Gm5w
130458,auY6BseDnjrjueyX9-osvA
130478,ZLHzhNp5GYTYJP6fK6ANtQ
130512,XA6C-z9-LPObeC79k8wH3g
130516,Br6SMT_EDSF9ho5WJ70yAw
130551,Y6FKDJbe993_gK3F-XkVug
130591,TuccHua469p5FszNgFqLJQ
130629,myfK_NMHX7hEaBMSMq3gTw
130676,VujD9MncmQ7dvlWgfDuRtQ
130683,EMF4z9DXZBPZwsWQuZl2og
130762,bEJqMUVukjd3IUXp5ifsVw
130857,Xn0osGk8sBFmqdCJWz-q_w
130858,Qd_0i3zTFsyb6bh0esv54g
130914,ORXzmh6p9K3fWCDTa_wxbA
130949,wB1FigV9n_qgXkKQTeMfmg
130968,KAaC8ljfACTKCtCnJGPu6g
130981,4TAEg0SOog8rWQ33wwKqJw
130992,UMKzf7TszR_MWFoxMdVa6g
131210,uHte0qRKHgglqJKJ3TIIVg
131299,BmI1bGh6MfYCxHzQxZ1M8Q
131382,D1FlN73abn_ljqgl4PDXiQ
131393,9S2DZJWZDZoFfOS6h6wdwg
131508,Vm16vcMMJHw67NN88iij9w
131563,E1Hmp8r-FBZaMmKa8LSlHw
131741,wSYlaSSQovZ6YExYUXdxeQ
131749,TwkXXqTDK3QWk7ZUr-xjNw
131769,G4T-yiAYr9w8g9Do3e4Wcg
131786,YjlA5ce3SGG3zptuGf4mBQ
131910,wahyY0i04Da9CEQIrVaNbw
132013,ckBUiclo15T7ojXsCOting
132017,bl0ys4Vqe2b5BHQFC88HPg
132037,8etGa4o0qtnaR2hGvJ26Aw
132050,pcRL1Avu-WRNfdD-eV3LjQ
132083,mrAemfQCxVHAbVztv4M7OQ
132112,aS6islt_1KB-SqRpfBQbAg
132129,Eq7LeWx8hu14luSAps0hOg
132156,MpweRtXzhwVVG4KSUInufw
132184,pi89DcV_P8CZp89f7Tvm6Q
132188,HneyAfi2QUmaGq0d3n0JiA
132290,i9rSXiqSFbSfGjCGlGrBWw
132371,p8oyKtyFwqgD6DyCeZtYWg
132372,tfiA5BiLn0SbqLcyX7etRw
132506,nUuEOUZQVP7cYj9B4Z35mw
132523,d9H_BiAXQCvQ_JIt_s7BxQ
132526,sjvOpd-WtNxng8DSbYECCA
132657,jZ6hoMi1ngf4NndfsmwUaw
132803,59AP1uZS0uvvq7yZpGoSFg
132815,SN5Za_q_in1mzWl53nZAnw
132833,7TKvW7xj2MB1BiDN8j3tIQ
132895,cbsNx-7l2jpjo-M9xNPukQ
132911,6b1_4WIkqtPFIa-neAbj1g
132939,R6M3NwLk6tIQDT2gdWg0IQ
132973,QyQoEKRSRKUPDWuVOSdagg
132988,tJUNzUm_HO8VhvnGfUOYhQ
133023,eEJf4ucJRJnOtGe4bdn93w
133052,Hb6YC1fVhQ6ZcUEfNHkpdw
133135,7G2Eej8rOFp6Y27jYA6YHg
133288,WONWKQVXZyyT0r54hnhHag
133296,Nk1n4DuMqi8XPYbiomtA_Q
133358,fGrrKduN6FlZkSkoTKXdWA
133408,QN-hPsXkdfHSlC6Qhc1zow
133420,-M6UMEKqyhff0iKDHmVOvA
133423,CUrzmF3r5-Kqb2AchcMA7w
133453,Hxw6KQoNMNBEE5MeXjwKsA
133493,3Rr-d_FAK8NZEHBSvR_v3w
133494,XbpjcOUdZs_vQxm1i3DyaA
133575,nHBk5wk8BGKcoAxrkaeUgg
133588,yt1rBUvI_SGYXM-xTGiJzQ
133651,XHJnhTd282AA7Rz1bm3M1A
133671,TaPDDbuCpf6MS-Rp-EKlzw
133672,CoK9WHkDtL0GEQY3zquhNQ
133674,kbIWWuifS1cQKJIP08UsoA
133718,nl6GvfBDXeJyOXf89WiVjA
133731,_E-kyspCzHUBb_OZeRd5Mg
133738,sx0424J2OFTUgVpvxIpz8A
133859,_wqG1JGy6XKT8ABsQjQlag
133891,Dy3fcpcBWzzzVL1ruOvKfQ
133961,_Quuhxx1QYqUUtLzfFz34g
133992,H8GVBRPJPx8xs25iJz5Sfw
134080,jiWbQ_xbVogYUb5YBiIw1w
134081,RUXq5Ilxwe8TRAWhwfe1yg
134118,IIVKXnS-yvJUCCJBhFJZtw
134126,Pz93wG-xEi6TbMWp5tRKYA
134156,yM__GrEBW4OOc3zRwtd6dg
134239,XMQinRdq5l8CCAG760LfXQ
134287,AXs_nruRRNPFhfVvjodeLA
134353,UQ1SLZNFmzN3U9B7jgZnPA
134524,x0i3aypP9YmUrqF9LgS_Mg
134548,fA3lZ0GA1rAoNwe5mEmvHg
134619,xBrbMwO3twi_3cRgx5zviw
134790,tKrq-uVmB4eBV-Fd235T6w
134792,vqSb1fSdJMUsDgWgZVId9w
134912,NvtbMMVC3timqu-CPrJlEA
134969,0pRPF23I0-U0TCa0iHivPA
134975,sdZncFsNnDPD5esEO9qMwA
135006,bvwSIeKWO0HF0KlFNFjFKA
135027,_nLOc9p-rquWNVKT9H7LyQ
135060,ZJEtjRRuJm3r0RutVG01cg
135085,XYH1lGuYkogFS54hEwyihA
135114,iA6eb5A6voYGAzr0IeuRDg
135456,RtHlZE3qNPHMGCWff8_PVQ
135508,6jMu4_d_9B96EeV5jWm3ng
135719,CZ1hXApetHyocZLx7mtEOw
135789,OoW2RkGWDG9JwV50bKyfRg
135849,vF-JOKk0gp4VLJvWzqwJ-A
135926,ukUFmYEZkf5seym4pvcwjg
136054,LQcWVOwZq9mQzVbtmMlNWQ
136116,lnGGqEwNngNbzuskAM9L6Q
136127,qq7bTpmBKcY5Ner1OA_PdA
136137,pVzJ8W-eGhCQb0Cpu3l9iQ
136147,xXe08DBVkcJJL6NOFBxuDg
136156,9PDb3u-9w_Rgnec9MWPNRg
136213,7xcw7ApwHgrxKjl4W-ecOQ
136261,UzxzusOKMmS2dh1aj4MjCg
136328,LwzVSA0jbFuVN9wepTnSjA
136422,maZCztakbeIHyL85CUPa8Q
136477,3PqQS7LyB3hIYK1Oj1K0_A
136549,avKrN8LJhMMstEoPbLp8Lg
136570,j9Djy_vhzE9_tqrsOTcWoQ
136576,5rEv2PyL89aamPSmKElRYg
136663,fiSWHPSHs3m0OfxB-lTMpA
136694,yV8xyl5zhdTV5FICrw0yOw
136752,KLRjDvkPHfVajcpeihattg
136772,EDfF3mPxfjtiLocyPNtRRw
136820,glpPKv7quIIGibWSEAWBPA
136835,wCgxUEcuL-gO0Kqw7kdzZg
136875,qxmaAKw94-vssTV4nh7Vgg
136930,-HmBedbS_5jNF9Ja-QgyHA
136971,CQ0W5fN_ju8UUKcVHFbikg
136987,-Puk7Dz_XxYiLQauZd0WVw
137026,xAxXvQCRsWZQSSX2bEPgJQ
137043,m8sdigLZgsonX8pbfxCzNg
137068,-ckEAcvIQptJSnV9Dc5cYw
137073,2l67ZnbSjzfxkbRQMdq4NA
137109,Md_nnZFD8OdtUnPAUx8z0A
137144,5fEhOPV5kzqn4ZkTW-azYg
137169,N994v32smGBg66uzK1K06g
137235,EZdFxWkRKNKGVtgiymI6yg
137236,L3i_q_hheNsR5_UHdpC22A
137242,btfcNl8HDDItaSXMYxWeug
137268,YGvDzAy26iL7zXcY4LsBgQ
137293,Kxs_MJ_7I7dJuGKCgC9vbg
137321,MuoGNpJCRI6r2bl9CgJoBg
137347,M60YY09swZrosY1FFdChgQ
137399,EwZ1B9L96BZepLPwlOvXdQ
137469,hVyUPwLoXNr5kXtDHgqkOQ
137601,9Dz0iq8L15iIg6YTkJajSg
137625,qthbVFNb0VF1UT5PayLJyA
137628,ZI-dnRxq2U86w8W0gLdZuQ
137734,Hm3HCB7cHU1DWxf8NHV_iA
137752,zRTq5wd9a3RbktBU_sF-LA
137872,q72764qbSBJS64P8uOLKbw
137883,HI0nnXufeohuNJJ92tcdqw
137929,iS1CrCKlADMU6eNeDhy5EQ
137936,vCPCqLYkXAMrLlJvRMelHQ
138045,NKBMviuBYL_ws5Mk_OX1SA
138214,4Km_fcyzYEbbszgBcnB2sQ
138293,CgaHaHNrqUAeLMWmN0CSRg
138318,hEIRFpOdIrAeCgCdOkspoA
138387,5wVgUZ4tOyDl8chXUswh8A
138524,2cdfL0o6xBQu-0ilhsvTAQ
138532,WnDTNVY3CuogRzxKmh5gng
138559,OiFcxjgFffVCDV1VSVn1kw
138734,Fdzc23Wvw0TVVthfkLlBsQ
138761,dxQ8CGnq4scc1aVNoi9qjg
138847,_mxgTMMsT61Z5zxeEFJwQA
138850,RPIk_im7mBAeK-Q3ysCccw
138872,saCtXtkwvCpS0cu1hr-IHg
138873,DnQpS14yGzwidvxAA5tDEg
138917,7qUjKlQPLaU1AoxCBFTOtA
138957,JbSDS1MXa7C_G5_yA-33Jg
138984,Nl1MMg99FOzzC9O7lzbR7A
139100,YSxwSiXNDOoW7BJAlDdewA
139122,Z4f_r2rf7CWkHOUtZusidw
139168,HCDhf0Vs7f7jVAr_7_cXUA
139181,vwwGZQK_wD2RXlk9i531Dw
139259,SIJnsesWVHL0_6gycQwHcg
139269,FHMiGiHwjs0SJ-AW0ovdzQ
139275,isW-kZwz7Ov30qw1t0xOQA
139375,xDmxR7RzXb1Ijfw_ClieTA
139443,XeutLd2rtTEr6-zAB2oOyg
139486,v_QoQpRwnbxaXFcIOsdYWA
139500,g-l6v4AZEY5hmQ5SVDDLYw
139521,a3jy0Pt39TjgOgLKp_yhug
139522,Pl-6_3JdsvT_1sBIS-5MuQ
139523,oQL1zKGCbdKcDv3q_MbzPQ
139545,Vg2H7W_bE206Qk2JpJYenw
139672,BvqfzH3d-72JBEEYEecOFA
139772,9d6CS3YTxdNaDtBwpLjK3Q
139795,VmD78vuiIQ1_njxu6g3syQ
139857,5xtyHXxmhSMPXYn33I_vKw
139955,HGjuuc3k4t3W26koJCJZ0w
140014,tVqzjV3CFNlMyOriFTphyg
140043,wv-05zBq7-zO7XmlrkWFLg
140049,ETZnLwgoSi38avU4JkMs6A
140067,m6ZkW-R7FdSmnAAmk2mtuQ
140097,7LphEy1q_OaZn38mNWgq7g
140102,C1SfNXc4EynM4fb8Z2rziA
140248,sWgNO_IE_Jkaf2ChHnzeTw
140260,8QOvtzYhdubGpPsjZGtTRw
140361,6TJRN5aje3lazJahYiuOxA
140389,BR1-NVlsTKcNoFIae5R36Q
140438,xOuT1BrUuwwuu7Uk6R0vZg
140482,UG-VP_GoPifHTRbvturtug
140527,JPHH_WZAW4aRTssH3lTA2A
140571,JCra9Ss8d58zwKzvG0fkNA
140595,jBD3K2LBoFeZUzsOeujYsQ
140699,3839UyYr0RILCKNh9mtqMA
140710,YfBrFBC9AFcl_sDRn9JMwQ
140736,1qXZIRWneTTpXQmRP72Nuw
140755,XrApaIO282OCyKzC1SgC5w
140766,3Itm_A3v6EgUDkkB1B0E9g
140806,dT8H-RsEUF8-8vIhSJGIJQ
140817,PTmPWiehT6GefoEEwVBB_Q
140872,oUb61DZA_pDGA1M7Kpq7Nw
140899,WVW6U_ann6XCzQfIzvIuWA
140938,eqvm5n1T7n4UkgRxkab6Ew
140942,jOl1FQHl_SetDRtj1nn9uQ
141035,SxqOt0LbmuSZC1iquVoSSA
141040,8qDtpRX86_4gTBM7cgl5_g
141086,lZuBhieiNAgcUF22r77tiA
141183,3NEObU3ZvdPIvkRlkxCeyA
141208,sVQRHkt6OVkOVfp1ULV-nw
141327,U-3Ev5hN6zZfkwABWE2dNQ
141362,70LA5HDbknl6E1qhP9_0yA
141393,0WawS353qqo-5ExKdf0_Hg
141453,9ghXx4Hxr7iOceCs8TcuVQ
141454,VT9E7fE53W-KCMPDKxCpng
141483,lpDXwKLl9E1GjdlJj-wB6g
141487,R6gm3OdeCjMC_LwBWMB-lQ
141709,OUEoIyVB3YqI3wXFJC63kw
141721,fWp7CWWtPNK08ovD6udKZA
141733,x9X7VY0EMgja3KjgM_mPeA
141847,Cr2U42AJE5Cpy-kAwf2J9A
141851,iL7zKsZD4OkXlYaaymc0yg
141882,04tvkatjT_cKdkanWabnPQ
141943,T90iYIjcY8zZD_ZMd3Fl5g
141960,lUO7gCgM9NrQ9NmBY1peNw
142035,UVM0aaWD6oiKQ_6K-hLpMA
142057,sJo1Ci9XiWECwYh1P8EZYw
142114,lGAv6aw2ggxNIsmp27X7nA
142202,JsTRiz4cHQJupJ1Bjq1cVQ
142289,Ot3FHayP5FFQVYwNXE3udw
142309,LPiYOXCQcAc2PCFRZMoKgw
142323,hFt0wXzlLU20kLoBwQlD5Q
142469,pT_TLcND6IOKYYdt8V0hzw
142504,06eYypaCD9tr4t0jCxfhmg
142540,pL2faHrr9vcdPlIufXL-FA
142565,oOUm2LzzfYzJdadYsPVU8w
142573,T-HBysGmMs8QAqRsueX0dw
142586,DBoi-4jnCjV5PK0KtjfYpw
142590,JgXZboxyrivMznmGcHOs8A
142666,bpJdcqp8TiBoeT6d1jzL7w
142683,t9hDqdp0Tzq0SmGoN8VE-w
142771,cayo_fMfq1od6y9NTDGjIg
142778,wrnr1eX3d6xj8Y5ORSLb0w
142784,HwyNK5IYzmwQu7Ym8ZqsSw
142798,12pwBabsOo26F4kUpeMWpg
142815,4taB3Jd8ORe10JUf_3neCw
142870,L4hYnyR7x7b8_ZCCEyYzTg
142995,-qm15K5Jq4DdfYI8RBLhVQ
143005,Pc6mOxnnvHbAaz4N537JAA
143019,OKmRnRRGG4Oedr7LjhSj5w
143065,r-QWhLMfv3LbpayWtJtwvg
143081,rG0vPVTv77q6GjoKK37csg
143093,A1fpsGHuyX8l2U8vI529qA
143206,LI1cKp__jTOWGRZAqPcbrQ
143207,M3tn_6kKWpbadii3obwe1Q
143246,Nv2gqddUTntFaHfNAiAAFQ
143263,s57ZZOFOdRQqs2Me9LGYZQ
143287,PW7toWqNoSQcxeKeKn24Lw
143408,IzPYcj9-kaeVzX7Os1cbFQ
143409,G_2cFkd4r9d2J0FVfDqj2Q
143421,AjNb2bWGNbnPFGOkwIGgPQ
143453,SadUGDhUY_hUyXCL9HUtbg
143474,we7oaAxe9Kanb0EjbbE6Rg
143578,ZuIrtGnDCFcSzpcBaMzlHA
143691,jLvmhfZFNrLrWSiUuMduKQ
143700,H-EDYmmK3tyaqz21pdnq3A
143731,0VUfVpkF2SmZPDMLBHDQIA
143799,jgPFvbBmiWBZeObmeZSOUw
143814,TuJ_0CsTkrb_RQAcba-i5A
143828,9lI1lx3SsKe8Zrj2T7HAJw
143839,G4ZqDbAgccfGS9Q9o1hbHw
143925,btZUsG1jvPZDXkL7ze4xLQ
143950,tir0OOR-wfLlYZTamfG8ew
143951,xw4jiQoG2E6nXt00E0aDcA
143960,-P-S-IFECOsllO5i4ET_GA
144022,TgDa1gLjFuTdftS8Loj7EQ
144036,7Tez9OXlunKSHbxJU8g3HQ
144072,2AdJSfCA0Eolw35vY2_lYQ
144124,7xxKIrdO3w5KYWv1fweBFg
144173,lQOh23Xg85iDvyEhDNXFbg
144186,iAIew4egg2gJq56j6z097g
144284,iqpxHbssALW_q8ccqijBWw
144308,4YlBqhj5JSx-8uZxPsh0JQ
144327,CfBp2bZaGc0_fFfpfqnucw
144334,mo9W-uhES7DS13Ryy4ZeWw
144380,hthQHVlpPoDcQ2GlzzAynA
144419,48crka6QeGOo2axM5bacFg
144441,0HwMinr8qBaAnQbd3j00HQ
144516,WZ6N6_4dZo1xMzRVlguxOw
144528,egvkfpEkr8znpvBG1czOhA
144570,x3KK5srm1kFBMBU903XK7w
144661,cDzYQcDxWqscWIVWl6Znmw
144663,b26L8M-Ov5eeXmmH3aWYyQ
144678,Ci3h_kCmpELFIaDkAcqG9Q
144704,7Eh6rEKPwI1dJ-1FrP8nYw
144714,_JDEKivM7zs8fnjkdb0hfA
144720,OM5AHrPfYisf3Qm2G4Q6uA
144734,VZvGx72fJdOZWJ7kssnMHQ
144759,0o2akpyQRXH677ij8PlaGg
144787,L2c9ac2DttoH6gnL2IFGxQ
144803,aUt7VKedIyzlFIAtXWvTwA
144829,BRrIUbYNKQ4je1KIbTQOdw
144887,S8y-lcD8oNNUmidw3TiCqA
144911,b11fNm6hxWAiRk7RSetWQg
145080,-3QkOoL5eoTZekRtF-ntXQ
145142,hMzNoDPlx9-GQ1RIaotl9w
145217,-CBqQuuGQ_nV0U_AIewimQ
145231,vE8UIZwaeFd5RqO6CCMCyQ
145276,lVuM_MjzWw_MiqyG0vimyA
145426,QJ3HZJ2-koC9F5nD5SPg4w
145437,Lbl4akTrdammGXC8_vPnYg
145605,04Wmu_G3XMIyi7vDTRSTKw
145620,4Hrg3SRtXpaNxfyZ4NgsyA
145680,PIQBpMp1ASBn1peybYM6VA
145681,yvD6lNN8oBOQeGs0OOpqgQ
145708,LHC1_QexAcsY3sAR5kbCJA
145755,G6olicgHAIaZJ2vObl181w
145761,GzLYsbBR3D9P8kta6mwUvw
145773,Rr6uvPkX2eJ2o26nIM83Bw
145790,G_rYY-DdJFbftoI-1dICCg
145795,6WeYCdYQNJVoGIVFtdfkkQ
145879,05uDzhwtaqK9uQqw0Yf_ZA
145886,NGNbqp-6b_9PLdDLUOJENA
145903,PrHAonAi5tET1bYWVnlM_Q
145929,VmQlVeJ-FwmlfW78RMHadw
145933,BQsCJhvGCjQXdKDgR1Aj0A
145941,ceRkqrtt7f62S0TQKalpFg
145951,PUJQg7kW-VqFYGsxyHddJA
145955,KsX2IpK8dcxH8ymkTPIomw
145978,wwO-ZRWy3JypjdMCB7WyDA
145996,M1Fra2zf62M5LknFDDTsCQ
146078,J5DmtRluLOV_VxayhIding
146121,Ng-0s9QYsZtZhiIrILOAFQ
146293,aePveWbrjQmXEifqYpeUnQ
146328,So5u54R6qC0R6l1UGJ4sEw
146339,usfQQoR8kOMauUa6syRVuw
146404,KbzzAjU5VJbORCjOLwiAUA
146453,3sNI07Mu_-yjliYr3kbiUQ
146516,v20Sj_albsQk9A6ml5R0JA
146541,ibKICuf3PEVjFTTBaiSm0w
146617,6og41mCFOn_kBmnwkgGbLQ
146664,PKow93vO9bcRii3jGGZ3YA
146838,-IlRR5QVZmiNEVGTSKIA3A
146843,S5pDgy3yQpK2mWo5rB08FA
146855,Ye97x17q7IIbxcYUvytURA
146957,fzlvKHO7r-8EUaqjQ7Clwg
146960,WxqQOdOtXp7niOSWQRIq9w
147025,3CQQAXcA8PCTA94rUGSCZQ
147123,IhoYlLhGaBphufYGG2SD3g
147161,jukfsWiK82XbRh25MBaWZw
147195,SlgwbPWmSkBR2zwyH1sbyQ
147211,pxFisgURDmk0U3IqLjZb6Q
147301,fvm-E1vOekfQwLJIg0PB_g
147368,53jqsfqkXZjHNm3dCDU6cg
147383,YE3_-OBVzYtSrOl2fg7jnQ
147492,-lehWvL01yYuZcIo2TShnQ
147493,7lf6dHUkaKxHnJAGPI2tMA
147556,Vasug2K30OKTAZVXGDlDQg
147660,w8nzuaQ5pm6EzT-Mm3gKLA
147685,WxF2yCd-c6Z7JoLz8mH37A
147777,ojrjdlhMjUOAuSWEiQ-4sg
147843,qxoKtFCuBEK7Zo3AKIQTyQ
147845,qwIDSjuNpXqSxPH5Xo-PUg
147896,10lUKVce1APv4-nTL1B7bA
147990,nrrIG_-Sbgfe5M1BadWFcQ
148025,GubJ9tqj_wZAtOtlY2WfxA
148049,OMe-i_C-6uOuV0V_hx4nxQ
148051,puhk93RDs-DOEczQ33CzNA
148082,JDJoIvHuwchme3HRRbkVqQ
148103,fy7H9kGZ7lRfbim2v9wKuQ
148237,HpuV_-dHeDZzFgLyZvtZ3A
148254,DPobUsSRayHfyWuS3xz0tQ
148283,sWslmTHDkmuc7o8bAaugOg
148346,t9ASCuxzNIDkOuuFYp14uQ
148451,krqh5v3rS4oMALf1-iru8Q
148456,xH6PLAsK9um9JT9GKXENJw
148500,j108cpkc9H4rTAP11cDmPw
148514,lgCubMLJZPWwKAZQGrTM-g
148521,LlK3eIICXbfMEeoAXgK92g
148571,-2pR-xBUfZakyML6BWLvOA
148600,esB5lwnoGZD-DKC_4omciw
148604,2eFlfJX_LQI1uGljLK4TZQ
148698,3B1K3N6cGqB1UO84fVYPfg
148710,uqeGfeGzh9YaL_w8j8WRSw
148723,lQb5Kq-EjcZo4MKNDAlv7Q
148838,0FZVhYDTdtFt1LdtF6GJDQ
148901,nt3Ef8kChqIedI4BpETleA
148903,EPN5SfXPNFxqzQ8IrPnn3w
148951,cmgYT8J-ppmga43pB4imZQ
148988,HQSi55ieZNPIuQlA6cQy2A
149071,wlaMArNLG4-vUAJ2F-ld4w
149214,M_ZHM_fXxNrg6hcPMWJvJQ
149274,wOc-K5GpFwg-6027NjxhWA
149307,YZfLOSb8AAv7YkLhubqGBQ
149397,OLnC6-ztJWU8YaF1Kn8WSA
149499,t2oMJFCFUghPcx8qKPgr-A
149602,bEeqxs1M8kaeVA7w2wjozA
149730,CbOrclQfhQjLfihDaDdW-Q
149762,bepmDtKmpc1rf-yuAwi9Vw
149841,kOdomV6RpyhmKY23wPYZHA
149882,tPFm9A9ySOJ2y0OGshtpZg
150005,h-NqAX7ZmkIoqWFW9MTPsA
150035,flfMXd62yYV3Ogvq9DvMmA
150061,7_h2lMng00o-y8mqqMGF7g
150071,syp0absAaWXnRqD0aY-cMw
150081,-Ls4dACgbOQWrbBHkMp1Jw
150186,LI5nXRsqATIxm4GfCsTn1g
150232,9Vv8A6l5VjNVsybT0uY1Sw
150352,LqzkuSoYkyX8ymW2sMRnaw
150426,RqjM94fVzUDj5sPGA6PLSQ
150459,LzTA5JRFPs2niIDnLA4Oqw
150486,_bjnMW5Le9Bp-pJMEdIHoQ
150496,IlVXoqfrGFcCRN5tJ08jeg
150547,9gVGclGb7cmOKDaJFnsKrQ
150578,Ri6TVNeoczG9617baFWiuQ
150669,bpHhDQRqSIZ63U-gheD0oQ
150678,6m04Foeve7Pqofnp67l-1w
150686,JvCm9oDyknblLMnJ7R5_Mw
150696,uimn-sf1NpMkmXOg9S09sA
150748,-C3yC7_MVHkwf_S3g4dnUQ
150801,Am7P4y2P93FMHXNS-XxBXw
150877,J-Tfg9Od71fa_2bZZHQD1Q
150895,IIu9jqts3Yw6HV3z_J5GvQ
150914,WJiEdzW2zdem4LhB4eQSog
150938,FzCwNdNpdFkD2zfBC-HsHw
150951,6Og9evIG4MSQx2LNAZDyDA
151136,rnmartfnSYSu_vlbTZhbQQ
151162,o5MoiJapwevC9TnDz8a4dw
151164,wCzj25Ik0jheHSz6iQ21gQ
151192,o2qSieXIQlaNtAP1I0Vqjg
151213,VXig4E2KEPfnxIUgsVlKbA
151222,Tl9DEsshgxxnq4HrFS7GNw
151224,pFe0mlX7RFvuIfwyqiwbrQ
151246,2DAPwbpDdz6Ah4YxuUpCRw
151266,iGnFTIPZsduiSIhS1HejOg
151278,qggo1kgGYjH9FshlGW7voQ
151305,3XrRMjw4XxZXodamp5kgRA
151320,YnVWwuPSYBSchuoeewQpmQ
151326,weWJX1wt4fhB4scUMYstUg
151328,f_-ZwteoxG50FfVhDdq4aQ
151338,4zYH5kwlzDfLLHIakBD68A
151381,tXDBV3d-D1jfE-K1zJZbew
151413,eUk0yDylqoB2RNFaVhN0IA
151439,n7cD2eJ1lOgyUuA1IAs5Hg
151457,kHDusV5lgXDFxs9gyi2EFw
151462,1lYILa-d8oN1dA7SrEka1A
151488,3CcxAPfs9CRzRTdrK7UVSg
151508,HVbPk7IUi1HPEeA4gJFAyw
151560,HqKnrezLbBRzNsiyU6SBAw
151635,3HHXHrMJrlSWPjyITa_ybw
151639,-F0WELKtwQKDkBYZWTGRbQ
151686,jyHBW11JHVKeKiYg70Jx-A
151693,n-ID8XKWQom74d-n-Gm32g
151718,vgTUPU2QsmcCq-uEsRiu0w
151764,H1mmJoit9I2oNGotvQ7rIQ
151781,PoxjB5fAwet_qqv3nse5wQ
151796,d45hRiUt-t1xrhUi_hEHBA
151864,OEcujN6HwGcVPaBxnaUf6Q
151896,xrmwEuscL5-_4mjUidAVCA
151933,4ngewl8QwrvDc5S-WhsDfA
151967,smA1fQvOKJDZi7C-kadaXw
152002,GXDAfXrzu0pHdnjMnjeI2A
152057,cLDiTPCAVQv3H6EJ5ALieQ
152113,ZGEfraX_T3hGoxiZs5OIHw
152206,lBKdYde8Uok4hEgSpoIL7A
152229,N1qeUGP2DAdC00APvEAVvw
152255,uukpo2lm4tTauzB8qXXghw
152358,OUXYt8XSg_jKbf7keHd4Qg
152377,TYKJ-bxHQk3zQIVrOJwccQ
152400,vCSoLop8VFNTJPwXATvMzg
152434,qJGn0dvjUPV7DHEI0ymUsg
152556,vB1YHXlik70B35n9r2IS9Q
152558,e5H7uibEAB3COaph5aZOXw
152590,YYMWNHG7XduJzhb_QsuZOw
152600,IJE9UqEasQayfE4A0PFy8A
152607,B5VAud1UKPyBXz0tVd1oXg
152788,UxfrLPNSaWSesRrL0jmaKw
152818,emkycalpFqHCpTjoweOkJw
152821,B-fLKGKSnuSpWfkr7cGdAg
152855,bN_HSqVqoBd2BfcVCn-Ibg
152869,m3zFipyMgqRA9Ljt3q1xog
152955,5qiZRSmQJg0vzjo3dSD1mQ
153051,lycx8MhqwXZrwbT0liERDg
153054,PSePR-aD5SLzd9UeTesfGg
153056,GfaI_lp67VFR-xZsTCa81w
153067,Mc0bfaCSbeeJkps6FvDDWg
153076,c2IEfH-qVeQ8F6Wt4rLfFQ
153150,rq_s3XIdFrDZybyTwrz9xg
153249,jN4IDqLO6GR0MB5VUZFJuQ
153254,sc3SgIruOBCkJxpuxVfbfg
153278,yE4XL2XV6_l-mQdDiVe3Bw
153314,jJddJU02OFHsFAEJSxxzqw
153424,FpQ9kBoWGO3Y0Cmw6LnRaA
153455,wzMezIpaBPTT4Uzt6WClkw
153459,OovcZ69tNR6ZDpkpLYb8nA
153461,FNrEppvPJ1v2qxBcpdaNhw
153501,3xmyuE35squ52Ux4Sh3jPg
153881,IbN5d4MMX1Z4ZU_ZeyMvbg
153962,baaHhhMujXYnQmBI-lPFkA
154059,zTMHDTsEFCSFCT3ZSb4s6Q
154073,ignOOnPPa0WsWI218JWbHA
154089,Y8rLNTAgU6D2f_nN5zXzwA
154119,-Fa5oj6dI4HG3hlYdjXcTQ
154149,jlm6xhOAN6u476g3Qlzlmw
154170,qUvelmMOjQb1bhcMeO4gHg
154175,lji0cH5GD-V44XKxQwLcyA
154234,OMp6ir8YtYP9sRHSsMiJXA
154277,I9J6WbeJGD4YfJS14ITl0w
154292,qP4bRrxYe9IF2zILOIcggw
154319,EsQ3O34JqmdCmzVTgowm3w
154365,ngX-r1hjIaR30Es36i2Y5g
154382,muz2HNuhavyMz6LivzTEDQ
154419,4JZEQUkmADMYbzPgCt8nlw
154516,BURv2ebiZ-Axc30tE_i26w
154580,N11-8pVHwnMOSwo9LAvdlg
154636,adVbyyxBlSRVAofCkJ0k6A
154664,x5GBkCuxyyIuj4Y9BGZeGg
154680,e15XHF5f6P5pxffoUwdgOg
154780,DWGEv_nspxJtQ_PWblgYrA
154851,DXhV4ZdGVS1bx6ubnhdVAg
154862,zj_fARWKNliXwcQqUyr1nw
155129,DqOCYF0ANQksJb1HMEN4Zg
155136,LWFf2XNbBTm0X6cWaD205w
155138,RPEN-Ih5aOUjSE-GGBkTZw
155195,OunW0SZiPbwgIiNBagYJnw
155198,ERFBa_3Yi_1HMfN6yzv7eQ
155209,s54TEiq8FOqlbXUOahCdSA
155260,_u78oSlsoyGHy6nyNXJ5UQ
155298,u7ZnMIoxggCDY6-DJJRIaw
155310,T_Lzhns1ST8I0pNIsfVPUg
155332,PDUUAHStcpqpZCHmXy8Keg
155334,NorQQOJmCC5FDfzmQfulaw
155541,8Rxr7FEKozx7UYBOZtKVOA
155547,lFqEKOnjkEUSWA_sLW3WZA
155604,BeViBB1WlKKy3_my6DvmsQ
155722,tM6BpcDOVVkgjEGSsCGJ9Q
155760,Zdc9uRPUfiykKBwAPBE1Mw
155795,Xh_7yEiEocjWujj3dHleTg
155798,IAGGiMggzbpKydasj01XJA
155858,TPsfu3LdFl4LMwIPU8sEQQ
155876,ta-VXECMvZp78Bk4UHAj2Q
155890,-upeTicKlZ92f3LFDcqxRw
155992,2_otGRnZ4Hge8bHneh_VBA
156087,7j1cDO3TapPcnM_lBpfqsQ
156146,GtdGqPE0t9TCb0gUio6IGA
156250,9Iw1bcxlpuuemZao-035KQ
156267,1OpKeUOt6s2M1dwg3skCFg
156303,a4yqNcyrsdIAj3Ngi_lnMg
156343,WRuulHp3gCAc8pxVsikXUA
156398,q1Ok_koiohHfoxXLMhWeEA
156571,_jftARaylCVspClhhHQfTQ
156597,1wzDdsMd6kGNuF44cI0Ypg
156714,wmhaSo6lXQNs-YTKX_aUHA
156788,7Ofcr-sGwe1MymFzdA0Vdg
156884,eZh7cUXKpd9WCZ3KSERjVg
157000,NvaytKZ4rgbkFVRp8PU7-w
157132,7KgvK2e6yEly7Wp1AdK_DA
157141,hxBZTTdKzd0lp_vosESafg
157179,xLedtz9tIGG5vC8zrF0asQ
157182,mDivpeO39TPbY0tFJwYZ1g
157202,cf1b9uUouu5OnXqrzDKdbQ
157243,I-5cukjYFiBZX52AXHRPQQ
157510,d1JdOKQW9xxt5UoH3h59wQ
157757,xTRM9pIvLnKW7BzEAldNNA
157815,O8Rwm-DQl2EBuqEPyMiw9A
157892,pM_5GCIr_5qdoXZG9wzj-g
157968,ecFt-hyH6QEB37ef-eSxUA
157993,JBCSX6xFwBqNNOmJCdiVVQ
158020,QrMvGYV-5o1refagQjoOwQ
158026,ATpi2-lHFF-UyraeSPU83w
158045,1ckzWgvkXyNkcb5SBQUTMQ
158093,_HOeR9m-7cvQPAlRx7qjBg
158278,f51ePHteFgZ2q8WX0di5eA
158306,wRg0E_trxBQ5X0rG_uU79Q
158467,Dt6ATMtbQ4BrGyL8iyfmYw
158555,B-_QQcx67b-efO8B4Z97Hg
158560,5FXZ79Ud87S897xEgOb7Ag
158737,PIsZqahrjyPPCPwo9WGiFg
158757,tutlS_XEBV9WwWxtf0yfbA
158838,NM1flJcSPblzAwC_u7CwFg
158841,rcGIWmtY2lce5pYmKUjVzQ
158916,vL4MclMn9iLvefK1fEofFw
158972,di0mhmtFlhpgPXaYhiqWbw
158979,NF45hHlixs_BjY07LAQOIw
158986,-7RJcj3ZSbM3qbaZBF_GCA
158999,PygqOZ573AXb-RfrbzXZPA
159034,u40ffaSyD0LBK0m3tFsDTw
159044,xJlKqjVWApIm_KIC7zkDTw
159101,SjumnPdkO6N5DkTXH0xP2A
159152,ePS03YTNRU1Of3Qetx1vIQ
159175,HmyRZk7cLYo71LQHRnc-zA
159326,ULEgzIay-6kWqOWr5ecOpQ
159338,XAQTbGnA70_uV1d4bhxm0Q
159370,IJ-7E6zREivHXUKI-lybIQ
159410,ozuWgaAjPl_ZWaegWnI2KA
159414,B7LpIl2O84tX0wp6irl30A
159606,P5tfFEWHzAbwQ0ZJIb7VKA
159663,OSU_GzmxoJU3ym69tujUAg
159689,3Mgy1f89lvNrjV_7lXwiGg
159846,sBhawBylLDPV6tFUmbsdjA
159855,ZQvVAk9HvOYV-YLHtwGEXw
159868,YAZONCpyOqhD-1BTlxW69g
159870,feHdGR_6AiSuRW4EQE3PZw
159894,kXmQtj-ijmw2vbacTqz6aw
159961,xsfktP0OChf6gj9O1yoREQ
159981,HKmYRxHfPwzGC7X1nmBBFQ
159995,yqjYtvq1MEROEOBjExFv9g
160066,pVPfch6T6nY7Or3qGlyDiA
160078,9uxKew23mPx2B-5jx2kRmA
160219,V5YcFMMV4SvnPDv10UajdA
160234,hKs89osUQEmFWQNNlHNgLg
160310,62vlJrJvBaMqlWqHVFqqNA
160361,p-FELKbJoLrdRMpPfBAZyQ
160401,ACtQErAAiMuttaEuiOquBA
160591,r4Fwb_oR64IKEihJ_wmipg
160592,NwL4z52wiVXobW6ALmdTqw
160601,PBZc-DhHv8i8KqEx8YRzBg
160755,BGr_vcbWF1phRszTwP7fnw
160778,18NcgnJnfWfWo-pYJluqrQ
160793,sEWdndzffv5CMGYM6nzXdw
160944,pGmiXdQ-pjbqdRai4ANqng
160975,_uepP5a1-8IMsfrfGvgB_g
161002,HcOYMzlB6RtOUYjhTbrVyg
161244,OBUA9ljoMvslYmG-6uU0nQ
161301,jKK-qioi_DuzjhsOpjxWmQ
161325,a3yBLUwGHqYzvpzv3yetcw
161333,d_9nr75m821nLHBDRnNUWw
161345,qVyy4R7lVkrkLgHKb8ji_w
161380,5aU2lNWKfa_WDkQcBtOTmg
161410,ALULogT9J3i8Mk2UkkkvOA
161494,LFQd8rK-BH0QhR1FJa8j2w
161514,0FXiSIe3VvUJpmSWw9G45A
161543,viitJaFRulAZA0PStGlh6g
161546,Lm4mH6DHAvbM_hYA4z6VcQ
161572,RUBpZdQr6bFeNcBh--W-LA
161621,w1f8dLbBCcnRVj_bL1k-Ag
161644,ObbqNiWP7KpIHqRyCztJZA
161651,qbAy5XP3P9PEJSKm89pzqQ
161689,M9WYekxxBeKwgQm1-1Z39w
161700,EH6pFMJhFQJ0s6B4ckwlGg
161755,hXHzWQGHX8oxXLC40lILAw
161792,i6ZgdsI0of51tIUXelYhIQ
161819,pyuPNSZl6AFb46aQ9UI29Q
161825,ovqirkJB1PsbD0NUF1bX7w
161923,1vhTuybgzI-lnX7DFGWESQ
161960,QzI44L-uydJlB8T6dEq53A
161975,ZkNfoaLW-zZZFkzTdTdziw
162020,BPTobkCgD4xUeauKRGUiUQ
162027,z0vVD04vlEYJm1a7wkSCyQ
162076,4vEFozDS2SKa9aCg64NS9w
162175,kuZoFHIjFCgd39odQTdcJA
162181,272VBzB_ib-5Oe-aCAWY0w
162216,fzwr3vEyKIcDNAUQKkBUcw
162227,5AuJZ61aSA9OAgGIzV0Bwg
162372,50hDW6CnhmiyPJW5njX4yg
162404,ycedi1JBQ9l8iI9eq0F7-g
162426,yFpfQyvUAgZIBoSdp3Mglg
162548,i_j__EWXyZyvupxo0h3J4w
162653,ZVqCPVNgrOLW08rmTJC1NQ
162738,vmOw3hjXIYlA9Mc_fvSJ3Q
162759,iUTpiYOscjwhDpzlU9L4VQ
162792,rDMYFnrtD8NsyfKaHgA95A
162794,KgU2Q9v-pS2-yOSNjqvIRw
162845,8pVX215L57MEWpgvlBel0g
162899,8fOg2dgJEfInGGgQXKsH7A
163010,0sUhq7Um44yXIP_g8MYo8g
163079,x1WpGwexWMMmTuaBi0XyAw
163129,m6VkLKmaXRGl_8JiBGXmYA
163185,4MvQ38C_d7FWAB4SpquMKw
163342,R-TetCtqqfJmvkuIyoT4jw
163439,DryhMnhXsrOsM61vI-0hxA
163503,9e5KvHLMu2fj2ar6HTYb_g
163530,Zv5betNanaP-TSdFcbmwtA
163537,Ed6qP9bYMOduHnPwlbugCg
163813,ljhJw1y75rjWZF3ah5QzSw
163825,F7mNfy1Uw5Q4EFLE2E1pYA
163897,VYaIMRSZe7A3NXc1_QC9cg
163912,CGgEd-LmjORyuaKR9Mkraw
164020,_dnWs-Zp2s0rOuRMNG3xmA
164131,SxGJvntk_PxGcaqbNNLTvA
164138,lLpk88SqQfJVenuXHORMGw
164210,weqQNH5zxS-6yqTgbPpaXQ
164325,7PXPk4mGZcvW3IreYoEUJg
164349,S3ifszR3dmfMIHmrJSJDuA
164372,y_WBXPQ-L0Y2P8-q11KlOg
164411,gKB8ew4oozTegPxyh7fJEg
164508,Gb3T6phBKNUbQEeO1UUnbA
164512,HUjQ9c1xQ4ne4L7O94Dp2A
164517,4vxn0utcSZj63BwBiGBLYg
164557,Ssucg8_XFA-0jyD6E5J3PA
164607,G4OxWAYXVH0spj596qdYoQ
164732,zBcpBaGHS-lHuBg3BLtBiA
164743,OT3qt0UqilqJhS6It05A6A
164795,AE5LtATD0QXXBBvFGZiHNA
164801,7Hdc0xDjez6iQzUeQKZDsw
164840,sQcM5PcqzI2QlnwuZcJe8Q
164889,ryRhHMzM9knmrXRzUt2qig
164910,VuHMgJjHdH8jsi5eJiAdGQ
165013,ozgq24ig8lzg6LxmJGUPrQ
165039,TJywxcf1LX6acoS3CKW3vA
165042,lGCh8Vk0Xwbs1w2mbORAYA
165063,VT3TYOOUg5m0vd0ENuxUuw
165067,RvuOD0mLXGiyTHIXHrMXvA
165074,523DDOlwPws18B9hsCaogA
165095,n_k9CMJXGfFIBfA-trukyg
165206,4d_1o9Jq4VvkvUwfth77Gw
165234,_Q1pKOZ0rcPkwTL2JBvbNw
165253,BFF4JsjTvmVKvdX-53LzbQ
165416,oEK_M-wC2x8pctfqS1zQZw
165443,dSLXgpPNVEZ0k29tCnhiqw
165444,yzu7JtqRb47AsokYg5Npsg
165456,2xojJWAYHajhJaM1x1Ufbw
165696,6BtiXSiW6sBmaDRWneFobg
165713,eqKTFgqsuLq_QTlAKfmfKQ
165751,G4IycC8LnvBTjsGsMaH69A
165833,5BSiM0KCcoI1RfC-pHCOCg
165868,TLtNjFrnAP7comAJTuKvCg
165996,SdzOFkFs9wsL_KtmOLZ3VA
166033,Q6PpyziE-hZB2jp5wFZBww
166049,Fg47lthMmvwL8Y0871qTAw
166195,163m37aAMBjUXXX-Gf8iOg
166247,XD6u1LvVodrZJbILELA7fQ
166254,jMC71f-GJj05keGPIlVlNQ
166298,5Oui8VUAIoxNtkrrt5OFSw
166337,LYBxVtHBF4TikHpHF3gVLw
166357,qej0-LEkqj0_g-OzIbhiiQ
166372,2vj7lT5FCU7Tp5jnyP-UZw
166403,QNFXKTL9mbpaPb6tL7lXpg
166430,svA1O0-H8sAC4Z9PqO8Ldw
166432,K7nkm7QMKW7TZbk9p6ErxQ
166581,Jre7dzcLLd10UlD3k970BA
166606,gGQEbNOAO_0pdjnh4mU7gg
166677,S9K8Sx4PqkV2FsYx0OtNxA
166827,Zag4A1osLeboWppY3U6rsg
166873,dxnJRzEH5CaDSE7igvD1_w
166888,c_CaIKcA9suyVPWq-DiV9Q
166931,B41ZtScPG5dzI3yHLSU4IA
166987,5CU68syV3N0Q2kdhVFYhOQ
167021,wb-KON8asr2tdOvN2p58SQ
167027,ikJV8KVgIgZaa09897KsFA
167110,ihzDChMaDnQ70coI6xvBTA
167139,PAoNYi18sPcIz-oMoAybRg
167178,rICM5t9g_SIvR3MnGAEdhg
167216,CtboXQlFn_CigneXN0sRLw
167229,NfzluDURQeDkefZOHIzgHg
167260,YClRQfSJgzksWuZkWSa2jg
167265,foqQA_3OVKcQCRdf1Vb3Rg
167293,vxQZsPSV5_A0W2OlSBZJeQ
167433,zo-_rjRPT_zynxB-F1FUAg
167446,DpJackDq0CZiX3YsLkyFsQ
167478,Hxl_rTC_C6G3f-JOSdce6w
167566,gsPYrM72ma3rXY1gBrszpQ
167569,84VHZRbxRCNzTCroCT7d5w
167653,UK6prT5mMPvnTQg-gulsEw
167702,dQ3Gl4DNu07sH6f4rmAmKQ
167706,rUMcZcR5fN_fjAfitP3RZg
167724,WAAaz0pU2SGd1lfbCuJwlA
167737,wWwHiPjaKT1vMJZI8J5Lww
167749,8Ut6XSii8ey1cES8r-XS-w
167750,UEVeMS5B4mnOkPtYV2VTNw
167769,toLEocgLFlkmNzdZdk0wFA
167816,3cWEg5DlVqPdQIJcl1eAyw
167827,_0_QWaumQTf82IxrqTYgcg
167848,J-Y9UROe7nqzW5ZlkFOu2Q
167878,RU29-3_7RmmyZ7JbrdwCgw
167893,Q8QuSx_rNbphFLYh7ilrqw
167931,z6H7obZPYthERW3BrK_o3Q
167935,NwCaos6sSQh0pX8H1fRsoA
167964,gkNNiWx5mFQ3oNGMwyrriQ
168024,Q3VmMQ5Al3MkHfA3Jk06Ww
168040,XH_vcjZEXmJ3Koykv_U9iw
168042,zoybd4_fPgDVJv7vOAbWxw
168074,FeDEwu7wVhVl0CUZl9842Q
168088,7Xwzp0Lw_AOe-3jQABS7Tw
168155,xgfl6c5cksxlz7vGZRYSCA
168166,jkgFFh7q8AMfJDrhLRITww
168265,CPDOoJcI0B2-skVWGz5hUQ
168327,-eaze738yjFcSzXJ-lDOXw
168349,THo73weqPQixNGDgst9uCQ
168426,rJ8Oc3dk81jFTCQioTJFOg
168446,fjylEeM5HKHBqjZvyYpe5A
168452,ssDjxusi4t3MpK95MiaQJA
168530,Pa_VMwENMhjXIYLzkZzB0g
168576,lcNltq47DkyPnPH7T788zg
168620,d_OgmMBI2mqi0GLVvsB8Ww
168698,di5o26tofY4gJzLKxcdjIQ
168707,svMmcLQn8YffpLcF4OvyFw
168793,SmmPZGOi8exWjylXxWFdnQ
168814,S0O8dZX0cOxZXEhfXidCww
168816,E2wGLgrLjqxdHzkaa-OPDQ
168870,8DgvqzC5APoMPApDRxbgOQ
168880,Y6dRzNKLyjMtVeYgqCJ3AQ
168903,1oKe2sf7UfEaGL46jxvGGQ
168979,nOBbarE7-6W5timPqJK82Q
169084,4eebjmjYVuHzcRfj9ThFzw
169100,l3o_qD8sOiCxEwQcktaVuA
169464,PtaHfYiTQgG3CgJVyIsD5A
169612,ZF5E4sHvnoPIzC2I2ulxyQ
169636,GBiJhCxVKR-odxvAHf6hoA
169672,WT0ofwD5zfZpq1rhk8cBIg
169685,zwxe1ajh4ZXzePCpfJ2eEA
169718,_9RrTgPjNXeGlDbf3X8Sew
169729,Wmt1PeLgHWfZ6VaH0a7cZg
169841,OOg5ubJiMTYh6FRARNyQ7w
169862,udou40yiqj-9ElB-KfOURA
169913,1k0UMpgF8PLRHsHOlu_3-Q
169915,J5KawicITGnEw3lPEy1xVg
169920,GTjYb7ChJO-QbBqBLnxROQ
170142,awElSfo_A7EI5yIYepOwKg
170158,Ot0N4kPl9JpPCaj0L4Flaw
170177,oNX-cpIL3KKgXEbYFb5mTA
170179,yLCmiWIyOXB3xfgSrbLlEA
170270,CUxq-HpJBSvsYdZWnnOsmQ
170368,38oW8K-FPNDg-3zi2yuMIA
170423,dGKJpiUNhp2uMk2ulrQiMg
170480,pjnl0QJ8fVkAhqsPyLbMMw
170507,2rLd1a75FFXENyzqDr4k0Q
170639,R1pdIVaCsl7z2wUZqtcw_g
170649,uFXCqE-XNi6mSYezircUmQ
170667,r9_y6NLG4HbqgxkHObi8hA
170721,7RhMlEw1QlefDe2_4maMRw
170732,YilHYstWcCk_WRPi0hKzgA
170779,9zcNOlTM4-ot_H5lx1UJoQ
170851,3dIu77uZUkuBv7IjMFFEdQ
170870,-H2WnUKk1fnwZIa31zQo2w
171107,1PCRcXVCMqRADJ5VVBnNrg
171119,eXo_C419Cn9LEMNt-pTizg
171138,icIHf1QXnLhGBZWUVn1dIg
171148,48LQu_Z6PZsxmbbhMAiH4g
171193,JTLNZypwZNfOnNbHWkkrhA
171218,fqAcwccBzZwYbMHTtx5YHA
171293,Tny_ytIKWVwuzH-TNPC4ZQ
171380,6xpgu0lLF5E4ql48mFmsQw
171382,P2EHTwk_cHGFSvqrpop-_Q
171457,ALgRkjepFdXHeWFiB7NyNw
171565,a_JGWiJ5Z3WVDaALfPLhzg
171599,w8sjWGd7uQ5MUavrfiZrLQ
171607,WlXfOEZYmW1dDE5uqaawVA
171623,0yMDYpdhfpSPpBcpQSCTbg
171689,Z3JXtMnd7orKgPUJOYcfMA
171741,8pK8q3iEVmALMxi0uRpMaA
171751,bMPGhXez6-uHuQEQdtr_nQ
171788,rJ9MpVu9021EZQhFMMQIMQ
171843,LzXpini4N238eHU2_9SVcw
172056,sdKrFc1d_Q5M8cMR6SvW0A
172144,u8BfXWJkowpsbI5Yjy-McQ
172166,yfKYR-x-4CdzEqpGBj0KGg
172174,p8d27pFiEalsDzBXImMAfA
172234,na5Kkhee6L414kSa-NJ1QA
172264,0fVHXMyHYfSilbnRVHPSfg
172296,QRzkONlVD3Mry-tfjoI3Gg
172320,5RylZYTojKLvJFxDnnpUFw
172390,18GF1IGMScs6HGaCpodRrw
172392,CffBrDPD-JtO6uI-214mPw
172448,X02pyMWt8MMSNci8M_0GRQ
172461,pNwWrA4BOKmRj3epeCNUdg
172468,efgBdDbFZa-EurisgjQE6Q
172475,D7U9tVawsfW4p545mT7XSw
172515,4LLZ_9qq1ojAaRJ3xrEr2w
172547,t5gG7FQLyHBW8eat23URAw
172700,sy0Z1rWzhK4tYRxVhQZt7w
172835,V3d-GZfpfKf1_uR-TUxQ1g
172841,x2Z2g2FthHQGu68GwPl5sQ
172894,2d8bZNIiDed8BVf2mOoS5A
172913,wfgNPyzXHBpkHDrVQym5aA
172915,Ko44oQQFpmcX8lAP41RqMg
173007,uubAfet7N1PbuMkfptlDVg
173088,3XLMSaTkWDjK9Tn2dTf06g
173184,ooSyYbvfvBiNfvqHmXzqxw
173430,OyrkyuEG6JiJww2GgJ3hJA
173453,n1IcIOxTIVpObwHF5v05JA
173498,0Y32tiKieKPqf9H5hBwoSQ
173540,JdUaDnl4ZIasPKvS_rwn3A
173557,t_ZO59ctIcCO-X_93HEJOg
173579,tzWUudZda1myon5QItqVaA
173601,7nYR7Rmf6dUetCAHlhmnrQ
173726,9cRGlVoGVf595uSk1V-E_A
173769,pEGORIuSM1JliqeCaDwS1g
173831,65EP9QNTbQeXtnRDKE2ZgQ
173837,snHOZr-ZWHOG6xijHRZckw
173878,4dsgee3Is-N0djEBoZL1eQ
173893,nnBrAAsqGA8wkDz3dmbZjw
173921,rK31r86z0_NMrGEeUQrgog
173925,4HmBipTJwOkzF7aM-GJHzg
173931,dxeShtseTQd4bo-b0x7dlA
173955,tzrl_l2-JJcIFXjYTh_gZw
174042,NodNw1JHqwVyFtUEGjt43A
174200,CWbretDEyTJS7qlONRyfJw
174225,VWtGQGL-FKeuoi_3Sq-wMg
174251,-rFxmRLUdsTMRTrZp4i-_w
174361,tPGCAebqkYB_5PPLlY8MvA
174451,CHb3-7msj9wRWoLuhm1rtQ
174459,jN8Chfcbrg1-0rr-DPIo-A
174484,kPlGSvkb6PJtYP28PTzIHA
174634,-JjyYaxAmUu6uh9IicSz5A
174765,AL3JSBXo7p5saNAsB0ocLg
174767,PylsAYhcmNEcA1f4SLBcrA
174840,4ZxJoTXhfOwq7FmlhtpXDg
174853,A6PIyTpr6jqcQ9heb6t30g
174885,ipEG2cF8LQ7kEdRy-lg3zg
174906,-LwuNMxiIReS59e_LPJB6A
174924,JZ9jDHuGviqaQboPjS_oYg
174937,nR6HIo0qv_2_1VoSLy93vA
174976,IyEU0Mv7lplSTQQ5s42hCQ
174998,5QSQCvKjQq_vE2yzxMbW4Q
175036,kkA7kf3I5BqZ44_ggfvokA
175082,7zcj7BJAx8iDQCjv92JnPA
175093,VB3ABTsYWnRqCXBW81JqlA
175161,q1eTvOsQ7VZUeAgqXhcayA
175163,GR7wmqvcSHd3avZcCbQN6A
175165,s-UR2LYaVABfDl_qx5E5eg
175303,gK7qBWTEfigoSI8OOvbkbw
175337,W0hiB7n4JySNobat0KJnbQ
175344,UG1EvSKnwwLgZe8t7tN-sw
175371,XGI_rZlMZX9yN8jXWcgpbw
175464,Ww3bs9_S6ml5iyUf6Q7sgA
175562,3CmYFuo3iUEIoRsqKMwkGQ
175669,BpSSAM2hHNiLd5h-tYvlLg
175766,wUx1IzB8lZauNnslv79NNg
175801,k-SiQOlPmAVFDpA5kTH7fg
175843,PO2LKL13lBUygrfAoHhmZg
175862,m-X0_HTsc4c9favL_Fj2KA
175878,3qYUeblo1--ewHjMDr7rNw
175889,LwjiFnI3GwDsV8mnFKeynw
175979,0XS0AMhbdc_H0ybPrG6vMQ
176012,89FwVzHYqvErJ7jzhOfxCw
176048,FTaaJHDFT2Yex-EFMotccw
176204,Oh7wxTBcpHkrN60iBVD2bA
176287,7gVYSJMYA6Y8VRvAKCXPiw
176290,W9e9EgU_lsWBgVBF1ebvbQ
176316,wv6liiHkNbm_7zX5QJuRtA
176613,hMFFt3zvjybvCGyOcOt1Vw
176622,mBw9OX7bNw_NDNXG4FJuOg
176736,vJE1IXxcWZ8drP1DYhRARQ
176812,uFHnrqu-MTbVKajtE0uTfA
176857,j5EnrQSAqpRJkOSKaA2dCg
176897,Pd0LBsmKZKzFm1dF_tKo4g
176922,TpKk50dyJgdvdQiJNQ2m2w
177197,GJdGTRM-4Oh27ReVNdApgg
177285,mlxWCVh7q36HiKRMn_DIvw
177324,YVf4s6pStdWlaiBnF5tnZQ
177328,Ak-TPgNHc_3gHgdiztTgeg
177460,JBU2Eb6CStIdqvnRM634Ow
177464,mkyPDvlurgM1njOaDMJxlg
177477,yXpE_UGGEGGXhj9B6mntUA
177604,PiyBtHuVNvxEb7PZtHwbYg
177612,vx_a7t3MUbr2kf1RcGt4cw
177678,U4LhhRPloOxfO7iaX8yxUQ
177707,vXI9CIjdEi82o3UFI9eqoQ
177848,sgUTlrtY0MnEHuO5tAaQ8g
177967,bxQRJ0MGSqp7GTMie1gEIg
177970,GkkXmTy4DEMhsV7iDFrgpw
178036,bbSvM8xII4VVJdLTPblahw
178150,BkUUhc7gK3kHKtKOVtXaow
178199,AX4DU39hP8uCOtO0dduK_g
178247,m09psddiBd-GlLIqnNJTWA
178259,mGE3RMW2A-EcuFver9d5Tg
178453,M6wd57Q91SGgvmayY87StA
178488,xh6_8sJzE6fLHZcFHOBvmA
178500,KS-_7ADp48j6wF6BjnG_TQ
178561,sMNYv4JmgAgYAYCCWvhcbQ
178671,Km-hojbR5obZNIRAuIiNWQ
178680,GcjEaqMCVTFyDHghBgfGcA
178707,NTn7l9mLe9AEVDNWpdDzAQ
178742,5uzQXexLZagFElHofhAIzA
178835,ZYubWMR5z0jVVUcffrU4dw
178844,X3FbKweJx_OwRjr1y-Etqw
178863,1D_VlnHX902DU3NmazG4FQ
178940,cE1lEDrcM3K8edFANv2CRw
178982,4Ax4LBnzFo9dWaHFQiJ3vg
179027,_0PZnnWUcrMIDW0x8xR_XQ
179031,6DDgOV8OMndTNH9oOwRCDg
179036,rCw3YvEjsLdkBCrMxntafQ
179052,4O4Cy72-63dA35E34CYv6g
179071,C_F-TPJu4K0zFU06IZpwoA
179100,gy1ue_5Cqu11QgGIcqgIlg
179297,hjd1zwWtEUREvhj5EDH3Fg
179306,V709SbZZrkNh024iXPxhdg
179366,6jZc9C_wPWVRkma-mVfVxQ
179506,-Jdk1wzNx8TgnEWHIs00YA
179513,DcrdldzaH6J3qKyRqmEuCQ
179521,yGMulp06epT2vSDBOQ4Lzg
179566,eHERLRuav_JYMm4_rg4elQ
179573,PguWWoNzg1kqOrgS4Etg3w
179595,p9YTNshd6LtXo6ATSzmhSQ
179619,jPHjHv662A-EgbOzJuCNbg
179777,P1pNGxvBJmEOAmFfvjByKg
179785,jEQbNveaKz5jQON4sPXKLg
179946,Ziv6SGxjgbC3VtQe7y6ecw
179947,WfikROVXwVWURZDbedIthw
179984,4J72mEhNufY5VPaW_h6teg
180018,8OgtKEWCGzmrDK3cB-pbZg
180040,nXpCBIhwFSwph_NGwFIhnA
180060,uE5Uxh3rnq-uyvXGAi_EKg
180219,TOyq2hNQ-dsa_84u-IfJUQ
180273,qy3kaUFvD2usTCe6r8VmxQ
180302,ScfdvYghNeeUdMkngATUpQ
180502,Ru4_KWyTCBfJDuRitI9CBA
180525,cewQkHlvJCcqui5VWnmR7w
180534,jmaf7w1YOfxXITqUpys7gQ
180600,e2Qrxky2XaERMbqaYVctcg
180608,_OqUOoeLbVu7MCbcjZrFlQ
180652,3dhZZzmzRZrkzcgRb1WFXA
180690,zt_etWzrQZYhWvnHpof49g
180726,xWiqS8v3dx60JTcaEj3xLQ
180764,h6TBnnARlwopGhCabUx0dw
180767,SEZvWFpxGoUFhaj4l4gakw
180804,DVKMYJaZhCjDMFmTjhMlzw
180897,JYjXzD7QNFn2H-WP3e3xNg
180904,2_wpcGfTdhLv74f90YctHw
180925,WBc2kzfJq9jY3MoBq2Z6lA
181050,ilcT5ISEq0amtTJN0MrfRA
181109,SBsaa6Vk7riDl2UIIbE9rg
181200,CylGFF7JnQ3Mec_hLeqlHA
181216,UOtqwSZJqf9A5nyVxZMoMA
181252,zvBZNlLjBf7Zxyk16kjtZA
181308,asOBzJAe7AR3owNHZ38voA
181310,PbMClQcCUPOEPg7hPMBOgw
181384,SM4eOw9ivKssW-u15ZsBUQ
181445,NtLWtsI0s3IY8qc5dH3Qkg
181463,C0vXKYiWuMdgZZf_Z9lXxA
181481,v-LP9aPU3c5u5aY0AI03IQ
181561,ho0xQ1kPCnXMVSR8PQI0BQ
181638,jtmhVfYfqh69S1OQGaMJyQ
181641,H2PRBbNkyK8lJUsyx2IrjA
181645,KgfvgIIQUxnyOLkk_ieClg
181670,LZNrD8zcueAP9b3ZmC-0nA
181737,5A5QhZnRWTlzI6zpV0cDsQ
181789,YQjP8t3icMP0jZFZHZVzPQ
181791,AEt3cZkvC8LsN1WcwhSSbw
181796,zbuCutledfEuNVVB8dDzoA
181823,kGbZKZQ1KRwP9eYPiQtG_g
181833,InUELCFIFEniLECocNtQOA
181866,oepFrloQtd_eHfLA5UI0Pg
181897,NPeLd2dJVfE7vUcMDQCdoQ
181909,1BmaXLlLn-qFtVyLgzx_vQ
181939,BxHULHeH97owi_Rt_2UqBQ
182046,27wa1TjzPQ26diWqspOC8w
182093,NboQrVQKGiUo1N9S7QG0aQ
182147,J8sMqsQZ2xl5teA5CkxttA
182173,5wqV5bXYOVuIYNwqnYm5Ug
182196,R0yROURra0t8jnIQ4w4qpA
182316,6inLwXcs5gAGpc4EZ37vBg
182387,sq5o9GjEUbtkUurfOp3sUg
182493,H0OY--pKY4lz6R3YqmMKGg
182543,_T4k1Bw3vIEGRAbbQ9jk7Q
182626,FxXMdmlo1wj_1azwM8EqmA
182634,Rx09FkFUWzEcSnSwvDVS-Q
182655,McXpJ8nwFEP4kawclzST5Q
182684,a6khoV8YA3E8WbGQBMzFTw
182685,PRjfCATqjw-2ABj7zybBzg
182711,v0Tg39GFsS64sWe797V2jw
182733,nymNm4o6PGT0FiecAtDJSw
182734,uEaHyiE2f4F19NOjWzEEtQ
182756,Rlzo2Uipp18DWXIjDGhl4A
182770,emfT6bOQvjIjANxnuDf97w
182773,a1O2YfXu6PYXF0QBV2y-Sg
182837,qwgGai92jZtzINflWzFB8Q
182845,oZG0NL9seJiZC_jvIXvSKA
182857,YSmpZleUpIQR3rKLPZYy0w
182885,ZuyH2y5iKwn8w485-t1DuA
182888,8AtYZ0kAwlFLOS0njEu_kQ
182935,ijscTc1b7JnjlLO1XBbVCA
182964,bxzHbuPzWgfhgOY-ml6t8Q
183004,-jB3zPUggULP28wyV0VmeA
183054,y4VGI_Q4mFl5vh4NCfy_bw
183141,Gt8KebjrqY_gzTQEvM10Gg
183212,QjWY-QiQh1Hnr-gD0ONV-w
183422,fDMLnlLv749FTKM0rdSH5Q
183428,cLZLte7NdTvIFGA4XK_uxg
183437,hvCD-UUJfxeSvfSc2GEeLA
183477,limOjQEnhQ0hZ4-W0FnkHw
183605,PEKKanuSWFtIe74juNqxZQ
183674,1t7l1JL8e4Mlq-ZmZ0-k_A
183878,G220PsjSFP4-9VOpb-cN8A
183916,ZSILBPuyPqURuRVK8yZQDg
183969,5aI_l0lKDynjZkVnViPoIA
183996,hDyT7vZhzvarltAIO4fkYg
184026,1wcGsjxWwjWbIk5FYrBWFw
184185,zggVvxhIXKDFzlD4iTV4ZQ
184212,A0cp0dfFZwPTdM_5KUVlOQ
184308,-XS3jcZYDX0gx7rADhiAdg
184336,dUoPtR51q1BbEHiTSX841w
184428,R0oNF0CZiHfKqEMpBjQQog
184467,kGvzZnWjUhWeOmV_d64AFw
184548,xfXpQIoNKcWt7nF3L9WiQw
184620,dHgND2BONLZYSXLkFYgmaw
184712,ADuzdeOm0jbWU_pwKSkTuw
184734,ofxSG1BTn1J0DYeNMbkdoA
184763,RcmqMvrxYbAxZUVrjcKwIA
184806,Pc3_KbNA7K4j1i6D3Ly0gA
184840,odnh9Kz54WWRUxQFEGdq7A
184878,0TgvOfaDeuQld05L8XCCEw
184879,fAdtZx8SqMpVLmd7qU9qgg
184892,fGILTreFzhDCz5qnZ43oYQ
184920,OCAZdRByWwhoWSfENhAU9w
184924,TJ7rBzSiMxHvepMYpU9OCA
185004,bC6Xvtb42UEwijRbcHxPbg
185030,9fa9rLxqRgZoL-MpB5sFVQ
185056,IyvlrOWIT2aSMnQ3UQV8jw
185181,J-qWiIrCiHi2aVQ9sapdZA
185208,WkVsELgkkucp2y5cUI40RA
185240,bn3gTZziRZcVH39yLlbQTw
185251,mkYAxWopVx7bdN3c2RwF1Q
185259,l9rJRKa5lva0-XVcjqyIvg
185411,fxENORUiiZzfqd8PTGwlfA
185425,qYJIdg7Xk8CfBo-gwzvGQA
185438,_KthDGzmZWQC1Vzazgmfuw
185514,LYvpMnV-UEuYQUSO3gGlOQ
185558,53MNym_R1zYsvX_ga3j3eQ
185559,4sm-jiGKQYgcQtIw5ypyng
185566,MJ3ai0mTrHURpdKIwIge7w
185653,gUcOi6S9BBVUdv3xC3J5WQ
185723,OnIYckxCqNB3nBK5BU6Q4A
185889,YBuYMQXbURerJtHBOuZWRw
185898,e3ilJMOhiNFVcMg5I_BGPA
185903,VHhaWmG6eNmzCTM2ot_O5Q
185993,vk3ADaRRIO69WWfpDcAfJQ
185996,tJwDqfLDtKQxFU2I74zNbA
186003,WuLUhsx7yfIT9LMKcr5axg
186032,8t2diJtiMYm1qdkHaLEXsw
186083,daFU0y-BWyWYgy3L7i2BsQ
186117,z9p6M8zOFQ9DUd1ex_AK4A
186152,plZeBFSLobu9B8e8bhL4KA
186212,BzVyLMQjv4q16ID-o7BDqg
186231,-LknFbh145E2ieavENryJw
186275,a8T3MMvlx0J1wtTNYy7IGA
186354,cg_u_-vcX3J4XmnBfnQfQg
186563,2keNOozhi7WNbJdvihuzcg
186718,24jSabBVsa1NB_O9TSzG0w
186886,bUtEVl-lGdEAxXwgTJbqoQ
186910,hoQKv4GqyYPVsCbCufCDsg
187027,ia5_ryapGMJ9yBP2lMEj9A
187040,L2M67jd9GBNx1IuWL9nwCg
187078,iriu3YQCrJpLDMli3uUrSw
187112,hK1-facXxouZYp1CwR-BsA
187203,sBRDn7w7vstFGiZ_NyW1bA
187221,QRnqweggJ4DDtNNWX-yaiQ
187244,b0mp3lWIi3VmYXa0uroFig
187254,y3fw92sJtQ-CAb2gmChY_w
187260,4u4NnbJz7wQ21Zz87uejiA
187553,6FNPQA-f1o0h3OnMYCkbwg
187682,mohPypzXnd6zgdIQXWIMpg
187730,wSYIyUix5wfnvlDgWBcyqw
187760,ZLYsh3-PctkEVmbsXiFVXQ
187761,V5SWHQ_CSkgElJ0UCSVopQ
187792,nxJm_ovpciT6uVLS8OGAOg
187805,3sMO91JLlD88HDcfVHgXSA
187874,dXU1_ChvX0O_9PEjDQLtQg
188033,z3LqhsUiXp1n890e9JjHSw
188062,CHIOCT0IA1bkyJhtqXNvJg
188064,jCCakaGppVot-qho274z9A
188073,zqNlfrjOvWPSq98Vp-JgsA
188139,JTzpaGnJXn3PoE5LeaKPdA
188267,Iz2wsE-SLgwuoyLDiHRQAA
188270,EoNpHZuz5ruKWYb5f7pkgw
188298,spcriGFJ8LiG6bRMC07K5g
188348,sUWqNYCbysD-1hgeNeZ6cQ
188349,3BGSthlFJ1FYHo17xcqWEA
188370,r4h16FfswBXimLE4yX4uEQ
188404,OQ-6io_9Yztnz1ynMyZmXQ
188506,m3DU-xo_AKi6nRyHcry2Xw
188578,15hnc6hQpnv5P8Q4_-ImWw
188610,A5DqCXFgQoh7RiXzUiuJvQ
188675,dGKvBttXECQtI9w8Q0pqvg
188727,eIUFKy2PcYTmYVMhyUipmw
188777,JDx8dx2uvwgyvSdtHNIx-w
188830,nPFjhC5wZ9t-kQ1jmi3X6A
188839,j2sYVJPyvs6TLDLMftpSUg
188846,rtyrPUsQrC8xBz2r_PUHfw
188986,9RF0LP9twgG5lrmg45LxSw
189006,O5lSfjdKWzC4OGeWKlXPlA
189060,iZCHRZJpunXz3Rwp3moWQQ
189075,JiVI39ovbbFgRkp8fbhpQQ
189103,9nKJ13JiexPQ4KhsaLlPlA
189112,8tuBY8eGkfAwUw-qw4SZTQ
189118,tgTyLg8R5xGYDsEZY-y5Lw
189126,NKGZC-Pgyixh762knWSbxw
189148,RsgOy2168hqRO1fZ0lSf8A
189153,NFb6iH6vgW8fobw0OVI2IQ
189314,C8lUA_Uj8Zn8CwL5w_TJYg
189349,OJCAc3hdUiA0frBmafDNSg
189492,jD04QWy4LfAQDITNgEmc5w
189519,boGrzZ3ng7m1ykIet3bfxw
189541,XfBQu9NbQwUhHiKAx9aHZA
189642,6DvZ7Uzn1WphgMAafhwJwQ
189683,5zdR56pHib_9hCW_MPD_VQ
189693,YTkZ4UI_R9gOe0CcjkBgbQ
189775,w4CCwKfK7NErAtM6R3hJSg
189782,jwNH3Ae0aEgwooqTxgkJvA
189783,0kDohMLzD_XrlQCJCkCa5Q
189792,KGcrgKY31yDirklfbXS8KQ
189849,un57jmAL1PNbAQBTh5GcEw
189938,7-3YeEyKW63hDmernfvxVg
190128,9dxlQJGadqoalGV09RSyjg
190174,3ycmk-nr8Kjjw7eYC9Wz4Q
190180,sG_tblh3xHnwS5X9NNJW2g
190183,vyU6Cz6V9OAilr2A7PouDw
190264,MfyljCPsGgBx1knfMPQufw
190309,m7zgttX4EkdZep7JjqK4sA
190321,hR-lPkY2Z2XmAt-1PCf8Uw
190326,MhjfmAv-phJQjXLoktQStQ
190337,XWvpzIoLHJZVPv_1sQhLRQ
190405,RkhS1kJyIYuTxmU0yF5OAQ
190432,jKdajhUXGxWSaRFmUa0-HQ
190442,GlrIb-IVFpLh7VzdL-Jbcg
190472,Z7jPrBmgKGtkNqwb55-2-g
190590,F5hPhQhMM41azth7-87B3w
190634,Oekoz7YMzZhhZ3Bdq9yvdw
190651,a68TgKJ80jF7XEMgYvwgbw
190725,96F4RLfOjt9JqYdmXsrsMg
190728,vTZqIxJ3jjtXeIY5V0m5OA
190768,BfsnBHPcRs_EZT2WuCmU-Q
190787,w3X6ZQhMglB1pPybplAa5w
190905,yVV4asp1rlAqsPFE4H8rEw
190906,tL0C1etIbpuul8A7mMoL-Q
190916,35aVZL4OYRFBeZbuKXff1g
191054,3far1cU6Tw8Mj2YcUEcj3g
191073,1gpKq9HmlqqKyE4HlG6Oxw
191084,ZWzqCcTjkjIKLPo-pWzTLw
191093,xvroVF09VOmtj7Sgn4jInA
191182,0tv9BRYehaIunvKisTscDQ
191199,flDP-4hi2wy8EVl4OnjneA
191245,Wd_Y9BqrM_oQ87ka90N9pw
191260,AISAOHQkh-tMDNX4rC56KA
191336,VOHUa4F4ROVbaXBW0uKBiQ
191369,tg4iUxT4ALtsq6zDIWq7qg
191402,SH8zWnuTkChewesUE97SQA
191569,YwGt8AkS1WxDoODyAIg2Cw
191619,ezeSYx8bKBdIROHJkH26Eg
191670,h5GkKMgz0PhUFxIBtf7QLg
191712,_aL0dwHmi5iJaogR2IJiYg
191762,4XnPHxcyJ2BYRucvSmPvFg
191823,r7hoTm2OVEPs1nYAEZgcAA
191842,S0Y0F9E1NXe7BIUIPQBNfQ
191854,efUy6HLWBTGUk_s7shl6kw
191911,KqBNX9uVvYxKj8DOIYnjsQ
191971,weEXFkvqF2VwZB_yejfESg
191995,nEor4mWZX6KzShC50S_Lcg
192034,J0caugANP58xu9S6CxlI7Q
192074,5ZpCW44tReenSvYt6OkVkw
192128,YuHmQyXrzBtSoCMygS9FeQ
192366,3hZt7oAdMlkGY4SMupeoyg
192472,WXOdx1cj4Jqn00IrLfoNnw
192489,C9w_hHXORCuZxJQEr5fEvg
192507,sbzX9YsopmIcAJSzNZM4kw
192605,r6qWdmXSUf_j9tYKwYbCKA
192670,IP8ers_jYwB6x8aPoUv9bg
192721,ms_mBJ_p8wyTn2Mv2pjdcw
192868,aU8oJI7AWGIomPdCeLl5QA
192921,Sdx5zjurkZwdN3QKjL8Kgg
193091,crUEJmiWiJvmSJmr9eDA0Q
193132,mNb7WkPoM6-p8wmNaylS7g
193142,VeCwLMImujeoEUbF5kVL3g
193170,A27GD5vVnZz1QJYeirWxcg
193320,SNFN00Gz11Gjx75UvRRdHQ
193416,5LjxaOQbL7eZ6R5sn38C2A
193432,4oGWbAyUl1mf9BT4sUnM4g
193560,IIFa6iz-Fn_1qgUUgoLNTg
193566,5_zDuSBS0rTDK5CuUdkVkw
193596,PrRek2gftvx_e2CS8JST8w
193637,UR5YKKA2E2JDHBeh3LJWHA
193735,BIDPUmoJcAuOfV40xdHIoA
193752,77vO1vfGubNRMR3uv6nH9w
193787,K4IrpAyrdJz5oRBACdc9ww
193849,UNuexedbAO28NsbFA5iq4g
194106,oUB76mODwsa_AMjSAcdVTw
194162,hKGfwMfhjRskjZLgybQ4yw
194208,vZYMRvC3bSe2vFnZ_b1Wgw
194213,S4uN2e0Rl-qA5SanDMNNsw
194278,LNkDbT1fcQJRH_kEYBy3TQ
194331,6tpMmxD2bc9S8bX23wQiSQ
194336,c0UWFFmiaqNIG9-mPdEUVg
194384,KWzTJ7beZLzZg3YcQasA5g
194409,gpVzs_mxBG1ULeTFFBq22Q
194413,YK9gZjBJhLf6vMVVmfCtQA
194434,vfbdlEBHCkykM3jxSmWp9g
194451,XejomL7Hd3azr3lTI_56oA
194553,nhpD6-1E7svc-EO62vi-KQ
194685,lIvmj5qV1XDfkluhzbmm9g
194741,kEYdKqZjubRGHM3v2GRAbg
194787,HXlJBUeOUSfk2jaa1UZCHg
194902,L5WILGzkBTCpImKm3SWdaw
194999,vfiEJ-2OYzO29ybVTAwq3g
195177,pEdVvUinNMxbMedlmBhJbg
195199,lL0USVfqEx7SHzRGHplYng
195235,6AoZdnaUBVIdLEJQS24WqA
195259,wlVFVXlvgvkrydm8ANbqmw
195305,Bvs0x7c7gt75iyZRtAPDGA
195306,WdChX8_eRQrmZPwqsbtOjQ
195376,1x3z4t33GKSBOEZjDK-wmw
195379,-MxuHhYcOQm2HIVBZxZ7Ww
195386,OGPQPmFhUvBZ0C5UiTjJDw
195405,oVCeXwGAijxvcBiVdJoKQw
195414,Kf_ZtE9CR8IsfCDsEegr9g
195490,QTFZf6TRZN-PxybPCPRI8g
195597,umLYZrqPsxsAEfF_xMTVPA
195617,APi3w9p2tgMAEFTq4RO-9Q
195629,rP15Q8YyByo6v9UKq6Z81Q
195654,4AJjO_w5jFOco4ZEpMhHBQ
195704,d9SqwX-1MPlN6tFWn0UoAg
195705,j_DFsyauvcaMfswt2A4eWw
195769,cZa0uzXDjVtUxKu5ylyKFQ
195796,NHcSMf9RrmMplZPmL9j6dg
195829,5kbD24BlbvlHg5oLq6QnHA
195924,yskmYFRGRTI_4JfdBpKvXw
195931,RMcACz_nxuGSzVq0nSy88w
195979,_Ow8jV6igqIUEz99coe5YQ
196003,wVR5C0IDsq1OCguT-1CWhQ
196014,g17L2qjGe5bLyd1ukgaSxg
196052,P8UoooZI-soDVJlakseMXA
196078,-H8aqcG0XJQ2Hy2Fcp0iow
196121,WQbrXyZg9lObW4oz4b3S2w
196160,tGvRQSI0l8fSLhD6k1qYZA
196225,EzEIWnRZGeYmw4zKma7UYQ
196321,f8q7D5s6_jKkmaREciyERw
196333,FnlDr8vf4RV4kzXtQ73GDA
196481,kpxFdS2KuxaqSC_JZ6doXQ
196486,-UCtQL_Z_63bVz8ZNlo1yg
196507,wBu0L-NvYLm52MG1EPYdKA
196605,9cg6lSfFVLBfCksIVFEbmw
196637,aZk5-wT3OactR0lkVMbaHw
196649,TMBLciAs1hFiywGyoNFtlg
196668,hivAgprelEtCMGCU-hbPXg
196687,FOq8H-FDGiuQ3roaoYBK4g
196703,qzTsrPJUZ41Z1ma2ShiVdQ
196769,nVs9ndR90WdkfwK_nko4bw
196777,Vk5jcliio7TKvcQym16ZTA
196835,7Jk3d_PGnAkTfCvyxCHM8w
196842,Zp-LjiJKxFMVkHBSquxFmA
196929,ZMfLopgbubIywNgTO6GNsQ
196972,vtOeRvl8zFJ6czXzF1eEpA
196978,owhaxAR5vfRoFm5I3R1hpQ
196999,FWJ5rdDn7lob1mas3yQHHw
197146,zHW6VovMIyqfBHf7z3iK5Q
197272,NomwYf0RcsLyAFGA0urL9g
197281,0laW-h6H4ibgjeSreYYbsw
197292,LajillSpd2lLU6NU0HQuhQ
197319,BeDjWFDdKIRXIRfULvjVhQ
197338,65CCgNDvBGLJXhgjshNdtg
197341,QfTRMsABLaWb4C-1GK_Uog
197352,h1n7_ctPT9LvsC1GfNjneg
197631,2P-lEJPZ1LbMqgn9cO6ECg
197644,--gg-MQh7Fsqa9oL5hsoEQ
197685,cJFEnKYYdSRL_JPitEEOvA
197739,dxxzY2Mh4G677mbdl1UqAQ
197823,HrUfjbXeICclm-yrdSKzpQ
197837,CrlBJBckW0_py7EMHXNkHQ
197841,QnStly6i8GBcMmZLSxOVLQ
197963,8utZmQJazCuLyc24PhPlMw
198078,ZSlVabgyfMuvI77TqahJfQ
198089,-jMkvKN4vWRZ2GngoK95Sg
198144,yjd4c30h4RUIS6ClVtJXtA
198148,fweFDA23KVy1t7cnbbzUlA
198170,BjzlDog5i0YQFfF1EyzOCw
198208,Dbh-5T8dAm9o7B2hSeu0FA
198271,woHMyar1Ub-NxM4XaqEiAQ
198300,QsDxqTX_UWw6Fzz_3y7-vQ
198405,Ft-5hlp-VdsoFUPvdpoN-g
198412,mY5lDh-q6F0sGk4sdFBChA
198430,EZuA0qTnG7h9XOwnNpuB2w
198450,O5gtvYnBI3jKPSiKAoTgxg
198464,i5z0mz57vSsaW4Y7mfBqtA
198477,9AjloX67QHTyoVdlGLYdVQ
198600,MlAjdKMnneVhaQZntkzzuA
198611,6GihnRz9JtLkVKIcvhV-ew
198627,QYHpUBHh-51QhQ3_kDwGpA
198628,jOglMKz_fO_ZHrP0LYbB5w
198870,Y3dxIWQTA5xmKd1oyiRXiA
198871,N1aheuyVyxdd4TzGjq6TKA
198873,vKHSYCrFog6jXPn6wvNp2w
198879,kELmL5jlbtN2ZBeaTOy33A
198922,Nh49PCKc-f2_ny0KWHL3FA
198980,VHtwwMbIWe6Q658l9zaJ1w
199036,fAa0jZeo0xsfGWgot5k6Pw
199104,AxuoTnJp1mz2diGvHvuVMg
199121,zN1LzRllfGiVlK08tIDuxQ
199147,334vD1yxmAhZkZN6iaGKyA
199160,MnbT5GZHnKHNeUHbllb-Yw
199164,lcxmr_Mdayu0hQYaclfmeg
199228,LQHSP6RWKjtlAXLvXqlgew
199273,zrKlSgw_P_Ry3jYWi-pDHg
199300,KNENUhmYBciUK7kzfVA1jQ
199344,9cmP6UinOLtwCqQxRwT7Kg
199363,-y4xBCpHLANdWQDSMMAg8g
199374,tUZDtLGs4LkcqmqMGB1xUQ
199451,LgnhavFCL6xvdHQyEW7xiw
199491,843ORykbiP2BQQbn2A23Ag
199499,UdOrzmeTNB1zVLdEd8xVaQ
199502,7PWpe9iw5sZscwP2KXIlsA
199568,eqZ4sEX1DuF02042gPycCA
199630,BjiA7kcwQCgiV7PkmlPwNg
199636,C59_LU8NxGSTWHa9FIgHyQ
199688,dpDqQAQbWn8t6cUQj3Ehxw
199702,t_yGcaUFeUm66Iku_fC8KQ
199707,Q653_adCrmRGnuk32yT6UQ
199836,_LZmZCpFIlHy0Q7W38CZVQ
199842,BGybdJ20Cq8OLggWEFTi4g
199949,E0xGARlAG18GZ7v45PLcjQ
199961,gki55wSCGv6fPDIcQdXH2A
200045,UWppUgaqinS-do9IdGRCXg
200086,jk6cczlxJijjSW9zZbo7YA
200178,--G-lozWIRv9UXtHKzPPMA
200200,DV1vdlP309dgwM5xFi0DUA
200225,b5SmKF0AJiN_QSq6X6FYlA
200252,mqmOoKI6tV5Z7qh75Z2wJQ
200265,0ZkDxPpW0WQnXvFbLA5YKw
200334,UvU2UHuML2hk3Nhk3qAyQQ
200378,BCzxpoxxdyxJnjVn0UdL9w
200475,5JEq1wr_zmh1Mf0sjd0Rrw
200491,CFw8e2J1TrjyrK7F1uhZdA
200560,PgCS-LqwmycM5ymH0vOLig
200675,mfjRyDqiFNuPsqGa55THsg
200704,WxGfstGShn6uM3eAivVeOg
200767,DjqkNhDFUDKkoSFZ8P8X4w
200833,ncU88iBgl-MSufRM_DeMnQ
200862,_gpX1mfG9hjbwaZXEZfr2Q
200953,qnzyNaVWLLyK-NR8MBLgtA
200987,_WB83JoYnZHEV7qXLM4Xdw
201005,LK2DCd_CR3mZoNco4IoUmA
201041,nXkLSNPqEGKo7ZEcZ8vDPA
201087,2r_LY5pP2SxcqBj70Aoplw
201125,XkrlqCvJjds1Godhxbbx3Q
201161,MjxG9nYdCccvJttpDPI33g
201201,rRFV6ajlpee7NIj7A1tmSw
201277,oPICgIkU6IM9ZUlBRfnwCw
201309,CCNzFMbcFcEFhvbZupf3_A
201415,8RjKMbjljCZjm1QY8Ol1gA
201484,90Zz81kxDU5dgjF6-7ujkw
201496,Ua36cIHS0N72uBrsvbjx-Q
201526,6fZQKSQoad_FajRj_53sLg
201550,s4HrEkxDiZVPvQIeSbyTxw
201661,X5I1CKA-PysbpaqQV33RAw
201716,KL6_eXhhJAzUG6RsDpkDIg
201780,0AU0quT7ECkysIo0LfbVIA
201792,v3EnmeP6SaQVk4rpCD2Byw
201858,Ovh6RovB_4SAY0dQmKgSEQ
201878,0MXc0KhbQOxcSRO0fToLYQ
201908,lWg2NzXr6h3K740G9DZLwQ
201999,AiB_TlPVeduVV_Y_CMGNAg
202025,UaAObGGJ9VTPW1WZ-fuZQg
202102,uGhlZMBantg_Kw9rqTpjhw
202309,vCg8DOXf5fMP4JRLX2LbLQ
202331,0XWMVhrX7iR8prCHmKabnA
202352,yCDRMJOef1bDPJeV_zHaGA
202467,LuvywkK2T0EASkmzehat9Q
202512,k08pUsKtpckdqsyzPZW9Bg
202563,5x8QgRQmG6_pfUzqod9aSw
202590,9yLe9TZMSHZ2IJvi_X9COw
202607,TscPZy9PHinhKtsZ_mTDcA
202625,d2Ri5eM3f-ZpcWdiZUyJEQ
202647,J6ZvSudT67TSaNL71OTbVw
202693,lVKQ5soGAUrjzrlF7lu9pg
202810,BMFE2Q8cNUKDF09dKRH0UQ
202883,C4buDulxSCsycliJD42izA
202898,skJJcHElAT9oJD8xBsiPYg
202901,6WLOfAVlsjVtYaK486PrYg
202932,ns_MPqqaHyj9nLcycpt49g
203065,lFP2zRRowYMGBhFfy8viYg
203178,jlq6OYsliAu17dRySW3g-w
203250,HKF-Kk41jNZCGPLArrk_0A
203269,bOFtCyllRCjbCE3GxU4FrA
203307,8u9qJ16vJPfvrbQ3fm5wxQ
203312,AWvJJ_cSGFgeLx225mrFqw
203391,eud_KOCob-VjwGSBDREh3Q
203461,kFFLONLVY4uWZUsJiD7igQ
203502,op5ikTkMAh7FO1NJEWMUVQ
203571,RAvFks5UyykUWfvU5CUkQw
203587,anl-EMXBeEKt8t6Iq3exPw
203600,_tELH3KV2KDufpXEVUZOvw
203631,Ez7aPNwRJQi5RPfh7C9tsQ
203722,a2bCWdngL5KAwkpDA9myTQ
203806,oYIQkkMX9M9WSxc3oyUwIA
203825,VS-9jcBPUDZHBHMoaZNK7w
203873,50cqasx4tF-SCYZo0er1KA
203910,95ra32ppyz0TRvqeUaNTyA
203931,u31-bAVv1artFz91Zo6JlA
203941,lqEKfdY70RIzan03PaxLjA
203967,GdS3s1wRTrQ0YwnzLnOZnA
203982,-7jvhIzQxUgoQeeTccfVEg
204048,B0fkcBBzO6wbRRP5YhRfVw
204065,o7AKsHyGwg5t5mWNDWb3vQ
204076,0xRBeMmvbG2zmRUznOISBA
204112,Qulf8tRqxSaDKWvYaQjGng
204118,tuLIRV9jmMnGO3NzAmmyTg
204148,EUVL7FCYUqF4JeVBHSigAQ
204155,_0L4CuD1tB3YtQt1p1cmCw
204170,IB1x0QZyjEww7bZAQGQhsA
204223,iHlzARyHq6Aqr8SizSyESA
204276,xZX0mkjrrtq_Op4CgBZXsw
204307,4TNpYRnMDFjjDR8nmWuBVw
204352,8XYbKCvbB83r1rLpYbw1Ow
204407,LcY-MxmOj7zBU8cWe2ow8w
204428,jqmUYocruPqi-QimIPBu8w
204504,k4XCdQ7P5g-bq1f8af-49Q
204558,l-8qZ9cT4UuVRkdvXU3E-A
204638,p4WlbtWNiTmp_CbHRDNVZw
204651,UqWxxBiXSJw3hpdo27P2cA
204670,Tfu7w0wk6iegStfJIDNOEw
204719,GY6zQGTDp2ZBF48xD-PrdA
204784,CtYYmDVNeEo9gmrXUs2vPg
204803,P0ZADvB73AR8flVmO50A0g
204805,ZwPvu4ZqPc0y8RwqgqysfQ
204809,ITejgfZBhd6AqyPeMlVXrA
204813,U6XikmGW1b4ZbuUEjo2ZOw
204829,33QdY5ZkEj1X2pn7dwt96w
204837,-A_7gJOmPRxVlgoAoKfylQ
204910,NVJ2uySCi6aAzE85X9-3Hg
204980,EARImzliT3wHL5vWvsIEKw
205039,6xj2qQ51yHvlIfur4-tNHQ
205089,-aX9BM_8E3zQxo55X6cnHw
205101,gYimovOyHYUJ3nUdbtlTbA
205196,YRSMbM-MbYJ8YVgA3Qe3MQ
205253,9z-Vob1roSvylRBZHIhSJg
205281,Y8tQU4LiAE6fbiqmZ9g7Hw
205292,vn0k5jKwUvItgxdZ9VwHCQ
205310,5lD3Qdv7WhWuamyQ0wy9qw
205324,Ke0CEjrANkR_VLwm3xSS2g
205340,kNA525EN1hJCMUN-5GNJzQ
205401,MwE4L7HxvmHky4RNM9lzjA
205473,pVRdfrGTEMY-1SQT5OMw5A
205500,UCH92le_A_73MVO6jviHYw
205501,1CC1W0TjD27dFOTJqS47aA
205509,fZd80ZPQVjJIqpoU_7Nw9w
205525,kJbO26i7Y4KDaQKMzXvJ1g
205574,gq9C71swzFZfIKhW7wY5BQ
205689,alCwH7u3jG3m7n-tElsFCw
205709,c5uEOK0gSnC8dTvHwlBO9g
205711,T_-XLWFby_TXnfzjB4aLAQ
205739,b2rk7oFd7y4yQdkUGtRRlQ
205785,nVblGOZK5jhZKjARdc2JBQ
205791,B714gpDun8QPe8YCm91jjg
205806,YPO9NhepsBJwDVKn2EIjFA
205817,zr-VEu9NSwulk6dwep-T3w
205900,exoBY6pmfdNhfN5nuMSrUw
205926,-Qu6YVxes8AR9DhzfZ3lmw
206012,sekKJMep-FYxFrJ9N8sUIA
206042,9zlaFBk4jhXFxZnzXwzoHw
206076,wvNI9NeRISvboBRrsXysrA
206084,ERnTP2-1r1Bu4H5iRrZUiw
206126,6qXelCjhRmtpu6_9C8DlfQ
206308,j6gRcOz9lxjHGmagHiwlPQ
206329,bWIFXU47DWfmPz10OpgB1Q
206417,IC2G3AqNOYEW_nvseSCpkw
206433,j2SmolA0kvFwVJSDn8xDVg
206453,4_AQvEJ4ROR1e3aUfoEMnQ
206464,n0F5YQMrLeWmEiM0lP0AhQ
206516,m_SNcq9iwT635uI0CWN5GQ
206526,2ffshLkMt-x3OiwAs6SOcA
206549,xWtITPT5uQdcvMu0uvvDkQ
206563,nboVxMxiKJrjiRSK_UU5tQ
206663,9-C3iUbjOCPSILKPvO1ZHQ
206684,3cTEvt9zUhroxeyupFos6g
206699,Ldsi0rB1aiYmuELBA40OaA
206736,6YtgjdlRr_GCXZAyt_jtBQ
206771,yDOoJYaCZW7HpdYJFZiqIg
206919,XUfzFIpdXDNVRFDUrsgiVg
207009,TZkMaJh5OKDl4RCfu9pcTg
207014,pmAelOsTPzVjeg1VKwqVfA
207035,3uR-5I6VWzUa_qq5HXrcIA
207136,SFckHb25PngQNjfJVeXaUA
207148,zvFf2xPpzslpfrHLyzQk-w
207224,oWE4iFeJUZZ41ChAKymRTg
207291,4erdutq4yzZGieroIAdcfQ
207323,jRBYqf5Jobq7TSuE-bJgoA
207390,UqlRqLb0DoyPWpYe2J_S3Q
207473,Hfia2yADzslOEgne0C9jjw
207536,N3J2lrILZMU2915MlckpCA
207593,RoqNouXOvjrUUGoVZ5q2Ow
207606,wMhyHHq6_c68zvcvNPXboA
207616,hPTqD4Cy-LfX5AHAWJTEsg
207629,NSpkjfQdQb4LJHowIbKsew
207695,i7umw8IWZwOOa0cfql17BQ
207723,Gnn7LgvA-ebuPyba-zmMRg
207745,J4MNyecOWIU06SC0DchIMA
207761,Qky8nAPeV7WRCrfGpdTuOg
207920,QCNfjBR11rAm1Ul7CNtgSg
207951,AbLvCtHYmNHjpFBdhdbilw
207964,6C-E57HrPlgKd-BoJPV5cg
208011,xT5bLd46Jim8LB_mI2rocw
208248,U-nR-U-GF8EFKg8sgtlgSA
208288,UUOfCXdLIX9_aJm2xj8LIg
208322,dL0Z2aljVDnyhl-ZrYsjaQ
208366,0b0Tht5fnhzDWTc51frQuQ
208381,mhsKWjVZmdIZ5b8SyX2wvg
208385,igoAOdqeP-s2lB8o5Nr2xw
208426,GirVHvBLkmHlZbkzaDKR3Q
208517,NGr81HQz405TfIOOOlom0w
208532,SKPFWBvD_v6ETWH1Ujndkg
208622,3Cof4eKqMsYHewVPNmM3uA
208647,OX4dKurI6SA6IvcNGiL6xg
208661,W8n5Jt88eukmXnq7qxCMYQ
208692,nfM3KCsflX7dzE6U-bp7OQ
208724,ek0dG_UvlIOnp-6Ku1hJQw
208892,oA8eGX9LMY-0SJdH0VpjcQ
208930,5XTYTMH_f-4m2f-5YGD0Zg
208944,c-9vOigci3mEENBm4UNUQA
209061,UH69jpJA9rjMDUq0cAlpWQ
209073,7JfE4krI9e_U33iRU_H8Ow
209151,hQ4ZnJrISQazyk784yF7Wg
209187,f7ImLmuuGCo_oQfitoEFfw
209204,oMswKO8jz9mEYZ-3oRWNoA
209285,BoMQH54Ar4GIPoBJJcQDkw
209304,k0Nh_ZHyrrHN2GrNoLb-fg
209366,zGVgNvTgHZVXFFYKWc2caQ
209388,8P2eEXwD6C1c1kUGYwkfog
209488,AVb2h4lgDkyYD9_EiVKqhg
209515,-vgpXGAvDLke8XguV-k0ug
209580,FujgxB6H-lDdw-hlde4cUg
209654,1mferOpaLKf3Ok1zojhErA
209752,IeVtus4m8wxgExoR5ZHjtQ
209755,XWdShT7y-2wVOCj0pBzQTQ
209762,r8aD9TlWK9BZuhBjjLEi1g
209767,RnLdOMh_30LJo0b8SlE3jw
209831,pg2t_UqWmWQntYRwjA50DQ
209840,cNXn5_nU0GlBVMlop-aAjA
209876,ep2w8oiZ_GD02p5en8Uvdw
209881,oTCy5csoKTOJV6ftrVNHLg
209891,I_SR4MZwDS3vB-H0D9nUng
209942,idmYwdOxTImIb7Qjl6wLbQ
209985,B2zrmQtVj9Jqq7PBuN0nxg
210108,5wieCu352Q9WGZzg1y9qVg
210134,3bSci-H-apb5XYgEKs03gA
210146,qUKEXVpDEqh3P9ZlLNkHKg
210147,gIEdW0VTlfcyIUn5bETkrw
210182,nQ7_8Ceu9NhI6zP-lcjqVg
210194,SX7iw0gtfJ-HyT0kl973nw
210208,I9y4GVWiC-TntG0DwUtnVw
210253,c09VGwikBf0_ic0u12ceAA
210288,kEG8MXNbyTfVn-NWZHHL4w
210435,_A9PLF7RjAGJ_1482zigyQ
210475,fUFKkN2L2Xy1vYahsfRLBA
210502,4v6B2a_0IAV5OSXIRoY77g
210545,uOqQRCn-rra6ZZolUBOn7A
210600,ocCj7OZecWjMGwgu-GXt3Q
210630,0hG0qGOwh3UNtBQ9o0eBrQ
210704,vpwagtdB9OVtCNZjMsW8yQ
210728,4jIMrRj8lJPLNUhgd6W4Ig
210736,hbahAGJcfoOAv_n0rPl8bw
210817,86botdYIvQGMMlYJqi4JTQ
210871,72ZXCVMP5FGU5IwXKOzE6g
210886,lmc7Y5maRVpoPysQuoVz7w
210888,tXo6N3lONue1JECbtjRpcw
210889,nGzVFQqWpLhqHoc5GKez6w
210963,yxSdq7FVM2hTWPYCG2pwug
211008,djHFjejnfGpbrre2bMuoWQ
211014,ioYhrmnZyCbO46D-K4ZTZw
211056,iKhBVWT3QMvECkWezd5QVA
211072,j7nHgpqrU28Npa8EhiOsaw
211076,TM-U-y7HJR-g1hz2xMsTYw
211090,B-__XjFm3ldiAfteY3FSWA
211140,ndmKn0C9uaFodvK3tt73mg
211330,CcrEoiXTrtuSdOwhs6djRg
211354,Gha7UxpctGC4hcJ_7SaLWg
211368,Sh4W8bdWnUM4SoXXsW4zqQ
211390,gKDL_cvkfomWQzxkD-F7hA
211441,FJQ1xMRTT3DGlQNJSaNgtw
211534,NJVpWvDsbIp58dh2qmH79w
211623,GQHbJWUYEjvFzQwTznlIjQ
211664,wwStsjvJYlTOgFl62nsXAA
211706,Ms1nWSMUe78AeSSkTW2ZcA
211736,XNbtTTKUiJ3e_dLa24D1Cg
211741,yx1Abwo0ZYsKafp6rgFJlQ
211792,-_mZbt7RKEob7K7Bc0YNZQ
211877,9AU9TQONYvkscDI14CYZxA
211883,EgT7PG63R8NL42FTwB8uXQ
211899,Io6akhGAQ4GSwH4o6daV4Q
211950,2TAen16YBoCU2jogySDvyA
211978,C-2FxAS8GeKnt741W6sLvw
212027,uAUJUgvAhzFWIhKlcsAkNA
212132,X3SsTfYKwQsE7gABHPGgGw
212178,PUXroEAEu0wBRbX5zq2icw
212321,SCfpTTPrfFzAMi29sa_ISA
212360,Y40AEe5wlbD4YA9dygd3NQ
212384,MCID1OhdbeQezFisMS4HeA
212388,qCO2x_4FKOR0O1DSyVzKcQ
212564,5_7jqDp4hR-76HgTsQw4QQ
212568,inis1ezr9XQMq-YBOdk1Dg
212664,TMfVFqW79eMeFn_rMqv-FQ
212696,ObMPhJcG7k_qpshKmVULmg
212700,yJxpmnn1bia9jM73hBU1Gw
212825,LGlephT8xw5Ok2-b-hKmiQ
212981,OgeRRbdzjNQPBDQ5fZf2zA
213039,gVJMF3WIvGtU0U2KXWPvrg
213090,OnJ1-v5Eqw0yfThmWhU9qw
213106,BD9RzhFHVYv38ghYulX7kQ
213114,sc94xrnQv0nITnr353t8Lw
213324,0Ht4xQH5RVL4tK_h0NLnWQ
213429,dc8Qq48qgrHOihqOErqrNQ
213449,I8yS2WobUH-TRajWQ5frTA
213464,BJ2V69M05trju4hFtmTwWg
213531,AofIcLdsqxzwyuO3c9iHcQ
213542,QJNpJDRRtcgdVEL6gZNSZg
213699,J_vb6nAk00qJkJamEGx-KQ
213734,M4f9NS7QNRro6qEnxNdBxA
213738,HBMfBpUutX7wd-SWJ-llhQ
213793,5mSNXR8BdS31-rwkWIiKgw
213802,zIGafb4iuAukyqbpAE6Wnw
213899,T5_CYc59H0P5Y0cvzJqn7w
213906,BYJSJWeZ1Uc9-wL6EKOOag
213920,J1eUJv7XlTHbr3U9QcCQ0Q
213990,jpjcVg1LIW_MM5sTAtS1Qw
214128,bjPPmmddvkzMU9EmtjhU4Q
214158,HiH6ItvKoU9wY7yT0WY1_A
214262,t5lbEP1xAoIGX8KqT86RuQ
214336,VZS2XjyfG-zUlpdI-xZbog
214460,RcomBPQtVbHIgZB7j5ZAhA
214464,oy4mla7rBJUmYnroU_IpJQ
214477,tHmJhFF5PJc3Jo9c_6VEZA
214548,PfHfeU4pxT55Jrv7lSLcVw
214587,PV6Gj2bVzxrg7i3AfOq4-A
214618,ZjcXbpvKf7OxV3rp-fNsIw
214646,Q97yebratG4KHu20RhPCUQ
214675,ERBWWQET382SHh626yUxug
214764,TPZhSBc2v-qvSjaqpjJ-wQ
214827,LoPVNEXtZOv3PdWHavvKIQ
214872,0UhieGVEOzrynhPhrxG63A
214927,PhN4OdASjqBOcfgfQnYqTw
214993,QloThGD6hjQiW-VgaqucFA
214997,gwsvSkSLti_dYU4TI1-bhg
215020,qUmzOrGMfVmM-q-LkaClaw
215086,-xaIbxVdyQk5VLASuschMw
215277,G1N6uSHlw1weqvscyCD7QQ
215323,uu-HAqQ-vvGTxKh4piCJqw
215326,ptEkQLueDC1n8-B-p6Vohw
215369,wHxqQh4kYz6TSJSvmyrVgA
215433,Tt8-lcFb_9v_2VmxGmw-bg
215451,dl8Fp_K_r0HjspWXjDVn6w
215571,EBKRQ1ijXWR9m8B3IptNNQ
215590,aQs_Cv1SKwaKzMwXDJK4Sg
215614,C9NJVIRuZQesOkZ-AXLgzg
215617,uWyW-mMVJaqkrIyI1pqzWg
215623,0IupdsF_Er999fdfOjZ5PA
215695,XEXiNvd-KLf1a8D15YwInQ
215701,6YEkiIOQsIEH9_2yHvoXAQ
215717,WqO50TZeoJgHdUWqr6VdHQ
215738,35zUhVzpDY3KJn6OxEqdkw
215819,5YZ-xSsPFScDdWMU0o9p7w
215864,6ke3XUHe582PCrQj0gRHCQ
215876,V-aZcMkQWUYY0BUxO8Yptg
215912,0J9di8Jett4PhPK3jZeBgQ
215915,Ltfukxs2EckYkZw71LvYEA
215916,M4uMtmLb0Gx4Ws6fdDO77A
215921,8meAKAKZtaPBkNf1DRWhpw
215964,dV3-VYzW_Lyt3-T3muQQjw
216075,-D8I6JXpunE0ZewLf1p_HQ
216098,cSUOEDyCm0IzHqDclZChfg
216102,igzZAADSuT7MbGyPy1QUKA
216116,WMjLXSkh6z4kjFcAFlp4PQ
216151,p5bj_6Vs8YisqvAliHkY6A
216160,3gld3aZ1XbLsRAsl3QlsyA
216181,mEMC_PG0H4huFeG8vqG0Aw
216201,aWTNi1nT-LfEnT51Nt0Cdw
216239,U50mHKljpAYxDLLGoIY7jQ
216272,_PZv1rVBB0bb9Q3-026tFA
216373,6pEzphjnFPw8Lwu8I73K8Q
216441,EVxKb005zuLLBEOxIB09Tw
216469,6dLbdgeSAiusPr0VDP0pUQ
216481,Y8aIlqmr1xHfRV43cMbDOg
216491,vA0C4JaBrLcTFJBVjNnmMw
216687,Q4__nt8923QLwbwbrHdYxw
216806,W-YejyFSO8J6O55WCnbgzA
216828,hW4QZtG7xzHD1115VMnTbA
216860,vqy1m8hYSrCyvJ9uw6w7fg
216892,vfM_OQwP6BPgiSqTkt7zeA
216915,Pe5vWSO-SRlnYlj97X09-w
216918,wXv_l8VI1vQmolt9tOmQaA
216965,lnp-KBkgvE9n1T4J5BuGtw
216966,G-yixB12fEIalnm9yMPLjA
217105,9eL67ANsE9yhBzspyMMcbA
217156,yCUN_tBBifZt0bFjBIBZ7A
217259,4-7zHWnaookWFnVvd5a6qw
217360,M_1z8ImDn5Ss2uYBQ-Eugg
217414,mhnrL2CC1qKlQ85qm1LlUg
217468,hAYln78SQfRJPT4V5IJBfA
217493,L-e95nvy5gDAN7faupaaBA
217498,M06-fBcvvt6Odus5Ks7Sdg
217558,NwW-fOplVTrW1Z-ipkbY2Q
217649,eVOZeVyuWHpT6ZE7qak3Xw
217698,cgTjHwsILyNGIrB2aeidnQ
217873,5iZ2H-TnCSBBPRJzXLAq9Q
217972,xbe4MF65nLTWuCESg7Fo2A
218073,I8cr2jNntkdK4B3zirix6g
218155,XDoWM_l6lPtqQDNZgWVzFw
218356,jWyhqmmIcKxLyrRK0XWX6w
218358,a7OPpkyMHbG3SVqXAThX-w
218374,8j4MXabUZQF5Nnpi6Wtjaw
218481,6mN8UdCtbXK0f6XsdXLkQw
218496,akmyATiFQIOjS5Tk-xzxvQ
218505,82wn234crklecn7QUk7FlA
218558,CkocN8VTZPHyOLIAYyaUWA
218565,Rem4B36dnaVJxMCA4V7lxw
218576,BWZ28adyP6zKtwTLY5qmhw
218612,BhwXoM19ykyDCHiyrbsAUQ
218686,mNSDu5cXQ5OG0A-ML6jjSg
218697,oCu_mMv-yvzR3QQLSzLJlA
218815,23TaF_hSpIhmBZgwe_IZeQ
218837,Cd99EEcVrbjMzid_SN-dlA
218868,i4brgW-y8xOxAMtQPm_AXg
218949,-_vssXN-d_lKkjh4QzxmwA
219020,XimrBy0RETjbmbmOEh2eMQ
219037,GeXbR1stWhIb0ANpjHdUhA
219048,DxFtqt9qLVQ3Hz8NF2PVdA
219067,UWZmvj4wzyccHpiBb4mg-g
219074,cvvVjYXP5S4W7bCDtEkeDg
219156,UNsCH4E1grXUigKKIsVjEA
