pair_id,city,imagery,ramp_uid,src_pano,src_x,src_y,src_range_m,src_date,oth_pano,oth_date,same_date,oth_range_m,baseline_m,proj_x,proj_y,ref_x,ref_y,ref_conf,ref_world_gap_m
f000,richmond,mapillary,richmond:79,1279553583800599,0.885742,0.583984,9.624548,2024-11,974477358024790,2024-11,1,7.07907,5.905767,0.734554,0.612047,0.746094,0.601562,0.926223,0.959008
f001,richmond,mapillary,richmond:79,1279553583800599,0.885742,0.583984,9.624548,2024-11,1076056323922754,2024-11,1,9.952505,12.026848,0.591834,0.581339,0.612305,0.570312,0.914872,2.132667
f002,richmond,mapillary,richmond:230,872856994942214,0.84668,0.568359,11.919991,2024-09,1210422120250704,2024-09,1,3.747166,8.310684,0.761913,0.693095,0.746094,0.695312,0.809235,0.373616
f003,richmond,mapillary,richmond:230,872856994942214,0.84668,0.568359,11.919991,2024-09,1772948486880533,2024-11,0,11.281917,15.342398,0.615044,0.572098,0.620117,0.570312,0.806562,0.469662
f004,richmond,mapillary,richmond:126,1847752429062443,0.652344,0.570312,11.578326,2024-07,1361110138179896,2024-07,1,17.285242,20.233704,0.894413,0.547524,0.902344,0.554688,0.896614,2.436454
f005,richmond,mapillary,richmond:144,2184370012043145,0.979492,0.570312,11.578326,2025-08,497500373290675,2024-09,0,8.126726,19.530622,0.633393,0.598562,0.621094,0.583984,0.873796,1.646302
f006,richmond,mapillary,richmond:144,2184370012043145,0.979492,0.570312,11.578326,2025-08,781732254609890,2025-08,1,12.465697,8.140462,0.800459,0.565452,0.799805,0.601562,0.895398,4.595642
f007,richmond,mapillary,richmond:28,1107064934776754,0.105469,0.585938,9.395193,2024-11,1032927758564396,2024-08,0,7.307529,2.358424,0.837899,0.608811,0.839844,0.615234,0.990758,0.450313
f008,richmond,mapillary,richmond:28,1107064934776754,0.105469,0.585938,9.395193,2024-11,568914279037023,2024-09,0,2.975496,7.489137,0.650553,0.728597,0.675781,0.757812,0.55746,0.659347
f009,richmond,mapillary,richmond:216,662385816800591,0.557617,0.539062,21.080243,2024-11,3995175914066199,2024-11,1,9.142546,23.554644,0.819677,0.588199,0.893555,0.585938,0.882172,4.270989
f010,richmond,mapillary,richmond:214,639645829096010,0.104492,0.539062,21.080243,2024-11,1428956101451648,2024-11,1,15.697604,24.994322,0.119853,0.552247,0.074219,0.552734,0.796306,4.466906
f011,richmond,mapillary,richmond:214,639645829096010,0.104492,0.539062,21.080243,2024-11,1386274292678834,2024-11,1,9.800481,11.527678,0.233205,0.582544,0.277344,0.601562,0.595904,3.101617
f012,richmond,mapillary,richmond:156,372149922554566,0.057617,0.552734,15.550012,2024-09,1255554268983858,2024-09,1,12.124356,25.799052,0.442778,0.567242,0.416992,0.570312,0.746594,1.993844
f013,richmond,mapillary,richmond:156,372149922554566,0.057617,0.552734,15.550012,2024-09,515486824742719,2024-09,1,6.888586,18.910307,0.359182,0.61488,0.31543,0.599609,0.669469,2.339447
f014,richmond,mapillary,richmond:85,1294705618516185,0.683594,0.599609,8.035517,2025-09,1155814299735635,2025-09,1,7.720043,5.462077,0.796209,0.603412,0.800781,0.615234,0.956517,0.879318
f015,richmond,mapillary,richmond:85,1294705618516185,0.683594,0.599609,8.035517,2025-09,733428099735377,2025-09,1,15.241312,16.505996,0.917921,0.553788,0.924805,0.570312,0.946312,3.706486
f016,richmond,mapillary,richmond:98,1335429861397399,0.027344,0.568359,11.919991,2025-09,780580238100270,2025-09,1,6.771056,5.291372,0.048638,0.616699,0.049805,0.583984,0.907522,2.853978
f017,richmond,mapillary,richmond:98,1335429861397399,0.027344,0.568359,11.919991,2025-09,1122077376171358,2025-09,1,4.363425,15.578387,0.420084,0.671044,0.229492,0.679688,0.894771,4.778268
f018,richmond,mapillary,richmond:192,461898606342872,0.12793,0.539062,21.080243,2024-09,1649621125604744,2024-09,1,14.276351,12.556966,0.216191,0.557341,0.214844,0.552734,0.833897,1.279729
f019,richmond,mapillary,richmond:192,461898606342872,0.12793,0.539062,21.080243,2024-09,1115916896768933,2024-09,1,13.836694,16.519702,0.264377,0.559122,0.268555,0.554688,0.914699,1.207757
f020,richmond,mapillary,richmond:106,1483585545954157,0.666992,0.552734,15.550012,2024-11,781666977544974,2024-11,1,15.955852,5.913405,0.828167,0.551417,0.823242,0.554688,0.772967,1.083051
f021,richmond,mapillary,richmond:106,1483585545954157,0.666992,0.552734,15.550012,2024-11,1262335362119509,2024-11,1,17.318988,3.435351,0.590908,0.547432,0.604492,0.539062,0.833973,4.099458
f022,richmond,mapillary,richmond:97,1335429861397399,0.901367,0.554688,14.984169,2025-09,780580238100270,2025-09,1,11.099312,5.291372,0.856533,0.57324,0.870117,0.568359,0.926707,1.279006
f023,richmond,mapillary,richmond:97,1335429861397399,0.901367,0.554688,14.984169,2025-09,3896106377348000,2025-09,1,8.82291,10.485728,0.780608,0.591217,0.824219,0.570312,0.938219,3.900271
f024,richmond,mapillary,richmond:99,1335429861397399,0.746094,0.570312,11.578326,2025-09,2615441925465755,2025-09,1,12.792876,5.451831,0.815884,0.563821,0.824219,0.570312,0.938657,1.372023
f025,richmond,mapillary,richmond:181,432356313302579,0.261719,0.539062,21.080243,2024-09,1623779714838567,2024-09,1,12.112136,32.550058,0.091279,0.567312,0.057617,0.570312,0.877695,2.556204
f026,richmond,mapillary,richmond:13,1050503583329955,0.660156,0.601562,7.870312,2024-11,1086338533359945,2024-11,1,11.241385,5.021686,0.596578,0.57235,0.597656,0.583984,0.860436,1.618269
f027,richmond,mapillary,richmond:13,1050503583329955,0.660156,0.601562,7.870312,2024-11,1731127817674686,2024-11,1,15.390415,9.89078,0.564762,0.553272,0.558594,0.554688,0.782928,0.715056
f028,richmond,mapillary,richmond:40,1126712375884972,0.753906,0.630859,5.964017,2024-11,2991637420992343,2024-11,1,11.263947,9.195294,0.90819,0.572209,0.901367,0.585938,0.97267,1.920087
f029,richmond,mapillary,richmond:40,1126712375884972,0.753906,0.630859,5.964017,2024-11,1040501231164399,2024-11,1,6.709763,3.57313,0.668744,0.617679,0.682617,0.617188,0.836874,0.586796
f030,richmond,mapillary,richmond:204,593421160518191,0.230469,0.601562,7.870312,2025-08,1022193926524331,2025-08,1,15.600068,12.201061,0.096866,0.55257,0.057617,0.552734,0.884055,3.831499
f031,richmond,mapillary,richmond:204,593421160518191,0.230469,0.601562,7.870312,2025-08,2030006460741330,2025-08,1,9.333953,6.508213,0.361064,0.586474,0.370117,0.585938,0.907879,0.536127
f032,richmond,mapillary,richmond:140,2111278956050786,0.644531,0.570312,11.578326,2024-11,472814922234353,2024-08,0,12.242439,23.818266,0.397609,0.566614,0.393555,0.554688,0.849223,2.763856
f033,richmond,mapillary,richmond:140,2111278956050786,0.644531,0.570312,11.578326,2024-11,511175248555871,2024-11,1,9.894684,10.078708,0.795566,0.581793,0.791992,0.599609,0.783386,1.869842
f034,richmond,mapillary,richmond:185,433987753066526,0.549805,0.539062,21.080243,2024-09,1100727651416849,2024-09,1,12.72497,10.324249,0.334216,0.564161,0.34668,0.568359,0.889627,1.255205
f035,richmond,mapillary,richmond:147,2263954690670646,0.371094,0.539062,21.080243,2024-09,540375335378976,2024-09,1,17.017691,8.253678,0.298278,0.548264,0.300781,0.539062,0.910642,4.075643
f036,richmond,mapillary,richmond:147,2263954690670646,0.371094,0.539062,21.080243,2024-09,1349245469516759,2024-11,0,8.085315,13.620199,0.789588,0.599044,0.800781,0.599609,0.963406,0.568876
f037,richmond,mapillary,richmond:12,1050503583329955,0.355469,0.599609,8.035517,2024-11,1086338533359945,2024-11,1,11.928132,5.021686,0.407091,0.568314,0.424805,0.570312,0.895024,1.35331
f038,richmond,mapillary,richmond:12,1050503583329955,0.355469,0.599609,8.035517,2024-11,1279368533789448,2024-11,1,2.999488,9.677511,0.78636,0.72733,0.72168,0.679688,0.682951,1.79728
f039,richmond,mapillary,richmond:109,1599497457585207,0.605469,0.552734,15.550012,2024-09,27554330797513595,2024-09,1,10.13445,5.482907,0.611339,0.579939,0.613281,0.601562,0.970788,2.266741
f040,richmond,mapillary,richmond:109,1599497457585207,0.605469,0.552734,15.550012,2024-09,1066208331692971,2024-09,1,11.694543,20.229347,0.869168,0.569639,0.90918,0.583984,0.960336,3.370258
f041,richmond,mapillary,richmond:86,1309093164014619,0.557617,0.568359,11.919991,2025-09,4767160110186375,2025-08,0,10.549835,7.530551,0.93616,0.576911,0.964844,0.568359,0.901843,2.439192
f042,richmond,mapillary,richmond:86,1309093164014619,0.557617,0.568359,11.919991,2025-09,1867555850768406,2025-08,0,15.742418,12.000807,0.966381,0.552099,0.987305,0.552734,0.714292,2.064489
f043,richmond,mapillary,richmond:51,1180673306331763,0.31543,0.537109,22.200666,2024-09,1427020598426476,2024-11,0,6.766648,15.792415,0.844969,0.616772,0.824219,0.599609,0.628356,1.591628
f044,richmond,mapillary,richmond:51,1180673306331763,0.31543,0.537109,22.200666,2024-09,1888097745065247,2024-11,0,11.330242,33.528829,0.054791,0.571802,0.057617,0.570312,0.88762,0.320912
f045,richmond,mapillary,richmond:240,925077602773417,0.253906,0.570312,11.578326,2024-09,1099684888221980,2024-09,1,15.921439,15.084196,0.25674,0.551526,0.276367,0.552734,1.001294,1.974503
f046,richmond,mapillary,richmond:240,925077602773417,0.253906,0.570312,11.578326,2024-09,547032881240143,2024-09,1,14.000852,8.096442,0.296547,0.558446,0.308594,0.554688,0.876501,1.472568
f047,richmond,mapillary,richmond:92,1315844333300588,0.19043,0.585938,9.395193,2024-11,2465988470444026,2024-11,1,13.174012,6.581248,0.111758,0.562028,0.097656,0.568359,0.644829,1.674085
f048,richmond,mapillary,richmond:92,1315844333300588,0.19043,0.585938,9.395193,2024-11,1801365830682160,2024-09,0,6.545423,15.764765,0.262345,0.620364,0.308594,0.601562,0.886146,2.464946
f049,richmond,mapillary,richmond:50,1180673306331763,0.65918,0.585938,9.395193,2024-09,724680756688690,2024-11,0,9.63375,18.996085,0.376989,0.583908,0.371094,0.568359,0.865065,2.32044
f050,richmond,mapillary,richmond:50,1180673306331763,0.65918,0.585938,9.395193,2024-09,738770621859411,2024-11,0,14.268358,9.231354,0.786041,0.557374,0.776367,0.568359,0.841216,2.478408
f051,richmond,mapillary,richmond:108,1589004208714002,0.066406,0.539062,21.080243,2024-09,515360754601953,2024-09,1,11.209139,27.225579,0.372333,0.572556,0.34668,0.570312,0.86393,1.871161
f052,richmond,mapillary,richmond:108,1589004208714002,0.066406,0.539062,21.080243,2024-09,1640591179835166,2024-08,0,8.20423,20.20734,0.269611,0.597692,0.230469,0.568359,0.931894,4.437843
f053,richmond,mapillary,richmond:5,1041352537628655,0.22168,0.570312,11.578326,2024-11,1222616215617107,2024-09,0,7.209459,13.833381,0.23702,0.610175,0.300781,0.583984,0.9233,4.101705
f054,richmond,mapillary,richmond:5,1041352537628655,0.22168,0.570312,11.578326,2024-11,524824163590544,2024-09,0,13.239256,4.501772,0.283624,0.561728,0.300781,0.568359,0.979149,1.889987
f055,richmond,mapillary,richmond:170,4102292636718018,0.613281,0.662109,4.656027,2024-11,535267129354168,2024-11,1,11.202657,15.772179,0.899569,0.572591,0.894531,0.583984,0.947179,1.611973
f056,richmond,mapillary,richmond:170,4102292636718018,0.613281,0.662109,4.656027,2024-11,1432502077762889,2024-11,1,12.368188,16.855565,0.927159,0.565954,0.925781,0.583984,0.665901,2.74523
f057,richmond,mapillary,richmond:134,1991876994661275,0.229492,0.568359,11.919991,2024-09,1708668763286048,2024-09,1,11.709086,4.88203,0.269984,0.569549,0.268555,0.570312,0.989373,0.167882
f058,richmond,mapillary,richmond:134,1991876994661275,0.229492,0.568359,11.919991,2024-09,897820261950239,2024-09,1,12.923769,9.515412,0.346754,0.563192,0.347656,0.554688,0.985321,2.061532
f059,richmond,mapillary,richmond:78,1279553583800599,0.081055,0.554688,14.984169,2024-11,1076056323922754,2024-11,1,4.944545,12.026848,0.123343,0.654098,0.128906,0.646484,0.83261,0.349589
f060,richmond,mapillary,richmond:78,1279553583800599,0.081055,0.554688,14.984169,2024-11,1107902117921033,2024-11,1,7.784831,22.766018,0.400758,0.602602,0.40918,0.568359,0.887891,4.166458
f061,richmond,mapillary,richmond:32,1108131584865233,0.838867,0.568359,11.919991,2025-09,824579556585183,2025-09,1,10.58462,10.632295,0.693928,0.576671,0.72168,0.554688,0.914314,4.915668
f062,richmond,mapillary,richmond:32,1108131584865233,0.838867,0.568359,11.919991,2025-09,31889832020607708,2025-09,1,15.508538,5.487239,0.883296,0.552868,0.871094,0.568359,0.848672,3.737762
f063,richmond,mapillary,richmond:29,1107064934776754,0.582031,0.585938,9.395193,2024-11,1766929331370205,2024-11,1,6.438451,8.899277,0.763217,0.622169,0.745117,0.662109,0.932131,1.887843
f064,richmond,mapillary,richmond:29,1107064934776754,0.582031,0.585938,9.395193,2024-11,568914279037023,2024-09,0,16.517643,7.489137,0.275561,0.549698,0.276367,0.539062,0.904022,4.564265
f065,richmond,mapillary,richmond:173,423989957171190,0.53418,0.568359,11.919991,2024-09,545068967937765,2024-09,1,13.204978,3.048457,0.575843,0.561883,0.574219,0.552734,0.940246,2.349693
f066,richmond,mapillary,richmond:173,423989957171190,0.53418,0.568359,11.919991,2024-09,503071552092281,2024-07,0,10.657086,3.989276,0.578585,0.57617,0.581055,0.568359,0.85935,1.274996
f067,richmond,mapillary,richmond:38,1126712375884972,0.557617,0.554688,14.984169,2024-11,690550050411729,2024-11,1,9.196988,20.749652,0.885617,0.587698,0.870117,0.601562,0.988321,1.564001
f068,richmond,mapillary,richmond:38,1126712375884972,0.557617,0.554688,14.984169,2024-11,1903477437082714,2024-11,1,11.165384,4.265383,0.581161,0.572828,0.581055,0.570312,0.933819,0.413642
f069,richmond,mapillary,richmond:199,522346373509256,0.917969,0.539062,21.080243,2024-08,964414308707600,2024-08,1,16.68722,4.42637,0.174129,0.5492,0.183594,0.539062,0.852789,4.532339
f070,richmond,mapillary,richmond:39,1126712375884972,0.229492,0.554688,14.984169,2024-11,576511628277146,2024-09,0,11.868831,25.675116,0.086657,0.568646,0.06543,0.552734,0.597567,4.102609
f071,richmond,mapillary,richmond:39,1126712375884972,0.229492,0.554688,14.984169,2024-11,1672170886677386,2024-09,0,12.860677,5.935916,0.428494,0.5635,0.394531,0.583984,0.871201,4.010411
f072,richmond,mapillary,richmond:63,1263975528308076,0.621094,0.552734,15.550012,2024-08,983785673500540,2024-08,1,17.874337,3.580956,0.650456,0.54598,0.660156,0.554688,0.938833,3.057081
f073,richmond,mapillary,richmond:63,1263975528308076,0.621094,0.552734,15.550012,2024-08,1246523453251884,2024-11,0,11.061466,16.37429,0.815446,0.573485,0.870117,0.599609,0.930725,4.420647
f074,richmond,mapillary,richmond:196,514363767744061,0.120117,0.539062,21.080243,2024-08,1075753834475474,2024-11,0,16.121779,5.018755,0.119571,0.550896,0.135742,0.568359,0.8136,4.431379
f075,richmond,mapillary,richmond:118,1828524234403425,0.87793,0.662109,4.656027,2025-09,809558314848024,2025-09,1,3.4479,5.098354,0.696873,0.705655,0.699219,0.695312,0.650759,0.249243
f076,richmond,mapillary,richmond:118,1828524234403425,0.87793,0.662109,4.656027,2025-09,1690959064927412,2025-09,1,6.997265,10.262695,0.599307,0.613234,0.59668,0.585938,0.781454,2.400839
f077,richmond,mapillary,richmond:37,1119718896242677,0.824219,0.646484,5.245206,2024-09,1022724629885258,2025-09,0,9.854795,6.119614,0.182972,0.582108,0.19043,0.599609,0.889641,1.866482
f078,richmond,mapillary,richmond:37,1119718896242677,0.824219,0.646484,5.245206,2024-09,1234889421091321,2024-09,1,16.277741,17.424608,0.552786,0.550415,0.557617,0.539062,0.661978,4.834556
f079,richmond,mapillary,richmond:25,1092133469495462,0.699219,0.632812,5.865506,2024-11,1881360915979394,2024-11,1,7.062823,2.684638,0.638593,0.612274,0.636719,0.601562,0.824901,0.811977
f080,richmond,mapillary,richmond:25,1092133469495462,0.699219,0.632812,5.865506,2024-11,1073926611307265,2024-11,1,11.562365,16.14303,0.812405,0.570404,0.799805,0.585938,0.921995,2.319116
f081,richmond,mapillary,richmond:207,593421160518191,0.449219,0.617188,6.740247,2025-08,1264360038610607,2025-08,1,3.71677,9.099644,0.148589,0.694305,0.104492,0.615234,0.842412,3.444053
f082,richmond,mapillary,richmond:207,593421160518191,0.449219,0.617188,6.740247,2025-08,2157386338088556,2025-08,1,10.00256,3.410221,0.458635,0.580948,0.47168,0.646484,0.974932,4.794196
f083,richmond,mapillary,richmond:158,383880874806933,0.847656,0.585938,9.395193,2024-11,1926704274785369,2024-11,1,7.548862,7.307907,0.709037,0.605582,0.730469,0.601562,0.909278,1.085799
f084,richmond,mapillary,richmond:158,383880874806933,0.847656,0.585938,9.395193,2024-11,1011769394318010,2024-11,1,11.694619,14.290695,0.608977,0.569635,0.62793,0.583984,0.90746,2.424733
f085,richmond,mapillary,richmond:236,911337534530260,0.612305,0.601562,7.870312,2024-11,589738313491119,2024-11,1,10.698803,15.270481,0.916824,0.575882,0.902344,0.585938,0.65263,1.591058
f086,richmond,mapillary,richmond:236,911337534530260,0.612305,0.601562,7.870312,2024-11,1224356718568771,2024-08,0,15.332392,20.494109,0.95023,0.553468,0.941406,0.554688,0.775857,0.909666
f087,richmond,mapillary,richmond:114,1739689546844035,0.136719,0.615234,6.865408,2024-09,1057599062819214,2024-09,1,8.694664,2.311597,0.09598,0.592484,0.066406,0.570312,0.673451,3.4317
f088,richmond,mapillary,richmond:114,1739689546844035,0.136719,0.615234,6.865408,2024-09,893032626260798,2024-09,1,10.305755,12.571342,0.933946,0.578663,0.910156,0.601562,0.623367,2.782091
f089,richmond,mapillary,richmond:201,552315380916113,0.402344,0.552734,15.550012,2024-11,513596034816937,2024-09,0,15.355513,21.237744,0.916802,0.553395,0.90918,0.568359,0.771508,3.495044
f090,richmond,mapillary,richmond:201,552315380916113,0.402344,0.552734,15.550012,2024-11,1313387650026028,2024-09,0,9.028821,24.564907,0.670047,0.589248,0.674805,0.585938,0.83382,0.458317
f091,richmond,mapillary,richmond:164,3956582084664486,0.441406,0.539062,21.080243,2024-09,1464745280886695,2024-09,1,16.721367,4.828876,0.421051,0.549101,0.416992,0.568359,0.926095,4.814828
f092,richmond,mapillary,richmond:72,1273933840289887,0.097656,0.554688,14.984169,2024-09,525486080279567,2024-09,1,17.696755,3.35426,0.077084,0.546435,0.081055,0.552734,0.897375,2.18592
f093,richmond,mapillary,richmond:72,1273933840289887,0.097656,0.554688,14.984169,2024-09,1731432574298627,2024-09,1,13.709152,1.33996,0.100766,0.559661,0.104492,0.552734,1.003848,1.872507
f094,richmond,mapillary,richmond:161,386363531219281,0.660156,0.554688,14.984169,2024-09,1163399588636859,2024-11,0,11.824903,3.159401,0.642537,0.568892,0.636719,0.583984,0.860195,2.234593
f095,richmond,mapillary,richmond:161,386363531219281,0.660156,0.554688,14.984169,2024-09,3701052830185553,2024-11,0,14.636431,20.069669,0.882189,0.55596,0.855469,0.570312,0.652771,3.757321
f096,richmond,mapillary,richmond:36,1119718896242677,0.174805,0.583984,9.624548,2024-09,918309596833501,2024-09,1,15.588736,8.535795,0.102241,0.552603,0.097656,0.568359,0.914363,3.690282
f097,richmond,mapillary,richmond:36,1119718896242677,0.174805,0.583984,9.624548,2024-09,1205005183908236,2024-09,1,8.4144,3.497095,0.231463,0.595385,0.245117,0.585938,0.800809,1.24171
f098,richmond,mapillary,richmond:225,839655921736413,0.738281,0.568359,11.919991,2025-09,1353107336425230,2025-09,1,12.613751,4.762,0.799812,0.564701,0.800781,0.570312,0.789195,1.038793
f099,richmond,mapillary,richmond:57,1237376427883773,0.424805,0.552734,15.550012,2024-11,1682736745760558,2024-11,1,7.163508,16.833998,0.181648,0.610825,0.105469,0.599609,0.949491,3.701562
f100,richmond,mapillary,richmond:57,1237376427883773,0.424805,0.552734,15.550012,2024-11,1467609757582865,2024-11,1,8.61479,8.493182,0.356043,0.593311,0.316406,0.615234,0.951755,2.589797
f101,richmond,mapillary,richmond:127,1905003193597285,0.363281,0.552734,15.550012,2024-11,2252810405149768,2024-11,1,12.01587,12.211778,0.227473,0.567829,0.167969,0.583984,0.817272,4.657752
f102,richmond,mapillary,richmond:127,1905003193597285,0.363281,0.552734,15.550012,2024-11,796810019970490,2025-09,0,13.208733,4.766832,0.320916,0.561861,0.300781,0.568359,0.911232,2.04429
f103,richmond,mapillary,richmond:252,996959015535106,0.604492,0.552734,15.550012,2024-09,848844524109375,2024-09,1,9.182705,11.025455,0.727724,0.587827,0.776367,0.617188,0.908139,3.420921
f104,richmond,mapillary,richmond:252,996959015535106,0.604492,0.552734,15.550012,2024-09,3207600046043033,2024-11,0,12.51379,19.979862,0.593875,0.565206,0.643555,0.583984,0.894034,4.470993
f105,richmond,mapillary,richmond:101,1427673368387929,0.597656,0.537109,22.200666,2024-11,1332711141473156,2024-11,1,8.766122,14.965768,0.87448,0.591786,0.894531,0.617188,0.821457,2.24466
f106,richmond,mapillary,richmond:101,1427673368387929,0.597656,0.537109,22.200666,2024-11,1031772305712703,2024-11,1,6.274595,18.15634,0.682421,0.625043,0.636719,0.648438,0.850743,1.971066
f107,richmond,mapillary,richmond:58,1237376427883773,0.331055,0.615234,6.865408,2024-11,2014926865914740,2024-11,1,13.522524,8.613845,0.423503,0.560471,0.425781,0.552734,0.787038,2.039816
f108,richmond,mapillary,richmond:65,1263975528308076,0.09668,0.539062,21.080243,2024-08,9573801432671024,2024-11,0,15.329574,7.942487,0.132664,0.55348,0.15918,0.554688,0.871494,2.545595
f109,richmond,mapillary,richmond:65,1263975528308076,0.09668,0.539062,21.080243,2024-08,1907756543076493,2024-08,1,8.871895,16.206536,0.231974,0.590745,0.291992,0.570312,0.933524,4.664867
f110,richmond,mapillary,richmond:202,559372759847379,0.206055,0.585938,9.395193,2024-09,2040756303031914,2024-09,1,9.407079,4.417795,0.31498,0.585827,0.324219,0.570312,0.904343,2.253253
f111,richmond,mapillary,richmond:111,1701172050581812,0.104492,0.554688,14.984169,2025-09,1317708002876520,2024-11,0,11.6139,5.455077,0.959272,0.570103,0.972656,0.554688,0.887227,3.547738
f112,richmond,mapillary,richmond:111,1701172050581812,0.104492,0.554688,14.984169,2025-09,2263115000803290,2024-11,0,5.997376,12.316298,0.767176,0.63021,0.832031,0.601562,0.817272,3.352201
f113,richmond,mapillary,richmond:107,1589004208714002,0.97168,0.539062,21.080243,2024-09,2059711987794573,2024-09,1,16.844791,36.943457,0.542394,0.548748,0.549805,0.539062,0.814898,4.326019
f114,richmond,mapillary,richmond:107,1589004208714002,0.97168,0.539062,21.080243,2024-09,1442978083063340,2024-09,1,14.367929,8.550616,0.939787,0.556989,0.924805,0.554688,0.936422,1.512478
f115,richmond,mapillary,richmond:6,1041352537628655,0.933594,0.554688,14.984169,2024-11,1527478897955829,2024-09,0,14.109963,27.366964,0.549748,0.558006,0.597656,0.570312,0.800334,4.593062
f116,richmond,mapillary,richmond:6,1041352537628655,0.933594,0.554688,14.984169,2024-11,1008138474419315,2024-09,0,4.661193,15.776455,0.686199,0.661969,0.81543,0.630859,0.99851,4.36358
f117,richmond,mapillary,richmond:221,723487737079243,0.886719,0.632812,5.865506,2024-11,2216581252144609,2025-08,0,11.461095,9.396664,0.322175,0.571008,0.323242,0.583984,0.868812,1.837892
f118,richmond,mapillary,richmond:221,723487737079243,0.886719,0.632812,5.865506,2024-11,1496354001786573,2025-08,0,10.715364,16.527128,0.120128,0.575771,0.082031,0.617188,0.885446,4.463179
f119,richmond,mapillary,richmond:162,386363531219281,0.448242,0.568359,11.919991,2024-09,1276460380162264,2024-11,0,9.792312,20.821632,0.592451,0.58261,0.605469,0.583984,0.842986,0.811345
f120,richmond,mapillary,richmond:162,386363531219281,0.448242,0.568359,11.919991,2024-09,1105708191337172,2024-11,0,10.423964,17.284692,0.902661,0.577807,0.878906,0.585938,0.88702,1.798884
f121,richmond,mapillary,richmond:153,27724402107145083,0.417969,0.539062,21.080243,2024-09,1476253136421634,2024-09,1,7.606826,13.591811,0.704317,0.604845,0.72168,0.679688,0.812426,3.553242
f122,richmond,mapillary,richmond:153,27724402107145083,0.417969,0.539062,21.080243,2024-09,8374095516034529,2024-09,1,13.639302,11.822558,0.589986,0.559964,0.566406,0.583984,0.985352,4.357613
f123,richmond,mapillary,richmond:56,1237376427883773,0.535156,0.554688,14.984169,2024-11,1682736745760558,2024-11,1,4.43114,16.833998,0.832692,0.668918,0.925781,0.630859,0.929017,3.337208
f124,richmond,mapillary,richmond:56,1237376427883773,0.535156,0.554688,14.984169,2024-11,1467609757582865,2024-11,1,7.121187,8.493182,0.583933,0.611432,0.643555,0.708984,0.862913,4.168244
f125,richmond,mapillary,richmond:19,1071700701728910,0.121094,0.552734,15.550012,2024-11,713978874920331,2024-11,1,17.641907,28.263946,0.890058,0.546573,0.87793,0.554688,0.936061,2.933254
f126,richmond,mapillary,richmond:141,2141681583023863,0.496094,0.554688,14.984169,2025-09,769201669247030,2025-09,1,11.864539,21.600996,0.266011,0.568663,0.237305,0.570312,0.806423,2.130695
f127,richmond,mapillary,richmond:141,2141681583023863,0.496094,0.554688,14.984169,2025-09,1167713791878181,2025-09,1,15.38528,3.176123,0.529499,0.553285,0.53418,0.568359,0.966945,3.488849
f128,richmond,mapillary,richmond:150,2263954690670646,0.941406,0.599609,8.035517,2024-09,804458398742221,2025-09,0,17.66941,25.623972,0.568765,0.546506,0.582031,0.552734,0.900144,2.529625
f129,richmond,mapillary,richmond:150,2263954690670646,0.941406,0.599609,8.035517,2024-09,1365687354738649,2024-11,0,11.846405,8.311815,0.741368,0.568778,0.777344,0.568359,0.741071,2.681289
f130,richmond,mapillary,richmond:10,1044606157061812,0.644531,0.599609,8.035517,2024-08,2271751536623662,2024-11,0,13.959568,16.724226,0.910269,0.558614,0.949219,0.568359,0.788607,3.751817
f131,richmond,mapillary,richmond:10,1044606157061812,0.644531,0.599609,8.035517,2024-08,2487911918245599,2024-11,0,14.232661,7.672825,0.575326,0.557514,0.557617,0.568359,0.928843,2.728844
f132,richmond,mapillary,richmond:179,424364943656028,0.143555,0.554688,14.984169,2024-09,567053809126404,2024-09,1,8.623231,11.091611,0.27537,0.593219,0.31543,0.601562,0.994348,2.200685
f133,richmond,mapillary,richmond:179,424364943656028,0.143555,0.554688,14.984169,2024-09,768109482074937,2024-09,1,14.766169,4.250588,0.09852,0.555479,0.088867,0.568359,0.961935,2.957548
f134,richmond,mapillary,richmond:100,1408179757063785,0.37793,0.630859,5.964017,2024-11,1813891139478707,2024-11,1,11.623855,6.467169,0.435664,0.570054,0.402344,0.568359,0.780656,2.477612
f135,richmond,mapillary,richmond:100,1408179757063785,0.37793,0.630859,5.964017,2024-11,756954176775206,2024-11,1,12.288339,16.119472,0.044021,0.566375,0.041992,0.568359,0.704371,0.398511
f136,richmond,mapillary,richmond:70,1273933840289887,0.893555,0.554688,14.984169,2024-09,525486080279567,2024-09,1,17.870525,3.35426,0.908938,0.545994,0.910156,0.539062,0.917291,3.215734
f137,richmond,mapillary,richmond:70,1273933840289887,0.893555,0.554688,14.984169,2024-09,2708872082615908,2024-09,1,16.321496,6.780577,0.706027,0.550289,0.706055,0.552734,1.009765,0.769805
f138,richmond,mapillary,richmond:191,461898606342872,0.557617,0.570312,11.578326,2024-09,1760209244566906,2024-11,0,17.733024,26.768209,0.914831,0.546338,0.925781,0.554688,0.860969,2.969443
f139,richmond,mapillary,richmond:186,433987753066526,0.238281,0.570312,11.578326,2024-09,545117574765970,2024-09,1,12.503113,3.780959,0.188566,0.565268,0.182617,0.570312,0.952254,1.027221
f140,richmond,mapillary,richmond:186,433987753066526,0.238281,0.570312,11.578326,2024-09,1252606642556361,2024-09,1,15.031101,9.747302,0.881261,0.554526,0.863281,0.568359,0.919612,3.457655
f141,richmond,mapillary,richmond:234,893023542323690,0.604492,0.599609,8.035517,2024-09,512558541559174,2024-09,1,4.178444,4.999401,0.64347,0.677177,0.635742,0.664062,0.935617,0.462951
f142,richmond,mapillary,richmond:234,893023542323690,0.604492,0.599609,8.035517,2024-09,902409944811859,2024-09,1,11.713405,4.417383,0.583749,0.569528,0.582031,0.568359,0.735013,0.242933
f143,richmond,mapillary,richmond:155,372149922554566,0.910156,0.554688,14.984169,2024-09,1186728949060562,2024-09,1,11.202698,19.372965,0.646992,0.572595,0.707031,0.585938,0.72548,4.250356
f144,richmond,mapillary,richmond:155,372149922554566,0.910156,0.554688,14.984169,2024-09,515486824742719,2024-09,1,10.307717,18.910307,0.646221,0.578654,0.72168,0.585938,0.665913,4.711197
f145,richmond,mapillary,richmond:151,2263954690670646,0.948242,0.554688,14.984169,2024-09,887537466839252,2024-09,1,7.398283,8.123486,0.945749,0.607579,0.933594,0.601562,0.811043,0.750193
f146,richmond,mapillary,richmond:151,2263954690670646,0.948242,0.554688,14.984169,2024-09,1270751917285717,2024-09,1,9.344136,24.299497,0.538965,0.586388,0.549805,0.583984,0.825387,0.704202
f147,richmond,mapillary,richmond:235,893023542323690,0.550781,0.552734,15.550012,2024-09,512558541559174,2024-09,1,10.603245,4.999401,0.510209,0.576543,0.511719,0.570312,0.965545,0.980903
f148,richmond,mapillary,richmond:235,893023542323690,0.550781,0.552734,15.550012,2024-09,1046509743463210,2024-09,1,17.932783,3.285608,0.591845,0.545832,0.589844,0.554688,0.888784,2.955635
f149,richmond,mapillary,richmond:75,1273933840289887,0.424805,0.539062,21.080243,2024-09,894479862609832,2024-09,1,14.792139,7.083064,0.199239,0.555389,0.213867,0.570312,0.952511,3.430254
f150,richmond,mapillary,richmond:75,1273933840289887,0.424805,0.539062,21.080243,2024-09,884747886639334,2024-09,1,12.651014,8.529178,0.15635,0.564527,0.144531,0.597656,1.00244,4.506838
f151,richmond,mapillary,richmond:177,424364943656028,0.628906,0.599609,8.035517,2024-09,1194393068454277,2024-09,1,7.956917,9.901999,0.672785,0.60054,0.698242,0.599609,0.958548,1.280045
f152,richmond,mapillary,richmond:177,424364943656028,0.628906,0.599609,8.035517,2024-09,768109482074937,2024-09,1,9.465053,4.250588,0.703145,0.585334,0.691406,0.585938,0.872584,0.698921
f153,richmond,mapillary,richmond:133,1991198475040883,0.581055,0.568359,11.919991,2024-11,1262583455292176,2024-11,1,7.642911,5.613334,0.642325,0.604375,0.636719,0.601562,0.860697,0.355456
f154,richmond,mapillary,richmond:133,1991198475040883,0.581055,0.568359,11.919991,2024-11,1295104098397915,2024-11,1,17.29054,26.32663,0.938776,0.547509,0.925781,0.554688,0.776551,2.654197
f155,richmond,mapillary,richmond:178,424364943656028,0.324219,0.568359,11.919991,2024-09,567053809126404,2024-09,1,17.606933,11.091611,0.431777,0.546672,0.433594,0.539062,0.867087,3.482432
f156,richmond,mapillary,richmond:178,424364943656028,0.324219,0.568359,11.919991,2024-09,559204446646529,2024-09,1,12.226428,5.448054,0.399252,0.566703,0.402344,0.568359,0.938849,0.384829
f157,richmond,mapillary,richmond:198,522346373509256,0.651367,0.583984,9.624548,2024-08,1804306063658409,2024-11,0,11.752332,15.808559,0.634936,0.569304,0.589844,0.568359,0.906665,3.346315
f158,richmond,mapillary,richmond:198,522346373509256,0.651367,0.583984,9.624548,2024-08,2529967853865502,2024-08,1,9.611733,11.45154,0.699675,0.584091,0.674805,0.583984,0.912225,1.501456
f159,richmond,mapillary,richmond:117,1828524234403425,0.191406,0.615234,6.865408,2025-09,2274452136251001,2024-09,0,12.76435,15.642196,0.589016,0.563958,0.59668,0.568359,0.758449,1.033013
f160,richmond,mapillary,richmond:117,1828524234403425,0.191406,0.615234,6.865408,2025-09,809558314848024,2025-09,1,7.157109,5.098354,0.340746,0.610916,0.347656,0.583984,0.893889,2.493599
f161,richmond,mapillary,richmond:138,2067733823644753,0.78418,0.615234,6.865408,2024-09,2349851542096332,2025-08,0,4.575432,10.179204,0.416213,0.664486,0.47168,0.615234,0.964145,3.003386
f162,richmond,mapillary,richmond:138,2067733823644753,0.78418,0.615234,6.865408,2024-09,1094605535402409,2024-11,0,7.044003,3.13362,0.881526,0.612548,0.910156,0.615234,0.797018,1.262041
f163,richmond,mapillary,richmond:103,1441274599876577,0.06543,0.539062,21.080243,2024-09,567057089073638,2024-09,1,12.398021,9.75527,0.107544,0.565799,0.097656,0.552734,0.964819,3.267706
f164,richmond,mapillary,richmond:103,1441274599876577,0.06543,0.539062,21.080243,2024-09,1576287813351658,2025-08,0,13.743918,7.775074,0.54976,0.559511,0.549805,0.568359,0.851093,1.824294
f165,richmond,mapillary,richmond:52,1185319949364085,0.401367,0.537109,22.200666,2024-07,1232302118131810,2024-07,1,17.789938,5.44329,0.377368,0.54619,0.354492,0.552734,0.949643,3.275499
f166,richmond,mapillary,richmond:61,1260990361757674,0.90918,0.554688,14.984169,2024-09,1312954239864090,2024-09,1,16.98577,2.322907,0.92129,0.548353,0.917969,0.554688,0.783296,2.027683
f167,richmond,mapillary,richmond:61,1260990361757674,0.90918,0.554688,14.984169,2024-09,571767522348120,2024-11,0,11.824837,20.829761,0.623361,0.568893,0.597656,0.552734,0.90852,4.320251
f168,richmond,mapillary,richmond:251,996959015535106,0.386719,0.554688,14.984169,2024-09,848844524109375,2024-09,1,10.193454,11.025455,0.25543,0.579494,0.260742,0.585938,0.835219,0.86258
f169,richmond,mapillary,richmond:251,996959015535106,0.386719,0.554688,14.984169,2024-09,1426566981350988,2024-09,1,14.443283,20.112466,0.899289,0.556693,0.901367,0.568359,0.786762,2.5291
f170,richmond,mapillary,richmond:64,1263975528308076,0.94043,0.552734,15.550012,2024-08,9573801432671024,2024-11,0,8.592749,7.942487,0.874729,0.593527,0.847656,0.615234,0.95294,2.16484
f171,richmond,mapillary,richmond:64,1263975528308076,0.94043,0.552734,15.550012,2024-08,1907756543076493,2024-08,1,9.071535,16.206536,0.733253,0.588851,0.730469,0.570312,0.905774,2.513418
f172,richmond,mapillary,richmond:176,424364943656028,0.893555,0.583984,9.624548,2024-09,1194393068454277,2024-09,1,7.301672,9.901999,0.344602,0.60889,0.323242,0.599609,1.005057,1.262615
f173,richmond,mapillary,richmond:176,424364943656028,0.893555,0.583984,9.624548,2024-09,768109482074937,2024-09,1,13.820774,4.250588,0.884649,0.559196,0.886719,0.568359,0.964859,1.906814
f174,richmond,mapillary,richmond:148,2263954690670646,0.174805,0.539062,21.080243,2024-09,1219154446658675,2024-11,0,16.384072,10.346532,0.549195,0.550096,0.542969,0.552734,0.787684,1.04182
f175,richmond,mapillary,richmond:148,2263954690670646,0.174805,0.539062,21.080243,2024-09,799757282440550,2025-09,0,12.550773,12.733354,0.178668,0.565021,0.175781,0.570312,0.912372,0.996677
f176,richmond,mapillary,richmond:21,1073049581231056,0.987305,0.583984,9.624548,2024-09,1725918768177115,2024-09,1,8.692598,14.115053,0.580369,0.592511,0.581055,0.570312,0.869749,2.885917
f177,richmond,mapillary,richmond:21,1073049581231056,0.987305,0.583984,9.624548,2024-09,1477266432960719,2024-09,1,14.462537,4.850336,0.031383,0.556617,0.027344,0.554688,0.967093,0.641087
f178,richmond,mapillary,richmond:24,1092133469495462,0.541992,0.537109,22.200666,2024-11,24120835864264360,2024-11,1,13.175278,9.819924,0.574537,0.562016,0.589844,0.585938,0.757659,3.928811
f179,richmond,mapillary,richmond:24,1092133469495462,0.541992,0.537109,22.200666,2024-11,2163793620710887,2024-11,1,14.716549,13.588136,0.388456,0.55566,0.417969,0.554688,0.848006,2.762698
f180,richmond,mapillary,richmond:136,2067733823644753,0.238281,0.599609,8.035517,2024-09,1988087985272432,2025-08,0,11.294235,19.052296,0.027556,0.57202,0.035156,0.554688,0.578778,3.741402
f181,richmond,mapillary,richmond:136,2067733823644753,0.238281,0.599609,8.035517,2024-09,1078614974411506,2025-08,0,4.090418,11.576047,0.090683,0.680224,0.105469,0.617188,0.852772,2.694029
f182,richmond,mapillary,richmond:213,639645829096010,0.042969,0.552734,15.550012,2024-11,711645635068591,2024-11,1,12.999678,13.861476,0.066948,0.562833,0.082031,0.583984,0.614625,3.537719
f183,richmond,mapillary,richmond:213,639645829096010,0.042969,0.552734,15.550012,2024-11,1233562051740621,2024-11,1,6.482646,19.403039,0.368736,0.621411,0.300781,0.615234,0.914304,2.852652
f184,richmond,mapillary,richmond:14,1050503583329955,0.425781,0.539062,21.080243,2024-11,2811539835696409,2024-11,1,11.211563,11.894859,0.357826,0.572535,0.332031,0.615234,0.657264,4.572362
f185,richmond,mapillary,richmond:14,1050503583329955,0.425781,0.539062,21.080243,2024-11,797017049306822,2024-08,0,11.227137,14.507893,0.073499,0.572438,0.135742,0.568359,0.873678,4.548595
f186,richmond,mapillary,richmond:22,1073049581231056,0.167969,0.617188,6.740247,2024-09,1477266432960719,2024-09,1,9.557802,4.850336,0.137536,0.58454,0.135742,0.583984,0.915092,0.126819
f187,richmond,mapillary,richmond:22,1073049581231056,0.167969,0.617188,6.740247,2024-09,1079689612987809,2024-09,1,5.362381,8.335051,0.283989,0.643702,0.292969,0.630859,0.915234,0.680858
f188,richmond,mapillary,richmond:159,383880874806933,0.941406,0.554688,14.984169,2024-11,952052780075737,2024-11,1,15.350822,0.37139,0.938491,0.553405,0.941406,0.554688,0.850195,0.460318
f189,richmond,mapillary,richmond:159,383880874806933,0.941406,0.554688,14.984169,2024-11,1926704274785369,2024-11,1,8.357111,7.307907,0.896732,0.596006,0.916992,0.570312,0.891292,3.455445
f190,richmond,mapillary,richmond:7,1041352537628655,0.785156,0.630859,5.964017,2024-11,1767871973967057,2024-09,0,16.275151,22.163094,0.074127,0.550426,0.081055,0.552734,0.91452,1.002535
f191,richmond,mapillary,richmond:7,1041352537628655,0.785156,0.630859,5.964017,2024-11,1070711111448218,2024-11,1,10.314859,7.502035,0.915489,0.578597,0.901367,0.585938,0.920988,1.268219
f192,richmond,mapillary,richmond:0,1002881108606016,0.72168,0.583984,9.624548,2025-09,2397158780667802,2024-11,0,9.630605,0.385797,0.711391,0.583933,0.713867,0.599609,0.830569,1.601045
f193,richmond,mapillary,richmond:112,1701172050581812,0.979492,0.568359,11.919991,2025-09,1865428517521325,2025-09,1,6.354167,5.616631,0.965687,0.623629,0.964844,0.585938,0.907063,3.041248
f194,richmond,mapillary,richmond:112,1701172050581812,0.979492,0.568359,11.919991,2025-09,1660674704648471,2024-11,0,14.990934,14.379603,0.573338,0.554663,0.612305,0.554688,0.870004,3.660278
f195,richmond,mapillary,richmond:17,1051211967136526,0.261719,0.585938,9.395193,2024-11,960219836093291,2024-11,1,11.233968,5.249363,0.331422,0.572394,0.355469,0.568359,0.94867,1.876496
f196,richmond,mapillary,richmond:17,1051211967136526,0.261719,0.585938,9.395193,2024-11,3254339278053472,2024-11,1,9.622843,3.958873,0.198777,0.583991,0.175781,0.583984,0.958115,1.389373
f197,richmond,mapillary,richmond:113,1701172050581812,0.69043,0.742188,2.730865,2025-09,1888656738655832,2024-11,0,13.370916,10.640707,0.561546,0.561131,0.550781,0.554688,0.63959,1.875506
f198,richmond,mapillary,richmond:113,1701172050581812,0.69043,0.742188,2.730865,2025-09,1466510987989794,2025-09,1,16.472153,17.216838,0.972277,0.549831,0.972656,0.568359,0.795016,4.55236
f199,richmond,mapillary,richmond:96,1335429861397399,0.246094,0.646484,5.245206,2025-09,1822106021680175,2025-01,0,4.699662,9.939618,0.012467,0.660846,0.886719,0.695312,0.815339,3.360662
f200,richmond,mapillary,richmond:96,1335429861397399,0.246094,0.646484,5.245206,2025-09,777747894880623,2025-09,1,12.230763,11.024147,0.067309,0.566673,0.018555,0.554688,0.849029,4.964101
f201,richmond,mapillary,richmond:142,2141681583023863,0.800781,0.601562,7.870312,2025-09,592111520314846,2024-11,0,15.881999,21.094548,0.202975,0.551646,0.174805,0.554688,0.882167,2.871539
f202,richmond,mapillary,richmond:142,2141681583023863,0.800781,0.601562,7.870312,2025-09,1125116272352404,2024-11,0,11.667276,19.510136,0.911295,0.569792,0.924805,0.601562,0.958729,3.883168
f203,richmond,mapillary,richmond:237,911337534530260,0.910156,0.583984,9.624548,2024-11,863998465646387,2024-08,0,7.563244,2.205917,0.898644,0.605394,0.90918,0.583984,0.85594,2.137052
f204,richmond,mapillary,richmond:237,911337534530260,0.910156,0.583984,9.624548,2024-11,2218475878595270,2024-11,1,14.930197,22.542282,0.542994,0.554881,0.566406,0.554688,0.837484,2.198908
f205,richmond,mapillary,richmond:197,514363767744061,0.924805,0.554688,14.984169,2024-08,1687278578824197,2024-11,0,10.327896,10.430201,0.79613,0.578502,0.768555,0.632812,0.619293,4.661208
f206,richmond,mapillary,richmond:197,514363767744061,0.924805,0.554688,14.984169,2024-08,1093275449516230,2024-11,0,10.921319,18.597254,0.670434,0.574394,0.605469,0.570312,0.81523,4.605404
f207,richmond,mapillary,richmond:18,1071700701728910,0.854492,0.585938,9.395193,2024-11,2816647128495164,2024-11,1,6.509257,15.569299,0.725943,0.620954,0.737305,0.662109,0.843812,1.894773
f208,richmond,mapillary,richmond:18,1071700701728910,0.854492,0.585938,9.395193,2024-11,666734083190896,2024-11,1,7.778169,8.893979,0.685335,0.602684,0.713867,0.599609,0.903133,1.438492
f209,richmond,mapillary,richmond:146,2184370012043145,0.198242,0.537109,22.200666,2025-08,1053906402854411,2024-11,0,8.188895,25.852185,0.842087,0.59786,0.824219,0.632812,0.70851,2.450098
f210,richmond,mapillary,richmond:146,2184370012043145,0.198242,0.537109,22.200666,2025-08,2422428938155759,2024-11,0,15.604733,35.236311,0.92375,0.552553,0.917969,0.568359,0.761887,3.717895
f211,richmond,mapillary,richmond:143,2147631415757748,0.120117,0.539062,21.080243,2024-11,1081088759880716,2024-11,1,11.964678,9.157994,0.61011,0.568111,0.597656,0.568359,0.655061,0.935261
f212,richmond,mapillary,richmond:143,2147631415757748,0.120117,0.539062,21.080243,2024-11,1501265494188165,2024-11,1,7.664938,16.901824,0.745206,0.604094,0.722656,0.630859,0.665918,1.95176
f213,richmond,mapillary,richmond:31,1107064934776754,0.393555,0.568359,11.919991,2024-11,1035966361544529,2024-09,0,12.309397,10.660762,0.264496,0.566261,0.28418,0.568359,0.970947,1.546866
f214,richmond,mapillary,richmond:31,1107064934776754,0.393555,0.568359,11.919991,2024-11,1173351258000393,2024-11,1,9.724988,16.460987,0.12129,0.583159,0.089844,0.570312,0.92288,2.795999
f215,richmond,mapillary,richmond:233,872856994942214,0.191406,0.539062,21.080243,2024-09,529539656340632,2024-09,1,10.185702,29.254747,0.552297,0.579557,0.574219,0.599609,0.90092,2.484205
f216,richmond,mapillary,richmond:233,872856994942214,0.191406,0.539062,21.080243,2024-09,1349864766419626,2024-09,1,2.350152,21.160293,0.650623,0.766063,0.800781,0.724609,0.734333,2.533158
f217,richmond,mapillary,richmond:241,925077602773417,0.355469,0.617188,6.740247,2024-09,892019879573426,2024-09,1,7.523675,9.080646,0.130543,0.605915,0.120117,0.599609,0.871045,0.722279
f218,richmond,mapillary,richmond:11,1044606157061812,0.120117,0.552734,15.550012,2024-08,1224240252779625,2024-11,0,12.845623,4.427809,0.085112,0.563568,0.112305,0.583984,0.951505,3.738394
f219,richmond,mapillary,richmond:11,1044606157061812,0.120117,0.552734,15.550012,2024-08,2487911918245599,2024-11,0,11.017511,7.672825,0.194752,0.573768,0.229492,0.585938,0.911675,2.746659
f220,richmond,mapillary,richmond:115,1759178911495771,0.393555,0.554688,14.984169,2024-09,725093140678303,2024-11,0,17.58572,28.671658,0.544576,0.546723,0.53418,0.539062,0.848224,3.714129
f221,richmond,mapillary,richmond:115,1759178911495771,0.393555,0.554688,14.984169,2024-09,1558143802190700,2024-11,0,10.947444,4.279325,0.905263,0.574223,0.878906,0.615234,0.959654,4.326624
f222,richmond,mapillary,richmond:90,1309093164014619,0.791992,0.539062,21.080243,2025-09,774621038267093,2025-08,0,12.338671,24.950407,0.344491,0.566105,0.331055,0.552734,0.771369,3.417046
f223,richmond,mapillary,richmond:90,1309093164014619,0.791992,0.539062,21.080243,2025-09,1140878277372118,2024-09,0,2.976348,18.310883,0.601373,0.728543,0.652344,0.679688,0.841103,1.586908
f224,richmond,mapillary,richmond:149,2263954690670646,0.066406,0.537109,22.200666,2024-09,1404904830813666,2024-11,0,14.717102,31.586222,0.119421,0.555665,0.128906,0.552734,0.711826,1.228306
f225,richmond,mapillary,richmond:149,2263954690670646,0.066406,0.537109,22.200666,2024-09,804458398742221,2025-09,0,15.996017,25.623972,0.395751,0.551295,0.362305,0.554688,0.873207,3.400908
f226,richmond,mapillary,richmond:128,1905003193597285,0.636719,0.554688,14.984169,2024-11,2252810405149768,2024-11,1,11.538929,12.211778,0.78853,0.570542,0.792969,0.583984,0.841772,1.937281
f227,richmond,mapillary,richmond:128,1905003193597285,0.636719,0.554688,14.984169,2024-11,2000104100807535,2025-09,0,11.352901,10.262622,0.76804,0.57166,0.769531,0.583984,0.924125,1.731448
f228,richmond,mapillary,richmond:48,1179500609797636,0.582031,0.599609,8.035517,2024-09,501170699278876,2024-08,0,15.065116,7.812743,0.898895,0.554399,0.894531,0.568359,0.888494,3.166532
f229,richmond,mapillary,richmond:48,1179500609797636,0.582031,0.599609,8.035517,2024-09,535986512721987,2024-09,1,7.55986,13.841921,0.930916,0.605433,0.933594,0.615234,0.710197,0.705437
f230,richmond,mapillary,richmond:165,3956582084664486,0.550781,0.552734,15.550012,2024-09,578934204698082,2024-09,1,8.10042,8.100006,0.590338,0.59887,0.605469,0.617188,0.98532,1.530145
f231,richmond,mapillary,richmond:165,3956582084664486,0.550781,0.552734,15.550012,2024-09,1464745280886695,2024-09,1,11.019861,4.828876,0.568354,0.573758,0.574219,0.583984,0.889726,1.445222
f232,richmond,mapillary,richmond:116,1759178911495771,0.549805,0.570312,11.578326,2024-09,1558143802190700,2024-11,0,11.086745,4.279325,0.103926,0.573325,0.112305,0.585938,0.896984,1.774608
f233,richmond,mapillary,richmond:116,1759178911495771,0.549805,0.570312,11.578326,2024-09,468603956326381,2024-09,1,5.728556,6.574007,0.604034,0.635623,0.636719,0.677734,0.918821,1.858866
f234,richmond,mapillary,richmond:203,591584463734236,0.097656,0.539062,21.080243,2024-11,1473445417033994,2025-09,0,8.838758,25.365884,0.650401,0.591065,0.660156,0.583984,0.896816,0.968013
f235,richmond,mapillary,richmond:203,591584463734236,0.097656,0.539062,21.080243,2024-11,1122833806659681,2025-09,0,9.513389,30.577192,0.862335,0.584925,0.870117,0.585938,0.864697,0.47694
f236,richmond,mapillary,richmond:9,1044606157061812,0.941406,0.568359,11.919991,2024-08,2487911918245599,2024-11,0,5.712576,7.672825,0.851937,0.635956,0.847656,0.646484,0.571646,0.490007
f237,richmond,mapillary,richmond:9,1044606157061812,0.941406,0.568359,11.919991,2024-08,1054548329940511,2024-11,0,9.02374,18.976249,0.573076,0.589296,0.56543,0.583984,0.842779,0.749264
f238,richmond,mapillary,richmond:41,1130501775077894,0.519531,0.539062,21.080243,2024-09,1206922433902833,2024-09,1,6.951731,14.383742,0.555886,0.613928,0.589844,0.662109,0.843025,2.595568
f239,richmond,mapillary,richmond:41,1130501775077894,0.519531,0.539062,21.080243,2024-09,1104594741082920,2024-09,1,12.859526,9.882085,0.825998,0.563504,0.84668,0.583984,0.936548,3.542405
f240,richmond,mapillary,richmond:139,2111278956050786,0.37793,0.568359,11.919991,2024-11,1328234364840917,2024-11,1,10.483589,2.035321,0.357558,0.577382,0.347656,0.583984,0.90528,1.062239
f241,richmond,mapillary,richmond:139,2111278956050786,0.37793,0.568359,11.919991,2024-11,511175248555871,2024-11,1,8.094097,10.078708,0.217889,0.598936,0.182617,0.585938,0.873534,2.326627
f242,richmond,mapillary,richmond:223,780391337668333,0.082031,0.583984,9.624548,2025-08,989495833115729,2024-11,0,14.307966,17.498529,0.571192,0.557216,0.56543,0.554688,0.567169,0.858877
f243,richmond,mapillary,richmond:223,780391337668333,0.082031,0.583984,9.624548,2025-08,1278561263612932,2024-11,0,17.89989,19.696293,0.5557,0.545913,0.549805,0.539062,0.559422,3.260227
f244,richmond,mapillary,richmond:94,1327023138707493,0.620117,0.570312,11.578326,2024-11,1018552496889141,2025-08,0,7.762292,6.72531,0.246926,0.60288,0.198242,0.617188,0.865112,2.429382
f245,richmond,mapillary,richmond:94,1327023138707493,0.620117,0.570312,11.578326,2024-11,1259257021878032,2024-09,0,14.875249,26.430203,0.366946,0.55508,0.362305,0.554688,0.816241,0.448774
f246,richmond,mapillary,richmond:145,2184370012043145,0.291992,0.583984,9.624548,2025-08,1975110943243102,2025-08,1,7.368244,4.271752,0.397497,0.607978,0.410156,0.601562,0.923961,0.78656
f247,richmond,mapillary,richmond:145,2184370012043145,0.291992,0.583984,9.624548,2025-08,1476351756864913,2024-11,0,9.722081,0.580411,0.629499,0.583179,0.628906,0.601562,0.945434,1.852147
f248,richmond,mapillary,richmond:30,1107064934776754,0.885742,0.615234,6.865408,2024-11,568914279037023,2024-09,0,10.571002,7.489137,0.424892,0.576768,0.448242,0.554688,0.878445,4.783436
f249,richmond,mapillary,richmond:30,1107064934776754,0.885742,0.615234,6.865408,2024-11,554548867253896,2024-09,0,8.32779,8.802737,0.273347,0.596329,0.307617,0.583984,0.87746,2.320368
f250,richmond,mapillary,richmond:137,2067733823644753,0.941406,0.554688,14.984169,2024-09,1511001152932216,2024-09,1,10.321508,22.023977,0.607185,0.578548,0.667969,0.583984,0.738873,3.846902
f251,richmond,mapillary,richmond:152,27724402107145083,0.566406,0.539062,21.080243,2024-09,8374095516034529,2024-09,1,10.30179,11.822558,0.87842,0.578693,0.910156,0.617188,0.922852,3.928988
f252,richmond,mapillary,richmond:152,27724402107145083,0.566406,0.539062,21.080243,2024-09,523878987219854,2024-09,1,14.127748,23.011638,0.604418,0.557937,0.558594,0.554688,0.712161,4.261796
f253,richmond,mapillary,richmond:102,1427673368387929,0.339844,0.585938,9.395193,2024-11,1041082181329358,2024-11,1,5.610774,9.479337,0.224939,0.638135,0.182617,0.632812,0.934006,1.542208
f254,richmond,mapillary,richmond:102,1427673368387929,0.339844,0.585938,9.395193,2024-11,1433441324317502,2024-11,1,14.411577,23.046687,0.082432,0.556815,0.074219,0.552734,0.916015,1.375844
f255,richmond,mapillary,richmond:110,1599497457585207,0.760742,0.617188,6.740247,2024-09,982010957022980,2024-09,1,11.268441,10.679418,0.943605,0.572185,0.941406,0.568359,1.003595,0.67149
f256,richmond,mapillary,richmond:110,1599497457585207,0.760742,0.617188,6.740247,2024-09,2872683036229748,2024-09,1,6.508236,5.825429,0.614343,0.62098,0.612305,0.617188,0.767063,0.247054
f257,richmond,mapillary,richmond:16,1051211967136526,0.558594,0.568359,11.919991,2024-11,960219836093291,2024-11,1,16.878467,5.249363,0.53206,0.548648,0.53418,0.539062,0.86842,4.208014
f258,richmond,mapillary,richmond:16,1051211967136526,0.558594,0.568359,11.919991,2024-11,1291337125400948,2024-11,1,16.134338,13.091566,0.947221,0.550853,0.948242,0.554688,0.894423,1.155846
f259,paterson,gsv,paterson:56,9AZrydWz7yu5OFJmBXIzDg,0.808594,0.601562,7.870312,2025-10,5oBXFY11RaSrFAyfi3wufA,2024-11,0,14.033692,20.930062,0.368963,0.558307,0.378906,0.554688,0.842645,1.31212
f260,paterson,gsv,paterson:56,9AZrydWz7yu5OFJmBXIzDg,0.808594,0.601562,7.870312,2025-10,FUpu2rqmiF8gt3AqWUAXDw,2017-09,0,9.773791,14.759208,0.279939,0.582755,0.299805,0.585938,0.891494,1.254042
f261,paterson,gsv,paterson:70,BvnpSlTjHxKyBiX5tQ02Mg,0.291992,0.568359,11.919991,2025-08,ax02PJHHYPz0B-Lx8YfQRw,2025-08,1,13.539445,10.310507,0.162473,0.560392,0.12793,0.554688,0.909166,3.407034
f262,paterson,gsv,paterson:93,L8lyOJwUI8j3Mk_cV-R80Q,0.143555,0.583984,9.624548,2021-10,nduvxCXz4YlPKBv4Yw-hzA,2018-07,0,13.574581,22.930929,0.936445,0.560227,0.941406,0.554688,0.913038,1.475458
f263,paterson,gsv,paterson:93,L8lyOJwUI8j3Mk_cV-R80Q,0.143555,0.583984,9.624548,2021-10,3ul-e5KYAaGtb9K-uMgoNg,2021-10,1,17.653767,9.981924,0.070451,0.546542,0.066406,0.539062,0.803895,3.460211
f264,paterson,gsv,paterson:49,7ZSHYN4Na-esoxvqvTzjwQ,0.050781,0.539062,21.080243,2018-06,17n3bW_omQa0XlF8cJB1_w,2024-09,0,13.533151,19.653663,0.61093,0.5604,0.574219,0.568359,0.849925,3.340486
f265,paterson,gsv,paterson:49,7ZSHYN4Na-esoxvqvTzjwQ,0.050781,0.539062,21.080243,2018-06,qYSUxphJKc5XgswBC9oUfQ,2020-11,0,6.939088,22.556691,0.299146,0.614091,0.355469,0.601562,0.9633,2.762615
f266,paterson,gsv,paterson:204,fGd6JE4qvoG1uOVvOjBBmg,0.510742,0.537109,22.200666,2025-10,VilS2MGlnS6QDO4YKUfKFA,2025-10,1,17.059652,5.783388,0.377567,0.548142,0.370117,0.552734,0.8117,1.691193
f267,paterson,gsv,paterson:46,5M-GzTlVe-lrOqHmypJqTA,0.542969,0.537109,22.200666,2020-11,nNK3IjHkKzH52Z3mF6A8GQ,2019-08,0,10.46595,17.488342,0.266781,0.577509,0.28418,0.583984,0.916586,1.382072
f268,paterson,gsv,paterson:46,5M-GzTlVe-lrOqHmypJqTA,0.542969,0.537109,22.200666,2020-11,rxaHTLGJWErZ7rbiEdovVA,2021-09,0,7.26238,26.97382,0.137798,0.609434,0.151367,0.601562,0.902589,0.885937
f269,paterson,gsv,paterson:170,aon4zuny7-LGeKV7JympCw,0.707031,0.630859,5.964017,2024-11,_w8z3uMVytDjbnQF-vKDbg,2025-10,0,8.753826,14.3572,0.88653,0.591898,0.886719,0.583984,0.960659,0.870546
f270,paterson,gsv,paterson:170,aon4zuny7-LGeKV7JympCw,0.707031,0.630859,5.964017,2024-11,OuOFuH52klmuUn5B0wrQPA,2025-10,0,6.654096,7.625684,0.662743,0.618568,0.652344,0.585938,0.867228,2.7892
f271,paterson,gsv,paterson:167,aZxwqPZnkC3sv5dTZOEomA,0.550781,0.570312,11.578326,2025-08,iNH3rjFT06A1Q_Ndaf3L8A,2020-11,0,12.208704,21.291726,0.403107,0.566791,0.433594,0.552734,0.876539,4.255782
f272,paterson,gsv,paterson:2,0-zmUwLwl5ENJgqxheDklQ,0.058594,0.537109,22.200666,2024-11,TuCzgnYVaIsENUlaxA9oxw,2024-11,1,12.748706,10.736025,0.106815,0.564052,0.105469,0.568359,0.881511,0.832699
f273,paterson,gsv,paterson:2,0-zmUwLwl5ENJgqxheDklQ,0.058594,0.537109,22.200666,2024-11,6zNIt81jPlHnSAkVz8DbFw,2025-08,0,7.966558,17.196279,0.187952,0.60042,0.206055,0.583984,0.810591,1.934459
f274,paterson,gsv,paterson:238,k3ipUDBk_fu7EXSVSNGaig,0.557617,0.537109,22.200666,2025-10,1O68rlkmjScK3dqlNfAHqQ,2025-10,1,12.066841,16.114018,0.196885,0.567552,0.144531,0.568359,0.917147,3.930162
f275,paterson,gsv,paterson:238,k3ipUDBk_fu7EXSVSNGaig,0.557617,0.537109,22.200666,2025-10,pMGEN2TZMy8dRWCk7Bnv8Q,2025-10,1,8.889242,25.011477,0.829186,0.590575,0.894531,0.570312,0.889326,4.933375
f276,paterson,gsv,paterson:98,PM92O1ji0i42GTuhT_ll5A,0.730469,0.552734,15.550012,2024-11,M3aO3GyEmuuhrVAeBIGjfQ,2019-07,0,13.411649,8.391415,0.818494,0.560953,0.824219,0.554688,0.935555,1.653362
f277,paterson,gsv,paterson:98,PM92O1ji0i42GTuhT_ll5A,0.730469,0.552734,15.550012,2024-11,_pPk05aB1_6qDlZpWI8iBg,2020-11,0,5.085445,12.083132,0.662521,0.650441,0.674805,0.646484,0.888555,0.42937
f278,paterson,gsv,paterson:120,Tyc7Xoi2Qu6tNrHVre2kNA,0.643555,0.570312,11.578326,2020-11,JGfMgzDdhFYt-FHc7w-d0Q,2024-11,0,10.866751,15.08138,0.622809,0.574756,0.644531,0.568359,0.652994,1.875937
f279,paterson,gsv,paterson:120,Tyc7Xoi2Qu6tNrHVre2kNA,0.643555,0.570312,11.578326,2020-11,_2UjVyKP48Zr7UOoL3FAmA,2020-11,1,9.046273,8.321771,0.77232,0.58909,0.791992,0.601562,0.901721,1.571025
f280,paterson,gsv,paterson:34,3BTAarqIRrxbpFHUFJhtSQ,0.152344,0.552734,15.550012,2025-08,8NLg_OxKtaI7XSS7TpWpxw,2025-08,1,5.848598,18.480527,0.657153,0.633152,0.59668,0.599609,0.828717,3.389023
f281,paterson,gsv,paterson:34,3BTAarqIRrxbpFHUFJhtSQ,0.152344,0.552734,15.550012,2025-08,xsSAhr6lzaEvr8Vrw8cA3w,2025-08,1,12.101347,13.3459,0.898925,0.567365,0.933594,0.554688,0.928814,4.108426
f282,paterson,gsv,paterson:119,TFX8xO7By2dnr_cYK59_Gw,0.03418,0.537109,22.200666,2020-11,hz8EAepKhhL2T2KaHk_IUg,2020-11,1,16.240812,32.673899,0.465535,0.550525,0.44043,0.554688,0.918476,2.761559
f283,paterson,gsv,paterson:119,TFX8xO7By2dnr_cYK59_Gw,0.03418,0.537109,22.200666,2020-11,L4aQ6CSjScVqAF51yNT9Og,2020-11,1,13.507605,32.960651,0.501805,0.560523,0.542969,0.554688,0.956337,3.954661
f284,paterson,gsv,paterson:162,Zu314hB3XfshUEt2hsd0RQ,0.338867,0.568359,11.919991,2025-08,_B41GATWBSG0TFTk1SLVNg,2025-08,1,15.326214,8.940963,0.149041,0.55349,0.105469,0.552734,0.679239,4.219537
f285,paterson,gsv,paterson:231,jpunVR46zc0yifTPUihF2A,0.371094,0.568359,11.919991,2007-10,lsWRKAG42w3DVe2u6HBRHA,2018-07,0,11.453435,20.310616,0.286757,0.571054,0.277344,0.568359,0.892755,0.833733
f286,paterson,gsv,paterson:231,jpunVR46zc0yifTPUihF2A,0.371094,0.568359,11.919991,2007-10,1E25bzels6AwwktBpsMzBQ,2018-06,0,5.312337,10.529289,0.700095,0.64488,0.699219,0.648438,0.9668,0.149817
f287,paterson,gsv,paterson:57,9AZrydWz7yu5OFJmBXIzDg,0.355469,0.554688,14.984169,2025-10,Lpb4wlhS1puhu_JAF-MtfQ,2025-10,1,14.923231,20.351522,0.139058,0.554903,0.088867,0.552734,0.943375,4.824852
f288,paterson,gsv,paterson:57,9AZrydWz7yu5OFJmBXIzDg,0.355469,0.554688,14.984169,2025-10,6FQqYLaPBoCn67axJXLePQ,2025-10,1,11.35697,10.323889,0.251737,0.571632,0.191406,0.570312,0.871151,4.326618
f289,paterson,gsv,paterson:14,0fCPhcB0ZF3dHQ7nEIWABA,0.291992,0.583984,9.624548,2025-08,KOuVZKOaAqyULfsWJj38lg,2024-11,0,17.643355,9.856974,0.053645,0.546576,0.058594,0.539062,0.67953,3.49052
f290,paterson,gsv,paterson:114,R9WHDEVRAq5IdtLkLFhL_A,0.925781,0.554688,14.984169,2019-07,veNbffmjJnZ429HmUZd87w,2018-06,0,11.002197,11.373473,0.311207,0.573865,0.331055,0.585938,0.954772,2.046565
f291,paterson,gsv,paterson:107,PS-Atz2shq5v6QtlJs6OlA,0.402344,0.554688,14.984169,2021-10,vrBUI8HkER6U9IHKuatS-g,2024-11,0,5.210719,20.051233,0.629477,0.647313,0.620117,0.615234,0.892502,1.691275
f292,paterson,gsv,paterson:107,PS-Atz2shq5v6QtlJs6OlA,0.402344,0.554688,14.984169,2021-10,kSxObT15x3bNiC0GeyP1aQ,2024-11,0,12.422987,22.91219,0.105538,0.565661,0.088867,0.554688,0.925881,2.930682
f293,paterson,gsv,paterson:135,WoAP6tTVMjKMFEwdCi7YaQ,0.105469,0.539062,21.080243,2025-08,P6z4JpBetY-ylzDlHm9lVA,2025-08,1,14.742878,9.742852,0.174294,0.555565,0.207031,0.568359,0.909197,3.92147
f294,paterson,gsv,paterson:96,OhdI54JArKc1UopNZiFoZg,0.135742,0.552734,15.550012,2024-09,gqxp6JRsI4zwWLspLY2RlA,2024-09,1,11.487136,10.381618,0.242093,0.570848,0.214844,0.568359,0.850841,2.047156
f295,paterson,gsv,paterson:96,OhdI54JArKc1UopNZiFoZg,0.135742,0.552734,15.550012,2024-09,IZgC2RlMA3YKhJ69VlCv3A,2024-09,1,14.129852,21.060166,0.31517,0.557923,0.277344,0.554688,0.909896,3.554106
f296,paterson,gsv,paterson:214,hMx_5PxQtlixa9LRSNnKFQ,0.832031,0.662109,4.656027,2020-11,RXh_B_NUCb8dw-qQxgwX4Q,2020-11,1,12.003285,10.281512,0.94456,0.567899,0.941406,0.570312,0.731648,0.484929
f297,paterson,gsv,paterson:283,wNcM5HCEQeGv8ndYe9HMmw,0.612305,0.583984,9.624548,2024-09,XKpXfetda02-Brrd_EQOGg,2024-09,1,6.627889,10.000993,0.813617,0.618958,0.800781,0.615234,0.971715,0.592663
f298,paterson,gsv,paterson:283,wNcM5HCEQeGv8ndYe9HMmw,0.612305,0.583984,9.624548,2024-09,lpcFQUEJ803cFLa9avBsig,2025-11,0,10.113814,19.493494,0.841886,0.580092,0.839844,0.570312,0.877301,1.470616
f299,paterson,gsv,paterson:111,Q5D74UJFt5D2PVhGxRh1sw,0.628906,0.583984,9.624548,2020-11,v6j_rFpirgPLhV_uQpyf1w,2020-11,1,7.062074,15.757105,0.245226,0.612272,0.237305,0.615234,1.001693,0.398905
f300,paterson,gsv,paterson:111,Q5D74UJFt5D2PVhGxRh1sw,0.628906,0.583984,9.624548,2020-11,zQytrtU0zTyzYKQN0iiQvQ,2015-10,0,14.460878,19.509171,0.923416,0.556625,0.916992,0.570312,0.995848,2.929518
f301,paterson,gsv,paterson:226,ijlwBkjXDfD2wCO_jSjCGA,0.941406,0.537109,22.200666,2025-10,C4MyqPFL3k6-pKqkkFNp9w,2025-10,1,13.693941,9.985618,0.858404,0.559726,0.823242,0.570312,0.903537,3.490347
f302,paterson,gsv,paterson:91,IXCSjRuAqY4_iyOU_2rxeQ,0.527344,0.539062,21.080243,2019-08,Xt0_cRg8Y2f_51GivbsYfg,2020-11,0,12.868699,29.123781,0.105954,0.563459,0.088867,0.568359,0.745462,1.632719
f303,paterson,gsv,paterson:91,IXCSjRuAqY4_iyOU_2rxeQ,0.527344,0.539062,21.080243,2019-08,3XiFAFkrYPcN0gXQcruPpg,2021-09,0,10.620729,28.59813,0.133048,0.576422,0.105469,0.583984,0.764788,2.013372
f304,paterson,gsv,paterson:126,WJObi8mVH47hu4RDg_PEOQ,0.401367,0.539062,21.080243,2018-08,ReCURY4VjeCCm94J7lZ7XA,2024-11,0,13.581493,8.650525,0.583048,0.560208,0.574219,0.570312,0.917213,2.120538
f305,paterson,gsv,paterson:263,qL5hz8oXZM0g4pKxGR3Yyw,0.331055,0.585938,9.395193,2021-10,N6Dz1QYLgYxSSPr9srjD-Q,2025-08,0,15.661113,17.496089,0.104144,0.552377,0.105469,0.554688,0.789864,0.685925
f306,paterson,gsv,paterson:263,qL5hz8oXZM0g4pKxGR3Yyw,0.331055,0.585938,9.395193,2021-10,Xqm6s_evMcvVGRBpZ_GCRg,2025-08,0,9.754305,17.345882,0.223359,0.582924,0.229492,0.570312,0.880087,1.870424
f307,paterson,gsv,paterson:51,7ZSHYN4Na-esoxvqvTzjwQ,0.182617,0.630859,5.964017,2018-06,17n3bW_omQa0XlF8cJB1_w,2024-09,0,13.790972,19.653663,0.38813,0.559314,0.393555,0.568359,0.962169,1.921301
f308,paterson,gsv,paterson:51,7ZSHYN4Na-esoxvqvTzjwQ,0.182617,0.630859,5.964017,2018-06,pfKF1i8tHCufv7HHUZY6kA,2024-09,0,11.773987,7.530159,0.069208,0.569177,0.066406,0.568359,0.88957,0.254167
f309,paterson,gsv,paterson:58,AYBFFp06z_3m70ETRK2Jtw,0.112305,0.552734,15.550012,2025-11,aJbn731dnlO65CB9lBo8eg,2025-11,1,10.073643,10.137155,0.218265,0.580379,0.230469,0.570312,0.798162,1.714646
f310,paterson,gsv,paterson:58,AYBFFp06z_3m70ETRK2Jtw,0.112305,0.552734,15.550012,2025-11,86EHJ2Vs5wiRiGsjqYyiNQ,2025-11,1,13.107867,20.678516,0.363624,0.562323,0.37793,0.552734,0.66119,2.757411
f311,paterson,gsv,paterson:169,aon4zuny7-LGeKV7JympCw,0.299805,0.646484,5.245206,2024-11,uENcX3lE2H-bR2YIBKHOxQ,2025-10,0,6.660236,11.187233,0.659255,0.618468,0.660156,0.599609,0.922508,1.375808
f312,paterson,gsv,paterson:290,ycJKMD6I5D8glf_jMPqkDQ,0.667969,0.726562,3.014123,2014-10,lBHupeqnvgUJctH3OIWY5w,2024-11,0,11.870161,10.159889,0.644771,0.56864,0.652344,0.554688,0.903486,3.178793
f313,paterson,gsv,paterson:284,wNcM5HCEQeGv8ndYe9HMmw,0.417969,0.552734,15.550012,2024-09,6QWaNZMnlO9O0JXlYigdSQ,2025-11,0,12.432887,27.958955,0.627197,0.565601,0.621094,0.554688,0.968171,2.599954
f314,paterson,gsv,paterson:284,wNcM5HCEQeGv8ndYe9HMmw,0.417969,0.552734,15.550012,2024-09,XKpXfetda02-Brrd_EQOGg,2024-09,1,8.594256,10.000993,0.314852,0.593481,0.34668,0.583984,0.981095,2.086195
f315,paterson,gsv,paterson:19,0uNeulmg68uHO_WKDIuqZw,0.28418,0.630859,5.964017,2024-11,pvr6DsMTgPWretKZW9mcrg,2015-11,0,10.913208,16.245297,0.386552,0.574465,0.385742,0.599609,0.883047,2.876115
f316,paterson,gsv,paterson:19,0uNeulmg68uHO_WKDIuqZw,0.28418,0.630859,5.964017,2024-11,MgyqKExCPSvEhUKaOblj5A,2024-11,1,9.938263,6.874943,0.599874,0.58145,0.59668,0.585938,0.963096,0.576641
f317,paterson,gsv,paterson:287,y8Q6XDfEoPt5K6ONqi406w,0.75293,0.599609,8.035517,2025-08,wZDFR_PxMJc91ZqEBjE-Ug,2025-08,1,11.349385,8.366021,0.86622,0.571683,0.902344,0.615234,0.555475,4.909642
f318,paterson,gsv,paterson:206,fSQ5B3z1vT-Ym1-siL8iOA,0.558594,0.554688,14.984169,2025-10,L2nnLpqeddFloHAgy2ygDg,2024-11,0,12.273118,7.094947,0.729166,0.56645,0.699219,0.601562,0.964685,4.774373
f319,paterson,gsv,paterson:206,fSQ5B3z1vT-Ym1-siL8iOA,0.558594,0.554688,14.984169,2025-10,aGB8F3vw3WTICOwUaDzmfA,2025-10,1,6.843456,10.286489,0.665852,0.615573,0.746094,0.632812,0.940001,3.308358
f320,paterson,gsv,paterson:248,nqA7oH-86S2CmsGA9hyVtA,0.097656,0.537109,22.200666,2019-08,fYJSRpXKsHrGqarQt3PAWA,2025-08,0,12.850855,13.206215,0.902072,0.563549,0.916992,0.554688,0.89922,2.499444
f321,paterson,gsv,paterson:248,nqA7oH-86S2CmsGA9hyVtA,0.097656,0.537109,22.200666,2019-08,xMKfkwKvNogyW3xlBYUAPA,2025-08,0,8.076016,29.905604,0.156135,0.599154,0.143555,0.568359,0.958533,3.923179
f322,paterson,gsv,paterson:285,wVWZk8xcqrpV0l1CKpK45w,0.292969,0.570312,11.578326,2025-08,3K8wnxqURHqFq80KSMHZiQ,2025-08,1,17.65268,10.512523,0.390451,0.546548,0.402344,0.539062,0.702664,3.718187
f323,paterson,gsv,paterson:285,wVWZk8xcqrpV0l1CKpK45w,0.292969,0.570312,11.578326,2025-08,imFFQEUvRFbzohFHSh457w,2025-08,1,13.079689,9.986188,0.163895,0.56246,0.143555,0.554688,0.622706,2.612249
f324,paterson,gsv,paterson:132,WNiUHjkafGBEnMc0nc4wkQ,0.074219,0.539062,21.080243,2021-10,ViqoQdHJlFbS7NNiwN3KBg,2021-10,1,12.689438,10.632409,0.144455,0.56432,0.166992,0.583984,0.904746,3.441715
f325,paterson,gsv,paterson:132,WNiUHjkafGBEnMc0nc4wkQ,0.074219,0.539062,21.080243,2021-10,uZXjSCbvan1LkRWfrvEL1w,2019-08,0,17.293765,29.813832,0.250286,0.547498,0.269531,0.552734,0.901459,2.640071
f326,paterson,gsv,paterson:112,Q5D74UJFt5D2PVhGxRh1sw,0.410156,0.537109,22.200666,2020-11,diB5S5Yv9Z61lncEy-cHkw,2024-09,0,11.556623,29.145831,0.573155,0.570422,0.550781,0.570312,0.888067,1.625049
f327,paterson,gsv,paterson:178,bfc5Mq-kfwj29vGpOPKS2A,0.057617,0.539062,21.080243,2020-11,en6waIkPvfiwcOrpS7tByw,2015-11,0,6.682315,21.165227,0.267684,0.618116,0.268555,0.646484,0.893606,1.437348
f328,paterson,gsv,paterson:215,hV6LwTvkCzyX_vQF3ZG5qQ,0.597656,0.585938,9.395193,2024-11,sZji7JykbiZSG4S719PZUw,2024-11,1,16.954527,8.716193,0.580931,0.548438,0.574219,0.539062,0.983053,4.202922
f329,paterson,gsv,paterson:215,hV6LwTvkCzyX_vQF3ZG5qQ,0.597656,0.585938,9.395193,2024-11,RsvmWzGpJC7IUPCnYXdFng,2024-11,1,3.306315,11.818414,0.852212,0.712123,0.894531,0.662109,0.870783,1.704215
f330,paterson,gsv,paterson:172,aon4zuny7-LGeKV7JympCw,0.558594,0.568359,11.919991,2024-11,sYcNnuSXnEzEPlfEQQEW7Q,2007-10,0,5.330563,15.309299,0.893363,0.644448,0.791992,0.662109,0.819147,3.191887
f331,paterson,gsv,paterson:47,5PJhqjhMTDTN_54DwP35Xw,0.058594,0.552734,15.550012,2024-11,qnP_nWZFOlwm4ddLfBadug,2025-10,0,12.914016,26.658629,0.920856,0.563242,0.924805,0.554688,1.005257,2.099014
f332,paterson,gsv,paterson:47,5PJhqjhMTDTN_54DwP35Xw,0.058594,0.552734,15.550012,2024-11,YPKB4X9MYHA9LfhlIwRuYg,2025-10,0,7.8547,23.156824,0.670898,0.601762,0.643555,0.585938,0.92666,2.132858
f333,paterson,gsv,paterson:183,bwpW8jgnlIbAQC0HRy99JA,0.800781,0.585938,9.395193,2025-10,BV8IndFncRM5mbNMI5sJ7w,2025-10,1,8.917535,12.229464,0.319418,0.590302,0.285156,0.568359,0.918061,3.730846
f334,paterson,gsv,paterson:291,ycJKMD6I5D8glf_jMPqkDQ,0.385742,0.568359,11.919991,2014-10,lmLM-yjNB3-vJGkBeEl3Zw,2025-10,0,14.194758,25.604519,0.168412,0.557665,0.207031,0.570312,0.679876,4.059737
f335,paterson,gsv,paterson:85,G7_klPoeLoxXAdoW6affDA,0.831055,0.599609,8.035517,2025-08,W9f5nNlXIDFGXnv2IGmENw,2025-10,0,12.045573,11.024889,0.23981,0.567678,0.261719,0.554688,0.805822,3.4731
f336,paterson,gsv,paterson:244,kpvi-7jlODMmozIBUAUD_A,0.683594,0.630859,5.964017,2024-11,KSCMM3ytaVkc7uAEi8ye5g,2024-11,1,4.702019,7.060498,0.664692,0.660797,0.660156,0.662109,0.900018,0.140872
f337,paterson,gsv,paterson:244,kpvi-7jlODMmozIBUAUD_A,0.683594,0.630859,5.964017,2024-11,4LL-6kA0xBiEGD34B5ZshQ,2024-11,1,10.541074,14.674189,0.576428,0.57698,0.574219,0.570312,0.891099,1.049149
f338,paterson,gsv,paterson:110,Q5D74UJFt5D2PVhGxRh1sw,0.558594,0.539062,21.080243,2020-11,v6j_rFpirgPLhV_uQpyf1w,2020-11,1,6.037059,15.757105,0.715937,0.629434,0.707031,0.677734,0.87832,1.896124
f339,paterson,gsv,paterson:110,Q5D74UJFt5D2PVhGxRh1sw,0.558594,0.539062,21.080243,2020-11,vTqZwd65D6SxEA6MPQabCA,2020-11,1,13.284685,22.998889,0.585407,0.561518,0.56543,0.554688,0.9821,2.452633
f340,paterson,gsv,paterson:65,AhV3GKVFnENcHwhG45WN2g,0.410156,0.552734,15.550012,2025-08,Vsm93hbV8M-nNPDcDHoGug,2025-08,1,10.345209,20.320896,0.135082,0.57838,0.089844,0.570312,0.952145,3.336992
f341,paterson,gsv,paterson:65,AhV3GKVFnENcHwhG45WN2g,0.410156,0.552734,15.550012,2025-08,aukGf4ZbfwxNDvmMXwURmQ,2024-11,0,11.122697,19.677765,0.92462,0.573096,0.948242,0.554688,0.994325,4.310197
f342,paterson,gsv,paterson:55,80E3CRwZRxGtczZCQX3JNg,0.549805,0.554688,14.984169,2024-09,5wwieraP3cBxHV7xciPjUg,2024-09,1,16.123973,30.176268,0.944896,0.550881,0.949219,0.539062,0.947981,4.978037
f343,paterson,gsv,paterson:55,80E3CRwZRxGtczZCQX3JNg,0.549805,0.554688,14.984169,2024-09,AGliKUaOZPbjkDtoBwJ19A,2024-09,1,6.100947,10.184743,0.6336,0.628223,0.644531,0.648438,0.856587,1.012308
f344,paterson,gsv,paterson:252,nqA7oH-86S2CmsGA9hyVtA,0.277344,0.617188,6.740247,2019-08,w3ahKXgtlnqXMuEvAM29mw,2020-11,0,7.437888,8.662213,0.189178,0.607064,0.19043,0.617188,0.727924,0.698441
f345,paterson,gsv,paterson:252,nqA7oH-86S2CmsGA9hyVtA,0.277344,0.617188,6.740247,2019-08,vPk63p39tswR35r8jeUh2A,2020-11,0,15.162993,19.053083,0.076209,0.554063,0.073242,0.552734,0.8652,0.483101
f346,paterson,gsv,paterson:289,yc2j9hm9FtM1LXTmsXTcWA,0.260742,0.537109,22.200666,2025-10,WkRZL6YaOAxWW0e372B0WQ,2025-10,1,11.499648,10.707121,0.842693,0.570769,0.832031,0.585938,0.835031,2.217643
f347,paterson,gsv,paterson:125,Uh1qGHtgaFQVFpiBQyeN8Q,0.269531,0.539062,21.080243,2024-09,TxWogNzqXlLechyyBODulg,2025-10,0,6.859338,16.169593,0.783058,0.615324,0.738281,0.630859,0.81272,2.004609
f348,paterson,gsv,paterson:125,Uh1qGHtgaFQVFpiBQyeN8Q,0.269531,0.539062,21.080243,2024-09,uNNQxSrxgDLVOQsj80Yq9w,2025-10,0,9.067113,12.76071,0.84365,0.588886,0.870117,0.585938,0.874095,1.567786
f349,paterson,gsv,paterson:251,nqA7oH-86S2CmsGA9hyVtA,0.683594,0.599609,8.035517,2019-08,nKpH27gA7Kiqvjd6CEYzSg,2025-08,0,15.146333,23.161761,0.063566,0.554118,0.058594,0.552734,0.920951,0.627641
f350,paterson,gsv,paterson:220,hvegP5rTGyRrsRQb3h-rog,0.354492,0.539062,21.080243,2025-08,j0bMak2p5P2InAZ3LdTQvQ,2025-08,1,17.646671,7.205449,0.300509,0.546564,0.260742,0.554688,0.912244,4.84881
f351,paterson,gsv,paterson:171,aon4zuny7-LGeKV7JympCw,0.441406,0.554688,14.984169,2024-11,uENcX3lE2H-bR2YIBKHOxQ,2025-10,0,7.387135,11.187233,0.316544,0.607723,0.324219,0.585938,0.916961,2.047749
f352,paterson,gsv,paterson:171,aon4zuny7-LGeKV7JympCw,0.441406,0.554688,14.984169,2024-11,OuOFuH52klmuUn5B0wrQPA,2025-10,0,10.195659,7.625684,0.114009,0.579477,0.105469,0.570312,0.870081,1.500228
f353,paterson,gsv,paterson:127,WJObi8mVH47hu4RDg_PEOQ,0.581055,0.552734,15.550012,2018-08,OW669hb73uRai7tbwrhpew,2024-11,0,13.617083,20.299954,0.560103,0.560054,0.542969,0.554688,0.860505,2.05703
f354,paterson,gsv,paterson:79,C-d-iXNcQ_LYqEup9COaOA,0.074219,0.537109,22.200666,2025-10,eLNe-Gj-65VlcCsYgtBhGg,2024-09,0,13.262434,32.796449,0.452258,0.561621,0.425781,0.552734,0.938073,3.306444
f355,paterson,gsv,paterson:79,C-d-iXNcQ_LYqEup9COaOA,0.074219,0.537109,22.200666,2025-10,04shtHHxFlsRmmTVwWv_0g,2024-09,0,4.248184,26.168003,0.256563,0.674865,0.277344,0.601562,0.854119,3.702051
f356,paterson,gsv,paterson:253,nqA7oH-86S2CmsGA9hyVtA,0.979492,0.539062,21.080243,2019-08,97DPclBqnYyYYddO-f1CZg,2025-08,0,11.114061,20.848149,0.894138,0.573156,0.924805,0.568359,0.913824,2.35691
f357,paterson,gsv,paterson:253,nqA7oH-86S2CmsGA9hyVtA,0.979492,0.539062,21.080243,2019-08,fYJSRpXKsHrGqarQt3PAWA,2025-08,0,8.552885,13.206215,0.645303,0.593948,0.613281,0.585938,0.688274,1.988215
f358,paterson,gsv,paterson:246,kpvi-7jlODMmozIBUAUD_A,0.19043,0.583984,9.624548,2024-11,KSCMM3ytaVkc7uAEi8ye5g,2024-11,1,15.760966,7.060498,0.444522,0.552041,0.44043,0.552734,0.751818,0.454478
f359,paterson,gsv,paterson:246,kpvi-7jlODMmozIBUAUD_A,0.19043,0.583984,9.624548,2024-11,IDp_xhD-Nhcg0J4sfCryHg,2025-10,0,8.026113,13.022317,0.625862,0.599729,0.573242,0.583984,0.889508,3.305225
f360,paterson,gsv,paterson:288,y8Q6XDfEoPt5K6ONqi406w,0.886719,0.583984,9.624548,2025-08,oINj4y-vGWz4VsJie9IfRQ,2025-08,1,6.536744,10.01146,0.692584,0.620498,0.628906,0.599609,0.645056,3.246786
f361,paterson,gsv,paterson:288,y8Q6XDfEoPt5K6ONqi406w,0.886719,0.583984,9.624548,2025-08,wZDFR_PxMJc91ZqEBjE-Ug,2025-08,1,16.670026,8.366021,0.925235,0.549247,0.933594,0.539062,0.847649,4.517778
f362,paterson,gsv,paterson:232,jpunVR46zc0yifTPUihF2A,0.581055,0.583984,9.624548,2007-10,ctkwwlENs9MvSiuxyB9LcA,2018-07,0,11.915409,21.492644,0.309792,0.568385,0.308594,0.554688,0.948131,3.070416
f363,paterson,gsv,paterson:80,DjvAQ4p-Q78PR-6ohIs5kA,0.15918,0.568359,11.919991,2024-11,q5-gQmp38mXXKemixGlnuQ,2018-08,0,9.008316,7.787628,0.258738,0.589442,0.253906,0.599609,0.89305,1.006438
f364,paterson,gsv,paterson:80,DjvAQ4p-Q78PR-6ohIs5kA,0.15918,0.568359,11.919991,2024-11,-hr-2nfdpTTvhnqG0g1XOQ,2024-11,1,13.435013,15.547232,0.367124,0.560854,0.362305,0.554688,0.942789,1.608839
f365,paterson,gsv,paterson:13,0fCPhcB0ZF3dHQ7nEIWABA,0.980469,0.554688,14.984169,2025-08,7IHAP0-caveUWSZgl_Cggw,2024-11,0,10.601783,20.57647,0.882761,0.576561,0.925781,0.568359,0.656072,3.304166
f366,paterson,gsv,paterson:13,0fCPhcB0ZF3dHQ7nEIWABA,0.980469,0.554688,14.984169,2025-08,KOuVZKOaAqyULfsWJj38lg,2024-11,0,6.34032,9.856974,0.749637,0.623874,0.808594,0.677734,0.903894,2.885218
f367,paterson,gsv,paterson:67,BjV06xLkvfHDCTJMA5WK6Q,0.105469,0.539062,21.080243,2025-08,dkLZLzdA0pSuserxRYu46w,2025-08,1,15.137973,8.916497,0.164941,0.554145,0.191406,0.552734,0.936047,2.581477
f368,paterson,gsv,paterson:67,BjV06xLkvfHDCTJMA5WK6Q,0.105469,0.539062,21.080243,2025-08,XYEHozwMdixIrejIDatogw,2024-11,0,1.458709,22.537896,0.846995,0.837262,0.832031,0.630859,0.840639,4.514164
f369,paterson,gsv,paterson:213,hMx_5PxQtlixa9LRSNnKFQ,0.237305,0.583984,9.624548,2020-11,f8heFA2cZ866c3vLQtAE3Q,2020-11,1,14.930156,15.484736,0.896341,0.554881,0.910156,0.554688,0.862028,1.298953
f370,paterson,gsv,paterson:213,hMx_5PxQtlixa9LRSNnKFQ,0.237305,0.583984,9.624548,2020-11,RXh_B_NUCb8dw-qQxgwX4Q,2020-11,1,16.703502,10.281512,0.095107,0.54915,0.082031,0.554688,0.964144,2.155707
f371,paterson,gsv,paterson:87,GBSPMaXXCAqOdrozYcHR3w,0.605469,0.552734,15.550012,2025-08,RD9sbDPDo-l546jgWmJjtA,2025-08,1,9.925098,10.424864,0.723446,0.581546,0.800781,0.585938,0.90266,4.67641
f372,paterson,gsv,paterson:188,bxdL0Guz_zm-8O1E1Gn78A,0.933594,0.537109,22.200666,2025-10,GN4TE9frkdQyuI-057uJFQ,2025-10,1,13.773612,9.926479,0.884449,0.559392,0.870117,0.554688,0.947909,1.77222
f373,paterson,gsv,paterson:188,bxdL0Guz_zm-8O1E1Gn78A,0.933594,0.537109,22.200666,2025-10,EQYMHcPWmBxdt44L77JyXQ,2023-04,0,6.59036,28.685805,0.637925,0.619621,0.65918,0.585938,0.862367,2.995697
f374,paterson,gsv,paterson:48,60amgEGA1TEcbtRBTtxUTg,0.56543,0.570312,11.578326,2024-11,RONE5oaBix9yL1xeG_WUuQ,2024-11,1,7.887139,19.217285,0.358108,0.60136,0.354492,0.599609,0.921956,0.233903
f375,paterson,gsv,paterson:48,60amgEGA1TEcbtRBTtxUTg,0.56543,0.570312,11.578326,2024-11,T82BgJLfAHj-jjPYRLQzig,2024-11,1,10.813623,20.614398,0.931495,0.575106,0.941406,0.568359,0.901278,1.312605
f376,paterson,gsv,paterson:99,PM92O1ji0i42GTuhT_ll5A,0.416992,0.537109,22.200666,2024-11,yvFdtn4nZN3uDdiEj0gmpw,2025-10,0,17.48773,30.050165,0.70612,0.546981,0.714844,0.539062,0.914091,3.743605
f377,paterson,gsv,paterson:99,PM92O1ji0i42GTuhT_ll5A,0.416992,0.537109,22.200666,2024-11,t2rLsNMfFjT-3ONmtlaHEg,2025-10,0,17.073127,27.286856,0.746429,0.548105,0.760742,0.539062,0.944494,4.355177
f378,paterson,gsv,paterson:90,HHjmf0kWHmcwWAOfg7b4tw,0.550781,0.552734,15.550012,2024-11,9OO2Y740wQTOryojriAkTw,2024-11,1,4.915589,12.884913,0.68101,0.654868,0.674805,0.646484,0.92666,0.384597
f379,paterson,gsv,paterson:90,HHjmf0kWHmcwWAOfg7b4tw,0.550781,0.552734,15.550012,2024-11,Yn53380hDjh77SRiHAvyIw,2025-08,0,11.261141,25.784431,0.221243,0.57223,0.214844,0.554688,0.975158,3.760371
f380,paterson,gsv,paterson:42,4GUDoZXe6RgYNQX0m4b0Zg,0.730469,0.630859,5.964017,2025-10,9nbIOjFRe5Ng_ofz6YtceA,2025-10,1,8.430232,10.539466,0.87887,0.595225,0.894531,0.570312,0.916502,3.294651
f381,paterson,gsv,paterson:42,4GUDoZXe6RgYNQX0m4b0Zg,0.730469,0.630859,5.964017,2025-10,AG08d0s8yP7_mWhzjGxWDQ,2025-10,1,6.157924,0.632448,0.728788,0.627169,0.729492,0.630859,0.801071,0.195776
f382,paterson,gsv,paterson:292,ycJKMD6I5D8glf_jMPqkDQ,0.371094,0.630859,5.964017,2014-10,jEi7NbsyVReqO2q99g403A,2024-11,0,6.270414,7.108286,0.679705,0.625129,0.675781,0.601562,0.688824,1.609996
f383,paterson,gsv,paterson:198,eIw8Y1zl7qgUW6bTPzk3gA,0.893555,0.568359,11.919991,2021-10,CutkdFk4didZ31wwzp7cMA,2021-09,0,15.589254,27.08381,0.101688,0.552603,0.104492,0.552734,0.716331,0.277189
f384,paterson,gsv,paterson:109,Q5D74UJFt5D2PVhGxRh1sw,0.34668,0.568359,11.919991,2020-11,u2XGpaU4wK-IJIHbdGFyBA,2024-09,0,11.249041,23.151479,0.094558,0.572299,0.104492,0.570312,0.815505,0.784347
f385,paterson,gsv,paterson:109,Q5D74UJFt5D2PVhGxRh1sw,0.34668,0.568359,11.919991,2020-11,zQytrtU0zTyzYKQN0iiQvQ,2015-10,0,16.266449,19.509171,0.106155,0.550437,0.112305,0.554688,0.944206,1.421107
f386,gainesville,gsv,gainesville:8,3CbLaqDP3N3z64brBrC0eA,0.791992,0.648438,5.165313,2026-02,MFV8LwuQRAglcSUxWyx6ww,2026-02,1,11.611249,11.161228,0.365765,0.570118,0.370117,0.570312,0.702205,0.318778
f387,gainesville,gsv,gainesville:8,3CbLaqDP3N3z64brBrC0eA,0.791992,0.648438,5.165313,2026-02,gDwUCV_S9W8mv1ciozuNZg,2026-04,0,6.959713,9.104344,0.684872,0.613801,0.660156,0.585938,0.815791,2.739375
f388,gainesville,gsv,gainesville:136,b-azHLq5uJSlywVqKYbgHA,0.160156,0.615234,6.865408,2024-06,zuiFNvrAZxvxPGeacHPkPw,2024-06,1,8.999094,10.634475,0.391661,0.589534,0.371094,0.599609,0.742615,1.460666
f389,gainesville,gsv,gainesville:136,b-azHLq5uJSlywVqKYbgHA,0.160156,0.615234,6.865408,2024-06,r1AZzQTWP-Q5nBaJHT1KQw,2024-06,1,14.750428,9.864417,0.064795,0.555542,0.066406,0.552734,0.840963,0.815684
f390,gainesville,gsv,gainesville:58,9tS6faHm3jFdOth84XlbEQ,0.557617,0.570312,11.578326,2026-03,yl0RCOY6-lDxOskzes_S-A,2026-02,0,9.244752,8.210823,0.672489,0.58727,0.628906,0.583984,0.826858,2.603094
f391,gainesville,gsv,gainesville:116,VWMApFeYDoQmO9taDRV-lg,0.964844,0.539062,21.080243,2018-10,6SS1gol1S0QKRXmx0oQKJg,2016-07,0,12.586109,16.394243,0.904232,0.564846,0.916992,0.554688,0.848366,2.639058
f392,gainesville,gsv,gainesville:116,VWMApFeYDoQmO9taDRV-lg,0.964844,0.539062,21.080243,2018-10,UyYSg65g1OjHYaGoYoM1mw,2018-10,1,9.097564,12.900035,0.896064,0.588613,0.893555,0.615234,0.67512,2.23527
f393,gainesville,gsv,gainesville:114,V1ze8IkgvM7tXueCGVfzbw,0.183594,0.585938,9.395193,2026-03,ipM3toFb9f1Ak5LJmmCKHw,2026-03,1,8.508492,7.794242,0.248427,0.594407,0.291992,0.583984,0.75375,2.710053
f394,gainesville,gsv,gainesville:24,65kxFTBgmbOPUQbC612rdg,0.417969,0.552734,15.550012,2024-06,DUU6AvBqpIEYctGhJsRmbQ,2019-06,0,11.035057,20.370967,0.424888,0.573658,0.394531,0.583984,0.946723,2.416719
f395,gainesville,gsv,gainesville:24,65kxFTBgmbOPUQbC612rdg,0.417969,0.552734,15.550012,2024-06,6T-LajDcL1GspgyNNwUQnA,2026-02,0,12.766601,23.620107,0.11714,0.563953,0.128906,0.583984,0.847806,3.246877
f396,gainesville,gsv,gainesville:120,Vk6u3cbrlksc6Cy5a1LVVA,0.363281,0.570312,11.578326,2016-07,TQfEemvYf1xrWLFVP8sD1A,2016-07,1,10.067437,11.744052,0.168275,0.580452,0.207031,0.583984,0.581952,2.43163
f397,gainesville,gsv,gainesville:94,K732QTWoB9RZwrfSmw7RYA,0.94043,0.537109,22.200666,2026-03,k_k1t3oiVNwWtGEW9trPog,2026-03,1,13.344009,10.150428,0.890864,0.561257,0.871094,0.570312,0.929492,2.344374
f398,gainesville,gsv,gainesville:74,GRTC3zOCFSc8QMIrAtwtzw,0.566406,0.583984,9.624548,2026-02,Tz4bjxiMaDclLcJZXfQZmw,2026-02,1,10.804767,18.366753,0.965491,0.575168,0.941406,0.568359,0.822864,2.046611
f399,gainesville,gsv,gainesville:138,bcNsOc7RlDm9L9VmIGXYpg,0.31543,0.554688,14.984169,2026-02,totP3WzZunSaUgozWbUGWw,2026-02,1,14.844154,9.826082,0.193085,0.555194,0.160156,0.554688,0.698325,3.083553
f400,gainesville,gsv,gainesville:138,bcNsOc7RlDm9L9VmIGXYpg,0.31543,0.554688,14.984169,2026-02,vgOmwexi6SaQlYA9e7zupw,2026-02,1,12.715016,11.982061,0.971446,0.564208,0.011719,0.568359,0.93117,3.206712
f401,gainesville,gsv,gainesville:93,K732QTWoB9RZwrfSmw7RYA,0.292969,0.583984,9.624548,2026-03,ausMlb8dmSXFbUOY1dQ8oA,2026-02,0,4.20624,8.208911,0.661388,0.676232,0.698242,0.648438,0.888307,1.442202
f402,gainesville,gsv,gainesville:204,sIW4u-Mq7TORFHbsswcCzQ,0.902344,0.568359,11.919991,2026-02,Hmqkhf0v9J_7NfRT2ykfHQ,2026-02,1,12.897687,10.29043,0.203923,0.563319,0.198242,0.570312,0.765908,1.38939
f403,gainesville,gsv,gainesville:204,sIW4u-Mq7TORFHbsswcCzQ,0.902344,0.568359,11.919991,2026-02,Wytk92WceX5hc0sg4k7aXg,2023-03,0,14.801894,19.962828,0.910434,0.555355,0.893555,0.554688,0.835199,1.589427
f404,gainesville,gsv,gainesville:160,jL3wxV95A0lO2xKUQukpIg,0.53418,0.537109,22.200666,2026-02,B8L33g7p4H2OyWUtqI1UqA,2026-02,1,9.455595,30.162854,0.930962,0.585422,0.916992,0.570312,0.94082,2.313671
f405,gainesville,gsv,gainesville:160,jL3wxV95A0lO2xKUQukpIg,0.53418,0.537109,22.200666,2026-02,4-HMR01K9Z8XUMWIaXTPHA,2026-02,1,13.054184,33.229562,0.933071,0.562581,0.925781,0.554688,0.875138,2.034173
f406,gainesville,gsv,gainesville:202,rFa5e9WO2AombOfKxw1GzA,0.082031,0.568359,11.919991,2026-02,--d3BgzMjE1EmE9qfV80tQ,2026-02,1,8.807107,9.06431,0.194507,0.591387,0.19043,0.583984,0.855284,0.852033
f407,gainesville,gsv,gainesville:184,pM_zjaOL4jt8_niIC0EU2Q,0.69043,0.646484,5.245206,2026-02,UG_nLeo0rXvQ8GSBtAxDPQ,2014-12,0,13.922345,10.931432,0.065841,0.558773,0.073242,0.583984,0.902532,4.330432
f408,gainesville,gsv,gainesville:184,pM_zjaOL4jt8_niIC0EU2Q,0.69043,0.646484,5.245206,2026-02,SrOGAR_YaFyZFbAsCP0_gA,2026-02,1,5.846365,10.831616,0.852071,0.633205,0.862305,0.583984,0.771285,3.809459
f409,gainesville,gsv,gainesville:159,jE7jfpgpMn1zP3_DMdvMTg,0.769531,0.615234,6.865408,2026-02,tliPn5HnF_8jGVNS8H_S1w,2026-02,1,17.883312,11.150117,0.965318,0.545964,0.964844,0.537109,0.93744,4.321771
f410,gainesville,gsv,gainesville:159,jE7jfpgpMn1zP3_DMdvMTg,0.769531,0.615234,6.865408,2026-02,lZZ-vxZMd-_9EqWO-sgL5A,2026-02,1,4.738648,9.637335,0.219534,0.659738,0.183594,0.615234,0.794832,2.485199
f411,gainesville,gsv,gainesville:52,9tS6faHm3jFdOth84XlbEQ,0.206055,0.568359,11.919991,2026-03,iXosLvlATBDiPUsy-RYbiA,2026-03,1,13.03296,9.928928,0.320849,0.562685,0.338867,0.570312,0.785956,2.011134
f412,gainesville,gsv,gainesville:104,Mm5gyUYqmJmjeGopC1IgKg,0.410156,0.552734,15.550012,2024-06,A-s6_AqrliJqXxT0Y9hucA,2023-09,0,12.77916,22.521749,0.388326,0.563892,0.402344,0.554688,0.844872,2.519709
f413,gainesville,gsv,gainesville:62,BtYzecFoq3-H5qaGzBh4iw,0.53418,0.537109,22.200666,2024-06,Tr0diKHuUQsuQGdjSyDeOQ,2022-06,0,17.296146,31.205986,0.319989,0.547493,0.324219,0.539062,0.63125,3.817856
f414,gainesville,gsv,gainesville:62,BtYzecFoq3-H5qaGzBh4iw,0.53418,0.537109,22.200666,2024-06,vFpYifNSBFXGUUKPSJEjpw,2024-06,1,12.640598,9.936377,0.559826,0.56457,0.558594,0.554688,0.923856,2.345637
f415,gainesville,gsv,gainesville:83,HoOapW5g53qbEFjLA7yv3Q,0.644531,0.570312,11.578326,2026-02,3lAocsa4U-Uu3s4JuVxWaw,2026-02,1,9.212814,10.413573,0.805499,0.587564,0.84668,0.570312,0.821587,3.563908
f416,gainesville,gsv,gainesville:131,Z0pMjC8iJ6EDQzsBBrr_5Q,0.574219,0.630859,5.964017,2018-10,rkLLbYlX_ndAB3nIYinjxA,2018-10,1,11.270608,17.220066,0.315512,0.572173,0.307617,0.570312,0.604643,0.645192
f417,gainesville,gsv,gainesville:42,89lilp2BlhppxL-oQ0gLNg,0.300781,0.539062,21.080243,2026-03,_wgbyoOsGwt8QCLiii8l9w,2026-03,1,17.08026,9.306869,0.872727,0.548088,0.894531,0.552734,0.866646,2.704998
f418,gainesville,gsv,gainesville:117,VWMApFeYDoQmO9taDRV-lg,0.902344,0.615234,6.865408,2018-10,UyYSg65g1OjHYaGoYoM1mw,2018-10,1,8.419595,12.900035,0.569998,0.595342,0.605469,0.617188,0.735319,2.37207
f419,gainesville,gsv,gainesville:117,VWMApFeYDoQmO9taDRV-lg,0.902344,0.615234,6.865408,2018-10,6SS1gol1S0QKRXmx0oQKJg,2016-07,0,9.878966,16.394243,0.133763,0.581919,0.12793,0.585938,0.59844,0.598763
f420,gainesville,gsv,gainesville:70,G7ttNgjW4KU9LJVeD1Ivdg,0.253906,0.570312,11.578326,2026-02,-iNxBLBsx0Eb-XW8EWbkaA,2026-02,1,13.758911,12.067076,0.453822,0.559445,0.410156,0.554688,0.843768,4.11319
f421,gainesville,gsv,gainesville:70,G7ttNgjW4KU9LJVeD1Ivdg,0.253906,0.570312,11.578326,2026-02,FYexhSQsGsTJt36BYroqog,2026-02,1,3.521639,10.910355,0.365362,0.702416,0.206055,0.648438,0.848994,4.410788
f422,gainesville,gsv,gainesville:146,dXNmCM3bRYfsvQ7xPivHaw,0.557617,0.554688,14.984169,2024-06,DQByRyIS4TEIK-sxI0e20Q,2024-06,1,14.105421,20.180483,0.901143,0.558021,0.901367,0.552734,0.858491,1.444666
f423,gainesville,gsv,gainesville:146,dXNmCM3bRYfsvQ7xPivHaw,0.557617,0.554688,14.984169,2024-06,rBpRsnsR2umcMhRDwrMfpg,2023-09,0,5.005782,13.467596,0.682721,0.652485,0.682617,0.646484,0.884352,0.239447
f424,gainesville,gsv,gainesville:50,9D-oOS00uSg18nvfm8t9zQ,0.933594,0.554688,14.984169,2026-02,dwpq20fCYuYpc4APrYtNSw,2026-02,1,6.757767,9.562613,0.82177,0.616926,0.862305,0.630859,0.761394,1.796818
f425,gainesville,gsv,gainesville:50,9D-oOS00uSg18nvfm8t9zQ,0.933594,0.554688,14.984169,2026-02,HEBo-ZmJTqBdrc7YIgxG8w,2026-02,1,12.244027,16.926039,0.896539,0.566607,0.925781,0.552734,0.952773,4.16453
f426,gainesville,gsv,gainesville:77,GhbzPi4bva0g3AlMDcioOg,0.291992,0.554688,14.984169,2026-02,bdsFnYpUJZNRM_dYI6bODw,2026-02,1,15.808714,9.935538,0.185989,0.551884,0.175781,0.554688,0.939743,1.286492
f427,gainesville,gsv,gainesville:78,GhbzPi4bva0g3AlMDcioOg,0.370117,0.539062,21.080243,2026-02,bdsFnYpUJZNRM_dYI6bODw,2026-02,1,16.146587,9.935538,0.293261,0.550819,0.269531,0.554688,0.83721,2.59185
f428,gainesville,gsv,gainesville:164,kU1NFVXyUkQzaPpROkDVNg,0.285156,0.552734,15.550012,2026-02,AFPQKY4CtWe1rx_PKzcSnA,2024-06,0,11.361906,16.192649,0.333545,0.571613,0.292969,0.568359,0.732556,3.01129
f429,gainesville,gsv,gainesville:164,kU1NFVXyUkQzaPpROkDVNg,0.285156,0.552734,15.550012,2026-02,FWbdNwrKY-Mx2ihaoSobWg,2024-06,0,10.576004,23.174746,0.191453,0.576739,0.174805,0.583984,0.848127,1.419951
f430,gainesville,gsv,gainesville:201,rFa5e9WO2AombOfKxw1GzA,0.916992,0.570312,11.578326,2026-02,Z1AHEzkDFibdnflhaxuC8g,2026-02,1,8.074498,7.810111,0.288269,0.599172,0.323242,0.601562,0.890316,1.759872
f431,gainesville,gsv,gainesville:201,rFa5e9WO2AombOfKxw1GzA,0.916992,0.570312,11.578326,2026-02,UvwAT6Y5VGAhFyGuHqY-ew,2026-02,1,6.019039,9.87602,0.744995,0.629792,0.675781,0.615234,0.738691,2.900291
f432,gainesville,gsv,gainesville:128,YDTr8LXPDt5ieA8MA6ZXLA,0.871094,0.554688,14.984169,2026-02,GBrRMa9XTZxlT1vGMKwTxQ,2022-05,0,8.366926,6.61647,0.741613,0.595897,0.745117,0.708984,0.616814,4.99442
f433,gainesville,gsv,gainesville:128,YDTr8LXPDt5ieA8MA6ZXLA,0.871094,0.554688,14.984169,2026-02,jjwJrpntbZFKylkENP8JGw,2022-05,0,9.42375,13.73076,0.812927,0.585689,0.894531,0.583984,0.911432,4.833561
f434,gainesville,gsv,gainesville:90,JOK56E_pGy9cwNPyiymZ2A,0.363281,0.601562,7.870312,2018-10,ZsdC7y3kZ-ZZeM3IwXFKMw,2018-10,1,16.825434,10.596399,0.433502,0.548802,0.432617,0.554688,0.884014,1.843415
f435,gainesville,gsv,gainesville:90,JOK56E_pGy9cwNPyiymZ2A,0.363281,0.601562,7.870312,2018-10,yt8FMf_tJzP-vnBRswEN1A,2018-10,1,7.49914,9.989026,0.141727,0.606231,0.182617,0.630859,0.892775,2.300603
f436,gainesville,gsv,gainesville:166,ki1YlBoTB-ARFE17nF4PPg,0.62793,0.599609,8.035517,2026-02,Ke2TpyuRSmtaDqSmIYyjxQ,2026-03,0,16.98353,16.377799,0.078501,0.548361,0.088867,0.539062,0.760859,4.28048
f437,gainesville,gsv,gainesville:166,ki1YlBoTB-ARFE17nF4PPg,0.62793,0.599609,8.035517,2026-02,XOOh1K-vP_2hwFfv9UOqAA,2026-03,0,8.151033,15.732535,0.298679,0.598288,0.31543,0.583984,0.744966,1.743704
f438,gainesville,gsv,gainesville:165,ki1YlBoTB-ARFE17nF4PPg,0.362305,0.583984,9.624548,2026-02,XOOh1K-vP_2hwFfv9UOqAA,2026-03,0,17.25136,15.732535,0.429367,0.547622,0.432617,0.537109,0.706318,4.968619
f439,gainesville,gsv,gainesville:165,ki1YlBoTB-ARFE17nF4PPg,0.362305,0.583984,9.624548,2026-02,EERbT9S5QKsQ055u2YJAyw,2026-02,1,8.211836,10.282881,0.170524,0.597615,0.151367,0.570312,0.751736,3.5662
f440,gainesville,gsv,gainesville:123,XWhHaUuheK2ypAkTt10B8A,0.417969,0.539062,21.080243,2021-03,vMrxfqvguJMLwQpDb7fWcA,2021-03,1,17.535663,30.532046,0.106945,0.546855,0.105469,0.539062,0.80008,3.549589
f441,gainesville,gsv,gainesville:123,XWhHaUuheK2ypAkTt10B8A,0.417969,0.539062,21.080243,2021-03,oW5q3rJu_8xh5gAQqtYjgA,2021-03,1,13.380326,10.245943,0.345498,0.561091,0.347656,0.554688,0.858842,1.615348
f442,gainesville,gsv,gainesville:25,65kxFTBgmbOPUQbC612rdg,0.457031,0.539062,21.080243,2024-06,M4NNkvixey54sWMilwTTGg,2026-02,0,12.892446,13.458827,0.532014,0.563346,0.510742,0.552734,0.978863,3.262319
f443,gainesville,gsv,gainesville:203,rFa5e9WO2AombOfKxw1GzA,0.253906,0.583984,9.624548,2026-02,Z1AHEzkDFibdnflhaxuC8g,2026-02,1,17.294636,7.810111,0.525808,0.547498,0.527344,0.537109,0.818027,4.909756
f444,gainesville,gsv,gainesville:147,dXNmCM3bRYfsvQ7xPivHaw,0.120117,0.552734,15.550012,2024-06,Q56Gl9Y-Nm48H0h2H-F1Cw,2024-06,1,9.286697,9.714304,0.167168,0.586892,0.160156,0.570312,0.644557,2.336599
f445,gainesville,gsv,gainesville:147,dXNmCM3bRYfsvQ7xPivHaw,0.120117,0.552734,15.550012,2024-06,N9F8OiVK3Y4BsPMuJV81Qg,2024-06,1,13.922973,23.577597,0.277535,0.558765,0.268555,0.554688,0.905725,1.337963
f446,gainesville,gsv,gainesville:79,HLLOIKVLXvOkBCREUvcBzg,0.097656,0.568359,11.919991,2022-05,3Vwb3lVBFkavmGL2WufqWg,2022-05,1,8.822754,15.449531,0.358432,0.591221,0.370117,0.583984,0.849956,1.048988
f447,gainesville,gsv,gainesville:79,HLLOIKVLXvOkBCREUvcBzg,0.097656,0.568359,11.919991,2022-05,ptiV2Vacgkc28FyzUFnmiA,2022-05,1,13.765232,22.662975,0.514552,0.559423,0.519531,0.552734,0.912811,1.842456
f448,gainesville,gsv,gainesville:43,89lilp2BlhppxL-oQ0gLNg,0.854492,0.554688,14.984169,2026-03,S3f-7T8_9_FBSYAX5rNipQ,2026-03,1,11.80671,9.934561,0.74171,0.569004,0.699219,0.554688,0.824728,4.75828
f449,gainesville,gsv,gainesville:179,oyTDvou4dK-Hm3v-cIaToQ,0.371094,0.583984,9.624548,2026-02,5WGExplTLikC4QfWTeMqkw,2026-02,1,4.890504,12.860271,0.297917,0.655541,0.260742,0.615234,0.553112,2.39254
f450,gainesville,gsv,gainesville:179,oyTDvou4dK-Hm3v-cIaToQ,0.371094,0.583984,9.624548,2026-02,MXgOH_QayxTe_s0ll1ZGjg,2026-02,1,12.392505,12.969122,0.439657,0.565836,0.424805,0.552734,0.645184,3.414447
f451,gainesville,gsv,gainesville:80,HLLOIKVLXvOkBCREUvcBzg,0.94043,0.570312,11.578326,2022-05,gsTTl07FvJ4oMats0kYoAA,2026-02,0,15.329119,24.98099,0.07727,0.55348,0.066406,0.552734,0.731303,1.076581
f452,gainesville,gsv,gainesville:149,fOc-SxUHjTYKCGN83egiYA,0.924805,0.554688,14.984169,2026-02,DUPlQA3LmBpH1QGD4F1H_g,2026-02,1,3.811316,17.930023,0.70518,0.690554,0.666992,0.601562,0.736984,4.265152
f453,gainesville,gsv,gainesville:149,fOc-SxUHjTYKCGN83egiYA,0.924805,0.554688,14.984169,2026-02,13RRsmbgGiWkp5jyHQ-UiQ,2023-09,0,16.948926,7.83908,0.39487,0.548452,0.371094,0.554688,0.710148,3.085021
f454,gainesville,gsv,gainesville:39,82y6sIvPm-_shG58klusgw,0.964844,0.554688,14.984169,2026-04,KIJa7zqdM3vLkts6QZbKfQ,2026-02,0,16.042347,29.880664,0.546012,0.551144,0.581055,0.554688,0.82824,3.56752
f455,gainesville,gsv,gainesville:176,orMHYZcfpk4vTLLG6ciKUA,0.933594,0.554688,14.984169,2024-06,SeH_RkEMfSKn9Cgs5VDhnw,2024-06,1,8.789346,19.631194,0.627724,0.59155,0.597656,0.583984,0.587583,1.925609
f456,gainesville,gsv,gainesville:40,89lilp2BlhppxL-oQ0gLNg,0.199219,0.539062,21.080243,2026-03,_wgbyoOsGwt8QCLiii8l9w,2026-03,1,12.393624,9.306869,0.732993,0.56583,0.75293,0.570312,0.951091,1.706104
f457,gainesville,gsv,gainesville:154,hlYnMGBEa12Ajij0iL7yxg,0.136719,0.570312,11.578326,2026-02,3ZqYYetmRkxialB7J0Yhmw,2026-02,1,5.660285,12.913461,0.179121,0.637044,0.237305,0.601562,0.749685,3.281121
f458,gainesville,gsv,gainesville:118,VWMApFeYDoQmO9taDRV-lg,0.597656,0.648438,5.165313,2018-10,iEqRU9S2VFDTkcvn0O-CZg,2018-10,1,8.622873,12.221302,0.940245,0.593224,0.94043,0.601562,0.562605,0.75213
f459,gainesville,gsv,gainesville:96,KEwb17BzIjKVur60MpItuA,0.339844,0.539062,21.080243,2026-02,21YA1B3kijODHI4rpnR7oQ,2026-02,1,11.111776,9.977528,0.833625,0.573164,0.838867,0.601562,0.727965,3.256021
f460,gainesville,gsv,gainesville:168,kjXjoHf2E-tZuI7RwMPgsw,0.183594,0.554688,14.984169,2026-02,f8scssbJ38a53Jo8hfV6qw,2026-02,1,14.289744,10.465806,0.297895,0.55729,0.323242,0.554688,0.687945,2.429677
f461,gainesville,gsv,gainesville:9,4ILOJcaHD7m47NGoY6aqRg,0.182617,0.537109,22.200666,2026-02,AisKW3pemuIQHu1e6TtRvw,2025-04,0,10.913116,32.696432,0.854012,0.574433,0.84668,0.554688,0.927904,4.11037
f462,gainesville,gsv,gainesville:9,4ILOJcaHD7m47NGoY6aqRg,0.182617,0.537109,22.200666,2026-02,uN3WiS_BzWoLtM562n842g,2025-04,0,6.689984,16.200239,0.750061,0.617982,0.75293,0.630859,0.728986,0.735215
f463,gainesville,gsv,gainesville:196,r2EDHivQkQoWWelu3IZOxg,0.432617,0.554688,14.984169,2026-02,6isPky2zPTgEE1eWxYSeeA,2026-02,1,15.697063,9.872204,0.595647,0.552251,0.558594,0.552734,0.854689,3.632383
f464,gainesville,gsv,gainesville:134,amZHKZbJ7pOJ9kvr2VlK5A,0.207031,0.585938,9.395193,2024-06,ktTz10Rk74v5LpJgMpf5Pg,2024-06,1,12.028318,10.02892,0.37717,0.567764,0.385742,0.568359,0.854908,0.653849
f465,gainesville,gsv,gainesville:134,amZHKZbJ7pOJ9kvr2VlK5A,0.207031,0.585938,9.395193,2024-06,NbNh9rNpxJGsYLwTfAiNMQ,2024-06,1,14.083555,10.900225,0.57047,0.55811,0.56543,0.554688,0.709262,1.011416
f466,gainesville,gsv,gainesville:49,9D-oOS00uSg18nvfm8t9zQ,0.269531,0.585938,9.395193,2026-02,yDYkyLaoQ9WcVkyAYjiRxw,2026-02,1,13.695887,10.788779,0.124752,0.559721,0.104492,0.552734,0.91437,2.624837
f467,gainesville,gsv,gainesville:49,9D-oOS00uSg18nvfm8t9zQ,0.269531,0.585938,9.395193,2026-02,XK_2zopGqSly6qhktCiN7w,2026-02,1,7.652507,13.388759,0.306791,0.604266,0.34668,0.570312,0.846643,4.577947
f468,gainesville,gsv,gainesville:20,65kxFTBgmbOPUQbC612rdg,0.277344,0.632812,5.865506,2024-06,nyNjTtE-MG3sMsjW3jBg2Q,2024-06,1,12.907648,10.58228,0.427223,0.563272,0.425781,0.554688,0.959525,2.080554
f469,gainesville,gsv,gainesville:45,89lilp2BlhppxL-oQ0gLNg,0.120117,0.539062,21.080243,2026-03,_wgbyoOsGwt8QCLiii8l9w,2026-03,1,12.170552,9.306869,0.594286,0.566996,0.573242,0.585938,0.82359,3.11412
f470,gainesville,gsv,gainesville:45,89lilp2BlhppxL-oQ0gLNg,0.120117,0.539062,21.080243,2026-03,S3f-7T8_9_FBSYAX5rNipQ,2026-03,1,15.512281,9.934561,0.195506,0.552866,0.222656,0.568359,0.758144,4.273325
f471,gainesville,gsv,gainesville:217,yQOkeKGLo1dFuhOO7BFRFg,0.636719,0.568359,11.919991,2026-03,lCXTDrj4kufNtGcdKci9bw,2026-03,1,9.364627,10.557191,0.793447,0.586215,0.84668,0.583984,0.790833,3.171214
f472,gainesville,gsv,gainesville:217,yQOkeKGLo1dFuhOO7BFRFg,0.636719,0.568359,11.919991,2026-03,nBlW4y5x1WR8bVHaQvY-Mg,2026-02,0,5.411413,11.205244,0.685681,0.642573,0.588867,0.615234,0.780418,3.930167
f473,gainesville,gsv,gainesville:29,6KnaArlg4nGEGAGNkIw9NA,0.957031,0.570312,11.578326,2022-06,2mzMhDwrL2jyh6Z3oMF7dw,2022-06,1,5.256508,16.70483,0.15223,0.646201,0.151367,0.632812,0.879347,0.609234
f474,gainesville,gsv,gainesville:29,6KnaArlg4nGEGAGNkIw9NA,0.957031,0.570312,11.578326,2022-06,wWPD2xBdbK1tledsjDqBfA,2022-06,1,12.766209,22.957228,0.08915,0.563953,0.089844,0.554688,0.896223,2.218747
f475,gainesville,gsv,gainesville:97,KEwb17BzIjKVur60MpItuA,0.557617,0.554688,14.984169,2026-02,g4XlRjhpBANOEPYHugpitA,2026-02,1,13.89556,22.311259,0.206418,0.558878,0.191406,0.552734,0.570233,2.158303
f476,gainesville,gsv,gainesville:97,KEwb17BzIjKVur60MpItuA,0.557617,0.554688,14.984169,2026-02,OeVzeUgcmnRbtxfH8oY25g,2026-02,1,12.291371,26.635608,0.921313,0.566355,0.924805,0.570312,0.876079,0.759375
f477,gainesville,gsv,gainesville:89,JOK56E_pGy9cwNPyiymZ2A,0.120117,0.601562,7.870312,2018-10,yt8FMf_tJzP-vnBRswEN1A,2018-10,1,16.543412,9.989026,0.053979,0.54962,0.058594,0.554688,0.938666,1.624711
f478,gainesville,gsv,gainesville:125,XuX3LCIaNmEI9FSBenjToA,0.722656,0.632812,5.865506,2026-02,OdDCKLO8uoVNXJgBdIJn5w,2026-02,1,7.413545,6.956076,0.687072,0.607369,0.714844,0.599609,0.918126,1.482087
f479,gainesville,gsv,gainesville:63,BzXolOMX-XSEGwyXQpIsrA,0.370117,0.552734,15.550012,2026-04,su3eRJMqeS0h5Hvd76NitQ,2022-05,0,3.56517,19.115178,0.615397,0.700571,0.613281,0.601562,0.821024,4.30583
f480,gainesville,gsv,gainesville:63,BzXolOMX-XSEGwyXQpIsrA,0.370117,0.552734,15.550012,2026-04,WzAZu29OeHlgGsYWj-JSxA,2026-04,1,13.3979,10.784714,0.171904,0.561014,0.128906,0.554688,0.87499,4.132837
f481,gainesville,gsv,gainesville:132,_2GSllZzac7Zfd02VoVgCA,0.956055,0.539062,21.080243,2026-02,sqX4O3NzKUwFwUqVUOYubw,2026-02,1,11.407324,10.404385,0.918198,0.571333,0.925781,0.570312,0.67306,0.573676
f482,gainesville,gsv,gainesville:87,Idfm_UDnRFcD78ZVeNnhVg,0.22168,0.537109,22.200666,2026-02,gqXg8_O8NQbAz9PeFTmofQ,2026-02,1,9.964709,12.819525,0.765098,0.581242,0.769531,0.599609,0.927005,1.945217
f483,gainesville,gsv,gainesville:46,89lilp2BlhppxL-oQ0gLNg,0.652344,0.568359,11.919991,2026-03,qsOjFaU3dxxgXhLGXwvQqg,2026-03,1,10.235474,10.142202,0.802081,0.579191,0.824219,0.568359,0.746412,2.279977
f484,gainesville,gsv,gainesville:122,XRcpuzY4BC5AypmNXaQuyQ,0.449219,0.554688,14.984169,2022-05,ezXTQ1OYl5HeXmgSOqP0Mw,2022-05,1,12.629259,27.53173,0.208017,0.564626,0.213867,0.554688,0.794289,2.408288
f485,gainesville,gsv,gainesville:1,-zi5tN6Qyyeq8B1mczYfOg,0.878906,0.648438,5.165313,2024-06,BRXqrYVi5aSK1HnVucUl2w,2023-09,0,12.822449,12.317226,0.888268,0.563682,0.893555,0.554688,0.842486,2.210655
f486,gainesville,gsv,gainesville:1,-zi5tN6Qyyeq8B1mczYfOg,0.878906,0.648438,5.165313,2024-06,kX2URDsPyYMqpSdosNYhkg,2023-09,0,8.37291,12.168248,0.738668,0.595845,0.737305,0.585938,0.84678,1.025839
f487,gainesville,gsv,gainesville:3,08ssXvyy311t_dOt8e3MVA,0.847656,0.599609,8.035517,2025-04,I6qbIyz_mrEEU1v2noaLaw,2025-04,1,17.868528,21.310648,0.559433,0.545994,0.558594,0.539062,0.867823,3.213462
f488,gainesville,gsv,gainesville:3,08ssXvyy311t_dOt8e3MVA,0.847656,0.599609,8.035517,2025-04,WqQ4IBzPLsvqKHcCgia6_w,2025-04,1,8.884392,10.678293,0.631323,0.590624,0.628906,0.599609,0.850417,0.858336
f489,gainesville,gsv,gainesville:2,08ssXvyy311t_dOt8e3MVA,0.573242,0.552734,15.550012,2025-04,ufHRwYLLmwwHdRT1rY7n-Q,2026-03,0,17.683386,29.395491,0.942163,0.546469,0.941406,0.537109,0.560458,4.51848
f490,gainesville,gsv,gainesville:2,08ssXvyy311t_dOt8e3MVA,0.573242,0.552734,15.550012,2025-04,XRvnyevT_Ngity0lCrfXoA,2026-03,0,6.26673,11.497497,0.661424,0.625184,0.652344,0.601562,0.898384,1.6529
f491,gainesville,gsv,gainesville:115,V1ze8IkgvM7tXueCGVfzbw,0.785156,0.617188,6.740247,2026-03,qaY-JOv_YGfRtFmw5tHCzw,2026-03,1,17.318647,12.571963,0.941873,0.547438,0.963867,0.539062,0.68185,4.596461
f492,gainesville,gsv,gainesville:137,b-azHLq5uJSlywVqKYbgHA,0.06543,0.554688,14.984169,2024-06,2nbs9gxWhB87TDxXAl_Jgw,2024-06,1,9.692715,21.33682,0.396842,0.583427,0.402344,0.570312,0.699912,1.921759
f493,gainesville,gsv,gainesville:137,b-azHLq5uJSlywVqKYbgHA,0.06543,0.554688,14.984169,2024-06,zuiFNvrAZxvxPGeacHPkPw,2024-06,1,6.658906,10.634475,0.173776,0.618494,0.206055,0.617188,0.652894,1.358978
f494,gainesville,gsv,gainesville:38,7Vk-zugISgNBVOV4g3r2jA,0.97168,0.554688,14.984169,2018-10,btayuC6zSskeaOWgTzZaDg,2018-10,1,5.384568,10.068144,0.906401,0.643187,0.87793,0.708984,0.744756,2.149925
f495,gainesville,gsv,gainesville:38,7Vk-zugISgNBVOV4g3r2jA,0.97168,0.554688,14.984169,2018-10,Xt-4AW_jR7Gzf8siSj6e2g,2018-10,1,11.703484,23.333783,0.191083,0.569583,0.174805,0.583984,0.830781,2.345223
f496,gainesville,gsv,gainesville:6,2ZG41STPUADAWUJD-Rc4sA,0.058594,0.539062,21.080243,2026-02,IX4PXtg9jAsSnFRF3gPsqA,2026-02,1,11.601373,10.776002,0.100351,0.57018,0.128906,0.570312,0.80179,2.076781
f497,gainesville,gsv,gainesville:65,CabndIEXzzs5FAENnrsEug,0.901367,0.539062,21.080243,2025-01,Wa9-xNiNR7Z13BQE_f4WPw,2023-09,0,9.132147,29.054495,0.281412,0.588292,0.253906,0.568359,0.878454,3.319282
f498,gainesville,gsv,gainesville:65,CabndIEXzzs5FAENnrsEug,0.901367,0.539062,21.080243,2025-01,VApvPRdCkWXvx7DbXpLlNA,2025-01,1,13.123781,12.432333,0.809036,0.562257,0.777344,0.570312,0.881663,2.897123
f499,gainesville,gsv,gainesville:36,6mZXrVGoxQ2H1k8Jx2OZHA,0.84668,0.585938,9.395193,2025-04,YQdPZnDDcTx79qllLlfmKw,2024-06,0,16.255176,24.463539,0.213299,0.550486,0.214844,0.539062,0.661551,4.828338
f500,gainesville,gsv,gainesville:95,K732QTWoB9RZwrfSmw7RYA,0.871094,0.568359,11.919991,2026-03,XHT2POjZW6wwhgLkExtLKw,2026-02,0,3.728808,15.405067,0.67041,0.69382,0.636719,0.630859,0.930422,2.447526
f501,gainesville,gsv,gainesville:95,K732QTWoB9RZwrfSmw7RYA,0.871094,0.568359,11.919991,2026-03,k_k1t3oiVNwWtGEW9trPog,2026-03,1,8.944357,10.150428,0.711808,0.590058,0.691406,0.585938,0.911638,1.258214
f502,gainesville,gsv,gainesville:4,1n-U7MQVuboJf00fwh9UBg,0.870117,0.554688,14.984169,2026-01,dIITAHhZ8uquBZHCAEytZg,2026-01,1,10.978418,10.632475,0.74451,0.574003,0.682617,0.570312,0.793692,4.398058
f503,gainesville,gsv,gainesville:4,1n-U7MQVuboJf00fwh9UBg,0.870117,0.554688,14.984169,2026-01,98MQ-k-5BFTJexrBx5rFOA,2024-06,0,10.517989,25.346561,0.611321,0.57713,0.597656,0.615234,0.715995,3.725564
f504,gainesville,gsv,gainesville:177,orMHYZcfpk4vTLLG6ciKUA,0.683594,0.615234,6.865408,2024-06,1eYhFzcjB5A-l4lmMOjUnQ,2024-06,1,13.990339,9.663023,0.573248,0.558488,0.573242,0.554688,0.856433,0.993864
f505,bend,gsv,bend:272,woYJ5n0CfTGMuDWTBqcZAg,0.277344,0.585938,9.395193,2012-05,BU7QcYZOPh4ibLwB61Lidw,2012-05,1,10.118548,12.651773,0.372446,0.58005,0.378906,0.599609,0.949193,2.115988
f506,bend,gsv,bend:18,0FMaNGiSOoTGqLgh8jHfYQ,0.760742,0.724609,3.051785,2024-10,agcdGRtLsTZkiFJZSMrplw,2024-10,1,13.070271,12.351682,0.90185,0.562563,0.902344,0.554688,0.955483,1.928987
f507,bend,gsv,bend:18,0FMaNGiSOoTGqLgh8jHfYQ,0.760742,0.724609,3.051785,2024-10,kRlNN6bwd1S3yx6Dwfs4Yg,2024-10,1,11.200436,11.395676,0.947217,0.572667,0.948242,0.568359,0.896247,0.733908
f508,bend,gsv,bend:99,Jv7Zl2erbO_g10pRN-IS_Q,0.823242,0.710938,3.331592,2019-07,sxxu6fdAuZXigIQBi57arQ,2019-07,1,8.762177,9.681208,0.555745,0.591825,0.550781,0.585938,0.919917,0.694014
f509,bend,gsv,bend:99,Jv7Zl2erbO_g10pRN-IS_Q,0.823242,0.710938,3.331592,2019-07,LmQArys3ig2oF_anXvEtVQ,2012-05,0,15.094144,13.535905,0.89778,0.554321,0.886719,0.554688,0.753969,1.050049
f510,bend,gsv,bend:39,5U3KS0M2Y8w3qsDGGV610g,0.183594,0.583984,9.624548,2024-11,Cd5GklH4blmY31pNY9apzg,2024-11,1,16.841895,10.263742,0.084232,0.548754,0.081055,0.552734,0.926573,1.33207
f511,bend,gsv,bend:39,5U3KS0M2Y8w3qsDGGV610g,0.183594,0.583984,9.624548,2024-11,hrCPnNwHGV9h4UYnh29_Iw,2024-11,1,10.913952,10.093961,0.344986,0.574442,0.347656,0.570312,0.925363,0.690618
f512,bend,gsv,bend:241,rB_gP9faDRSuiKVDu8h23A,0.424805,0.554688,14.984169,2024-09,usx1IbkJj3grEK-XMGepYw,2018-05,0,8.226562,22.861362,0.7702,0.597439,0.753906,0.648438,0.798159,3.133088
f513,bend,gsv,bend:241,rB_gP9faDRSuiKVDu8h23A,0.424805,0.554688,14.984169,2024-09,gAE5oyz-r6PNxLqVfREn3A,2024-09,1,15.341451,21.012934,0.960741,0.553437,0.949219,0.552734,0.887598,1.137213
f514,bend,gsv,bend:283,yDV1n1O4f0QHWG869hAzbQ,0.948242,0.539062,21.080243,2025-07,zEjQypie6HH55xvgQX0GWg,2024-09,0,11.7776,32.840071,0.206056,0.56916,0.214844,0.570312,0.862758,0.674778
f515,bend,gsv,bend:283,yDV1n1O4f0QHWG869hAzbQ,0.948242,0.539062,21.080243,2025-07,U22VdJCTiI7LZOJxSMZ6jA,2025-07,1,11.868273,10.305263,0.894987,0.568649,0.870117,0.599609,0.903931,4.124743
f516,bend,gsv,bend:240,rB_gP9faDRSuiKVDu8h23A,0.542969,0.554688,14.984169,2024-09,do1ScA9jBy95-OdLGVMSMA,2024-09,1,14.584604,26.7326,0.938212,0.556154,0.941406,0.583984,0.874433,4.965998
f517,bend,gsv,bend:240,rB_gP9faDRSuiKVDu8h23A,0.542969,0.554688,14.984169,2024-09,keiw9_Jox2Qeo5DG4ZhOPA,2024-09,1,16.209433,28.740662,0.409088,0.550625,0.362305,0.552734,0.856457,4.696546
f518,bend,gsv,bend:63,9DA1aapwjQcdUP2HEfrhfg,0.75293,0.601562,7.870312,2024-10,isvvo-4EDJtOxAXzT15RtA,2024-08,0,15.889313,22.357248,0.386569,0.551614,0.386719,0.552734,0.922762,0.343988
f519,bend,gsv,bend:63,9DA1aapwjQcdUP2HEfrhfg,0.75293,0.601562,7.870312,2024-10,kCOsSd3QKeMtYE99nToGHg,2024-08,0,11.51849,14.710314,0.233904,0.570621,0.238281,0.568359,0.842779,0.508909
f520,bend,gsv,bend:126,Noi7DhIT3xbCjA2Ip4QOyg,0.456055,0.537109,22.200666,2024-09,2CLOweIEk0yuZyr8TCPZvg,2024-09,1,17.172448,14.40535,0.592805,0.547858,0.574219,0.554688,0.966799,2.87278
f521,bend,gsv,bend:159,Tn5W3kvbdH7_Fpk29a_hrQ,0.542969,0.554688,14.984169,2024-08,frs8IDaXcw5Ps4SNRDBUIQ,2024-08,1,3.759879,12.973162,0.66301,0.692487,0.722656,0.710938,0.750073,1.387572
f522,bend,gsv,bend:28,3EUb8DGIsQCcw8z9LOBnAA,0.604492,0.583984,9.624548,2024-10,H2fZQtxVgjUbmn1aZXIz7Q,2024-10,1,12.395615,14.646113,0.876982,0.565814,0.885742,0.552734,0.8893,3.246048
f523,bend,gsv,bend:28,3EUb8DGIsQCcw8z9LOBnAA,0.604492,0.583984,9.624548,2024-10,bZoEp84wtohVHz1Vmw4L2Q,2024-10,1,4.12453,13.572498,0.85394,0.679075,0.870117,0.664062,0.929258,0.642682
f524,bend,gsv,bend:120,NS7lT-itv0JiN6UHVvBxsg,0.604492,0.585938,9.395193,2024-10,-ykIxf29YEG_PHjYegTWUg,2024-10,1,13.971648,20.179794,0.933617,0.558568,0.941406,0.552734,0.880848,1.736059
f525,bend,gsv,bend:223,kkDJcaa4ZmOKSqhbnM1MvQ,0.058594,0.552734,15.550012,2024-10,XjqZEMWG9Y4BFYWZ1T_qVg,2024-10,1,14.563725,25.209958,0.621651,0.55626,0.597656,0.554688,0.901715,2.266229
f526,bend,gsv,bend:223,kkDJcaa4ZmOKSqhbnM1MvQ,0.058594,0.552734,15.550012,2024-10,qkZS0Zp_xR9v-dm2rbXdBQ,2024-10,1,7.467572,9.524184,0.131637,0.606691,0.121094,0.585938,0.840523,2.009292
f527,bend,gsv,bend:130,Noi7DhIT3xbCjA2Ip4QOyg,0.643555,0.664062,4.589642,2024-09,H0ZbEUinHBfy5e5YytpYzg,2024-09,1,12.75638,9.233881,0.531498,0.564001,0.527344,0.554688,0.94665,2.25689
f528,bend,gsv,bend:220,kJr7eKpZcJO_W6V5XlLtBw,0.299805,0.617188,6.740247,2012-05,U6rqZijBxDmAfhHdlRvE-Q,2012-05,1,12.447214,10.25448,0.383512,0.565538,0.371094,0.570312,0.887551,1.278275
f529,bend,gsv,bend:220,kJr7eKpZcJO_W6V5XlLtBw,0.299805,0.617188,6.740247,2012-05,I2Gl5tyc78d-TAjOP7eTpA,2024-09,0,17.746162,14.792537,0.081875,0.546292,0.089844,0.554688,0.906428,2.884506
f530,bend,gsv,bend:253,s4e-NVzTyqcyZ6_5npv6Ow,0.44043,0.554688,14.984169,2024-08,cGxqiOeT0YFJpoWINoF7zw,2024-08,1,10.352804,20.648238,0.440274,0.578283,0.433594,0.570312,0.931454,1.303687
f531,bend,gsv,bend:253,s4e-NVzTyqcyZ6_5npv6Ow,0.44043,0.554688,14.984169,2024-08,kfiBKqisYgNNx_zi0qom7g,2024-08,1,11.564555,20.016877,0.608209,0.570375,0.612305,0.570312,0.83341,0.297888
f532,bend,gsv,bend:224,kmEwK3ZUn80IJAPqjc4nnA,0.90918,0.599609,8.035517,2024-09,LhT3ZfyefuBd2bGDifcptA,2024-09,1,10.144597,12.488901,0.122791,0.579873,0.128906,0.570312,0.95182,1.494675
f533,bend,gsv,bend:224,kmEwK3ZUn80IJAPqjc4nnA,0.90918,0.599609,8.035517,2024-09,Yz3qnPkFqJS4-lveVsthyw,2024-09,1,17.309835,20.81515,0.889023,0.547459,0.893555,0.552734,0.921687,1.819987
f534,bend,gsv,bend:77,DaCRMtjRrkxBB468GFSAvQ,0.862305,0.552734,15.550012,2024-09,PXSgY7Q6rjrLpAiLUTyZ5g,2024-10,0,14.42751,21.743217,0.376664,0.556772,0.34668,0.552734,0.865582,3.034516
f535,bend,gsv,bend:77,DaCRMtjRrkxBB468GFSAvQ,0.862305,0.552734,15.550012,2024-09,iPXFTVTk0FirlatlGxMqww,2024-10,0,13.674743,11.080838,0.146496,0.559807,0.121094,0.552734,0.822868,2.987906
f536,bend,gsv,bend:29,3EUb8DGIsQCcw8z9LOBnAA,0.518555,0.539062,21.080243,2024-10,bZoEp84wtohVHz1Vmw4L2Q,2024-10,1,10.467955,13.572498,0.232495,0.577495,0.206055,0.583984,0.963753,1.867438
f537,bend,gsv,bend:29,3EUb8DGIsQCcw8z9LOBnAA,0.518555,0.539062,21.080243,2024-10,H2fZQtxVgjUbmn1aZXIz7Q,2024-10,1,10.214849,14.646113,0.670883,0.579364,0.713867,0.585938,0.857546,2.760734
f538,bend,gsv,bend:165,VIMFndX_oqm7vJJD8gDyEA,0.269531,0.554688,14.984169,2024-09,ng0ZqemHEK0dGt0RR9Tp7w,2024-08,0,5.159058,10.583595,0.743313,0.648558,0.666992,0.695312,0.771982,2.540364
f539,bend,gsv,bend:165,VIMFndX_oqm7vJJD8gDyEA,0.269531,0.554688,14.984169,2024-09,FvLZ_Sl5ol8_3ouKij1wxg,2024-08,0,16.061263,24.599165,0.581095,0.551083,0.558594,0.552734,0.693519,2.289805
f540,bend,gsv,bend:90,HraXxn_y7_j4o8_4iS_JDQ,0.238281,0.554688,14.984169,2024-10,MGFjlYDVi-IHyMEKLDOFEQ,2024-10,1,6.934224,21.167323,0.562768,0.614199,0.582031,0.632812,0.876019,1.317566
f541,bend,gsv,bend:90,HraXxn_y7_j4o8_4iS_JDQ,0.238281,0.554688,14.984169,2024-10,eVaR_VM22eH4m4pgSCjfxQ,2024-10,1,11.530524,10.544131,0.616253,0.570599,0.62793,0.554688,0.900988,3.586825
f542,bend,gsv,bend:250,rxF0qBiSbOEnMR9wwxpjEw,0.307617,0.648438,5.165313,2024-09,i71FjiNFFECFJ0pjiTwoJw,2024-09,1,9.865976,10.28537,0.079513,0.582029,0.074219,0.583984,0.937037,0.40363
f543,bend,gsv,bend:109,LMwVmdxU9opG4yzbotuw6g,0.401367,0.539062,21.080243,2024-10,34Xf8IsLbUPWElMDkUR7Ww,2024-10,1,14.428792,35.512519,0.195913,0.556768,0.198242,0.552734,0.898813,1.147634
f544,bend,gsv,bend:109,LMwVmdxU9opG4yzbotuw6g,0.401367,0.539062,21.080243,2024-10,S1qcOswqpyslZeoi5rqFoA,2024-10,1,14.055188,8.55215,0.374183,0.558239,0.354492,0.583984,0.926524,4.656215
f545,bend,gsv,bend:218,kJr7eKpZcJO_W6V5XlLtBw,0.651367,0.570312,11.578326,2012-05,uFbLpZQKq6j80qu7SB5f4Q,2012-05,1,6.237864,12.683088,0.587975,0.625697,0.643555,0.630859,0.733715,2.136524
f546,bend,gsv,bend:218,kJr7eKpZcJO_W6V5XlLtBw,0.651367,0.570312,11.578326,2012-05,fD3Z6Y8COQW7tWgaVbSBYg,2024-09,0,13.121692,18.833937,0.529992,0.562264,0.550781,0.570312,0.852989,2.229376
f547,bend,gsv,bend:273,woYJ5n0CfTGMuDWTBqcZAg,0.581055,0.585938,9.395193,2012-05,BU7QcYZOPh4ibLwB61Lidw,2012-05,1,10.932808,12.651773,0.113081,0.574307,0.120117,0.585938,0.818699,1.60295
f548,bend,gsv,bend:273,woYJ5n0CfTGMuDWTBqcZAg,0.581055,0.585938,9.395193,2012-05,-RXcxoUzWpxLL-puHkp_2A,2012-05,1,9.998351,17.2062,0.924805,0.580981,0.924805,0.615234,0.858716,3.132947
f549,bend,gsv,bend:268,vX7HB8heH18fb_VkIUAagA,0.87793,0.568359,11.919991,2024-09,RTxf8dKJVS6VygRrXRd2uA,2024-09,1,6.488168,18.409776,0.587832,0.621338,0.588867,0.615234,0.696389,0.380897
f550,bend,gsv,bend:268,vX7HB8heH18fb_VkIUAagA,0.87793,0.568359,11.919991,2024-09,T8kmaLkOmLg4kpP_DYJxgw,2024-09,1,14.568768,20.588933,0.59648,0.556227,0.589844,0.554688,0.922863,0.744894
f551,bend,gsv,bend:238,qNYRurrxEhqZvO8GrwE9nA,0.082031,0.552734,15.550012,2024-09,Wdl-yRLD6AC_tsRIzHJ0fA,2024-09,1,13.174973,27.435683,0.930754,0.562035,0.94043,0.583984,0.928976,3.613414
f552,bend,gsv,bend:263,ukV9s59lkyu-xEjUdK7CmQ,0.143555,0.630859,5.964017,2015-11,oFrxAVlSyQbAW9JQzR8H2g,2019-07,0,16.467153,13.996128,0.557551,0.549842,0.549805,0.539062,0.820521,4.699681
f553,bend,gsv,bend:263,ukV9s59lkyu-xEjUdK7CmQ,0.143555,0.630859,5.964017,2015-11,gjzddXj5CW_RCMsk88DlKw,2019-07,0,8.026477,10.168495,0.667464,0.599674,0.651367,0.599609,0.958506,0.811976
f554,bend,gsv,bend:24,2S_Fj0bq7qkdKUBw9-g1XA,0.831055,0.646484,5.245206,2024-09,oTtS0IwU61FjVwO8ePqxBQ,2024-09,1,13.65008,10.20669,0.946558,0.559907,0.948242,0.552734,0.982,1.904783
f555,bend,gsv,bend:82,E15SCY6RTiDuNUu_trZk4Q,0.28418,0.554688,14.984169,2024-08,ZJnF1NF5GQHhYudhSi9aJw,2024-08,1,6.878385,16.218429,0.275593,0.61501,0.299805,0.601562,0.794295,1.493666
f556,bend,gsv,bend:82,E15SCY6RTiDuNUu_trZk4Q,0.28418,0.554688,14.984169,2024-08,i-w0D7A7UJEuiSlYya2hVA,2024-08,1,15.767808,28.936924,0.430746,0.552016,0.433594,0.552734,0.77164,0.355411
f557,bend,gsv,bend:230,mVwc04XB9DxuIb05ExnrdA,0.925781,0.539062,21.080243,2024-09,ECV1ugxBzGCu2aeWjPzz-g,2024-09,1,12.934338,10.101295,0.867637,0.563145,0.870117,0.554688,0.899274,2.061699
f558,bend,gsv,bend:230,mVwc04XB9DxuIb05ExnrdA,0.925781,0.539062,21.080243,2024-09,kFXlL9y8NFaFSkcPvRTlNg,2024-09,1,14.905668,30.245951,0.612148,0.554971,0.605469,0.552734,0.884207,0.907599
f559,bend,gsv,bend:146,PgOXmiCTtEV4ip7AJDqf2Q,0.230469,0.554688,14.984169,2024-09,GFq8hGslyDCQ2l8Xlz6YRQ,2024-09,1,7.141684,18.732014,0.555747,0.611141,0.582031,0.601562,0.823542,1.4356
f560,bend,gsv,bend:269,vwNiakvhRASLUkJZwdRB4A,0.299805,0.599609,8.035517,2024-09,v2ea-_c8Bs4D-C0D48C_Ww,2024-09,1,5.20886,9.057412,0.82628,0.647377,0.839844,0.632812,0.553221,0.808389
f561,bend,gsv,bend:251,rxF0qBiSbOEnMR9wwxpjEw,0.957031,0.552734,15.550012,2024-09,WMjryEtfTyuDlD6TSrVw9g,2012-05,0,11.498506,9.804814,0.538199,0.570801,0.527344,0.583984,0.893088,2.004281
f562,bend,gsv,bend:251,rxF0qBiSbOEnMR9wwxpjEw,0.957031,0.552734,15.550012,2024-09,yuZNELQO-q41n6Y0-EdWMw,2024-09,1,15.641292,30.375862,0.539349,0.552433,0.53418,0.552734,0.735438,0.514768
f563,bend,gsv,bend:225,kmEwK3ZUn80IJAPqjc4nnA,0.097656,0.568359,11.919991,2024-09,gIvvp-SrZBHC2lOeDTlMhw,2024-09,1,15.75712,27.583969,0.899384,0.552056,0.910156,0.554688,0.847476,1.295201
f564,bend,gsv,bend:192,ZO7V6RR9LtZT8l9-SjIQUg,0.84668,0.695312,3.691716,2024-08,49LDNyU4fcNWGip0s0BN4w,2019-07,0,7.332057,8.293041,0.771088,0.608471,0.769531,0.599609,1.003709,0.707427
f565,bend,gsv,bend:192,ZO7V6RR9LtZT8l9-SjIQUg,0.84668,0.695312,3.691716,2024-08,YD3Af0gf3BooPKxevIjBBg,2024-08,1,12.665025,11.250917,0.941139,0.564447,0.94043,0.552734,0.872259,2.884778
f566,bend,gsv,bend:44,7B5Vphda5PDmZJ5q1RQWdg,0.510742,0.539062,21.080243,2024-10,I5bcYK2RsMjw9CMfbS0FoQ,2024-10,1,11.887428,14.481681,0.208539,0.56856,0.15918,0.585938,0.623332,4.10471
f567,bend,gsv,bend:44,7B5Vphda5PDmZJ5q1RQWdg,0.510742,0.539062,21.080243,2024-10,cZ58mFUxBSQL7EUp_Wm_Mg,2024-10,1,7.904251,23.352633,0.842727,0.601187,0.917969,0.583984,0.82808,4.43328
f568,bend,gsv,bend:141,PX5zU_2KkKO0Gr4FiSe9aw,0.56543,0.615234,6.865408,2024-08,mEEQqyb2H7KJhknvZ7xWgQ,2024-08,1,17.844217,11.023768,0.067909,0.546041,0.06543,0.537109,0.815723,4.360235
f569,bend,gsv,bend:141,PX5zU_2KkKO0Gr4FiSe9aw,0.56543,0.615234,6.865408,2024-08,VUh3Ylh7zNO4uo6E9oahSA,2024-08,1,12.294356,14.477879,0.103819,0.566332,0.112305,0.568359,0.865372,0.746734
f570,bend,gsv,bend:247,rxF0qBiSbOEnMR9wwxpjEw,0.113281,0.554688,14.984169,2024-09,ud14uTHrc-Ny8A2LrB1ixw,2012-05,0,5.701343,15.034668,0.63761,0.636208,0.59668,0.662109,0.889204,1.68432
f571,bend,gsv,bend:247,rxF0qBiSbOEnMR9wwxpjEw,0.113281,0.554688,14.984169,2024-09,ur02UxCdviWqBNLSgIS9Hg,2012-05,0,12.382732,22.259901,0.560125,0.565898,0.541992,0.554688,0.930086,3.032978
f572,bend,gsv,bend:144,PeJlsIXjn8VkEoryRRBBMg,0.050781,0.539062,21.080243,2024-09,-VUAY8PgPynN19psio422Q,2012-05,0,15.916269,28.326648,0.588907,0.551544,0.549805,0.552734,0.686224,3.872749
f573,bend,gsv,bend:144,PeJlsIXjn8VkEoryRRBBMg,0.050781,0.539062,21.080243,2024-09,vS0g5yCxVt5nRon5Im5dMA,2017-09,0,9.308718,30.388309,0.788644,0.586698,0.753906,0.632812,0.895893,3.800878
f574,bend,gsv,bend:162,TzKDX5ADk6lqRtZ-F8r6XQ,0.807617,0.615234,6.865408,2024-08,8VmiYJCWwA7GWEOLp1Wicw,2024-10,0,9.503114,5.322567,0.293133,0.585014,0.299805,0.583984,0.847147,0.419215
f575,bend,gsv,bend:162,TzKDX5ADk6lqRtZ-F8r6XQ,0.807617,0.615234,6.865408,2024-08,OVCkGR_Z86039ocM3QTHgQ,2024-08,1,9.891904,10.14657,0.616845,0.581846,0.62793,0.583984,0.801302,0.728785
f576,bend,gsv,bend:214,hu3-VWXlGi42PkY38XPJzQ,0.901367,0.585938,9.395193,2024-10,A4lMUSXRgyxbN4ukF3PC1A,2024-10,1,16.460287,20.048875,0.414389,0.549873,0.416992,0.552734,0.619213,0.945327
f577,bend,gsv,bend:214,hu3-VWXlGi42PkY38XPJzQ,0.901367,0.585938,9.395193,2024-10,N_ijduiyE0BVJeI0Th2fzQ,2024-10,1,8.621393,6.998519,0.262975,0.593266,0.268555,0.583984,0.883066,1.056134
f578,bend,gsv,bend:193,ZO7V6RR9LtZT8l9-SjIQUg,0.871094,0.570312,11.578326,2024-08,49LDNyU4fcNWGip0s0BN4w,2019-07,0,9.383742,8.293041,0.924272,0.586014,0.933594,0.570312,0.885671,2.274568
f579,bend,gsv,bend:85,E15SCY6RTiDuNUu_trZk4Q,0.113281,0.539062,21.080243,2024-08,ZJnF1NF5GQHhYudhSi9aJw,2024-08,1,12.542355,16.218429,0.722115,0.565048,0.675781,0.583984,0.692316,4.32258
f580,bend,gsv,bend:85,E15SCY6RTiDuNUu_trZk4Q,0.113281,0.539062,21.080243,2024-08,m8FJ8zJK5CLIK_zdTnkXNA,2024-08,1,15.09909,9.881958,0.188115,0.554277,0.213867,0.568359,0.896638,3.848181
f581,bend,gsv,bend:294,zcVgeJb6FkDw1z__YhM1tg,0.893555,0.554688,14.984169,2024-09,FCGtGjpihwyamy83ztJ_4w,2024-09,1,9.650906,9.953646,0.775706,0.583767,0.72168,0.601562,0.908826,3.441007
f582,bend,gsv,bend:294,zcVgeJb6FkDw1z__YhM1tg,0.893555,0.554688,14.984169,2024-09,Ar6rPlUHa5kqAUCKmyONaQ,2019-07,0,11.776273,17.676058,0.656911,0.569168,0.605469,0.568359,0.860273,3.815834
f583,bend,gsv,bend:154,ScnPNQ2cah0xzWlH28uoOw,0.56543,0.539062,21.080243,2024-10,d60YaHQaB922SeeElu5kpA,2024-10,1,6.61446,16.069362,0.203666,0.619288,0.166992,0.632812,0.892795,1.614169
f584,bend,gsv,bend:154,ScnPNQ2cah0xzWlH28uoOw,0.56543,0.539062,21.080243,2024-10,8tBD8bOsvV2qp3OEQLlr1w,2024-10,1,12.736118,9.751137,0.614047,0.564123,0.620117,0.570312,0.929087,1.243348
f585,bend,gsv,bend:208,dUy9p1NputrGH7SFDmbCpg,0.573242,0.599609,8.035517,2024-08,M05FmZfcBii2t-N-SZnVVw,2024-08,1,10.210041,18.001133,0.84812,0.579335,0.838867,0.615234,0.986985,3.383363
f586,bend,gsv,bend:219,kJr7eKpZcJO_W6V5XlLtBw,0.87793,0.632812,5.865506,2012-05,3sw0piW5aqrtjed0z_pEIw,2024-09,0,15.498381,10.222173,0.108872,0.552902,0.104492,0.552734,0.76028,0.430086
f587,bend,gsv,bend:219,kJr7eKpZcJO_W6V5XlLtBw,0.87793,0.632812,5.865506,2012-05,U6rqZijBxDmAfhHdlRvE-Q,2012-05,1,8.919539,10.25448,0.571008,0.590256,0.59668,0.599609,0.789207,1.626901
f588,bend,gsv,bend:140,PX5zU_2KkKO0Gr4FiSe9aw,0.31543,0.583984,9.624548,2024-08,pOomUPRWAG5gDTjDigrkmg,2024-08,1,11.828543,9.184892,0.097468,0.568868,0.09668,0.552734,0.896187,3.721261
f589,bend,gsv,bend:140,PX5zU_2KkKO0Gr4FiSe9aw,0.31543,0.583984,9.624548,2024-08,xKTzQ5Y8mi6amv5faZb8Hw,2024-08,1,11.851869,21.399268,0.117665,0.568731,0.120117,0.585938,0.923274,2.463436
f590,bend,gsv,bend:232,nd-z43_liOX80bmhO15urg,0.933594,0.552734,15.550012,2024-10,ckOodenlarklN0sP1Z5KqQ,2024-10,1,7.68913,9.843016,0.847022,0.603798,0.870117,0.599609,0.825653,1.191681
f591,bend,gsv,bend:259,tAnrbC_F_FXbg7kTiYywVA,0.549805,0.554688,14.984169,2017-06,Hkd2me5IV2D1D9wTDO6VeA,2024-09,0,15.244179,29.839024,0.592836,0.553773,0.581055,0.552734,0.860626,1.179806
f592,bend,gsv,bend:259,tAnrbC_F_FXbg7kTiYywVA,0.549805,0.554688,14.984169,2017-06,NBp3mde_YVHmi3AeyoPQiA,2024-09,0,7.573463,20.553976,0.629783,0.605266,0.621094,0.615234,0.839147,0.810007
f593,bend,gsv,bend:280,xU7xT5kREy_Jnq_vYaXc8w,0.323242,0.554688,14.984169,2019-07,a-1aFSoygxVgFqUMDBtO_g,2024-10,0,15.557799,21.168622,0.563947,0.552684,0.557617,0.568359,0.868552,3.683683
f594,bend,gsv,bend:61,9DA1aapwjQcdUP2HEfrhfg,0.135742,0.554688,14.984169,2024-10,HRWon381Td3MQeJ9S8OJsw,2024-10,1,11.217715,10.075129,0.253461,0.572497,0.246094,0.570312,0.936848,0.63868
f595,bend,gsv,bend:289,yJmMJeV6PD3UZlAmm4cmWg,0.636719,0.617188,6.740247,2018-05,nb5bmrGIu-TxGMgDfYl95g,2024-09,0,17.814853,24.445207,0.966157,0.54613,0.963867,0.539062,0.920804,3.277323
f596,bend,gsv,bend:289,yJmMJeV6PD3UZlAmm4cmWg,0.636719,0.617188,6.740247,2018-05,kxSp8PlxDtJ60UV4Qv85QQ,2024-09,0,8.436789,15.173599,0.925936,0.595155,0.924805,0.599609,0.916583,0.405497
f597,bend,gsv,bend:103,Kv2haiYlkJCiaO61RVWwQA,0.916992,0.554688,14.984169,2024-08,-RKcXhU7dZq4cs5XGkuCyg,2024-08,1,14.320407,20.331136,0.408423,0.557156,0.44043,0.552734,0.903371,3.236906
f598,bend,gsv,bend:103,Kv2haiYlkJCiaO61RVWwQA,0.916992,0.554688,14.984169,2024-08,PphkqzXkyRm65Y6QbRzXbQ,2024-08,1,15.877617,26.751328,0.574488,0.551661,0.535156,0.552734,0.654938,3.886236
f599,bend,gsv,bend:235,pIcQQrFa8_XDG7-VSRhAfQ,0.588867,0.615234,6.865408,2024-10,SZ8Qx9yoImaH2hyTrlJRhQ,2024-10,1,15.441272,9.228419,0.531342,0.553087,0.53418,0.552734,0.712897,0.295472
f600,bend,gsv,bend:235,pIcQQrFa8_XDG7-VSRhAfQ,0.588867,0.615234,6.865408,2024-10,-8RG8As744Cl1Gb6EPjUzw,2024-10,1,14.513105,20.994739,0.947686,0.556416,0.948242,0.554688,0.839932,0.471144
f601,bend,gsv,bend:89,E1wxX3pnvZdWrWnUkfkNkA,0.59668,0.554688,14.984169,2024-09,dP5cUN1WcwNR0M3rXOO3-Q,2024-09,1,9.606332,22.427547,0.991853,0.584128,0.964844,0.568359,0.862694,2.938987
f602,bend,gsv,bend:89,E1wxX3pnvZdWrWnUkfkNkA,0.59668,0.554688,14.984169,2024-09,c1GEuFsxFbD07o65azIswQ,2024-09,1,9.685472,9.546317,0.752498,0.583472,0.78418,0.599609,0.918962,2.40818
f603,bend,gsv,bend:180,Wnu3AyufxG1XD9JvU5K-hg,0.855469,0.583984,9.624548,2024-09,MEFCM5JlmfAbBpeKr__Lfw,2024-09,1,5.885412,6.82422,0.837299,0.632467,0.854492,0.630859,0.908544,0.644717
f604,bend,gsv,bend:180,Wnu3AyufxG1XD9JvU5K-hg,0.855469,0.583984,9.624548,2024-09,F-CNDOGYGsNFAZrz-bgLIw,2024-09,1,11.351291,18.458559,0.174,0.571672,0.182617,0.570312,0.865926,0.661153
f605,bend,gsv,bend:254,s4e-NVzTyqcyZ6_5npv6Ow,0.362305,0.570312,11.578326,2024-08,cGxqiOeT0YFJpoWINoF7zw,2024-08,1,9.075972,20.648238,0.56022,0.588768,0.558594,0.570312,0.934521,2.49899
f606,bend,gsv,bend:19,0FMaNGiSOoTGqLgh8jHfYQ,0.878906,0.599609,8.035517,2024-10,Ui9xp3-7Rca9CCKbemSIpA,2024-10,1,16.375799,10.880936,0.00931,0.550121,0.010742,0.539062,0.81804,4.707727
f607,bend,gsv,bend:19,0FMaNGiSOoTGqLgh8jHfYQ,0.878906,0.599609,8.035517,2024-10,HiLe-gRwY13_xv6GO1uaEw,2024-10,1,3.137334,9.5512,0.736549,0.720426,0.768555,0.724609,0.761843,0.626449
f608,bend,gsv,bend:143,PeJlsIXjn8VkEoryRRBBMg,0.963867,0.539062,21.080243,2024-09,-VUAY8PgPynN19psio422Q,2012-05,0,7.31952,28.326648,0.700928,0.608644,0.75293,0.662109,0.882433,3.271158
f609,bend,gsv,bend:143,PeJlsIXjn8VkEoryRRBBMg,0.963867,0.539062,21.080243,2024-09,vS0g5yCxVt5nRon5Im5dMA,2017-09,0,16.619914,30.388309,0.902473,0.549398,0.917969,0.539062,0.841001,4.818799
f610,bend,gsv,bend:152,SM4RUwTVtTzgSm3LWvzwqA,0.557617,0.554688,14.984169,2024-09,Y6c3LwK7bESBmOXH4Pgmqw,2024-09,1,16.227632,24.983027,0.327879,0.550576,0.347656,0.554688,0.603731,2.30051
f611,bend,gsv,bend:101,Kv2haiYlkJCiaO61RVWwQA,0.121094,0.554688,14.984169,2024-08,nPzz1hG1YMej4G9HBM9CWQ,2024-08,1,8.434956,17.806124,0.10351,0.595157,0.097656,0.599609,0.910153,0.502566
f612,bend,gsv,bend:262,tvNqBlxdm0rdkZgBOGVfog,0.081055,0.539062,21.080243,2024-10,4s9wiFN9fKm1X7DoziUx_w,2024-08,0,9.205356,26.056701,0.88454,0.587615,0.839844,0.599609,0.861923,2.675376
f613,bend,gsv,bend:262,tvNqBlxdm0rdkZgBOGVfog,0.081055,0.539062,21.080243,2024-10,BWXUTDQh5QVWrzktLkt0Uw,2024-10,1,9.947545,20.341439,0.276246,0.581371,0.237305,0.570312,0.860821,3.083266
f614,bend,gsv,bend:209,dUy9p1NputrGH7SFDmbCpg,0.386719,0.568359,11.919991,2024-08,rYRV7bPKeOO4pzS-3no2CQ,2024-08,1,8.31401,10.976512,0.251046,0.596467,0.25293,0.585938,0.89412,1.085253
f615,bend,gsv,bend:209,dUy9p1NputrGH7SFDmbCpg,0.386719,0.568359,11.919991,2024-08,1cQXBLiA7fLzcz6mobIn3w,2024-08,1,13.272674,25.10821,0.125769,0.56155,0.121094,0.583984,0.917476,3.66692
f616,bend,gsv,bend:198,ZlXmdBYkhIpp-wNfPlSIFw,0.902344,0.583984,9.624548,2024-08,4cPASwNds7QLix-k4VSYEg,2024-08,1,6.373387,11.186442,0.674725,0.623264,0.698242,0.630859,0.899944,0.998797
f617,bend,gsv,bend:93,I_t9Bp1OzV2m-ZKFHssOdg,0.972656,0.539062,21.080243,2024-10,1z1EHvIxPv596BMi7RkX8Q,2024-10,1,10.258095,24.358479,0.454807,0.579052,0.441406,0.554688,0.920043,4.846859
f618,bend,gsv,bend:0,-6wL7HzdK7t8DTC_zDPOLw,0.371094,0.554688,14.984169,2024-11,Nf6Y4ZR3eqTkNz2BUwocvQ,2024-11,1,10.319963,10.114917,0.249243,0.578585,0.213867,0.599609,0.880544,3.046739
f619,bend,gsv,bend:249,rxF0qBiSbOEnMR9wwxpjEw,0.206055,0.583984,9.624548,2024-09,ur02UxCdviWqBNLSgIS9Hg,2012-05,0,12.63813,22.259901,0.446571,0.564605,0.441406,0.568359,0.912299,0.817646
f620,bend,gsv,bend:217,hu3-VWXlGi42PkY38XPJzQ,0.128906,0.568359,11.919991,2024-10,EMWVJM0gscOsUymKxNLx4Q,2024-10,1,9.475556,10.377412,0.308493,0.585243,0.324219,0.570312,0.862561,2.343771
f621,bend,gsv,bend:255,sLysKXt4_iSuR_gUCdxe5g,0.300781,0.552734,15.550012,2024-09,mhbgUe7boBQp7q9_uIFzJQ,2024-09,1,11.86136,6.167433,0.371073,0.568692,0.354492,0.585938,0.899095,2.699424
f622,bend,gsv,bend:255,sLysKXt4_iSuR_gUCdxe5g,0.300781,0.552734,15.550012,2024-09,P2XaV6qZfjZgBsGDMKuK9g,2024-09,1,3.766377,14.827797,0.834214,0.692326,0.682617,0.677734,0.778863,3.652079
f623,bend,gsv,bend:191,ZO7V6RR9LtZT8l9-SjIQUg,0.308594,0.601562,7.870312,2024-08,YD3Af0gf3BooPKxevIjBBg,2024-08,1,13.687846,11.250917,0.084242,0.559746,0.074219,0.554688,0.73751,1.578181
f624,bend,gsv,bend:261,tvNqBlxdm0rdkZgBOGVfog,0.144531,0.554688,14.984169,2024-10,BWXUTDQh5QVWrzktLkt0Uw,2024-10,1,15.852001,20.341439,0.368834,0.551746,0.371094,0.552734,0.632406,0.375818
f625,bend,gsv,bend:261,tvNqBlxdm0rdkZgBOGVfog,0.144531,0.554688,14.984169,2024-10,UXCjL2ggJsghcU0Q9bikcw,2019-07,0,9.995257,16.580418,0.860735,0.581002,0.885742,0.583984,0.939882,1.582822
f626,bend,gsv,bend:118,LhpYKYMPIDXskyHjHW1nOQ,0.479492,0.552734,15.550012,2024-09,ew3BhQdX0BorJrcgZA0rlA,2024-09,1,16.36514,31.62167,0.020024,0.550151,0.026367,0.552734,0.808102,1.034001
f627,bend,gsv,bend:118,LhpYKYMPIDXskyHjHW1nOQ,0.479492,0.552734,15.550012,2024-09,BRmlDahnuXPVfRqb8Pox0Q,2019-07,0,16.476203,28.603362,0.355983,0.549818,0.355469,0.539062,0.852032,4.603703
f628,bend,gsv,bend:81,E15SCY6RTiDuNUu_trZk4Q,0.174805,0.552734,15.550012,2024-08,i-w0D7A7UJEuiSlYya2hVA,2024-08,1,15.11705,28.936924,0.538775,0.554216,0.527344,0.552734,0.679281,1.18282
f629,bend,gsv,bend:206,bVadNrPq_zXgbJjhhDSwDw,0.910156,0.568359,11.919991,2024-10,3faFpMCV_hrWqParVlI4YA,2024-09,0,12.35245,11.36791,0.697429,0.566036,0.674805,0.554688,0.856298,3.265874
f630,bend,gsv,bend:206,bVadNrPq_zXgbJjhhDSwDw,0.910156,0.568359,11.919991,2024-10,SPVWIoKK1Qc1CgrdL2cQ2g,2024-10,1,3.632258,10.449769,0.855697,0.697753,0.769531,0.726562,0.673677,1.87498
f631,bend,gsv,bend:65,A5AVKFhm7unr9Rs55aQ1Tw,0.449219,0.537109,22.200666,2024-10,kb0wTLgMqczHn90cMjqnWA,2024-10,1,6.311382,28.494375,0.715328,0.624411,0.706055,0.583984,0.865034,3.346533
f632,bend,gsv,bend:270,vwNiakvhRASLUkJZwdRB4A,0.675781,0.630859,5.964017,2024-09,y0PRNxsPS4zwDe2_yJzeUw,2024-09,1,12.948893,9.145018,0.570303,0.563079,0.573242,0.554688,0.784881,2.052587
f633,bend,gsv,bend:150,Ro8ZmvW9hyxIS4GVq1cpMQ,0.902344,0.617188,6.740247,2021-07,fiUm_p6sLa12-LBikE6WGA,2021-07,1,6.391743,10.531452,0.605795,0.622963,0.59668,0.617188,0.895521,0.512095
f634,bend,gsv,bend:271,woYJ5n0CfTGMuDWTBqcZAg,0.457031,0.539062,21.080243,2012-05,o-jhFRib4jwTuU55PvqtFg,2012-05,1,14.961874,20.325284,0.591957,0.554757,0.581055,0.568359,0.955289,3.178876
f635,bend,gsv,bend:271,woYJ5n0CfTGMuDWTBqcZAg,0.457031,0.539062,21.080243,2012-05,PkuAqlQdG8jMHWnxAzXm2Q,2012-05,1,17.126991,17.296318,0.921456,0.547946,0.932617,0.554688,0.897709,2.422329
f636,bend,gsv,bend:7,0CvMs02xHlg3mCMHJdc6Xg,0.37793,0.539062,21.080243,2024-09,EIFXo3-N531RW7qd3_tO7w,2024-09,1,13.03087,21.046795,0.325986,0.562689,0.331055,0.568359,0.926737,1.179491
f637,bend,gsv,bend:7,0CvMs02xHlg3mCMHJdc6Xg,0.37793,0.539062,21.080243,2024-09,fJvEOGE9b6HE1sezio7V1g,2024-09,1,15.474565,10.242342,0.302725,0.552987,0.299805,0.568359,0.883271,3.563277
f638,bend,gsv,bend:215,hu3-VWXlGi42PkY38XPJzQ,0.347656,0.570312,11.578326,2024-10,J4ldW2XYblsmBUG1mST8_g,2024-10,1,10.748272,10.251555,0.179881,0.575554,0.15918,0.583984,0.859448,1.734546
f639,bend,gsv,bend:174,VgWpqFkTwCIROvM0z-DkOw,0.15918,0.554688,14.984169,2024-10,jnI51FU8QHL5vurSCfpNXg,2024-09,0,11.015444,24.063217,0.304099,0.573785,0.324219,0.568359,0.913256,1.70742
f640,bend,gsv,bend:231,nd-z43_liOX80bmhO15urg,0.105469,0.539062,21.080243,2024-10,zkIEfLebhVxG_XlKPOEBeQ,2024-10,1,13.389138,19.83724,0.290423,0.561052,0.300781,0.554688,0.882135,1.842471
f641,bend,gsv,bend:231,nd-z43_liOX80bmhO15urg,0.105469,0.539062,21.080243,2024-10,ckOodenlarklN0sP1Z5KqQ,2024-10,1,14.618694,9.843016,0.173882,0.556035,0.175781,0.554688,0.883726,0.407781
f642,bend,gsv,bend:75,DaCRMtjRrkxBB468GFSAvQ,0.269531,0.537109,22.200666,2024-09,kbW9oATABk_QDaLV5wppJA,2024-10,0,7.157429,20.676668,0.678657,0.610911,0.698242,0.599609,0.881729,1.281303
f643,bend,gsv,bend:75,DaCRMtjRrkxBB468GFSAvQ,0.269531,0.537109,22.200666,2024-09,e4ZVRHH-Y818Ns48Zuwvhw,2024-10,0,11.432726,30.967722,0.91667,0.571204,0.924805,0.554688,0.81285,3.619666
f644,bend,gsv,bend:58,91IlnKR3b8rCc1Zx5XGy7w,0.042969,0.539062,21.080243,2024-09,thHS9R5_hIyfwZeFoPCzBw,2024-09,1,3.714221,20.858931,0.279195,0.694417,0.34668,0.677734,0.820121,1.714262
f645,bend,gsv,bend:229,mVwc04XB9DxuIb05ExnrdA,0.832031,0.568359,11.919991,2024-09,EPtPLouZhAozkhYekT2ZlQ,2024-09,1,17.739243,20.174134,0.600825,0.546325,0.589844,0.539062,0.829261,3.597785
f646,bend,gsv,bend:207,cqb7v_2KGHMeSy8VpvkcDQ,0.394531,0.554688,14.984169,2024-08,DUOvjelNtbn1lkalm-ZROw,2024-08,1,12.805053,27.781941,0.141169,0.563742,0.136719,0.570312,0.925645,1.27686
f647,bend,gsv,bend:245,rvwbAGgi-7mNlZHKSPC8WQ,0.519531,0.539062,21.080243,2024-09,1K7ABoDQYJdPmjbdfPipUA,2024-09,1,11.310973,30.083332,0.393554,0.571926,0.40918,0.568359,0.801966,1.292576
f648,bend,gsv,bend:245,rvwbAGgi-7mNlZHKSPC8WQ,0.519531,0.539062,21.080243,2024-09,0MoiITqHO0lvsYFL9X9bNw,2024-09,1,12.837325,10.744651,0.092869,0.56361,0.089844,0.568359,0.804905,0.94663
f649,bend,gsv,bend:281,xU7xT5kREy_Jnq_vYaXc8w,0.729492,0.742188,2.730865,2019-07,wqpimZVAyuLbSUjOFqHrfQ,2019-07,1,12.335875,10.798243,0.614855,0.566105,0.613281,0.554688,0.735353,2.64789
f650,bend,gsv,bend:158,ShaAxuhgD3rK5__gON66zA,0.518555,0.568359,11.919991,2024-08,dvTf8B6kAWG61U2MMqWtew,2024-10,0,11.339303,22.857873,0.858917,0.571737,0.854492,0.568359,0.948947,0.663212
f651,bend,gsv,bend:158,ShaAxuhgD3rK5__gON66zA,0.518555,0.568359,11.919991,2024-08,3QCLGmGQyPlO09PCTvEVOg,2024-10,0,15.883952,22.325689,0.594928,0.551642,0.582031,0.552734,0.837353,1.316251
f652,bend,gsv,bend:145,PgOXmiCTtEV4ip7AJDqf2Q,0.97168,0.539062,21.080243,2024-09,ndf-w-PI3XDjXMaRfh96og,2024-09,1,13.48105,24.983777,0.170311,0.560646,0.136719,0.554688,0.851018,3.350629
f653,bend,gsv,bend:145,PgOXmiCTtEV4ip7AJDqf2Q,0.97168,0.539062,21.080243,2024-09,PhXcniaWoQFa2L1E3Ftxxw,2024-09,1,14.691461,35.652248,0.609766,0.555758,0.613281,0.552734,0.780761,0.921965
f654,bend,gsv,bend:200,ZlXmdBYkhIpp-wNfPlSIFw,0.605469,0.585938,9.395193,2024-08,PdVt0JQ92BlRYemnEOraQw,2024-08,1,13.942056,20.170456,0.931459,0.558683,0.925781,0.554688,0.747171,1.161683
f655,bend,gsv,bend:200,ZlXmdBYkhIpp-wNfPlSIFw,0.605469,0.585938,9.395193,2024-08,sylLWVkefKIO6cq-01h0Zw,2024-08,1,7.699189,10.088326,0.298572,0.603634,0.285156,0.599609,0.898096,0.742111
f656,bend,gsv,bend:80,E15SCY6RTiDuNUu_trZk4Q,0.691406,0.615234,6.865408,2024-08,h4M3gq21TMIPl8s3rvq8qQ,2024-08,1,7.04786,9.795459,0.192198,0.612475,0.207031,0.617188,0.881957,0.7127
f657,bend,gsv,bend:80,E15SCY6RTiDuNUu_trZk4Q,0.691406,0.615234,6.865408,2024-08,Qf33vT2tfUpkP5dW0VYUvw,2024-08,1,14.283453,19.458187,0.074838,0.557312,0.073242,0.552734,0.902201,1.274676
f658,bend,gsv,bend:290,yPUv9rk8acshJKXa9_jMag,0.057617,0.537109,22.200666,2024-08,ckzc02oDHwz4gi9WCXa6tw,2024-08,1,13.51833,9.726686,0.101117,0.56046,0.104492,0.554688,0.892822,1.491096
f659,bend,gsv,bend:290,yPUv9rk8acshJKXa9_jMag,0.057617,0.537109,22.200666,2024-08,W8uTTTqzkKp756Ss9wrPaw,2024-08,1,6.554748,19.527468,0.727531,0.620199,0.72168,0.615234,0.839165,0.396435
f660,bend,gsv,bend:201,bTkyJpLDQ7HCw4yOdqdNCg,0.229492,0.552734,15.550012,2024-10,nTimcOliyLB1Vap-FfZVEQ,2024-10,1,15.369423,30.751065,0.421326,0.553376,0.424805,0.552734,0.646357,0.387877
f661,bend,gsv,bend:201,bTkyJpLDQ7HCw4yOdqdNCg,0.229492,0.552734,15.550012,2024-10,AFZJGPzLSHQDGU37zqElhQ,2024-10,1,8.024515,21.594174,0.315613,0.599765,0.332031,0.585938,0.84168,1.640153
f662,bend,gsv,bend:108,LMwVmdxU9opG4yzbotuw6g,0.518555,0.537109,22.200666,2024-10,4uIKkvaIrgpLG0k5BfdICA,2024-10,1,17.385867,39.223114,0.359839,0.547263,0.355469,0.552734,0.977594,1.886972
f663,bend,gsv,bend:108,LMwVmdxU9opG4yzbotuw6g,0.518555,0.537109,22.200666,2024-10,S1qcOswqpyslZeoi5rqFoA,2024-10,1,14.108886,8.55215,0.561256,0.558023,0.573242,0.583984,0.912568,4.56708
f664,bend,gsv,bend:221,kjNgQrRlUM8VkFMli6aIPQ,0.886719,0.583984,9.624548,2024-08,b0B5j7ZXeMYm6g59vT2DfA,2024-08,1,10.832411,10.907482,0.320645,0.57496,0.308594,0.570312,0.915435,1.126802
f665,bend,gsv,bend:242,rQtHh0Wai-D1FvbvqBlWdw,0.831055,0.632812,5.865506,2024-09,ImzSFRb9YpQjZqvtHxI0vw,2024-09,1,6.013391,9.148663,0.7259,0.629892,0.729492,0.632812,0.788646,0.199933
f666,bend,gsv,bend:242,rQtHh0Wai-D1FvbvqBlWdw,0.831055,0.632812,5.865506,2024-09,-ZyyB_F6CyaYwyfTSlQhFg,2024-09,1,17.87073,12.618131,0.949211,0.545988,0.941406,0.539062,0.985727,3.347435
f667,bend,gsv,bend:181,Wnu3AyufxG1XD9JvU5K-hg,0.620117,0.585938,9.395193,2024-09,MEFCM5JlmfAbBpeKr__Lfw,2024-09,1,14.237919,6.82422,0.659092,0.557496,0.660156,0.552734,0.759523,1.316721
f668,bend,gsv,bend:181,Wnu3AyufxG1XD9JvU5K-hg,0.620117,0.585938,9.395193,2024-09,LXOznwnCF3KsvPcOES4U8g,2012-04,0,15.187742,6.064135,0.157306,0.553984,0.15918,0.554688,0.858224,0.266817
f669,bend,gsv,bend:216,hu3-VWXlGi42PkY38XPJzQ,0.620117,0.601562,7.870312,2024-10,J4ldW2XYblsmBUG1mST8_g,2024-10,1,6.514649,10.251555,0.854712,0.620886,0.854492,0.615234,0.842427,0.351724
f670,bend,gsv,bend:216,hu3-VWXlGi42PkY38XPJzQ,0.620117,0.601562,7.870312,2024-10,IqRZ6STPvhV2d-6s6t4bdw,2024-10,1,14.880412,20.438409,0.934745,0.555079,0.94043,0.552734,0.586322,0.866312
f671,bend,gsv,bend:211,gTM14tSsKuUwbSxtTb4xoQ,0.464844,0.537109,22.200666,2024-09,zi0Ia8HdV1WtfK9qBwFTIw,2024-09,1,11.7041,32.473126,0.582119,0.569589,0.573242,0.583984,0.924314,2.160939
f672,bend,gsv,bend:211,gTM14tSsKuUwbSxtTb4xoQ,0.464844,0.537109,22.200666,2024-09,Dq9i78MBnYrbIHMzAsk-Bw,2024-09,1,17.582987,4.817853,0.445563,0.546731,0.448242,0.552734,0.811538,2.051497
f673,bend,gsv,bend:66,BfLStXTTg1-0FjTrZcvYWg,0.589844,0.539062,21.080243,2019-07,K8hiVvmY6R3YoLVhk-G22A,2019-07,1,13.757378,9.842334,0.650562,0.559457,0.691406,0.570312,0.89508,3.896118
f674,bend,gsv,bend:41,62TiKmlmxt_xn_68w1lgAw,0.574219,0.539062,21.080243,2024-08,7GSNG3mgOxjta1GEpFMnrA,2024-08,1,12.507441,24.433179,0.57454,0.565233,0.535156,0.554688,0.866282,4.188159
f675,bend,gsv,bend:41,62TiKmlmxt_xn_68w1lgAw,0.574219,0.539062,21.080243,2024-08,Jo8xZnH0BfZgy4IGndC6qA,2024-08,1,12.814159,10.161447,0.632225,0.563705,0.651367,0.570312,0.928838,1.917136
f676,bend,gsv,bend:288,yJmMJeV6PD3UZlAmm4cmWg,0.81543,0.755859,2.505999,2018-05,-OEIYOUdlZ-9b0WExDpmWg,2024-09,0,11.323217,12.311235,0.064217,0.571844,0.066406,0.568359,0.919367,0.617814
f677,bend,gsv,bend:157,ShaAxuhgD3rK5__gON66zA,0.34668,0.552734,15.550012,2024-08,MDLkJN0_q43IZgMOC-5lSQ,2024-10,0,14.477572,20.180028,0.893348,0.556557,0.870117,0.554688,0.907997,2.206342
f678,bend,gsv,bend:157,ShaAxuhgD3rK5__gON66zA,0.34668,0.552734,15.550012,2024-08,euXJBZYuZOt454UTbSWH6Q,2024-08,1,12.525994,9.536606,0.23091,0.565146,0.206055,0.568359,0.910552,1.999955
f679,bend,gsv,bend:295,zcVgeJb6FkDw1z__YhM1tg,0.393555,0.539062,21.080243,2024-09,v41G3AIihYE7ppg7ahVKNQ,2024-09,1,14.216295,23.721026,0.176284,0.557579,0.167969,0.554688,0.949692,1.082305
f680,bend,gsv,bend:295,zcVgeJb6FkDw1z__YhM1tg,0.393555,0.539062,21.080243,2024-09,rX-h1-hq2K0Po5bObJLHdg,2024-09,1,10.581047,11.467297,0.947403,0.576703,0.94043,0.570312,0.922397,1.109805
f681,bend,gsv,bend:153,SM4RUwTVtTzgSm3LWvzwqA,0.40918,0.554688,14.984169,2024-09,Y6c3LwK7bESBmOXH4Pgmqw,2024-09,1,11.182128,24.983027,0.481394,0.572719,0.472656,0.570312,0.822373,0.739755
f682,bend,gsv,bend:153,SM4RUwTVtTzgSm3LWvzwqA,0.40918,0.554688,14.984169,2024-09,6FNlfChnYmgWm0PXKNyzpg,2024-09,1,9.832552,10.188778,0.251306,0.582301,0.238281,0.585938,0.947455,0.898914
f683,bend,gsv,bend:15,0FMaNGiSOoTGqLgh8jHfYQ,0.331055,0.662109,4.656027,2024-10,HiLe-gRwY13_xv6GO1uaEw,2024-10,1,13.620242,9.5512,0.558942,0.560059,0.557617,0.552734,1.000271,1.938377
f684,bend,gsv,bend:15,0FMaNGiSOoTGqLgh8jHfYQ,0.331055,0.662109,4.656027,2024-10,Ui9xp3-7Rca9CCKbemSIpA,2024-10,1,8.168172,10.880936,0.874529,0.598155,0.87793,0.599609,0.828229,0.21489
f685,bend,gsv,bend:45,87nWq0hrTZLm2_UXRgPhZQ,0.949219,0.570312,11.578326,2024-09,X14YpGdL03IMOjW5P1_uFw,2024-09,1,12.137881,22.847031,0.722529,0.567158,0.713867,0.552734,0.964457,3.490324
f686,bend,gsv,bend:45,87nWq0hrTZLm2_UXRgPhZQ,0.949219,0.570312,11.578326,2024-09,r-lN22BFZD670ADhtBE5LA,2024-09,1,16.495214,23.272304,0.900493,0.549762,0.901367,0.539062,0.630099,4.585938
f687,bend,gsv,bend:226,lijNEguHL6T106ODEBcylQ,0.59668,0.662109,4.656027,2024-10,bI_Xs6nptEg8ATGqCENpYg,2024-10,1,12.721762,13.420749,0.399901,0.564171,0.402344,0.554688,0.757555,2.272373
f688,bend,gsv,bend:226,lijNEguHL6T106ODEBcylQ,0.59668,0.662109,4.656027,2024-10,_BCp20J6xpQtwLuMdgVR0A,2024-10,1,13.720044,9.909774,0.546883,0.559635,0.549805,0.552734,0.626005,1.855032
f689,bend,gsv,bend:182,Wnu3AyufxG1XD9JvU5K-hg,0.425781,0.552734,15.550012,2024-09,wE0ka4zdg0_pecIAuIEkjg,2024-09,1,11.501861,11.638446,0.21355,0.570794,0.238281,0.568359,0.860633,1.865853
f690,bend,gsv,bend:60,9DA1aapwjQcdUP2HEfrhfg,0.566406,0.539062,21.080243,2024-10,isvvo-4EDJtOxAXzT15RtA,2024-08,0,14.421728,22.357248,0.607512,0.556761,0.557617,0.554688,0.842919,4.622189
f691,bend,gsv,bend:60,9DA1aapwjQcdUP2HEfrhfg,0.566406,0.539062,21.080243,2024-10,axHln0EyCdgT8cXSKE8KTQ,2024-08,0,11.353083,10.860288,0.233528,0.571636,0.268555,0.601562,0.902208,4.055904
f692,bend,gsv,bend:282,yDV1n1O4f0QHWG869hAzbQ,0.073242,0.539062,21.080243,2025-07,U22VdJCTiI7LZOJxSMZ6jA,2025-07,1,12.595351,10.305263,0.124067,0.564798,0.143555,0.585938,0.909034,3.465872
f693,bend,gsv,bend:282,yDV1n1O4f0QHWG869hAzbQ,0.073242,0.539062,21.080243,2025-07,4kVCifz8vf7z51FXte1wfg,2025-07,1,9.155528,29.749799,0.269089,0.588075,0.285156,0.570312,0.919759,2.636175
f694,bend,gsv,bend:236,pIcQQrFa8_XDG7-VSRhAfQ,0.424805,0.585938,9.395193,2024-10,xHJtAYb_wevC7t8EW_Z67A,2024-10,1,5.042764,8.679145,0.211506,0.651452,0.198242,0.664062,0.608862,0.607179
f695,bend,gsv,bend:160,Tn5W3kvbdH7_Fpk29a_hrQ,0.425781,0.554688,14.984169,2024-08,frs8IDaXcw5Ps4SNRDBUIQ,2024-08,1,7.280577,12.973162,0.236551,0.609097,0.222656,0.615234,0.85496,0.747
f696,bend,gsv,bend:48,8H6LgNn56hay95HiBYrhHw,0.34668,0.552734,15.550012,2024-09,XlVKZjUV-5vLPMTsqNrYaQ,2024-09,1,11.049634,14.862154,0.248881,0.573565,0.191406,0.585938,0.689872,4.015762
f697,bend,gsv,bend:48,8H6LgNn56hay95HiBYrhHw,0.34668,0.552734,15.550012,2024-09,ygacdJNF8XSIc1OrHcyvrg,2024-09,1,12.26271,23.718603,0.194821,0.56651,0.15918,0.554688,0.898885,4.072833
f698,bend,gsv,bend:222,kjNgQrRlUM8VkFMli6aIPQ,0.62793,0.583984,9.624548,2024-08,rGpGAiSWosEjDS2BS2Kg9w,2024-08,1,8.020526,10.757308,0.834309,0.599776,0.823242,0.601562,0.867597,0.572395
f699,bend,gsv,bend:222,kjNgQrRlUM8VkFMli6aIPQ,0.62793,0.583984,9.624548,2024-08,KSr24P7Fcu0dkTaG-fFEaA,2024-08,1,14.875161,19.985853,0.920429,0.555065,0.916992,0.554688,0.671388,0.339033
f700,bend,gsv,bend:53,8VPbrd8XBzDOIVoo5Xwz8g,0.957031,0.552734,15.550012,2024-09,NwaUfilw7TpSs-EVLJqDAQ,2024-09,1,13.27485,27.653299,0.114936,0.561579,0.120117,0.568359,0.875112,1.412607
f701,bend,gsv,bend:49,8H6LgNn56hay95HiBYrhHw,0.838867,0.539062,21.080243,2024-09,J2XIxD8XLBX1ZLlB7yNZGw,2024-09,1,17.987188,10.402492,0.76858,0.545695,0.746094,0.552734,0.814892,3.39312
f702,bend,gsv,bend:49,8H6LgNn56hay95HiBYrhHw,0.838867,0.539062,21.080243,2024-09,xvMvGJDCIRQ3hHShiA7sUw,2024-10,0,13.319108,18.207818,0.698378,0.56137,0.729492,0.554688,0.943035,3.221736
f703,bend,gsv,bend:291,yPUv9rk8acshJKXa9_jMag,0.160156,0.570312,11.578326,2024-08,ckzc02oDHwz4gi9WCXa6tw,2024-08,1,10.366735,9.726686,0.308329,0.578213,0.332031,0.583984,0.797593,1.661298
f704,bend,gsv,bend:164,VIMFndX_oqm7vJJD8gDyEA,0.651367,0.710938,3.331592,2024-09,xfJ4H_vZWiKxR8XBZEZaew,2024-08,0,14.069729,10.75655,0.160201,0.55815,0.160156,0.552734,0.869259,1.476068
f705,bend,gsv,bend:164,VIMFndX_oqm7vJJD8gDyEA,0.651367,0.710938,3.331592,2024-09,ng0ZqemHEK0dGt0RR9Tp7w,2024-08,0,12.794548,10.583595,0.315277,0.563804,0.31543,0.552734,0.648771,2.75273
f706,bend,gsv,bend:264,ukV9s59lkyu-xEjUdK7CmQ,0.862305,0.693359,3.740257,2015-11,9cPpcTN13Vyo2YloEAlkYQ,2019-07,0,15.200868,14.708964,0.918094,0.553916,0.932617,0.554688,0.595956,1.393287
f707,bend,gsv,bend:264,ukV9s59lkyu-xEjUdK7CmQ,0.862305,0.693359,3.740257,2015-11,RVX4e4wKWwMoVW-qxUf8Og,2015-11,1,13.14613,10.270166,0.972021,0.562119,0.964844,0.568359,0.597469,1.355776
f708,bend,gsv,bend:163,TzKDX5ADk6lqRtZ-F8r6XQ,0.238281,0.554688,14.984169,2024-08,DBynPHS1f9Y4ptnMAPN5xw,2024-09,0,15.815672,28.715869,0.873169,0.551883,0.878906,0.552734,0.811824,0.622252
f709,bend,gsv,bend:163,TzKDX5ADk6lqRtZ-F8r6XQ,0.238281,0.554688,14.984169,2024-08,nXeA8_X0PisY5t0fLSkvBw,2024-10,0,11.694103,7.968396,0.64641,0.569657,0.635742,0.568359,0.808004,0.823962
f710,bend,gsv,bend:170,VMjtxZNqxl9E6oUXnsdI8Q,0.40918,0.539062,21.080243,2024-09,9GBdIKPjM1Llww3bwMMvxA,2024-09,1,17.723047,30.049001,0.937877,0.546366,0.964844,0.539062,0.980234,4.687346
f711,bend,gsv,bend:170,VMjtxZNqxl9E6oUXnsdI8Q,0.40918,0.539062,21.080243,2024-09,bAv08rohWEuogPvRHkBd5A,2024-09,1,7.858591,13.421661,0.651861,0.601705,0.682617,0.662109,0.893253,3.408545
f712,bend,gsv,bend:234,oKUCusv3jdVCLmevp-P3zw,0.550781,0.568359,11.919991,2024-10,6zbI3P_qAyDADfW6bo7OPA,2024-08,0,11.287465,18.669039,0.857643,0.572089,0.862305,0.568359,0.922436,0.721861
f713,bend,gsv,bend:234,oKUCusv3jdVCLmevp-P3zw,0.550781,0.568359,11.919991,2024-10,I7mD4sUE-SJAxgXUweP96g,2024-10,1,16.480429,28.208443,0.930303,0.549817,0.933594,0.570312,0.824666,4.908179
f714,bend,gsv,bend:212,hKMeDFlSe7fPsZpi4kS-aA,0.268555,0.632812,5.865506,2024-09,Yv_2GEglFC7Xt48uQFAaYw,2024-09,1,8.249423,10.220299,0.840381,0.59718,0.832031,0.601562,0.861712,0.568177
f715,bend,gsv,bend:212,hKMeDFlSe7fPsZpi4kS-aA,0.268555,0.632812,5.865506,2024-09,Hx7Z3tZzeCArQdVnJ2Udtg,2024-09,1,9.924997,10.555246,0.303758,0.581547,0.299805,0.570312,0.947818,1.67367
f716,sao_paulo,gsv,sao_paulo:161,S4WdqpLlooYt4ODkL03k5g,0.31543,0.726562,3.014123,2021-03,cZGkv7sEjahQFPJ0eYmhkw,2024-07,0,8.44514,5.782134,0.599978,0.595064,0.612305,0.585938,0.75081,1.173774
f717,sao_paulo,gsv,sao_paulo:161,S4WdqpLlooYt4ODkL03k5g,0.31543,0.726562,3.014123,2021-03,dst1hlNRAmCl8TbVWJtasw,2024-01,0,8.256966,9.998746,0.08374,0.597098,0.089844,0.599609,0.89301,0.38312
f718,sao_paulo,gsv,sao_paulo:68,74L65cpBc6Sv_D15h1n4Rw,0.097656,0.554688,14.984169,2024-07,DwXMiu__zCT-U44MoveOrQ,2024-07,1,10.765548,15.626675,0.401264,0.575431,0.402344,0.570312,0.914389,0.816297
f719,sao_paulo,gsv,sao_paulo:68,74L65cpBc6Sv_D15h1n4Rw,0.097656,0.554688,14.984169,2024-07,AZ4CEY7tm1Gw8hBEmm7zkQ,2024-01,0,11.454958,25.829374,0.886031,0.571043,0.87793,0.615234,0.874424,4.611898
f720,sao_paulo,gsv,sao_paulo:242,xyyjv_yjywf2p-XYB-9qDg,0.268555,0.585938,9.395193,2025-06,gE3LDFxRChHpcykYfl7W3Q,2022-03,0,13.364641,19.41934,0.795882,0.561153,0.84668,0.554688,0.578239,4.779892
f721,sao_paulo,gsv,sao_paulo:242,xyyjv_yjywf2p-XYB-9qDg,0.268555,0.585938,9.395193,2025-06,Ub3DNoUTQwhzc_4etUMl-A,2023-03,0,13.081765,15.261245,0.716271,0.562444,0.738281,0.570312,0.633841,2.270605
f722,sao_paulo,gsv,sao_paulo:30,31AcIQn0F7vJCIRP7U4gyA,0.832031,0.630859,5.964017,2025-01,7RDcP1K1GQiT1pbnjihCQQ,2025-01,1,9.017092,10.304255,0.59751,0.589358,0.605469,0.585938,0.613749,0.595676
f723,sao_paulo,gsv,sao_paulo:184,dZ3b0KCyXPcdVPHv5lCR2Q,0.707031,0.615234,6.865408,2025-01,t6SnIbW1417eS02CrtYsUg,2025-01,1,10.95312,10.457258,0.897105,0.574192,0.886719,0.583984,0.914735,1.487139
f724,sao_paulo,gsv,sao_paulo:184,dZ3b0KCyXPcdVPHv5lCR2Q,0.707031,0.615234,6.865408,2025-01,LMMvwK9gmhOulmJYiBs4Rw,2025-01,1,14.030116,10.508255,0.577414,0.558326,0.573242,0.568359,0.778788,2.137176
f725,sao_paulo,gsv,sao_paulo:231,thO-ovLo5h3IcEIBiZSBmA,0.066406,0.554688,14.984169,2024-04,Bl12Btwt4PglLIdgEPUGNg,2024-07,0,9.302807,21.495328,0.657311,0.586744,0.652344,0.599609,0.843506,1.296237
f726,sao_paulo,gsv,sao_paulo:231,thO-ovLo5h3IcEIBiZSBmA,0.066406,0.554688,14.984169,2024-04,bSYP-nn0TBuqkco9ZSdHNg,2024-04,1,6.941169,10.093746,0.157177,0.614082,0.151367,0.617188,0.790076,0.320479
f727,sao_paulo,gsv,sao_paulo:142,MO1IiuyyjHfY4uBuEsgoeg,0.941406,0.570312,11.578326,2024-07,xY0PZRGFSU-rdepDoaLBgg,2024-07,1,4.482905,10.765704,0.742435,0.66729,0.816406,0.632812,0.784687,2.736542
f728,sao_paulo,gsv,sao_paulo:142,MO1IiuyyjHfY4uBuEsgoeg,0.941406,0.570312,11.578326,2024-07,WrBfV1yPjvjjvJV_nWxSng,2023-01,0,4.893491,9.344747,0.905083,0.655439,0.863281,0.617188,0.954675,2.381101
f729,sao_paulo,gsv,sao_paulo:195,ieZ8VA3zKLMrd7to7HHB5A,0.457031,0.539062,21.080243,2025-01,x98jNCWwCxeyb6fqrlIpgg,2025-01,1,8.377865,13.927359,0.694815,0.595787,0.713867,0.615234,0.879284,1.763556
f730,sao_paulo,gsv,sao_paulo:195,ieZ8VA3zKLMrd7to7HHB5A,0.457031,0.539062,21.080243,2025-01,PGDuZYUB-Wk-U5kh8H_YyQ,2025-01,1,11.384838,21.55051,0.221885,0.571476,0.199219,0.585938,0.846411,2.473797
f731,sao_paulo,gsv,sao_paulo:40,3lHC4L5HK6yvXRZfPYnUqg,0.886719,0.570312,11.578326,2025-01,jVJs4wzjNBjafwor8iN2PA,2025-01,1,7.796787,10.674624,0.709033,0.602457,0.761719,0.601562,0.69437,2.582366
f732,sao_paulo,gsv,sao_paulo:236,xfnPV8p9liS6w_thn5Juqw,0.433594,0.554688,14.984169,2022-03,bR4t0NJRFKwpXRZnsLgTww,2022-03,1,6.745175,9.879439,0.373964,0.617109,0.355469,0.632812,0.938601,1.143489
f733,sao_paulo,gsv,sao_paulo:236,xfnPV8p9liS6w_thn5Juqw,0.433594,0.554688,14.984169,2022-03,uXKdJyBsMj4X1pXENrdXUA,2024-01,0,4.836934,19.36928,0.244042,0.656997,0.222656,0.617188,0.566388,2.051911
f734,sao_paulo,gsv,sao_paulo:59,5IK4jyU16o627F2yDHu6Gw,0.588867,0.537109,22.200666,2026-01,HnWGICcE0m7fsllKAE2qDg,2026-01,1,14.46826,10.2904,0.649685,0.55659,0.675781,0.570312,0.839605,3.585513
f735,sao_paulo,gsv,sao_paulo:59,5IK4jyU16o627F2yDHu6Gw,0.588867,0.537109,22.200666,2026-01,YY4BWpoV1I7sxKbzcNViOw,2026-01,1,11.777772,20.916445,0.77863,0.569148,0.839844,0.583984,0.888967,4.604935
f736,sao_paulo,gsv,sao_paulo:47,4RXNxzYjFwN0EBvKh8aHSQ,0.769531,0.585938,9.395193,2024-11,slryKTIRRoTXBdZtnfQ4pA,2024-01,0,13.461921,21.35817,0.097957,0.56072,0.088867,0.554688,0.672834,1.722691
f737,sao_paulo,gsv,sao_paulo:47,4RXNxzYjFwN0EBvKh8aHSQ,0.769531,0.585938,9.395193,2024-11,noeJ0LsRUtIHPkBxw2twaA,2024-01,0,7.819856,10.703002,0.262482,0.602171,0.238281,0.617188,0.949406,1.543487
f738,sao_paulo,gsv,sao_paulo:46,4RXNxzYjFwN0EBvKh8aHSQ,0.910156,0.552734,15.550012,2024-11,wbu0PvmkKXcJXaEXJHJYjA,2025-10,0,12.635295,17.932063,0.205738,0.564596,0.207031,0.570312,0.801173,1.061852
f739,sao_paulo,gsv,sao_paulo:46,4RXNxzYjFwN0EBvKh8aHSQ,0.910156,0.552734,15.550012,2024-11,noeJ0LsRUtIHPkBxw2twaA,2024-01,0,4.995497,10.703002,0.647416,0.652735,0.65918,0.632812,0.907448,0.956879
f740,sao_paulo,gsv,sao_paulo:234,uVUc_s2SzXj8SYWwiFlbzA,0.268555,0.617188,6.740247,2025-10,G9HOFIZ8RxAPMstn8NaOOg,2025-10,1,12.81386,10.165447,0.413243,0.563715,0.424805,0.552734,0.857014,2.920327
f741,sao_paulo,gsv,sao_paulo:159,S4WdqpLlooYt4ODkL03k5g,0.948242,0.585938,9.395193,2021-03,brio4ACNrSooY5JwzyRNzg,2024-07,0,6.875974,5.654439,0.204877,0.615066,0.213867,0.615234,1.000299,0.388206
f742,sao_paulo,gsv,sao_paulo:14,0aJabNkZdyIHXbiruS_yLw,0.09668,0.554688,14.984169,2024-04,r_1rLwSjZyQSVUq_l7qm1w,2023-12,0,14.432251,23.477659,0.391064,0.556732,0.402344,0.554688,0.884269,1.178771
f743,sao_paulo,gsv,sao_paulo:224,p3WPC3r3OZij0pZr8jyR-A,0.956055,0.552734,15.550012,2024-07,TE2Gq7Li0My5ZYJhND__ow,2024-07,1,11.00201,25.295685,0.601864,0.573868,0.582031,0.583984,0.841704,1.881388
f744,sao_paulo,gsv,sao_paulo:224,p3WPC3r3OZij0pZr8jyR-A,0.956055,0.552734,15.550012,2024-07,gGVM6diE2R-koIZY4zp3Mg,2022-08,0,14.3047,28.139287,0.796709,0.557231,0.800781,0.568359,0.788125,2.408006
f745,sao_paulo,gsv,sao_paulo:237,xfnPV8p9liS6w_thn5Juqw,0.855469,0.599609,8.035517,2022-03,DkHE0iXxeeaRvB6uJFoffA,2022-03,1,12.843021,16.145845,0.581997,0.563581,0.589844,0.568359,0.880355,1.10634
f746,sao_paulo,gsv,sao_paulo:237,xfnPV8p9liS6w_thn5Juqw,0.855469,0.599609,8.035517,2022-03,Xy6Z0b15z-nxB1MPkHLIZw,2022-08,0,12.017458,20.051482,0.57499,0.567821,0.574219,0.568359,0.86981,0.113469
f747,sao_paulo,gsv,sao_paulo:39,3lHC4L5HK6yvXRZfPYnUqg,0.588867,0.568359,11.919991,2025-01,f5oFFVXRtsKlBXIyIIO0WA,2025-01,1,17.058784,25.863733,0.940301,0.548145,0.925781,0.552734,0.635884,2.116984
f748,sao_paulo,gsv,sao_paulo:39,3lHC4L5HK6yvXRZfPYnUqg,0.588867,0.568359,11.919991,2025-01,mioelDrc0whG281IRkcpWA,2025-01,1,12.989883,15.169671,0.985798,0.562882,0.972656,0.568359,0.924211,1.482946
f749,sao_paulo,gsv,sao_paulo:74,7um0A6G_bSJ3Hn6nRbixvA,0.347656,0.552734,15.550012,2024-11,7UEvbTBpSpLGLo8PowMm-Q,2024-11,1,17.500842,21.184765,0.129279,0.546942,0.120117,0.539062,0.593796,3.744439
f750,sao_paulo,gsv,sao_paulo:152,OwHITjkTQwapTUEqLaf_HA,0.074219,0.568359,11.919991,2024-02,B8SEV2jD9wzKDQ2ca2OwgA,2024-07,0,8.463537,11.980082,0.650551,0.594873,0.707031,0.601562,0.901208,2.941564
f751,sao_paulo,gsv,sao_paulo:192,fto2w3ZBO7XYUyIPzctfxw,0.62793,0.554688,14.984169,2025-01,zf5pikSq4-dmfwKjhSpvQQ,2026-01,0,8.94838,23.739738,0.903005,0.590006,0.901367,0.585938,0.900538,0.456372
f752,sao_paulo,gsv,sao_paulo:127,LUW-LxIfrK_j7kCq16WoyQ,0.81543,0.599609,8.035517,2025-05,DSJm_a1TdOkaMapMknGMGw,2025-05,1,10.950682,11.233469,0.619612,0.574204,0.621094,0.568359,0.83544,0.975431
f753,sao_paulo,gsv,sao_paulo:127,LUW-LxIfrK_j7kCq16WoyQ,0.81543,0.599609,8.035517,2025-05,iq2Nt3RpowcjV414MTB8iA,2024-02,0,11.95886,19.66781,0.080431,0.568146,0.082031,0.568359,0.939206,0.126018
f754,sao_paulo,gsv,sao_paulo:78,9e52qBoSx6RlPRP2VHBTqA,0.448242,0.552734,15.550012,2025-12,8pOE0VUhdJ_AvK4hK9YP3A,2025-10,0,12.718541,27.533816,0.775794,0.564188,0.799805,0.583984,0.747184,3.5144
f755,sao_paulo,gsv,sao_paulo:78,9e52qBoSx6RlPRP2VHBTqA,0.448242,0.552734,15.550012,2025-12,NOxpG7VisN5j9r5CxWvEsA,2025-12,1,17.396036,30.614515,0.024207,0.547228,0.011719,0.552734,0.582657,2.251137
f756,sao_paulo,gsv,sao_paulo:187,el13lYhzqKSZJwWb5w5vUg,0.635742,0.617188,6.740247,2024-02,I_b_P6aFZA2rAPQDGF5c8A,2024-02,1,7.503062,10.132103,0.882986,0.606183,0.893555,0.599609,0.819698,0.741295
f757,sao_paulo,gsv,sao_paulo:227,pEfwvmb_FBOmLOnckeIGFA,0.666992,0.568359,11.919991,2025-10,degX_HkgR8RwIG49yraXAg,2024-01,0,7.818829,18.826164,0.876529,0.602182,0.878906,0.615234,0.865517,0.960008
f758,sao_paulo,gsv,sao_paulo:91,Cuj3qJDAZnTKnMhQLXy1ig,0.894531,0.662109,4.656027,2024-04,I0_PMfzXaWx-frKfaTbvRQ,2024-04,1,13.819034,10.199763,0.954713,0.559192,0.957031,0.552734,0.64552,1.742746
f759,sao_paulo,gsv,sao_paulo:177,Zx5RLbncodJhmxWdJwAaEA,0.222656,0.552734,15.550012,2024-07,Hro7cvfsCYzHiRliil6Sww,2024-12,0,9.102278,18.928316,0.533195,0.588565,0.526367,0.583984,0.919335,0.658823
f760,sao_paulo,gsv,sao_paulo:67,74L65cpBc6Sv_D15h1n4Rw,0.948242,0.554688,14.984169,2024-07,92YGjlz-c5CPYTOrLl46RA,2024-07,1,10.496394,24.638995,0.577649,0.57729,0.573242,0.583984,0.788861,0.915258
f761,sao_paulo,gsv,sao_paulo:214,nBEV4rFOanW4bZa31JM0Sw,0.081055,0.570312,11.578326,2024-07,1KSwfCTZisek2Nm74Yto_A,2024-08,0,13.629131,7.363013,0.931945,0.559998,0.94043,0.554688,0.824771,1.55354
f762,sao_paulo,gsv,sao_paulo:214,nBEV4rFOanW4bZa31JM0Sw,0.081055,0.570312,11.578326,2024-07,LU9UDbBeXiY7vbhnd3H4ZQ,2024-07,1,13.045645,22.359149,0.428171,0.562619,0.401367,0.554688,0.84828,3.047608
f763,sao_paulo,gsv,sao_paulo:188,el13lYhzqKSZJwWb5w5vUg,0.371094,0.601562,7.870312,2024-02,I_b_P6aFZA2rAPQDGF5c8A,2024-02,1,7.539963,10.132103,0.138586,0.605699,0.136719,0.617188,0.878488,0.804016
f764,sao_paulo,gsv,sao_paulo:185,dZHjPLWAOhyUatavJJEPzA,0.972656,0.539062,21.080243,2024-01,BXEosVnK9p3WUaqeLD4aAg,2024-01,1,7.733779,20.857988,0.632242,0.603233,0.62793,0.615234,0.958813,0.890558
f765,sao_paulo,gsv,sao_paulo:185,dZHjPLWAOhyUatavJJEPzA,0.972656,0.539062,21.080243,2024-01,u88WesFZga25Xf1jcByDwQ,2024-01,1,11.078392,10.410561,0.927537,0.573376,0.932617,0.568359,0.950842,0.918048
f766,sao_paulo,gsv,sao_paulo:24,2vVoZEbjn1wxGCCvCmgeUQ,0.605469,0.601562,7.870312,2024-04,KxgTT9ud_QfGm0_VpPyhQA,2023-01,0,17.200829,16.242121,0.562753,0.547751,0.558594,0.539062,0.903806,3.910287
f767,sao_paulo,gsv,sao_paulo:24,2vVoZEbjn1wxGCCvCmgeUQ,0.605469,0.601562,7.870312,2024-04,kOCYAnJL9EJMnEKXJzkMbw,2024-04,1,3.472219,9.555336,0.807091,0.70457,0.800781,0.710938,0.733823,0.195107
f768,sao_paulo,gsv,sao_paulo:50,4RXNxzYjFwN0EBvKh8aHSQ,0.963867,0.539062,21.080243,2024-11,CwY08KPzyY0mOej6aBtpCw,2025-10,0,11.146672,28.222909,0.131841,0.572943,0.09668,0.568359,0.701857,2.656036
f769,sao_paulo,gsv,sao_paulo:147,OwHITjkTQwapTUEqLaf_HA,0.307617,0.601562,7.870312,2024-02,BUsQyLcrITdULLMh6Xmf_w,2024-02,1,10.761472,10.618081,0.121725,0.57546,0.121094,0.568359,0.737914,1.15965
f770,sao_paulo,gsv,sao_paulo:147,OwHITjkTQwapTUEqLaf_HA,0.307617,0.601562,7.870312,2024-02,B8SEV2jD9wzKDQ2ca2OwgA,2024-07,0,8.157007,11.980082,0.34609,0.598222,0.347656,0.599609,0.878597,0.145094
f771,sao_paulo,gsv,sao_paulo:45,4RXNxzYjFwN0EBvKh8aHSQ,0.636719,0.630859,5.964017,2024-11,qTkUJE0AzHjvlRVO4WerAQ,2024-11,1,7.806786,10.272312,0.902789,0.602318,0.894531,0.601562,0.95155,0.411411
f772,sao_paulo,gsv,sao_paulo:45,4RXNxzYjFwN0EBvKh8aHSQ,0.636719,0.630859,5.964017,2024-11,xJ4etb5zLaxNpdtEb1ACMw,2024-11,1,17.102114,20.405699,0.954635,0.548018,0.957031,0.539062,0.733477,3.985788
f773,sao_paulo,gsv,sao_paulo:182,bNHPwV-rN_X3TENKUQgmNg,0.143555,0.568359,11.919991,2024-11,FWa5y66HtQDYE5cpaQf-dw,2025-01,0,12.774268,20.228069,0.715607,0.563913,0.707031,0.570312,0.950096,1.363725
f774,sao_paulo,gsv,sao_paulo:182,bNHPwV-rN_X3TENKUQgmNg,0.143555,0.568359,11.919991,2024-11,jilRkCl-aGQT79HzRf78CA,2025-01,0,14.637369,25.890197,0.838304,0.555954,0.832031,0.554688,0.850308,0.678499
f775,sao_paulo,gsv,sao_paulo:180,_zoPpzbkTA4aS166T26J_Q,0.62793,0.554688,14.984169,2025-01,JhyQlyVrpa7nSdedL1bscQ,2025-01,1,12.855304,12.81129,0.390895,0.563522,0.40918,0.554688,0.618197,2.659317
f776,sao_paulo,gsv,sao_paulo:207,lcrZHovEffd0lTN2XIsnZA,0.573242,0.570312,11.578326,2025-01,TrZwBw1tmZjrXR1Qznj8qQ,2024-07,0,15.413411,9.182952,0.463086,0.553193,0.463867,0.554688,0.724826,0.435741
f777,sao_paulo,gsv,sao_paulo:183,dZ3b0KCyXPcdVPHv5lCR2Q,0.581055,0.554688,14.984169,2025-01,t6SnIbW1417eS02CrtYsUg,2025-01,1,7.888992,10.457258,0.698766,0.601343,0.706055,0.615234,0.90165,1.077222
f778,sao_paulo,gsv,sao_paulo:183,dZ3b0KCyXPcdVPHv5lCR2Q,0.581055,0.554688,14.984169,2025-01,lEjau5ah0gBfpYptMzzK9w,2024-01,0,8.159464,14.70268,0.154618,0.598199,0.143555,0.570312,0.816817,3.486034
f779,sao_paulo,gsv,sao_paulo:143,MO1IiuyyjHfY4uBuEsgoeg,0.722656,0.646484,5.245206,2024-07,xY0PZRGFSU-rdepDoaLBgg,2024-07,1,12.882477,10.765704,0.560983,0.563382,0.573242,0.568359,0.569961,1.356678
f780,sao_paulo,gsv,sao_paulo:143,MO1IiuyyjHfY4uBuEsgoeg,0.722656,0.646484,5.245206,2024-07,WrBfV1yPjvjjvJV_nWxSng,2023-01,0,7.616921,9.344747,0.289957,0.604697,0.300781,0.601562,0.919734,0.583918
f781,sao_paulo,gsv,sao_paulo:194,iXAvtzzMg2Vh5aZPuGIk_Q,0.87793,0.632812,5.865506,2021-03,9J9OUri_J4ZwKqy7IR0woA,2021-03,1,14.833746,10.132156,0.949316,0.555231,0.949219,0.554688,0.898771,0.150715
f782,sao_paulo,gsv,sao_paulo:194,iXAvtzzMg2Vh5aZPuGIk_Q,0.87793,0.632812,5.865506,2021-03,brCAR9qYL3_oSdgqwtKqVQ,2024-02,0,8.260614,14.016495,0.197033,0.597063,0.198242,0.599609,0.748677,0.233412
f783,sao_paulo,gsv,sao_paulo:233,uVUc_s2SzXj8SYWwiFlbzA,0.574219,0.568359,11.919991,2025-10,zvYAbckfyS_Ilqtp2de1Kw,2025-10,1,4.85531,10.987436,0.733492,0.656492,0.768555,0.632812,0.702231,1.548072
f784,sao_paulo,gsv,sao_paulo:226,pEfwvmb_FBOmLOnckeIGFA,0.291992,0.554688,14.984169,2025-10,jfyGSPepsfkBb0HvhTvaAw,2025-10,1,15.779261,10.159803,0.184742,0.551977,0.160156,0.568359,0.805639,4.402445
f785,sao_paulo,gsv,sao_paulo:131,M5mjc-BAtPFJppa9npq4xA,0.261719,0.599609,8.035517,2023-03,T1qsCBytDTV-ui1GAJs-1g,2024-02,0,8.300201,15.811465,0.634627,0.596633,0.643555,0.599609,0.760696,0.528755
f786,sao_paulo,gsv,sao_paulo:131,M5mjc-BAtPFJppa9npq4xA,0.261719,0.599609,8.035517,2023-03,s1IVPujr5ZPh1L3_8V7MhQ,2024-02,0,17.047938,25.079441,0.56107,0.548176,0.582031,0.554688,0.793878,2.946341
f787,sao_paulo,gsv,sao_paulo:20,2L64Zqq-r58lo_7JVUoJSA,0.136719,0.601562,7.870312,2024-07,fQWazLXnt6N2X8f0Rh6YVg,2024-07,1,16.674552,10.409379,0.057775,0.549236,0.057617,0.554688,0.779329,1.690637
f788,sao_paulo,gsv,sao_paulo:20,2L64Zqq-r58lo_7JVUoJSA,0.136719,0.601562,7.870312,2024-07,Z84DGtUhe80sZNDt-KMAXg,2024-07,1,7.719214,10.116092,0.360983,0.603414,0.363281,0.601562,0.885899,0.188388
f789,sao_paulo,gsv,sao_paulo:79,9e52qBoSx6RlPRP2VHBTqA,0.69043,0.570312,11.578326,2025-12,1L0mG7xnSIjNKdwY7sx1_Q,2025-12,1,12.18981,9.77522,0.827297,0.566892,0.824219,0.570312,0.869564,0.65315
f790,sao_paulo,gsv,sao_paulo:79,9e52qBoSx6RlPRP2VHBTqA,0.69043,0.570312,11.578326,2025-12,JtalWtsvp9Hf6caJwP8dEQ,2025-01,0,14.642241,26.180385,0.958962,0.555939,0.963867,0.554688,0.600277,0.570475
f791,sao_paulo,gsv,sao_paulo:70,7UTz_5Xfnx4Hz_0gfN2WZA,0.635742,0.585938,9.395193,2015-10,Oti2Clkatx-Mdc6IAQv-Nw,2025-01,0,9.697417,8.11594,0.869747,0.583383,0.862305,0.570312,0.967334,1.945233
f792,sao_paulo,gsv,sao_paulo:70,7UTz_5Xfnx4Hz_0gfN2WZA,0.635742,0.585938,9.395193,2015-10,lVKrpZ7LsDgk4DajLJuGdw,2024-07,0,13.133449,19.352568,0.166233,0.562213,0.175781,0.583984,0.862384,3.572631
f793,sao_paulo,gsv,sao_paulo:222,oV7Q7EUJPH-5ZMAT16aI7A,0.542969,0.537109,22.200666,2024-04,60caEKaQP8aab1B88eUVZQ,2024-04,1,12.118146,10.760964,0.5788,0.567271,0.581055,0.570312,0.750108,0.565859
f794,sao_paulo,gsv,sao_paulo:222,oV7Q7EUJPH-5ZMAT16aI7A,0.542969,0.537109,22.200666,2024-04,rLXGEUPjy0tCCxvxn578ew,2025-05,0,13.531227,34.385648,0.698028,0.560421,0.699219,0.552734,0.817535,2.020215
f795,sao_paulo,gsv,sao_paulo:124,KD-uKFrh3oLPfzbwOStEWA,0.151367,0.599609,8.035517,2025-01,0BigoCtdZCLlDIvl_jb64g,2025-01,1,9.010867,15.715953,0.600326,0.589419,0.597656,0.599609,0.73883,0.985487
f796,sao_paulo,gsv,sao_paulo:124,KD-uKFrh3oLPfzbwOStEWA,0.151367,0.599609,8.035517,2025-01,AQqpeqxCgCeNZxeUXf31Pw,2025-01,1,12.792553,10.072428,0.821233,0.563826,0.823242,0.554688,0.890567,2.198844
f797,sao_paulo,gsv,sao_paulo:175,XnnGXt94GGVxBt_3oSk2Uw,0.027344,0.537109,22.200666,2025-01,RCyV5BQQ2EeA-JCQRu6_rw,2025-01,1,12.291043,10.184221,0.050166,0.566356,0.050781,0.554688,0.937666,2.693617
f798,sao_paulo,gsv,sao_paulo:176,Zx5RLbncodJhmxWdJwAaEA,0.917969,0.585938,9.395193,2024-07,cz_dQXDRP3Lk0azcmK8LdA,2024-07,1,3.316498,10.471168,0.721143,0.711644,0.854492,0.648438,0.730207,3.841462
f799,sao_paulo,gsv,sao_paulo:176,Zx5RLbncodJhmxWdJwAaEA,0.917969,0.585938,9.395193,2024-07,3KiHCOTBaQhQp_duXD8WtA,2024-07,1,15.843748,25.200592,0.583845,0.551774,0.588867,0.568359,0.760932,3.947648
f800,sao_paulo,gsv,sao_paulo:247,zo9eQGzGOdA57uZQE89rOA,0.269531,0.615234,6.865408,2025-01,ivGA14mj-0Sz0QobSNV33A,2025-01,1,12.030503,16.80862,0.332313,0.567752,0.332031,0.568359,0.895575,0.112263
f801,sao_paulo,gsv,sao_paulo:247,zo9eQGzGOdA57uZQE89rOA,0.269531,0.615234,6.865408,2025-01,wBjsYuvWj5WPsLHxiDvPMA,2025-01,1,12.202643,10.812553,0.086724,0.566824,0.081055,0.570312,0.837551,0.754098
f802,sao_paulo,gsv,sao_paulo:56,52VthEdI90oCcFRLa9Wy5g,0.019531,0.539062,21.080243,2023-03,07lFhCCeg1sNVgRu4l__xA,2023-03,1,11.083156,10.208904,0.048584,0.573346,0.06543,0.599609,0.859061,3.207052
f803,sao_paulo,gsv,sao_paulo:248,zo9eQGzGOdA57uZQE89rOA,0.128906,0.552734,15.550012,2025-01,se6lEN0h6_OnUx7oYf0hBw,2025-01,1,17.971118,12.207695,0.070873,0.545735,0.049805,0.537109,0.700086,4.987237
f804,sao_paulo,gsv,sao_paulo:38,3lHC4L5HK6yvXRZfPYnUqg,0.963867,0.552734,15.550012,2025-01,loOD_TLiUjZwD8mnnjbLJw,2025-01,1,7.385337,21.749009,0.55985,0.607748,0.605469,0.617188,0.891517,2.116182
f805,sao_paulo,gsv,sao_paulo:238,xfnPV8p9liS6w_thn5Juqw,0.56543,0.554688,14.984169,2022-03,bR4t0NJRFKwpXRZnsLgTww,2022-03,1,7.57338,9.879439,0.69241,0.605265,0.730469,0.617188,0.920152,1.897177
f806,sao_paulo,gsv,sao_paulo:238,xfnPV8p9liS6w_thn5Juqw,0.56543,0.554688,14.984169,2022-03,uXKdJyBsMj4X1pXENrdXUA,2024-01,0,12.605947,19.36928,0.042908,0.564744,0.073242,0.552734,0.982271,3.970659
