filename,city,label_id,pano_id,pano_in_train,nearest_train_m,missing-tactile-warning,narrow,not-enough-landing-space,not-level-with-street,parallel-lines,points-into-traffic,pooled-water,steep,surface-problem,tactile-warning,prob:missing-tactile-warning,prob:narrow,prob:not-enough-landing-space,prob:not-level-with-street,prob:parallel-lines,prob:points-into-traffic,prob:pooled-water,prob:steep,prob:surface-problem,prob:tactile-warning
gsv-pittsburgh-9291-CurbRamp.png,pittsburgh-pa,9291,P8PA9bXlPnei1v7MNChLGQ,True,12.400605,1,0,0,0,0,1,0,0,0,0,0.998695,1e-06,0.000203,1e-06,0.0,0.0,4e-06,0.0,2.3e-05,0.0
gsv-pittsburgh-10833-CurbRamp.png,pittsburgh-pa,10833,fHEg62KQBAHbpNK1uEIsNg,False,75.983737,1,0,0,0,0,1,0,0,0,0,0.999505,1e-06,3.9e-05,0.0,0.0,0.0,1e-06,0.0,3e-06,0.0
gsv-pittsburgh-15469-CurbRamp.png,pittsburgh-pa,15469,PMdtMPANZH9M4nbLWIfIkA,True,2.538429,0,0,0,0,0,0,0,0,0,0,1e-06,2e-06,0.0,4e-06,0.0,2e-06,2e-06,0.0,1e-06,2.2e-05
gsv-pittsburgh-14532-CurbRamp.png,pittsburgh-pa,14532,zb8poYJHvbJZ3cz8-AHcOg,True,14.146907,1,0,0,1,0,0,0,0,1,0,0.999058,0.0,2e-06,0.001534,0.0,4e-06,1e-06,0.0,0.001077,0.0
gsv-pittsburgh-11619-CurbRamp.png,pittsburgh-pa,11619,Kt9_aJYTCtMPO--E-UwpHQ,False,13.785288,0,0,1,0,0,0,0,0,0,0,0.0,2.6e-05,0.000157,0.0,0.0,7e-06,0.0,0.0,0.0,8e-06
gsv-pittsburgh-6684-CurbRamp.png,pittsburgh-pa,6684,jIxBX30SWOeWh2vSzY2Qaw,False,81.47452,1,0,1,0,0,0,0,0,1,0,0.999288,0.000509,0.000224,0.037301,0.0,0.010429,0.001244,3.3e-05,0.999999,7e-06
gsv-pittsburgh-4076-CurbRamp.png,pittsburgh-pa,4076,EHrsbFMdudQ9R7C42oGSVA,True,23.595607,1,0,1,0,0,1,0,0,0,0,0.999999,1e-06,0.0,7e-06,0.0,0.056116,0.0,0.0,0.0,0.0
gsv-pittsburgh-6073-CurbRamp.png,pittsburgh-pa,6073,W8PsYCxlq4czfZU3DxR_xA,False,2.293536,0,0,0,0,0,1,1,0,0,0,0.0,1e-06,0.0,0.0,0.0,1.9e-05,2e-06,0.0,0.000635,2e-06
gsv-pittsburgh-16216-CurbRamp.png,pittsburgh-pa,16216,4TGGGwjI4WsB4j84W8wv8w,True,5.609263,0,0,0,0,0,0,0,0,0,0,0.0,0.343046,0.001621,3e-06,0.0,0.0,6.9e-05,2e-06,3e-06,1.7e-05
gsv-pittsburgh-11848-CurbRamp.png,pittsburgh-pa,11848,lwaDaoMyPG5WH13VsDyOQQ,False,232.913828,1,0,0,0,0,1,0,0,0,0,1.0,2e-06,0.034743,4.5e-05,0.0,0.994051,3e-06,2.4e-05,3e-06,0.0
gsv-pittsburgh-11614-CurbRamp.png,pittsburgh-pa,11614,N-cim7QB57Qt8Ohb0NnFHQ,False,17.869153,0,1,0,0,0,0,0,0,0,0,1e-06,1e-06,1e-06,3e-06,0.0,0.0,1e-06,0.0,1e-06,5e-06
gsv-pittsburgh-16389-CurbRamp.png,pittsburgh-pa,16389,Xwd7-oKBDCaMWHq0Ate5Iw,True,11.730213,0,0,0,1,0,0,0,0,0,0,2e-06,0.0,1e-06,4.3e-05,0.0,0.0,8e-06,0.0,0.0,9.8e-05
gsv-pittsburgh-12779-CurbRamp.png,pittsburgh-pa,12779,_OdbzsfGYr5OazXXaqNHSA,False,4.005275,1,0,0,1,0,1,0,0,0,0,0.997677,0.0,0.0,1.3e-05,0.0,0.000112,1.3e-05,0.0,0.0,0.0
gsv-pittsburgh-15285-CurbRamp.png,pittsburgh-pa,15285,Io9btWNn_Clbt1Hv76wnMw,True,9.354866,1,0,0,1,0,1,0,0,0,0,0.999999,1e-06,0.447546,1e-06,0.0,3e-05,0.0,0.0,0.000605,0.0
gsv-pittsburgh-11038-CurbRamp.png,pittsburgh-pa,11038,YMnn390W-O64Sg6CoKsMHg,False,340.422181,1,0,0,0,0,0,0,0,0,0,0.999982,0.0,2e-06,4e-06,0.0,1.4e-05,2e-06,0.0,0.0,0.0
gsv-pittsburgh-15444-CurbRamp.png,pittsburgh-pa,15444,NK-JJYgNdkrespLgCee72Q,True,4.979401,0,0,0,0,0,1,0,0,0,0,3e-06,1e-06,1e-06,2.7e-05,0.0,7e-06,3e-06,0.0,0.0,2e-06
gsv-pittsburgh-15082-CurbRamp.png,pittsburgh-pa,15082,nxLdl08ZuNAdps_MFcTDLA,True,0.929739,1,0,0,0,0,0,0,0,1,0,0.999042,1e-06,1e-05,0.0,0.0,0.0,8e-06,0.0,0.000238,0.0
gsv-pittsburgh-9263-CurbRamp.png,pittsburgh-pa,9263,QkxTcm5qgfQjq_4wDhLOvg,False,20.491925,0,0,1,0,0,1,0,0,0,0,0.982195,6e-06,0.0,0.000488,0.0,0.0,7e-06,0.0,0.0,0.0
gsv-pittsburgh-16460-CurbRamp.png,pittsburgh-pa,16460,iexp44g8aogv85pdfacNRA,True,5.488077,0,0,0,0,0,0,0,0,0,0,2e-06,0.0,0.0,3e-06,0.0,2e-06,1e-06,0.0,0.0,4e-06
gsv-pittsburgh-10750-CurbRamp.png,pittsburgh-pa,10750,cSzu9WUKATMqH-fYqjtmNQ,False,43.654777,1,0,0,0,0,0,0,0,0,0,0.999962,0.0,0.0,7.7e-05,0.0,7e-06,0.0,1e-06,0.0,0.0
gsv-pittsburgh-6310-CurbRamp.png,pittsburgh-pa,6310,fj8G20m0kdw2ZALQdxTXTg,False,24.255062,0,1,0,0,0,0,0,0,1,0,0.000453,3e-06,2.8e-05,0.0,0.0,0.0,2e-06,0.0,0.026357,0.0
gsv-pittsburgh-16052-CurbRamp.png,pittsburgh-pa,16052,eWU6mdzK5laglWKij7FJ4w,False,19.584938,1,0,0,0,0,1,0,0,0,0,0.999998,1.7e-05,0.0,3e-06,0.0,0.028573,0.0,0.0,0.0,0.0
gsv-pittsburgh-15501-CurbRamp.png,pittsburgh-pa,15501,lV7akWojzHwu3e0W8HAz_w,False,69.145552,1,0,0,0,0,0,0,0,0,0,1.0,0.000201,4e-06,0.0,0.0,0.000337,0.0,1e-06,5.1e-05,0.0
gsv-pittsburgh-15142-CurbRamp.png,pittsburgh-pa,15142,hLyyRXGBAbPSx2cxFMXX2g,True,8.982078,0,0,0,0,0,1,0,0,0,0,6e-06,0.0,0.0,0.0,0.0,3.7e-05,0.0,0.0,0.0,3e-06
gsv-pittsburgh-1992-CurbRamp.png,pittsburgh-pa,1992,01ljh4K0oXQosM2i_scj4g,False,6.010059,1,0,0,0,0,0,0,0,0,0,0.765638,3e-06,9.5e-05,0.000628,0.0,1e-06,0.0,0.0,1e-06,0.0
gsv-pittsburgh-3691-CurbRamp.png,pittsburgh-pa,3691,URmLCKa_YqvhXaLkDfxXTA,False,44.740431,1,0,0,0,0,0,0,0,0,0,0.999952,0.0,0.0,0.001126,0.0,1.2e-05,4e-06,0.0,1e-06,0.0
gsv-pittsburgh-10961-CurbRamp.png,pittsburgh-pa,10961,ZV4pNFBn4U2amF5yzGPlfA,False,87.87196,0,0,1,0,0,1,0,0,0,0,0.0,8e-06,0.0,4.1e-05,0.0,3e-06,1.9e-05,0.0,0.0,2.6e-05
gsv-pittsburgh-9075-CurbRamp.png,pittsburgh-pa,9075,fHTvpZOS7ZJpp0NTTG2UdQ,False,100.788049,1,0,0,0,0,0,0,0,0,0,0.999996,0.0,2e-06,0.000855,0.0,0.001275,3e-06,0.0,1e-06,0.0
gsv-pittsburgh-10520-CurbRamp.png,pittsburgh-pa,10520,xDkkX1-_jjpaYkkr4pA7vA,True,8.188116,1,0,0,0,0,1,0,0,0,0,0.999892,0.0,5e-06,1.3e-05,0.0,0.132887,0.0,1e-06,0.0,0.0
gsv-pittsburgh-14274-CurbRamp.png,pittsburgh-pa,14274,lk637cR9YnFdyt9bDjrhHA,False,55.062668,0,0,0,0,0,0,0,0,0,0,0.999169,1e-06,0.0,1e-06,0.0,0.0,1e-06,0.0,2e-06,0.0
gsv-pittsburgh-167-CurbRamp.png,pittsburgh-pa,167,oQTso5D_D2w65XSCJIdEDg,True,5.962036,0,1,0,1,0,0,0,0,0,0,0.000334,0.0,6e-06,0.0,0.0,6e-06,1e-06,0.0,1e-06,0.0
gsv-pittsburgh-2404-CurbRamp.png,pittsburgh-pa,2404,zYSc5F1pnB1WS0_BC8nP4Q,False,147.091752,0,0,0,0,0,0,0,0,0,0,0.000159,1.1e-05,0.0,0.0,0.0,1e-06,0.0,0.0,1e-06,0.0
gsv-pittsburgh-8475-CurbRamp.png,pittsburgh-pa,8475,WSJQ4mndJ43K5zkxtfptmQ,False,82.747493,1,1,1,0,0,0,0,0,0,0,0.999995,0.000552,0.988585,0.0,0.0,1e-06,1.2e-05,7e-06,7e-06,0.0
gsv-pittsburgh-13291-CurbRamp.png,pittsburgh-pa,13291,KdfNJkdlFZnkrmJFf8u7jw,False,15.233276,1,0,0,0,0,0,0,0,0,0,0.999961,0.0,0.0,5.6e-05,0.0,1e-06,1e-06,2.5e-05,6e-06,0.0
gsv-pittsburgh-15036-CurbRamp.png,pittsburgh-pa,15036,vA07hp5GQz82iLYysIepJQ,True,7.01182,0,0,0,0,0,0,0,0,0,0,0.017612,1e-06,0.0,0.0,0.0,8e-06,0.0,0.0,0.0,0.0
gsv-pittsburgh-9015-CurbRamp.png,pittsburgh-pa,9015,YPRBkpXX2b30ZJMYijefug,True,12.552068,1,0,0,0,0,1,0,0,0,0,0.982001,0.0,1e-06,4e-06,0.0,0.000102,5.2e-05,0.0,3.9e-05,0.0
gsv-pittsburgh-3363-CurbRamp.png,pittsburgh-pa,3363,WC_sNpTMeShXjX4DsWxE9A,True,12.675303,0,0,0,0,0,1,0,0,0,0,1e-06,1e-06,0.0,3e-06,0.0,0.520708,2e-06,0.0,1e-06,3e-06
gsv-pittsburgh-3370-CurbRamp.png,pittsburgh-pa,3370,cPnhyW_vIRa2JK0JfYIWZQ,False,36.023522,0,0,0,0,0,0,0,0,0,0,1e-06,2e-06,0.0,0.000107,0.0,0.00163,3e-06,0.0,0.0,1.4e-05
gsv-pittsburgh-7093-CurbRamp.png,pittsburgh-pa,7093,UAMBcVGWT32SLivPUlgXAQ,False,70.991798,0,0,0,0,0,0,0,0,0,0,2e-06,1.5e-05,0.0,9e-06,0.0,2.4e-05,1e-06,0.0,0.0,1.2e-05
gsv-pittsburgh-15126-CurbRamp.png,pittsburgh-pa,15126,LwwyT0zHHC_6i8DTbOsf9Q,False,21.946106,1,0,0,0,0,0,0,0,0,0,0.715592,0.0,0.0,0.000379,0.0,0.0,2e-06,0.0,0.00158,1e-06
gsv-pittsburgh-15278-CurbRamp.png,pittsburgh-pa,15278,jJFnRdrdOoKDxDyUrnmODQ,False,42.138309,0,0,0,0,0,0,0,0,0,0,1e-06,1e-06,3e-06,0.0,0.0,0.0,4e-06,1e-06,3e-06,1e-06
gsv-pittsburgh-16378-CurbRamp.png,pittsburgh-pa,16378,3VJW21LZB_5Qwh08vJFvjA,True,9.005658,0,0,0,0,0,0,0,0,0,0,0.0,7e-05,0.0,0.0,0.0,1e-06,1e-06,0.0,0.0,2e-06
gsv-pittsburgh-13273-CurbRamp.png,pittsburgh-pa,13273,w0o84dfoe57kN_PlDiBNTw,True,9.528776,1,0,0,0,0,0,0,0,0,0,1.0,1e-06,0.002886,3e-06,0.0,0.000838,0.0,1e-06,0.0,0.0
gsv-pittsburgh-7972-CurbRamp.png,pittsburgh-pa,7972,Bif6JQhdmG0d870_AAS3iQ,False,138.376885,1,0,0,0,0,0,0,0,0,0,0.999993,4e-06,1e-06,1e-06,0.0,0.0,1e-06,1e-06,0.0,0.0
gsv-pittsburgh-14023-CurbRamp.png,pittsburgh-pa,14023,RsdhaZ1wIAxEhUEKB12Ljg,False,110.24063,1,0,0,0,0,0,0,0,0,0,0.999998,0.0,0.0,0.000262,0.0,0.671417,3e-05,9e-06,1e-06,0.0
gsv-pittsburgh-12019-CurbRamp.png,pittsburgh-pa,12019,SUzSOIAGnjyCowqkpU9amA,False,137.649046,1,0,0,0,0,0,0,1,0,0,0.999996,1e-06,0.001995,0.0,0.0,1e-06,5e-06,1e-06,0.055273,0.0
gsv-pittsburgh-16495-CurbRamp.png,pittsburgh-pa,16495,U0MC2CT1E4Z5TD9xJuNeUA,True,3.800632,1,0,0,0,0,0,0,0,0,0,0.999899,1e-06,0.0,0.000709,0.0,0.0,1e-05,0.0,4e-06,0.0
gsv-pittsburgh-16393-CurbRamp.png,pittsburgh-pa,16393,c7RcXhEjyLmF7bE_qxTEnw,False,283.09992,1,0,0,1,0,0,0,0,0,0,0.000458,0.001607,1e-06,3e-06,0.0,0.0,1.7e-05,1e-06,0.0,0.0
gsv-pittsburgh-8845-CurbRamp.png,pittsburgh-pa,8845,rSKfpxfgTaSGwnP9VzMk1g,False,49.414403,1,1,0,0,0,0,0,0,0,0,0.999988,1e-06,3.6e-05,8.1e-05,0.0,0.000512,1e-06,1e-06,0.0,0.0
gsv-pittsburgh-12646-CurbRamp.png,pittsburgh-pa,12646,s1K1zvP4P_GPgZZc9LGa1A,True,11.137524,0,0,0,0,0,0,0,0,0,0,0.0,0.0,1e-06,0.0,0.0,3e-06,1e-06,0.0,1e-06,4e-06
gsv-pittsburgh-11314-CurbRamp.png,pittsburgh-pa,11314,FOYlU86Rtp3Ea2k8QR1TKA,False,33.403029,1,0,0,0,0,0,0,0,0,0,0.999998,0.003562,1e-06,3e-06,0.0,2.6e-05,3e-06,0.0,0.0,0.0
gsv-pittsburgh-3187-CurbRamp.png,pittsburgh-pa,3187,ZZbse484IYo8jDZdLAUAuw,True,12.904063,0,0,0,0,0,0,0,0,1,0,1e-06,1.8e-05,0.0,6e-06,0.0,1e-06,2.6e-05,1e-06,2e-06,2e-06
gsv-pittsburgh-8529-CurbRamp.png,pittsburgh-pa,8529,NfXMv8h11BQOVzVSojHajg,False,14.290325,1,1,1,0,0,0,0,0,0,0,0.999981,6.2e-05,0.0,1e-06,0.0,0.0,5e-06,0.0,2e-06,0.0
gsv-pittsburgh-9820-CurbRamp.png,pittsburgh-pa,9820,fK3sWis_bMY2BjAUSGWZUQ,False,81.706987,1,1,0,0,0,0,0,0,0,0,0.999998,0.000107,2e-06,4.1e-05,0.0,2e-06,1e-06,0.0,0.008404,0.0
gsv-pittsburgh-13791-CurbRamp.png,pittsburgh-pa,13791,Dsci7OoXjyb8dG3Q7BS4Pg,False,356.696674,1,0,1,0,0,0,0,0,0,0,0.996317,1e-06,8.8e-05,0.0,0.0,0.996084,1e-06,0.0,0.0,0.0
gsv-pittsburgh-11751-CurbRamp.png,pittsburgh-pa,11751,c1gfGMsHmCv7XWQAdgeqvg,False,105.161211,1,0,0,0,0,0,0,0,0,0,0.918905,0.0,0.0,0.000683,0.0,0.0,9e-06,2e-06,1.4e-05,0.0
gsv-pittsburgh-3754-CurbRamp.png,pittsburgh-pa,3754,77f4hKKSK7HvDloJs8QSkQ,False,152.478948,1,0,0,0,0,0,0,0,0,0,0.99005,0.0,9e-06,1e-06,0.0,0.000706,3e-06,0.0,0.0,0.0
gsv-pittsburgh-1986-CurbRamp.png,pittsburgh-pa,1986,zGQhgtNDmi8k0tlYWKinFA,True,14.398043,0,0,0,0,0,0,0,0,0,0,1.3e-05,0.0,0.0,6e-06,0.0,1e-06,1e-06,0.0,0.0,0.0
gsv-pittsburgh-8702-CurbRamp.png,pittsburgh-pa,8702,AeBkMzj1iFJmRKIYtQlbNA,False,197.689777,0,0,0,0,0,0,0,0,0,0,0.999985,6e-05,0.0,4.1e-05,0.0,6e-06,3.4e-05,0.0,0.012259,0.0
gsv-pittsburgh-15398-CurbRamp.png,pittsburgh-pa,15398,gDtXY59Ev2o9jTDElFSOcQ,True,20.794444,0,0,0,0,0,0,0,0,0,0,5e-06,7e-06,0.0,0.000484,0.0,0.0,1.6e-05,1e-06,3.7e-05,0.0
gsv-pittsburgh-16204-CurbRamp.png,pittsburgh-pa,16204,7vRJ_EAJ_CScyzSZXdXfSQ,False,7.861317,0,0,0,0,0,1,0,0,0,0,0.000807,0.0,3.3e-05,1.7e-05,0.0,1e-06,1e-06,2e-06,1e-06,0.0
gsv-pittsburgh-5522-CurbRamp.png,pittsburgh-pa,5522,WKrUpc_HYykk5fmahePunw,False,95.28789,0,0,0,0,0,1,0,0,0,0,0.001575,0.0,0.0,5e-06,0.0,0.015249,6e-06,1e-06,0.0,1e-06
gsv-pittsburgh-1816-CurbRamp.png,pittsburgh-pa,1816,hxqZdarpRyNbuMOVMvRG7w,False,134.228812,0,0,0,0,0,1,0,0,0,0,2e-06,0.0,0.0,1e-06,0.0,3e-06,1e-06,0.0,2e-06,7e-06
gsv-pittsburgh-11307-CurbRamp.png,pittsburgh-pa,11307,a_IYedt9BZW6elKSvhHP_g,True,4.879212,1,0,0,0,0,0,0,0,1,0,1.0,1.3e-05,1e-06,9e-06,0.0,4e-06,1e-06,1e-06,0.000203,0.0
gsv-pittsburgh-5520-CurbRamp.png,pittsburgh-pa,5520,WKrUpc_HYykk5fmahePunw,False,80.046417,1,0,0,0,0,0,0,0,0,0,0.999258,2e-06,0.0,0.0,0.0,0.014315,0.0,0.0,2e-06,0.0
gsv-pittsburgh-9869-CurbRamp.png,pittsburgh-pa,9869,UrMT_g-8Jf6WHt61IVjs7A,False,107.312345,1,0,0,1,0,0,0,0,0,0,0.999984,2.5e-05,0.291019,7.8e-05,0.0,0.0,2.7e-05,1e-06,0.000107,0.0
gsv-pittsburgh-15161-CurbRamp.png,pittsburgh-pa,15161,srgE0a-PmHRR8gNio_zKaw,False,217.412447,0,0,0,0,0,0,0,0,0,0,7e-06,0.0,0.0,1.4e-05,0.0,0.889174,5e-06,0.0,0.0,2e-06
gsv-pittsburgh-9235-CurbRamp.png,pittsburgh-pa,9235,4HDTi62bfCfk4cPGWUCWuw,True,11.853792,1,0,0,0,0,0,0,0,0,0,0.999959,0.0,0.0,0.0,0.0,1.2e-05,1e-06,0.0,2.1e-05,0.0
gsv-pittsburgh-1013-CurbRamp.png,pittsburgh-pa,1013,8AmDJiXJO7SH3A5R3OPBFw,True,1.544986,0,0,0,0,0,0,0,0,0,0,2e-06,0.0,0.0,1e-06,0.0,2e-06,1e-06,0.0,1e-06,2e-06
gsv-pittsburgh-15758-CurbRamp.png,pittsburgh-pa,15758,M-R8v3UfEHxir5fApmwNRg,False,9.339363,0,0,0,0,0,0,0,0,0,0,5e-06,3e-06,0.0,1.3e-05,0.0,3e-06,2e-06,1e-06,0.0,2e-06
gsv-pittsburgh-8798-CurbRamp.png,pittsburgh-pa,8798,6iKhKUOEqjXbMwoG86udCA,False,206.104673,1,0,0,0,0,1,0,0,0,0,0.986679,0.0,2e-06,0.0,0.0,3e-06,0.0,0.0,0.0,0.0
gsv-pittsburgh-14410-CurbRamp.png,pittsburgh-pa,14410,MIzIoW9L4dVP68nNsm5zeQ,False,234.38058,1,0,0,0,0,0,0,0,0,0,0.999999,4e-06,2e-06,4.6e-05,0.0,1e-06,1e-06,1e-06,0.0,0.0
gsv-pittsburgh-6591-CurbRamp.png,pittsburgh-pa,6591,axRXRT9OID2VyV_K6dL8-Q,False,80.731084,1,0,0,0,0,0,0,0,0,0,0.999961,1e-06,0.0,3e-06,0.0,4e-06,1e-06,0.0,0.0,0.0
gsv-pittsburgh-3911-CurbRamp.png,pittsburgh-pa,3911,K92D0DdIrkgqrOiCIZcNng,False,148.796691,1,0,1,0,0,0,0,0,0,0,0.999997,1e-06,0.031188,1e-06,0.0,0.93501,1e-06,7e-06,0.0,0.0
gsv-pittsburgh-8560-CurbRamp.png,pittsburgh-pa,8560,dD46LAXlFvOzaPMcNM2meg,True,11.254993,0,0,0,0,0,0,0,0,0,0,6e-06,0.0,0.0,0.000102,0.0,2e-06,2e-06,0.0,0.000157,2.4e-05
gsv-seattle-218199-CurbRamp.png,seattle-wa,218199,26ggQedXpL6A_KsAuURWkQ,True,3.431869,0,0,0,0,0,0,0,0,0,0,0.0,0.001473,0.0,1.2e-05,0.0,0.001056,5e-06,5e-06,1e-06,1.4e-05
gsv-seattle-873-CurbRamp.png,seattle-wa,873,dBThEy4NAUekmhMfPRK0DQ,False,14.521408,1,0,0,0,0,0,0,0,0,0,0.999993,1e-06,0.0,8e-06,0.0,0.0,1e-06,2e-06,5e-06,0.0
gsv-seattle-165149-CurbRamp.png,seattle-wa,165149,xBDlJIG3hCDXGyConrJbGQ,False,313.411884,0,0,0,0,0,0,0,0,0,0,1.8e-05,0.0,0.0,2e-06,0.0,0.10424,3e-06,0.0,0.0,4e-06
gsv-seattle-13729-CurbRamp.png,seattle-wa,13729,UW_A4xukcE1B7lyFdWnJ6g,False,21.83118,1,0,0,0,0,0,0,0,0,0,0.999997,5e-06,3e-06,1e-06,0.0,1.5e-05,0.0,0.0,0.0,0.0
gsv-seattle-188904-CurbRamp.png,seattle-wa,188904,yHNuFrZtaiVck2makAAeyQ,False,19.585256,1,0,0,0,0,0,0,0,0,0,0.999996,0.0,0.0,5.3e-05,0.0,8.4e-05,0.0,1e-06,0.000481,0.0
gsv-seattle-33924-CurbRamp.png,seattle-wa,33924,Nm4Uy0sGFmgq1j0jfZd5wA,False,86.825282,0,0,0,0,0,1,0,0,0,0,0.0,1e-06,0.0,0.0,0.0,1.4e-05,1e-06,0.0,0.0,1e-06
gsv-seattle-170046-CurbRamp.png,seattle-wa,170046,-A9mCQ7o8A0Vs9Pirw6TdA,False,5.522435,1,1,0,0,0,0,0,0,0,0,0.999995,1.2e-05,0.0,0.003079,0.0,3e-06,1.2e-05,0.0,0.0,0.0
gsv-seattle-123279-CurbRamp.png,seattle-wa,123279,WEkdLqKAL7AJruCPUrOiCQ,False,107.682023,0,0,0,0,0,0,0,0,0,0,1.8e-05,1.6e-05,1e-06,0.0,0.0,0.0,7e-06,0.0,0.009948,0.0
gsv-seattle-178987-CurbRamp.png,seattle-wa,178987,DPrEJ8aMORe14bfTe17xEw,True,2.990166,1,0,0,0,0,0,0,0,0,0,0.999987,0.0,0.0,5e-06,0.0,0.000138,1e-06,0.0,0.0,0.0
gsv-seattle-99197-CurbRamp.png,seattle-wa,99197,ih4s35lVCZGmFWThF1rrUQ,True,0.709294,0,0,0,0,0,0,0,0,0,0,3e-06,0.0,0.0,0.0,0.0,1e-06,2e-06,0.0,1e-06,8e-06
gsv-seattle-207350-CurbRamp.png,seattle-wa,207350,WH-NJmKhT_N06fx-jL-OIA,False,11.99551,0,0,0,0,0,0,0,0,0,0,2e-06,0.0,2e-06,3e-06,0.0,0.012187,4e-06,0.0,0.0,0.0
gsv-seattle-17123-CurbRamp.png,seattle-wa,17123,7oUB1IKm6gm5yTmXh8nOlg,False,327.130508,0,0,0,0,0,0,0,0,0,0,0.0,1.6e-05,0.0,0.000108,0.0,0.0,1e-06,0.0,0.000121,0.00027
gsv-seattle-145848-CurbRamp.png,seattle-wa,145848,MX3j-IQH8Bn5fMHTsUJS_g,False,170.611981,1,0,0,0,0,0,0,0,0,0,0.999999,1e-06,1e-06,0.0,0.0,0.000271,0.0,2e-06,0.0,0.0
gsv-seattle-175110-CurbRamp.png,seattle-wa,175110,Fqz-2xy7TJP_Lrtn4hn8ug,False,203.942266,0,0,0,0,0,0,0,0,0,0,1e-06,7.8e-05,3e-06,0.0,0.0,9e-06,1e-06,0.0,0.0,3e-06
gsv-seattle-208995-CurbRamp.png,seattle-wa,208995,ASQqsgpPzo4kvlat_w1cbg,False,215.051271,0,0,0,0,0,0,0,0,0,0,0.0,3e-06,1e-06,0.0,0.0,2.6e-05,1e-06,0.0,0.0,2e-06
gsv-seattle-37644-CurbRamp.png,seattle-wa,37644,Ljw1JSlTtl3fWHncvuptcw,True,13.266107,0,0,0,0,0,0,0,0,1,0,3e-06,4.1e-05,0.001482,0.0,0.0,0.0,7e-06,0.0,7e-06,0.0
gsv-seattle-141782-CurbRamp.png,seattle-wa,141782,7WNUSFkOaytC-4NmUo88Zg,False,0.715047,0,0,0,0,0,0,0,0,0,0,0.000218,3e-06,0.0,0.010893,0.0,0.0,1.2e-05,2e-06,0.0,1e-06
gsv-seattle-75860-CurbRamp.png,seattle-wa,75860,o0zblVi58sQcTEDgkrdazw,True,6.338569,1,0,0,0,0,0,0,0,0,0,0.999999,0.000835,0.0,0.0,0.0,0.015547,3e-06,0.0,0.0,0.0
gsv-seattle-117963-CurbRamp.png,seattle-wa,117963,JxjxTy1YG90LBUulggn9CQ,True,12.80391,0,0,0,0,0,0,0,0,0,0,1e-06,0.006315,0.0,1e-06,0.0,1.3e-05,2e-06,0.0,0.0,5e-06
gsv-seattle-200230-CurbRamp.png,seattle-wa,200230,brKpweD_v4JeiF4I0vt6tA,False,39.813303,1,0,0,0,0,0,0,0,0,0,0.999964,0.0,0.0,1.1e-05,0.0,2e-06,0.0,0.0,0.00024,0.0
gsv-seattle-109452-CurbRamp.png,seattle-wa,109452,cPrmqFXKq9t9UtbLZbVRcw,True,9.725954,1,0,0,0,0,0,0,0,0,0,0.999996,0.0,0.0,2.9e-05,0.0,0.000576,1e-06,3e-06,0.0,0.0
gsv-seattle-251103-CurbRamp.png,seattle-wa,251103,gWbuEfYVhLIXyR1IZp7qbg,False,88.847171,1,0,0,0,0,0,0,0,0,0,0.98876,0.0,0.0,0.000136,0.0,1.1e-05,2e-06,0.0,0.0,0.0
gsv-seattle-184891-CurbRamp.png,seattle-wa,184891,vRABPtIe872XMH2Pgn2BxQ,False,81.39234,1,0,0,0,0,0,0,0,0,0,0.999995,1e-06,0.0,2e-06,0.0,4e-06,1e-06,3e-06,0.0,0.0
gsv-seattle-255072-CurbRamp.png,seattle-wa,255072,Z1FTorvnN8Chk6hESbp-TQ,False,125.273609,0,0,0,0,0,1,0,0,0,0,1e-06,1e-05,0.0,1e-06,0.0,3.6e-05,1e-06,0.0,0.0,2e-06
gsv-seattle-141755-CurbRamp.png,seattle-wa,141755,wjFUZDCGgFBrtea-dTdOsQ,False,239.743822,1,0,0,0,0,0,0,0,0,0,0.99999,0.00158,0.0,2e-06,0.0,0.990538,4e-06,7e-06,1e-06,0.0
gsv-seattle-127220-CurbRamp.png,seattle-wa,127220,oRmovtf4W-dSvQqRmQS9FA,False,9.799716,0,0,0,0,0,0,0,0,0,0,0.001349,0.0,0.0,0.0,0.0,1e-05,0.0,0.0,0.0,0.0
gsv-seattle-235657-CurbRamp.png,seattle-wa,235657,hFnsZrNVIKJABWMKNQOHqg,False,14.230294,1,1,0,0,0,0,0,0,0,0,1.0,0.073571,0.000246,3e-06,0.0,0.084542,4.7e-05,0.0,2e-06,0.0
gsv-seattle-11268-CurbRamp.png,seattle-wa,11268,uJ70_-2q_d1-0dAC5Cw1SQ,False,42.643595,0,0,0,0,0,1,0,0,0,0,0.107375,0.0,0.0,5e-06,0.0,0.0,0.0,0.0,1e-06,0.0
gsv-seattle-263134-CurbRamp.png,seattle-wa,263134,sA4mIzqhM3rO6BXkjUNCOA,False,61.756284,1,0,0,0,0,0,0,0,0,0,0.999949,0.0,0.0,3e-06,0.0,3e-06,7e-06,2e-06,1e-06,0.0
gsv-seattle-11166-CurbRamp.png,seattle-wa,11166,D6CJOFBDKH_dH-F0K_7d_w,False,89.171233,0,0,0,0,0,1,0,0,0,0,0.003218,0.0,0.0,1e-06,0.0,1.2e-05,0.0,0.0,0.0,0.0
gsv-seattle-210105-CurbRamp.png,seattle-wa,210105,aLyRttyjNAOoWULvv6_0PQ,False,336.058609,1,0,1,0,0,0,1,0,1,0,0.999999,6.6e-05,2.6e-05,0.000443,0.0,0.0,0.168235,0.000319,0.008577,0.0
gsv-seattle-98554-CurbRamp.png,seattle-wa,98554,9XWs8GNsRqZ15jZ1lOkaAQ,False,18.53974,1,0,0,0,0,0,0,0,0,0,0.999986,1e-06,0.0,1e-06,0.0,1e-06,1e-06,0.0,2e-06,0.0
gsv-seattle-209451-CurbRamp.png,seattle-wa,209451,MhwMsLQXv35YwIxWpV-Dvw,True,20.259805,0,0,0,0,0,0,0,0,0,0,2e-06,0.0003,1e-06,0.0,0.0,0.0,5.9e-05,0.0,3e-06,6e-06
gsv-seattle-6034-CurbRamp.png,seattle-wa,6034,jz4f9KqoeDUKkhW334i9ew,True,10.826478,0,0,0,0,0,0,0,0,0,0,2.8e-05,0.0,0.0,1e-06,0.0,2e-06,8e-06,0.0,1e-06,0.0
gsv-seattle-44981-CurbRamp.png,seattle-wa,44981,a4jHvVXM_k13s0Xgk3v4XA,True,12.586025,0,0,0,0,0,0,0,0,0,0,6e-06,0.0,0.0,3e-06,0.0,0.000299,6e-06,0.0,0.0,0.0
gsv-seattle-554-CurbRamp.png,seattle-wa,554,V-L9_vKYo_c8ftXiiIei2w,True,8.561441,1,1,0,0,0,0,0,0,0,0,0.999999,0.006273,0.0,0.0,0.0,2e-06,0.000124,0.0,4e-06,0.0
gsv-seattle-107880-CurbRamp.png,seattle-wa,107880,ih4s35lVCZGmFWThF1rrUQ,True,8.467306,0,0,0,0,0,0,0,0,0,0,3e-06,0.0,0.0,0.0,0.0,0.00043,1e-06,0.0,3e-06,1e-06
gsv-seattle-227064-CurbRamp.png,seattle-wa,227064,du3con_4pZARmFSerNicZw,False,144.330777,1,1,0,0,0,0,0,0,1,0,1.0,0.0,0.0,0.007684,0.0,3e-06,2e-05,8.1e-05,0.790958,0.0
gsv-seattle-196878-CurbRamp.png,seattle-wa,196878,l2cQS0V2B6e_aeWMFslaEg,True,5.818284,1,0,0,0,0,0,0,0,0,0,0.999987,0.0,1.2e-05,4e-06,0.0,0.0,1e-06,8e-06,0.608933,0.0
gsv-seattle-269010-CurbRamp.png,seattle-wa,269010,syVp8melaf9kxoOUcCHPdQ,False,272.406291,1,0,0,0,0,1,0,0,0,0,0.999999,0.036157,2e-06,1e-06,0.0,0.009907,7e-06,0.0,0.002362,0.0
gsv-seattle-17185-CurbRamp.png,seattle-wa,17185,jjFJXC5Bi5bNio_dc4zsfA,False,269.723662,1,0,0,0,0,0,0,0,0,0,0.999999,0.0,0.0,4e-06,0.0,0.000105,3e-06,1e-06,0.0,0.0
gsv-seattle-115288-CurbRamp.png,seattle-wa,115288,lJbUHHZB_eMZ6sXmutmQIA,False,315.885318,0,0,0,0,0,0,0,0,0,0,1.3e-05,1e-06,0.0,1e-06,0.0,0.93989,3e-06,0.0,0.0,1e-06
gsv-seattle-72491-CurbRamp.png,seattle-wa,72491,UTIQPsQYJ84gUe00xEs6zQ,True,0.0,1,0,0,0,0,0,0,0,0,0,0.999997,5.5e-05,7e-06,4e-06,0.0,0.99331,2e-06,1e-06,0.0,0.0
gsv-seattle-232068-CurbRamp.png,seattle-wa,232068,ueeLQmr_zlboWBtW2GlZzA,False,11.596663,0,0,0,0,0,0,0,0,0,0,9e-06,0.010233,5.5e-05,0.0,0.0,0.0,2e-06,0.0,4e-06,0.0
gsv-seattle-251871-CurbRamp.png,seattle-wa,251871,8EFgHWzP3QmtTDelEr-xwQ,True,5.911902,1,0,0,0,0,0,0,0,1,0,0.999987,4.8e-05,2.8e-05,0.0,0.0,0.0,8.1e-05,0.0,0.000365,0.0
gsv-seattle-31038-CurbRamp.png,seattle-wa,31038,ExSSw9yD_9aocgz1ChbWwQ,False,362.264566,1,0,0,0,0,0,0,0,0,0,0.999999,1.2e-05,0.0,0.023344,0.0,0.0,6e-06,1.8e-05,2.5e-05,0.0
gsv-seattle-162061-CurbRamp.png,seattle-wa,162061,hDPkNwELQTbuKWDuliDl4g,False,258.38476,1,0,0,0,0,0,0,0,0,0,0.999995,2.7e-05,0.0,0.000405,0.0,0.0,1.1e-05,5.9e-05,0.0,0.0
gsv-seattle-66954-CurbRamp.png,seattle-wa,66954,TcMJjSQvqkjMivdUGd-O6A,True,3.646063,0,0,0,0,0,0,0,0,0,0,1.7e-05,1e-06,0.0,1e-06,0.0,1.6e-05,1e-06,0.0,0.0,0.0
gsv-seattle-30900-CurbRamp.png,seattle-wa,30900,0e1DGFHW5_OhmnHFgR7G5w,True,1.018707,0,0,0,0,0,0,0,0,0,0,1e-06,0.0,0.0,0.0,0.0,3.4e-05,2e-06,0.0,0.0,5e-06
gsv-seattle-189379-CurbRamp.png,seattle-wa,189379,_fIpR_0ne4jbj0OKUg6Klw,False,233.309125,1,0,0,0,0,0,0,0,0,0,0.996089,6.1e-05,0.0,0.0,0.0,3e-06,1e-06,0.0,0.0,0.0
gsv-seattle-97638-CurbRamp.png,seattle-wa,97638,pl0JkULo93kojVDrsqozjQ,False,630.105326,1,0,0,0,0,0,0,0,1,0,0.999963,2e-06,0.0,3e-06,0.0,1e-06,0.000131,0.0,5e-06,0.0
gsv-seattle-170176-CurbRamp.png,seattle-wa,170176,MUPLUYOCoyiBqy7TpV_Ejw,False,78.084026,1,0,0,0,0,1,0,0,0,0,0.999999,5e-06,0.0,1e-06,0.0,0.008135,1e-06,0.0,0.0,0.0
gsv-seattle-75861-CurbRamp.png,seattle-wa,75861,o0zblVi58sQcTEDgkrdazw,True,9.231192,1,0,0,0,0,0,0,0,0,0,0.999999,5e-06,2e-06,0.0,0.0,0.000149,1e-06,3e-06,0.0,0.0
gsv-seattle-187372-CurbRamp.png,seattle-wa,187372,E1Mad5g4pKtCli0IX7VYzA,False,87.500597,0,0,0,0,0,0,0,0,0,0,1e-06,5e-06,0.0,0.0,0.0,1e-06,3e-06,0.0,1e-06,2e-06
gsv-seattle-223527-CurbRamp.png,seattle-wa,223527,rYj38UD0Bj0UczWN4cHh2w,True,18.535686,1,0,0,0,0,0,0,0,0,0,0.992851,0.0,1e-06,0.0,0.0,0.195087,0.0,0.0,0.0,0.0
gsv-seattle-115338-CurbRamp.png,seattle-wa,115338,iY5qdrbmnJLgDUuhR4yPdA,False,238.85331,0,0,0,0,0,0,0,0,0,0,0.000548,1e-06,0.0,8e-05,0.0,0.0,5e-06,0.0,0.0,1e-06
gsv-seattle-13706-CurbRamp.png,seattle-wa,13706,HHknLHNYKr6YJoI6Rfgwrg,False,102.158382,0,0,0,0,0,0,0,0,0,0,0.0,0.0,1e-06,6e-06,0.0,0.0,1.3e-05,4e-06,7.5e-05,3.5e-05
gsv-seattle-255076-CurbRamp.png,seattle-wa,255076,glbpw8rxAWDGsKjfT1tboQ,False,137.749063,0,0,0,0,0,0,0,0,0,0,2.2e-05,4.5e-05,8e-06,0.001899,0.0,0.0,8.3e-05,0.0,2.9e-05,1e-06
gsv-seattle-251906-CurbRamp.png,seattle-wa,251906,tHJyhMYr2dH02L0js3U3mQ,False,14.181894,1,0,0,0,0,0,0,0,0,0,0.999977,1e-06,0.0,0.0,0.0,6.2e-05,0.0,0.0,1e-06,0.0
gsv-seattle-268958-CurbRamp.png,seattle-wa,268958,mnDmvoeNVJ9BDgY6n3hxUw,False,82.07303,0,0,0,0,0,0,0,0,0,0,1e-06,5e-06,0.0,1e-06,0.0,0.000678,1e-05,0.0,0.0,3e-06
gsv-seattle-15942-CurbRamp.png,seattle-wa,15942,_8VcbFU6e9hewd94qW_vEg,True,30.831709,0,0,0,0,0,0,0,0,0,0,1e-06,0.0,4e-06,1e-06,0.0,1e-06,0.0,0.0,2e-06,3e-06
gsv-seattle-124690-CurbRamp.png,seattle-wa,124690,rsuy05VcDuNA8X0s73dYRw,True,11.034462,1,0,0,0,0,0,0,0,0,0,1.0,0.000137,0.0,0.000125,0.0,0.0,1.1e-05,0.0,0.000311,0.0
gsv-seattle-38267-CurbRamp.png,seattle-wa,38267,vv7VxUudWZKrZ1qBQ5MYHw,True,15.464522,0,0,0,0,0,1,1,0,0,0,0.792924,2e-06,0.000148,2e-06,0.0,4.7e-05,0.0,0.0,0.000355,0.0
gsv-seattle-164986-CurbRamp.png,seattle-wa,164986,h7XAqMhnzYYtG6uxGFJROQ,False,119.097412,0,0,0,0,0,0,0,0,0,0,0.037362,0.0,0.0,1.4e-05,0.0,3e-06,0.0,0.0,2e-06,0.0
gsv-seattle-235921-CurbRamp.png,seattle-wa,235921,tNn1Z0Z3nkffhYA_QUAuOA,True,8.404195,0,0,0,0,0,0,0,0,0,0,0.0,0.0,0.0,1e-06,0.0,0.000141,1e-06,0.0,0.0,7e-06
gsv-seattle-191593-CurbRamp.png,seattle-wa,191593,4lR9n9MVRvpYvmKLNE83wQ,True,0.467259,1,0,0,0,0,0,0,0,1,0,0.999997,1e-06,0.0,0.000916,0.0,0.0,2e-06,2e-06,6e-06,0.0
gsv-seattle-96681-CurbRamp.png,seattle-wa,96681,nze6EqlSMCm7RMPGOGN4Ug,False,223.156586,1,0,0,0,0,0,0,0,0,0,0.214197,1.4e-05,0.0,1e-06,0.0,0.0,1e-06,0.0,0.0,0.0
gsv-seattle-96732-CurbRamp.png,seattle-wa,96732,HozGe30tYiMUWTFYsNyJyg,True,12.350708,0,0,0,0,0,0,0,0,0,0,1.6e-05,0.0,2e-06,0.0,0.0,0.0,1e-06,0.0,2e-06,1e-06
gsv-seattle-166262-CurbRamp.png,seattle-wa,166262,dR4We2vmX-X9DF3gVWzWeQ,False,165.554962,0,0,0,0,0,0,0,0,0,0,0.0,0.0,1e-06,3e-06,0.0,5.4e-05,0.048558,0.0,0.001464,0.000243
gsv-seattle-194307-CurbRamp.png,seattle-wa,194307,PlT-JsAQZ_uU-_l5mJ4FGg,True,7.250924,0,0,0,0,0,1,0,0,0,0,0.027759,0.0,0.021098,0.0,0.0,0.398346,2e-06,0.0,0.0,0.0
gsv-seattle-235678-CurbRamp.png,seattle-wa,235678,kVm7_q9o2O8WeYGvLRldsQ,False,1.067384,0,0,0,0,0,0,0,0,0,0,0.0,4e-06,1e-06,2e-06,0.0,7.6e-05,1.6e-05,0.0,1e-06,1e-06
gsv-seattle-96447-CurbRamp.png,seattle-wa,96447,lmBy4QwQ0eWkOte-JcBt4Q,False,37.71404,1,0,0,0,0,0,0,0,1,0,1.0,0.000439,0.0,0.002033,0.0,1e-06,8e-06,0.001008,0.035194,0.0
gsv-seattle-150702-CurbRamp.png,seattle-wa,150702,QV8NOIzVBMvDTUBPLi8L8A,False,147.582928,0,0,0,0,0,0,0,0,0,0,9.1e-05,0.0,0.0,0.0,0.0,0.0006,0.0,0.0,1.1e-05,0.0
gsv-seattle-223499-CurbRamp.png,seattle-wa,223499,qr86B-gFe11Tp08kOakVUw,False,9.966237,1,0,0,0,0,0,0,0,1,0,0.999998,1e-06,0.0,8e-06,0.0,0.604266,1e-06,0.0,1e-06,0.0
gsv-seattle-244274-CurbRamp.png,seattle-wa,244274,hOSCXfZ4dQbTRTw_qlESZQ,True,12.330539,1,0,0,0,0,0,0,0,0,0,0.999641,1e-06,0.0,4e-05,0.0,0.004918,0.057819,0.0,1e-06,0.0
gsv-seattle-191108-CurbRamp.png,seattle-wa,191108,eEul2WtgPQTGKEDWCImc-g,False,97.220414,0,0,0,0,0,0,0,0,0,0,2e-06,1e-06,0.0,1e-05,0.0,0.0,2.6e-05,0.0,5e-06,1.3e-05
gsv-seattle-61703-CurbRamp.png,seattle-wa,61703,un1q9Mjj9HQRtAQX-fATnQ,False,189.706151,0,0,0,0,0,0,0,0,0,0,0.000135,0.0,0.0,1.9e-05,0.0,0.0,6e-06,1e-06,3e-06,2e-06
gsv-seattle-238612-CurbRamp.png,seattle-wa,238612,o5rdyAAVvrwsKNGfCH5SZA,False,300.649842,0,0,0,0,0,0,0,0,0,0,0.000271,0.0,0.0,0.004142,0.0,2e-06,6e-06,3e-06,1e-06,3e-06
gsv-seattle-96707-CurbRamp.png,seattle-wa,96707,bf6Fk17fKuK00iwkWJLr7w,True,13.588856,1,0,0,0,0,0,0,0,0,0,1.0,0.001535,0.0,0.0,0.0,9.6e-05,2e-06,3e-06,3e-06,0.0
gsv-seattle-182891-CurbRamp.png,seattle-wa,182891,RAFi4einT7x6mPa7TVo6WQ,True,11.429665,0,0,0,0,0,0,0,0,0,0,1e-06,2e-06,0.0,0.0,0.0,0.0,1e-06,0.0,9e-06,2e-06
gsv-seattle-245996-CurbRamp.png,seattle-wa,245996,F_KiAHLE3hzNBPm4urocxg,True,3.100244,0,0,0,0,0,0,0,0,0,0,2e-06,0.000433,0.001964,1e-06,0.0,0.0,3e-06,0.0,2e-06,1e-06
gsv-seattle-124281-CurbRamp.png,seattle-wa,124281,YbsgXg31wBhlfZ4QomTjSQ,False,67.815249,1,0,0,0,0,0,0,0,0,0,0.999999,0.0,1e-06,1e-06,0.0,0.008876,3e-06,9e-06,0.0,0.0
gsv-seattle-273428-CurbRamp.png,seattle-wa,273428,DqGO44-ahtfjIJizQg-uag,True,16.658417,0,0,0,0,0,0,0,0,0,0,0.0,1e-06,1e-06,0.0,0.0,1e-06,1e-06,0.0,1e-06,1.1e-05
gsv-seattle-245781-CurbRamp.png,seattle-wa,245781,XrCip38Ob5uo_ugkcR4HRg,True,0.555127,0,0,0,0,0,0,0,0,0,0,9e-06,0.002722,0.0,5e-06,0.0,0.004706,0.001737,0.0,8e-06,1e-06
gsv-seattle-66970-CurbRamp.png,seattle-wa,66970,o1MKsaCoF0vOH3W0jLNO2A,False,0.569234,0,0,0,0,0,0,0,0,0,0,0.057393,0.0,0.0,1.6e-05,0.0,0.0,1e-06,0.0,1e-06,1e-06
gsv-seattle-182103-CurbRamp.png,seattle-wa,182103,sKQweIu_qwN7hd70HfsUWQ,False,143.083176,1,0,0,0,0,0,0,0,0,0,0.999997,2e-06,1e-06,1.8e-05,0.0,0.999304,1.2e-05,3e-06,0.000281,1e-06
gsv-seattle-103682-CurbRamp.png,seattle-wa,103682,aEYtkRWVFlZ5owQ02QFLEg,True,10.227607,0,0,0,0,0,0,0,0,0,0,6e-06,4e-06,1e-06,1e-06,0.0,0.0,2e-06,0.0,6e-06,0.0
gsv-seattle-100631-CurbRamp.png,seattle-wa,100631,4_rxjedgVEWTe7QnomGJ1A,False,182.345936,1,0,0,0,0,0,0,0,0,0,1.0,8.4e-05,4e-06,1e-06,0.0,2e-06,1e-06,0.0,0.0,0.0
gsv-seattle-117189-CurbRamp.png,seattle-wa,117189,j6icbw7KJHaLjt04OIroRA,False,328.673171,1,0,1,0,0,0,0,0,0,0,0.999997,1.1e-05,0.000553,0.0,0.0,1e-06,2e-06,9e-06,1e-06,0.0
gsv-seattle-263276-CurbRamp.png,seattle-wa,263276,Du_MeLeKIPzYYYC4A0Jm-w,False,95.269957,0,0,0,0,0,0,0,0,0,0,1e-06,1e-06,0.0,0.0,0.0,2.3e-05,2e-06,0.0,1e-06,2e-06
gsv-seattle-191052-CurbRamp.png,seattle-wa,191052,521qFBsGM8OM7_3vVrcClQ,False,40.680483,0,0,0,0,0,1,0,0,0,0,2e-06,0.0,0.0,1e-06,0.0,6e-06,7e-06,0.0,0.0,3e-06
gsv-seattle-4246-CurbRamp.png,seattle-wa,4246,3wzVyUrl7I_a1AUIYDX8ww,False,20.79038,0,0,0,0,0,0,0,0,0,0,3e-06,4e-06,0.0,1e-06,0.0,1.6e-05,4e-06,0.0,0.001164,0.0
gsv-seattle-11110-CurbRamp.png,seattle-wa,11110,sg1hSoeORAusCSVRqTJGyg,False,244.613751,0,0,0,0,0,0,0,0,0,0,2e-06,0.0,9e-06,0.0,0.0,0.000998,3e-06,0.0,2.3e-05,0.0
gsv-seattle-11661-CurbRamp.png,seattle-wa,11661,CZSIElt9M9QjYff6GPT8MA,False,81.024765,1,0,0,0,0,0,0,0,0,0,1.0,9e-06,0.0,1e-06,0.0,0.218724,4e-06,1e-06,1e-06,0.0
gsv-seattle-712-CurbRamp.png,seattle-wa,712,sOAgbWeCMP-MX3AIZgLnuQ,True,9.605746,1,0,0,0,0,0,0,0,0,0,0.999989,1e-06,0.0,5e-06,0.0,0.000205,9.3e-05,0.0,1.3e-05,0.0
gsv-seattle-33296-CurbRamp.png,seattle-wa,33296,psZvPcck1nNtPYea5a7qRQ,False,446.860696,1,0,0,0,0,0,0,0,0,0,0.999999,2e-06,0.0,1e-06,0.0,5.7e-05,1e-06,1e-06,0.0,0.0
gsv-seattle-14743-CurbRamp.png,seattle-wa,14743,K07SRH_Nl7Q8n4jlySt8Hg,False,74.94315,0,0,0,0,0,0,0,0,0,0,0.000563,1e-06,0.0,0.0,0.0,0.0,6.8e-05,0.0,1.6e-05,0.0
gsv-seattle-191605-CurbRamp.png,seattle-wa,191605,13N8LY3rVbNM7K5StjxZPA,True,3.692024,0,0,0,0,0,0,0,0,0,0,1.5e-05,1.2e-05,1e-06,0.0,0.0,1e-06,4e-06,0.0,0.0,0.0
gsv-seattle-244276-CurbRamp.png,seattle-wa,244276,gQxqV42CBBmSFb9_R3Zedw,True,6.811072,0,0,0,0,0,0,0,0,0,0,3e-06,5e-06,0.0,9e-06,0.0,0.000303,1e-06,1e-06,1e-06,0.0
gsv-seattle-259159-CurbRamp.png,seattle-wa,259159,ltn3gLZdqvmGocHUNQRiaw,False,214.483684,1,0,0,0,0,0,0,0,0,0,1.0,4e-06,7e-06,0.0,0.0,0.000563,1e-06,6e-06,1e-06,0.0
gsv-seattle-14251-CurbRamp.png,seattle-wa,14251,DC9lXEVLNJR-N6tBEBwUqw,False,87.062127,1,1,0,0,0,0,0,0,0,0,0.999997,4.6e-05,0.0,0.0,0.0,0.000133,2.8e-05,0.0,0.0,0.0
gsv-seattle-72295-CurbRamp.png,seattle-wa,72295,5VM8Qbj76zIhHZx9fKcVUQ,False,141.193046,0,0,0,0,0,0,0,0,0,0,1e-06,0.0,0.0,0.0,0.0,1e-06,2e-06,0.0,1e-06,1.2e-05
gsv-seattle-13893-CurbRamp.png,seattle-wa,13893,WgQ-n1jC6xwIz8PaiZoEbg,False,109.505377,1,0,0,0,0,1,1,0,0,0,1.0,2e-06,0.0,6e-06,0.0,5.1e-05,1e-06,0.0,5e-06,0.0
gsv-seattle-207382-CurbRamp.png,seattle-wa,207382,vQVeRN1v85lUitC1LDTSxw,True,18.793841,0,0,0,0,0,0,0,0,1,0,0.003411,0.0,0.0,0.000485,0.0,0.0,9.1e-05,1e-06,1.2e-05,1e-06
gsv-seattle-43623-CurbRamp.png,seattle-wa,43623,ZUx-DkQKRWkoYA00wEwYYw,False,463.420823,0,0,0,0,0,1,0,0,0,0,0.000171,0.0,0.0,3e-06,0.0,0.0,9e-06,0.0,1e-06,0.0
gsv-seattle-234307-CurbRamp.png,seattle-wa,234307,TOPhMPlatQdkTX5n5ZW0hw,False,14.594188,1,0,0,0,0,0,0,0,0,0,0.999999,1.2e-05,1e-06,0.0,0.0,3.2e-05,0.0,0.0,2e-06,0.0
gsv-seattle-17656-CurbRamp.png,seattle-wa,17656,6vQ2rn0P9JB6-wkrrLBnyg,False,102.419297,1,0,0,0,0,0,0,0,0,0,0.999998,3.1e-05,2e-06,0.0,0.0,0.0,5e-06,1e-05,1.3e-05,0.0
gsv-seattle-262484-CurbRamp.png,seattle-wa,262484,NNL8LeZSgLpeAqVoRLWTSg,False,309.475718,0,0,0,0,0,0,0,0,0,0,7e-05,0.0,2e-06,0.0,0.0,1.6e-05,4.5e-05,0.0,0.0,0.0
gsv-seattle-237484-CurbRamp.png,seattle-wa,237484,MGQtHS9UGCHMyUtC7BIR_Q,True,17.2189,1,0,0,0,0,0,0,0,0,0,0.999989,1e-06,0.0,1e-06,0.0,0.407037,1e-06,0.0,0.0,0.0
gsv-seattle-227026-CurbRamp.png,seattle-wa,227026,pjTlqJEckWiyeXm7iNUa8Q,False,193.195561,0,0,0,0,0,0,0,0,0,0,3e-06,0.0,0.0,2.2e-05,0.0,0.000104,1e-06,0.0,5e-06,0.0
gsv-seattle-190803-CurbRamp.png,seattle-wa,190803,kEJUpvvY3DR_ZJKV6Jrd9A,True,1.051215,0,0,0,0,0,0,0,0,0,0,0.0,0.0,4e-06,0.0,0.0,4.4e-05,1e-06,0.0,1e-06,1.2e-05
gsv-seattle-263384-CurbRamp.png,seattle-wa,263384,r6_O9vMYziG_XGClnv0nLQ,True,3.121421,0,0,0,0,0,0,0,0,0,0,5e-06,0.0,1e-06,0.0,0.0,5e-06,2e-06,0.0,2e-06,0.0
gsv-seattle-178699-CurbRamp.png,seattle-wa,178699,knDYaO2uVp2iKrJA-8uJdw,False,8.200649,0,0,0,0,0,0,0,0,0,0,6e-06,0.0,1e-06,0.0,0.0,0.0,3e-06,0.0,0.0,1e-06
gsv-seattle-232256-CurbRamp.png,seattle-wa,232256,UqYviIrmJ-dCFaiH_hmEEA,True,10.474465,0,0,0,0,0,0,0,0,0,0,1e-06,4e-06,0.0,0.0,0.0,5e-06,2e-06,0.0,0.0,3e-06
gsv-seattle-100632-CurbRamp.png,seattle-wa,100632,4_rxjedgVEWTe7QnomGJ1A,False,177.620608,1,0,0,0,0,0,0,0,0,0,0.999992,0.0,0.0,0.000504,0.0,0.020298,1e-06,0.0,0.0,0.0
gsv-seattle-190624-CurbRamp.png,seattle-wa,190624,kI86WNSDMaE0dOijaXRH-g,False,188.484872,1,0,0,1,0,0,0,0,1,0,1.0,3e-06,4.3e-05,3e-06,0.0,0.0,1e-06,0.000111,0.00962,0.0
gsv-seattle-47828-CurbRamp.png,seattle-wa,47828,dHs9axHbNE5dJW20a8-qBw,False,195.531031,0,0,0,0,0,0,0,0,0,0,0.879335,3e-06,0.0,1.7e-05,0.0,0.0,1.6e-05,0.0,0.0,0.0
gsv-seattle-175975-CurbRamp.png,seattle-wa,175975,wGSdr7y3fNmvVT-PKjrh_Q,True,9.747879,0,0,0,0,0,1,0,0,0,0,4e-06,2e-06,0.0,0.0,0.0,2.8e-05,5e-06,0.0,1e-05,0.0
gsv-seattle-235213-CurbRamp.png,seattle-wa,235213,HKynkB7fOnh08AGz2XM3HA,True,9.310191,0,0,0,0,0,1,0,0,0,0,4.2e-05,3.1e-05,0.022902,0.0,0.0,0.988789,0.0,0.0,3e-06,1e-06
gsv-seattle-238869-CurbRamp.png,seattle-wa,238869,KS6slOKV41ZBmgbmNJlNPA,False,220.468293,1,1,1,0,0,0,0,0,0,0,1.0,5e-05,0.0,0.0,0.0,0.005419,2e-06,0.0,0.0,0.0
gsv-seattle-182888-CurbRamp.png,seattle-wa,182888,RAFi4einT7x6mPa7TVo6WQ,True,3.216109,0,0,0,0,0,1,0,0,0,0,6e-05,0.0,0.0,7e-06,0.0,5.1e-05,2.7e-05,0.0,0.0,3e-06
gsv-seattle-4601-CurbRamp.png,seattle-wa,4601,SqcjV-JU3shzLv3c70Oxng,False,918.062928,1,1,0,0,0,0,0,0,0,0,0.999998,2e-06,5.9e-05,1e-06,0.0,1e-06,9e-06,0.00012,0.000211,0.0
gsv-seattle-160741-CurbRamp.png,seattle-wa,160741,75MCAxbfF4K7d4LGGTGCZg,True,1.387642,1,0,0,0,0,0,0,0,0,0,1.0,3.7e-05,0.0,0.0,0.0,0.013506,2e-06,8e-06,0.0,0.0
gsv-seattle-74790-CurbRamp.png,seattle-wa,74790,fz5xclCGUL9z1Oy-o3orFA,True,2.600339,0,0,1,0,0,1,0,0,0,0,0.0,0.0,0.0,1e-06,0.0,0.036188,0.0,0.0,0.0,8.6e-05
gsv-seattle-112880-CurbRamp.png,seattle-wa,112880,v84U4gR1q9gSyJmm6G6vaQ,True,17.253977,0,0,0,0,0,0,0,0,0,0,3.4e-05,3e-06,0.0,0.000333,0.0,0.0,2e-06,0.0,0.0,1e-06
gsv-seattle-195765-CurbRamp.png,seattle-wa,195765,vvmVSXVlrhZfqvfZ24N_3Q,False,8.75144,1,0,0,0,0,0,0,0,0,0,0.999999,0.14405,0.0,2e-06,0.0,0.000106,8.8e-05,0.0,2e-06,0.0
gsv-seattle-95434-CurbRamp.png,seattle-wa,95434,11LOmhXbFON28yOSxF5BoA,True,9.759998,0,0,0,0,0,0,0,0,0,0,2e-06,2e-06,0.0,0.0,0.0,1e-06,2e-06,0.0,0.0,2e-06
gsv-seattle-219135-CurbRamp.png,seattle-wa,219135,-jJa_A0cU4lzF4B7WOZukQ,False,10.973543,1,0,0,0,0,0,0,0,0,0,0.961388,2e-06,0.0,0.0,0.0,0.0,3e-06,0.0,6.6e-05,0.0
gsv-seattle-148604-CurbRamp.png,seattle-wa,148604,LdK1XW53zKtry-zaql0x-w,True,8.566231,1,1,1,0,0,1,0,0,0,0,1.0,0.983396,0.0,0.000466,0.0,0.000466,3.8e-05,0.00088,0.040578,0.0
gsv-seattle-207933-CurbRamp.png,seattle-wa,207933,vgClEzH3pAphWTuDQGpvXQ,False,11.321182,0,1,0,0,0,0,0,0,0,0,2e-06,3e-06,1e-06,0.0,0.0,0.0,3e-06,0.0,0.0,4e-06
gsv-seattle-72781-CurbRamp.png,seattle-wa,72781,Y8GW9N5x3GGqM90Lp8LJpg,False,418.569884,0,0,0,0,0,0,0,0,0,0,0.0,0.319559,9e-06,0.0,0.0,0.0,0.0,0.0,5e-06,0.000838
gsv-seattle-262912-CurbRamp.png,seattle-wa,262912,nGYStdHRRHYv70Kft2mHkQ,False,410.672921,0,0,0,0,0,1,0,0,0,0,0.0,0.0,0.0,3.2e-05,0.0,0.709816,0.0,0.0,1e-06,0.000217
gsv-seattle-2627-CurbRamp.png,seattle-wa,2627,qH-dUJQmb6Gmr9fUFtdHNg,True,16.610971,1,1,0,0,0,0,0,0,0,0,0.999951,4e-06,0.0,5e-06,0.0,5e-06,1.7e-05,0.0,1e-06,0.0
gsv-seattle-104310-CurbRamp.png,seattle-wa,104310,C4AeD8uwFKGtkKphuPh9Pw,False,10.152413,1,0,0,0,0,0,0,0,0,0,0.999985,3e-06,0.0,0.002717,0.0,0.99851,7e-06,0.000676,0.0002,3e-06
gsv-seattle-162179-CurbRamp.png,seattle-wa,162179,jTLwjZSKW78XxMZkuMKU8Q,False,195.584709,1,1,0,0,0,0,0,0,0,0,1.0,2.2e-05,1e-06,1.8e-05,0.0,0.0,1e-06,9e-06,1.3e-05,0.0
gsv-seattle-150969-CurbRamp.png,seattle-wa,150969,HC0dnlwoQsfNxQV9Hl17sQ,True,0.701957,0,0,1,0,0,1,0,0,0,0,1e-06,1e-06,0.000224,0.0,0.0,0.000432,2e-06,0.0,0.0,0.0
gsv-seattle-200677-CurbRamp.png,seattle-wa,200677,OFHPxzlz3VkPzaThkhz70w,False,18.23456,0,0,0,0,0,0,0,0,0,0,3.2e-05,1e-06,0.0,0.0,0.0,0.0,2e-06,0.0,0.0,1e-06
gsv-seattle-72293-CurbRamp.png,seattle-wa,72293,5VM8Qbj76zIhHZx9fKcVUQ,False,120.759065,0,0,0,0,0,1,0,0,0,0,0.066738,0.0,1.4e-05,0.0,0.0,0.0,0.0,0.0,3.7e-05,0.0
gsv-seattle-95428-CurbRamp.png,seattle-wa,95428,rMCwDPO44YdeL85SPrLOmA,True,6.311596,0,0,0,0,0,0,0,0,0,0,3.2e-05,0.0,0.0,1.9e-05,0.0,0.0,1e-06,0.0,0.0,0.0
gsv-seattle-193296-CurbRamp.png,seattle-wa,193296,XkZBUOOyndujClOvTwbtIA,False,74.303664,0,0,0,0,0,0,0,0,0,0,3e-06,1e-06,0.0,1e-06,0.0,1.3e-05,8e-06,0.0,0.0,1e-06
gsv-seattle-209468-CurbRamp.png,seattle-wa,209468,z1LanOGeQK_1eEfP6ffDPw,True,16.246052,0,0,0,0,0,0,0,0,0,0,1.1e-05,0.0,2e-06,1.3e-05,0.0,0.0,4.9e-05,1e-06,3e-06,3.5e-05
gsv-seattle-236331-CurbRamp.png,seattle-wa,236331,ZakTXfR7g7pn1NkYpvsIqg,True,5.891321,0,0,0,0,0,0,0,0,0,0,2.6e-05,0.0,0.0,1e-06,0.0,1.9e-05,9e-06,0.0,0.0,0.0
gsv-seattle-192941-CurbRamp.png,seattle-wa,192941,o7WEeQnVcMb2KVDUE4RwQg,False,7.819393,1,0,0,0,0,0,0,0,1,0,0.998407,1.5e-05,1e-06,3e-06,0.0,0.0,0.00639,0.0,0.0,0.0
gsv-seattle-1233-CurbRamp.png,seattle-wa,1233,QIyXD3LVDR8MzD37SaeYjw,False,196.722689,0,0,0,0,0,0,0,0,0,0,2e-06,1e-06,1e-06,1e-06,0.0,0.0,2e-06,0.0,0.0,3e-06
gsv-seattle-191042-CurbRamp.png,seattle-wa,191042,L7GkCKkpEXZPpLANfA-6fA,False,82.266311,0,0,0,0,0,0,0,0,0,0,0.0,1e-06,0.0,0.0,0.0,4e-06,1e-06,0.0,1e-06,1e-06
gsv-seattle-193232-CurbRamp.png,seattle-wa,193232,MvDFYy5ganVU3QIl_Adh1A,False,174.626895,1,0,0,0,0,0,0,0,0,0,0.999972,8.8e-05,0.0,0.0,0.0,0.0,1e-06,0.0,1e-06,0.0
gsv-seattle-30836-CurbRamp.png,seattle-wa,30836,_v3LfBjOZtHuVe1ecgbi8A,False,135.948939,0,0,0,0,0,0,0,0,0,0,1e-06,8e-06,0.0,1e-06,0.0,2e-06,1.3e-05,0.0,0.0,1e-06
gsv-seattle-18823-CurbRamp.png,seattle-wa,18823,V7fLqxsZp-LfGn74qV42ow,True,13.733479,0,0,0,0,0,0,0,0,0,0,2e-06,7e-06,6.1e-05,0.0,0.0,2e-06,1.9e-05,2e-06,9e-06,0.0
gsv-seattle-125764-CurbRamp.png,seattle-wa,125764,v9r_qVUOiCTlTdNyc7juIQ,False,13.246078,1,0,0,0,0,0,0,0,0,0,0.999988,0.0,0.0,1e-05,0.0,6e-06,1e-06,1e-06,0.0,0.0
gsv-seattle-29303-CurbRamp.png,seattle-wa,29303,xBx1o_G8UDwzEIGff0DlyQ,False,319.044667,0,0,0,0,0,1,0,0,0,0,0.006747,0.0,1e-06,0.0,0.0,2e-06,0.0,0.0,0.0,0.0
gsv-seattle-170459-CurbRamp.png,seattle-wa,170459,Ydk498kMFKKYH6H4XPAr9g,False,172.236363,1,0,0,0,0,0,0,0,0,0,0.999996,5.1e-05,1e-06,0.0,0.0,0.000291,1e-06,0.0,0.0,0.0
gsv-seattle-104183-CurbRamp.png,seattle-wa,104183,-BHPjKRKrAqaoD7NuvNpxg,True,10.377312,1,1,0,0,0,0,0,0,1,0,0.999999,1e-05,3.3e-05,0.0,0.0,0.002195,0.001022,1.1e-05,0.461944,0.0
gsv-seattle-219207-CurbRamp.png,seattle-wa,219207,-BOkeVd-bhwaJs60M0MGzw,False,204.729821,0,0,0,0,0,0,0,0,0,0,1.1e-05,0.0,0.0,2e-06,0.0,0.0,3e-06,1e-06,3e-06,2e-06
gsv-seattle-116690-CurbRamp.png,seattle-wa,116690,knnDxwZ5RXipyaM19LJcLw,False,7.812622,1,0,1,0,0,0,0,0,0,0,1.0,5.9e-05,5.5e-05,1e-06,0.0,0.000572,1e-06,0.0,1e-06,0.0
gsv-seattle-26880-CurbRamp.png,seattle-wa,26880,yKPfT3GBe_nfPOZRMP8hHA,False,212.4168,0,0,0,0,0,1,0,0,0,0,0.002981,0.0,0.0,8e-06,0.0,0.0,8e-06,0.0,2e-06,0.0
gsv-seattle-270219-CurbRamp.png,seattle-wa,270219,BUB8ZqiwgVm7YgldSIyD6Q,False,1.69982,0,0,1,0,0,0,0,0,0,0,5e-06,2e-06,0.008981,0.0,0.0,1.9e-05,9e-06,0.0,6e-06,0.0
gsv-seattle-4374-CurbRamp.png,seattle-wa,4374,LcHHGFemEOr-NGieevZOUQ,False,91.471478,1,0,0,0,0,1,0,0,1,0,0.999982,1.2e-05,0.0,1.8e-05,0.0,1.7e-05,0.001275,0.0,0.267677,0.0
gsv-seattle-17679-CurbRamp.png,seattle-wa,17679,H_NHVBvvvPxdcU_iZaSVHw,False,14.824362,1,0,0,0,0,0,0,0,0,0,0.999999,0.009493,0.0,0.000173,0.0,0.0,0.002265,8.7e-05,1e-05,0.0
gsv-seattle-41509-CurbRamp.png,seattle-wa,41509,GAFSz0ETppBl3q5fRzs6uA,False,12.46348,1,0,0,0,0,0,0,0,0,0,0.999949,1.9e-05,0.0,1.3e-05,0.0,0.0,9e-06,0.0,1e-05,0.0
gsv-seattle-83383-CurbRamp.png,seattle-wa,83383,OIiNkxt0Qssqq7_P-t_ZUw,True,18.341138,0,0,0,0,0,0,0,0,0,0,1e-06,3.8e-05,2e-06,0.0,0.0,0.806813,2e-06,0.0,2e-06,1e-06
gsv-seattle-106853-CurbRamp.png,seattle-wa,106853,z9x6wQPfP_gqykloKhHHQg,False,265.75115,0,0,0,0,0,0,0,0,0,0,3e-06,8.9e-05,0.0,0.0,0.0,6.8e-05,3e-06,0.0,0.0,1e-06
gsv-seattle-244286-CurbRamp.png,seattle-wa,244286,3NyLysE7Kvmjd7phK9u4Ew,True,13.622098,1,0,0,0,0,1,0,0,0,0,0.999938,0.0,0.0,1.1e-05,0.0,0.987136,4e-06,0.0,2e-06,0.0
gsv-seattle-3009-CurbRamp.png,seattle-wa,3009,md8PvNjMGRPwmRfD8dA-aQ,False,106.800635,1,0,0,0,0,0,0,0,0,0,0.999999,9.2e-05,0.0,0.0,0.0,0.000465,4e-06,0.0,2e-06,0.0
gsv-seattle-178663-CurbRamp.png,seattle-wa,178663,1mTop0mEEf25ccmB4TMkiQ,False,136.866651,0,0,0,0,0,0,0,0,0,0,2e-06,0.0,0.0,0.0,0.0,0.000636,3e-06,0.0,0.0,3e-06
gsv-seattle-1457-CurbRamp.png,seattle-wa,1457,MFJhr0rKEw5plNZvipa9UA,True,11.466854,0,0,0,0,0,0,0,0,0,0,2e-06,1e-06,2e-06,0.0,0.0,1e-06,1e-06,0.0,0.0,1e-06
gsv-seattle-81510-CurbRamp.png,seattle-wa,81510,58cJsbvIG5I1tyyyQv3rKw,True,19.078084,0,0,0,0,0,0,0,0,0,0,1e-05,1.4e-05,0.0,2e-06,0.0,0.0,2e-06,0.0,1.4e-05,9e-06
gsv-seattle-263736-CurbRamp.png,seattle-wa,263736,8kry-TG55W8m7oJeeSG8ig,False,299.652351,0,0,0,0,0,0,0,0,0,0,4e-06,0.0,1e-06,2e-06,0.0,1e-06,1e-06,0.0,7.6e-05,1.3e-05
gsv-seattle-234408-CurbRamp.png,seattle-wa,234408,xC0EvxF4Wf_oLMATUUHx0A,True,4.605696,0,0,0,0,0,0,0,0,0,0,0.0,7e-06,0.0,0.0,0.0,1.7e-05,1.1e-05,0.0,0.0,1.3e-05
gsv-seattle-83767-CurbRamp.png,seattle-wa,83767,lymj0K8OMLbl61ytUaK6GQ,False,275.312536,0,0,0,0,0,0,0,0,0,0,2e-06,1.5e-05,0.0,1e-06,0.0,0.0,3e-06,0.0,2.6e-05,1e-06
gsv-seattle-115426-CurbRamp.png,seattle-wa,115426,Uizg5wxz66SaYiwl38Ul4A,False,86.059432,1,0,0,0,0,0,0,0,0,0,0.999997,0.000182,1e-06,0.0,0.0,1.4e-05,2e-06,0.0,0.0,0.0
gsv-seattle-273451-CurbRamp.png,seattle-wa,273451,-jQ974qPmWwJ4UtN4jbHeQ,False,8.163784,0,0,0,0,0,1,0,0,1,0,0.999167,2.1e-05,0.00653,0.000654,0.0,0.994718,0.002509,6e-06,0.005956,0.0
gsv-seattle-132590-CurbRamp.png,seattle-wa,132590,LwUG4YSEITzBilrv6azddA,True,3.560218,0,0,0,0,0,0,0,0,0,0,0.0,0.0,0.0,1e-05,0.0,4.4e-05,0.0,0.0,9e-06,2e-05
gsv-seattle-179332-CurbRamp.png,seattle-wa,179332,47yeI7OL557V7a10GnXqXQ,False,139.419827,1,0,0,0,0,0,0,0,1,0,1.0,2e-06,0.0,1e-06,0.0,0.000214,2.7e-05,2e-06,7.5e-05,0.0
gsv-seattle-238383-CurbRamp.png,seattle-wa,238383,F_hryqwrFXS2ClHDxWfP4A,False,14.965904,1,0,0,0,0,1,0,0,0,0,1.0,2e-06,0.0,0.0,0.0,0.018499,2e-06,1e-06,0.0,0.0
gsv-seattle-84962-CurbRamp.png,seattle-wa,84962,x_v-7xelBQC1qU7nw7jRuw,False,102.061122,0,0,0,0,0,0,0,0,0,0,8.8e-05,0.0,1.4e-05,2e-06,0.0,0.0,1e-06,2e-06,1e-06,0.0
gsv-seattle-165785-CurbRamp.png,seattle-wa,165785,9tFT_JG3wKEHux5Rswlabg,False,1.960914,1,0,0,0,0,0,0,0,0,0,0.999653,1.7e-05,0.0,0.0,0.0,0.0,2e-06,0.0,1e-06,0.0
gsv-seattle-265320-CurbRamp.png,seattle-wa,265320,DpaX38U1ku0ilWp7GOlkOA,False,220.507844,0,0,0,0,0,0,0,0,0,0,1e-06,1e-06,0.0,4.3e-05,0.0,0.0,2.9e-05,1e-06,4e-06,5.4e-05
gsv-seattle-202390-CurbRamp.png,seattle-wa,202390,KyoTTuCPuyQYbW8nnw0Gbw,False,148.08495,0,0,0,0,0,0,0,0,0,0,2e-06,0.0,4e-06,0.0,0.0,1e-06,0.0,1e-06,0.0,1.1e-05
gsv-seattle-262939-CurbRamp.png,seattle-wa,262939,1g279uJy5M_7O5qPk07Qpw,False,419.109874,1,0,0,0,0,0,0,0,0,0,1.0,9e-06,0.0,4.9e-05,0.0,2.9e-05,5e-05,3e-06,0.000392,0.0
gsv-seattle-120865-CurbRamp.png,seattle-wa,120865,sYjL9qRywHucJ-3lurzH6A,False,104.216921,1,0,0,0,0,0,0,0,0,0,0.999991,1e-05,0.0,4e-06,0.0,7e-06,2.2e-05,0.0,0.0,0.0
gsv-seattle-227100-CurbRamp.png,seattle-wa,227100,o49Zn7s9pvVtmcDoxzT3gA,True,1.188356,1,0,0,0,0,1,0,0,0,0,0.999994,0.000228,0.0,1e-06,0.0,0.155537,1e-06,0.0,0.0,0.0
gsv-seattle-241930-CurbRamp.png,seattle-wa,241930,dmP-KHIYahGVtMmsn9qKqw,False,7.385868,0,0,0,0,0,0,0,0,0,0,2e-06,3e-06,0.0,3e-06,0.0,1e-06,4e-06,0.0,0.0,3e-06
gsv-seattle-52318-CurbRamp.png,seattle-wa,52318,IqEqx1CLFUYzanC5iz_yPQ,False,85.853935,1,0,0,0,0,0,0,0,0,0,0.999984,0.0,0.0,1e-06,0.0,0.000202,1e-06,0.0,0.0,0.0
gsv-seattle-237077-CurbRamp.png,seattle-wa,237077,LXK8C_zBMlF0ObIXQo4zTg,False,12.262993,0,0,0,0,0,0,0,0,0,0,1.4e-05,0.0,1e-06,3e-06,0.0,2e-06,3e-06,0.0,0.0,1e-06
gsv-seattle-205579-CurbRamp.png,seattle-wa,205579,uGc_gcFHof2rSUx2NHXMLQ,True,2.449224,0,0,0,0,0,0,0,0,0,0,2e-06,0.001139,0.0,3e-06,0.0,0.0,2e-05,0.0,4.9e-05,0.0
gsv-seattle-145910-CurbRamp.png,seattle-wa,145910,nzXEjqz5sFjWpZ6Nk1WGhw,True,0.16973,1,0,0,0,0,1,0,0,0,0,0.999955,2e-06,0.0,0.0,0.0,0.623594,1e-06,0.0,0.0,0.0
gsv-seattle-260178-CurbRamp.png,seattle-wa,260178,wsprOOgHFT1SdBk9zmbkSA,False,94.55435,1,0,0,0,0,0,0,0,0,0,0.999807,1e-06,1e-06,1.8e-05,0.0,0.0,2.9e-05,0.0,8e-06,0.0
gsv-seattle-132617-CurbRamp.png,seattle-wa,132617,VZt6zSyfqDi4aPUfhTRuCA,True,3.955096,0,0,0,0,0,0,0,0,0,0,5.8e-05,0.0,3e-06,0.0,0.0,0.000393,2e-06,0.0,1e-06,0.0
gsv-seattle-240826-CurbRamp.png,seattle-wa,240826,DTUNsrUXUpJltNCAFjeToA,False,0.724652,0,0,0,0,0,1,0,0,0,0,0.000109,0.0,0.0,3e-06,0.0,0.016238,1e-06,0.0,0.0,0.0
gsv-seattle-191209-CurbRamp.png,seattle-wa,191209,t9bIhR8gBzh9c9UnBlETQw,True,0.643117,0,0,0,0,0,0,0,0,0,0,0.0,1.2e-05,1e-06,0.0,0.0,1.2e-05,0.0,0.0,9e-06,0.000295
gsv-seattle-273466-CurbRamp.png,seattle-wa,273466,4uvgm9-5FuPsaxuevBYVZw,True,10.537381,0,0,0,0,0,0,0,0,0,0,0.20992,1e-06,0.0,3.1e-05,0.0,0.0,7e-06,0.0,2e-06,0.0
gsv-seattle-193162-CurbRamp.png,seattle-wa,193162,iZFMW4idLMh8DFkDLjLhnQ,False,347.483179,1,0,0,0,0,0,0,0,0,0,0.999944,6e-06,2e-06,1.1e-05,0.0,0.0,2e-06,6.6e-05,4e-06,0.0
gsv-seattle-17917-CurbRamp.png,seattle-wa,17917,lgY-XWFDyK6Z3dqBQNk5vQ,False,230.637719,1,0,0,0,0,1,0,0,0,0,0.999996,0.000197,0.0,3e-06,0.0,0.999893,1.5e-05,4.1e-05,9e-06,0.0
gsv-seattle-191055-CurbRamp.png,seattle-wa,191055,521qFBsGM8OM7_3vVrcClQ,False,42.452171,0,0,0,0,0,0,0,0,0,0,6e-06,0.0,8e-06,0.0,0.0,0.0,2e-06,0.0,6e-06,4e-06
gsv-seattle-2790-CurbRamp.png,seattle-wa,2790,KNAbXuDajY98pr5hQt4zJw,True,13.186378,1,0,0,0,0,0,0,0,1,0,0.999999,8e-06,2e-06,4e-06,0.0,0.0,6e-06,8e-06,1.3e-05,0.0
gsv-seattle-99193-CurbRamp.png,seattle-wa,99193,ih4s35lVCZGmFWThF1rrUQ,True,9.6415,0,0,0,0,0,0,0,0,0,0,0.0,4e-06,1e-06,1e-06,0.0,0.0,1e-06,0.0,2e-06,6e-06
gsv-seattle-186552-CurbRamp.png,seattle-wa,186552,8I5LpjrozHM9Rbo17xb8-Q,False,250.89443,1,0,0,0,0,0,0,0,0,0,0.999999,1e-06,0.0,2e-06,0.0,0.000499,1e-06,1e-06,0.0,0.0
gsv-seattle-162475-CurbRamp.png,seattle-wa,162475,mIXkXRXaT2YoocbTX59qCQ,True,9.711449,1,0,0,0,0,0,0,0,0,0,0.999999,0.0,1e-06,0.000108,0.0,0.000589,1e-06,7e-06,0.0,0.0
gsv-seattle-127243-CurbRamp.png,seattle-wa,127243,P0O7rq-kDAMZxxpo2rZPKw,True,2.804027,0,0,0,0,0,0,0,0,0,0,3e-06,0.0,0.0,0.0,0.0,3e-06,1e-06,0.0,0.0,0.0
gsv-seattle-58990-CurbRamp.png,seattle-wa,58990,oGu46pbfsPWai0WeUHNoyg,False,20.023084,0,0,0,0,0,0,0,0,0,0,0.000306,0.0,0.0,7.2e-05,0.0,0.000215,0.000192,0.0,1.6e-05,0.0
gsv-seattle-104181-CurbRamp.png,seattle-wa,104181,-BHPjKRKrAqaoD7NuvNpxg,True,4.769289,0,0,0,0,0,0,0,0,0,0,6.7e-05,0.0,0.0,1e-06,0.0,4e-06,0.0,0.0,1e-06,0.0
gsv-seattle-236556-CurbRamp.png,seattle-wa,236556,q5Y22O1FX0kF6DV8FnLXvA,False,70.855876,1,0,0,0,0,0,0,0,0,0,0.999998,0.000264,1.2e-05,0.0,0.0,0.0,1e-06,0.0,0.0,0.0
gsv-seattle-8627-CurbRamp.png,seattle-wa,8627,2Ef3jIjH2Qaopj8GkcHqqg,True,2.518386,1,0,0,0,0,0,0,0,0,0,0.999998,1.7e-05,0.0,1e-06,0.0,0.002142,1e-06,0.0,0.0,0.0
gsv-seattle-263455-CurbRamp.png,seattle-wa,263455,XkYJGTmNVdCmcfGfQClKyA,True,5.402444,0,0,0,0,0,0,0,0,0,0,2e-06,0.001617,0.003361,1e-06,0.0,0.0,4e-06,4e-06,1e-06,1e-06
gsv-seattle-104219-CurbRamp.png,seattle-wa,104219,WgWwnqApJzz5RauDxcIq6Q,True,14.967507,1,0,0,0,0,1,0,0,0,0,0.999999,0.02203,0.0,1.3e-05,0.0,0.882819,1e-05,0.0,1e-06,0.0
gsv-seattle-13707-CurbRamp.png,seattle-wa,13707,HHknLHNYKr6YJoI6Rfgwrg,False,100.140806,0,0,0,0,0,0,0,0,0,0,5e-06,0.0,0.0,1e-06,0.0,0.000821,4e-06,0.0,0.000709,1e-06
gsv-seattle-72553-CurbRamp.png,seattle-wa,72553,1jrN_CfCISFuUl3AfYLRqg,False,442.345305,0,0,0,0,0,0,0,0,0,0,0.999837,0.0,0.0,1e-06,0.0,0.0,1e-06,0.0,6e-06,0.0
gsv-seattle-35133-CurbRamp.png,seattle-wa,35133,sVve408ylMCwsnG7zjjzeA,True,7.649746,0,0,0,0,0,0,0,0,0,0,0.0,2e-06,4.8e-05,0.0,0.0,5.3e-05,1e-06,0.0,0.0,3e-06
gsv-seattle-207150-CurbRamp.png,seattle-wa,207150,AV_eLjXp9hra0s9EhnqHQQ,False,214.891424,1,1,0,0,0,0,0,0,0,0,0.999965,6.9e-05,1e-06,0.0,0.0,0.000188,1e-06,0.0,3e-06,0.0
gsv-seattle-120966-CurbRamp.png,seattle-wa,120966,f7GpVU2GvhP1TPXStzeiaQ,False,134.802726,0,0,0,0,0,0,0,0,0,0,3e-06,0.0,0.0,1e-06,0.0,4e-06,5e-06,0.0,0.0,1e-06
gsv-seattle-171530-CurbRamp.png,seattle-wa,171530,wHj7mV9U3aRXGAiblJ4RZQ,False,109.268749,0,0,0,0,0,0,0,0,0,0,5e-06,0.0,0.0,0.0,0.0,0.002937,1e-06,0.0,0.0,1e-06
gsv-seattle-99115-CurbRamp.png,seattle-wa,99115,NkE-H9wul95zw3NS-RHwAA,False,210.079021,1,1,1,0,0,0,0,0,0,0,0.999986,1e-05,1e-06,0.0,0.0,1.8e-05,1e-06,0.0,0.0,0.0
gsv-seattle-226454-CurbRamp.png,seattle-wa,226454,qEB_vI1kM6u187ZjlgEkrA,False,209.298293,0,0,0,0,0,0,0,0,0,0,1e-06,4e-06,0.0,0.0,0.0,0.00114,1e-06,0.0,0.0,1e-06
gsv-seattle-238704-CurbRamp.png,seattle-wa,238704,x5sDl9_Ot3dS3E7478c6yg,False,184.986771,0,0,0,0,0,0,0,0,0,0,2e-06,0.0,7e-06,0.0,0.0,1e-06,1e-06,0.0,1e-06,4e-06
gsv-seattle-133931-CurbRamp.png,seattle-wa,133931,8-X36Br3xUcJZ8fuQoOxpQ,True,15.246228,1,0,0,0,0,0,0,0,0,0,0.573707,1e-06,0.0,0.0,0.0,0.0,2e-06,0.0,0.0,0.0
gsv-seattle-75730-CurbRamp.png,seattle-wa,75730,re2hcUdb3ApVppWd9QXMiQ,True,10.544272,0,0,0,0,0,0,0,0,0,0,0.012405,1e-06,0.000382,1e-06,0.0,0.0,1e-05,0.0,2e-06,0.0
gsv-seattle-123212-CurbRamp.png,seattle-wa,123212,PXxw-Jee5ArV-OuDmuKItA,False,15.333395,0,0,0,0,0,0,0,0,0,0,1e-06,0.0,1.3e-05,0.0,0.0,0.004047,0.0,0.0,0.0,1.8e-05
gsv-seattle-161381-CurbRamp.png,seattle-wa,161381,RcGxD4RAgSfhQ_NYRFMB9w,False,11.430975,0,0,0,0,0,0,0,0,0,0,0.0,0.0,0.0,2e-06,0.0,7.4e-05,2e-06,0.0,0.0,1.8e-05
gsv-seattle-263667-CurbRamp.png,seattle-wa,263667,a1UvHcyRtTxLFYfUGBZEBg,False,21.121561,0,0,0,0,0,0,0,0,0,0,1.5e-05,1e-06,0.0,4e-06,0.0,0.0,3e-06,0.0,1e-06,0.0
gsv-seattle-265576-CurbRamp.png,seattle-wa,265576,zRVqz3z2dWoaOmU_bmrHjA,False,24.362988,0,0,0,0,0,0,0,0,0,0,1e-06,0.0,0.0,1e-06,0.0,1e-06,9e-06,0.0,0.00013,3e-06
gsv-seattle-98948-CurbRamp.png,seattle-wa,98948,XqCVtl1uJ_sbvepKknKudw,True,12.374903,1,0,0,0,0,0,0,0,0,0,0.999999,1e-06,0.0,0.000818,0.0,3e-06,6e-06,5e-06,0.0,0.0
gsv-seattle-44932-CurbRamp.png,seattle-wa,44932,ip5p-E0ymYIItKSjfr8OBw,False,187.064349,0,0,0,0,0,0,0,0,0,0,0.0,0.0,0.0,0.0,0.0,0.000438,2e-06,0.0,1e-06,1e-06
gsv-seattle-16453-CurbRamp.png,seattle-wa,16453,v8kerNBMwT9A3iX6nnkcEA,False,15.362229,1,0,0,0,0,1,0,0,0,0,0.999996,2e-06,1e-06,0.0,0.0,3e-06,2e-06,0.0,1.8e-05,0.0
gsv-seattle-30421-CurbRamp.png,seattle-wa,30421,FziGgmkHrSUmIMuuznPDjQ,True,10.931083,0,0,0,0,0,0,0,0,0,0,5e-06,0.0,0.0,2e-06,0.0,1.7e-05,4e-06,0.0,0.0,2e-06
gsv-seattle-193294-CurbRamp.png,seattle-wa,193294,XkZBUOOyndujClOvTwbtIA,False,61.189601,0,0,0,0,0,0,0,0,0,0,2e-06,1e-06,0.0,0.0,0.0,0.005677,2e-06,0.0,4e-06,0.0
gsv-seattle-97598-CurbRamp.png,seattle-wa,97598,MaBXGC2o8TDhxyrZZ5eNXw,True,19.760949,1,0,0,0,0,0,0,0,0,0,7.7e-05,0.0,0.0,0.0,0.0,0.000858,1e-06,0.0,0.0,1e-06
gsv-seattle-109704-CurbRamp.png,seattle-wa,109704,7y7aXG8-pMIGXuHbyjRz9Q,False,116.353652,0,0,0,0,0,0,0,0,0,0,4e-06,0.0,1e-06,0.0,0.0,1e-06,1e-06,0.0,0.0,1e-06
gsv-seattle-67636-CurbRamp.png,seattle-wa,67636,mtWXDZVtYJ6Jht2fOAYvKw,True,5.356756,0,0,0,0,0,1,0,0,0,0,1e-06,1.2e-05,0.0,0.0,0.0,1e-06,3e-06,0.0,0.0,4.7e-05
gsv-seattle-158020-CurbRamp.png,seattle-wa,158020,fHIroYZQkTATwFGFBAuAEA,True,3.524972,0,0,0,0,0,0,0,0,0,0,1e-06,0.0,0.0,2e-06,0.0,3.9e-05,1e-06,1e-06,0.0,4.5e-05
gsv-seattle-98418-CurbRamp.png,seattle-wa,98418,zDbrrFje0ydDHq1cC5RARg,False,102.319453,1,1,0,0,0,0,0,0,0,0,0.999997,0.025257,0.0,0.0,0.0,0.000828,1e-06,0.0,0.0,0.0
gsv-seattle-151099-CurbRamp.png,seattle-wa,151099,l1U_izzIyFb8256ZiVhAow,False,187.248145,1,0,0,0,0,0,0,0,0,0,0.999992,5.8e-05,0.0,6e-06,0.0,0.0,1e-06,1e-06,5e-06,0.0
gsv-seattle-136642-CurbRamp.png,seattle-wa,136642,qgOvCpLphrSMvGUpebyHKA,False,159.741584,1,0,0,0,0,1,0,0,0,0,0.999997,4e-06,0.0,4e-06,0.0,2e-06,1e-06,0.0,0.0,0.0
gsv-seattle-153194-CurbRamp.png,seattle-wa,153194,zq4IyJTPGwe22t-oF1Xv6A,False,280.083785,1,0,0,0,0,0,0,0,0,0,0.999986,1e-06,0.0,0.000152,0.0,0.005442,2.9e-05,0.0,0.0,0.0
gsv-seattle-163998-CurbRamp.png,seattle-wa,163998,spdXmF_73IM16Y1EDcC56A,False,120.960541,0,0,0,0,0,0,0,0,0,0,2.4e-05,3.1e-05,0.0,0.00012,0.0,2.2e-05,7e-06,0.0,0.0,3e-06
gsv-seattle-99462-CurbRamp.png,seattle-wa,99462,TXNTLnRc3_IOGE2Ct1KfCg,False,185.860174,1,0,0,0,0,0,0,0,0,0,0.999998,7e-06,1e-06,0.0,0.0,5.4e-05,1e-06,0.0,0.0,0.0
gsv-seattle-270816-CurbRamp.png,seattle-wa,270816,b17px-qNlqgD1nN3Kcx6HQ,True,11.530715,0,0,1,0,0,1,0,0,0,0,0.0,1.7e-05,3e-06,0.0,0.0,0.002694,3e-06,0.0,0.0,1e-06
gsv-seattle-104619-CurbRamp.png,seattle-wa,104619,6NEnq1Ueg4wysoWQVFG6dA,False,122.987002,1,0,0,0,0,1,0,0,0,0,0.999977,0.0,0.0,0.000545,0.0,1e-06,1.2e-05,1e-06,1.4e-05,0.0
gsv-seattle-95432-CurbRamp.png,seattle-wa,95432,rMCwDPO44YdeL85SPrLOmA,True,6.87191,0,0,0,0,0,0,0,0,0,0,3e-06,4e-06,0.0,6.1e-05,0.0,0.0,8e-06,0.0,1e-06,5e-06
gsv-seattle-259950-CurbRamp.png,seattle-wa,259950,toI2PytfZY3uanpcx6SphQ,False,146.391159,1,0,0,0,0,0,0,0,1,0,0.999999,6e-06,0.000351,4.4e-05,0.0,2e-06,5e-06,0.06342,0.965507,1e-06
gsv-seattle-28661-CurbRamp.png,seattle-wa,28661,-_1Yg68XQsuuioeUyLpAkg,False,24.234192,0,0,0,0,0,0,0,0,0,0,0.0,1e-06,8e-06,0.0,0.0,2e-06,1e-06,0.0,0.0,1.5e-05
gsv-seattle-161378-CurbRamp.png,seattle-wa,161378,rPsCsKSQk8CPiY_yXIgVZQ,False,10.114984,0,0,0,0,0,0,0,0,0,0,0.0,0.00012,0.0,0.0,0.0,0.001165,4e-06,0.0,0.0,1e-06
gsv-seattle-179929-CurbRamp.png,seattle-wa,179929,2byW1ooIaN40VeEvsHIUlQ,False,630.506114,0,0,0,0,0,0,0,0,0,0,8e-06,0.0,0.0,1e-06,0.0,6e-06,5e-06,0.0,0.0,9e-06
gsv-seattle-42701-CurbRamp.png,seattle-wa,42701,ZVGSw452HCsc0BdqKEk1Xg,True,12.073789,0,0,0,0,0,0,0,0,0,0,4e-06,2e-06,0.0,1e-06,0.0,0.0,1.3e-05,0.0,0.0,1e-06
gsv-seattle-2644-CurbRamp.png,seattle-wa,2644,nmfhBecANPyHGiiIQqQrhQ,True,24.572636,1,0,0,0,0,0,0,0,0,0,0.999997,3.1e-05,0.0,3e-06,0.0,3e-06,2e-06,0.0,0.0,0.0
gsv-seattle-38136-CurbRamp.png,seattle-wa,38136,gTnn6wUgO0CDb11_lSkykQ,True,13.580769,0,0,0,0,0,0,0,0,0,0,0.0,1e-06,1e-05,0.0,0.0,1e-06,2e-06,0.0,2e-06,1.6e-05
gsv-seattle-143675-CurbRamp.png,seattle-wa,143675,geY2u3x-VThFb8CK7aTZJQ,False,131.174442,1,0,0,0,0,0,0,0,0,0,0.999995,4e-06,0.0,0.001154,0.0,2e-06,4e-06,1e-06,1e-06,0.0
gsv-seattle-241932-CurbRamp.png,seattle-wa,241932,A2_nSbGRJ7Aa4CorTbxntA,False,106.798338,0,0,0,0,0,0,0,0,0,0,0.0,7e-06,6.5e-05,0.003438,0.0,0.015719,2.4e-05,1e-05,7.8e-05,6e-06
gsv-seattle-52982-CurbRamp.png,seattle-wa,52982,CBQXeEKUplDz3FOn9NKLWw,False,178.09347,1,0,0,0,0,0,0,0,0,0,0.999998,2e-06,0.0,4e-06,0.0,0.000211,1e-06,0.0,0.0,0.0
gsv-seattle-39391-CurbRamp.png,seattle-wa,39391,wUGWrilbscEocmSE_Q70dA,False,202.525706,0,0,0,0,0,1,0,0,0,0,0.0,0.000605,0.0,0.0,0.0,1e-06,8e-06,0.0,2e-06,4.4e-05
gsv-seattle-98611-CurbRamp.png,seattle-wa,98611,D-V3JYBxUB8YjL7-iHbOzg,False,66.050886,1,1,0,0,0,0,0,0,1,0,1.0,0.967306,1.5e-05,4.5e-05,0.0,3.7e-05,1e-06,1.9e-05,3e-06,0.0
gsv-seattle-157692-CurbRamp.png,seattle-wa,157692,hAMSEFwZRNH8LNNAYvWhmA,True,1.328638,0,0,0,0,0,0,0,0,0,0,2e-06,1e-06,0.0,0.0,0.0,0.025571,2e-06,0.0,1e-06,0.0
gsv-seattle-74311-CurbRamp.png,seattle-wa,74311,OqfauxLmFDE_yT_5VFBg4w,False,9.596524,1,0,0,0,0,0,0,0,0,0,0.999611,5e-06,0.0,2e-06,0.0,5e-06,0.0,0.0,0.0,0.0
gsv-seattle-255694-CurbRamp.png,seattle-wa,255694,OL3S5d0HDLqm9l4DivJQCw,False,4.991907,1,0,0,0,0,0,0,0,1,0,0.417025,0.0,1e-06,8e-06,0.0,1e-06,0.006972,0.0,0.055603,0.0
gsv-seattle-251111-CurbRamp.png,seattle-wa,251111,LQK8F3WCEFAvw_HI1a3HvQ,False,14.514724,0,0,0,0,0,0,0,0,0,0,1e-06,4e-06,0.0,0.0,0.0,8e-06,3e-06,0.0,1e-06,0.0
gsv-seattle-123434-CurbRamp.png,seattle-wa,123434,vMM6dzvOWqwA4rstg2HG9w,False,89.921015,1,0,0,0,0,0,0,0,0,0,1.0,3.7e-05,0.0,8e-06,0.0,0.000428,5e-06,0.0,7.4e-05,0.0
gsv-seattle-183878-CurbRamp.png,seattle-wa,183878,cmn0Ddcbv8z7GN3AO-oYPw,True,2.581505,0,0,0,0,0,0,0,0,0,0,7e-06,0.0,0.0,5e-06,0.0,0.00845,2e-06,0.0,0.0,8e-06
gsv-seattle-245294-CurbRamp.png,seattle-wa,245294,__Yhjo6U0-6pw-WB1T76qw,False,47.284922,0,0,0,0,0,1,0,0,0,0,6.1e-05,0.0,1e-06,0.0,0.0,0.001505,1e-06,0.0,0.0,0.0
gsv-seattle-161890-CurbRamp.png,seattle-wa,161890,F6GE_Suewv5pIYTimhW4Qw,False,63.290864,1,0,0,0,0,0,0,0,0,0,0.999999,8e-06,9.2e-05,0.0,0.0,7e-06,2e-06,5e-06,2e-06,0.0
gsv-seattle-1680-CurbRamp.png,seattle-wa,1680,yR51O4ESGrxvZxlaO6bi7A,False,146.053409,0,0,0,0,0,1,0,0,0,0,0.000152,0.0,0.0,4e-06,0.0,7.5e-05,0.0,0.0,0.0,0.0
gsv-seattle-239134-CurbRamp.png,seattle-wa,239134,J-LyyWdtFkzsyhYOojz_ug,True,6.081465,0,1,0,0,0,0,0,0,0,0,0.008863,0.0,6e-06,0.0,0.0,0.0,2e-06,0.0,0.000146,0.0
gsv-seattle-98844-CurbRamp.png,seattle-wa,98844,s_sY-MxsMVVi_O735h8CUg,True,1.709511,0,0,0,0,0,0,0,0,0,0,3.3e-05,3e-06,1e-06,0.0,0.0,8.7e-05,1e-06,0.0,0.0,0.0
gsv-chicago-19358-CurbRamp.png,chicago-il,19358,2fgDsyBUYmbyac7tmHo5XQ,True,6.002121,0,0,0,0,0,0,0,0,1,0,0.019335,0.000314,5e-06,0.009291,0.0,1e-06,0.0,0.0,0.970458,4.3e-05
gsv-chicago-7876-CurbRamp.png,chicago-il,7876,MUT63ovp57QKBjMxrpoGYQ,True,7.601513,1,0,0,0,0,0,0,0,0,0,0.999188,1.2e-05,0.0,4e-06,0.0,0.0,1e-06,0.0,1.2e-05,0.0
gsv-chicago-9408-CurbRamp.png,chicago-il,9408,e48Exbo2JVhQOzoOxG8jbg,True,0.172483,0,0,0,0,0,0,0,0,0,0,6e-06,1e-06,0.0,8.4e-05,0.0,0.0,1.2e-05,0.0,5e-06,0.000112
gsv-chicago-11129-CurbRamp.png,chicago-il,11129,rlShuWgDAhs_3FjPhsrYuQ,True,4.135731,0,1,0,0,0,0,0,0,0,0,0.0,0.000342,0.0,1e-05,0.0,0.147644,1e-06,2e-06,1e-06,0.956823
gsv-chicago-8119-CurbRamp.png,chicago-il,8119,95x8PunGORZi487MZSbL4w,True,17.963238,0,0,0,0,0,0,0,0,0,0,0.0,2.4e-05,0.0,1.1e-05,0.0,0.001913,1e-06,1e-06,0.0,0.095938
gsv-chicago-9577-CurbRamp.png,chicago-il,9577,yFz_wzbAq0Ac3hjpzL_bbA,True,3.272016,0,0,0,0,0,0,0,0,0,0,1e-06,0.0,0.0,2e-06,0.0,0.003841,1e-06,0.0,0.0,9.6e-05
gsv-chicago-3039-CurbRamp.png,chicago-il,3039,H7Wdfh_4xpvhjSEFOyxs4g,False,15.064024,0,0,0,0,0,1,0,0,0,0,0.0,0.0,0.328817,0.0,0.0,0.000746,0.0,0.0,0.0,0.001716
gsv-chicago-9923-CurbRamp.png,chicago-il,9923,Dx4nj-FZ1j2cTWGKofNZ9g,True,0.596988,0,0,0,0,0,0,0,0,0,0,0.0,2.1e-05,2e-06,1e-06,0.0,0.0,0.0,3e-06,0.0,0.015251
gsv-chicago-1565-CurbRamp.png,chicago-il,1565,oF8Bx0KvESGZSa3fiTFVpQ,True,9.967433,0,0,0,0,0,0,0,0,0,0,3e-06,1e-06,0.0,2e-06,0.0,0.0,3e-06,0.0,1e-06,0.004155
gsv-chicago-11680-CurbRamp.png,chicago-il,11680,q2oYmhuCev8MDqvalO7xcA,False,107.961883,1,0,0,0,0,0,0,0,0,0,0.999999,3.8e-05,0.012492,0.014056,0.0,0.527796,2e-06,5e-06,2e-05,0.0
gsv-chicago-20506-CurbRamp.png,chicago-il,20506,BjoA0BxfrSbzu4_qhJzB6A,False,140.185909,0,0,0,0,0,0,0,0,0,0,3e-06,0.0,2e-06,0.0,0.0,0.0,1e-06,1e-06,7.4e-05,0.000923
gsv-chicago-16345-CurbRamp.png,chicago-il,16345,iE-Q0S-jqZCaAKlTjZE73w,False,90.567057,0,1,0,0,0,0,0,0,0,0,0.0,0.001294,1e-06,5e-06,0.0,0.0,2e-06,1e-06,2.3e-05,0.001441
gsv-chicago-10998-CurbRamp.png,chicago-il,10998,J8YJsSU0WQYJPFJkAlFZbg,False,4.844156,0,1,0,0,0,0,0,0,0,0,1e-06,0.00147,1e-06,0.079916,0.0,0.0,1e-06,0.000968,0.000287,0.232393
gsv-chicago-18102-CurbRamp.png,chicago-il,18102,wDh4WC3iF3uX8Ai6yp6vHQ,True,3.881071,1,0,0,1,0,0,0,0,1,0,0.999986,0.000163,0.0,0.954285,0.0,2e-06,0.000225,0.007684,0.007494,1e-05
gsv-chicago-9899-CurbRamp.png,chicago-il,9899,thJ5a6_nxMo2KIly_YHO8Q,True,16.530901,0,0,0,0,0,0,0,0,0,0,1e-06,0.0,1e-06,1e-06,0.0,0.020363,1e-06,1e-06,0.0,0.005262
gsv-chicago-2803-CurbRamp.png,chicago-il,2803,w-FpPUVlGURNqZdFX-XLHg,False,0.784615,0,0,0,0,0,0,0,0,0,0,1e-06,0.0,1e-06,0.0,0.0,1e-06,0.0,0.0,0.0,3e-05
gsv-chicago-17146-CurbRamp.png,chicago-il,17146,y1DDDxt-zecCZlNpj6HpYA,True,4.812551,1,0,0,0,0,0,0,0,1,0,0.999998,0.0,4.5e-05,5e-06,0.0,0.0,4e-06,2e-06,0.004811,0.0
gsv-chicago-12788-CurbRamp.png,chicago-il,12788,Yem4xpf7DTNf9teiPonn_Q,False,181.044825,1,0,0,0,0,0,0,0,0,0,1.0,0.00018,1.1e-05,5e-06,0.0,0.0,2e-06,2.7e-05,0.0,0.0
gsv-chicago-17442-CurbRamp.png,chicago-il,17442,47nsNbnwoXxMGITAcp18Lg,True,3.435814,1,0,0,1,0,0,0,0,0,0,0.999998,1e-06,0.0,0.000626,0.0,2.9e-05,4e-06,0.000727,0.992969,0.0
gsv-chicago-2874-CurbRamp.png,chicago-il,2874,7isK2c-aoCI3_aB8X84FTg,True,0.845822,0,0,0,0,0,0,0,0,0,0,0.01714,0.003212,0.0,0.006047,0.0,0.0,3e-06,0.0,0.0,2e-06
gsv-chicago-1245-CurbRamp.png,chicago-il,1245,0bcM2qyE5dVlbdToF1iIhw,True,13.110223,1,1,0,0,0,0,0,0,0,0,0.99998,0.03354,0.0,3e-06,0.0,1.2e-05,0.0,1.7e-05,1e-05,0.0
gsv-chicago-10798-CurbRamp.png,chicago-il,10798,i3Z6Wyylpo5DxbIVFT8AYQ,True,2.34913,0,0,0,0,0,0,0,0,1,0,7e-06,0.0,0.0,4.8e-05,0.0,2e-06,1.2e-05,0.0,0.000573,3.3e-05
gsv-chicago-2531-CurbRamp.png,chicago-il,2531,rWXuu-Q-xdl-YXPYRgYX8g,True,7.053869,1,0,0,0,0,0,0,1,0,0,0.999993,0.0,0.0,0.001463,0.0,0.0,6e-06,0.000538,0.009647,0.0
gsv-chicago-10566-CurbRamp.png,chicago-il,10566,A36bUfZJdwf286MN_7NTww,True,2.561313,0,0,0,0,0,0,0,0,0,0,0.0,0.396337,1e-06,4.6e-05,0.0,1e-06,3e-06,0.000308,0.027077,0.004684
gsv-chicago-6019-CurbRamp.png,chicago-il,6019,_91X98ZVnhE1hYEVROEC4g,True,0.533401,1,1,0,0,0,1,0,1,1,0,0.999989,0.000438,1.3e-05,0.003867,0.0,0.002925,0.0,0.002227,0.036708,0.0
gsv-chicago-19415-CurbRamp.png,chicago-il,19415,6NegC0muPoMeeFFrlRqRBw,True,9.383424,1,0,0,0,0,1,0,0,0,0,0.999999,2.4e-05,0.0,9.4e-05,0.0,0.0,2e-06,1e-06,0.0227,0.0
gsv-chicago-6318-CurbRamp.png,chicago-il,6318,hR6Zcp5_63nTrsx2kJ_kbA,False,225.675619,0,0,0,0,0,0,0,0,0,0,1e-05,0.496015,0.0,0.0,0.0,0.0,5e-06,1e-06,8e-06,5.9e-05
gsv-chicago-1243-CurbRamp.png,chicago-il,1243,k_OoXWHoHmIbFPJ5HYVSzA,False,12.642946,0,0,0,0,0,1,0,0,1,0,0.0,3.9e-05,0.005552,0.005374,0.0,0.406542,1e-06,1e-06,0.001515,0.244012
gsv-chicago-11123-CurbRamp.png,chicago-il,11123,vyCURZ8UThSFuc29vEvk1g,True,2.214868,0,0,0,0,0,0,0,0,0,0,1e-06,6.9e-05,1e-06,0.0,0.0,0.0,0.0,2e-06,0.000292,0.004062
gsv-chicago-43055-CurbRamp.png,chicago-il,43055,yUq_JA12Ihoj7Kjf_cs66Q,True,2.732314,0,0,0,0,0,0,0,0,0,0,0.018004,0.0,0.0,0.0,0.0,0.000421,2e-06,0.0,1e-06,0.0
gsv-chicago-10614-CurbRamp.png,chicago-il,10614,7gg2z3j4kFPUGngHIHENpg,False,11.623687,0,0,0,0,0,1,0,0,0,0,1e-06,0.0,1e-06,0.0,0.0,6e-06,1e-06,0.0,3e-05,2e-06
gsv-chicago-743-CurbRamp.png,chicago-il,743,oS_0qvx6ZlgyXm0aHzd_IA,False,32.947395,0,0,0,0,0,0,0,0,0,0,8e-06,0.0,0.0,8.7e-05,0.0,1.1e-05,1e-06,1e-06,0.0,0.018141
gsv-chicago-106-CurbRamp.png,chicago-il,106,n9hoZScKGa4OAnuS5vqLew,True,2.937652,1,0,0,0,0,0,0,0,1,0,0.999801,0.000222,2e-06,0.0,0.0,1.5e-05,0.0,0.00117,0.383308,0.0
gsv-chicago-28991-CurbRamp.png,chicago-il,28991,L-49xd-3qPUGEZlx-BzjsA,True,4.337211,0,0,0,0,0,0,0,0,1,0,0.999972,0.9118,8e-06,3e-06,0.0,0.0,4e-06,3e-06,0.008639,0.0
gsv-chicago-28882-CurbRamp.png,chicago-il,28882,hJrSG1Ywl3qWYUPsjUCdGQ,True,3.797391,0,0,0,0,0,0,0,0,1,0,0.0,0.000143,0.002117,0.0,0.0,0.0,8e-06,0.0,0.22073,0.000259
gsv-chicago-10554-CurbRamp.png,chicago-il,10554,UDqKn9WzCohOQ68qlcgAHQ,True,0.510276,0,0,0,0,0,0,0,0,0,0,0.0,0.0007,1e-06,9e-06,0.0,0.0,0.0,1e-06,5e-06,0.000478
gsv-chicago-3324-CurbRamp.png,chicago-il,3324,jphhXoZFL8sNbC26myRQPQ,False,126.141105,0,0,0,0,0,0,0,0,0,0,0.000336,0.0,0.0,1e-06,0.0,0.0,4.1e-05,0.0,0.000477,2e-06
gsv-chicago-2471-CurbRamp.png,chicago-il,2471,laJvBJwUDh_oEOmBlUcaNQ,True,5.876971,1,0,0,0,0,0,0,0,0,0,0.999996,2e-06,1e-06,0.004043,0.0,0.0,1e-06,1.2e-05,1.7e-05,0.0
gsv-chicago-7858-CurbRamp.png,chicago-il,7858,XDpvl00S2hPWFbnpGNZPIQ,False,20.08284,0,0,0,0,0,1,0,0,0,0,1e-06,1e-06,1e-05,2.2e-05,0.0,0.996834,2e-06,0.0,0.0,0.004658
gsv-chicago-17331-CurbRamp.png,chicago-il,17331,N-M6cnxvqHLmzzNeo_Nmhw,True,14.750609,1,0,0,0,0,0,0,0,1,0,0.999829,1e-05,8e-06,0.434047,0.0,1e-06,2e-06,1.9e-05,0.999891,2e-06
gsv-chicago-10684-CurbRamp.png,chicago-il,10684,O0-W_DdXzq4iXX0mnxitiw,True,17.673248,0,0,0,0,0,1,0,0,0,0,0.000105,3e-06,0.001147,3e-06,0.0,0.997714,0.0,1.4e-05,0.0,0.010458
gsv-chicago-3477-CurbRamp.png,chicago-il,3477,PJlXqFBABl1ZZAypDQQkPA,False,67.259117,0,0,0,0,0,0,0,0,0,0,0.0,0.000161,2e-06,2e-06,0.0,5e-06,0.0,0.0,0.0,0.001805
gsv-chicago-6147-CurbRamp.png,chicago-il,6147,pMyKdfpv7nEmnncgMr0tQw,False,66.814308,1,0,0,0,0,0,1,0,0,0,0.999988,0.020542,0.0,0.930836,0.0,0.0,2.9e-05,0.0,0.002924,0.0
gsv-chicago-8469-CurbRamp.png,chicago-il,8469,1LomRL1ore78IHxhvdlmLw,True,0.613099,1,1,0,0,0,0,0,0,0,0,0.999996,0.0,0.000117,3e-05,0.0,0.000293,1e-06,2.4e-05,1e-06,0.0
gsv-chicago-15245-CurbRamp.png,chicago-il,15245,NPde_4BI7stAmPwjDsmxuw,True,15.260756,1,0,0,0,0,0,0,0,1,0,0.999999,1e-06,1e-06,0.49555,0.0,0.000352,0.035186,0.000744,0.553119,6e-06
gsv-chicago-8455-CurbRamp.png,chicago-il,8455,PF1AYBTEc0z2_Qb0wg9gFw,True,0.912948,0,0,0,0,0,0,0,0,1,0,0.999998,0.007363,0.0,7e-06,0.0,0.0,1e-06,3e-06,0.000357,0.0
gsv-chicago-20718-CurbRamp.png,chicago-il,20718,wu6sIdQq4IOvuSuypU_H7g,True,1.367657,0,0,0,0,0,0,0,0,0,0,2e-06,0.0,0.0,0.006154,0.0,1e-06,1e-06,0.0,0.000286,0.003474
gsv-chicago-9619-CurbRamp.png,chicago-il,9619,VPtZsnepatrsQNEF2UdE1w,False,16.719288,0,1,0,0,0,0,0,0,0,0,2e-06,3e-06,0.098847,0.0,0.0,2.3e-05,0.000224,0.0,0.001593,1e-06
gsv-chicago-16446-CurbRamp.png,chicago-il,16446,71CSlT1IwXYrMU8llEqUVg,True,5.380079,1,0,0,0,0,0,0,0,1,0,0.999991,0.001191,1e-06,0.922811,0.0,7e-06,9e-06,0.489302,0.999934,2.3e-05
gsv-chicago-19945-CurbRamp.png,chicago-il,19945,wnkk3iGN7A6o5JtMPzSuYQ,False,240.7202,0,0,0,0,0,0,0,0,1,0,1e-06,0.000384,0.000323,0.535261,0.0,0.0,9.4e-05,3.4e-05,0.994833,0.002471
gsv-chicago-3163-CurbRamp.png,chicago-il,3163,ymqTQx1CO4U-1jBnnY5fnw,True,4.826719,0,0,0,0,0,0,0,0,0,0,0.000144,0.0,1e-06,1e-06,0.0,1e-06,1e-05,1e-06,0.0,0.00014
gsv-chicago-10690-CurbRamp.png,chicago-il,10690,AXBNpKe7I_T7KIaiDZdXvQ,False,1.329252,1,0,0,1,0,0,0,0,0,0,0.999995,1e-06,2.9e-05,0.0,0.0,1e-06,1e-06,0.0,6.6e-05,0.0
gsv-chicago-11675-CurbRamp.png,chicago-il,11675,t9UN98AaaZ6uyWVd0e-CMw,True,0.998204,0,0,0,0,0,0,0,0,0,0,0.013229,0.0,0.0,1.1e-05,0.0,0.020885,3e-06,0.0,0.0,4e-06
gsv-chicago-6321-CurbRamp.png,chicago-il,6321,hR6Zcp5_63nTrsx2kJ_kbA,False,204.26416,1,0,0,0,0,0,0,0,0,0,0.999942,0.000222,0.0,0.000166,0.0,0.0,1e-06,0.0,0.000113,0.0
gsv-chicago-6156-CurbRamp.png,chicago-il,6156,FjYKR3dK7k9Hop8Xs5c25Q,True,9.466421,1,1,0,0,0,0,0,0,0,0,1.0,8.7e-05,0.0,0.000248,0.0,0.0,2e-06,1e-06,0.002461,0.0
gsv-chicago-7848-CurbRamp.png,chicago-il,7848,8CY2P8BrDTpxPxzUzDwf_A,True,7.349315,1,1,0,0,0,0,1,0,0,0,0.999999,0.000398,1e-06,0.313248,0.0,0.0,0.000435,8.6e-05,0.00839,0.0
gsv-chicago-1459-CurbRamp.png,chicago-il,1459,6fR5pDm3T8Po7B0oF7I-1w,True,0.964014,0,0,0,0,0,0,0,0,0,0,0.0,0.000148,1.1e-05,0.000178,0.0,0.0,0.0,1.3e-05,1e-06,0.768717
gsv-chicago-11076-CurbRamp.png,chicago-il,11076,3gIEmmwzo-a_QhyScIvXtA,False,0.682556,0,0,0,0,0,1,0,0,0,0,7e-06,5e-06,5e-06,0.0,0.0,1e-06,0.0,0.0,0.030249,9e-06
gsv-chicago-15643-CurbRamp.png,chicago-il,15643,wdwVp5GmU61z00ohgSKtUA,True,6.347416,0,0,0,0,0,0,0,0,0,0,0.011925,1e-06,1e-06,1e-06,0.0,0.0,0.0,0.0,0.0,0.0
gsv-chicago-43071-CurbRamp.png,chicago-il,43071,n1SINlHsW6A5oM8kyFbUfg,True,15.837221,0,0,0,0,0,1,0,0,0,0,0.000154,0.01055,0.0,2e-06,0.0,9e-06,0.0,0.0,1.5e-05,1e-06
gsv-chicago-22161-CurbRamp.png,chicago-il,22161,iYSvC_aqRZbmKhWdC5omLw,False,156.13474,0,0,0,0,0,0,0,0,0,0,0.0,0.000197,7.4e-05,0.0,0.0,2e-06,1e-06,0.0,0.0,1.6e-05
gsv-chicago-9327-CurbRamp.png,chicago-il,9327,mW_Q9gZjytwQOLW1ZbEvzg,True,3.54093,0,0,0,0,0,0,0,0,0,0,0.541847,0.00346,0.0,0.000267,0.0,0.0,4e-06,0.0,0.992887,0.0
gsv-chicago-9383-CurbRamp.png,chicago-il,9383,PmwvFe-wRvH-z41sr2wmUw,False,10.73674,0,0,0,0,0,0,0,0,0,0,1e-06,6.6e-05,0.0,2e-06,0.0,0.0,0.0,0.0,0.0,2.7e-05
gsv-chicago-15700-CurbRamp.png,chicago-il,15700,m-C2-HkgiRylDn5tECfhJA,True,5.138488,0,0,0,0,0,0,0,0,0,0,1e-06,0.0,0.000117,1e-06,0.0,1.2e-05,1e-06,0.0,1e-06,2e-06
gsv-chicago-2291-CurbRamp.png,chicago-il,2291,7PVAQtn9xlagSSsqmO9YPA,True,1.775926,0,0,0,0,0,0,0,0,0,0,0.0,0.0,1e-05,0.0,0.0,5.2e-05,0.0,0.0,8e-06,0.000939
gsv-chicago-43062-CurbRamp.png,chicago-il,43062,yUq_JA12Ihoj7Kjf_cs66Q,True,2.989914,0,0,0,0,0,0,0,0,0,0,0.965325,0.0,1.7e-05,1e-06,0.0,0.0,0.0,0.0,1e-06,0.0
gsv-chicago-927-CurbRamp.png,chicago-il,927,UqgL7NZDw7Zdi07VJCqK1w,True,5.235835,0,0,0,0,0,0,0,0,0,0,7e-06,0.0,0.0,3e-06,0.0,0.0,0.0,0.0,2e-06,6e-06
gsv-chicago-135-CurbRamp.png,chicago-il,135,InwNIrgOQJl1zXb6X-gWWA,False,67.104721,0,0,0,0,0,0,0,0,0,0,0.0,0.0,1.1e-05,1e-06,0.0,3.7e-05,0.0,2e-06,0.0,0.013087
gsv-chicago-3153-CurbRamp.png,chicago-il,3153,yiwvXBNLkV2ss5_veSm3vg,False,0.950577,0,0,0,0,0,0,0,0,0,0,1e-06,0.0,0.0,0.0,0.0,1e-06,0.0,0.0,6.4e-05,0.00023
gsv-chicago-523-CurbRamp.png,chicago-il,523,POxnc-t5f-TUcQ7lPFm_lQ,True,11.569744,0,0,0,0,0,0,0,0,0,0,0.0,4e-06,0.0,0.0,0.0,1e-06,0.0,0.0,0.0003,0.010274
gsv-chicago-2200-CurbRamp.png,chicago-il,2200,UzhP-Vjw3SOYmeW6OT13bQ,True,0.220641,0,0,0,0,0,0,0,0,0,0,3e-06,1e-06,0.0,0.0,0.0,1e-06,1e-06,0.0,4.1e-05,0.0
gsv-chicago-480-CurbRamp.png,chicago-il,480,_W-X-7EmqnUZ3_vHd2RQPQ,False,26.658563,0,0,0,0,0,0,0,0,0,0,0.200566,0.146556,0.003961,0.001602,4e-06,0.00302,0.002216,0.006372,0.158158,0.123422
gsv-chicago-937-CurbRamp.png,chicago-il,937,_iC0-_BSQX5t5C60DQiiIg,True,5.81829,0,0,0,0,0,0,0,0,0,0,0.0,2e-06,1.1e-05,4e-06,0.0,5.2e-05,0.0,0.0,0.000126,0.000233
gsv-chicago-1909-CurbRamp.png,chicago-il,1909,8RkajyyzgBsmPtrt5xhR9Q,True,0.078273,0,0,0,0,0,0,0,0,1,0,3.7e-05,8.1e-05,1.9e-05,2e-06,0.0,1e-06,3.2e-05,0.0,0.999879,9e-06
gsv-chicago-5588-CurbRamp.png,chicago-il,5588,QuS_6RuJg1oIGSasguXZZg,True,0.680215,0,0,0,0,0,0,1,0,0,0,0.00042,5e-06,7e-05,3e-06,0.0,0.000234,0.99257,1e-06,0.040854,1.4e-05
gsv-chicago-11026-CurbRamp.png,chicago-il,11026,uc9VZomPktvytOgQ4Dp7Bw,True,8.781071,0,0,0,0,0,0,0,0,0,0,1e-06,3e-06,2e-06,0.0,0.0,1e-06,8e-06,0.0,0.025372,0.001326
gsv-chicago-8150-CurbRamp.png,chicago-il,8150,tiDsVt7bN52zymSBLZ_AZw,False,56.479092,0,0,0,0,0,1,0,0,0,0,0.009018,0.0,0.0,0.003285,0.0,0.001491,2e-06,0.0,0.000206,1e-06
gsv-chicago-550-CurbRamp.png,chicago-il,550,HmDTe-jrNLgPRciHLchq5g,False,0.411072,1,0,0,0,0,0,0,0,1,0,1.0,0.000459,7e-06,0.000277,0.0,0.0,2e-06,1.6e-05,0.712873,0.0
gsv-chicago-1878-CurbRamp.png,chicago-il,1878,D2XmwbxFjoip5fS1nakmxQ,True,0.403868,0,0,0,0,0,0,0,0,0,0,0.0,2.2e-05,7e-06,0.0,0.0,0.0,0.0,0.0,1e-06,0.001306
gsv-chicago-10393-CurbRamp.png,chicago-il,10393,97G2t9dhbIOH6KyzAo9I3A,False,2.045752,1,0,0,0,0,0,1,0,1,0,0.999994,0.003266,1e-06,0.275501,0.0,0.0,0.279245,0.000122,0.22918,0.0
gsv-chicago-10109-CurbRamp.png,chicago-il,10109,U-oblQDHgJGBcEXlvDjaDQ,True,5.636824,0,0,0,0,0,0,0,0,1,0,0.998939,0.058187,0.0,4.5e-05,0.0,0.0,3e-05,0.0,0.000367,0.0
gsv-chicago-10766-CurbRamp.png,chicago-il,10766,1SOEReoFhKp4s2VaRuG2xQ,True,13.859451,0,0,0,0,0,1,0,0,0,0,1.5e-05,0.0,0.0,2.2e-05,0.0,0.999314,5e-06,0.0,0.0,0.000299
gsv-chicago-7432-CurbRamp.png,chicago-il,7432,8B0EpeL4V8QdSm_zaurMnw,True,4.008129,0,0,0,0,0,0,0,0,0,0,4.3e-05,1e-06,0.0,0.000889,0.0,0.0,1e-06,0.0,0.002839,6e-06
gsv-chicago-2164-CurbRamp.png,chicago-il,2164,plb9lq-cpOf_2jPcHOVgyQ,False,2.967264,0,0,0,0,0,0,0,0,1,0,2e-06,1e-05,0.0,1e-06,0.0,0.0,8e-06,0.0,0.0,1.7e-05
gsv-chicago-10598-CurbRamp.png,chicago-il,10598,4X797DmXEhhIa0DTmNz7qQ,True,8.042066,0,0,0,0,0,0,0,0,1,0,0.000747,4e-06,0.0,0.011908,0.0,2e-06,1e-06,3.3e-05,0.992284,0.000911
gsv-chicago-10722-CurbRamp.png,chicago-il,10722,FoVAf8iFgc7W1PEOWsnaeA,True,4.058945,0,0,0,0,0,0,0,0,0,0,2.1e-05,0.0,1e-06,1e-06,0.0,3e-06,0.0,1.3e-05,0.000104,0.010143
gsv-chicago-851-CurbRamp.png,chicago-il,851,CkuZ28LtfmcUI2XH5Qud1g,True,2.437535,0,0,0,0,0,0,0,0,0,0,0.9999,3e-06,0.0,3e-06,0.0,1e-05,1e-06,0.0,0.000238,0.0
gsv-chicago-1303-CurbRamp.png,chicago-il,1303,gIg3ZQhJE_D0NRl7mTSRtg,True,3.633945,0,0,0,0,0,0,0,0,0,0,1e-06,1e-06,0.0,8e-06,0.0,4.6e-05,0.0,0.0,2e-06,0.715696
gsv-chicago-2219-CurbRamp.png,chicago-il,2219,vuRokZp9DXhqiYbbF0v55w,True,3.704881,0,0,0,0,0,0,0,0,0,0,3e-06,2e-06,2e-06,2e-06,0.0,1e-06,5e-06,1e-06,0.0,0.000364
gsv-chicago-5234-CurbRamp.png,chicago-il,5234,UFRh5ciE4mMgj_6Zbgifeg,True,6.162762,0,0,0,0,0,0,0,0,0,0,4e-06,0.0,0.0,1e-06,0.0,0.0,7e-06,0.0,1e-06,8e-06
gsv-chicago-6649-CurbRamp.png,chicago-il,6649,PT9NTS2H6oj26qttf7WoVQ,True,3.663683,0,0,0,0,0,0,0,0,0,0,2e-06,0.0,0.0,3e-06,0.0,0.00012,0.0,0.0,1.8e-05,9e-06
gsv-chicago-12596-CurbRamp.png,chicago-il,12596,l83bW1ewJr9SueOh7p7q-A,False,29.112097,1,0,0,0,0,0,0,0,0,0,0.999996,0.0,0.0,6.4e-05,0.0,1e-06,4e-06,0.0,1e-06,0.0
gsv-chicago-1200-CurbRamp.png,chicago-il,1200,8RkajyyzgBsmPtrt5xhR9Q,True,0.125308,0,0,0,0,0,0,0,0,0,0,2.6e-05,6.7e-05,0.0,1.5e-05,0.0,0.0,1e-06,0.0,0.013273,0.000153
gsv-chicago-2813-CurbRamp.png,chicago-il,2813,pfZQV9tFkXsKd9RoacU2Uw,True,5.757141,0,0,0,0,0,0,0,0,0,0,2e-06,0.000168,0.0,8e-06,0.0,0.0,3e-06,0.0,7e-06,5.7e-05
gsv-chicago-411-CurbRamp.png,chicago-il,411,7forUcdCQ2ndprYtCgpuNQ,True,15.828524,0,0,0,0,0,0,0,0,0,0,0.999817,0.0,0.0,3.9e-05,0.0,0.000561,2e-06,0.0,0.0,0.0
gsv-chicago-17645-CurbRamp.png,chicago-il,17645,DGAw-5Pjl1PZGfmn_ru5Xw,True,0.12652,1,0,0,0,0,0,0,0,0,0,1.0,0.79685,4.2e-05,0.0,0.0,3e-06,1e-06,2e-06,0.0,0.0
gsv-chicago-7149-CurbRamp.png,chicago-il,7149,8bUD-oICWMZ_oG5P3HAF4A,True,6.445326,0,0,0,0,0,0,0,0,0,0,5e-06,0.0,2e-06,0.001312,0.0,0.0,2e-06,5e-06,5e-06,0.38419
gsv-chicago-4706-CurbRamp.png,chicago-il,4706,ufTaMDKgOWTLR0rJkYjDZg,True,0.472889,0,0,0,0,0,0,0,0,0,0,0.0,0.341807,0.000168,0.0,0.0,0.0,1e-06,5e-06,0.031071,0.000264
gsv-chicago-3315-CurbRamp.png,chicago-il,3315,plB39FH5_9dSPtKhdK23Pg,False,116.644923,0,0,0,0,0,0,0,0,1,0,0.0,7e-06,3e-06,2e-06,0.0,0.0,1e-06,0.0,0.000386,0.634857
gsv-chicago-2117-CurbRamp.png,chicago-il,2117,Fs8_hZdkUMjl9pDfEW46Wg,False,0.454307,0,0,0,0,0,0,0,0,1,0,3e-06,1e-06,0.000172,1e-06,0.0,0.0,0.0,0.0,0.725078,2e-06
gsv-chicago-7441-CurbRamp.png,chicago-il,7441,kN6g0gc6xNGKgZJVEdE-yw,True,10.194358,0,0,0,0,0,0,0,0,0,0,0.744874,0.0,0.0,5e-06,0.0,0.0,2e-06,0.0,6e-06,0.0
gsv-chicago-17988-CurbRamp.png,chicago-il,17988,wzcXG-X67UrrlDoJ2vsoFw,False,112.699107,1,0,0,0,0,0,1,0,1,0,0.999998,0.002347,0.000556,0.023541,0.0,4e-06,0.071281,0.752561,0.949904,1e-06
gsv-chicago-3524-CurbRamp.png,chicago-il,3524,8bUD-oICWMZ_oG5P3HAF4A,True,2.447354,0,0,0,0,0,0,0,0,0,0,0.0,1.1e-05,0.0,7e-06,0.0,2e-06,2e-06,0.0,0.0,0.000612
gsv-chicago-10116-CurbRamp.png,chicago-il,10116,i3Z6Wyylpo5DxbIVFT8AYQ,True,9.524409,1,0,0,0,0,0,0,0,0,0,0.000551,0.0,2.1e-05,0.0,0.0,1.4e-05,0.0,0.0,9e-06,2e-06
gsv-chicago-21043-CurbRamp.png,chicago-il,21043,2ESzRLbP4-S8tUdQX4URcQ,False,4.984341,1,1,0,0,0,0,0,0,1,0,0.999996,0.000294,5e-06,0.004503,0.0,5e-06,9e-05,2.6e-05,0.999958,0.0
gsv-chicago-17627-CurbRamp.png,chicago-il,17627,DGAw-5Pjl1PZGfmn_ru5Xw,True,3.53071,1,0,0,0,0,0,0,0,0,0,0.999997,0.0,9e-06,0.000127,0.0,0.0,7e-06,3e-06,5e-06,0.0
gsv-chicago-43034-CurbRamp.png,chicago-il,43034,K05wEEZpmtBfkxHMDOCmNw,True,5.111194,0,0,0,0,0,0,0,0,1,0,0.009757,1e-06,0.0,0.000364,0.0,2e-06,6e-06,7.9e-05,0.999887,0.036121
gsv-chicago-15998-CurbRamp.png,chicago-il,15998,yewlUUIIOD1IXhEDUwMhWA,False,103.786698,1,0,0,0,0,0,0,0,1,0,0.97539,1.9e-05,4e-05,0.000164,0.0,5.5e-05,0.000174,3e-06,0.999999,3e-05
gsv-chicago-4815-CurbRamp.png,chicago-il,4815,Kgx2Rjw3elJdMViQ89Sqmw,True,8.444384,0,0,0,0,0,0,0,0,0,0,0.0,0.002544,1e-06,4e-06,0.0,0.0,5e-06,2e-06,0.0,0.004381
gsv-chicago-19073-CurbRamp.png,chicago-il,19073,ETb-ywUu5vi41SaDK9zVxg,False,403.30328,1,0,0,0,0,0,0,0,1,0,0.99999,0.000281,1e-06,1e-06,0.0,0.0,1e-06,1e-06,0.930259,0.0
gsv-chicago-15026-CurbRamp.png,chicago-il,15026,x00sHXzGoH8orbNHIvPhTg,False,45.323727,1,0,0,0,0,0,0,0,1,0,0.999999,0.000663,0.010721,0.000178,0.0,0.0,0.0,0.39839,0.056827,0.0
gsv-chicago-10625-CurbRamp.png,chicago-il,10625,SdVcUhIx6Z1vI6bqCEDpJw,True,5.346938,0,0,0,0,0,1,0,0,0,0,0.0,6e-06,7.9e-05,0.0,0.0,0.011036,0.0,0.0,8e-06,0.557176
gsv-chicago-2412-CurbRamp.png,chicago-il,2412,GVfvb0YtOcp5I7bsP7j_pA,True,8.188306,0,0,0,0,0,0,0,0,0,0,0.0,0.001153,1.8e-05,0.0,0.0,5e-06,1e-06,0.0,0.0,0.030721
gsv-chicago-3054-CurbRamp.png,chicago-il,3054,E3il8vhw4iER9A9mrcseEg,True,0.609254,0,0,0,0,0,0,0,0,0,0,0.031025,0.0,1e-06,1.3e-05,0.0,5e-06,0.0,0.0,1e-06,0.0
gsv-chicago-13322-CurbRamp.png,chicago-il,13322,fs9ITJxzB-WTOY8BtZCBtw,False,1.416439,1,0,0,0,0,1,0,0,0,0,0.002257,0.0,0.0,2e-06,0.0,3e-06,2e-06,0.0,2e-06,0.0
gsv-chicago-28144-CurbRamp.png,chicago-il,28144,wSUVtCrV1q6i1foemojmIA,False,192.016764,0,0,0,0,0,1,0,0,0,0,6e-05,8e-06,9.6e-05,2e-06,0.0,3.2e-05,0.0,2e-06,9.6e-05,0.0
gsv-chicago-7259-CurbRamp.png,chicago-il,7259,ovNUptD5lvOISii0NsNEjw,False,60.700382,0,0,0,0,0,0,0,0,1,0,0.999994,8e-06,1e-06,0.123821,0.0,0.00013,6.2e-05,0.000967,0.728795,0.0
gsv-chicago-7194-CurbRamp.png,chicago-il,7194,jVgjZOxdyxsljsug14CIgQ,False,5.550564,0,0,0,0,0,0,0,0,0,0,2e-06,0.0,3e-06,0.0,0.0,1e-06,1e-06,0.0,0.000418,4e-06
gsv-chicago-10499-CurbRamp.png,chicago-il,10499,Xv3sE3VBncEfioFjtbeWsg,False,0.904781,0,0,0,0,0,0,0,0,0,0,0.0,2e-05,3e-06,1e-06,0.0,8e-06,0.0,5e-06,1.9e-05,0.988154
gsv-chicago-15258-CurbRamp.png,chicago-il,15258,Indj3BYk67t4x8GYg8iHbA,False,185.456603,1,0,0,1,0,0,0,0,0,0,1.0,3.6e-05,0.000787,0.986305,0.0,6e-06,7e-06,0.00994,0.327386,1e-06
gsv-chicago-13624-CurbRamp.png,chicago-il,13624,VsWuJJ2dIqqIpC_Djme_3w,False,30.31475,1,0,0,0,0,0,0,0,0,0,0.999997,7e-06,0.0,0.10742,0.0,0.0,1.7e-05,2e-06,0.000348,0.0
gsv-chicago-2616-CurbRamp.png,chicago-il,2616,62nwFloYQ_BbL7bjqp4_8Q,True,0.208574,1,0,0,0,0,0,0,0,0,0,1.0,0.0,1.1e-05,0.280281,0.0,0.867527,3e-06,0.01588,0.016876,3e-06
gsv-chicago-22578-CurbRamp.png,chicago-il,22578,T8hABaOqVlyv7Yrxey308Q,False,200.404958,0,0,0,0,0,0,0,0,1,0,0.0,1e-06,1e-06,2e-06,0.0,0.0,0.0,1e-06,1.6e-05,0.003946
gsv-chicago-28897-CurbRamp.png,chicago-il,28897,0GUznFGcut3t5bhjsC8SkA,False,119.61888,0,0,0,0,0,0,0,0,0,0,0.013608,0.0,0.0,0.012202,0.0,0.0,2e-06,0.0004,0.001801,0.000634
gsv-chicago-4360-CurbRamp.png,chicago-il,4360,ref2qlBYUn8GBGmaGCxaDA,True,0.274922,0,0,0,0,0,1,0,0,0,0,0.0,0.072369,0.053885,0.000331,0.0,0.000392,0.0,3e-06,0.0,0.002359
gsv-chicago-22455-CurbRamp.png,chicago-il,22455,Jr9DGZt8Cv9tdIw4aoT4Uw,True,4.263009,1,0,0,1,0,0,0,0,1,0,0.999996,1.1e-05,5.1e-05,7e-06,0.0,1.2e-05,3.1e-05,1e-06,0.358841,0.0
gsv-chicago-10999-CurbRamp.png,chicago-il,10999,J8YJsSU0WQYJPFJkAlFZbg,False,10.462725,0,0,0,0,0,0,0,0,0,0,0.0,4e-06,0.0,8e-06,0.0,0.0,1e-06,1.6e-05,2.7e-05,0.064189
gsv-chicago-2153-CurbRamp.png,chicago-il,2153,HMnQiIZ1i9dExM3uotMS2Q,True,0.488952,0,0,0,0,0,0,1,0,0,0,2e-06,1e-06,5.6e-05,1e-06,0.0,0.0,0.001483,1e-06,0.941757,0.065211
gsv-chicago-22555-CurbRamp.png,chicago-il,22555,LQGXNTHbNqE8Xfq-DKwXIg,False,335.221674,0,0,0,0,0,0,0,0,0,0,0.0,4e-06,1e-06,0.0,0.0,5.6e-05,0.0,0.0,7e-06,1.5e-05
gsv-chicago-8450-CurbRamp.png,chicago-il,8450,PF1AYBTEc0z2_Qb0wg9gFw,True,8.952184,0,0,0,0,0,0,0,0,0,0,0.999987,0.245152,8e-06,1e-06,0.0,0.0,1e-06,0.000165,0.035318,0.0
gsv-chicago-20482-CurbRamp.png,chicago-il,20482,CN00pGsU2WXHpuq3sZj-vQ,True,6.744233,0,0,0,0,0,0,0,0,0,0,0.0,8e-06,0.000473,3e-06,0.0,0.0,1e-06,4e-06,0.00091,0.014409
gsv-chicago-11095-CurbRamp.png,chicago-il,11095,UdNVaM9Iogh-pBdoDHhAcA,False,1.29233,0,0,0,0,0,1,0,0,0,0,0.0,2e-06,3.7e-05,2e-06,0.0,5e-06,0.0,1e-06,4e-06,0.015848
gsv-chicago-8378-CurbRamp.png,chicago-il,8378,yQUzO6eeAGEc6xsD0gsDHQ,True,5.352079,1,0,0,0,0,0,0,0,0,0,0.998291,0.0,0.0,4e-06,0.0,0.0,3e-06,0.0,2e-06,0.0
gsv-chicago-16910-CurbRamp.png,chicago-il,16910,OYatqUyfIYbzlAz3gmN_yg,False,166.314773,0,0,0,0,0,0,0,0,0,0,0.0,2e-06,0.0,6.9e-05,0.0,0.0,2e-06,1e-06,2e-06,0.006286
gsv-chicago-10488-CurbRamp.png,chicago-il,10488,wUHcYlUG_Ni7OhgqYU7o9A,True,2.76941,0,0,0,0,0,0,0,0,0,0,1e-06,1e-06,0.000111,2e-06,0.0,0.0,1e-06,1.8e-05,0.00228,2.2e-05
gsv-chicago-3068-CurbRamp.png,chicago-il,3068,WGGKkKH_Y17CL5Ieu-bXlA,False,110.700946,0,0,0,0,0,1,0,0,0,0,0.0,1e-06,0.035703,1e-06,0.0,0.003117,0.0,7e-06,0.003024,0.995107
gsv-chicago-10725-CurbRamp.png,chicago-il,10725,FoVAf8iFgc7W1PEOWsnaeA,True,1.196333,0,0,0,0,0,1,0,0,0,0,6.1e-05,0.0,0.0,1e-06,0.0,0.987536,3e-06,0.0,1e-06,0.035114
gsv-chicago-7839-CurbRamp.png,chicago-il,7839,STbkw8YZk1zGqJn95Jc-0A,True,2.279691,1,0,0,0,0,0,0,0,1,0,0.99979,0.0,0.0,3.6e-05,0.0,2e-06,9e-06,0.0,0.080826,0.0
gsv-chicago-7958-CurbRamp.png,chicago-il,7958,l2sL3r8ZeUtrHfyX8GJEZw,True,7.643821,1,0,0,0,0,0,0,0,0,0,0.999997,8e-06,0.0,3.6e-05,0.0,0.0,1e-06,3.5e-05,3.5e-05,0.0
gsv-chicago-9239-CurbRamp.png,chicago-il,9239,qBVV4txQL1FbXsPsOfBcWQ,True,0.710542,1,0,0,0,0,0,0,0,1,0,1.0,0.0,2e-06,2.3e-05,0.0,8e-06,1e-06,4e-06,0.385568,0.0
gsv-chicago-17659-CurbRamp.png,chicago-il,17659,F4pT9KbqYr3foE2LILDS-A,True,3.729179,1,0,0,0,0,0,0,0,0,0,0.999992,4e-06,0.0,3e-06,0.0,0.0,1e-06,0.0,0.016427,0.0
gsv-chicago-9114-CurbRamp.png,chicago-il,9114,aenRMn7oa02lhxEV1MnvzA,True,0.924774,0,0,0,0,0,0,0,0,0,0,0.004598,0.0,0.0,0.000144,0.0,1e-06,2e-06,0.0,0.0,1.9e-05
gsv-chicago-10546-CurbRamp.png,chicago-il,10546,bnv8vckNmiHOJC6mxBA9nA,True,1.853695,0,0,0,0,0,0,0,0,0,0,3e-06,0.0,0.0,0.578727,0.0,8.1e-05,4e-06,1e-06,0.351801,0.001754
gsv-chicago-5294-CurbRamp.png,chicago-il,5294,MbZSKyudoUczsrTlxV-ZSg,False,15.647532,0,0,0,0,0,0,0,0,0,0,0.0,0.000255,1.1e-05,0.0,0.0,0.0,1e-06,0.0,0.0,8e-06
gsv-chicago-841-CurbRamp.png,chicago-il,841,CKrWu9b_jaNmmJZnIw2GQg,True,0.139313,0,0,0,0,0,0,0,0,0,0,2.4e-05,1e-06,0.0,4e-05,0.0,1e-06,8e-06,1e-06,0.0,0.014971
gsv-chicago-17964-CurbRamp.png,chicago-il,17964,KGliUGAiUK3eWxR0job0aw,True,13.103085,1,0,0,0,0,0,0,0,0,0,0.999999,1.9e-05,0.0,0.000238,0.0,0.0,3e-06,1e-06,0.000138,0.0
gsv-chicago-12781-CurbRamp.png,chicago-il,12781,7I96_oPpzTB8T4uVAVHPUA,False,81.576518,0,0,0,0,0,0,0,1,0,0,0.922172,0.00012,8e-06,1e-06,0.0,0.0,0.0,7e-06,1e-06,0.0
gsv-chicago-7540-CurbRamp.png,chicago-il,7540,vPOicf2f7bB5DgBNZqH2_Q,False,87.030563,1,0,0,0,0,0,0,0,0,0,0.999995,0.0,0.012843,0.0,0.0,1e-06,1e-06,6e-06,0.000437,0.0
gsv-chicago-415-CurbRamp.png,chicago-il,415,ffm9E4O1p3xpdTAT0nAcsg,True,12.07144,0,0,0,0,0,0,0,0,0,0,8e-06,0.000125,0.0,1.3e-05,0.0,0.0,2e-06,0.0,0.000264,0.0
gsv-chicago-10697-CurbRamp.png,chicago-il,10697,biKzVf9nzfCR-Sdm09XfKw,False,7.283626,0,0,0,0,0,0,0,0,0,0,3e-06,1e-06,0.0,0.0,0.0,0.0,1e-06,0.0,0.000627,0.0
gsv-chicago-8154-CurbRamp.png,chicago-il,8154,1TrKrZQVqogPDGqKgiBLqg,False,56.66488,1,0,0,0,0,0,0,0,0,0,0.99999,0.000123,1e-06,0.000172,0.0,0.001557,1e-06,0.030935,0.205061,1e-06
gsv-chicago-11224-CurbRamp.png,chicago-il,11224,GlX2dUixxdG8chgcFctLNQ,True,5.196554,1,0,0,0,0,0,0,1,1,0,1.0,0.005782,1e-06,0.000462,0.0,0.0,1.6e-05,1e-06,0.714416,0.0
gsv-chicago-1815-CurbRamp.png,chicago-il,1815,A5-_7L5n3L8pNkbqo_IXrw,True,0.682755,0,0,0,0,0,0,0,0,0,0,1.3e-05,0.000451,0.0,9e-06,0.0,0.0,2e-06,1e-06,0.0,0.000109
gsv-chicago-4772-CurbRamp.png,chicago-il,4772,EBvGgoc1QAW2KRkH50_y4A,True,11.745218,1,0,0,0,0,0,0,0,0,0,0.999968,0.000134,4.4e-05,0.0,0.0,0.00134,0.0,0.0,0.022096,0.0
gsv-chicago-1568-CurbRamp.png,chicago-il,1568,oF8Bx0KvESGZSa3fiTFVpQ,True,3.311642,0,0,0,0,0,0,0,0,0,0,0.0,1e-06,2e-06,0.0,0.0,8e-06,0.0,0.0,0.0,0.001038
gsv-chicago-779-CurbRamp.png,chicago-il,779,dw9mYu0MInW4-4SwvkoUIQ,False,83.712281,0,0,0,0,0,0,0,0,0,0,1e-06,0.00125,0.013935,0.0,0.0,0.0,0.0,3.9e-05,0.001315,0.93757
gsv-chicago-2672-CurbRamp.png,chicago-il,2672,vDFkIDaStMr3XG4eCSny7g,False,1.209674,0,0,0,0,0,0,0,0,0,0,2e-06,0.0,0.0,8e-06,0.0,1e-06,2e-06,0.0,8e-06,0.042838
gsv-chicago-7288-CurbRamp.png,chicago-il,7288,bfZu1aUDsMV5tJ0De_8dxQ,False,17.270794,0,0,0,0,0,1,0,0,0,0,9e-05,0.0,0.0,0.0,0.0,0.211518,0.0,0.0,5e-06,5e-06
gsv-chicago-10914-CurbRamp.png,chicago-il,10914,vqWWF2PxMX_VUNpTVzpAhA,True,10.468211,1,0,0,0,0,0,0,0,0,0,0.935275,0.0,0.0,0.0,0.0,0.933979,1e-06,0.0,0.0,0.0
gsv-chicago-336-CurbRamp.png,chicago-il,336,v1Ok4DDh5EVotojWq7zrZw,False,96.591234,1,0,0,1,0,0,0,0,1,0,0.999999,0.775282,4e-06,0.0171,0.0,8e-06,5e-06,8.4e-05,0.999875,0.0
gsv-chicago-5021-CurbRamp.png,chicago-il,5021,gVW2ep3HLSv3ebH-LnlvXQ,True,11.864508,0,0,0,0,0,0,0,0,0,0,8e-06,0.0,0.0,0.0,0.0,2e-06,1e-06,0.0,9e-06,1.4e-05
gsv-chicago-963-CurbRamp.png,chicago-il,963,KF3kcN_-qojIRTbY9oWbLA,False,2.367215,1,0,0,0,0,1,0,0,0,0,0.999952,1e-06,1e-06,4.2e-05,0.0,0.999091,0.0,8e-06,0.0,0.0
gsv-chicago-46771-CurbRamp.png,chicago-il,46771,wSUXbsJP0RjtJSrYX7MLeQ,True,4.94269,0,0,0,0,0,0,0,0,1,0,0.009173,0.038409,0.0,0.001468,0.0,0.0,0.001749,0.0,0.191942,0.0
gsv-chicago-2755-CurbRamp.png,chicago-il,2755,-wmETaoMR3HSM1y2OeLYuw,True,2.157158,0,0,0,0,0,0,0,0,0,0,4.1e-05,1e-05,0.0,0.0,0.0,0.0,0.0,0.0,6e-06,1e-06
gsv-chicago-1282-CurbRamp.png,chicago-il,1282,_UW9UBo3l10J4kEkxLtYHg,True,0.329309,0,0,0,0,0,0,0,0,0,0,0.0,6.6e-05,0.0,0.0,0.0,0.0,1e-06,0.0,5.8e-05,0.297446
gsv-chicago-6750-CurbRamp.png,chicago-il,6750,6uAfnnGpvo-S7ImhGFKXvg,True,11.338146,0,0,0,0,0,0,0,0,0,0,2e-06,5e-06,0.0,0.0,0.0,0.0,0.0,0.0,0.0,1.4e-05
gsv-chicago-11239-CurbRamp.png,chicago-il,11239,WLoFMWyDch6uF2kDE9EZUQ,True,4.295322,0,0,0,0,0,0,0,0,0,0,1e-06,0.0,4e-06,4e-06,0.0,0.000298,0.0,1e-06,0.0,0.001502
gsv-chicago-4982-CurbRamp.png,chicago-il,4982,g4CIaTlzgg-A-ib4gKR_pw,True,8.153423,0,0,0,0,0,0,0,0,0,0,6e-06,1.4e-05,4e-06,0.0,0.0,0.0,8e-06,0.0,1e-06,0.000299
gsv-chicago-22116-CurbRamp.png,chicago-il,22116,xj2nzRUPOxBIOzslocrkUg,True,22.409208,0,0,0,0,0,0,0,0,0,0,1.2e-05,0.0,6e-06,1e-06,0.0,0.001852,1e-06,2e-06,8e-06,0.982158
gsv-chicago-8160-CurbRamp.png,chicago-il,8160,1TrKrZQVqogPDGqKgiBLqg,False,59.137016,0,0,0,0,0,0,0,0,0,0,5e-06,3.3e-05,0.998537,0.0,0.0,0.550391,2e-06,2e-06,0.001582,0.440429
gsv-chicago-22544-CurbRamp.png,chicago-il,22544,PMADFDWLuzC5uv7fVSJDdA,True,3.108867,0,0,0,0,0,1,0,0,0,0,9e-05,1e-06,1.2e-05,0.0,0.0,5.6e-05,0.0,0.0,0.0,0.0
gsv-chicago-18139-CurbRamp.png,chicago-il,18139,EhLv6MpkH0fX1BTIlshfow,False,0.253167,0,0,0,0,0,0,0,0,0,0,0.0,1.8e-05,0.0,1.1e-05,0.0,0.000181,1e-06,4e-06,5.4e-05,0.007561
gsv-chicago-21762-CurbRamp.png,chicago-il,21762,ims5VBi0yFjTZyjkfAFGYg,False,111.002727,1,0,0,0,0,0,0,0,1,0,0.999999,3e-06,2e-06,1.7e-05,0.0,1e-06,1e-06,0.0,0.010555,0.0
gsv-chicago-8222-CurbRamp.png,chicago-il,8222,vMaVo41kuBag9Bsc0Agf0A,True,2.257715,0,0,0,0,0,0,0,0,0,0,1e-06,0.0,2e-06,0.0,0.0,0.0,1e-06,0.0,4e-06,1e-06
gsv-chicago-9895-CurbRamp.png,chicago-il,9895,-ccMtEcrtDnRiz3meXk5kA,True,7.229202,1,0,0,0,0,0,0,0,0,0,0.999983,4e-06,1e-05,6.8e-05,0.0,0.0,0.0,3e-05,1e-06,0.0
gsv-chicago-19795-CurbRamp.png,chicago-il,19795,xLlD9OYv_R4Q0SPa1OU1gA,True,14.472291,1,0,0,0,0,0,0,0,1,0,0.999978,0.001826,4e-06,0.01564,0.0,0.0,9.5e-05,3e-06,0.999976,0.0
gsv-chicago-15291-CurbRamp.png,chicago-il,15291,dozNUSv5RV9uG7QdMGbRFg,False,217.53761,1,0,0,1,0,0,0,0,1,0,1.0,0.013755,0.0,0.793481,0.0,1e-06,5e-06,0.000544,0.014815,0.0
gsv-chicago-11124-CurbRamp.png,chicago-il,11124,vyCURZ8UThSFuc29vEvk1g,True,0.636335,0,0,0,0,0,0,0,0,0,0,0.0,0.146105,0.00211,0.0,0.0,8.3e-05,0.0,1e-06,0.0,0.862357
gsv-chicago-10485-CurbRamp.png,chicago-il,10485,TG1H2dSg00IyWnZ0-Av5qw,True,0.86616,0,0,0,0,0,0,0,0,1,0,1e-06,0.001691,0.000513,0.000106,0.0,2e-06,8e-06,4.2e-05,0.999989,0.012255
gsv-chicago-4521-CurbRamp.png,chicago-il,4521,ALHTHu2GzL9mSWW-9-eC1Q,True,9.671289,0,0,0,0,0,0,0,0,0,0,0.0,0.11709,4.7e-05,6e-06,0.0,0.0,3e-06,2e-06,0.005614,0.992718
gsv-chicago-749-CurbRamp.png,chicago-il,749,kkpwOB7UVrtY5_3SGfPdzw,False,0.887288,0,0,0,0,0,0,0,0,0,0,0.0,6.6e-05,1e-06,0.0,0.0,0.0,1e-06,0.0,0.0,0.000301
gsv-chicago-10493-CurbRamp.png,chicago-il,10493,z3BYkNlIB1qiMEVEeBc67Q,True,2.345808,0,1,0,0,0,0,0,0,0,0,4e-06,0.992605,1.9e-05,8e-06,0.0,0.0,2e-06,1e-05,0.019182,0.004858
gsv-chicago-11676-CurbRamp.png,chicago-il,11676,t9UN98AaaZ6uyWVd0e-CMw,True,0.432516,0,0,0,0,0,1,0,0,0,0,0.000897,0.0,0.0,1e-06,0.0,0.091074,5e-06,0.0,0.0,6e-06
gsv-chicago-869-CurbRamp.png,chicago-il,869,YeJvTYR-Vt-vn70Aimrr9g,True,12.931999,0,0,0,0,0,1,0,0,0,0,1e-06,1e-06,7.1e-05,0.0,0.0,0.940312,0.0,0.0,1e-06,0.32777
gsv-chicago-28-CurbRamp.png,chicago-il,28,ts6P8ubSQ-lR3AcL0Hvbbg,True,0.400389,1,1,0,0,0,0,0,1,0,0,0.999995,0.999953,4.9e-05,1e-06,0.0,2e-06,4e-06,0.001032,0.000809,0.0
gsv-chicago-10925-CurbRamp.png,chicago-il,10925,yeq3ffBVSJy1_E84u4OW_w,False,208.687482,1,0,0,1,0,0,0,0,0,0,0.999963,1e-06,1e-06,0.004293,0.0,5e-06,8e-06,1e-06,0.0,0.0
gsv-chicago-17269-CurbRamp.png,chicago-il,17269,PHatQdVdb1alOW1A1YXs0g,False,182.556514,1,0,0,1,0,1,0,1,1,0,0.999879,1e-06,0.000352,0.751024,0.0,1.1e-05,1e-06,1.3e-05,0.995993,0.0
gsv-chicago-3302-CurbRamp.png,chicago-il,3302,OUnZ9otssmarhHG3HQhARg,False,17.825535,0,0,0,1,0,0,0,1,0,0,7e-06,1e-06,1e-06,1.4e-05,0.0,0.0,2e-06,1e-06,0.0,6e-06
gsv-chicago-4801-CurbRamp.png,chicago-il,4801,sA4fQsPL5seP3YqEWJ__0A,False,38.089591,0,0,0,0,0,0,0,0,0,0,2e-06,0.0,1e-06,0.0,0.0,0.257499,0.0,0.0,0.0,0.004021
gsv-chicago-11328-CurbRamp.png,chicago-il,11328,hInMKoRaDwkJNIASWe67iw,False,51.391819,1,0,0,0,0,0,0,0,1,0,0.99998,0.00017,2.1e-05,0.591766,0.0,0.0,3e-06,0.192898,0.99993,5e-06
gsv-chicago-10994-CurbRamp.png,chicago-il,10994,uGOFwVX8eNb79ngMtbWa0A,True,3.783642,0,0,0,0,0,0,0,0,1,0,1e-06,0.005135,1e-06,0.0,0.0,0.00027,8e-06,2e-06,0.092199,1.5e-05
gsv-chicago-1511-CurbRamp.png,chicago-il,1511,bFYEz5hJEhiWkJja90n7HQ,True,0.990874,0,0,0,0,0,1,0,0,0,0,0.0,0.0,0.0,0.0,0.0,7.1e-05,0.0,0.0,0.0,0.000208
gsv-chicago-7526-CurbRamp.png,chicago-il,7526,ebEIHkUbVqOlga32pXTYdQ,True,2.226861,0,0,0,0,0,0,0,0,0,0,0.0,0.012268,0.000585,0.0,0.0,0.0,0.0,2e-06,0.004454,0.122503
gsv-chicago-7801-CurbRamp.png,chicago-il,7801,ep-ZU2iOK7zzKkgHTV0Jgw,True,0.247665,0,0,0,0,0,0,0,0,0,0,0.0,2e-05,1e-06,1e-06,0.0,1e-06,2e-06,1e-06,0.001501,0.987216
gsv-chicago-9881-CurbRamp.png,chicago-il,9881,im25ZcXz9GQ44QVK0bSSiQ,True,7.09692,1,1,0,0,0,0,0,0,0,0,0.994437,0.0,0.0,0.0,0.0,0.0,0.0,0.0,2.4e-05,0.0
gsv-chicago-9260-CurbRamp.png,chicago-il,9260,58Oovz3rcRPQI_Uoc-HX0w,True,8.948288,0,0,0,0,0,0,0,0,0,0,0.0,1e-06,0.0,0.0,0.0,1.2e-05,0.0,0.0,0.0,0.002
gsv-chicago-1563-CurbRamp.png,chicago-il,1563,oF8Bx0KvESGZSa3fiTFVpQ,True,14.113729,0,0,0,0,0,0,0,0,0,0,1e-06,1e-06,0.0,1e-06,0.0,7e-06,2e-06,0.0,0.0,1.6e-05
gsv-chicago-843-CurbRamp.png,chicago-il,843,CKrWu9b_jaNmmJZnIw2GQg,True,0.493904,0,0,0,0,0,0,0,0,0,0,1e-06,1e-06,0.0,1.5e-05,0.0,1e-06,0.0,1e-06,3e-06,0.003326
gsv-chicago-22577-CurbRamp.png,chicago-il,22577,T8hABaOqVlyv7Yrxey308Q,False,186.955381,0,0,0,0,0,0,0,0,0,0,2e-06,2e-06,0.0,6.2e-05,0.0,1e-06,2e-06,0.0,0.0,3e-05
gsv-chicago-10570-CurbRamp.png,chicago-il,10570,TEmPhNx3Pz8AThrrXdhD9A,True,0.346278,0,0,0,0,0,0,0,0,0,0,0.0,0.000354,6e-06,2e-06,0.0,0.0,1e-06,1e-06,0.000711,0.979102
gsv-chicago-1446-CurbRamp.png,chicago-il,1446,Zk2QnystHlTAF7Ft8o1GuA,True,8.295957,0,0,0,0,0,0,0,0,0,0,0.0,8e-06,1.4e-05,0.0,0.0,0.000906,1e-06,0.0,0.0,0.562907
gsv-chicago-12721-CurbRamp.png,chicago-il,12721,XiP5AMWXS9ClX001MSQScw,False,17.486341,1,1,0,0,0,0,0,0,0,0,0.999969,0.05854,8e-06,0.057666,0.0,0.0,3e-06,0.000543,1e-06,0.0
gsv-chicago-13626-CurbRamp.png,chicago-il,13626,TT85jtP7qSxIYVTvB77Xow,True,6.316975,1,0,0,0,0,0,0,0,0,0,0.999892,1e-06,0.0,0.000152,0.0,1e-06,1e-06,3e-06,2e-06,0.0
gsv-chicago-11654-CurbRamp.png,chicago-il,11654,WnBmDN-X2kABaPZNAhHR9Q,True,12.576298,1,0,0,0,0,0,0,0,0,0,0.999695,0.0,0.0,0.0,0.0,0.195971,1e-06,0.0,0.0,0.0
gsv-chicago-1381-CurbRamp.png,chicago-il,1381,WZHXtOiAzgNMZE-1_gZKeg,True,1.551294,0,0,0,0,0,0,0,0,0,0,0.999356,4.9e-05,0.0,2e-06,0.0,0.0,5.1e-05,0.0,1.2e-05,0.0
gsv-chicago-15585-CurbRamp.png,chicago-il,15585,BrGxV4UQKSFUpYRjQW97Pg,False,84.075946,1,0,0,0,0,0,0,0,0,0,0.999999,0.000485,0.0,0.012788,0.0,0.0,3e-06,1e-06,0.00103,0.0
gsv-chicago-9913-CurbRamp.png,chicago-il,9913,Dx4nj-FZ1j2cTWGKofNZ9g,True,0.985783,0,0,0,0,0,1,0,0,0,0,0.0,0.0,3e-05,0.0,0.0,3.4e-05,0.0,0.0,6e-05,0.000103
gsv-chicago-8098-CurbRamp.png,chicago-il,8098,RjaYSOjnW4_b_Pa6f--uBQ,False,89.436137,0,0,0,0,0,0,0,0,0,0,4.6e-05,0.0,0.0,0.000167,0.0,0.0,4e-06,0.0,1.2e-05,1e-06
gsv-chicago-10505-CurbRamp.png,chicago-il,10505,pGdk-SNnPPHEsZNbU9yr6Q,True,11.083902,0,0,0,0,0,0,0,0,1,0,0.0,1e-06,4e-06,0.0,0.0,1.1e-05,1e-06,0.0,5.2e-05,5.3e-05
gsv-chicago-6716-CurbRamp.png,chicago-il,6716,g4CIaTlzgg-A-ib4gKR_pw,True,5.679295,0,0,0,0,0,0,0,0,0,0,0.0,4e-06,0.0,2.4e-05,0.0,0.0,3e-06,0.0,0.000239,0.003489
gsv-chicago-8293-CurbRamp.png,chicago-il,8293,fnSikUG7pOwfFfA6RmVKog,False,11.278864,1,0,0,0,0,0,0,0,0,0,1.0,0.0,3e-06,0.001896,0.0,0.0,2e-06,1.5e-05,0.000163,0.0
gsv-chicago-1510-CurbRamp.png,chicago-il,1510,bFYEz5hJEhiWkJja90n7HQ,True,0.859841,0,0,0,0,0,0,0,0,0,0,0.000187,0.000188,0.0,7e-06,0.0,2e-06,1e-06,1e-06,0.000932,3.2e-05
gsv-chicago-18162-CurbRamp.png,chicago-il,18162,1g0B9qE8s1i04oM6N3_jaQ,False,48.148785,1,0,0,0,0,0,0,0,0,0,0.999998,3.9e-05,2.2e-05,0.0,0.0,1e-06,1e-06,4e-06,0.0,0.0
gsv-chicago-9202-CurbRamp.png,chicago-il,9202,yitWKnt1POblUQx7yY5hzQ,True,7.078622,1,0,0,0,0,0,0,0,0,0,0.999997,0.327549,1.6e-05,2e-06,0.0,0.0,0.0,3.9e-05,0.000583,0.0
gsv-chicago-7651-CurbRamp.png,chicago-il,7651,NM6bcZl0V7Nh-UXC59B3OQ,True,4.673604,1,0,0,0,0,0,0,0,1,0,0.999993,1e-05,0.0,0.318245,0.0,4e-06,9e-06,0.035617,0.999498,1.7e-05
gsv-chicago-8806-CurbRamp.png,chicago-il,8806,Ibg2WjPhmsG3v87evy1IRg,True,0.364025,0,1,0,0,0,0,0,0,1,0,1e-06,1e-06,0.0,0.0,0.0,0.0,1e-06,0.0,1e-05,4.7e-05
gsv-chicago-12687-CurbRamp.png,chicago-il,12687,LHfibr8VsMdFlHIQGiPtVA,True,1.101733,1,0,0,0,0,0,0,0,0,0,0.981513,0.0,0.0,0.184707,0.0,2e-06,1e-06,0.0,2e-06,1e-06
gsv-chicago-503-CurbRamp.png,chicago-il,503,xkD1f4c5uDmseeEAbYruag,False,83.194353,0,0,0,0,0,0,0,0,0,0,0.0,6.4e-05,0.000337,0.0,0.0,1e-06,0.0,1e-06,0.004861,0.001074
gsv-chicago-9661-CurbRamp.png,chicago-il,9661,MIoLA4vvLRYe5s8hZc8r4A,True,1.389896,1,1,0,0,0,0,0,0,0,0,0.999999,4e-06,0.0,0.017205,0.0,0.0,3e-06,0.000111,0.001794,0.0
gsv-chicago-9015-CurbRamp.png,chicago-il,9015,U1wnNO8xJCzKFAd1fRqpnQ,False,13.635308,0,0,0,0,0,0,1,0,0,0,0.0,8e-06,5.5e-05,6e-06,0.0,0.0,2e-06,1.6e-05,0.000877,0.965942
gsv-chicago-1434-CurbRamp.png,chicago-il,1434,u8r3gXm_UumGQFu6NXj3PA,True,0.677297,0,0,0,0,0,0,0,0,0,0,5e-05,5e-06,0.0,1e-06,0.0,0.0,1e-06,0.0,0.004603,0.125626
gsv-chicago-6387-CurbRamp.png,chicago-il,6387,WdLJwGm_kEx_lKVcYA1YEg,True,2.846902,0,0,0,0,0,0,0,0,0,0,0.0,0.001619,0.001362,1e-06,0.0,0.0,0.0,0.0,0.0,2e-06
gsv-chicago-6020-CurbRamp.png,chicago-il,6020,BYKON45bGJWEEtgzyhFYXA,True,0.484181,1,0,0,0,0,0,0,0,0,0,1.0,0.115576,1.8e-05,0.002124,0.0,2e-06,1.2e-05,0.000329,0.971599,0.0
gsv-chicago-11000-CurbRamp.png,chicago-il,11000,ufTaMDKgOWTLR0rJkYjDZg,True,9.532852,0,0,0,0,0,0,0,1,0,0,0.0,0.000351,0.020248,2e-06,0.0,1e-06,0.0,1.9e-05,0.019507,0.019413
gsv-chicago-19229-CurbRamp.png,chicago-il,19229,93Np4uodj-C4UyDrxj5ZKg,False,188.204163,1,1,0,0,0,0,0,0,1,0,1.0,0.005937,0.0,4e-05,0.0,0.0,4e-06,0.000393,0.50157,0.0
gsv-chicago-5441-CurbRamp.png,chicago-il,5441,aOkN2-eHeVo_GBIWoZ_wuw,True,2.523737,1,0,0,1,0,0,0,0,0,0,1.0,6e-05,0.0,0.001356,0.0,1e-06,3e-06,0.001797,0.288137,1e-06
gsv-chicago-15191-CurbRamp.png,chicago-il,15191,sV3nQYCLnSP6wxJlVaoxdA,False,26.017354,0,0,0,0,0,0,0,0,0,0,5.3e-05,1e-06,0.0,0.0,0.0,0.0,1e-06,0.0,1e-06,0.0
gsv-chicago-159-CurbRamp.png,chicago-il,159,A5xSAPj4peYk-TYErs_6SA,True,0.788454,1,0,0,0,0,0,0,0,0,0,1.0,0.791807,5.2e-05,0.01589,0.0,0.013311,1e-06,0.000803,0.024736,0.0
gsv-chicago-4877-CurbRamp.png,chicago-il,4877,hqJ0iR-CEPjTtlpDmXJ8Bw,False,3.271792,0,0,0,0,0,1,0,0,0,0,5e-06,2e-06,0.0,0.006319,0.0,0.033305,5e-06,0.0,0.0001,0.127688
gsv-oradell-8740-CurbRamp.png,oradell-nj,8740,3NbMy3pAgCsvIeEl6k6kxA,True,0.51857,1,0,0,0,0,1,0,0,1,0,4.7e-05,0.0,0.0,2e-06,0.0,3.9e-05,0.0,0.0,0.818169,8e-06
gsv-oradell-534-CurbRamp.png,oradell-nj,534,B6tQ90x9rzYPhjGHnHviwA,False,0.624186,0,0,0,0,0,0,0,0,0,0,0.0,2e-06,7e-06,1.3e-05,0.0,0.03991,0.0,1e-06,9e-06,0.98306
gsv-oradell-13506-CurbRamp.png,oradell-nj,13506,v8UBjukbeiUWbj4LdvDosQ,True,1.801737,0,0,1,0,0,0,0,0,0,0,0.22544,0.0,4e-06,0.015732,0.0,0.012024,0.0,0.0,0.0,3.3e-05
gsv-oradell-3521-CurbRamp.png,oradell-nj,3521,maCJymSfWDpBnkPsWDZHlQ,True,0.774463,1,0,0,0,0,0,0,0,1,0,1.0,0.086678,0.0,2.7e-05,0.0,0.0,1e-06,0.0,0.000532,0.0
gsv-oradell-3049-CurbRamp.png,oradell-nj,3049,TmcphSz35wrZ1bDwxvakeQ,True,0.8935,1,0,0,0,0,0,0,0,0,0,0.841974,1e-06,0.40293,0.0,0.0,0.0,0.0,3e-06,2.5e-05,0.0
gsv-oradell-13319-CurbRamp.png,oradell-nj,13319,8dbHzAgvDzD-bixgfB36oA,False,0.805602,0,0,0,0,0,0,0,0,0,0,0.916804,0.000108,0.990139,0.0,0.0,0.056574,8e-06,2e-06,0.366744,1e-06
gsv-oradell-7108-CurbRamp.png,oradell-nj,7108,ZWMnBBRzsSs2qVtlmZxciw,True,16.77179,0,0,0,0,0,0,0,0,0,0,1e-06,0.0,8e-06,9e-06,0.0,0.0,1e-06,0.0,1e-06,3e-06
gsv-oradell-10411-CurbRamp.png,oradell-nj,10411,1ZIwj2E5teah29eI8FvRCA,False,1.523541,0,0,0,0,0,0,0,0,0,0,0.0,1e-06,0.000188,0.0,0.0,1e-06,1e-06,0.0,1.3e-05,7e-06
gsv-oradell-13748-CurbRamp.png,oradell-nj,13748,3uIQqiJbnwgPOsEs913jWg,False,0.624593,0,0,0,0,0,0,0,0,0,0,0.0,0.0,0.0,1e-06,0.0,6e-06,0.0,0.0,8e-06,1e-06
gsv-oradell-6837-CurbRamp.png,oradell-nj,6837,TyULFww2rAxw2eMujDvAyg,True,0.033608,0,0,0,0,0,0,0,0,0,0,1e-06,1e-06,2e-06,0.0,0.0,1e-06,1e-06,0.0,0.0,1e-06
gsv-oradell-10040-CurbRamp.png,oradell-nj,10040,2LpMaJsCnTguM_LiGSSpoQ,True,0.333585,1,0,0,0,0,0,0,0,0,0,1.0,2.9e-05,1.7e-05,1.9e-05,0.0,0.000632,1e-06,0.0,1e-06,0.0
gsv-oradell-7485-CurbRamp.png,oradell-nj,7485,WKdfC2mfcxCLK6KHbK1tJA,False,11.759875,0,0,0,0,0,0,0,0,0,0,0.0,1e-06,8.9e-05,0.0,0.0,2e-06,0.0,0.0,0.000334,3e-05
gsv-oradell-10951-CurbRamp.png,oradell-nj,10951,YrmGICCOyGTkrC1O3hRtyg,False,4.637121,0,0,0,0,0,0,0,0,0,0,0.000367,0.0,0.0,9e-06,0.0,1e-06,3e-06,0.0,1e-06,0.0
gsv-oradell-6908-CurbRamp.png,oradell-nj,6908,j49ruWR499SthAb08cG3MA,False,0.615304,0,0,0,0,0,0,0,0,0,0,0.0,1e-06,9e-06,0.0,0.0,0.000553,1e-06,0.0,1e-06,0.000649
gsv-oradell-9946-CurbRamp.png,oradell-nj,9946,lHTT7MQsuMvOrdozvLk6dg,True,5.095734,1,0,0,0,0,0,0,0,0,0,0.999993,1e-06,1e-06,1e-06,0.0,1e-06,1e-05,1e-05,4e-06,0.0
gsv-oradell-694-CurbRamp.png,oradell-nj,694,BiYSXZLarNeJIdWqKBBOnA,True,2.883064,0,0,0,0,0,0,0,0,0,0,3e-06,1e-05,0.0,9.8e-05,0.0,0.0,2.8e-05,1.1e-05,1e-06,8e-06
gsv-oradell-4656-CurbRamp.png,oradell-nj,4656,LPEQmFhUHcChEfFFOCz6JA,True,0.935397,0,0,0,0,0,1,0,0,0,0,2e-06,0.0,0.783761,1e-06,0.0,0.11157,1e-06,0.0,6e-06,1e-05
gsv-oradell-12676-CurbRamp.png,oradell-nj,12676,TwhFZ4tOYC2hZ-lKqLDoRQ,True,1.476893,0,0,0,0,0,0,0,0,0,0,0.0,0.00053,0.000725,0.0,0.0,0.000106,2e-06,0.0,0.0,0.000158
gsv-oradell-6579-CurbRamp.png,oradell-nj,6579,2yU4Dr2Iw3DK72NRjvau-Q,True,0.154396,0,0,0,0,0,0,0,0,0,0,0.0,0.0,0.0,0.0,0.0,2e-06,1e-06,0.0,9e-06,2.8e-05
gsv-oradell-5251-CurbRamp.png,oradell-nj,5251,KcQtTMkI-Qf9XL34TL-I5Q,True,1.236733,0,0,0,0,0,0,0,0,0,0,1e-05,0.0,1.8e-05,4.8e-05,0.0,4e-06,2e-06,7e-06,2e-06,1e-06
gsv-oradell-11533-CurbRamp.png,oradell-nj,11533,kKJSlz5_bzxOa04FmEmEVA,True,2.299182,1,0,0,0,0,1,0,0,1,0,1.0,1.4e-05,4.3e-05,4e-06,0.0,0.000124,2e-06,0.0,0.0,0.0
gsv-oradell-6574-CurbRamp.png,oradell-nj,6574,2yU4Dr2Iw3DK72NRjvau-Q,True,0.125703,0,0,0,0,0,0,0,0,0,0,0.0,0.000207,0.010521,0.0,0.0,0.033906,0.0,0.0,1.9e-05,1e-06
gsv-oradell-7659-CurbRamp.png,oradell-nj,7659,vdhfu1iWMR_r7gBt9qFKVQ,True,9.985331,1,0,0,0,0,0,0,0,0,0,0.999999,1e-06,1e-06,0.0,0.0,0.002423,0.0,0.0,0.0,0.0
gsv-oradell-11202-CurbRamp.png,oradell-nj,11202,AK0xN_YlwcXiXk9BQlcSeA,True,0.403249,0,0,0,0,0,1,0,0,0,0,0.0,1e-06,3e-06,0.0,0.0,0.242894,1e-06,0.0,0.0,6e-06
gsv-oradell-2474-CurbRamp.png,oradell-nj,2474,bDhb0R_h0ibh-y_tz72Gvg,True,2.63567,0,0,0,0,0,0,0,0,0,0,0.0,0.0,2.7e-05,1e-05,0.0,4e-06,2e-06,0.0,6e-06,1.8e-05
gsv-oradell-11622-CurbRamp.png,oradell-nj,11622,tZAqSWQPUcQElypfDmLYJA,True,3.628517,0,0,0,0,0,0,0,0,0,0,1e-06,0.000537,1e-06,0.0,0.0,1e-06,0.0,0.0,2e-06,0.000195
gsv-oradell-1029-CurbRamp.png,oradell-nj,1029,YoifMEiYzYn65hqEu-kNAw,False,48.122689,1,0,0,1,0,0,0,0,0,0,0.999999,1.5e-05,0.000257,0.000104,0.0,0.0,5.5e-05,0.004075,0.000201,0.0
gsv-oradell-9269-CurbRamp.png,oradell-nj,9269,Lv59DQ_FbT37mcgtEIHUXA,False,2.473608,0,0,0,0,0,0,0,0,0,0,0.0,4e-06,0.0,0.0,0.0,2e-06,1e-06,0.0,4.3e-05,0.000138
gsv-oradell-4570-CurbRamp.png,oradell-nj,4570,wKcl5yL2TcoAdKexbILpHg,True,2.012417,0,0,1,0,0,1,0,0,0,0,3e-06,0.0,0.277459,0.0,0.0,0.716096,0.0,0.0,0.489959,0.003632
gsv-oradell-2307-CurbRamp.png,oradell-nj,2307,28tGbhCsMyFUsKRs7-jp_A,True,1.069729,1,0,0,0,0,0,0,0,1,0,0.999986,0.004729,2.9e-05,0.001284,0.0,0.02372,0.000147,0.001037,0.999983,4e-06
gsv-oradell-2523-CurbRamp.png,oradell-nj,2523,OAAi-1ArDAiOAsWf0vzQvQ,True,10.105607,1,0,0,0,0,0,0,0,1,0,1.0,0.006097,0.0,4.5e-05,0.0,1e-06,2e-06,1e-05,9e-06,0.0
gsv-oradell-12647-CurbRamp.png,oradell-nj,12647,bG4FoWBr0lgFvkupJTSgfw,True,0.644377,0,0,0,0,0,0,0,0,0,0,0.0,0.000227,2e-06,0.0,0.0,1e-06,0.0,0.0,0.0,0.122853
gsv-oradell-7607-CurbRamp.png,oradell-nj,7607,ewaeHk0wLp-ji0xmnjN6Og,False,14.431184,0,0,0,0,0,0,0,0,0,0,1e-06,1e-06,0.000898,2e-06,0.0,0.0,6e-06,0.0,8e-06,0.000136
gsv-oradell-2242-CurbRamp.png,oradell-nj,2242,WW_5QmcP4J-0n3Mj2englQ,True,10.799909,1,0,0,0,0,0,0,0,0,0,1.0,0.0,0.000293,0.0,0.0,0.00029,0.0,5e-06,1e-06,0.0
gsv-oradell-7924-CurbRamp.png,oradell-nj,7924,nVnL1XrRz2Tpv8TdZXe1Eg,False,32.723852,0,0,0,0,0,1,0,0,0,0,0.00256,0.0,0.0,6e-06,0.0,2.4e-05,0.000133,0.0,0.000183,0.0
gsv-oradell-2620-CurbRamp.png,oradell-nj,2620,ovd4VE6_ux5UyDNHn2_Xog,True,0.142774,1,0,0,0,0,1,0,0,1,0,1.0,0.000188,7e-06,0.0,0.0,0.002847,2e-06,0.0,1.4e-05,0.0
gsv-oradell-7137-CurbRamp.png,oradell-nj,7137,-WB6UWO3NvXT1HgBtup5Gw,True,3.408758,1,0,0,0,0,0,0,0,0,0,0.999999,6.8e-05,0.0,0.000919,0.0,1.5e-05,2.6e-05,0.001883,4e-06,0.0
gsv-oradell-13135-CurbRamp.png,oradell-nj,13135,DcGgLOdCKqsOyleUwhJEhA,True,1.032435,0,0,0,0,0,0,0,0,0,0,0.0,1.7e-05,1.3e-05,0.0,0.0,0.00012,1e-06,0.0,0.000156,0.0
gsv-oradell-11997-CurbRamp.png,oradell-nj,11997,xE26-6xdmicsrWioEz8asw,True,0.475814,0,0,0,0,0,0,0,0,0,0,6e-06,2e-06,1e-06,0.011462,0.0,5.9e-05,3e-05,0.0,0.000892,0.0
gsv-oradell-4650-CurbRamp.png,oradell-nj,4650,LPEQmFhUHcChEfFFOCz6JA,True,0.82108,1,0,0,0,0,1,0,0,0,0,0.004673,1e-06,4e-06,0.0,0.0,1e-06,0.0,0.0,0.000634,0.0
gsv-oradell-240-CurbRamp.png,oradell-nj,240,RZ3TNSHFI87lhHKmeflLpw,True,5.577556,1,1,0,0,0,0,0,0,0,0,1.0,0.002524,0.001533,0.0,0.0,1e-06,0.0,3e-06,0.0,0.0
gsv-oradell-7593-CurbRamp.png,oradell-nj,7593,baCV0CorkAiYECEexITbbA,False,15.335922,0,0,0,0,0,0,0,0,0,0,0.0,9e-06,0.0,0.0,0.0,9.3e-05,1e-06,0.0,2e-06,3.1e-05
gsv-oradell-6512-CurbRamp.png,oradell-nj,6512,c6Ql2H2iaSf24Z5s5YSUKA,True,1.049023,0,0,0,0,0,0,0,0,0,0,4e-06,0.0,0.0,1e-06,0.0,3e-06,1e-06,0.0,0.0,0.0
gsv-oradell-7045-CurbRamp.png,oradell-nj,7045,Y6Q10_sCf8aGU9V8MI_rHg,True,2.239969,0,0,0,0,0,0,0,0,0,0,0.0,0.0,5.8e-05,0.0,0.0,2e-06,0.0,0.0,0.0,0.002559
gsv-oradell-7753-CurbRamp.png,oradell-nj,7753,Gw5hImBtxom7vYcrWY8SdA,False,12.502949,0,0,0,0,0,0,0,0,0,0,0.0,0.0,2e-05,2e-06,0.0,0.0,2e-06,0.0,1.3e-05,7e-06
gsv-oradell-7476-CurbRamp.png,oradell-nj,7476,eVOkW7CziZU4E-EViBzQ1w,True,11.314957,0,0,0,0,0,0,0,0,1,0,0.932229,1e-06,0.0,3e-06,0.0,0.525002,5e-06,0.0,0.172249,0.0
gsv-oradell-7923-CurbRamp.png,oradell-nj,7923,nVnL1XrRz2Tpv8TdZXe1Eg,False,36.511412,0,0,0,0,0,0,0,0,0,0,6e-05,0.0,0.0,0.0,0.0,0.000304,0.0,0.0,0.060577,6e-06
gsv-oradell-9809-CurbRamp.png,oradell-nj,9809,G5eV8x15UzVuFAfEjRYFyQ,True,0.807551,0,0,0,0,0,0,0,0,0,0,2e-06,0.0,0.0,1e-06,0.0,0.0,2e-06,0.0,1e-06,4e-06
gsv-oradell-9237-CurbRamp.png,oradell-nj,9237,J5eDWl45Kp7xEqsI174vug,True,0.429244,0,0,0,0,0,0,0,0,0,0,1.9e-05,0.0,2e-06,9.9e-05,0.0,2.2e-05,4e-06,0.0,0.0,1e-06
gsv-oradell-7799-CurbRamp.png,oradell-nj,7799,965HZJH63-ZPkCXg_meUAQ,True,10.079513,0,0,0,0,0,0,0,0,0,0,0.000466,0.0,9e-06,0.004545,0.0,2e-06,6e-06,1e-06,0.0,1e-06
gsv-oradell-6847-CurbRamp.png,oradell-nj,6847,IbcOJfs88pSB22ybO3TINQ,True,1.895905,1,0,1,0,0,1,0,0,0,0,0.999997,0.005297,0.999845,0.00664,0.0,0.19969,0.000178,0.000754,0.002377,1e-06
gsv-oradell-1428-CurbRamp.png,oradell-nj,1428,uojVoCU_AfS9Ex7IocNyzQ,False,0.969407,0,0,0,0,0,0,0,0,0,0,9e-06,0.0,0.0,8.2e-05,0.0,9.9e-05,2.7e-05,0.0,0.00031,0.0
gsv-oradell-1265-CurbRamp.png,oradell-nj,1265,dcXeX6IgPcIhfqxfn0Zkow,True,0.907582,0,0,0,0,0,0,0,0,0,0,0.0,4e-06,0.000134,0.0,0.0,1e-06,3e-06,0.0,0.000913,6.2e-05
gsv-oradell-10944-CurbRamp.png,oradell-nj,10944,9gfXljYDq0JE5tAPjqMQHw,True,0.209084,0,0,0,0,0,0,0,0,0,0,0.0,5e-06,1e-05,0.0,0.0,1e-06,0.0,0.0,0.0,7e-06
gsv-oradell-533-CurbRamp.png,oradell-nj,533,0SiwapggaSwk63jPwIfaag,True,1.801881,1,1,0,0,0,0,0,0,0,0,0.999915,3e-06,1e-06,0.000355,0.0,0.0,0.0,0.0,0.000426,0.0
gsv-oradell-7584-CurbRamp.png,oradell-nj,7584,6VJD_muUEM0ZiKUXv7Zxsg,True,11.112897,1,0,0,0,0,0,0,0,0,0,1.0,0.000405,0.0,0.001342,0.0,4e-06,8e-06,1e-06,1e-06,0.0
gsv-oradell-5274-CurbRamp.png,oradell-nj,5274,LW8BGJWg75H3LeFl1s4wHQ,True,1.420979,0,0,0,0,0,0,0,0,0,0,2e-06,0.0,0.0,7e-06,0.0,0.0,0.0,1e-06,5e-06,0.0002
gsv-oradell-2744-CurbRamp.png,oradell-nj,2744,7MU-54l0cKF59kTeKCyQ6w,True,0.408726,0,0,0,0,0,0,0,0,0,0,5e-06,1e-06,5e-06,1e-06,0.0,0.0,3e-06,0.0,9e-06,0.0
gsv-oradell-1097-CurbRamp.png,oradell-nj,1097,ovd4VE6_ux5UyDNHn2_Xog,True,0.831037,1,0,0,0,0,0,0,0,0,0,0.999998,0.006093,0.0,9e-06,0.0,0.0,0.0,1e-06,0.0,0.0
gsv-oradell-293-CurbRamp.png,oradell-nj,293,7fWsh-9umUYpoWoBqhkY_g,True,0.496293,0,0,0,0,0,0,0,0,0,0,0.0,7e-06,1.4e-05,0.0,0.0,0.0,0.0,0.0,1e-06,2.1e-05
gsv-oradell-6913-CurbRamp.png,oradell-nj,6913,kFM7UUg5oX2hKNae547fbA,True,1.557722,0,0,0,0,0,0,0,0,1,0,0.12827,1.3e-05,6.4e-05,0.0,0.0,0.0,2e-06,0.0,1e-06,0.0
gsv-oradell-13532-CurbRamp.png,oradell-nj,13532,cHEkmfqJj0A3tjszlRRB3Q,False,7.799716,0,0,0,0,0,1,0,0,0,0,0.0,0.000161,0.017522,0.0,0.0,0.0,0.0,0.0,2e-06,0.017591
gsv-oradell-1070-CurbRamp.png,oradell-nj,1070,FEwGJ7SMb4Bz8onglrTMXA,True,0.24356,1,0,0,0,0,0,0,0,0,0,0.999995,3e-06,1e-06,1e-06,0.0,0.00408,1e-06,3e-06,0.0,0.0
gsv-oradell-13136-CurbRamp.png,oradell-nj,13136,DcGgLOdCKqsOyleUwhJEhA,True,0.878279,0,0,0,0,0,0,0,0,0,0,2.9e-05,1e-06,0.0,0.0,0.0,3e-06,2e-06,0.0,1e-06,0.0
gsv-oradell-7540-CurbRamp.png,oradell-nj,7540,_1YdauaXDnSOKO2HqnIyoA,False,15.408403,0,0,0,0,0,0,0,0,0,0,0.0,0.001446,9e-06,1e-06,0.0,0.0,2e-06,0.0,2.7e-05,0.000143
gsv-oradell-980-CurbRamp.png,oradell-nj,980,trIX8vO1I92u0bq6rhocDg,False,24.406482,0,0,0,0,0,0,0,0,0,0,0.0,8e-06,0.000624,2e-06,0.0,5e-06,0.0,5e-06,3.2e-05,0.895976
gsv-oradell-9153-CurbRamp.png,oradell-nj,9153,Y9OGkQSn-raCUk2lL2cGbw,True,1.32518,0,0,0,0,0,0,0,0,0,0,0.0,1e-06,8e-06,1.5e-05,0.0,0.000108,2e-06,0.0,0.006035,0.000209
gsv-oradell-2625-CurbRamp.png,oradell-nj,2625,ovd4VE6_ux5UyDNHn2_Xog,True,0.344515,1,0,0,0,0,0,0,0,0,0,0.99999,0.001259,0.0,7e-06,0.0,0.0,0.0,3e-06,0.0,0.0
gsv-oradell-1774-CurbRamp.png,oradell-nj,1774,WW_5QmcP4J-0n3Mj2englQ,True,0.44522,1,0,1,0,0,0,0,0,1,0,1.0,9.7e-05,0.0,4.8e-05,0.0,0.017225,1e-06,2.6e-05,0.0,0.0
gsv-oradell-13316-CurbRamp.png,oradell-nj,13316,XpygTrza-ZKpNGJzxnHhqw,True,1.009339,0,0,0,0,0,0,0,0,0,0,5e-06,0.0,0.0,3.6e-05,0.0,0.001039,5e-06,0.0,1.9e-05,0.03827
gsv-oradell-6710-CurbRamp.png,oradell-nj,6710,GqQZYcmLJtVdYoNW1wCpDQ,True,0.755752,0,0,0,0,0,0,0,0,0,0,4.3e-05,0.000381,7.1e-05,1e-06,0.0,6e-06,0.0,0.0,0.0,0.0
gsv-oradell-9243-CurbRamp.png,oradell-nj,9243,LBA6BeT7c0qTMdIbLovxGQ,True,0.389186,0,0,0,0,0,0,0,0,0,0,0.0,0.0,0.0,0.0,0.0,5.2e-05,0.0,0.0,3e-06,0.00149
gsv-oradell-9781-CurbRamp.png,oradell-nj,9781,SgiiK4Vuqhv6fQVAehhgrg,True,2.161025,0,0,0,0,0,0,0,0,0,0,3e-06,0.0,0.0,2e-06,0.0,1e-06,8e-06,0.0,0.0,9e-06
gsv-oradell-11619-CurbRamp.png,oradell-nj,11619,tZAqSWQPUcQElypfDmLYJA,True,1.43015,0,0,0,0,0,0,0,0,0,0,1e-06,0.007175,0.000122,0.0,0.0,0.000121,0.0,0.0,0.0,2e-06
gsv-oradell-7104-CurbRamp.png,oradell-nj,7104,SR76VvwOyfIfKbj5FefHvA,True,11.381234,0,1,0,0,0,0,0,0,0,0,0.0,6.9e-05,0.001456,0.0,0.0,0.0,0.0,0.0,0.000953,0.001659
gsv-oradell-1035-CurbRamp.png,oradell-nj,1035,oHcCAf1W4S-D2RIsKpgqYg,True,3.958083,0,0,0,0,0,0,0,0,0,0,1e-06,1e-06,0.0,0.0,0.0,0.017339,0.0,0.0,0.0,3e-06
gsv-oradell-7526-CurbRamp.png,oradell-nj,7526,SdXF_NFmBY2qz_t4ohzzdg,True,2.091292,0,1,0,0,0,0,0,0,0,0,0.0,0.0,1e-05,0.0,0.0,5e-05,0.0,0.0,0.0,6e-06
gsv-oradell-3724-CurbRamp.png,oradell-nj,3724,kaWBvSOgeSlQ5fYMayzTKQ,True,0.762982,0,0,0,0,0,0,0,0,0,0,0.0,0.0,2e-06,7.7e-05,0.0,3e-06,2e-06,0.0,0.002382,1.6e-05
gsv-oradell-6092-CurbRamp.png,oradell-nj,6092,VEbuqFZIQrQOzm__uzt4IA,True,1.518673,1,0,0,0,0,0,0,0,0,0,0.999999,1.6e-05,5e-06,1e-06,0.0,0.0,0.0,0.0,9e-06,0.0
gsv-oradell-11664-CurbRamp.png,oradell-nj,11664,gGc0Kla0zhthQyW1O8WwVA,True,0.803828,0,0,0,0,0,0,0,0,0,0,1e-06,7.6e-05,0.0,3.3e-05,0.0,0.000599,6e-06,0.0,0.0,7.7e-05
gsv-oradell-13095-CurbRamp.png,oradell-nj,13095,28tGbhCsMyFUsKRs7-jp_A,True,3.029213,0,0,0,1,0,0,0,0,1,0,0.0,0.0,1.7e-05,0.004252,0.0,0.000665,1e-06,8e-06,0.005058,0.040876
gsv-oradell-6418-CurbRamp.png,oradell-nj,6418,evlMyX7gN7BYYVXpN8-Psg,True,0.59036,0,0,0,0,0,1,0,0,0,0,4e-06,0.001971,1.2e-05,6.1e-05,0.0,0.000307,0.000194,6e-06,0.264405,0.001153
gsv-oradell-4536-CurbRamp.png,oradell-nj,4536,KcNt66ypG-PBMI1Yo4LQFg,True,0.41721,0,0,0,0,0,0,0,0,0,0,1e-06,0.0,0.452033,0.0,0.0,0.059054,0.0,0.0,0.0,0.000349
gsv-oradell-4540-CurbRamp.png,oradell-nj,4540,DdqscG_3YCjXtiKxhe9mDA,True,0.298602,0,0,0,0,0,0,0,0,0,0,0.0,0.000551,2.7e-05,4e-06,0.0,0.017377,3e-06,0.0,2.5e-05,4.8e-05
gsv-oradell-535-CurbRamp.png,oradell-nj,535,B6tQ90x9rzYPhjGHnHviwA,False,1.484332,0,0,0,0,0,0,0,0,0,0,0.0,5e-06,4.7e-05,1e-06,0.0,0.0,0.0,0.0,8.8e-05,0.000344
gsv-oradell-6237-CurbRamp.png,oradell-nj,6237,vTCn4r2dBR6gzsTSqNDzsA,False,0.38284,0,0,0,0,0,0,0,0,0,0,0.0,0.0,5e-06,1e-06,0.0,0.0,1e-06,0.0,0.0,0.007912
gsv-oradell-291-CurbRamp.png,oradell-nj,291,7fWsh-9umUYpoWoBqhkY_g,True,1.201939,0,0,0,0,0,0,0,0,0,0,1e-06,0.0,0.0,0.0,0.0,0.0,1e-06,0.0,0.0,0.001026
gsv-oradell-7596-CurbRamp.png,oradell-nj,7596,baCV0CorkAiYECEexITbbA,False,10.491046,0,0,0,0,0,0,0,0,0,0,0.0,6e-06,5.1e-05,0.0,0.0,0.0,2e-06,0.0,2e-06,0.016306
gsv-oradell-5634-CurbRamp.png,oradell-nj,5634,3x3uiMuin4ZDBuuDrRkSsA,True,0.35728,1,0,0,0,0,0,0,0,0,0,0.999946,0.997972,0.0,0.000422,0.0,1e-06,6e-06,0.0,1e-06,0.0
gsv-oradell-7083-CurbRamp.png,oradell-nj,7083,o-SCHYnaX2TZYb-NFQz0NA,True,0.399995,0,0,0,0,0,0,0,0,0,0,0.0,0.0,0.078248,1e-05,0.0,1.2e-05,1e-06,0.0,0.000298,0.000456
gsv-oradell-9871-CurbRamp.png,oradell-nj,9871,93DBCo3fL4PMo2lvG6enEA,True,1.581895,1,0,0,0,0,0,0,0,0,0,1.0,3e-06,2e-06,3.3e-05,0.0,1.7e-05,3e-06,0.000226,2e-06,0.0
gsv-oradell-11203-CurbRamp.png,oradell-nj,11203,AK0xN_YlwcXiXk9BQlcSeA,True,0.904131,0,0,0,0,0,0,0,0,0,0,1e-06,1e-06,2e-06,3e-06,0.0,0.0,3e-05,0.0,9e-06,8.2e-05
gsv-oradell-7389-CurbRamp.png,oradell-nj,7389,hAGVqB-7uuDDAxhEQ6Hrbw,True,12.436519,0,0,0,0,0,0,0,0,0,0,0.0,1e-06,0.000116,0.0,0.0,0.000914,0.0,0.0,0.0,0.032108
gsv-oradell-3071-CurbRamp.png,oradell-nj,3071,TmcphSz35wrZ1bDwxvakeQ,True,0.525912,1,0,0,0,0,0,0,0,0,0,0.003143,0.0,0.141645,3e-06,0.0,1e-06,1e-06,7.6e-05,0.083388,4.9e-05
gsv-oradell-6708-CurbRamp.png,oradell-nj,6708,GqQZYcmLJtVdYoNW1wCpDQ,True,0.587969,0,0,0,0,0,0,0,0,0,0,0.0,0.0,1e-06,1.4e-05,0.0,0.022654,0.0,0.0,0.0,0.015252
gsv-oradell-7962-CurbRamp.png,oradell-nj,7962,pwi1PtcVR42Gp1JAKN0YkA,False,13.085158,0,0,0,0,0,0,0,0,0,0,1e-06,8e-06,0.0,8e-06,0.0,0.0,2e-06,0.0,1.3e-05,3e-06
gsv-oradell-11489-CurbRamp.png,oradell-nj,11489,YKdFkKvGZqzt_0mMYChz-g,True,15.145933,0,1,0,0,0,1,0,0,0,0,0.0,0.000392,7.4e-05,1e-06,0.0,0.789125,0.0,0.0,0.0,1.4e-05
gsv-oradell-690-CurbRamp.png,oradell-nj,690,rqzy5vdUrTqdpgMTdb-69w,True,0.667826,1,0,0,0,0,0,0,0,0,0,0.530589,0.0,0.0,1.1e-05,0.0,0.000578,0.0,0.0,1.6e-05,0.0
gsv-oradell-10862-CurbRamp.png,oradell-nj,10862,hPk34qAFNAPCirL0UmJ0XQ,True,1.790418,1,1,0,0,0,0,0,0,0,0,0.999997,0.000306,3e-06,1e-06,0.0,0.0,0.0,0.0,0.0,0.0
gsv-oradell-7357-CurbRamp.png,oradell-nj,7357,e_O4HDMXImOmCpbNJLlj2Q,True,12.191302,1,0,0,0,0,0,0,0,1,0,1.0,6e-05,0.0,0.000673,0.0,1.2e-05,6e-06,0.0,1.1e-05,0.0
gsv-oradell-4409-CurbRamp.png,oradell-nj,4409,7MU-54l0cKF59kTeKCyQ6w,True,0.582138,0,0,0,0,0,1,0,0,0,0,0.0,0.001807,0.00015,1e-06,0.0,0.000144,2.6e-05,1e-06,0.0,0.03813
gsv-oradell-7387-CurbRamp.png,oradell-nj,7387,hAGVqB-7uuDDAxhEQ6Hrbw,True,3.66601,0,0,0,0,0,0,0,0,0,0,1e-06,0.0,2e-06,2e-06,0.0,0.0,1e-06,0.0,3.5e-05,0.000639
gsv-oradell-12016-CurbRamp.png,oradell-nj,12016,R88NrKLZ93cgZO2H6ed6Pw,True,1.936603,0,0,0,0,0,0,0,0,0,0,0.002626,0.0,0.000144,0.025249,0.0,0.210303,0.000444,1e-06,0.029336,0.000188
gsv-oradell-10953-CurbRamp.png,oradell-nj,10953,YrmGICCOyGTkrC1O3hRtyg,False,1.368563,0,0,0,0,0,0,0,0,0,0,0.0,6.1e-05,0.000366,0.0,0.0,3e-06,0.0,0.0,0.0,4.9e-05
gsv-oradell-4556-CurbRamp.png,oradell-nj,4556,wKcl5yL2TcoAdKexbILpHg,True,1.116694,0,0,0,0,0,1,0,0,0,0,1.3e-05,0.0,0.000869,0.0,0.0,0.000858,0.0,0.0,0.216027,0.001646
gsv-oradell-6319-CurbRamp.png,oradell-nj,6319,r6WuVNcsdeA_-BfXrENuIQ,True,0.797006,0,0,0,0,0,0,0,0,0,0,0.0,0.0,0.001836,0.0,0.0,0.075089,0.0,0.0,6e-06,6e-06
gsv-oradell-13801-CurbRamp.png,oradell-nj,13801,XpygTrza-ZKpNGJzxnHhqw,True,0.858861,0,0,0,0,0,0,0,0,0,0,0.0,0.0,0.0,4.9e-05,0.0,4.8e-05,1e-06,1e-06,0.010404,0.51936
gsv-oradell-5260-CurbRamp.png,oradell-nj,5260,byo4Z3Tgpn-_AIfWuxl4Bw,False,3.11105,0,0,0,0,0,0,0,0,0,0,6e-06,4e-06,0.0,0.0,0.0,0.0,2e-06,0.0,1e-06,0.0
gsv-oradell-9360-CurbRamp.png,oradell-nj,9360,_rbFBUiX8Nnb_CN3rQLfMQ,True,0.768118,0,0,0,0,0,0,0,0,0,0,0.0,0.0,0.0,2e-06,0.0,0.308227,1e-06,0.0,4e-06,2.1e-05
gsv-oradell-5259-CurbRamp.png,oradell-nj,5259,byo4Z3Tgpn-_AIfWuxl4Bw,False,1.38909,0,0,0,0,0,0,0,0,0,0,0.0,0.001274,2e-06,5e-06,0.0,1e-06,3e-06,1e-06,0.0,8.2e-05
gsv-oradell-13416-CurbRamp.png,oradell-nj,13416,-iWesS5AnwdZBoxmXsQlig,True,0.053627,0,0,0,0,0,1,0,0,0,0,1e-06,0.0,5e-06,6e-06,0.0,0.000352,7e-06,0.0,2e-06,2e-06
gsv-oradell-8607-CurbRamp.png,oradell-nj,8607,qxdCBMrocRDvIsHbf3KGFg,True,14.69472,0,0,0,0,0,0,0,0,0,0,2e-06,0.0,0.054425,0.0,0.0,0.723202,2e-06,0.0,1e-06,6e-06
gsv-oradell-673-CurbRamp.png,oradell-nj,673,B8BsgcRbgL9-aQ8BYMAa6g,True,2.045725,0,0,0,0,0,0,0,0,0,0,0.0,4.6e-05,1e-06,1e-06,0.0,0.0,5.5e-05,0.0,0.00015,0.000106
gsv-oradell-7328-CurbRamp.png,oradell-nj,7328,awZzkczpt-3Ya6BA1ujZ5g,True,2.31389,0,0,0,0,0,1,0,0,0,0,2e-06,0.0,8.2e-05,0.000554,0.0,3e-06,2e-06,1.4e-05,4.7e-05,1.2e-05
gsv-oradell-4648-CurbRamp.png,oradell-nj,4648,LPEQmFhUHcChEfFFOCz6JA,True,0.847724,0,0,0,0,0,0,0,0,0,0,1e-06,4e-06,6.5e-05,0.0,0.0,0.0021,0.0,0.0,0.000179,0.0
gsv-oradell-6204-CurbRamp.png,oradell-nj,6204,4yh7WNbh6or8Ubfs7CF_Fg,True,0.301441,0,0,0,0,0,0,0,0,0,0,0.0,0.0,1e-06,1e-06,0.0,0.0,4e-06,0.0,2.6e-05,5e-06
gsv-walla_walla-124-CurbRamp.png,walla-walla,124,RT6IRGqnNcORsufp0k5YkQ,True,10.432467,1,0,0,0,0,0,0,0,0,0,0.999999,0.000636,7e-06,0.0,0.0,1e-06,2e-06,4e-06,3e-06,0.0
gsv-walla_walla-480-CurbRamp.png,walla-walla,480,y2XJ0BTvegMsivb5Wxxdsw,True,3.166924,0,0,0,0,0,0,0,0,0,0,0.007923,0.000106,0.0,0.0,0.0,0.0,0.0,0.0,4e-06,0.0
gsv-walla_walla-1229-CurbRamp.png,walla-walla,1229,YMdzmjTSsMbxelpPiHCHFA,True,6.967491,0,0,0,0,0,0,0,0,0,0,0.000148,6e-06,0.0,0.0,0.0,8e-06,1e-06,0.0,0.0,0.0
gsv-walla_walla-17-CurbRamp.png,walla-walla,17,YaCedh9x-9kuYiTju3k9_A,False,17.704789,0,0,0,0,0,1,0,0,0,0,2e-06,3e-05,1.3e-05,3e-06,0.0,4e-06,3e-06,0.0,0.0,0.0
gsv-walla_walla-286-CurbRamp.png,walla-walla,286,BiE2nhPZuSKZSUK6KH9Rcg,False,1.229683,0,0,0,0,0,0,0,0,0,0,2e-06,0.0,0.0,1e-06,0.0,1e-06,1e-06,0.0,1e-06,0.000148
gsv-walla_walla-22-CurbRamp.png,walla-walla,22,ZaS_D67N2iAEgEEcMcFnzw,False,91.650835,1,0,0,0,0,0,0,0,0,0,0.999825,1e-06,0.0,0.0,0.0,5.6e-05,0.0,0.0,0.0,0.0
gsv-walla_walla-284-CurbRamp.png,walla-walla,284,BiE2nhPZuSKZSUK6KH9Rcg,False,2.163397,0,0,0,0,0,0,0,0,0,0,0.0,0.0,7e-06,0.0,0.0,4e-06,0.0,0.0,1e-06,4e-06
gsv-walla_walla-1224-CurbRamp.png,walla-walla,1224,9a-SS9-0DYvVQzsG2uLABg,True,0.309793,0,0,0,0,0,0,0,0,0,0,1e-06,1e-06,0.0,5.4e-05,0.0,3e-06,4.5e-05,1e-06,1e-06,1e-06
gsv-walla_walla-1194-CurbRamp.png,walla-walla,1194,YXCdZoAQdXfN-E2c1bASEA,True,1.643655,0,0,0,0,0,0,0,0,0,0,2e-06,0.0,0.0,0.0,0.0,1e-06,0.0,0.0,1e-06,8e-06
gsv-walla_walla-1180-CurbRamp.png,walla-walla,1180,lhoCJi_QgtQSM-GJrZIQjg,True,2.023714,0,0,0,0,0,0,0,0,0,0,1e-06,0.0,0.0,0.0,0.0,8e-06,0.0,0.0,1.7e-05,0.0
gsv-walla_walla-343-CurbRamp.png,walla-walla,343,HMHMYHhk9Uno43pKKOiUkg,True,9.58069,0,0,0,0,0,0,0,0,0,0,2.9e-05,0.0,0.0,1.9e-05,0.0,0.0,0.0,0.0,1.3e-05,0.0
gsv-walla_walla-196-CurbRamp.png,walla-walla,196,M32gc0IZY9elWk89qkCObA,False,102.891042,1,0,0,0,0,0,0,0,0,0,0.999987,7e-06,1e-06,0.000161,0.0,0.0,2.7e-05,0.0,0.000175,0.0
gsv-walla_walla-456-CurbRamp.png,walla-walla,456,IlyC_P97S3Z2OUSDTddyuw,True,1.828437,0,0,0,0,0,0,0,0,0,0,0.001846,0.0,0.0,0.0,0.0,2e-06,0.0,0.0,4e-06,0.0
gsv-walla_walla-125-CurbRamp.png,walla-walla,125,RT6IRGqnNcORsufp0k5YkQ,True,8.248317,1,0,0,0,0,0,0,0,0,0,0.999963,1.8e-05,1.9e-05,0.0,0.0,0.0,1e-06,1e-06,0.0,0.0
gsv-amsterdam-8313-CurbRamp.png,amsterdam,8313,GJtDvjq3jeFwCJB-s0qK-Q,True,1.746918,1,0,0,0,0,0,0,0,0,0,0.99998,0.0,0.0,0.011167,0.0,1e-06,2e-06,1e-06,0.0,0.0
gsv-amsterdam-94-CurbRamp.png,amsterdam,94,quIadCIbeA7b-ye9cndQXg,False,30.234778,1,0,0,0,0,0,0,0,0,0,0.999999,0.001694,0.0,0.001071,0.0,0.0,1e-06,3e-06,0.005826,0.0
gsv-amsterdam-866-CurbRamp.png,amsterdam,866,ML3nH5pVzPdlIkNra51yWw,True,3.751957,0,0,0,0,0,0,0,0,0,0,0.813703,0.0,1e-06,1e-06,0.0,4e-06,3e-06,0.0,0.0,0.0
gsv-amsterdam-954-CurbRamp.png,amsterdam,954,PFG7I4w1AOSw_XNpRx5t7Q,False,117.744919,1,0,0,0,0,0,0,0,0,0,0.999987,4.8e-05,1e-06,0.810753,0.0,0.0,1.5e-05,2e-06,2e-06,0.0
gsv-amsterdam-188-CurbRamp.png,amsterdam,188,JWY2ytxRm8P0Oe6zyBA6Jw,True,15.057162,1,0,0,0,0,0,0,0,0,0,0.999997,1e-06,0.0,0.000163,0.0,0.004209,0.0,0.0,0.0,0.0
gsv-amsterdam-29477-CurbRamp.png,amsterdam,29477,fpOpoK6ZEcrGJRcXnryILw,False,175.777267,1,1,0,0,0,0,0,0,0,0,0.999969,4e-06,1e-06,0.0,0.0,0.0,1e-06,0.0,2e-06,0.0
gsv-amsterdam-651-CurbRamp.png,amsterdam,651,XgL03Lb2TUUGEbGzyPpoBA,True,4.510116,1,0,0,0,0,0,0,0,0,0,1.0,3e-06,5.7e-05,0.001185,0.0,0.0,9e-06,3.1e-05,2e-06,0.0
gsv-amsterdam-310-CurbRamp.png,amsterdam,310,DrIPNFIUCgde9jC7K8gfpg,True,2.239652,0,0,0,0,0,0,0,0,0,0,0.979537,0.0,0.0,0.027425,0.0,0.0,2e-06,3e-06,0.000495,3e-06
gsv-amsterdam-29785-CurbRamp.png,amsterdam,29785,lTGf5YMXzs7ArU3h4MCEhw,False,82.516092,0,0,0,0,0,0,0,0,0,0,0.99971,0.0,2e-06,0.005989,0.0,0.000399,1e-06,0.0,1e-06,0.0
gsv-amsterdam-308-CurbRamp.png,amsterdam,308,rkCuKzVB9LUTua6GEqNNQA,True,2.462892,0,0,0,0,0,0,0,0,0,0,0.999983,1e-06,0.0,0.004069,0.0,0.0,2e-06,2e-06,9e-06,0.0
gsv-amsterdam-18384-CurbRamp.png,amsterdam,18384,hT1Q08wFAwIxvIwKgxnb6Q,False,315.927462,1,1,0,0,0,0,0,0,0,0,0.999965,0.001199,1e-06,3e-06,0.0,0.0,1e-06,0.000731,7e-06,0.0
gsv-amsterdam-1186-CurbRamp.png,amsterdam,1186,GT8PLf3wqFUENLLAlVCTiA,True,5.012594,1,0,0,0,0,1,0,0,0,0,1.0,0.057625,7.3e-05,0.000528,0.0,0.976419,1.1e-05,2e-06,1e-05,0.0
gsv-amsterdam-1126-CurbRamp.png,amsterdam,1126,D_HxFGuxdbfDiMw8yiFDJA,True,1.446079,1,0,0,0,0,0,0,0,0,0,0.99993,1e-06,0.0,0.00522,0.0,0.0,3e-06,0.0,1e-06,0.0
gsv-amsterdam-3788-CurbRamp.png,amsterdam,3788,XniLtUJ0K8e3q85FdHsd8w,False,29.456157,1,0,0,0,0,1,0,0,0,0,0.999988,4e-06,0.0,0.004429,0.0,2e-06,3e-06,5e-06,0.0,0.0
gsv-amsterdam-29616-CurbRamp.png,amsterdam,29616,h7CSrl0xbXzUuszRI8Njzg,True,0.856833,1,0,0,0,0,0,0,0,0,0,0.999994,1e-06,0.0,9e-06,0.0,8e-06,2e-06,0.0,3e-06,0.0
gsv-amsterdam-416-CurbRamp.png,amsterdam,416,uihJmP_mhszklb3IuRdZFg,True,2.725276,0,0,0,0,0,0,0,0,0,0,0.000845,0.0,0.0,1e-06,0.0,0.0,6e-06,0.0,0.0,0.0
gsv-amsterdam-229-CurbRamp.png,amsterdam,229,Qq1CBqsOGy9ir1T7esEQTg,True,5.979924,1,0,0,0,0,0,0,0,0,0,0.999975,0.0,1e-06,0.002176,0.0,0.0,1e-06,1e-06,1e-06,0.0
gsv-amsterdam-8323-CurbRamp.png,amsterdam,8323,kC51vS_AgsHS_6jUy0YPnw,True,11.696555,0,0,0,0,0,1,0,0,0,0,0.999974,0.0,0.004204,4e-06,0.0,0.237787,0.0,0.0,1e-06,0.0
gsv-newberg-2481-CurbRamp.png,newberg-or,2481,fzKxWHAwbXlmHBpDN3RPCg,True,0.422541,0,0,0,0,0,0,0,0,0,0,0.0,0.0,2e-06,0.0,0.0,3e-06,1e-06,0.0,3e-06,1e-05
gsv-newberg-16233-CurbRamp.png,newberg-or,16233,iXqngIn5_Vi9hh7ohJdesA,False,11.943207,1,0,0,0,0,1,0,0,1,0,1.0,2e-06,0.0,3e-06,0.0,8.6e-05,3e-06,0.0,2e-06,0.0
gsv-newberg-5724-CurbRamp.png,newberg-or,5724,p8q2WBYVKHWK49adSs8g2Q,True,15.510713,1,0,1,0,0,0,0,0,0,0,0.999936,0.850396,0.056678,5e-06,0.0,0.109928,0.0,0.0,2.5e-05,0.0
gsv-newberg-10739-CurbRamp.png,newberg-or,10739,z5pJ5CqgbtVKiGynDw0uBg,False,107.847859,1,0,0,0,0,1,0,0,0,0,1.0,3e-06,0.0,2e-05,0.0,0.122057,1e-06,0.0,1e-06,0.0
gsv-newberg-8064-CurbRamp.png,newberg-or,8064,wdy8Zl6tdjLjKGIPuxVGGg,True,0.422541,0,0,0,0,0,0,0,0,0,0,1.7e-05,0.0,0.0,1e-06,0.0,0.0,0.0,0.0,6e-06,0.0
gsv-newberg-17344-CurbRamp.png,newberg-or,17344,7qki5qOYXGQdXjBpXF4CEw,True,0.729298,1,0,0,0,0,0,0,0,0,0,0.999999,0.008338,1e-06,3e-06,0.0,0.991734,1e-06,1e-06,0.0,0.0
gsv-newberg-5564-CurbRamp.png,newberg-or,5564,h9XZJ5xWoaHsg95HGOLpLQ,True,0.422541,1,0,0,0,0,0,0,0,0,0,0.988979,2e-06,0.0,3.3e-05,0.0,0.000902,1e-06,0.0,0.0,0.0
gsv-newberg-10231-CurbRamp.png,newberg-or,10231,PxymorlBrQ5kTnjnz1UJCA,True,11.330491,1,0,0,0,0,1,0,0,0,0,0.999995,0.019548,0.381539,0.0,0.0,0.012796,1e-06,0.0,1e-06,0.0
gsv-newberg-6014-CurbRamp.png,newberg-or,6014,-fL-a0RKW2AF-fRMD3ULPw,True,1.037701,0,0,0,0,0,0,0,0,0,0,0.64049,3e-06,3e-06,1e-06,0.0,0.0,0.0,0.0,5.7e-05,0.0
gsv-newberg-749-CurbRamp.png,newberg-or,749,oqFFz7tYYm0V-yKhu2Vs1g,True,3.199795,1,0,0,0,0,0,0,0,0,0,0.999999,0.00058,0.207953,0.0,0.0,2e-06,1e-06,0.0,2e-06,0.0
gsv-newberg-11739-CurbRamp.png,newberg-or,11739,YlOtj-UBUU7a14rkwa8_Ng,True,0.0,0,0,0,0,0,0,0,0,0,0,4e-06,7e-06,2e-06,0.0,0.0,0.0,0.0,0.0,2e-06,0.0
gsv-newberg-5574-CurbRamp.png,newberg-or,5574,W5FNRgw8_t21lUY50vzp7A,True,11.035864,1,0,0,0,0,1,0,0,0,0,0.581935,0.0,0.0,3e-05,0.0,0.968833,1e-06,0.0,0.0,0.0
gsv-newberg-7467-CurbRamp.png,newberg-or,7467,AtzpM5V4VxAt5J4nzfvRDg,False,66.778762,0,0,0,0,0,1,0,0,0,0,0.0,1e-06,1e-06,0.0,0.0,0.028593,0.0,0.0,0.0,6e-06
gsv-newberg-9868-CurbRamp.png,newberg-or,9868,laiGuRyeutJP83NpPhoifw,True,12.557726,0,0,0,0,0,0,0,0,0,0,0.063764,0.996113,0.0,1e-06,0.0,0.001093,1e-06,0.0,4.2e-05,0.0
gsv-newberg-7684-CurbRamp.png,newberg-or,7684,jcPJal2cHQ9un-hhhrhcdA,True,5.380009,0,0,0,0,0,0,0,0,0,0,7.9e-05,5.4e-05,4.3e-05,0.0,0.0,0.0,5e-06,0.0,1e-06,0.0
gsv-newberg-7480-CurbRamp.png,newberg-or,7480,FiMAsEN-5FpOU0Q8EySTNA,True,15.296027,1,0,0,0,0,0,0,0,0,0,0.999885,0.0,0.0,0.0,0.0,2e-06,1e-06,0.0,1e-06,0.0
gsv-newberg-5606-CurbRamp.png,newberg-or,5606,vh50DCJ_8OsVqZn6-9a7Xg,True,12.532155,1,0,0,0,0,0,0,0,0,0,0.999981,0.904706,0.075977,7e-06,0.0,0.999985,3e-06,3e-06,5.6e-05,0.0
gsv-newberg-3677-CurbRamp.png,newberg-or,3677,BXRpQcSCGeDCPOMxCTelvA,True,0.0,1,0,0,0,0,0,0,0,0,0,0.999999,0.999222,0.038707,0.0,0.0,2e-06,2e-06,4e-06,3e-06,0.0
gsv-newberg-15101-CurbRamp.png,newberg-or,15101,qEGrfFXDxlnDprWTF7DncA,True,1.267624,0,0,0,0,0,0,0,0,0,0,0.0,8e-06,2e-06,0.0,0.0,0.000336,2e-06,0.0,0.0,5e-06
gsv-newberg-5473-CurbRamp.png,newberg-or,5473,_bTDXT49Et_YVOyrFyRwpA,True,4.696812,0,0,0,0,0,1,0,0,0,0,8.3e-05,0.0,2.6e-05,2e-06,0.0,0.999906,0.0,0.0,1e-06,3e-06
gsv-newberg-3880-CurbRamp.png,newberg-or,3880,QtPQOq62Wuoy0EunRZ3B_A,True,12.526611,1,0,0,0,0,0,0,0,0,0,1.0,1.8e-05,0.0,4.4e-05,0.0,7.8e-05,1e-06,1.9e-05,0.0,0.0
gsv-newberg-1274-CurbRamp.png,newberg-or,1274,LO7psfOCtgHbrTGPy7L-Sw,True,0.594287,1,0,0,0,0,0,0,0,1,0,0.999892,0.812478,0.086725,4e-06,0.0,0.990769,2.2e-05,2e-06,0.983106,2e-06
gsv-newberg-5435-CurbRamp.png,newberg-or,5435,vh50DCJ_8OsVqZn6-9a7Xg,True,13.727744,1,0,0,0,0,1,0,0,0,0,0.999998,0.004632,0.001692,0.0,0.0,0.531548,1e-06,0.0,0.0,0.0
gsv-newberg-6296-CurbRamp.png,newberg-or,6296,D-VidkzhKulGDy-vMP0kIQ,True,4.891789,0,0,0,0,0,0,0,0,0,0,0.0,1.2e-05,1.1e-05,0.0,0.0,0.0007,0.0,0.0,0.0,3e-06
gsv-newberg-119-CurbRamp.png,newberg-or,119,1xaPcAQBEOd9o_JqalvfxA,True,0.0,1,0,0,0,0,0,0,0,0,0,0.999994,0.999978,1.4e-05,4e-06,0.0,2.4e-05,8e-06,1e-06,6e-06,0.0
gsv-newberg-2091-CurbRamp.png,newberg-or,2091,yfn53HcxHa1GhfT-c3lL5Q,True,20.350896,0,0,0,0,0,0,0,0,0,0,0.0,0.829195,0.028311,0.0,0.0,0.023669,0.0,0.0,1e-06,1.4e-05
gsv-newberg-1289-CurbRamp.png,newberg-or,1289,3qC3AW_vPQEyHI5FWYS40w,False,69.214695,0,0,1,0,0,1,0,0,0,0,0.0,2e-06,2.7e-05,0.0,0.0,0.001805,1e-06,0.0,0.0,1e-06
gsv-newberg-10502-CurbRamp.png,newberg-or,10502,74jTRwpdYhBwSMHg59g3dA,True,8.148819,0,0,0,0,0,0,0,0,0,0,0.0,8e-05,3e-06,0.0,0.0,1e-06,1e-06,0.0,0.0,1e-06
gsv-newberg-9244-CurbRamp.png,newberg-or,9244,nIcptFW9EKZub9FRWVp18A,True,3.20091,1,0,0,0,0,0,0,0,1,0,1.0,0.000122,0.000852,2e-06,0.0,0.857619,5e-06,2e-06,0.000196,0.0
gsv-newberg-3604-CurbRamp.png,newberg-or,3604,dDyBPHw5zJbzS1kMcznlDQ,False,0.594459,1,0,0,0,0,0,0,0,1,0,0.999965,0.996666,0.0,0.00023,0.0,1.9e-05,0.000412,5e-06,9e-06,0.0
gsv-newberg-2104-CurbRamp.png,newberg-or,2104,Cy1f71mUHSmAU85BbvGQ8g,True,12.812594,0,0,0,0,0,0,0,0,0,0,1e-06,0.000198,4e-06,0.0,0.0,0.0,2.3e-05,0.0,3e-06,5e-06
gsv-newberg-15028-CurbRamp.png,newberg-or,15028,mo6Eku_rRfmt8OTfEuvFfw,False,0.602116,0,0,0,0,0,0,0,0,0,0,7.6e-05,0.0,8.5e-05,0.0,0.0,1.1e-05,1e-06,0.0,0.0,0.0
gsv-newberg-6199-CurbRamp.png,newberg-or,6199,mv1eIISVXlgVKo0p10Htdw,True,0.845083,0,0,0,0,0,1,0,0,0,0,0.509776,5.8e-05,8.6e-05,0.0,0.0,0.005714,0.0,0.0,1e-06,0.0
gsv-newberg-1903-CurbRamp.png,newberg-or,1903,CStun-PX4RbQeBtkNjvP1Q,True,12.937718,1,0,0,0,0,0,0,0,0,0,0.999998,0.000194,0.459499,0.0,0.0,0.006043,0.0,0.0,1e-06,0.0
gsv-newberg-6712-CurbRamp.png,newberg-or,6712,-fL-a0RKW2AF-fRMD3ULPw,True,0.735661,0,0,0,0,0,0,0,0,0,0,4.2e-05,0.050965,0.013831,0.0,0.0,0.0,1e-06,0.0,0.00037,1e-06
gsv-newberg-212-CurbRamp.png,newberg-or,212,MF-vteCVnoPMiGQJlZW1gg,True,0.0,1,0,0,0,0,0,0,0,0,0,0.99997,0.082737,0.970097,0.001178,0.0,0.999962,1.1e-05,3e-06,2e-06,1e-06
gsv-newberg-5821-CurbRamp.png,newberg-or,5821,-_667lxbTttTNKKwC18oqQ,True,11.961054,1,0,0,0,0,1,0,0,0,0,0.999999,0.001247,1e-06,0.0,0.0,0.813521,1e-05,0.0,1e-06,0.0
gsv-newberg-15860-CurbRamp.png,newberg-or,15860,ERaR_8tRtRHXnJ4pFjcl-w,False,14.012078,1,0,0,0,0,1,0,0,0,0,0.999996,0.074198,0.004917,0.0,0.0,0.089225,1e-06,0.0,1e-06,0.0
gsv-newberg-829-CurbRamp.png,newberg-or,829,sVXXMw7GzJSW1BR-v2bhVw,True,0.0,0,0,0,0,0,0,0,0,0,0,3.1e-05,2e-06,0.0,8e-06,0.0,0.0,5e-06,0.0,0.0,0.0
gsv-newberg-14051-CurbRamp.png,newberg-or,14051,bUMnbjxqCQU_hV1xjoJyJA,False,2.422832,1,0,0,0,0,0,0,0,0,0,1.0,0.000467,4e-06,0.0,0.0,3e-06,1e-06,0.0,3.7e-05,0.0
gsv-newberg-3674-CurbRamp.png,newberg-or,3674,BXRpQcSCGeDCPOMxCTelvA,True,0.422541,1,0,0,0,0,0,0,0,0,0,0.999998,0.001511,0.988668,0.0,0.0,0.000469,0.0,0.0,0.0,0.0
gsv-newberg-201-CurbRamp.png,newberg-or,201,CfdeCNohW1Dag4_OblCfhw,False,1.037632,1,0,1,0,0,0,0,0,0,0,0.99987,0.0,0.877202,0.0,0.0,0.08547,0.0,1e-06,0.0,0.0
gsv-newberg-6176-CurbRamp.png,newberg-or,6176,vJ2gt5ZUaJ4ujCjhPY_DbA,True,8.44824,0,0,0,0,0,0,0,0,1,0,0.001719,1e-06,3e-06,6e-06,0.0,1e-06,0.000544,0.0,0.000323,0.0
gsv-newberg-5279-CurbRamp.png,newberg-or,5279,HygWuFVZ1YySH8oQYoijGg,True,16.716769,1,0,0,0,0,1,0,0,0,0,0.999999,2e-06,1.1e-05,0.0,0.0,0.000159,0.0,1e-06,1e-06,0.0
gsv-newberg-569-CurbRamp.png,newberg-or,569,kBDABaTpVUlAdE_1eLMhfg,True,1.269072,1,0,0,0,0,0,0,0,0,0,1.0,0.000323,3.6e-05,1e-06,0.0,0.022247,0.006576,3e-06,4e-06,0.0
gsv-newberg-6596-CurbRamp.png,newberg-or,6596,uiFTGlA73Rh3_T7qsAmtxw,True,14.531837,0,1,0,0,0,0,0,0,0,0,0.0,1.6e-05,1e-06,2e-06,0.0,1e-06,1e-06,0.0,0.0,2.8e-05
gsv-newberg-6010-CurbRamp.png,newberg-or,6010,-fL-a0RKW2AF-fRMD3ULPw,True,1.0377,0,0,0,0,0,0,0,0,1,0,0.606356,0.017091,0.0,1e-06,0.0,0.0,1e-06,0.0,0.0,0.0
gsv-newberg-6711-CurbRamp.png,newberg-or,6711,-fL-a0RKW2AF-fRMD3ULPw,True,0.60221,0,0,0,0,0,0,0,0,0,0,1e-06,0.000161,2.8e-05,0.0,0.0,0.0,0.0,0.0,1e-06,1e-06
gsv-newberg-9211-CurbRamp.png,newberg-or,9211,utIvwVPkr_QQAMGwkcAf9A,False,143.644418,1,0,0,0,0,1,0,0,0,0,1.0,1.9e-05,1e-06,6.6e-05,0.0,0.965735,2e-06,1.8e-05,3e-06,0.0
gsv-newberg-9552-CurbRamp.png,newberg-or,9552,zx-BMProy2qcNH8by904PA,True,0.735495,0,0,0,0,0,1,0,0,0,0,0.0,3e-06,0.0,1e-06,0.0,8e-05,2e-06,0.0,0.0,1e-06
gsv-newberg-7567-CurbRamp.png,newberg-or,7567,FKJWQQ6pgiEtjfdfI_yE9w,False,139.653207,0,0,0,0,0,0,0,0,0,0,2e-06,4e-06,1e-05,0.0,0.0,3e-06,1e-06,0.0,2e-06,1e-06
gsv-newberg-6653-CurbRamp.png,newberg-or,6653,-rfE4abAjE1diXRTqgmpSw,True,3.835378,1,0,0,0,0,0,0,0,0,0,0.827578,0.0,2e-06,0.0,0.0,6.1e-05,0.0,0.0,0.0,0.0
gsv-newberg-5568-CurbRamp.png,newberg-or,5568,5A6OwwudsmR5TirDaXU_ig,True,1.790327,0,0,0,0,0,0,0,0,0,0,2e-06,1e-06,6e-06,0.0,0.0,0.0,1e-06,0.0,2e-06,1e-06
gsv-newberg-17505-CurbRamp.png,newberg-or,17505,WNI5mIOxlLleYbrI_Jbf3w,False,2.194307,1,0,0,0,0,0,0,0,0,0,1.0,0.000568,0.0,5e-06,0.0,1e-06,3e-06,0.0,4e-06,0.0
gsv-newberg-15056-CurbRamp.png,newberg-or,15056,_HBaK0GNuCpkW3TVUZEyhw,True,0.73573,1,0,0,0,0,0,0,0,0,0,0.999993,0.000773,0.0,0.0,0.0,0.000274,0.0,0.0,0.0,0.0
gsv-newberg-11733-CurbRamp.png,newberg-or,11733,ngIzRypc0KFEuaAgIWbo6Q,True,17.135229,1,0,0,0,0,0,0,0,0,0,0.999998,5e-06,6e-06,0.0,0.0,1.3e-05,4e-06,0.0,1e-06,0.0
gsv-newberg-4822-CurbRamp.png,newberg-or,4822,pFv9pTu405bHa4uOH7K2bg,False,14.342598,1,0,1,0,0,1,0,0,0,0,1.0,0.008159,0.776358,1.4e-05,0.0,0.010416,2e-06,2.3e-05,1.4e-05,0.0
gsv-newberg-6175-CurbRamp.png,newberg-or,6175,vJ2gt5ZUaJ4ujCjhPY_DbA,True,8.567061,0,0,0,0,0,0,0,0,0,0,9e-06,2e-06,0.0,3e-06,0.0,4.2e-05,4e-06,0.0,0.0,1e-06
gsv-newberg-4038-CurbRamp.png,newberg-or,4038,R_07fTpDU3owkWijLiknxw,True,0.422541,0,0,0,0,0,0,0,0,0,0,1e-06,8.1e-05,0.0,8e-06,0.0,1e-06,0.0,0.0,0.0,0.00011
gsv-newberg-22-CurbRamp.png,newberg-or,22,dslJGqaol13AzhdnPA1epA,False,11.712525,1,0,0,0,0,0,0,0,0,0,0.999999,6e-06,0.002521,0.0,0.0,0.007053,1e-06,1.3e-05,0.0,0.0
gsv-newberg-11804-CurbRamp.png,newberg-or,11804,D2a38Otq14Zf3lJiDSXX7w,True,0.594471,1,1,0,0,0,0,0,0,0,0,1.0,0.986901,0.0001,6e-06,0.0,0.500615,1e-06,3e-06,1e-06,0.0
gsv-newberg-8066-CurbRamp.png,newberg-or,8066,wdy8Zl6tdjLjKGIPuxVGGg,True,11.942854,0,0,0,0,0,1,0,0,0,0,0.660638,0.0,0.0,0.0,0.0,0.0,0.0,0.0,1.7e-05,0.0
gsv-newberg-2346-CurbRamp.png,newberg-or,2346,bMV1ckPgWmY3PoYMYWN-pg,True,1.791646,1,0,0,0,0,0,0,0,0,0,0.999999,6.6e-05,0.713695,0.0,0.0,0.471531,0.0,1e-06,1e-06,0.0
gsv-newberg-5575-CurbRamp.png,newberg-or,5575,W5FNRgw8_t21lUY50vzp7A,True,10.613977,1,0,0,0,0,1,0,0,0,0,0.972015,0.079109,0.0,1e-06,0.0,0.986187,4e-06,0.0,4e-06,0.0
gsv-newberg-891-CurbRamp.png,newberg-or,891,y9fnd1nHQe0yLw3wYSCisA,False,1.839536,1,0,0,0,0,0,0,0,0,0,0.999998,0.01205,9e-06,1e-06,0.0,0.998882,2e-06,0.0,5e-06,0.0
gsv-newberg-17169-CurbRamp.png,newberg-or,17169,E6yAQUTrvPFLpE6QRpePKg,False,239.841596,0,0,0,0,0,0,0,0,0,0,2.6e-05,2e-06,4e-06,0.0,0.0,0.0,1e-06,0.0,0.0,0.0
gsv-newberg-11199-CurbRamp.png,newberg-or,11199,arTdPzEb7e4gvEv7ZCFThw,True,3.919596,0,0,0,0,0,0,0,0,0,0,6e-06,2e-06,1e-06,0.0,0.0,0.0,4e-06,0.0,1e-06,1e-06
gsv-newberg-15861-CurbRamp.png,newberg-or,15861,ERaR_8tRtRHXnJ4pFjcl-w,False,2.437843,1,0,1,0,0,0,0,0,0,0,0.999996,0.071318,0.999714,0.0,0.0,0.655885,1e-06,2e-06,7e-06,0.0
gsv-newberg-6030-CurbRamp.png,newberg-or,6030,ZmOkWp3vImeKDBxWmx82xA,True,4.394834,0,0,0,0,0,0,0,0,0,0,0.002688,0.000466,0.0,0.0,0.0,0.00038,1e-06,0.0,0.0,0.0
gsv-newberg-9498-CurbRamp.png,newberg-or,9498,p-bKwW1XBZObSUsOSv4WJA,False,107.432445,1,0,0,0,0,1,0,0,0,0,1.0,0.000128,0.001302,1.6e-05,0.0,7.5e-05,0.0,0.0,0.0,0.0
gsv-newberg-7488-CurbRamp.png,newberg-or,7488,FiMAsEN-5FpOU0Q8EySTNA,True,14.368701,1,0,0,0,0,0,0,0,0,0,0.99975,0.0,2e-06,0.0,0.0,0.000454,0.0,0.0,2e-06,0.0
gsv-newberg-2122-CurbRamp.png,newberg-or,2122,sVXXMw7GzJSW1BR-v2bhVw,True,0.0,0,0,0,0,0,0,0,0,0,0,1.4e-05,9e-06,0.0,0.017578,0.0,0.0,3.6e-05,1e-06,0.0,6e-06
gsv-newberg-17709-CurbRamp.png,newberg-or,17709,JUPJmaAK7TbnC6c5l6Vn0w,True,1.088405,1,0,0,0,0,0,0,0,0,0,0.999994,0.019281,0.0,0.0,0.0,0.172896,2e-06,0.0,2e-06,0.0
gsv-newberg-16220-CurbRamp.png,newberg-or,16220,YvTZg6DqdrkivVOlaWu1qg,True,13.124421,1,0,0,0,0,0,0,0,0,0,1.0,1e-06,3e-06,1e-06,0.0,0.000272,1e-06,1.1e-05,6.2e-05,0.0
gsv-newberg-5546-CurbRamp.png,newberg-or,5546,xXr8tTOzhVAwYwrCa13AlA,True,14.434236,1,0,0,0,0,1,0,0,0,0,1.0,0.129412,0.0,0.00256,0.0,2.4e-05,1e-06,1e-06,1.3e-05,0.0
gsv-newberg-765-CurbRamp.png,newberg-or,765,J55nh3-Gj-5RCW5n8nNazA,True,2.123826,1,0,0,0,0,0,0,0,0,0,0.999998,0.003726,1e-06,0.0,0.0,0.0,1e-06,0.0,1e-06,0.0
gsv-newberg-9401-CurbRamp.png,newberg-or,9401,gSJZNPFf6gLZzkq5qUX5_w,True,2.700828,1,0,0,0,0,0,0,0,0,0,0.999709,1e-06,1.9e-05,1e-06,0.0,0.0,8e-06,1e-06,6e-06,0.0
gsv-newberg-12834-CurbRamp.png,newberg-or,12834,q_uvPfTtuOpN2cFaOXUYQA,False,110.128641,1,0,1,0,0,0,0,0,0,0,1.0,0.013766,0.000195,0.0,0.0,0.000503,0.0,0.0,1e-06,0.0
gsv-newberg-5718-CurbRamp.png,newberg-or,5718,9wMGQ4ESXaQxkup1bwBLUQ,False,72.167144,1,0,1,0,0,0,0,0,0,0,0.999991,1e-05,0.000279,0.0,0.0,0.004024,0.0,0.0,0.0,0.0
gsv-newberg-10597-CurbRamp.png,newberg-or,10597,pV6ygdJjUolRf7F9prg6hA,False,110.308654,0,0,0,0,0,0,0,0,0,0,8e-06,0.00012,0.0,2e-06,0.0,0.0,1e-06,0.0,1e-06,0.0
gsv-newberg-6024-CurbRamp.png,newberg-or,6024,ZmOkWp3vImeKDBxWmx82xA,True,2.205433,0,0,0,0,0,0,0,0,0,0,0.000383,2e-06,2e-06,0.0,0.0,0.0,1e-06,0.0,1e-06,0.0
gsv-newberg-3149-CurbRamp.png,newberg-or,3149,6EMYiCs9RrBuRYJQ9ALv9Q,True,14.867855,1,0,0,0,0,0,0,0,0,0,0.999999,0.000866,3e-06,0.0,0.0,0.0,2e-06,1e-06,2e-06,0.0
gsv-newberg-5098-CurbRamp.png,newberg-or,5098,oqgJvADi2cP_yhHClzNZ2w,True,1.40006,0,0,0,0,0,0,0,0,0,0,4.6e-05,2e-06,0.0,0.0,0.0,4.2e-05,1e-06,0.0,0.0,0.0
gsv-newberg-134-CurbRamp.png,newberg-or,134,o80xlj0GSry-e2oqhc4-Ng,True,9.629318,1,0,0,0,0,0,0,0,0,0,0.999997,0.000161,1e-06,0.0,0.0,0.035228,2e-06,0.0,1e-05,0.0
gsv-newberg-15763-CurbRamp.png,newberg-or,15763,FZAcdoTrdgTPnX4teLnGaA,True,2.968909,1,0,0,0,0,0,0,0,1,0,0.999987,0.018277,0.000327,0.0,0.0,0.791325,2e-06,0.0,1e-06,0.0
gsv-newberg-524-CurbRamp.png,newberg-or,524,t_3e35Po7M2btb7i1EpmVg,True,5.41485,1,0,0,0,0,0,0,0,0,0,0.999995,0.000389,3e-06,0.001767,0.0,0.0,2e-06,1e-06,0.0,0.0
gsv-newberg-3481-CurbRamp.png,newberg-or,3481,l7GkDqO2dtXVHdMxCXRT8Q,True,11.468512,0,0,0,0,0,1,0,0,0,0,0.000716,0.0,0.0,6e-06,0.0,0.867104,8e-06,0.0,0.0,3e-06
gsv-newberg-3482-CurbRamp.png,newberg-or,3482,l7GkDqO2dtXVHdMxCXRT8Q,True,13.156697,1,0,0,0,0,0,0,0,0,0,0.981359,0.915191,0.000186,0.0,0.0,5e-06,6e-06,0.0,1.9e-05,0.0
gsv-newberg-4888-CurbRamp.png,newberg-or,4888,HzT5Ac432hX6cC_MUNV_mg,True,1.458545,0,0,0,0,0,0,0,0,0,0,0.000631,0.0,0.0,9e-06,0.0,4e-06,6e-06,0.0,0.0,3e-06
gsv-newberg-5137-CurbRamp.png,newberg-or,5137,fRJHxFf-Rv1vFI6a4Kz7hQ,True,9.684436,0,0,0,0,0,0,0,0,0,0,2.7e-05,2.4e-05,0.000119,0.0,0.0,0.06547,1e-06,0.0,0.0,0.0
gsv-newberg-227-CurbRamp.png,newberg-or,227,VWLTOeqPVI3pJYRSHiwdtQ,True,12.797693,0,0,0,0,0,1,0,0,0,0,1e-06,7e-06,0.025611,0.0,0.0,0.002544,2e-06,0.0,2e-06,0.0
gsv-newberg-6177-CurbRamp.png,newberg-or,6177,vJ2gt5ZUaJ4ujCjhPY_DbA,True,0.735654,0,0,0,0,0,0,0,0,0,0,1e-06,0.03541,0.0,7e-06,0.0,1e-06,8e-06,2e-06,0.0,0.000126
gsv-newberg-9269-CurbRamp.png,newberg-or,9269,2tb6qdYvQJtkgNNoc8ulaw,True,2.968909,0,0,0,0,0,0,0,0,0,0,0.0,0.0,1.2e-05,0.0,0.0,0.00058,8e-06,0.0,3e-06,1e-06
gsv-newberg-504-CurbRamp.png,newberg-or,504,QejAIXdPEKr-MJeacv_QHQ,False,41.264323,1,0,1,0,0,0,0,0,0,0,0.867435,8e-06,0.999477,0.0,0.0,0.008235,0.0,0.0,0.000279,0.0
gsv-newberg-5706-CurbRamp.png,newberg-or,5706,mh_YiF1XBYbv1GcavN5jKg,True,13.182522,0,0,0,0,0,1,0,0,0,0,4e-06,1.7e-05,1.1e-05,1e-06,0.0,0.99915,1e-06,0.0,1e-06,1.1e-05
gsv-newberg-9692-CurbRamp.png,newberg-or,9692,b49erfCBU6PL2R1DPNPd-Q,False,88.222083,1,0,1,0,0,1,0,0,0,0,0.999999,0.032054,0.966164,0.0,0.0,6.2e-05,3e-06,0.0,1.6e-05,0.0
gsv-newberg-9506-CurbRamp.png,newberg-or,9506,j2fLiCfOqiq5xYwXkPCTEQ,False,0.735501,1,0,0,0,0,1,0,0,0,0,0.999992,9e-06,0.0,8.6e-05,0.0,8.7e-05,0.0,0.0,0.0,0.0
gsv-newberg-11906-CurbRamp.png,newberg-or,11906,9AtO470FyzSn_-XZ-6TPYQ,True,0.735701,0,0,0,0,0,0,0,0,0,0,1e-06,0.000313,0.098675,0.0,0.0,0.000143,7e-06,0.0,0.0,0.0
gsv-newberg-5932-CurbRamp.png,newberg-or,5932,uvmvQqfEtZZ8olfrbQ0KIA,True,0.594416,1,0,0,0,0,1,0,0,0,0,0.999994,0.000163,3e-06,2e-06,0.0,0.999979,1e-06,1e-06,7e-06,0.0
gsv-newberg-2534-CurbRamp.png,newberg-or,2534,LgBsx52xDHZWOAf12KHNFg,False,114.567488,0,0,0,0,0,0,0,0,0,0,3.5e-05,0.001269,0.0,0.0,0.0,0.000893,2e-06,0.0,9e-06,0.0
gsv-newberg-5542-CurbRamp.png,newberg-or,5542,XfI5-KgAIAKmUwQajv226w,True,12.312521,1,0,0,0,0,0,0,0,0,0,0.999997,0.0,0.0,1e-06,0.0,0.000236,1e-06,1e-06,1e-06,0.0
gsv-newberg-6738-CurbRamp.png,newberg-or,6738,bSxCID6uBCpZmFV3qtVn2Q,True,0.0,0,0,0,0,0,0,0,0,0,0,0.0,7e-06,0.0,0.0,0.0,2e-06,1e-06,0.0,0.0,4e-06
gsv-newberg-12445-CurbRamp.png,newberg-or,12445,JnCvD1Q6q648MQtrCPt--g,False,1.413471,0,0,0,0,0,1,0,0,0,0,1e-06,0.0,0.000104,0.0,0.0,0.152484,0.0,0.0,0.0,1.1e-05
gsv-newberg-5573-CurbRamp.png,newberg-or,5573,W5FNRgw8_t21lUY50vzp7A,True,0.0,1,0,0,0,0,1,0,0,0,0,0.999999,3.4e-05,4e-06,0.0,0.0,0.969231,1e-06,3e-06,0.0,0.0
gsv-newberg-11440-CurbRamp.png,newberg-or,11440,XJpWTT3WfQDBlnCjaxPJYA,True,1.033169,1,0,1,0,0,1,0,0,0,0,0.999996,9e-06,0.830864,1e-06,0.0,0.823963,0.0,0.0,5.3e-05,0.0
gsv-newberg-5927-CurbRamp.png,newberg-or,5927,Dkfzlids8Rd5P1SQg_eFkg,True,0.0,1,0,0,0,0,0,1,0,0,0,0.999999,0.0,1e-06,3.1e-05,0.0,2e-06,0.0,1e-06,2e-06,0.0
gsv-newberg-3412-CurbRamp.png,newberg-or,3412,EyhhtyJNDvxZrqgDG2EWxA,True,1.973507,1,0,0,0,0,0,0,0,0,0,0.999106,0.000274,0.0,3e-06,0.0,1e-06,1e-06,0.0,4e-06,0.0
gsv-newberg-5931-CurbRamp.png,newberg-or,5931,uvmvQqfEtZZ8olfrbQ0KIA,True,0.433661,1,0,0,0,0,1,0,0,0,0,0.999987,9e-06,2e-05,0.0,0.0,0.996247,1e-06,0.0,0.0,0.0
gsv-newberg-14064-CurbRamp.png,newberg-or,14064,Kf90tP6b04b4xCCcRK2iiw,False,67.332207,1,0,0,0,0,0,0,0,0,0,1.0,0.015873,0.001013,0.0,0.0,0.002172,4e-06,0.0,3.7e-05,0.0
gsv-newberg-11741-CurbRamp.png,newberg-or,11741,YlOtj-UBUU7a14rkwa8_Ng,True,6.586304,0,0,0,0,0,0,0,0,0,0,0.000116,3e-06,0.0,0.048485,0.0,2e-06,0.0,0.0,0.000335,5e-06
gsv-newberg-3536-CurbRamp.png,newberg-or,3536,cL84paIIJV9btUz-F2QnVQ,True,11.51465,1,0,1,0,0,0,0,0,0,0,0.999999,0.206978,0.929042,0.0,0.0,3.5e-05,2e-06,0.0,1e-06,0.0
gsv-newberg-5158-CurbRamp.png,newberg-or,5158,zVLf-10FVVivXAiESYETrw,True,0.422541,0,0,0,0,0,1,0,0,0,0,0.0,1e-06,6.5e-05,0.0,0.0,0.003017,1e-06,0.0,0.0,3e-06
gsv-newberg-17394-CurbRamp.png,newberg-or,17394,Y2LhzSBS3F8aGXnZx_H3yw,True,0.433661,1,0,0,0,0,1,0,0,0,0,0.999972,0.000501,0.0,0.0,0.0,8e-06,0.0,0.0,0.0,0.0
gsv-newberg-4000-CurbRamp.png,newberg-or,4000,D2a38Otq14Zf3lJiDSXX7w,True,0.422541,1,0,0,0,0,0,0,0,0,0,1.0,0.741715,0.0,2.6e-05,0.0,1e-06,3e-06,1e-06,0.0,0.0
gsv-newberg-8001-CurbRamp.png,newberg-or,8001,jcPJal2cHQ9un-hhhrhcdA,True,4.158663,0,0,0,0,0,0,0,0,0,0,1e-06,6.8e-05,1e-06,6e-06,0.0,0.0,1.5e-05,0.0,0.000525,2.6e-05
gsv-newberg-3941-CurbRamp.png,newberg-or,3941,G4nzFn7pxDmMEiW2amje6w,True,0.59448,0,0,0,0,0,1,0,0,1,0,1e-06,4e-06,1.9e-05,0.0,0.0,0.001968,3e-06,0.0,1e-06,0.0
gsv-newberg-16243-CurbRamp.png,newberg-or,16243,nvO3zLul9rt2h0GaDjRf7A,False,73.377633,0,0,0,0,0,0,0,0,0,0,1e-06,0.0,0.0,1e-06,0.0,9.5e-05,1e-06,0.0,0.0,4e-06
gsv-newberg-7238-CurbRamp.png,newberg-or,7238,dAkVsX2chsQP6B4p2aNwIA,True,0.742134,1,0,0,0,0,0,0,0,0,0,0.999997,2e-06,0.0,2.5e-05,0.0,0.001245,1e-06,1e-06,0.0,0.0
gsv-newberg-5555-CurbRamp.png,newberg-or,5555,stgPrfSPn89J_Eqolu6h_g,True,14.133574,1,0,0,0,0,0,0,0,0,0,0.999993,1e-06,3e-06,0.0,0.0,0.000714,0.0,0.0,0.0,0.0
gsv-newberg-590-CurbRamp.png,newberg-or,590,PE3aB1Ho-9FdSef8H3kINw,True,0.856202,1,0,0,0,0,0,0,0,0,0,0.99999,0.251189,0.0,2e-06,0.0,3e-06,3e-06,0.0,0.0,0.0
gsv-newberg-972-CurbRamp.png,newberg-or,972,Ga3GO55n83NreSyR3el9OQ,True,13.167797,1,0,0,0,0,0,0,0,0,0,0.999999,0.001233,3.6e-05,0.0,0.0,0.903907,1e-06,7e-06,0.0,0.0
gsv-newberg-3638-CurbRamp.png,newberg-or,3638,HzT5Ac432hX6cC_MUNV_mg,True,1.458545,0,0,0,0,0,0,0,0,0,0,0.0,6e-06,0.0,1e-06,0.0,0.003338,1e-06,0.0,0.0,4.6e-05
gsv-newberg-5121-CurbRamp.png,newberg-or,5121,f_i2fikOxG1ieUqCh5Fseg,True,5.407438,0,0,0,0,0,0,0,0,0,0,0.00012,0.039619,1e-06,1e-06,0.0,0.0,4e-06,0.0,0.000553,0.0
gsv-columbus-16017-CurbRamp.png,columbus-oh,16017,5AwH-sEWLvFuiLRaKoOPLQ,False,76.457492,0,0,0,0,0,0,0,0,0,0,8e-06,0.0,0.000918,0.0,0.0,0.0,1e-06,0.0,1.3e-05,1e-06
gsv-columbus-33361-CurbRamp.png,columbus-oh,33361,TavzKPZJb8-4f6da191SAA,True,0.228739,0,0,0,0,0,0,0,0,0,0,1e-06,0.003557,2e-06,0.0,0.0,0.0,1e-06,2e-06,0.001667,2.5e-05
gsv-columbus-33119-CurbRamp.png,columbus-oh,33119,wHM0GLx_IpvThCiZLf491g,True,1.907972,0,0,0,0,0,0,0,0,0,0,3e-06,1e-06,1e-06,7e-06,0.0,0.0,5e-06,1e-06,3e-06,1.4e-05
gsv-columbus-13358-CurbRamp.png,columbus-oh,13358,bj8EA0cnz-q7yNBdR-jr4Q,True,7.843792,0,0,0,0,0,0,0,0,0,0,1e-06,0.0,0.000293,0.0,0.0,3e-06,0.0,0.0,1e-06,1e-06
gsv-columbus-6361-CurbRamp.png,columbus-oh,6361,98C_T9kemlvExIYhpSDQMA,False,16.534708,0,0,0,0,0,0,0,0,0,0,0.999998,0.001981,0.009276,2e-06,0.0,1e-06,0.0,5e-06,0.0,0.0
gsv-columbus-22957-CurbRamp.png,columbus-oh,22957,dPWvtNIwLMxHBZHbGJ4aig,True,6.958707,0,0,0,0,0,0,0,0,0,0,2.7e-05,0.0,0.0,1e-06,0.0,5.2e-05,1e-06,0.0,0.0,1e-06
gsv-columbus-33581-CurbRamp.png,columbus-oh,33581,TUBizYkf6bMdH8l4QA_Kag,True,7.868542,0,0,0,0,0,0,0,0,0,0,5.7e-05,0.0,1.3e-05,1e-06,0.0,0.0,2e-06,0.0,6e-06,0.0
gsv-columbus-15750-CurbRamp.png,columbus-oh,15750,R7dhzH6kDGOpuREm-945KQ,True,6.710339,0,0,0,0,0,0,0,0,1,0,0.000686,0.0,0.0,0.000646,0.0,1e-06,3e-06,0.0,0.782278,5e-06
gsv-columbus-19405-CurbRamp.png,columbus-oh,19405,pA8M7FxtUei9lj0vufeBwg,True,6.9848,0,0,0,0,0,0,0,0,1,0,0.117238,3e-06,6e-06,0.0,0.0,9e-06,0.0,0.0,0.935739,0.0
gsv-columbus-1843-CurbRamp.png,columbus-oh,1843,ODN56l8Y1x7tx-CWyOssGw,True,7.322474,0,0,0,0,0,0,0,0,0,0,6.9e-05,1e-06,0.0,1e-06,0.0,0.0,1e-06,0.0,2e-06,1.8e-05
gsv-columbus-32821-CurbRamp.png,columbus-oh,32821,CoOf1n-bQm5Mp3dqC2rzbw,False,7.060021,0,0,1,0,0,0,0,0,0,0,0.000107,0.0,0.0,1e-06,0.0,0.0,0.0,0.0,0.199184,0.000107
gsv-columbus-38260-CurbRamp.png,columbus-oh,38260,OfFkrHnhSekHUS8ZpSYZBg,False,49.004532,0,0,0,0,0,0,0,0,0,0,0.0,1.8e-05,4e-06,0.0,0.0,0.000166,1e-06,0.0,0.0,0.000487
gsv-columbus-32809-CurbRamp.png,columbus-oh,32809,-ZwRp_QHTxfdJN7gDra2bg,True,1.338535,0,0,0,0,0,0,0,0,0,0,0.0,3e-06,0.0,0.0,0.0,0.0,0.0,0.0,0.002663,5.4e-05
gsv-columbus-15706-CurbRamp.png,columbus-oh,15706,1M5_g0HwPtyFuvRbZI04Jg,False,19.496451,0,0,0,0,0,0,0,0,0,0,1e-06,0.000538,0.0,0.0,0.0,2e-06,0.0,0.0,0.0,2e-06
gsv-columbus-26594-CurbRamp.png,columbus-oh,26594,ZIt9eQVMAQwWlQiP0phSkA,True,1.339232,0,0,0,0,0,0,0,0,0,0,0.0,0.0,1e-06,2e-06,0.0,5e-06,3e-06,0.0,1e-05,8.5e-05
gsv-columbus-31131-CurbRamp.png,columbus-oh,31131,2zisL-SiZ-FVXeIZMDS4gw,False,10.373404,0,0,0,0,0,0,0,0,0,0,1e-06,5e-06,0.0,4e-06,0.0,0.0,1e-05,0.0,0.0,2e-06
gsv-columbus-32819-CurbRamp.png,columbus-oh,32819,CoOf1n-bQm5Mp3dqC2rzbw,False,5.303874,0,0,0,0,0,0,0,0,1,0,1.9e-05,0.0,2e-06,1e-06,0.0,1e-06,0.0,0.0,0.937581,1e-06
gsv-columbus-11116-CurbRamp.png,columbus-oh,11116,fsB8A2ZWBENYL93lCmlkEA,True,7.332438,0,0,0,0,0,0,0,0,0,0,1.3e-05,0.011762,6e-06,0.0,0.0,0.0,1e-06,0.0,0.0,5e-06
gsv-columbus-30221-CurbRamp.png,columbus-oh,30221,maTJ5QC7-Us4hLDdlxEebQ,True,3.922539,0,0,0,0,0,0,0,0,0,0,0.0,0.512702,1.2e-05,1e-06,0.0,1e-06,8e-06,0.0,7e-06,0.593149
gsv-columbus-16259-CurbRamp.png,columbus-oh,16259,lG8cS8FWAHuuT2u1otQxoA,True,3.452605,0,0,0,0,0,0,0,0,0,0,0.0,0.008635,0.960944,0.0,0.0,4e-06,0.0,0.0,0.000304,1.6e-05
gsv-columbus-24772-CurbRamp.png,columbus-oh,24772,mRkB8kUwBUwVvBtUhJ6qSw,True,13.128853,0,0,0,0,0,0,0,0,1,0,2e-06,0.0,1.3e-05,0.0,0.0,0.0,1e-06,0.0,0.240443,0.00349
gsv-columbus-10460-CurbRamp.png,columbus-oh,10460,Q_9peyjqJOI2clAGjy-XdA,False,57.989586,0,0,0,0,0,0,0,0,0,0,7e-06,0.0,1e-06,0.0,0.0,7.8e-05,2e-06,0.0,0.0,1.5e-05
gsv-columbus-26891-CurbRamp.png,columbus-oh,26891,6-I2tnUM9NAptI4FQKcnlw,False,17.999156,0,0,0,0,0,0,0,0,0,0,1e-06,0.000718,1e-06,0.0,0.0,0.0,0.0,0.0,1e-06,5e-06
gsv-columbus-29366-CurbRamp.png,columbus-oh,29366,DO4gvkM-VjPPCHUyJNSG_A,False,125.336498,0,0,0,0,0,0,0,0,0,0,1.5e-05,2.5e-05,1e-06,2e-06,0.0,0.0,1.6e-05,1e-06,1.4e-05,7e-06
gsv-columbus-12798-CurbRamp.png,columbus-oh,12798,Dr3VoiDJol1SrG3k-rSs2g,False,25.172174,0,0,0,0,0,0,0,0,1,0,1.8e-05,4e-06,0.001007,0.001976,0.0,3e-06,0.000185,1e-06,0.999999,0.001531
gsv-columbus-25183-CurbRamp.png,columbus-oh,25183,p7u6wgwXvXgSHbSu-IrmEA,True,2.397627,1,0,0,0,0,1,0,0,1,0,1.0,1e-06,0.0,0.002784,0.0,0.003338,7e-06,4e-06,0.000748,0.0
gsv-columbus-29183-CurbRamp.png,columbus-oh,29183,ZIffv82UF1-CFfDKHATEng,True,4.864735,0,0,0,0,0,0,0,0,0,0,1.1e-05,0.0,1.5e-05,1e-06,0.0,1e-06,3e-06,0.0,0.0,3e-06
gsv-columbus-9093-CurbRamp.png,columbus-oh,9093,PtLWqy4lB3Q9aGsi6Yec4w,False,46.934516,1,0,0,0,0,0,0,0,0,0,0.999999,3e-06,2e-06,1e-06,0.0,1e-06,1e-06,6e-06,2.3e-05,0.0
gsv-columbus-29593-CurbRamp.png,columbus-oh,29593,Xb2h5qJnrfxbaaWo02oe6w,True,2.563464,0,0,0,0,0,0,0,0,0,0,2e-06,0.004145,1e-06,0.0,0.0,0.0,5e-06,0.0,7e-06,4e-06
gsv-columbus-29330-CurbRamp.png,columbus-oh,29330,N316b_tXtWK6NzMCU9_rvQ,False,76.652451,0,0,0,0,0,0,0,0,1,0,0.000224,0.002377,0.001116,0.0,0.0,4e-05,7e-06,5e-06,0.999604,5e-06
gsv-columbus-25435-CurbRamp.png,columbus-oh,25435,_gjYhcQfaKnwNRoGgO2CiA,False,297.988745,0,0,0,0,0,0,0,0,0,0,0.0,5e-06,4.3e-05,1e-06,0.0,0.0,1e-06,0.0,0.015491,3.1e-05
gsv-columbus-5444-CurbRamp.png,columbus-oh,5444,gCYl96j2Pj9NoDkICnb61Q,True,1.820382,0,0,0,0,0,0,0,0,0,0,0.999802,0.0,0.000119,1e-06,0.0,0.109313,9e-06,0.0,0.0,0.0
gsv-columbus-21540-CurbRamp.png,columbus-oh,21540,fsigeH1P796YVVt5m8jZww,True,8.678432,0,0,0,0,0,0,0,0,1,0,0.0,0.0,0.001045,0.0,0.0,1e-06,0.0,0.0,0.188266,0.000468
gsv-columbus-14774-CurbRamp.png,columbus-oh,14774,R7dhzH6kDGOpuREm-945KQ,True,6.518535,0,0,0,0,0,0,0,0,1,0,4e-06,0.0,6e-06,0.0,0.0,0.0,4e-06,0.0,0.004519,1e-06
gsv-columbus-31713-CurbRamp.png,columbus-oh,31713,KvhONGkReaN1AKf8Xb3Kiw,False,24.449149,1,0,0,0,0,0,0,0,0,0,0.999995,7.5e-05,0.0,0.0,0.0,0.001196,3e-06,0.0,0.0,0.0
gsv-columbus-24150-CurbRamp.png,columbus-oh,24150,yuqOujDZXZx4SGcrbluNjw,False,7.890401,0,0,0,0,0,0,0,0,1,0,0.162697,0.001978,0.0,3e-06,0.0,0.0,1e-06,1e-06,0.733501,0.0
gsv-columbus-22482-CurbRamp.png,columbus-oh,22482,7tEEqS8HIOicdqq9oqUH2A,True,4.245999,1,0,0,0,0,0,0,0,0,0,1.0,0.001178,0.0076,2.4e-05,0.0,0.000101,1e-06,0.005455,0.000517,0.0
gsv-columbus-13610-CurbRamp.png,columbus-oh,13610,1rQcK6bTHPC6Br2Ivy-wNA,True,8.53162,0,0,0,0,0,0,0,0,0,0,1e-06,7e-06,0.005924,0.0,0.0,0.0,1e-06,3e-06,0.409353,1.7e-05
gsv-columbus-24049-CurbRamp.png,columbus-oh,24049,sk1tXJBHUiSvhHo49f01LQ,True,15.116006,0,0,0,0,0,0,0,0,0,0,0.002171,1e-06,1e-06,0.0,0.0,0.0,1e-06,0.0,6e-06,0.0
gsv-columbus-27272-CurbRamp.png,columbus-oh,27272,8yaq-T-_Ju5eGW2ifAGL3Q,True,6.317954,0,0,0,0,0,0,0,0,0,0,0.000386,0.0,0.0,2.1e-05,0.0,0.0,7e-06,4e-06,0.0,0.000119
gsv-columbus-134-CurbRamp.png,columbus-oh,134,b7pLbeqFaiyequ8ZJnrXmQ,True,10.733835,1,0,0,0,0,0,0,0,0,0,0.999999,1.6e-05,0.000287,0.0,0.0,2e-06,2e-06,1e-06,2e-06,0.0
gsv-columbus-17355-CurbRamp.png,columbus-oh,17355,qGgwEBVFZdHSjIn8FkzpcA,False,22.299737,0,0,0,0,0,0,0,0,0,0,2e-06,1e-06,0.0,1e-06,0.0,0.0,2e-06,0.0,2e-06,4e-06
gsv-columbus-13631-CurbRamp.png,columbus-oh,13631,i1O8-M6lGYy7r9F1JJFzGQ,True,8.077169,0,0,0,0,0,0,0,0,1,0,0.0,2e-06,0.0,1e-06,0.0,8e-06,2e-06,0.0,0.0,0.002471
gsv-columbus-10788-CurbRamp.png,columbus-oh,10788,MASI4DmJKa9NEgG0or9yxg,False,302.557845,0,0,0,0,0,0,0,0,0,0,1e-06,0.000391,3e-05,0.000109,0.0,1e-06,1e-06,0.000111,0.0,0.895834
gsv-columbus-38902-CurbRamp.png,columbus-oh,38902,tgwpJQ59Q_Wyy5fe_uhaSg,False,47.002998,0,0,0,0,0,0,0,0,0,0,1e-05,0.0,1e-06,0.0,0.0,2e-06,3e-06,0.0,0.0,1e-06
gsv-columbus-7408-CurbRamp.png,columbus-oh,7408,ee1rMlgRDyUe174Kr9OPEw,True,1.073609,0,0,0,0,0,0,0,0,0,0,1e-06,0.0,0.0,6e-06,0.0,3e-06,0.0,0.0,1e-06,9e-06
gsv-columbus-21465-CurbRamp.png,columbus-oh,21465,cDCJ8aQ2TN-IKp38XzSyMg,True,5.106034,0,0,0,0,0,0,0,0,0,0,1e-06,0.0,9e-06,9.7e-05,0.0,1.3e-05,8e-06,4.8e-05,0.273023,0.941646
gsv-columbus-17427-CurbRamp.png,columbus-oh,17427,g0wDhnhsPk1dDLBOx3JReQ,True,0.647392,0,0,0,0,0,0,0,0,0,0,1e-06,1e-06,1e-06,4e-06,0.0,0.0,2e-06,0.0,3e-06,1.1e-05
gsv-columbus-14677-CurbRamp.png,columbus-oh,14677,uJNE7diGe3j2Xiwf4OwIeA,True,5.162215,0,0,0,0,0,0,0,0,1,0,2.1e-05,3.5e-05,0.000549,8.4e-05,0.0,0.0,2e-05,2e-06,0.999997,2.7e-05
gsv-columbus-27224-CurbRamp.png,columbus-oh,27224,CPoQAsD0ToBSDUY1dMbRAg,True,4.173315,0,0,0,0,0,0,0,0,0,0,0.0,0.004716,1e-06,0.0,0.0,8e-05,1e-06,0.0,1e-06,3.3e-05
gsv-columbus-1708-CurbRamp.png,columbus-oh,1708,x-5fwOQC-tK_ZaRIktt4HQ,False,137.559733,0,0,0,0,0,0,0,0,0,0,0.0,0.0,3e-06,3e-06,0.0,0.0,1e-05,0.0,0.001478,3.3e-05
gsv-columbus-27429-CurbRamp.png,columbus-oh,27429,l-rdWE2oaQKzurwnPrrcTQ,True,30.313054,0,0,0,0,0,0,0,0,0,0,0.0,1.4e-05,0.000213,0.0,0.0,1e-06,0.0,0.0,2e-06,0.022317
gsv-columbus-17443-CurbRamp.png,columbus-oh,17443,k5v2BnTmlFfJTT7aaplpAQ,False,70.86391,0,0,0,0,0,0,0,0,0,0,2e-06,0.0,2e-06,0.0,0.0,2e-06,4e-06,0.0,1e-06,0.0
gsv-columbus-26641-CurbRamp.png,columbus-oh,26641,HA4JiT5iM9vc7hPhqK_LOQ,True,11.598616,0,0,0,0,0,0,0,0,0,0,3.1e-05,0.0,0.0,1.2e-05,0.0,3e-06,2e-06,0.0,0.0,0.0
gsv-columbus-33635-CurbRamp.png,columbus-oh,33635,IwjNR3kI9YQWWeS6E77Yng,True,9.728484,0,0,0,0,0,0,0,0,1,0,0.0,8e-05,0.001453,5.2e-05,0.0,0.0,2e-06,1.5e-05,0.0008,2.8e-05
gsv-columbus-15398-CurbRamp.png,columbus-oh,15398,JQG8SkfiC-adyBi-Ny9FdA,False,107.02585,1,0,0,0,0,1,0,1,1,0,1.0,0.036328,0.0,0.014956,0.0,0.197921,5e-06,0.005617,2e-06,1e-06
gsv-columbus-33029-CurbRamp.png,columbus-oh,33029,x_aVYkpem574JtMmJpbcJA,True,0.288363,0,0,0,0,0,0,0,0,1,0,0.003514,0.0,1.6e-05,0.0,0.0,0.0,0.0,0.0,0.002112,2e-06
gsv-columbus-30764-CurbRamp.png,columbus-oh,30764,wKZeYV-xaKlA6qBarAR0Ow,True,3.683715,0,0,0,0,0,0,0,0,1,0,5e-06,4.3e-05,0.013504,0.0,0.0,0.001036,0.0,0.0,0.976215,0.006491
gsv-columbus-6803-CurbRamp.png,columbus-oh,6803,vfqPYcFVoOWuEWRZW7ovGw,False,2.581812,0,0,0,0,0,0,0,0,0,0,0.0,0.000278,5.4e-05,0.0,0.0,0.000329,0.0,0.0,2e-06,0.0
gsv-columbus-14380-CurbRamp.png,columbus-oh,14380,yVxL8B41pMsiLRud3zkHhQ,False,20.151365,0,0,0,0,0,0,0,0,0,0,0.0,0.00332,0.000372,2e-06,0.0,0.0,0.0,0.0,0.310432,0.000179
gsv-columbus-33839-CurbRamp.png,columbus-oh,33839,vul81wbTnZjXKgqkEZKXUg,True,5.440186,0,0,0,0,0,0,0,0,0,0,1e-06,1e-06,2e-06,0.0,0.0,0.0,1e-06,0.0,3e-06,5e-06
gsv-columbus-17248-CurbRamp.png,columbus-oh,17248,mdf0zov-ex2z3NHYt5JPaA,False,85.284813,0,0,0,0,0,0,0,0,0,0,0.002232,0.0,0.0,0.000374,0.0,9.7e-05,0.0,0.0,0.000235,3e-06
gsv-columbus-27072-CurbRamp.png,columbus-oh,27072,XkRwMm8D_5COxDkEHD3cPA,False,19.02865,1,0,0,0,0,0,0,0,0,0,0.999982,1e-05,0.0,0.004414,0.0,0.0,1.2e-05,0.0,1.1e-05,0.0
gsv-columbus-23820-CurbRamp.png,columbus-oh,23820,qISuvfJeNzncVBU1D9hXkg,True,22.549183,1,0,0,0,0,0,0,0,0,0,0.998138,0.0,1e-06,4e-06,0.0,0.0,2e-06,0.0,1.2e-05,0.0
gsv-columbus-26341-CurbRamp.png,columbus-oh,26341,MEnw54T2XF2Unj7CDpsMoA,False,101.047156,0,0,0,0,0,0,0,0,0,0,1.3e-05,2e-06,1e-06,0.0,0.0,0.0,2e-06,2e-06,0.007321,1e-06
gsv-columbus-27334-CurbRamp.png,columbus-oh,27334,HjupLnvN5L5sFbaRj4_lJw,True,9.116093,0,0,0,0,0,0,0,0,0,0,0.651863,1e-06,1e-06,0.350578,0.0,1e-06,0.004661,0.0,0.82395,7e-06
gsv-columbus-33120-CurbRamp.png,columbus-oh,33120,wHM0GLx_IpvThCiZLf491g,True,1.815387,0,0,0,0,0,0,0,0,0,0,0.0,8e-06,0.0,3e-06,0.0,0.0,2e-06,1e-06,1e-06,1.9e-05
gsv-columbus-31662-CurbRamp.png,columbus-oh,31662,z_l33_Dksxl18m8hTYIwyg,False,27.074776,0,0,0,0,0,1,0,0,0,0,0.005765,0.0,8.4e-05,1e-06,0.0,0.0,1e-06,0.0,0.0,0.0
gsv-columbus-32817-CurbRamp.png,columbus-oh,32817,ASkdGuIw8pWX7WliZr9YfQ,True,7.016975,0,0,0,0,0,0,0,0,0,0,0.000118,0.0,0.0,5e-06,0.0,1e-06,4e-06,0.0,1e-06,0.0
gsv-columbus-26880-CurbRamp.png,columbus-oh,26880,MpNX4hlf3-f_ULD_KcApQQ,True,12.081868,0,0,0,0,0,0,0,0,0,0,1e-06,5.3e-05,1e-06,4e-06,0.0,0.0,1e-06,0.0,0.0,0.000116
gsv-columbus-27427-CurbRamp.png,columbus-oh,27427,l-rdWE2oaQKzurwnPrrcTQ,True,15.749722,0,0,0,0,0,0,0,0,0,0,1e-06,0.0,5e-06,0.0,0.0,2e-06,1e-06,0.0,0.0,4.3e-05
gsv-columbus-31291-CurbRamp.png,columbus-oh,31291,8eIorzdcISJX_cbZkocA6w,True,9.619827,0,0,0,0,0,0,1,0,0,0,0.000191,0.0,0.0,4e-06,0.0,0.0,2e-06,0.0,2e-06,0.0
gsv-columbus-822-CurbRamp.png,columbus-oh,822,TMZRgdEZHaOFVG27rfRiXg,True,1.295464,0,0,0,0,0,0,0,0,0,0,2e-06,1e-06,1.1e-05,0.0,0.0,0.0,7e-06,0.0,0.0,1e-06
gsv-columbus-294-CurbRamp.png,columbus-oh,294,LaiCo5KC8YfGyfgpas1exg,True,6.377505,0,0,0,0,0,0,0,0,0,0,0.0,1e-06,9e-06,0.0,0.0,0.0,2e-06,0.0,9e-06,3.1e-05
gsv-columbus-27366-CurbRamp.png,columbus-oh,27366,nbiyo7kyhgKUrsnhZKjCjg,True,8.814839,0,0,0,0,0,0,0,0,0,0,0.000136,0.0,3.6e-05,0.0,0.0,6e-06,1e-06,0.0,0.0,0.0
gsv-columbus-24912-CurbRamp.png,columbus-oh,24912,3lT_vZTfuXpyYIBnFJI01g,False,19.096496,0,0,0,0,0,0,0,0,0,0,1.3e-05,1.1e-05,3.7e-05,0.0,0.0,0.0,0.0,0.0,0.068099,1e-06
gsv-columbus-16436-CurbRamp.png,columbus-oh,16436,-Gr2U5CcVLlTXrtMrEI1kQ,True,2.549155,0,0,0,0,0,0,0,0,0,0,1.3e-05,0.001358,4.4e-05,0.0,0.0,0.0,1e-06,0.0,0.002465,0.0
gsv-columbus-14757-CurbRamp.png,columbus-oh,14757,R7dhzH6kDGOpuREm-945KQ,True,5.455223,0,0,0,0,0,0,0,0,1,0,2e-06,1.4e-05,6e-06,0.0,0.0,0.0,1e-06,0.0,0.001181,7e-06
gsv-columbus-1270-CurbRamp.png,columbus-oh,1270,SBt_gwTUDodX4FkK7xxPyA,False,1.553843,0,0,0,0,0,0,0,0,0,0,1e-06,5.4e-05,1e-06,1e-06,0.0,0.0,1e-06,0.0,1e-06,1.3e-05
gsv-columbus-22916-CurbRamp.png,columbus-oh,22916,gOtMJ4XBtZoDCFvtu2Yuig,True,6.448571,0,0,0,0,0,0,0,0,0,0,1e-05,0.0,0.0,1e-06,0.0,8e-06,3e-06,0.0,0.0,1e-06
gsv-columbus-27064-CurbRamp.png,columbus-oh,27064,1qFy9Ht9Mf6Vtci-wR1xAw,False,12.543597,0,0,0,0,0,1,0,0,0,0,4e-06,0.0,0.0,8e-06,0.0,0.574066,2e-06,0.0,5e-06,4e-06
gsv-columbus-22643-CurbRamp.png,columbus-oh,22643,WmpAv8kpGU9FyFya3KD-cg,True,2.334285,1,0,0,0,0,0,0,0,0,0,0.999984,0.0,0.000738,0.0,0.0,5e-06,1e-06,1e-06,1.3e-05,0.0
gsv-columbus-17575-CurbRamp.png,columbus-oh,17575,BT-pMQs9GNzt7-BKx-xCCg,False,1.427828,0,0,0,0,0,0,0,0,0,0,0.0,3e-06,0.0,4.5e-05,0.0,1e-06,4e-06,0.0,3e-06,5.4e-05
gsv-columbus-13316-CurbRamp.png,columbus-oh,13316,Y5Z1lyP4hiL5R2DYbyI0pQ,False,28.523796,0,0,0,0,0,0,0,0,0,0,0.999696,0.0,0.0,0.0,0.0,0.000511,0.0,0.0,1e-06,0.0
gsv-columbus-30247-CurbRamp.png,columbus-oh,30247,QfsPblWbFu4hHi1GM9KHqQ,False,335.083827,1,0,0,0,0,0,0,0,0,0,0.930014,0.000331,0.0,0.0,0.0,2.1e-05,1e-06,0.0,0.0,0.0
gsv-columbus-1819-CurbRamp.png,columbus-oh,1819,u9AY57NtZzJ3Gc30kGZG3g,True,12.968768,0,0,0,0,0,0,0,0,0,0,8e-06,1.2e-05,0.0,2e-06,0.0,0.0,1e-06,0.0,6e-06,5e-06
gsv-columbus-25313-CurbRamp.png,columbus-oh,25313,wJV6V49Msl3tlKHeVPLG3w,False,8.541546,1,0,0,0,0,0,0,0,0,0,1.0,1e-06,0.003246,0.000217,0.0,1.3e-05,5.4e-05,7e-06,0.000145,0.0
gsv-columbus-31021-CurbRamp.png,columbus-oh,31021,KAgAPmglWL214h7BxGABaw,True,2.387218,0,0,0,0,0,0,0,0,1,0,0.0,0.0,1e-06,0.0,0.0,0.000132,3e-06,0.0,3.3e-05,5.5e-05
gsv-columbus-15824-CurbRamp.png,columbus-oh,15824,gFuOd4zbeAe2sX5j5FCuIw,False,98.907161,1,0,0,0,0,0,0,0,0,0,0.99997,3e-06,0.0,2e-06,0.0,1e-06,6e-06,0.0,4e-06,0.0
gsv-columbus-120-CurbRamp.png,columbus-oh,120,kXkHnoGBzRui8sBbBqryaA,True,3.494098,0,0,0,0,0,0,0,0,0,0,3e-06,0.0,0.0,2.8e-05,0.0,0.0,4e-06,0.0,0.0,7e-06
gsv-columbus-35282-CurbRamp.png,columbus-oh,35282,ksUX0CkSoP3vX3Ng9vMA8w,True,9.016142,0,1,0,0,0,0,0,0,0,0,1.5e-05,1e-06,0.0,5e-06,0.0,0.0,5e-06,0.0,0.0,2.1e-05
gsv-columbus-1543-CurbRamp.png,columbus-oh,1543,hPSe6qqfCcQ6LiDjj8egeg,False,81.86057,1,0,0,0,0,0,0,0,0,0,0.999409,1e-06,3e-06,0.0,0.0,0.0,1e-06,0.0,0.0,0.0
gsv-columbus-26977-CurbRamp.png,columbus-oh,26977,VeRDBFeIeufo_eQ8hrYMPw,False,21.61539,0,0,0,0,0,0,0,0,0,0,0.0,0.000253,1e-05,0.0,0.0,0.0,2e-06,0.0,3e-06,1.5e-05
gsv-columbus-820-CurbRamp.png,columbus-oh,820,TMZRgdEZHaOFVG27rfRiXg,True,11.471395,0,0,0,0,0,0,0,0,0,0,1e-06,1.9e-05,0.901423,0.0,0.0,0.0,1e-06,4e-06,6e-06,0.000593
gsv-columbus-6654-CurbRamp.png,columbus-oh,6654,j7G2YYDMUvOJnP7By4D0cQ,True,3.489685,0,0,0,0,0,0,0,0,0,0,1e-06,0.0,0.12921,0.0,0.0,0.910494,0.0,0.0,4.7e-05,1e-05
gsv-columbus-29365-CurbRamp.png,columbus-oh,29365,DO4gvkM-VjPPCHUyJNSG_A,False,129.608171,0,0,0,0,0,0,0,0,0,0,0.0,9.7e-05,0.001024,6e-06,0.0,0.0,4e-06,0.0,4e-06,6e-06
gsv-columbus-17452-CurbRamp.png,columbus-oh,17452,hLXA7phEqV_BpRAfknLeFQ,False,37.655934,0,0,0,0,0,0,0,0,0,0,2e-06,3e-06,1e-06,2e-06,0.0,0.0,1e-06,0.0,0.0,4e-06
gsv-columbus-16565-CurbRamp.png,columbus-oh,16565,iHklbkahcT8LO2yqr-918A,True,4.397806,0,0,0,0,0,0,0,0,1,0,2e-06,2e-06,7.9e-05,0.000558,0.0,0.0,1.6e-05,8e-06,0.330229,2.3e-05
gsv-columbus-15695-CurbRamp.png,columbus-oh,15695,6saIFy1WFB84MQjqjXAang,False,22.633228,0,0,0,0,0,0,0,0,0,0,0.0,0.0,0.000671,0.0,0.0,1e-05,0.0,0.0,5.4e-05,0.000569
gsv-columbus-24397-CurbRamp.png,columbus-oh,24397,UcQZgeY7ufS7Kh8SV0DW9A,True,4.927661,0,0,0,0,0,0,0,0,0,0,0.000548,0.0,0.0,3e-06,0.0,1e-06,0.0,0.0,2e-06,0.0
gsv-columbus-7457-CurbRamp.png,columbus-oh,7457,AVSorYpaAW9UZx-ByUiA6Q,True,21.012999,0,0,0,0,0,0,0,0,0,0,0.0,3e-06,0.069384,1e-06,0.0,1e-06,0.0,0.0,1e-06,0.028812
gsv-columbus-29497-CurbRamp.png,columbus-oh,29497,3jLAm3iC9AsvCssYcL4jNQ,True,8.473965,0,0,0,0,0,0,1,0,1,0,1.9e-05,0.0,2.2e-05,1e-06,0.0,0.0,1e-06,0.0,0.001306,0.0
gsv-columbus-8065-CurbRamp.png,columbus-oh,8065,1hWIBg8g4myunqiSUCWucQ,False,98.573449,0,0,0,0,0,0,0,0,0,0,0.000114,0.0,0.0,2.3e-05,0.0,3e-06,1e-06,0.0,3e-06,0.0
gsv-columbus-13629-CurbRamp.png,columbus-oh,13629,u5RWx3X3sfrg6aS990-73A,True,6.495743,0,0,0,0,0,0,0,0,0,0,1e-06,7e-06,0.0,4e-06,0.0,0.0,2e-06,0.0,1e-06,1.7e-05
gsv-columbus-26590-CurbRamp.png,columbus-oh,26590,ZIt9eQVMAQwWlQiP0phSkA,True,1.820902,0,0,0,0,0,0,0,0,0,0,2.5e-05,4e-06,0.0,2.7e-05,0.0,0.0,1.4e-05,0.0,2e-06,0.0
gsv-columbus-11027-CurbRamp.png,columbus-oh,11027,bZZt9LcLImTXkcH2lxcwGg,False,124.585948,0,0,0,0,0,0,0,0,0,0,0.0,0.000329,0.0,0.0,0.0,0.0,0.0,0.0,7e-06,0.00015
gsv-columbus-32820-CurbRamp.png,columbus-oh,32820,CoOf1n-bQm5Mp3dqC2rzbw,False,0.480193,0,0,0,0,0,0,0,0,0,0,0.0,0.0,0.104323,0.0,0.0,5e-06,1e-06,6e-06,9e-06,0.074763
gsv-columbus-26949-CurbRamp.png,columbus-oh,26949,7NLGjDd7JZIFJQ1kmO0nWQ,False,128.4941,0,0,0,0,0,0,0,0,0,0,0.000101,0.0,0.0,0.0,0.0,0.007354,0.0,0.0,1e-06,0.0
gsv-columbus-701-CurbRamp.png,columbus-oh,701,PjH21h6tTghtlcHaGOPvCg,True,6.521037,0,0,0,0,0,0,0,0,0,0,0.000126,1.1e-05,0.0,0.0,0.0,1e-06,5e-06,0.0,0.000139,0.0
gsv-columbus-20078-CurbRamp.png,columbus-oh,20078,O9WKT0P7FCkFVjiDE7Ftkg,True,6.554192,0,0,0,0,0,0,0,0,0,0,3e-06,0.387764,0.006987,2e-06,0.0,0.0,1.2e-05,3e-06,0.0,6e-06
gsv-columbus-23182-CurbRamp.png,columbus-oh,23182,noy6HbIVEJpFi6Gr61o5VA,True,9.53771,0,0,0,0,0,0,0,0,0,0,1e-06,9e-06,0.432036,0.0,0.0,0.0,1e-06,0.0,1e-06,0.000151
gsv-columbus-13960-CurbRamp.png,columbus-oh,13960,czvXP0J_Dq2qH5FIvrz4Ug,True,6.222441,0,0,0,0,0,0,0,0,1,0,4e-06,1.1e-05,0.000236,0.0,0.0,0.0,1e-06,0.0,0.999756,0.000524
gsv-columbus-15111-CurbRamp.png,columbus-oh,15111,U5U0UD7H6kv6NAs4ho8RVg,False,14.719122,0,0,0,0,0,0,0,0,1,0,0.0,6.6e-05,0.001094,1.7e-05,0.0,6.4e-05,1e-06,3e-06,0.999971,0.051615
gsv-columbus-23767-CurbRamp.png,columbus-oh,23767,LapJycPQ9s_mHS8Ed95F8A,True,0.163058,1,0,0,0,0,0,0,0,1,0,0.999985,2e-06,1e-05,0.0,0.0,0.0,1e-06,0.0,6.2e-05,0.0
gsv-columbus-21028-CurbRamp.png,columbus-oh,21028,GOmFYS-v_o6LyJ7719hM-w,False,31.871098,0,0,0,0,0,0,0,0,1,0,3.4e-05,0.0,1e-06,2e-06,0.0,1e-06,2.6e-05,0.0,0.75639,7e-06
gsv-columbus-21067-CurbRamp.png,columbus-oh,21067,yuqOujDZXZx4SGcrbluNjw,False,0.534295,0,0,0,0,0,0,0,0,1,0,1e-06,2e-05,1e-06,2e-06,0.0,0.0,1.1e-05,0.0,8.8e-05,1e-06
gsv-columbus-22960-CurbRamp.png,columbus-oh,22960,dPWvtNIwLMxHBZHbGJ4aig,True,6.245627,0,0,0,0,0,0,0,0,0,0,2e-05,0.0,0.0,1.4e-05,0.0,6e-06,0.0,4e-06,5e-06,0.648996
gsv-columbus-23513-CurbRamp.png,columbus-oh,23513,wxuSJNgKlejUVoTkEmEObA,True,15.358642,1,0,0,0,0,0,0,0,0,0,0.91819,1e-06,0.0,0.0,0.0,0.0,0.0,0.0,4e-06,0.0
gsv-columbus-33357-CurbRamp.png,columbus-oh,33357,oXB9qxKReNWyl3_TB-1y4A,True,0.2141,0,0,0,0,0,0,0,0,0,0,0.0,1e-06,0.000585,0.0,0.0,0.0,0.0,0.0,5e-06,0.000174
gsv-columbus-33623-CurbRamp.png,columbus-oh,33623,IwjNR3kI9YQWWeS6E77Yng,True,9.872831,0,0,0,0,0,0,0,0,0,0,2e-06,0.930135,2e-06,1e-06,0.0,0.0,0.0,1e-06,0.037622,2.7e-05
gsv-columbus-18069-CurbRamp.png,columbus-oh,18069,yTvm2bQ9P3owdLLX68MAfA,False,14.211044,0,0,0,0,0,0,0,0,0,0,6.6e-05,4.3e-05,0.000212,0.0,0.0,0.0,1e-06,0.0,1e-06,0.0
gsv-columbus-27073-CurbRamp.png,columbus-oh,27073,XkRwMm8D_5COxDkEHD3cPA,False,19.010861,1,0,0,0,0,0,0,0,0,0,0.999765,1e-05,0.0,0.000124,0.0,0.0,1.3e-05,0.0,1e-06,0.0
gsv-columbus-31708-CurbRamp.png,columbus-oh,31708,J4w4HkCEkVJ9p5stZdnk9Q,False,57.345873,1,0,0,0,0,0,0,0,0,0,0.999999,0.006711,0.0,3.9e-05,0.0,9e-06,5e-06,1e-06,0.0,0.0
gsv-columbus-23143-CurbRamp.png,columbus-oh,23143,Wjsu8zZ-AtlHVAWM8P7y8A,True,12.832364,0,0,0,0,0,0,0,0,0,0,0.988116,8.3e-05,1e-06,0.0,0.0,0.0,0.0,0.0,0.0,0.0
gsv-columbus-26580-CurbRamp.png,columbus-oh,26580,VBwwtAZg4Zia6KWGRyCtiA,True,5.080599,0,0,0,0,0,0,0,0,0,0,1e-06,1e-06,4e-06,0.000184,0.0,0.0,2.4e-05,1e-06,1.5e-05,8e-06
gsv-columbus-8685-CurbRamp.png,columbus-oh,8685,dgyLiF-Fhvt1PToueRKxbA,False,81.969791,0,0,0,0,0,0,0,0,0,0,4.4e-05,1.3e-05,0.0,1e-06,0.0,0.0,0.0,0.0,1e-06,2e-06
gsv-columbus-32814-CurbRamp.png,columbus-oh,32814,ASkdGuIw8pWX7WliZr9YfQ,True,6.940509,0,0,0,0,0,0,0,0,1,0,1e-06,0.019761,7.7e-05,0.0,0.0,2e-06,0.000321,2e-06,0.049402,3e-06
gsv-columbus-13405-CurbRamp.png,columbus-oh,13405,4NlEbUMmgJCnfVpJ0unAUQ,True,9.131356,0,0,0,0,0,0,0,0,0,0,1e-06,0.005945,1e-05,0.0,0.0,0.0,0.0,0.0,2e-06,0.004256
gsv-columbus-26844-CurbRamp.png,columbus-oh,26844,XEao9tiM_0GIlLT0A_2pGA,True,6.807662,0,0,0,0,0,0,0,0,0,0,0.991131,0.0,0.0,0.000201,0.0,2.6e-05,0.0,0.0,8e-06,0.0
gsv-columbus-1856-CurbRamp.png,columbus-oh,1856,xjX0Gn3B6_h8oDXJQfy9kQ,False,61.292454,0,0,0,0,0,0,0,0,0,0,0.000111,0.0,0.0,0.009933,0.0,0.001393,1.1e-05,0.0,2.9e-05,5e-06
gsv-columbus-6240-CurbRamp.png,columbus-oh,6240,ytkDcoj8BgTmm9q4Dnal4A,False,145.937433,0,0,0,0,0,0,0,0,0,0,1e-06,0.0,1e-06,0.0,0.0,9e-06,0.0,0.0,9e-06,7.2e-05
gsv-columbus-24393-CurbRamp.png,columbus-oh,24393,jQWxwjjPa5odkdKumtVw2g,True,15.81055,0,0,0,0,0,0,0,0,0,0,1.5e-05,0.0,1e-06,3e-06,0.0,1e-06,1e-06,0.0,0.0,1e-06
gsv-columbus-27434-CurbRamp.png,columbus-oh,27434,PItrZ8aV7yGkNiL6L_XgDw,True,7.452427,0,0,0,0,0,0,0,0,1,0,0.0,1.1e-05,7e-06,1e-06,0.0,0.0,6e-06,1e-06,0.98881,0.030672
gsv-columbus-13543-CurbRamp.png,columbus-oh,13543,ilLZp9Ya4tiofOcaUKPwPA,True,5.340809,0,0,0,0,0,0,0,0,1,0,0.0,0.184931,0.0,0.000207,0.0,0.0,1e-06,0.0,7e-05,0.000119
gsv-columbus-25011-CurbRamp.png,columbus-oh,25011,I7z3zPFKAmQkheEu111LZA,False,4.649926,0,0,0,0,0,0,0,0,0,0,1.8e-05,0.003769,0.0,0.000313,0.0,0.0,1e-06,0.0,0.0045,6e-06
gsv-columbus-1248-CurbRamp.png,columbus-oh,1248,aGn1hFEEBqyhfX3E5u7vTw,True,10.77168,1,0,0,0,0,0,0,0,0,0,0.009039,1e-06,8e-06,0.0,0.0,8e-06,0.0,0.0,1e-06,0.0
gsv-columbus-26833-CurbRamp.png,columbus-oh,26833,zHGuRME7SMWlefVnKdDrJg,True,7.383964,0,0,0,0,0,0,0,0,0,0,0.696251,3e-06,0.0,6e-06,0.0,0.0,0.0,0.0,0.00023,0.0
gsv-columbus-20700-CurbRamp.png,columbus-oh,20700,lG8cS8FWAHuuT2u1otQxoA,True,0.419478,0,0,0,0,0,0,0,0,0,0,1e-06,0.904614,3.3e-05,0.000138,0.0,0.0,0.0,0.0,0.010299,0.000302
gsv-columbus-26841-CurbRamp.png,columbus-oh,26841,SkVUwArG6WGIs3Ucgic8ww,True,6.653699,0,0,0,0,0,0,0,0,0,0,0.009045,0.0,0.0,0.0,0.0,0.114691,0.0,0.0,1e-06,5e-06
gsv-columbus-14420-CurbRamp.png,columbus-oh,14420,4fBjLHzI6H_w25VMjwE0hA,False,258.707488,0,0,0,0,0,0,0,0,0,0,0.000107,0.0,0.0,0.000307,0.0,0.0,5e-06,0.0,0.065408,4e-06
gsv-columbus-1284-CurbRamp.png,columbus-oh,1284,jKQhdZuRDGCFhO-qba_GAw,True,8.214671,0,0,0,0,0,0,0,0,0,0,2e-06,1.1e-05,0.000839,1e-06,0.0,8e-06,3e-06,0.0,1e-06,0.0
gsv-columbus-21306-CurbRamp.png,columbus-oh,21306,p7pFDvbXFE0dtCELRW1CBA,True,8.385434,0,0,0,0,0,0,0,0,1,0,3e-06,0.0,1e-06,1e-06,0.0,3.7e-05,1.2e-05,0.0,0.18984,0.0
gsv-columbus-744-CurbRamp.png,columbus-oh,744,xKbG1mXERXJw-2hHHpAHpQ,True,8.560064,0,0,0,0,0,0,0,0,0,0,2e-06,2e-06,0.0,2e-06,0.0,1e-06,1e-06,0.0,8e-06,0.0
gsv-columbus-23593-CurbRamp.png,columbus-oh,23593,YWfMrvnAmpCsyTMSRWAvVQ,True,5.685803,0,0,0,0,0,0,0,0,1,0,2e-05,2e-06,0.000225,0.0,0.0,0.0,7e-06,0.0,0.077238,0.0
gsv-columbus-16334-CurbRamp.png,columbus-oh,16334,Qt_CSzuA2bSxNNqo0dIYDg,True,7.157247,0,0,0,0,0,0,0,0,1,0,0.001066,4.6e-05,0.000952,0.0,0.0,7e-06,1.8e-05,3e-06,0.999999,4.5e-05
gsv-columbus-4063-CurbRamp.png,columbus-oh,4063,0Cu_CNY5M7meg3xr_VlW8g,False,7.283235,0,0,0,0,0,0,0,0,0,0,0.0,0.0,0.0,1.1e-05,0.0,0.022531,1e-06,0.0,0.0,5.6e-05
gsv-columbus-22527-CurbRamp.png,columbus-oh,22527,Ilf4E7F7OxTS3icAccyVuQ,True,15.414724,0,0,0,0,0,0,0,0,0,0,0.0,3e-06,0.0,1e-06,0.0,0.0,1e-06,0.0,0.0,0.000297
gsv-columbus-7325-CurbRamp.png,columbus-oh,7325,Rh4N_vooCYTWnK6mIRA8Cw,False,0.602963,0,0,0,0,0,0,0,0,0,0,5.8e-05,0.0,0.0,2e-06,0.0,0.0,1e-06,0.0,1e-06,1e-06
gsv-columbus-22502-CurbRamp.png,columbus-oh,22502,UunT08ldclK7GK22-fJ1JA,True,13.05422,0,0,0,0,0,0,0,0,0,0,1.5e-05,0.0,0.0,0.0,0.0,2.4e-05,1e-06,0.0,0.0,2e-06
gsv-columbus-15711-CurbRamp.png,columbus-oh,15711,pqngb3eGU2ztm_hy7IJLgw,True,8.802973,0,0,0,0,0,0,0,0,0,0,1e-06,0.0,0.0,0.0,0.0,1e-06,1e-06,0.0,3.4e-05,9e-06
gsv-columbus-28063-CurbRamp.png,columbus-oh,28063,rX0IxkpXSZgE7PG9axgSOw,True,14.363247,0,0,0,0,0,0,0,0,0,0,0.0,2.5e-05,4e-06,2e-06,0.0,0.0,2e-06,0.0,0.0,5.6e-05
gsv-columbus-37106-CurbRamp.png,columbus-oh,37106,lxr7DLoZZL_RY3kKwniqEg,False,42.403699,1,0,0,0,0,0,0,0,0,0,0.99999,0.000263,5e-06,0.0,0.0,1e-06,2e-06,0.0,1e-06,0.0
gsv-columbus-24601-CurbRamp.png,columbus-oh,24601,cw2C5HrsQeykeBWPipxVIA,True,0.397415,0,0,0,0,0,0,0,0,0,0,7e-06,1e-06,1.5e-05,0.0,0.0,0.0,2e-06,0.0,0.000728,0.0
gsv-columbus-26817-CurbRamp.png,columbus-oh,26817,lxfkxzYLPOUoHLbyFZFOvw,True,10.067679,0,0,0,0,0,0,0,0,0,0,2e-06,6e-06,0.0,0.00111,0.0,0.0,3e-05,8e-06,1e-06,0.001654
gsv-columbus-32845-CurbRamp.png,columbus-oh,32845,_9TvKizx5O4uqw7SZVk0Tg,True,1.046689,1,0,0,0,0,0,0,0,0,0,1.0,0.000327,4e-06,0.000623,0.0,0.0,6e-06,7e-06,0.000894,0.0
gsv-columbus-21477-CurbRamp.png,columbus-oh,21477,cDCJ8aQ2TN-IKp38XzSyMg,True,3.814467,0,0,0,0,0,0,0,0,1,0,0.000167,0.0,0.469254,0.0,0.0,6e-05,3e-06,0.0,0.952505,3e-06
gsv-columbus-23342-CurbRamp.png,columbus-oh,23342,KvWmGpENGvn_Gx40FBvcAA,False,75.199825,0,0,0,0,0,0,0,0,1,0,0.0,0.0,5e-06,3e-06,0.0,0.002669,0.000419,0.0,0.027042,0.000638
gsv-cdmx-1859-CurbRamp.png,cdmx,1859,IgUnvQnBZzsXpqWh2Wrqvg,True,8.606989,1,1,0,0,0,1,0,0,1,0,1.0,0.829722,2e-06,2.1e-05,0.0,0.023267,1e-06,0.222939,2e-06,0.0
gsv-cdmx-29765-CurbRamp.png,cdmx,29765,b7uB02LYwzrUQkDjTsy-Tg,False,373.13829,1,1,0,0,0,0,0,0,0,0,1.0,0.854696,0.065906,5.6e-05,0.0,0.016262,0.0,1e-06,0.0,0.0
gsv-cdmx-6971-CurbRamp.png,cdmx,6971,Mz0tWR657clSzppILtVirg,True,8.214543,1,1,0,0,0,1,0,0,1,0,1.0,0.01847,0.000274,0.028201,0.0,0.0,4e-06,0.000131,0.02221,0.0
gsv-cdmx-6090-CurbRamp.png,cdmx,6090,KibtUsU3jS20L5x2-urpug,False,29.542113,1,0,0,0,0,0,0,0,0,0,0.999998,3e-06,5e-06,0.002907,0.0,0.004631,1e-06,2e-06,1e-06,0.0
gsv-cdmx-5430-CurbRamp.png,cdmx,5430,O5rbq8ar-rJE6D3EHs0Wjw,True,0.422541,1,1,0,0,0,0,0,0,0,0,1.0,0.332702,0.030151,9e-06,0.0,0.995148,1e-06,7e-06,0.000795,0.0
gsv-cdmx-7539-CurbRamp.png,cdmx,7539,M4pLkVSxexAPEOy50AB5fg,False,19.923636,1,0,0,0,0,1,0,0,0,0,0.999999,0.000422,9e-06,1e-06,0.0,4e-06,4e-06,0.001664,1e-06,0.0
gsv-cdmx-1778-CurbRamp.png,cdmx,1778,xuJ-wS8Y-PLCe0zj-z-5fQ,True,4.968277,1,1,0,0,0,0,0,0,0,0,0.999998,0.999999,0.212415,0.006985,0.0,0.043104,4.4e-05,0.104969,0.024057,2e-06
gsv-cdmx-6973-CurbRamp.png,cdmx,6973,dFYBr0gwPdMr9TLImE_t0Q,True,8.220604,1,1,0,0,0,0,0,0,0,0,1.0,0.987327,8.8e-05,4e-06,0.0,0.000105,1e-06,0.006682,0.000404,0.0
gsv-cdmx-1971-CurbRamp.png,cdmx,1971,yMYej7LDBtAY-MDigTBgEw,True,9.633349,1,1,0,0,0,0,0,0,0,0,1.0,0.060939,0.000809,1.3e-05,0.0,1e-06,1e-06,5e-06,0.050526,0.0
gsv-cdmx-7146-CurbRamp.png,cdmx,7146,Ag-BMp1odbvNhERojTjIKg,True,15.672498,1,0,0,0,0,0,0,0,0,0,0.999997,3e-06,0.0,0.00534,0.0,8e-06,2e-06,0.0,3.3e-05,0.0
gsv-cdmx-7501-CurbRamp.png,cdmx,7501,ugCLiltlUMpbKshHVQAbbQ,True,8.968434,1,1,0,0,0,0,0,0,0,0,0.999999,0.986276,4e-06,0.047733,0.0,1e-06,0.0,8e-06,5.9e-05,0.0
gsv-cdmx-33198-CurbRamp.png,cdmx,33198,kPIB44Gme810d0q0yBRVTA,True,6.923773,1,0,0,0,0,0,0,0,0,0,0.999998,9e-06,0.0,0.0,0.0,0.0,1e-06,0.0,3e-06,0.0
gsv-cdmx-5472-CurbRamp.png,cdmx,5472,WESfkrhZ2TtHyU4sabJugQ,False,251.362383,1,0,0,0,0,0,0,0,0,0,1.0,2.3e-05,0.000208,2e-06,0.0,0.995592,7e-06,0.000686,5e-06,0.0
gsv-cdmx-1539-CurbRamp.png,cdmx,1539,qpKptWVYEp1ZekyJmWlvkw,False,89.464414,1,0,0,0,0,0,0,0,1,0,1.0,0.999208,0.945585,0.00693,0.0,0.001529,7e-06,0.17242,1.4e-05,0.0
gsv-cdmx-4277-CurbRamp.png,cdmx,4277,FjFx71Mhk-skHRV4I25adg,False,24.027495,1,0,0,0,0,0,0,0,0,0,0.999999,0.002378,0.0,0.000269,0.0,1e-06,3e-06,0.000199,0.809175,0.0
gsv-cdmx-6697-CurbRamp.png,cdmx,6697,mb2eCD7QGsOMcQ9QYsVhag,False,11.045344,1,0,0,0,0,0,0,0,0,0,1.0,1.9e-05,1e-06,0.239867,0.0,1.6e-05,0.000132,0.003045,2e-06,0.0
gsv-cdmx-7322-CurbRamp.png,cdmx,7322,-KyEEOX5D_3XK0sID8dZFA,False,20.384348,1,0,0,0,0,0,0,0,0,0,1.0,2e-06,0.0,0.220408,0.0,0.000325,8e-06,0.000111,0.291963,0.0
gsv-cdmx-3843-CurbRamp.png,cdmx,3843,cKF6WzO2WvQK5j2_nKI5qA,False,21.692001,1,0,0,0,0,0,0,0,0,0,0.999996,0.647959,1e-06,0.0,0.0,0.0,2e-06,3e-06,0.0,0.0
gsv-cdmx-3568-CurbRamp.png,cdmx,3568,Fa9ht3nv_i7AUJAW2j2Omw,True,0.834326,1,0,0,0,0,0,1,0,0,0,1.0,3.9e-05,0.000178,2.4e-05,0.0,0.29985,0.000802,0.001532,1e-06,0.0
gsv-cdmx-5234-CurbRamp.png,cdmx,5234,Y72zvl8VCbeq0ZkC8rmyJQ,True,9.848691,0,0,0,0,0,1,0,0,0,0,0.32686,0.000213,0.0,9e-06,0.0,0.0,1e-06,0.0,4.8e-05,0.0
gsv-cdmx-4680-CurbRamp.png,cdmx,4680,NdW-voqoWBU_cmoVSeJwpQ,False,56.383694,1,0,0,0,0,0,1,0,0,0,1.0,0.082683,9.7e-05,0.000164,0.0,8e-05,5e-06,0.000176,4e-05,0.0
gsv-cdmx-1634-CurbRamp.png,cdmx,1634,OADuUJs8jrxHbUovU1OJig,False,47.878543,1,0,0,0,0,0,0,0,0,0,1.0,2e-06,5.1e-05,3e-06,0.0,0.833571,4e-06,2.3e-05,2e-06,0.0
gsv-cdmx-1635-CurbRamp.png,cdmx,1635,OADuUJs8jrxHbUovU1OJig,False,47.045438,1,0,0,0,0,0,0,0,0,0,1.0,0.01491,0.162061,0.0,0.0,0.52101,4e-06,0.002478,6.5e-05,0.0
gsv-cdmx-33170-CurbRamp.png,cdmx,33170,MpQn8UyLcYyb1CeY9Yg_mg,False,352.483124,1,1,0,0,0,0,0,0,0,0,1.0,0.529869,0.998397,2e-06,0.0,0.000859,2e-06,1.3e-05,0.002334,0.0
gsv-cdmx-4282-CurbRamp.png,cdmx,4282,vfwkgH6Y82Po54QNkFqK6w,True,0.845083,1,0,0,0,0,1,0,0,0,0,0.999991,0.000269,4e-06,8e-06,0.0,1.7e-05,0.0,0.0,0.0,0.0
gsv-cdmx-5396-CurbRamp.png,cdmx,5396,_f5GJgMRsEppcV2Wl1cDNw,True,22.390302,1,0,0,0,0,0,0,0,0,0,0.999839,6e-06,0.0,1e-06,0.0,0.0,1e-06,0.0,1.8e-05,0.0
gsv-cdmx-7281-CurbRamp.png,cdmx,7281,y57jyjpRDZYzFrAqkluNHQ,False,41.778523,1,0,0,0,0,0,0,0,0,0,0.999759,0.767561,0.0,0.001291,0.0,3e-06,0.0,1.2e-05,0.000565,0.0
gsv-cdmx-5463-CurbRamp.png,cdmx,5463,FcQKXUYVEWxdBccqq4S5gg,True,8.281269,1,0,0,0,0,1,0,0,0,0,1.0,0.034117,0.574863,6.7e-05,0.0,0.999151,2e-06,0.000354,0.0,0.0
gsv-cdmx-7173-CurbRamp.png,cdmx,7173,0riDvAGkklhFME8hVM3BjA,False,59.361399,1,0,0,0,0,0,1,0,0,0,1.0,2e-06,0.001585,2e-06,0.0,0.000421,0.000117,2e-06,7e-06,0.0
gsv-cdmx-7039-CurbRamp.png,cdmx,7039,oCa9_H9dX8_OkvojwXu1tg,True,20.235857,1,1,0,0,0,0,1,0,1,0,0.999978,0.000419,0.0,0.000458,0.0,0.0,4.2e-05,2e-06,6.3e-05,0.0
gsv-cdmx-7585-CurbRamp.png,cdmx,7585,GL8Wnt2TH0KDjhxqd2zkgA,False,78.10196,1,0,0,0,0,1,0,0,0,0,0.393601,0.0,0.0,2e-06,0.0,7e-06,1e-06,0.0,0.0,0.0
gsv-cdmx-3533-CurbRamp.png,cdmx,3533,KVfIR_w-Wny0J1z0WBSQ_g,False,19.034972,0,0,0,0,0,0,0,0,0,0,0.999999,0.984346,0.002623,3e-06,0.0,4.1e-05,1e-06,0.225998,4.8e-05,0.0
gsv-cdmx-5457-CurbRamp.png,cdmx,5457,DrtEponIWgr1iPzfL1HLbg,True,0.211271,1,0,0,0,0,0,0,0,0,0,1.0,0.175876,0.000401,0.009306,0.0,3.9e-05,1e-06,0.038272,0.877875,0.0
gsv-cdmx-5233-CurbRamp.png,cdmx,5233,Y72zvl8VCbeq0ZkC8rmyJQ,True,0.211271,1,0,0,0,0,1,0,0,0,0,1.0,0.016056,0.000104,5e-05,0.0,0.045995,1e-06,1e-06,2e-06,0.0
gsv-cdmx-4050-CurbRamp.png,cdmx,4050,JNj4ZFEr5JDQPaUpcFjrXg,False,35.797005,1,0,1,0,0,0,0,0,0,0,1.0,0.001068,0.00026,3e-06,0.0,2e-05,0.0,1.8e-05,2e-06,0.0
gsv-cdmx-7794-CurbRamp.png,cdmx,7794,rmga5JHwJjq9aDD918tAtg,False,174.829926,1,0,0,1,0,0,0,0,0,0,1.0,1.3e-05,0.0,0.315237,0.0,0.005944,1.1e-05,1e-06,1e-06,0.0
gsv-cdmx-2929-CurbRamp.png,cdmx,2929,pQ0buX-d0fb0fGqpZFnIDQ,True,7.039393,1,1,0,0,0,0,0,0,0,0,1.0,0.047089,1.1e-05,0.0,0.0,0.989541,1e-06,0.000103,2.6e-05,0.0
gsv-cdmx-6132-CurbRamp.png,cdmx,6132,DrtEponIWgr1iPzfL1HLbg,True,0.633812,1,1,0,0,0,0,0,0,0,0,1.0,0.999874,0.003235,7e-06,0.0,0.721375,5e-06,0.008252,0.000291,0.0
gsv-cdmx-7279-CurbRamp.png,cdmx,7279,bc9LjiuDxG__40N6TciYZw,False,36.574102,1,1,0,0,0,0,0,0,0,0,0.999999,0.0,4e-06,1.7e-05,0.0,0.000263,5e-06,0.003946,0.000495,0.0
gsv-cdmx-7211-CurbRamp.png,cdmx,7211,C-A23mGMUvWwOL9BJj8Ppg,True,15.156557,1,1,0,0,0,0,0,0,0,0,1e-06,0.582336,8e-06,0.0,0.0,4e-06,0.0,1e-06,6.1e-05,0.002074
gsv-cdmx-307-CurbRamp.png,cdmx,307,XMBmgTtUIVPlngowogy0tw,True,7.911398,1,1,1,0,0,0,0,0,0,0,1.0,0.036901,3e-06,0.01071,0.0,0.009217,0.0,0.203713,0.000176,0.0
gsv-cdmx-2357-CurbRamp.png,cdmx,2357,-CKUsR6x_gIfJTjychJ3nw,True,1.026229,1,0,0,0,0,0,0,0,0,0,0.999995,1.3e-05,7.7e-05,0.0,0.0,0.001171,0.0,2.2e-05,4e-06,0.0
gsv-cdmx-4009-CurbRamp.png,cdmx,4009,QF-qLkE97X-l4HDWy85Z_g,True,5.515276,1,1,1,0,0,0,0,0,0,0,0.999999,1.3e-05,1.6e-05,0.000754,0.0,0.0,1e-06,2.1e-05,0.0,0.0
gsv-cdmx-2682-CurbRamp.png,cdmx,2682,b1QjPczXh_7Sh7h56TMNYA,False,7.700314,1,0,0,0,0,1,0,0,0,0,0.357062,1.6e-05,3e-06,0.0,0.0,0.60552,1e-06,0.0,0.0,0.0
gsv-cdmx-7513-CurbRamp.png,cdmx,7513,KD0Us6QXgGWFzjGKhB36-w,False,52.056331,1,0,0,0,0,0,0,0,0,0,0.999998,0.976891,0.0,2e-06,0.0,0.000124,1e-06,2e-06,2e-06,0.0
gsv-cdmx-5892-CurbRamp.png,cdmx,5892,DRHURA3Twsc0m35lI1cTww,False,12.80953,1,1,0,0,0,0,0,0,0,0,1.0,0.999927,0.00475,1e-06,0.0,0.005841,2e-06,0.001386,1e-06,0.0
gsv-cdmx-7019-CurbRamp.png,cdmx,7019,TvVnuM4gUJLK2qX2qITKeA,False,10.003516,1,0,1,0,0,0,0,0,0,0,1.0,0.000441,0.0,0.001427,0.0,3e-05,0.0,0.0,0.004914,0.0
gsv-cdmx-7396-CurbRamp.png,cdmx,7396,wb0jqVIfI4lk3qkMksozEw,True,1.115946,1,1,0,0,0,0,0,0,0,0,0.999992,0.999999,0.006133,0.000233,0.0,0.039888,7e-06,0.000699,0.002635,0.0
gsv-cdmx-2354-CurbRamp.png,cdmx,2354,vZH3PXV4YPWqY-LYSSgrtQ,True,1.161371,1,0,0,0,0,1,0,0,0,0,0.999597,0.009367,5.5e-05,0.0,0.0,0.033907,0.0,4.9e-05,3e-06,0.0
gsv-cdmx-5443-CurbRamp.png,cdmx,5443,waXbYpkvUtMnFVmt_rqvQw,False,5.254644,1,0,0,0,0,1,0,0,1,0,1.0,0.994995,7.9e-05,0.000928,0.0,8e-06,2e-06,0.272937,0.041002,0.0
gsv-cdmx-1209-CurbRamp.png,cdmx,1209,Qqce-H22M8HqzSsYEJ9gMQ,True,0.422541,1,0,0,0,0,0,0,0,0,0,0.999998,2e-06,7e-06,4e-06,0.0,2e-06,1e-06,6.6e-05,0.0,0.0
gsv-cdmx-6317-CurbRamp.png,cdmx,6317,eJ-blVjWZj_0CeNBiN3S9Q,True,8.217619,1,1,0,0,0,0,0,0,0,0,1.0,0.424165,0.978723,2.3e-05,0.0,0.010446,1e-06,2e-05,1e-06,0.0
gsv-cdmx-4409-CurbRamp.png,cdmx,4409,fmZdzKxLBzRuvrDLfYpFPw,False,1.267624,1,1,0,0,0,1,0,0,0,0,0.999999,6.3e-05,6e-06,0.000237,0.0,0.0,4.2e-05,0.072709,6e-06,0.0
gsv-spgg-87098-CurbRamp.png,spgg,87098,64rXqq1RXylxweirL5Jzhw,True,8.192181,1,1,0,0,0,0,0,0,0,0,1.0,0.000193,3.2e-05,0.002306,0.0,4e-06,0.0,0.002532,0.460753,0.0
gsv-spgg-8-CurbRamp.png,spgg,8,VHdlsAGErHcz9AEDqIExBg,True,15.470142,1,0,0,0,0,0,0,0,1,0,1.0,2e-06,0.0,0.500395,0.0,9e-06,1e-06,2.4e-05,8e-06,0.0
gsv-spgg-5602-CurbRamp.png,spgg,5602,glf2MUqeoGzwSx5iCawwfA,True,2.850197,1,0,0,0,0,1,0,0,0,0,1.0,0.105825,0.000139,1e-06,0.0,0.933422,0.0,7.3e-05,0.0,0.0
gsv-spgg-77275-CurbRamp.png,spgg,77275,PlPkbmIFVdV-gz77TyFfbQ,False,22.831866,1,1,0,0,0,0,0,0,0,0,0.084161,0.688572,2e-06,2e-06,0.0,0.0,0.0,0.0,0.0,0.0
gsv-spgg-76308-CurbRamp.png,spgg,76308,DeTaKaV-sduXxQ6S06YDIg,True,10.951043,1,1,1,0,0,0,0,0,0,0,1.0,0.155077,0.038001,0.0,0.0,0.004435,1e-06,0.000137,0.0,0.0
gsv-spgg-83666-CurbRamp.png,spgg,83666,l-m0dscGN-E3kcGFLNNh5Q,True,19.843226,1,0,0,0,0,0,0,0,0,0,0.999996,0.078568,0.0,0.0,0.0,5e-06,0.0,0.0,0.0,0.0
gsv-spgg-27682-CurbRamp.png,spgg,27682,ALOs1-eZlwdjxSd1E1sB0g,False,12.612912,1,1,0,0,0,0,0,0,0,0,0.999955,0.853043,1.8e-05,9e-06,0.0,0.0,1e-06,8e-06,0.0,0.0
gsv-spgg-55241-CurbRamp.png,spgg,55241,tK3c6HqbTuM0bzq82T5-uQ,False,21.763433,1,0,0,0,0,0,0,0,0,0,1.0,0.006016,2.2e-05,0.0,0.0,9e-06,0.0,6.1e-05,0.0,0.0
gsv-spgg-8682-CurbRamp.png,spgg,8682,m4nhLHZbG49_nNhidPUqSA,False,14.482783,1,1,0,0,0,0,0,0,0,0,0.874066,0.272366,0.0,3.6e-05,0.0,0.0,0.0,1e-06,2.5e-05,0.0
gsv-spgg-3641-CurbRamp.png,spgg,3641,rsFaWeMYuWhXDhgpF8RYoQ,False,2.604719,1,1,0,0,0,0,0,0,0,0,0.991358,0.14867,0.0,9e-06,0.0,0.0,0.0,1e-06,0.0,0.0
gsv-spgg-20145-CurbRamp.png,spgg,20145,66GfHGTfiuuRVN0wc6kIAg,False,360.902948,1,0,0,0,0,1,0,0,1,0,1.0,0.000236,0.0,1.5e-05,0.0,1e-06,0.0,1e-06,5.4e-05,0.0
gsv-spgg-6320-CurbRamp.png,spgg,6320,arefOTN7Th4QH3mLIQ64eQ,False,97.725078,1,1,0,0,0,0,0,0,0,0,0.999998,0.917142,0.763761,0.0,0.0,0.001206,0.0,2.8e-05,1e-06,0.0
gsv-spgg-62876-CurbRamp.png,spgg,62876,ZswQ9M3ruOtjXejb6JZK5g,False,90.195924,1,1,0,0,0,0,0,0,0,0,0.999932,0.00105,0.004304,5.8e-05,0.0,0.303218,1e-06,0.0,0.0,0.0
gsv-spgg-42225-CurbRamp.png,spgg,42225,GbTw_-bpHZwPWNG_jPZ4RQ,False,29.538713,1,0,0,0,0,0,0,0,0,0,0.999994,0.999908,5.3e-05,8.5e-05,0.0,2e-06,1.3e-05,1e-06,2.6e-05,0.0
gsv-spgg-51279-CurbRamp.png,spgg,51279,eHDN6ax0V8rk4g4TbKCPUw,False,183.398761,1,0,0,0,0,0,0,0,0,0,1.0,0.697677,0.0,0.006016,0.0,0.001257,1.1e-05,3e-06,0.04675,0.0
gsv-spgg-85627-CurbRamp.png,spgg,85627,6x2ldIYq1gYxkERmK4JGOQ,False,424.92569,1,0,0,0,0,0,0,0,0,0,0.717819,0.0,2e-06,1e-06,0.0,2e-06,0.0,0.0,0.0,0.0
gsv-spgg-23134-CurbRamp.png,spgg,23134,Ea9dd3HWZeoMEVhoCY1pFA,False,143.75216,1,0,0,0,0,1,0,0,0,0,0.999998,0.000231,1e-06,0.0,0.0,0.167867,0.0,1e-06,0.0,0.0
gsv-spgg-76442-CurbRamp.png,spgg,76442,x0gFrY9iAm-Pg_7rEI3IUw,False,127.270525,1,1,1,0,0,0,0,0,1,0,1.0,3.7e-05,0.039908,1e-06,0.0,0.000206,1e-06,0.000301,0.000318,0.0
gsv-spgg-53907-CurbRamp.png,spgg,53907,V4F2CjYf3n5i_ItfJoBHFg,True,16.299527,1,0,0,0,0,1,0,0,0,0,0.981512,0.819994,0.007244,0.0,0.0,0.001722,0.0,0.0,0.0,0.0
gsv-spgg-18852-CurbRamp.png,spgg,18852,vUkZr2A-kG3Go8VtNpMk_g,False,282.718057,1,0,0,0,0,0,0,0,0,0,0.999998,1e-06,2e-06,1e-06,0.0,1e-06,1e-06,0.0,3e-06,0.0
gsv-spgg-6275-CurbRamp.png,spgg,6275,rayfRMi7daH5adHoNz4H4A,True,10.440863,1,0,0,0,0,0,0,0,0,0,0.999995,0.0,0.000138,1e-06,0.0,5.6e-05,0.0,5e-06,0.0,0.0
gsv-spgg-13708-CurbRamp.png,spgg,13708,caDEALRILL1JO_oGTidUrw,True,0.22239,1,1,1,0,0,0,0,0,0,0,0.99999,0.992486,0.918278,2e-06,0.0,0.0,6e-06,1e-06,6e-06,0.0
gsv-spgg-3283-CurbRamp.png,spgg,3283,DNc-mB5KLevdExplTtnVqw,False,11.624654,1,0,0,0,0,1,0,0,0,0,0.99996,0.000271,0.0,6e-06,0.0,0.034712,0.0,2e-06,0.0,0.0
gsv-spgg-63025-CurbRamp.png,spgg,63025,A96HtypEkdhY6H6r9CFHaw,False,20.383251,1,0,0,0,0,0,0,0,0,0,1.0,0.0,1e-06,0.00039,0.0,8e-06,0.0,9.8e-05,3e-06,0.0
gsv-spgg-90437-CurbRamp.png,spgg,90437,F-v2AUVZgnpZm0s8UzhkYQ,True,4.950762,1,0,0,1,0,0,0,1,1,0,0.999785,0.214207,0.0,2e-06,0.0,1e-05,0.0,1e-05,3e-06,0.0
gsv-spgg-36051-CurbRamp.png,spgg,36051,lFPmpRMMxR84cd6Tkju-Tg,False,103.795286,1,0,0,1,0,1,0,0,0,0,0.999956,0.329769,1e-06,3e-06,0.0,0.018878,3e-06,0.0,0.004157,0.0
gsv-spgg-90517-CurbRamp.png,spgg,90517,KmxCR8i_nxVlYWxgCBPdaA,False,152.964584,1,0,0,0,0,0,0,0,0,0,1.0,0.999049,2.2e-05,1.4e-05,0.0,2e-06,2.2e-05,0.00038,1e-06,0.0
gsv-spgg-15080-CurbRamp.png,spgg,15080,DMr9KoCRQTxInfcDAAcK-w,False,5.925718,1,1,0,0,0,0,0,0,0,0,0.914107,0.274122,0.000444,9.3e-05,0.0,0.0,1e-06,4e-06,0.0,0.0
gsv-spgg-4047-CurbRamp.png,spgg,4047,rdK3vFablWDEvrOta7fVBw,False,2.449621,1,1,0,0,0,0,0,0,0,0,0.999992,0.950842,5.3e-05,0.0,0.0,1e-06,1e-06,1e-06,0.0,0.0
gsv-spgg-58208-CurbRamp.png,spgg,58208,wzEj0WkI59UEReNuXAzSVg,False,145.516658,1,0,0,0,0,0,0,1,0,0,0.999999,2.9e-05,0.000242,0.000949,0.0,0.014927,2e-06,2.7e-05,0.0,0.0
gsv-spgg-76124-CurbRamp.png,spgg,76124,8CsGRVs0Eov-pUK0lDePzA,False,69.329322,1,1,0,0,0,0,0,0,1,0,1.0,0.048681,0.000346,5e-06,0.0,0.003572,6e-06,5.2e-05,0.016665,0.0
gsv-spgg-19013-CurbRamp.png,spgg,19013,Z9zSx043n1TWmjwNBN_dqA,False,0.211271,1,1,0,0,0,0,0,0,0,0,0.999997,0.027847,1e-06,2e-06,0.0,1e-06,0.0,0.0,0.0,0.0
gsv-spgg-86985-CurbRamp.png,spgg,86985,_jYy4KOydCkssJAo7uiKNQ,False,0.834926,1,1,0,0,0,0,0,0,0,0,1.0,0.007777,0.0,0.000545,0.0,0.000104,0.0,4.1e-05,5.5e-05,0.0
gsv-spgg-18474-CurbRamp.png,spgg,18474,74WZKqBUrz6L_SPvDCJs_w,False,82.166588,1,0,0,0,0,0,0,1,0,0,1.0,4e-06,0.02549,0.000227,0.0,2.5e-05,1e-05,0.09401,0.007156,0.0
gsv-spgg-19009-CurbRamp.png,spgg,19009,Z9zSx043n1TWmjwNBN_dqA,False,14.842925,1,1,1,0,0,0,0,0,1,0,0.999997,0.992172,2.3e-05,0.002518,0.0,0.000302,4e-06,0.000417,0.999577,1e-06
gsv-spgg-56557-CurbRamp.png,spgg,56557,vVTguwsOA893t50Z_roKkQ,False,177.340368,1,0,0,0,0,1,0,0,0,0,1.0,0.200926,2e-06,0.0,0.0,1.5e-05,0.0,1.2e-05,0.0,0.0
gsv-spgg-51275-CurbRamp.png,spgg,51275,culI_Ac11EhES2NBtZPdkA,False,180.495699,1,0,0,0,0,0,0,0,0,0,0.999997,3e-06,0.0,6.2e-05,0.0,0.000163,0.0,0.0,1e-06,0.0
gsv-spgg-54483-CurbRamp.png,spgg,54483,lB2jZtar4zJesyDrVfEI-A,True,10.73503,1,0,0,0,0,0,0,0,0,0,0.999982,0.000277,0.0,0.0,0.0,2e-06,0.0,0.0,0.0,0.0
gsv-spgg-47224-CurbRamp.png,spgg,47224,oLPo5wYhR9ytOyi-7qVvKw,False,85.301715,1,0,0,0,0,0,0,0,0,0,0.999994,0.996314,0.0,8e-05,0.0,1.7e-05,1e-06,0.0,1e-06,0.0
gsv-spgg-11017-CurbRamp.png,spgg,11017,EyaBhzbX2UQbOY58Gz1wLg,False,58.210834,1,1,0,0,0,1,0,0,0,0,0.999972,0.973552,0.00027,0.0,0.0,0.002304,0.0,0.0,9e-06,0.0
gsv-spgg-68708-CurbRamp.png,spgg,68708,tQYcQbZbzm2hh2GAX_kt0w,False,253.840894,1,0,0,0,0,0,0,0,0,0,0.999998,0.109556,0.000288,1e-06,0.0,3.5e-05,0.0,2e-06,0.0,0.0
gsv-spgg-4203-CurbRamp.png,spgg,4203,rLdmFk8-skDH8qL96NE38g,True,10.02001,1,0,0,0,0,1,0,0,0,0,0.999999,4.2e-05,0.0,0.004947,0.0,7e-06,5e-06,0.000475,1e-06,0.0
gsv-spgg-51820-CurbRamp.png,spgg,51820,fZSZgfOnoRWdP1OCj-l3YA,True,1.146603,1,1,0,0,0,1,1,0,0,0,1.0,0.000749,0.0,0.000952,0.0,0.0,2e-06,6e-06,0.0,0.0
gsv-spgg-61335-CurbRamp.png,spgg,61335,murPSsx_66TQm7OZs3aItg,False,1.677022,1,0,0,0,0,0,0,0,0,0,0.999916,0.073836,0.0,0.00022,0.0,0.0,2.5e-05,1e-06,0.056847,0.0
gsv-spgg-40454-CurbRamp.png,spgg,40454,4vKQQIBpFxbWJKAc6z_Cng,True,1.305649,1,1,1,0,0,0,0,0,0,0,0.999956,0.999997,0.998966,3.8e-05,0.0,0.029905,2.5e-05,0.000268,1.5e-05,1e-06
gsv-spgg-23146-CurbRamp.png,spgg,23146,mRDxLly8arBDExh98zxNjw,False,16.206442,1,0,0,0,0,0,0,0,0,0,0.88058,5e-06,0.0,1e-06,0.0,0.0,1e-06,0.0,0.0,0.0
gsv-spgg-16146-CurbRamp.png,spgg,16146,V4F2CjYf3n5i_ItfJoBHFg,True,5.683648,1,1,0,0,0,0,0,0,0,0,0.999999,0.110419,0.0,7.1e-05,0.0,0.0,1e-06,9.5e-05,1e-06,0.0
gsv-spgg-35340-CurbRamp.png,spgg,35340,oK4JnqWvXxVqQNIC0LVWFg,False,149.476296,1,1,1,0,0,0,0,0,0,0,0.99998,0.301771,0.0,0.559849,0.0,3e-06,6.8e-05,0.0,0.002463,0.0
gsv-pittsburgh-1741-CurbRamp.png,pittsburgh-pa,1741,Gu6zQxnXrIupqMdlWPqWhA,False,37.942373,0,0,0,0,0,1,0,0,0,0,1e-06,0.0,1e-06,0.0,0.0,1.8e-05,1e-06,0.0,1e-06,2e-06
gsv-pittsburgh-5506-CurbRamp.png,pittsburgh-pa,5506,69EISOARbWxJHzQhhBtw-A,False,19.68136,0,0,0,0,0,1,0,0,0,0,6.4e-05,0.0,1e-06,0.0,0.0,9.4e-05,1e-06,0.0,3e-06,1e-06
gsv-pittsburgh-13000-CurbRamp.png,pittsburgh-pa,13000,7oqOFSfEMw6Zavq_dkDOFQ,False,2.036997,0,0,0,0,0,1,0,0,1,0,1e-06,2e-06,6.3e-05,0.0,0.0,0.005273,1.6e-05,0.0,0.05635,0.0
gsv-pittsburgh-15113-CurbRamp.png,pittsburgh-pa,15113,v1FyhcV5G9HBh70KUjoFEA,True,12.097739,1,0,0,0,0,1,0,0,0,0,0.99999,3e-06,0.0,0.000929,0.0,4.8e-05,1e-06,0.0,0.0,0.0
gsv-pittsburgh-15457-CurbRamp.png,pittsburgh-pa,15457,-wmfXwTcelhjqycz52u8nw,False,99.714089,0,0,0,0,0,0,0,0,0,0,6e-06,1e-06,1e-06,1.2e-05,0.0,0.0,0.000111,1e-06,1e-06,2.8e-05
gsv-pittsburgh-8580-CurbRamp.png,pittsburgh-pa,8580,CnEuatR9L730I8kgRg_Ttg,True,10.758651,0,0,0,0,0,1,0,0,0,0,0.0,0.0,1e-06,0.0,0.0,5e-05,2e-06,0.0,2e-06,2e-06
gsv-pittsburgh-15046-CurbRamp.png,pittsburgh-pa,15046,1wIAf8raW4T_jyT13Zjq5g,True,6.253323,1,0,0,0,0,0,0,0,0,0,0.999865,2e-06,0.0,0.0,0.0,0.000272,0.0,0.0,1e-06,0.0
gsv-pittsburgh-16497-CurbRamp.png,pittsburgh-pa,16497,bmHJPjGBMifJL3CddU6S0A,True,22.02274,0,0,0,0,0,0,0,0,0,0,2e-06,0.0,0.0,8e-06,0.0,0.0,1e-06,0.0,0.0,0.000154
gsv-pittsburgh-16255-CurbRamp.png,pittsburgh-pa,16255,f-UkeekjzUMRchu5Sma1zg,True,2.071664,0,0,0,0,0,0,0,0,0,0,1.8e-05,0.0,0.0,2e-06,0.0,1e-06,3e-06,0.0,0.0,0.0
gsv-pittsburgh-5831-CurbRamp.png,pittsburgh-pa,5831,n30zdQ2dKioBTCJ4j39Jqw,False,1.219993,0,1,0,0,0,0,1,0,1,0,0.000472,0.01511,4.4e-05,0.0,0.0,3e-06,1.5e-05,0.0,0.001028,0.0
gsv-pittsburgh-10291-CurbRamp.png,pittsburgh-pa,10291,BiG67bFv-tVJJS8t6JfIEA,False,8.735101,0,0,0,0,0,1,0,0,0,0,0.0,1e-06,5e-06,4.6e-05,0.0,0.003961,5e-06,0.0,0.0,7.5e-05
gsv-pittsburgh-15482-CurbRamp.png,pittsburgh-pa,15482,-wmfXwTcelhjqycz52u8nw,False,87.670831,0,0,0,0,0,0,0,0,0,0,0.0,2e-06,0.0,1.3e-05,0.0,1e-06,4e-06,0.0,0.0,0.000242
gsv-pittsburgh-15299-CurbRamp.png,pittsburgh-pa,15299,2cq94yGG1hPv7L9d5dVgqQ,False,39.750297,0,0,0,0,0,1,0,0,0,0,4e-06,0.0,0.0,1e-06,0.0,0.002631,1e-06,0.0,0.0,1e-06
gsv-pittsburgh-15136-CurbRamp.png,pittsburgh-pa,15136,P1diyeiFyCDpGEvhKG-FxQ,False,55.541653,0,0,0,0,0,0,0,0,0,0,0.99823,4e-06,0.0,0.0231,0.0,0.0,4.9e-05,0.0,0.448788,0.0
gsv-pittsburgh-14902-CurbRamp.png,pittsburgh-pa,14902,pjGLfaJ5EjFwpPSp9lJUXg,True,8.299038,1,0,0,0,0,0,0,0,0,0,0.999999,3e-06,3e-06,0.0,0.0,1e-06,3e-06,0.0,2e-06,0.0
gsv-pittsburgh-11979-CurbRamp.png,pittsburgh-pa,11979,9H9RIt3yp3Op6NNagKpH6A,True,11.083628,1,0,1,0,0,0,0,0,1,0,0.999938,5.1e-05,0.0,1.4e-05,0.0,0.0,4e-06,0.0,6e-06,0.0
gsv-pittsburgh-2543-CurbRamp.png,pittsburgh-pa,2543,nGGgng8oZbxEkk1YTcjbbg,False,94.155017,1,0,0,0,0,1,0,0,0,0,0.00128,0.0,0.0,2e-06,0.0,0.191928,1e-06,0.0,0.0,0.0
gsv-pittsburgh-15230-CurbRamp.png,pittsburgh-pa,15230,Do80e6izaRVslWjboCTniQ,True,5.390812,0,0,0,0,0,0,0,0,0,0,5e-06,0.0,0.0,0.0,0.0,1e-06,1e-06,0.0,4e-06,1e-06
gsv-pittsburgh-15257-CurbRamp.png,pittsburgh-pa,15257,YFqXsfjRBJNnmySjKcgq3Q,True,9.492882,0,0,0,0,0,0,0,0,0,0,3e-06,0.0,0.0,1e-06,0.0,0.000182,2e-06,0.0,0.0,0.0
gsv-pittsburgh-5314-CurbRamp.png,pittsburgh-pa,5314,9IuhdsfBnHjKx_w_eClm-w,False,198.858724,1,0,0,0,0,1,0,0,0,0,0.932902,0.0,0.0,1e-06,0.0,1e-06,1e-06,0.0,0.0,0.0
gsv-pittsburgh-9011-CurbRamp.png,pittsburgh-pa,9011,63Z3mnp-FR2f0rqYDLF-UQ,False,105.76045,0,0,0,0,0,1,0,0,0,0,1.5e-05,0.0,0.0,2e-06,0.0,0.0,3.9e-05,0.0,9e-06,0.0
gsv-pittsburgh-16480-CurbRamp.png,pittsburgh-pa,16480,MqGNbvTrd5xtgQbrQ3U4WA,False,250.196566,0,0,0,0,0,1,0,0,1,0,2e-06,1e-06,0.0,2e-06,0.0,0.0,7e-06,0.0,0.0013,6e-06
gsv-pittsburgh-14275-CurbRamp.png,pittsburgh-pa,14275,lk637cR9YnFdyt9bDjrhHA,False,63.752628,0,0,0,0,0,0,0,0,0,0,0.999651,5.8e-05,0.0,6e-06,0.0,0.0,3e-06,0.0,0.0,0.0
gsv-pittsburgh-15872-CurbRamp.png,pittsburgh-pa,15872,u71TJD4XLT5PDn14_4wrFw,False,53.685755,0,0,0,0,0,0,0,0,0,0,2e-06,2e-06,0.0,0.0,0.0,4e-06,1e-05,0.0,0.0,2e-06
gsv-pittsburgh-8175-CurbRamp.png,pittsburgh-pa,8175,cUJP1GfrVkuTMooUOYGVSA,False,204.134491,1,0,0,0,0,0,1,0,1,0,0.999519,0.000154,0.719053,0.0,0.0,0.153653,0.00128,0.0,0.274197,0.0
gsv-pittsburgh-9715-CurbRamp.png,pittsburgh-pa,9715,qx0pXFEGCYiKwqDyiPpP1w,False,47.190921,0,0,0,0,0,0,0,0,0,0,1e-06,1e-06,0.0,0.0,0.0,3.1e-05,1e-06,0.0,0.0,2e-06
gsv-pittsburgh-15154-CurbRamp.png,pittsburgh-pa,15154,UpuGam0TnIRBxp8KRFRriA,False,169.67354,0,0,0,0,0,0,0,0,0,0,1.7e-05,0.0,0.0,7.7e-05,0.0,0.000216,8e-06,0.0,0.029579,1.2e-05
gsv-pittsburgh-9042-CurbRamp.png,pittsburgh-pa,9042,Pu6rYqLIgVCzempK5aFWqQ,False,170.787202,0,0,0,0,0,0,0,0,0,0,0.000326,0.0,0.0,3.5e-05,0.0,2e-06,4e-06,0.0,0.0,1e-06
gsv-pittsburgh-14141-CurbRamp.png,pittsburgh-pa,14141,_Mt9ix_Zu-qp0UFD8-Pbnw,False,232.509931,1,0,0,0,0,0,0,0,0,0,0.999589,2e-06,0.000495,6e-06,0.0,0.132985,0.0,4.9e-05,0.0,0.0
gsv-pittsburgh-10558-CurbRamp.png,pittsburgh-pa,10558,j3-I4h8HTs9elEZ_Q1xohg,False,110.866178,1,0,0,0,0,0,0,0,0,0,1.0,0.009835,1e-06,8e-06,0.0,0.835418,2.1e-05,3e-06,3e-06,0.0
gsv-pittsburgh-11585-CurbRamp.png,pittsburgh-pa,11585,f9BBZlgd0N4C3DObuACqEQ,False,52.429498,0,0,0,0,0,0,0,0,0,0,5.4e-05,2.3e-05,0.0,0.000573,0.0,1e-06,1e-06,0.0,1.2e-05,0.0
gsv-pittsburgh-15317-CurbRamp.png,pittsburgh-pa,15317,Mj04PjnuSoqJk_j1ErfxDA,True,7.242639,0,0,0,0,0,1,0,0,0,0,2e-05,0.0,1e-06,0.0,0.0,0.002068,3e-06,0.0,0.0,0.0
gsv-pittsburgh-1014-CurbRamp.png,pittsburgh-pa,1014,8AmDJiXJO7SH3A5R3OPBFw,True,13.248118,0,0,0,0,0,0,0,0,0,0,1.6e-05,0.0,0.0,2e-06,0.0,0.0,3e-06,0.0,4e-06,0.0
gsv-pittsburgh-10762-CurbRamp.png,pittsburgh-pa,10762,P_vyFB9WqLyY_JUop7Hglg,False,65.432231,1,0,0,0,0,1,0,0,0,0,0.999934,0.0,0.0,3.5e-05,0.0,2e-06,1e-06,1e-06,0.0,0.0
gsv-pittsburgh-11720-CurbRamp.png,pittsburgh-pa,11720,EenZUABka0bUGSAeJAJYVA,False,265.733518,1,0,0,0,0,0,0,0,0,0,1.0,2e-06,0.126164,1e-06,0.0,0.000908,3e-06,0.003451,1e-05,0.0
gsv-pittsburgh-10683-CurbRamp.png,pittsburgh-pa,10683,uZH1CtW16BH8CFS_fGgkyw,False,59.159676,1,0,0,0,0,0,0,0,0,0,0.999991,1e-06,0.0,1.6e-05,0.0,0.00012,6e-06,0.0,0.0,0.0
gsv-pittsburgh-11053-CurbRamp.png,pittsburgh-pa,11053,fBxoe6v0MkqZHiIWPfXCnA,False,299.87684,0,0,0,0,0,0,0,0,0,0,1e-06,0.0,0.0,1.1e-05,0.0,1e-06,1e-06,0.0,1e-06,8e-06
gsv-pittsburgh-10737-CurbRamp.png,pittsburgh-pa,10737,8FoGEhuhmbcsCXzZgvjQRA,False,73.752165,0,0,0,0,0,0,0,0,0,0,1.4e-05,0.0,0.0,1.1e-05,0.0,1e-06,3e-06,1e-06,1e-06,1e-06
gsv-pittsburgh-16258-CurbRamp.png,pittsburgh-pa,16258,VmhlVUEPcOg2_pY6Hkokrg,False,4.076148,0,0,0,0,0,0,0,0,0,0,3e-06,0.0,0.0,3e-06,0.0,1e-06,3e-06,0.0,0.0,3e-06
gsv-pittsburgh-3943-CurbRamp.png,pittsburgh-pa,3943,9kKKTY9Q-et7VGQsbjcnEQ,False,220.827132,0,0,0,0,0,0,0,0,0,0,1.6e-05,0.0,0.0,1e-06,0.0,0.0,1e-06,0.0,0.0,3e-06
gsv-pittsburgh-1458-CurbRamp.png,pittsburgh-pa,1458,4yMkBkj_nLOQh6Bh4aB_pg,False,69.586056,1,0,0,0,0,0,0,0,0,0,0.005897,0.0,0.0,0.0,0.0,0.001442,1e-06,0.0,0.0,0.0
gsv-pittsburgh-13280-CurbRamp.png,pittsburgh-pa,13280,w0o84dfoe57kN_PlDiBNTw,True,0.928965,1,0,0,0,0,0,0,0,1,0,1.0,1e-06,0.0,9.9e-05,0.0,0.006572,1e-06,0.0,7e-06,0.0
gsv-pittsburgh-5434-CurbRamp.png,pittsburgh-pa,5434,Pqy6W8YkpzymaNBRGV2n7A,True,10.108049,1,0,0,0,0,0,0,0,0,0,0.999971,0.001194,9.6e-05,0.0,0.0,0.131272,1e-06,0.0,1e-06,0.0
gsv-pittsburgh-12806-CurbRamp.png,pittsburgh-pa,12806,8tBEfkIWcXJdKvxfYz53Pg,False,162.46614,0,0,0,0,0,1,0,0,0,0,4.7e-05,0.0,1e-06,0.0,0.0,5e-06,2e-06,0.0,0.0,0.0
gsv-pittsburgh-4545-CurbRamp.png,pittsburgh-pa,4545,vq0kRmOQOYgTSMlbfVx5Hg,False,143.458885,0,0,0,0,0,0,0,0,0,0,2e-06,1e-06,5.4e-05,0.0,0.0,0.0,1e-06,0.0,0.001167,0.0
gsv-pittsburgh-12003-CurbRamp.png,pittsburgh-pa,12003,lS2hYJZroF5wCwg6SnJs1g,True,9.247387,0,0,0,0,0,0,0,0,0,0,0.990535,0.0,0.0,0.000341,0.0,1e-06,0.0,0.0,1e-06,0.0
gsv-pittsburgh-15952-CurbRamp.png,pittsburgh-pa,15952,4FEMW2QMelUzl1Kon6a1Qw,False,17.730288,0,0,0,0,0,1,0,0,0,0,1e-06,3e-06,2e-06,0.0,0.0,0.002477,1e-06,0.0,0.000145,0.0
gsv-pittsburgh-12907-CurbRamp.png,pittsburgh-pa,12907,2Y2JpVKfwpc2Hw1vFUf2fQ,False,93.726794,1,0,0,0,0,0,0,0,1,0,1.0,0.0,2e-06,0.00121,0.0,0.214446,6e-06,9e-06,1e-06,0.0
gsv-pittsburgh-10316-CurbRamp.png,pittsburgh-pa,10316,ek5pPfNQeogxt5pB7Qnf-Q,False,4.278857,0,0,0,0,0,0,0,0,0,0,1e-06,1e-06,6e-06,0.0,0.0,1.6e-05,1e-06,0.0,2e-06,0.0
gsv-pittsburgh-8093-CurbRamp.png,pittsburgh-pa,8093,zbEUokd01oanpHZ6oI6t7g,False,52.361978,1,0,0,1,0,0,0,0,1,0,0.999983,0.001026,0.097391,1e-06,0.0,8e-06,0.00022,1.2e-05,0.998836,0.0
gsv-pittsburgh-3820-CurbRamp.png,pittsburgh-pa,3820,qkjP0sWyixi2UBCVfkXPLg,False,121.527419,1,0,0,0,0,0,0,0,0,0,0.999873,1e-06,0.000313,5e-06,0.0,4e-06,9.4e-05,1.5e-05,0.99889,0.0
gsv-pittsburgh-15866-CurbRamp.png,pittsburgh-pa,15866,3w-mqAMhiWl1yYF0zlOLtA,False,39.947453,1,0,0,1,0,0,0,0,0,0,0.999972,7e-06,0.0,0.000125,0.0,0.0,1e-06,0.0,2e-06,0.0
gsv-pittsburgh-2419-CurbRamp.png,pittsburgh-pa,2419,q7CUQLpjNuYOu5oOeFUSRQ,True,12.23709,0,0,0,0,0,0,0,0,0,0,2e-06,0.0,0.0,8e-06,0.0,0.000272,2e-06,1e-06,0.0,0.000194
gsv-pittsburgh-15998-CurbRamp.png,pittsburgh-pa,15998,ieG13pfeRPOXe6RJY_LRAA,True,4.104005,1,0,0,1,0,0,0,0,0,0,1.0,6e-06,0.0,0.155325,0.0,1e-06,3e-06,0.004109,2.4e-05,0.0
gsv-pittsburgh-14528-CurbRamp.png,pittsburgh-pa,14528,Xzkv8Vsm3Ix78lWW9dSMNg,False,14.252529,1,0,1,0,0,0,0,0,0,0,0.999995,0.0,0.0,3.6e-05,0.0,9e-06,3e-06,2e-06,0.0,0.0
gsv-pittsburgh-15848-CurbRamp.png,pittsburgh-pa,15848,bjiT0omGT4GgFiGXqq2YHw,False,161.042081,0,0,0,0,0,0,0,0,0,0,0.0,2e-06,0.0,1e-06,0.0,1e-06,1e-05,0.0,5e-06,0.000213
gsv-pittsburgh-3819-CurbRamp.png,pittsburgh-pa,3819,qkjP0sWyixi2UBCVfkXPLg,False,129.688419,1,0,0,0,0,0,0,0,1,0,0.999956,0.0,0.0,0.103425,0.0,0.002504,0.000295,0.0,0.952997,1e-06
gsv-pittsburgh-6051-CurbRamp.png,pittsburgh-pa,6051,o7AcRmrIp22NQApouTRJ-g,False,8.614121,0,0,0,0,0,1,0,0,0,0,2e-06,0.0,1e-06,0.0,0.0,0.078417,1e-06,0.0,1e-06,1e-06
gsv-pittsburgh-16043-CurbRamp.png,pittsburgh-pa,16043,7iJ4Db_x-e6tgoRL8yzoUQ,False,177.256433,1,0,0,0,0,0,0,0,0,0,0.999994,0.0,0.0,0.003868,0.0,0.993062,4e-06,6e-06,0.006882,1e-06
gsv-pittsburgh-15288-CurbRamp.png,pittsburgh-pa,15288,7cm5Gdu4ijGM699tNOGmHA,True,6.850044,0,0,0,0,0,0,0,0,0,0,1e-06,0.0,2.7e-05,0.0,0.0,0.0001,1e-06,0.0,1e-06,0.0
gsv-pittsburgh-15075-CurbRamp.png,pittsburgh-pa,15075,kMXuynQ9u4hIhJ7tzoC_mg,False,291.807288,0,0,1,0,0,0,0,0,0,0,8e-06,0.0,0.000161,0.0,0.0,0.001585,2e-06,0.0,0.0,0.0
gsv-pittsburgh-5757-CurbRamp.png,pittsburgh-pa,5757,k-aFlOo9pt7nnL0M5wkxhw,False,222.746181,0,0,0,0,0,0,0,0,0,0,0.0,1e-06,0.0,7e-06,0.0,0.00038,3e-06,0.0,0.0,0.000329
gsv-pittsburgh-14504-CurbRamp.png,pittsburgh-pa,14504,-rPfxRsIp9NFeMyfCeFyPA,True,7.21957,0,0,1,0,0,0,1,0,1,0,0.0,3e-05,1e-05,1e-06,0.0,0.0,6e-06,1e-06,0.00069,2.1e-05
gsv-pittsburgh-11986-CurbRamp.png,pittsburgh-pa,11986,0hJvPQfkpU7wZnO-EO7mRQ,False,149.146441,0,0,0,0,0,1,0,0,0,0,1e-06,1.2e-05,0.0,1e-06,0.0,2e-06,3e-06,0.0,0.0,3.1e-05
gsv-pittsburgh-9544-CurbRamp.png,pittsburgh-pa,9544,gfPzYnDEym86MMnboI66Ug,False,162.508006,0,0,0,0,0,0,0,0,0,0,0.0,0.0,2e-06,1e-06,0.0,6e-05,1e-06,0.0,1e-06,1e-06
gsv-pittsburgh-9220-CurbRamp.png,pittsburgh-pa,9220,guEU-evatLsTiVvZMYnHjw,True,18.069936,1,0,1,0,0,0,0,0,0,0,0.999976,0.0,3.5e-05,1e-06,0.0,0.967058,1e-06,3e-06,3e-06,0.0
gsv-pittsburgh-13628-CurbRamp.png,pittsburgh-pa,13628,X9O6KRSOw8kaWDqH5COPew,False,262.991531,0,0,1,0,0,0,0,0,1,0,3.3e-05,1e-06,1e-06,1e-06,0.0,1e-06,0.003472,0.0,0.006377,0.0
gsv-pittsburgh-5029-CurbRamp.png,pittsburgh-pa,5029,kqkPBtOuAtOd2szlNIgTWQ,True,0.152332,1,0,0,0,0,0,0,0,0,0,0.999994,1e-06,0.0,1e-06,0.0,0.981796,2e-06,0.0,2e-06,0.0
gsv-pittsburgh-15315-CurbRamp.png,pittsburgh-pa,15315,Mj04PjnuSoqJk_j1ErfxDA,True,6.779261,0,0,0,0,0,0,0,0,0,0,8e-06,2.7e-05,0.0,0.000444,0.0,0.000175,1e-06,0.0,5e-06,0.0
gsv-pittsburgh-3936-CurbRamp.png,pittsburgh-pa,3936,HCFdknRFgjVwQO4szIBcBA,True,6.916771,0,0,0,0,0,0,0,0,0,0,5e-06,0.0,0.0,8e-06,0.0,0.949354,2e-06,0.0,1e-06,7e-06
gsv-pittsburgh-159-CurbRamp.png,pittsburgh-pa,159,FjJzQT7lk7yX-Tn4AwGeng,True,3.813991,0,0,0,0,0,0,0,0,0,0,2.5e-05,2e-06,1.8e-05,2e-06,0.0,0.001985,0.0,0.0,0.0,0.0
gsv-pittsburgh-14919-CurbRamp.png,pittsburgh-pa,14919,lVYU6Gqgo1E02X_orFRWcw,False,256.261025,0,0,0,0,0,1,0,0,0,0,2e-06,1e-06,0.0,3e-06,0.0,0.001362,6e-06,0.0,0.0,1e-06
gsv-pittsburgh-7973-CurbRamp.png,pittsburgh-pa,7973,Bif6JQhdmG0d870_AAS3iQ,False,135.686065,1,0,0,0,0,0,0,0,0,0,0.996999,0.000135,1.3e-05,1e-06,0.0,6.9e-05,0.0,0.0,0.0,0.0
gsv-pittsburgh-13134-CurbRamp.png,pittsburgh-pa,13134,AbbPFEp_F7mIx6Humlopsw,True,3.996775,1,0,0,0,0,1,0,0,0,0,1.0,1e-06,0.0,2.3e-05,0.0,0.000132,7e-06,0.000461,1.1e-05,0.0
gsv-pittsburgh-14122-CurbRamp.png,pittsburgh-pa,14122,o14HRMuK8CYG9xOD-Ouk-Q,False,66.361178,1,1,0,0,0,0,0,0,0,0,0.96153,0.0,0.00022,0.0,0.0,1e-05,2e-06,0.0,6.4e-05,0.0
gsv-pittsburgh-12953-CurbRamp.png,pittsburgh-pa,12953,GmbEeBteblWZQJoPODsfhg,True,16.73779,0,0,0,0,0,0,0,0,0,0,1.1e-05,1e-06,1e-06,1.6e-05,0.0,0.0,1e-06,0.0,1e-06,1e-06
gsv-seattle-264204-CurbRamp.png,seattle-wa,264204,z8u7HDGwb9ymKR5z7NMb8w,False,94.322326,1,0,0,0,0,0,0,0,0,0,0.999503,4.3e-05,0.0,1e-06,0.0,0.0,0.0,0.0,2e-06,0.0
gsv-seattle-154648-CurbRamp.png,seattle-wa,154648,j-S8TvplpDwrwWqCU73RbA,True,0.300607,1,0,0,0,0,1,0,0,0,0,0.999999,0.003625,0.0,4e-06,0.0,0.0,9e-06,2e-06,3e-06,0.0
gsv-seattle-193104-CurbRamp.png,seattle-wa,193104,prY4UPolEZgKxwKMS0qaHA,False,296.253316,1,1,0,0,0,0,0,0,0,0,0.999846,0.000372,0.0,2.7e-05,0.0,0.047684,4e-06,0.0,2e-06,0.0
gsv-seattle-75560-CurbRamp.png,seattle-wa,75560,CMxM_AqVD9v8gGivXbTy5w,False,438.168352,0,1,0,0,0,0,0,0,0,0,1e-06,4.8e-05,0.0,0.0,0.0,0.000189,1e-06,0.0,0.0,0.0
gsv-seattle-136899-CurbRamp.png,seattle-wa,136899,OwgtFsJQTeUq9oDfeVd6tw,False,80.334648,1,0,0,0,0,0,0,0,0,0,1.0,0.00062,9e-05,0.0,0.0,1e-06,1e-06,1e-06,0.0,0.0
gsv-seattle-127450-CurbRamp.png,seattle-wa,127450,4E7PEP2NPKqbeT_fQQ953Q,True,1.12008,0,0,0,0,0,0,0,0,0,0,3e-06,4e-06,0.0,1e-06,0.0,0.0,8e-06,0.0,6e-06,3e-06
gsv-seattle-154224-CurbRamp.png,seattle-wa,154224,uTOlGyuxix0PmwvmWcFT_w,False,103.295609,1,1,0,0,0,0,0,0,0,0,0.999995,2.3e-05,1e-06,0.0,0.0,0.0,2e-06,0.0,0.000142,0.0
gsv-seattle-131782-CurbRamp.png,seattle-wa,131782,CIX7_dKJaQd-Az_JNS5fLw,False,202.946881,1,0,0,0,0,0,0,0,0,0,0.999999,1e-06,0.0,1e-06,0.0,0.767682,2e-06,1e-06,1.7e-05,0.0
gsv-seattle-137809-CurbRamp.png,seattle-wa,137809,jiXujQNvCM_EggL2RQTa_g,False,25.42565,1,0,0,0,0,0,0,0,0,0,1.0,0.000264,1e-06,9e-06,0.0,1.1e-05,2e-06,7e-06,0.0,0.0
gsv-seattle-157995-CurbRamp.png,seattle-wa,157995,OKhVw3MeXb6SjOapD1OhmQ,True,9.505785,1,0,0,0,0,1,0,0,0,0,0.999993,0.00012,4e-06,0.0,0.0,7e-06,0.0,0.0,0.0,0.0
gsv-seattle-263663-CurbRamp.png,seattle-wa,263663,5blYVuoCrqQdqQo7ibnF_g,True,16.09194,0,0,0,0,0,0,0,0,0,0,3e-06,1e-06,0.0,1e-06,0.0,4e-06,3e-06,0.0,0.0,3e-06
gsv-seattle-244285-CurbRamp.png,seattle-wa,244285,3NyLysE7Kvmjd7phK9u4Ew,True,8.242935,1,0,0,0,0,0,0,0,1,0,0.999988,1e-06,0.0,1e-06,0.0,2.5e-05,9e-06,0.0,1e-06,0.0
gsv-seattle-193885-CurbRamp.png,seattle-wa,193885,UXo-8WMGQOhdndDREngNRA,True,16.604051,0,0,0,0,0,0,0,0,0,0,4e-06,0.0,0.0,2e-06,0.0,8e-06,8e-06,0.0,0.0,0.0
gsv-seattle-191032-CurbRamp.png,seattle-wa,191032,0Ba7hkghmVmIvM-Rg2izmw,True,3.585332,0,0,0,0,0,1,0,0,0,0,4e-06,0.0,0.0,1.8e-05,0.0,5.9e-05,1e-06,0.0,1e-06,0.0
gsv-seattle-133930-CurbRamp.png,seattle-wa,133930,R1VykuV6sqIuPP89z6xhfQ,False,15.014971,1,0,0,0,0,0,0,0,0,0,0.514666,0.0,0.0,0.0,0.0,0.000227,0.0,0.0,1e-06,0.0
gsv-seattle-208212-CurbRamp.png,seattle-wa,208212,YnuZAfpYwwlWuqfoncF3Dg,True,13.004334,0,0,0,0,0,0,0,0,0,0,0.0,1e-06,1e-06,0.0,0.0,0.000156,2e-06,0.0,0.0,3e-06
gsv-seattle-206582-CurbRamp.png,seattle-wa,206582,LTvQBDmkbQseQwKuHMaqRw,False,11.796442,0,0,0,0,0,0,0,0,0,0,9e-06,0.0,2e-06,0.0,0.0,1e-06,1e-06,0.0,2e-06,2e-06
gsv-seattle-161189-CurbRamp.png,seattle-wa,161189,8hdVAmMeBKRo1PmJ98Jwqg,True,19.698372,0,0,0,0,0,0,0,0,0,0,0.018002,1e-06,0.0,1e-06,0.0,1e-06,0.0,0.0,2e-06,0.0
gsv-seattle-192919-CurbRamp.png,seattle-wa,192919,txBtSHPxgsTxj8F7Wz3jLw,True,2.55492,0,0,0,0,0,0,0,0,0,0,5e-06,0.0,2e-05,0.0,0.0,4e-06,2e-06,0.0,4e-06,0.0
gsv-seattle-157377-CurbRamp.png,seattle-wa,157377,K_tYce7yQKOIDtrAwGq8Kg,False,98.535884,0,0,0,0,0,1,0,0,0,0,4.8e-05,0.0,0.0,0.0,0.0,0.008268,1e-06,0.0,0.0,0.0
gsv-seattle-237205-CurbRamp.png,seattle-wa,237205,fJuWEJkVBFxhnnVdKt_gVg,False,0.759987,0,0,0,0,0,0,1,0,0,0,2e-06,1e-06,2e-06,5e-06,0.0,0.0,0.000205,0.0,0.003812,4e-06
gsv-seattle-167463-CurbRamp.png,seattle-wa,167463,RJofNv602MXYooJrEnbzEg,False,1.009611,1,0,0,0,0,0,0,0,0,0,0.999965,1e-06,0.0,3e-06,0.0,0.035821,0.0,0.0,0.0,0.0
gsv-seattle-17853-CurbRamp.png,seattle-wa,17853,nu6NH9wd6x7PhPcCo8Hj5w,False,228.400805,1,0,0,0,0,1,0,0,0,0,0.999997,0.012157,2.4e-05,0.000478,0.0,0.999946,0.000506,5e-06,2.8e-05,1e-06
gsv-seattle-72783-CurbRamp.png,seattle-wa,72783,Y8GW9N5x3GGqM90Lp8LJpg,False,417.169127,0,0,0,0,0,0,0,0,1,0,0.999801,3.8e-05,0.0,0.0,0.0,0.0,2e-06,0.0,0.045688,0.0
gsv-seattle-245712-CurbRamp.png,seattle-wa,245712,B13wpMdR76_a_MGwA7lkWA,False,31.141327,0,0,0,0,0,0,0,0,0,0,8e-06,3e-06,4e-06,1e-06,0.0,0.0,3.1e-05,0.0,1.1e-05,0.0
gsv-seattle-212903-CurbRamp.png,seattle-wa,212903,eFRAOzUBMQkwZ_X4xKpDDg,False,10.947647,1,0,0,0,0,0,0,0,0,0,1.0,2.1e-05,1e-06,0.00034,0.0,0.874753,5e-06,1.1e-05,0.000153,0.0
gsv-seattle-212407-CurbRamp.png,seattle-wa,212407,xGNS5hhUfiBr9HVtsf8byA,False,196.536726,0,0,0,0,0,0,0,0,0,0,8.6e-05,0.0,0.0,0.000253,0.0,0.00042,5e-06,0.0,0.0,1e-06
gsv-seattle-99622-CurbRamp.png,seattle-wa,99622,8iBjPlv-N-OQDqqlxWYShA,True,8.581216,1,0,0,0,0,1,0,0,1,0,0.999999,0.005975,0.0,1.9e-05,0.0,1e-06,6e-06,0.0,1e-06,0.0
gsv-seattle-72780-CurbRamp.png,seattle-wa,72780,Y8GW9N5x3GGqM90Lp8LJpg,False,414.95418,0,0,0,0,0,0,0,0,0,0,0.018265,0.002623,0.0,0.002723,0.0,3e-06,1e-06,0.0,0.718993,0.0
gsv-seattle-191727-CurbRamp.png,seattle-wa,191727,FT-XkaOoh0U0WTUofEso3Q,True,0.7005,0,0,1,0,0,0,0,0,0,0,0.243748,1.8e-05,0.0,0.0,0.0,0.068392,6.1e-05,0.0,3e-05,0.0
gsv-seattle-70531-CurbRamp.png,seattle-wa,70531,ccRNOz_0aObp_H3BiTvFSg,False,170.624382,1,0,0,0,0,1,0,0,0,0,1.0,0.000541,3e-06,0.001307,0.0,0.0,7e-05,0.0,1e-05,0.0
gsv-seattle-270814-CurbRamp.png,seattle-wa,270814,b17px-qNlqgD1nN3Kcx6HQ,True,14.170649,0,0,0,0,0,1,0,0,0,0,7e-06,0.0,1e-06,0.0,0.0,0.922773,1e-06,0.0,2e-06,0.0
gsv-seattle-194654-CurbRamp.png,seattle-wa,194654,kmfcQ07H6LQtSftuVzVQPw,True,10.441912,1,0,0,0,0,0,0,0,0,0,1.0,0.000902,0.0,3e-06,0.0,7.1e-05,1e-05,2e-06,0.039401,0.0
gsv-seattle-100581-CurbRamp.png,seattle-wa,100581,2XHf2nuFGdhoH31KMucR-A,True,13.624568,0,0,0,0,0,0,0,0,0,0,2e-06,2e-06,0.0,1e-06,0.0,3e-06,3e-06,0.0,0.0,2e-06
gsv-seattle-200715-CurbRamp.png,seattle-wa,200715,4Jx7EfRQPGWinF9xU7160Q,False,74.2942,1,1,0,0,0,0,0,0,0,0,1.0,5.9e-05,0.0,5e-06,0.0,4e-06,1e-06,0.0,2e-06,0.0
gsv-seattle-67319-CurbRamp.png,seattle-wa,67319,HgHahHJG2_F61YXdbdGdKw,True,3.525641,0,0,0,0,0,0,0,0,0,0,1e-06,2e-06,1e-06,0.0,0.0,4e-06,2e-06,0.0,1e-06,2e-06
gsv-seattle-154609-CurbRamp.png,seattle-wa,154609,BpHackIaJtqalFbHMKFmJQ,True,5.985553,1,0,0,0,0,0,0,0,0,0,0.999998,7e-05,0.000793,0.0,0.0,1.5e-05,1e-06,1e-06,1e-06,0.0
gsv-seattle-95430-CurbRamp.png,seattle-wa,95430,rMCwDPO44YdeL85SPrLOmA,True,6.233522,0,0,0,0,0,0,0,0,0,0,2e-06,0.0,0.0,0.0,0.0,2e-06,1e-06,0.0,7e-06,1e-06
gsv-seattle-264561-CurbRamp.png,seattle-wa,264561,2g808n_WVG0GY7ViDidbBA,False,405.122445,0,0,0,0,0,1,0,0,0,0,0.0,6e-06,0.000116,0.0,0.0,2e-06,6e-06,0.0,4e-06,8e-06
gsv-seattle-168855-CurbRamp.png,seattle-wa,168855,WB1VYSfjfA_ldxEnZf95OQ,False,214.862636,0,0,0,0,0,0,0,0,0,0,2e-06,0.0,1e-06,0.0,0.0,0.04719,1e-06,0.0,3e-06,1e-06
gsv-seattle-157007-CurbRamp.png,seattle-wa,157007,p8ijA1KcJfLpTEyoonFKnA,False,30.599203,0,0,0,0,0,0,0,0,0,0,1e-06,2e-06,3e-06,0.0,0.0,1e-06,1e-06,0.0,2e-06,1e-06
gsv-seattle-46632-CurbRamp.png,seattle-wa,46632,usXC3d5IckK58R36fqorsw,False,186.688627,0,0,0,0,0,1,0,0,0,0,0.0,3e-06,4e-06,0.0,0.0,4e-05,6e-06,0.0,0.0,6e-06
gsv-seattle-208172-CurbRamp.png,seattle-wa,208172,pny94uMwMTveoX9DwguyKw,True,4.794801,0,0,0,0,0,0,0,0,0,0,1e-06,1.3e-05,0.0,0.0,0.0,1e-06,9e-06,0.0,0.0,1e-06
gsv-seattle-190589-CurbRamp.png,seattle-wa,190589,fZExxH3X9DHXSYmsAyn22g,False,23.037323,0,0,0,0,0,0,0,0,0,0,0.026926,4e-06,0.0,2.4e-05,0.0,1e-06,6e-06,0.0,0.0,0.0
gsv-seattle-170425-CurbRamp.png,seattle-wa,170425,C-wa10Yps2Q06iGlYpXHPQ,True,9.135621,1,0,0,0,0,0,0,0,0,0,0.999711,0.0,0.0,0.002635,0.0,0.000106,0.000134,0.0,3e-06,0.0
gsv-seattle-148498-CurbRamp.png,seattle-wa,148498,ZEffP2htfwoBCDMdnmIKqQ,False,131.30953,0,0,0,0,0,0,0,0,0,0,6e-06,0.0,0.0,2e-06,0.0,0.0,6e-06,0.0,1e-06,1e-06
gsv-seattle-167718-CurbRamp.png,seattle-wa,167718,kQqoFpMK9u6IOENCUZe_IA,False,74.103694,1,0,0,0,0,1,0,0,1,0,0.991475,0.0,0.0,0.006157,0.0,1e-06,3.6e-05,1e-06,0.0,0.0
gsv-seattle-44062-CurbRamp.png,seattle-wa,44062,PpNBX_5ZSZZyW_bY7oM2rg,False,65.085525,0,0,0,0,0,0,0,0,0,0,1e-06,1e-06,0.0,0.0,0.0,0.003051,1e-06,0.0,1e-06,1e-06
gsv-seattle-150888-CurbRamp.png,seattle-wa,150888,4v3mOm8IPPGZQelO0JXbiw,True,2.096552,0,0,0,0,0,0,0,0,0,0,4e-06,2e-06,1e-06,0.0,0.0,0.0,3e-06,0.0,0.0,2e-06
gsv-seattle-174810-CurbRamp.png,seattle-wa,174810,2OfC52CKk0FHKCM2w-BMfA,False,14.958775,0,0,0,0,0,0,0,0,0,0,7.1e-05,0.0,0.0,0.0,0.0,2.9e-05,0.0,0.0,0.0,0.0
gsv-seattle-245957-CurbRamp.png,seattle-wa,245957,VI8aMPoc5rFSxZphqXkcwg,True,6.364806,0,0,0,0,0,0,0,0,0,0,1e-06,9e-06,0.0,1e-06,0.0,1e-06,4e-06,0.0,1e-06,4e-06
gsv-seattle-2880-CurbRamp.png,seattle-wa,2880,KTGRvPvTT9R6lqkJyOlPPA,False,80.170327,0,1,0,0,0,0,0,0,0,0,1.3e-05,0.0,0.0,3.8e-05,0.0,1e-05,1.9e-05,0.0,0.0,2e-06
gsv-seattle-126741-CurbRamp.png,seattle-wa,126741,M6C4GwuemlwBCvdLI2CONw,False,2.107117,0,0,0,0,0,0,0,0,0,0,8e-06,2e-06,0.0,3.5e-05,0.0,0.973534,0.000124,0.0,6e-06,1.2e-05
gsv-seattle-157189-CurbRamp.png,seattle-wa,157189,Hj0S2ylmHQltyRoRiqwFDA,False,131.405255,0,0,0,0,0,0,0,0,0,0,1.1e-05,0.0,0.0,2e-06,0.0,0.0,1e-06,0.0,5e-06,0.0
gsv-seattle-191776-CurbRamp.png,seattle-wa,191776,k_CIfqJ2Nt_y91yJjFH2Aw,True,15.058366,0,0,0,0,0,0,0,0,0,0,3e-06,0.0,0.0,5.3e-05,0.0,0.0,3e-06,0.0,3e-06,3e-06
gsv-seattle-150704-CurbRamp.png,seattle-wa,150704,QV8NOIzVBMvDTUBPLi8L8A,False,150.025344,0,0,0,0,0,0,0,0,0,0,2e-06,1e-06,1e-06,1e-05,0.0,0.0,6e-06,1e-06,2e-06,4e-06
gsv-seattle-88960-CurbRamp.png,seattle-wa,88960,5mzx6FS7j0Mqey0OTZiymw,False,844.420284,0,0,0,0,0,0,0,0,0,0,1e-06,0.003089,6.6e-05,0.0,0.0,1e-06,2e-06,0.0,0.0,4e-05
gsv-seattle-44539-CurbRamp.png,seattle-wa,44539,KCe4bSr7VfB-KnwE2M_x0g,True,22.507102,0,0,0,0,0,0,0,0,0,0,0.000322,1e-06,8e-06,1e-05,0.0,0.0,3e-06,0.0,2e-06,0.0
gsv-seattle-182286-CurbRamp.png,seattle-wa,182286,QocVVHJBDHVrMFgke6QKjQ,False,12.984604,0,0,0,0,0,0,0,0,0,0,4.1e-05,0.0,0.0,1e-06,0.0,2e-06,3e-06,0.0,0.0,6e-06
gsv-seattle-23002-CurbRamp.png,seattle-wa,23002,I-fuwT5bwbHEeZ3Yf4uHPA,False,170.865551,1,0,0,0,0,0,0,0,0,0,0.999885,0.009467,8e-06,0.0,0.0,0.0,1.4e-05,0.0,8.1e-05,0.0
gsv-seattle-187859-CurbRamp.png,seattle-wa,187859,H_v-vTRk1GWUm0-GrnNcQw,True,17.562654,0,0,0,0,0,0,0,0,0,0,7e-06,1e-06,0.0,1e-06,0.0,0.0,2e-06,0.0,1e-06,1e-06
gsv-seattle-168996-CurbRamp.png,seattle-wa,168996,u3fI4jISxV8gwTy0j9hmFg,False,89.777023,1,0,0,0,0,0,0,0,0,0,0.999663,1e-06,0.0,4.1e-05,0.0,0.002012,1e-06,0.0,8e-06,0.0
gsv-seattle-53468-CurbRamp.png,seattle-wa,53468,HqBPkUSSnwezI4Vu78eaRw,False,19.217904,0,0,0,0,0,0,0,0,0,0,2e-06,3e-06,0.0,1e-06,0.0,0.0,2e-06,0.0,5e-06,7e-06
gsv-seattle-162490-CurbRamp.png,seattle-wa,162490,XtvZawckWwbIa8Y61tcC-Q,False,15.711277,0,0,0,0,0,1,0,0,0,0,2.1e-05,0.0,0.0,2e-06,0.0,2e-06,2e-06,0.0,0.0,0.0
gsv-seattle-148506-CurbRamp.png,seattle-wa,148506,mrF5D36WqKzSLg8GGXwx5Q,False,145.132405,1,0,0,0,0,0,0,0,0,0,0.999989,3e-06,9e-06,0.0,0.0,0.002393,0.069594,9e-06,2.3e-05,0.0
gsv-seattle-1123-CurbRamp.png,seattle-wa,1123,FBkGh38zZYhyGUUJPnpZcQ,True,13.185713,1,0,0,0,0,1,0,0,0,0,0.999995,0.0,0.0,7e-06,0.0,8.7e-05,1e-06,5e-06,0.0,0.0
gsv-seattle-193106-CurbRamp.png,seattle-wa,193106,SLF7SfL1rNmXgq-5Z-U7sA,False,20.530248,0,0,0,0,0,0,0,0,0,0,0.013584,0.0,0.0,3e-06,0.0,1e-06,0.0,0.0,1e-06,0.0
gsv-seattle-104836-CurbRamp.png,seattle-wa,104836,wYpxUOtWOmGC_JEgjrkceQ,False,93.361675,0,0,0,0,0,0,0,0,0,0,0.015918,0.0,0.0,0.0,0.0,1e-06,2e-06,0.0,0.0,0.0
gsv-seattle-194323-CurbRamp.png,seattle-wa,194323,FT-XkaOoh0U0WTUofEso3Q,True,0.106138,0,0,0,0,0,0,0,0,0,0,0.571418,0.00025,0.0,0.0,0.0,0.007062,3e-06,0.0,1e-06,0.0
gsv-seattle-160043-CurbRamp.png,seattle-wa,160043,MnUA5fPCT1V7pu3EPZB1UA,False,218.006049,1,0,0,0,0,0,0,0,0,0,1.0,1e-06,3e-06,0.0,0.0,0.001188,1e-06,0.0,7.7e-05,0.0
gsv-seattle-128790-CurbRamp.png,seattle-wa,128790,mNyG6UZAyZO6xhC6tV9uyg,False,0.563208,0,0,0,0,0,0,0,0,0,0,0.000615,1e-06,0.0,1e-06,0.0,0.0,2e-06,0.0,1e-06,0.0
gsv-seattle-241967-CurbRamp.png,seattle-wa,241967,FYL2QkIUfVM9mzBqP09Rgw,True,5.498151,0,0,0,0,0,0,0,0,0,0,0.0,1e-06,1e-06,0.0,0.0,5.8e-05,0.0,0.0,0.0,2e-06
gsv-seattle-147617-CurbRamp.png,seattle-wa,147617,SBtw8zB0rI9hIe1ZX4THXg,False,226.222524,1,0,0,0,0,0,0,0,0,0,1.0,1.4e-05,7e-06,0.0,0.0,0.000549,1e-06,9e-06,0.0,0.0
gsv-seattle-20608-CurbRamp.png,seattle-wa,20608,n2zq5jEibrq8z0Ar4f1ffQ,False,207.948043,1,0,0,0,0,0,0,0,0,0,0.999998,0.0,0.0,6e-06,0.0,0.000282,6e-06,0.0,1e-06,0.0
gsv-seattle-235187-CurbRamp.png,seattle-wa,235187,nEgqrEJ2UNxOmaJfUXIHTw,False,100.985351,0,0,0,0,0,0,0,0,0,0,0.00296,1e-06,0.0,3e-06,0.0,0.0,6e-06,0.0,1e-06,0.0
gsv-seattle-97837-CurbRamp.png,seattle-wa,97837,PU2AxaAkqwkANOqvQOUCaw,False,123.705388,0,0,0,0,0,1,0,0,0,0,2e-06,2e-06,0.0,0.0,0.0,0.302794,1e-06,0.0,0.0,6e-06
gsv-seattle-234699-CurbRamp.png,seattle-wa,234699,W2lJR9ZLCNjmaVV2kKMJUw,False,30.860803,0,0,0,0,0,0,0,0,0,0,3e-06,0.0,0.0,6e-06,0.0,1e-06,9e-06,1e-06,0.0,3e-06
gsv-seattle-59089-CurbRamp.png,seattle-wa,59089,OJV4nftJai__r0eAR6TFCQ,False,141.042002,1,0,0,0,0,0,0,0,0,0,0.999998,1e-06,4e-06,7e-06,0.0,0.000282,1e-06,6e-06,0.0,0.0
gsv-seattle-127569-CurbRamp.png,seattle-wa,127569,1fnXSQfYVVBP1fZpOXRJvA,False,129.975622,0,0,0,0,0,0,0,0,0,0,4e-06,1e-06,0.0,3e-06,0.0,2e-06,3e-06,0.0,1e-06,0.0
gsv-seattle-263843-CurbRamp.png,seattle-wa,263843,1ODO3b8HFZEjJWYDTrfKMA,True,9.341158,0,0,0,0,0,0,0,0,0,0,1e-06,0.0,0.0,1e-06,0.0,4.3e-05,1e-06,0.0,0.0,4e-06
gsv-seattle-151114-CurbRamp.png,seattle-wa,151114,v2pPeiEzAxVxGbR-mUHpNQ,False,108.935069,1,0,0,0,0,0,0,0,0,0,1.0,1.3e-05,0.0,0.0,0.0,0.001545,0.0,0.0,0.0,0.0
gsv-seattle-42026-CurbRamp.png,seattle-wa,42026,DskkEAbsO41dVZaR0QngHQ,False,81.452443,0,0,0,0,0,0,0,0,0,0,1.4e-05,5.7e-05,0.0,0.0,0.0,1e-06,2e-06,0.0,7e-06,0.0
gsv-seattle-282-CurbRamp.png,seattle-wa,282,DF4VBwDNJeFEg80MG6WL-A,True,10.190303,1,0,0,0,0,0,0,0,0,0,0.999967,0.0,4.8e-05,0.0,0.0,0.0,1e-06,3e-06,2.1e-05,0.0
gsv-seattle-226967-CurbRamp.png,seattle-wa,226967,SrQDjJkXwj4WgB9VElagAg,False,197.713251,1,0,0,0,0,0,0,0,0,0,1.0,4e-06,2e-06,0.0,0.0,2e-05,0.0,7e-06,0.0,0.0
gsv-seattle-256541-CurbRamp.png,seattle-wa,256541,3QEwR65027G5UqC5M3MoYw,False,229.633722,0,0,0,0,0,0,0,0,0,0,1e-06,0.0,1e-06,0.0,0.0,0.0,1e-06,0.0,2e-06,2e-06
gsv-seattle-138343-CurbRamp.png,seattle-wa,138343,xyGyKXl8TjTOuWK_6DD10A,True,6.298439,0,0,0,0,0,0,0,0,0,0,2e-06,1e-06,0.0,0.0,0.0,3e-06,0.0,0.0,1e-06,1e-06
gsv-seattle-184149-CurbRamp.png,seattle-wa,184149,5Sb48SGTU7DGjGuN6jh0mA,False,47.465862,1,0,0,0,0,0,0,0,0,0,0.999663,0.0,0.0,0.0,0.0,1.6e-05,3e-06,0.0,0.0,0.0
gsv-seattle-209751-CurbRamp.png,seattle-wa,209751,wnKfyAdAIvTIAnYmuG61AQ,False,106.409732,1,0,0,0,0,0,0,0,0,0,0.999622,0.0,0.0,0.000187,0.0,0.0,4.5e-05,0.0,1.5e-05,0.0
gsv-seattle-235666-CurbRamp.png,seattle-wa,235666,Pa5qY-6CTtmYxePrDLDq-Q,False,217.394359,1,1,0,0,0,1,0,0,0,0,0.999999,1.1e-05,2e-06,3e-06,0.0,0.027655,0.0,0.0,0.0,0.0
gsv-seattle-269173-CurbRamp.png,seattle-wa,269173,VKsf8qpZBQd-slKcAfZhpQ,False,152.947325,0,0,0,0,0,0,0,0,0,0,1e-06,0.000138,1.6e-05,0.0,0.0,0.088641,1e-06,0.0,3e-06,0.0
gsv-seattle-135544-CurbRamp.png,seattle-wa,135544,FDV5GUhW20ezG_TesJlrlg,True,13.051355,0,0,0,0,0,0,0,0,0,0,0.0,1.1e-05,0.0,2.4e-05,0.0,1.2e-05,7e-06,0.0,0.0,1.9e-05
gsv-seattle-159843-CurbRamp.png,seattle-wa,159843,N9RXln1yVc6VbY9SE1iYYA,False,136.26105,1,1,0,0,0,0,0,0,0,0,1.0,0.174578,0.0,1e-05,0.0,0.91485,8e-06,5.1e-05,0.471062,0.0
gsv-seattle-260739-CurbRamp.png,seattle-wa,260739,vqnO7WYRh2UtJk4xCU4Xog,True,3.675906,0,0,0,0,0,0,0,0,0,0,1e-06,1e-06,0.0,4e-06,0.0,0.0,2e-06,0.0,7e-06,5e-06
gsv-seattle-209415-CurbRamp.png,seattle-wa,209415,TkCR5hLqVN1aZXunqk7l5Q,False,0.755075,0,0,0,0,0,0,0,0,0,0,4e-06,0.0,0.0,0.0,0.0,0.000323,1e-06,0.0,1e-06,1e-06
gsv-seattle-222835-CurbRamp.png,seattle-wa,222835,Jt8nXi26mnG3R5-UI7_fwg,False,221.612102,0,0,0,0,0,1,0,0,0,0,1e-06,0.488587,2e-06,0.0,0.0,7.7e-05,2e-06,0.0,0.0,3e-06
gsv-seattle-141352-CurbRamp.png,seattle-wa,141352,20d2lmDloIpvO18cCpBSWA,False,240.351895,1,0,0,0,0,0,0,0,0,0,0.999999,5.7e-05,0.0,1.8e-05,0.0,0.004145,5e-06,0.0,0.0,0.0
gsv-seattle-133-CurbRamp.png,seattle-wa,133,RoOyujZ_v9GlaDgmKdclvw,True,4.827979,1,0,0,0,0,0,0,0,1,0,1.0,0.000432,0.0,5e-06,0.0,1e-06,4e-06,0.0,9e-05,0.0
gsv-seattle-179720-CurbRamp.png,seattle-wa,179720,FJp9u8EpfyBQkBFQ5vbbwQ,False,24.635183,0,0,0,0,0,0,0,0,0,0,0.0,0.0,0.0,5e-06,0.0,1e-06,4e-06,1e-06,1e-06,7.1e-05
gsv-seattle-193433-CurbRamp.png,seattle-wa,193433,8tOttbaiw73gMEZPvwnWpg,True,10.55561,0,0,0,0,0,0,0,0,0,0,8e-06,1e-06,0.0,3e-06,0.0,0.001054,4e-06,0.0,0.0,3e-06
gsv-seattle-96456-CurbRamp.png,seattle-wa,96456,HIhMMAYiX4nJZm7GNOHdjA,True,20.449166,1,1,0,0,0,0,0,0,0,0,0.999996,3.2e-05,0.0,0.000957,0.0,0.0,5.5e-05,0.0,0.001915,0.0
gsv-seattle-134128-CurbRamp.png,seattle-wa,134128,yQOUSW4l7j2yPE5Nqi2ctg,True,7.471067,0,0,0,0,0,0,0,0,0,0,8e-06,5e-06,1e-06,3.2e-05,0.0,0.0,1e-06,0.0,7e-05,4e-06
gsv-seattle-2173-CurbRamp.png,seattle-wa,2173,BQ7tru5_xQgmHmbfUolyPQ,False,3.612056,1,1,0,0,0,0,0,0,0,0,1.0,4e-06,4.9e-05,1e-06,0.0,0.028879,1e-06,0.0,0.0,0.0
gsv-seattle-104263-CurbRamp.png,seattle-wa,104263,4ApjqxKza7Tt2bk6Fmlpig,True,18.255445,0,0,0,0,0,0,0,0,0,0,7e-06,0.0,1.9e-05,1e-06,0.0,2.1e-05,2e-06,0.0,0.0,3e-06
gsv-seattle-247736-CurbRamp.png,seattle-wa,247736,D548uCITS-Y-xm3BuGRwfA,False,109.789709,0,0,0,0,0,0,0,0,0,0,2e-06,0.0,0.0,0.0,0.0,0.000176,3e-06,0.0,0.0,6e-06
gsv-seattle-52931-CurbRamp.png,seattle-wa,52931,YrymUwdfaQ9dO7a3WLWy-A,False,129.277525,1,0,0,0,0,0,0,0,0,0,0.322206,0.008069,0.001388,0.0,0.0,0.80411,5e-05,0.0,9.2e-05,0.0
gsv-seattle-257506-CurbRamp.png,seattle-wa,257506,hE5t5QzZUeR9jP3ZrBqrnw,True,11.319356,1,0,0,0,0,0,0,0,0,0,0.999658,0.000239,0.0,3e-06,0.0,9e-06,4e-06,0.0,0.0,0.0
gsv-seattle-167448-CurbRamp.png,seattle-wa,167448,2ISDtGg4asexcjbLhv32iQ,False,0.432007,1,0,0,0,0,0,0,0,0,0,0.999994,0.0,0.0,1.9e-05,0.0,0.028373,5e-06,0.0,2e-06,0.0
gsv-seattle-13696-CurbRamp.png,seattle-wa,13696,u5CIs938WMW6Srt9v35xFw,False,37.977405,0,1,0,0,0,0,0,0,0,0,0.0,0.0,0.0,0.0,0.0,0.000257,0.0,0.0,5e-06,8e-06
gsv-seattle-261804-CurbRamp.png,seattle-wa,261804,k4XcKpfQYNit2btlduYJDA,False,155.26076,0,0,0,0,0,1,0,0,0,0,0.056657,2e-06,0.0,0.0,0.0,0.0,1e-06,0.0,2.2e-05,0.0
gsv-seattle-12369-CurbRamp.png,seattle-wa,12369,hP3L00oNcng4V_X-aWUkhA,False,317.982979,1,0,0,0,0,1,0,0,1,0,0.999985,1e-06,0.0,1e-06,0.0,6e-06,8e-06,0.0,0.0,0.0
gsv-seattle-130706-CurbRamp.png,seattle-wa,130706,-Mlm66nvcWc3dX46BlT7dg,False,210.550628,1,0,0,0,0,0,0,0,0,0,0.98879,0.001174,0.0,0.0,0.0,1e-05,2e-06,0.0,5e-05,0.0
gsv-seattle-189417-CurbRamp.png,seattle-wa,189417,5nsXjzZnbQJ4ULVRQC1Vyw,False,80.676537,1,0,0,1,0,0,0,0,0,0,0.999999,1e-06,7e-06,0.000702,0.0,0.0,3e-06,2e-05,3e-05,0.0
gsv-seattle-236324-CurbRamp.png,seattle-wa,236324,ZakTXfR7g7pn1NkYpvsIqg,True,2.069024,0,0,0,0,0,0,0,0,0,0,0.0,0.0,1.2e-05,0.0,0.0,0.00143,1e-06,0.0,1e-06,2.2e-05
gsv-seattle-156727-CurbRamp.png,seattle-wa,156727,S4HVQJFYzo3CjnihnnvHFA,False,376.791155,1,0,0,0,0,0,0,0,0,0,0.999995,0.000343,0.0,0.00016,0.0,0.0,1.5e-05,0.0,2.7e-05,0.0
gsv-seattle-100049-CurbRamp.png,seattle-wa,100049,_zecNFcxAgsMM6hrRZ_3nQ,False,212.549338,1,0,0,0,0,1,0,0,1,0,1.0,0.0001,0.0,0.015076,0.0,0.000201,6.1e-05,1e-06,0.0,0.0
gsv-seattle-236340-CurbRamp.png,seattle-wa,236340,S1sKUuUEVQXsaegACXVh7A,True,0.446222,0,0,0,0,0,0,0,0,0,0,0.000108,0.0,0.0,1e-06,0.0,1e-06,1e-06,0.0,0.0,0.0
gsv-seattle-243015-CurbRamp.png,seattle-wa,243015,AsQ7xOolsIIinOg5qDe8LA,False,21.749651,1,0,0,0,0,0,0,0,0,0,0.999756,0.000825,0.0,0.000223,0.0,1.8e-05,0.1319,0.0,1.6e-05,0.0
gsv-seattle-213372-CurbRamp.png,seattle-wa,213372,5C4jfRwLkbO37XD4Jk-TcA,False,79.203612,0,0,0,0,0,1,0,0,0,0,1e-06,0.0,2e-06,0.0,0.0,2.3e-05,1e-06,0.0,2e-06,3e-06
gsv-seattle-273417-CurbRamp.png,seattle-wa,273417,tCtV6YMbVzajSnyB5aLM_A,True,13.544345,0,0,0,0,0,0,0,0,0,0,0.0,1e-06,1e-06,0.0,0.0,7e-06,1.2e-05,0.0,5e-06,1.7e-05
gsv-seattle-270656-CurbRamp.png,seattle-wa,270656,YYdJTopVG-M6pR-1lVyygA,False,69.22116,0,0,0,0,0,0,0,0,0,0,0.000167,0.0,0.0,1.4e-05,0.0,1e-06,7e-06,0.0,2e-06,0.0
gsv-seattle-270486-CurbRamp.png,seattle-wa,270486,CGqKAOD02WSqtuY0eP6ujg,False,154.039521,0,0,0,0,0,0,0,0,0,0,5e-06,2e-05,0.0,0.0,0.0,1e-06,7e-06,0.0,1e-06,1e-06
gsv-seattle-190587-CurbRamp.png,seattle-wa,190587,vdcpEAn4DqSf_isMtCIj_g,True,3.36526,0,0,0,0,0,0,0,0,0,0,4e-06,0.0,0.0,1e-06,0.0,7e-06,1e-06,0.0,1e-06,0.0
gsv-seattle-194400-CurbRamp.png,seattle-wa,194400,2sZWOvV9jHuXIYe76jWwJg,False,92.310943,0,0,0,0,0,0,0,0,0,0,1.1e-05,0.0,0.0,1e-06,0.0,0.0,7e-06,0.0,2e-06,1e-06
gsv-seattle-73686-CurbRamp.png,seattle-wa,73686,GSRKSPr1LC0X-euG1YPtpQ,False,251.940388,1,0,0,0,0,0,0,0,0,0,1.0,1e-06,6e-06,6e-06,0.0,0.00142,1.1e-05,1e-06,0.0,0.0
gsv-seattle-41903-CurbRamp.png,seattle-wa,41903,my6V9GtQu_NhgZiGMBMFOg,False,21.08777,1,0,0,0,0,1,0,0,0,0,1.0,5e-06,3e-06,4e-06,0.0,3e-06,1e-06,0.0,2e-06,0.0
gsv-seattle-99945-CurbRamp.png,seattle-wa,99945,z2v535-8X542mHkdvM2f3g,False,406.61828,0,0,0,0,0,1,0,0,0,0,0.0,0.0,0.0,2e-06,0.0,6.1e-05,1.2e-05,0.0,2e-06,2e-06
gsv-seattle-191097-CurbRamp.png,seattle-wa,191097,eEul2WtgPQTGKEDWCImc-g,False,85.518503,0,0,0,0,0,0,0,0,0,0,1e-06,0.0,0.0,0.0,0.0,3e-06,2e-06,0.0,0.0,1.1e-05
gsv-seattle-120123-CurbRamp.png,seattle-wa,120123,fXzPD5DKfDiu7-_jts6Xvw,False,482.374658,1,0,0,1,0,0,0,0,0,0,0.999997,0.0,0.000123,1e-06,0.0,0.00041,1e-06,3e-06,1e-06,0.0
gsv-seattle-99611-CurbRamp.png,seattle-wa,99611,QqJziVl4CjQv7ysiU4WTcA,False,174.896473,0,0,0,0,0,0,1,0,0,0,2.6e-05,1.5e-05,0.0,2e-06,0.0,3.2e-05,9e-06,0.0,0.0,0.0
gsv-seattle-755-CurbRamp.png,seattle-wa,755,LJKMolMCK94y0JY9-dioXg,True,15.513527,0,0,0,0,0,0,0,0,0,0,1e-06,0.0,0.0,1e-06,0.0,0.0,5e-06,0.0,1e-06,7.1e-05
gsv-seattle-240320-CurbRamp.png,seattle-wa,240320,llBlB8DWPf6ML3VgL-LNBw,False,118.079002,0,0,0,0,0,0,0,0,0,0,0.902683,1e-06,7.3e-05,3e-06,0.0,0.304123,0.0,0.0,5.7e-05,0.0
gsv-seattle-1766-CurbRamp.png,seattle-wa,1766,dRbZkcdv6ltEKcLnKahtWA,False,144.78145,1,0,0,0,0,0,0,0,0,0,0.982946,4e-06,1e-06,1e-06,0.0,0.0,4e-06,0.0,0.005819,0.0
gsv-seattle-83697-CurbRamp.png,seattle-wa,83697,oldD5mP1-Pw6extuWO1eoQ,False,170.725864,1,1,0,0,0,0,0,0,1,0,0.999995,0.000883,0.0,4e-06,0.0,5e-06,1e-06,1e-06,0.0,0.0
gsv-seattle-225780-CurbRamp.png,seattle-wa,225780,JAcy7_FIW-TSAIYgNGTB0g,True,10.418982,1,0,0,0,0,0,0,0,0,0,0.999994,0.0,0.0,3e-06,0.0,0.000422,1e-06,0.0,0.0,0.0
gsv-seattle-268965-CurbRamp.png,seattle-wa,268965,O3Kc0QxaikbbnyaiigrY6w,False,17.158483,0,0,0,0,0,0,0,0,0,0,2e-06,1e-06,0.0,1e-06,0.0,0.0001,2e-06,0.0,0.0,1e-06
gsv-seattle-132587-CurbRamp.png,seattle-wa,132587,LwUG4YSEITzBilrv6azddA,True,4.467946,0,0,0,0,0,0,0,0,0,0,5e-06,0.0,0.0,1e-06,0.0,0.0,1e-06,0.0,2e-06,3e-06
gsv-seattle-159730-CurbRamp.png,seattle-wa,159730,iNyiL4am40Rgb1dYnfvcQw,False,73.374058,0,0,0,0,0,0,0,0,0,0,1e-06,0.0,1e-06,0.0,0.0,1e-06,1e-06,0.0,1e-06,4e-06
gsv-seattle-100722-CurbRamp.png,seattle-wa,100722,NeLKNj_dJofZQKlX7UG_uA,False,108.825792,1,0,0,0,0,0,0,0,0,0,0.999999,2e-06,0.0,1.1e-05,0.0,7e-06,1e-06,0.000114,3e-06,0.0
gsv-seattle-223264-CurbRamp.png,seattle-wa,223264,A0hC2ob4WTZLZYpNNPxxUQ,False,1.838297,1,0,0,0,0,0,0,0,0,0,1.0,0.000486,7.5e-05,2e-06,0.0,0.951005,1e-06,1e-06,2e-06,0.0
gsv-seattle-155014-CurbRamp.png,seattle-wa,155014,rpWNT-xV2XnfEdf4z_DepA,True,10.15194,1,0,0,0,0,0,0,0,0,0,0.999999,0.0,1e-06,0.0,0.0,0.039971,2e-06,0.0,1.1e-05,0.0
gsv-seattle-19460-CurbRamp.png,seattle-wa,19460,trLxUNyN32h2ue6NyfvmhA,False,42.109579,0,0,0,0,0,0,0,0,0,0,1e-06,1e-06,1e-06,0.0,0.0,2.6e-05,0.0,1e-06,2e-05,1e-06
gsv-seattle-100299-CurbRamp.png,seattle-wa,100299,OXwy4mNZstmv4lSZ56iDNQ,False,3.752112,1,0,0,0,0,1,0,0,0,0,0.999996,4e-06,4e-06,0.0,0.0,2.1e-05,1e-06,4e-06,0.0,0.0
gsv-seattle-45637-CurbRamp.png,seattle-wa,45637,rfYtwX7VVjP3oGyYVklTLQ,True,19.189348,1,1,0,0,0,0,0,0,0,0,0.999999,2e-06,2.1e-05,0.0,0.0,0.005087,2e-06,1e-06,2e-06,0.0
gsv-seattle-16821-CurbRamp.png,seattle-wa,16821,9YKysNjqKOI9l1RVYJVn0w,True,0.422541,0,0,0,0,0,1,0,0,0,0,1e-06,0.0,0.0,1e-06,0.0,0.006957,2e-06,0.0,0.0,2e-06
gsv-seattle-124575-CurbRamp.png,seattle-wa,124575,ghdxwIjZ3S7gWezoaIHbmQ,True,9.152425,1,0,1,0,0,0,0,0,0,0,0.99997,1e-06,2e-06,5e-06,0.0,0.99228,1e-06,2e-06,0.000793,0.0
gsv-seattle-157368-CurbRamp.png,seattle-wa,157368,kxItNFI9n5VvKD6xAUSsoQ,False,2.874681,1,0,0,0,0,0,0,0,0,0,0.928746,0.014615,0.0,0.0,0.0,6.3e-05,3e-06,0.0,3.1e-05,0.0
gsv-seattle-184168-CurbRamp.png,seattle-wa,184168,DuRbRyRQpxaB_rtMwb3-nQ,False,485.976378,0,0,0,0,0,0,0,0,0,0,8e-06,3e-06,0.0,0.0,0.0,0.346407,1e-06,0.0,1e-06,1e-06
gsv-seattle-87053-CurbRamp.png,seattle-wa,87053,vHVao0XsSFdADnMQWJvf9w,False,2.475542,0,0,0,0,0,0,0,0,0,0,2e-06,0.0,2e-06,1e-06,0.0,0.0,3e-06,0.0,1.1e-05,1.3e-05
gsv-seattle-240234-CurbRamp.png,seattle-wa,240234,emgQrZ1xxTgsIof5SpDq8w,False,109.510091,0,0,0,0,0,0,0,0,0,0,5e-06,0.0,0.0,2e-06,0.0,1e-06,1e-06,0.0,1e-06,1.6e-05
gsv-seattle-267139-CurbRamp.png,seattle-wa,267139,siB4sN5rmcr-NQdqP6kN4A,False,254.323438,1,0,0,0,0,0,0,0,0,0,0.999998,6.9e-05,0.0,0.0,0.0,0.00016,2e-06,0.0,0.0,0.0
gsv-seattle-194569-CurbRamp.png,seattle-wa,194569,iJmq-rdgCnKQ-nyURV6kuw,False,200.05855,1,0,0,0,0,0,0,0,0,0,0.552058,1e-06,0.000288,0.0,0.0,0.000254,1e-06,0.0,1e-06,0.0
gsv-seattle-65305-CurbRamp.png,seattle-wa,65305,934QwtWIzI1GywMXzqzqbw,False,105.540258,1,0,0,0,0,0,0,0,0,0,0.999396,0.0,1e-05,1.6e-05,0.0,0.0031,1e-06,0.0,0.0,0.0
gsv-seattle-20026-CurbRamp.png,seattle-wa,20026,ooxSblq1uCR7Wfa1Xyxwvg,False,76.198589,1,0,0,0,0,0,0,0,0,0,0.99999,0.0,0.0,1e-06,0.0,1e-06,1e-06,0.0,1e-06,0.0
gsv-seattle-259711-CurbRamp.png,seattle-wa,259711,7yGyVazQrpOpBh3BspmIDw,False,206.374826,1,0,0,0,0,0,0,0,0,0,0.999999,0.0,0.0,7e-06,0.0,1.6e-05,4e-06,1e-06,0.0,0.0
gsv-seattle-223338-CurbRamp.png,seattle-wa,223338,h2hshsZQpryATvT1TPByxQ,False,220.42675,0,0,0,0,0,0,0,0,0,0,0.998221,1e-06,0.0,0.0,0.0,2e-06,3e-06,0.0,0.003583,0.0
gsv-seattle-148456-CurbRamp.png,seattle-wa,148456,o8sE8nvwcxRYU8aLf1zSgA,False,122.280712,0,0,0,0,0,0,0,0,0,0,2e-06,1.6e-05,5e-06,0.0,0.0,0.0,1e-06,0.0,0.0,7e-06
gsv-seattle-199713-CurbRamp.png,seattle-wa,199713,PJBa8HP7IhLSBONd0elJ_w,False,20.646842,0,0,0,0,0,0,0,0,0,0,1e-06,2e-06,0.000192,5e-06,0.0,0.0,1.6e-05,4e-06,3.8e-05,1e-06
gsv-seattle-103045-CurbRamp.png,seattle-wa,103045,6c_8bXMYEFC62Q863sAZ-g,True,19.474583,1,0,0,0,0,0,0,0,0,0,0.999969,2e-05,0.0,4e-05,0.0,0.0,2e-06,0.0,0.000259,0.0
gsv-seattle-236337-CurbRamp.png,seattle-wa,236337,S1sKUuUEVQXsaegACXVh7A,True,2.691169,0,0,0,0,0,0,0,0,0,0,2e-06,1e-06,0.0,0.0,0.0,1e-06,2e-06,0.0,4e-06,2e-06
gsv-seattle-261006-CurbRamp.png,seattle-wa,261006,5Ce2HT3KwU_VHyRkcgsktg,False,349.486283,0,0,0,0,0,0,0,0,0,0,8e-06,0.0,0.0,0.0,0.0,1e-06,2e-06,0.0,3e-06,0.0
gsv-seattle-180699-CurbRamp.png,seattle-wa,180699,LW7iRo7q6lIRMHqUgl7WHA,False,223.334541,0,0,0,0,0,0,0,0,0,0,1.6e-05,0.0,1e-06,1e-05,0.0,0.0,1e-06,1e-06,5e-06,0.0
gsv-seattle-209015-CurbRamp.png,seattle-wa,209015,hLJ95_eJ09B37b859YrsKg,False,281.445548,0,0,1,0,0,0,1,0,0,0,0.00036,1e-06,5e-06,0.101651,0.0,2.3e-05,0.896115,1e-06,0.207838,3e-06
gsv-seattle-119679-CurbRamp.png,seattle-wa,119679,a00_9xCXtCPSnM3onfxQlQ,True,15.349861,0,0,0,0,0,0,0,0,0,0,0.999984,0.0,5e-06,0.0,0.0,7.2e-05,4e-06,1e-06,1e-06,0.0
gsv-seattle-152636-CurbRamp.png,seattle-wa,152636,7H3rQRQdqxcWOECoFqg8Yg,False,165.856765,0,0,0,0,0,1,0,0,0,0,4e-06,0.0,1e-06,0.0,0.0,0.739581,2e-06,0.0,1e-06,2e-06
gsv-seattle-2689-CurbRamp.png,seattle-wa,2689,bBhhBeat5jCGLQf9L4OffA,False,178.761579,1,0,0,0,0,1,0,0,0,0,0.999997,4e-06,0.0,0.000384,0.0,2.1e-05,1e-06,0.0,0.0,0.0
gsv-seattle-105928-CurbRamp.png,seattle-wa,105928,savtBu38_Sd2I337XZtm2g,False,88.784251,0,0,0,0,0,0,0,0,1,0,3e-06,0.0,2e-06,0.0,0.0,1e-06,4e-06,0.0,4e-06,1e-06
gsv-seattle-207378-CurbRamp.png,seattle-wa,207378,vQVeRN1v85lUitC1LDTSxw,True,11.892649,0,0,0,0,0,0,0,0,0,0,1e-06,8e-06,0.0,1.6e-05,0.0,2.6e-05,5e-06,1e-06,0.0,1e-05
gsv-seattle-16481-CurbRamp.png,seattle-wa,16481,9PIo4fGqITUwi2S4nOlo9w,False,206.411839,1,0,0,0,0,1,0,0,0,0,0.999989,2e-06,0.0,0.0,0.0,1.9e-05,2e-06,0.0,0.0,0.0
gsv-seattle-235552-CurbRamp.png,seattle-wa,235552,9_gEQrhjK3NCyCh5HoryIQ,True,4.732459,0,0,0,0,0,0,0,0,0,0,7e-06,1e-06,0.0,1e-06,0.0,2e-06,2e-06,0.0,3e-06,0.0
gsv-seattle-146687-CurbRamp.png,seattle-wa,146687,tlOh_mtCOiVZVWHaEoV0dg,False,233.204368,0,0,0,0,0,0,0,0,0,0,3e-06,0.0,0.0,2e-06,0.0,1.7e-05,1e-05,0.0,1e-06,1.9e-05
gsv-seattle-256370-CurbRamp.png,seattle-wa,256370,UVWhZpLXpvnY5Cvuqc2Ieg,False,14.188523,0,0,0,0,0,0,0,0,0,0,2e-06,1.8e-05,0.0,3e-06,0.0,1e-06,2.1e-05,0.0,5e-06,0.0
gsv-seattle-106473-CurbRamp.png,seattle-wa,106473,fXNK0CvdLAFIzF7yFYxP6A,False,14.046366,0,0,0,0,0,0,0,0,0,0,4.8e-05,0.0,0.0,1.5e-05,0.0,1e-06,4e-06,0.0,1e-06,1e-06
gsv-seattle-743-CurbRamp.png,seattle-wa,743,dmPfpgMh_hvxr-USb_Wemg,True,10.162481,0,0,0,0,0,0,0,0,0,0,2e-06,4e-06,0.0,1e-06,0.0,0.0,3e-06,0.0,0.000605,0.0
gsv-seattle-81756-CurbRamp.png,seattle-wa,81756,wIc8OIbN9Do-9OMj8Yb3pA,False,263.609976,1,0,0,0,0,0,0,0,0,0,0.999995,1.4e-05,0.0,1.1e-05,0.0,6.2e-05,1e-06,5.6e-05,4e-06,0.0
gsv-seattle-169249-CurbRamp.png,seattle-wa,169249,N5lMAmIW0sp7RKTiHegImw,False,150.303645,0,0,0,0,0,1,0,0,0,0,8e-06,3e-06,5e-06,0.0,0.0,7e-06,2e-06,0.0,2e-06,0.0
gsv-seattle-45651-CurbRamp.png,seattle-wa,45651,M3Iyqm4x6WRiuK2AOzYI1g,False,73.448791,1,1,1,0,0,0,0,0,0,0,0.999999,6.3e-05,0.0,8e-06,0.0,0.645613,0.000106,0.0,1e-06,0.0
gsv-seattle-100305-CurbRamp.png,seattle-wa,100305,_2eUBD5rLmE44pYULhHzaA,True,15.437409,0,0,0,0,0,0,0,0,0,0,3e-06,0.0,0.0,3e-06,0.0,2e-06,1e-06,0.0,1.2e-05,1e-06
gsv-seattle-169259-CurbRamp.png,seattle-wa,169259,9oBUbbyNsXbx6w2Mipqj4Q,False,226.295058,0,0,0,0,0,1,0,0,0,0,5e-06,0.0,0.0,3e-06,0.0,0.665473,2e-06,0.0,0.0,4e-06
gsv-seattle-96489-CurbRamp.png,seattle-wa,96489,_Xr_2LGKxFoZKMKc5_qI-Q,False,2.188092,0,0,0,0,0,0,0,0,0,0,1.4e-05,1e-06,0.0,0.0,0.0,1.1e-05,0.0,0.0,1e-06,0.0
gsv-seattle-80830-CurbRamp.png,seattle-wa,80830,h5ENARGx21w1S5XdrP0bCw,True,2.41695,0,0,0,0,0,0,0,0,0,0,7e-06,0.0,0.0,2.4e-05,0.0,2e-06,3.9e-05,0.0,0.0,6e-06
gsv-seattle-13442-CurbRamp.png,seattle-wa,13442,w-Z3-9gyxP9LELwKnnT8hw,False,174.652471,0,0,0,0,0,0,0,0,0,0,4e-06,1e-06,0.0,1.3e-05,0.0,0.0,4e-06,1e-06,1e-06,6e-06
gsv-seattle-109981-CurbRamp.png,seattle-wa,109981,1IxtG98b6ZducoAxb_ObLA,False,171.646858,0,0,0,0,0,0,0,0,0,0,2.3e-05,0.0,0.0,4e-06,0.0,0.0,2e-06,0.0,3.8e-05,1e-06
gsv-seattle-235960-CurbRamp.png,seattle-wa,235960,P5vzPbCFSW6iOQVkznBuLw,True,5.204666,1,0,0,0,0,0,0,0,0,0,0.999999,0.0,0.0,0.00022,0.0,3e-06,4e-06,3e-06,2e-06,0.0
gsv-seattle-182023-CurbRamp.png,seattle-wa,182023,j-S8TvplpDwrwWqCU73RbA,True,12.689633,1,0,0,0,0,0,0,0,0,0,0.999997,1e-06,0.0,1e-06,0.0,0.003257,0.000227,0.0,0.0,0.0
gsv-seattle-72944-CurbRamp.png,seattle-wa,72944,yTmhepyyJLEpfz70yDP71g,True,7.621501,0,0,0,0,0,0,0,0,0,0,1.6e-05,0.0,0.0,0.0,0.0,3e-06,4e-06,0.0,1e-06,1e-06
gsv-seattle-123479-CurbRamp.png,seattle-wa,123479,tclM3yIXe4keb6SqYMLtUg,True,6.099965,0,0,0,0,0,0,0,0,0,0,2e-06,0.0,0.0,0.0,0.0,6e-06,1e-06,0.0,4e-06,1e-06
gsv-seattle-134124-CurbRamp.png,seattle-wa,134124,8dDFwBGPvYRhYGDMx_fydw,True,5.917656,0,0,0,0,0,0,0,0,0,0,0.955915,9.9e-05,0.0,0.000671,0.0,0.010936,1e-06,0.0,0.0,0.0
gsv-seattle-236636-CurbRamp.png,seattle-wa,236636,TwkFjQLo6b95Lcr_U5ErVA,False,435.556288,0,1,0,0,0,0,0,0,0,0,1e-06,6e-06,0.0,1e-06,0.0,0.0,2.7e-05,0.0,1.9e-05,1e-06
gsv-seattle-232932-CurbRamp.png,seattle-wa,232932,vmidrP1L49uE_DheBbOZbg,True,8.443817,0,0,0,0,0,1,0,0,0,0,2e-06,0.0,0.000377,0.0,0.0,9e-06,0.0,0.0,1e-06,0.0
gsv-seattle-229990-CurbRamp.png,seattle-wa,229990,VuCduUF0W6Y854AOKZAffw,False,239.515993,1,0,0,0,0,1,0,0,0,0,0.999998,1.1e-05,0.0,0.000584,0.0,0.013349,1e-06,0.0,5.1e-05,0.0
gsv-seattle-252800-CurbRamp.png,seattle-wa,252800,bRNLjx8IxKxnsGdVbDjiWw,True,17.971914,0,0,0,0,0,0,0,0,0,0,0.000111,0.0,0.0,3e-06,0.0,1e-06,6e-06,0.0,0.0,0.0
gsv-seattle-270817-CurbRamp.png,seattle-wa,270817,b17px-qNlqgD1nN3Kcx6HQ,True,18.108085,0,0,0,0,0,0,1,0,0,0,0.0,1e-06,0.0,5e-06,0.0,2e-05,1.2e-05,0.0,5e-06,5.9e-05
gsv-seattle-141631-CurbRamp.png,seattle-wa,141631,SyifXGVcJLYguvgh8rKz4A,True,8.558963,0,0,0,0,0,1,0,0,0,0,2e-05,0.0,6.1e-05,0.0,0.0,4e-06,2e-06,0.0,1e-06,0.0
gsv-seattle-245952-CurbRamp.png,seattle-wa,245952,uTXcKXdUSRdcD1oGOTyonA,False,40.613493,0,0,0,0,0,0,0,0,0,0,0.000243,0.0,0.0,0.0,0.0,2e-06,5e-06,0.0,2e-06,0.0
gsv-seattle-174921-CurbRamp.png,seattle-wa,174921,Rd9xHgzlk83-YrJU2AO9Jw,False,313.422669,0,0,0,0,0,0,0,0,0,0,0.000456,0.0,0.0,4e-06,0.0,1e-06,4e-06,0.0,0.0,0.0
gsv-seattle-28083-CurbRamp.png,seattle-wa,28083,3s05mCLNoZieDesXz4ocNA,True,14.94885,0,0,0,0,0,0,0,0,0,0,1e-06,1.8e-05,0.0,5e-06,0.0,0.000398,3e-06,0.0,0.0,3e-06
gsv-seattle-240333-CurbRamp.png,seattle-wa,240333,5jd4c2QiPZuNEjp4z4Yp_w,False,5.354304,0,0,0,0,0,0,0,0,0,0,2e-06,1e-06,3e-06,0.0,0.0,0.0,6e-06,0.0,0.0,5e-06
gsv-seattle-145243-CurbRamp.png,seattle-wa,145243,vvhIhNz2XjVU5bAj-kHJxw,False,153.774532,1,0,0,0,0,0,0,0,0,0,0.999999,1e-06,0.0,1e-05,0.0,0.013948,3e-06,0.0,8.3e-05,0.0
gsv-seattle-258971-CurbRamp.png,seattle-wa,258971,sMg-p3wr2naHI-q7yyKAng,False,384.001381,1,0,0,0,0,1,0,0,1,0,0.94283,1e-06,1e-06,0.0,0.0,0.0,7.4e-05,0.0,1.9e-05,0.0
gsv-seattle-253045-CurbRamp.png,seattle-wa,253045,tQ0GPF8gNBI2YXaFwdlDKg,False,137.269165,0,0,0,0,0,0,0,0,0,0,0.073693,0.0,0.0,1e-06,0.0,0.0,1e-06,0.0,0.0,0.0
gsv-seattle-75856-CurbRamp.png,seattle-wa,75856,o0zblVi58sQcTEDgkrdazw,True,14.683161,1,1,0,0,0,0,0,0,0,0,1.0,0.005588,0.0,1e-06,0.0,0.000496,1.6e-05,0.0,1e-06,0.0
gsv-seattle-190586-CurbRamp.png,seattle-wa,190586,vdcpEAn4DqSf_isMtCIj_g,True,16.358993,0,0,0,0,0,0,0,0,0,0,2.2e-05,0.0,7e-06,1e-06,0.0,0.0,8e-06,0.0,2e-05,1e-06
gsv-seattle-178233-CurbRamp.png,seattle-wa,178233,LipQfGrlz9btNu5SY0HGFA,False,68.283958,0,0,0,0,0,0,0,0,0,0,1e-06,0.000351,1e-06,1e-06,0.0,1e-06,2.1e-05,0.0,3e-06,1e-06
gsv-seattle-110726-CurbRamp.png,seattle-wa,110726,69f5orjiwilqCKPTwbikCg,False,99.239715,0,0,0,0,0,0,0,0,0,0,2.2e-05,0.0,0.0,4e-06,0.0,4.7e-05,2e-06,0.0,0.0,0.0
gsv-seattle-239713-CurbRamp.png,seattle-wa,239713,gqMLh_e-RlC3aYnVtEd-nw,False,88.109496,0,0,0,0,0,0,0,0,0,0,6e-06,0.0,0.0,2e-06,0.0,1e-06,1e-06,0.0,1.4e-05,1e-06
gsv-seattle-241846-CurbRamp.png,seattle-wa,241846,n1EKuqshdl9FDIRcLuEkyw,True,0.381788,1,1,0,0,0,1,0,0,0,0,0.999998,0.000649,1e-06,1.4e-05,0.0,0.961808,2e-06,5e-06,1.1e-05,0.0
gsv-seattle-3537-CurbRamp.png,seattle-wa,3537,w-Y1kgCUhfLYu4-tnTnb2A,False,169.319286,1,0,0,0,0,0,0,0,0,0,1.0,1.2e-05,2e-06,0.0,0.0,0.000597,1e-06,0.0,0.0,0.0
gsv-seattle-97618-CurbRamp.png,seattle-wa,97618,haEj9kClsC1MoGmEg-6Esg,True,12.353786,1,1,0,0,0,0,0,0,0,0,0.999999,1e-06,1e-06,1.2e-05,0.0,0.988593,2e-06,1.1e-05,0.0,0.0
gsv-seattle-233805-CurbRamp.png,seattle-wa,233805,o_hqvAjhiyShPAGURDel2w,True,8.75697,0,0,0,0,0,0,0,0,0,0,0.000158,0.0,0.0,1e-06,0.0,1e-06,7e-06,0.0,0.0,0.0
gsv-seattle-138267-CurbRamp.png,seattle-wa,138267,XW0kDcPCzGUFlrbWBVy7Hg,False,144.111182,1,0,0,0,0,0,0,0,0,0,1.0,0.0,0.0,1e-06,0.0,0.004532,2e-06,0.0,0.000102,0.0
gsv-seattle-177906-CurbRamp.png,seattle-wa,177906,83B0IEAMIrpnrLFQA9hXVQ,False,16.678383,1,0,0,0,0,0,0,0,0,0,0.999903,1e-06,0.0,0.0,0.0,0.011756,4e-06,0.0,0.0,0.0
gsv-seattle-95890-CurbRamp.png,seattle-wa,95890,yHjMqqckObKGAfkpm9i3ug,True,13.334187,1,0,1,0,0,0,0,0,0,0,0.999998,0.0,0.002236,0.0,0.0,0.288755,1e-06,0.0,0.0,0.0
gsv-seattle-234403-CurbRamp.png,seattle-wa,234403,5MlW2PfhBCFjfEWcSmHY1A,True,13.931533,0,0,0,0,0,1,0,0,0,0,0.011962,2e-06,0.0,0.0,0.0,0.0,3e-06,0.0,0.0,0.0
gsv-seattle-25684-CurbRamp.png,seattle-wa,25684,u9fiX4rQ8PrJMuUKi3vlEw,False,169.339646,0,0,0,0,0,0,0,0,0,0,0.937498,0.000333,0.0,4.7e-05,0.0,0.0,3e-06,1e-06,0.0,0.0
gsv-seattle-137441-CurbRamp.png,seattle-wa,137441,MqwKXIftoxxvtbFgou_LyQ,True,10.000613,1,0,0,0,0,0,0,0,0,0,1.0,0.0,0.0,7.5e-05,0.0,0.002078,0.000125,0.0,0.000264,0.0
gsv-seattle-201898-CurbRamp.png,seattle-wa,201898,xvdl_qDKevBGJVlzPdfNHQ,False,269.730664,1,0,1,0,0,0,0,0,0,0,0.999981,3e-06,0.0,4e-06,0.0,0.0,8.1e-05,0.0,2e-05,0.0
gsv-seattle-162834-CurbRamp.png,seattle-wa,162834,t-V6YejnWXh_wdOdaCS0pQ,False,79.228421,0,0,0,0,0,0,0,0,0,0,1e-06,1e-06,0.0,0.0,0.0,1e-06,1e-06,0.0,0.0,1.4e-05
gsv-seattle-170460-CurbRamp.png,seattle-wa,170460,Ydk498kMFKKYH6H4XPAr9g,False,167.9581,1,0,0,0,0,0,0,0,0,0,0.999999,2e-06,0.0,4e-06,0.0,2e-06,2e-06,1e-06,0.0,0.0
gsv-seattle-159858-CurbRamp.png,seattle-wa,159858,hAhtQm80P6f-DpjIR2_LUg,False,169.547877,1,0,0,0,0,0,0,0,0,0,0.999999,0.0,1e-06,5e-05,0.0,3.8e-05,1e-05,1e-06,1e-06,0.0
gsv-seattle-182095-CurbRamp.png,seattle-wa,182095,AYPIjE-KJafjVm3Ty7PA_g,False,245.821694,0,0,0,0,0,0,0,0,0,0,0.465893,1.8e-05,0.0,9e-06,0.0,0.0,5.1e-05,0.0,5e-06,0.0
gsv-seattle-256666-CurbRamp.png,seattle-wa,256666,Pkey5jDTH5qXrNUhfL7udQ,False,97.438997,0,0,0,0,0,0,0,0,0,0,1e-06,4e-06,0.0,1e-06,0.0,0.0,1.2e-05,0.0,0.0,2.3e-05
gsv-seattle-147187-CurbRamp.png,seattle-wa,147187,cpTUFFh3kxk2WBzve40U4A,False,89.600262,1,0,0,0,0,0,0,0,0,0,0.839948,0.0,0.0,0.000191,0.0,7e-06,1e-06,0.0,0.00038,0.0
gsv-seattle-200882-CurbRamp.png,seattle-wa,200882,DQ8WYhJTBPTAIDNLfgtCrA,True,14.086865,0,0,0,0,0,1,0,0,0,0,3e-06,0.0,1e-06,0.0,0.0,0.000269,1e-06,0.0,2e-06,0.0
gsv-seattle-13170-CurbRamp.png,seattle-wa,13170,KvYR13Dtuwvj73O72d5R3Q,False,346.889113,0,0,0,0,0,0,0,0,0,0,2e-06,1e-06,0.0,1e-06,0.0,3e-06,9e-06,0.0,0.0,3e-06
gsv-seattle-183653-CurbRamp.png,seattle-wa,183653,gsD-BMgw1wUimsVZPWkjSw,False,34.76174,0,0,0,0,0,0,0,0,0,0,0.000138,1.3e-05,0.0,0.0,0.0,0.0,2e-06,0.0,1e-06,1e-06
gsv-seattle-191126-CurbRamp.png,seattle-wa,191126,b2kp3TIIw0wG9q_3kd97GA,False,3.529871,0,0,0,0,0,0,0,0,0,0,0.0,0.0,0.0,1e-06,0.0,9.1e-05,1e-06,0.0,0.0,1.1e-05
gsv-seattle-97787-CurbRamp.png,seattle-wa,97787,UZSjiBmhDw3m-6-qd9G0gw,True,12.581262,1,0,0,0,0,0,0,0,0,0,0.999998,0.002538,0.0,0.0,0.0,2e-06,2e-06,0.0,0.0,0.0
gsv-seattle-234558-CurbRamp.png,seattle-wa,234558,JiQD6bruV4mYd6kEWWyEkw,False,65.089157,0,0,0,0,0,0,0,0,0,0,2.5e-05,2e-06,0.0,1e-06,0.0,2e-06,0.000143,0.0,0.0,0.0
gsv-seattle-145975-CurbRamp.png,seattle-wa,145975,ySyM3ha6fw_KI5TnE5Wu3A,True,9.407479,0,0,0,0,0,1,0,0,1,0,0.001596,1.7e-05,1e-06,0.0,0.0,0.00027,1e-06,0.0,0.005596,0.0
gsv-seattle-15211-CurbRamp.png,seattle-wa,15211,VMnjk3RFKJNXhJ9KswmGYg,False,10.946458,1,0,0,0,0,1,0,0,0,0,0.999129,0.0,0.0,1e-06,0.0,0.953501,0.0,1e-06,2e-06,2e-06
gsv-seattle-147666-CurbRamp.png,seattle-wa,147666,4ozb-7WywUdH7ZApIxtq8Q,True,4.490857,0,0,0,0,0,0,0,0,0,0,5e-06,0.0,0.0,1e-06,0.0,0.0,3e-06,0.0,1e-06,1e-06
gsv-seattle-194600-CurbRamp.png,seattle-wa,194600,PHPzJ_zOBjs-6oeZhiSbGw,False,247.786167,0,0,0,0,0,1,0,0,0,0,0.000191,0.0,0.0,0.0,0.0,0.484842,1e-06,0.0,0.0,0.0
gsv-seattle-235556-CurbRamp.png,seattle-wa,235556,JeFbmoowEe-a0A0Enb1Lqg,True,10.479545,0,0,0,0,0,0,0,0,0,0,9e-06,0.0,0.0,1e-06,0.0,2.4e-05,2e-06,0.0,0.0,0.0
gsv-seattle-200936-CurbRamp.png,seattle-wa,200936,sR6smBG3Xo1srG3psp-bCw,False,70.988096,1,0,0,0,0,0,0,0,0,0,0.999994,2e-06,0.0,0.0,0.0,0.0,1.2e-05,0.0,2.1e-05,0.0
gsv-seattle-138968-CurbRamp.png,seattle-wa,138968,BRloZCzgSG2gPYZ-bK78jw,True,7.42029,0,0,0,0,0,0,0,0,0,0,1e-06,0.0,1e-06,3e-06,0.0,1e-06,1e-06,0.0,2e-06,1.3e-05
gsv-seattle-164328-CurbRamp.png,seattle-wa,164328,O_Q3wDgXxVb1lZFCL2Wjjw,False,75.967125,0,0,0,0,0,0,0,0,0,0,1e-06,0.0,1e-06,2e-06,0.0,1e-06,2e-06,0.0,1e-06,0.000109
gsv-seattle-123480-CurbRamp.png,seattle-wa,123480,l8mCb1FNLvb3ddGPbNXwfQ,True,5.844114,0,0,0,0,0,0,0,0,0,0,0.0,3e-06,0.000206,0.0,0.0,0.0,1e-06,0.0,1e-06,1.6e-05
gsv-seattle-177008-CurbRamp.png,seattle-wa,177008,4EHEVT3rHHT4pNBzvzvV0w,False,196.774351,0,0,0,0,0,0,0,0,0,0,6e-06,0.0,0.0,0.0,0.0,3e-06,2e-06,0.0,0.0,2e-06
gsv-seattle-159486-CurbRamp.png,seattle-wa,159486,L6snBidMT-KfSHPmYo_82g,False,99.95025,1,0,0,0,0,0,0,0,0,0,0.00371,0.0,1e-06,0.0,0.0,0.038808,1.3e-05,0.0,3e-06,0.0
gsv-seattle-81497-CurbRamp.png,seattle-wa,81497,A52lYPaos7XSL2qNWUYPsQ,False,30.500139,0,0,0,0,0,0,0,0,0,0,0.0,0.0,0.0,0.0,0.0,3e-05,1e-06,0.0,2e-06,1.3e-05
gsv-seattle-191010-CurbRamp.png,seattle-wa,191010,bEscMraP2d4z7V85eDqSkw,True,0.643727,0,0,0,0,0,0,0,0,0,0,1.2e-05,0.016908,4e-06,0.0,0.0,5e-06,0.0,5e-06,1e-06,0.0
gsv-seattle-237472-CurbRamp.png,seattle-wa,237472,hM3ye5t_iEz8wngl4hEX-w,False,83.560874,1,0,0,0,0,0,0,0,0,0,0.999998,5e-06,0.0,1e-06,0.0,0.552857,0.0,0.0,0.0,0.0
gsv-seattle-747-CurbRamp.png,seattle-wa,747,4hG3lFtq1TUcNVnOA5L08Q,True,11.395833,0,0,0,0,0,0,0,0,0,0,4e-06,0.0,2e-06,7e-06,0.0,1e-06,1e-06,0.0,2e-06,2e-06
gsv-seattle-147114-CurbRamp.png,seattle-wa,147114,xUxKpU2NF34z-4AaumboLg,False,220.496611,0,0,1,0,0,1,0,0,0,0,0.232575,4e-06,0.000146,0.0,0.0,0.997705,0.0,0.0,0.0,0.0
gsv-seattle-47604-CurbRamp.png,seattle-wa,47604,dLYzOsRYIv0u0Hnmcf793Q,False,21.120763,0,0,0,0,0,0,0,0,0,0,1.4e-05,8e-06,0.0,0.0,0.0,1e-06,1e-06,0.0,0.0,1e-06
gsv-seattle-110632-CurbRamp.png,seattle-wa,110632,3Gc97YH_iBo9K5JwnCfm_Q,False,141.349342,1,0,0,0,0,0,0,0,0,0,0.999999,8e-06,8e-06,0.0,0.0,0.906662,1e-06,0.0,0.0,0.0
gsv-seattle-189367-CurbRamp.png,seattle-wa,189367,JnnvOesjOm07ZQUUvHu01Q,False,278.145054,1,0,0,1,0,0,0,0,0,0,0.042285,3.5e-05,1e-06,0.0,0.0,0.0,2.4e-05,0.0,1.1e-05,0.0
gsv-seattle-263387-CurbRamp.png,seattle-wa,263387,r6_O9vMYziG_XGClnv0nLQ,True,16.624461,0,0,0,0,0,0,0,0,0,0,1e-05,6e-06,0.0,1e-06,0.0,0.0,6e-06,0.0,0.0,2e-06
gsv-seattle-170041-CurbRamp.png,seattle-wa,170041,-A9mCQ7o8A0Vs9Pirw6TdA,False,5.397635,1,0,0,0,0,0,0,0,0,0,0.999998,0.0,0.0,1.8e-05,0.0,4e-06,6e-06,1e-06,0.0,0.0
gsv-seattle-178635-CurbRamp.png,seattle-wa,178635,RBdvGYJrYsF9GfrXzs1fhg,False,180.756576,1,0,0,0,0,0,0,0,0,0,0.999999,2e-06,0.0,0.001697,0.0,9e-06,1.3e-05,1e-06,1e-06,0.0
gsv-seattle-97006-CurbRamp.png,seattle-wa,97006,OD30tl4ZmCGRQr7AE5_vuQ,False,2.139322,0,0,0,0,0,0,0,0,0,0,3e-06,2e-06,0.0,0.0,0.0,0.077735,1.1e-05,0.0,2e-06,0.0
gsv-seattle-205586-CurbRamp.png,seattle-wa,205586,Me6qKRFsCwP6CihUQYdKjw,False,28.706033,0,0,0,0,0,0,0,0,0,0,1e-06,0.0,0.0,0.0,0.0,3.7e-05,0.000125,0.0,9e-06,6e-06
gsv-seattle-193882-CurbRamp.png,seattle-wa,193882,18KytzwRFUiiwlHW2_oUqQ,False,11.918326,1,0,0,0,0,0,0,0,0,0,1.0,1.6e-05,0.0,1e-06,0.0,9e-06,5e-06,0.0,0.0,0.0
gsv-seattle-193750-CurbRamp.png,seattle-wa,193750,DGkttoM2dLmVsuxQciWFQg,False,2.40723,1,0,0,0,0,0,0,0,0,0,0.999987,0.000556,0.0,1.6e-05,0.0,1e-06,1.2e-05,0.0,0.0,0.0
gsv-seattle-1486-CurbRamp.png,seattle-wa,1486,gpU96yV3NI777PrVQ7U4kg,True,17.705534,0,0,0,0,0,0,0,0,0,0,1e-06,0.0,2.3e-05,0.0,0.0,4.1e-05,0.0,0.0,0.0,1.3e-05
gsv-seattle-110823-CurbRamp.png,seattle-wa,110823,isUiGnCs3uT3QOleSEWKwA,False,107.353341,0,0,0,0,0,0,0,0,0,0,3e-06,0.0,0.0,0.0,0.0,0.000193,2e-06,0.0,0.00012,0.0
gsv-seattle-4222-CurbRamp.png,seattle-wa,4222,J6UT0Vo2y-0RDpBUCguDzA,True,10.434922,0,0,0,0,0,0,0,0,0,0,1e-06,3e-06,0.0,1e-06,0.0,1e-06,2e-06,0.0,0.0,8e-06
gsv-seattle-183931-CurbRamp.png,seattle-wa,183931,Q2UTux0IfhGT2JzEwji2YQ,True,13.577913,1,0,0,0,0,0,0,0,0,0,0.999996,0.124249,3e-06,8e-06,0.0,1e-06,3e-06,0.0,0.0,0.0
gsv-seattle-269223-CurbRamp.png,seattle-wa,269223,MzVciQrVQPhXJyVhGgPuqg,False,56.262406,1,0,0,0,0,0,0,0,0,0,0.999999,2.7e-05,0.0,1e-06,0.0,0.001789,0.0,0.0,0.0,0.0
gsv-seattle-96866-CurbRamp.png,seattle-wa,96866,yEoA_UX_RW65yIyDlhd4mw,True,3.327717,0,0,0,0,0,0,0,0,0,0,0.003986,1e-06,0.0,0.0,0.0,0.0,0.000223,0.0,1e-06,0.0
gsv-seattle-127587-CurbRamp.png,seattle-wa,127587,dW740_h69S1OoDQf7Ft7-A,False,74.970627,0,0,0,0,0,0,0,0,0,0,1e-06,0.0,0.0,1.1e-05,0.0,1e-06,3.1e-05,0.0,0.00766,4e-06
gsv-seattle-27100-CurbRamp.png,seattle-wa,27100,F8yPyyhlMSV_dtSVAFAZUg,False,148.319382,0,0,0,0,0,1,0,0,0,0,5e-06,0.0,0.0,1e-06,0.0,4e-06,1e-06,0.0,1e-06,6e-06
gsv-seattle-97599-CurbRamp.png,seattle-wa,97599,MaBXGC2o8TDhxyrZZ5eNXw,True,15.344166,0,0,0,0,0,1,0,0,0,0,0.049941,0.0,1e-06,0.0,0.0,3.7e-05,1e-06,0.0,0.000128,0.0
gsv-chicago-28538-CurbRamp.png,chicago-il,28538,g3z_uRVzy-qmBNVYzunhhg,False,25.669472,0,0,0,0,0,0,0,0,0,0,0.0,0.0,2.1e-05,0.0,0.0,1e-06,1e-06,0.0,1e-06,0.00205
gsv-chicago-4939-CurbRamp.png,chicago-il,4939,n22f3koy-D-IvWJ80upwKg,False,0.835987,0,0,1,0,0,1,0,0,0,0,3e-06,0.001321,0.0,1e-06,0.0,0.463142,3e-06,0.0,2e-06,3e-06
gsv-chicago-8125-CurbRamp.png,chicago-il,8125,m1nghCtCSWCIu0NCuxZhQQ,False,5.875532,1,0,0,1,0,0,0,0,0,0,0.999965,0.000207,2e-06,0.0,0.0,0.000639,2e-06,0.0,1e-06,0.0
gsv-chicago-2295-CurbRamp.png,chicago-il,2295,WMZ4csP3DCXoTwNLRmfbVw,True,1.379909,0,0,0,1,0,0,0,0,0,0,0.0,0.013937,0.0,4e-06,0.0,7.8e-05,0.0,1e-06,4e-06,0.779521
gsv-chicago-815-CurbRamp.png,chicago-il,815,qUVeKWC82FfUmvFo-mYvRw,True,1.949457,0,0,0,0,0,0,0,0,0,0,0.0,9e-06,0.0,4e-06,0.0,2e-06,5e-06,1e-06,1e-06,0.002262
gsv-chicago-11127-CurbRamp.png,chicago-il,11127,rlShuWgDAhs_3FjPhsrYuQ,True,5.032164,0,1,0,1,0,0,0,0,0,0,1e-06,0.000451,0.0,0.001179,0.0,1e-06,1.3e-05,0.000599,0.0,0.149337
gsv-chicago-1051-CurbRamp.png,chicago-il,1051,_q4Ck9IbgPsVrCjLMn5CjA,True,0.680889,0,0,0,0,0,0,0,0,0,0,1e-06,5e-06,0.0,1e-06,0.0,0.0,6e-06,0.0,1.3e-05,0.000424
gsv-chicago-2809-CurbRamp.png,chicago-il,2809,w-FpPUVlGURNqZdFX-XLHg,False,1.224776,0,0,0,0,0,0,0,0,0,0,1e-06,3e-06,0.0,8e-06,0.0,4.6e-05,0.0,0.0,0.0,3e-05
gsv-chicago-4814-CurbRamp.png,chicago-il,4814,KEuUFoT0ZPxoU7S-z8XiLg,True,1.319962,0,0,0,0,0,0,0,0,0,0,0.0,0.010715,5e-06,0.0,0.0,0.0,1e-06,0.0,0.000149,0.007296
gsv-chicago-365-CurbRamp.png,chicago-il,365,gUBAzE5zjdZnxikeC6GZTQ,True,14.811243,0,0,0,1,0,0,0,0,0,0,8e-06,0.0,0.0,0.003609,0.0,0.000795,1e-06,2e-06,1e-06,7e-06
gsv-chicago-1076-CurbRamp.png,chicago-il,1076,KjOvn0o0Bgn3np_BtuHEQA,True,4.795555,0,0,0,0,0,0,0,0,0,0,0.0,4e-06,0.0,0.0,0.0,0.0,1e-06,1e-06,1e-06,0.090417
gsv-chicago-9984-CurbRamp.png,chicago-il,9984,jO8bAI1ppugEHgyRJuNnvA,True,0.290166,1,0,0,0,0,1,0,0,1,0,0.999885,5e-06,1e-06,0.257298,0.0,0.000102,8e-06,0.033302,0.999979,1e-05
gsv-chicago-21966-CurbRamp.png,chicago-il,21966,IOZkWLbART_HsWo-cx2zNQ,False,315.611249,0,0,0,0,0,0,0,0,1,0,0.000698,1e-05,0.0,0.0,0.0,0.0,1e-06,1e-06,0.397036,2e-06
gsv-chicago-16148-CurbRamp.png,chicago-il,16148,j4cm60sFteuTxXbFD22GFA,False,84.978283,1,0,0,1,0,0,0,0,1,0,1.0,0.000387,1.4e-05,0.000467,0.0,1.9e-05,5e-05,0.000261,0.921988,0.0
gsv-chicago-10880-CurbRamp.png,chicago-il,10880,bbyPjxZx8glAVQOnS0BoGA,True,0.683532,0,0,0,1,0,0,0,0,0,0,0.000326,0.000176,1e-06,0.067612,0.0,6.5e-05,2.3e-05,0.000369,0.999983,0.673353
gsv-chicago-10460-CurbRamp.png,chicago-il,10460,dYHZD3Tb88u07W4n1kYQeg,True,12.061324,0,0,0,0,0,0,0,0,0,0,0.991347,2e-06,0.0,3.7e-05,0.0,0.0,0.0,0.0,1e-06,0.0
gsv-chicago-8373-CurbRamp.png,chicago-il,8373,yQUzO6eeAGEc6xsD0gsDHQ,True,11.371403,1,0,0,0,0,0,0,0,0,0,0.999964,0.0,0.0,2e-06,0.0,0.0,1.4e-05,1e-06,0.000816,0.0
gsv-chicago-9293-CurbRamp.png,chicago-il,9293,rsjrbF1CNg3MvdDzdRPnQw,True,11.819506,0,0,0,0,0,0,0,0,0,0,0.0,0.0,2e-06,0.0,0.0,2e-06,1e-06,0.0,1e-06,0.007749
gsv-chicago-4947-CurbRamp.png,chicago-il,4947,Lj8MsZHnDKMfBr-30UKlcQ,True,14.888481,1,0,0,0,0,0,0,0,0,0,0.001331,0.0,0.0,0.0,0.0,6.9e-05,0.0,0.0,2e-06,1e-06
gsv-chicago-7522-CurbRamp.png,chicago-il,7522,h_kSYZAXPiK4ck5ymEBV6A,False,4.815455,0,0,0,0,0,0,0,0,1,0,0.89147,0.001174,0.0,1e-06,0.0,1e-06,5.8e-05,0.0,0.991086,1e-06
gsv-chicago-860-CurbRamp.png,chicago-il,860,HsoLwdkC-ekN6vLDMlTrPg,True,10.504679,0,0,0,0,0,0,0,0,0,0,0.0,9e-06,0.000362,0.0,0.0,4.9e-05,0.0,0.0,0.0,0.055434
gsv-chicago-325-CurbRamp.png,chicago-il,325,DOnz0I7czqKqoasHFQ2jVw,True,0.347556,0,0,0,1,0,0,0,0,0,0,0.0,0.272513,0.000109,0.000306,0.0,4e-06,0.0,2e-06,0.0,0.358047
gsv-chicago-22824-CurbRamp.png,chicago-il,22824,lENqJShH4q0toVV77Invlg,True,8.853273,1,0,0,0,0,0,0,0,1,0,0.999999,2e-06,0.0,3.4e-05,0.0,0.372611,2e-06,2e-06,0.205694,0.0
gsv-chicago-11221-CurbRamp.png,chicago-il,11221,GlX2dUixxdG8chgcFctLNQ,True,0.308484,0,0,0,0,0,0,0,1,1,0,1e-06,1e-06,0.0,0.0001,0.0,0.0,1e-06,7e-06,1.2e-05,0.295186
gsv-chicago-10882-CurbRamp.png,chicago-il,10882,QS-_8AOdn49CUDH2O13f3Q,True,0.318187,0,1,0,1,0,0,0,0,1,0,0.000143,0.000133,2e-06,2e-05,0.0,5.9e-05,4.2e-05,1e-06,0.999998,0.000914
gsv-chicago-14671-CurbRamp.png,chicago-il,14671,E2fmJMV1NGwt3087wiZ9pw,True,12.86555,0,0,0,0,0,0,0,0,0,0,0.0,1e-06,0.0,0.0,0.0,0.0,1e-06,0.0,0.229035,0.002296
gsv-chicago-10118-CurbRamp.png,chicago-il,10118,vI0o0ZOODXPbPXT3k5Hu1Q,True,0.857298,1,0,0,0,0,0,0,0,0,0,0.999989,0.0,0.0,0.000308,0.0,3e-05,1e-06,0.0,0.002595,0.0
gsv-chicago-15924-CurbRamp.png,chicago-il,15924,NHNKj-94c26iSKbdIRp1pg,False,116.268108,1,0,0,1,0,0,0,0,1,0,0.942296,1.2e-05,0.0,0.061095,0.0,0.871278,6.3e-05,0.001327,0.995125,2.3e-05
gsv-chicago-8189-CurbRamp.png,chicago-il,8189,j_NEe5cIT4fH8qiKQ65Yig,True,2.898629,1,0,0,0,0,0,0,0,0,0,0.259709,0.0,0.0,1.9e-05,0.0,0.0,6e-06,0.0,4e-06,0.0
gsv-chicago-3140-CurbRamp.png,chicago-il,3140,SdVcUhIx6Z1vI6bqCEDpJw,True,0.478698,0,0,0,0,0,0,0,0,0,0,0.0,0.007754,1.1e-05,0.0,0.0,0.0,7e-06,0.0,0.058733,0.05328
gsv-chicago-1181-CurbRamp.png,chicago-il,1181,e3h9iW7ebG5LcTB1x3P-sg,False,80.418546,0,0,0,0,0,0,0,0,0,0,0.0,0.0002,0.0,2.1e-05,0.0,0.0,8e-06,0.0,3.2e-05,0.025802
gsv-chicago-14094-CurbRamp.png,chicago-il,14094,zgB5ReSYEK-fUw8SB1PiMQ,False,58.945264,1,0,0,0,0,0,0,0,0,0,1.0,0.000737,1e-06,0.000523,0.0,1e-06,8e-06,3e-05,4.4e-05,0.0
gsv-chicago-7836-CurbRamp.png,chicago-il,7836,STbkw8YZk1zGqJn95Jc-0A,True,1.433836,1,1,0,1,0,0,0,0,0,0,1.0,0.590734,0.003678,0.014334,0.0,0.0,3.8e-05,2e-05,7.7e-05,0.0
gsv-chicago-23112-CurbRamp.png,chicago-il,23112,yN9A6T0BWwPRwzR_yKetdg,False,264.323423,0,0,0,0,0,0,0,0,0,0,1e-06,0.0,0.0,5.7e-05,0.0,5.7e-05,8e-06,0.0,0.0,0.021418
gsv-chicago-10011-CurbRamp.png,chicago-il,10011,nZJmzeOMUhz92eDpVqbbNA,True,0.535582,1,0,0,0,0,0,0,0,0,0,0.999988,5.2e-05,0.0,0.0,0.0,0.0,0.0,0.0,1e-06,0.0
gsv-chicago-10551-CurbRamp.png,chicago-il,10551,LgBNPCv5NSyJ8rXbMnm4vA,True,4.036837,0,0,0,0,0,0,0,0,0,0,0.0,0.0,0.0,0.0,0.0,1.3e-05,0.0,1e-06,1e-06,0.006432
gsv-chicago-15927-CurbRamp.png,chicago-il,15927,LbGkZiRxV_d9sWtXKR5Tmg,False,181.291004,0,0,0,0,0,0,0,0,0,0,0.0,1.6e-05,1e-06,1.4e-05,0.0,0.0,5e-06,2e-06,0.0,0.000229
gsv-chicago-11157-CurbRamp.png,chicago-il,11157,6VSMJdri0Tay2nfsUhq_mw,True,1.851779,0,1,0,0,0,0,0,1,1,0,2.6e-05,0.045575,0.024055,0.000148,0.0,0.034361,4e-06,0.024448,0.996637,0.00092
gsv-chicago-11031-CurbRamp.png,chicago-il,11031,wV4338SF-waNGMUisTgpxQ,True,2.263914,0,1,0,0,0,0,0,0,0,0,1e-06,0.894612,0.0,0.000393,0.0,6.5e-05,0.0,6e-05,8e-06,0.27636
gsv-chicago-14234-CurbRamp.png,chicago-il,14234,-FoiGJCwSI_rPbhj1aVLdw,False,95.323693,1,0,0,0,0,0,0,0,0,0,0.930445,0.0,1e-06,0.0,0.0,0.0,0.0,1e-06,4.5e-05,0.0
gsv-chicago-1939-CurbRamp.png,chicago-il,1939,8wJ5YitgnrX-9b-xs_AxVw,True,2.519663,0,0,0,0,0,0,0,0,0,0,2e-06,0.0,0.0,1e-06,0.0,0.0,2e-06,0.0,4e-06,4.6e-05
gsv-chicago-8778-CurbRamp.png,chicago-il,8778,yljg6Bq8FS6xn0WjabtLzw,False,86.919357,1,0,0,0,0,0,0,0,0,0,0.002474,0.0,0.0,1e-06,0.0,0.0,0.0,0.0,0.086241,0.0
gsv-chicago-934-CurbRamp.png,chicago-il,934,_iC0-_BSQX5t5C60DQiiIg,True,12.613754,0,0,0,0,0,0,0,0,0,0,1e-06,0.000735,0.0,0.000194,0.0,2e-06,2e-06,3.6e-05,0.0,0.167598
gsv-chicago-11226-CurbRamp.png,chicago-il,11226,GlX2dUixxdG8chgcFctLNQ,True,5.050684,1,0,0,1,0,0,0,0,1,0,0.999999,0.027327,0.00242,0.060495,0.0,2e-06,2.7e-05,0.998806,0.088321,1e-06
gsv-chicago-23186-CurbRamp.png,chicago-il,23186,mKflfSknnFX2qPhM2um0Gg,False,357.902603,0,0,0,0,0,0,0,0,0,0,0.001578,7.3e-05,0.0,1.4e-05,0.0,2e-06,4e-06,0.0,0.0,1.7e-05
gsv-chicago-844-CurbRamp.png,chicago-il,844,CKrWu9b_jaNmmJZnIw2GQg,True,0.451624,0,0,0,0,0,0,0,1,0,0,5e-06,3.9e-05,0.000357,0.01529,0.0,0.0,8e-06,3.2e-05,1e-06,0.000145
gsv-chicago-4933-CurbRamp.png,chicago-il,4933,sKVo3CEm9CNsooLxJsH2PA,True,0.946922,0,0,0,0,0,0,0,0,0,0,0.0,2.7e-05,0.000353,1e-06,0.0,0.0,1e-06,1.3e-05,2e-05,0.581645
gsv-chicago-2302-CurbRamp.png,chicago-il,2302,STbkw8YZk1zGqJn95Jc-0A,True,1.475292,1,0,0,1,0,0,0,0,0,0,1.0,0.996101,0.00775,0.024163,0.0,0.0,1.8e-05,0.002421,0.001275,0.0
gsv-chicago-10811-CurbRamp.png,chicago-il,10811,RylrwcQCZFvqon8XzM39xA,True,7.563748,0,0,0,0,0,0,0,0,0,0,3e-06,7e-06,0.0,0.00134,0.0,5e-05,0.0,2.3e-05,0.00034,0.067971
gsv-chicago-6651-CurbRamp.png,chicago-il,6651,PT9NTS2H6oj26qttf7WoVQ,True,8.413539,0,0,0,0,0,0,0,0,0,0,0.000161,1e-06,0.0,0.0,0.0,0.0,0.0,0.0,0.000672,0.0
gsv-chicago-28885-CurbRamp.png,chicago-il,28885,hJrSG1Ywl3qWYUPsjUCdGQ,True,4.600349,0,0,0,0,0,0,0,0,1,0,0.0,0.004809,0.001366,4e-06,0.0,1.4e-05,1.3e-05,2e-06,0.999979,0.949027
gsv-chicago-254-CurbRamp.png,chicago-il,254,lMKX_XAbqN97sFKJGkfooQ,True,1.399451,1,0,0,0,0,0,0,0,0,0,0.999999,0.019188,0.0,2.6e-05,0.0,0.0,2e-06,2.8e-05,0.00029,0.0
gsv-chicago-6691-CurbRamp.png,chicago-il,6691,2euRT8lqJaWmvWHKYcBvfQ,False,74.35644,0,0,0,0,0,0,0,0,0,0,0.0,5.5e-05,0.00015,0.0,0.0,1e-06,0.0,0.0,0.0,0.008548
gsv-chicago-11141-CurbRamp.png,chicago-il,11141,ZfS7QjBqw2GjeEw5eVE5_w,True,4.902861,1,1,0,0,0,0,0,0,0,0,0.999998,0.000592,0.0,1.3e-05,0.0,0.0,2e-06,0.000738,1.5e-05,0.0
gsv-chicago-3145-CurbRamp.png,chicago-il,3145,SdVcUhIx6Z1vI6bqCEDpJw,True,11.486526,1,0,0,0,0,0,0,0,0,0,1.0,0.000847,0.0,3e-06,0.0,0.0,1e-06,3e-06,4e-06,0.0
gsv-chicago-8923-CurbRamp.png,chicago-il,8923,dwdsj1-d8OFhmvoNucVlsA,False,13.334475,0,0,0,0,0,0,0,0,0,0,3.7e-05,1e-06,0.0,6.3e-05,0.0,0.0,4e-06,0.0,0.0,9e-06
gsv-chicago-13169-CurbRamp.png,chicago-il,13169,wr-jckvT-uPyWnIMGWizcQ,False,72.195497,0,0,0,0,0,0,0,1,0,0,0.0,1e-06,0.0,5e-06,0.0,0.0,2e-06,0.0,0.00014,0.001821
gsv-chicago-3310-CurbRamp.png,chicago-il,3310,bv95bXx2JGbOz_ILuHa5Lg,False,0.624432,0,0,0,0,0,0,0,0,0,0,3e-06,0.0,0.0,2e-06,0.0,0.0,3e-06,0.0,4e-06,8e-05
gsv-chicago-250-CurbRamp.png,chicago-il,250,lMKX_XAbqN97sFKJGkfooQ,True,2.475728,1,0,0,0,0,0,0,0,1,0,1.0,5.9e-05,0.000731,0.996575,0.0,0.020777,1e-06,0.038441,0.040664,1e-06
gsv-chicago-11903-CurbRamp.png,chicago-il,11903,Y7127qOaPVTpA9A1sxfXiA,True,2.968617,0,0,0,0,0,0,0,0,0,0,0.0,0.0,8.3e-05,1e-06,0.0,1.5e-05,1e-06,1e-06,0.0,0.000178
gsv-chicago-10318-CurbRamp.png,chicago-il,10318,CkMzyYX5i7U-BL_1bq4BdA,True,0.699707,0,1,0,0,0,0,0,0,0,0,0.0,0.000714,2.5e-05,0.0,0.0,0.0,1e-06,0.0,2e-06,4e-06
gsv-chicago-4361-CurbRamp.png,chicago-il,4361,ref2qlBYUn8GBGmaGCxaDA,True,1.312912,0,0,0,1,0,0,0,0,0,0,0.0,0.0,1e-06,1e-06,0.0,0.000335,0.0,0.0,1e-06,0.000124
gsv-chicago-6912-CurbRamp.png,chicago-il,6912,xu6hyWirYHTXHA8sru8cVg,True,0.521248,0,0,1,0,0,1,0,0,0,0,0.0,1.1e-05,8e-06,1e-06,0.0,2.8e-05,0.0,1e-06,0.0,0.931913
gsv-chicago-1836-CurbRamp.png,chicago-il,1836,eKPkZpCd2sIMuJdxsvb6nA,True,8.352957,0,0,0,1,0,0,0,0,0,0,0.0,3.1e-05,0.001043,1e-06,0.0,1e-06,6e-06,4e-06,0.0,0.014878
gsv-chicago-28864-CurbRamp.png,chicago-il,28864,n4VQ-bzK-X-YjB2-xf_tTg,True,11.390936,0,0,0,0,0,0,0,0,0,0,0.0,2.8e-05,9e-06,0.0,0.0,0.0,1e-06,0.0,0.000903,0.000361
gsv-chicago-10865-CurbRamp.png,chicago-il,10865,1U7z3e849F4_fWPTwfdWew,True,0.985885,0,0,0,0,0,0,0,0,0,0,0.001164,0.0,0.0,4.6e-05,0.0,7e-06,1e-06,2.7e-05,3e-06,0.000885
gsv-chicago-13674-CurbRamp.png,chicago-il,13674,5bABty5Hp0_vqu7SAbg-Hg,True,11.197444,0,0,0,0,0,0,0,1,0,0,0.0,6.5e-05,0.0,2.4e-05,0.0,0.0,0.0,1e-06,1.4e-05,0.003686
gsv-chicago-10522-CurbRamp.png,chicago-il,10522,RQpy_kzIWIkffT2cQKrkIg,True,0.724462,0,0,0,0,0,0,0,0,0,0,0.0,2.4e-05,2e-06,1e-06,0.0,1e-06,1e-06,0.0,0.0,0.020731
gsv-chicago-9916-CurbRamp.png,chicago-il,9916,Dx4nj-FZ1j2cTWGKofNZ9g,True,0.195408,0,0,0,0,0,0,0,0,0,0,0.0,0.0,0.0,1e-05,0.0,3e-06,4.3e-05,4e-06,0.00155,0.831258
gsv-chicago-8165-CurbRamp.png,chicago-il,8165,hu2ElQmwWz_-Vwn0CrtMbQ,False,100.34941,1,0,0,0,0,0,0,0,0,0,0.999309,0.004353,0.0,1.7e-05,0.0,0.0,2e-06,0.0,1e-06,0.0
gsv-chicago-1564-CurbRamp.png,chicago-il,1564,oF8Bx0KvESGZSa3fiTFVpQ,True,12.795396,0,0,0,0,0,0,0,0,0,0,0.0,0.0,0.0,3e-06,0.0,1e-06,1e-06,0.0,1e-06,7.9e-05
gsv-chicago-43041-CurbRamp.png,chicago-il,43041,km518SglbX0A5Xp6Myir_Q,True,5.197126,0,0,0,0,0,0,0,0,1,0,0.0,0.0,0.0,0.0,0.0,0.0,1e-06,1e-06,0.001991,0.391996
gsv-chicago-12909-CurbRamp.png,chicago-il,12909,go6XBa0SulTzOmsCyrWxTA,True,4.759322,1,1,0,0,0,0,0,0,0,0,0.998516,2.4e-05,0.0,0.981333,0.0,0.000101,1e-06,1e-06,8e-06,1e-06
gsv-chicago-6439-CurbRamp.png,chicago-il,6439,9L1gEvgZJ2rDqeGYXorvMA,True,0.433324,1,0,1,0,0,0,0,0,0,0,0.999988,1e-06,0.003442,0.0,0.0,0.0,1e-06,2.2e-05,4e-06,0.0
gsv-chicago-10542-CurbRamp.png,chicago-il,10542,2337iZWUg8m1pNs0CXx_ew,False,1.282129,0,0,0,0,0,0,0,0,0,0,7e-06,0.0,0.0,0.000215,0.0,1e-06,1e-06,1e-06,4.1e-05,1e-05
gsv-chicago-2478-CurbRamp.png,chicago-il,2478,wnoBO1AO1L9o2oDnh0U8QA,False,19.001402,1,1,0,0,0,0,0,0,0,0,1.0,0.000146,1e-06,0.756617,0.0,8e-06,2e-06,0.001214,0.001085,0.0
gsv-chicago-188-CurbRamp.png,chicago-il,188,Do9piVgHn6qumoUFgAfX9Q,False,0.377063,0,0,0,0,0,0,0,0,1,0,0.0,1e-06,0.0,0.003564,0.0,0.0,4.4e-05,3e-06,0.987292,0.016096
gsv-chicago-88-CurbRamp.png,chicago-il,88,gsWhJe2qbbkmM9VGtc9ahg,True,2.180974,0,0,0,0,0,0,0,0,0,0,0.0,3e-05,3e-06,0.0,0.0,0.000999,9e-06,3e-06,5e-06,0.872002
gsv-chicago-555-CurbRamp.png,chicago-il,555,wVvVRXpB5iaJvS64Rnesxw,True,10.567827,1,0,1,0,0,0,0,0,0,0,1.0,1e-06,0.00336,9e-06,0.0,0.015385,3e-06,2e-06,3e-06,0.0
gsv-chicago-8211-CurbRamp.png,chicago-il,8211,K2pObizhVAsYri3bYkCyDg,True,4.655863,0,0,0,0,0,0,0,0,0,0,0.0,0.0,7e-06,0.0,0.0,0.0,1e-06,0.0,8e-06,0.000137
gsv-chicago-8524-CurbRamp.png,chicago-il,8524,CAdJzGh0DqogdCifJIESNQ,True,8.413225,0,0,0,0,0,0,0,0,0,0,0.0,0.004434,0.0,1.1e-05,0.0,1e-06,2e-06,7e-06,1e-06,0.021415
gsv-chicago-16146-CurbRamp.png,chicago-il,16146,nG_vrvZGhTU3vOjWal_DUg,False,87.313418,1,0,0,1,0,0,0,0,0,0,0.999999,1e-06,0.0,2.2e-05,0.0,1.8e-05,1e-06,3e-06,0.0,0.0
gsv-chicago-14216-CurbRamp.png,chicago-il,14216,EVfHXUKr0AwW-frPLdEUEA,True,3.630333,1,0,0,0,0,0,0,0,0,0,0.999991,0.0,6e-06,1.5e-05,0.0,1.4e-05,2e-06,0.001387,1e-06,0.0
gsv-chicago-10556-CurbRamp.png,chicago-il,10556,UDqKn9WzCohOQ68qlcgAHQ,True,0.974888,0,0,0,0,0,0,0,0,0,0,0.0,5e-06,2e-06,1.2e-05,0.0,0.00143,3e-06,1e-06,0.0,0.805965
gsv-chicago-18823-CurbRamp.png,chicago-il,18823,K-dGoeJJ-V-7p8ngZELU8Q,False,100.508388,1,0,0,0,0,0,0,0,0,0,0.988957,0.0,0.0,0.0,0.0,2e-05,1e-06,0.0,0.000104,0.0
gsv-chicago-1344-CurbRamp.png,chicago-il,1344,5jwX0S1IemC3v_F2Vkx4sw,False,2.500161,0,0,0,0,0,0,0,0,0,0,1e-06,0.000105,0.0,3e-06,0.0,3e-06,1e-06,2e-06,0.0,0.023993
gsv-chicago-10042-CurbRamp.png,chicago-il,10042,-lMfRym6drnDKWDKTBK1PA,True,5.320246,0,1,0,0,0,0,0,0,0,0,0.0,0.000321,1e-06,0.0,0.0,0.0,0.0,0.0,0.0,6.5e-05
gsv-chicago-12291-CurbRamp.png,chicago-il,12291,_GunOdt66H8z6WBZFZXcKw,False,3.753524,0,0,0,0,0,0,0,0,0,0,0.400858,5e-06,0.0,0.000212,0.0,2e-06,2e-06,0.0,2e-06,5e-06
gsv-chicago-1623-CurbRamp.png,chicago-il,1623,4X797DmXEhhIa0DTmNz7qQ,True,0.740276,1,0,0,0,0,0,0,0,0,0,0.999998,1.7e-05,1e-06,3e-06,0.0,0.0,1e-06,1.8e-05,1.5e-05,0.0
gsv-chicago-17883-CurbRamp.png,chicago-il,17883,JLQZeBt7T6tXuAkyumxY-w,False,438.556935,0,0,0,0,0,0,0,0,0,0,3e-06,0.000887,0.0,0.000411,0.0,0.0,1e-06,0.0,0.214249,1.4e-05
gsv-chicago-1356-CurbRamp.png,chicago-il,1356,i3Z6Wyylpo5DxbIVFT8AYQ,True,1.51993,1,0,0,0,0,1,0,0,0,0,0.000688,0.0,0.0,0.0,0.0,0.841702,2e-06,0.0,0.0,3.1e-05
gsv-chicago-6504-CurbRamp.png,chicago-il,6504,lglzpvR35KFz4xmByz-low,True,0.187196,1,0,0,0,0,0,0,0,0,0,0.999997,2.6e-05,0.0,3e-06,0.0,8e-06,9e-06,0.0,0.0184,0.0
gsv-chicago-9323-CurbRamp.png,chicago-il,9323,YPJ-PgSeuQILUJqB2PKWRw,True,2.783031,0,0,0,0,0,0,0,0,0,0,4e-06,0.0,0.0,7e-06,0.0,0.0,4e-06,0.0,0.0087,4e-06
gsv-chicago-17654-CurbRamp.png,chicago-il,17654,F4pT9KbqYr3foE2LILDS-A,True,1.000542,1,0,0,1,0,0,0,0,1,0,1.0,0.14607,0.0,0.022344,0.0,0.0,2e-06,9.7e-05,8.1e-05,0.0
gsv-chicago-864-CurbRamp.png,chicago-il,864,_keruaue4e3PUrmI6cHtaw,True,3.937901,0,0,0,0,0,0,0,0,0,0,0.004633,0.0,0.0,0.0,0.0,5e-06,0.0,0.0,0.0,0.0
gsv-chicago-9407-CurbRamp.png,chicago-il,9407,aMmw5phTONSJc42OLXinEg,False,1.207802,0,0,0,0,0,0,0,0,1,0,0.0,0.006106,0.0,0.0,0.0,1e-05,0.0,0.0,0.0,0.00939
gsv-chicago-11576-CurbRamp.png,chicago-il,11576,ZoXJ6Tloapx0M1bsGEIHRw,True,1.331962,0,0,0,0,0,0,0,0,1,0,0.0,1e-06,0.0,0.000186,0.0,0.0,4.6e-05,0.0,1.1e-05,0.441336
gsv-chicago-14228-CurbRamp.png,chicago-il,14228,-FoiGJCwSI_rPbhj1aVLdw,False,89.658083,1,0,0,0,0,0,0,0,0,0,0.861255,0.0,0.0,9e-06,0.0,0.0,1e-06,0.0,6e-06,0.0
gsv-chicago-11164-CurbRamp.png,chicago-il,11164,ySwc4YvqAC5oHHzZ48A57Q,True,1.677723,0,0,0,0,0,1,0,0,1,0,0.004185,0.0,0.000221,0.0,0.0,8e-06,1e-06,0.0,0.990019,2e-06
gsv-chicago-28629-CurbRamp.png,chicago-il,28629,GBz6VH4NyVivxoXzEZK7eg,False,185.53762,0,0,0,0,0,0,0,0,0,0,0.006914,0.0,0.0,0.000267,0.0,2e-06,0.0,6e-06,4e-06,0.008974
gsv-chicago-6239-CurbRamp.png,chicago-il,6239,E17YLL2TMNdqPjJI6r7mMg,True,4.308479,0,0,0,0,0,0,0,0,0,0,0.0,0.000767,0.0,5e-06,0.0,0.0,4e-06,2e-06,0.043142,0.868419
gsv-chicago-10572-CurbRamp.png,chicago-il,10572,fG2rAWpKkJzCCR2tfvsQ6Q,True,0.57222,0,0,0,0,0,0,0,0,0,0,0.0,4e-06,1e-06,2e-06,0.0,0.0,1e-06,0.0,0.0,0.010565
gsv-chicago-4524-CurbRamp.png,chicago-il,4524,9dAaD_OiEPuUREbMvLKA1g,False,93.278859,0,0,0,0,0,0,0,0,0,0,7.5e-05,0.0,1e-06,0.0,0.0,0.0,9e-06,0.0,0.002815,1e-06
gsv-chicago-43073-CurbRamp.png,chicago-il,43073,vzRyrp47pb_gbwAUworXhw,True,4.438655,0,0,0,0,0,0,0,0,0,0,1e-06,0.0,0.0,0.0,0.0,0.0,6e-06,0.0,6e-06,0.10941
gsv-chicago-11145-CurbRamp.png,chicago-il,11145,skgl48lAe7MRJ0FhDU90SA,True,1.255242,0,1,0,0,0,0,0,0,0,0,0.0,0.004988,1.3e-05,1e-06,0.0,0.0,0.0,5e-06,6.7e-05,0.96108
gsv-chicago-11092-CurbRamp.png,chicago-il,11092,KLawxH1fbZwZV-e1dMTH_g,True,0.423266,0,0,0,0,0,1,0,0,0,0,0.0,1e-06,0.0,8.7e-05,0.0,2.2e-05,1e-06,0.0,0.0,0.000589
gsv-chicago-18715-CurbRamp.png,chicago-il,18715,5jtotS1XWS4sLCEgFAqksg,False,105.023393,1,0,0,0,0,0,0,0,0,0,0.247817,0.002209,5.1e-05,0.794737,0.0,0.0,0.000454,5e-06,0.421502,0.0
gsv-chicago-13362-CurbRamp.png,chicago-il,13362,no0qj8BsNyKKf14PmLDjWA,False,95.472209,1,0,0,1,0,0,0,0,1,0,0.999995,0.15613,1e-05,0.004205,0.0,0.007707,7.6e-05,0.003588,0.999998,3e-06
gsv-chicago-811-CurbRamp.png,chicago-il,811,qUVeKWC82FfUmvFo-mYvRw,True,1.283144,0,0,0,0,0,0,0,0,0,0,1e-06,0.000146,0.0,0.000726,0.0,0.0,4e-05,7e-06,3.2e-05,0.013315
gsv-chicago-11003-CurbRamp.png,chicago-il,11003,ufTaMDKgOWTLR0rJkYjDZg,True,0.528591,0,1,0,0,0,0,0,0,1,0,1.5e-05,1.1e-05,1.5e-05,0.000131,0.0,0.00159,0.000142,2e-05,0.999999,0.047648
gsv-chicago-13865-CurbRamp.png,chicago-il,13865,FnBcpaVbWABeNLxbgZ2QMw,True,14.545458,1,0,0,0,0,0,0,0,0,0,1.0,1.3e-05,0.0,0.0007,0.0,0.00015,4e-06,5.9e-05,3e-06,0.0
gsv-chicago-5994-CurbRamp.png,chicago-il,5994,--meZca-6fp83Ie_FyDHIQ,True,13.562889,0,0,0,1,0,1,0,0,0,0,1e-06,1e-06,1e-06,2.1e-05,0.0,1.1e-05,0.0,3.3e-05,0.223163,0.023085
gsv-chicago-1702-CurbRamp.png,chicago-il,1702,Bb6BQNrbsBm9l8oXrYEWhw,True,1.291671,0,0,0,0,0,0,0,0,1,0,0.0,0.000127,2.8e-05,1e-06,0.0,0.0,5e-06,0.0,0.693078,0.003488
gsv-chicago-19866-CurbRamp.png,chicago-il,19866,KLawxH1fbZwZV-e1dMTH_g,True,12.376056,1,0,0,0,0,0,0,0,0,0,0.999893,0.002792,7e-06,1e-06,0.0,0.0,3e-06,0.0,0.000343,0.0
gsv-chicago-11497-CurbRamp.png,chicago-il,11497,GeqVepEA9CETsPdmYbVKDg,False,42.892565,0,0,0,0,0,0,0,1,0,0,0.923228,0.076073,0.0,0.0,0.0,0.0,1e-06,2e-05,0.824479,0.0
gsv-chicago-4573-CurbRamp.png,chicago-il,4573,AGZPiC6HRvkra2p82hukwA,True,13.946615,0,0,0,0,0,0,0,0,0,0,0.0,0.000149,0.0,0.0,0.0,8e-06,1e-06,0.0,6e-06,1.9e-05
gsv-chicago-3622-CurbRamp.png,chicago-il,3622,eFAQRC0CEn3c9mYlcMUE_Q,False,109.714132,0,0,0,0,0,0,0,0,0,0,2e-06,1e-06,0.0,0.000291,0.0,0.0,1.6e-05,0.0,3.6e-05,0.161757
gsv-chicago-120-CurbRamp.png,chicago-il,120,BSw5lDh8p0StAY38Ne7eCQ,True,0.273068,0,0,0,0,0,0,0,0,0,0,0.0,0.0,2e-06,1e-06,0.0,0.0,1e-06,1e-06,4e-06,0.004498
gsv-chicago-3437-CurbRamp.png,chicago-il,3437,dawlvGzAqxcZIRZnU1AfdA,False,20.93522,0,0,0,0,0,0,0,0,0,0,3e-06,9e-06,0.0,1e-06,0.0,1e-06,1e-06,0.0,0.0,1.5e-05
gsv-chicago-22860-CurbRamp.png,chicago-il,22860,WyDIizvN8gaLA7r8EIyeog,True,9.819317,1,0,0,0,0,0,0,0,1,0,1.0,0.000232,1e-06,1e-06,0.0,1.1e-05,0.0,9e-06,6.4e-05,0.0
gsv-chicago-6161-CurbRamp.png,chicago-il,6161,GR_MNjS1sL28ZC5Ur7TjIA,True,6.637485,1,0,0,0,0,0,0,0,0,0,0.999998,4e-06,2e-06,0.0014,0.0,3e-06,1e-06,1e-06,0.0,0.0
gsv-chicago-583-CurbRamp.png,chicago-il,583,vM2mySVP8s-wGuQzXcZCbA,True,11.51206,0,0,0,0,0,0,0,0,0,0,1e-06,0.00291,1e-06,2.8e-05,0.0,0.0,0.00018,1e-06,0.991002,0.016918
gsv-chicago-6192-CurbRamp.png,chicago-il,6192,oXOFDn3P4GcoTLCpQebFQA,True,0.603111,0,0,1,0,0,1,0,0,0,0,1e-06,5.6e-05,0.027249,0.0,0.0,1e-06,1e-06,0.0,0.102193,0.001217
gsv-chicago-9907-CurbRamp.png,chicago-il,9907,lhc4l3ZU_KTvM7zL5zL3zQ,False,7.92954,0,0,0,0,0,0,0,0,0,0,0.0,3.9e-05,0.000402,0.0,0.0,1e-06,0.0,1e-06,3.4e-05,0.396038
gsv-chicago-12319-CurbRamp.png,chicago-il,12319,MTDSuP0SEC4YtsLy3r4Jyg,False,17.009219,0,0,0,0,0,0,0,0,0,0,1e-06,1e-06,1.1e-05,3.2e-05,0.0,0.000128,1.3e-05,5e-06,0.0,0.000342
gsv-chicago-1266-CurbRamp.png,chicago-il,1266,yr15lOgUB-LW4rFnVN2GfA,True,9.143431,1,0,0,0,0,0,0,0,0,0,0.999962,0.0,1e-06,3e-06,0.0,2e-06,1e-06,1e-06,0.0,0.0
gsv-chicago-1901-CurbRamp.png,chicago-il,1901,uGOFwVX8eNb79ngMtbWa0A,True,0.678491,0,0,0,0,0,0,0,0,1,0,7.2e-05,0.0,0.0,1e-06,0.0,0.0,0.00014,0.0,0.081892,1e-06
gsv-chicago-554-CurbRamp.png,chicago-il,554,wVvVRXpB5iaJvS64Rnesxw,True,0.513903,1,0,0,1,0,0,0,0,1,0,0.999972,1e-06,0.0,6.7e-05,0.0,0.0,1e-06,3e-06,0.719792,0.0
gsv-chicago-17406-CurbRamp.png,chicago-il,17406,hh-Yj6Mfy3gEANmbpY5oyw,True,8.881426,1,0,0,0,0,0,0,0,1,0,0.999037,1e-06,4e-06,0.01245,0.0,0.0,0.000119,0.0,0.992319,0.0
gsv-chicago-8269-CurbRamp.png,chicago-il,8269,71ecnjMxnbxzjHuqZfWNOw,True,7.103169,1,0,0,0,0,0,0,0,0,0,0.999993,1.1e-05,0.0,0.017255,0.0,0.0,9e-06,2e-06,0.023835,0.0
gsv-chicago-495-CurbRamp.png,chicago-il,495,vuIgQi9irtLN7wgtceb07g,True,3.605073,0,0,0,0,0,0,0,0,1,0,0.998674,0.002867,1.1e-05,0.000192,0.0,1.5e-05,6.1e-05,0.000222,1.0,3e-06
gsv-chicago-504-CurbRamp.png,chicago-il,504,xkD1f4c5uDmseeEAbYruag,False,74.462957,0,0,0,0,0,0,0,0,0,0,5e-06,1e-06,0.0,4e-06,0.0,4e-06,1.3e-05,0.0,0.0,5e-06
gsv-chicago-12758-CurbRamp.png,chicago-il,12758,DoIZZGha5-vFcKXok2-kog,False,9.566002,0,0,0,0,0,0,0,0,0,0,0.000789,1.1e-05,0.0,0.972388,0.0,1e-06,7.2e-05,2.1e-05,1e-06,0.00017
gsv-chicago-6644-CurbRamp.png,chicago-il,6644,xa_MQ7pn9ayCa7hgL1xDnw,True,3.598419,1,0,0,0,0,0,1,0,0,0,0.999709,1.9e-05,0.0,0.002455,0.0,0.0,0.000279,0.0,0.245731,0.0
gsv-chicago-1728-CurbRamp.png,chicago-il,1728,-6gH0fn4ALDk3d5yepdCOg,True,13.353531,0,0,0,0,0,0,0,0,0,0,2e-06,4e-05,1e-06,3e-06,0.0,0.0,1.1e-05,0.0,0.0,4.6e-05
gsv-chicago-6220-CurbRamp.png,chicago-il,6220,2Orl9K7J8YzgiSICWgJA_w,True,8.026268,0,0,0,0,0,0,0,0,0,0,2e-06,0.0,1e-06,1.5e-05,0.0,0.0,1e-06,0.0,1e-06,0.000195
gsv-chicago-2737-CurbRamp.png,chicago-il,2737,83p4v4Z5pN4iRYfKFvi22A,True,4.747111,0,0,0,0,0,0,0,0,0,0,0.0,0.0,0.0,2e-06,0.0,3e-06,1e-06,0.0,7e-06,4e-05
gsv-chicago-839-CurbRamp.png,chicago-il,839,CKrWu9b_jaNmmJZnIw2GQg,True,0.68669,0,0,0,0,0,0,0,0,0,0,0.0,0.000745,1e-06,0.0,0.0,0.0,1e-06,1e-06,1e-06,0.099497
gsv-chicago-21-CurbRamp.png,chicago-il,21,VvFlgEkOuGmMtvvgO6lZog,True,6.134696,0,0,0,0,0,0,0,0,0,0,1.2e-05,0.0,0.0,0.000669,0.0,0.0,5e-06,0.0,7e-06,0.000881
gsv-chicago-17845-CurbRamp.png,chicago-il,17845,DGAw-5Pjl1PZGfmn_ru5Xw,True,0.926341,0,1,0,0,0,0,0,0,0,0,7e-06,0.0,2e-06,2e-06,0.0,0.0,2e-06,0.0,0.000159,2.6e-05
gsv-chicago-4538-CurbRamp.png,chicago-il,4538,u9ogbWWHa49VAmjZnqmLKg,False,11.883509,1,0,0,1,0,0,0,0,0,0,1e-06,0.0,0.0,1e-06,0.0,1e-06,4e-06,0.0,0.0,0.000118
gsv-chicago-10588-CurbRamp.png,chicago-il,10588,jlFOhg6lmAq72hNs6SriOA,True,12.357546,1,0,0,0,0,0,0,0,0,0,0.999993,1e-06,5e-06,2.8e-05,0.0,0.0,5e-06,1e-06,0.019256,0.0
gsv-chicago-4903-CurbRamp.png,chicago-il,4903,tFsiL5nwz5tDx2UYf5alcg,True,0.592922,0,1,0,0,0,0,0,0,1,0,2.4e-05,1.2e-05,1e-06,0.982431,0.0,2e-06,1e-06,0.000102,0.01315,0.002737
gsv-chicago-500-CurbRamp.png,chicago-il,500,Bosa8I_C5ALSyYvY_hbu-g,True,11.710128,0,0,0,0,0,0,0,0,1,0,0.999988,2e-05,0.005382,0.000252,0.0,0.0,1.1e-05,0.002136,0.99813,0.0
gsv-chicago-11138-CurbRamp.png,chicago-il,11138,dq-DoOimVg5Hr7JLpdYZZQ,True,0.719417,1,0,0,0,0,1,0,0,1,0,0.999889,0.0,0.0,0.020276,0.0,0.000151,3e-06,6.1e-05,0.00061,0.0
gsv-chicago-1031-CurbRamp.png,chicago-il,1031,fXfGBfhLWYnkeWX93iXRag,True,16.363072,1,0,0,0,0,1,0,0,0,0,0.999929,0.0,0.000303,0.0,0.0,0.000169,0.0,0.0,2e-06,0.0
gsv-chicago-20860-CurbRamp.png,chicago-il,20860,Sp1S-44NAhlhs8ljBcF7eQ,False,133.829628,0,0,0,0,0,0,0,0,1,0,0.999998,0.015264,0.0,0.043685,0.0,0.0,2.5e-05,6.2e-05,0.999367,1e-06
gsv-chicago-9617-CurbRamp.png,chicago-il,9617,VPtZsnepatrsQNEF2UdE1w,False,16.681534,0,1,0,0,0,0,0,0,0,0,1e-06,0.000648,0.04564,0.0,0.0,0.0,2e-06,0.0,7.8e-05,4e-06
gsv-chicago-19859-CurbRamp.png,chicago-il,19859,GP4HXSYULyFMjrRl4v2XcQ,True,16.502254,0,0,1,0,0,0,0,0,0,0,0.0,1.5e-05,0.758937,0.0,0.0,0.625383,1e-06,1e-06,0.0,0.010592
gsv-chicago-38175-CurbRamp.png,chicago-il,38175,RQ0x0OsARrHckloo6KEmhA,False,49.659775,0,0,0,0,0,0,0,0,0,0,2e-06,3e-06,5e-06,1e-06,0.0,0.0186,2e-06,0.0,0.0,0.983327
gsv-chicago-9138-CurbRamp.png,chicago-il,9138,3tU2RLuhm1OScg4GrxhuUw,True,1.376569,0,0,0,0,0,0,0,0,0,0,0.997884,2e-05,0.0,0.000309,0.0,0.0,0.0,4.1e-05,2e-06,0.0
gsv-chicago-11896-CurbRamp.png,chicago-il,11896,2mjoQ7SmUesk7qjPBXsgNA,True,7.780709,1,0,0,0,0,0,0,0,0,0,0.762633,0.0,0.000249,0.006959,0.0,0.0,4e-06,1.1e-05,0.50018,0.0
gsv-chicago-163-CurbRamp.png,chicago-il,163,sUdtW-HFMrXT_WG8yul9uA,True,11.842288,0,0,0,0,0,0,0,0,0,0,1e-06,0.000609,0.0,2e-06,0.0,0.052277,2e-06,1e-06,0.000213,3e-06
gsv-chicago-809-CurbRamp.png,chicago-il,809,qUVeKWC82FfUmvFo-mYvRw,True,1.231225,0,0,0,0,0,0,0,0,0,0,0.0,0.000972,0.00294,0.0,0.0,0.0,2e-06,1e-06,8.4e-05,0.636844
gsv-chicago-8059-CurbRamp.png,chicago-il,8059,WdWfqCps0GL8ZxokAQpR8g,True,0.652754,0,0,0,0,0,0,0,0,0,0,0.0,2.8e-05,1.4e-05,1e-06,0.0,5e-06,0.0,0.0,0.0,0.012387
gsv-chicago-9224-CurbRamp.png,chicago-il,9224,VsKcXgqAnVGRbRXtzY1rcA,False,3.243621,0,0,0,0,0,0,0,0,0,0,0.0,0.0,0.0,6e-06,0.0,0.034978,1e-06,0.0,0.0,0.001213
gsv-chicago-4122-CurbRamp.png,chicago-il,4122,nGGkBuBRmJg8ZjSbS8zJ2A,True,11.711022,1,1,0,1,0,0,0,0,0,0,0.999999,0.000172,0.0,0.109337,0.0,0.0,1e-06,0.00028,3e-06,0.0
gsv-chicago-6579-CurbRamp.png,chicago-il,6579,rNRsCndDyVax3mVW5t1Xrg,False,1.772899,0,0,1,0,0,1,0,0,0,0,2e-06,0.0,0.0,0.0,0.0,0.006841,0.0,0.0,0.0,3.7e-05
gsv-chicago-7826-CurbRamp.png,chicago-il,7826,KhIQOb9V0S-9hrpO14yzww,True,7.781791,0,0,0,0,0,0,0,0,0,0,0.0,0.0,1e-06,0.0,0.0,9e-06,1e-06,0.0,0.0,9.6e-05
gsv-chicago-6585-CurbRamp.png,chicago-il,6585,UDG8pQjSFrgiMJ0u1KUH5g,True,10.929277,0,0,1,0,0,1,0,0,1,0,0.0,0.0,0.002914,0.0,0.0,0.007898,0.0,1.1e-05,0.4409,0.875686
gsv-chicago-1170-CurbRamp.png,chicago-il,1170,dq-DoOimVg5Hr7JLpdYZZQ,True,0.223118,1,0,0,0,0,0,0,0,0,0,1.0,0.004412,0.0,0.000425,0.0,0.0,2e-06,9e-06,0.001452,0.0
gsv-chicago-5013-CurbRamp.png,chicago-il,5013,qFUYlsavkF207-YYJgkSzA,False,136.30662,0,0,0,0,0,0,0,0,0,0,0.0,0.0,0.0,1e-06,0.0,1e-06,0.0,0.0,5e-06,0.182929
gsv-chicago-4513-CurbRamp.png,chicago-il,4513,ALHTHu2GzL9mSWW-9-eC1Q,True,3.873452,0,0,0,0,0,0,0,0,0,0,1e-06,0.0,0.0,2e-06,0.0,7.2e-05,8e-06,0.0,3e-06,0.325621
gsv-chicago-26681-CurbRamp.png,chicago-il,26681,TQGWNAknkFeCqFwILmvkIg,False,130.568455,0,0,0,0,0,0,0,0,0,0,9e-06,0.0,0.0,1.2e-05,0.0,0.0,1.9e-05,0.0,0.749945,0.002507
gsv-chicago-28988-CurbRamp.png,chicago-il,28988,L-49xd-3qPUGEZlx-BzjsA,True,3.752252,0,0,0,0,0,0,0,0,0,0,0.000506,0.0,3.3e-05,0.0,0.0,3.2e-05,7e-06,0.0,0.895388,5e-06
gsv-chicago-1543-CurbRamp.png,chicago-il,1543,QuS_6RuJg1oIGSasguXZZg,True,1.491662,0,0,0,0,0,0,1,0,0,0,1e-06,0.0,0.0,3e-06,0.0,1.7e-05,4e-06,0.0,8.3e-05,1.2e-05
gsv-chicago-16931-CurbRamp.png,chicago-il,16931,qw_GPtjpTCKLF8g7BCJeyw,False,42.397496,1,0,0,0,0,0,0,0,0,0,1.0,2e-06,0.0,0.000468,0.0,1.8e-05,1e-06,1e-06,0.006084,0.0
gsv-chicago-14817-CurbRamp.png,chicago-il,14817,kXEgWjoWAbs02IACd-NPJA,True,7.766562,0,0,0,0,0,0,0,0,1,0,2e-06,0.0,0.000114,0.0,0.0,0.0,1e-06,0.0,3e-06,1e-06
gsv-chicago-15691-CurbRamp.png,chicago-il,15691,MKZeq_Jam1GlqYkEJ2pkPg,True,0.881424,0,0,0,0,0,0,0,0,0,0,0.0,3e-06,1e-06,0.0,0.0,1.7e-05,1e-06,0.0,2e-06,0.00124
gsv-chicago-22917-CurbRamp.png,chicago-il,22917,FbV9uQuRsqKHNHc7GXOImg,True,4.271741,1,0,0,0,0,0,0,0,1,0,0.999935,0.034543,2e-06,0.006798,0.0,1e-06,0.00019,7e-06,0.999998,1e-06
gsv-chicago-323-CurbRamp.png,chicago-il,323,DOnz0I7czqKqoasHFQ2jVw,True,3.04187,0,0,0,0,0,0,0,0,0,0,0.0,0.0,7e-06,0.0,0.0,1e-06,1e-06,0.0,0.0,0.000575
gsv-chicago-18751-CurbRamp.png,chicago-il,18751,q4iond99lLj9WmEhV6gDtA,False,105.959463,1,0,0,0,0,0,0,0,0,0,1.0,0.001107,0.00043,1e-06,0.0,3e-06,0.0,0.000136,1e-06,0.0
gsv-chicago-6503-CurbRamp.png,chicago-il,6503,lglzpvR35KFz4xmByz-low,True,1.276412,1,0,0,0,0,0,0,0,0,0,0.999999,0.986844,3e-06,8.1e-05,0.0,4.9e-05,2e-06,0.0,0.000135,0.0
gsv-chicago-12993-CurbRamp.png,chicago-il,12993,4qxiyKRniBNu9yexiys2HA,True,16.477145,0,1,1,0,0,0,0,0,1,0,1e-05,6e-06,0.099899,0.0,0.0,1e-06,0.0,0.0,0.000182,1e-06
gsv-chicago-2623-CurbRamp.png,chicago-il,2623,ts6P8ubSQ-lR3AcL0Hvbbg,True,0.308668,1,0,0,0,0,0,0,1,0,0,0.999987,0.952727,0.000155,0.0,0.0,0.0,1e-06,4.1e-05,0.000281,0.0
gsv-chicago-17819-CurbRamp.png,chicago-il,17819,vjHyCPlL-C81KXzPelyC8g,False,18.650023,1,0,0,0,0,0,0,0,0,0,1.0,0.000369,0.014493,0.0,0.0,0.000339,1e-06,0.001058,0.000173,0.0
gsv-chicago-11150-CurbRamp.png,chicago-il,11150,eony8I-lQmztSIlvbxEa8A,True,2.331084,0,0,0,0,0,0,0,0,1,0,0.0,0.000491,0.000897,2.3e-05,0.0,1e-06,0.0,1.7e-05,0.927413,0.998749
gsv-chicago-8413-CurbRamp.png,chicago-il,8413,KWuLCm9bVyHdX2lY7uJAUA,True,5.031748,1,0,0,0,0,0,0,0,0,0,0.934371,0.0,0.0,1e-06,0.0,0.0,1e-06,0.0,1e-06,0.0
gsv-chicago-19163-CurbRamp.png,chicago-il,19163,warGF5nU79bJKw7Q1bDahQ,True,1.473568,1,0,0,1,0,0,1,0,1,0,0.999998,6.7e-05,2e-06,0.992052,0.0,4e-06,0.311231,0.000214,0.00134,1e-06
gsv-chicago-22010-CurbRamp.png,chicago-il,22010,FzJqTvZgCiEjmg2h8FEZFA,False,88.465176,1,0,0,0,0,0,0,0,1,0,0.999306,2.8e-05,0.000308,0.985715,0.0,1e-06,0.000982,1e-05,0.994067,1e-06
gsv-chicago-858-CurbRamp.png,chicago-il,858,HsoLwdkC-ekN6vLDMlTrPg,True,1.460597,0,0,0,0,0,0,0,0,0,0,0.0,2.7e-05,0.0,0.000127,0.0,0.0,2e-06,1e-06,2.6e-05,0.910917
gsv-chicago-1196-CurbRamp.png,chicago-il,1196,iWP6uNjuU2xNPpL1Q1td5A,True,0.478816,0,0,0,0,0,0,0,0,0,0,2.6e-05,5e-06,0.0,0.0,0.0,0.0,3e-06,0.0,0.000251,1e-06
gsv-chicago-22856-CurbRamp.png,chicago-il,22856,i3HAmP-92cqFxVbVFqCYew,True,12.112817,1,0,0,0,0,0,0,0,1,0,0.999989,0.000235,3e-06,0.187593,0.0,5e-06,1e-06,1e-06,0.999682,0.0
gsv-chicago-21968-CurbRamp.png,chicago-il,21968,tipshsOG3_jP2c6rCOFmAA,False,304.326201,0,0,0,0,0,0,0,0,1,0,0.104737,0.0,0.0,2e-06,0.0,0.0,1.9e-05,0.0,0.001214,0.0
gsv-chicago-9659-CurbRamp.png,chicago-il,9659,MIoLA4vvLRYe5s8hZc8r4A,True,0.296315,1,0,0,0,0,0,0,0,0,0,0.999999,0.0,3.5e-05,1e-06,0.0,0.000244,0.0,1e-06,0.0,0.0
gsv-chicago-421-CurbRamp.png,chicago-il,421,Hf8qNhuvqnwoQDu2no73eA,False,42.73295,1,0,0,0,0,0,0,0,1,0,0.999997,1e-06,1e-06,1e-06,0.0,0.053079,2e-06,0.000314,0.001252,0.0
gsv-chicago-1375-CurbRamp.png,chicago-il,1375,c3WXKV5yKv8hrF_-KyrrsQ,True,1.098256,0,0,0,0,0,0,0,0,0,0,0.008251,0.0,0.0,3e-06,0.0,3.3e-05,2e-06,0.0,0.0,0.0
gsv-chicago-12900-CurbRamp.png,chicago-il,12900,3Xt3PMeWTZVzT7icLNnb6A,False,5.944942,1,1,0,0,0,0,0,0,0,0,0.99998,0.037111,0.0,0.696494,0.0,1e-06,1.3e-05,0.0,0.003568,0.0
gsv-chicago-801-CurbRamp.png,chicago-il,801,BHPMqaj6Y9nXeLH0dtg6EQ,True,2.211908,0,0,0,0,0,0,0,0,0,0,0.0,0.0,8.9e-05,0.0,0.0,0.000124,0.0,0.0,3e-05,0.016433
gsv-chicago-13667-CurbRamp.png,chicago-il,13667,MNYzwa_bOOFaTLUueMWZKw,True,15.067502,1,0,0,0,0,0,0,0,0,0,0.999987,0.006056,0.0,0.377724,0.0,0.0,6e-06,5.8e-05,0.0,0.0
gsv-chicago-13058-CurbRamp.png,chicago-il,13058,41zqvFRjWzqFXarNR9GdpQ,True,12.17096,0,0,0,0,0,0,0,0,0,0,2e-06,5e-06,0.0,0.0,0.0,0.0,0.0,0.0,0.000247,7e-06
gsv-chicago-17288-CurbRamp.png,chicago-il,17288,I-DrBfSs6SpUnVtsC1OyTg,False,262.399923,1,0,0,1,0,0,0,0,1,0,1.0,0.008075,0.000171,0.000403,0.0,0.0,1.5e-05,0.015666,0.555429,0.0
gsv-chicago-23130-CurbRamp.png,chicago-il,23130,T8hABaOqVlyv7Yrxey308Q,False,196.653706,0,0,0,0,0,0,0,0,0,0,0.0,3e-06,0.0,1e-06,0.0,1e-06,0.0,0.0,0.221563,0.089683
gsv-chicago-43044-CurbRamp.png,chicago-il,43044,km518SglbX0A5Xp6Myir_Q,True,5.176629,0,0,0,0,0,0,0,0,1,0,0.0,2e-06,0.0,1e-06,0.0,0.0,5e-06,0.0,0.00301,0.21359
gsv-chicago-2810-CurbRamp.png,chicago-il,2810,pfZQV9tFkXsKd9RoacU2Uw,True,5.968078,0,0,0,0,0,0,0,0,0,0,0.000336,0.0,9e-06,4.5e-05,0.0,0.0,2e-06,0.0,0.392044,5e-06
gsv-chicago-8068-CurbRamp.png,chicago-il,8068,1Kn6rJ7yPAK5IQUXnXKqcw,True,4.479973,0,0,0,0,0,0,0,0,0,0,0.0,0.127693,2.7e-05,1e-06,0.0,0.0,0.0,3e-06,9e-06,0.005184
gsv-chicago-2597-CurbRamp.png,chicago-il,2597,p0iWWrz6HL3MrabBYmmQRQ,True,1.389331,0,0,0,0,0,0,0,0,0,0,2e-06,0.0,1e-06,1.1e-05,0.0,3e-06,1e-05,1e-06,0.0,0.366988
gsv-chicago-2625-CurbRamp.png,chicago-il,2625,ts6P8ubSQ-lR3AcL0Hvbbg,True,0.755295,1,0,0,0,0,1,0,0,0,0,0.999936,0.0,0.0,0.01335,0.0,0.002636,1e-06,0.0,8.4e-05,0.0
gsv-chicago-12004-CurbRamp.png,chicago-il,12004,Vm8rl34BZVwkyPADxDyrGA,False,5.131855,1,0,0,0,0,0,0,1,0,0,1.0,0.372116,0.0,7.7e-05,0.0,4e-06,1e-06,0.000133,2.4e-05,0.0
gsv-chicago-6223-CurbRamp.png,chicago-il,6223,6UOoD5yEsXmE97xqXmk9hw,False,0.963314,0,0,0,0,0,0,0,0,0,0,2e-06,0.000197,0.0,0.000681,0.0,0.0,2.4e-05,1e-06,0.0,0.067574
gsv-chicago-3186-CurbRamp.png,chicago-il,3186,sacKXporS2UeudQp1DkwfQ,True,4.896418,0,0,0,0,0,0,0,0,0,0,5e-06,1e-06,0.0,0.0,0.0,0.0,2e-06,0.0,2e-06,3.7e-05
gsv-chicago-1562-CurbRamp.png,chicago-il,1562,oF8Bx0KvESGZSa3fiTFVpQ,True,10.247456,0,0,0,0,0,0,0,0,0,0,1e-06,0.0,0.0,1e-06,0.0,0.0,1e-06,0.0,3e-06,1.4e-05
gsv-chicago-11004-CurbRamp.png,chicago-il,11004,J9y93iBaGnzLtzM6mweYCg,True,5.131162,0,1,0,0,0,0,0,0,0,0,0.0,0.00035,7.9e-05,0.0,0.0,0.0,0.0,6e-06,0.533992,0.00213
gsv-chicago-17660-CurbRamp.png,chicago-il,17660,F4pT9KbqYr3foE2LILDS-A,True,3.591825,0,0,0,0,0,0,0,0,0,0,0.000791,7.7e-05,0.0,0.001409,0.0,6e-06,1e-06,0.0,0.941036,1e-06
gsv-chicago-14591-CurbRamp.png,chicago-il,14591,9lqtqW6KzlV1V-Pb3h0oUg,True,3.038944,1,1,1,0,0,0,0,0,1,0,1.0,1.6e-05,2e-06,0.076766,0.0,1e-06,6e-06,0.0,0.302859,0.0
gsv-chicago-14474-CurbRamp.png,chicago-il,14474,tHsJn_-1nzs40xiwllkGnw,False,235.664666,0,0,0,0,0,1,0,0,0,0,0.0,3e-06,0.0,3e-06,0.0,0.000501,1e-06,0.0,0.094549,0.000174
gsv-chicago-15829-CurbRamp.png,chicago-il,15829,9EWVOORXvPBw5epK33a9nQ,False,7.598499,0,0,0,0,0,0,0,0,1,0,0.0,0.000397,0.010248,3e-06,0.0,0.0,0.0,5e-06,0.615007,0.000572
gsv-chicago-1795-CurbRamp.png,chicago-il,1795,imLtFdfSoaOJKpy_sERmFw,True,4.303353,0,0,0,0,0,0,0,0,0,0,0.0,1e-05,3e-06,0.0,0.0,1e-06,1e-06,0.0,1e-06,0.000204
gsv-chicago-8520-CurbRamp.png,chicago-il,8520,DoIZZGha5-vFcKXok2-kog,False,18.6547,0,0,0,0,0,0,0,0,0,0,1.3e-05,1e-06,2e-06,0.007591,0.0,1e-06,1e-06,5e-05,1e-06,0.000167
gsv-chicago-21325-CurbRamp.png,chicago-il,21325,EoZ1_zaN6woe4G1Uzs-ibA,False,89.104387,1,0,0,0,0,0,0,0,0,0,0.999997,2e-06,0.0,7.7e-05,0.0,2e-06,2e-06,9e-06,0.0,0.0
gsv-chicago-4699-CurbRamp.png,chicago-il,4699,ufTaMDKgOWTLR0rJkYjDZg,True,11.101958,0,0,0,0,0,0,0,0,0,0,2e-06,0.008493,0.0,0.0,0.0,0.0,0.0,0.0,1.1e-05,0.001395
gsv-chicago-278-CurbRamp.png,chicago-il,278,WIFG819NSXAHDqENdvSYoA,True,14.369879,1,0,0,0,0,0,0,0,0,0,0.999984,0.000283,0.0,0.000101,0.0,8.4e-05,3e-06,0.0,0.063096,0.0
gsv-chicago-1932-CurbRamp.png,chicago-il,1932,oWDPiqRvozhPKT-qruTQuw,False,7.933841,0,0,0,0,0,0,0,0,0,0,3e-06,0.000641,1.7e-05,0.0,0.0,4e-06,1.3e-05,4e-06,3e-06,0.996577
gsv-chicago-8303-CurbRamp.png,chicago-il,8303,lYYbGGecrKwtDdPQm1fJNw,False,1.433901,0,0,0,0,0,0,0,0,0,0,0.0,3e-06,2e-06,0.0,0.0,0.007696,0.0,0.0,0.0,0.01278
gsv-chicago-11915-CurbRamp.png,chicago-il,11915,4UyHobJNIHDO4urT8MGfDQ,True,2.781416,0,0,0,0,0,0,0,0,1,0,0.999849,0.000526,0.001485,0.000187,0.0,1.8e-05,2e-05,0.0,0.992039,0.0
gsv-chicago-1294-CurbRamp.png,chicago-il,1294,3ru1HOaSw806Q2utiaTqsQ,False,12.960883,1,0,0,0,0,0,0,0,0,0,0.999926,0.0,0.0,0.0,0.0,2e-06,1e-06,0.0,0.0,0.0
gsv-chicago-10567-CurbRamp.png,chicago-il,10567,A36bUfZJdwf286MN_7NTww,True,0.63637,0,0,0,0,0,0,0,0,0,0,2e-06,3.9e-05,0.0,2e-06,0.0,5e-06,1e-06,3.1e-05,2.3e-05,0.001535
gsv-chicago-10582-CurbRamp.png,chicago-il,10582,xgRucvpdjM9B6Yoxv3ztOw,True,0.616878,1,0,0,0,0,0,0,0,0,0,0.999995,3e-06,4e-06,7.5e-05,0.0,2.3e-05,3e-06,0.597082,0.000156,1e-06
gsv-chicago-2064-CurbRamp.png,chicago-il,2064,ksPI0MQEvQUPFrwz52ZNWg,True,5.257646,0,0,0,0,0,0,0,0,0,0,0.0,3e-06,0.0,4e-06,0.0,0.0,0.0,0.0,5e-06,0.000125
gsv-chicago-7447-CurbRamp.png,chicago-il,7447,8B0EpeL4V8QdSm_zaurMnw,True,1.853636,0,0,0,0,0,0,0,0,0,0,1e-06,0.0,0.0,3.4e-05,0.0,5.7e-05,5.3e-05,0.0,3e-06,0.000127
gsv-chicago-16343-CurbRamp.png,chicago-il,16343,iE-Q0S-jqZCaAKlTjZE73w,False,92.442594,0,0,0,0,0,0,0,0,1,0,1.4e-05,2e-06,0.000108,0.0,0.0,1e-06,1e-06,0.0,0.999706,0.000849
gsv-chicago-17953-CurbRamp.png,chicago-il,17953,1yJopPkx663C5feYvt00XQ,False,143.964655,1,0,0,0,0,0,0,0,0,0,1.0,0.000145,4e-06,0.000361,0.0,0.018735,3e-06,0.020618,0.785756,0.0
gsv-chicago-8533-CurbRamp.png,chicago-il,8533,jlqEJhCsDyJX6DYiI-18ZQ,False,44.857942,1,0,0,0,0,0,0,0,0,0,1.0,0.000101,3.8e-05,0.000477,0.0,0.0,0.0,8.1e-05,8.7e-05,0.0
gsv-chicago-2759-CurbRamp.png,chicago-il,2759,-wmETaoMR3HSM1y2OeLYuw,True,1.288759,0,0,0,0,0,0,0,0,0,0,0.0,0.010727,1e-06,8e-06,0.0,0.0,3e-06,0.0,0.203515,0.496683
gsv-chicago-22660-CurbRamp.png,chicago-il,22660,XJ36CRCjhu3_X6pGcCl_dw,True,5.617034,0,0,0,0,0,0,0,0,0,0,0.0,0.0,5e-06,0.0,0.0,0.0,2e-06,0.0,4e-06,1.2e-05
gsv-chicago-22656-CurbRamp.png,chicago-il,22656,xZhxBQ98eE8kWVSVNl05UQ,True,3.394861,0,0,0,0,0,0,0,0,0,0,0.0,0.0,0.0,0.0,0.0,0.00012,1e-06,0.0,1e-06,0.005217
gsv-chicago-13319-CurbRamp.png,chicago-il,13319,fs9ITJxzB-WTOY8BtZCBtw,False,8.859863,0,0,0,0,0,0,0,0,0,0,0.0,2e-06,1.7e-05,1e-06,0.0,0.000487,1e-06,0.0,0.0,0.004712
gsv-chicago-1059-CurbRamp.png,chicago-il,1059,C-A3jPmjdQ68eDTbHY0u8w,True,0.925327,0,0,0,0,0,1,0,0,0,0,0.0,2e-06,1e-05,0.0,0.0,0.001565,0.0,0.0,1e-06,0.012015
gsv-oradell-13024-CurbRamp.png,oradell-nj,13024,-iWesS5AnwdZBoxmXsQlig,True,0.513352,0,0,0,0,0,0,0,0,0,0,2e-06,0.0,7.3e-05,8e-06,0.0,0.999629,1.1e-05,0.0,0.0,0.013532
gsv-oradell-5376-CurbRamp.png,oradell-nj,5376,Plod_Bczotk1JkprGgovUQ,False,2.724963,0,0,0,0,0,0,0,0,0,0,1.2e-05,2e-06,0.0,2.1e-05,0.0,0.945657,4e-06,0.0,0.0,0.000105
gsv-oradell-10413-CurbRamp.png,oradell-nj,10413,8HubUx5JygSByx4GcQVeDw,True,1.079385,0,0,0,0,0,0,0,0,0,0,0.0,0.0,0.0,0.000328,0.0,0.000414,1e-06,0.0,0.0,0.002801
gsv-oradell-10954-CurbRamp.png,oradell-nj,10954,pWBlI8BJfv5rJCnTyja_oQ,True,10.087289,0,0,0,0,0,0,0,0,0,0,1e-05,1.1e-05,0.0,1e-06,0.0,0.0,0.0,0.0,1e-06,2e-06
gsv-oradell-9783-CurbRamp.png,oradell-nj,9783,SgiiK4Vuqhv6fQVAehhgrg,True,2.810246,0,0,0,0,0,0,0,0,0,0,8e-06,4e-06,0.0,0.0,0.0,1e-06,5e-06,0.0,0.0,0.0
gsv-oradell-10538-CurbRamp.png,oradell-nj,10538,4AEneKHQ8kVqV-r0FEPqKA,True,1.222486,0,0,0,0,0,0,0,0,0,0,3e-06,0.0,7.8e-05,0.0,0.0,0.0,0.0,0.0,4e-06,2e-06
gsv-oradell-7464-CurbRamp.png,oradell-nj,7464,1ABuIDf8TYLcUIsLfVPJnQ,False,17.673324,0,0,0,0,0,0,0,0,0,0,1e-06,0.0,9e-06,0.0,0.0,0.0,0.0,0.0,1.8e-05,0.0
gsv-oradell-1868-CurbRamp.png,oradell-nj,1868,nY2lHD9jgvi05vJpK5B5hA,True,10.988077,1,0,0,0,0,0,0,0,0,0,0.99992,0.0,0.000154,0.0,0.0,0.00305,0.0,0.0,0.0,0.0
gsv-oradell-10792-CurbRamp.png,oradell-nj,10792,MH2xP8GPw3m3jh19sLr_4g,True,1.80328,1,0,0,0,0,1,0,0,0,0,0.999907,0.0,0.0,1e-06,0.0,1e-06,3e-06,0.0,6e-06,0.0
gsv-oradell-9812-CurbRamp.png,oradell-nj,9812,2csrWHB_KXe0n6TB-LH6UA,True,1.68033,0,0,0,0,0,0,0,0,0,0,0.0,3e-06,1e-06,2e-06,0.0,1e-06,0.0,0.0,2e-06,0.604748
gsv-oradell-12597-CurbRamp.png,oradell-nj,12597,Jx_vNkRz0JAdTL4hxupiyA,True,15.40173,0,0,0,0,0,1,0,0,0,0,5e-06,0.0,0.0,2e-06,0.0,2.2e-05,3e-06,0.0,0.0,3.8e-05
gsv-oradell-292-CurbRamp.png,oradell-nj,292,7fWsh-9umUYpoWoBqhkY_g,True,0.580405,0,0,0,0,0,0,0,0,0,0,0.0,0.0,3e-06,0.0,0.0,1.3e-05,0.0,0.0,0.0,3e-06
gsv-oradell-7796-CurbRamp.png,oradell-nj,7796,965HZJH63-ZPkCXg_meUAQ,True,1.758022,0,0,0,0,0,0,0,0,0,0,4e-06,0.0,0.157987,0.0,0.0,2e-06,1e-06,0.0,2e-06,9e-06
gsv-oradell-2713-CurbRamp.png,oradell-nj,2713,CV_1EUzjNFCGghWa-Q-OWw,False,1.673527,1,0,0,1,0,0,0,0,0,0,0.985188,0.0,5e-06,7e-06,0.0,1e-06,1e-06,0.0,0.0,0.0
gsv-oradell-9919-CurbRamp.png,oradell-nj,9919,M7qsCXmx-Q2rZn_JMpz8Rw,True,0.921737,1,0,0,0,0,0,0,0,0,0,0.999993,3.3e-05,1e-06,1e-06,0.0,1e-06,1e-06,0.0,0.0,0.0
gsv-oradell-7100-CurbRamp.png,oradell-nj,7100,v0CjnfdBjlRXFP-aI--sHA,False,9.204631,1,1,0,0,0,0,0,0,0,0,0.999999,1e-06,0.005353,6e-05,0.0,0.0,1e-06,0.0,0.000272,0.0
gsv-oradell-8020-CurbRamp.png,oradell-nj,8020,o33NvzKcl3rvH9dJnyrYWg,True,13.940036,0,0,0,0,0,0,0,0,0,0,0.0,5.1e-05,0.0,9e-06,0.0,0.690797,0.0,0.0,0.0,0.322967
gsv-oradell-7516-CurbRamp.png,oradell-nj,7516,SEA8E9NCDnPzm8cKa9AXcA,True,2.392568,0,0,0,0,0,1,0,0,0,0,0.0,0.0,0.0,7e-06,0.0,0.001173,1e-06,0.0,0.0,0.00013
gsv-oradell-6570-CurbRamp.png,oradell-nj,6570,KcQtTMkI-Qf9XL34TL-I5Q,True,1.149029,0,0,0,0,0,0,0,0,0,0,0.0,0.0,2e-06,0.0,0.0,0.703431,0.0,0.0,1e-06,0.000363
gsv-oradell-7131-CurbRamp.png,oradell-nj,7131,YIh7k8LyOOPqO3tsXk-Xtw,True,10.676168,0,0,0,0,0,0,0,0,0,0,0.0,2e-06,0.0,0.00086,0.0,3e-06,2e-06,0.0,2e-06,0.588435
gsv-oradell-7558-CurbRamp.png,oradell-nj,7558,mGT7fAQKhQB8Wgt-Ik9HEA,False,1.332809,0,0,0,0,0,0,0,0,0,0,1e-06,3e-06,0.0,0.0,0.0,0.004927,1e-06,0.0,1.9e-05,1e-06
gsv-oradell-7620-CurbRamp.png,oradell-nj,7620,vdxEYjKhsC-Vo_gM8VbQTw,True,11.270545,0,0,0,0,0,0,0,0,0,0,4e-06,2.8e-05,0.0,4e-06,0.0,0.0,1e-06,0.0,0.0,0.000181
gsv-oradell-13571-CurbRamp.png,oradell-nj,13571,mpu3kr0sILyE1rUNM2R8QQ,False,1.384834,0,0,0,0,0,0,0,0,1,0,1e-06,1e-06,0.000156,0.0,0.0,0.0,5e-06,0.0,2.5e-05,5e-06
gsv-oradell-10863-CurbRamp.png,oradell-nj,10863,hPk34qAFNAPCirL0UmJ0XQ,True,1.709556,1,0,0,0,0,0,0,0,1,0,0.999997,0.952244,2e-06,0.0,0.0,1.9e-05,0.0,0.0,0.020047,0.0
gsv-oradell-27-CurbRamp.png,oradell-nj,27,7pDHlqVEtaIL-DbjuR-Bwg,True,0.329824,0,0,0,0,0,0,0,0,1,0,1e-06,1e-06,0.0,2.6e-05,0.0,0.007247,0.000187,0.0,3e-06,5.5e-05
gsv-oradell-7109-CurbRamp.png,oradell-nj,7109,N5TDrl0L3_YOexCEjitUnw,False,21.451618,0,0,0,0,0,0,0,0,0,0,0.0,1e-06,8e-06,4e-06,0.0,1e-06,1e-06,0.0,5e-06,0.000191
gsv-oradell-4547-CurbRamp.png,oradell-nj,4547,bDhb0R_h0ibh-y_tz72Gvg,True,2.080285,0,0,0,0,0,1,0,1,0,0,7e-06,5.4e-05,0.0,4e-06,0.0,0.000217,1e-06,0.0,0.0,0.0
gsv-oradell-5092-CurbRamp.png,oradell-nj,5092,RqzOXjIj2iMSjR3hGnK_RA,True,1.355246,0,0,0,0,0,1,0,0,0,0,0.0,2e-06,0.046706,1.2e-05,0.0,0.0,4.1e-05,2e-06,8e-06,0.000123
gsv-oradell-4528-CurbRamp.png,oradell-nj,4528,WHtZA2BFB8VHuApP90dFXw,True,0.469682,0,0,0,0,0,0,0,0,0,0,0.0,1e-06,3e-06,1e-06,0.0,0.0,1e-06,0.0,0.0,0.000199
gsv-oradell-7744-CurbRamp.png,oradell-nj,7744,ahfUc3pi5e3DktcEB0xK0Q,True,10.891166,0,0,0,0,0,0,0,0,0,0,1e-06,0.0,0.0,0.0,0.0,5.7e-05,1e-06,0.0,2e-06,0.000123
gsv-oradell-11659-CurbRamp.png,oradell-nj,11659,gGc0Kla0zhthQyW1O8WwVA,True,0.264427,0,0,0,0,0,0,0,0,0,0,0.0,2e-06,0.000159,1.4e-05,0.0,0.0,3e-06,2e-06,1.3e-05,0.046574
gsv-oradell-994-CurbRamp.png,oradell-nj,994,VvBqFhuEBYI8UIFLLbUnUQ,True,3.35552,1,0,0,0,0,0,0,0,0,0,0.875901,0.0,0.0,0.006934,0.0,3e-06,1e-06,0.0,2e-06,1e-06
gsv-oradell-8733-CurbRamp.png,oradell-nj,8733,QPuv83i5Lqe8CfY5nAOdzw,False,0.653964,0,0,0,0,0,0,0,0,1,0,0.999226,3e-06,0.0,0.308978,0.0,4.7e-05,9e-05,0.0,0.262037,3e-06
gsv-oradell-7151-CurbRamp.png,oradell-nj,7151,Tu5MN4i-9qVTV2F-Hv7cMw,True,3.265178,0,0,0,0,0,0,0,0,0,0,0.0,0.001204,2e-06,3.2e-05,0.0,6e-06,0.0,1e-06,0.0,0.941934
gsv-oradell-12759-CurbRamp.png,oradell-nj,12759,847Jwthl8__ay-7CJ5uTTw,False,19.352025,0,0,0,0,0,0,0,0,0,0,0.0,2e-06,0.003155,0.0,0.0,0.000109,0.0,0.0,1e-06,1e-06
gsv-oradell-4521-CurbRamp.png,oradell-nj,4521,WHtZA2BFB8VHuApP90dFXw,True,0.945712,0,0,0,0,0,0,0,0,0,0,7e-06,0.0,0.017392,0.0,0.0,0.000841,0.0,0.0,0.0001,3.1e-05
gsv-oradell-8710-CurbRamp.png,oradell-nj,8710,3FGtkzuXbvbaq-WdMrO7-g,True,1.495479,0,0,0,0,0,0,0,0,0,0,6.1e-05,0.0,4e-06,9.8e-05,0.0,0.0,1e-06,0.0,0.981847,6e-06
gsv-oradell-8714-CurbRamp.png,oradell-nj,8714,3FGtkzuXbvbaq-WdMrO7-g,True,0.894207,0,0,0,0,0,0,0,1,0,0,0.0,0.0,0.000167,0.0,0.0,9e-06,0.0,0.0,0.009025,5.7e-05
gsv-oradell-5316-CurbRamp.png,oradell-nj,5316,NpVZC7_KBzPgCHkOo1F4Lw,True,2.863834,0,0,0,0,0,0,0,0,0,0,0.0,0.009732,0.00354,0.0,0.0,0.0,1e-06,0.0,0.000163,0.019823
gsv-oradell-5775-CurbRamp.png,oradell-nj,5775,86piZjCqvmkihWnjxEc7XQ,True,1.438501,0,0,0,0,0,0,0,0,0,0,0.0,0.0,5.1e-05,0.0,0.0,4e-06,0.0,0.0,0.000119,1.3e-05
gsv-oradell-8711-CurbRamp.png,oradell-nj,8711,3FGtkzuXbvbaq-WdMrO7-g,True,0.84187,0,0,0,0,0,0,0,0,1,0,0.003968,2e-06,0.0,1e-06,0.0,4e-06,1e-06,0.0,0.976442,1e-06
gsv-oradell-2907-CurbRamp.png,oradell-nj,2907,3FGtkzuXbvbaq-WdMrO7-g,True,0.650722,0,0,0,0,0,1,0,0,0,0,3.3e-05,0.0,0.000852,3e-06,0.0,0.999948,0.0,0.0,0.007582,0.000316
gsv-oradell-6233-CurbRamp.png,oradell-nj,6233,zRg8WWh34Gol7pcRR6MDMg,True,0.410107,0,0,0,0,0,0,0,0,0,0,0.0,2e-05,2e-06,1e-06,0.0,2e-06,0.0,0.0,0.0,6.9e-05
gsv-oradell-11634-CurbRamp.png,oradell-nj,11634,PcN81gBs-KsV9PPwKIgp4Q,True,3.412535,0,0,0,0,0,0,0,0,0,0,1e-06,0.00026,4e-06,0.0,0.0,0.0,1e-06,0.0,4e-06,1e-06
gsv-oradell-12691-CurbRamp.png,oradell-nj,12691,AK0xN_YlwcXiXk9BQlcSeA,True,0.177841,0,0,0,0,0,0,0,0,0,0,1e-06,0.0,0.0,1e-06,0.0,7.1e-05,1e-06,0.0,0.0,2e-06
gsv-oradell-5282-CurbRamp.png,oradell-nj,5282,q8hbLX_t3FKvIEwPeQUazg,True,11.368231,0,0,0,0,0,0,0,0,0,0,0.0,0.0,1e-05,1e-06,0.0,0.008571,1e-06,0.0,0.0,0.000153
gsv-oradell-8742-CurbRamp.png,oradell-nj,8742,3NbMy3pAgCsvIeEl6k6kxA,True,1.441246,0,0,1,0,0,0,0,0,0,0,0.0,8e-06,0.000601,0.000121,0.0,0.272961,0.0,0.0,0.45648,0.0191
gsv-oradell-8729-CurbRamp.png,oradell-nj,8729,-UJ2JiYO5oVaP2E63BFdDg,False,6.15438,0,0,0,0,0,0,0,0,1,0,0.0,3e-05,1.9e-05,0.0,0.0,0.0,1.5e-05,0.0,0.838926,8e-06
gsv-oradell-9235-CurbRamp.png,oradell-nj,9235,J5eDWl45Kp7xEqsI174vug,True,0.218346,0,0,0,0,0,0,0,0,0,0,2e-06,0.0,0.0,0.0,0.0,0.005218,1e-06,0.0,0.000249,1e-06
gsv-oradell-6567-CurbRamp.png,oradell-nj,6567,KcQtTMkI-Qf9XL34TL-I5Q,True,1.48354,0,0,0,0,0,0,0,0,0,0,6e-06,0.0,1.8e-05,1e-06,0.0,1.8e-05,2e-06,0.0,0.0,2e-06
gsv-oradell-6332-CurbRamp.png,oradell-nj,6332,t5ODPIU3DvDRxYoe_aVg9A,True,1.187686,0,0,0,0,0,0,0,0,0,0,2e-06,0.0,5.4e-05,4e-06,0.0,0.003063,3.6e-05,1e-06,0.0,6e-06
gsv-oradell-6269-CurbRamp.png,oradell-nj,6269,AEy2NXoe1605WMJeXsed-Q,True,0.430072,0,0,0,0,0,0,0,0,0,0,1e-06,0.0,7.9e-05,0.0,0.0,0.089717,0.0,0.0,0.0,1e-06
gsv-oradell-6566-CurbRamp.png,oradell-nj,6566,KcQtTMkI-Qf9XL34TL-I5Q,True,0.626303,0,0,0,0,0,0,0,0,0,0,1e-06,0.0,0.0,2e-06,0.0,2e-06,0.0,0.0,4.5e-05,2e-06
gsv-oradell-9440-CurbRamp.png,oradell-nj,9440,6yHkGrTkWyOoDUfjObmEUw,True,1.188321,0,0,0,0,0,0,0,0,0,0,2e-06,0.0,0.0,1e-06,0.0,0.0,1e-06,0.0,3e-06,4.4e-05
gsv-oradell-6424-CurbRamp.png,oradell-nj,6424,JfIfvCtcdVwiFD8c4MpYjQ,True,0.509969,0,0,0,0,0,1,0,0,0,0,6e-06,0.000121,3e-06,1e-06,0.0,0.0,0.0,0.0,2e-05,0.0
gsv-oradell-13062-CurbRamp.png,oradell-nj,13062,d9PHQRZ3EHxbkUIYr2JAuw,False,10.41946,0,0,0,0,0,0,0,0,0,0,0.0,0.000673,0.0,0.002268,0.0,1e-06,1.6e-05,1e-06,0.0,0.006745
gsv-oradell-6838-CurbRamp.png,oradell-nj,6838,TyULFww2rAxw2eMujDvAyg,True,0.171556,0,0,0,0,0,0,0,0,0,0,1e-06,0.0,0.00062,1e-06,0.0,2e-06,0.0,0.0,5e-06,2e-06
gsv-oradell-7978-CurbRamp.png,oradell-nj,7978,xJ2f34APycshsGngHZ7GEg,False,0.668635,1,0,0,0,0,0,1,0,1,0,1.0,5.2e-05,0.019634,0.003675,0.0,3e-06,0.007902,0.00011,0.024569,0.0
gsv-oradell-10828-CurbRamp.png,oradell-nj,10828,OReSwXZl0iXWOeGTeWT_ng,True,3.348295,0,0,0,0,0,0,0,0,0,0,1e-06,4e-06,0.0,1e-06,0.0,2e-06,3e-06,0.0,0.0,1e-06
gsv-oradell-10290-CurbRamp.png,oradell-nj,10290,M0i7jbALvNl63v6MVq068A,True,12.416798,0,0,0,0,0,0,0,0,0,0,1e-06,0.0,0.0,0.0,0.0,0.015484,1e-06,0.0,1e-06,1e-06
gsv-oradell-2501-CurbRamp.png,oradell-nj,2501,DkVVlYwwTWPW3rompl4PuQ,False,1.364469,0,0,0,0,0,0,0,0,0,0,1e-06,4.8e-05,4.7e-05,0.0,0.0,2e-06,3e-06,0.0,2e-06,1e-06
gsv-oradell-12757-CurbRamp.png,oradell-nj,12757,WfqqegqKzytGii9tnXkryg,False,30.448147,0,0,0,0,0,0,0,0,0,0,3e-06,0.0,0.000119,0.0,0.0,0.013245,0.0,0.0,0.943034,0.001204
gsv-oradell-7129-CurbRamp.png,oradell-nj,7129,zeTMFIvN2R1ddGwceq_4mA,True,11.344024,0,0,0,0,0,0,0,0,0,0,0.0,5e-06,1e-06,1e-06,0.0,0.0,0.0,0.0,0.0,0.000151
gsv-oradell-86-CurbRamp.png,oradell-nj,86,kSTp7V4zT0SATtNj-R34IA,True,12.993083,0,0,0,0,0,0,0,0,0,0,1.6e-05,0.0,0.0,0.0,0.0,0.00027,1e-06,0.0,0.0,0.0
gsv-oradell-6575-CurbRamp.png,oradell-nj,6575,2yU4Dr2Iw3DK72NRjvau-Q,True,0.189218,0,0,0,0,0,0,0,0,0,0,1.3e-05,0.0,7.7e-05,2e-06,0.0,0.999596,0.0,0.0,3e-06,1.7e-05
gsv-oradell-11620-CurbRamp.png,oradell-nj,11620,tZAqSWQPUcQElypfDmLYJA,True,3.62678,0,0,0,0,0,0,0,0,0,0,2e-06,0.0,0.0,2e-06,0.0,3e-06,1e-05,0.0,0.0,0.000124
gsv-oradell-1961-CurbRamp.png,oradell-nj,1961,ynYcrmgD-JtF5xkOoBczRQ,False,1.192343,1,0,0,0,0,1,0,0,0,0,0.999999,8e-06,0.005072,1e-06,0.0,1e-06,2e-06,1e-06,0.0,0.0
gsv-oradell-11427-CurbRamp.png,oradell-nj,11427,vq0f0Rzo2J6-yrDg0XIjxg,False,1.580365,1,0,0,0,0,0,0,0,0,0,0.999997,6.9e-05,0.995013,4e-06,0.0,0.002294,1e-06,2e-06,1e-06,0.0
gsv-oradell-11993-CurbRamp.png,oradell-nj,11993,xE26-6xdmicsrWioEz8asw,True,0.825208,0,1,0,0,0,0,0,0,0,0,1e-06,7e-06,5e-06,0.0,0.0,0.0,6e-06,0.0,3e-06,0.0
gsv-oradell-9439-CurbRamp.png,oradell-nj,9439,6yHkGrTkWyOoDUfjObmEUw,True,1.643819,0,0,0,0,0,0,0,0,0,0,0.0,0.0,0.0,1.2e-05,0.0,2.4e-05,2e-06,1e-06,2e-06,0.923245
gsv-oradell-12674-CurbRamp.png,oradell-nj,12674,4W3RvHftY4nHTfmKNgiI7g,True,9.17524,0,0,0,0,0,0,0,0,0,0,5.8e-05,0.0,0.0,3e-06,0.0,0.006053,4e-06,0.0,0.0,1e-06
gsv-oradell-2972-CurbRamp.png,oradell-nj,2972,oKmBWSI2kdmMPyhsqOPrWg,True,0.578319,0,0,0,0,0,0,0,0,0,0,0.0,2e-06,0.000307,0.0,0.0,0.000112,0.0,0.0,0.0,1e-06
gsv-oradell-4559-CurbRamp.png,oradell-nj,4559,wKcl5yL2TcoAdKexbILpHg,True,4.504381,0,0,0,0,0,0,0,0,0,0,3e-06,0.000354,0.032242,0.0,0.0,0.739792,1e-06,0.0,0.002261,0.000108
gsv-oradell-13317-CurbRamp.png,oradell-nj,13317,8dbHzAgvDzD-bixgfB36oA,False,2.40891,0,0,0,0,0,0,0,0,0,0,1e-06,2e-06,0.0,8e-05,0.0,0.0,4.7e-05,0.0,1.4e-05,7e-06
gsv-oradell-1046-CurbRamp.png,oradell-nj,1046,svQ80kJTaYwDQpocO8yYLw,True,1.478208,0,0,0,0,0,0,0,0,0,0,0.0,4e-06,0.008101,1e-06,0.0,0.01115,0.0,0.0,0.0,0.000602
gsv-oradell-5248-CurbRamp.png,oradell-nj,5248,cyPfiEDfj_E7ad6dcviM-A,True,0.635724,0,0,0,0,0,0,0,0,0,0,0.0,1e-06,4e-06,2e-06,0.0,0.000563,0.0,0.0,0.0,0.004817
gsv-oradell-11665-CurbRamp.png,oradell-nj,11665,49cbvrRSrObGF9sIDL2Z_w,True,0.39063,0,0,0,0,0,0,0,0,0,0,0.0,0.000153,0.0,0.0,0.0,0.000378,1e-06,0.0,0.0,2e-06
gsv-oradell-8553-CurbRamp.png,oradell-nj,8553,w9utmg0yjqShwFwnSeF_ow,True,0.224091,1,0,0,0,0,0,0,0,0,0,0.999879,0.0,1e-06,0.0,0.0,0.000589,1e-06,0.0,1e-06,0.0
gsv-oradell-7334-CurbRamp.png,oradell-nj,7334,OsnFqsnJouJ5orcuFJVOBQ,True,0.390838,0,0,0,0,0,0,0,0,0,0,2e-06,1e-06,0.0,1e-06,0.0,5e-06,1e-06,0.0,1e-06,2e-06
gsv-oradell-3875-CurbRamp.png,oradell-nj,3875,s_Gaw7HFn_AvyjmqNqDguQ,True,0.338725,0,0,0,0,0,0,0,0,0,0,1.6e-05,1.3e-05,0.0,3e-06,0.0,0.002825,0.036504,0.0,7e-06,1e-06
gsv-oradell-13507-CurbRamp.png,oradell-nj,13507,v8UBjukbeiUWbj4LdvDosQ,True,0.484515,1,0,0,0,0,0,0,0,0,0,0.0,3e-06,0.000688,0.0,0.0,0.803141,0.0,0.0,1e-06,1.3e-05
gsv-oradell-331-CurbRamp.png,oradell-nj,331,bRavpDebvmJu21pOs9smNw,True,0.868146,0,0,0,0,0,0,0,0,0,0,0.0,3e-06,1e-06,0.0,0.0,0.00201,1e-06,0.0,0.0,1e-06
gsv-oradell-146-CurbRamp.png,oradell-nj,146,bG4FoWBr0lgFvkupJTSgfw,True,0.342403,0,0,0,0,0,0,0,0,0,0,0.0,1e-06,0.0,1e-06,0.0,2e-06,3e-06,0.0,5e-06,6e-06
gsv-oradell-11524-CurbRamp.png,oradell-nj,11524,iUxt7QZkhSNSW6TERmeO9g,True,0.825507,1,0,0,0,0,0,0,0,1,0,0.999999,0.0,1e-06,0.003391,0.0,0.760561,7e-06,1.6e-05,0.00079,0.0
gsv-oradell-9975-CurbRamp.png,oradell-nj,9975,TQVX9nFzWdQUeQ7GaRlDBQ,False,2.747055,0,0,0,0,0,0,0,0,0,0,1e-06,0.002453,4.1e-05,2.9e-05,0.0,0.0,0.004844,5.8e-05,0.002499,4e-06
gsv-oradell-3673-CurbRamp.png,oradell-nj,3673,1ZIwj2E5teah29eI8FvRCA,False,7.841946,0,0,0,0,0,0,0,0,0,0,1e-06,0.0,2.1e-05,0.000776,0.0,0.0,0.0,0.0,9.1e-05,1.4e-05
gsv-oradell-12997-CurbRamp.png,oradell-nj,12997,8PwMN69iJsz7Ez6FT2ZxDg,False,2.281668,0,1,0,0,0,0,0,0,0,0,0.0,1.1e-05,1.6e-05,3e-06,0.0,0.0,0.0,0.0,0.0,0.001294
gsv-oradell-7641-CurbRamp.png,oradell-nj,7641,horGB-uP7J0CUC_e82LGAg,True,2.156312,0,0,0,0,0,0,0,0,0,0,1e-06,4e-05,0.0,1e-06,0.0,0.0,0.0,0.0,2e-06,3.1e-05
gsv-oradell-8883-CurbRamp.png,oradell-nj,8883,nnkwj8pfqlm4FgXYhvhVQA,False,1.039418,1,0,0,0,0,0,1,0,0,0,1.0,1.4e-05,4.2e-05,3e-06,0.0,0.001041,2e-06,0.0,3e-06,0.0
gsv-oradell-6082-CurbRamp.png,oradell-nj,6082,E1w3XpO0BadwWKxkSFdphA,True,1.555472,1,0,0,0,0,0,0,0,0,0,1.0,8e-06,4e-06,5e-06,0.0,2e-05,1e-06,1e-06,0.0,0.0
gsv-oradell-5252-CurbRamp.png,oradell-nj,5252,KcQtTMkI-Qf9XL34TL-I5Q,True,0.744799,0,0,0,0,0,1,0,0,0,0,2e-06,1e-06,3.3e-05,1.1e-05,0.0,0.002987,0.0,0.0,7e-06,0.0
gsv-oradell-3057-CurbRamp.png,oradell-nj,3057,W5CYi_YcyY8ZS_TTukttyQ,True,1.281819,0,0,0,0,0,0,0,0,0,0,0.000424,0.0,0.0,6e-06,0.0,0.000154,0.0,0.0,1e-06,1.5e-05
gsv-oradell-11502-CurbRamp.png,oradell-nj,11502,rwyRkcoQHI8GnkmQ8_Qm7g,True,15.182117,0,0,0,0,0,0,0,0,0,0,4.6e-05,0.0,0.0,1.1e-05,0.0,1e-06,2e-06,0.0,1e-06,0.0
gsv-oradell-7535-CurbRamp.png,oradell-nj,7535,y31kfdriiuq_rswSYtm50Q,False,0.587678,0,0,0,0,0,0,0,0,0,0,0.0,1e-06,1e-05,1e-06,0.0,1.3e-05,0.0,0.0,0.0,0.000109
gsv-oradell-8557-CurbRamp.png,oradell-nj,8557,hQRpLlqRrw2CgT_vYwebXQ,True,0.263306,1,0,0,0,0,0,0,0,0,0,0.999994,0.0,0.005397,1e-06,0.0,3e-06,1e-06,0.0,2e-06,0.0
gsv-oradell-7782-CurbRamp.png,oradell-nj,7782,eSdYK4lOaT3scj6IBWnKJw,True,15.02563,0,0,0,0,0,0,0,0,1,0,1e-06,6e-06,6.3e-05,0.0,0.0,0.255004,0.0,0.0,0.0,4.1e-05
gsv-oradell-3215-CurbRamp.png,oradell-nj,3215,IcJo1nG_VoPa4rNff_P8uA,True,1.168544,0,0,1,0,0,1,0,0,1,0,0.004404,0.0,0.0,0.0,0.0,0.003628,4e-06,0.0,0.000202,0.0
gsv-oradell-1030-CurbRamp.png,oradell-nj,1030,izRnEqR6apYhC6tXAl1LHA,False,6.980509,0,0,0,0,0,0,0,0,0,0,0.0,0.0,8e-06,0.0,0.0,3e-06,0.0,0.0,4.1e-05,1.7e-05
gsv-oradell-11661-CurbRamp.png,oradell-nj,11661,gGc0Kla0zhthQyW1O8WwVA,True,0.417706,0,0,0,0,0,1,0,0,0,0,2e-06,0.0,3e-06,1e-06,0.0,0.168264,1e-06,0.0,0.0,1e-06
gsv-oradell-7636-CurbRamp.png,oradell-nj,7636,bcRDv3bRFF7TQgmUmtuXQQ,True,12.09051,0,0,0,0,0,0,0,0,0,0,1e-06,0.001135,4e-06,2e-06,0.0,0.0,2e-06,0.0,1e-06,2e-06
gsv-oradell-6236-CurbRamp.png,oradell-nj,6236,vTCn4r2dBR6gzsTSqNDzsA,False,0.490874,0,0,0,0,0,0,0,0,0,0,0.0,0.0,1e-06,1e-06,0.0,0.0,1e-06,1e-06,0.0,0.000198
gsv-oradell-7355-CurbRamp.png,oradell-nj,7355,e_O4HDMXImOmCpbNJLlj2Q,True,12.354689,1,0,0,0,0,0,0,0,1,0,1.0,8e-05,0.000334,0.0,0.0,1.6e-05,3e-06,4e-06,0.000187,0.0
gsv-oradell-7541-CurbRamp.png,oradell-nj,7541,_1YdauaXDnSOKO2HqnIyoA,False,15.015746,0,0,0,0,0,0,0,0,0,0,0.0,0.002111,0.007687,0.0,0.0,0.0,1e-06,0.0,0.002628,0.00014
gsv-oradell-5255-CurbRamp.png,oradell-nj,5255,KcQtTMkI-Qf9XL34TL-I5Q,True,1.969299,0,0,0,0,0,0,0,0,0,0,0.000124,0.0,5e-06,0.0,0.0,6.4e-05,0.0,0.0,1e-06,0.0
gsv-oradell-8308-CurbRamp.png,oradell-nj,8308,7ixjODZMOy_cqYtVKlcziA,True,2.105338,0,0,0,0,0,0,0,0,0,0,0.0,1.9e-05,0.001519,0.0,0.0,6.7e-05,0.0,0.0,0.0,0.000363
gsv-oradell-11635-CurbRamp.png,oradell-nj,11635,iJ2L_MvuB0D5JW8q8q6OpQ,True,0.478734,0,0,0,0,0,0,0,0,0,0,2e-06,0.0,0.0,1e-06,0.0,5.4e-05,1e-06,0.0,3e-06,5e-06
gsv-oradell-6604-CurbRamp.png,oradell-nj,6604,I50HZX-q6-_xQZ799ZkqRQ,True,1.57626,0,0,0,0,0,0,0,0,0,0,6e-06,2e-06,0.0,0.0,0.0,2e-06,0.0,0.0,0.000113,0.0
gsv-oradell-8144-CurbRamp.png,oradell-nj,8144,LPEQmFhUHcChEfFFOCz6JA,True,0.717988,0,0,0,0,0,0,0,0,0,0,5e-06,0.0,1.8e-05,3e-06,0.0,3e-06,1e-06,0.0,0.039645,5.8e-05
gsv-oradell-14157-CurbRamp.png,oradell-nj,14157,f5lFxSnfcL3xakrK6K37wQ,False,2.508057,0,0,0,0,0,0,0,0,0,0,0.999957,0.0,0.00031,0.0,0.0,0.002723,0.000156,2e-06,0.778099,0.0
gsv-oradell-1229-CurbRamp.png,oradell-nj,1229,5q06KdDfxxWxd8Mqaec_MQ,True,0.2555,1,0,0,0,0,0,0,0,0,0,0.999994,4e-06,0.796685,7e-06,0.0,0.000131,3e-06,1e-06,0.857944,0.0
gsv-oradell-3078-CurbRamp.png,oradell-nj,3078,DztMTKFdHGBRIjADNn-gPg,True,0.348824,0,0,0,0,0,1,0,0,0,0,0.0,0.0,0.013122,3e-06,0.0,0.99785,1e-06,0.0,3e-06,0.000399
gsv-oradell-5270-CurbRamp.png,oradell-nj,5270,LW8BGJWg75H3LeFl1s4wHQ,True,1.378877,0,0,0,0,0,0,0,0,0,0,0.0,4.5e-05,1e-06,2e-06,0.0,0.0,2e-06,0.0,0.0,3.6e-05
gsv-oradell-13570-CurbRamp.png,oradell-nj,13570,mpu3kr0sILyE1rUNM2R8QQ,False,2.778826,0,0,0,0,0,0,0,0,0,0,0.00028,1.9e-05,1e-06,0.0,0.0,0.0,5e-06,0.0,0.00118,0.0
gsv-oradell-1109-CurbRamp.png,oradell-nj,1109,tfV3-qI1tqsAG10jQGQBNg,True,2.366175,0,0,0,0,0,0,0,0,0,0,0.0,0.0,2e-06,0.0,0.0,3e-06,0.0,0.0,0.0,5.8e-05
gsv-walla_walla-795-CurbRamp.png,walla-walla,795,2Nn0aR2CfUhZ9oTYORAADg,True,1.889125,1,0,0,0,0,0,0,0,0,0,0.999999,0.095867,1.6e-05,3e-06,0.0,1e-06,1e-06,0.0,0.0,0.0
gsv-walla_walla-266-CurbRamp.png,walla-walla,266,nkicVI17wkvv99RoIvJDeg,False,1.094228,0,0,0,0,0,0,0,0,0,0,0.0,0.0,0.000214,0.0,0.0,1e-05,1e-06,0.0,0.0,4e-06
gsv-walla_walla-21-CurbRamp.png,walla-walla,21,gx2G4T36sN6Sk7wSDjgIpA,True,13.635697,1,0,0,0,0,0,0,0,0,0,0.999992,2e-06,4e-06,0.0,0.0,0.274568,1e-06,0.0,1e-06,0.0
gsv-walla_walla-626-CurbRamp.png,walla-walla,626,38x6OjNX0oBMb8F-ZZHspg,False,286.428272,0,0,0,0,0,0,0,0,0,0,1e-06,1e-06,1e-06,0.0,0.0,2e-06,1e-06,0.0,1e-06,1e-06
gsv-walla_walla-268-CurbRamp.png,walla-walla,268,nkicVI17wkvv99RoIvJDeg,False,9.449803,0,0,0,0,0,0,0,0,0,0,1e-06,9e-06,1.7e-05,0.0,0.0,4e-06,9e-06,0.0,8.2e-05,1e-06
gsv-walla_walla-437-CurbRamp.png,walla-walla,437,qCovvTNlqlHDY3AaDGvW9Q,True,2.459402,0,0,0,0,0,0,0,0,0,0,0.000116,0.0,0.0,0.000871,0.0,0.0,4e-06,1e-06,4e-06,0.000261
gsv-walla_walla-1193-CurbRamp.png,walla-walla,1193,YXCdZoAQdXfN-E2c1bASEA,True,0.692897,0,0,0,0,0,0,0,0,0,0,2e-06,0.0,0.0,0.0,0.0,3e-05,1e-06,0.0,1e-06,1e-06
gsv-walla_walla-505-CurbRamp.png,walla-walla,505,UdVkW0tKr6moXhisPWzVsA,True,7.376898,1,0,0,0,0,0,0,0,0,0,0.296556,0.0,0.0,3.4e-05,0.0,0.0,8e-05,0.0,5e-06,1e-06
gsv-walla_walla-233-CurbRamp.png,walla-walla,233,mFywxlSiVdpA7iQISD4IuA,False,18.502532,1,0,0,0,0,0,0,0,0,0,0.999995,1e-06,8e-06,0.0,0.0,0.000114,2e-06,2e-06,0.0,0.0
gsv-walla_walla-264-CurbRamp.png,walla-walla,264,g2EdsXz-m8c6gbDdr4qzhw,True,9.265815,0,0,0,0,0,0,0,0,0,0,2e-05,0.0,0.0,1e-06,0.0,2.4e-05,1e-06,0.0,0.0,2e-06
gsv-walla_walla-1200-CurbRamp.png,walla-walla,1200,nMQnbXl4fXl5yI2p4EfVPQ,True,2.164223,0,0,0,0,0,0,0,0,0,0,0.0,4e-06,3e-06,0.0,0.0,1.2e-05,1e-06,0.0,1e-06,5e-06
gsv-walla_walla-1226-CurbRamp.png,walla-walla,1226,YMdzmjTSsMbxelpPiHCHFA,True,1.719106,0,0,0,0,0,0,0,0,0,0,2e-06,0.0,2e-06,0.0,0.0,1e-06,1e-06,0.0,1e-06,2e-06
gsv-walla_walla-269-CurbRamp.png,walla-walla,269,jtBOwcLizjr7v5lLxgn5Ww,True,1.95314,0,0,0,0,0,0,0,0,0,0,1e-06,1e-06,0.0,6e-06,0.0,2e-06,3e-06,0.0,0.0,0.00014
gsv-walla_walla-477-CurbRamp.png,walla-walla,477,y2XJ0BTvegMsivb5Wxxdsw,True,6.322938,1,0,1,0,0,0,0,0,0,0,0.999933,0.01981,0.690041,2e-06,0.0,0.000132,7e-06,0.000156,1e-06,0.0
gsv-amsterdam-412-CurbRamp.png,amsterdam,412,uihJmP_mhszklb3IuRdZFg,True,2.418201,0,0,0,0,0,0,0,0,0,0,0.000155,0.0,1e-06,4e-06,0.0,0.0,1e-05,1e-06,1e-06,8e-06
gsv-amsterdam-790-CurbRamp.png,amsterdam,790,fP5we7M-UbACFe0r8rZJWQ,True,4.68451,1,0,0,0,0,0,0,0,0,0,0.999999,0.000871,0.000111,0.201585,0.0,3.1e-05,4e-06,3.8e-05,0.0,0.0
gsv-amsterdam-831-CurbRamp.png,amsterdam,831,xY_U7Fet7J218fvoQyf6vg,True,12.935993,0,0,0,0,0,0,0,0,0,0,1.0,1.5e-05,7e-06,0.000402,0.0,0.0,3e-06,3.9e-05,0.0,0.0
gsv-amsterdam-532-CurbRamp.png,amsterdam,532,-KM4mp_co3oXUI2PcMHgMQ,True,10.289689,0,0,0,0,0,0,0,0,0,0,0.012077,7e-06,0.0,0.000122,0.0,0.0,2e-06,0.0,3e-05,0.0
gsv-amsterdam-979-CurbRamp.png,amsterdam,979,KNKD3jK_U697QEIrlgL0Kw,True,9.095096,1,0,0,0,0,0,0,0,0,0,0.999998,0.0,0.0,0.001027,0.0,0.000776,0.0,0.0,3e-06,0.0
gsv-amsterdam-16548-CurbRamp.png,amsterdam,16548,sECS62osyHj5_ydABLmo6w,False,1084.307536,1,0,0,0,0,0,1,0,0,0,0.999992,1e-06,1.5e-05,0.091707,0.0,1.5e-05,0.194337,0.000327,0.000161,0.0
gsv-amsterdam-663-CurbRamp.png,amsterdam,663,aUL9aQXLD_tNJp912VSDLQ,True,3.17031,1,0,0,0,0,0,0,0,0,0,4e-06,6.1e-05,5.3e-05,8e-06,0.0,2.7e-05,2.6e-05,0.0,2e-06,0.836629
gsv-amsterdam-868-CurbRamp.png,amsterdam,868,ML3nH5pVzPdlIkNra51yWw,True,1.495674,0,0,0,0,0,0,0,0,0,0,0.159149,0.0,0.0,5.1e-05,0.0,0.0,4e-06,0.0,3e-06,0.0
gsv-amsterdam-784-CurbRamp.png,amsterdam,784,fP5we7M-UbACFe0r8rZJWQ,True,7.088742,1,0,0,0,0,0,0,0,0,0,0.999999,3e-06,8e-06,8.1e-05,0.0,0.000572,7e-06,9.6e-05,2e-06,0.0
gsv-amsterdam-152-CurbRamp.png,amsterdam,152,zG2TmF4IdAbEbYDfzBXCOA,True,11.464014,1,0,0,0,0,0,0,0,0,0,0.999873,0.0,1e-06,4e-06,0.0,3e-06,1e-06,0.0,0.0,0.0
gsv-amsterdam-376-CurbRamp.png,amsterdam,376,FBCVzaNUI000-fDHf-qdvA,True,1.537765,0,0,0,0,0,0,0,0,0,0,0.042774,0.0,0.0,0.00023,0.0,2e-06,1e-06,0.0,3e-06,0.0
gsv-amsterdam-30631-CurbRamp.png,amsterdam,30631,205FqYUfmGp1zoHu1UcOLw,True,4.757353,1,0,0,0,0,0,0,0,1,0,0.992978,6e-06,0.0,3.5e-05,0.0,0.0,1e-06,0.0,0.0,0.0
gsv-amsterdam-414-CurbRamp.png,amsterdam,414,uihJmP_mhszklb3IuRdZFg,True,2.686453,0,0,0,0,0,0,0,0,0,0,5.5e-05,0.0,0.0,2e-06,0.0,0.0,1.5e-05,0.0,0.0,0.0
gsv-amsterdam-786-CurbRamp.png,amsterdam,786,fP5we7M-UbACFe0r8rZJWQ,True,4.83732,1,0,0,0,0,0,0,0,0,0,0.999999,1e-06,0.00724,0.000705,0.0,0.009357,8e-06,0.00931,0.0,0.0
gsv-amsterdam-968-CurbRamp.png,amsterdam,968,ob5O60vBaNX_6nsktyix8g,True,10.098055,1,0,0,0,0,0,0,0,0,0,1.0,0.0,3.2e-05,2.4e-05,0.0,0.000172,4e-06,0.000609,1e-05,0.0
gsv-amsterdam-29846-CurbRamp.png,amsterdam,29846,P9m91v6okoXKr4w1rHH1oA,False,380.551792,0,0,0,0,0,0,0,0,0,0,9e-06,2e-06,0.0,1.2e-05,0.0,0.0,1e-06,0.0,4e-06,1e-06
gsv-amsterdam-133-CurbRamp.png,amsterdam,133,AYJXNzDu4FBUFU2OfmEmEA,True,1.304262,1,0,0,0,0,0,0,0,0,0,0.999999,0.628608,0.0,0.013124,0.0,2e-06,1e-05,0.0,2.3e-05,0.0
gsv-newberg-6705-CurbRamp.png,newberg-or,6705,-fL-a0RKW2AF-fRMD3ULPw,True,1.413451,0,0,0,0,0,0,0,0,0,0,0.03683,1e-06,1.3e-05,0.0,0.0,3e-06,0.0,0.0,0.000213,0.0
gsv-newberg-5163-CurbRamp.png,newberg-or,5163,MV3sf4CzAdKdvFjLVIBEHg,False,106.72803,1,0,0,0,0,0,0,0,0,0,0.99983,0.0,0.000323,0.000157,0.0,8e-06,2e-06,0.0,1e-06,0.0
gsv-newberg-503-CurbRamp.png,newberg-or,503,QejAIXdPEKr-MJeacv_QHQ,False,28.065515,1,0,0,0,0,0,0,0,0,0,0.994147,0.0,0.003818,2.7e-05,0.0,0.491356,0.0,0.0,0.0,0.0
gsv-newberg-2256-CurbRamp.png,newberg-or,2256,HI3hVleJ-l-aYli-c5gbQA,False,1.188831,1,0,0,0,0,1,0,0,0,0,0.999999,0.000363,0.000769,0.0,0.0,0.054371,1e-06,0.0,1e-06,0.0
gsv-newberg-5068-CurbRamp.png,newberg-or,5068,8uOMnshsQpQhV0W_52HvZg,True,9.581858,0,0,0,0,0,0,0,0,0,0,1e-06,0.0,7.1e-05,0.0,0.0,1.8e-05,2e-06,0.0,0.0,2e-06
gsv-newberg-6710-CurbRamp.png,newberg-or,6710,-fL-a0RKW2AF-fRMD3ULPw,True,2.422509,0,0,0,0,0,0,0,0,0,0,0.002222,1e-06,0.0,0.0,0.0,0.0,0.0,0.0,1e-06,0.0
gsv-newberg-9867-CurbRamp.png,newberg-or,9867,laiGuRyeutJP83NpPhoifw,True,1.261657,0,0,0,0,0,0,0,0,0,0,9e-06,0.001483,0.0,1e-06,0.0,0.0,5e-06,0.0,2e-06,0.0
gsv-newberg-9568-CurbRamp.png,newberg-or,9568,VCuBhwMIUr1nq6HPJmaZrA,True,0.0,0,0,0,0,0,1,0,0,0,0,3e-06,5e-06,7e-05,0.0,0.0,0.000171,1e-06,0.0,1e-06,0.0
gsv-newberg-7253-CurbRamp.png,newberg-or,7253,Np1Ch55WAVwlTzL5CIA_gQ,True,0.0,0,0,0,0,0,0,0,0,0,0,6.7e-05,0.000326,0.00179,1e-06,0.0,0.999985,8e-06,0.0,0.000161,5e-06
gsv-newberg-9334-CurbRamp.png,newberg-or,9334,_gOok0aaR7GybP1cJ5CHMQ,True,15.371747,1,0,0,0,0,0,0,0,0,0,0.999999,0.998963,6e-06,5e-06,0.0,0.0,1.4e-05,0.0,3.3e-05,0.0
gsv-newberg-745-CurbRamp.png,newberg-or,745,oqFFz7tYYm0V-yKhu2Vs1g,True,0.422541,1,0,0,0,0,0,0,0,0,0,0.999997,0.001016,0.050468,2e-06,0.0,0.0,1e-06,0.0,0.0,0.0
gsv-newberg-17483-CurbRamp.png,newberg-or,17483,5Xlya6MSy3RmccxKcw9wng,False,2.706598,0,0,0,0,0,0,0,0,0,0,0.0,7e-06,0.000131,0.0,0.0,3e-05,0.0,0.0,1e-06,1e-06
gsv-newberg-5557-CurbRamp.png,newberg-or,5557,KLs9xlYLSL-j3pdGPve3yA,True,13.125459,1,0,0,0,0,0,0,0,0,0,1.0,6.9e-05,1e-06,1e-06,0.0,1e-06,5e-06,0.0,0.001574,0.0
gsv-newberg-6027-CurbRamp.png,newberg-or,6027,ZmOkWp3vImeKDBxWmx82xA,True,0.594389,0,0,0,0,0,0,0,0,0,0,0.000191,0.001023,0.0,0.0,0.0,5.1e-05,0.0,0.0,0.0,0.0
gsv-newberg-3635-CurbRamp.png,newberg-or,3635,ggto9A0dyhJalJVw_TBX6A,False,1.269002,0,0,0,0,0,0,0,0,0,0,3e-06,2e-06,3.2e-05,0.0,0.0,0.0,0.0,0.0,0.0,1e-06
gsv-newberg-9571-CurbRamp.png,newberg-or,9571,VCuBhwMIUr1nq6HPJmaZrA,True,17.826841,0,0,0,0,0,1,0,0,0,0,0.0,6e-06,0.000512,0.0,0.0,0.004797,0.0,0.0,0.0,3e-06
gsv-newberg-18160-CurbRamp.png,newberg-or,18160,DiXr-IsDrGXRy7aTrPl54A,True,11.606147,0,0,0,0,0,1,0,0,0,0,2e-06,0.00022,0.081621,0.0,0.0,0.971747,0.0,2e-06,1e-06,5e-06
gsv-newberg-11339-CurbRamp.png,newberg-or,11339,13scfYGFXBtGsKTpg5-MWg,False,1.400059,1,0,0,0,0,0,0,0,0,0,0.999994,2e-06,0.0,5e-06,0.0,0.0,4e-06,1e-06,0.0,0.0
gsv-newberg-3171-CurbRamp.png,newberg-or,3171,3xIT4yteaomEtl5RK-PQxg,False,53.123201,0,0,0,0,0,0,0,0,0,0,0.0,3e-06,5.9e-05,4e-06,0.0,0.0,3e-06,1e-06,1.2e-05,9e-06
gsv-newberg-3138-CurbRamp.png,newberg-or,3138,3-33aljy18tGJcyDSUfuow,False,69.566247,1,0,0,0,0,0,0,0,0,0,0.999999,7e-05,1e-06,2e-06,0.0,3e-06,0.000386,0.0,1.9e-05,0.0
gsv-newberg-17796-CurbRamp.png,newberg-or,17796,dVAH65kY5qqkxwDp7M6QZA,True,10.723108,1,0,0,0,0,0,0,0,0,0,0.999998,3e-06,8.1e-05,0.0,0.0,0.000132,1e-06,0.0,0.0,0.0
gsv-newberg-15266-CurbRamp.png,newberg-or,15266,QsRoM7t-GjbSbBnvwqPx8w,True,1.701285,0,0,0,0,0,0,0,0,0,0,8e-06,0.000349,0.0,1e-06,0.0,0.002689,0.0,0.0,3e-06,0.0
gsv-newberg-9361-CurbRamp.png,newberg-or,9361,u8Ol8qESbIOV-SPLwLT7ug,True,1.46474,1,0,0,0,0,0,0,0,0,0,0.999991,4.9e-05,0.000738,0.0,0.0,0.026186,5e-06,0.0,1.8e-05,0.0
gsv-newberg-13266-CurbRamp.png,newberg-or,13266,mwnSQppC0KBPqNCRazSxsw,False,89.947088,1,0,0,0,0,0,0,0,0,0,1.0,2e-06,2.6e-05,2e-06,0.0,0.003253,1e-06,0.0,0.0,0.0
gsv-newberg-17021-CurbRamp.png,newberg-or,17021,xV3IZieaYAiBG1br7hhoww,False,3.193707,0,0,0,0,0,0,0,0,0,0,0.0,2e-06,0.0,8e-06,0.0,0.0,2e-06,0.0,1e-06,2.2e-05
gsv-newberg-5513-CurbRamp.png,newberg-or,5513,T2NN8wnGOm52fRHlDWDG_w,True,1.196191,0,0,0,0,0,0,0,0,0,0,5e-06,0.005231,2e-06,0.0,0.0,0.763701,0.0,0.0,8e-06,1.1e-05
gsv-newberg-10600-CurbRamp.png,newberg-or,10600,pV6ygdJjUolRf7F9prg6hA,False,119.543689,0,0,0,0,0,0,0,0,0,0,1.6e-05,0.000217,0.0,0.0,0.0,0.0,2e-06,0.0,0.0,0.0
gsv-newberg-5713-CurbRamp.png,newberg-or,5713,VCuBhwMIUr1nq6HPJmaZrA,True,17.826841,0,0,0,0,0,1,0,0,0,0,0.0,1.1e-05,0.658355,1e-06,0.0,0.008527,0.0,1e-06,0.0,5.1e-05
gsv-newberg-12372-CurbRamp.png,newberg-or,12372,sn_VCTEZd97Sv1a8Xic_jg,False,1.403371,1,0,0,0,0,0,0,0,0,0,0.999997,0.000338,0.244073,0.0,0.0,0.001619,1e-06,0.0,0.0,0.0
gsv-newberg-5719-CurbRamp.png,newberg-or,5719,9wMGQ4ESXaQxkup1bwBLUQ,False,75.808132,0,0,0,0,0,0,0,0,0,0,9e-06,0.0,0.039776,0.0,0.0,1e-06,1e-06,0.0,1e-06,1e-06
gsv-newberg-3134-CurbRamp.png,newberg-or,3134,UlKj45fEPJUpRQO_sG_ong,True,1.470969,1,0,0,0,0,0,0,0,0,0,0.999999,0.000288,0.001639,1e-05,0.0,0.014408,1e-06,0.0,1e-06,0.0
gsv-newberg-6013-CurbRamp.png,newberg-or,6013,-fL-a0RKW2AF-fRMD3ULPw,True,0.422541,0,0,0,0,0,0,0,0,0,0,0.999999,0.005801,3e-06,6e-06,0.0,0.0,1e-06,0.0,1e-06,0.0
gsv-newberg-8031-CurbRamp.png,newberg-or,8031,csMrgg9ifbcjfOQDHHeK9w,False,2.422645,1,0,0,0,0,0,0,0,0,0,0.999758,2e-06,1e-06,0.000139,0.0,0.0,1e-06,1e-06,5e-06,0.0
gsv-newberg-9808-CurbRamp.png,newberg-or,9808,it697_7y8f67Jqild0a5Yg,True,12.654077,0,0,0,0,0,0,0,0,0,0,1e-06,0.0,0.0,3e-06,0.0,5.4e-05,1.7e-05,0.0,0.0,1e-06
gsv-newberg-14354-CurbRamp.png,newberg-or,14354,VgtaZQEySV4txT0YPtl00A,False,0.422541,1,0,0,0,0,0,0,0,0,0,0.999986,1e-06,0.0,0.000159,0.0,0.012588,1e-06,0.0,0.0,0.0
gsv-newberg-5720-CurbRamp.png,newberg-or,5720,9wMGQ4ESXaQxkup1bwBLUQ,False,56.713097,1,0,1,0,0,0,0,0,0,0,0.999998,0.00139,0.999544,0.0,0.0,0.007558,6e-06,1e-06,4.1e-05,0.0
gsv-newberg-14050-CurbRamp.png,newberg-or,14050,FZAcdoTrdgTPnX4teLnGaA,True,3.02784,1,0,0,0,0,0,0,0,0,0,0.999998,0.003306,0.000577,0.0,0.0,1.3e-05,0.0,0.0,0.0,0.0
gsv-newberg-9354-CurbRamp.png,newberg-or,9354,rvd8Wkjah58wW3nJRKrBpQ,False,14.791296,1,0,0,0,0,0,0,0,0,0,1.0,0.747692,0.984999,0.0,0.0,0.000501,1e-06,8e-05,0.0,0.0
gsv-newberg-8528-CurbRamp.png,newberg-or,8528,g_GW0SUQGl3eEIMPBTKmrQ,True,0.0,1,0,0,0,0,1,0,0,0,0,1.0,0.000112,0.000622,1e-06,0.0,0.004713,0.0,1e-06,1e-06,0.0
gsv-newberg-12847-CurbRamp.png,newberg-or,12847,I07c8ilhvKCgLXqXdY-BJg,False,112.752926,1,0,0,0,0,0,0,0,0,0,0.999983,0.00048,0.0,4.4e-05,0.0,0.236477,3e-06,0.0,0.0,0.0
gsv-newberg-14677-CurbRamp.png,newberg-or,14677,6EMYiCs9RrBuRYJQ9ALv9Q,True,0.729094,1,0,0,0,0,1,0,0,0,0,0.999998,0.001602,0.0,3.7e-05,0.0,0.963981,3e-06,0.0,0.0,0.0
gsv-newberg-13054-CurbRamp.png,newberg-or,13054,mwnSQppC0KBPqNCRazSxsw,False,77.378912,1,0,0,0,0,0,0,0,0,0,0.999955,1e-06,0.088468,4e-06,0.0,0.998068,1e-06,0.0,2e-06,0.0
gsv-newberg-6036-CurbRamp.png,newberg-or,6036,owzrbYS-Y9wEqqtrmY5aUQ,True,13.147926,0,0,0,0,0,0,0,0,0,0,0.688409,1e-06,1e-06,0.0,0.0,0.0,0.0,0.0,1e-06,0.0
gsv-newberg-14940-CurbRamp.png,newberg-or,14940,yyoFz6WX5sEY_U4RZFuj8w,True,0.0,1,0,0,0,0,0,0,0,0,0,0.999991,0.0,3e-06,0.000347,0.0,0.000352,1e-06,0.0,1e-06,0.0
gsv-newberg-10808-CurbRamp.png,newberg-or,10808,-biYRW87yYAt4yW3FarIRg,True,4.684002,1,0,0,0,0,1,0,0,0,0,0.999999,0.000989,2.7e-05,0.0,0.0,0.000106,0.0,0.0,0.0,0.0
gsv-newberg-5561-CurbRamp.png,newberg-or,5561,h9XZJ5xWoaHsg95HGOLpLQ,True,2.123826,1,0,0,0,0,1,0,0,0,0,0.999982,2e-06,1e-06,1e-06,0.0,0.974429,1e-06,0.0,0.0,0.0
gsv-newberg-15620-CurbRamp.png,newberg-or,15620,V1-fiwQ5DBGDOBbFo4EFGg,False,1.790852,1,0,1,0,0,0,0,0,0,0,1.0,1.1e-05,0.001174,7e-06,0.0,0.081264,0.0,1.1e-05,0.0,0.0
gsv-newberg-4909-CurbRamp.png,newberg-or,4909,L-LN0Modoa20F79Hr5yGSw,True,14.617941,0,0,0,0,0,1,0,0,0,0,1e-06,2.4e-05,0.032193,0.0,0.0,0.989125,0.0,0.0,2e-06,3e-06
gsv-newberg-10741-CurbRamp.png,newberg-or,10741,vJ2gt5ZUaJ4ujCjhPY_DbA,True,8.985706,0,1,0,0,0,0,0,0,1,0,9e-06,0.0,0.0,5e-06,0.0,1e-06,1.1e-05,0.0,0.0,2e-06
gsv-newberg-9402-CurbRamp.png,newberg-or,9402,E0xk_Mx1tV0wqvY_-7-Ugg,False,14.317036,0,0,0,0,0,0,0,0,0,0,1e-06,0.0,3e-06,1e-06,0.0,0.0,2e-06,0.0,2.3e-05,9e-06
gsv-newberg-5986-CurbRamp.png,newberg-or,5986,x6nTiiHqGMeLVWXpGVXV7A,True,3.808555,1,0,0,0,0,0,0,0,0,0,0.999854,2e-06,0.0,4e-06,0.0,0.0,0.0,0.0,0.000152,0.0
gsv-newberg-17798-CurbRamp.png,newberg-or,17798,vAd3xQrXa2eFiHNu5cNj3w,False,1.089964,1,0,0,0,0,0,0,0,0,0,0.999999,1.5e-05,0.000217,0.0,0.0,0.993928,2e-06,0.0,0.000249,0.0
gsv-newberg-15000-CurbRamp.png,newberg-or,15000,vGqTrSbdXMlaUHiqSYAV0A,True,0.0,1,0,0,0,0,0,0,0,0,0,0.999971,0.000342,0.0,0.004143,0.0,0.0,1e-06,5e-06,0.0,0.0
gsv-newberg-2343-CurbRamp.png,newberg-or,2343,33P3tWWhldpMSCFX8F0mAQ,True,1.261608,0,0,0,0,0,0,0,0,0,0,2e-06,0.00432,6.7e-05,5e-06,0.0,1e-06,1.8e-05,0.0,0.0,1e-06
gsv-newberg-9726-CurbRamp.png,newberg-or,9726,Vs18XJrNa5Vaz86-5-fTWA,True,14.434249,1,0,0,0,0,0,0,0,1,0,0.999998,9.6e-05,0.0,2e-06,0.0,0.0,3.7e-05,0.0,1e-06,0.0
gsv-newberg-6018-CurbRamp.png,newberg-or,6018,A3qq_6Wv1Y0YIm0kPA6Mig,True,1.791635,0,0,0,0,0,0,0,0,0,0,4.8e-05,2e-05,0.0,1e-06,0.0,0.0,2e-06,0.0,0.0,0.0
gsv-newberg-539-CurbRamp.png,newberg-or,539,Q70TPJhaWJ81lsV3I_oZlw,True,2.462687,0,0,0,0,0,0,0,0,0,0,0.0,0.0,0.000119,0.0,0.0,0.965432,1e-06,0.0,0.0,8.2e-05
gsv-newberg-6229-CurbRamp.png,newberg-or,6229,KIzesQGbxoRIC3QapNjKYQ,False,0.729253,0,0,0,0,0,0,0,0,0,0,1e-06,0.0,0.0,1e-06,0.0,6e-06,4e-06,0.0,1e-06,1e-06
gsv-newberg-1725-CurbRamp.png,newberg-or,1725,V1-fiwQ5DBGDOBbFo4EFGg,False,0.729236,1,0,0,0,0,1,0,0,0,0,1.0,1e-05,9e-06,8e-06,0.0,0.115854,1e-06,0.0,2e-06,0.0
gsv-newberg-1150-CurbRamp.png,newberg-or,1150,5ChWaAvpxewqLDgfOrgYgg,True,10.341665,1,0,0,0,0,0,0,0,0,0,1.0,0.000911,0.997122,3e-06,0.0,7.3e-05,2e-06,1e-06,9.5e-05,0.0
gsv-newberg-5725-CurbRamp.png,newberg-or,5725,p8q2WBYVKHWK49adSs8g2Q,True,12.665226,1,0,1,0,0,0,0,0,0,0,0.99999,0.000164,0.0,1e-06,0.0,0.000783,2e-06,0.0,0.0,0.0
gsv-newberg-3525-CurbRamp.png,newberg-or,3525,dQ1T8lCrkUQYBv5KhEh8RQ,True,9.416759,1,0,0,0,0,0,0,0,1,0,0.99999,0.000442,0.008091,0.0,0.0,0.999862,3e-06,0.0,2.5e-05,0.0
gsv-newberg-6544-CurbRamp.png,newberg-or,6544,bdW-EOzJNUR5elR-44OhOQ,False,0.729366,1,0,0,0,0,1,0,0,0,0,1.0,0.00014,0.0,2.2e-05,0.0,0.977789,2e-06,1e-06,0.0,0.0
gsv-newberg-8280-CurbRamp.png,newberg-or,8280,hXlPoi3-dwfgmXBWL-yJlw,True,0.594437,0,0,0,0,0,1,0,0,0,0,1e-06,1e-06,0.0,1e-06,0.0,0.066032,1e-06,0.0,0.0,1e-06
gsv-newberg-5848-CurbRamp.png,newberg-or,5848,zzfXieWjJada3nTAHG_K3Q,True,0.856202,1,0,0,0,0,0,0,0,0,0,0.999997,9e-06,0.0,2e-06,0.0,0.0,1e-06,1e-06,0.0,0.0
gsv-newberg-5084-CurbRamp.png,newberg-or,5084,xT8STuTDdi-TMMWE8B0oqA,True,4.260988,0,0,0,0,0,0,0,0,0,0,1e-06,4.1e-05,0.0,0.0,0.0,1e-06,0.0,0.0,2e-06,1e-06
gsv-newberg-8160-CurbRamp.png,newberg-or,8160,KWK1kxnnYit5_5_iR404bw,False,1.465006,0,0,1,0,0,0,0,0,0,0,3.9e-05,0.000898,0.015424,0.0,0.0,0.000265,0.0,0.0,0.0,0.0
gsv-newberg-4614-CurbRamp.png,newberg-or,4614,mzTGBiz_E264SxO9zAJmjw,True,0.594364,0,0,0,0,0,0,0,0,0,0,7.6e-05,0.0,1.8e-05,1e-06,0.0,0.000113,2e-06,1e-06,3e-06,0.0
gsv-newberg-15104-CurbRamp.png,newberg-or,15104,E6dnnhowcREBfV3c6lBGSg,True,0.0,0,0,0,0,0,0,0,0,0,0,0.0,3e-06,1e-06,0.0,0.0,2e-05,2e-06,0.0,1e-06,2e-06
gsv-newberg-7240-CurbRamp.png,newberg-or,7240,dAkVsX2chsQP6B4p2aNwIA,True,4.680551,1,0,0,0,0,0,0,0,0,0,0.999969,2.5e-05,0.0,0.0,0.0,0.0,1e-06,0.0,2e-06,0.0
gsv-newberg-8265-CurbRamp.png,newberg-or,8265,hTY6Z9NGUA-1qJpzfjojVA,False,1.675154,0,0,0,0,0,1,0,0,0,0,2e-06,0.0,1.8e-05,0.0,0.0,3.6e-05,1e-06,0.0,2e-06,0.0
gsv-newberg-8890-CurbRamp.png,newberg-or,8890,is8bK66xUKpVlUmyRxxqbQ,True,11.366957,1,0,0,0,0,0,0,0,0,0,1.0,0.312411,0.000816,2e-06,0.0,0.015417,3e-06,0.0,1.9e-05,0.0
gsv-newberg-531-CurbRamp.png,newberg-or,531,tYSMqBMoGo5z99NqEX__kg,True,6.138819,1,0,0,0,0,0,0,0,0,0,0.031341,9e-06,0.0,2e-06,0.0,0.00251,0.0,0.0,1e-06,0.0
gsv-newberg-5154-CurbRamp.png,newberg-or,5154,yKu400XrytRcj0IoDQgn1Q,True,8.988893,0,0,0,0,0,0,0,0,0,0,0.0,2e-06,1.6e-05,0.0,0.0,2e-06,1e-06,0.0,1e-06,2.7e-05
gsv-newberg-7094-CurbRamp.png,newberg-or,7094,6VFc-Zkum0i9GYfmQUXYhQ,True,2.123826,1,0,0,0,0,0,0,0,0,0,1.0,3.9e-05,0.0,2e-06,0.0,2e-06,1e-06,0.0,0.0,0.0
gsv-newberg-9342-CurbRamp.png,newberg-or,9342,KoZvlJZkoeJ0ls5klccSfA,True,5.229585,0,0,0,0,0,0,0,0,0,0,0.999995,0.000543,4e-06,0.0,0.0,1e-06,1e-06,0.0,0.0,0.0
gsv-newberg-15664-CurbRamp.png,newberg-or,15664,Mskj7j81K420vf5rz1cJjw,True,2.462828,1,0,0,0,0,1,0,0,0,0,1.0,1.2e-05,1e-06,1e-06,0.0,0.002308,0.0,9e-06,0.0,0.0
gsv-newberg-6989-CurbRamp.png,newberg-or,6989,1T2a7HjKHPUg27kS1ka_7Q,True,0.845083,1,0,0,0,0,0,0,0,0,0,0.985536,0.000138,9e-06,0.0,0.0,1e-06,0.0,0.0,1e-05,0.0
gsv-newberg-674-CurbRamp.png,newberg-or,674,GJwtZSSoTGTMX_HVxYhnbA,True,6.623892,0,0,0,0,0,0,0,0,0,0,1e-06,0.00204,0.0,0.0,0.0,1.5e-05,0.0,0.0,0.0,1e-06
gsv-newberg-11330-CurbRamp.png,newberg-or,11330,jlx48N8Du__sCbfhmAaOkA,True,0.735769,1,0,0,0,0,0,0,0,0,0,0.999704,0.933951,0.0,4e-06,0.0,5e-06,2e-06,1e-06,1e-06,0.0
gsv-newberg-10537-CurbRamp.png,newberg-or,10537,oTM-EYPQod4F-DPo0Imwjw,False,79.860564,0,0,0,0,0,1,0,0,0,0,6e-06,1e-06,1.9e-05,0.0,0.0,0.000218,0.0,0.0,1e-06,0.0
gsv-newberg-15216-CurbRamp.png,newberg-or,15216,C6RVzkWT6rrlPE50kRwPnw,True,0.856202,0,0,0,0,0,0,0,0,0,0,1e-06,2e-06,0.0,0.0,0.0,0.002052,1e-06,0.0,0.0,1e-06
gsv-newberg-5807-CurbRamp.png,newberg-or,5807,8UORaav0_4bAW9W0NHj-5g,True,2.614777,0,0,0,0,0,1,0,0,0,0,5e-06,0.0,6e-06,0.0,0.0,0.878743,2e-06,0.0,0.0,0.0
gsv-newberg-5436-CurbRamp.png,newberg-or,5436,vh50DCJ_8OsVqZn6-9a7Xg,True,0.856202,1,0,0,0,0,1,0,0,0,0,0.999998,1.5e-05,3e-06,0.0,0.0,0.09243,0.0,0.0,0.0,0.0
gsv-newberg-12142-CurbRamp.png,newberg-or,12142,lV1jDvfGKmjZV598HDzZ1w,False,17.747229,1,0,0,0,0,1,0,0,1,0,1.0,0.015956,0.0,1.2e-05,0.0,0.0,1.5e-05,0.0,0.000141,0.0
gsv-newberg-14048-CurbRamp.png,newberg-or,14048,FZAcdoTrdgTPnX4teLnGaA,True,0.0,1,0,0,0,0,0,0,0,0,0,1.0,1.1e-05,0.0,3e-06,0.0,4.2e-05,2e-06,0.0,2e-06,0.0
gsv-newberg-9340-CurbRamp.png,newberg-or,9340,KoZvlJZkoeJ0ls5klccSfA,True,14.049822,0,0,0,0,0,0,0,0,0,0,1e-06,0.0,0.0,0.0,0.0,3e-06,1e-06,0.0,2e-06,2e-06
gsv-newberg-15072-CurbRamp.png,newberg-or,15072,MJx4OesBRo1qX8tdmUDM-Q,True,13.995667,1,1,0,1,0,0,0,0,0,0,0.999997,7.2e-05,1e-06,0.007621,0.0,0.0,0.002962,0.0,5.7e-05,0.0
gsv-newberg-16222-CurbRamp.png,newberg-or,16222,bsbNltrZ3f2sTMWl99VBWg,True,1.458618,1,0,0,0,0,0,0,0,0,0,0.999119,0.026205,0.0,1e-06,0.0,3.1e-05,1e-06,0.0,1e-06,0.0
gsv-newberg-10879-CurbRamp.png,newberg-or,10879,bsbNltrZ3f2sTMWl99VBWg,True,14.327337,1,0,0,0,0,0,0,0,0,0,0.999999,0.000471,2.1e-05,0.0,0.0,9e-06,0.0,0.0,0.0,0.0
gsv-newberg-3836-CurbRamp.png,newberg-or,3836,nc8dRsMhoBuCFIvAQLv_EA,True,0.422541,1,0,0,0,0,0,0,0,0,0,0.992555,0.000151,0.0,0.0,0.0,3e-06,1e-06,0.0,0.0,0.0
gsv-newberg-3201-CurbRamp.png,newberg-or,3201,LBExk3L9N5zgQEBxeT6RzA,False,3.009738,1,0,1,0,0,1,0,0,1,0,0.920972,0.0,1.1e-05,0.153539,0.0,5.4e-05,2e-06,0.0,2.4e-05,0.0
gsv-newberg-2623-CurbRamp.png,newberg-or,2623,yKu400XrytRcj0IoDQgn1Q,True,8.988893,0,0,0,0,0,0,0,0,0,0,0.0,5e-06,1.4e-05,8e-06,0.0,0.0,0.0,0.0,1e-06,1.4e-05
gsv-newberg-12709-CurbRamp.png,newberg-or,12709,lL0LuljnVtNsuCdN3-aK0w,False,157.40221,1,0,0,0,0,1,0,0,0,0,0.999967,0.001254,0.794727,0.0,0.0,0.058035,1e-06,0.0,1e-06,0.0
gsv-newberg-9978-CurbRamp.png,newberg-or,9978,b5xuM7T7X2MTjuRnyABZ2Q,True,14.377658,0,0,0,0,0,0,0,0,0,0,4e-06,4e-06,0.000145,4e-06,0.0,0.999297,1e-06,0.0,4e-06,2e-06
gsv-newberg-6292-CurbRamp.png,newberg-or,6292,D-VidkzhKulGDy-vMP0kIQ,True,0.602271,1,0,0,0,0,1,0,0,0,0,0.999994,0.0,2e-06,1e-06,0.0,0.010279,0.0,0.0,0.0,0.0
gsv-newberg-5094-CurbRamp.png,newberg-or,5094,6SkIZu-H0cThgn2l_kOIwg,True,0.422541,1,0,0,0,0,0,0,0,0,0,0.999999,1.2e-05,0.0,5e-06,0.0,1.6e-05,1e-06,0.0,7e-06,0.0
gsv-newberg-6028-CurbRamp.png,newberg-or,6028,ZmOkWp3vImeKDBxWmx82xA,True,3.808471,0,0,0,0,0,0,0,0,0,0,4e-06,1e-06,1.4e-05,0.0,0.0,6.5e-05,1e-06,0.0,0.0,0.0
gsv-newberg-6631-CurbRamp.png,newberg-or,6631,yTwlZDK8Eoco3xsqgy6y9A,False,79.38614,1,0,0,0,0,0,0,0,0,0,1.0,0.001207,0.0,0.0,0.0,0.001145,0.0,0.0,0.0,0.0
gsv-newberg-13363-CurbRamp.png,newberg-or,13363,IyyrF0XApODcYznfPrv3SA,False,54.574413,0,0,0,0,0,0,0,0,0,0,1e-06,3.8e-05,0.0,0.0,0.0,4e-06,1e-06,0.0,0.0,2e-06
gsv-newberg-6238-CurbRamp.png,newberg-or,6238,yyoFz6WX5sEY_U4RZFuj8w,True,0.594364,0,0,0,0,0,0,0,0,0,0,0.000264,0.0,1e-06,0.0,0.0,0.0,0.0,0.0,1e-06,0.0
gsv-newberg-5136-CurbRamp.png,newberg-or,5136,fRJHxFf-Rv1vFI6a4Kz7hQ,True,11.030527,0,0,0,0,0,0,0,0,0,0,1.6e-05,3e-05,0.0,0.0,0.0,8e-06,1e-06,0.0,0.0,0.0
gsv-newberg-5908-CurbRamp.png,newberg-or,5908,_hOluyChhqzMyjHdOvUJOg,True,1.464983,1,0,0,0,0,0,0,0,0,0,0.021139,0.0,0.0,0.0,0.0,6.6e-05,1e-06,0.0,0.0,4.8e-05
gsv-newberg-6031-CurbRamp.png,newberg-or,6031,ZmOkWp3vImeKDBxWmx82xA,True,1.464929,0,0,0,0,0,0,0,0,0,0,0.728714,0.0,1e-06,0.0,0.0,0.0,0.000233,0.0,0.0,0.0
gsv-newberg-3905-CurbRamp.png,newberg-or,3905,EjxxNpbz6N7O5DGGLX0sGQ,False,0.602146,1,0,0,0,0,1,0,0,0,0,0.999999,1.2e-05,0.001632,0.0,0.0,0.207652,1e-06,1e-06,0.0,0.0
gsv-newberg-708-CurbRamp.png,newberg-or,708,SB-LDVBcTRbUfdlx5Khj4g,True,1.980413,1,0,0,0,0,0,0,0,0,0,0.999999,4.7e-05,0.0,0.0,0.0,0.037003,0.0,0.0,0.0,0.0
gsv-newberg-13117-CurbRamp.png,newberg-or,13117,uosTYBPCwQvuH3KBI_zS-w,False,11.839322,1,0,0,0,0,1,0,0,0,0,0.999999,0.97062,0.982306,6e-06,0.0,0.002266,6e-06,1e-06,3e-06,0.0
gsv-newberg-5509-CurbRamp.png,newberg-or,5509,QsRoM7t-GjbSbBnvwqPx8w,True,1.804655,0,0,0,0,0,0,0,0,0,0,3e-06,1.4e-05,0.0,6e-06,0.0,0.023151,0.0,0.0,0.0,1e-06
gsv-newberg-6986-CurbRamp.png,newberg-or,6986,1T2a7HjKHPUg27kS1ka_7Q,True,0.422541,1,0,0,0,0,0,0,0,0,0,0.936285,3.2e-05,0.0,0.0,0.0,0.0,2e-06,0.0,8.4e-05,0.0
gsv-newberg-17504-CurbRamp.png,newberg-or,17504,WNI5mIOxlLleYbrI_Jbf3w,False,0.0,1,0,0,0,0,0,0,0,0,0,0.999999,1.8e-05,0.0,0.0,0.0,3.4e-05,2e-06,0.0,2e-06,0.0
gsv-newberg-14447-CurbRamp.png,newberg-or,14447,Qo4j1Z_0q1o_iCp4bvNcnQ,False,71.611669,0,0,0,0,0,0,0,0,0,0,1e-06,1e-06,0.0,2e-06,0.0,0.0,1e-06,0.0,1e-06,5e-06
gsv-newberg-254-CurbRamp.png,newberg-or,254,BXRpQcSCGeDCPOMxCTelvA,True,0.0,1,0,0,0,0,0,0,0,0,0,0.999981,4e-05,0.990213,0.0,0.0,7e-06,2e-06,0.0,5e-06,0.0
gsv-newberg-4034-CurbRamp.png,newberg-or,4034,-rOewf4wVxv7K1jW_V7Iug,True,3.238274,0,0,0,0,0,0,0,0,0,0,0.0,2e-06,1e-06,1.5e-05,0.0,0.0,5e-06,1e-06,1e-06,0.000502
gsv-newberg-7292-CurbRamp.png,newberg-or,7292,Ksdek1vmtcgEIeviAI4FhA,False,2.194445,0,0,0,0,0,0,0,0,0,0,1.3e-05,0.0,0.0,0.0,0.0,0.0,2e-06,0.0,0.000376,0.0
gsv-newberg-17208-CurbRamp.png,newberg-or,17208,0iAY6BPH-xYIq2Addsye_Q,False,11.714784,0,0,0,0,0,0,0,0,0,0,0.000643,0.000384,0.0,1.3e-05,0.0,0.000131,5e-06,0.0,0.0,0.0
gsv-newberg-11809-CurbRamp.png,newberg-or,11809,D2a38Otq14Zf3lJiDSXX7w,True,0.0,1,0,0,0,0,0,0,0,0,0,0.999998,0.98203,0.000629,0.0,0.0,9e-06,4e-06,0.0,0.0,0.0
gsv-newberg-9032-CurbRamp.png,newberg-or,9032,lpvBBzSSG2wRujWkKPjZKQ,False,86.441184,0,0,0,0,0,0,0,0,0,0,0.002372,1e-06,1e-06,1e-06,0.0,4e-06,1e-06,0.0,0.0,0.0
gsv-newberg-4871-CurbRamp.png,newberg-or,4871,VK-fN_9b5bOP01uMb5orCA,True,0.422541,0,0,0,0,0,1,0,0,0,0,1e-06,2e-05,0.0,0.0,0.0,2e-06,1e-06,0.0,0.0,7e-06
gsv-newberg-16885-CurbRamp.png,newberg-or,16885,dGP4U9t-uPMRZ4Wx_GalJg,False,53.27956,1,0,0,0,0,0,0,0,0,0,0.999999,1.9e-05,0.004265,0.0,0.0,1e-06,1e-06,2e-06,1.2e-05,0.0
gsv-newberg-2952-CurbRamp.png,newberg-or,2952,lubMzjdDz8gl--Jrmbcszg,True,10.76992,1,0,0,0,0,0,0,0,0,0,0.999975,0.05705,0.00164,1.4e-05,0.0,0.002942,0.994372,9.4e-05,0.21568,1e-06
gsv-columbus-27327-CurbRamp.png,columbus-oh,27327,bZeyx46Eh2pr9j4wLC3DXA,False,8.917314,1,0,0,0,0,0,0,0,0,0,0.678261,0.0,1e-06,4e-05,0.0,0.0,0.0,0.0,2e-05,0.0
gsv-columbus-31022-CurbRamp.png,columbus-oh,31022,KAgAPmglWL214h7BxGABaw,True,7.301314,0,0,0,0,0,0,0,0,1,0,5e-06,1e-06,4e-06,0.0,0.0,0.0,0.0,0.0,1.2e-05,0.0
gsv-columbus-28237-CurbRamp.png,columbus-oh,28237,eJLb5mvYpB1cvVPjM3hdbg,True,0.240255,0,0,0,0,0,0,0,0,0,0,0.0,2e-06,1e-06,1e-06,0.0,0.0,2e-06,0.0,2e-06,5e-06
gsv-columbus-33271-CurbRamp.png,columbus-oh,33271,NGUaIR4DH7nKefhJuQTbbQ,True,0.360785,0,0,0,0,0,0,0,0,0,0,0.0,0.0,0.000354,0.0,0.0,0.0,3e-06,0.0,4e-06,1.6e-05
gsv-columbus-1864-CurbRamp.png,columbus-oh,1864,qoMGoo5OybQIbOHvVBRgDg,True,4.399765,0,0,0,0,0,0,0,0,0,0,1e-06,1e-06,1e-06,0.0,0.0,0.0,2e-06,0.0,3e-06,2e-06
gsv-columbus-22331-CurbRamp.png,columbus-oh,22331,ECXgeByqANyDlAxDX51cqg,True,0.285409,0,0,0,0,0,0,1,0,0,0,2e-06,1.4e-05,0.0,0.000125,0.0,0.0,0.000478,0.0,8.4e-05,4e-06
gsv-columbus-13951-CurbRamp.png,columbus-oh,13951,vbtkAdB00gdxPjy-plFQaA,False,8.800753,0,0,0,0,0,0,1,0,1,0,9.9e-05,0.765957,0.002618,0.033579,0.0,1e-06,1.6e-05,8e-05,0.999975,1.8e-05
gsv-columbus-14125-CurbRamp.png,columbus-oh,14125,Rr94147-gPLl-NCF2pes6A,False,20.298468,0,0,0,0,0,0,0,0,0,0,0.0,3.2e-05,2.4e-05,0.0,0.0,0.0,0.0,0.0,6.6e-05,4.5e-05
gsv-columbus-30619-CurbRamp.png,columbus-oh,30619,dKf8gp3NfI-SxZvD4cZJow,False,235.275243,0,0,0,0,0,0,0,0,0,0,1e-06,1.7e-05,0.0,0.000102,0.0,0.0,9e-06,1e-06,5.8e-05,7.1e-05
gsv-columbus-24371-CurbRamp.png,columbus-oh,24371,cxGsvF4-a8G01sj0RL9TbQ,True,12.712015,0,0,0,0,0,0,0,0,0,0,0.006432,1e-06,9e-06,0.0,0.0,2e-05,0.0,0.0,2.3e-05,0.0
gsv-columbus-30760-CurbRamp.png,columbus-oh,30760,wKZeYV-xaKlA6qBarAR0Ow,True,3.26269,0,0,0,0,0,0,0,0,0,0,1.1e-05,0.000249,0.000117,0.0,0.0,0.0,1e-06,0.0,0.014193,1e-06
gsv-columbus-26862-CurbRamp.png,columbus-oh,26862,AgYPZEMXe1ArfGrC1pntfg,False,2.582033,0,0,0,0,0,0,0,0,0,0,0.0,4e-06,2e-06,0.0,0.0,1e-06,1e-06,0.0,0.0,0.000192
gsv-columbus-27328-CurbRamp.png,columbus-oh,27328,cRng681q7XTXrCOoAl5GwA,True,8.419705,0,0,0,0,0,0,0,0,0,0,2.1e-05,0.0,0.0,1e-06,0.0,0.0,6e-06,0.0,1.5e-05,2.6e-05
gsv-columbus-35266-CurbRamp.png,columbus-oh,35266,yMIu4zotOLh1P_43CT3JIQ,True,0.708425,0,0,0,0,0,0,0,0,0,0,0.000494,2.1e-05,0.0,0.0,0.0,0.0,1e-06,0.0,0.0,0.0
gsv-columbus-33027-CurbRamp.png,columbus-oh,33027,x_aVYkpem574JtMmJpbcJA,True,1.198577,0,0,0,0,0,0,0,0,0,0,0.0,5e-06,0.468796,1e-06,0.0,0.0,1e-06,1e-06,1e-06,7e-05
gsv-columbus-32844-CurbRamp.png,columbus-oh,32844,_9TvKizx5O4uqw7SZVk0Tg,True,1.7168,1,0,0,0,0,0,0,0,1,0,0.001679,0.005379,7e-06,0.002369,0.0,0.000532,2e-05,2.8e-05,0.999999,0.000618
gsv-columbus-229-CurbRamp.png,columbus-oh,229,T94_s5Jxv1DMtxhxrtfz7Q,True,7.278054,0,0,0,0,0,0,0,0,0,0,0.000151,0.0,1e-06,0.0,0.0,0.0,3e-06,0.0,7.1e-05,0.0
gsv-columbus-22624-CurbRamp.png,columbus-oh,22624,Jobk2k_u--s99Sg-unqE2w,True,6.906208,0,0,0,0,0,0,0,0,0,0,1.2e-05,2e-06,1e-06,0.0,0.0,1e-05,0.0,0.0,3e-06,0.0
gsv-columbus-1422-CurbRamp.png,columbus-oh,1422,IEMd7uE2qD9OaUB8IFiO3g,False,12.272722,0,0,0,0,0,0,0,0,0,0,1e-06,0.0,1e-06,0.0,0.0,0.0,1e-06,0.0,2e-06,7.4e-05
gsv-columbus-13428-CurbRamp.png,columbus-oh,13428,aX6Jm_SrExNFunG5fpB88A,False,14.553326,0,0,0,0,0,0,0,0,0,0,7.5e-05,1e-06,1e-06,1.5e-05,0.0,0.0,1e-06,0.0,0.0,1e-06
gsv-columbus-28457-CurbRamp.png,columbus-oh,28457,msxFm7VaoQT0Dz1rXmTXZQ,False,6.647269,0,0,0,0,0,0,0,0,0,0,5e-06,3e-06,0.000174,1e-06,0.0,0.0,1e-06,0.0,1.2e-05,0.0
gsv-columbus-22763-CurbRamp.png,columbus-oh,22763,Omsg3OklVYs6yg6BsPrSww,True,1.848164,0,0,0,0,0,0,0,0,0,0,1.1e-05,0.000401,0.0,0.020006,0.0,0.000128,0.0,6e-06,0.0,0.001962
gsv-columbus-35245-CurbRamp.png,columbus-oh,35245,cMyspsLRIQCwgrWzjslAgA,True,7.434685,0,0,0,0,0,0,0,0,1,0,8.6e-05,6.1e-05,3e-06,2e-06,0.0,3e-06,2.2e-05,0.0,0.999994,0.000152
gsv-columbus-16550-CurbRamp.png,columbus-oh,16550,HGv-6cjg1GvwMVgvttPR3g,True,4.693422,0,0,0,0,0,0,0,0,0,0,0.0,1e-06,9.2e-05,1e-06,0.0,0.0,0.0,1e-06,0.0,4.6e-05
gsv-columbus-19378-CurbRamp.png,columbus-oh,19378,HDU1MrfKaUn-mO2MTMpNZg,True,5.934641,0,0,0,0,0,0,0,0,0,0,0.0,6e-06,0.000111,0.0,0.0,1e-06,1e-06,0.0,0.000216,2.4e-05
gsv-columbus-19620-CurbRamp.png,columbus-oh,19620,utpWMwW3sKGhUAkUMsqfcQ,False,17.727496,0,0,0,0,0,0,0,0,0,0,0.0,5.8e-05,1.5e-05,8e-06,0.0,0.0,1e-06,1e-06,0.0,0.053847
gsv-columbus-7093-CurbRamp.png,columbus-oh,7093,SGDX7e7Vmt4Y7_QpC_Q6Hg,False,113.758062,0,0,0,0,0,0,0,0,0,0,1e-05,0.0,0.0,0.0,0.0,0.0,1e-06,0.0,0.0,8e-05
gsv-columbus-35508-CurbRamp.png,columbus-oh,35508,qNX7yRHlV3XbcIc63DbVWA,False,54.272364,0,0,0,0,0,0,0,0,1,0,0.0,5.1e-05,0.000326,0.0,0.0,0.0,0.0,1e-06,8e-06,0.006535
gsv-columbus-13354-CurbRamp.png,columbus-oh,13354,yx2btV0scVoksZe_wCLZ_w,True,8.164837,0,0,0,0,0,0,0,0,0,0,0.0,1e-06,1e-05,0.0,0.0,6.1e-05,0.0,0.0,4e-05,7e-06
gsv-columbus-26606-CurbRamp.png,columbus-oh,26606,tg58n_8R3oRQdGshILaQsQ,True,7.650392,0,0,0,0,0,0,0,0,0,0,0.000136,0.0,0.0,4e-06,0.0,1e-06,3e-06,0.0,0.0,3e-06
gsv-columbus-18303-CurbRamp.png,columbus-oh,18303,HoLYSavcgOE-Q2MOuccEyQ,False,380.234615,0,0,0,0,0,0,0,0,0,0,1e-06,0.225564,0.977831,0.0,0.0,1e-06,1e-06,0.0,0.003334,0.000207
gsv-columbus-30249-CurbRamp.png,columbus-oh,30249,HBTRi3hJyHnxgS664_jRKA,False,327.340474,1,0,0,0,0,0,0,0,0,0,1.0,0.0,0.058737,5.1e-05,0.0,0.000312,2e-06,2e-06,0.0,0.0
gsv-columbus-11648-CurbRamp.png,columbus-oh,11648,ii9YHDltGmAISBSO7nvokw,False,174.475779,0,0,1,0,0,0,0,0,0,0,0.0,0.039835,4.2e-05,5.3e-05,0.0,1e-06,0.0,0.0,0.000516,2.1e-05
gsv-columbus-26866-CurbRamp.png,columbus-oh,26866,DMaa8Q4-y46GMRQzdm7Wcg,True,10.751494,0,0,0,0,0,0,0,0,0,0,2e-06,0.0,0.0,1.1e-05,0.0,3e-06,1e-06,1e-06,1.2e-05,8e-06
gsv-columbus-3866-CurbRamp.png,columbus-oh,3866,sjV7IwyUrhrfnAiri73d2w,False,63.926653,0,0,0,0,0,0,0,0,0,0,0.0,0.0,3.4e-05,0.0,0.0,1.4e-05,0.0,0.0,1e-06,3e-06
gsv-columbus-27376-CurbRamp.png,columbus-oh,27376,q9BT2K-1a8mHTOM17SbIBQ,True,0.478074,0,0,0,0,0,0,0,0,0,0,0.0,2e-06,1e-06,0.0,0.0,0.0,2e-06,0.0,2.6e-05,2.1e-05
gsv-columbus-23633-CurbRamp.png,columbus-oh,23633,kPm4s00iy9HOPfS4QMnGlw,False,44.006437,1,0,0,0,0,0,0,0,1,0,1.0,2e-06,0.000206,0.0,0.0,0.017097,8e-06,4e-06,0.313708,0.0
gsv-columbus-837-CurbRamp.png,columbus-oh,837,TpgR1_CFiayYv_D28W6GNg,True,6.841371,0,0,0,0,0,0,0,0,0,0,2.3e-05,0.0,0.0,0.0,0.0,1.1e-05,1e-06,0.0,0.0,0.0
gsv-columbus-771-CurbRamp.png,columbus-oh,771,ActLzx7dvPD-gUwYJm4hYQ,True,7.667238,0,0,1,0,0,1,0,0,0,0,1e-06,9e-06,1e-06,0.0,0.0,3.7e-05,0.0,0.0,0.0,4e-06
gsv-columbus-24618-CurbRamp.png,columbus-oh,24618,PQUPShxgGzFrTcd_tW0dHA,True,1.004029,0,0,0,0,0,0,0,0,1,0,3e-06,0.0,2e-06,1e-06,0.0,0.0,1e-06,0.0,0.894478,3.9e-05
gsv-columbus-26961-CurbRamp.png,columbus-oh,26961,ys6SgnwL8iNP9IRqwsL57g,True,19.079749,0,0,0,0,0,0,0,0,0,0,1e-06,0.0,2e-06,0.0,0.0,0.0,0.0,0.0,0.88998,0.000277
gsv-columbus-21474-CurbRamp.png,columbus-oh,21474,cDCJ8aQ2TN-IKp38XzSyMg,True,4.135275,0,0,0,0,0,0,0,0,0,0,0.0,6e-06,0.0,4e-06,0.0,0.0,9e-06,1e-06,1e-06,1.3e-05
gsv-columbus-7627-CurbRamp.png,columbus-oh,7627,jnlUQLOFCFlQyHfgxZjljg,True,2.616683,0,0,0,0,0,0,0,0,0,0,6e-06,4e-06,1e-06,0.0,0.0,0.0,2e-06,0.0,0.0,0.0
gsv-columbus-1235-CurbRamp.png,columbus-oh,1235,QNfBZt3T0uNyZQhxTbDUsA,True,15.248797,0,0,0,0,0,0,0,0,0,0,2e-05,0.006059,1e-06,6e-06,0.0,0.000126,0.0,0.0,3e-06,0.0
gsv-columbus-20083-CurbRamp.png,columbus-oh,20083,O9WKT0P7FCkFVjiDE7Ftkg,True,5.264119,0,0,0,0,0,0,0,0,0,0,2e-06,0.021702,0.0,1e-06,0.0,2e-06,9e-06,0.0,0.0,3e-06
gsv-columbus-20023-CurbRamp.png,columbus-oh,20023,eCNSrEYIWrbhLXLdUKIzsw,False,19.424967,0,0,0,0,0,0,0,0,0,0,0.0,0.000469,0.069977,0.0,0.0,0.0,1e-06,0.0,0.00063,2.2e-05
gsv-columbus-1676-CurbRamp.png,columbus-oh,1676,7iePer6HjiBgi6xHo6MHUg,False,32.235454,0,0,0,0,0,0,0,0,0,0,0.999732,3e-06,0.0,4e-06,0.0,0.0,0.0,0.0,7.4e-05,0.0
gsv-columbus-14855-CurbRamp.png,columbus-oh,14855,Nf7TEn4bEZyTDImKlZrEig,True,3.989924,0,0,0,0,0,0,0,0,0,0,1e-06,0.0,0.00089,1e-06,0.0,0.0,1e-06,0.0,2e-06,1e-06
gsv-columbus-33371-CurbRamp.png,columbus-oh,33371,NNtGOvzko9MBfK9VNs2kWQ,True,0.816781,0,0,0,0,0,0,0,0,0,0,1e-06,0.0,1.2e-05,2e-06,0.0,0.0,4e-06,0.0,0.006676,5.9e-05
gsv-columbus-13947-CurbRamp.png,columbus-oh,13947,vbtkAdB00gdxPjy-plFQaA,False,8.800744,0,0,0,0,0,0,1,0,1,0,2.9e-05,1e-06,1.8e-05,0.000162,0.0,0.000871,0.107478,1e-05,0.999966,0.000403
gsv-columbus-33627-CurbRamp.png,columbus-oh,33627,IwjNR3kI9YQWWeS6E77Yng,True,7.83575,0,0,0,0,0,0,0,0,0,0,0.0,0.0,0.0,2.4e-05,0.0,0.000548,1e-06,0.0,1e-06,0.001206
gsv-columbus-29074-CurbRamp.png,columbus-oh,29074,aoQznoV8LENa9sESYXVABA,False,157.902213,0,0,0,0,0,0,0,0,1,0,5e-06,2.9e-05,0.0,8e-06,0.0,0.000665,1e-05,2e-06,0.999727,0.000232
gsv-columbus-31009-CurbRamp.png,columbus-oh,31009,qWTpq34ruNeUyGUn4wr-wA,True,2.386054,0,0,0,0,0,0,0,0,1,0,0.0,0.000126,0.000137,0.0,0.0,0.012169,1e-06,0.0,0.854378,1e-05
gsv-columbus-26591-CurbRamp.png,columbus-oh,26591,ZIt9eQVMAQwWlQiP0phSkA,True,7.682626,0,0,0,0,0,0,0,0,0,0,0.0,0.0,0.0,1.4e-05,0.0,7e-06,9e-06,0.0,7e-06,2.8e-05
gsv-columbus-19999-CurbRamp.png,columbus-oh,19999,HGLXkVJVX0gRR0LFKh70Bg,False,172.439565,0,0,0,0,0,0,0,0,1,0,0.00193,2e-06,1e-06,0.0,0.0,0.0,1.6e-05,0.0,0.020386,0.0
gsv-columbus-43-CurbRamp.png,columbus-oh,43,bhiZNi5eoKQBni-3xaNClQ,False,1.427387,0,0,0,0,0,0,0,0,0,0,0.519413,0.000241,0.0,9e-06,0.0,0.0,7e-06,0.0,0.0,0.0
gsv-columbus-14493-CurbRamp.png,columbus-oh,14493,7-ahzGquzZqK5r36CGRc8A,False,70.482776,0,0,0,0,0,0,0,0,0,0,0.0,1e-06,1e-06,0.0,0.0,0.000172,0.0,0.0,0.0,0.000334
gsv-columbus-26592-CurbRamp.png,columbus-oh,26592,ZIt9eQVMAQwWlQiP0phSkA,True,0.317004,0,0,0,0,0,0,0,0,0,0,1e-06,2e-06,0.0,0.0,0.0,3e-06,4e-06,0.0,1e-06,1e-06
gsv-columbus-14379-CurbRamp.png,columbus-oh,14379,yVxL8B41pMsiLRud3zkHhQ,False,20.173526,0,0,0,0,0,0,0,0,0,0,5e-06,9.1e-05,0.0,1e-05,0.0,0.0,1e-06,0.0,0.0,0.0
gsv-columbus-37107-CurbRamp.png,columbus-oh,37107,lxr7DLoZZL_RY3kKwniqEg,False,32.740637,1,0,0,0,0,0,0,0,0,0,1.0,0.37391,1e-06,0.924573,0.0,5e-06,1e-06,0.000219,0.011825,0.0
gsv-columbus-6686-CurbRamp.png,columbus-oh,6686,BUIwZLcAkrn8_fbKF6LrfA,True,7.576624,0,0,0,0,0,0,0,0,0,0,0.000298,1e-06,0.000501,7e-06,0.0,0.223088,0.0,0.0,0.0,0.0
gsv-columbus-13630-CurbRamp.png,columbus-oh,13630,i1O8-M6lGYy7r9F1JJFzGQ,True,9.102133,0,0,0,0,0,0,0,0,0,0,1e-06,0.008292,2e-06,2e-06,0.0,0.0,2.9e-05,6e-06,0.0,0.15464
gsv-columbus-14635-CurbRamp.png,columbus-oh,14635,uScDxCd4_4xmG3eKxhu6ow,True,4.699427,0,0,0,0,0,0,0,0,0,0,1e-06,4.1e-05,2e-06,0.0,0.0,0.0,0.0,0.0,0.000469,2e-06
gsv-columbus-13695-CurbRamp.png,columbus-oh,13695,wjXGcD-PSRNsjLps_9-2hA,False,107.610924,0,0,0,0,0,0,0,0,0,0,5e-06,0.062261,0.523982,0.0,0.0,0.000218,1e-06,0.0,0.003842,0.0
gsv-columbus-6177-CurbRamp.png,columbus-oh,6177,sAPPV1wc05UWzSEQuedD_w,False,112.338822,0,0,0,0,0,0,0,0,0,0,0.004272,0.0,0.0,4.6e-05,0.0,1e-06,1e-06,0.0,9e-06,1e-05
gsv-columbus-33221-CurbRamp.png,columbus-oh,33221,tnDP5LF3CxLMeJpUyS0DhQ,True,1.23309,0,0,0,0,0,0,1,0,1,0,0.0,0.0,0.0,0.000112,0.0,1e-06,1.9e-05,0.0,0.3192,4.2e-05
gsv-columbus-26995-CurbRamp.png,columbus-oh,26995,IjrRDsyHObOrgJtae6aO5w,True,6.651552,0,0,0,0,0,0,0,0,0,0,5e-06,0.0,0.0,0.0,0.0,1e-05,0.0,0.0,6e-06,5e-06
gsv-columbus-14669-CurbRamp.png,columbus-oh,14669,4PPfcvlXqM7sdk4yZ2IDxg,True,5.766748,0,0,0,0,0,0,0,0,1,0,0.0,1e-05,0.000526,4e-06,0.0,0.0,1e-06,0.0,0.061994,3.4e-05
gsv-columbus-1581-CurbRamp.png,columbus-oh,1581,H7-FGFXjcx0YctD0w2vBaQ,False,92.799742,1,0,0,0,0,0,0,0,0,0,0.86886,0.0,0.367469,0.0,0.0,0.0,0.0,1e-06,3e-06,0.0
gsv-columbus-1135-CurbRamp.png,columbus-oh,1135,vFUk2PtZM80ayUlQ0CThYw,True,3.208266,0,0,0,0,0,0,0,0,1,0,0.000181,0.001415,0.0,0.0,0.0,3.2e-05,0.0,0.0,0.000221,0.0
gsv-columbus-24726-CurbRamp.png,columbus-oh,24726,Jk3qLuWfz5WlnxQhLVgZMg,False,132.515358,0,0,0,0,0,0,0,0,0,0,3e-06,0.0,2e-06,7e-06,0.0,0.0,0.0,0.0,1.1e-05,1e-06
gsv-columbus-1500-CurbRamp.png,columbus-oh,1500,hPSe6qqfCcQ6LiDjj8egeg,False,92.553313,1,0,0,0,0,0,0,0,0,0,0.999984,1e-06,1e-06,0.0,0.0,1e-06,1e-06,0.0,1e-06,0.0
gsv-columbus-230-CurbRamp.png,columbus-oh,230,T94_s5Jxv1DMtxhxrtfz7Q,True,2.575547,0,0,0,0,0,1,0,0,0,0,6.4e-05,0.0,0.0,3e-06,0.0,0.0,5e-06,0.0,0.001435,0.0
gsv-columbus-11175-CurbRamp.png,columbus-oh,11175,4UC6Vlzgp_FcOLhsheDlnQ,True,16.738752,0,0,0,0,0,0,0,0,1,0,0.002242,1e-05,0.000476,1e-06,0.0,0.0,5e-06,0.0,1.7e-05,0.0
gsv-columbus-3068-CurbRamp.png,columbus-oh,3068,lRFhMGAWFy4jNNEZ4WZ8NQ,False,50.730427,1,0,0,0,0,0,0,0,0,0,0.99999,7e-06,1.4e-05,0.0,0.0,0.0,0.0,7e-06,3e-06,0.0
gsv-columbus-808-CurbRamp.png,columbus-oh,808,4pUE6S3316zrQkCasZ-dyg,True,5.855123,0,0,0,0,0,0,0,0,0,0,1e-06,0.0,0.000104,0.0,0.0,0.0,0.0,0.0,4e-06,5e-06
gsv-columbus-29367-CurbRamp.png,columbus-oh,29367,DO4gvkM-VjPPCHUyJNSG_A,False,125.25238,0,0,0,0,0,0,0,0,0,0,0.0,2.8e-05,0.000141,0.0,0.0,0.0,0.0,0.0,0.0,7.2e-05
gsv-columbus-26875-CurbRamp.png,columbus-oh,26875,DMaa8Q4-y46GMRQzdm7Wcg,True,5.481032,0,0,0,0,0,0,0,0,0,0,6e-06,0.0,1e-06,1e-05,0.0,0.0,8e-06,0.0,0.0,2e-06
gsv-columbus-16777-CurbRamp.png,columbus-oh,16777,YNS3Iswe1trkl-rNDQdyqA,False,5.752633,0,0,0,0,0,0,0,0,1,0,1.8e-05,2e-05,3e-06,1.1e-05,0.0,0.0,0.000519,0.0,0.692989,1e-06
gsv-columbus-29596-CurbRamp.png,columbus-oh,29596,Xb2h5qJnrfxbaaWo02oe6w,True,3.352291,0,0,0,0,0,0,0,0,0,0,0.0,2.6e-05,0.014171,0.0,0.0,0.0,0.0,0.0,0.0,0.000787
gsv-columbus-14672-CurbRamp.png,columbus-oh,14672,uJNE7diGe3j2Xiwf4OwIeA,True,0.422541,0,0,0,0,0,0,0,0,0,0,1e-06,2.3e-05,0.000251,0.0,0.0,0.0,2e-06,0.0,0.000894,1e-06
gsv-columbus-18181-CurbRamp.png,columbus-oh,18181,TFtG_kYFIX8rfT3Y88uFww,True,8.496589,1,0,0,0,0,0,0,0,1,0,0.519385,7e-06,0.0,3e-06,0.0,0.0,0.0,0.0,0.749328,0.0
gsv-columbus-872-CurbRamp.png,columbus-oh,872,sehD-oA4bO1SNwPMzpbxKQ,False,100.858985,0,0,0,0,0,0,0,0,0,0,0.0,0.000231,0.0,3.1e-05,0.0,2.7e-05,1e-06,0.0,0.0,2.8e-05
gsv-columbus-26904-CurbRamp.png,columbus-oh,26904,iVPfOTNNArB1XPCScPSfMw,True,12.741428,0,0,0,0,0,0,0,0,0,0,1e-06,0.0,1e-06,1e-06,0.0,3e-06,2e-06,0.0,1e-06,0.000337
gsv-columbus-23951-CurbRamp.png,columbus-oh,23951,kvCtISds_EoyjbbHJH5_OQ,True,16.91525,1,0,0,0,0,0,0,0,0,0,0.999992,0.0,0.0,2e-05,0.0,1e-06,0.0,1e-06,3e-06,0.0
gsv-columbus-27240-CurbRamp.png,columbus-oh,27240,Z9dAt4UuN2qIJkZiq5mXoA,True,0.190908,0,0,0,0,0,0,0,0,0,0,0.008893,0.0,0.0,0.002708,0.0,0.0,3e-06,0.0,1e-06,1e-06
gsv-columbus-16073-CurbRamp.png,columbus-oh,16073,fqTTSa0WZMTk9nmKSagJmg,False,219.557812,0,0,0,0,0,0,1,0,0,0,3.2e-05,0.0,0.0,1e-06,0.0,0.0,2.9e-05,0.0,0.000252,8e-06
gsv-columbus-12480-CurbRamp.png,columbus-oh,12480,rMHnWmtAkFvjU_ovlN5HSg,False,15.386023,0,0,0,0,0,0,0,0,0,0,0.0,1e-05,2.7e-05,0.0,0.0,0.0,0.0,0.0,3.7e-05,7.2e-05
gsv-columbus-26595-CurbRamp.png,columbus-oh,26595,ZIt9eQVMAQwWlQiP0phSkA,True,9.718408,0,0,0,0,0,0,0,0,0,0,0.016763,0.0,0.0,9.5e-05,0.0,0.0,0.003505,0.0,0.023944,0.0
gsv-columbus-21299-CurbRamp.png,columbus-oh,21299,4h7P78f5tsDI8Pm9SGO7Dg,True,10.295509,0,0,0,0,0,0,0,0,0,0,0.0,3e-05,5e-05,1e-06,0.0,0.0,1e-06,0.0,0.000274,5e-06
gsv-columbus-27324-CurbRamp.png,columbus-oh,27324,TePbIcozhp-R_ShG5C9QOQ,True,5.381235,0,0,0,0,0,0,0,0,0,0,1e-06,1e-05,0.0,1e-06,0.0,2.2e-05,1e-06,0.0,0.0,1e-06
gsv-columbus-6755-CurbRamp.png,columbus-oh,6755,bF0whQvb2lIc6LjEk5TrVw,False,148.776402,0,0,0,0,0,0,0,0,0,0,1e-06,1.3e-05,7.8e-05,0.0,0.0,0.0,0.0,0.0,1e-06,0.028878
gsv-columbus-5934-CurbRamp.png,columbus-oh,5934,_JWg8VJxMoW8epLe6h6LCw,False,134.174688,0,0,0,0,0,0,0,0,0,0,1e-06,3.2e-05,0.004564,0.0,0.0,0.0,1e-06,0.0,6e-06,1.6e-05
gsv-columbus-8666-CurbRamp.png,columbus-oh,8666,BUIwZLcAkrn8_fbKF6LrfA,True,1.073556,0,0,0,0,0,0,0,0,0,0,0.000139,1e-06,0.000368,0.0,0.0,0.000756,0.0,0.0,7e-06,0.0
gsv-columbus-26674-CurbRamp.png,columbus-oh,26674,TOrQRD-dAp-nPHfndulnkQ,False,52.468281,0,0,0,0,0,0,0,0,0,0,0.000219,0.0,0.0,0.000889,0.0,0.0,6e-06,0.0,3e-06,2e-06
gsv-columbus-23165-CurbRamp.png,columbus-oh,23165,BaPDFhWVeyjf2gZx6UJ-4w,True,4.940856,0,0,0,0,0,0,0,0,0,0,0.995473,0.0,0.0,0.0,0.0,1e-06,0.0,0.0,2e-06,0.0
gsv-columbus-33058-CurbRamp.png,columbus-oh,33058,eA1-1pjYSnNoIVzAt8BP4A,True,6.228937,0,0,0,0,0,0,0,0,1,0,1e-06,0.0,4e-05,2e-06,0.0,0.0,1e-06,0.0,0.009468,1e-05
gsv-columbus-555-CurbRamp.png,columbus-oh,555,PBSDrtIs_MQ4hBzVCCdZZg,True,5.339427,0,0,0,0,0,0,0,0,0,0,2e-06,1e-06,1e-06,0.0,0.0,1e-05,1e-06,0.0,0.0,1e-06
gsv-columbus-22812-CurbRamp.png,columbus-oh,22812,1hYTHQWXgrqR3WFALiSScw,True,0.54138,1,0,0,0,0,0,0,0,0,0,1.0,1.5e-05,0.0,6e-06,0.0,0.04793,1e-06,0.0,1e-06,0.0
gsv-columbus-31358-CurbRamp.png,columbus-oh,31358,u7EFmLVcDNH1qLF_epSaIw,True,0.247236,0,0,0,0,0,0,0,0,0,0,0.001211,0.000404,0.046327,4e-06,0.0,2e-06,3e-06,1e-06,0.99997,1e-06
gsv-columbus-14806-CurbRamp.png,columbus-oh,14806,bYSrXEOX9Z9mxazkqD_p2w,True,6.760762,0,0,0,0,0,0,0,0,1,0,1.9e-05,0.002331,0.0,0.0,0.0,0.0,1e-06,0.0,0.009159,0.0
gsv-columbus-28187-CurbRamp.png,columbus-oh,28187,FSoCpoOM1S_-sSZfGDvIlQ,False,157.181223,0,0,0,0,0,0,0,0,0,0,2e-06,1e-06,0.0,2.7e-05,0.0,0.0,4e-06,0.0,0.0,4e-06
gsv-columbus-6139-CurbRamp.png,columbus-oh,6139,-e_w4z5e3W1cVNJ7oQv0Uw,False,21.422718,0,0,0,0,0,0,0,0,0,0,0.0,0.0,3e-06,0.0,0.0,5e-06,0.0,0.0,3e-06,7.6e-05
gsv-columbus-700-CurbRamp.png,columbus-oh,700,PjH21h6tTghtlcHaGOPvCg,True,5.937987,0,0,0,0,0,0,0,0,0,0,0.0,1e-06,2e-06,2e-06,0.0,0.0,0.0,0.0,5e-06,0.000721
gsv-columbus-23899-CurbRamp.png,columbus-oh,23899,Dl2ZENlcuztyp24nxgZoyA,True,0.545455,0,0,0,0,0,0,0,0,0,0,0.0,5.5e-05,0.0,7.8e-05,0.0,1.1e-05,0.000454,0.0,8.1e-05,3.4e-05
gsv-columbus-23532-CurbRamp.png,columbus-oh,23532,zAhwWCQqWq6cM4wqO5HUdw,True,4.017791,0,0,0,0,0,0,0,0,0,0,0.0,0.0,0.000115,1e-06,0.0,1.4e-05,1.2e-05,0.0,0.0,8.9e-05
gsv-columbus-27635-CurbRamp.png,columbus-oh,27635,aQ8lvzibML7w2UwXfLq7VA,True,8.428727,0,0,0,0,0,0,0,0,0,0,5.9e-05,0.0,1e-06,4.8e-05,0.0,1e-06,3.3e-05,0.0,1e-06,1e-06
gsv-columbus-776-CurbRamp.png,columbus-oh,776,ActLzx7dvPD-gUwYJm4hYQ,True,1.423523,0,0,0,0,0,0,0,0,0,0,3.6e-05,0.000942,0.020363,4e-06,0.0,2e-06,1e-06,0.0,0.0,0.0
gsv-columbus-15003-CurbRamp.png,columbus-oh,15003,KDUpFKskwXvu5nvi6mf3WA,True,8.164841,0,0,0,0,0,0,0,0,1,0,0.0,0.000284,0.0,1.4e-05,0.0,3e-06,2e-06,0.0,3.7e-05,0.103014
gsv-columbus-27591-CurbRamp.png,columbus-oh,27591,aQ8lvzibML7w2UwXfLq7VA,True,0.784806,0,0,0,0,0,0,0,0,0,0,1e-06,6e-06,1e-06,0.0,0.0,1e-06,3e-06,0.0,0.007934,2e-06
gsv-columbus-27436-CurbRamp.png,columbus-oh,27436,PItrZ8aV7yGkNiL6L_XgDw,True,1.217604,0,0,0,0,0,0,1,0,1,0,0.973866,0.000333,7.3e-05,0.000763,0.0,0.0,0.002332,0.0,0.999631,0.0
gsv-columbus-12287-CurbRamp.png,columbus-oh,12287,3qaqaXcly-FpX_uzRPhoVQ,False,125.867044,0,0,0,0,0,0,0,0,0,0,8e-06,0.001673,3e-06,4e-06,0.0,0.0,3e-06,1e-06,0.100895,0.0
gsv-columbus-10804-CurbRamp.png,columbus-oh,10804,pqngb3eGU2ztm_hy7IJLgw,True,2.58091,0,0,0,0,0,0,0,0,0,0,1e-06,0.0,1e-06,0.0,0.0,1.1e-05,1e-06,0.0,1e-06,1e-06
gsv-columbus-14817-CurbRamp.png,columbus-oh,14817,uJNE7diGe3j2Xiwf4OwIeA,True,0.845083,0,0,0,0,0,0,0,0,1,0,1e-06,1e-05,3.2e-05,1e-06,0.0,0.0,4e-06,2e-06,0.998168,0.000424
gsv-columbus-26613-CurbRamp.png,columbus-oh,26613,VZ-3CYSESGxM0aWknu6vAw,False,7.382038,0,0,0,0,0,0,1,0,1,0,0.999922,4e-06,9e-06,0.000566,0.0,0.0,0.000125,0.0,0.376404,0.0
gsv-columbus-24050-CurbRamp.png,columbus-oh,24050,sk1tXJBHUiSvhHo49f01LQ,True,5.899526,0,0,0,0,0,0,0,0,0,0,2e-06,0.0,0.0,0.0,0.0,0.000909,1e-06,0.0,9e-06,3e-06
gsv-columbus-31132-CurbRamp.png,columbus-oh,31132,2zisL-SiZ-FVXeIZMDS4gw,False,0.785138,0,0,0,0,0,0,0,0,0,0,0.0,0.000884,9e-05,0.0,0.0,3e-06,0.0,0.0,0.0,3e-06
gsv-columbus-35516-CurbRamp.png,columbus-oh,35516,SA64Ksui9FGFDyi1W09zag,True,8.628168,0,0,0,0,0,0,0,0,0,0,1.5e-05,0.0,4e-06,4e-06,0.0,9e-06,0.0,0.0,0.0,0.0
gsv-columbus-13479-CurbRamp.png,columbus-oh,13479,CBR93stY-n_-svIdizrWtw,True,10.533039,0,0,0,0,0,0,0,0,0,0,0.0,0.000192,1.5e-05,2e-06,0.0,0.0,0.0,2e-06,0.000153,1e-06
gsv-columbus-1435-CurbRamp.png,columbus-oh,1435,VsBVRWskrfbo7gGMUAwabQ,True,0.585311,0,0,0,0,0,0,0,0,0,0,1e-06,3e-06,0.0,0.0,0.0,1.2e-05,1e-06,0.0,0.0,1.5e-05
gsv-columbus-773-CurbRamp.png,columbus-oh,773,ActLzx7dvPD-gUwYJm4hYQ,True,0.773363,0,0,0,0,0,1,0,0,0,0,7.6e-05,0.0,0.001053,1e-06,0.0,0.075413,0.0,0.0,0.0,0.0
gsv-columbus-14768-CurbRamp.png,columbus-oh,14768,R7dhzH6kDGOpuREm-945KQ,True,6.203872,0,0,0,0,0,0,0,0,1,0,2e-06,6e-06,9.4e-05,2e-06,0.0,0.0,2e-06,3e-06,0.999547,0.000172
gsv-columbus-15700-CurbRamp.png,columbus-oh,15700,6saIFy1WFB84MQjqjXAang,False,0.0,0,0,0,0,0,0,0,0,0,0,0.0,1e-06,3e-06,0.0,0.0,6e-06,0.0,0.0,1e-06,0.00063
gsv-columbus-1146-CurbRamp.png,columbus-oh,1146,bupABfzsq5hef7C-nHeKow,True,0.0,0,0,0,0,0,0,0,0,0,0,1e-06,8e-06,1e-06,0.0,0.0,2e-06,2e-06,0.0,1e-06,0.0
gsv-columbus-22453-CurbRamp.png,columbus-oh,22453,ac696cYIhnBgJ6fhi4tINA,True,0.673079,1,0,0,0,0,0,0,0,0,0,0.999982,9e-06,1e-06,1.4e-05,0.0,0.0,1e-06,4e-06,1e-06,0.0
gsv-columbus-404-CurbRamp.png,columbus-oh,404,eYVB-Ffd92_4_Qai1JbWAA,True,1.370866,0,0,0,0,0,0,0,0,0,0,0.0,1e-06,8e-06,0.0,0.0,0.0,2e-06,0.0,2.5e-05,8.8e-05
gsv-columbus-20359-CurbRamp.png,columbus-oh,20359,ZBh-LiogGTPnDPpMG7UIfg,True,1.519996,0,0,0,0,0,1,0,0,0,0,0.0,0.0,0.001198,0.0,0.0,0.000476,0.0,0.0,1e-06,8e-06
gsv-columbus-15761-CurbRamp.png,columbus-oh,15761,ly_-zVu5_pIv7hlj1BHJSw,True,8.801213,0,0,0,0,0,0,0,0,0,0,0.0,9e-06,4e-06,0.0,0.0,3.3e-05,0.0,0.0,8e-06,2e-06
gsv-columbus-19052-CurbRamp.png,columbus-oh,19052,TG8t_Fq0fIuaBya9WZXFbA,False,117.737038,0,0,0,0,0,0,0,0,0,0,0.0,9e-06,7e-06,0.0,0.0,0.0,0.0,0.0,6e-06,0.001395
gsv-columbus-35290-CurbRamp.png,columbus-oh,35290,PWgrOVXSXQoIv5zAozgdxQ,True,7.325761,0,0,0,0,0,0,0,0,0,0,0.0,1e-06,0.0,1e-06,0.0,6e-06,3e-06,0.0,0.0,0.000255
gsv-columbus-13608-CurbRamp.png,columbus-oh,13608,DgCcKIS04HAqePE0R1KT1g,False,8.487597,0,0,0,0,0,0,0,0,0,0,2e-06,2e-06,0.0,0.00016,0.0,2.6e-05,5.1e-05,0.0,0.002337,0.000482
gsv-columbus-9903-CurbRamp.png,columbus-oh,9903,ziYXfMLknd0K-lxuK5aF1w,True,7.98263,1,0,0,0,0,0,0,0,0,0,0.999999,7e-06,0.0,1.4e-05,0.0,0.000453,0.0,0.0,0.0,0.0
gsv-columbus-33121-CurbRamp.png,columbus-oh,33121,wHM0GLx_IpvThCiZLf491g,True,5.329355,0,0,0,0,0,0,0,0,0,0,2e-06,0.0,2e-05,0.0,0.0,2e-06,1e-06,1e-06,5e-06,0.0
gsv-columbus-27263-CurbRamp.png,columbus-oh,27263,6GDWEHI-Yck4ZgVLDuuiig,False,9.570675,0,0,0,0,0,0,0,0,0,0,0.0,0.0,0.000307,1e-06,0.0,0.0,2e-06,1e-06,0.001445,8.9e-05
gsv-columbus-23180-CurbRamp.png,columbus-oh,23180,noy6HbIVEJpFi6Gr61o5VA,True,4.667182,0,0,0,0,0,0,0,0,0,0,0.029297,0.0,0.0,1e-06,0.0,2.2e-05,0.0,0.0,1e-06,0.0
gsv-columbus-31012-CurbRamp.png,columbus-oh,31012,KAgAPmglWL214h7BxGABaw,True,5.271835,0,0,0,0,0,0,0,0,0,0,0.001129,4.4e-05,0.000214,0.0,0.0,1e-06,1e-06,0.0,0.609359,0.0
gsv-columbus-26965-CurbRamp.png,columbus-oh,26965,dwIMrxJ2Kr00PYmkrl8QdA,False,35.924767,0,0,0,0,0,0,0,0,0,0,0.0,8e-06,1e-06,1e-06,0.0,0.192927,5e-06,0.0,0.0,0.023643
gsv-columbus-27336-CurbRamp.png,columbus-oh,27336,cd_aK_65H3nchhhk41YNsA,True,0.517092,0,0,0,0,0,0,0,0,0,0,0.0,3e-06,1e-06,8e-06,0.0,2e-06,4e-06,0.0,1.1e-05,0.641594
gsv-columbus-109-CurbRamp.png,columbus-oh,109,E4OjHipebdXYHlybtlg7LQ,True,5.9455,0,0,0,0,0,0,0,0,0,0,0.0,0.0,2e-06,0.0,0.0,8e-06,0.0,0.0,1e-05,3.6e-05
gsv-columbus-30980-CurbRamp.png,columbus-oh,30980,lEtnkK-9nsSBPICXI-7_EA,True,7.162859,0,0,0,0,0,0,0,0,1,0,0.0,0.003144,0.0,0.000195,0.0,5e-06,7e-06,0.0,0.001095,4.3e-05
gsv-columbus-13956-CurbRamp.png,columbus-oh,13956,czvXP0J_Dq2qH5FIvrz4Ug,True,1.820169,0,0,0,0,0,0,0,0,1,0,1e-06,4e-06,0.003027,0.0,0.0,0.0,2e-06,0.0,1.6e-05,0.0
gsv-columbus-27249-CurbRamp.png,columbus-oh,27249,Km5gEwbOGg6L6QvP1z9pkQ,True,0.193725,1,0,0,0,0,0,0,0,0,0,0.999983,0.008361,0.000163,0.923312,0.0,0.0,0.000225,0.003055,2e-06,0.0
gsv-columbus-31732-CurbRamp.png,columbus-oh,31732,z5KCBEnfi62nnAf8EjGXGQ,False,7.469101,0,0,0,0,0,0,0,0,0,0,1.4e-05,0.0,2e-06,3e-06,0.0,0.0,1e-06,1e-06,0.0,6e-06
gsv-columbus-23512-CurbRamp.png,columbus-oh,23512,nEXZ8iYcPVuW6PomTklCbQ,True,1.7104,0,0,0,0,0,0,0,0,0,0,1e-06,2.1e-05,5e-05,3.4e-05,0.0,0.0,3e-06,1e-06,0.0,4e-06
gsv-columbus-26831-CurbRamp.png,columbus-oh,26831,zHGuRME7SMWlefVnKdDrJg,True,8.857718,0,0,0,0,0,0,0,0,0,0,1e-06,1e-06,5e-06,0.0,0.0,1.3e-05,0.0,0.0,2e-06,0.0
gsv-columbus-26985-CurbRamp.png,columbus-oh,26985,9AXH7ABQTSgycZPIhNJ13g,False,38.835838,0,0,0,0,0,0,0,0,0,0,0.0,1e-06,3e-06,0.0,0.0,1e-06,3e-06,0.0,0.0,0.155093
gsv-columbus-22489-CurbRamp.png,columbus-oh,22489,qbbLmdb0KyM7y8kN2yK_Pg,True,4.485041,0,0,0,0,0,0,0,0,0,0,3e-06,1e-06,0.0,1e-06,0.0,1e-06,2e-06,0.0,0.0,1e-06
gsv-columbus-27617-CurbRamp.png,columbus-oh,27617,SetA9bWa4WF3CUYJClBEhw,True,14.196843,0,0,0,0,0,0,0,0,0,0,0.999998,0.000204,0.0,0.010825,0.0,0.0,1e-05,0.0,0.000643,0.0
gsv-columbus-13811-CurbRamp.png,columbus-oh,13811,Ml_wuWK68-zZ9JggNPVgaQ,True,0.78052,0,0,0,0,0,0,0,0,0,0,0.0,0.0,0.000787,0.0,0.0,0.0,0.0,0.0,3.4e-05,1.7e-05
gsv-columbus-24360-CurbRamp.png,columbus-oh,24360,IeIJqCHjMOFsgTQN3MHlvg,True,4.067826,1,0,0,0,0,0,0,0,0,0,0.999999,1e-06,0.0,7e-06,0.0,1.8e-05,2e-06,0.0,1e-06,0.0
gsv-columbus-33270-CurbRamp.png,columbus-oh,33270,NGUaIR4DH7nKefhJuQTbbQ,True,0.801012,0,0,0,0,0,0,0,0,0,0,4e-06,1e-06,0.0,0.0,0.0,0.009413,1e-06,0.0,0.294641,9.4e-05
gsv-columbus-27575-CurbRamp.png,columbus-oh,27575,D_P8qLz12nGlbSfH6THuqw,True,15.320642,0,0,0,0,0,0,0,0,0,0,0.999991,0.0,1.4e-05,0.0,0.0,0.000764,2e-06,1e-06,1e-06,0.0
gsv-columbus-16433-CurbRamp.png,columbus-oh,16433,-Gr2U5CcVLlTXrtMrEI1kQ,True,1.00088,0,0,0,0,0,0,0,0,0,0,0.000311,0.000107,0.0,0.001786,0.0,0.0,1e-06,0.0,0.001006,5e-06
gsv-columbus-14552-CurbRamp.png,columbus-oh,14552,7OwcAo6HyAcPZSt8Q5k4Ww,True,3.67111,0,0,0,0,0,0,0,0,1,0,4.1e-05,0.002007,4.9e-05,0.0,0.0,0.0,1e-06,0.0,0.006338,0.0
gsv-columbus-33214-CurbRamp.png,columbus-oh,33214,3EIC2ft5J5G8pACNVcAh8Q,True,1.790315,0,0,0,0,0,0,0,0,1,0,4e-06,0.0,0.000241,0.0,0.0,0.0,0.0,0.0,0.169634,7.2e-05
gsv-columbus-1858-CurbRamp.png,columbus-oh,1858,qoMGoo5OybQIbOHvVBRgDg,True,5.839924,0,0,0,0,0,0,0,0,0,0,1e-06,2e-06,1e-06,2e-06,0.0,0.0,0.0,0.0,0.0,1.7e-05
gsv-columbus-22628-CurbRamp.png,columbus-oh,22628,Jobk2k_u--s99Sg-unqE2w,True,0.240246,0,0,0,0,0,0,0,0,0,0,0.0,1e-06,6.7e-05,0.0,0.0,0.000236,0.0,0.0,0.004517,0.000213
gsv-columbus-28544-CurbRamp.png,columbus-oh,28544,MemLZBOgswZwKZ0-Eq2ZKA,False,121.117598,0,0,0,0,0,0,0,0,0,0,0.004674,1e-06,0.0,0.021988,0.0,1e-06,1e-06,1e-06,0.0,2.2e-05
gsv-columbus-35292-CurbRamp.png,columbus-oh,35292,PWgrOVXSXQoIv5zAozgdxQ,True,5.911079,0,0,0,0,0,0,0,0,0,0,0.999978,0.000169,0.0,1e-06,0.0,1.3e-05,4e-06,7e-06,0.050942,1e-06
gsv-cdmx-7143-CurbRamp.png,cdmx,7143,Ag-BMp1odbvNhERojTjIKg,True,8.568784,1,0,0,0,0,0,0,0,0,0,0.999985,0.001299,0.0,0.000135,0.0,0.596417,0.0,2e-06,2e-06,0.0
gsv-cdmx-5500-CurbRamp.png,cdmx,5500,H9rT18BlQPAQG6WIB59w5A,True,10.802224,1,0,0,0,0,0,0,0,1,0,1.0,3e-06,1e-06,1.5e-05,0.0,0.479996,3e-06,0.0,9e-06,0.0
gsv-cdmx-4138-CurbRamp.png,cdmx,4138,gxwftGNSY1V_1xuneJXHkQ,True,5.3635,0,0,0,0,0,0,1,0,0,0,0.999368,1e-06,0.000554,0.011289,0.0,1.1e-05,0.099117,0.002215,1.7e-05,0.0
gsv-cdmx-6673-CurbRamp.png,cdmx,6673,CzaD8sdxQviWz3pDl1Qxqg,False,99.823088,1,0,0,0,0,0,0,0,0,0,1.0,0.832716,0.000912,1e-06,0.0,5e-05,1.8e-05,0.000356,7.7e-05,0.0
gsv-cdmx-5344-CurbRamp.png,cdmx,5344,vehnLG1tM6_NPj2PnyS1pQ,True,10.262509,1,0,0,0,0,0,0,0,1,0,0.999991,0.198967,4.2e-05,0.019501,0.0,0.001164,3e-06,0.004439,0.999998,7e-06
gsv-cdmx-2791-CurbRamp.png,cdmx,2791,1evamKzpbb8G0S3Th0i1MQ,False,48.793155,1,0,0,0,0,0,0,0,1,0,0.999973,0.904179,3e-05,9e-06,0.0,1.2e-05,1e-06,2.3e-05,0.997986,0.0
gsv-cdmx-4549-CurbRamp.png,cdmx,4549,LdBAj6kgNkE4raza8tINNg,True,10.258995,1,0,0,0,0,1,0,0,0,0,0.999999,1.8e-05,3e-06,2e-05,0.0,5.4e-05,3e-06,7e-06,0.0,0.0
gsv-cdmx-2802-CurbRamp.png,cdmx,2802,gGw5qrQGfwNxJCGs47LRDA,True,9.74919,1,0,0,0,0,0,0,0,0,0,1.0,0.000176,0.001382,0.0,0.0,0.189577,0.0,2.1e-05,2e-06,0.0
gsv-cdmx-7535-CurbRamp.png,cdmx,7535,KNPqMwfrif9V7pMMhYGS_g,True,9.834588,1,0,0,0,0,0,1,0,1,0,0.999995,0.000324,0.001046,0.009176,0.0,0.003989,0.49722,0.212507,0.999411,5e-06
gsv-cdmx-3927-CurbRamp.png,cdmx,3927,Mb-xNctAokCMpusxVBSPFQ,False,70.516447,1,0,0,0,0,0,0,0,0,0,1.0,0.000163,0.0,0.000111,0.0,0.002762,3e-06,0.000104,3e-06,0.0
gsv-cdmx-2341-CurbRamp.png,cdmx,2341,AJv1E0g-wv6FdmoqG57bVA,False,0.768527,1,1,0,0,0,0,0,0,0,0,0.999944,0.000121,1e-06,0.784234,0.0,0.0,0.001248,2e-06,0.045976,0.0
gsv-cdmx-5728-CurbRamp.png,cdmx,5728,T8Zhy6FLNcCxMNEZyH4iRA,False,232.111334,1,0,0,0,0,0,0,0,1,0,1.0,0.989827,9e-06,1.1e-05,0.0,0.000183,0.0,0.000325,0.00971,0.0
gsv-cdmx-1934-CurbRamp.png,cdmx,1934,fTr-Xp356SoI_KGS15DjIg,False,55.009194,1,0,0,0,0,0,0,1,1,0,1.0,0.0,2e-06,0.026445,0.0,5.9e-05,9e-06,1.2e-05,0.001173,0.0
gsv-cdmx-6148-CurbRamp.png,cdmx,6148,Wq7E4x0-9ncuMu9DXjSVQg,True,5.822005,1,0,0,0,0,0,0,0,1,0,1.0,0.515587,0.000268,1e-06,0.0,0.002441,2e-06,0.0,1e-05,0.0
gsv-cdmx-6762-CurbRamp.png,cdmx,6762,6jeMhMjByggdfyjCPHYx1g,False,96.850217,1,0,0,1,0,0,0,1,0,0,0.999795,0.392258,0.008245,0.833281,0.0,0.0,0.000105,0.087645,0.737286,0.0
gsv-cdmx-7020-CurbRamp.png,cdmx,7020,TvVnuM4gUJLK2qX2qITKeA,False,8.539831,1,0,0,1,0,0,0,1,1,0,1.0,0.520114,1e-06,0.001197,0.0,6e-06,5e-06,7e-05,0.866456,0.0
gsv-cdmx-4705-CurbRamp.png,cdmx,4705,NOetO-85W0ZNoTQ1dA-Kfw,True,0.824185,1,0,0,0,0,0,0,0,0,0,1.0,5e-06,0.0,2e-05,0.0,0.000168,1.3e-05,3.9e-05,1e-06,0.0
gsv-cdmx-5447-CurbRamp.png,cdmx,5447,gdu2QLlTjoamn0JLNGwqzw,True,9.614282,1,0,0,0,0,0,0,0,0,0,1.0,0.176001,0.0,0.004548,0.0,0.002292,2.5e-05,3.8e-05,0.0,0.0
gsv-cdmx-4934-CurbRamp.png,cdmx,4934,cPWRzd7cm6vUGvxx3qfO8Q,True,10.053722,0,0,0,0,0,0,0,0,0,0,0.999401,1.9e-05,0.037188,0.00022,0.0,0.998877,1e-06,3e-06,7.9e-05,0.0
gsv-cdmx-3554-CurbRamp.png,cdmx,3554,7qcXJgPuWmXqLRINSHk3IQ,False,27.054068,0,0,0,0,0,0,0,0,0,0,1.0,0.754834,1e-06,0.00012,0.0,0.008756,3e-06,0.0,0.000221,0.0
gsv-cdmx-3518-CurbRamp.png,cdmx,3518,d3awyM8sELQFNG-RE-5QYw,False,20.209476,1,0,0,1,0,0,0,0,0,0,0.999992,0.995098,5e-06,1e-05,0.0,0.0,6e-06,0.000871,0.0,0.0
gsv-cdmx-6089-CurbRamp.png,cdmx,6089,KibtUsU3jS20L5x2-urpug,False,20.441388,1,0,0,0,0,0,0,0,0,0,0.999939,3.3e-05,6.8e-05,2e-06,0.0,0.420573,6e-06,0.0,0.754567,0.0
gsv-cdmx-4168-CurbRamp.png,cdmx,4168,QSdl7ilcqEfzkf3tVUEUNA,False,2.487469,1,0,0,0,0,1,0,0,0,0,0.999999,0.995502,0.001621,0.0,0.0,0.493025,1e-06,0.001243,4e-06,0.0
gsv-cdmx-6231-CurbRamp.png,cdmx,6231,0YYvtr_5tVlefeTmvUG5Iw,False,210.934083,1,1,0,0,0,1,0,0,0,0,0.999987,0.999949,2.3e-05,0.000731,0.0,0.990635,1e-05,0.000593,0.009861,1e-06
gsv-cdmx-3325-CurbRamp.png,cdmx,3325,u9rQyEVZmiVygSrExot5ZA,False,191.754354,1,0,0,0,0,1,0,0,0,0,0.999999,0.004048,0.0,0.002876,0.0,0.967349,4e-06,1e-06,0.0,0.0
gsv-cdmx-7554-CurbRamp.png,cdmx,7554,9kJe77CzlaHfcCocV9HtvA,False,80.572359,1,1,0,0,0,0,0,0,0,0,0.990573,0.012057,0.052116,0.0,0.0,0.999176,1e-06,0.0,2.6e-05,0.0
gsv-cdmx-1917-CurbRamp.png,cdmx,1917,cCuI2inC3SAJ2GoQ2fbaeQ,False,37.296799,1,0,0,0,0,0,0,0,0,0,0.999999,0.991313,9e-06,0.000386,0.0,0.000438,1e-06,0.809797,5e-06,0.0
gsv-cdmx-6027-CurbRamp.png,cdmx,6027,0rYYm31Eyfxv4l6ZUM_bMg,False,15.801322,1,0,0,0,0,1,0,0,0,0,1.0,0.007592,0.0,1.7e-05,0.0,0.886013,0.0,0.003257,7.2e-05,0.0
gsv-cdmx-4681-CurbRamp.png,cdmx,4681,JY47GPs4hy6zkSLro2f5_A,False,68.274616,1,0,0,1,0,0,0,0,0,0,1.0,0.000469,8.1e-05,3.6e-05,0.0,0.111582,1e-06,6.3e-05,0.0,0.0
gsv-cdmx-2510-CurbRamp.png,cdmx,2510,PQgDGLajXZD6AeD9O0zF1Q,False,172.176358,1,0,0,0,0,0,0,0,0,0,0.998407,0.000161,0.0,0.00024,0.0,0.0,1e-06,2e-06,5.8e-05,0.0
gsv-cdmx-7193-CurbRamp.png,cdmx,7193,ym6y8wuHCQ2pzgk_k1-9VQ,False,30.004876,1,0,0,0,0,0,0,0,0,0,1.0,2.7e-05,1e-05,6.6e-05,0.0,1.9e-05,2e-06,0.000251,0.0,0.0
gsv-cdmx-3244-CurbRamp.png,cdmx,3244,Ybzd_fm96Yo8sCmgLyn8eA,False,1.33197,1,0,0,0,0,1,0,0,0,0,1.0,7.1e-05,1e-06,1.2e-05,0.0,0.002262,2e-06,0.005263,0.000153,0.0
gsv-cdmx-7778-CurbRamp.png,cdmx,7778,Gn1tBUYWdKnnZVPzgVHtHA,True,11.216652,1,0,0,0,0,0,0,0,1,0,1.0,0.000195,6.8e-05,0.000223,0.0,0.0,0.0,0.000365,0.001466,0.0
gsv-cdmx-7493-CurbRamp.png,cdmx,7493,P4TxXcinMkeys4TMWGx2TA,False,8.125105,1,0,0,0,0,0,0,0,0,0,0.999988,0.0,0.0,8e-06,0.0,0.008375,1e-06,2e-06,0.0,0.0
gsv-cdmx-7622-CurbRamp.png,cdmx,7622,cP5nHCZxtRdlPJM3YnoZog,True,8.450216,1,0,0,0,0,0,0,0,0,0,1.0,0.024582,0.001509,1e-06,0.0,0.010094,2e-06,0.000141,2e-06,0.0
gsv-cdmx-7578-CurbRamp.png,cdmx,7578,1lKbDD7H9SzF5_w-PWFd1g,True,13.555732,1,0,0,0,0,0,0,0,0,0,0.999999,0.999678,2e-06,0.000209,0.0,4e-06,2e-06,0.080313,1e-05,1e-06
gsv-cdmx-6942-CurbRamp.png,cdmx,6942,dw2p8quy9AyPVrMzdlwsSg,True,0.312052,1,0,0,1,0,0,0,0,1,0,1.0,0.943634,1.4e-05,0.000636,0.0,0.00034,1.7e-05,4.3e-05,1e-06,0.0
gsv-cdmx-2732-CurbRamp.png,cdmx,2732,zBpEu_WzDapK4l3oFkuiIg,False,61.778736,1,0,0,0,0,0,0,0,0,0,1.0,0.000243,0.001929,1e-06,0.0,0.000921,1e-06,7e-06,0.0,0.0
gsv-cdmx-2457-CurbRamp.png,cdmx,2457,Qqce-H22M8HqzSsYEJ9gMQ,True,0.0,1,0,0,0,0,0,0,0,0,0,1.0,0.000865,0.009336,0.0,0.0,4.4e-05,0.0,0.0002,3e-06,0.0
gsv-cdmx-7210-CurbRamp.png,cdmx,7210,C-A23mGMUvWwOL9BJj8Ppg,True,6.669058,1,0,0,0,0,0,0,0,0,0,1.0,9.1e-05,0.0,1.2e-05,0.0,0.11329,1e-06,9.6e-05,0.0,0.0
gsv-cdmx-5398-CurbRamp.png,cdmx,5398,_f5GJgMRsEppcV2Wl1cDNw,True,0.845083,1,0,0,0,0,0,0,0,0,0,0.996748,1.6e-05,0.0,1e-06,0.0,0.0,0.0,0.0,1e-06,0.0
gsv-cdmx-3145-CurbRamp.png,cdmx,3145,KdAXEgddK5SyTGnjoDsfLw,False,16.136427,1,0,0,0,0,0,0,0,0,0,0.998369,0.58498,7e-06,0.0,0.0,0.0,0.0,0.0,0.0,0.0
gsv-cdmx-6238-CurbRamp.png,cdmx,6238,HJRXpOmXZMhgmqglc3urKQ,True,6.79834,1,1,0,0,0,1,0,0,0,0,0.999998,0.087756,8e-06,0.0,0.0,4e-06,0.0,0.0,0.000108,0.0
gsv-cdmx-5499-CurbRamp.png,cdmx,5499,H9rT18BlQPAQG6WIB59w5A,True,0.824325,1,0,0,0,0,1,0,0,0,0,0.999998,2e-06,1e-06,0.0,0.0,0.000238,1e-06,1e-06,0.0,0.0
gsv-cdmx-2008-CurbRamp.png,cdmx,2008,l-yqyjciw8fdpD4sGHic7A,False,1.026236,1,1,0,0,0,0,0,0,0,0,1.0,0.271272,0.0,6e-06,0.0,0.0,1e-06,3e-06,1e-06,0.0
gsv-cdmx-7189-CurbRamp.png,cdmx,7189,TgwzhbBPu1hofd_Mti0ujA,False,32.790743,1,0,0,0,0,0,0,0,0,0,6.5e-05,2e-06,0.0,2e-06,0.0,1.2e-05,0.0,0.0,0.0,2e-06
gsv-cdmx-5999-CurbRamp.png,cdmx,5999,Bl2OklmK3w5zNLJbjpaoZA,True,13.603888,1,0,0,1,0,0,0,0,0,0,0.999985,0.012326,0.0,0.330897,0.0,0.0,1.3e-05,0.000686,0.003485,0.0
gsv-cdmx-5346-CurbRamp.png,cdmx,5346,vehnLG1tM6_NPj2PnyS1pQ,True,9.201988,1,0,0,0,0,0,0,0,1,0,0.999998,0.999069,0.000787,1e-06,0.0,0.000101,7e-06,0.267346,0.526004,0.0
gsv-cdmx-6822-CurbRamp.png,cdmx,6822,EVlGiQFm_5CtsmwBrohyIg,True,9.947446,1,1,0,0,0,0,0,0,0,0,1.0,0.02122,8.7e-05,1e-06,0.0,0.335911,0.0,9e-06,0.0,0.0
gsv-cdmx-7546-CurbRamp.png,cdmx,7546,-Hb5xBUNNsl8CovsKTik_A,True,9.718837,1,0,0,1,0,0,0,0,1,0,0.999999,0.600587,1e-06,0.006306,0.0,0.005996,1e-06,0.011021,0.041178,0.0
gsv-cdmx-7245-CurbRamp.png,cdmx,7245,eDN4qJYuiTuYU--7wI8U1A,False,114.316715,1,0,0,0,0,0,1,0,1,0,1.0,0.000551,0.432419,2e-06,0.0,0.217358,0.000267,1e-06,0.222292,0.0
gsv-spgg-3665-CurbRamp.png,spgg,3665,PpgAzD5PQ7BgQUzO8L94nA,False,45.16735,1,0,0,0,0,0,0,0,0,0,0.999911,0.0021,0.001973,0.0,0.0,0.385803,0.0,0.0,0.000196,0.0
gsv-spgg-6835-CurbRamp.png,spgg,6835,6f-QKQ72EVJFaq4qleuGtA,False,67.446716,1,0,0,0,0,0,0,0,0,0,0.96783,0.125947,0.0,0.0,0.0,0.001262,2.6e-05,0.0,0.0,0.0
gsv-spgg-2588-CurbRamp.png,spgg,2588,sNwUhUNRU41g0GIquIiOVw,False,26.069258,1,0,1,0,0,0,0,0,0,0,1.0,0.000269,2.5e-05,3e-06,0.0,8e-06,3e-06,0.0,1e-06,0.0
gsv-spgg-82643-CurbRamp.png,spgg,82643,18_eb4le112EvdVABJYhtA,False,554.882773,1,0,0,0,0,0,0,0,0,0,0.999999,2.9e-05,2.7e-05,3e-06,0.0,0.0,1e-06,0.000151,1e-06,0.0
gsv-spgg-99-CurbRamp.png,spgg,99,BjfvsqeK2tp10U3cJ9hYCg,True,0.761735,1,0,0,1,0,0,0,0,1,0,0.998093,0.000974,0.018041,0.000403,0.0,1e-06,1.4e-05,0.0,0.999973,0.0
gsv-spgg-53876-CurbRamp.png,spgg,53876,GW0m5aszwGaQylZtseSxrg,True,0.232521,1,0,1,0,0,0,0,0,0,0,0.999739,0.999998,0.016158,8e-06,0.0,1e-06,1.1e-05,0.00039,0.006852,0.0
gsv-spgg-62075-CurbRamp.png,spgg,62075,gfnGGhK7vP0iB5rEK_Q_Ig,False,876.758737,1,0,0,0,0,1,0,1,0,0,0.999999,0.996297,0.987626,4.8e-05,0.0,0.000238,2e-06,3e-05,1.3e-05,0.0
gsv-spgg-18997-CurbRamp.png,spgg,18997,jz5rxYO8kpLXj4Pf9DBKaw,False,83.307587,1,0,0,1,0,0,0,0,1,0,1.0,0.999837,0.000122,3e-06,0.0,0.000148,7e-06,1e-06,0.032308,0.0
gsv-spgg-23676-CurbRamp.png,spgg,23676,rLwnism_l-2lvB3wtkaYcQ,False,70.546181,1,0,0,0,0,0,0,0,0,0,1.0,0.881165,0.999885,6e-06,0.0,0.001167,5e-06,0.001931,0.00103,0.0
gsv-spgg-7856-CurbRamp.png,spgg,7856,KVXBjJohkESrroJA2YJi2Q,False,0.800127,1,1,0,0,0,0,0,0,0,0,0.980642,0.98988,1.8e-05,2e-06,0.0,0.0,0.0,2e-06,9e-06,0.0
gsv-spgg-86981-CurbRamp.png,spgg,86981,_jYy4KOydCkssJAo7uiKNQ,False,11.025913,1,1,0,0,0,0,0,0,1,0,0.999524,5e-06,0.000171,0.948407,0.0,1e-06,3.1e-05,0.011608,2e-06,0.0
gsv-spgg-83043-CurbRamp.png,spgg,83043,0swu4hy8PUqnOJ-sWzJ2yw,True,10.20603,1,0,0,0,0,0,0,0,0,0,0.609697,7.8e-05,0.0,0.0,0.0,0.0,0.0,0.0,2e-06,0.0
gsv-spgg-7438-CurbRamp.png,spgg,7438,QD06Ws1KiprZr0WP5WCCQA,False,18.203242,1,1,0,0,0,0,0,0,0,0,1.0,0.997383,0.003278,4e-06,0.0,0.000299,1e-06,1e-06,0.0,0.0
gsv-spgg-19326-CurbRamp.png,spgg,19326,M8Elf8uz3vo5Xe1iDuoIkw,False,241.571604,1,1,0,0,0,0,0,0,1,0,1.0,0.840284,0.853706,0.000224,0.0,0.000728,1e-06,0.001703,0.227701,0.0
gsv-spgg-18923-CurbRamp.png,spgg,18923,xzZJ3PRaSy4QxH5SJHRGqQ,True,13.53412,1,0,0,0,0,0,0,0,0,0,0.737642,0.009987,4e-06,0.0,0.0,0.0,1e-06,0.0,1e-06,0.0
gsv-spgg-53954-CurbRamp.png,spgg,53954,tD6_dewQykC3okc6UP7j6Q,True,3.673766,1,0,0,0,0,0,0,0,0,0,1.0,2e-05,0.003912,3e-06,0.0,0.000365,0.0,2e-06,0.0,0.0
gsv-spgg-23613-CurbRamp.png,spgg,23613,iFbYNH-f2M58VPLkuEHcig,False,137.749732,1,0,0,0,0,0,0,0,0,0,1.0,0.104701,3.3e-05,2.4e-05,0.0,2e-06,5e-06,7e-05,0.000447,0.0
gsv-spgg-68704-CurbRamp.png,spgg,68704,tQYcQbZbzm2hh2GAX_kt0w,False,253.729162,1,0,0,0,0,0,0,0,0,0,0.999999,0.00077,0.000142,1e-06,0.0,0.001117,0.0,0.000734,0.0,0.0
gsv-spgg-56555-CurbRamp.png,spgg,56555,37wuyPy6pqV6IYgRknvnGA,False,189.006566,1,0,0,0,0,0,0,0,0,0,0.999995,0.999888,0.331418,2e-06,0.0,8.6e-05,1e-06,0.000474,1e-06,0.0
gsv-spgg-16842-CurbRamp.png,spgg,16842,qJ3_Kxf0eZ_emagKtzEFNQ,False,10.89631,1,0,0,0,0,0,0,0,0,0,1.0,0.002557,0.006841,0.0,0.0,4.4e-05,9e-06,3.2e-05,0.005649,0.0
gsv-spgg-77392-CurbRamp.png,spgg,77392,Hta3Qkl5y2vAuvIdZq8vAw,False,265.140358,1,0,0,0,0,0,0,0,0,0,0.998657,0.000245,0.0,0.0,0.0,0.0,0.0,0.0,0.0,0.0
gsv-spgg-60999-CurbRamp.png,spgg,60999,XnhvwUs2_GqT0Fvl0zVKhA,True,0.150011,1,0,0,0,0,0,0,0,0,0,1.0,0.993276,3.1e-05,0.0,0.0,0.001347,0.0,3e-06,0.00013,0.0
gsv-spgg-72757-CurbRamp.png,spgg,72757,DN_D0ZzDYDvr1t2sUfMQpQ,False,9.454903,1,0,0,0,0,0,0,0,0,0,0.999998,0.998098,3e-05,8e-06,0.0,0.0,1e-06,8.3e-05,6e-06,0.0
gsv-spgg-8014-CurbRamp.png,spgg,8014,glf2MUqeoGzwSx5iCawwfA,True,3.259326,1,0,0,0,0,1,0,0,0,0,1.0,0.870508,0.040037,9e-06,0.0,0.080228,0.0,0.002694,0.0,0.0
gsv-spgg-15101-CurbRamp.png,spgg,15101,tomw04eXXYNJ_Qv8dQSiYA,True,0.845083,1,1,1,0,0,0,0,0,0,0,0.998553,0.999613,0.978272,4e-06,0.0,1e-06,5e-06,3e-06,1.7e-05,0.0
gsv-spgg-21852-CurbRamp.png,spgg,21852,L8SHVVVik8I5A7AtTK8KHA,False,1.224649,1,0,0,0,0,0,0,0,0,0,0.16084,8.6e-05,0.0,4e-06,0.0,0.0,0.0,0.0,2e-06,0.0
gsv-spgg-75057-CurbRamp.png,spgg,75057,beaEzkHNNfSoYiszzMegTg,True,9.526826,1,0,0,0,0,0,0,0,0,0,0.999998,0.002355,0.000903,3e-06,0.0,0.778656,0.0,8e-06,0.010939,0.0
gsv-spgg-86317-CurbRamp.png,spgg,86317,6zfipNp7gbcOQgOz0IBx4Q,True,8.610844,0,0,0,0,0,0,0,0,0,0,0.999253,0.00012,0.0,1e-06,0.0,0.0,0.0,0.0,0.0,0.0
gsv-spgg-54133-CurbRamp.png,spgg,54133,lqRk1JRDdyuo_24cCroPkg,False,59.05827,1,0,0,0,0,0,0,0,0,0,0.999989,0.000247,1e-06,1.2e-05,0.0,0.0,1e-06,0.0,3e-06,0.0
gsv-spgg-86225-CurbRamp.png,spgg,86225,0SogcXheAApD5qDyyX9FAA,False,391.133424,1,0,0,0,0,0,0,0,0,0,1.0,0.000284,1e-06,0.007531,0.0,0.013044,0.000976,5e-06,0.000532,0.0
gsv-spgg-15078-CurbRamp.png,spgg,15078,FK8NB_DTuR4KgEbZ4wybaQ,True,0.22239,1,0,1,0,0,1,0,0,0,0,0.999999,0.982623,0.996882,1.8e-05,0.0,1.4e-05,5e-06,2e-06,0.000127,0.0
gsv-spgg-7532-CurbRamp.png,spgg,7532,zaoPLOq7Qwc-7jzMXizzeA,True,2.335097,1,1,0,0,0,0,0,0,0,0,0.999998,0.996671,0.697156,3e-06,0.0,5e-06,4e-06,3.7e-05,0.0,0.0
gsv-spgg-16223-CurbRamp.png,spgg,16223,FzMa7Bhk-5T54p0m-1mLXw,True,10.018296,1,1,0,0,0,0,0,0,1,0,0.999506,0.002422,0.526637,3.5e-05,0.0,0.0,1e-06,6e-06,0.0,0.0
gsv-spgg-77239-CurbRamp.png,spgg,77239,-Kmdm89bqcZsv0xhf9tEUA,True,0.349563,1,0,0,0,0,1,0,0,0,0,1.0,0.013992,0.000249,1e-06,0.0,0.093903,0.0,2.7e-05,0.967367,0.0
gsv-spgg-7899-CurbRamp.png,spgg,7899,kWwmGd_Hy2jHiD8rWQi98w,False,16.811068,1,0,0,0,0,1,0,0,0,0,1.0,0.000224,2.5e-05,0.0,0.0,0.04601,0.0,0.000108,0.0,0.0
gsv-spgg-25799-CurbRamp.png,spgg,25799,i3mMnuS8G6khdHsfgyJK9A,True,9.676623,1,0,0,0,0,1,0,0,0,0,1.0,0.008843,0.0,4.7e-05,0.0,0.000681,2e-06,1e-06,0.085133,0.0
gsv-spgg-56554-CurbRamp.png,spgg,56554,37wuyPy6pqV6IYgRknvnGA,False,175.267396,1,0,0,0,0,0,0,0,0,0,1.0,2e-05,6.7e-05,2.6e-05,0.0,2e-06,2e-06,4.4e-05,0.0,0.0
gsv-spgg-1432-CurbRamp.png,spgg,1432,yEvU94qVhQjWHt7yHNf6QQ,True,0.705103,1,0,0,0,0,0,0,0,0,0,0.995082,0.999954,0.00016,0.0,0.0,0.012814,1e-06,1e-06,3e-05,0.0
gsv-spgg-3692-CurbRamp.png,spgg,3692,dACq1Oz_y6P0v42IfkT8Lw,False,99.179847,1,0,0,0,0,0,0,0,0,0,0.999987,0.99944,0.001036,0.02076,0.0,0.010754,0.000752,2e-06,4.5e-05,0.0
gsv-spgg-70803-CurbRamp.png,spgg,70803,sTSUA5FNENakBsZj1S1K_Q,False,655.271947,1,1,1,0,0,1,0,1,0,0,0.999999,0.0,0.00011,9e-06,0.0,0.012486,1e-06,2.5e-05,0.0,0.0
gsv-spgg-51280-CurbRamp.png,spgg,51280,eHDN6ax0V8rk4g4TbKCPUw,False,175.911791,1,0,0,0,0,1,0,0,0,0,1.0,2.7e-05,0.000111,6e-06,0.0,0.009155,3.8e-05,3e-06,0.676956,0.0
gsv-spgg-44116-CurbRamp.png,spgg,44116,uJZjgy7sNHYzswd1BgYXIQ,False,1.796391,1,0,0,0,0,1,0,0,0,0,0.999871,0.607487,0.0,6.5e-05,0.0,0.044491,0.0,8e-06,1e-06,0.0
gsv-spgg-14868-CurbRamp.png,spgg,14868,4kAhXJggsGpLUrZuyMoOPQ,True,2.304837,1,1,1,1,0,1,0,1,0,0,0.999981,0.005339,5e-06,0.0,0.0,0.003199,7.6e-05,1e-06,0.0,0.0
gsv-spgg-14879-CurbRamp.png,spgg,14879,V4F2CjYf3n5i_ItfJoBHFg,True,5.927054,1,0,0,0,0,0,0,0,0,0,0.999999,0.998874,2e-06,5.9e-05,0.0,0.0,4e-06,5e-05,5e-06,0.0
gsv-spgg-25082-CurbRamp.png,spgg,25082,iWMaF6PktXnALKQJs9jOdQ,False,276.484806,1,0,0,0,0,0,0,0,1,0,1.0,0.02844,0.000213,0.0,0.0,0.00015,0.0,0.0,0.0707,0.0
gsv-spgg-3709-CurbRamp.png,spgg,3709,Klu76LwCfQXIJ1LbOTke_A,False,6.407007,1,0,0,0,0,0,0,0,0,0,0.999976,0.012764,0.038458,0.0,0.0,0.0,0.0,1e-06,0.0,0.0
