label_uid,split
pittsburgh-pa:9291,test
pittsburgh-pa:10833,test
pittsburgh-pa:15469,test
pittsburgh-pa:14532,test
pittsburgh-pa:11619,test
pittsburgh-pa:6684,test
pittsburgh-pa:4076,test
pittsburgh-pa:6073,test
pittsburgh-pa:16216,test
pittsburgh-pa:11848,test
pittsburgh-pa:11614,test
pittsburgh-pa:16389,test
pittsburgh-pa:12779,test
pittsburgh-pa:15285,test
pittsburgh-pa:11038,test
pittsburgh-pa:15444,test
pittsburgh-pa:15082,test
pittsburgh-pa:9263,test
pittsburgh-pa:16460,test
pittsburgh-pa:10750,test
pittsburgh-pa:6310,test
pittsburgh-pa:16052,test
pittsburgh-pa:15501,test
pittsburgh-pa:15142,test
pittsburgh-pa:1992,test
pittsburgh-pa:3691,test
pittsburgh-pa:10961,test
pittsburgh-pa:9075,test
pittsburgh-pa:10520,test
pittsburgh-pa:14274,test
pittsburgh-pa:167,test
pittsburgh-pa:2404,test
pittsburgh-pa:8475,test
pittsburgh-pa:13291,test
pittsburgh-pa:15036,test
pittsburgh-pa:9015,test
pittsburgh-pa:3363,test
pittsburgh-pa:3370,test
pittsburgh-pa:7093,test
pittsburgh-pa:15126,test
pittsburgh-pa:15278,test
pittsburgh-pa:16378,test
pittsburgh-pa:13273,test
pittsburgh-pa:7972,test
pittsburgh-pa:14023,test
pittsburgh-pa:12019,test
pittsburgh-pa:16495,test
pittsburgh-pa:16393,test
pittsburgh-pa:8845,test
pittsburgh-pa:12646,test
pittsburgh-pa:11314,test
pittsburgh-pa:3187,test
pittsburgh-pa:8529,test
pittsburgh-pa:9820,test
pittsburgh-pa:13791,test
pittsburgh-pa:11751,test
pittsburgh-pa:3754,test
pittsburgh-pa:1986,test
pittsburgh-pa:8702,test
pittsburgh-pa:15398,test
pittsburgh-pa:16204,test
pittsburgh-pa:5522,test
pittsburgh-pa:1816,test
pittsburgh-pa:11307,test
pittsburgh-pa:5520,test
pittsburgh-pa:9869,test
pittsburgh-pa:15161,test
pittsburgh-pa:9235,test
pittsburgh-pa:1013,test
pittsburgh-pa:15758,test
pittsburgh-pa:8798,test
pittsburgh-pa:14410,test
pittsburgh-pa:6591,test
pittsburgh-pa:3911,test
pittsburgh-pa:8560,test
seattle-wa:218199,test
seattle-wa:873,test
seattle-wa:165149,test
seattle-wa:13729,test
seattle-wa:188904,test
seattle-wa:33924,test
seattle-wa:170046,test
seattle-wa:123279,test
seattle-wa:178987,test
seattle-wa:99197,test
seattle-wa:207350,test
seattle-wa:17123,test
seattle-wa:145848,test
seattle-wa:175110,test
seattle-wa:208995,test
seattle-wa:37644,test
seattle-wa:141782,test
seattle-wa:75860,test
seattle-wa:117963,test
seattle-wa:200230,test
seattle-wa:109452,test
seattle-wa:251103,test
seattle-wa:184891,test
seattle-wa:255072,test
seattle-wa:141755,test
seattle-wa:127220,test
seattle-wa:235657,test
seattle-wa:11268,test
seattle-wa:263134,test
seattle-wa:11166,test
seattle-wa:210105,test
seattle-wa:98554,test
seattle-wa:209451,test
seattle-wa:6034,test
seattle-wa:44981,test
seattle-wa:554,test
seattle-wa:107880,test
seattle-wa:227064,test
seattle-wa:196878,test
seattle-wa:269010,test
seattle-wa:17185,test
seattle-wa:115288,test
seattle-wa:72491,test
seattle-wa:232068,test
seattle-wa:251871,test
seattle-wa:31038,test
seattle-wa:162061,test
seattle-wa:66954,test
seattle-wa:30900,test
seattle-wa:189379,test
seattle-wa:97638,test
seattle-wa:170176,test
seattle-wa:75861,test
seattle-wa:187372,test
seattle-wa:223527,test
seattle-wa:115338,test
seattle-wa:13706,test
seattle-wa:255076,test
seattle-wa:251906,test
seattle-wa:268958,test
seattle-wa:15942,test
seattle-wa:124690,test
seattle-wa:38267,test
seattle-wa:164986,test
seattle-wa:235921,test
seattle-wa:191593,test
seattle-wa:96681,test
seattle-wa:96732,test
seattle-wa:166262,test
seattle-wa:194307,test
seattle-wa:235678,test
seattle-wa:96447,test
seattle-wa:150702,test
seattle-wa:223499,test
seattle-wa:244274,test
seattle-wa:191108,test
seattle-wa:61703,test
seattle-wa:238612,test
seattle-wa:96707,test
seattle-wa:182891,test
seattle-wa:245996,test
seattle-wa:124281,test
seattle-wa:273428,test
seattle-wa:245781,test
seattle-wa:66970,test
seattle-wa:182103,test
seattle-wa:103682,test
seattle-wa:100631,test
seattle-wa:117189,test
seattle-wa:263276,test
seattle-wa:191052,test
seattle-wa:4246,test
seattle-wa:11110,test
seattle-wa:11661,test
seattle-wa:712,test
seattle-wa:33296,test
seattle-wa:14743,test
seattle-wa:191605,test
seattle-wa:244276,test
seattle-wa:259159,test
seattle-wa:14251,test
seattle-wa:72295,test
seattle-wa:13893,test
seattle-wa:207382,test
seattle-wa:43623,test
seattle-wa:234307,test
seattle-wa:17656,test
seattle-wa:262484,test
seattle-wa:237484,test
seattle-wa:227026,test
seattle-wa:190803,test
seattle-wa:263384,test
seattle-wa:178699,test
seattle-wa:232256,test
seattle-wa:100632,test
seattle-wa:190624,test
seattle-wa:47828,test
seattle-wa:175975,test
seattle-wa:235213,test
seattle-wa:238869,test
seattle-wa:182888,test
seattle-wa:4601,test
seattle-wa:160741,test
seattle-wa:74790,test
seattle-wa:112880,test
seattle-wa:195765,test
seattle-wa:95434,test
seattle-wa:219135,test
seattle-wa:148604,test
seattle-wa:207933,test
seattle-wa:72781,test
seattle-wa:262912,test
seattle-wa:2627,test
seattle-wa:104310,test
seattle-wa:162179,test
seattle-wa:150969,test
seattle-wa:200677,test
seattle-wa:72293,test
seattle-wa:95428,test
seattle-wa:193296,test
seattle-wa:209468,test
seattle-wa:236331,test
seattle-wa:192941,test
seattle-wa:1233,test
seattle-wa:191042,test
seattle-wa:193232,test
seattle-wa:30836,test
seattle-wa:18823,test
seattle-wa:125764,test
seattle-wa:29303,test
seattle-wa:170459,test
seattle-wa:104183,test
seattle-wa:219207,test
seattle-wa:116690,test
seattle-wa:26880,test
seattle-wa:270219,test
seattle-wa:4374,test
seattle-wa:17679,test
seattle-wa:41509,test
seattle-wa:83383,test
seattle-wa:106853,test
seattle-wa:244286,test
seattle-wa:3009,test
seattle-wa:178663,test
seattle-wa:1457,test
seattle-wa:81510,test
seattle-wa:263736,test
seattle-wa:234408,test
seattle-wa:83767,test
seattle-wa:115426,test
seattle-wa:273451,test
seattle-wa:132590,test
seattle-wa:179332,test
seattle-wa:238383,test
seattle-wa:84962,test
seattle-wa:165785,test
seattle-wa:265320,test
seattle-wa:202390,test
seattle-wa:262939,test
seattle-wa:120865,test
seattle-wa:227100,test
seattle-wa:241930,test
seattle-wa:52318,test
seattle-wa:237077,test
seattle-wa:205579,test
seattle-wa:145910,test
seattle-wa:260178,test
seattle-wa:132617,test
seattle-wa:240826,test
seattle-wa:191209,test
seattle-wa:273466,test
seattle-wa:193162,test
seattle-wa:17917,test
seattle-wa:191055,test
seattle-wa:2790,test
seattle-wa:99193,test
seattle-wa:186552,test
seattle-wa:162475,test
seattle-wa:127243,test
seattle-wa:58990,test
seattle-wa:104181,test
seattle-wa:236556,test
seattle-wa:8627,test
seattle-wa:263455,test
seattle-wa:104219,test
seattle-wa:13707,test
seattle-wa:72553,test
seattle-wa:35133,test
seattle-wa:207150,test
seattle-wa:120966,test
seattle-wa:171530,test
seattle-wa:99115,test
seattle-wa:226454,test
seattle-wa:238704,test
seattle-wa:133931,test
seattle-wa:75730,test
seattle-wa:123212,test
seattle-wa:161381,test
seattle-wa:263667,test
seattle-wa:265576,test
seattle-wa:98948,test
seattle-wa:44932,test
seattle-wa:16453,test
seattle-wa:30421,test
seattle-wa:193294,test
seattle-wa:97598,test
seattle-wa:109704,test
seattle-wa:67636,test
seattle-wa:158020,test
seattle-wa:98418,test
seattle-wa:151099,test
seattle-wa:136642,test
seattle-wa:153194,test
seattle-wa:163998,test
seattle-wa:99462,test
seattle-wa:270816,test
seattle-wa:104619,test
seattle-wa:95432,test
seattle-wa:259950,test
seattle-wa:28661,test
seattle-wa:161378,test
seattle-wa:179929,test
seattle-wa:42701,test
seattle-wa:2644,test
seattle-wa:38136,test
seattle-wa:143675,test
seattle-wa:241932,test
seattle-wa:52982,test
seattle-wa:39391,test
seattle-wa:98611,test
seattle-wa:157692,test
seattle-wa:74311,test
seattle-wa:255694,test
seattle-wa:251111,test
seattle-wa:123434,test
seattle-wa:183878,test
seattle-wa:245294,test
seattle-wa:161890,test
seattle-wa:1680,test
seattle-wa:239134,test
seattle-wa:98844,test
chicago-il:19358,test
chicago-il:7876,test
chicago-il:9408,test
chicago-il:11129,test
chicago-il:8119,test
chicago-il:9577,test
chicago-il:3039,test
chicago-il:9923,test
chicago-il:1565,test
chicago-il:11680,test
chicago-il:20506,test
chicago-il:16345,test
chicago-il:10998,test
chicago-il:18102,test
chicago-il:9899,test
chicago-il:2803,test
chicago-il:17146,test
chicago-il:12788,test
chicago-il:17442,test
chicago-il:2874,test
chicago-il:1245,test
chicago-il:10798,test
chicago-il:2531,test
chicago-il:10566,test
chicago-il:6019,test
chicago-il:19415,test
chicago-il:6318,test
chicago-il:1243,test
chicago-il:11123,test
chicago-il:43055,test
chicago-il:10614,test
chicago-il:743,test
chicago-il:106,test
chicago-il:28991,test
chicago-il:28882,test
chicago-il:10554,test
chicago-il:3324,test
chicago-il:2471,test
chicago-il:7858,test
chicago-il:17331,test
chicago-il:10684,test
chicago-il:3477,test
chicago-il:6147,test
chicago-il:8469,test
chicago-il:15245,test
chicago-il:8455,test
chicago-il:20718,test
chicago-il:9619,test
chicago-il:16446,test
chicago-il:19945,test
chicago-il:3163,test
chicago-il:10690,test
chicago-il:11675,test
chicago-il:6321,test
chicago-il:6156,test
chicago-il:7848,test
chicago-il:1459,test
chicago-il:11076,test
chicago-il:15643,test
chicago-il:43071,test
chicago-il:22161,test
chicago-il:9327,test
chicago-il:9383,test
chicago-il:15700,test
chicago-il:2291,test
chicago-il:43062,test
chicago-il:927,test
chicago-il:135,test
chicago-il:3153,test
chicago-il:523,test
chicago-il:2200,test
chicago-il:480,test
chicago-il:937,test
chicago-il:1909,test
chicago-il:5588,test
chicago-il:11026,test
chicago-il:8150,test
chicago-il:550,test
chicago-il:1878,test
chicago-il:10393,test
chicago-il:10109,test
chicago-il:10766,test
chicago-il:7432,test
chicago-il:2164,test
chicago-il:10598,test
chicago-il:10722,test
chicago-il:851,test
chicago-il:1303,test
chicago-il:2219,test
chicago-il:5234,test
chicago-il:6649,test
chicago-il:12596,test
chicago-il:1200,test
chicago-il:2813,test
chicago-il:411,test
chicago-il:17645,test
chicago-il:7149,test
chicago-il:4706,test
chicago-il:3315,test
chicago-il:2117,test
chicago-il:7441,test
chicago-il:17988,test
chicago-il:3524,test
chicago-il:10116,test
chicago-il:21043,test
chicago-il:17627,test
chicago-il:43034,test
chicago-il:15998,test
chicago-il:4815,test
chicago-il:19073,test
chicago-il:15026,test
chicago-il:10625,test
chicago-il:2412,test
chicago-il:3054,test
chicago-il:13322,test
chicago-il:28144,test
chicago-il:7259,test
chicago-il:7194,test
chicago-il:10499,test
chicago-il:15258,test
chicago-il:13624,test
chicago-il:2616,test
chicago-il:22578,test
chicago-il:28897,test
chicago-il:4360,test
chicago-il:22455,test
chicago-il:10999,test
chicago-il:2153,test
chicago-il:22555,test
chicago-il:8450,test
chicago-il:20482,test
chicago-il:11095,test
chicago-il:8378,test
chicago-il:16910,test
chicago-il:10488,test
chicago-il:3068,test
chicago-il:10725,test
chicago-il:7839,test
chicago-il:7958,test
chicago-il:9239,test
chicago-il:17659,test
chicago-il:9114,test
chicago-il:10546,test
chicago-il:5294,test
chicago-il:841,test
chicago-il:17964,test
chicago-il:12781,test
chicago-il:7540,test
chicago-il:415,test
chicago-il:10697,test
chicago-il:8154,test
chicago-il:11224,test
chicago-il:1815,test
chicago-il:4772,test
chicago-il:1568,test
chicago-il:779,test
chicago-il:2672,test
chicago-il:7288,test
chicago-il:10914,test
chicago-il:336,test
chicago-il:5021,test
chicago-il:963,test
chicago-il:46771,test
chicago-il:2755,test
chicago-il:1282,test
chicago-il:6750,test
chicago-il:11239,test
chicago-il:4982,test
chicago-il:22116,test
chicago-il:8160,test
chicago-il:22544,test
chicago-il:18139,test
chicago-il:21762,test
chicago-il:8222,test
chicago-il:9895,test
chicago-il:19795,test
chicago-il:15291,test
chicago-il:11124,test
chicago-il:10485,test
chicago-il:4521,test
chicago-il:749,test
chicago-il:10493,test
chicago-il:11676,test
chicago-il:869,test
chicago-il:28,test
chicago-il:10925,test
chicago-il:17269,test
chicago-il:3302,test
chicago-il:4801,test
chicago-il:11328,test
chicago-il:10994,test
chicago-il:1511,test
chicago-il:7526,test
chicago-il:7801,test
chicago-il:9881,test
chicago-il:9260,test
chicago-il:1563,test
chicago-il:843,test
chicago-il:22577,test
chicago-il:10570,test
chicago-il:1446,test
chicago-il:12721,test
chicago-il:13626,test
chicago-il:11654,test
chicago-il:1381,test
chicago-il:15585,test
chicago-il:9913,test
chicago-il:8098,test
chicago-il:10505,test
chicago-il:6716,test
chicago-il:8293,test
chicago-il:1510,test
chicago-il:18162,test
chicago-il:9202,test
chicago-il:7651,test
chicago-il:8806,test
chicago-il:12687,test
chicago-il:503,test
chicago-il:9661,test
chicago-il:9015,test
chicago-il:1434,test
chicago-il:6387,test
chicago-il:6020,test
chicago-il:11000,test
chicago-il:19229,test
chicago-il:5441,test
chicago-il:15191,test
chicago-il:159,test
chicago-il:4877,test
oradell-nj:8740,test
oradell-nj:534,test
oradell-nj:13506,test
oradell-nj:3521,test
oradell-nj:3049,test
oradell-nj:13319,test
oradell-nj:7108,test
oradell-nj:10411,test
oradell-nj:13748,test
oradell-nj:6837,test
oradell-nj:10040,test
oradell-nj:7485,test
oradell-nj:10951,test
oradell-nj:6908,test
oradell-nj:9946,test
oradell-nj:694,test
oradell-nj:4656,test
oradell-nj:12676,test
oradell-nj:6579,test
oradell-nj:5251,test
oradell-nj:11533,test
oradell-nj:6574,test
oradell-nj:7659,test
oradell-nj:11202,test
oradell-nj:2474,test
oradell-nj:11622,test
oradell-nj:1029,test
oradell-nj:9269,test
oradell-nj:4570,test
oradell-nj:2307,test
oradell-nj:2523,test
oradell-nj:12647,test
oradell-nj:7607,test
oradell-nj:2242,test
oradell-nj:7924,test
oradell-nj:2620,test
oradell-nj:7137,test
oradell-nj:13135,test
oradell-nj:11997,test
oradell-nj:4650,test
oradell-nj:240,test
oradell-nj:7593,test
oradell-nj:6512,test
oradell-nj:7045,test
oradell-nj:7753,test
oradell-nj:7476,test
oradell-nj:7923,test
oradell-nj:9809,test
oradell-nj:9237,test
oradell-nj:7799,test
oradell-nj:6847,test
oradell-nj:1428,test
oradell-nj:1265,test
oradell-nj:10944,test
oradell-nj:533,test
oradell-nj:7584,test
oradell-nj:5274,test
oradell-nj:2744,test
oradell-nj:1097,test
oradell-nj:293,test
oradell-nj:6913,test
oradell-nj:13532,test
oradell-nj:1070,test
oradell-nj:13136,test
oradell-nj:7540,test
oradell-nj:980,test
oradell-nj:9153,test
oradell-nj:2625,test
oradell-nj:1774,test
oradell-nj:13316,test
oradell-nj:6710,test
oradell-nj:9243,test
oradell-nj:9781,test
oradell-nj:11619,test
oradell-nj:7104,test
oradell-nj:1035,test
oradell-nj:7526,test
oradell-nj:3724,test
oradell-nj:6092,test
oradell-nj:11664,test
oradell-nj:13095,test
oradell-nj:6418,test
oradell-nj:4536,test
oradell-nj:4540,test
oradell-nj:535,test
oradell-nj:6237,test
oradell-nj:291,test
oradell-nj:7596,test
oradell-nj:5634,test
oradell-nj:7083,test
oradell-nj:9871,test
oradell-nj:11203,test
oradell-nj:7389,test
oradell-nj:3071,test
oradell-nj:6708,test
oradell-nj:7962,test
oradell-nj:11489,test
oradell-nj:690,test
oradell-nj:10862,test
oradell-nj:7357,test
oradell-nj:4409,test
oradell-nj:7387,test
oradell-nj:12016,test
oradell-nj:10953,test
oradell-nj:4556,test
oradell-nj:6319,test
oradell-nj:13801,test
oradell-nj:5260,test
oradell-nj:9360,test
oradell-nj:5259,test
oradell-nj:13416,test
oradell-nj:8607,test
oradell-nj:673,test
oradell-nj:7328,test
oradell-nj:4648,test
oradell-nj:6204,test
walla-walla:124,test
walla-walla:480,test
walla-walla:1229,test
walla-walla:17,test
walla-walla:286,test
walla-walla:22,test
walla-walla:284,test
walla-walla:1224,test
walla-walla:1194,test
walla-walla:1180,test
walla-walla:343,test
walla-walla:196,test
walla-walla:456,test
walla-walla:125,test
amsterdam:8313,test
amsterdam:94,test
amsterdam:866,test
amsterdam:954,test
amsterdam:188,test
amsterdam:29477,test
amsterdam:651,test
amsterdam:310,test
amsterdam:29785,test
amsterdam:308,test
amsterdam:18384,test
amsterdam:1186,test
amsterdam:1126,test
amsterdam:3788,test
amsterdam:29616,test
amsterdam:416,test
amsterdam:229,test
amsterdam:8323,test
newberg-or:2481,test
newberg-or:16233,test
newberg-or:5724,test
newberg-or:10739,test
newberg-or:8064,test
newberg-or:17344,test
newberg-or:5564,test
newberg-or:10231,test
newberg-or:6014,test
newberg-or:749,test
newberg-or:11739,test
newberg-or:5574,test
newberg-or:7467,test
newberg-or:9868,test
newberg-or:7684,test
newberg-or:7480,test
newberg-or:5606,test
newberg-or:3677,test
newberg-or:15101,test
newberg-or:5473,test
newberg-or:3880,test
newberg-or:1274,test
newberg-or:5435,test
newberg-or:6296,test
newberg-or:119,test
newberg-or:2091,test
newberg-or:1289,test
newberg-or:10502,test
newberg-or:9244,test
newberg-or:3604,test
newberg-or:2104,test
newberg-or:15028,test
newberg-or:6199,test
newberg-or:1903,test
newberg-or:6712,test
newberg-or:212,test
newberg-or:5821,test
newberg-or:15860,test
newberg-or:829,test
newberg-or:14051,test
newberg-or:3674,test
newberg-or:201,test
newberg-or:6176,test
newberg-or:5279,test
newberg-or:569,test
newberg-or:6596,test
newberg-or:6010,test
newberg-or:6711,test
newberg-or:9211,test
newberg-or:9552,test
newberg-or:7567,test
newberg-or:6653,test
newberg-or:5568,test
newberg-or:17505,test
newberg-or:15056,test
newberg-or:11733,test
newberg-or:4822,test
newberg-or:6175,test
newberg-or:4038,test
newberg-or:22,test
newberg-or:11804,test
newberg-or:8066,test
newberg-or:2346,test
newberg-or:5575,test
newberg-or:891,test
newberg-or:17169,test
newberg-or:11199,test
newberg-or:15861,test
newberg-or:6030,test
newberg-or:9498,test
newberg-or:7488,test
newberg-or:2122,test
newberg-or:17709,test
newberg-or:16220,test
newberg-or:5546,test
newberg-or:765,test
newberg-or:9401,test
newberg-or:12834,test
newberg-or:5718,test
newberg-or:10597,test
newberg-or:6024,test
newberg-or:3149,test
newberg-or:5098,test
newberg-or:134,test
newberg-or:15763,test
newberg-or:524,test
newberg-or:3481,test
newberg-or:3482,test
newberg-or:4888,test
newberg-or:5137,test
newberg-or:227,test
newberg-or:6177,test
newberg-or:9269,test
newberg-or:504,test
newberg-or:5706,test
newberg-or:9692,test
newberg-or:9506,test
newberg-or:11906,test
newberg-or:5932,test
newberg-or:2534,test
newberg-or:5542,test
newberg-or:6738,test
newberg-or:12445,test
newberg-or:5573,test
newberg-or:11440,test
newberg-or:5927,test
newberg-or:3412,test
newberg-or:5931,test
newberg-or:14064,test
newberg-or:11741,test
newberg-or:3536,test
newberg-or:5158,test
newberg-or:17394,test
newberg-or:4000,test
newberg-or:8001,test
newberg-or:3941,test
newberg-or:16243,test
newberg-or:7238,test
newberg-or:5555,test
newberg-or:590,test
newberg-or:972,test
newberg-or:3638,test
newberg-or:5121,test
columbus-oh:16017,test
columbus-oh:33361,test
columbus-oh:33119,test
columbus-oh:13358,test
columbus-oh:6361,test
columbus-oh:22957,test
columbus-oh:33581,test
columbus-oh:15750,test
columbus-oh:19405,test
columbus-oh:1843,test
columbus-oh:32821,test
columbus-oh:38260,test
columbus-oh:32809,test
columbus-oh:15706,test
columbus-oh:26594,test
columbus-oh:31131,test
columbus-oh:32819,test
columbus-oh:11116,test
columbus-oh:30221,test
columbus-oh:16259,test
columbus-oh:24772,test
columbus-oh:10460,test
columbus-oh:26891,test
columbus-oh:29366,test
columbus-oh:12798,test
columbus-oh:25183,test
columbus-oh:29183,test
columbus-oh:9093,test
columbus-oh:29593,test
columbus-oh:29330,test
columbus-oh:25435,test
columbus-oh:5444,test
columbus-oh:21540,test
columbus-oh:14774,test
columbus-oh:31713,test
columbus-oh:24150,test
columbus-oh:22482,test
columbus-oh:13610,test
columbus-oh:24049,test
columbus-oh:27272,test
columbus-oh:134,test
columbus-oh:17355,test
columbus-oh:13631,test
columbus-oh:10788,test
columbus-oh:38902,test
columbus-oh:7408,test
columbus-oh:21465,test
columbus-oh:17427,test
columbus-oh:14677,test
columbus-oh:27224,test
columbus-oh:1708,test
columbus-oh:27429,test
columbus-oh:17443,test
columbus-oh:26641,test
columbus-oh:33635,test
columbus-oh:15398,test
columbus-oh:33029,test
columbus-oh:30764,test
columbus-oh:6803,test
columbus-oh:14380,test
columbus-oh:33839,test
columbus-oh:17248,test
columbus-oh:27072,test
columbus-oh:23820,test
columbus-oh:26341,test
columbus-oh:27334,test
columbus-oh:33120,test
columbus-oh:31662,test
columbus-oh:32817,test
columbus-oh:26880,test
columbus-oh:27427,test
columbus-oh:31291,test
columbus-oh:822,test
columbus-oh:294,test
columbus-oh:27366,test
columbus-oh:24912,test
columbus-oh:16436,test
columbus-oh:14757,test
columbus-oh:1270,test
columbus-oh:22916,test
columbus-oh:27064,test
columbus-oh:22643,test
columbus-oh:17575,test
columbus-oh:13316,test
columbus-oh:30247,test
columbus-oh:1819,test
columbus-oh:25313,test
columbus-oh:31021,test
columbus-oh:15824,test
columbus-oh:120,test
columbus-oh:35282,test
columbus-oh:1543,test
columbus-oh:26977,test
columbus-oh:820,test
columbus-oh:6654,test
columbus-oh:29365,test
columbus-oh:17452,test
columbus-oh:16565,test
columbus-oh:15695,test
columbus-oh:24397,test
columbus-oh:7457,test
columbus-oh:29497,test
columbus-oh:8065,test
columbus-oh:13629,test
columbus-oh:26590,test
columbus-oh:11027,test
columbus-oh:32820,test
columbus-oh:26949,test
columbus-oh:701,test
columbus-oh:20078,test
columbus-oh:23182,test
columbus-oh:13960,test
columbus-oh:15111,test
columbus-oh:23767,test
columbus-oh:21028,test
columbus-oh:21067,test
columbus-oh:22960,test
columbus-oh:23513,test
columbus-oh:33357,test
columbus-oh:33623,test
columbus-oh:18069,test
columbus-oh:27073,test
columbus-oh:31708,test
columbus-oh:23143,test
columbus-oh:26580,test
columbus-oh:8685,test
columbus-oh:32814,test
columbus-oh:13405,test
columbus-oh:26844,test
columbus-oh:1856,test
columbus-oh:6240,test
columbus-oh:24393,test
columbus-oh:27434,test
columbus-oh:13543,test
columbus-oh:25011,test
columbus-oh:1248,test
columbus-oh:26833,test
columbus-oh:20700,test
columbus-oh:26841,test
columbus-oh:14420,test
columbus-oh:1284,test
columbus-oh:21306,test
columbus-oh:744,test
columbus-oh:23593,test
columbus-oh:16334,test
columbus-oh:4063,test
columbus-oh:22527,test
columbus-oh:7325,test
columbus-oh:22502,test
columbus-oh:15711,test
columbus-oh:28063,test
columbus-oh:37106,test
columbus-oh:24601,test
columbus-oh:26817,test
columbus-oh:32845,test
columbus-oh:21477,test
columbus-oh:23342,test
cdmx:1859,test
cdmx:29765,test
cdmx:6971,test
cdmx:6090,test
cdmx:5430,test
cdmx:7539,test
cdmx:1778,test
cdmx:6973,test
cdmx:1971,test
cdmx:7146,test
cdmx:7501,test
cdmx:33198,test
cdmx:5472,test
cdmx:1539,test
cdmx:4277,test
cdmx:6697,test
cdmx:7322,test
cdmx:3843,test
cdmx:3568,test
cdmx:5234,test
cdmx:4680,test
cdmx:1634,test
cdmx:1635,test
cdmx:33170,test
cdmx:4282,test
cdmx:5396,test
cdmx:7281,test
cdmx:5463,test
cdmx:7173,test
cdmx:7039,test
cdmx:7585,test
cdmx:3533,test
cdmx:5457,test
cdmx:5233,test
cdmx:4050,test
cdmx:7794,test
cdmx:2929,test
cdmx:6132,test
cdmx:7279,test
cdmx:7211,test
cdmx:307,test
cdmx:2357,test
cdmx:4009,test
cdmx:2682,test
cdmx:7513,test
cdmx:5892,test
cdmx:7019,test
cdmx:7396,test
cdmx:2354,test
cdmx:5443,test
cdmx:1209,test
cdmx:6317,test
cdmx:4409,test
spgg:87098,test
spgg:8,test
spgg:5602,test
spgg:77275,test
spgg:76308,test
spgg:83666,test
spgg:27682,test
spgg:55241,test
spgg:8682,test
spgg:3641,test
spgg:20145,test
spgg:6320,test
spgg:62876,test
spgg:42225,test
spgg:51279,test
spgg:85627,test
spgg:23134,test
spgg:76442,test
spgg:53907,test
spgg:18852,test
spgg:6275,test
spgg:13708,test
spgg:3283,test
spgg:63025,test
spgg:90437,test
spgg:36051,test
spgg:90517,test
spgg:15080,test
spgg:4047,test
spgg:58208,test
spgg:76124,test
spgg:19013,test
spgg:86985,test
spgg:18474,test
spgg:19009,test
spgg:56557,test
spgg:51275,test
spgg:54483,test
spgg:47224,test
spgg:11017,test
spgg:68708,test
spgg:4203,test
spgg:51820,test
spgg:61335,test
spgg:40454,test
spgg:23146,test
spgg:16146,test
spgg:35340,test
pittsburgh-pa:1741,test
pittsburgh-pa:5506,test
pittsburgh-pa:13000,test
pittsburgh-pa:15113,test
pittsburgh-pa:15457,test
pittsburgh-pa:8580,test
pittsburgh-pa:15046,test
pittsburgh-pa:16497,test
pittsburgh-pa:16255,test
pittsburgh-pa:5831,test
pittsburgh-pa:10291,test
pittsburgh-pa:15482,test
pittsburgh-pa:15299,test
pittsburgh-pa:15136,test
pittsburgh-pa:14902,test
pittsburgh-pa:11979,test
pittsburgh-pa:2543,test
pittsburgh-pa:15230,test
pittsburgh-pa:15257,test
pittsburgh-pa:5314,test
pittsburgh-pa:9011,test
pittsburgh-pa:16480,test
pittsburgh-pa:14275,test
pittsburgh-pa:15872,test
pittsburgh-pa:8175,test
pittsburgh-pa:9715,test
pittsburgh-pa:15154,test
pittsburgh-pa:9042,test
pittsburgh-pa:14141,test
pittsburgh-pa:10558,test
pittsburgh-pa:11585,test
pittsburgh-pa:15317,test
pittsburgh-pa:1014,test
pittsburgh-pa:10762,test
pittsburgh-pa:11720,test
pittsburgh-pa:10683,test
pittsburgh-pa:11053,test
pittsburgh-pa:10737,test
pittsburgh-pa:16258,test
pittsburgh-pa:3943,test
pittsburgh-pa:1458,test
pittsburgh-pa:13280,test
pittsburgh-pa:5434,test
pittsburgh-pa:12806,test
pittsburgh-pa:4545,test
pittsburgh-pa:12003,test
pittsburgh-pa:15952,test
pittsburgh-pa:12907,test
pittsburgh-pa:10316,test
pittsburgh-pa:8093,test
pittsburgh-pa:3820,test
pittsburgh-pa:15866,test
pittsburgh-pa:2419,test
pittsburgh-pa:15998,test
pittsburgh-pa:14528,test
pittsburgh-pa:15848,test
pittsburgh-pa:3819,test
pittsburgh-pa:6051,test
pittsburgh-pa:16043,test
pittsburgh-pa:15288,test
pittsburgh-pa:15075,test
pittsburgh-pa:5757,test
pittsburgh-pa:14504,test
pittsburgh-pa:11986,test
pittsburgh-pa:9544,test
pittsburgh-pa:9220,test
pittsburgh-pa:13628,test
pittsburgh-pa:5029,test
pittsburgh-pa:15315,test
pittsburgh-pa:3936,test
pittsburgh-pa:159,test
pittsburgh-pa:14919,test
pittsburgh-pa:7973,test
pittsburgh-pa:13134,test
pittsburgh-pa:14122,test
pittsburgh-pa:12953,test
seattle-wa:264204,test
seattle-wa:154648,test
seattle-wa:193104,test
seattle-wa:75560,test
seattle-wa:136899,test
seattle-wa:127450,test
seattle-wa:154224,test
seattle-wa:131782,test
seattle-wa:137809,test
seattle-wa:157995,test
seattle-wa:263663,test
seattle-wa:244285,test
seattle-wa:193885,test
seattle-wa:191032,test
seattle-wa:133930,test
seattle-wa:208212,test
seattle-wa:206582,test
seattle-wa:161189,test
seattle-wa:192919,test
seattle-wa:157377,test
seattle-wa:237205,test
seattle-wa:167463,test
seattle-wa:17853,test
seattle-wa:72783,test
seattle-wa:245712,test
seattle-wa:212903,test
seattle-wa:212407,test
seattle-wa:99622,test
seattle-wa:72780,test
seattle-wa:191727,test
seattle-wa:70531,test
seattle-wa:270814,test
seattle-wa:194654,test
seattle-wa:100581,test
seattle-wa:200715,test
seattle-wa:67319,test
seattle-wa:154609,test
seattle-wa:95430,test
seattle-wa:264561,test
seattle-wa:168855,test
seattle-wa:157007,test
seattle-wa:46632,test
seattle-wa:208172,test
seattle-wa:190589,test
seattle-wa:170425,test
seattle-wa:148498,test
seattle-wa:167718,test
seattle-wa:44062,test
seattle-wa:150888,test
seattle-wa:174810,test
seattle-wa:245957,test
seattle-wa:2880,test
seattle-wa:126741,test
seattle-wa:157189,test
seattle-wa:191776,test
seattle-wa:150704,test
seattle-wa:88960,test
seattle-wa:44539,test
seattle-wa:182286,test
seattle-wa:23002,test
seattle-wa:187859,test
seattle-wa:168996,test
seattle-wa:53468,test
seattle-wa:162490,test
seattle-wa:148506,test
seattle-wa:1123,test
seattle-wa:193106,test
seattle-wa:104836,test
seattle-wa:194323,test
seattle-wa:160043,test
seattle-wa:128790,test
seattle-wa:241967,test
seattle-wa:147617,test
seattle-wa:20608,test
seattle-wa:235187,test
seattle-wa:97837,test
seattle-wa:234699,test
seattle-wa:59089,test
seattle-wa:127569,test
seattle-wa:263843,test
seattle-wa:151114,test
seattle-wa:42026,test
seattle-wa:282,test
seattle-wa:226967,test
seattle-wa:256541,test
seattle-wa:138343,test
seattle-wa:184149,test
seattle-wa:209751,test
seattle-wa:235666,test
seattle-wa:269173,test
seattle-wa:135544,test
seattle-wa:159843,test
seattle-wa:260739,test
seattle-wa:209415,test
seattle-wa:222835,test
seattle-wa:141352,test
seattle-wa:133,test
seattle-wa:179720,test
seattle-wa:193433,test
seattle-wa:96456,test
seattle-wa:134128,test
seattle-wa:2173,test
seattle-wa:104263,test
seattle-wa:247736,test
seattle-wa:52931,test
seattle-wa:257506,test
seattle-wa:167448,test
seattle-wa:13696,test
seattle-wa:261804,test
seattle-wa:12369,test
seattle-wa:130706,test
seattle-wa:189417,test
seattle-wa:236324,test
seattle-wa:156727,test
seattle-wa:100049,test
seattle-wa:236340,test
seattle-wa:243015,test
seattle-wa:213372,test
seattle-wa:273417,test
seattle-wa:270656,test
seattle-wa:270486,test
seattle-wa:190587,test
seattle-wa:194400,test
seattle-wa:73686,test
seattle-wa:41903,test
seattle-wa:99945,test
seattle-wa:191097,test
seattle-wa:120123,test
seattle-wa:99611,test
seattle-wa:755,test
seattle-wa:240320,test
seattle-wa:1766,test
seattle-wa:83697,test
seattle-wa:225780,test
seattle-wa:268965,test
seattle-wa:132587,test
seattle-wa:159730,test
seattle-wa:100722,test
seattle-wa:223264,test
seattle-wa:155014,test
seattle-wa:19460,test
seattle-wa:100299,test
seattle-wa:45637,test
seattle-wa:16821,test
seattle-wa:124575,test
seattle-wa:157368,test
seattle-wa:184168,test
seattle-wa:87053,test
seattle-wa:240234,test
seattle-wa:267139,test
seattle-wa:194569,test
seattle-wa:65305,test
seattle-wa:20026,test
seattle-wa:259711,test
seattle-wa:223338,test
seattle-wa:148456,test
seattle-wa:199713,test
seattle-wa:103045,test
seattle-wa:236337,test
seattle-wa:261006,test
seattle-wa:180699,test
seattle-wa:209015,test
seattle-wa:119679,test
seattle-wa:152636,test
seattle-wa:2689,test
seattle-wa:105928,test
seattle-wa:207378,test
seattle-wa:16481,test
seattle-wa:235552,test
seattle-wa:146687,test
seattle-wa:256370,test
seattle-wa:106473,test
seattle-wa:743,test
seattle-wa:81756,test
seattle-wa:169249,test
seattle-wa:45651,test
seattle-wa:100305,test
seattle-wa:169259,test
seattle-wa:96489,test
seattle-wa:80830,test
seattle-wa:13442,test
seattle-wa:109981,test
seattle-wa:235960,test
seattle-wa:182023,test
seattle-wa:72944,test
seattle-wa:123479,test
seattle-wa:134124,test
seattle-wa:236636,test
seattle-wa:232932,test
seattle-wa:229990,test
seattle-wa:252800,test
seattle-wa:270817,test
seattle-wa:141631,test
seattle-wa:245952,test
seattle-wa:174921,test
seattle-wa:28083,test
seattle-wa:240333,test
seattle-wa:145243,test
seattle-wa:258971,test
seattle-wa:253045,test
seattle-wa:75856,test
seattle-wa:190586,test
seattle-wa:178233,test
seattle-wa:110726,test
seattle-wa:239713,test
seattle-wa:241846,test
seattle-wa:3537,test
seattle-wa:97618,test
seattle-wa:233805,test
seattle-wa:138267,test
seattle-wa:177906,test
seattle-wa:95890,test
seattle-wa:234403,test
seattle-wa:25684,test
seattle-wa:137441,test
seattle-wa:201898,test
seattle-wa:162834,test
seattle-wa:170460,test
seattle-wa:159858,test
seattle-wa:182095,test
seattle-wa:256666,test
seattle-wa:147187,test
seattle-wa:200882,test
seattle-wa:13170,test
seattle-wa:183653,test
seattle-wa:191126,test
seattle-wa:97787,test
seattle-wa:234558,test
seattle-wa:145975,test
seattle-wa:15211,test
seattle-wa:147666,test
seattle-wa:194600,test
seattle-wa:235556,test
seattle-wa:200936,test
seattle-wa:138968,test
seattle-wa:164328,test
seattle-wa:123480,test
seattle-wa:177008,test
seattle-wa:159486,test
seattle-wa:81497,test
seattle-wa:191010,test
seattle-wa:237472,test
seattle-wa:747,test
seattle-wa:147114,test
seattle-wa:47604,test
seattle-wa:110632,test
seattle-wa:189367,test
seattle-wa:263387,test
seattle-wa:170041,test
seattle-wa:178635,test
seattle-wa:97006,test
seattle-wa:205586,test
seattle-wa:193882,test
seattle-wa:193750,test
seattle-wa:1486,test
seattle-wa:110823,test
seattle-wa:4222,test
seattle-wa:183931,test
seattle-wa:269223,test
seattle-wa:96866,test
seattle-wa:127587,test
seattle-wa:27100,test
seattle-wa:97599,test
chicago-il:28538,test
chicago-il:4939,test
chicago-il:8125,test
chicago-il:2295,test
chicago-il:815,test
chicago-il:11127,test
chicago-il:1051,test
chicago-il:2809,test
chicago-il:4814,test
chicago-il:365,test
chicago-il:1076,test
chicago-il:9984,test
chicago-il:21966,test
chicago-il:16148,test
chicago-il:10880,test
chicago-il:10460,test
chicago-il:8373,test
chicago-il:9293,test
chicago-il:4947,test
chicago-il:7522,test
chicago-il:860,test
chicago-il:325,test
chicago-il:22824,test
chicago-il:11221,test
chicago-il:10882,test
chicago-il:14671,test
chicago-il:10118,test
chicago-il:15924,test
chicago-il:8189,test
chicago-il:3140,test
chicago-il:1181,test
chicago-il:14094,test
chicago-il:7836,test
chicago-il:23112,test
chicago-il:10011,test
chicago-il:10551,test
chicago-il:15927,test
chicago-il:11157,test
chicago-il:11031,test
chicago-il:14234,test
chicago-il:1939,test
chicago-il:8778,test
chicago-il:934,test
chicago-il:11226,test
chicago-il:23186,test
chicago-il:844,test
chicago-il:4933,test
chicago-il:2302,test
chicago-il:10811,test
chicago-il:6651,test
chicago-il:28885,test
chicago-il:254,test
chicago-il:6691,test
chicago-il:11141,test
chicago-il:3145,test
chicago-il:8923,test
chicago-il:13169,test
chicago-il:3310,test
chicago-il:250,test
chicago-il:11903,test
chicago-il:10318,test
chicago-il:4361,test
chicago-il:6912,test
chicago-il:1836,test
chicago-il:28864,test
chicago-il:10865,test
chicago-il:13674,test
chicago-il:10522,test
chicago-il:9916,test
chicago-il:8165,test
chicago-il:1564,test
chicago-il:43041,test
chicago-il:12909,test
chicago-il:6439,test
chicago-il:10542,test
chicago-il:2478,test
chicago-il:188,test
chicago-il:88,test
chicago-il:555,test
chicago-il:8211,test
chicago-il:8524,test
chicago-il:16146,test
chicago-il:14216,test
chicago-il:10556,test
chicago-il:18823,test
chicago-il:1344,test
chicago-il:10042,test
chicago-il:12291,test
chicago-il:1623,test
chicago-il:17883,test
chicago-il:1356,test
chicago-il:6504,test
chicago-il:9323,test
chicago-il:17654,test
chicago-il:864,test
chicago-il:9407,test
chicago-il:11576,test
chicago-il:14228,test
chicago-il:11164,test
chicago-il:28629,test
chicago-il:6239,test
chicago-il:10572,test
chicago-il:4524,test
chicago-il:43073,test
chicago-il:11145,test
chicago-il:11092,test
chicago-il:18715,test
chicago-il:13362,test
chicago-il:811,test
chicago-il:11003,test
chicago-il:13865,test
chicago-il:5994,test
chicago-il:1702,test
chicago-il:19866,test
chicago-il:11497,test
chicago-il:4573,test
chicago-il:3622,test
chicago-il:120,test
chicago-il:3437,test
chicago-il:22860,test
chicago-il:6161,test
chicago-il:583,test
chicago-il:6192,test
chicago-il:9907,test
chicago-il:12319,test
chicago-il:1266,test
chicago-il:1901,test
chicago-il:554,test
chicago-il:17406,test
chicago-il:8269,test
chicago-il:495,test
chicago-il:504,test
chicago-il:12758,test
chicago-il:6644,test
chicago-il:1728,test
chicago-il:6220,test
chicago-il:2737,test
chicago-il:839,test
chicago-il:21,test
chicago-il:17845,test
chicago-il:4538,test
chicago-il:10588,test
chicago-il:4903,test
chicago-il:500,test
chicago-il:11138,test
chicago-il:1031,test
chicago-il:20860,test
chicago-il:9617,test
chicago-il:19859,test
chicago-il:38175,test
chicago-il:9138,test
chicago-il:11896,test
chicago-il:163,test
chicago-il:809,test
chicago-il:8059,test
chicago-il:9224,test
chicago-il:4122,test
chicago-il:6579,test
chicago-il:7826,test
chicago-il:6585,test
chicago-il:1170,test
chicago-il:5013,test
chicago-il:4513,test
chicago-il:26681,test
chicago-il:28988,test
chicago-il:1543,test
chicago-il:16931,test
chicago-il:14817,test
chicago-il:15691,test
chicago-il:22917,test
chicago-il:323,test
chicago-il:18751,test
chicago-il:6503,test
chicago-il:12993,test
chicago-il:2623,test
chicago-il:17819,test
chicago-il:11150,test
chicago-il:8413,test
chicago-il:19163,test
chicago-il:22010,test
chicago-il:858,test
chicago-il:1196,test
chicago-il:22856,test
chicago-il:21968,test
chicago-il:9659,test
chicago-il:421,test
chicago-il:1375,test
chicago-il:12900,test
chicago-il:801,test
chicago-il:13667,test
chicago-il:13058,test
chicago-il:17288,test
chicago-il:23130,test
chicago-il:43044,test
chicago-il:2810,test
chicago-il:8068,test
chicago-il:2597,test
chicago-il:2625,test
chicago-il:12004,test
chicago-il:6223,test
chicago-il:3186,test
chicago-il:1562,test
chicago-il:11004,test
chicago-il:17660,test
chicago-il:14591,test
chicago-il:14474,test
chicago-il:15829,test
chicago-il:1795,test
chicago-il:8520,test
chicago-il:21325,test
chicago-il:4699,test
chicago-il:278,test
chicago-il:1932,test
chicago-il:8303,test
chicago-il:11915,test
chicago-il:1294,test
chicago-il:10567,test
chicago-il:10582,test
chicago-il:2064,test
chicago-il:7447,test
chicago-il:16343,test
chicago-il:17953,test
chicago-il:8533,test
chicago-il:2759,test
chicago-il:22660,test
chicago-il:22656,test
chicago-il:13319,test
chicago-il:1059,test
oradell-nj:13024,test
oradell-nj:5376,test
oradell-nj:10413,test
oradell-nj:10954,test
oradell-nj:9783,test
oradell-nj:10538,test
oradell-nj:7464,test
oradell-nj:1868,test
oradell-nj:10792,test
oradell-nj:9812,test
oradell-nj:12597,test
oradell-nj:292,test
oradell-nj:7796,test
oradell-nj:2713,test
oradell-nj:9919,test
oradell-nj:7100,test
oradell-nj:8020,test
oradell-nj:7516,test
oradell-nj:6570,test
oradell-nj:7131,test
oradell-nj:7558,test
oradell-nj:7620,test
oradell-nj:13571,test
oradell-nj:10863,test
oradell-nj:27,test
oradell-nj:7109,test
oradell-nj:4547,test
oradell-nj:5092,test
oradell-nj:4528,test
oradell-nj:7744,test
oradell-nj:11659,test
oradell-nj:994,test
oradell-nj:8733,test
oradell-nj:7151,test
oradell-nj:12759,test
oradell-nj:4521,test
oradell-nj:8710,test
oradell-nj:8714,test
oradell-nj:5316,test
oradell-nj:5775,test
oradell-nj:8711,test
oradell-nj:2907,test
oradell-nj:6233,test
oradell-nj:11634,test
oradell-nj:12691,test
oradell-nj:5282,test
oradell-nj:8742,test
oradell-nj:8729,test
oradell-nj:9235,test
oradell-nj:6567,test
oradell-nj:6332,test
oradell-nj:6269,test
oradell-nj:6566,test
oradell-nj:9440,test
oradell-nj:6424,test
oradell-nj:13062,test
oradell-nj:6838,test
oradell-nj:7978,test
oradell-nj:10828,test
oradell-nj:10290,test
oradell-nj:2501,test
oradell-nj:12757,test
oradell-nj:7129,test
oradell-nj:86,test
oradell-nj:6575,test
oradell-nj:11620,test
oradell-nj:1961,test
oradell-nj:11427,test
oradell-nj:11993,test
oradell-nj:9439,test
oradell-nj:12674,test
oradell-nj:2972,test
oradell-nj:4559,test
oradell-nj:13317,test
oradell-nj:1046,test
oradell-nj:5248,test
oradell-nj:11665,test
oradell-nj:8553,test
oradell-nj:7334,test
oradell-nj:3875,test
oradell-nj:13507,test
oradell-nj:331,test
oradell-nj:146,test
oradell-nj:11524,test
oradell-nj:9975,test
oradell-nj:3673,test
oradell-nj:12997,test
oradell-nj:7641,test
oradell-nj:8883,test
oradell-nj:6082,test
oradell-nj:5252,test
oradell-nj:3057,test
oradell-nj:11502,test
oradell-nj:7535,test
oradell-nj:8557,test
oradell-nj:7782,test
oradell-nj:3215,test
oradell-nj:1030,test
oradell-nj:11661,test
oradell-nj:7636,test
oradell-nj:6236,test
oradell-nj:7355,test
oradell-nj:7541,test
oradell-nj:5255,test
oradell-nj:8308,test
oradell-nj:11635,test
oradell-nj:6604,test
oradell-nj:8144,test
oradell-nj:14157,test
oradell-nj:1229,test
oradell-nj:3078,test
oradell-nj:5270,test
oradell-nj:13570,test
oradell-nj:1109,test
walla-walla:795,test
walla-walla:266,test
walla-walla:21,test
walla-walla:626,test
walla-walla:268,test
walla-walla:437,test
walla-walla:1193,test
walla-walla:505,test
walla-walla:233,test
walla-walla:264,test
walla-walla:1200,test
walla-walla:1226,test
walla-walla:269,test
walla-walla:477,test
amsterdam:412,test
amsterdam:790,test
amsterdam:831,test
amsterdam:532,test
amsterdam:979,test
amsterdam:16548,test
amsterdam:663,test
amsterdam:868,test
amsterdam:784,test
amsterdam:152,test
amsterdam:376,test
amsterdam:30631,test
amsterdam:414,test
amsterdam:786,test
amsterdam:968,test
amsterdam:29846,test
amsterdam:133,test
newberg-or:6705,test
newberg-or:5163,test
newberg-or:503,test
newberg-or:2256,test
newberg-or:5068,test
newberg-or:6710,test
newberg-or:9867,test
newberg-or:9568,test
newberg-or:7253,test
newberg-or:9334,test
newberg-or:745,test
newberg-or:17483,test
newberg-or:5557,test
newberg-or:6027,test
newberg-or:3635,test
newberg-or:9571,test
newberg-or:18160,test
newberg-or:11339,test
newberg-or:3171,test
newberg-or:3138,test
newberg-or:17796,test
newberg-or:15266,test
newberg-or:9361,test
newberg-or:13266,test
newberg-or:17021,test
newberg-or:5513,test
newberg-or:10600,test
newberg-or:5713,test
newberg-or:12372,test
newberg-or:5719,test
newberg-or:3134,test
newberg-or:6013,test
newberg-or:8031,test
newberg-or:9808,test
newberg-or:14354,test
newberg-or:5720,test
newberg-or:14050,test
newberg-or:9354,test
newberg-or:8528,test
newberg-or:12847,test
newberg-or:14677,test
newberg-or:13054,test
newberg-or:6036,test
newberg-or:14940,test
newberg-or:10808,test
newberg-or:5561,test
newberg-or:15620,test
newberg-or:4909,test
newberg-or:10741,test
newberg-or:9402,test
newberg-or:5986,test
newberg-or:17798,test
newberg-or:15000,test
newberg-or:2343,test
newberg-or:9726,test
newberg-or:6018,test
newberg-or:539,test
newberg-or:6229,test
newberg-or:1725,test
newberg-or:1150,test
newberg-or:5725,test
newberg-or:3525,test
newberg-or:6544,test
newberg-or:8280,test
newberg-or:5848,test
newberg-or:5084,test
newberg-or:8160,test
newberg-or:4614,test
newberg-or:15104,test
newberg-or:7240,test
newberg-or:8265,test
newberg-or:8890,test
newberg-or:531,test
newberg-or:5154,test
newberg-or:7094,test
newberg-or:9342,test
newberg-or:15664,test
newberg-or:6989,test
newberg-or:674,test
newberg-or:11330,test
newberg-or:10537,test
newberg-or:15216,test
newberg-or:5807,test
newberg-or:5436,test
newberg-or:12142,test
newberg-or:14048,test
newberg-or:9340,test
newberg-or:15072,test
newberg-or:16222,test
newberg-or:10879,test
newberg-or:3836,test
newberg-or:3201,test
newberg-or:2623,test
newberg-or:12709,test
newberg-or:9978,test
newberg-or:6292,test
newberg-or:5094,test
newberg-or:6028,test
newberg-or:6631,test
newberg-or:13363,test
newberg-or:6238,test
newberg-or:5136,test
newberg-or:5908,test
newberg-or:6031,test
newberg-or:3905,test
newberg-or:708,test
newberg-or:13117,test
newberg-or:5509,test
newberg-or:6986,test
newberg-or:17504,test
newberg-or:14447,test
newberg-or:254,test
newberg-or:4034,test
newberg-or:7292,test
newberg-or:17208,test
newberg-or:11809,test
newberg-or:9032,test
newberg-or:4871,test
newberg-or:16885,test
newberg-or:2952,test
columbus-oh:27327,test
columbus-oh:31022,test
columbus-oh:28237,test
columbus-oh:33271,test
columbus-oh:1864,test
columbus-oh:22331,test
columbus-oh:13951,test
columbus-oh:14125,test
columbus-oh:30619,test
columbus-oh:24371,test
columbus-oh:30760,test
columbus-oh:26862,test
columbus-oh:27328,test
columbus-oh:35266,test
columbus-oh:33027,test
columbus-oh:32844,test
columbus-oh:229,test
columbus-oh:22624,test
columbus-oh:1422,test
columbus-oh:13428,test
columbus-oh:28457,test
columbus-oh:22763,test
columbus-oh:35245,test
columbus-oh:16550,test
columbus-oh:19378,test
columbus-oh:19620,test
columbus-oh:7093,test
columbus-oh:35508,test
columbus-oh:13354,test
columbus-oh:26606,test
columbus-oh:18303,test
columbus-oh:30249,test
columbus-oh:11648,test
columbus-oh:26866,test
columbus-oh:3866,test
columbus-oh:27376,test
columbus-oh:23633,test
columbus-oh:837,test
columbus-oh:771,test
columbus-oh:24618,test
columbus-oh:26961,test
columbus-oh:21474,test
columbus-oh:7627,test
columbus-oh:1235,test
columbus-oh:20083,test
columbus-oh:20023,test
columbus-oh:1676,test
columbus-oh:14855,test
columbus-oh:33371,test
columbus-oh:13947,test
columbus-oh:33627,test
columbus-oh:29074,test
columbus-oh:31009,test
columbus-oh:26591,test
columbus-oh:19999,test
columbus-oh:43,test
columbus-oh:14493,test
columbus-oh:26592,test
columbus-oh:14379,test
columbus-oh:37107,test
columbus-oh:6686,test
columbus-oh:13630,test
columbus-oh:14635,test
columbus-oh:13695,test
columbus-oh:6177,test
columbus-oh:33221,test
columbus-oh:26995,test
columbus-oh:14669,test
columbus-oh:1581,test
columbus-oh:1135,test
columbus-oh:24726,test
columbus-oh:1500,test
columbus-oh:230,test
columbus-oh:11175,test
columbus-oh:3068,test
columbus-oh:808,test
columbus-oh:29367,test
columbus-oh:26875,test
columbus-oh:16777,test
columbus-oh:29596,test
columbus-oh:14672,test
columbus-oh:18181,test
columbus-oh:872,test
columbus-oh:26904,test
columbus-oh:23951,test
columbus-oh:27240,test
columbus-oh:16073,test
columbus-oh:12480,test
columbus-oh:26595,test
columbus-oh:21299,test
columbus-oh:27324,test
columbus-oh:6755,test
columbus-oh:5934,test
columbus-oh:8666,test
columbus-oh:26674,test
columbus-oh:23165,test
columbus-oh:33058,test
columbus-oh:555,test
columbus-oh:22812,test
columbus-oh:31358,test
columbus-oh:14806,test
columbus-oh:28187,test
columbus-oh:6139,test
columbus-oh:700,test
columbus-oh:23899,test
columbus-oh:23532,test
columbus-oh:27635,test
columbus-oh:776,test
columbus-oh:15003,test
columbus-oh:27591,test
columbus-oh:27436,test
columbus-oh:12287,test
columbus-oh:10804,test
columbus-oh:14817,test
columbus-oh:26613,test
columbus-oh:24050,test
columbus-oh:31132,test
columbus-oh:35516,test
columbus-oh:13479,test
columbus-oh:1435,test
columbus-oh:773,test
columbus-oh:14768,test
columbus-oh:15700,test
columbus-oh:1146,test
columbus-oh:22453,test
columbus-oh:404,test
columbus-oh:20359,test
columbus-oh:15761,test
columbus-oh:19052,test
columbus-oh:35290,test
columbus-oh:13608,test
columbus-oh:9903,test
columbus-oh:33121,test
columbus-oh:27263,test
columbus-oh:23180,test
columbus-oh:31012,test
columbus-oh:26965,test
columbus-oh:27336,test
columbus-oh:109,test
columbus-oh:30980,test
columbus-oh:13956,test
columbus-oh:27249,test
columbus-oh:31732,test
columbus-oh:23512,test
columbus-oh:26831,test
columbus-oh:26985,test
columbus-oh:22489,test
columbus-oh:27617,test
columbus-oh:13811,test
columbus-oh:24360,test
columbus-oh:33270,test
columbus-oh:27575,test
columbus-oh:16433,test
columbus-oh:14552,test
columbus-oh:33214,test
columbus-oh:1858,test
columbus-oh:22628,test
columbus-oh:28544,test
columbus-oh:35292,test
cdmx:7143,test
cdmx:5500,test
cdmx:4138,test
cdmx:6673,test
cdmx:5344,test
cdmx:2791,test
cdmx:4549,test
cdmx:2802,test
cdmx:7535,test
cdmx:3927,test
cdmx:2341,test
cdmx:5728,test
cdmx:1934,test
cdmx:6148,test
cdmx:6762,test
cdmx:7020,test
cdmx:4705,test
cdmx:5447,test
cdmx:4934,test
cdmx:3554,test
cdmx:3518,test
cdmx:6089,test
cdmx:4168,test
cdmx:6231,test
cdmx:3325,test
cdmx:7554,test
cdmx:1917,test
cdmx:6027,test
cdmx:4681,test
cdmx:2510,test
cdmx:7193,test
cdmx:3244,test
cdmx:7778,test
cdmx:7493,test
cdmx:7622,test
cdmx:7578,test
cdmx:6942,test
cdmx:2732,test
cdmx:2457,test
cdmx:7210,test
cdmx:5398,test
cdmx:3145,test
cdmx:6238,test
cdmx:5499,test
cdmx:2008,test
cdmx:7189,test
cdmx:5999,test
cdmx:5346,test
cdmx:6822,test
cdmx:7546,test
cdmx:7245,test
spgg:3665,test
spgg:6835,test
spgg:2588,test
spgg:82643,test
spgg:99,test
spgg:53876,test
spgg:62075,test
spgg:18997,test
spgg:23676,test
spgg:7856,test
spgg:86981,test
spgg:83043,test
spgg:7438,test
spgg:19326,test
spgg:18923,test
spgg:53954,test
spgg:23613,test
spgg:68704,test
spgg:56555,test
spgg:16842,test
spgg:77392,test
spgg:60999,test
spgg:72757,test
spgg:8014,test
spgg:15101,test
spgg:21852,test
spgg:75057,test
spgg:86317,test
spgg:54133,test
spgg:86225,test
spgg:15078,test
spgg:7532,test
spgg:16223,test
spgg:77239,test
spgg:7899,test
spgg:25799,test
spgg:56554,test
spgg:1432,test
spgg:3692,test
spgg:70803,test
spgg:51280,test
spgg:44116,test
spgg:14868,test
spgg:14879,test
spgg:25082,test
spgg:3709,test
pittsburgh-pa:8562,train
pittsburgh-pa:12801,train
pittsburgh-pa:12559,train
pittsburgh-pa:10194,train
pittsburgh-pa:6076,train
pittsburgh-pa:12092,train
pittsburgh-pa:15513,train
pittsburgh-pa:5297,train
pittsburgh-pa:16184,train
pittsburgh-pa:14534,train
pittsburgh-pa:10543,train
pittsburgh-pa:5724,train
pittsburgh-pa:15220,train
pittsburgh-pa:9725,train
pittsburgh-pa:9517,train
pittsburgh-pa:14531,train
pittsburgh-pa:138,train
pittsburgh-pa:10976,train
pittsburgh-pa:1887,train
pittsburgh-pa:15776,train
pittsburgh-pa:16363,train
pittsburgh-pa:4623,train
pittsburgh-pa:137,train
pittsburgh-pa:15729,train
pittsburgh-pa:10487,train
pittsburgh-pa:7877,train
pittsburgh-pa:15000,train
pittsburgh-pa:8517,train
pittsburgh-pa:11460,train
pittsburgh-pa:20908,train
pittsburgh-pa:15256,train
pittsburgh-pa:16376,train
pittsburgh-pa:8583,train
pittsburgh-pa:15906,train
pittsburgh-pa:16034,train
pittsburgh-pa:16247,train
pittsburgh-pa:7337,train
pittsburgh-pa:16386,train
pittsburgh-pa:7904,train
pittsburgh-pa:10729,train
pittsburgh-pa:14128,train
pittsburgh-pa:15739,train
pittsburgh-pa:7744,train
pittsburgh-pa:16217,train
pittsburgh-pa:10129,train
pittsburgh-pa:13170,train
pittsburgh-pa:15140,train
pittsburgh-pa:16369,train
pittsburgh-pa:14505,train
pittsburgh-pa:9989,train
pittsburgh-pa:4704,train
pittsburgh-pa:13132,train
pittsburgh-pa:14712,train
pittsburgh-pa:6166,train
pittsburgh-pa:16498,train
pittsburgh-pa:11357,train
pittsburgh-pa:10017,train
pittsburgh-pa:15313,train
pittsburgh-pa:6458,train
pittsburgh-pa:9795,train
pittsburgh-pa:8055,train
pittsburgh-pa:15775,train
pittsburgh-pa:6570,train
pittsburgh-pa:15129,train
pittsburgh-pa:15412,train
pittsburgh-pa:16253,train
pittsburgh-pa:15742,train
pittsburgh-pa:15141,train
pittsburgh-pa:15048,train
pittsburgh-pa:16245,train
pittsburgh-pa:6557,train
pittsburgh-pa:14878,train
pittsburgh-pa:15058,train
pittsburgh-pa:6514,train
pittsburgh-pa:14962,train
pittsburgh-pa:15726,train
pittsburgh-pa:5553,train
pittsburgh-pa:9125,train
pittsburgh-pa:4744,train
pittsburgh-pa:5130,train
pittsburgh-pa:13287,train
pittsburgh-pa:11632,train
pittsburgh-pa:3172,train
pittsburgh-pa:7942,train
pittsburgh-pa:157,train
pittsburgh-pa:15030,train
pittsburgh-pa:10276,train
pittsburgh-pa:14963,train
pittsburgh-pa:8392,train
pittsburgh-pa:5536,train
pittsburgh-pa:15055,train
pittsburgh-pa:15361,train
pittsburgh-pa:10881,train
pittsburgh-pa:4083,train
pittsburgh-pa:4376,train
pittsburgh-pa:3797,train
pittsburgh-pa:1750,train
pittsburgh-pa:10722,train
pittsburgh-pa:16249,train
pittsburgh-pa:13563,train
pittsburgh-pa:13521,train
pittsburgh-pa:10132,train
pittsburgh-pa:113,train
pittsburgh-pa:15130,train
pittsburgh-pa:21348,train
pittsburgh-pa:9499,train
pittsburgh-pa:21,train
pittsburgh-pa:15410,train
pittsburgh-pa:10018,train
pittsburgh-pa:9935,train
pittsburgh-pa:14692,train
pittsburgh-pa:5294,train
pittsburgh-pa:14317,train
pittsburgh-pa:16358,train
pittsburgh-pa:15249,train
pittsburgh-pa:15229,train
pittsburgh-pa:15086,train
pittsburgh-pa:15047,train
pittsburgh-pa:8840,train
pittsburgh-pa:9236,train
pittsburgh-pa:15773,train
pittsburgh-pa:15417,train
pittsburgh-pa:8538,train
pittsburgh-pa:16265,train
pittsburgh-pa:8587,train
pittsburgh-pa:9299,train
pittsburgh-pa:16036,train
pittsburgh-pa:18457,train
pittsburgh-pa:8748,train
pittsburgh-pa:11308,train
pittsburgh-pa:10866,train
pittsburgh-pa:14623,train
pittsburgh-pa:16254,train
pittsburgh-pa:2024,train
pittsburgh-pa:10694,train
pittsburgh-pa:8563,train
pittsburgh-pa:10854,train
pittsburgh-pa:15114,train
pittsburgh-pa:3201,train
pittsburgh-pa:15494,train
pittsburgh-pa:3265,train
pittsburgh-pa:145,train
pittsburgh-pa:11361,train
pittsburgh-pa:1126,train
pittsburgh-pa:10906,train
pittsburgh-pa:15330,train
pittsburgh-pa:16361,train
pittsburgh-pa:2239,train
pittsburgh-pa:1916,train
pittsburgh-pa:14949,train
pittsburgh-pa:3024,train
pittsburgh-pa:15993,train
pittsburgh-pa:1891,train
pittsburgh-pa:12777,train
pittsburgh-pa:15043,train
pittsburgh-pa:13531,train
pittsburgh-pa:178,train
pittsburgh-pa:1445,train
pittsburgh-pa:15316,train
pittsburgh-pa:15426,train
pittsburgh-pa:12001,train
pittsburgh-pa:3131,train
pittsburgh-pa:15479,train
pittsburgh-pa:6421,train
pittsburgh-pa:2599,train
pittsburgh-pa:6660,train
pittsburgh-pa:2818,train
pittsburgh-pa:3178,train
pittsburgh-pa:5451,train
pittsburgh-pa:6077,train
pittsburgh-pa:10264,train
pittsburgh-pa:8635,train
pittsburgh-pa:15124,train
pittsburgh-pa:15007,train
pittsburgh-pa:15652,train
pittsburgh-pa:15309,train
pittsburgh-pa:8642,train
pittsburgh-pa:15005,train
pittsburgh-pa:1367,train
pittsburgh-pa:8584,train
pittsburgh-pa:20,train
pittsburgh-pa:108,train
pittsburgh-pa:8643,train
pittsburgh-pa:1125,train
pittsburgh-pa:11434,train
pittsburgh-pa:15777,train
pittsburgh-pa:15307,train
pittsburgh-pa:15996,train
pittsburgh-pa:13054,train
pittsburgh-pa:1742,train
pittsburgh-pa:3362,train
pittsburgh-pa:12893,train
pittsburgh-pa:3948,train
pittsburgh-pa:15910,train
pittsburgh-pa:8062,train
pittsburgh-pa:13136,train
pittsburgh-pa:15131,train
pittsburgh-pa:10301,train
pittsburgh-pa:5868,train
pittsburgh-pa:9219,train
pittsburgh-pa:10671,train
pittsburgh-pa:9845,train
pittsburgh-pa:15069,train
pittsburgh-pa:5650,train
pittsburgh-pa:11432,train
pittsburgh-pa:8599,train
pittsburgh-pa:15360,train
pittsburgh-pa:6541,train
pittsburgh-pa:12386,train
pittsburgh-pa:5432,train
pittsburgh-pa:15304,train
pittsburgh-pa:12090,train
pittsburgh-pa:15399,train
pittsburgh-pa:11943,train
pittsburgh-pa:15031,train
pittsburgh-pa:16209,train
pittsburgh-pa:15293,train
pittsburgh-pa:2197,train
pittsburgh-pa:16221,train
pittsburgh-pa:158,train
pittsburgh-pa:992,train
pittsburgh-pa:14951,train
pittsburgh-pa:14624,train
pittsburgh-pa:16432,train
pittsburgh-pa:13586,train
pittsburgh-pa:14376,train
pittsburgh-pa:15497,train
pittsburgh-pa:993,train
pittsburgh-pa:10650,train
pittsburgh-pa:7082,train
pittsburgh-pa:16364,train
pittsburgh-pa:9968,train
pittsburgh-pa:15774,train
pittsburgh-pa:181,train
pittsburgh-pa:6811,train
pittsburgh-pa:13520,train
pittsburgh-pa:16056,train
pittsburgh-pa:9950,train
pittsburgh-pa:15755,train
pittsburgh-pa:3175,train
pittsburgh-pa:14507,train
pittsburgh-pa:11293,train
pittsburgh-pa:3528,train
pittsburgh-pa:3939,train
pittsburgh-pa:6568,train
pittsburgh-pa:10177,train
pittsburgh-pa:13556,train
pittsburgh-pa:6284,train
pittsburgh-pa:3137,train
pittsburgh-pa:2414,train
pittsburgh-pa:15056,train
pittsburgh-pa:15291,train
pittsburgh-pa:3033,train
pittsburgh-pa:13540,train
pittsburgh-pa:8971,train
pittsburgh-pa:179,train
pittsburgh-pa:16434,train
pittsburgh-pa:14939,train
pittsburgh-pa:3162,train
pittsburgh-pa:5257,train
pittsburgh-pa:1776,train
pittsburgh-pa:8622,train
pittsburgh-pa:6666,train
pittsburgh-pa:8537,train
pittsburgh-pa:10242,train
pittsburgh-pa:15037,train
pittsburgh-pa:15511,train
pittsburgh-pa:10120,train
pittsburgh-pa:2684,train
pittsburgh-pa:2628,train
pittsburgh-pa:12096,train
pittsburgh-pa:16499,train
pittsburgh-pa:16242,train
pittsburgh-pa:16458,train
pittsburgh-pa:11838,train
pittsburgh-pa:16492,train
pittsburgh-pa:16228,train
pittsburgh-pa:22160,train
pittsburgh-pa:14838,train
pittsburgh-pa:4043,train
pittsburgh-pa:7731,train
pittsburgh-pa:14535,train
pittsburgh-pa:16055,train
pittsburgh-pa:2030,train
pittsburgh-pa:192,train
pittsburgh-pa:1446,train
pittsburgh-pa:19728,train
pittsburgh-pa:12954,train
pittsburgh-pa:14954,train
pittsburgh-pa:13715,train
pittsburgh-pa:14027,train
pittsburgh-pa:9579,train
pittsburgh-pa:4743,train
pittsburgh-pa:14536,train
pittsburgh-pa:1984,train
pittsburgh-pa:11989,train
pittsburgh-pa:7890,train
pittsburgh-pa:15496,train
pittsburgh-pa:9912,train
pittsburgh-pa:11817,train
pittsburgh-pa:16251,train
pittsburgh-pa:14077,train
pittsburgh-pa:10016,train
pittsburgh-pa:10800,train
pittsburgh-pa:13690,train
pittsburgh-pa:8269,train
pittsburgh-pa:9559,train
pittsburgh-pa:1218,train
pittsburgh-pa:12973,train
pittsburgh-pa:16496,train
pittsburgh-pa:14879,train
pittsburgh-pa:16516,train
pittsburgh-pa:12091,train
pittsburgh-pa:1232,train
pittsburgh-pa:14639,train
pittsburgh-pa:4454,train
pittsburgh-pa:15743,train
pittsburgh-pa:15038,train
pittsburgh-pa:185,train
pittsburgh-pa:177,train
pittsburgh-pa:12891,train
pittsburgh-pa:16511,train
pittsburgh-pa:3602,train
pittsburgh-pa:16260,train
pittsburgh-pa:6454,train
pittsburgh-pa:14888,train
pittsburgh-pa:10467,train
pittsburgh-pa:15760,train
pittsburgh-pa:1677,train
pittsburgh-pa:3185,train
pittsburgh-pa:15654,train
pittsburgh-pa:10032,train
pittsburgh-pa:12974,train
pittsburgh-pa:15471,train
pittsburgh-pa:3487,train
pittsburgh-pa:14314,train
pittsburgh-pa:2194,train
pittsburgh-pa:15294,train
pittsburgh-pa:7121,train
pittsburgh-pa:16384,train
pittsburgh-pa:5642,train
pittsburgh-pa:8581,train
pittsburgh-pa:14901,train
pittsburgh-pa:6585,train
pittsburgh-pa:15493,train
pittsburgh-pa:16382,train
pittsburgh-pa:15495,train
pittsburgh-pa:15858,train
pittsburgh-pa:5299,train
pittsburgh-pa:2682,train
pittsburgh-pa:9392,train
pittsburgh-pa:2093,train
pittsburgh-pa:9986,train
pittsburgh-pa:1983,train
pittsburgh-pa:16059,train
pittsburgh-pa:4593,train
pittsburgh-pa:12550,train
pittsburgh-pa:166,train
pittsburgh-pa:8369,train
pittsburgh-pa:10299,train
pittsburgh-pa:11279,train
pittsburgh-pa:15303,train
pittsburgh-pa:12892,train
pittsburgh-pa:15090,train
pittsburgh-pa:42,train
pittsburgh-pa:9801,train
pittsburgh-pa:15520,train
pittsburgh-pa:7265,train
pittsburgh-pa:12988,train
pittsburgh-pa:2159,train
pittsburgh-pa:10121,train
pittsburgh-pa:15530,train
pittsburgh-pa:8639,train
pittsburgh-pa:15329,train
pittsburgh-pa:6858,train
pittsburgh-pa:3155,train
pittsburgh-pa:14307,train
pittsburgh-pa:2795,train
pittsburgh-pa:15738,train
pittsburgh-pa:9240,train
pittsburgh-pa:13378,train
pittsburgh-pa:10975,train
pittsburgh-pa:10540,train
pittsburgh-pa:16379,train
pittsburgh-pa:8542,train
pittsburgh-pa:12055,train
pittsburgh-pa:6747,train
pittsburgh-pa:6613,train
pittsburgh-pa:9933,train
pittsburgh-pa:14965,train
pittsburgh-pa:8070,train
pittsburgh-pa:110,train
pittsburgh-pa:11105,train
pittsburgh-pa:2175,train
pittsburgh-pa:15117,train
pittsburgh-pa:16411,train
pittsburgh-pa:15125,train
pittsburgh-pa:8972,train
pittsburgh-pa:16580,train
pittsburgh-pa:1455,train
pittsburgh-pa:16058,train
pittsburgh-pa:18326,train
pittsburgh-pa:9665,train
pittsburgh-pa:13611,train
pittsburgh-pa:107,train
pittsburgh-pa:16475,train
pittsburgh-pa:9473,train
pittsburgh-pa:6582,train
pittsburgh-pa:15305,train
pittsburgh-pa:5477,train
pittsburgh-pa:20526,train
pittsburgh-pa:7661,train
pittsburgh-pa:13575,train
pittsburgh-pa:12823,train
pittsburgh-pa:1338,train
pittsburgh-pa:15510,train
pittsburgh-pa:111,train
pittsburgh-pa:2027,train
pittsburgh-pa:15314,train
pittsburgh-pa:9020,train
pittsburgh-pa:9673,train
pittsburgh-pa:156,train
pittsburgh-pa:164,train
pittsburgh-pa:15331,train
pittsburgh-pa:18311,train
pittsburgh-pa:13533,train
pittsburgh-pa:109,train
pittsburgh-pa:3685,train
pittsburgh-pa:8559,train
pittsburgh-pa:2569,train
pittsburgh-pa:15762,train
pittsburgh-pa:16519,train
pittsburgh-pa:1989,train
pittsburgh-pa:14843,train
pittsburgh-pa:2489,train
pittsburgh-pa:15328,train
pittsburgh-pa:1134,train
pittsburgh-pa:15248,train
pittsburgh-pa:8545,train
pittsburgh-pa:15672,train
pittsburgh-pa:2627,train
pittsburgh-pa:1011,train
pittsburgh-pa:6265,train
pittsburgh-pa:16453,train
pittsburgh-pa:5335,train
pittsburgh-pa:9774,train
pittsburgh-pa:8389,train
pittsburgh-pa:1012,train
pittsburgh-pa:1306,train
pittsburgh-pa:3902,train
pittsburgh-pa:12975,train
pittsburgh-pa:2884,train
pittsburgh-pa:15960,train
pittsburgh-pa:9991,train
pittsburgh-pa:10310,train
pittsburgh-pa:8585,train
pittsburgh-pa:15156,train
pittsburgh-pa:15250,train
pittsburgh-pa:15138,train
pittsburgh-pa:16383,train
pittsburgh-pa:9399,train
pittsburgh-pa:15233,train
pittsburgh-pa:16370,train
pittsburgh-pa:14875,train
pittsburgh-pa:8586,train
pittsburgh-pa:15427,train
pittsburgh-pa:16455,train
pittsburgh-pa:15877,train
pittsburgh-pa:1278,train
pittsburgh-pa:11593,train
pittsburgh-pa:9800,train
pittsburgh-pa:10193,train
pittsburgh-pa:22565,train
pittsburgh-pa:16518,train
pittsburgh-pa:9600,train
pittsburgh-pa:9427,train
pittsburgh-pa:13548,train
pittsburgh-pa:9724,train
pittsburgh-pa:14971,train
pittsburgh-pa:15980,train
pittsburgh-pa:8082,train
pittsburgh-pa:9604,train
pittsburgh-pa:16456,train
pittsburgh-pa:9264,train
pittsburgh-pa:43,train
pittsburgh-pa:14471,train
pittsburgh-pa:14406,train
pittsburgh-pa:12647,train
pittsburgh-pa:5146,train
pittsburgh-pa:6586,train
pittsburgh-pa:13577,train
pittsburgh-pa:12140,train
pittsburgh-pa:10243,train
pittsburgh-pa:11250,train
pittsburgh-pa:18028,train
pittsburgh-pa:160,train
pittsburgh-pa:9961,train
pittsburgh-pa:12097,train
pittsburgh-pa:4197,train
pittsburgh-pa:2025,train
pittsburgh-pa:9106,train
pittsburgh-pa:15490,train
pittsburgh-pa:184,train
pittsburgh-pa:190,train
pittsburgh-pa:21292,train
pittsburgh-pa:15653,train
pittsburgh-pa:8115,train
pittsburgh-pa:16248,train
pittsburgh-pa:4237,train
pittsburgh-pa:11977,train
pittsburgh-pa:16410,train
pittsburgh-pa:11617,train
pittsburgh-pa:7319,train
pittsburgh-pa:5433,train
pittsburgh-pa:163,train
pittsburgh-pa:3906,train
pittsburgh-pa:3861,train
pittsburgh-pa:8620,train
pittsburgh-pa:15446,train
pittsburgh-pa:15744,train
pittsburgh-pa:11303,train
pittsburgh-pa:2532,train
pittsburgh-pa:2282,train
pittsburgh-pa:15523,train
pittsburgh-pa:14876,train
pittsburgh-pa:8996,train
pittsburgh-pa:13175,train
pittsburgh-pa:15282,train
pittsburgh-pa:10524,train
pittsburgh-pa:12638,train
pittsburgh-pa:2281,train
pittsburgh-pa:9569,train
pittsburgh-pa:14002,train
pittsburgh-pa:13613,train
pittsburgh-pa:15668,train
pittsburgh-pa:15911,train
pittsburgh-pa:4960,train
pittsburgh-pa:8162,train
pittsburgh-pa:7792,train
pittsburgh-pa:5295,train
pittsburgh-pa:14391,train
pittsburgh-pa:12985,train
pittsburgh-pa:16491,train
pittsburgh-pa:7292,train
pittsburgh-pa:15062,train
pittsburgh-pa:8533,train
pittsburgh-pa:15283,train
pittsburgh-pa:9167,train
pittsburgh-pa:7527,train
pittsburgh-pa:14953,train
pittsburgh-pa:10604,train
pittsburgh-pa:11816,train
pittsburgh-pa:10788,train
pittsburgh-pa:15527,train
pittsburgh-pa:112,train
pittsburgh-pa:9407,train
pittsburgh-pa:14506,train
pittsburgh-pa:16388,train
pittsburgh-pa:4437,train
pittsburgh-pa:16154,train
pittsburgh-pa:15302,train
pittsburgh-pa:11335,train
pittsburgh-pa:16135,train
pittsburgh-pa:3591,train
pittsburgh-pa:3361,train
pittsburgh-pa:7851,train
pittsburgh-pa:7085,train
pittsburgh-pa:7315,train
pittsburgh-pa:14776,train
pittsburgh-pa:3264,train
pittsburgh-pa:8598,train
pittsburgh-pa:16374,train
pittsburgh-pa:12991,train
pittsburgh-pa:14627,train
pittsburgh-pa:7317,train
pittsburgh-pa:7290,train
pittsburgh-pa:8066,train
pittsburgh-pa:8641,train
pittsburgh-pa:14955,train
pittsburgh-pa:11298,train
pittsburgh-pa:10326,train
pittsburgh-pa:15995,train
pittsburgh-pa:14718,train
pittsburgh-pa:12900,train
pittsburgh-pa:15680,train
pittsburgh-pa:12546,train
pittsburgh-pa:13590,train
pittsburgh-pa:14537,train
pittsburgh-pa:16454,train
pittsburgh-pa:3793,train
pittsburgh-pa:15148,train
pittsburgh-pa:7730,train
pittsburgh-pa:5401,train
pittsburgh-pa:8601,train
pittsburgh-pa:3022,train
pittsburgh-pa:15258,train
pittsburgh-pa:180,train
pittsburgh-pa:15475,train
pittsburgh-pa:12783,train
pittsburgh-pa:2276,train
pittsburgh-pa:14938,train
pittsburgh-pa:5435,train
pittsburgh-pa:16482,train
pittsburgh-pa:12694,train
pittsburgh-pa:176,train
pittsburgh-pa:10356,train
pittsburgh-pa:12453,train
pittsburgh-pa:13284,train
pittsburgh-pa:13324,train
pittsburgh-pa:3112,train
seattle-wa:19367,train
seattle-wa:46743,train
seattle-wa:96504,train
seattle-wa:190172,train
seattle-wa:262457,train
seattle-wa:232931,train
seattle-wa:18645,train
seattle-wa:158002,train
seattle-wa:258938,train
seattle-wa:128778,train
seattle-wa:170677,train
seattle-wa:24324,train
seattle-wa:117415,train
seattle-wa:162077,train
seattle-wa:212670,train
seattle-wa:29533,train
seattle-wa:104260,train
seattle-wa:119442,train
seattle-wa:270503,train
seattle-wa:399,train
seattle-wa:239135,train
seattle-wa:105429,train
seattle-wa:208174,train
seattle-wa:5798,train
seattle-wa:192539,train
seattle-wa:238761,train
seattle-wa:168276,train
seattle-wa:236949,train
seattle-wa:262903,train
seattle-wa:169252,train
seattle-wa:195144,train
seattle-wa:51742,train
seattle-wa:15559,train
seattle-wa:241599,train
seattle-wa:123373,train
seattle-wa:35920,train
seattle-wa:260741,train
seattle-wa:157998,train
seattle-wa:154589,train
seattle-wa:34352,train
seattle-wa:99199,train
seattle-wa:102679,train
seattle-wa:145946,train
seattle-wa:15803,train
seattle-wa:150964,train
seattle-wa:834,train
seattle-wa:95561,train
seattle-wa:184902,train
seattle-wa:218766,train
seattle-wa:98708,train
seattle-wa:86510,train
seattle-wa:168899,train
seattle-wa:134121,train
seattle-wa:165923,train
seattle-wa:194291,train
seattle-wa:87497,train
seattle-wa:37982,train
seattle-wa:171926,train
seattle-wa:3245,train
seattle-wa:212851,train
seattle-wa:138494,train
seattle-wa:99621,train
seattle-wa:263005,train
seattle-wa:178819,train
seattle-wa:208177,train
seattle-wa:3392,train
seattle-wa:238402,train
seattle-wa:244547,train
seattle-wa:269248,train
seattle-wa:98201,train
seattle-wa:269247,train
seattle-wa:110302,train
seattle-wa:16666,train
seattle-wa:142454,train
seattle-wa:80831,train
seattle-wa:182276,train
seattle-wa:147055,train
seattle-wa:72303,train
seattle-wa:120539,train
seattle-wa:245958,train
seattle-wa:234498,train
seattle-wa:72482,train
seattle-wa:184777,train
seattle-wa:45260,train
seattle-wa:818,train
seattle-wa:121268,train
seattle-wa:232072,train
seattle-wa:170424,train
seattle-wa:161820,train
seattle-wa:122975,train
seattle-wa:273135,train
seattle-wa:96691,train
seattle-wa:184718,train
seattle-wa:18023,train
seattle-wa:194302,train
seattle-wa:105943,train
seattle-wa:80047,train
seattle-wa:244420,train
seattle-wa:97690,train
seattle-wa:182063,train
seattle-wa:254300,train
seattle-wa:10108,train
seattle-wa:32789,train
seattle-wa:251818,train
seattle-wa:258951,train
seattle-wa:234306,train
seattle-wa:74856,train
seattle-wa:152822,train
seattle-wa:183937,train
seattle-wa:178826,train
seattle-wa:271,train
seattle-wa:192400,train
seattle-wa:235051,train
seattle-wa:71546,train
seattle-wa:261584,train
seattle-wa:236546,train
seattle-wa:71748,train
seattle-wa:208370,train
seattle-wa:84210,train
seattle-wa:53655,train
seattle-wa:169242,train
seattle-wa:152821,train
seattle-wa:137444,train
seattle-wa:3073,train
seattle-wa:196853,train
seattle-wa:238889,train
seattle-wa:224822,train
seattle-wa:144932,train
seattle-wa:234410,train
seattle-wa:32091,train
seattle-wa:264816,train
seattle-wa:164879,train
seattle-wa:114360,train
seattle-wa:151000,train
seattle-wa:182785,train
seattle-wa:118809,train
seattle-wa:45274,train
seattle-wa:98971,train
seattle-wa:4359,train
seattle-wa:232088,train
seattle-wa:234276,train
seattle-wa:192921,train
seattle-wa:251205,train
seattle-wa:265192,train
seattle-wa:97454,train
seattle-wa:243898,train
seattle-wa:187909,train
seattle-wa:185880,train
seattle-wa:141428,train
seattle-wa:3850,train
seattle-wa:160737,train
seattle-wa:175336,train
seattle-wa:194277,train
seattle-wa:138322,train
seattle-wa:206843,train
seattle-wa:11488,train
seattle-wa:17412,train
seattle-wa:184906,train
seattle-wa:256587,train
seattle-wa:51562,train
seattle-wa:240773,train
seattle-wa:28670,train
seattle-wa:208214,train
seattle-wa:28077,train
seattle-wa:112834,train
seattle-wa:236955,train
seattle-wa:238861,train
seattle-wa:261259,train
seattle-wa:165555,train
seattle-wa:78749,train
seattle-wa:264931,train
seattle-wa:115282,train
seattle-wa:96201,train
seattle-wa:96864,train
seattle-wa:44616,train
seattle-wa:134217,train
seattle-wa:149188,train
seattle-wa:18033,train
seattle-wa:126495,train
seattle-wa:229904,train
seattle-wa:8632,train
seattle-wa:8583,train
seattle-wa:100371,train
seattle-wa:98216,train
seattle-wa:184008,train
seattle-wa:106237,train
seattle-wa:151175,train
seattle-wa:213967,train
seattle-wa:69563,train
seattle-wa:157690,train
seattle-wa:18015,train
seattle-wa:224089,train
seattle-wa:235990,train
seattle-wa:103911,train
seattle-wa:249569,train
seattle-wa:237655,train
seattle-wa:34775,train
seattle-wa:191104,train
seattle-wa:157443,train
seattle-wa:247570,train
seattle-wa:145944,train
seattle-wa:175339,train
seattle-wa:234407,train
seattle-wa:246158,train
seattle-wa:178986,train
seattle-wa:241889,train
seattle-wa:194282,train
seattle-wa:107879,train
seattle-wa:262329,train
seattle-wa:208390,train
seattle-wa:88401,train
seattle-wa:143661,train
seattle-wa:160323,train
seattle-wa:53084,train
seattle-wa:73947,train
seattle-wa:206103,train
seattle-wa:82716,train
seattle-wa:258555,train
seattle-wa:125552,train
seattle-wa:236561,train
seattle-wa:63926,train
seattle-wa:124239,train
seattle-wa:83446,train
seattle-wa:237450,train
seattle-wa:120097,train
seattle-wa:38951,train
seattle-wa:241866,train
seattle-wa:183008,train
seattle-wa:188138,train
seattle-wa:247428,train
seattle-wa:167465,train
seattle-wa:137440,train
seattle-wa:99497,train
seattle-wa:154410,train
seattle-wa:53209,train
seattle-wa:136502,train
seattle-wa:134123,train
seattle-wa:99643,train
seattle-wa:190774,train
seattle-wa:62000,train
seattle-wa:237777,train
seattle-wa:113036,train
seattle-wa:158201,train
seattle-wa:12656,train
seattle-wa:207362,train
seattle-wa:161941,train
seattle-wa:183935,train
seattle-wa:232640,train
seattle-wa:177416,train
seattle-wa:1260,train
seattle-wa:105530,train
seattle-wa:144906,train
seattle-wa:270614,train
seattle-wa:138340,train
seattle-wa:67077,train
seattle-wa:107936,train
seattle-wa:201502,train
seattle-wa:198262,train
seattle-wa:227168,train
seattle-wa:208211,train
seattle-wa:171027,train
seattle-wa:158021,train
seattle-wa:21454,train
seattle-wa:191102,train
seattle-wa:192943,train
seattle-wa:108116,train
seattle-wa:183881,train
seattle-wa:25762,train
seattle-wa:180612,train
seattle-wa:46323,train
seattle-wa:262902,train
seattle-wa:175299,train
seattle-wa:170107,train
seattle-wa:116934,train
seattle-wa:124688,train
seattle-wa:234499,train
seattle-wa:234222,train
seattle-wa:100799,train
seattle-wa:52769,train
seattle-wa:182229,train
seattle-wa:225489,train
seattle-wa:96486,train
seattle-wa:142160,train
seattle-wa:97192,train
seattle-wa:263681,train
seattle-wa:177160,train
seattle-wa:100583,train
seattle-wa:137691,train
seattle-wa:72720,train
seattle-wa:142529,train
seattle-wa:27356,train
seattle-wa:140,train
seattle-wa:99235,train
seattle-wa:233520,train
seattle-wa:862,train
seattle-wa:189698,train
seattle-wa:215024,train
seattle-wa:269214,train
seattle-wa:557,train
seattle-wa:99447,train
seattle-wa:265305,train
seattle-wa:98215,train
seattle-wa:34636,train
seattle-wa:99038,train
seattle-wa:263454,train
seattle-wa:29747,train
seattle-wa:238168,train
seattle-wa:836,train
seattle-wa:119661,train
seattle-wa:241943,train
seattle-wa:39138,train
seattle-wa:97602,train
seattle-wa:12611,train
seattle-wa:270425,train
seattle-wa:101180,train
seattle-wa:273521,train
seattle-wa:274010,train
seattle-wa:75846,train
seattle-wa:191037,train
seattle-wa:234223,train
seattle-wa:240296,train
seattle-wa:63681,train
seattle-wa:35892,train
seattle-wa:205878,train
seattle-wa:142538,train
seattle-wa:98472,train
seattle-wa:178761,train
seattle-wa:180548,train
seattle-wa:138320,train
seattle-wa:18816,train
seattle-wa:67316,train
seattle-wa:226446,train
seattle-wa:109555,train
seattle-wa:191596,train
seattle-wa:77721,train
seattle-wa:164889,train
seattle-wa:77521,train
seattle-wa:124865,train
seattle-wa:134126,train
seattle-wa:145932,train
seattle-wa:255642,train
seattle-wa:114095,train
seattle-wa:255841,train
seattle-wa:224001,train
seattle-wa:260077,train
seattle-wa:8143,train
seattle-wa:1786,train
seattle-wa:9081,train
seattle-wa:264884,train
seattle-wa:241922,train
seattle-wa:131798,train
seattle-wa:136927,train
seattle-wa:160740,train
seattle-wa:195221,train
seattle-wa:170491,train
seattle-wa:127514,train
seattle-wa:247376,train
seattle-wa:241841,train
seattle-wa:36407,train
seattle-wa:135189,train
seattle-wa:3851,train
seattle-wa:149441,train
seattle-wa:137786,train
seattle-wa:102821,train
seattle-wa:274,train
seattle-wa:172511,train
seattle-wa:260611,train
seattle-wa:741,train
seattle-wa:249322,train
seattle-wa:181149,train
seattle-wa:97130,train
seattle-wa:263123,train
seattle-wa:225781,train
seattle-wa:942,train
seattle-wa:87005,train
seattle-wa:236339,train
seattle-wa:240657,train
seattle-wa:940,train
seattle-wa:240777,train
seattle-wa:68170,train
seattle-wa:145933,train
seattle-wa:236845,train
seattle-wa:96863,train
seattle-wa:273155,train
seattle-wa:160643,train
seattle-wa:98089,train
seattle-wa:173582,train
seattle-wa:236553,train
seattle-wa:124675,train
seattle-wa:145934,train
seattle-wa:182886,train
seattle-wa:251832,train
seattle-wa:186754,train
seattle-wa:194330,train
seattle-wa:4363,train
seattle-wa:174981,train
seattle-wa:5619,train
seattle-wa:127611,train
seattle-wa:149567,train
seattle-wa:161511,train
seattle-wa:157996,train
seattle-wa:241600,train
seattle-wa:96443,train
seattle-wa:41613,train
seattle-wa:139894,train
seattle-wa:247370,train
seattle-wa:147730,train
seattle-wa:252964,train
seattle-wa:235987,train
seattle-wa:190565,train
seattle-wa:161476,train
seattle-wa:103789,train
seattle-wa:171455,train
seattle-wa:157796,train
seattle-wa:156171,train
seattle-wa:184162,train
seattle-wa:124866,train
seattle-wa:107531,train
seattle-wa:229293,train
seattle-wa:139446,train
seattle-wa:100486,train
seattle-wa:175965,train
seattle-wa:120048,train
seattle-wa:109051,train
seattle-wa:190539,train
seattle-wa:223792,train
seattle-wa:239753,train
seattle-wa:116317,train
seattle-wa:101648,train
seattle-wa:96688,train
seattle-wa:269211,train
seattle-wa:270714,train
seattle-wa:132577,train
seattle-wa:131949,train
seattle-wa:190672,train
seattle-wa:154406,train
seattle-wa:235992,train
seattle-wa:171567,train
seattle-wa:100301,train
seattle-wa:195175,train
seattle-wa:181266,train
seattle-wa:270613,train
seattle-wa:150234,train
seattle-wa:245767,train
seattle-wa:270615,train
seattle-wa:90573,train
seattle-wa:104075,train
seattle-wa:244271,train
seattle-wa:133960,train
seattle-wa:199928,train
seattle-wa:159040,train
seattle-wa:175976,train
seattle-wa:140227,train
seattle-wa:195803,train
seattle-wa:120469,train
seattle-wa:100626,train
seattle-wa:132476,train
seattle-wa:53834,train
seattle-wa:199929,train
seattle-wa:159427,train
seattle-wa:237729,train
seattle-wa:151225,train
seattle-wa:146789,train
seattle-wa:149729,train
seattle-wa:119616,train
seattle-wa:558,train
seattle-wa:10452,train
seattle-wa:194966,train
seattle-wa:738,train
seattle-wa:156107,train
seattle-wa:136903,train
seattle-wa:176018,train
seattle-wa:147,train
seattle-wa:286,train
seattle-wa:208971,train
seattle-wa:6847,train
seattle-wa:236736,train
seattle-wa:189109,train
seattle-wa:95525,train
seattle-wa:157642,train
seattle-wa:9836,train
seattle-wa:105934,train
seattle-wa:241912,train
seattle-wa:99797,train
seattle-wa:232854,train
seattle-wa:854,train
seattle-wa:120198,train
seattle-wa:182885,train
seattle-wa:200527,train
seattle-wa:70008,train
seattle-wa:235988,train
seattle-wa:224091,train
seattle-wa:273134,train
seattle-wa:106465,train
seattle-wa:1459,train
seattle-wa:5057,train
seattle-wa:144505,train
seattle-wa:245760,train
seattle-wa:100436,train
seattle-wa:99963,train
seattle-wa:133575,train
seattle-wa:178974,train
seattle-wa:77520,train
seattle-wa:183843,train
seattle-wa:162491,train
seattle-wa:99838,train
seattle-wa:139388,train
seattle-wa:240705,train
seattle-wa:185030,train
seattle-wa:97978,train
seattle-wa:195176,train
seattle-wa:145949,train
seattle-wa:98564,train
seattle-wa:109306,train
seattle-wa:235058,train
seattle-wa:17756,train
seattle-wa:234526,train
seattle-wa:110712,train
seattle-wa:206920,train
seattle-wa:191067,train
seattle-wa:269328,train
seattle-wa:28692,train
seattle-wa:175232,train
seattle-wa:15633,train
seattle-wa:139987,train
seattle-wa:71490,train
seattle-wa:97788,train
seattle-wa:94058,train
seattle-wa:183153,train
seattle-wa:133312,train
seattle-wa:98687,train
seattle-wa:194659,train
seattle-wa:101534,train
seattle-wa:29102,train
seattle-wa:22520,train
seattle-wa:30600,train
seattle-wa:154682,train
seattle-wa:181826,train
seattle-wa:235626,train
seattle-wa:715,train
seattle-wa:259955,train
seattle-wa:134928,train
seattle-wa:186812,train
seattle-wa:70328,train
seattle-wa:249242,train
seattle-wa:51547,train
seattle-wa:25932,train
seattle-wa:137563,train
seattle-wa:139152,train
seattle-wa:245995,train
seattle-wa:76005,train
seattle-wa:53409,train
seattle-wa:6795,train
seattle-wa:208964,train
seattle-wa:162485,train
seattle-wa:177568,train
seattle-wa:72943,train
seattle-wa:106472,train
seattle-wa:75706,train
seattle-wa:97341,train
seattle-wa:261457,train
seattle-wa:169451,train
seattle-wa:134,train
seattle-wa:257784,train
seattle-wa:117854,train
seattle-wa:65276,train
seattle-wa:100489,train
seattle-wa:102913,train
seattle-wa:263452,train
seattle-wa:711,train
seattle-wa:273415,train
seattle-wa:134512,train
seattle-wa:61991,train
seattle-wa:28911,train
seattle-wa:237507,train
seattle-wa:154764,train
seattle-wa:238297,train
seattle-wa:109685,train
seattle-wa:105499,train
seattle-wa:208182,train
seattle-wa:100221,train
seattle-wa:133457,train
seattle-wa:142743,train
seattle-wa:273473,train
seattle-wa:191170,train
seattle-wa:138321,train
seattle-wa:148893,train
seattle-wa:85709,train
seattle-wa:258540,train
seattle-wa:87213,train
seattle-wa:754,train
seattle-wa:234303,train
seattle-wa:188004,train
seattle-wa:194293,train
seattle-wa:18883,train
seattle-wa:882,train
seattle-wa:102636,train
seattle-wa:252945,train
seattle-wa:100555,train
seattle-wa:239127,train
seattle-wa:9811,train
seattle-wa:194340,train
seattle-wa:11480,train
seattle-wa:113861,train
seattle-wa:95980,train
seattle-wa:263453,train
seattle-wa:127147,train
seattle-wa:187265,train
seattle-wa:122189,train
seattle-wa:193886,train
seattle-wa:158318,train
seattle-wa:246445,train
seattle-wa:174243,train
seattle-wa:18806,train
seattle-wa:1488,train
seattle-wa:190392,train
seattle-wa:263687,train
seattle-wa:191780,train
seattle-wa:146830,train
seattle-wa:38293,train
seattle-wa:102356,train
seattle-wa:45663,train
seattle-wa:1181,train
seattle-wa:236326,train
seattle-wa:143857,train
seattle-wa:263456,train
seattle-wa:184519,train
seattle-wa:208176,train
seattle-wa:238498,train
seattle-wa:86454,train
seattle-wa:145984,train
seattle-wa:46637,train
seattle-wa:90371,train
seattle-wa:147191,train
seattle-wa:261446,train
seattle-wa:123921,train
seattle-wa:178231,train
seattle-wa:101618,train
seattle-wa:251817,train
seattle-wa:247380,train
seattle-wa:158000,train
seattle-wa:247364,train
seattle-wa:116565,train
seattle-wa:249405,train
seattle-wa:246849,train
seattle-wa:186823,train
seattle-wa:68321,train
seattle-wa:5493,train
seattle-wa:236328,train
seattle-wa:202427,train
seattle-wa:236463,train
seattle-wa:145883,train
seattle-wa:260742,train
seattle-wa:190800,train
seattle-wa:71071,train
seattle-wa:181259,train
seattle-wa:98946,train
seattle-wa:107659,train
seattle-wa:227098,train
seattle-wa:155322,train
seattle-wa:71749,train
seattle-wa:154640,train
seattle-wa:148239,train
seattle-wa:198415,train
seattle-wa:238981,train
seattle-wa:205582,train
seattle-wa:95289,train
seattle-wa:145947,train
seattle-wa:239024,train
seattle-wa:156945,train
seattle-wa:237508,train
seattle-wa:163919,train
seattle-wa:193801,train
seattle-wa:72947,train
seattle-wa:100437,train
seattle-wa:95436,train
seattle-wa:175456,train
seattle-wa:183096,train
seattle-wa:157691,train
seattle-wa:125441,train
seattle-wa:191026,train
seattle-wa:137674,train
seattle-wa:158454,train
seattle-wa:187155,train
seattle-wa:110390,train
seattle-wa:187434,train
seattle-wa:25423,train
seattle-wa:119552,train
seattle-wa:141645,train
seattle-wa:80051,train
seattle-wa:175054,train
seattle-wa:239891,train
seattle-wa:100491,train
seattle-wa:98949,train
seattle-wa:115376,train
seattle-wa:134001,train
seattle-wa:189873,train
seattle-wa:245753,train
seattle-wa:264217,train
seattle-wa:151784,train
seattle-wa:76636,train
seattle-wa:191025,train
seattle-wa:10193,train
seattle-wa:199931,train
seattle-wa:178508,train
seattle-wa:224703,train
seattle-wa:1124,train
seattle-wa:96711,train
seattle-wa:138344,train
seattle-wa:214773,train
seattle-wa:182385,train
seattle-wa:142726,train
seattle-wa:56769,train
seattle-wa:268952,train
seattle-wa:191241,train
seattle-wa:152994,train
seattle-wa:97594,train
seattle-wa:245521,train
seattle-wa:45640,train
seattle-wa:256588,train
seattle-wa:183936,train
seattle-wa:42564,train
seattle-wa:66399,train
seattle-wa:269,train
seattle-wa:29673,train
seattle-wa:120578,train
seattle-wa:27909,train
seattle-wa:237098,train
seattle-wa:155888,train
seattle-wa:124861,train
seattle-wa:1067,train
seattle-wa:100828,train
seattle-wa:260050,train
seattle-wa:177083,train
seattle-wa:243064,train
seattle-wa:200457,train
seattle-wa:194281,train
seattle-wa:182325,train
seattle-wa:133605,train
seattle-wa:152814,train
seattle-wa:138342,train
seattle-wa:208183,train
seattle-wa:95438,train
seattle-wa:263961,train
seattle-wa:192323,train
seattle-wa:264008,train
seattle-wa:227716,train
seattle-wa:123900,train
seattle-wa:171924,train
seattle-wa:83996,train
seattle-wa:98401,train
seattle-wa:69455,train
seattle-wa:15357,train
seattle-wa:240301,train
seattle-wa:194183,train
seattle-wa:187863,train
seattle-wa:175337,train
seattle-wa:55935,train
seattle-wa:138341,train
seattle-wa:180789,train
seattle-wa:141467,train
seattle-wa:35660,train
seattle-wa:217641,train
seattle-wa:238378,train
seattle-wa:145953,train
seattle-wa:97616,train
seattle-wa:206731,train
seattle-wa:100304,train
seattle-wa:207379,train
seattle-wa:178655,train
seattle-wa:175722,train
seattle-wa:71447,train
seattle-wa:240733,train
seattle-wa:30669,train
seattle-wa:140008,train
seattle-wa:239402,train
seattle-wa:183929,train
seattle-wa:208186,train
seattle-wa:147667,train
seattle-wa:233802,train
seattle-wa:98563,train
seattle-wa:257198,train
seattle-wa:137727,train
seattle-wa:110656,train
seattle-wa:216102,train
seattle-wa:120467,train
seattle-wa:235961,train
seattle-wa:23916,train
seattle-wa:209331,train
seattle-wa:112187,train
seattle-wa:187002,train
seattle-wa:191604,train
seattle-wa:180139,train
seattle-wa:236557,train
seattle-wa:154368,train
seattle-wa:263389,train
seattle-wa:145950,train
seattle-wa:188129,train
seattle-wa:263762,train
seattle-wa:108402,train
seattle-wa:145977,train
seattle-wa:162488,train
seattle-wa:234404,train
seattle-wa:170629,train
seattle-wa:87546,train
seattle-wa:6560,train
seattle-wa:236338,train
seattle-wa:15218,train
seattle-wa:17994,train
seattle-wa:195764,train
seattle-wa:130646,train
seattle-wa:16350,train
seattle-wa:245704,train
seattle-wa:239154,train
seattle-wa:251813,train
seattle-wa:163194,train
seattle-wa:235057,train
seattle-wa:28088,train
seattle-wa:98492,train
seattle-wa:143569,train
seattle-wa:158926,train
seattle-wa:233515,train
seattle-wa:191039,train
seattle-wa:101751,train
seattle-wa:265018,train
seattle-wa:208213,train
seattle-wa:257510,train
seattle-wa:13995,train
seattle-wa:104108,train
seattle-wa:168464,train
seattle-wa:122974,train
seattle-wa:241965,train
seattle-wa:198436,train
seattle-wa:244275,train
seattle-wa:139121,train
seattle-wa:142826,train
seattle-wa:267670,train
seattle-wa:124859,train
seattle-wa:194306,train
seattle-wa:195231,train
seattle-wa:122561,train
seattle-wa:139986,train
seattle-wa:119660,train
seattle-wa:237225,train
seattle-wa:25760,train
seattle-wa:189234,train
seattle-wa:124151,train
seattle-wa:91818,train
seattle-wa:15950,train
seattle-wa:141879,train
seattle-wa:161982,train
seattle-wa:97302,train
seattle-wa:45558,train
seattle-wa:70985,train
seattle-wa:152954,train
seattle-wa:165643,train
seattle-wa:167452,train
seattle-wa:42448,train
seattle-wa:145335,train
seattle-wa:168400,train
seattle-wa:256776,train
seattle-wa:123478,train
seattle-wa:165978,train
seattle-wa:4321,train
seattle-wa:120545,train
seattle-wa:154176,train
seattle-wa:120468,train
seattle-wa:111707,train
seattle-wa:29835,train
seattle-wa:96357,train
seattle-wa:226450,train
seattle-wa:75945,train
seattle-wa:265272,train
seattle-wa:167453,train
seattle-wa:205326,train
seattle-wa:239050,train
seattle-wa:734,train
seattle-wa:748,train
seattle-wa:183877,train
seattle-wa:175453,train
seattle-wa:100833,train
seattle-wa:94020,train
seattle-wa:238974,train
seattle-wa:95856,train
seattle-wa:195170,train
seattle-wa:178904,train
seattle-wa:232981,train
seattle-wa:188125,train
seattle-wa:270609,train
seattle-wa:41930,train
seattle-wa:23695,train
seattle-wa:181179,train
seattle-wa:182022,train
seattle-wa:4223,train
seattle-wa:61992,train
seattle-wa:132493,train
seattle-wa:132591,train
seattle-wa:163841,train
seattle-wa:125786,train
seattle-wa:47546,train
seattle-wa:3434,train
seattle-wa:99316,train
seattle-wa:165928,train
seattle-wa:193213,train
seattle-wa:204893,train
seattle-wa:23470,train
seattle-wa:248418,train
seattle-wa:71923,train
seattle-wa:104185,train
seattle-wa:737,train
seattle-wa:254320,train
seattle-wa:273153,train
seattle-wa:108665,train
seattle-wa:171732,train
seattle-wa:103234,train
seattle-wa:254024,train
seattle-wa:29754,train
seattle-wa:38464,train
seattle-wa:185411,train
seattle-wa:142429,train
seattle-wa:95429,train
seattle-wa:251425,train
seattle-wa:99642,train
seattle-wa:98947,train
seattle-wa:104100,train
seattle-wa:95433,train
seattle-wa:134052,train
seattle-wa:256122,train
seattle-wa:121793,train
seattle-wa:200438,train
seattle-wa:181326,train
seattle-wa:119842,train
seattle-wa:158300,train
seattle-wa:209579,train
seattle-wa:6849,train
seattle-wa:194272,train
seattle-wa:192517,train
seattle-wa:171566,train
seattle-wa:240288,train
seattle-wa:165479,train
seattle-wa:193138,train
seattle-wa:266258,train
seattle-wa:16422,train
seattle-wa:49126,train
seattle-wa:180269,train
seattle-wa:133421,train
seattle-wa:41405,train
seattle-wa:192906,train
seattle-wa:193467,train
seattle-wa:54013,train
seattle-wa:265293,train
seattle-wa:99902,train
seattle-wa:72948,train
seattle-wa:73912,train
seattle-wa:209581,train
seattle-wa:140474,train
seattle-wa:105490,train
seattle-wa:185404,train
seattle-wa:104182,train
seattle-wa:115440,train
seattle-wa:16803,train
seattle-wa:100487,train
seattle-wa:139095,train
seattle-wa:195141,train
seattle-wa:105948,train
seattle-wa:60616,train
seattle-wa:262901,train
seattle-wa:96362,train
seattle-wa:141457,train
seattle-wa:208353,train
seattle-wa:157641,train
seattle-wa:190648,train
seattle-wa:49124,train
seattle-wa:152849,train
seattle-wa:263523,train
seattle-wa:195167,train
seattle-wa:150912,train
seattle-wa:263659,train
seattle-wa:150905,train
seattle-wa:250281,train
seattle-wa:196577,train
seattle-wa:217688,train
seattle-wa:946,train
seattle-wa:269097,train
seattle-wa:148110,train
seattle-wa:211554,train
seattle-wa:193692,train
seattle-wa:5596,train
seattle-wa:245759,train
seattle-wa:163515,train
seattle-wa:239827,train
seattle-wa:163465,train
seattle-wa:185164,train
seattle-wa:232142,train
seattle-wa:171029,train
seattle-wa:88534,train
seattle-wa:159526,train
seattle-wa:113785,train
seattle-wa:124820,train
seattle-wa:150967,train
seattle-wa:855,train
seattle-wa:162476,train
seattle-wa:29444,train
seattle-wa:54010,train
seattle-wa:99209,train
seattle-wa:142098,train
seattle-wa:175452,train
seattle-wa:131,train
seattle-wa:124672,train
seattle-wa:251816,train
seattle-wa:96976,train
seattle-wa:270424,train
seattle-wa:3852,train
seattle-wa:205576,train
seattle-wa:259231,train
seattle-wa:224000,train
seattle-wa:189291,train
seattle-wa:34753,train
seattle-wa:121306,train
seattle-wa:167467,train
seattle-wa:193698,train
seattle-wa:49677,train
seattle-wa:97595,train
seattle-wa:190822,train
seattle-wa:246212,train
seattle-wa:97601,train
seattle-wa:58998,train
seattle-wa:99041,train
seattle-wa:95945,train
seattle-wa:261447,train
seattle-wa:223793,train
seattle-wa:132563,train
seattle-wa:149730,train
seattle-wa:244273,train
seattle-wa:180516,train
seattle-wa:10110,train
seattle-wa:28419,train
seattle-wa:7454,train
seattle-wa:192518,train
seattle-wa:133187,train
seattle-wa:7432,train
seattle-wa:74640,train
seattle-wa:208178,train
seattle-wa:178357,train
seattle-wa:23189,train
seattle-wa:266025,train
seattle-wa:141650,train
seattle-wa:191594,train
seattle-wa:102942,train
seattle-wa:98711,train
seattle-wa:222172,train
seattle-wa:80048,train
seattle-wa:209452,train
seattle-wa:98960,train
seattle-wa:142283,train
seattle-wa:38349,train
seattle-wa:95988,train
seattle-wa:2983,train
seattle-wa:233523,train
seattle-wa:270722,train
seattle-wa:103955,train
seattle-wa:95439,train
seattle-wa:10113,train
seattle-wa:241867,train
seattle-wa:233804,train
seattle-wa:251804,train
seattle-wa:108854,train
seattle-wa:209420,train
seattle-wa:234282,train
seattle-wa:215812,train
seattle-wa:52349,train
seattle-wa:5604,train
seattle-wa:66958,train
seattle-wa:109823,train
seattle-wa:85686,train
seattle-wa:234226,train
seattle-wa:186740,train
seattle-wa:101652,train
seattle-wa:69800,train
seattle-wa:100303,train
seattle-wa:102692,train
seattle-wa:192939,train
seattle-wa:180517,train
seattle-wa:256584,train
seattle-wa:141871,train
seattle-wa:70879,train
seattle-wa:98847,train
seattle-wa:29440,train
seattle-wa:236559,train
seattle-wa:30356,train
seattle-wa:171829,train
seattle-wa:205574,train
seattle-wa:256423,train
seattle-wa:139082,train
seattle-wa:194322,train
seattle-wa:180470,train
seattle-wa:128857,train
seattle-wa:145274,train
seattle-wa:240638,train
seattle-wa:10368,train
seattle-wa:96704,train
seattle-wa:158106,train
seattle-wa:7493,train
seattle-wa:108630,train
seattle-wa:188009,train
seattle-wa:183655,train
seattle-wa:187168,train
seattle-wa:49563,train
seattle-wa:268940,train
seattle-wa:147073,train
seattle-wa:98505,train
seattle-wa:196881,train
seattle-wa:244481,train
seattle-wa:232075,train
seattle-wa:190387,train
seattle-wa:105394,train
seattle-wa:41254,train
seattle-wa:123441,train
seattle-wa:208187,train
seattle-wa:1132,train
seattle-wa:240778,train
seattle-wa:68486,train
seattle-wa:96450,train
seattle-wa:158569,train
seattle-wa:91037,train
seattle-wa:100552,train
seattle-wa:13859,train
seattle-wa:102685,train
seattle-wa:272527,train
seattle-wa:239896,train
seattle-wa:36015,train
seattle-wa:240659,train
seattle-wa:232554,train
seattle-wa:190661,train
seattle-wa:237,train
seattle-wa:160747,train
seattle-wa:881,train
seattle-wa:190530,train
seattle-wa:104160,train
seattle-wa:106433,train
seattle-wa:99014,train
seattle-wa:233803,train
seattle-wa:96987,train
seattle-wa:27166,train
seattle-wa:96487,train
seattle-wa:237228,train
seattle-wa:156356,train
seattle-wa:191021,train
seattle-wa:116932,train
seattle-wa:274160,train
seattle-wa:217649,train
seattle-wa:49137,train
seattle-wa:67511,train
seattle-wa:186802,train
seattle-wa:163963,train
seattle-wa:224074,train
seattle-wa:1262,train
seattle-wa:234253,train
seattle-wa:110440,train
seattle-wa:23554,train
seattle-wa:126514,train
seattle-wa:158048,train
seattle-wa:54460,train
seattle-wa:99952,train
seattle-wa:113994,train
seattle-wa:1480,train
seattle-wa:180063,train
seattle-wa:192918,train
seattle-wa:204850,train
seattle-wa:85846,train
seattle-wa:262697,train
seattle-wa:165525,train
seattle-wa:25658,train
seattle-wa:142969,train
seattle-wa:139433,train
seattle-wa:8578,train
seattle-wa:179467,train
seattle-wa:69795,train
seattle-wa:158788,train
seattle-wa:29196,train
seattle-wa:94883,train
seattle-wa:254814,train
seattle-wa:80050,train
seattle-wa:245785,train
seattle-wa:182119,train
seattle-wa:70375,train
seattle-wa:134429,train
seattle-wa:137410,train
seattle-wa:233807,train
seattle-wa:1178,train
seattle-wa:13344,train
seattle-wa:82303,train
seattle-wa:123208,train
seattle-wa:252994,train
seattle-wa:90919,train
seattle-wa:165608,train
seattle-wa:170338,train
seattle-wa:209242,train
seattle-wa:88320,train
seattle-wa:122972,train
seattle-wa:139631,train
seattle-wa:145928,train
seattle-wa:196880,train
seattle-wa:240591,train
seattle-wa:396,train
seattle-wa:3433,train
seattle-wa:13149,train
seattle-wa:255303,train
seattle-wa:191018,train
seattle-wa:153045,train
seattle-wa:147405,train
seattle-wa:206922,train
seattle-wa:26407,train
seattle-wa:104200,train
seattle-wa:425,train
seattle-wa:151393,train
seattle-wa:161675,train
seattle-wa:184578,train
seattle-wa:112805,train
seattle-wa:166877,train
seattle-wa:194290,train
seattle-wa:97977,train
seattle-wa:744,train
seattle-wa:18992,train
seattle-wa:59795,train
seattle-wa:29620,train
seattle-wa:28723,train
seattle-wa:162830,train
seattle-wa:100298,train
seattle-wa:254299,train
seattle-wa:263382,train
seattle-wa:105500,train
seattle-wa:209777,train
seattle-wa:199930,train
seattle-wa:247430,train
seattle-wa:111805,train
seattle-wa:13460,train
seattle-wa:195763,train
seattle-wa:135110,train
seattle-wa:72727,train
seattle-wa:233524,train
seattle-wa:132586,train
seattle-wa:3855,train
seattle-wa:16004,train
seattle-wa:103958,train
seattle-wa:37008,train
seattle-wa:22639,train
seattle-wa:863,train
seattle-wa:126027,train
seattle-wa:98688,train
seattle-wa:16958,train
seattle-wa:133267,train
seattle-wa:76401,train
seattle-wa:110165,train
seattle-wa:193798,train
seattle-wa:162432,train
seattle-wa:93641,train
seattle-wa:247359,train
seattle-wa:17671,train
seattle-wa:257612,train
seattle-wa:22521,train
seattle-wa:125771,train
seattle-wa:181582,train
seattle-wa:235214,train
seattle-wa:270815,train
seattle-wa:178985,train
seattle-wa:30336,train
seattle-wa:18701,train
seattle-wa:150908,train
seattle-wa:96451,train
seattle-wa:178689,train
seattle-wa:200465,train
seattle-wa:112810,train
seattle-wa:141405,train
seattle-wa:129681,train
seattle-wa:30061,train
seattle-wa:265629,train
seattle-wa:34343,train
seattle-wa:115322,train
seattle-wa:254932,train
seattle-wa:275933,train
seattle-wa:218856,train
seattle-wa:191205,train
seattle-wa:75729,train
seattle-wa:237221,train
seattle-wa:421,train
seattle-wa:161539,train
seattle-wa:111803,train
seattle-wa:162448,train
seattle-wa:65352,train
seattle-wa:5051,train
seattle-wa:181017,train
seattle-wa:101871,train
seattle-wa:236554,train
seattle-wa:138578,train
seattle-wa:240497,train
seattle-wa:234283,train
seattle-wa:260740,train
seattle-wa:253761,train
seattle-wa:126530,train
seattle-wa:113083,train
seattle-wa:254073,train
seattle-wa:226915,train
seattle-wa:236558,train
seattle-wa:209238,train
seattle-wa:48873,train
seattle-wa:168344,train
seattle-wa:212906,train
seattle-wa:52526,train
seattle-wa:160639,train
seattle-wa:143867,train
seattle-wa:191054,train
seattle-wa:16441,train
seattle-wa:60074,train
seattle-wa:190647,train
seattle-wa:116719,train
seattle-wa:208392,train
seattle-wa:51361,train
seattle-wa:10328,train
seattle-wa:170113,train
seattle-wa:235547,train
seattle-wa:236322,train
seattle-wa:116273,train
seattle-wa:190588,train
seattle-wa:182890,train
seattle-wa:263844,train
seattle-wa:183113,train
seattle-wa:70455,train
seattle-wa:13011,train
seattle-wa:96977,train
seattle-wa:170489,train
seattle-wa:190389,train
seattle-wa:132615,train
seattle-wa:146248,train
seattle-wa:178087,train
seattle-wa:116724,train
seattle-wa:1424,train
seattle-wa:177728,train
seattle-wa:171534,train
seattle-wa:195145,train
seattle-wa:67516,train
seattle-wa:35083,train
seattle-wa:262900,train
seattle-wa:204918,train
seattle-wa:132009,train
seattle-wa:104446,train
seattle-wa:46492,train
seattle-wa:147235,train
seattle-wa:235625,train
seattle-wa:86159,train
seattle-wa:67515,train
seattle-wa:141888,train
seattle-wa:103913,train
seattle-wa:233516,train
seattle-wa:255965,train
seattle-wa:252829,train
seattle-wa:138339,train
seattle-wa:158668,train
seattle-wa:103788,train
seattle-wa:224090,train
seattle-wa:263386,train
seattle-wa:17088,train
seattle-wa:269329,train
seattle-wa:119615,train
seattle-wa:133264,train
seattle-wa:170109,train
seattle-wa:137225,train
seattle-wa:232644,train
seattle-wa:181143,train
seattle-wa:247426,train
seattle-wa:208580,train
seattle-wa:190992,train
seattle-wa:71102,train
seattle-wa:111873,train
seattle-wa:49099,train
seattle-wa:194520,train
seattle-wa:165642,train
seattle-wa:270611,train
seattle-wa:117416,train
seattle-wa:1785,train
seattle-wa:100488,train
seattle-wa:265853,train
seattle-wa:132589,train
seattle-wa:190550,train
seattle-wa:171177,train
seattle-wa:203199,train
seattle-wa:209343,train
seattle-wa:74641,train
seattle-wa:93548,train
seattle-wa:245071,train
seattle-wa:426,train
seattle-wa:234802,train
seattle-wa:270517,train
seattle-wa:255667,train
seattle-wa:18036,train
seattle-wa:144400,train
seattle-wa:16456,train
seattle-wa:154896,train
seattle-wa:134289,train
seattle-wa:145279,train
seattle-wa:132584,train
seattle-wa:145223,train
seattle-wa:179024,train
seattle-wa:34422,train
seattle-wa:253054,train
seattle-wa:177904,train
seattle-wa:251849,train
seattle-wa:232258,train
seattle-wa:162964,train
seattle-wa:95977,train
seattle-wa:132026,train
seattle-wa:200429,train
seattle-wa:98686,train
seattle-wa:70598,train
seattle-wa:236323,train
seattle-wa:235052,train
seattle-wa:151203,train
seattle-wa:234,train
seattle-wa:145477,train
seattle-wa:95437,train
seattle-wa:157003,train
seattle-wa:2626,train
seattle-wa:7264,train
seattle-wa:152571,train
seattle-wa:47683,train
seattle-wa:255670,train
seattle-wa:13555,train
seattle-wa:147550,train
seattle-wa:273476,train
seattle-wa:129679,train
seattle-wa:29812,train
seattle-wa:258334,train
seattle-wa:99826,train
seattle-wa:15774,train
seattle-wa:64253,train
seattle-wa:241897,train
seattle-wa:270610,train
seattle-wa:223492,train
seattle-wa:99743,train
seattle-wa:178816,train
seattle-wa:195218,train
seattle-wa:191144,train
seattle-wa:245092,train
seattle-wa:72916,train
seattle-wa:74517,train
seattle-wa:141423,train
seattle-wa:109453,train
seattle-wa:121090,train
seattle-wa:162110,train
seattle-wa:100442,train
seattle-wa:243719,train
seattle-wa:243076,train
seattle-wa:94074,train
seattle-wa:105935,train
seattle-wa:178710,train
seattle-wa:95538,train
seattle-wa:119980,train
seattle-wa:259905,train
seattle-wa:208173,train
seattle-wa:155013,train
seattle-wa:99856,train
seattle-wa:102693,train
seattle-wa:194650,train
seattle-wa:96865,train
seattle-wa:137438,train
seattle-wa:240710,train
seattle-wa:98198,train
seattle-wa:110197,train
seattle-wa:99954,train
seattle-wa:208181,train
seattle-wa:182818,train
seattle-wa:102921,train
seattle-wa:100827,train
seattle-wa:162492,train
seattle-wa:101129,train
seattle-wa:5384,train
seattle-wa:223525,train
seattle-wa:191257,train
seattle-wa:201091,train
seattle-wa:185259,train
seattle-wa:132491,train
seattle-wa:190407,train
seattle-wa:141417,train
seattle-wa:1425,train
seattle-wa:192944,train
seattle-wa:159814,train
seattle-wa:102382,train
seattle-wa:122283,train
seattle-wa:244680,train
seattle-wa:202051,train
seattle-wa:236869,train
seattle-wa:3027,train
seattle-wa:244284,train
seattle-wa:238862,train
seattle-wa:128996,train
seattle-wa:145221,train
seattle-wa:30901,train
seattle-wa:35136,train
seattle-wa:171456,train
seattle-wa:98195,train
seattle-wa:140721,train
seattle-wa:146869,train
seattle-wa:243444,train
seattle-wa:268237,train
seattle-wa:137084,train
seattle-wa:192523,train
seattle-wa:194279,train
seattle-wa:4362,train
seattle-wa:43381,train
seattle-wa:116888,train
seattle-wa:6036,train
seattle-wa:185733,train
seattle-wa:194332,train
seattle-wa:104063,train
seattle-wa:37646,train
seattle-wa:201175,train
seattle-wa:78940,train
seattle-wa:183876,train
seattle-wa:70369,train
seattle-wa:120143,train
seattle-wa:250929,train
seattle-wa:233032,train
seattle-wa:113638,train
seattle-wa:98127,train
seattle-wa:154546,train
seattle-wa:872,train
seattle-wa:206249,train
seattle-wa:100332,train
seattle-wa:186755,train
seattle-wa:238410,train
seattle-wa:150907,train
seattle-wa:124599,train
seattle-wa:256513,train
seattle-wa:188623,train
seattle-wa:10107,train
seattle-wa:107851,train
seattle-wa:19044,train
seattle-wa:137749,train
seattle-wa:119434,train
seattle-wa:13841,train
seattle-wa:138338,train
seattle-wa:7497,train
seattle-wa:99205,train
seattle-wa:18127,train
seattle-wa:714,train
seattle-wa:446,train
seattle-wa:161163,train
seattle-wa:98123,train
seattle-wa:142887,train
seattle-wa:120061,train
seattle-wa:134125,train
seattle-wa:232858,train
seattle-wa:147129,train
seattle-wa:120072,train
seattle-wa:71024,train
seattle-wa:736,train
seattle-wa:206911,train
seattle-wa:233089,train
seattle-wa:194273,train
seattle-wa:70998,train
seattle-wa:24453,train
seattle-wa:123902,train
seattle-wa:138969,train
seattle-wa:246772,train
seattle-wa:80052,train
seattle-wa:67522,train
seattle-wa:70558,train
seattle-wa:124874,train
seattle-wa:170454,train
seattle-wa:245815,train
seattle-wa:1489,train
seattle-wa:51925,train
seattle-wa:211707,train
seattle-wa:136923,train
seattle-wa:192354,train
seattle-wa:241958,train
seattle-wa:182689,train
seattle-wa:97296,train
seattle-wa:96733,train
seattle-wa:34741,train
seattle-wa:239851,train
seattle-wa:240219,train
seattle-wa:273140,train
seattle-wa:35027,train
seattle-wa:154963,train
seattle-wa:183938,train
seattle-wa:98816,train
seattle-wa:178160,train
seattle-wa:193875,train
seattle-wa:232974,train
seattle-wa:185749,train
seattle-wa:236560,train
seattle-wa:5429,train
seattle-wa:252718,train
seattle-wa:102369,train
seattle-wa:105605,train
seattle-wa:246813,train
seattle-wa:141862,train
seattle-wa:251904,train
seattle-wa:3598,train
seattle-wa:101856,train
seattle-wa:189871,train
seattle-wa:195276,train
seattle-wa:27556,train
seattle-wa:204916,train
seattle-wa:237185,train
seattle-wa:104102,train
seattle-wa:122973,train
seattle-wa:99854,train
seattle-wa:167312,train
seattle-wa:1261,train
seattle-wa:256754,train
seattle-wa:200883,train
seattle-wa:235920,train
seattle-wa:175303,train
seattle-wa:218202,train
seattle-wa:157303,train
seattle-wa:129653,train
seattle-wa:138506,train
seattle-wa:182887,train
seattle-wa:132585,train
seattle-wa:266507,train
seattle-wa:9392,train
seattle-wa:206923,train
seattle-wa:208180,train
seattle-wa:423,train
seattle-wa:187927,train
seattle-wa:98705,train
seattle-wa:234281,train
seattle-wa:183879,train
seattle-wa:21473,train
seattle-wa:234305,train
seattle-wa:165943,train
seattle-wa:9002,train
seattle-wa:104180,train
seattle-wa:2651,train
seattle-wa:201170,train
seattle-wa:187563,train
seattle-wa:262332,train
seattle-wa:223098,train
seattle-wa:98264,train
seattle-wa:175454,train
seattle-wa:223236,train
seattle-wa:78329,train
seattle-wa:269345,train
seattle-wa:241923,train
seattle-wa:116369,train
seattle-wa:127581,train
seattle-wa:165124,train
seattle-wa:233801,train
seattle-wa:192934,train
seattle-wa:184919,train
seattle-wa:142694,train
seattle-wa:197033,train
seattle-wa:152970,train
seattle-wa:223271,train
seattle-wa:95963,train
seattle-wa:169944,train
seattle-wa:245956,train
seattle-wa:42419,train
seattle-wa:251884,train
seattle-wa:16885,train
seattle-wa:167563,train
seattle-wa:170653,train
seattle-wa:237364,train
seattle-wa:24310,train
seattle-wa:116924,train
seattle-wa:138970,train
seattle-wa:71449,train
seattle-wa:10729,train
seattle-wa:183930,train
seattle-wa:137559,train
seattle-wa:169241,train
seattle-wa:98090,train
seattle-wa:139128,train
seattle-wa:21469,train
seattle-wa:174974,train
seattle-wa:237213,train
seattle-wa:169253,train
seattle-wa:138208,train
seattle-wa:739,train
seattle-wa:106752,train
seattle-wa:404,train
seattle-wa:105410,train
seattle-wa:150966,train
seattle-wa:187272,train
seattle-wa:162644,train
seattle-wa:25604,train
seattle-wa:179023,train
seattle-wa:188140,train
seattle-wa:213035,train
seattle-wa:111000,train
seattle-wa:62941,train
seattle-wa:195168,train
seattle-wa:237477,train
seattle-wa:175062,train
seattle-wa:131731,train
seattle-wa:53475,train
seattle-wa:232857,train
seattle-wa:132614,train
seattle-wa:95435,train
seattle-wa:2624,train
seattle-wa:141711,train
seattle-wa:237626,train
seattle-wa:206179,train
seattle-wa:401,train
seattle-wa:134105,train
seattle-wa:150715,train
seattle-wa:157104,train
seattle-wa:178437,train
seattle-wa:161680,train
seattle-wa:209002,train
seattle-wa:259986,train
seattle-wa:121953,train
seattle-wa:209004,train
seattle-wa:95979,train
seattle-wa:6563,train
seattle-wa:168862,train
seattle-wa:162494,train
seattle-wa:210537,train
seattle-wa:151780,train
seattle-wa:88312,train
seattle-wa:270458,train
seattle-wa:239665,train
seattle-wa:98519,train
seattle-wa:162413,train
seattle-wa:246416,train
seattle-wa:75724,train
seattle-wa:102609,train
seattle-wa:7111,train
seattle-wa:140542,train
seattle-wa:148126,train
seattle-wa:9823,train
seattle-wa:124864,train
seattle-wa:208383,train
seattle-wa:190391,train
seattle-wa:81317,train
seattle-wa:181141,train
seattle-wa:183880,train
seattle-wa:270223,train
seattle-wa:119778,train
seattle-wa:104511,train
seattle-wa:162489,train
seattle-wa:62006,train
seattle-wa:105768,train
seattle-wa:193884,train
seattle-wa:238408,train
seattle-wa:954,train
seattle-wa:149057,train
seattle-wa:137672,train
seattle-wa:242575,train
seattle-wa:235555,train
seattle-wa:97603,train
seattle-wa:24323,train
seattle-wa:269233,train
seattle-wa:104111,train
seattle-wa:139977,train
seattle-wa:134120,train
seattle-wa:199819,train
seattle-wa:237236,train
seattle-wa:212653,train
seattle-wa:259655,train
seattle-wa:64977,train
seattle-wa:71450,train
seattle-wa:191063,train
seattle-wa:85145,train
seattle-wa:285,train
seattle-wa:208184,train
seattle-wa:245824,train
seattle-wa:104195,train
seattle-wa:97792,train
seattle-wa:101277,train
seattle-wa:254297,train
seattle-wa:99291,train
seattle-wa:241931,train
seattle-wa:99955,train
seattle-wa:7218,train
seattle-wa:27245,train
seattle-wa:177090,train
seattle-wa:20314,train
seattle-wa:121402,train
seattle-wa:199718,train
seattle-wa:97733,train
seattle-wa:141959,train
seattle-wa:234405,train
seattle-wa:75857,train
seattle-wa:148086,train
seattle-wa:132461,train
seattle-wa:1487,train
seattle-wa:99508,train
seattle-wa:119832,train
seattle-wa:193949,train
seattle-wa:265310,train
seattle-wa:54236,train
seattle-wa:105949,train
seattle-wa:60048,train
seattle-wa:264879,train
seattle-wa:52012,train
seattle-wa:160887,train
seattle-wa:175338,train
seattle-wa:132619,train
seattle-wa:2296,train
seattle-wa:95450,train
seattle-wa:185861,train
seattle-wa:204360,train
seattle-wa:190528,train
seattle-wa:138383,train
seattle-wa:234284,train
seattle-wa:99511,train
seattle-wa:191088,train
seattle-wa:39697,train
seattle-wa:159351,train
seattle-wa:134441,train
seattle-wa:38926,train
seattle-wa:209425,train
seattle-wa:255826,train
seattle-wa:74519,train
seattle-wa:211712,train
seattle-wa:193981,train
seattle-wa:38286,train
seattle-wa:18760,train
seattle-wa:241875,train
seattle-wa:170369,train
seattle-wa:20014,train
seattle-wa:93638,train
seattle-wa:5795,train
seattle-wa:195172,train
seattle-wa:237943,train
seattle-wa:28967,train
seattle-wa:14396,train
seattle-wa:233514,train
seattle-wa:140250,train
seattle-wa:10292,train
seattle-wa:203807,train
seattle-wa:83381,train
seattle-wa:194283,train
seattle-wa:113838,train
seattle-wa:75855,train
seattle-wa:155027,train
seattle-wa:5605,train
seattle-wa:19625,train
seattle-wa:126330,train
seattle-wa:194296,train
seattle-wa:227717,train
seattle-wa:106440,train
seattle-wa:170487,train
seattle-wa:251911,train
seattle-wa:142823,train
seattle-wa:184901,train
seattle-wa:154170,train
seattle-wa:119590,train
seattle-wa:174407,train
seattle-wa:161966,train
seattle-wa:4169,train
seattle-wa:42702,train
seattle-wa:133361,train
seattle-wa:39291,train
seattle-wa:245954,train
seattle-wa:170117,train
seattle-wa:199680,train
seattle-wa:96442,train
seattle-wa:162961,train
seattle-wa:105190,train
seattle-wa:98992,train
seattle-wa:30952,train
seattle-wa:135613,train
seattle-wa:44983,train
seattle-wa:25759,train
seattle-wa:170621,train
seattle-wa:187945,train
seattle-wa:154749,train
seattle-wa:259976,train
seattle-wa:145945,train
seattle-wa:124276,train
seattle-wa:84212,train
seattle-wa:164103,train
seattle-wa:142474,train
seattle-wa:150746,train
seattle-wa:141295,train
seattle-wa:236341,train
seattle-wa:82793,train
seattle-wa:237459,train
seattle-wa:110401,train
seattle-wa:262032,train
seattle-wa:16337,train
seattle-wa:80049,train
seattle-wa:69368,train
seattle-wa:132588,train
seattle-wa:66989,train
seattle-wa:254274,train
seattle-wa:265410,train
seattle-wa:95241,train
seattle-wa:119451,train
seattle-wa:175321,train
seattle-wa:39051,train
seattle-wa:135119,train
seattle-wa:194280,train
seattle-wa:16032,train
seattle-wa:104106,train
seattle-wa:193701,train
seattle-wa:140476,train
seattle-wa:2806,train
seattle-wa:263136,train
seattle-wa:191236,train
seattle-wa:98085,train
seattle-wa:74855,train
seattle-wa:206921,train
seattle-wa:251862,train
seattle-wa:46658,train
seattle-wa:3511,train
seattle-wa:237493,train
seattle-wa:230668,train
seattle-wa:96368,train
seattle-wa:191212,train
seattle-wa:8123,train
seattle-wa:735,train
seattle-wa:65242,train
seattle-wa:259406,train
seattle-wa:158172,train
seattle-wa:24608,train
seattle-wa:183087,train
seattle-wa:134787,train
seattle-wa:1475,train
seattle-wa:9815,train
seattle-wa:5800,train
seattle-wa:289,train
seattle-wa:76231,train
seattle-wa:80408,train
seattle-wa:191775,train
seattle-wa:50335,train
seattle-wa:208323,train
seattle-wa:252388,train
seattle-wa:28978,train
seattle-wa:106496,train
seattle-wa:56998,train
seattle-wa:67634,train
seattle-wa:2777,train
seattle-wa:134127,train
seattle-wa:109691,train
seattle-wa:13131,train
seattle-wa:22263,train
seattle-wa:25812,train
seattle-wa:237912,train
seattle-wa:134106,train
seattle-wa:134103,train
seattle-wa:103043,train
seattle-wa:36031,train
seattle-wa:116687,train
seattle-wa:14135,train
seattle-wa:131820,train
seattle-wa:104311,train
seattle-wa:239022,train
seattle-wa:236620,train
seattle-wa:185326,train
seattle-wa:233796,train
seattle-wa:178762,train
seattle-wa:108903,train
seattle-wa:41628,train
seattle-wa:192206,train
seattle-wa:30416,train
seattle-wa:236327,train
seattle-wa:35035,train
seattle-wa:31964,train
seattle-wa:48906,train
seattle-wa:194295,train
seattle-wa:28976,train
seattle-wa:119677,train
seattle-wa:237809,train
seattle-wa:1180,train
seattle-wa:95266,train
seattle-wa:131211,train
seattle-wa:254032,train
seattle-wa:106014,train
seattle-wa:147229,train
seattle-wa:145909,train
seattle-wa:128262,train
seattle-wa:187432,train
seattle-wa:943,train
seattle-wa:256378,train
seattle-wa:114365,train
seattle-wa:119662,train
seattle-wa:113022,train
seattle-wa:150904,train
seattle-wa:133932,train
seattle-wa:178988,train
seattle-wa:96978,train
seattle-wa:235049,train
seattle-wa:154548,train
seattle-wa:208175,train
seattle-wa:197539,train
seattle-wa:256608,train
seattle-wa:132613,train
seattle-wa:211575,train
seattle-wa:208185,train
seattle-wa:209467,train
seattle-wa:127618,train
seattle-wa:149184,train
seattle-wa:198519,train
seattle-wa:122290,train
seattle-wa:263763,train
seattle-wa:253653,train
seattle-wa:119238,train
seattle-wa:105489,train
seattle-wa:233794,train
seattle-wa:150906,train
seattle-wa:170426,train
seattle-wa:192403,train
seattle-wa:262204,train
seattle-wa:246419,train
seattle-wa:263677,train
seattle-wa:15777,train
seattle-wa:241840,train
seattle-wa:123901,train
seattle-wa:239688,train
seattle-wa:175455,train
seattle-wa:219129,train
seattle-wa:6559,train
seattle-wa:40570,train
seattle-wa:159503,train
seattle-wa:254145,train
seattle-wa:99290,train
seattle-wa:175676,train
seattle-wa:210553,train
seattle-wa:95431,train
seattle-wa:111551,train
seattle-wa:100441,train
seattle-wa:235050,train
seattle-wa:149546,train
seattle-wa:187884,train
seattle-wa:104217,train
seattle-wa:148943,train
seattle-wa:78748,train
seattle-wa:211515,train
seattle-wa:169702,train
seattle-wa:6926,train
seattle-wa:162487,train
seattle-wa:238413,train
seattle-wa:270215,train
seattle-wa:10081,train
seattle-wa:234255,train
seattle-wa:185754,train
seattle-wa:263315,train
seattle-wa:104050,train
seattle-wa:201026,train
seattle-wa:270642,train
seattle-wa:236342,train
seattle-wa:234099,train
seattle-wa:105940,train
seattle-wa:186577,train
seattle-wa:252798,train
seattle-wa:804,train
seattle-wa:236883,train
seattle-wa:150286,train
seattle-wa:134433,train
seattle-wa:237608,train
seattle-wa:105936,train
seattle-wa:124229,train
seattle-wa:191785,train
seattle-wa:129603,train
seattle-wa:10189,train
seattle-wa:160738,train
seattle-wa:835,train
seattle-wa:161173,train
seattle-wa:138345,train
chicago-il:4962,train
chicago-il:859,train
chicago-il:1444,train
chicago-il:2740,train
chicago-il:1024,train
chicago-il:18098,train
chicago-il:6753,train
chicago-il:12290,train
chicago-il:1806,train
chicago-il:9794,train
chicago-il:4817,train
chicago-il:19414,train
chicago-il:11120,train
chicago-il:17108,train
chicago-il:4806,train
chicago-il:5779,train
chicago-il:10806,train
chicago-il:11107,train
chicago-il:10430,train
chicago-il:28861,train
chicago-il:1055,train
chicago-il:574,train
chicago-il:1566,train
chicago-il:1546,train
chicago-il:1445,train
chicago-il:1899,train
chicago-il:2008,train
chicago-il:22305,train
chicago-il:4161,train
chicago-il:7206,train
chicago-il:19370,train
chicago-il:46770,train
chicago-il:8818,train
chicago-il:112,train
chicago-il:2218,train
chicago-il:10568,train
chicago-il:7121,train
chicago-il:8206,train
chicago-il:14446,train
chicago-il:11269,train
chicago-il:13960,train
chicago-il:12167,train
chicago-il:13787,train
chicago-il:1355,train
chicago-il:15249,train
chicago-il:9403,train
chicago-il:15696,train
chicago-il:15689,train
chicago-il:7593,train
chicago-il:3189,train
chicago-il:12495,train
chicago-il:8058,train
chicago-il:12656,train
chicago-il:18504,train
chicago-il:12928,train
chicago-il:4904,train
chicago-il:10504,train
chicago-il:21521,train
chicago-il:9556,train
chicago-il:10051,train
chicago-il:9158,train
chicago-il:10577,train
chicago-il:1457,train
chicago-il:20923,train
chicago-il:23605,train
chicago-il:2921,train
chicago-il:12669,train
chicago-il:5484,train
chicago-il:428,train
chicago-il:8642,train
chicago-il:15651,train
chicago-il:12913,train
chicago-il:1749,train
chicago-il:1256,train
chicago-il:4902,train
chicago-il:7141,train
chicago-il:7850,train
chicago-il:20173,train
chicago-il:2475,train
chicago-il:2899,train
chicago-il:18100,train
chicago-il:12867,train
chicago-il:2598,train
chicago-il:1173,train
chicago-il:6271,train
chicago-il:7882,train
chicago-il:22457,train
chicago-il:8196,train
chicago-il:4780,train
chicago-il:9574,train
chicago-il:10675,train
chicago-il:534,train
chicago-il:807,train
chicago-il:4005,train
chicago-il:10431,train
chicago-il:1193,train
chicago-il:1371,train
chicago-il:10885,train
chicago-il:9584,train
chicago-il:6805,train
chicago-il:7653,train
chicago-il:4708,train
chicago-il:11011,train
chicago-il:575,train
chicago-il:6589,train
chicago-il:1732,train
chicago-il:1905,train
chicago-il:19144,train
chicago-il:28856,train
chicago-il:14197,train
chicago-il:8703,train
chicago-il:251,train
chicago-il:1029,train
chicago-il:28612,train
chicago-il:806,train
chicago-il:1208,train
chicago-il:10796,train
chicago-il:38155,train
chicago-il:1911,train
chicago-il:10539,train
chicago-il:10634,train
chicago-il:2499,train
chicago-il:4984,train
chicago-il:8209,train
chicago-il:12926,train
chicago-il:17516,train
chicago-il:12646,train
chicago-il:11256,train
chicago-il:11842,train
chicago-il:6595,train
chicago-il:10879,train
chicago-il:18600,train
chicago-il:2106,train
chicago-il:11547,train
chicago-il:10586,train
chicago-il:21059,train
chicago-il:10552,train
chicago-il:39,train
chicago-il:26017,train
chicago-il:21057,train
chicago-il:1427,train
chicago-il:11801,train
chicago-il:17967,train
chicago-il:22283,train
chicago-il:2856,train
chicago-il:9328,train
chicago-il:3648,train
chicago-il:22909,train
chicago-il:46773,train
chicago-il:9871,train
chicago-il:3181,train
chicago-il:10516,train
chicago-il:13059,train
chicago-il:115,train
chicago-il:10008,train
chicago-il:12778,train
chicago-il:19754,train
chicago-il:10467,train
chicago-il:13893,train
chicago-il:1456,train
chicago-il:14113,train
chicago-il:2816,train
chicago-il:20348,train
chicago-il:6610,train
chicago-il:11919,train
chicago-il:8397,train
chicago-il:4648,train
chicago-il:20999,train
chicago-il:18189,train
chicago-il:6639,train
chicago-il:11047,train
chicago-il:12907,train
chicago-il:17904,train
chicago-il:26,train
chicago-il:11496,train
chicago-il:5233,train
chicago-il:22175,train
chicago-il:513,train
chicago-il:10081,train
chicago-il:1548,train
chicago-il:870,train
chicago-il:4723,train
chicago-il:1771,train
chicago-il:1254,train
chicago-il:11647,train
chicago-il:2818,train
chicago-il:22454,train
chicago-il:23745,train
chicago-il:491,train
chicago-il:1367,train
chicago-il:13841,train
chicago-il:7527,train
chicago-il:13780,train
chicago-il:13625,train
chicago-il:9573,train
chicago-il:3149,train
chicago-il:15641,train
chicago-il:12517,train
chicago-il:16429,train
chicago-il:10529,train
chicago-il:13340,train
chicago-il:11135,train
chicago-il:10224,train
chicago-il:11014,train
chicago-il:1195,train
chicago-il:1179,train
chicago-il:17700,train
chicago-il:23287,train
chicago-il:5505,train
chicago-il:22826,train
chicago-il:12831,train
chicago-il:417,train
chicago-il:6802,train
chicago-il:10979,train
chicago-il:5803,train
chicago-il:18646,train
chicago-il:12175,train
chicago-il:8350,train
chicago-il:1569,train
chicago-il:10666,train
chicago-il:22659,train
chicago-il:4882,train
chicago-il:3123,train
chicago-il:1499,train
chicago-il:18050,train
chicago-il:1431,train
chicago-il:5183,train
chicago-il:13355,train
chicago-il:22229,train
chicago-il:5016,train
chicago-il:12861,train
chicago-il:6278,train
chicago-il:38,train
chicago-il:18095,train
chicago-il:1930,train
chicago-il:3033,train
chicago-il:23594,train
chicago-il:1217,train
chicago-il:19842,train
chicago-il:12735,train
chicago-il:10720,train
chicago-il:18203,train
chicago-il:1857,train
chicago-il:12848,train
chicago-il:24,train
chicago-il:10901,train
chicago-il:10122,train
chicago-il:6605,train
chicago-il:11,train
chicago-il:4364,train
chicago-il:9928,train
chicago-il:17,train
chicago-il:531,train
chicago-il:5282,train
chicago-il:12645,train
chicago-il:8114,train
chicago-il:38932,train
chicago-il:6643,train
chicago-il:10550,train
chicago-il:27,train
chicago-il:9873,train
chicago-il:17473,train
chicago-il:8033,train
chicago-il:1450,train
chicago-il:12799,train
chicago-il:17433,train
chicago-il:11657,train
chicago-il:1549,train
chicago-il:12050,train
chicago-il:2624,train
chicago-il:7302,train
chicago-il:853,train
chicago-il:28613,train
chicago-il:1572,train
chicago-il:10579,train
chicago-il:1888,train
chicago-il:123,train
chicago-il:22415,train
chicago-il:4998,train
chicago-il:6235,train
chicago-il:10090,train
chicago-il:10817,train
chicago-il:10695,train
chicago-il:22058,train
chicago-il:6747,train
chicago-il:12873,train
chicago-il:10221,train
chicago-il:1162,train
chicago-il:10672,train
chicago-il:10611,train
chicago-il:2043,train
chicago-il:944,train
chicago-il:10089,train
chicago-il:117,train
chicago-il:7434,train
chicago-il:8403,train
chicago-il:9105,train
chicago-il:14953,train
chicago-il:10565,train
chicago-il:43038,train
chicago-il:21509,train
chicago-il:11901,train
chicago-il:16561,train
chicago-il:3160,train
chicago-il:5378,train
chicago-il:4810,train
chicago-il:6238,train
chicago-il:2975,train
chicago-il:1448,train
chicago-il:5452,train
chicago-il:7038,train
chicago-il:11082,train
chicago-il:4160,train
chicago-il:10968,train
chicago-il:10133,train
chicago-il:6022,train
chicago-il:13135,train
chicago-il:1808,train
chicago-il:9940,train
chicago-il:22658,train
chicago-il:11271,train
chicago-il:15186,train
chicago-il:9865,train
chicago-il:4970,train
chicago-il:13603,train
chicago-il:9939,train
chicago-il:856,train
chicago-il:11006,train
chicago-il:1550,train
chicago-il:3456,train
chicago-il:13664,train
chicago-il:9325,train
chicago-il:10569,train
chicago-il:8340,train
chicago-il:7661,train
chicago-il:19513,train
chicago-il:14130,train
chicago-il:28867,train
chicago-il:8712,train
chicago-il:9252,train
chicago-il:8369,train
chicago-il:9876,train
chicago-il:4784,train
chicago-il:10038,train
chicago-il:1467,train
chicago-il:187,train
chicago-il:26609,train
chicago-il:7840,train
chicago-il:18172,train
chicago-il:11155,train
chicago-il:10142,train
chicago-il:43075,train
chicago-il:1818,train
chicago-il:1289,train
chicago-il:4745,train
chicago-il:9860,train
chicago-il:4992,train
chicago-il:6998,train
chicago-il:10583,train
chicago-il:10174,train
chicago-il:10883,train
chicago-il:12911,train
chicago-il:272,train
chicago-il:6194,train
chicago-il:46812,train
chicago-il:9875,train
chicago-il:9925,train
chicago-il:19860,train
chicago-il:7548,train
chicago-il:11251,train
chicago-il:1204,train
chicago-il:2287,train
chicago-il:14590,train
chicago-il:3125,train
chicago-il:14135,train
chicago-il:19794,train
chicago-il:1440,train
chicago-il:6385,train
chicago-il:1214,train
chicago-il:12113,train
chicago-il:28315,train
chicago-il:1190,train
chicago-il:3047,train
chicago-il:8344,train
chicago-il:14993,train
chicago-il:11144,train
chicago-il:775,train
chicago-il:21482,train
chicago-il:406,train
chicago-il:2061,train
chicago-il:520,train
chicago-il:14667,train
chicago-il:38179,train
chicago-il:4534,train
chicago-il:10108,train
chicago-il:10763,train
chicago-il:2739,train
chicago-il:13784,train
chicago-il:2967,train
chicago-il:3035,train
chicago-il:10475,train
chicago-il:5936,train
chicago-il:813,train
chicago-il:28360,train
chicago-il:6059,train
chicago-il:3251,train
chicago-il:11081,train
chicago-il:6151,train
chicago-il:3973,train
chicago-il:46776,train
chicago-il:3051,train
chicago-il:1084,train
chicago-il:12868,train
chicago-il:12053,train
chicago-il:19377,train
chicago-il:4705,train
chicago-il:11012,train
chicago-il:9049,train
chicago-il:5453,train
chicago-il:11387,train
chicago-il:4275,train
chicago-il:10907,train
chicago-il:9886,train
chicago-il:9262,train
chicago-il:1567,train
chicago-il:7473,train
chicago-il:11086,train
chicago-il:9054,train
chicago-il:4987,train
chicago-il:10191,train
chicago-il:1404,train
chicago-il:19184,train
chicago-il:11002,train
chicago-il:17400,train
chicago-il:10821,train
chicago-il:10906,train
chicago-il:43074,train
chicago-il:322,train
chicago-il:1988,train
chicago-il:4917,train
chicago-il:22828,train
chicago-il:4530,train
chicago-il:8764,train
chicago-il:11117,train
chicago-il:60,train
chicago-il:8120,train
chicago-il:2996,train
chicago-il:15730,train
chicago-il:12866,train
chicago-il:354,train
chicago-il:1216,train
chicago-il:10137,train
chicago-il:5637,train
chicago-il:9186,train
chicago-il:4019,train
chicago-il:2241,train
chicago-il:367,train
chicago-il:7445,train
chicago-il:7879,train
chicago-il:11130,train
chicago-il:3490,train
chicago-il:4074,train
chicago-il:1267,train
chicago-il:339,train
chicago-il:8381,train
chicago-il:1399,train
chicago-il:11085,train
chicago-il:15030,train
chicago-il:11169,train
chicago-il:6731,train
chicago-il:28336,train
chicago-il:11100,train
chicago-il:9,train
chicago-il:176,train
chicago-il:1986,train
chicago-il:22062,train
chicago-il:850,train
chicago-il:23426,train
chicago-il:208,train
chicago-il:8310,train
chicago-il:2474,train
chicago-il:988,train
chicago-il:7292,train
chicago-il:1199,train
chicago-il:6372,train
chicago-il:17396,train
chicago-il:1835,train
chicago-il:2345,train
chicago-il:4717,train
chicago-il:22657,train
chicago-il:1056,train
chicago-il:9891,train
chicago-il:1192,train
chicago-il:3612,train
chicago-il:17851,train
chicago-il:43037,train
chicago-il:9872,train
chicago-il:1513,train
chicago-il:13129,train
chicago-il:10047,train
chicago-il:11122,train
chicago-il:2741,train
chicago-il:19540,train
chicago-il:3304,train
chicago-il:10470,train
chicago-il:1141,train
chicago-il:4861,train
chicago-il:10977,train
chicago-il:17614,train
chicago-il:4957,train
chicago-il:10868,train
chicago-il:4818,train
chicago-il:6018,train
chicago-il:8223,train
chicago-il:22141,train
chicago-il:2263,train
chicago-il:17436,train
chicago-il:1286,train
chicago-il:4325,train
chicago-il:21683,train
chicago-il:6433,train
chicago-il:8190,train
chicago-il:12188,train
chicago-il:9664,train
chicago-il:10487,train
chicago-il:10699,train
chicago-il:10083,train
chicago-il:12034,train
chicago-il:6050,train
chicago-il:10533,train
chicago-il:9626,train
chicago-il:58,train
chicago-il:7459,train
chicago-il:5393,train
chicago-il:8448,train
chicago-il:579,train
chicago-il:28866,train
chicago-il:9937,train
chicago-il:15136,train
chicago-il:1941,train
chicago-il:15642,train
chicago-il:4744,train
chicago-il:18150,train
chicago-il:7558,train
chicago-il:2873,train
chicago-il:11101,train
chicago-il:10656,train
chicago-il:28445,train
chicago-il:4504,train
chicago-il:19147,train
chicago-il:1547,train
chicago-il:43053,train
chicago-il:11033,train
chicago-il:13493,train
chicago-il:7705,train
chicago-il:7724,train
chicago-il:9557,train
chicago-il:28877,train
chicago-il:10563,train
chicago-il:7704,train
chicago-il:10975,train
chicago-il:938,train
chicago-il:8690,train
chicago-il:1415,train
chicago-il:2011,train
chicago-il:1796,train
chicago-il:21492,train
chicago-il:16133,train
chicago-il:990,train
chicago-il:9583,train
chicago-il:11046,train
chicago-il:964,train
chicago-il:12732,train
chicago-il:374,train
chicago-il:13571,train
chicago-il:9210,train
chicago-il:2458,train
chicago-il:9902,train
chicago-il:10558,train
chicago-il:2472,train
chicago-il:10158,train
chicago-il:15328,train
chicago-il:2239,train
chicago-il:11249,train
chicago-il:302,train
chicago-il:14501,train
chicago-il:4779,train
chicago-il:5578,train
chicago-il:7256,train
chicago-il:9048,train
chicago-il:808,train
chicago-il:9256,train
chicago-il:12397,train
chicago-il:1340,train
chicago-il:4964,train
chicago-il:13448,train
chicago-il:17477,train
chicago-il:10316,train
chicago-il:6637,train
chicago-il:8383,train
chicago-il:19845,train
chicago-il:10812,train
chicago-il:4755,train
chicago-il:761,train
chicago-il:12607,train
chicago-il:10494,train
chicago-il:634,train
chicago-il:15551,train
chicago-il:8411,train
chicago-il:22060,train
chicago-il:7497,train
chicago-il:9197,train
chicago-il:10172,train
chicago-il:20946,train
chicago-il:492,train
chicago-il:14888,train
chicago-il:174,train
chicago-il:17444,train
chicago-il:28720,train
chicago-il:16451,train
chicago-il:8191,train
chicago-il:10802,train
chicago-il:1962,train
chicago-il:6058,train
chicago-il:8523,train
chicago-il:15937,train
chicago-il:1738,train
chicago-il:3686,train
chicago-il:7120,train
chicago-il:46785,train
chicago-il:18164,train
chicago-il:19219,train
chicago-il:10571,train
chicago-il:1166,train
chicago-il:12997,train
chicago-il:7535,train
chicago-il:22592,train
chicago-il:1339,train
chicago-il:10192,train
chicago-il:7528,train
chicago-il:1412,train
chicago-il:10242,train
chicago-il:8131,train
chicago-il:1733,train
chicago-il:1248,train
chicago-il:18430,train
chicago-il:12573,train
chicago-il:11102,train
chicago-il:1826,train
chicago-il:3440,train
chicago-il:13641,train
chicago-il:13888,train
chicago-il:1701,train
chicago-il:2923,train
chicago-il:12688,train
chicago-il:8915,train
chicago-il:9834,train
chicago-il:1078,train
chicago-il:17333,train
chicago-il:16080,train
chicago-il:11137,train
chicago-il:1277,train
chicago-il:2795,train
chicago-il:23,train
chicago-il:414,train
chicago-il:10390,train
chicago-il:15606,train
chicago-il:12609,train
chicago-il:17828,train
chicago-il:10559,train
chicago-il:6129,train
chicago-il:10027,train
chicago-il:103,train
chicago-il:9904,train
chicago-il:1293,train
chicago-il:9863,train
chicago-il:5500,train
chicago-il:3525,train
chicago-il:5446,train
chicago-il:14502,train
chicago-il:1433,train
chicago-il:4975,train
chicago-il:8227,train
chicago-il:11001,train
chicago-il:1853,train
chicago-il:1758,train
chicago-il:10653,train
chicago-il:585,train
chicago-il:5648,train
chicago-il:17663,train
chicago-il:6069,train
chicago-il:15326,train
chicago-il:10094,train
chicago-il:9629,train
chicago-il:5375,train
chicago-il:7126,train
chicago-il:10240,train
chicago-il:10664,train
chicago-il:672,train
chicago-il:10319,train
chicago-il:252,train
chicago-il:4710,train
chicago-il:21381,train
chicago-il:6272,train
chicago-il:10523,train
chicago-il:22458,train
chicago-il:6445,train
chicago-il:10482,train
chicago-il:7816,train
chicago-il:409,train
chicago-il:5488,train
chicago-il:936,train
chicago-il:11126,train
chicago-il:9885,train
chicago-il:9894,train
chicago-il:6501,train
chicago-il:517,train
chicago-il:8094,train
chicago-il:22654,train
chicago-il:15661,train
chicago-il:7875,train
chicago-il:14169,train
chicago-il:10537,train
chicago-il:43043,train
chicago-il:10760,train
chicago-il:28334,train
chicago-il:38143,train
chicago-il:18505,train
chicago-il:4946,train
chicago-il:2059,train
chicago-il:6143,train
chicago-il:4359,train
chicago-il:14507,train
chicago-il:7152,train
chicago-il:11078,train
chicago-il:10238,train
chicago-il:879,train
chicago-il:7887,train
chicago-il:11171,train
chicago-il:20,train
chicago-il:2776,train
chicago-il:10580,train
chicago-il:8122,train
chicago-il:11118,train
chicago-il:13723,train
chicago-il:14483,train
chicago-il:1593,train
chicago-il:9989,train
chicago-il:12801,train
chicago-il:10665,train
chicago-il:2846,train
chicago-il:14436,train
chicago-il:15342,train
chicago-il:18010,train
chicago-il:11153,train
chicago-il:580,train
chicago-il:3543,train
chicago-il:7987,train
chicago-il:1989,train
chicago-il:1813,train
chicago-il:557,train
chicago-il:867,train
chicago-il:4958,train
chicago-il:2265,train
chicago-il:9879,train
chicago-il:17468,train
chicago-il:12054,train
chicago-il:18337,train
chicago-il:9552,train
chicago-il:17713,train
chicago-il:2085,train
chicago-il:10992,train
chicago-il:1454,train
chicago-il:12516,train
chicago-il:27758,train
chicago-il:9035,train
chicago-il:837,train
chicago-il:19506,train
chicago-il:7660,train
chicago-il:10190,train
chicago-il:6494,train
chicago-il:10019,train
chicago-il:10713,train
chicago-il:11579,train
chicago-il:11687,train
chicago-il:2294,train
chicago-il:10793,train
chicago-il:3230,train
chicago-il:9555,train
chicago-il:10993,train
chicago-il:8954,train
chicago-il:1819,train
chicago-il:14494,train
chicago-il:19360,train
chicago-il:43046,train
chicago-il:6111,train
chicago-il:10989,train
chicago-il:8848,train
chicago-il:121,train
chicago-il:12711,train
chicago-il:46805,train
chicago-il:17375,train
chicago-il:6434,train
chicago-il:15824,train
chicago-il:319,train
chicago-il:11255,train
chicago-il:863,train
chicago-il:2092,train
chicago-il:3397,train
chicago-il:11149,train
chicago-il:28301,train
chicago-il:10536,train
chicago-il:1380,train
chicago-il:1301,train
chicago-il:586,train
chicago-il:7025,train
chicago-il:18334,train
chicago-il:506,train
chicago-il:15989,train
chicago-il:10491,train
chicago-il:46759,train
chicago-il:1366,train
chicago-il:1516,train
chicago-il:6609,train
chicago-il:10620,train
chicago-il:1571,train
chicago-il:12545,train
chicago-il:18173,train
chicago-il:4797,train
chicago-il:3689,train
chicago-il:6160,train
chicago-il:556,train
chicago-il:3523,train
chicago-il:26755,train
chicago-il:4249,train
chicago-il:5056,train
chicago-il:1838,train
chicago-il:2484,train
chicago-il:3034,train
chicago-il:15935,train
chicago-il:18338,train
chicago-il:19363,train
chicago-il:588,train
chicago-il:6157,train
chicago-il:10601,train
chicago-il:116,train
chicago-il:19411,train
chicago-il:22406,train
chicago-il:9321,train
chicago-il:1874,train
chicago-il:10991,train
chicago-il:1161,train
chicago-il:8060,train
chicago-il:9108,train
chicago-il:11213,train
chicago-il:8387,train
chicago-il:9221,train
chicago-il:5482,train
chicago-il:1483,train
chicago-il:10461,train
chicago-il:991,train
chicago-il:777,train
chicago-il:20495,train
chicago-il:19413,train
chicago-il:11104,train
chicago-il:2812,train
chicago-il:5047,train
chicago-il:11250,train
chicago-il:21518,train
chicago-il:771,train
chicago-il:10573,train
chicago-il:1729,train
chicago-il:10667,train
chicago-il:46777,train
chicago-il:8747,train
chicago-il:1203,train
chicago-il:26448,train
chicago-il:5239,train
chicago-il:10489,train
chicago-il:20036,train
chicago-il:11096,train
chicago-il:9170,train
chicago-il:3574,train
chicago-il:9398,train
chicago-il:6446,train
chicago-il:2062,train
chicago-il:11253,train
chicago-il:1357,train
chicago-il:3022,train
chicago-il:17656,train
chicago-il:6214,train
chicago-il:11603,train
chicago-il:2736,train
chicago-il:15334,train
chicago-il:17643,train
chicago-il:13103,train
chicago-il:1904,train
chicago-il:4997,train
chicago-il:11142,train
chicago-il:43040,train
chicago-il:2773,train
chicago-il:4966,train
chicago-il:9893,train
chicago-il:46816,train
chicago-il:10688,train
chicago-il:855,train
chicago-il:1979,train
chicago-il:38146,train
chicago-il:15731,train
chicago-il:984,train
chicago-il:10560,train
chicago-il:1908,train
chicago-il:28992,train
chicago-il:10680,train
chicago-il:7657,train
chicago-il:11110,train
chicago-il:4961,train
chicago-il:15142,train
chicago-il:10600,train
chicago-il:8224,train
chicago-il:3754,train
chicago-il:1528,train
chicago-il:199,train
chicago-il:22301,train
chicago-il:28880,train
chicago-il:10104,train
chicago-il:12903,train
chicago-il:10206,train
chicago-il:22545,train
chicago-il:12,train
chicago-il:10514,train
chicago-il:2110,train
chicago-il:5042,train
chicago-il:2289,train
chicago-il:4537,train
chicago-il:1180,train
chicago-il:6023,train
chicago-il:11119,train
chicago-il:10650,train
chicago-il:4365,train
chicago-il:3046,train
chicago-il:2240,train
chicago-il:9977,train
chicago-il:996,train
chicago-il:19858,train
chicago-il:15933,train
chicago-il:28330,train
chicago-il:20162,train
chicago-il:6121,train
chicago-il:9554,train
chicago-il:13442,train
chicago-il:15622,train
chicago-il:674,train
chicago-il:2482,train
chicago-il:3185,train
chicago-il:9125,train
chicago-il:11492,train
chicago-il:10744,train
chicago-il:19148,train
chicago-il:6588,train
chicago-il:1032,train
chicago-il:16443,train
chicago-il:22,train
chicago-il:15567,train
chicago-il:496,train
chicago-il:10710,train
chicago-il:10518,train
chicago-il:2758,train
chicago-il:3142,train
chicago-il:1001,train
chicago-il:992,train
chicago-il:11143,train
chicago-il:3422,train
chicago-il:16937,train
chicago-il:1210,train
chicago-il:190,train
chicago-il:17481,train
chicago-il:11230,train
chicago-il:12908,train
chicago-il:17823,train
chicago-il:1075,train
chicago-il:1255,train
chicago-il:2515,train
chicago-il:5582,train
chicago-il:783,train
chicago-il:1085,train
chicago-il:7158,train
chicago-il:21007,train
chicago-il:7950,train
chicago-il:2370,train
chicago-il:11156,train
chicago-il:301,train
chicago-il:9558,train
chicago-il:1050,train
chicago-il:11592,train
chicago-il:10622,train
chicago-il:13481,train
chicago-il:1300,train
chicago-il:2993,train
chicago-il:13874,train
chicago-il:4915,train
chicago-il:242,train
chicago-il:12499,train
chicago-il:10459,train
chicago-il:2838,train
chicago-il:27841,train
chicago-il:11917,train
chicago-il:1453,train
chicago-il:104,train
chicago-il:1934,train
chicago-il:17013,train
chicago-il:3388,train
chicago-il:10820,train
chicago-il:1125,train
chicago-il:16441,train
chicago-il:1168,train
chicago-il:18502,train
chicago-il:2669,train
chicago-il:2293,train
chicago-il:921,train
chicago-il:578,train
chicago-il:15670,train
chicago-il:3505,train
chicago-il:10792,train
chicago-il:1790,train
chicago-il:10086,train
chicago-il:324,train
chicago-il:11223,train
chicago-il:17145,train
chicago-il:830,train
chicago-il:9050,train
chicago-il:5004,train
chicago-il:8626,train
chicago-il:28319,train
chicago-il:18234,train
chicago-il:12692,train
chicago-il:15639,train
chicago-il:14058,train
chicago-il:11567,train
chicago-il:12775,train
chicago-il:11208,train
chicago-il:1275,train
chicago-il:1812,train
chicago-il:7557,train
chicago-il:2790,train
chicago-il:17769,train
chicago-il:8981,train
chicago-il:1545,train
chicago-il:8391,train
chicago-il:6652,train
chicago-il:9870,train
chicago-il:20888,train
chicago-il:2767,train
chicago-il:27832,train
chicago-il:13645,train
chicago-il:6389,train
chicago-il:1278,train
chicago-il:9184,train
chicago-il:14214,train
chicago-il:13672,train
chicago-il:1164,train
chicago-il:13040,train
chicago-il:375,train
chicago-il:6942,train
chicago-il:8220,train
chicago-il:1435,train
chicago-il:6695,train
chicago-il:3491,train
chicago-il:9867,train
chicago-il:18049,train
chicago-il:8139,train
chicago-il:12287,train
chicago-il:8295,train
chicago-il:10963,train
chicago-il:1525,train
chicago-il:10072,train
chicago-il:2506,train
chicago-il:951,train
chicago-il:10525,train
chicago-il:18,train
chicago-il:9206,train
chicago-il:10869,train
chicago-il:28881,train
chicago-il:14079,train
chicago-il:9975,train
chicago-il:10245,train
chicago-il:1169,train
chicago-il:9578,train
chicago-il:10576,train
chicago-il:9991,train
chicago-il:7805,train
chicago-il:10315,train
chicago-il:10131,train
chicago-il:15343,train
chicago-il:10159,train
chicago-il:6219,train
chicago-il:19573,train
chicago-il:11166,train
chicago-il:6257,train
chicago-il:12590,train
chicago-il:1481,train
chicago-il:6386,train
chicago-il:10980,train
chicago-il:8744,train
chicago-il:977,train
chicago-il:38939,train
chicago-il:22825,train
chicago-il:12748,train
chicago-il:4350,train
chicago-il:17154,train
chicago-il:979,train
chicago-il:122,train
chicago-il:12922,train
chicago-il:2452,train
chicago-il:502,train
chicago-il:11677,train
chicago-il:9645,train
chicago-il:5015,train
chicago-il:773,train
chicago-il:19666,train
chicago-il:10466,train
chicago-il:4764,train
chicago-il:675,train
chicago-il:19218,train
chicago-il:7595,train
chicago-il:10881,train
chicago-il:784,train
chicago-il:10654,train
chicago-il:13894,train
chicago-il:2214,train
chicago-il:10043,train
chicago-il:59,train
chicago-il:7495,train
chicago-il:587,train
chicago-il:28493,train
chicago-il:20483,train
chicago-il:6225,train
chicago-il:6650,train
chicago-il:20930,train
chicago-il:11821,train
chicago-il:6778,train
chicago-il:1198,train
chicago-il:8280,train
chicago-il:9901,train
chicago-il:18560,train
chicago-il:407,train
chicago-il:15074,train
chicago-il:976,train
chicago-il:12657,train
chicago-il:10871,train
chicago-il:11499,train
chicago-il:46796,train
chicago-il:10878,train
chicago-il:8185,train
chicago-il:814,train
chicago-il:11897,train
chicago-il:361,train
chicago-il:405,train
chicago-il:11010,train
chicago-il:12007,train
chicago-il:6636,train
chicago-il:46765,train
chicago-il:16753,train
chicago-il:255,train
chicago-il:13356,train
chicago-il:11658,train
chicago-il:2230,train
chicago-il:2754,train
chicago-il:19,train
chicago-il:22520,train
chicago-il:4222,train
chicago-il:4558,train
chicago-il:22907,train
chicago-il:6002,train
chicago-il:4881,train
chicago-il:14066,train
chicago-il:1937,train
chicago-il:9874,train
chicago-il:17827,train
chicago-il:19684,train
chicago-il:7547,train
chicago-il:8265,train
chicago-il:10229,train
chicago-il:1052,train
chicago-il:1246,train
chicago-il:102,train
chicago-il:2081,train
chicago-il:38145,train
chicago-il:10472,train
chicago-il:10990,train
chicago-il:2279,train
chicago-il:15722,train
chicago-il:11106,train
chicago-il:28598,train
chicago-il:17469,train
chicago-il:7534,train
chicago-il:11140,train
chicago-il:11997,train
chicago-il:4938,train
chicago-il:300,train
chicago-il:9079,train
chicago-il:4965,train
chicago-il:20094,train
chicago-il:535,train
chicago-il:1924,train
chicago-il:14124,train
chicago-il:8064,train
chicago-il:9295,train
chicago-il:10484,train
chicago-il:3187,train
chicago-il:200,train
chicago-il:296,train
chicago-il:9859,train
chicago-il:17536,train
chicago-il:4888,train
chicago-il:3394,train
chicago-il:23608,train
chicago-il:10718,train
chicago-il:11128,train
chicago-il:15645,train
chicago-il:22453,train
chicago-il:19536,train
chicago-il:7860,train
chicago-il:1262,train
chicago-il:13785,train
chicago-il:8964,train
chicago-il:9226,train
chicago-il:16310,train
chicago-il:16,train
chicago-il:7430,train
chicago-il:1700,train
chicago-il:6490,train
chicago-il:12019,train
chicago-il:7847,train
chicago-il:10547,train
chicago-il:19357,train
chicago-il:1178,train
chicago-il:16122,train
chicago-il:9666,train
chicago-il:1205,train
chicago-il:1743,train
chicago-il:16151,train
chicago-il:5159,train
chicago-il:10545,train
chicago-il:8389,train
chicago-il:10510,train
chicago-il:6244,train
chicago-il:1991,train
chicago-il:15393,train
chicago-il:9861,train
chicago-il:18107,train
chicago-il:493,train
chicago-il:10590,train
chicago-il:511,train
chicago-il:23604,train
chicago-il:17441,train
chicago-il:403,train
chicago-il:11151,train
chicago-il:6133,train
chicago-il:11229,train
chicago-il:9178,train
chicago-il:2962,train
chicago-il:2454,train
chicago-il:12402,train
chicago-il:4899,train
chicago-il:11437,train
chicago-il:1351,train
chicago-il:14221,train
chicago-il:9862,train
chicago-il:15172,train
chicago-il:7503,train
chicago-il:10978,train
chicago-il:9237,train
chicago-il:16069,train
chicago-il:15344,train
chicago-il:13662,train
chicago-il:8916,train
chicago-il:9864,train
chicago-il:1526,train
chicago-il:939,train
chicago-il:10236,train
chicago-il:7994,train
chicago-il:12193,train
chicago-il:13133,train
chicago-il:985,train
chicago-il:573,train
chicago-il:2090,train
chicago-il:18501,train
chicago-il:1929,train
chicago-il:343,train
chicago-il:10866,train
chicago-il:10503,train
chicago-il:15338,train
chicago-il:9130,train
chicago-il:10521,train
chicago-il:22661,train
chicago-il:10636,train
chicago-il:9137,train
chicago-il:2379,train
chicago-il:1338,train
chicago-il:3193,train
chicago-il:4327,train
chicago-il:3347,train
chicago-il:10477,train
chicago-il:12121,train
chicago-il:11441,train
chicago-il:2504,train
chicago-il:6715,train
chicago-il:8750,train
chicago-il:6175,train
chicago-il:7083,train
chicago-il:4752,train
chicago-il:10490,train
chicago-il:10176,train
chicago-il:2814,train
chicago-il:3607,train
chicago-il:12888,train
chicago-il:789,train
chicago-il:362,train
chicago-il:17681,train
chicago-il:2684,train
chicago-il:10976,train
chicago-il:2503,train
chicago-il:3005,train
chicago-il:12502,train
chicago-il:13122,train
chicago-il:11158,train
chicago-il:13337,train
chicago-il:5005,train
chicago-il:10867,train
chicago-il:2281,train
chicago-il:320,train
chicago-il:6231,train
chicago-il:10534,train
chicago-il:4740,train
chicago-il:3083,train
chicago-il:15034,train
chicago-il:4246,train
chicago-il:1124,train
chicago-il:9917,train
chicago-il:1974,train
chicago-il:271,train
chicago-il:20936,train
chicago-il:812,train
chicago-il:28868,train
chicago-il:21958,train
chicago-il:9994,train
chicago-il:1458,train
chicago-il:11582,train
chicago-il:4816,train
chicago-il:8271,train
chicago-il:2282,train
chicago-il:2000,train
chicago-il:8481,train
chicago-il:22407,train
chicago-il:16452,train
chicago-il:2529,train
chicago-il:9052,train
chicago-il:11254,train
chicago-il:5778,train
chicago-il:4123,train
chicago-il:12691,train
chicago-il:8962,train
chicago-il:7863,train
chicago-il:2704,train
chicago-il:6277,train
chicago-il:7727,train
chicago-il:10662,train
chicago-il:14107,train
chicago-il:2449,train
chicago-il:3231,train
chicago-il:11111,train
chicago-il:22905,train
chicago-il:10538,train
chicago-il:6426,train
chicago-il:16933,train
chicago-il:1382,train
chicago-il:1265,train
chicago-il:10913,train
chicago-il:19420,train
chicago-il:13850,train
chicago-il:7793,train
chicago-il:10818,train
chicago-il:17404,train
chicago-il:4738,train
chicago-il:1522,train
chicago-il:4951,train
chicago-il:5009,train
chicago-il:11252,train
chicago-il:4827,train
chicago-il:16445,train
chicago-il:25,train
chicago-il:1544,train
chicago-il:10509,train
chicago-il:7818,train
chicago-il:8005,train
chicago-il:6274,train
chicago-il:9127,train
chicago-il:1697,train
chicago-il:4623,train
chicago-il:14028,train
chicago-il:12862,train
chicago-il:11025,train
chicago-il:4357,train
chicago-il:15604,train
chicago-il:12583,train
chicago-il:13512,train
chicago-il:12213,train
chicago-il:8955,train
chicago-il:1058,train
chicago-il:15467,train
chicago-il:845,train
chicago-il:7451,train
chicago-il:11222,train
chicago-il:4601,train
chicago-il:10813,train
chicago-il:17471,train
chicago-il:11610,train
chicago-il:2284,train
chicago-il:14872,train
chicago-il:10474,train
chicago-il:22655,train
chicago-il:12192,train
chicago-il:2213,train
chicago-il:9663,train
chicago-il:8342,train
chicago-il:27842,train
chicago-il:15716,train
chicago-il:5499,train
chicago-il:9660,train
chicago-il:22120,train
chicago-il:8483,train
chicago-il:8136,train
chicago-il:5974,train
chicago-il:19143,train
chicago-il:1160,train
chicago-il:13036,train
chicago-il:4501,train
chicago-il:4769,train
chicago-il:8404,train
chicago-il:22206,train
chicago-il:5984,train
chicago-il:28542,train
chicago-il:10543,train
chicago-il:926,train
chicago-il:7210,train
chicago-il:38156,train
chicago-il:11511,train
chicago-il:1057,train
chicago-il:11148,train
chicago-il:3084,train
chicago-il:6582,train
chicago-il:11423,train
chicago-il:10317,train
chicago-il:4711,train
chicago-il:10723,train
chicago-il:11154,train
chicago-il:105,train
chicago-il:19577,train
chicago-il:1803,train
chicago-il:10562,train
chicago-il:782,train
chicago-il:22253,train
chicago-il:43067,train
chicago-il:4358,train
chicago-il:2290,train
chicago-il:4126,train
chicago-il:10864,train
chicago-il:10801,train
chicago-il:9136,train
chicago-il:11147,train
chicago-il:10535,train
chicago-il:13,train
chicago-il:12803,train
chicago-il:11132,train
chicago-il:19997,train
chicago-il:9553,train
chicago-il:10671,train
chicago-il:1086,train
chicago-il:10627,train
chicago-il:13527,train
chicago-il:11332,train
chicago-il:18105,train
chicago-il:5037,train
chicago-il:13897,train
chicago-il:46800,train
chicago-il:848,train
chicago-il:621,train
chicago-il:11227,train
chicago-il:2914,train
chicago-il:2840,train
chicago-il:28886,train
chicago-il:11131,train
chicago-il:13383,train
chicago-il:2486,train
chicago-il:19211,train
chicago-il:10987,train
chicago-il:1960,train
chicago-il:9892,train
chicago-il:12731,train
chicago-il:212,train
chicago-il:4309,train
chicago-il:10513,train
chicago-il:6590,train
chicago-il:3802,train
chicago-il:10544,train
chicago-il:13559,train
chicago-il:14116,train
chicago-il:10095,train
chicago-il:1662,train
chicago-il:10870,train
chicago-il:10230,train
chicago-il:22302,train
chicago-il:1748,train
chicago-il:118,train
chicago-il:1438,train
chicago-il:4891,train
chicago-il:6279,train
chicago-il:15702,train
chicago-il:11083,train
chicago-il:10602,train
chicago-il:11009,train
chicago-il:2346,train
chicago-il:17579,train
chicago-il:3052,train
chicago-il:6888,train
chicago-il:14668,train
chicago-il:22861,train
chicago-il:11146,train
chicago-il:11093,train
chicago-il:89,train
chicago-il:9906,train
chicago-il:1759,train
chicago-il:2667,train
chicago-il:28994,train
chicago-il:9146,train
chicago-il:10599,train
chicago-il:11646,train
chicago-il:10809,train
chicago-il:10056,train
chicago-il:4248,train
chicago-il:7450,train
chicago-il:20071,train
chicago-il:10492,train
chicago-il:7599,train
chicago-il:2902,train
chicago-il:1631,train
chicago-il:16957,train
chicago-il:28954,train
chicago-il:24759,train
chicago-il:15330,train
chicago-il:11087,train
chicago-il:978,train
chicago-il:7901,train
chicago-il:9242,train
chicago-il:10123,train
chicago-il:6057,train
chicago-il:19717,train
chicago-il:22859,train
chicago-il:7242,train
chicago-il:9866,train
chicago-il:1218,train
chicago-il:10465,train
chicago-il:12514,train
chicago-il:2634,train
chicago-il:8066,train
chicago-il:2010,train
chicago-il:12830,train
chicago-il:10624,train
chicago-il:10519,train
chicago-il:4458,train
chicago-il:38938,train
chicago-il:10528,train
chicago-il:11032,train
chicago-il:2019,train
chicago-il:1980,train
chicago-il:13647,train
chicago-il:15270,train
chicago-il:846,train
chicago-il:8465,train
chicago-il:28271,train
chicago-il:4631,train
chicago-il:13499,train
chicago-il:4519,train
chicago-il:1226,train
chicago-il:8396,train
chicago-il:1158,train
chicago-il:13614,train
chicago-il:10526,train
chicago-il:11013,train
chicago-il:17151,train
chicago-il:4273,train
chicago-il:22252,train
chicago-il:11139,train
chicago-il:6583,train
chicago-il:9836,train
chicago-il:18944,train
chicago-il:3952,train
chicago-il:10210,train
chicago-il:14991,train
chicago-il:6495,train
chicago-il:1508,train
chicago-il:11950,train
chicago-il:13983,train
chicago-il:6467,train
chicago-il:3254,train
chicago-il:22460,train
chicago-il:7849,train
chicago-il:8377,train
chicago-il:11656,train
chicago-il:11125,train
chicago-il:13871,train
chicago-il:11152,train
chicago-il:11866,train
chicago-il:514,train
chicago-il:19359,train
chicago-il:2270,train
chicago-il:6227,train
chicago-il:21517,train
chicago-il:11277,train
chicago-il:28521,train
chicago-il:6478,train
chicago-il:2779,train
chicago-il:1509,train
chicago-il:10557,train
chicago-il:119,train
chicago-il:22416,train
chicago-il:1425,train
chicago-il:4456,train
chicago-il:21955,train
chicago-il:8727,train
chicago-il:46775,train
chicago-il:158,train
chicago-il:20371,train
chicago-il:1793,train
chicago-il:19056,train
chicago-il:8073,train
chicago-il:2853,train
chicago-il:11440,train
chicago-il:297,train
chicago-il:2929,train
chicago-il:2123,train
chicago-il:8178,train
chicago-il:2220,train
chicago-il:7663,train
chicago-il:23281,train
chicago-il:874,train
chicago-il:101,train
chicago-il:2618,train
chicago-il:1524,train
chicago-il:114,train
chicago-il:10884,train
chicago-il:23750,train
chicago-il:9157,train
chicago-il:19569,train
chicago-il:8257,train
chicago-il:13957,train
chicago-il:9141,train
chicago-il:1605,train
chicago-il:9183,train
chicago-il:5483,train
chicago-il:28156,train
chicago-il:2103,train
chicago-il:29,train
chicago-il:16619,train
chicago-il:4790,train
chicago-il:13171,train
chicago-il:5512,train
chicago-il:7820,train
chicago-il:1352,train
chicago-il:17405,train
chicago-il:9668,train
chicago-il:46772,train
chicago-il:16300,train
chicago-il:2243,train
chicago-il:9927,train
chicago-il:23606,train
chicago-il:1426,train
chicago-il:665,train
chicago-il:8036,train
chicago-il:1443,train
chicago-il:11867,train
chicago-il:11121,train
chicago-il:8240,train
chicago-il:14224,train
chicago-il:2222,train
chicago-il:8761,train
chicago-il:1350,train
chicago-il:8956,train
chicago-il:1054,train
chicago-il:18916,train
chicago-il:344,train
chicago-il:20002,train
chicago-il:16082,train
chicago-il:15341,train
chicago-il:5018,train
chicago-il:4855,train
chicago-il:1320,train
chicago-il:10605,train
chicago-il:947,train
chicago-il:22461,train
chicago-il:8963,train
chicago-il:11607,train
chicago-il:10506,train
chicago-il:23814,train
chicago-il:8065,train
chicago-il:14869,train
chicago-il:11136,train
chicago-il:8407,train
chicago-il:21060,train
chicago-il:15842,train
chicago-il:5044,train
chicago-il:15841,train
chicago-il:2292,train
chicago-il:298,train
chicago-il:13056,train
chicago-il:17734,train
chicago-il:277,train
chicago-il:910,train
chicago-il:1060,train
chicago-il:429,train
chicago-il:6038,train
chicago-il:2380,train
chicago-il:5057,train
chicago-il:422,train
chicago-il:656,train
chicago-il:6442,train
chicago-il:2995,train
chicago-il:13630,train
chicago-il:10511,train
chicago-il:15672,train
chicago-il:7041,train
chicago-il:4575,train
chicago-il:7807,train
chicago-il:1856,train
chicago-il:1985,train
chicago-il:4739,train
chicago-il:2872,train
chicago-il:1449,train
chicago-il:1194,train
chicago-il:19371,train
chicago-il:28989,train
chicago-il:43059,train
chicago-il:22916,train
chicago-il:1299,train
chicago-il:6152,train
chicago-il:625,train
chicago-il:28878,train
chicago-il:3097,train
chicago-il:4004,train
chicago-il:1225,train
chicago-il:4182,train
chicago-il:1428,train
chicago-il:5023,train
chicago-il:11240,train
chicago-il:18159,train
chicago-il:22591,train
chicago-il:7908,train
chicago-il:11532,train
chicago-il:5400,train
chicago-il:1163,train
chicago-il:3032,train
chicago-il:6402,train
chicago-il:10495,train
chicago-il:3272,train
chicago-il:21825,train
chicago-il:5904,train
chicago-il:10604,train
chicago-il:1418,train
chicago-il:15724,train
chicago-il:1167,train
chicago-il:7095,train
chicago-il:211,train
chicago-il:10140,train
chicago-il:14485,train
chicago-il:11005,train
chicago-il:7440,train
chicago-il:2089,train
chicago-il:7591,train
chicago-il:13604,train
chicago-il:14816,train
chicago-il:1227,train
chicago-il:20164,train
chicago-il:20719,train
chicago-il:4352,train
chicago-il:14187,train
chicago-il:7142,train
chicago-il:10,train
chicago-il:4455,train
chicago-il:5052,train
chicago-il:2992,train
chicago-il:366,train
chicago-il:2217,train
chicago-il:4220,train
chicago-il:17634,train
chicago-il:21005,train
oradell-nj:9250,train
oradell-nj:8700,train
oradell-nj:7336,train
oradell-nj:13846,train
oradell-nj:8899,train
oradell-nj:7635,train
oradell-nj:5241,train
oradell-nj:13540,train
oradell-nj:6718,train
oradell-nj:13311,train
oradell-nj:5272,train
oradell-nj:9820,train
oradell-nj:8310,train
oradell-nj:4792,train
oradell-nj:12305,train
oradell-nj:11534,train
oradell-nj:6517,train
oradell-nj:10031,train
oradell-nj:10102,train
oradell-nj:1001,train
oradell-nj:11643,train
oradell-nj:5325,train
oradell-nj:5315,train
oradell-nj:2967,train
oradell-nj:674,train
oradell-nj:4551,train
oradell-nj:13750,train
oradell-nj:7531,train
oradell-nj:8149,train
oradell-nj:6203,train
oradell-nj:3478,train
oradell-nj:7329,train
oradell-nj:7039,train
oradell-nj:6569,train
oradell-nj:7581,train
oradell-nj:2552,train
oradell-nj:1231,train
oradell-nj:6270,train
oradell-nj:9873,train
oradell-nj:6584,train
oradell-nj:7792,train
oradell-nj:9151,train
oradell-nj:7354,train
oradell-nj:2055,train
oradell-nj:7750,train
oradell-nj:6309,train
oradell-nj:4549,train
oradell-nj:288,train
oradell-nj:10658,train
oradell-nj:7537,train
oradell-nj:9433,train
oradell-nj:9154,train
oradell-nj:14,train
oradell-nj:5458,train
oradell-nj:2914,train
oradell-nj:530,train
oradell-nj:2865,train
oradell-nj:966,train
oradell-nj:5216,train
oradell-nj:6576,train
oradell-nj:9354,train
oradell-nj:4541,train
oradell-nj:7797,train
oradell-nj:5243,train
oradell-nj:4654,train
oradell-nj:3871,train
oradell-nj:6731,train
oradell-nj:8024,train
oradell-nj:6578,train
oradell-nj:12835,train
oradell-nj:7619,train
oradell-nj:10414,train
oradell-nj:1892,train
oradell-nj:1252,train
oradell-nj:6829,train
oradell-nj:3622,train
oradell-nj:4801,train
oradell-nj:7016,train
oradell-nj:9864,train
oradell-nj:8132,train
oradell-nj:3430,train
oradell-nj:6257,train
oradell-nj:2240,train
oradell-nj:1063,train
oradell-nj:13112,train
oradell-nj:8904,train
oradell-nj:6726,train
oradell-nj:218,train
oradell-nj:2969,train
oradell-nj:6200,train
oradell-nj:10867,train
oradell-nj:7546,train
oradell-nj:13793,train
oradell-nj:9814,train
oradell-nj:7525,train
oradell-nj:914,train
oradell-nj:993,train
oradell-nj:13501,train
oradell-nj:8500,train
oradell-nj:8126,train
oradell-nj:4402,train
oradell-nj:10224,train
oradell-nj:9300,train
oradell-nj:5077,train
oradell-nj:11330,train
oradell-nj:6606,train
oradell-nj:12378,train
oradell-nj:3240,train
oradell-nj:1034,train
oradell-nj:7543,train
oradell-nj:4582,train
oradell-nj:3133,train
oradell-nj:6840,train
oradell-nj:5343,train
oradell-nj:959,train
oradell-nj:12663,train
oradell-nj:1524,train
oradell-nj:8124,train
oradell-nj:9355,train
oradell-nj:3253,train
oradell-nj:3243,train
oradell-nj:9358,train
oradell-nj:3149,train
oradell-nj:8025,train
oradell-nj:9957,train
oradell-nj:13105,train
oradell-nj:10860,train
oradell-nj:6725,train
oradell-nj:3636,train
oradell-nj:9787,train
oradell-nj:5352,train
oradell-nj:11718,train
oradell-nj:6093,train
oradell-nj:6614,train
oradell-nj:10406,train
oradell-nj:10824,train
oradell-nj:7601,train
oradell-nj:8239,train
oradell-nj:11703,train
oradell-nj:3540,train
oradell-nj:2968,train
oradell-nj:2774,train
oradell-nj:3083,train
oradell-nj:3552,train
oradell-nj:10002,train
oradell-nj:7320,train
oradell-nj:5319,train
oradell-nj:2144,train
oradell-nj:3471,train
oradell-nj:8108,train
oradell-nj:7639,train
oradell-nj:13109,train
oradell-nj:6508,train
oradell-nj:9736,train
oradell-nj:7304,train
oradell-nj:4565,train
oradell-nj:10701,train
oradell-nj:7583,train
oradell-nj:6983,train
oradell-nj:5317,train
oradell-nj:3354,train
oradell-nj:7103,train
oradell-nj:3870,train
oradell-nj:4686,train
oradell-nj:7710,train
oradell-nj:7781,train
oradell-nj:10945,train
oradell-nj:3868,train
oradell-nj:3438,train
oradell-nj:7600,train
oradell-nj:12648,train
oradell-nj:4688,train
oradell-nj:1071,train
oradell-nj:13089,train
oradell-nj:7570,train
oradell-nj:6416,train
oradell-nj:538,train
oradell-nj:3420,train
oradell-nj:961,train
oradell-nj:7729,train
oradell-nj:6582,train
oradell-nj:10941,train
oradell-nj:2911,train
oradell-nj:3403,train
oradell-nj:5314,train
oradell-nj:8720,train
oradell-nj:9437,train
oradell-nj:13297,train
oradell-nj:335,train
oradell-nj:5297,train
oradell-nj:10676,train
oradell-nj:7921,train
oradell-nj:7122,train
oradell-nj:2751,train
oradell-nj:13578,train
oradell-nj:7450,train
oradell-nj:13822,train
oradell-nj:3037,train
oradell-nj:977,train
oradell-nj:8116,train
oradell-nj:7201,train
oradell-nj:1129,train
oradell-nj:9976,train
oradell-nj:5329,train
oradell-nj:7632,train
oradell-nj:10104,train
oradell-nj:996,train
oradell-nj:8206,train
oradell-nj:6985,train
oradell-nj:13542,train
oradell-nj:4406,train
oradell-nj:9790,train
oradell-nj:9157,train
oradell-nj:1861,train
oradell-nj:5254,train
oradell-nj:3081,train
oradell-nj:7421,train
oradell-nj:5330,train
oradell-nj:13142,train
oradell-nj:7694,train
oradell-nj:7556,train
oradell-nj:3536,train
oradell-nj:1055,train
oradell-nj:9434,train
oradell-nj:13022,train
oradell-nj:8531,train
oradell-nj:693,train
oradell-nj:13025,train
oradell-nj:3670,train
oradell-nj:7341,train
oradell-nj:11169,train
oradell-nj:3516,train
oradell-nj:2743,train
oradell-nj:6329,train
oradell-nj:8119,train
oradell-nj:12587,train
oradell-nj:13300,train
oradell-nj:12303,train
oradell-nj:8148,train
oradell-nj:2721,train
oradell-nj:4163,train
oradell-nj:6043,train
oradell-nj:540,train
oradell-nj:11530,train
oradell-nj:4793,train
oradell-nj:1656,train
oradell-nj:6218,train
oradell-nj:915,train
oradell-nj:1213,train
oradell-nj:12596,train
oradell-nj:9352,train
oradell-nj:10939,train
oradell-nj:7077,train
oradell-nj:11642,train
oradell-nj:8224,train
oradell-nj:1088,train
oradell-nj:7708,train
oradell-nj:6417,train
oradell-nj:5633,train
oradell-nj:6573,train
oradell-nj:7643,train
oradell-nj:9738,train
oradell-nj:7076,train
oradell-nj:13309,train
oradell-nj:4566,train
oradell-nj:136,train
oradell-nj:8245,train
oradell-nj:8113,train
oradell-nj:4971,train
oradell-nj:6084,train
oradell-nj:983,train
oradell-nj:10005,train
oradell-nj:6587,train
oradell-nj:5770,train
oradell-nj:12302,train
oradell-nj:5769,train
oradell-nj:4825,train
oradell-nj:2128,train
oradell-nj:6577,train
oradell-nj:8128,train
oradell-nj:2539,train
oradell-nj:13087,train
oradell-nj:1137,train
oradell-nj:7561,train
oradell-nj:8133,train
oradell-nj:13610,train
oradell-nj:7977,train
oradell-nj:7823,train
oradell-nj:7332,train
oradell-nj:1261,train
oradell-nj:1970,train
oradell-nj:10825,train
oradell-nj:7527,train
oradell-nj:3648,train
oradell-nj:13315,train
oradell-nj:8106,train
oradell-nj:11991,train
oradell-nj:5253,train
oradell-nj:7043,train
oradell-nj:3127,train
oradell-nj:7356,train
oradell-nj:7751,train
oradell-nj:8703,train
oradell-nj:4221,train
oradell-nj:7047,train
oradell-nj:12379,train
oradell-nj:7665,train
oradell-nj:6519,train
oradell-nj:7745,train
oradell-nj:5359,train
oradell-nj:6234,train
oradell-nj:12716,train
oradell-nj:3514,train
oradell-nj:4124,train
oradell-nj:6580,train
oradell-nj:13139,train
oradell-nj:10230,train
oradell-nj:2146,train
oradell-nj:1037,train
oradell-nj:336,train
oradell-nj:2046,train
oradell-nj:294,train
oradell-nj:13122,train
oradell-nj:6607,train
oradell-nj:9246,train
oradell-nj:6839,train
oradell-nj:13158,train
oradell-nj:8719,train
oradell-nj:11283,train
oradell-nj:5318,train
oradell-nj:3794,train
oradell-nj:908,train
oradell-nj:13803,train
oradell-nj:4220,train
oradell-nj:7013,train
oradell-nj:10672,train
oradell-nj:3795,train
oradell-nj:8713,train
oradell-nj:9271,train
oradell-nj:9241,train
oradell-nj:6585,train
oradell-nj:2906,train
oradell-nj:5773,train
oradell-nj:3643,train
oradell-nj:5279,train
oradell-nj:5453,train
oradell-nj:13426,train
oradell-nj:6586,train
oradell-nj:5459,train
oradell-nj:13427,train
oradell-nj:2134,train
oradell-nj:5321,train
oradell-nj:8017,train
oradell-nj:12673,train
oradell-nj:13021,train
oradell-nj:9270,train
oradell-nj:12412,train
oradell-nj:2937,train
oradell-nj:11654,train
oradell-nj:2848,train
oradell-nj:13858,train
oradell-nj:13794,train
oradell-nj:13127,train
oradell-nj:5093,train
oradell-nj:5635,train
oradell-nj:9955,train
oradell-nj:7597,train
oradell-nj:11645,train
oradell-nj:6216,train
oradell-nj:7668,train
oradell-nj:11623,train
oradell-nj:13114,train
oradell-nj:1625,train
oradell-nj:7130,train
oradell-nj:12717,train
oradell-nj:3383,train
oradell-nj:9239,train
oradell-nj:532,train
oradell-nj:6041,train
oradell-nj:8971,train
oradell-nj:13090,train
oradell-nj:11668,train
oradell-nj:7114,train
oradell-nj:13140,train
oradell-nj:11618,train
oradell-nj:7480,train
oradell-nj:6415,train
oradell-nj:8151,train
oradell-nj:11662,train
oradell-nj:940,train
oradell-nj:14028,train
oradell-nj:547,train
oradell-nj:2997,train
oradell-nj:9802,train
oradell-nj:3872,train
oradell-nj:1972,train
oradell-nj:1110,train
oradell-nj:11475,train
oradell-nj:7040,train
oradell-nj:10420,train
oradell-nj:11644,train
oradell-nj:5157,train
oradell-nj:11702,train
oradell-nj:1045,train
oradell-nj:7569,train
oradell-nj:5245,train
oradell-nj:7604,train
oradell-nj:6223,train
oradell-nj:7631,train
oradell-nj:13067,train
oradell-nj:1098,train
oradell-nj:3548,train
oradell-nj:7686,train
oradell-nj:7688,train
oradell-nj:3539,train
oradell-nj:5262,train
oradell-nj:614,train
oradell-nj:7396,train
oradell-nj:1060,train
oradell-nj:4166,train
oradell-nj:10793,train
oradell-nj:10936,train
oradell-nj:13580,train
oradell-nj:12538,train
oradell-nj:13063,train
oradell-nj:123,train
oradell-nj:6848,train
oradell-nj:87,train
oradell-nj:962,train
oradell-nj:10032,train
oradell-nj:4546,train
oradell-nj:7674,train
oradell-nj:5396,train
oradell-nj:7384,train
oradell-nj:5273,train
oradell-nj:2974,train
oradell-nj:2522,train
oradell-nj:7523,train
oradell-nj:9236,train
oradell-nj:1627,train
oradell-nj:2908,train
oradell-nj:6209,train
oradell-nj:13141,train
oradell-nj:8095,train
oradell-nj:10011,train
oradell-nj:13228,train
oradell-nj:960,train
oradell-nj:10422,train
oradell-nj:7422,train
oradell-nj:4962,train
oradell-nj:979,train
oradell-nj:8234,train
oradell-nj:7521,train
oradell-nj:13313,train
oradell-nj:11637,train
oradell-nj:5244,train
oradell-nj:12539,train
oradell-nj:3727,train
oradell-nj:5372,train
oradell-nj:9799,train
oradell-nj:11504,train
oradell-nj:999,train
oradell-nj:10236,train
oradell-nj:2050,train
oradell-nj:13092,train
oradell-nj:1064,train
oradell-nj:11720,train
oradell-nj:2788,train
oradell-nj:5638,train
oradell-nj:7508,train
oradell-nj:7506,train
oradell-nj:528,train
oradell-nj:2643,train
oradell-nj:3435,train
oradell-nj:6715,train
oradell-nj:8236,train
oradell-nj:13776,train
oradell-nj:13586,train
oradell-nj:12678,train
oradell-nj:12012,train
oradell-nj:7385,train
oradell-nj:5351,train
oradell-nj:8138,train
oradell-nj:6308,train
oradell-nj:907,train
oradell-nj:8018,train
oradell-nj:10423,train
oradell-nj:2850,train
oradell-nj:6716,train
oradell-nj:6581,train
oradell-nj:6231,train
oradell-nj:11698,train
oradell-nj:12833,train
oradell-nj:7197,train
oradell-nj:12677,train
oradell-nj:1895,train
oradell-nj:13618,train
oradell-nj:7794,train
oradell-nj:985,train
oradell-nj:6142,train
oradell-nj:7717,train
oradell-nj:2482,train
oradell-nj:2871,train
oradell-nj:11994,train
oradell-nj:7845,train
oradell-nj:6509,train
oradell-nj:6588,train
oradell-nj:1005,train
oradell-nj:1004,train
oradell-nj:1130,train
oradell-nj:10829,train
oradell-nj:1096,train
oradell-nj:2498,train
oradell-nj:239,train
oradell-nj:13137,train
oradell-nj:13612,train
oradell-nj:8691,train
oradell-nj:2860,train
oradell-nj:9784,train
oradell-nj:7438,train
oradell-nj:12675,train
oradell-nj:995,train
oradell-nj:7046,train
oradell-nj:5776,train
oradell-nj:3859,train
oradell-nj:13505,train
oradell-nj:7107,train
oradell-nj:10861,train
oradell-nj:1227,train
oradell-nj:5249,train
oradell-nj:3542,train
oradell-nj:11501,train
oradell-nj:13538,train
oradell-nj:1087,train
oradell-nj:1061,train
oradell-nj:7547,train
oradell-nj:1648,train
oradell-nj:8678,train
oradell-nj:5271,train
oradell-nj:286,train
oradell-nj:7517,train
oradell-nj:13508,train
oradell-nj:3874,train
oradell-nj:11701,train
oradell-nj:1812,train
oradell-nj:3553,train
oradell-nj:1059,train
oradell-nj:6224,train
oradell-nj:3167,train
oradell-nj:2973,train
oradell-nj:1220,train
oradell-nj:7411,train
oradell-nj:2910,train
oradell-nj:145,train
oradell-nj:1962,train
oradell-nj:3064,train
oradell-nj:10223,train
oradell-nj:7550,train
oradell-nj:5267,train
oradell-nj:9242,train
oradell-nj:1910,train
oradell-nj:622,train
oradell-nj:13795,train
oradell-nj:6565,train
oradell-nj:3080,train
oradell-nj:11999,train
oradell-nj:998,train
oradell-nj:11626,train
oradell-nj:7670,train
oradell-nj:10935,train
oradell-nj:1953,train
oradell-nj:2734,train
oradell-nj:2642,train
oradell-nj:2546,train
oradell-nj:11521,train
oradell-nj:9740,train
oradell-nj:8552,train
oradell-nj:13000,train
oradell-nj:7671,train
oradell-nj:10237,train
oradell-nj:7317,train
oradell-nj:9789,train
oradell-nj:13111,train
oradell-nj:13093,train
oradell-nj:7318,train
oradell-nj:10417,train
oradell-nj:8225,train
oradell-nj:5278,train
oradell-nj:8235,train
oradell-nj:1135,train
oradell-nj:2485,train
oradell-nj:5159,train
oradell-nj:12008,train
oradell-nj:13082,train
oradell-nj:6331,train
oradell-nj:7305,train
oradell-nj:9865,train
oradell-nj:14115,train
oradell-nj:7326,train
oradell-nj:11670,train
oradell-nj:7850,train
oradell-nj:11539,train
oradell-nj:3108,train
oradell-nj:10826,train
oradell-nj:5268,train
oradell-nj:7465,train
oradell-nj:7082,train
oradell-nj:1223,train
oradell-nj:7544,train
oradell-nj:2870,train
oradell-nj:11281,train
oradell-nj:6230,train
oradell-nj:7580,train
oradell-nj:1768,train
oradell-nj:7557,train
oradell-nj:12819,train
oradell-nj:2650,train
oradell-nj:9,train
oradell-nj:13775,train
oradell-nj:8120,train
oradell-nj:9245,train
oradell-nj:4125,train
oradell-nj:6199,train
oradell-nj:13102,train
oradell-nj:3866,train
oradell-nj:6583,train
oradell-nj:6207,train
oradell-nj:7675,train
oradell-nj:11292,train
oradell-nj:8907,train
oradell-nj:7142,train
oradell-nj:1065,train
oradell-nj:5263,train
oradell-nj:1988,train
oradell-nj:3137,train
oradell-nj:10288,train
oradell-nj:2452,train
oradell-nj:4412,train
oradell-nj:12761,train
oradell-nj:5229,train
oradell-nj:7141,train
oradell-nj:6259,train
oradell-nj:7695,train
oradell-nj:1267,train
oradell-nj:7452,train
oradell-nj:3554,train
oradell-nj:3861,train
oradell-nj:2466,train
oradell-nj:12306,train
oradell-nj:2838,train
oradell-nj:6518,train
oradell-nj:2773,train
oradell-nj:6321,train
oradell-nj:9924,train
oradell-nj:2975,train
oradell-nj:11624,train
oradell-nj:12015,train
oradell-nj:2915,train
oradell-nj:6568,train
oradell-nj:991,train
oradell-nj:7932,train
oradell-nj:7749,train
oradell-nj:11168,train
oradell-nj:6717,train
oradell-nj:5336,train
oradell-nj:3621,train
oradell-nj:10866,train
oradell-nj:10955,train
oradell-nj:6914,train
oradell-nj:6571,train
oradell-nj:1000,train
oradell-nj:4647,train
oradell-nj:2688,train
oradell-nj:3375,train
oradell-nj:8534,train
oradell-nj:3867,train
oradell-nj:1133,train
oradell-nj:941,train
oradell-nj:7640,train
oradell-nj:7136,train
oradell-nj:12834,train
oradell-nj:7150,train
oradell-nj:15,train
oradell-nj:11289,train
oradell-nj:7562,train
oradell-nj:5312,train
oradell-nj:3361,train
oradell-nj:12692,train
oradell-nj:11629,train
oradell-nj:13104,train
oradell-nj:9920,train
oradell-nj:7398,train
oradell-nj:7844,train
oradell-nj:7147,train
oradell-nj:7622,train
oradell-nj:9821,train
oradell-nj:7202,train
oradell-nj:217,train
oradell-nj:13108,train
oradell-nj:1031,train
oradell-nj:7198,train
oradell-nj:2872,train
oradell-nj:7983,train
oradell-nj:615,train
oradell-nj:9249,train
oradell-nj:10006,train
oradell-nj:11628,train
oradell-nj:2043,train
oradell-nj:13535,train
oradell-nj:624,train
oradell-nj:8051,train
oradell-nj:978,train
oradell-nj:689,train
oradell-nj:8232,train
oradell-nj:537,train
oradell-nj:12836,train
oradell-nj:12926,train
oradell-nj:2298,train
oradell-nj:7486,train
oradell-nj:1866,train
oradell-nj:2880,train
oradell-nj:9786,train
oradell-nj:5266,train
oradell-nj:8717,train
oradell-nj:13226,train
oradell-nj:3091,train
oradell-nj:10822,train
oradell-nj:7961,train
oradell-nj:2068,train
oradell-nj:13069,train
oradell-nj:5397,train
oradell-nj:11428,train
oradell-nj:7154,train
oradell-nj:4401,train
oradell-nj:5076,train
oradell-nj:11564,train
oradell-nj:13138,train
oradell-nj:8343,train
oradell-nj:6516,train
oradell-nj:9248,train
oradell-nj:7846,train
oradell-nj:11632,train
oradell-nj:7454,train
oradell-nj:1003,train
oradell-nj:3642,train
oradell-nj:5326,train
oradell-nj:2309,train
oradell-nj:7554,train
oradell-nj:2864,train
oradell-nj:285,train
oradell-nj:9810,train
oradell-nj:8109,train
oradell-nj:1977,train
oradell-nj:11667,train
oradell-nj:4690,train
oradell-nj:4535,train
oradell-nj:1894,train
oradell-nj:13613,train
oradell-nj:5275,train
oradell-nj:7121,train
oradell-nj:13499,train
oradell-nj:7793,train
oradell-nj:9971,train
oradell-nj:10694,train
oradell-nj:2759,train
oradell-nj:4869,train
oradell-nj:3356,train
oradell-nj:33,train
oradell-nj:8146,train
oradell-nj:7434,train
oradell-nj:7716,train
oradell-nj:3647,train
oradell-nj:7153,train
oradell-nj:6513,train
oradell-nj:7331,train
oradell-nj:5390,train
oradell-nj:6143,train
oradell-nj:4553,train
oradell-nj:13585,train
oradell-nj:7460,train
oradell-nj:7413,train
oradell-nj:4802,train
oradell-nj:11988,train
oradell-nj:5338,train
oradell-nj:5772,train
oradell-nj:1805,train
oradell-nj:10704,train
oradell-nj:8708,train
oradell-nj:10659,train
oradell-nj:3538,train
oradell-nj:8205,train
oradell-nj:3074,train
oradell-nj:7658,train
oradell-nj:7559,train
oradell-nj:2970,train
oradell-nj:5891,train
oradell-nj:4684,train
oradell-nj:7623,train
oradell-nj:9247,train
oradell-nj:7014,train
oradell-nj:8975,train
oradell-nj:12815,train
oradell-nj:7478,train
oradell-nj:5230,train
oradell-nj:13500,train
oradell-nj:1959,train
oradell-nj:7522,train
oradell-nj:10009,train
oradell-nj:8605,train
oradell-nj:32,train
oradell-nj:8125,train
oradell-nj:7381,train
oradell-nj:9244,train
oradell-nj:3863,train
oradell-nj:5454,train
oradell-nj:4961,train
oradell-nj:5388,train
oradell-nj:8238,train
oradell-nj:12929,train
oradell-nj:4405,train
oradell-nj:9357,train
oradell-nj:13414,train
oradell-nj:13502,train
oradell-nj:332,train
oradell-nj:8969,train
oradell-nj:2913,train
oradell-nj:7101,train
oradell-nj:135,train
oradell-nj:6572,train
oradell-nj:6422,train
oradell-nj:7319,train
oradell-nj:11522,train
oradell-nj:5250,train
oradell-nj:9947,train
oradell-nj:1006,train
oradell-nj:8556,train
oradell-nj:31,train
oradell-nj:5220,train
oradell-nj:11658,train
oradell-nj:11717,train
oradell-nj:9943,train
oradell-nj:6605,train
oradell-nj:7472,train
oradell-nj:7603,train
oradell-nj:7787,train
oradell-nj:1256,train
oradell-nj:1242,train
oradell-nj:5320,train
oradell-nj:4408,train
oradell-nj:5269,train
oradell-nj:11990,train
oradell-nj:1131,train
oradell-nj:10122,train
oradell-nj:4970,train
oradell-nj:5283,train
oradell-nj:7598,train
oradell-nj:4526,train
oradell-nj:1526,train
oradell-nj:3427,train
oradell-nj:3617,train
oradell-nj:7432,train
oradell-nj:9238,train
oradell-nj:2839,train
oradell-nj:7784,train
oradell-nj:11,train
oradell-nj:7117,train
oradell-nj:2952,train
oradell-nj:10943,train
oradell-nj:10537,train
oradell-nj:7447,train
oradell-nj:8130,train
oradell-nj:6334,train
oradell-nj:561,train
oradell-nj:287,train
oradell-nj:564,train
oradell-nj:9945,train
oradell-nj:7669,train
oradell-nj:7666,train
oradell-nj:9436,train
oradell-nj:7819,train
oradell-nj:14153,train
oradell-nj:6732,train
oradell-nj:4581,train
oradell-nj:2049,train
oradell-nj:1086,train
oradell-nj:3858,train
oradell-nj:3722,train
oradell-nj:1867,train
oradell-nj:12830,train
oradell-nj:9739,train
oradell-nj:11655,train
oradell-nj:13529,train
oradell-nj:6613,train
oradell-nj:1036,train
oradell-nj:7097,train
oradell-nj:11478,train
oradell-nj:7105,train
oradell-nj:3721,train
oradell-nj:7482,train
oradell-nj:8683,train
oradell-nj:9925,train
oradell-nj:1217,train
oradell-nj:7106,train
oradell-nj:7529,train
oradell-nj:11996,train
oradell-nj:1955,train
oradell-nj:2469,train
oradell-nj:8015,train
oradell-nj:9240,train
oradell-nj:8973,train
oradell-nj:8114,train
oradell-nj:1238,train
oradell-nj:11631,train
oradell-nj:3058,train
oradell-nj:10938,train
oradell-nj:13126,train
oradell-nj:7549,train
oradell-nj:12588,train
oradell-nj:13530,train
oradell-nj:3136,train
oradell-nj:680,train
oradell-nj:10418,train
oradell-nj:679,train
walla-walla:1237,train
walla-walla:176,train
walla-walla:1178,train
walla-walla:129,train
walla-walla:292,train
walla-walla:1210,train
walla-walla:479,train
walla-walla:597,train
walla-walla:465,train
walla-walla:1179,train
walla-walla:410,train
walla-walla:1188,train
walla-walla:180,train
walla-walla:261,train
walla-walla:466,train
walla-walla:315,train
walla-walla:344,train
walla-walla:383,train
walla-walla:1221,train
walla-walla:290,train
walla-walla:289,train
walla-walla:1196,train
walla-walla:335,train
walla-walla:12,train
walla-walla:1172,train
walla-walla:13,train
walla-walla:1201,train
walla-walla:223,train
walla-walla:1190,train
walla-walla:1181,train
walla-walla:14,train
walla-walla:1234,train
walla-walla:381,train
walla-walla:126,train
walla-walla:349,train
walla-walla:273,train
walla-walla:177,train
walla-walla:348,train
walla-walla:287,train
walla-walla:265,train
walla-walla:1235,train
walla-walla:1213,train
walla-walla:18,train
walla-walla:462,train
walla-walla:436,train
walla-walla:240,train
walla-walla:312,train
walla-walla:274,train
walla-walla:499,train
walla-walla:1184,train
walla-walla:137,train
walla-walla:311,train
walla-walla:461,train
walla-walla:457,train
walla-walla:1186,train
walla-walla:20,train
walla-walla:123,train
walla-walla:179,train
walla-walla:283,train
walla-walla:186,train
walla-walla:1173,train
walla-walla:130,train
walla-walla:412,train
walla-walla:455,train
walla-walla:1177,train
walla-walla:467,train
walla-walla:1183,train
walla-walla:281,train
walla-walla:583,train
walla-walla:472,train
walla-walla:470,train
walla-walla:1182,train
walla-walla:296,train
walla-walla:316,train
walla-walla:1231,train
walla-walla:329,train
walla-walla:11,train
walla-walla:313,train
walla-walla:476,train
walla-walla:1232,train
walla-walla:1174,train
walla-walla:415,train
walla-walla:1189,train
walla-walla:1228,train
walla-walla:1176,train
walla-walla:131,train
walla-walla:498,train
walla-walla:376,train
walla-walla:10,train
walla-walla:1222,train
walla-walla:1211,train
walla-walla:138,train
walla-walla:260,train
walla-walla:1223,train
walla-walla:1197,train
walla-walla:241,train
walla-walla:1218,train
walla-walla:332,train
walla-walla:16,train
walla-walla:458,train
walla-walla:185,train
walla-walla:1219,train
walla-walla:474,train
walla-walla:1185,train
walla-walla:347,train
walla-walla:1191,train
walla-walla:1212,train
walla-walla:128,train
walla-walla:468,train
walla-walla:326,train
walla-walla:271,train
walla-walla:183,train
amsterdam:30643,train
amsterdam:1134,train
amsterdam:170,train
amsterdam:411,train
amsterdam:8322,train
amsterdam:6139,train
amsterdam:8311,train
amsterdam:4969,train
amsterdam:304,train
amsterdam:1174,train
amsterdam:1113,train
amsterdam:1110,train
amsterdam:527,train
amsterdam:8297,train
amsterdam:8318,train
amsterdam:932,train
amsterdam:4941,train
amsterdam:29487,train
amsterdam:219,train
amsterdam:66,train
amsterdam:29441,train
amsterdam:833,train
amsterdam:638,train
amsterdam:311,train
amsterdam:29550,train
amsterdam:29428,train
amsterdam:384,train
amsterdam:8314,train
amsterdam:867,train
amsterdam:220,train
amsterdam:1209,train
amsterdam:821,train
amsterdam:29610,train
amsterdam:185,train
amsterdam:1030,train
amsterdam:30632,train
amsterdam:871,train
amsterdam:3797,train
amsterdam:8296,train
amsterdam:135,train
amsterdam:650,train
amsterdam:664,train
amsterdam:29806,train
amsterdam:1125,train
amsterdam:2949,train
amsterdam:590,train
amsterdam:4922,train
amsterdam:3769,train
amsterdam:417,train
amsterdam:338,train
amsterdam:95,train
amsterdam:12578,train
amsterdam:153,train
amsterdam:3824,train
amsterdam:189,train
amsterdam:644,train
amsterdam:788,train
amsterdam:312,train
amsterdam:1175,train
amsterdam:787,train
amsterdam:931,train
amsterdam:28392,train
amsterdam:8295,train
amsterdam:1167,train
amsterdam:26520,train
amsterdam:870,train
amsterdam:637,train
amsterdam:382,train
amsterdam:307,train
amsterdam:3624,train
amsterdam:936,train
amsterdam:680,train
amsterdam:973,train
amsterdam:1138,train
amsterdam:136,train
amsterdam:3678,train
amsterdam:8290,train
amsterdam:228,train
amsterdam:972,train
amsterdam:970,train
amsterdam:29545,train
amsterdam:10218,train
amsterdam:29478,train
amsterdam:385,train
amsterdam:410,train
amsterdam:20245,train
amsterdam:1128,train
amsterdam:3731,train
amsterdam:29853,train
amsterdam:962,train
amsterdam:923,train
amsterdam:673,train
amsterdam:59,train
amsterdam:339,train
amsterdam:381,train
amsterdam:820,train
amsterdam:961,train
amsterdam:26232,train
amsterdam:10,train
amsterdam:340,train
amsterdam:674,train
amsterdam:341,train
amsterdam:29572,train
amsterdam:649,train
amsterdam:190,train
amsterdam:29771,train
amsterdam:25562,train
amsterdam:23206,train
amsterdam:30649,train
amsterdam:1136,train
amsterdam:8312,train
amsterdam:1214,train
amsterdam:935,train
amsterdam:592,train
amsterdam:1181,train
amsterdam:1166,train
amsterdam:30630,train
amsterdam:379,train
amsterdam:27007,train
amsterdam:3766,train
amsterdam:30628,train
amsterdam:1029,train
amsterdam:415,train
amsterdam:978,train
amsterdam:529,train
amsterdam:1111,train
amsterdam:29706,train
amsterdam:30609,train
amsterdam:30644,train
amsterdam:4917,train
amsterdam:8291,train
amsterdam:8315,train
amsterdam:792,train
amsterdam:335,train
amsterdam:8316,train
amsterdam:1129,train
amsterdam:4914,train
amsterdam:377,train
amsterdam:178,train
amsterdam:29475,train
amsterdam:29589,train
amsterdam:10087,train
amsterdam:4916,train
amsterdam:8294,train
amsterdam:192,train
amsterdam:3795,train
amsterdam:6028,train
amsterdam:8317,train
amsterdam:1173,train
amsterdam:186,train
amsterdam:61,train
amsterdam:27256,train
amsterdam:8,train
amsterdam:584,train
amsterdam:171,train
amsterdam:137,train
newberg-or:17345,train
newberg-or:13451,train
newberg-or:6017,train
newberg-or:3126,train
newberg-or:18068,train
newberg-or:10472,train
newberg-or:6981,train
newberg-or:8002,train
newberg-or:6975,train
newberg-or:6298,train
newberg-or:7493,train
newberg-or:3204,train
newberg-or:1011,train
newberg-or:886,train
newberg-or:748,train
newberg-or:110,train
newberg-or:2619,train
newberg-or:7095,train
newberg-or:6011,train
newberg-or:16098,train
newberg-or:17290,train
newberg-or:2254,train
newberg-or:7680,train
newberg-or:7242,train
newberg-or:17376,train
newberg-or:5819,train
newberg-or:15045,train
newberg-or:5901,train
newberg-or:5967,train
newberg-or:11185,train
newberg-or:9631,train
newberg-or:5882,train
newberg-or:5904,train
newberg-or:3687,train
newberg-or:5703,train
newberg-or:18185,train
newberg-or:11191,train
newberg-or:7105,train
newberg-or:13835,train
newberg-or:1317,train
newberg-or:5123,train
newberg-or:248,train
newberg-or:10055,train
newberg-or:16751,train
newberg-or:74,train
newberg-or:6987,train
newberg-or:13699,train
newberg-or:5506,train
newberg-or:3361,train
newberg-or:5556,train
newberg-or:498,train
newberg-or:2621,train
newberg-or:2213,train
newberg-or:3812,train
newberg-or:10840,train
newberg-or:6639,train
newberg-or:17334,train
newberg-or:7733,train
newberg-or:17187,train
newberg-or:2341,train
newberg-or:7504,train
newberg-or:6035,train
newberg-or:15818,train
newberg-or:14822,train
newberg-or:6534,train
newberg-or:3057,train
newberg-or:17475,train
newberg-or:3496,train
newberg-or:7754,train
newberg-or:10330,train
newberg-or:4766,train
newberg-or:8693,train
newberg-or:3777,train
newberg-or:6012,train
newberg-or:3060,train
newberg-or:523,train
newberg-or:213,train
newberg-or:5089,train
newberg-or:14820,train
newberg-or:11738,train
newberg-or:884,train
newberg-or:6009,train
newberg-or:6022,train
newberg-or:7188,train
newberg-or:4938,train
newberg-or:14540,train
newberg-or:9576,train
newberg-or:5881,train
newberg-or:6008,train
newberg-or:15407,train
newberg-or:8350,train
newberg-or:5969,train
newberg-or:14584,train
newberg-or:9973,train
newberg-or:5650,train
newberg-or:5505,train
newberg-or:2645,train
newberg-or:2385,train
newberg-or:132,train
newberg-or:5828,train
newberg-or:9308,train
newberg-or:57,train
newberg-or:2656,train
newberg-or:15807,train
newberg-or:515,train
newberg-or:11540,train
newberg-or:2620,train
newberg-or:5128,train
newberg-or:3689,train
newberg-or:5119,train
newberg-or:12058,train
newberg-or:6461,train
newberg-or:499,train
newberg-or:5566,train
newberg-or:2269,train
newberg-or:11805,train
newberg-or:6232,train
newberg-or:3131,train
newberg-or:5092,train
newberg-or:12804,train
newberg-or:5507,train
newberg-or:15662,train
newberg-or:5983,train
newberg-or:1012,train
newberg-or:4057,train
newberg-or:833,train
newberg-or:7014,train
newberg-or:2347,train
newberg-or:3636,train
newberg-or:6649,train
newberg-or:9309,train
newberg-or:3150,train
newberg-or:3437,train
newberg-or:18159,train
newberg-or:252,train
newberg-or:5982,train
newberg-or:7413,train
newberg-or:17411,train
newberg-or:4958,train
newberg-or:4887,train
newberg-or:6037,train
newberg-or:2237,train
newberg-or:7398,train
newberg-or:15611,train
newberg-or:2421,train
newberg-or:18062,train
newberg-or:801,train
newberg-or:6295,train
newberg-or:687,train
newberg-or:2476,train
newberg-or:2939,train
newberg-or:3891,train
newberg-or:7023,train
newberg-or:8029,train
newberg-or:8916,train
newberg-or:2649,train
newberg-or:9365,train
newberg-or:6638,train
newberg-or:566,train
newberg-or:695,train
newberg-or:3537,train
newberg-or:4035,train
newberg-or:8348,train
newberg-or:2418,train
newberg-or:8267,train
newberg-or:9976,train
newberg-or:3683,train
newberg-or:14942,train
newberg-or:3832,train
newberg-or:547,train
newberg-or:9339,train
newberg-or:7241,train
newberg-or:16089,train
newberg-or:7108,train
newberg-or:5551,train
newberg-or:2160,train
newberg-or:9407,train
newberg-or:5558,train
newberg-or:894,train
newberg-or:5567,train
newberg-or:6452,train
newberg-or:9266,train
newberg-or:9263,train
newberg-or:4620,train
newberg-or:7676,train
newberg-or:5907,train
newberg-or:5906,train
newberg-or:4606,train
newberg-or:11176,train
newberg-or:746,train
newberg-or:5985,train
newberg-or:5553,train
newberg-or:5127,train
newberg-or:9979,train
newberg-or:692,train
newberg-or:3132,train
newberg-or:2155,train
newberg-or:5926,train
newberg-or:698,train
newberg-or:10939,train
newberg-or:7167,train
newberg-or:15103,train
newberg-or:7420,train
newberg-or:9435,train
newberg-or:5265,train
newberg-or:5302,train
newberg-or:15060,train
newberg-or:11200,train
newberg-or:9343,train
newberg-or:6020,train
newberg-or:3785,train
newberg-or:3158,train
newberg-or:2955,train
newberg-or:3835,train
newberg-or:5900,train
newberg-or:5090,train
newberg-or:5563,train
newberg-or:6023,train
newberg-or:3527,train
newberg-or:16090,train
newberg-or:1574,train
newberg-or:8356,train
newberg-or:6651,train
newberg-or:5562,train
newberg-or:6323,train
newberg-or:11418,train
newberg-or:2419,train
newberg-or:6237,train
newberg-or:10189,train
newberg-or:5504,train
newberg-or:13120,train
newberg-or:17339,train
newberg-or:17674,train
newberg-or:15794,train
newberg-or:2543,train
newberg-or:10734,train
newberg-or:2153,train
newberg-or:11291,train
newberg-or:570,train
newberg-or:13791,train
newberg-or:2267,train
newberg-or:6733,train
newberg-or:6595,train
newberg-or:3526,train
newberg-or:2941,train
newberg-or:7034,train
newberg-or:5963,train
newberg-or:5608,train
newberg-or:2231,train
newberg-or:6751,train
newberg-or:5849,train
newberg-or:2221,train
newberg-or:7246,train
newberg-or:17337,train
newberg-or:9345,train
newberg-or:7734,train
newberg-or:5038,train
newberg-or:18167,train
newberg-or:615,train
newberg-or:540,train
newberg-or:6486,train
newberg-or:2646,train
newberg-or:10363,train
newberg-or:7411,train
newberg-or:18235,train
newberg-or:3202,train
newberg-or:718,train
newberg-or:14646,train
newberg-or:6652,train
newberg-or:11925,train
newberg-or:2940,train
newberg-or:11279,train
newberg-or:8834,train
newberg-or:17371,train
newberg-or:4825,train
newberg-or:4901,train
newberg-or:5086,train
newberg-or:9986,train
newberg-or:5161,train
newberg-or:11730,train
newberg-or:6029,train
newberg-or:709,train
newberg-or:7592,train
newberg-or:3297,train
newberg-or:7252,train
newberg-or:9360,train
newberg-or:5327,train
newberg-or:6991,train
newberg-or:249,train
newberg-or:15796,train
newberg-or:211,train
newberg-or:1601,train
newberg-or:6739,train
newberg-or:1612,train
newberg-or:9258,train
newberg-or:3242,train
newberg-or:1273,train
newberg-or:5898,train
newberg-or:530,train
newberg-or:6707,train
newberg-or:526,train
newberg-or:634,train
newberg-or:5550,train
newberg-or:668,train
newberg-or:3597,train
newberg-or:4589,train
newberg-or:7852,train
newberg-or:9811,train
newberg-or:5928,train
newberg-or:11868,train
newberg-or:17518,train
newberg-or:5714,train
newberg-or:7603,train
newberg-or:14939,train
newberg-or:17829,train
newberg-or:14481,train
newberg-or:9478,train
newberg-or:2258,train
newberg-or:258,train
newberg-or:6106,train
newberg-or:8000,train
newberg-or:8810,train
newberg-or:14109,train
newberg-or:3157,train
newberg-or:11725,train
newberg-or:1606,train
newberg-or:11584,train
newberg-or:2099,train
newberg-or:5723,train
newberg-or:5503,train
newberg-or:9569,train
newberg-or:9268,train
newberg-or:11743,train
newberg-or:2314,train
newberg-or:3416,train
newberg-or:842,train
newberg-or:6034,train
newberg-or:2105,train
newberg-or:12504,train
newberg-or:3779,train
newberg-or:17185,train
newberg-or:8232,train
newberg-or:53,train
newberg-or:5552,train
newberg-or:10070,train
newberg-or:3248,train
newberg-or:17776,train
newberg-or:5512,train
newberg-or:14456,train
newberg-or:18183,train
newberg-or:5166,train
newberg-or:2582,train
newberg-or:5511,train
newberg-or:6019,train
newberg-or:2348,train
newberg-or:2947,train
newberg-or:1573,train
newberg-or:12117,train
newberg-or:691,train
newberg-or:7400,train
newberg-or:2260,train
newberg-or:3685,train
newberg-or:5716,train
newberg-or:3184,train
newberg-or:5162,train
newberg-or:18326,train
newberg-or:4037,train
newberg-or:7421,train
newberg-or:15027,train
newberg-or:9481,train
newberg-or:11292,train
newberg-or:8298,train
newberg-or:3686,train
newberg-or:7247,train
newberg-or:16219,train
newberg-or:7588,train
newberg-or:14047,train
newberg-or:5093,train
newberg-or:7851,train
newberg-or:5964,train
newberg-or:9806,train
newberg-or:9409,train
newberg-or:8072,train
newberg-or:5153,train
newberg-or:2657,train
newberg-or:14665,train
newberg-or:10844,train
newberg-or:5156,train
newberg-or:3108,train
newberg-or:5012,train
newberg-or:2618,train
newberg-or:17409,train
newberg-or:15117,train
newberg-or:8688,train
newberg-or:3833,train
newberg-or:18186,train
newberg-or:5899,train
newberg-or:1587,train
newberg-or:10475,train
newberg-or:6230,train
newberg-or:10677,train
newberg-or:3061,train
newberg-or:2542,train
newberg-or:3904,train
newberg-or:9350,train
newberg-or:15809,train
newberg-or:5649,train
newberg-or:697,train
newberg-or:6708,train
newberg-or:4764,train
newberg-or:9245,train
newberg-or:5067,train
newberg-or:16013,train
newberg-or:18213,train
newberg-or:8234,train
newberg-or:11918,train
newberg-or:732,train
newberg-or:6453,train
newberg-or:6127,train
newberg-or:17407,train
newberg-or:9614,train
newberg-or:3840,train
newberg-or:7820,train
newberg-or:4435,train
newberg-or:11188,train
newberg-or:5097,train
newberg-or:3721,train
newberg-or:8231,train
newberg-or:5135,train
newberg-or:8293,train
newberg-or:9974,train
newberg-or:11119,train
newberg-or:5101,train
newberg-or:2912,train
newberg-or:5133,train
newberg-or:3834,train
newberg-or:6597,train
newberg-or:16301,train
newberg-or:5905,train
newberg-or:18310,train
newberg-or:5485,train
newberg-or:16302,train
newberg-or:2585,train
newberg-or:694,train
newberg-or:58,train
newberg-or:5852,train
newberg-or:9355,train
newberg-or:5705,train
newberg-or:15070,train
newberg-or:15559,train
newberg-or:1168,train
newberg-or:14678,train
newberg-or:10149,train
newberg-or:7755,train
newberg-or:6173,train
newberg-or:13250,train
newberg-or:4003,train
newberg-or:247,train
newberg-or:17412,train
newberg-or:17384,train
newberg-or:15820,train
newberg-or:4957,train
newberg-or:8012,train
newberg-or:9267,train
newberg-or:257,train
newberg-or:895,train
newberg-or:13232,train
newberg-or:7295,train
newberg-or:11281,train
newberg-or:12924,train
newberg-or:15808,train
newberg-or:1756,train
newberg-or:6231,train
newberg-or:15180,train
newberg-or:3552,train
newberg-or:6148,train
newberg-or:11716,train
newberg-or:3778,train
newberg-or:4588,train
newberg-or:3117,train
newberg-or:3056,train
newberg-or:15758,train
newberg-or:13641,train
newberg-or:9242,train
newberg-or:6198,train
newberg-or:15946,train
newberg-or:3483,train
newberg-or:1283,train
newberg-or:689,train
newberg-or:7070,train
newberg-or:6990,train
newberg-or:2222,train
newberg-or:13369,train
newberg-or:2951,train
newberg-or:4908,train
newberg-or:2255,train
newberg-or:17476,train
newberg-or:5486,train
newberg-or:5565,train
newberg-or:5164,train
newberg-or:3193,train
newberg-or:6741,train
newberg-or:4890,train
newberg-or:4579,train
newberg-or:18092,train
newberg-or:11813,train
newberg-or:122,train
newberg-or:6294,train
newberg-or:10814,train
newberg-or:2945,train
newberg-or:13229,train
newberg-or:5157,train
newberg-or:13773,train
newberg-or:5576,train
newberg-or:9352,train
newberg-or:15707,train
newberg-or:15298,train
newberg-or:4786,train
newberg-or:5100,train
newberg-or:3240,train
newberg-or:11284,train
newberg-or:14821,train
newberg-or:15696,train
newberg-or:14455,train
newberg-or:492,train
newberg-or:3191,train
newberg-or:5088,train
newberg-or:5884,train
newberg-or:6016,train
newberg-or:210,train
newberg-or:6979,train
newberg-or:17656,train
newberg-or:1599,train
newberg-or:10116,train
newberg-or:1602,train
newberg-or:9463,train
newberg-or:12609,train
newberg-or:4613,train
newberg-or:12,train
newberg-or:5306,train
newberg-or:2942,train
newberg-or:8240,train
newberg-or:10476,train
newberg-or:15761,train
newberg-or:11180,train
newberg-or:14002,train
newberg-or:5502,train
newberg-or:5541,train
newberg-or:5554,train
newberg-or:17336,train
newberg-or:14057,train
newberg-or:5704,train
newberg-or:8315,train
newberg-or:6976,train
newberg-or:4036,train
newberg-or:5818,train
newberg-or:15102,train
newberg-or:17911,train
newberg-or:17342,train
newberg-or:15229,train
newberg-or:9616,train
newberg-or:7031,train
newberg-or:2092,train
newberg-or:14049,train
newberg-or:2268,train
newberg-or:589,train
newberg-or:10233,train
newberg-or:3192,train
newberg-or:11337,train
newberg-or:1180,train
newberg-or:2098,train
newberg-or:198,train
newberg-or:15865,train
newberg-or:17340,train
newberg-or:806,train
newberg-or:2252,train
newberg-or:9406,train
newberg-or:8065,train
newberg-or:10884,train
newberg-or:15100,train
newberg-or:5883,train
newberg-or:5434,train
newberg-or:7237,train
newberg-or:5547,train
newberg-or:3177,train
newberg-or:16883,train
newberg-or:6179,train
newberg-or:11425,train
newberg-or:3676,train
newberg-or:14437,train
newberg-or:5085,train
newberg-or:920,train
newberg-or:3059,train
newberg-or:12473,train
newberg-or:17184,train
newberg-or:11583,train
newberg-or:11151,train
newberg-or:7024,train
newberg-or:5300,train
newberg-or:17658,train
newberg-or:3771,train
newberg-or:3679,train
newberg-or:5328,train
newberg-or:5125,train
newberg-or:2247,train
newberg-or:9975,train
newberg-or:5508,train
newberg-or:17000,train
newberg-or:3196,train
newberg-or:13770,train
newberg-or:17754,train
newberg-or:3066,train
newberg-or:111,train
newberg-or:6324,train
newberg-or:2586,train
newberg-or:2456,train
newberg-or:14360,train
newberg-or:6985,train
newberg-or:6937,train
newberg-or:228,train
newberg-or:17509,train
newberg-or:18067,train
newberg-or:253,train
newberg-or:10464,train
newberg-or:5933,train
newberg-or:5930,train
newberg-or:898,train
newberg-or:17924,train
newberg-or:9399,train
newberg-or:17393,train
newberg-or:7044,train
newberg-or:2541,train
newberg-or:14053,train
newberg-or:9983,train
newberg-or:13,train
newberg-or:9335,train
newberg-or:6582,train
newberg-or:11588,train
newberg-or:6196,train
newberg-or:17925,train
newberg-or:2159,train
newberg-or:2123,train
newberg-or:2106,train
newberg-or:12640,train
newberg-or:5936,train
newberg-or:5984,train
newberg-or:15473,train
newberg-or:7294,train
newberg-or:10483,train
newberg-or:6381,train
newberg-or:6984,train
newberg-or:15806,train
newberg-or:15762,train
newberg-or:5851,train
newberg-or:10804,train
newberg-or:6525,train
newberg-or:3133,train
newberg-or:5132,train
newberg-or:9719,train
newberg-or:121,train
newberg-or:2097,train
newberg-or:4329,train
newberg-or:4024,train
newberg-or:4709,train
newberg-or:5044,train
newberg-or:3786,train
newberg-or:14054,train
newberg-or:15720,train
newberg-or:6347,train
newberg-or:616,train
newberg-or:969,train
newberg-or:17477,train
newberg-or:6524,train
newberg-or:13695,train
newberg-or:4619,train
newberg-or:131,train
newberg-or:1282,train
newberg-or:256,train
newberg-or:11325,train
newberg-or:78,train
newberg-or:4708,train
newberg-or:4028,train
newberg-or:6773,train
newberg-or:6107,train
newberg-or:14436,train
newberg-or:7015,train
newberg-or:2257,train
newberg-or:11913,train
newberg-or:5607,train
newberg-or:6178,train
newberg-or:17691,train
newberg-or:7054,train
newberg-or:5118,train
newberg-or:15264,train
newberg-or:2133,train
newberg-or:8568,train
newberg-or:17346,train
newberg-or:764,train
newberg-or:9057,train
newberg-or:3203,train
newberg-or:7476,train
newberg-or:15764,train
newberg-or:5122,train
newberg-or:3180,train
newberg-or:5643,train
newberg-or:5569,train
newberg-or:2154,train
newberg-or:4889,train
newberg-or:11930,train
newberg-or:9604,train
newberg-or:6253,train
newberg-or:11181,train
newberg-or:4004,train
newberg-or:18094,train
newberg-or:2584,train
newberg-or:10490,train
newberg-or:202,train
newberg-or:3413,train
newberg-or:1525,train
newberg-or:3827,train
newberg-or:9612,train
newberg-or:9243,train
newberg-or:696,train
newberg-or:15069,train
newberg-or:7494,train
newberg-or:3093,train
newberg-or:3178,train
newberg-or:5155,train
newberg-or:5099,train
newberg-or:2087,train
newberg-or:14563,train
newberg-or:2223,train
newberg-or:5159,train
newberg-or:5820,train
newberg-or:2219,train
newberg-or:7430,train
newberg-or:6637,train
newberg-or:2475,train
newberg-or:12993,train
newberg-or:14058,train
newberg-or:5130,train
newberg-or:2342,train
newberg-or:6180,train
newberg-or:9980,train
newberg-or:747,train
newberg-or:5277,train
newberg-or:6197,train
newberg-or:1182,train
newberg-or:6064,train
newberg-or:4863,train
newberg-or:5471,train
newberg-or:3107,train
newberg-or:1151,train
newberg-or:11761,train
newberg-or:6021,train
newberg-or:5131,train
newberg-or:6126,train
newberg-or:10033,train
newberg-or:5120,train
newberg-or:2152,train
newberg-or:2655,train
newberg-or:8,train
newberg-or:3182,train
newberg-or:12057,train
newberg-or:17969,train
newberg-or:7243,train
newberg-or:6236,train
newberg-or:1539,train
newberg-or:7756,train
newberg-or:17517,train
newberg-or:11919,train
newberg-or:8369,train
newberg-or:4604,train
newberg-or:2650,train
newberg-or:15105,train
newberg-or:5160,train
newberg-or:13006,train
newberg-or:15793,train
newberg-or:9727,train
newberg-or:669,train
newberg-or:822,train
newberg-or:6254,train
newberg-or:9977,train
newberg-or:6128,train
newberg-or:6025,train
newberg-or:18276,train
newberg-or:15795,train
newberg-or:5437,train
newberg-or:6321,train
newberg-or:2259,train
newberg-or:5829,train
newberg-or:5117,train
newberg-or:5805,train
newberg-or:10086,train
newberg-or:130,train
newberg-or:18133,train
newberg-or:17176,train
newberg-or:5138,train
newberg-or:9259,train
newberg-or:9400,train
newberg-or:7590,train
newberg-or:15468,train
newberg-or:4902,train
newberg-or:15415,train
newberg-or:1543,train
newberg-or:1904,train
newberg-or:693,train
newberg-or:17795,train
newberg-or:2266,train
newberg-or:6980,train
newberg-or:4006,train
newberg-or:8233,train
newberg-or:16016,train
newberg-or:2544,train
newberg-or:11285,train
newberg-or:7475,train
newberg-or:18184,train
newberg-or:15719,train
newberg-or:4956,train
newberg-or:12166,train
newberg-or:6382,train
newberg-or:7107,train
newberg-or:3295,train
newberg-or:3772,train
newberg-or:5804,train
newberg-or:12822,train
newberg-or:15866,train
newberg-or:13321,train
newberg-or:529,train
newberg-or:209,train
newberg-or:5134,train
newberg-or:13088,train
newberg-or:897,train
newberg-or:10119,train
newberg-or:3125,train
newberg-or:4785,train
newberg-or:7423,train
newberg-or:1917,train
newberg-or:7041,train
newberg-or:2253,train
newberg-or:2236,train
newberg-or:9554,train
newberg-or:6988,train
newberg-or:18093,train
newberg-or:565,train
newberg-or:13578,train
newberg-or:3684,train
newberg-or:3480,train
newberg-or:17836,train
newberg-or:17341,train
newberg-or:4039,train
newberg-or:6200,train
newberg-or:16589,train
newberg-or:7424,train
newberg-or:802,train
newberg-or:11197,train
newberg-or:2214,train
newberg-or:3719,train
newberg-or:2647,train
newberg-or:2622,train
newberg-or:6554,train
newberg-or:6732,train
newberg-or:9264,train
newberg-or:9234,train
newberg-or:5570,train
newberg-or:5929,train
newberg-or:3127,train
newberg-or:8809,train
newberg-or:528,train
newberg-or:6535,train
newberg-or:4937,train
newberg-or:5102,train
newberg-or:3535,train
newberg-or:5903,train
newberg-or:5605,train
newberg-or:17335,train
newberg-or:675,train
newberg-or:6706,train
newberg-or:3688,train
newberg-or:14020,train
newberg-or:4870,train
newberg-or:5087,train
newberg-or:17728,train
newberg-or:11246,train
newberg-or:8081,train
newberg-or:9,train
newberg-or:11186,train
newberg-or:3055,train
newberg-or:17511,train
newberg-or:2537,train
newberg-or:5965,train
newberg-or:6174,train
newberg-or:8013,train
newberg-or:5850,train
newberg-or:5880,train
newberg-or:2420,train
newberg-or:5091,train
newberg-or:3678,train
newberg-or:7239,train
newberg-or:9257,train
newberg-or:5647,train
newberg-or:6015,train
newberg-or:8531,train
newberg-or:5832,train
newberg-or:15251,train
newberg-or:688,train
newberg-or:5833,train
newberg-or:3828,train
newberg-or:16695,train
newberg-or:17973,train
newberg-or:6977,train
newberg-or:10103,train
newberg-or:8014,train
newberg-or:2616,train
newberg-or:766,train
newberg-or:6645,train
newberg-or:9012,train
newberg-or:3179,train
newberg-or:4959,train
newberg-or:3720,train
newberg-or:4936,train
newberg-or:3881,train
newberg-or:6032,train
newberg-or:1544,train
newberg-or:3326,train
newberg-or:9265,train
newberg-or:16237,train
newberg-or:16798,train
newberg-or:2641,train
newberg-or:8380,train
newberg-or:2340,train
newberg-or:5715,train
newberg-or:16595,train
newberg-or:6297,train
newberg-or:5404,train
newberg-or:525,train
newberg-or:5897,train
newberg-or:6026,train
newberg-or:1269,train
newberg-or:3841,train
newberg-or:9971,train
newberg-or:10268,train
newberg-or:9256,train
newberg-or:255,train
newberg-or:3820,train
newberg-or:133,train
newberg-or:13815,train
newberg-or:9817,train
newberg-or:5510,train
newberg-or:6033,train
newberg-or:686,train
newberg-or:5970,train
newberg-or:6583,train
newberg-or:719,train
newberg-or:7422,train
newberg-or:14860,train
newberg-or:14679,train
newberg-or:4746,train
newberg-or:3362,train
newberg-or:4031,train
newberg-or:14021,train
newberg-or:120,train
newberg-or:1043,train
newberg-or:3722,train
newberg-or:6063,train
newberg-or:8889,train
newberg-or:4580,train
newberg-or:7168,train
newberg-or:3418,train
newberg-or:17521,train
newberg-or:2914,train
newberg-or:3094,train
newberg-or:5968,train
newberg-or:8917,train
newberg-or:2230,train
newberg-or:9813,train
newberg-or:11808,train
newberg-or:5803,train
newberg-or:2381,train
newberg-or:11731,train
newberg-or:10934,train
newberg-or:5981,train
newberg-or:767,train
columbus-oh:27079,train
columbus-oh:27563,train
columbus-oh:19404,train
columbus-oh:32741,train
columbus-oh:29032,train
columbus-oh:20952,train
columbus-oh:8500,train
columbus-oh:32699,train
columbus-oh:1777,train
columbus-oh:29781,train
columbus-oh:19256,train
columbus-oh:841,train
columbus-oh:21420,train
columbus-oh:789,train
columbus-oh:836,train
columbus-oh:33840,train
columbus-oh:296,train
columbus-oh:32818,train
columbus-oh:10681,train
columbus-oh:31720,train
columbus-oh:21304,train
columbus-oh:35257,train
columbus-oh:33048,train
columbus-oh:14638,train
columbus-oh:402,train
columbus-oh:24509,train
columbus-oh:40,train
columbus-oh:11960,train
columbus-oh:23511,train
columbus-oh:21836,train
columbus-oh:17371,train
columbus-oh:742,train
columbus-oh:26832,train
columbus-oh:18094,train
columbus-oh:13429,train
columbus-oh:15655,train
columbus-oh:33358,train
columbus-oh:27972,train
columbus-oh:23295,train
columbus-oh:3112,train
columbus-oh:35291,train
columbus-oh:16885,train
columbus-oh:413,train
columbus-oh:663,train
columbus-oh:32772,train
columbus-oh:27228,train
columbus-oh:14508,train
columbus-oh:33376,train
columbus-oh:12665,train
columbus-oh:1120,train
columbus-oh:27335,train
columbus-oh:21553,train
columbus-oh:135,train
columbus-oh:13961,train
columbus-oh:14847,train
columbus-oh:20559,train
columbus-oh:727,train
columbus-oh:33033,train
columbus-oh:16087,train
columbus-oh:22913,train
columbus-oh:5435,train
columbus-oh:22638,train
columbus-oh:10277,train
columbus-oh:777,train
columbus-oh:31701,train
columbus-oh:21475,train
columbus-oh:17685,train
columbus-oh:21476,train
columbus-oh:16345,train
columbus-oh:10691,train
columbus-oh:33053,train
columbus-oh:11964,train
columbus-oh:7671,train
columbus-oh:38232,train
columbus-oh:23914,train
columbus-oh:27353,train
columbus-oh:10369,train
columbus-oh:9279,train
columbus-oh:1765,train
columbus-oh:27461,train
columbus-oh:27051,train
columbus-oh:27478,train
columbus-oh:6653,train
columbus-oh:23063,train
columbus-oh:19461,train
columbus-oh:24515,train
columbus-oh:1227,train
columbus-oh:14556,train
columbus-oh:1780,train
columbus-oh:26901,train
columbus-oh:30768,train
columbus-oh:33213,train
columbus-oh:26750,train
columbus-oh:16349,train
columbus-oh:27354,train
columbus-oh:22137,train
columbus-oh:30937,train
columbus-oh:19382,train
columbus-oh:15712,train
columbus-oh:31507,train
columbus-oh:35503,train
columbus-oh:842,train
columbus-oh:14909,train
columbus-oh:16244,train
columbus-oh:15002,train
columbus-oh:661,train
columbus-oh:783,train
columbus-oh:13831,train
columbus-oh:26756,train
columbus-oh:1758,train
columbus-oh:31120,train
columbus-oh:32773,train
columbus-oh:304,train
columbus-oh:17002,train
columbus-oh:303,train
columbus-oh:838,train
columbus-oh:24227,train
columbus-oh:30148,train
columbus-oh:26642,train
columbus-oh:23135,train
columbus-oh:290,train
columbus-oh:12684,train
columbus-oh:27936,train
columbus-oh:33375,train
columbus-oh:20346,train
columbus-oh:24323,train
columbus-oh:835,train
columbus-oh:28234,train
columbus-oh:29388,train
columbus-oh:33217,train
columbus-oh:30223,train
columbus-oh:29680,train
columbus-oh:15661,train
columbus-oh:22095,train
columbus-oh:17412,train
columbus-oh:15027,train
columbus-oh:18386,train
columbus-oh:35237,train
columbus-oh:27300,train
columbus-oh:1699,train
columbus-oh:28126,train
columbus-oh:16084,train
columbus-oh:14142,train
columbus-oh:1679,train
columbus-oh:27570,train
columbus-oh:27410,train
columbus-oh:27242,train
columbus-oh:1476,train
columbus-oh:16337,train
columbus-oh:697,train
columbus-oh:30977,train
columbus-oh:23891,train
columbus-oh:15135,train
columbus-oh:11095,train
columbus-oh:187,train
columbus-oh:14866,train
columbus-oh:28561,train
columbus-oh:321,train
columbus-oh:26837,train
columbus-oh:13953,train
columbus-oh:21793,train
columbus-oh:24140,train
columbus-oh:21605,train
columbus-oh:24398,train
columbus-oh:6996,train
columbus-oh:27640,train
columbus-oh:20079,train
columbus-oh:28788,train
columbus-oh:1845,train
columbus-oh:1448,train
columbus-oh:12906,train
columbus-oh:19379,train
columbus-oh:32693,train
columbus-oh:31661,train
columbus-oh:711,train
columbus-oh:19423,train
columbus-oh:31293,train
columbus-oh:17526,train
columbus-oh:38250,train
columbus-oh:33050,train
columbus-oh:12710,train
columbus-oh:21956,train
columbus-oh:30874,train
columbus-oh:27248,train
columbus-oh:23173,train
columbus-oh:32841,train
columbus-oh:3852,train
columbus-oh:7461,train
columbus-oh:33045,train
columbus-oh:31452,train
columbus-oh:23168,train
columbus-oh:14388,train
columbus-oh:22975,train
columbus-oh:22785,train
columbus-oh:14904,train
columbus-oh:23352,train
columbus-oh:10504,train
columbus-oh:24508,train
columbus-oh:26870,train
columbus-oh:33836,train
columbus-oh:27296,train
columbus-oh:1833,train
columbus-oh:14120,train
columbus-oh:35429,train
columbus-oh:31341,train
columbus-oh:15542,train
columbus-oh:26848,train
columbus-oh:6999,train
columbus-oh:16940,train
columbus-oh:1067,train
columbus-oh:1692,train
columbus-oh:13609,train
columbus-oh:19381,train
columbus-oh:9941,train
columbus-oh:33198,train
columbus-oh:14641,train
columbus-oh:10264,train
columbus-oh:31338,train
columbus-oh:27369,train
columbus-oh:20080,train
columbus-oh:3952,train
columbus-oh:21301,train
columbus-oh:26627,train
columbus-oh:552,train
columbus-oh:20093,train
columbus-oh:11919,train
columbus-oh:782,train
columbus-oh:790,train
columbus-oh:22959,train
columbus-oh:26823,train
columbus-oh:27359,train
columbus-oh:26990,train
columbus-oh:26946,train
columbus-oh:29626,train
columbus-oh:26958,train
columbus-oh:30982,train
columbus-oh:27267,train
columbus-oh:25,train
columbus-oh:23663,train
columbus-oh:1457,train
columbus-oh:9925,train
columbus-oh:22359,train
columbus-oh:15545,train
columbus-oh:31771,train
columbus-oh:35511,train
columbus-oh:27278,train
columbus-oh:37105,train
columbus-oh:1816,train
columbus-oh:1365,train
columbus-oh:14754,train
columbus-oh:27519,train
columbus-oh:35517,train
columbus-oh:26611,train
columbus-oh:1702,train
columbus-oh:27411,train
columbus-oh:13832,train
columbus-oh:23133,train
columbus-oh:23181,train
columbus-oh:26643,train
columbus-oh:14387,train
columbus-oh:33584,train
columbus-oh:29594,train
columbus-oh:35275,train
columbus-oh:31290,train
columbus-oh:22096,train
columbus-oh:10771,train
columbus-oh:33356,train
columbus-oh:1170,train
columbus-oh:20899,train
columbus-oh:26579,train
columbus-oh:30770,train
columbus-oh:32767,train
columbus-oh:712,train
columbus-oh:16440,train
columbus-oh:23167,train
columbus-oh:35287,train
columbus-oh:10984,train
columbus-oh:17353,train
columbus-oh:410,train
columbus-oh:25697,train
columbus-oh:26869,train
columbus-oh:27349,train
columbus-oh:32700,train
columbus-oh:18373,train
columbus-oh:28634,train
columbus-oh:38907,train
columbus-oh:20683,train
columbus-oh:16260,train
columbus-oh:10172,train
columbus-oh:26626,train
columbus-oh:801,train
columbus-oh:22470,train
columbus-oh:1478,train
columbus-oh:26808,train
columbus-oh:33179,train
columbus-oh:32740,train
columbus-oh:16306,train
columbus-oh:21545,train
columbus-oh:29600,train
columbus-oh:29498,train
columbus-oh:13360,train
columbus-oh:1453,train
columbus-oh:13475,train
columbus-oh:23,train
columbus-oh:20105,train
columbus-oh:32842,train
columbus-oh:2542,train
columbus-oh:22138,train
columbus-oh:10166,train
columbus-oh:26435,train
columbus-oh:26989,train
columbus-oh:33657,train
columbus-oh:23555,train
columbus-oh:33066,train
columbus-oh:22990,train
columbus-oh:2325,train
columbus-oh:19162,train
columbus-oh:1749,train
columbus-oh:29470,train
columbus-oh:32815,train
columbus-oh:26996,train
columbus-oh:1495,train
columbus-oh:24325,train
columbus-oh:14816,train
columbus-oh:7450,train
columbus-oh:11966,train
columbus-oh:25703,train
columbus-oh:7628,train
columbus-oh:22529,train
columbus-oh:20552,train
columbus-oh:15713,train
columbus-oh:554,train
columbus-oh:14867,train
columbus-oh:16242,train
columbus-oh:26867,train
columbus-oh:14824,train
columbus-oh:840,train
columbus-oh:26753,train
columbus-oh:31025,train
columbus-oh:1599,train
columbus-oh:21298,train
columbus-oh:23400,train
columbus-oh:26232,train
columbus-oh:19912,train
columbus-oh:16559,train
columbus-oh:32838,train
columbus-oh:23813,train
columbus-oh:32839,train
columbus-oh:32714,train
columbus-oh:9755,train
columbus-oh:33666,train
columbus-oh:27539,train
columbus-oh:414,train
columbus-oh:20082,train
columbus-oh:23350,train
columbus-oh:27290,train
columbus-oh:23089,train
columbus-oh:29172,train
columbus-oh:33044,train
columbus-oh:1871,train
columbus-oh:15707,train
columbus-oh:35293,train
columbus-oh:14561,train
columbus-oh:27320,train
columbus-oh:31718,train
columbus-oh:29215,train
columbus-oh:6992,train
columbus-oh:604,train
columbus-oh:24590,train
columbus-oh:33641,train
columbus-oh:699,train
columbus-oh:27560,train
columbus-oh:35278,train
columbus-oh:38266,train
columbus-oh:27337,train
columbus-oh:27435,train
columbus-oh:843,train
columbus-oh:18619,train
columbus-oh:16261,train
columbus-oh:29022,train
columbus-oh:20088,train
columbus-oh:118,train
columbus-oh:32602,train
columbus-oh:33614,train
columbus-oh:30741,train
columbus-oh:14850,train
columbus-oh:37098,train
columbus-oh:19803,train
columbus-oh:38818,train
columbus-oh:19408,train
columbus-oh:17004,train
columbus-oh:20546,train
columbus-oh:18388,train
columbus-oh:33036,train
columbus-oh:13816,train
columbus-oh:35525,train
columbus-oh:23824,train
columbus-oh:1254,train
columbus-oh:1139,train
columbus-oh:20699,train
columbus-oh:27504,train
columbus-oh:31668,train
columbus-oh:16385,train
columbus-oh:27222,train
columbus-oh:15171,train
columbus-oh:8875,train
columbus-oh:27357,train
columbus-oh:27091,train
columbus-oh:819,train
columbus-oh:24336,train
columbus-oh:20108,train
columbus-oh:33028,train
columbus-oh:12003,train
columbus-oh:667,train
columbus-oh:15047,train
columbus-oh:22770,train
columbus-oh:16551,train
columbus-oh:27329,train
columbus-oh:27469,train
columbus-oh:9645,train
columbus-oh:11970,train
columbus-oh:38249,train
columbus-oh:1776,train
columbus-oh:27581,train
columbus-oh:26578,train
columbus-oh:32694,train
columbus-oh:26948,train
columbus-oh:666,train
columbus-oh:23356,train
columbus-oh:26798,train
columbus-oh:9646,train
columbus-oh:26999,train
columbus-oh:1832,train
columbus-oh:11040,train
columbus-oh:15660,train
columbus-oh:11238,train
columbus-oh:401,train
columbus-oh:33269,train
columbus-oh:13542,train
columbus-oh:557,train
columbus-oh:190,train
columbus-oh:23071,train
columbus-oh:27373,train
columbus-oh:17959,train
columbus-oh:13611,train
columbus-oh:14670,train
columbus-oh:30935,train
columbus-oh:35219,train
columbus-oh:24376,train
columbus-oh:27279,train
columbus-oh:23811,train
columbus-oh:20625,train
columbus-oh:26589,train
columbus-oh:27412,train
columbus-oh:1830,train
columbus-oh:35244,train
columbus-oh:35434,train
columbus-oh:26947,train
columbus-oh:32837,train
columbus-oh:22324,train
columbus-oh:35283,train
columbus-oh:26906,train
columbus-oh:23412,train
columbus-oh:30934,train
columbus-oh:33196,train
columbus-oh:4070,train
columbus-oh:606,train
columbus-oh:1831,train
columbus-oh:26587,train
columbus-oh:1207,train
columbus-oh:18269,train
columbus-oh:5642,train
columbus-oh:2371,train
columbus-oh:13353,train
columbus-oh:27604,train
columbus-oh:5575,train
columbus-oh:9907,train
columbus-oh:11391,train
columbus-oh:31023,train
columbus-oh:12498,train
columbus-oh:21669,train
columbus-oh:35521,train
columbus-oh:30149,train
columbus-oh:28060,train
columbus-oh:26605,train
columbus-oh:15129,train
columbus-oh:800,train
columbus-oh:1865,train
columbus-oh:26793,train
columbus-oh:29021,train
columbus-oh:22781,train
columbus-oh:1877,train
columbus-oh:24356,train
columbus-oh:26826,train
columbus-oh:14567,train
columbus-oh:5080,train
columbus-oh:19377,train
columbus-oh:1403,train
columbus-oh:23169,train
columbus-oh:16308,train
columbus-oh:10363,train
columbus-oh:26873,train
columbus-oh:660,train
columbus-oh:18390,train
columbus-oh:21734,train
columbus-oh:24784,train
columbus-oh:21874,train
columbus-oh:27613,train
columbus-oh:23886,train
columbus-oh:23343,train
columbus-oh:30983,train
columbus-oh:24048,train
columbus-oh:787,train
columbus-oh:1844,train
columbus-oh:23178,train
columbus-oh:1876,train
columbus-oh:33265,train
columbus-oh:14667,train
columbus-oh:27430,train
columbus-oh:23607,train
columbus-oh:29493,train
columbus-oh:15109,train
columbus-oh:17590,train
columbus-oh:20789,train
columbus-oh:23213,train
columbus-oh:659,train
columbus-oh:19264,train
columbus-oh:4901,train
columbus-oh:759,train
columbus-oh:26593,train
columbus-oh:37109,train
columbus-oh:19160,train
columbus-oh:21464,train
columbus-oh:22487,train
columbus-oh:821,train
columbus-oh:27497,train
columbus-oh:21712,train
columbus-oh:702,train
columbus-oh:18128,train
columbus-oh:42,train
columbus-oh:22774,train
columbus-oh:27284,train
columbus-oh:32949,train
columbus-oh:33206,train
columbus-oh:7623,train
columbus-oh:22143,train
columbus-oh:6945,train
columbus-oh:7951,train
columbus-oh:14644,train
columbus-oh:19163,train
columbus-oh:38811,train
columbus-oh:390,train
columbus-oh:1189,train
columbus-oh:22,train
columbus-oh:23895,train
columbus-oh:23134,train
columbus-oh:23647,train
columbus-oh:117,train
columbus-oh:33633,train
columbus-oh:15123,train
columbus-oh:27078,train
columbus-oh:16106,train
columbus-oh:23534,train
columbus-oh:15656,train
columbus-oh:29181,train
columbus-oh:16317,train
columbus-oh:33216,train
columbus-oh:15725,train
columbus-oh:33264,train
columbus-oh:20906,train
columbus-oh:17677,train
columbus-oh:16626,train
columbus-oh:18991,train
columbus-oh:17005,train
columbus-oh:23070,train
columbus-oh:16377,train
columbus-oh:33054,train
columbus-oh:788,train
columbus-oh:1243,train
columbus-oh:19766,train
columbus-oh:10408,train
columbus-oh:27463,train
columbus-oh:1991,train
columbus-oh:26824,train
columbus-oh:33057,train
columbus-oh:38861,train
columbus-oh:12209,train
columbus-oh:29998,train
columbus-oh:756,train
columbus-oh:17864,train
columbus-oh:9607,train
columbus-oh:22716,train
columbus-oh:14760,train
columbus-oh:16484,train
columbus-oh:19403,train
columbus-oh:810,train
columbus-oh:38883,train
columbus-oh:35426,train
columbus-oh:20553,train
columbus-oh:781,train
columbus-oh:17867,train
columbus-oh:2308,train
columbus-oh:44,train
columbus-oh:23353,train
columbus-oh:22451,train
columbus-oh:26433,train
columbus-oh:27477,train
columbus-oh:19161,train
columbus-oh:33370,train
columbus-oh:13632,train
columbus-oh:10515,train
columbus-oh:18380,train
columbus-oh:739,train
columbus-oh:19261,train
columbus-oh:33204,train
columbus-oh:27928,train
columbus-oh:29597,train
columbus-oh:33219,train
columbus-oh:35256,train
columbus-oh:13410,train
columbus-oh:12042,train
columbus-oh:12575,train
columbus-oh:17509,train
columbus-oh:1425,train
columbus-oh:29595,train
columbus-oh:26943,train
columbus-oh:7726,train
columbus-oh:7393,train
columbus-oh:16891,train
columbus-oh:14563,train
columbus-oh:33210,train
columbus-oh:17229,train
columbus-oh:13545,train
columbus-oh:27482,train
columbus-oh:15204,train
columbus-oh:19961,train
columbus-oh:9303,train
columbus-oh:16307,train
columbus-oh:24733,train
columbus-oh:1755,train
columbus-oh:35294,train
columbus-oh:16985,train
columbus-oh:15550,train
columbus-oh:16987,train
columbus-oh:26820,train
columbus-oh:30766,train
columbus-oh:698,train
columbus-oh:35289,train
columbus-oh:7417,train
columbus-oh:22918,train
columbus-oh:7727,train
columbus-oh:106,train
columbus-oh:11917,train
columbus-oh:33195,train
columbus-oh:33043,train
columbus-oh:22528,train
columbus-oh:33051,train
columbus-oh:1690,train
columbus-oh:29469,train
columbus-oh:8850,train
columbus-oh:6387,train
columbus-oh:31010,train
columbus-oh:33274,train
columbus-oh:13361,train
columbus-oh:32601,train
columbus-oh:5729,train
columbus-oh:14668,train
columbus-oh:664,train
columbus-oh:14560,train
columbus-oh:38862,train
columbus-oh:818,train
columbus-oh:22672,train
columbus-oh:26647,train
columbus-oh:27288,train
columbus-oh:20680,train
columbus-oh:22639,train
columbus-oh:26829,train
columbus-oh:12682,train
columbus-oh:26835,train
columbus-oh:1757,train
columbus-oh:15633,train
columbus-oh:22415,train
columbus-oh:1744,train
columbus-oh:24375,train
columbus-oh:38235,train
columbus-oh:13635,train
columbus-oh:15624,train
columbus-oh:27044,train
columbus-oh:33662,train
columbus-oh:1285,train
columbus-oh:26498,train
columbus-oh:27286,train
columbus-oh:30936,train
columbus-oh:23183,train
columbus-oh:26876,train
columbus-oh:22904,train
columbus-oh:33059,train
columbus-oh:26899,train
columbus-oh:15911,train
columbus-oh:15547,train
columbus-oh:27086,train
columbus-oh:26957,train
columbus-oh:33658,train
columbus-oh:813,train
columbus-oh:17662,train
columbus-oh:964,train
columbus-oh:16960,train
columbus-oh:22632,train
columbus-oh:29473,train
columbus-oh:15026,train
columbus-oh:29179,train
columbus-oh:35513,train
columbus-oh:737,train
columbus-oh:13549,train
columbus-oh:26581,train
columbus-oh:31119,train
columbus-oh:17321,train
columbus-oh:18620,train
columbus-oh:13478,train
columbus-oh:33616,train
columbus-oh:35428,train
columbus-oh:25901,train
columbus-oh:33191,train
columbus-oh:19841,train
columbus-oh:28327,train
columbus-oh:32808,train
columbus-oh:33030,train
columbus-oh:23950,train
columbus-oh:27517,train
columbus-oh:31746,train
columbus-oh:17044,train
columbus-oh:8889,train
columbus-oh:17428,train
columbus-oh:14674,train
columbus-oh:12227,train
columbus-oh:33841,train
columbus-oh:27001,train
columbus-oh:27420,train
columbus-oh:1569,train
columbus-oh:38246,train
columbus-oh:27046,train
columbus-oh:23190,train
columbus-oh:15025,train
columbus-oh:30545,train
columbus-oh:27246,train
columbus-oh:20910,train
columbus-oh:19376,train
columbus-oh:27572,train
columbus-oh:33055,train
columbus-oh:550,train
columbus-oh:31046,train
columbus-oh:33373,train
columbus-oh:14575,train
columbus-oh:6460,train
columbus-oh:665,train
columbus-oh:29387,train
columbus-oh:26752,train
columbus-oh:16344,train
columbus-oh:14813,train
columbus-oh:29170,train
columbus-oh:693,train
columbus-oh:29185,train
columbus-oh:23149,train
columbus-oh:27637,train
columbus-oh:20665,train
columbus-oh:15340,train
columbus-oh:11063,train
columbus-oh:23160,train
columbus-oh:33035,train
columbus-oh:14910,train
columbus-oh:14095,train
columbus-oh:717,train
columbus-oh:17430,train
columbus-oh:30759,train
columbus-oh:27462,train
columbus-oh:35519,train
columbus-oh:23830,train
columbus-oh:15554,train
columbus-oh:13408,train
columbus-oh:10472,train
columbus-oh:33106,train
columbus-oh:27602,train
columbus-oh:7429,train
columbus-oh:29681,train
columbus-oh:27598,train
columbus-oh:814,train
columbus-oh:21609,train
columbus-oh:779,train
columbus-oh:27453,train
columbus-oh:20226,train
columbus-oh:22826,train
columbus-oh:19465,train
columbus-oh:27569,train
columbus-oh:14008,train
columbus-oh:31716,train
columbus-oh:24493,train
columbus-oh:26890,train
columbus-oh:26239,train
columbus-oh:33660,train
columbus-oh:7418,train
columbus-oh:17043,train
columbus-oh:7407,train
columbus-oh:27317,train
columbus-oh:14906,train
columbus-oh:17865,train
columbus-oh:14764,train
columbus-oh:24317,train
columbus-oh:12594,train
columbus-oh:14637,train
columbus-oh:19427,train
columbus-oh:27000,train
columbus-oh:13875,train
columbus-oh:33118,train
columbus-oh:16347,train
columbus-oh:35285,train
columbus-oh:30094,train
columbus-oh:27612,train
columbus-oh:27574,train
columbus-oh:1867,train
columbus-oh:1385,train
columbus-oh:3469,train
columbus-oh:33200,train
columbus-oh:27618,train
columbus-oh:24613,train
columbus-oh:33275,train
columbus-oh:37099,train
columbus-oh:27316,train
columbus-oh:6085,train
columbus-oh:22455,train
columbus-oh:27498,train
columbus-oh:1368,train
columbus-oh:12697,train
columbus-oh:28455,train
columbus-oh:14003,train
columbus-oh:33056,train
columbus-oh:33162,train
columbus-oh:24902,train
columbus-oh:27262,train
columbus-oh:13626,train
columbus-oh:31914,train
columbus-oh:32766,train
columbus-oh:556,train
columbus-oh:17660,train
columbus-oh:13958,train
columbus-oh:16884,train
columbus-oh:1778,train
columbus-oh:33218,train
columbus-oh:29774,train
columbus-oh:29187,train
columbus-oh:1754,train
columbus-oh:31703,train
columbus-oh:28059,train
columbus-oh:30743,train
columbus-oh:19503,train
columbus-oh:1691,train
columbus-oh:13359,train
columbus-oh:22824,train
columbus-oh:21794,train
columbus-oh:11357,train
columbus-oh:19384,train
columbus-oh:13833,train
columbus-oh:26998,train
columbus-oh:14109,train
columbus-oh:21392,train
columbus-oh:27605,train
columbus-oh:27460,train
columbus-oh:20094,train
columbus-oh:743,train
columbus-oh:403,train
columbus-oh:15012,train
columbus-oh:38254,train
columbus-oh:14857,train
columbus-oh:38822,train
columbus-oh:16881,train
columbus-oh:33065,train
columbus-oh:13569,train
columbus-oh:23154,train
columbus-oh:22367,train
columbus-oh:994,train
columbus-oh:27004,train
columbus-oh:121,train
columbus-oh:38816,train
columbus-oh:26612,train
columbus-oh:14643,train
columbus-oh:15011,train
columbus-oh:14553,train
columbus-oh:551,train
columbus-oh:17453,train
columbus-oh:33031,train
columbus-oh:20177,train
columbus-oh:23172,train
columbus-oh:16558,train
columbus-oh:27480,train
columbus-oh:33207,train
columbus-oh:30972,train
columbus-oh:27062,train
columbus-oh:17413,train
columbus-oh:35295,train
columbus-oh:812,train
columbus-oh:16555,train
columbus-oh:27483,train
columbus-oh:15548,train
columbus-oh:26994,train
columbus-oh:10278,train
columbus-oh:15625,train
columbus-oh:24741,train
columbus-oh:1138,train
columbus-oh:27040,train
columbus-oh:32579,train
columbus-oh:815,train
columbus-oh:21173,train
columbus-oh:13548,train
columbus-oh:25695,train
columbus-oh:23087,train
columbus-oh:713,train
columbus-oh:23594,train
columbus-oh:13412,train
columbus-oh:33190,train
columbus-oh:19383,train
columbus-oh:806,train
columbus-oh:22907,train
columbus-oh:23300,train
columbus-oh:10697,train
columbus-oh:26884,train
columbus-oh:15103,train
columbus-oh:119,train
columbus-oh:14145,train
columbus-oh:27105,train
columbus-oh:18387,train
columbus-oh:26878,train
columbus-oh:24,train
columbus-oh:27323,train
columbus-oh:291,train
columbus-oh:31099,train
columbus-oh:26709,train
columbus-oh:1616,train
columbus-oh:23860,train
columbus-oh:1439,train
columbus-oh:23605,train
columbus-oh:23142,train
columbus-oh:28481,train
columbus-oh:15731,train
columbus-oh:31013,train
columbus-oh:37108,train
columbus-oh:8901,train
columbus-oh:27241,train
columbus-oh:33359,train
columbus-oh:33620,train
columbus-oh:33267,train
columbus-oh:23171,train
columbus-oh:694,train
columbus-oh:26065,train
columbus-oh:14775,train
columbus-oh:16880,train
columbus-oh:16257,train
columbus-oh:14819,train
columbus-oh:844,train
columbus-oh:27243,train
columbus-oh:15769,train
columbus-oh:17357,train
columbus-oh:38916,train
columbus-oh:1437,train
columbus-oh:17962,train
columbus-oh:1488,train
columbus-oh:22740,train
columbus-oh:1047,train
columbus-oh:20225,train
columbus-oh:32816,train
columbus-oh:12312,train
columbus-oh:13313,train
columbus-oh:33026,train
columbus-oh:33636,train
columbus-oh:17397,train
columbus-oh:26858,train
columbus-oh:24333,train
columbus-oh:35397,train
columbus-oh:17230,train
columbus-oh:1544,train
columbus-oh:35343,train
columbus-oh:22700,train
columbus-oh:27358,train
columbus-oh:16249,train
columbus-oh:4301,train
columbus-oh:38909,train
columbus-oh:1774,train
columbus-oh:809,train
columbus-oh:27938,train
columbus-oh:11487,train
columbus-oh:14772,train
columbus-oh:20677,train
columbus-oh:26971,train
columbus-oh:29599,train
columbus-oh:19409,train
columbus-oh:22486,train
columbus-oh:12493,train
columbus-oh:20084,train
columbus-oh:1575,train
columbus-oh:29188,train
columbus-oh:33585,train
columbus-oh:26859,train
columbus-oh:12458,train
columbus-oh:1455,train
columbus-oh:3766,train
columbus-oh:13477,train
columbus-oh:738,train
columbus-oh:19445,train
columbus-oh:13544,train
columbus-oh:15903,train
columbus-oh:1251,train
columbus-oh:1184,train
columbus-oh:22997,train
columbus-oh:24921,train
columbus-oh:2489,train
columbus-oh:33834,train
columbus-oh:31011,train
columbus-oh:22807,train
columbus-oh:33472,train
columbus-oh:1773,train
columbus-oh:22924,train
columbus-oh:8708,train
columbus-oh:15765,train
columbus-oh:391,train
columbus-oh:16608,train
columbus-oh:31355,train
columbus-oh:9048,train
columbus-oh:27601,train
columbus-oh:11787,train
columbus-oh:24341,train
columbus-oh:24385,train
columbus-oh:1873,train
columbus-oh:38920,train
columbus-oh:728,train
columbus-oh:33363,train
columbus-oh:18089,train
columbus-oh:16438,train
columbus-oh:23166,train
columbus-oh:16892,train
columbus-oh:1846,train
columbus-oh:35314,train
columbus-oh:28468,train
columbus-oh:31008,train
columbus-oh:715,train
columbus-oh:24389,train
columbus-oh:1379,train
columbus-oh:1860,train
columbus-oh:23520,train
columbus-oh:35315,train
columbus-oh:26799,train
columbus-oh:27325,train
columbus-oh:27614,train
columbus-oh:33160,train
columbus-oh:1756,train
columbus-oh:33159,train
columbus-oh:33032,train
columbus-oh:35337,train
columbus-oh:107,train
columbus-oh:24629,train
columbus-oh:17512,train
columbus-oh:15168,train
columbus-oh:32713,train
columbus-oh:29182,train
columbus-oh:23177,train
columbus-oh:8848,train
columbus-oh:32811,train
columbus-oh:30008,train
columbus-oh:26881,train
columbus-oh:22606,train
columbus-oh:35267,train
columbus-oh:29591,train
columbus-oh:22887,train
columbus-oh:27041,train
columbus-oh:26856,train
columbus-oh:23521,train
columbus-oh:839,train
columbus-oh:23615,train
columbus-oh:8597,train
columbus-oh:16381,train
columbus-oh:928,train
columbus-oh:35425,train
columbus-oh:22818,train
columbus-oh:13612,train
columbus-oh:27599,train
columbus-oh:29603,train
columbus-oh:26840,train
columbus-oh:25380,train
columbus-oh:22608,train
columbus-oh:8882,train
columbus-oh:33665,train
columbus-oh:1781,train
columbus-oh:13406,train
columbus-oh:24295,train
columbus-oh:16563,train
columbus-oh:33619,train
columbus-oh:26816,train
columbus-oh:26812,train
columbus-oh:7296,train
columbus-oh:27292,train
columbus-oh:38262,train
columbus-oh:9378,train
columbus-oh:31351,train
columbus-oh:38251,train
columbus-oh:22961,train
columbus-oh:13411,train
columbus-oh:26639,train
columbus-oh:27562,train
columbus-oh:29474,train
columbus-oh:740,train
columbus-oh:1870,train
columbus-oh:28784,train
columbus-oh:22341,train
columbus-oh:30938,train
columbus-oh:774,train
columbus-oh:19569,train
columbus-oh:23533,train
columbus-oh:17326,train
columbus-oh:27432,train
columbus-oh:33061,train
columbus-oh:17661,train
columbus-oh:17868,train
columbus-oh:33583,train
columbus-oh:14414,train
columbus-oh:23361,train
columbus-oh:26773,train
columbus-oh:18180,train
columbus-oh:32697,train
columbus-oh:36977,train
columbus-oh:23815,train
columbus-oh:15724,train
columbus-oh:32810,train
columbus-oh:30765,train
columbus-oh:33360,train
columbus-oh:22922,train
columbus-oh:24141,train
columbus-oh:19763,train
columbus-oh:299,train
columbus-oh:30691,train
columbus-oh:23377,train
columbus-oh:10113,train
columbus-oh:27251,train
columbus-oh:30970,train
columbus-oh:33197,train
columbus-oh:33205,train
columbus-oh:16480,train
columbus-oh:13409,train
columbus-oh:14809,train
columbus-oh:26847,train
columbus-oh:15125,train
columbus-oh:8761,train
columbus-oh:33362,train
columbus-oh:5555,train
columbus-oh:32836,train
columbus-oh:35280,train
columbus-oh:17040,train
columbus-oh:1513,train
columbus-oh:24051,train
columbus-oh:10972,train
columbus-oh:26818,train
columbus-oh:558,train
columbus-oh:23261,train
columbus-oh:33047,train
columbus-oh:10255,train
columbus-oh:13656,train
columbus-oh:26819,train
columbus-oh:16941,train
columbus-oh:15889,train
columbus-oh:23518,train
columbus-oh:28949,train
columbus-oh:35432,train
columbus-oh:6076,train
columbus-oh:17217,train
columbus-oh:33643,train
columbus-oh:1489,train
columbus-oh:16691,train
columbus-oh:35518,train
columbus-oh:22602,train
columbus-oh:1863,train
columbus-oh:12139,train
columbus-oh:27484,train
columbus-oh:15024,train
columbus-oh:23072,train
columbus-oh:1348,train
columbus-oh:8702,train
columbus-oh:35233,train
columbus-oh:22022,train
columbus-oh:13614,train
columbus-oh:27592,train
columbus-oh:35505,train
columbus-oh:33215,train
columbus-oh:26845,train
columbus-oh:2345,train
columbus-oh:1372,train
columbus-oh:27593,train
columbus-oh:33372,train
columbus-oh:10336,train
columbus-oh:19815,train
columbus-oh:26851,train
columbus-oh:27322,train
columbus-oh:22910,train
columbus-oh:27264,train
columbus-oh:33838,train
columbus-oh:1768,train
columbus-oh:8340,train
columbus-oh:1698,train
columbus-oh:13963,train
columbus-oh:16878,train
columbus-oh:16255,train
columbus-oh:4258,train
columbus-oh:22645,train
columbus-oh:33180,train
columbus-oh:15716,train
columbus-oh:35514,train
columbus-oh:811,train
columbus-oh:1759,train
columbus-oh:1901,train
columbus-oh:19870,train
columbus-oh:20681,train
columbus-oh:27610,train
columbus-oh:27042,train
columbus-oh:33261,train
columbus-oh:21305,train
columbus-oh:409,train
columbus-oh:33473,train
columbus-oh:30939,train
columbus-oh:27319,train
columbus-oh:14164,train
columbus-oh:16607,train
columbus-oh:12011,train
columbus-oh:30763,train
columbus-oh:716,train
columbus-oh:805,train
columbus-oh:1857,train
columbus-oh:26855,train
columbus-oh:33161,train
columbus-oh:33107,train
columbus-oh:411,train
columbus-oh:1834,train
columbus-oh:25704,train
columbus-oh:26898,train
columbus-oh:6769,train
columbus-oh:26644,train
columbus-oh:33060,train
columbus-oh:27586,train
columbus-oh:22358,train
columbus-oh:27298,train
columbus-oh:16889,train
columbus-oh:33631,train
columbus-oh:27940,train
columbus-oh:31405,train
columbus-oh:1874,train
columbus-oh:33046,train
columbus-oh:31354,train
columbus-oh:726,train
columbus-oh:23088,train
columbus-oh:21873,train
columbus-oh:23067,train
columbus-oh:22485,train
columbus-oh:26987,train
columbus-oh:741,train
columbus-oh:191,train
columbus-oh:26588,train
columbus-oh:15717,train
columbus-oh:27273,train
columbus-oh:24047,train
columbus-oh:23772,train
columbus-oh:26809,train
cdmx:4928,train
cdmx:5502,train
cdmx:5675,train
cdmx:1350,train
cdmx:7570,train
cdmx:5269,train
cdmx:5312,train
cdmx:4700,train
cdmx:3522,train
cdmx:3817,train
cdmx:2355,train
cdmx:2446,train
cdmx:7287,train
cdmx:6225,train
cdmx:7155,train
cdmx:7316,train
cdmx:5032,train
cdmx:5429,train
cdmx:7331,train
cdmx:6236,train
cdmx:5445,train
cdmx:3001,train
cdmx:7209,train
cdmx:2804,train
cdmx:7351,train
cdmx:5677,train
cdmx:4605,train
cdmx:4780,train
cdmx:1751,train
cdmx:7332,train
cdmx:5128,train
cdmx:7566,train
cdmx:4449,train
cdmx:3993,train
cdmx:1914,train
cdmx:7545,train
cdmx:2390,train
cdmx:272,train
cdmx:990,train
cdmx:4863,train
cdmx:7113,train
cdmx:3490,train
cdmx:3572,train
cdmx:5533,train
cdmx:3135,train
cdmx:1433,train
cdmx:4170,train
cdmx:5295,train
cdmx:6094,train
cdmx:5888,train
cdmx:33126,train
cdmx:5294,train
cdmx:7430,train
cdmx:5387,train
cdmx:333,train
cdmx:7274,train
cdmx:3022,train
cdmx:1907,train
cdmx:5440,train
cdmx:4332,train
cdmx:7324,train
cdmx:7102,train
cdmx:7559,train
cdmx:6976,train
cdmx:3015,train
cdmx:7565,train
cdmx:34368,train
cdmx:4008,train
cdmx:6042,train
cdmx:7085,train
cdmx:7222,train
cdmx:7273,train
cdmx:5235,train
cdmx:2988,train
cdmx:1010,train
cdmx:7502,train
cdmx:1342,train
cdmx:2948,train
cdmx:7120,train
cdmx:539,train
cdmx:3677,train
cdmx:2411,train
cdmx:4975,train
cdmx:6086,train
cdmx:3397,train
cdmx:6175,train
cdmx:7238,train
cdmx:7306,train
cdmx:7361,train
cdmx:7593,train
cdmx:5153,train
cdmx:4701,train
cdmx:1268,train
cdmx:7277,train
cdmx:7594,train
cdmx:991,train
cdmx:7221,train
cdmx:296,train
cdmx:2179,train
cdmx:6807,train
cdmx:6447,train
cdmx:5887,train
cdmx:4777,train
cdmx:7473,train
cdmx:6230,train
cdmx:4026,train
cdmx:5580,train
cdmx:854,train
cdmx:3887,train
cdmx:1194,train
cdmx:6176,train
cdmx:6129,train
cdmx:3587,train
cdmx:7633,train
cdmx:853,train
cdmx:5453,train
cdmx:7104,train
cdmx:7335,train
cdmx:6210,train
cdmx:2872,train
cdmx:623,train
cdmx:6011,train
cdmx:1983,train
cdmx:1609,train
cdmx:5546,train
cdmx:1936,train
cdmx:294,train
cdmx:3995,train
cdmx:4803,train
cdmx:1986,train
cdmx:2089,train
cdmx:1190,train
cdmx:1208,train
cdmx:6058,train
cdmx:5665,train
cdmx:4140,train
cdmx:5456,train
cdmx:5093,train
cdmx:7476,train
cdmx:3588,train
cdmx:7598,train
cdmx:5402,train
cdmx:5311,train
cdmx:5926,train
cdmx:3711,train
cdmx:33107,train
cdmx:6358,train
cdmx:2081,train
cdmx:6400,train
cdmx:7217,train
cdmx:7305,train
cdmx:837,train
cdmx:5227,train
cdmx:4340,train
cdmx:1985,train
cdmx:4452,train
cdmx:5231,train
cdmx:7350,train
cdmx:1653,train
cdmx:5163,train
cdmx:7062,train
cdmx:5995,train
cdmx:1968,train
cdmx:2365,train
cdmx:1514,train
cdmx:6193,train
cdmx:5236,train
cdmx:11525,train
cdmx:7144,train
cdmx:4716,train
cdmx:7115,train
cdmx:11591,train
cdmx:3489,train
cdmx:7184,train
cdmx:3398,train
cdmx:5133,train
cdmx:3310,train
cdmx:1434,train
cdmx:2329,train
cdmx:1427,train
cdmx:7225,train
cdmx:1346,train
cdmx:3953,train
cdmx:7494,train
cdmx:7629,train
cdmx:5849,train
cdmx:2178,train
cdmx:7520,train
cdmx:5673,train
cdmx:31505,train
cdmx:2456,train
cdmx:6984,train
cdmx:6174,train
cdmx:7474,train
cdmx:5189,train
cdmx:7634,train
cdmx:7580,train
cdmx:3712,train
cdmx:7042,train
cdmx:7360,train
cdmx:7272,train
cdmx:6053,train
cdmx:5399,train
cdmx:1951,train
cdmx:4451,train
cdmx:4342,train
cdmx:30711,train
cdmx:5914,train
cdmx:6446,train
cdmx:385,train
cdmx:2980,train
cdmx:6170,train
cdmx:2154,train
cdmx:5866,train
cdmx:6833,train
cdmx:4323,train
cdmx:7408,train
cdmx:5455,train
cdmx:4861,train
cdmx:4927,train
cdmx:2701,train
cdmx:7119,train
cdmx:6153,train
cdmx:5886,train
cdmx:2777,train
cdmx:6087,train
cdmx:7597,train
cdmx:7626,train
cdmx:7212,train
cdmx:2744,train
cdmx:1418,train
cdmx:5449,train
cdmx:4553,train
cdmx:3523,train
cdmx:3710,train
cdmx:3566,train
cdmx:7286,train
cdmx:1782,train
cdmx:39,train
cdmx:26062,train
cdmx:7534,train
cdmx:6319,train
cdmx:2283,train
cdmx:6135,train
cdmx:7232,train
cdmx:3487,train
cdmx:2942,train
cdmx:7630,train
cdmx:1078,train
cdmx:4867,train
cdmx:523,train
cdmx:5464,train
cdmx:3053,train
cdmx:6138,train
cdmx:4038,train
cdmx:3905,train
cdmx:7018,train
cdmx:5997,train
cdmx:5854,train
cdmx:3431,train
cdmx:689,train
cdmx:7338,train
cdmx:5343,train
cdmx:5104,train
cdmx:3381,train
cdmx:1645,train
cdmx:2698,train
cdmx:1902,train
cdmx:2090,train
cdmx:4566,train
cdmx:7091,train
cdmx:4831,train
cdmx:2359,train
cdmx:17158,train
cdmx:7776,train
cdmx:6811,train
cdmx:7536,train
cdmx:4829,train
cdmx:15288,train
cdmx:6506,train
cdmx:5998,train
cdmx:3645,train
cdmx:7121,train
cdmx:6847,train
cdmx:4802,train
cdmx:2972,train
cdmx:7318,train
cdmx:6856,train
cdmx:6956,train
cdmx:4824,train
cdmx:7197,train
cdmx:4333,train
cdmx:4822,train
cdmx:7333,train
cdmx:4683,train
cdmx:5129,train
cdmx:5357,train
cdmx:2305,train
cdmx:1467,train
cdmx:4828,train
cdmx:5666,train
cdmx:4902,train
cdmx:33199,train
cdmx:3010,train
cdmx:3893,train
cdmx:7327,train
cdmx:7227,train
cdmx:1835,train
cdmx:5432,train
cdmx:6987,train
cdmx:2448,train
cdmx:6158,train
cdmx:6172,train
cdmx:6047,train
cdmx:1343,train
cdmx:5462,train
cdmx:6044,train
cdmx:7293,train
cdmx:5302,train
cdmx:4963,train
cdmx:3816,train
cdmx:24940,train
cdmx:3130,train
cdmx:14842,train
cdmx:3006,train
cdmx:3561,train
cdmx:3571,train
cdmx:1348,train
cdmx:6061,train
cdmx:3002,train
cdmx:7151,train
cdmx:34640,train
cdmx:5161,train
cdmx:6997,train
cdmx:5993,train
cdmx:6018,train
cdmx:7251,train
cdmx:5270,train
cdmx:695,train
cdmx:7208,train
cdmx:6050,train
cdmx:5534,train
cdmx:5400,train
cdmx:6370,train
cdmx:4933,train
cdmx:7290,train
cdmx:7109,train
cdmx:3311,train
cdmx:5448,train
cdmx:5461,train
cdmx:2413,train
cdmx:4281,train
cdmx:6743,train
cdmx:7125,train
cdmx:7635,train
cdmx:5437,train
cdmx:5527,train
cdmx:7497,train
cdmx:4191,train
cdmx:7547,train
cdmx:2453,train
cdmx:5850,train
cdmx:5348,train
cdmx:1339,train
cdmx:6318,train
cdmx:7110,train
cdmx:2627,train
cdmx:5397,train
cdmx:1738,train
cdmx:4447,train
cdmx:2014,train
cdmx:1856,train
cdmx:5401,train
cdmx:1946,train
cdmx:4718,train
cdmx:7236,train
cdmx:7235,train
cdmx:7323,train
cdmx:33106,train
cdmx:4899,train
cdmx:2102,train
cdmx:7126,train
cdmx:6829,train
cdmx:33215,train
cdmx:4331,train
cdmx:1465,train
cdmx:7116,train
cdmx:18835,train
cdmx:7533,train
cdmx:7006,train
cdmx:1000,train
cdmx:4643,train
cdmx:7103,train
cdmx:6571,train
cdmx:7407,train
cdmx:2925,train
cdmx:6969,train
cdmx:6185,train
cdmx:5679,train
spgg:19287,train
spgg:87428,train
spgg:63598,train
spgg:75978,train
spgg:1207,train
spgg:77139,train
spgg:29796,train
spgg:28861,train
spgg:78051,train
spgg:51822,train
spgg:52297,train
spgg:48997,train
spgg:56856,train
spgg:90438,train
spgg:41,train
spgg:2897,train
spgg:15077,train
spgg:45855,train
spgg:7450,train
spgg:85289,train
spgg:22197,train
spgg:15180,train
spgg:76353,train
spgg:1250,train
spgg:72446,train
spgg:19791,train
spgg:51134,train
spgg:75777,train
spgg:23209,train
spgg:24038,train
spgg:69522,train
spgg:58203,train
spgg:5397,train
spgg:40451,train
spgg:15854,train
spgg:76519,train
spgg:4983,train
spgg:18905,train
spgg:1004,train
spgg:83042,train
spgg:66402,train
spgg:2107,train
spgg:69652,train
spgg:3470,train
spgg:49013,train
spgg:26969,train
spgg:25993,train
spgg:11888,train
spgg:6256,train
spgg:3553,train
spgg:69637,train
spgg:5488,train
spgg:18911,train
spgg:54509,train
spgg:75711,train
spgg:77811,train
spgg:57005,train
spgg:51301,train
spgg:11767,train
spgg:76521,train
spgg:78024,train
spgg:18902,train
spgg:26667,train
spgg:17688,train
spgg:64052,train
spgg:63009,train
spgg:50349,train
spgg:87015,train
spgg:20568,train
spgg:9421,train
spgg:46732,train
spgg:56975,train
spgg:51140,train
spgg:49237,train
spgg:73678,train
spgg:61014,train
spgg:77319,train
spgg:29688,train
spgg:5790,train
spgg:16240,train
spgg:73720,train
spgg:57338,train
spgg:82898,train
spgg:3647,train
spgg:76600,train
spgg:167,train
spgg:79367,train
spgg:17254,train
spgg:93604,train
spgg:22165,train
spgg:53875,train
spgg:18503,train
spgg:8750,train
spgg:22970,train
spgg:56886,train
spgg:56864,train
spgg:107760,train
spgg:26468,train
spgg:11,train
spgg:45818,train
spgg:78052,train
spgg:71442,train
spgg:56855,train
spgg:47571,train
spgg:51143,train
spgg:64156,train
spgg:16153,train
spgg:26404,train
spgg:50076,train
spgg:76331,train
spgg:91640,train
spgg:17176,train
spgg:6221,train
spgg:75959,train
spgg:76601,train
spgg:90476,train
spgg:51819,train
spgg:54482,train
spgg:166,train
spgg:56686,train
spgg:51338,train
spgg:9184,train
spgg:43981,train
spgg:7145,train
spgg:96029,train
spgg:16220,train
spgg:18899,train
spgg:13980,train
spgg:73677,train
spgg:104308,train
spgg:6048,train
spgg:6225,train
spgg:104731,train
spgg:77557,train
spgg:26442,train
spgg:4204,train
spgg:23761,train
spgg:1251,train
spgg:1804,train
spgg:1247,train
spgg:3759,train
spgg:1204,train
spgg:63463,train
spgg:57416,train
spgg:17686,train
spgg:77151,train
spgg:18920,train
spgg:9500,train
spgg:73719,train
spgg:99004,train
spgg:87106,train
spgg:83242,train
spgg:3013,train
spgg:8807,train
spgg:69737,train
spgg:77274,train
spgg:77554,train
spgg:16199,train
spgg:50528,train
spgg:7910,train
spgg:77974,train
spgg:31430,train
spgg:22,train
spgg:17338,train
spgg:64493,train
spgg:86314,train
spgg:79356,train
spgg:76528,train
spgg:19098,train
spgg:893,train
spgg:6261,train
spgg:19397,train
spgg:56884,train
spgg:8551,train
spgg:54613,train
spgg:12320,train
spgg:5406,train
spgg:42913,train
spgg:27203,train
spgg:29709,train
spgg:27840,train
spgg:51339,train
spgg:8808,train
spgg:3285,train
spgg:50687,train
spgg:54077,train
spgg:17752,train
spgg:58015,train
spgg:74738,train
spgg:26485,train
spgg:75932,train
spgg:10258,train
spgg:76552,train
spgg:27205,train
spgg:51821,train
spgg:14802,train
spgg:23126,train
spgg:51020,train
spgg:21334,train
spgg:53902,train
spgg:58154,train
spgg:51727,train
spgg:23141,train
spgg:3288,train
spgg:77224,train
spgg:23652,train
spgg:53900,train
spgg:69524,train
spgg:56580,train
spgg:55135,train
spgg:26465,train
spgg:40410,train
spgg:65684,train
spgg:3673,train
spgg:24590,train
spgg:55041,train
spgg:76551,train
spgg:77700,train
spgg:68554,train
spgg:50616,train
spgg:26098,train
spgg:14902,train
spgg:87976,train
spgg:31195,train
spgg:14997,train
spgg:15172,train
spgg:17260,train
spgg:43959,train
spgg:6219,train
spgg:8296,train
spgg:48824,train
spgg:18898,train
spgg:15057,train
spgg:56543,train
spgg:14459,train
spgg:69528,train
spgg:64135,train
spgg:48797,train
spgg:1430,train
spgg:8791,train
spgg:64492,train
spgg:29294,train
spgg:8612,train
spgg:64520,train
spgg:26480,train
spgg:21558,train
spgg:67002,train
spgg:73686,train
spgg:67054,train
spgg:48613,train
spgg:77973,train
spgg:39188,train
spgg:47572,train
spgg:44236,train
spgg:51018,train
spgg:17834,train
spgg:13707,train
spgg:48796,train
spgg:49403,train
spgg:25803,train
spgg:22395,train
spgg:3284,train
spgg:7860,train
spgg:76303,train
spgg:15096,train
spgg:5424,train
spgg:69130,train
spgg:18913,train
spgg:58936,train
spgg:76544,train
spgg:11889,train
spgg:5601,train
spgg:96789,train
spgg:50155,train
spgg:30539,train
spgg:98718,train
spgg:87476,train
spgg:22366,train
spgg:27752,train
spgg:2858,train
spgg:12248,train
spgg:64050,train
spgg:22363,train
spgg:6799,train
spgg:26483,train
spgg:51135,train
spgg:53869,train
spgg:69190,train
spgg:59244,train
spgg:97192,train
spgg:6260,train
spgg:78053,train
spgg:1246,train
spgg:6226,train
spgg:56854,train
spgg:5403,train
spgg:50150,train
spgg:75056,train
spgg:10262,train
spgg:66588,train
spgg:24039,train
spgg:54589,train
spgg:18906,train
spgg:37040,train
spgg:73683,train
spgg:8806,train
spgg:54481,train
spgg:56590,train
spgg:78855,train
spgg:8150,train
spgg:18914,train
spgg:57340,train
spgg:53619,train
spgg:11855,train
spgg:71946,train
spgg:19008,train
spgg:53952,train
spgg:15076,train
spgg:88804,train
spgg:17032,train
spgg:15098,train
spgg:5404,train
spgg:16189,train
spgg:46419,train
spgg:76325,train
spgg:76311,train
spgg:77229,train
spgg:2402,train
spgg:17261,train
spgg:73684,train
spgg:2581,train
spgg:3725,train
spgg:13706,train
spgg:15163,train
spgg:100142,train
spgg:44,train
spgg:70218,train
spgg:77890,train
spgg:19803,train
spgg:64748,train
spgg:57010,train
spgg:908,train
spgg:3645,train
spgg:53206,train
spgg:19399,train
spgg:8676,train
spgg:1959,train
spgg:7985,train
spgg:57282,train
spgg:16147,train
spgg:63749,train
spgg:7160,train
spgg:4584,train
spgg:54570,train
spgg:50154,train
spgg:27750,train
spgg:26967,train
spgg:6278,train
