filename,city,label_id,pano_id,pano_in_train,nearest_train_m,missing-tactile-warning,narrow,not-enough-landing-space,not-level-with-street,parallel-lines,points-into-traffic,pooled-water,steep,surface-problem,tactile-warning,prob:missing-tactile-warning,prob:narrow,prob:not-enough-landing-space,prob:not-level-with-street,prob:parallel-lines,prob:points-into-traffic,prob:pooled-water,prob:steep,prob:surface-problem,prob:tactile-warning
pittsburgh-pa__9291__fov25px57.jpg,pittsburgh-pa,9291,P8PA9bXlPnei1v7MNChLGQ,True,12.358181,1,0,0,0,0,1,0,0,0,0,0.992205,0.0,1.8e-05,1e-06,0.0,6.6e-05,2e-06,0.0,0.0,0.0
pittsburgh-pa__10833__fov25px57.jpg,pittsburgh-pa,10833,fHEg62KQBAHbpNK1uEIsNg,False,75.966976,1,0,0,0,0,1,0,0,0,0,0.999905,7e-06,8.6e-05,0.0,0.0,1.2e-05,1e-06,0.0,8e-06,0.0
pittsburgh-pa__15469__fov25px57.jpg,pittsburgh-pa,15469,PMdtMPANZH9M4nbLWIfIkA,True,2.481074,0,0,0,0,0,0,0,0,0,0,0.0,3e-06,0.0,0.0,0.0,0.000309,0.0,0.0,0.0,4e-06
pittsburgh-pa__14532__fov25px57.jpg,pittsburgh-pa,14532,zb8poYJHvbJZ3cz8-AHcOg,True,14.156683,1,0,0,1,0,0,0,0,1,0,0.058804,0.0,3e-06,5e-06,0.0,0.0,0.0,0.0,8e-06,0.0
pittsburgh-pa__11619__fov25px57.jpg,pittsburgh-pa,11619,Kt9_aJYTCtMPO--E-UwpHQ,False,13.780798,0,0,1,0,0,0,0,0,0,0,0.002092,0.000826,9e-06,0.0,0.0,0.0,1e-06,1e-06,0.0,0.0
pittsburgh-pa__6684__fov25px57.jpg,pittsburgh-pa,6684,jIxBX30SWOeWh2vSzY2Qaw,False,81.466856,1,0,1,0,0,0,0,0,1,0,0.999942,8.3e-05,0.001893,0.001514,0.0,1e-06,6.8e-05,1.1e-05,0.999946,0.0
pittsburgh-pa__4076__fov25px57.jpg,pittsburgh-pa,4076,EHrsbFMdudQ9R7C42oGSVA,True,23.503951,1,0,1,0,0,1,0,0,0,0,0.999987,0.000435,0.0,2e-06,0.0,0.131103,6e-06,1e-06,0.000358,0.0
pittsburgh-pa__6073__fov25px57.jpg,pittsburgh-pa,6073,W8PsYCxlq4czfZU3DxR_xA,False,2.216819,0,0,0,0,0,1,1,0,0,0,0.000197,0.0,0.0,0.000101,0.0,0.0,6.5e-05,0.0,3.1e-05,0.0
pittsburgh-pa__16216__fov25px57.jpg,pittsburgh-pa,16216,4TGGGwjI4WsB4j84W8wv8w,True,5.590734,0,0,0,0,0,0,0,0,0,0,1.2e-05,1e-06,0.001877,4e-05,0.0,0.000319,0.000112,3.1e-05,1e-06,0.0
pittsburgh-pa__11848__fov25px57.jpg,pittsburgh-pa,11848,lwaDaoMyPG5WH13VsDyOQQ,False,232.910896,1,0,0,0,0,1,0,0,0,0,0.999999,1e-06,0.0,0.001484,0.0,0.000533,1e-06,0.0,5.4e-05,0.0
pittsburgh-pa__11614__fov25px57.jpg,pittsburgh-pa,11614,N-cim7QB57Qt8Ohb0NnFHQ,False,17.875251,0,1,0,0,0,0,0,0,0,0,3e-06,0.0,1e-06,1e-06,0.0,4e-06,2e-06,0.0,0.0,3e-06
pittsburgh-pa__16389__fov25px57.jpg,pittsburgh-pa,16389,Xwd7-oKBDCaMWHq0Ate5Iw,True,11.71689,0,0,0,1,0,0,0,0,0,0,2.4e-05,0.0,0.0,0.0,0.0,2.8e-05,1e-06,0.0,1e-06,1e-06
pittsburgh-pa__12779__fov25px57.jpg,pittsburgh-pa,12779,_OdbzsfGYr5OazXXaqNHSA,False,4.003635,1,0,0,1,0,1,0,0,0,0,0.999981,0.0,3.3e-05,0.000244,0.0,8e-06,1.9e-05,5e-06,0.0,0.0
pittsburgh-pa__15285__fov25px57.jpg,pittsburgh-pa,15285,Io9btWNn_Clbt1Hv76wnMw,True,9.391966,1,0,0,1,0,1,0,0,0,0,0.999996,0.965628,8e-05,3.6e-05,0.0,0.0,3e-06,1.2e-05,0.000605,0.0
pittsburgh-pa__11038__fov25px57.jpg,pittsburgh-pa,11038,YMnn390W-O64Sg6CoKsMHg,False,340.435796,1,0,0,0,0,0,0,0,0,0,0.999991,3e-06,0.0,0.000212,0.0,0.000194,2e-06,0.000297,0.017944,0.0
pittsburgh-pa__15444__fov25px57.jpg,pittsburgh-pa,15444,NK-JJYgNdkrespLgCee72Q,True,4.939189,0,0,0,0,0,1,0,0,0,0,0.0,1e-06,0.0,4e-06,0.0,0.000149,1e-06,0.0,0.0,3e-06
pittsburgh-pa__15082__fov25px57.jpg,pittsburgh-pa,15082,nxLdl08ZuNAdps_MFcTDLA,True,0.957,1,0,0,0,0,0,0,0,1,0,0.999959,1.1e-05,2.4e-05,0.008421,0.0,1.5e-05,0.0,0.000147,6e-05,0.0
pittsburgh-pa__9263__fov25px57.jpg,pittsburgh-pa,9263,QkxTcm5qgfQjq_4wDhLOvg,False,20.431755,0,0,1,0,0,1,0,0,0,0,0.007649,0.0,0.0,0.000278,0.0,0.636334,0.0,0.0,2e-06,0.0
pittsburgh-pa__16460__fov25px57.jpg,pittsburgh-pa,16460,iexp44g8aogv85pdfacNRA,True,5.493266,0,0,0,0,0,0,0,0,0,0,1e-06,6e-06,0.0,3e-06,0.0,1.1e-05,2e-06,0.0,0.0,1e-06
pittsburgh-pa__10750__fov25px57.jpg,pittsburgh-pa,10750,cSzu9WUKATMqH-fYqjtmNQ,False,43.656312,1,0,0,0,0,0,0,0,0,0,0.920228,2.4e-05,1e-06,4e-06,0.0,0.0,3.8e-05,5.6e-05,0.000281,0.0
pittsburgh-pa__6310__fov25px57.jpg,pittsburgh-pa,6310,fj8G20m0kdw2ZALQdxTXTg,False,24.220106,0,1,0,0,0,0,0,0,1,0,0.999682,0.000153,0.003344,2.8e-05,0.0,0.0,4e-06,0.0,0.883792,0.0
pittsburgh-pa__16052__fov25px57.jpg,pittsburgh-pa,16052,eWU6mdzK5laglWKij7FJ4w,False,19.610037,1,0,0,0,0,1,0,0,0,0,0.999998,3e-06,3e-06,0.001955,0.0,0.000237,2e-06,0.0,0.0,0.0
pittsburgh-pa__15501__fov25px57.jpg,pittsburgh-pa,15501,lV7akWojzHwu3e0W8HAz_w,False,69.192865,1,0,0,0,0,0,0,0,0,0,0.999999,7e-06,0.0,0.00091,0.0,1.5e-05,4e-06,0.0,2e-05,0.0
pittsburgh-pa__15142__fov25px57.jpg,pittsburgh-pa,15142,hLyyRXGBAbPSx2cxFMXX2g,True,8.931916,0,0,0,0,0,1,0,0,0,0,2.2e-05,0.0,2e-06,0.0,0.0,2.7e-05,0.0,0.0,0.0,0.0
pittsburgh-pa__1992__fov25px57.jpg,pittsburgh-pa,1992,01ljh4K0oXQosM2i_scj4g,False,6.047459,1,0,0,0,0,0,0,0,0,0,0.999999,0.001294,2e-06,5e-06,0.0,1.6e-05,0.0,1e-06,0.002293,0.0
pittsburgh-pa__3691__fov25px57.jpg,pittsburgh-pa,3691,URmLCKa_YqvhXaLkDfxXTA,False,44.718655,1,0,0,0,0,0,0,0,0,0,0.999927,0.00038,0.0,1e-06,0.0,2.5e-05,5e-06,0.0,2e-06,0.0
pittsburgh-pa__10961__fov25px57.jpg,pittsburgh-pa,10961,ZV4pNFBn4U2amF5yzGPlfA,False,87.91949,0,0,1,0,0,1,0,0,0,0,0.007194,0.0,7e-06,0.0,0.0,7e-06,1e-06,0.0,4e-06,0.0
pittsburgh-pa__9075__fov25px57.jpg,pittsburgh-pa,9075,fHTvpZOS7ZJpp0NTTG2UdQ,False,100.83855,1,0,0,0,0,0,0,0,0,0,0.999999,1e-06,0.000126,2.5e-05,0.0,0.301891,0.0,4e-06,1e-06,0.0
pittsburgh-pa__10520__fov25px57.jpg,pittsburgh-pa,10520,xDkkX1-_jjpaYkkr4pA7vA,True,8.191489,1,0,0,0,0,1,0,0,0,0,1.0,0.000268,0.001316,0.00011,0.0,0.754686,8e-06,9e-06,2e-06,0.0
pittsburgh-pa__14274__fov25px57.jpg,pittsburgh-pa,14274,lk637cR9YnFdyt9bDjrhHA,False,55.00402,0,0,0,0,0,0,0,0,0,0,0.999694,4e-05,2e-06,1e-05,0.0,0.0,2.2e-05,1e-06,0.0,0.0
pittsburgh-pa__167__fov25px57.jpg,pittsburgh-pa,167,oQTso5D_D2w65XSCJIdEDg,True,5.971401,0,1,0,1,0,0,0,0,0,0,0.0,5.8e-05,3.2e-05,2.3e-05,0.0,1e-06,5e-06,1e-06,1e-06,2e-06
pittsburgh-pa__2404__fov25px57.jpg,pittsburgh-pa,2404,zYSc5F1pnB1WS0_BC8nP4Q,False,147.115367,0,0,0,0,0,0,0,0,0,0,0.966336,2e-06,3e-06,0.0,0.0,1e-05,0.0,0.0,1e-06,0.0
pittsburgh-pa__8475__fov25px57.jpg,pittsburgh-pa,8475,WSJQ4mndJ43K5zkxtfptmQ,False,82.723947,1,1,1,0,0,0,0,0,0,0,0.999998,0.011219,6e-06,6e-06,0.0,0.0,3.5e-05,0.0,0.000193,0.0
pittsburgh-pa__13291__fov25px57.jpg,pittsburgh-pa,13291,KdfNJkdlFZnkrmJFf8u7jw,False,15.178616,1,0,0,0,0,0,0,0,0,0,0.993574,0.0,0.0,9.4e-05,0.0,0.0,1e-06,1e-06,0.000388,0.0
pittsburgh-pa__15036__fov25px57.jpg,pittsburgh-pa,15036,vA07hp5GQz82iLYysIepJQ,True,6.994571,0,0,0,0,0,0,0,0,0,0,0.99679,6e-06,1e-06,1e-06,0.0,0.0,1e-06,1.4e-05,1e-06,0.0
pittsburgh-pa__9015__fov25px57.jpg,pittsburgh-pa,9015,YPRBkpXX2b30ZJMYijefug,True,12.527196,1,0,0,0,0,1,0,0,0,0,0.999878,0.0,0.000121,0.00046,0.0,1e-06,6e-06,0.0,0.005276,0.0
pittsburgh-pa__3363__fov25px57.jpg,pittsburgh-pa,3363,WC_sNpTMeShXjX4DsWxE9A,True,12.661755,0,0,0,0,0,1,0,0,0,0,3e-06,0.0,1e-06,3e-06,0.0,0.78916,0.0,0.0,0.0,1e-06
pittsburgh-pa__3370__fov25px57.jpg,pittsburgh-pa,3370,cPnhyW_vIRa2JK0JfYIWZQ,False,35.973213,0,0,0,0,0,0,0,0,0,0,0.0,0.0,0.0,1e-06,0.0,0.000326,2e-06,0.0,1e-06,6.3e-05
pittsburgh-pa__7093__fov25px57.jpg,pittsburgh-pa,7093,UAMBcVGWT32SLivPUlgXAQ,False,70.908033,0,0,0,0,0,0,0,0,0,0,2e-06,0.0,1.3e-05,2e-06,0.0,0.0,2e-06,0.0,6e-06,1e-06
pittsburgh-pa__15126__fov25px57.jpg,pittsburgh-pa,15126,LwwyT0zHHC_6i8DTbOsf9Q,False,21.969094,1,0,0,0,0,0,0,0,0,0,1.1e-05,2e-06,0.0,0.0,0.0,0.0,0.0,0.0,1.5e-05,2e-06
pittsburgh-pa__15278__fov25px57.jpg,pittsburgh-pa,15278,jJFnRdrdOoKDxDyUrnmODQ,False,42.161142,0,0,0,0,0,0,0,0,0,0,0.001236,0.0,0.0,1e-06,0.0,1e-06,1.6e-05,1e-06,4.4e-05,0.0
pittsburgh-pa__16378__fov25px57.jpg,pittsburgh-pa,16378,3VJW21LZB_5Qwh08vJFvjA,True,9.038557,0,0,0,0,0,0,0,0,0,0,6e-06,1e-06,3e-06,0.0,0.0,6e-06,1e-06,0.0,1e-06,0.0
pittsburgh-pa__13273__fov25px57.jpg,pittsburgh-pa,13273,w0o84dfoe57kN_PlDiBNTw,True,9.545139,1,0,0,0,0,0,0,0,0,0,0.999993,0.001424,0.007875,5e-06,0.0,0.996251,0.0,2e-06,0.0,0.0
pittsburgh-pa__7972__fov25px57.jpg,pittsburgh-pa,7972,Bif6JQhdmG0d870_AAS3iQ,False,138.44292,1,0,0,0,0,0,0,0,0,0,0.998295,0.000313,1e-06,0.002044,0.0,0.0,1e-06,0.0,0.0,0.0
pittsburgh-pa__14023__fov25px57.jpg,pittsburgh-pa,14023,RsdhaZ1wIAxEhUEKB12Ljg,False,110.299015,1,0,0,0,0,0,0,0,0,0,0.997164,2.2e-05,1e-06,0.00022,0.0,3e-06,0.0,0.0,0.000384,0.0
pittsburgh-pa__12019__fov25px57.jpg,pittsburgh-pa,12019,SUzSOIAGnjyCowqkpU9amA,False,137.708068,1,0,0,0,0,0,0,1,0,0,0.173464,1.9e-05,0.0,1e-06,0.0,1e-06,1e-06,0.0,0.000115,0.0
pittsburgh-pa__16495__fov25px57.jpg,pittsburgh-pa,16495,U0MC2CT1E4Z5TD9xJuNeUA,True,3.735038,1,0,0,0,0,0,0,0,0,0,0.999885,4e-06,5e-06,0.0,0.0,1e-05,2e-06,0.0,0.0,0.0
pittsburgh-pa__16393__fov25px57.jpg,pittsburgh-pa,16393,c7RcXhEjyLmF7bE_qxTEnw,False,283.046862,1,0,0,1,0,0,0,0,0,0,0.999957,1e-06,4e-06,0.000964,0.0,0.0,3e-06,1.6e-05,0.000162,0.0
pittsburgh-pa__8845__fov25px57.jpg,pittsburgh-pa,8845,rSKfpxfgTaSGwnP9VzMk1g,False,49.417429,1,1,0,0,0,0,0,0,0,0,0.999935,0.0,3e-06,4e-05,0.0,0.000298,2e-06,2e-06,0.0,0.0
pittsburgh-pa__12646__fov25px57.jpg,pittsburgh-pa,12646,s1K1zvP4P_GPgZZc9LGa1A,True,11.110815,0,0,0,0,0,0,0,0,0,0,0.0,0.000915,0.0,1.7e-05,0.0,0.0,1e-06,3e-06,1.1e-05,4e-05
pittsburgh-pa__11314__fov25px57.jpg,pittsburgh-pa,11314,FOYlU86Rtp3Ea2k8QR1TKA,False,33.358631,1,0,0,0,0,0,0,0,0,0,1.0,0.003748,3.6e-05,1.3e-05,0.0,0.917467,3.7e-05,5.2e-05,2e-06,0.0
pittsburgh-pa__3187__fov25px57.jpg,pittsburgh-pa,3187,ZZbse484IYo8jDZdLAUAuw,True,12.801822,0,0,0,0,0,0,0,0,1,0,1e-06,0.000311,1e-06,1e-06,0.0,5e-06,2.5e-05,0.0,9e-05,0.0
pittsburgh-pa__8529__fov25px57.jpg,pittsburgh-pa,8529,NfXMv8h11BQOVzVSojHajg,False,14.327544,1,1,1,0,0,0,0,0,0,0,1.0,0.001044,8.6e-05,0.000113,0.0,0.028761,1e-06,0.0,0.000237,0.0
pittsburgh-pa__9820__fov25px57.jpg,pittsburgh-pa,9820,fK3sWis_bMY2BjAUSGWZUQ,False,81.753931,1,1,0,0,0,0,0,0,0,0,0.999996,4.7e-05,2e-06,0.0,0.0,1e-06,0.0,0.0,2.6e-05,0.0
pittsburgh-pa__13791__fov25px57.jpg,pittsburgh-pa,13791,Dsci7OoXjyb8dG3Q7BS4Pg,False,356.641313,1,0,1,0,0,0,0,0,0,0,0.940687,0.0,0.000434,0.0,0.0,0.93066,0.0,0.0,1e-06,0.0
pittsburgh-pa__11751__fov25px57.jpg,pittsburgh-pa,11751,c1gfGMsHmCv7XWQAdgeqvg,False,105.21067,1,0,0,0,0,0,0,0,0,0,0.999989,0.005825,0.0,5e-06,0.0,0.000113,0.000459,0.001198,8e-06,0.0
pittsburgh-pa__3754__fov25px57.jpg,pittsburgh-pa,3754,77f4hKKSK7HvDloJs8QSkQ,False,152.449185,1,0,0,0,0,0,0,0,0,0,0.999997,0.0,4e-06,0.001342,0.0,0.026264,1e-06,1e-06,0.0,0.0
pittsburgh-pa__1986__fov25px57.jpg,pittsburgh-pa,1986,zGQhgtNDmi8k0tlYWKinFA,True,14.418136,0,0,0,0,0,0,0,0,0,0,0.001329,1e-06,2e-06,1e-06,0.0,0.0,1e-06,0.0,3e-06,0.0
pittsburgh-pa__8702__fov25px57.jpg,pittsburgh-pa,8702,AeBkMzj1iFJmRKIYtQlbNA,False,197.739027,0,0,0,0,0,0,0,0,0,0,0.914284,0.001255,3e-06,0.000397,0.0,0.0,3.1e-05,7e-06,0.993956,0.0
pittsburgh-pa__15398__fov25px57.jpg,pittsburgh-pa,15398,gDtXY59Ev2o9jTDElFSOcQ,True,20.827105,0,0,0,0,0,0,0,0,0,0,1.6e-05,6.1e-05,2e-06,2e-06,0.0,0.0,3e-06,1e-06,1e-06,0.0
pittsburgh-pa__16204__fov25px57.jpg,pittsburgh-pa,16204,7vRJ_EAJ_CScyzSZXdXfSQ,False,7.795148,0,0,0,0,0,1,0,0,0,0,0.454677,0.0,0.0,0.161488,0.0,0.001829,4e-06,0.0,1.9e-05,1e-06
pittsburgh-pa__5522__fov25px57.jpg,pittsburgh-pa,5522,WKrUpc_HYykk5fmahePunw,False,95.342846,0,0,0,0,0,1,0,0,0,0,0.006386,0.0,1e-06,3.2e-05,0.0,1e-06,0.0,0.0,1e-06,1e-06
pittsburgh-pa__1816__fov25px57.jpg,pittsburgh-pa,1816,hxqZdarpRyNbuMOVMvRG7w,False,134.200554,0,0,0,0,0,1,0,0,0,0,0.0,0.0,2e-06,3e-06,0.0,1e-06,1e-06,0.0,2e-06,6e-06
pittsburgh-pa__11307__fov25px57.jpg,pittsburgh-pa,11307,a_IYedt9BZW6elKSvhHP_g,True,4.862884,1,0,0,0,0,0,0,0,1,0,0.999972,4.5e-05,0.0,1e-06,0.0,0.0,4e-06,0.0,0.176845,0.0
pittsburgh-pa__5520__fov25px57.jpg,pittsburgh-pa,5520,WKrUpc_HYykk5fmahePunw,False,80.058975,1,0,0,0,0,0,0,0,0,0,0.09001,0.0,0.0,0.0,0.0,0.000132,1e-06,0.0,3e-06,0.0
pittsburgh-pa__9869__fov25px57.jpg,pittsburgh-pa,9869,UrMT_g-8Jf6WHt61IVjs7A,False,107.277726,1,0,0,1,0,0,0,0,0,0,9e-05,1e-06,0.031987,0.0,0.0,0.0,4e-05,0.0,4e-06,0.0
pittsburgh-pa__15161__fov25px57.jpg,pittsburgh-pa,15161,srgE0a-PmHRR8gNio_zKaw,False,217.457439,0,0,0,0,0,0,0,0,0,0,5e-06,2.2e-05,1e-06,2e-06,0.0,0.246944,7e-06,0.0,1e-06,0.0
pittsburgh-pa__9235__fov25px57.jpg,pittsburgh-pa,9235,4HDTi62bfCfk4cPGWUCWuw,True,11.840745,1,0,0,0,0,0,0,0,0,0,0.999965,1.4e-05,0.0,0.000594,0.0,0.068617,2e-06,0.0,1e-06,0.0
pittsburgh-pa__1013__fov25px57.jpg,pittsburgh-pa,1013,8AmDJiXJO7SH3A5R3OPBFw,True,1.549832,0,0,0,0,0,0,0,0,0,0,2e-06,2e-06,0.0,1e-06,0.0,1e-05,2e-06,0.0,1e-06,1e-06
pittsburgh-pa__15758__fov25px57.jpg,pittsburgh-pa,15758,M-R8v3UfEHxir5fApmwNRg,False,9.375218,0,0,0,0,0,0,0,0,0,0,0.0,5e-06,0.000387,3e-06,0.0,6e-06,2e-06,1e-06,1e-06,5e-06
pittsburgh-pa__8798__fov25px57.jpg,pittsburgh-pa,8798,6iKhKUOEqjXbMwoG86udCA,False,206.082546,1,0,0,0,0,1,0,0,0,0,0.995884,0.0,4.4e-05,0.0,0.0,0.302737,2e-06,0.0,0.0,0.0
pittsburgh-pa__14410__fov25px57.jpg,pittsburgh-pa,14410,MIzIoW9L4dVP68nNsm5zeQ,False,234.328717,1,0,0,0,0,0,0,0,0,0,0.999994,4e-05,5e-06,0.000494,0.0,1e-06,9e-06,1e-06,1e-06,0.0
pittsburgh-pa__6591__fov25px57.jpg,pittsburgh-pa,6591,axRXRT9OID2VyV_K6dL8-Q,False,80.730414,1,0,0,0,0,0,0,0,0,0,1.5e-05,5e-06,0.0,1e-06,0.0,2e-06,0.0,0.0,2e-06,3e-06
pittsburgh-pa__3911__fov25px57.jpg,pittsburgh-pa,3911,K92D0DdIrkgqrOiCIZcNng,False,148.851099,1,0,1,0,0,0,0,0,0,0,0.999997,5e-06,0.0,0.036778,0.0,0.316953,5e-06,0.0,1e-06,0.0
pittsburgh-pa__8560__fov25px57.jpg,pittsburgh-pa,8560,dD46LAXlFvOzaPMcNM2meg,True,11.292203,0,0,0,0,0,0,0,0,0,0,5.6e-05,0.0,5e-06,1e-06,0.0,4e-06,3e-06,0.0,0.0,0.0
seattle-wa__218199__fov25px57.jpg,seattle-wa,218199,26ggQedXpL6A_KsAuURWkQ,True,3.436033,0,0,0,0,0,0,0,0,0,0,7.2e-05,3e-06,0.000142,0.0,0.0,0.0,8e-06,0.0,0.0,0.0
seattle-wa__873__fov25px57.jpg,seattle-wa,873,dBThEy4NAUekmhMfPRK0DQ,False,14.519014,1,0,0,0,0,0,0,0,0,0,0.989467,1e-06,1e-06,0.0,0.0,0.0,3e-06,0.0,1.6e-05,0.0
seattle-wa__165149__fov25px57.jpg,seattle-wa,165149,xBDlJIG3hCDXGyConrJbGQ,False,313.430383,0,0,0,0,0,0,0,0,0,0,0.0,0.0,2e-06,7e-06,0.0,0.385796,1e-06,0.0,2.8e-05,0.000132
seattle-wa__13729__fov25px57.jpg,seattle-wa,13729,UW_A4xukcE1B7lyFdWnJ6g,False,21.788983,1,0,0,0,0,0,0,0,0,0,0.99921,1e-06,2e-06,6e-05,0.0,1e-06,5e-06,1e-05,1e-06,0.0
seattle-wa__188904__fov25px57.jpg,seattle-wa,188904,yHNuFrZtaiVck2makAAeyQ,False,19.623048,1,0,0,0,0,0,0,0,0,0,0.977933,1.7e-05,2e-06,0.0,0.0,0.0,2.3e-05,0.0,0.0,0.0
seattle-wa__33924__fov25px57.jpg,seattle-wa,33924,Nm4Uy0sGFmgq1j0jfZd5wA,False,86.847853,0,0,0,0,0,1,0,0,0,0,2e-06,0.0,1e-06,0.0,0.0,5e-06,1e-06,0.0,1e-06,1e-06
seattle-wa__170046__fov25px57.jpg,seattle-wa,170046,-A9mCQ7o8A0Vs9Pirw6TdA,False,5.528099,1,1,0,0,0,0,0,0,0,0,0.162521,0.0,0.0,0.0,0.0,0.000354,1e-06,0.0,0.0,0.0
seattle-wa__123279__fov25px57.jpg,seattle-wa,123279,WEkdLqKAL7AJruCPUrOiCQ,False,107.607159,0,0,0,0,0,0,0,0,0,0,3e-06,0.0,0.0,0.0,0.0,0.00084,2e-06,0.0,1e-06,1e-06
seattle-wa__178987__fov25px57.jpg,seattle-wa,178987,DPrEJ8aMORe14bfTe17xEw,True,2.971243,1,0,0,0,0,0,0,0,0,0,0.999999,2e-06,0.0,1.5e-05,0.0,6e-06,1.1e-05,1e-06,2.7e-05,0.0
seattle-wa__99197__fov25px57.jpg,seattle-wa,99197,ih4s35lVCZGmFWThF1rrUQ,True,0.746625,0,0,0,0,0,0,0,0,0,0,6e-06,0.0,0.0,1e-06,0.0,3e-06,1e-06,0.0,0.0,1e-06
seattle-wa__207350__fov25px57.jpg,seattle-wa,207350,WH-NJmKhT_N06fx-jL-OIA,False,11.958503,0,0,0,0,0,0,0,0,0,0,0.003377,4e-06,0.0,0.0,0.0,1e-06,3e-06,0.0,0.0,0.0
seattle-wa__17123__fov25px57.jpg,seattle-wa,17123,7oUB1IKm6gm5yTmXh8nOlg,False,327.093154,0,0,0,0,0,0,0,0,0,0,0.0,0.000463,1.5e-05,1e-06,0.0,0.0,1e-06,0.0,0.003164,1.9e-05
seattle-wa__145848__fov25px57.jpg,seattle-wa,145848,MX3j-IQH8Bn5fMHTsUJS_g,False,170.609347,1,0,0,0,0,0,0,0,0,0,0.999958,0.0,3.6e-05,0.0,0.0,0.000443,1e-06,0.0,1e-06,0.0
seattle-wa__175110__fov25px57.jpg,seattle-wa,175110,Fqz-2xy7TJP_Lrtn4hn8ug,False,203.975017,0,0,0,0,0,0,0,0,0,0,0.0,9e-06,1e-05,0.0,0.0,0.059335,1e-06,0.0,0.0,4e-06
seattle-wa__208995__fov25px57.jpg,seattle-wa,208995,ASQqsgpPzo4kvlat_w1cbg,False,214.976822,0,0,0,0,0,0,0,0,0,0,1e-06,1.7e-05,1e-06,0.0,0.0,0.001057,1e-06,0.0,0.0,0.0
seattle-wa__37644__fov25px57.jpg,seattle-wa,37644,Ljw1JSlTtl3fWHncvuptcw,True,13.34426,0,0,0,0,0,0,0,0,1,0,1.1e-05,0.0,0.132203,9e-06,0.0,1e-06,1.7e-05,0.0,0.000552,0.0
seattle-wa__141782__fov25px57.jpg,seattle-wa,141782,7WNUSFkOaytC-4NmUo88Zg,False,0.621886,0,0,0,0,0,0,0,0,0,0,0.000227,0.0,8e-06,1.1e-05,0.0,1e-06,5e-06,0.0,0.0,0.0
seattle-wa__75860__fov25px57.jpg,seattle-wa,75860,o0zblVi58sQcTEDgkrdazw,True,6.33745,1,0,0,0,0,0,0,0,0,0,0.99999,1e-06,0.0,2e-06,0.0,6.2e-05,0.0,0.0,6e-06,0.0
seattle-wa__117963__fov25px57.jpg,seattle-wa,117963,JxjxTy1YG90LBUulggn9CQ,True,12.811282,0,0,0,0,0,0,0,0,0,0,3e-06,0.0,1.2e-05,0.0,0.0,0.0,1e-06,0.0,1e-05,3e-06
seattle-wa__200230__fov25px57.jpg,seattle-wa,200230,brKpweD_v4JeiF4I0vt6tA,False,39.80625,1,0,0,0,0,0,0,0,0,0,0.999891,0.0,0.0,0.01428,0.0,9e-06,3e-06,0.0,3.6e-05,0.0
seattle-wa__109452__fov25px57.jpg,seattle-wa,109452,cPrmqFXKq9t9UtbLZbVRcw,True,9.744958,1,0,0,0,0,0,0,0,0,0,0.999986,0.0,1e-06,2.2e-05,0.0,0.002413,1e-06,0.0,6e-06,0.0
seattle-wa__251103__fov25px57.jpg,seattle-wa,251103,gWbuEfYVhLIXyR1IZp7qbg,False,88.845301,1,0,0,0,0,0,0,0,0,0,0.782787,0.0,1e-06,0.048951,0.0,1e-06,6e-06,0.0,4e-06,1e-06
seattle-wa__184891__fov25px57.jpg,seattle-wa,184891,vRABPtIe872XMH2Pgn2BxQ,False,81.396865,1,0,0,0,0,0,0,0,0,0,0.999961,3e-06,3e-06,0.0,0.0,1e-06,1e-06,0.0,1e-06,0.0
seattle-wa__255072__fov25px57.jpg,seattle-wa,255072,Z1FTorvnN8Chk6hESbp-TQ,False,125.206763,0,0,0,0,0,1,0,0,0,0,1e-06,0.0,0.0,1e-06,0.0,1.1e-05,3e-06,0.0,1e-06,8e-06
seattle-wa__141755__fov25px57.jpg,seattle-wa,141755,wjFUZDCGgFBrtea-dTdOsQ,False,239.765226,1,0,0,0,0,0,0,0,0,0,1.0,0.336016,0.0,4.5e-05,0.0,0.016806,5e-06,0.0,6e-06,0.0
seattle-wa__127220__fov25px57.jpg,seattle-wa,127220,oRmovtf4W-dSvQqRmQS9FA,False,9.734399,0,0,0,0,0,0,0,0,0,0,0.000172,1e-06,0.005332,0.0,0.0,1e-06,1e-06,0.0,0.0,0.0
seattle-wa__235657__fov25px57.jpg,seattle-wa,235657,hFnsZrNVIKJABWMKNQOHqg,False,14.197754,1,1,0,0,0,0,0,0,0,0,0.999986,0.002743,0.073944,0.000301,0.0,3e-05,0.016033,0.000174,5.9e-05,0.0
seattle-wa__11268__fov25px57.jpg,seattle-wa,11268,uJ70_-2q_d1-0dAC5Cw1SQ,False,42.64662,0,0,0,0,0,1,0,0,0,0,0.659,0.0,0.0,3e-06,0.0,1.3e-05,0.0,0.0,0.0,0.0
seattle-wa__263134__fov25px57.jpg,seattle-wa,263134,sA4mIzqhM3rO6BXkjUNCOA,False,61.748985,1,0,0,0,0,0,0,0,0,0,0.999926,1e-06,0.0,3e-06,0.0,0.010293,0.000886,1e-06,1e-06,0.0
seattle-wa__11166__fov25px57.jpg,seattle-wa,11166,D6CJOFBDKH_dH-F0K_7d_w,False,89.177188,0,0,0,0,0,1,0,0,0,0,0.999994,0.000423,5.5e-05,7e-06,0.0,0.0,0.0,1e-06,2e-06,0.0
seattle-wa__210105__fov25px57.jpg,seattle-wa,210105,aLyRttyjNAOoWULvv6_0PQ,False,336.039583,1,0,1,0,0,0,1,0,1,0,0.999901,2.9e-05,0.326935,0.659092,0.0,1.6e-05,0.019168,9e-06,0.007053,0.0
seattle-wa__98554__fov25px57.jpg,seattle-wa,98554,9XWs8GNsRqZ15jZ1lOkaAQ,False,18.529849,1,0,0,0,0,0,0,0,0,0,0.999993,3e-06,0.0,1e-06,0.0,0.005099,2e-06,0.0,2.2e-05,0.0
seattle-wa__209451__fov25px57.jpg,seattle-wa,209451,MhwMsLQXv35YwIxWpV-Dvw,True,20.245121,0,0,0,0,0,0,0,0,0,0,1e-06,2e-06,0.0,0.0,0.0,4e-06,3e-06,0.0,3e-06,1e-06
seattle-wa__6034__fov25px57.jpg,seattle-wa,6034,jz4f9KqoeDUKkhW334i9ew,True,10.893735,0,0,0,0,0,0,0,0,0,0,1e-06,0.000592,3.3e-05,3e-06,0.0,1e-06,2.8e-05,5e-06,1e-06,0.0
seattle-wa__44981__fov25px57.jpg,seattle-wa,44981,a4jHvVXM_k13s0Xgk3v4XA,True,12.561676,0,0,0,0,0,0,0,0,0,0,0.001116,4e-06,0.0,4e-06,0.0,0.484128,2.4e-05,1e-06,0.0,0.0
seattle-wa__554__fov25px57.jpg,seattle-wa,554,V-L9_vKYo_c8ftXiiIei2w,True,8.525386,1,1,0,0,0,0,0,0,0,0,1.0,3e-06,0.0,3.8e-05,0.0,1.9e-05,0.000851,1e-06,0.001677,0.0
seattle-wa__107880__fov25px57.jpg,seattle-wa,107880,ih4s35lVCZGmFWThF1rrUQ,True,8.424971,0,0,0,0,0,0,0,0,0,0,2e-06,0.0,0.0,1e-06,0.0,8.9e-05,2e-06,0.0,0.0,2e-06
seattle-wa__227064__fov25px57.jpg,seattle-wa,227064,du3con_4pZARmFSerNicZw,False,144.337697,1,1,0,0,0,0,0,0,1,0,0.999949,0.0,2e-06,1.9e-05,0.0,0.0,2e-06,0.0,0.292201,0.0
seattle-wa__196878__fov25px57.jpg,seattle-wa,196878,l2cQS0V2B6e_aeWMFslaEg,True,5.770575,1,0,0,0,0,0,0,0,0,0,0.712236,1e-06,0.0,0.0,0.0,6e-06,1.2e-05,0.0,0.0,0.0
seattle-wa__269010__fov25px57.jpg,seattle-wa,269010,syVp8melaf9kxoOUcCHPdQ,False,272.414114,1,0,0,0,0,1,0,0,0,0,0.999997,5e-06,0.0,3e-06,0.0,0.021873,9e-06,0.0,1.3e-05,0.0
seattle-wa__17185__fov25px57.jpg,seattle-wa,17185,jjFJXC5Bi5bNio_dc4zsfA,False,269.715915,1,0,0,0,0,0,0,0,0,0,0.999989,2e-06,1e-06,1e-06,0.0,0.000165,7e-06,1.7e-05,1e-06,0.0
seattle-wa__115288__fov25px57.jpg,seattle-wa,115288,lJbUHHZB_eMZ6sXmutmQIA,False,315.78685,0,0,0,0,0,0,0,0,0,0,0.00108,1.6e-05,0.0,0.0,0.0,4e-06,2e-06,0.0,0.0,0.0
seattle-wa__72491__fov25px57.jpg,seattle-wa,72491,UTIQPsQYJ84gUe00xEs6zQ,True,0.0,1,0,0,0,0,0,0,0,0,0,0.999999,0.000136,3e-06,5e-06,0.0,2.6e-05,3e-06,7.7e-05,1e-06,0.0
seattle-wa__232068__fov25px57.jpg,seattle-wa,232068,ueeLQmr_zlboWBtW2GlZzA,False,11.628299,0,0,0,0,0,0,0,0,0,0,2.9e-05,0.0,4.9e-05,0.0,0.0,0.000134,6e-06,0.0,0.0,1e-06
seattle-wa__251871__fov25px57.jpg,seattle-wa,251871,8EFgHWzP3QmtTDelEr-xwQ,True,5.932212,1,0,0,0,0,0,0,0,1,0,0.696232,0.003553,6e-06,4e-06,0.0,1e-06,0.035936,0.0,0.260838,0.0
seattle-wa__31038__fov25px57.jpg,seattle-wa,31038,ExSSw9yD_9aocgz1ChbWwQ,False,362.228226,1,0,0,0,0,0,0,0,0,0,0.998993,3e-06,0.0,1e-06,0.0,0.0,2e-06,0.0,0.000288,0.0
seattle-wa__162061__fov25px57.jpg,seattle-wa,162061,hDPkNwELQTbuKWDuliDl4g,False,258.361909,1,0,0,0,0,0,0,0,0,0,0.999998,2.1e-05,2e-06,1e-06,0.0,4e-06,3e-06,0.0,4e-06,0.0
seattle-wa__66954__fov25px57.jpg,seattle-wa,66954,TcMJjSQvqkjMivdUGd-O6A,True,3.676311,0,0,0,0,0,0,0,0,0,0,0.946133,0.002154,0.0,1e-06,0.0,1e-06,0.0,0.0,2e-05,0.0
seattle-wa__30900__fov25px57.jpg,seattle-wa,30900,0e1DGFHW5_OhmnHFgR7G5w,True,1.032395,0,0,0,0,0,0,0,0,0,0,2e-06,1e-06,0.0,1e-06,0.0,3.6e-05,4e-06,0.0,0.0,1e-06
seattle-wa__189379__fov25px57.jpg,seattle-wa,189379,_fIpR_0ne4jbj0OKUg6Klw,False,233.288709,1,0,0,0,0,0,0,0,0,0,1.0,0.020449,0.0,1e-06,0.0,0.006169,1e-06,3e-06,6e-06,0.0
seattle-wa__97638__fov25px57.jpg,seattle-wa,97638,pl0JkULo93kojVDrsqozjQ,False,630.092713,1,0,0,0,0,0,0,0,1,0,0.999925,8.9e-05,3.6e-05,8e-06,0.0,2e-06,0.027687,1e-06,0.773323,0.0
seattle-wa__170176__fov25px57.jpg,seattle-wa,170176,MUPLUYOCoyiBqy7TpV_Ejw,False,78.084988,1,0,0,0,0,1,0,0,0,0,0.999998,3.4e-05,5e-06,1e-06,0.0,0.078941,2e-06,1e-06,0.0,0.0
seattle-wa__75861__fov25px57.jpg,seattle-wa,75861,o0zblVi58sQcTEDgkrdazw,True,9.231649,1,0,0,0,0,0,0,0,0,0,0.999996,1.7e-05,0.0,8e-06,0.0,0.013333,2e-06,0.0,2e-06,0.0
seattle-wa__187372__fov25px57.jpg,seattle-wa,187372,E1Mad5g4pKtCli0IX7VYzA,False,87.436002,0,0,0,0,0,0,0,0,0,0,1.5e-05,0.0,1e-06,4e-06,0.0,0.006719,1e-06,0.0,0.0,1e-06
seattle-wa__223527__fov25px57.jpg,seattle-wa,223527,rYj38UD0Bj0UczWN4cHh2w,True,18.522913,1,0,0,0,0,0,0,0,0,0,0.999998,7e-06,1e-05,0.0,0.0,0.000258,0.0,0.0,5e-06,0.0
seattle-wa__115338__fov25px57.jpg,seattle-wa,115338,iY5qdrbmnJLgDUuhR4yPdA,False,238.845982,0,0,0,0,0,0,0,0,0,0,1.2e-05,7.1e-05,0.0,0.0,0.0,1e-06,2e-06,0.0,0.0,1e-06
seattle-wa__13706__fov25px57.jpg,seattle-wa,13706,HHknLHNYKr6YJoI6Rfgwrg,False,102.157414,0,0,0,0,0,0,0,0,0,0,0.0,1e-06,0.00054,0.0,0.0,1e-06,3e-06,0.0,0.000693,7e-06
seattle-wa__255076__fov25px57.jpg,seattle-wa,255076,glbpw8rxAWDGsKjfT1tboQ,False,137.771586,0,0,0,0,0,0,0,0,0,0,0.000692,0.015243,1e-06,2e-06,0.0,1e-06,0.023239,0.000256,5e-05,7e-06
seattle-wa__251906__fov25px57.jpg,seattle-wa,251906,tHJyhMYr2dH02L0js3U3mQ,False,14.172994,1,0,0,0,0,0,0,0,0,0,0.999675,1e-06,1e-06,0.0,0.0,0.000164,1e-06,0.0,4e-06,0.0
seattle-wa__268958__fov25px57.jpg,seattle-wa,268958,mnDmvoeNVJ9BDgY6n3hxUw,False,82.089056,0,0,0,0,0,0,0,0,0,0,0.0,0.000153,0.0,2e-06,0.0,0.001592,1.1e-05,1e-06,0.0,4e-06
seattle-wa__15942__fov25px57.jpg,seattle-wa,15942,_8VcbFU6e9hewd94qW_vEg,True,30.790313,0,0,0,0,0,0,0,0,0,0,3e-06,2e-06,1e-06,2e-06,0.0,6.8e-05,3e-06,1e-06,0.0,0.0
seattle-wa__124690__fov25px57.jpg,seattle-wa,124690,rsuy05VcDuNA8X0s73dYRw,True,11.054282,1,0,0,0,0,0,0,0,0,0,1.0,0.044535,0.0,5e-05,0.0,0.000111,0.000587,0.0,0.000447,0.0
seattle-wa__38267__fov25px57.jpg,seattle-wa,38267,vv7VxUudWZKrZ1qBQ5MYHw,True,15.465146,0,0,0,0,0,1,1,0,0,0,0.424253,0.0,0.0,0.0,0.0,6.8e-05,7.2e-05,0.0,0.000681,0.0
seattle-wa__164986__fov25px57.jpg,seattle-wa,164986,h7XAqMhnzYYtG6uxGFJROQ,False,119.105839,0,0,0,0,0,0,0,0,0,0,0.999862,7e-06,2.3e-05,3e-06,0.0,0.001195,0.0,0.0,0.0,0.0
seattle-wa__235921__fov25px57.jpg,seattle-wa,235921,tNn1Z0Z3nkffhYA_QUAuOA,True,8.395772,0,0,0,0,0,0,0,0,0,0,0.000692,0.0,1.9e-05,0.0,0.0,0.002594,2e-06,0.0,0.0,0.0
seattle-wa__191593__fov25px57.jpg,seattle-wa,191593,4lR9n9MVRvpYvmKLNE83wQ,True,0.56099,1,0,0,0,0,0,0,0,1,0,0.999993,0.0,0.0,1e-06,0.0,0.031076,1e-06,0.0,4.6e-05,0.0
seattle-wa__96681__fov25px57.jpg,seattle-wa,96681,nze6EqlSMCm7RMPGOGN4Ug,False,223.143644,1,0,0,0,0,0,0,0,0,0,0.999997,7.4e-05,0.0,3e-06,0.0,0.082438,1e-06,1.1e-05,1e-06,0.0
seattle-wa__96732__fov25px57.jpg,seattle-wa,96732,HozGe30tYiMUWTFYsNyJyg,True,12.393632,0,0,0,0,0,0,0,0,0,0,1e-06,2e-06,1e-06,0.0,0.0,0.0,1e-06,0.0,1e-06,2e-06
seattle-wa__166262__fov25px57.jpg,seattle-wa,166262,dR4We2vmX-X9DF3gVWzWeQ,False,165.569782,0,0,0,0,0,0,0,0,0,0,1e-05,0.0,3e-06,2e-06,0.0,9e-06,5.6e-05,0.0,8.6e-05,1.7e-05
seattle-wa__194307__fov25px57.jpg,seattle-wa,194307,PlT-JsAQZ_uU-_l5mJ4FGg,True,7.237362,0,0,0,0,0,1,0,0,0,0,4e-06,9e-06,0.0,0.0,0.0,0.00074,1e-06,0.0,1e-06,1e-06
seattle-wa__235678__fov25px57.jpg,seattle-wa,235678,kVm7_q9o2O8WeYGvLRldsQ,False,1.061535,0,0,0,0,0,0,0,0,0,0,1.9e-05,1e-06,0.000388,0.0,0.0,0.955711,6e-06,0.0,2e-06,1e-06
seattle-wa__96447__fov25px57.jpg,seattle-wa,96447,lmBy4QwQ0eWkOte-JcBt4Q,False,37.751742,1,0,0,0,0,0,0,0,1,0,1.0,0.003621,0.0,0.065961,0.0,7e-06,0.000108,1e-05,0.002247,0.0
seattle-wa__150702__fov25px57.jpg,seattle-wa,150702,QV8NOIzVBMvDTUBPLi8L8A,False,147.582928,0,0,0,0,0,0,0,0,0,0,5e-06,1e-06,1e-06,1e-06,0.0,1e-06,3e-06,0.0,4e-06,1e-06
seattle-wa__223499__fov25px57.jpg,seattle-wa,223499,qr86B-gFe11Tp08kOakVUw,False,9.985826,1,0,0,0,0,0,0,0,1,0,0.999999,3e-06,0.0,0.000387,0.0,0.042011,9e-06,1e-05,0.000107,0.0
seattle-wa__244274__fov25px57.jpg,seattle-wa,244274,hOSCXfZ4dQbTRTw_qlESZQ,True,12.376405,1,0,0,0,0,0,0,0,0,0,0.999998,3e-06,0.0,0.000214,0.0,0.003346,2.3e-05,0.0,9.9e-05,0.0
seattle-wa__191108__fov25px57.jpg,seattle-wa,191108,eEul2WtgPQTGKEDWCImc-g,False,97.231083,0,0,0,0,0,0,0,0,0,0,0.00042,1.3e-05,0.0,0.0,0.0,1e-06,2e-06,0.0,1e-06,0.0
seattle-wa__61703__fov25px57.jpg,seattle-wa,61703,un1q9Mjj9HQRtAQX-fATnQ,False,189.675471,0,0,0,0,0,0,0,0,0,0,1e-06,8e-06,0.0,2e-06,0.0,0.0,2e-06,1e-06,2e-06,5e-06
seattle-wa__238612__fov25px57.jpg,seattle-wa,238612,o5rdyAAVvrwsKNGfCH5SZA,False,300.642342,0,0,0,0,0,0,0,0,0,0,0.0,2.2e-05,1.3e-05,0.0,0.0,1.2e-05,2e-06,1e-06,4e-06,1e-06
seattle-wa__96707__fov25px57.jpg,seattle-wa,96707,bf6Fk17fKuK00iwkWJLr7w,True,13.575935,1,0,0,0,0,0,0,0,0,0,0.750829,4e-06,6.1e-05,0.0,0.0,3.2e-05,0.0,0.0,0.0,0.0
seattle-wa__182891__fov25px57.jpg,seattle-wa,182891,RAFi4einT7x6mPa7TVo6WQ,True,11.421326,0,0,0,0,0,0,0,0,0,0,1e-06,1e-06,1e-06,1e-06,0.0,2e-06,1e-06,0.0,0.0,5e-06
seattle-wa__245996__fov25px57.jpg,seattle-wa,245996,F_KiAHLE3hzNBPm4urocxg,True,3.056986,0,0,0,0,0,0,0,0,0,0,0.009065,4e-06,0.0,1e-06,0.0,0.0,1.1e-05,2e-06,1.5e-05,0.0
seattle-wa__124281__fov25px57.jpg,seattle-wa,124281,YbsgXg31wBhlfZ4QomTjSQ,False,67.783923,1,0,0,0,0,0,0,0,0,0,1.0,1e-06,2.8e-05,2e-06,0.0,6.3e-05,0.0,1e-06,9.5e-05,0.0
seattle-wa__273428__fov25px57.jpg,seattle-wa,273428,DqGO44-ahtfjIJizQg-uag,True,16.645265,0,0,0,0,0,0,0,0,0,0,0.0,0.0,1e-06,0.0,0.0,1.9e-05,1e-06,0.0,5e-06,9e-06
seattle-wa__245781__fov25px57.jpg,seattle-wa,245781,XrCip38Ob5uo_ugkcR4HRg,True,0.622486,0,0,0,0,0,0,0,0,0,0,4.6e-05,0.0,0.0,2.6e-05,0.0,0.0,1.1e-05,0.0,0.000149,0.0
seattle-wa__66970__fov25px57.jpg,seattle-wa,66970,o1MKsaCoF0vOH3W0jLNO2A,False,0.524294,0,0,0,0,0,0,0,0,0,0,5.6e-05,0.0,0.0,0.0,0.0,1e-06,1.3e-05,0.0,4.3e-05,3e-06
seattle-wa__182103__fov25px57.jpg,seattle-wa,182103,sKQweIu_qwN7hd70HfsUWQ,False,143.074907,1,0,0,0,0,0,0,0,0,0,1.0,4e-06,8e-06,5.7e-05,0.0,0.07663,1.5e-05,3.9e-05,7e-06,0.0
seattle-wa__103682__fov25px57.jpg,seattle-wa,103682,aEYtkRWVFlZ5owQ02QFLEg,True,10.276682,0,0,0,0,0,0,0,0,0,0,1.2e-05,0.0,6e-06,1e-06,0.0,0.0,2e-06,0.0,1e-06,3e-06
seattle-wa__100631__fov25px57.jpg,seattle-wa,100631,4_rxjedgVEWTe7QnomGJ1A,False,182.351664,1,0,0,0,0,0,0,0,0,0,0.999997,0.0,5e-06,8.9e-05,0.0,2.8e-05,3e-06,1e-06,0.00025,0.0
seattle-wa__117189__fov25px57.jpg,seattle-wa,117189,j6icbw7KJHaLjt04OIroRA,False,328.655015,1,0,1,0,0,0,0,0,0,0,0.999992,0.000141,0.0,1e-05,0.0,9e-06,9e-06,0.0,1e-06,0.0
seattle-wa__263276__fov25px57.jpg,seattle-wa,263276,Du_MeLeKIPzYYYC4A0Jm-w,False,95.322606,0,0,0,0,0,0,0,0,0,0,1e-06,0.0,0.0,1e-06,0.0,4e-06,2e-06,0.0,3e-06,6e-06
seattle-wa__191052__fov25px57.jpg,seattle-wa,191052,521qFBsGM8OM7_3vVrcClQ,False,40.640125,0,0,0,0,0,1,0,0,0,0,7e-06,0.0,0.0,3e-06,0.0,1e-06,2e-06,0.0,4e-06,4e-06
seattle-wa__4246__fov25px57.jpg,seattle-wa,4246,3wzVyUrl7I_a1AUIYDX8ww,False,20.802131,0,0,0,0,0,0,0,0,0,0,3.3e-05,0.0,0.000681,4e-06,0.0,0.0,1e-06,0.0,0.000891,0.0
seattle-wa__11110__fov25px57.jpg,seattle-wa,11110,sg1hSoeORAusCSVRqTJGyg,False,244.631201,0,0,0,0,0,0,0,0,0,0,1.1e-05,0.0,1e-06,5e-06,0.0,0.0,1e-06,0.0,1.8e-05,1e-06
seattle-wa__11661__fov25px57.jpg,seattle-wa,11661,CZSIElt9M9QjYff6GPT8MA,False,81.069028,1,0,0,0,0,0,0,0,0,0,1.0,1.2e-05,4e-06,0.000264,0.0,2e-05,5e-06,0.0,0.00017,0.0
seattle-wa__712__fov25px57.jpg,seattle-wa,712,sOAgbWeCMP-MX3AIZgLnuQ,True,9.517676,1,0,0,0,0,0,0,0,0,0,1.0,9e-06,7e-06,5.2e-05,0.0,0.000115,1e-06,4e-06,6e-06,0.0
seattle-wa__33296__fov25px57.jpg,seattle-wa,33296,psZvPcck1nNtPYea5a7qRQ,False,446.877437,1,0,0,0,0,0,0,0,0,0,0.999999,5e-06,5e-05,8e-06,0.0,1.3e-05,2e-06,0.0,0.0,0.0
seattle-wa__14743__fov25px57.jpg,seattle-wa,14743,K07SRH_Nl7Q8n4jlySt8Hg,False,74.910878,0,0,0,0,0,0,0,0,0,0,1e-06,0.0,0.0,0.0,0.0,0.0,4e-06,0.0,7e-06,6e-06
seattle-wa__191605__fov25px57.jpg,seattle-wa,191605,13N8LY3rVbNM7K5StjxZPA,True,3.660782,0,0,0,0,0,0,0,0,0,0,2e-06,2e-05,0.0,1e-06,0.0,3e-06,1.9e-05,0.0,2e-06,5e-06
seattle-wa__244276__fov25px57.jpg,seattle-wa,244276,gQxqV42CBBmSFb9_R3Zedw,True,6.743627,0,0,0,0,0,0,0,0,0,0,0.999894,0.0,0.0,0.000122,0.0,0.008721,3e-06,0.0,1.5e-05,0.0
seattle-wa__259159__fov25px57.jpg,seattle-wa,259159,ltn3gLZdqvmGocHUNQRiaw,False,214.461397,1,0,0,0,0,0,0,0,0,0,0.999992,6e-06,1.6e-05,0.0,0.0,0.909905,0.0,1e-06,6e-06,0.0
seattle-wa__14251__fov25px57.jpg,seattle-wa,14251,DC9lXEVLNJR-N6tBEBwUqw,False,87.015592,1,1,0,0,0,0,0,0,0,0,1.0,0.077315,4.3e-05,1.1e-05,0.0,1e-06,0.000174,0.0,2e-06,0.0
seattle-wa__72295__fov25px57.jpg,seattle-wa,72295,5VM8Qbj76zIhHZx9fKcVUQ,False,141.183163,0,0,0,0,0,0,0,0,0,0,0.004363,0.0,1e-06,0.0,0.0,1.3e-05,0.0,0.0,1e-06,0.0
seattle-wa__13893__fov25px57.jpg,seattle-wa,13893,WgQ-n1jC6xwIz8PaiZoEbg,False,109.580643,1,0,0,0,0,1,1,0,0,0,0.999983,0.0,1e-06,8.4e-05,0.0,0.146336,1.2e-05,0.0,3.9e-05,0.0
seattle-wa__207382__fov25px57.jpg,seattle-wa,207382,vQVeRN1v85lUitC1LDTSxw,True,18.695601,0,0,0,0,0,0,0,0,1,0,3.9e-05,0.0,0.000191,0.033024,0.0,4.6e-05,6e-06,2e-06,0.010106,1e-06
seattle-wa__43623__fov25px57.jpg,seattle-wa,43623,ZUx-DkQKRWkoYA00wEwYYw,False,463.43021,0,0,0,0,0,1,0,0,0,0,0.01261,0.0,1e-06,2.1e-05,0.0,0.0,5e-06,0.0,1.4e-05,0.0
seattle-wa__234307__fov25px57.jpg,seattle-wa,234307,TOPhMPlatQdkTX5n5ZW0hw,False,14.682522,1,0,0,0,0,0,0,0,0,0,0.999982,2e-06,7.7e-05,0.0,0.0,0.997926,1e-06,0.0,5e-06,0.0
seattle-wa__17656__fov25px57.jpg,seattle-wa,17656,6vQ2rn0P9JB6-wkrrLBnyg,False,102.465426,1,0,0,0,0,0,0,0,0,0,0.99998,0.073612,0.0,2.6e-05,0.0,2.1e-05,3.3e-05,0.0,0.479706,0.0
seattle-wa__262484__fov25px57.jpg,seattle-wa,262484,NNL8LeZSgLpeAqVoRLWTSg,False,309.465863,0,0,0,0,0,0,0,0,0,0,1e-06,2e-06,1e-05,1e-06,0.0,1e-06,8e-06,1e-06,1e-05,1e-06
seattle-wa__237484__fov25px57.jpg,seattle-wa,237484,MGQtHS9UGCHMyUtC7BIR_Q,True,17.16539,1,0,0,0,0,0,0,0,0,0,0.999995,2e-06,0.0,4e-06,0.0,0.000122,1e-06,0.0,5e-06,0.0
seattle-wa__227026__fov25px57.jpg,seattle-wa,227026,pjTlqJEckWiyeXm7iNUa8Q,False,193.216294,0,0,0,0,0,0,0,0,0,0,0.0,0.0,2e-06,0.0,0.0,6e-06,1e-06,0.0,1e-06,5e-06
seattle-wa__190803__fov25px57.jpg,seattle-wa,190803,kEJUpvvY3DR_ZJKV6Jrd9A,True,1.061493,0,0,0,0,0,0,0,0,0,0,0.0,2e-06,1e-05,0.0,0.0,5e-06,1e-06,0.0,0.0,8e-06
seattle-wa__263384__fov25px57.jpg,seattle-wa,263384,r6_O9vMYziG_XGClnv0nLQ,True,3.128489,0,0,0,0,0,0,0,0,0,0,2.7e-05,5e-06,0.0,0.0,0.0,4e-06,3e-06,0.0,1e-06,0.0
seattle-wa__178699__fov25px57.jpg,seattle-wa,178699,knDYaO2uVp2iKrJA-8uJdw,False,8.225511,0,0,0,0,0,0,0,0,0,0,1.8e-05,0.0,0.0,0.0,0.0,1e-06,3e-06,0.0,4e-06,1e-06
seattle-wa__232256__fov25px57.jpg,seattle-wa,232256,UqYviIrmJ-dCFaiH_hmEEA,True,10.496374,0,0,0,0,0,0,0,0,0,0,3e-06,4e-05,0.0,0.0,0.0,7.8e-05,0.0,0.0,0.0,1e-06
seattle-wa__100632__fov25px57.jpg,seattle-wa,100632,4_rxjedgVEWTe7QnomGJ1A,False,177.650737,1,0,0,0,0,0,0,0,0,0,0.999749,1e-06,7e-06,9e-06,0.0,1e-06,1e-06,0.0,4e-06,0.0
seattle-wa__190624__fov25px57.jpg,seattle-wa,190624,kI86WNSDMaE0dOijaXRH-g,False,188.521017,1,0,0,1,0,0,0,0,1,0,0.999998,0.795184,0.000309,5e-06,0.0,0.678924,1e-06,2e-06,0.755457,0.0
seattle-wa__47828__fov25px57.jpg,seattle-wa,47828,dHs9axHbNE5dJW20a8-qBw,False,195.540568,0,0,0,0,0,0,0,0,0,0,5e-06,1.2e-05,0.018282,0.0,0.0,2.6e-05,0.000272,0.0,0.437745,0.000498
seattle-wa__175975__fov25px57.jpg,seattle-wa,175975,wGSdr7y3fNmvVT-PKjrh_Q,True,9.681212,0,0,0,0,0,1,0,0,0,0,0.003373,9e-06,0.0,0.0,0.0,0.000224,8e-06,0.0,5e-06,0.0
seattle-wa__235213__fov25px57.jpg,seattle-wa,235213,HKynkB7fOnh08AGz2XM3HA,True,9.265313,0,0,0,0,0,1,0,0,0,0,0.997566,0.0,2.2e-05,0.0,0.0,0.000355,0.0,0.0,2e-06,0.0
seattle-wa__238869__fov25px57.jpg,seattle-wa,238869,KS6slOKV41ZBmgbmNJlNPA,False,220.401743,1,1,1,0,0,0,0,0,0,0,0.999997,0.000118,1e-06,2e-06,0.0,1e-06,7.3e-05,0.0,1.1e-05,0.0
seattle-wa__182888__fov25px57.jpg,seattle-wa,182888,RAFi4einT7x6mPa7TVo6WQ,True,3.190067,0,0,0,0,0,1,0,0,0,0,0.049683,4e-06,0.0,0.0,0.0,0.002394,0.000101,0.0,1e-06,2e-06
seattle-wa__4601__fov25px57.jpg,seattle-wa,4601,SqcjV-JU3shzLv3c70Oxng,False,918.111739,1,1,0,0,0,0,0,0,0,0,0.999971,0.0,0.039841,1e-06,0.0,0.794739,6.5e-05,0.0,4e-06,0.0
seattle-wa__160741__fov25px57.jpg,seattle-wa,160741,75MCAxbfF4K7d4LGGTGCZg,True,1.367529,1,0,0,0,0,0,0,0,0,0,1.0,0.008163,1e-06,5e-06,0.0,8.2e-05,0.0,0.0,7e-06,0.0
seattle-wa__74790__fov25px57.jpg,seattle-wa,74790,fz5xclCGUL9z1Oy-o3orFA,True,2.610939,0,0,1,0,0,1,0,0,0,0,3e-06,0.0,5.9e-05,1e-06,0.0,3.9e-05,0.0,0.0,4.1e-05,1e-06
seattle-wa__112880__fov25px57.jpg,seattle-wa,112880,v84U4gR1q9gSyJmm6G6vaQ,True,17.271302,0,0,0,0,0,0,0,0,0,0,4e-06,1.2e-05,0.0,9e-06,0.0,5e-06,9e-06,0.0,1e-06,2e-06
seattle-wa__195765__fov25px57.jpg,seattle-wa,195765,vvmVSXVlrhZfqvfZ24N_3Q,False,8.78473,1,0,0,0,0,0,0,0,0,0,0.999996,0.047677,0.0,0.0,0.0,1.4e-05,5e-06,7e-06,0.000105,0.0
seattle-wa__95434__fov25px57.jpg,seattle-wa,95434,11LOmhXbFON28yOSxF5BoA,True,9.785375,0,0,0,0,0,0,0,0,0,0,1e-06,9e-06,0.0,1e-06,0.0,4e-06,1e-06,0.0,1e-06,0.0
seattle-wa__219135__fov25px57.jpg,seattle-wa,219135,-jJa_A0cU4lzF4B7WOZukQ,False,11.001163,1,0,0,0,0,0,0,0,0,0,0.999999,0.0,0.000881,8e-06,0.0,0.050232,0.000208,0.0,2.8e-05,0.0
seattle-wa__148604__fov25px57.jpg,seattle-wa,148604,LdK1XW53zKtry-zaql0x-w,True,8.557592,1,1,1,0,0,1,0,0,0,0,1.0,0.000845,1e-06,1.4e-05,0.0,0.120417,2.4e-05,0.0,6e-06,0.0
seattle-wa__207933__fov25px57.jpg,seattle-wa,207933,vgClEzH3pAphWTuDQGpvXQ,False,11.246468,0,1,0,0,0,0,0,0,0,0,2.7e-05,0.0,1e-06,1e-06,0.0,0.0,2e-06,0.0,1e-06,0.0
seattle-wa__72781__fov25px57.jpg,seattle-wa,72781,Y8GW9N5x3GGqM90Lp8LJpg,False,418.5494,0,0,0,0,0,0,0,0,0,0,4.4e-05,0.000103,6e-06,0.0,0.0,1e-06,1e-06,0.0,0.000435,0.0
seattle-wa__262912__fov25px57.jpg,seattle-wa,262912,nGYStdHRRHYv70Kft2mHkQ,False,410.650461,0,0,0,0,0,1,0,0,0,0,1e-06,0.0,0.018478,1e-06,0.0,0.744131,1e-06,0.0,5e-06,8e-06
seattle-wa__2627__fov25px57.jpg,seattle-wa,2627,qH-dUJQmb6Gmr9fUFtdHNg,True,16.588452,1,1,0,0,0,0,0,0,0,0,1.0,7e-06,2e-06,2e-06,0.0,0.001678,1.3e-05,1e-06,1e-06,0.0
seattle-wa__104310__fov25px57.jpg,seattle-wa,104310,C4AeD8uwFKGtkKphuPh9Pw,False,10.15085,1,0,0,0,0,0,0,0,0,0,0.999999,6e-06,0.000176,0.000151,0.0,3e-06,2e-06,0.0,0.0,0.0
seattle-wa__162179__fov25px57.jpg,seattle-wa,162179,jTLwjZSKW78XxMZkuMKU8Q,False,195.595828,1,1,0,0,0,0,0,0,0,0,0.999997,4.1e-05,0.0,0.000235,0.0,1.7e-05,0.0,0.0,2e-06,0.0
seattle-wa__150969__fov25px57.jpg,seattle-wa,150969,HC0dnlwoQsfNxQV9Hl17sQ,True,0.673837,0,0,1,0,0,1,0,0,0,0,0.001977,8.1e-05,0.059264,0.0,0.0,3.5e-05,1.8e-05,1e-06,0.0,0.0
seattle-wa__200677__fov25px57.jpg,seattle-wa,200677,OFHPxzlz3VkPzaThkhz70w,False,18.256901,0,0,0,0,0,0,0,0,0,0,2e-06,0.0,0.0,2e-06,0.0,1e-06,5e-06,0.0,1e-06,3e-06
seattle-wa__72293__fov25px57.jpg,seattle-wa,72293,5VM8Qbj76zIhHZx9fKcVUQ,False,120.758998,0,0,0,0,0,1,0,0,0,0,0.039497,0.0,1.2e-05,0.000269,0.0,0.0,1e-06,0.0,1e-06,0.0
seattle-wa__95428__fov25px57.jpg,seattle-wa,95428,rMCwDPO44YdeL85SPrLOmA,True,6.31237,0,0,0,0,0,0,0,0,0,0,4e-06,1e-06,1e-06,1e-06,0.0,0.0,4e-06,0.0,8.6e-05,0.0
seattle-wa__193296__fov25px57.jpg,seattle-wa,193296,XkZBUOOyndujClOvTwbtIA,False,74.320417,0,0,0,0,0,0,0,0,0,0,3e-06,3e-06,0.0,1e-06,0.0,8e-06,7e-06,0.0,2e-06,2e-06
seattle-wa__209468__fov25px57.jpg,seattle-wa,209468,z1LanOGeQK_1eEfP6ffDPw,True,16.245091,0,0,0,0,0,0,0,0,0,0,4.2e-05,3e-06,1e-05,1e-06,0.0,0.0,4.8e-05,0.0,2e-06,0.0
seattle-wa__236331__fov25px57.jpg,seattle-wa,236331,ZakTXfR7g7pn1NkYpvsIqg,True,5.854942,0,0,0,0,0,0,0,0,0,0,4e-05,1e-06,0.0,1e-06,0.0,6e-06,5e-05,1e-06,0.0,0.0
seattle-wa__192941__fov25px57.jpg,seattle-wa,192941,o7WEeQnVcMb2KVDUE4RwQg,False,7.845787,1,0,0,0,0,0,0,0,1,0,0.99999,1e-06,0.000239,0.000429,0.0,0.0,0.000142,0.0,0.001344,0.0
seattle-wa__1233__fov25px57.jpg,seattle-wa,1233,QIyXD3LVDR8MzD37SaeYjw,False,196.735393,0,0,0,0,0,0,0,0,0,0,5e-05,0.0,2e-06,0.0,0.0,1e-06,2e-06,0.0,0.0,0.0
seattle-wa__191042__fov25px57.jpg,seattle-wa,191042,L7GkCKkpEXZPpLANfA-6fA,False,82.214335,0,0,0,0,0,0,0,0,0,0,0.091351,1e-06,9e-06,1e-06,0.0,5e-06,0.0,0.0,0.0,0.0
seattle-wa__193232__fov25px57.jpg,seattle-wa,193232,MvDFYy5ganVU3QIl_Adh1A,False,174.678757,1,0,0,0,0,0,0,0,0,0,1.0,0.000316,2e-06,0.000555,0.0,3e-06,7e-06,0.0,2e-06,0.0
seattle-wa__30836__fov25px57.jpg,seattle-wa,30836,_v3LfBjOZtHuVe1ecgbi8A,False,135.917014,0,0,0,0,0,0,0,0,0,0,0.0,3e-06,2e-06,1e-06,0.0,2e-06,3e-06,0.0,3e-06,1e-06
seattle-wa__18823__fov25px57.jpg,seattle-wa,18823,V7fLqxsZp-LfGn74qV42ow,True,13.722061,0,0,0,0,0,0,0,0,0,0,2e-06,4.1e-05,2e-06,0.0,0.0,1e-06,1e-06,0.0,0.000195,1e-06
seattle-wa__125764__fov25px57.jpg,seattle-wa,125764,v9r_qVUOiCTlTdNyc7juIQ,False,13.218821,1,0,0,0,0,0,0,0,0,0,0.999998,2e-06,0.02092,1e-06,0.0,0.000157,1e-06,0.0,1e-06,0.0
seattle-wa__29303__fov25px57.jpg,seattle-wa,29303,xBx1o_G8UDwzEIGff0DlyQ,False,319.028706,0,0,0,0,0,1,0,0,0,0,0.998268,1e-06,0.0,1e-05,0.0,0.0,0.0,0.0,4e-06,0.0
seattle-wa__170459__fov25px57.jpg,seattle-wa,170459,Ydk498kMFKKYH6H4XPAr9g,False,172.329849,1,0,0,0,0,0,0,0,0,0,0.999992,0.0,0.000261,0.000108,0.0,0.0,3e-06,3e-06,3.6e-05,0.0
seattle-wa__104183__fov25px57.jpg,seattle-wa,104183,-BHPjKRKrAqaoD7NuvNpxg,True,10.342199,1,1,0,0,0,0,0,0,1,0,1.0,0.005243,0.000239,0.000277,0.0,0.780724,3e-06,1.4e-05,2e-06,0.0
seattle-wa__219207__fov25px57.jpg,seattle-wa,219207,-BOkeVd-bhwaJs60M0MGzw,False,204.777663,0,0,0,0,0,0,0,0,0,0,4e-06,0.0,0.0,0.0,0.0,1e-05,2e-06,0.0,2e-06,1e-06
seattle-wa__116690__fov25px57.jpg,seattle-wa,116690,knnDxwZ5RXipyaM19LJcLw,False,7.829664,1,0,1,0,0,0,0,0,0,0,0.999999,0.00755,0.030066,0.0,0.0,0.026341,2e-06,0.0,1e-06,0.0
seattle-wa__26880__fov25px57.jpg,seattle-wa,26880,yKPfT3GBe_nfPOZRMP8hHA,False,212.4168,0,0,0,0,0,1,0,0,0,0,9e-06,0.0,0.0,4e-06,0.0,0.023133,2e-06,0.0,3e-06,0.0
seattle-wa__270219__fov25px57.jpg,seattle-wa,270219,BUB8ZqiwgVm7YgldSIyD6Q,False,1.671199,0,0,1,0,0,0,0,0,0,0,0.000975,2.8e-05,0.055613,0.0,0.0,0.000475,3.2e-05,0.0,0.000287,0.0
seattle-wa__4374__fov25px57.jpg,seattle-wa,4374,LcHHGFemEOr-NGieevZOUQ,False,91.418913,1,0,0,0,0,1,0,0,1,0,0.999999,4e-06,1e-06,1e-06,0.0,1.1e-05,1.6e-05,0.0,0.004496,0.0
seattle-wa__17679__fov25px57.jpg,seattle-wa,17679,H_NHVBvvvPxdcU_iZaSVHw,False,14.860283,1,0,0,0,0,0,0,0,0,0,1.0,0.043874,1.6e-05,5e-06,0.0,0.0,4e-06,3e-06,2e-05,0.0
seattle-wa__41509__fov25px57.jpg,seattle-wa,41509,GAFSz0ETppBl3q5fRzs6uA,False,12.390768,1,0,0,0,0,0,0,0,0,0,0.999995,0.000148,1e-06,2.2e-05,0.0,0.0,1.1e-05,0.0,2e-06,0.0
seattle-wa__83383__fov25px57.jpg,seattle-wa,83383,OIiNkxt0Qssqq7_P-t_ZUw,True,18.326651,0,0,0,0,0,0,0,0,0,0,1.2e-05,1.2e-05,0.018877,0.0,0.0,0.000373,3e-06,0.0,1e-06,0.0
seattle-wa__106853__fov25px57.jpg,seattle-wa,106853,z9x6wQPfP_gqykloKhHHQg,False,265.690773,0,0,0,0,0,0,0,0,0,0,1e-06,0.005426,2.4e-05,0.0,0.0,0.00219,5e-06,0.0,0.0,1e-06
seattle-wa__244286__fov25px57.jpg,seattle-wa,244286,3NyLysE7Kvmjd7phK9u4Ew,True,13.622093,1,0,0,0,0,1,0,0,0,0,0.999997,8e-06,0.004162,0.000472,0.0,0.991979,8.6e-05,0.473555,0.000145,1e-06
seattle-wa__3009__fov25px57.jpg,seattle-wa,3009,md8PvNjMGRPwmRfD8dA-aQ,False,106.782062,1,0,0,0,0,0,0,0,0,0,0.999999,4e-05,7e-06,0.0,0.0,0.001998,8e-06,0.0,0.0,0.0
seattle-wa__178663__fov25px57.jpg,seattle-wa,178663,1mTop0mEEf25ccmB4TMkiQ,False,136.855629,0,0,0,0,0,0,0,0,0,0,2e-06,0.0,1e-06,1e-06,0.0,1e-06,1e-06,0.0,1e-06,2e-06
seattle-wa__1457__fov25px57.jpg,seattle-wa,1457,MFJhr0rKEw5plNZvipa9UA,True,11.505151,0,0,0,0,0,0,0,0,0,0,0.0,2e-06,5e-06,0.0,0.0,5.7e-05,1e-06,0.0,3e-06,1e-06
seattle-wa__81510__fov25px57.jpg,seattle-wa,81510,58cJsbvIG5I1tyyyQv3rKw,True,19.02442,0,0,0,0,0,0,0,0,0,0,8e-06,0.0,2e-06,8e-06,0.0,3e-06,1.5e-05,0.0,1e-06,0.0
seattle-wa__263736__fov25px57.jpg,seattle-wa,263736,8kry-TG55W8m7oJeeSG8ig,False,299.673709,0,0,0,0,0,0,0,0,0,0,0.0,1e-06,6e-06,4e-06,0.0,0.0,6e-06,0.0,2.5e-05,6e-06
seattle-wa__234408__fov25px57.jpg,seattle-wa,234408,xC0EvxF4Wf_oLMATUUHx0A,True,4.660284,0,0,0,0,0,0,0,0,0,0,0.0,1.3e-05,1e-06,0.0,0.0,2e-06,2e-06,0.0,1e-06,3e-06
seattle-wa__83767__fov25px57.jpg,seattle-wa,83767,lymj0K8OMLbl61ytUaK6GQ,False,275.29948,0,0,0,0,0,0,0,0,0,0,5e-06,9e-06,0.001604,1e-06,0.0,0.0,1e-05,1e-06,8e-06,1e-06
seattle-wa__115426__fov25px57.jpg,seattle-wa,115426,Uizg5wxz66SaYiwl38Ul4A,False,85.994398,1,0,0,0,0,0,0,0,0,0,0.998166,1e-06,0.0,0.0,0.0,2e-06,1e-06,0.0,2e-06,0.0
seattle-wa__273451__fov25px57.jpg,seattle-wa,273451,-jQ974qPmWwJ4UtN4jbHeQ,False,8.11028,0,0,0,0,0,1,0,0,1,0,0.175083,0.001163,0.000192,0.001178,0.0,0.00541,0.000107,4.1e-05,1.0,0.000275
seattle-wa__132590__fov25px57.jpg,seattle-wa,132590,LwUG4YSEITzBilrv6azddA,True,3.494509,0,0,0,0,0,0,0,0,0,0,0.0,3e-06,0.0,0.0,0.0,0.000738,3e-06,0.0,2e-06,2e-06
seattle-wa__179332__fov25px57.jpg,seattle-wa,179332,47yeI7OL557V7a10GnXqXQ,False,139.432232,1,0,0,0,0,0,0,0,1,0,0.99998,1e-05,0.0,0.00547,0.0,0.042576,7.3e-05,0.000314,0.753896,1e-06
seattle-wa__238383__fov25px57.jpg,seattle-wa,238383,F_hryqwrFXS2ClHDxWfP4A,False,14.982859,1,0,0,0,0,1,0,0,0,0,0.999991,2.9e-05,0.0,1e-06,0.0,0.000223,0.0,0.0,2e-06,0.0
seattle-wa__84962__fov25px57.jpg,seattle-wa,84962,x_v-7xelBQC1qU7nw7jRuw,False,102.103443,0,0,0,0,0,0,0,0,0,0,4e-06,1e-06,0.0,0.0,0.0,1e-06,2e-06,1e-06,2e-06,2e-06
seattle-wa__165785__fov25px57.jpg,seattle-wa,165785,9tFT_JG3wKEHux5Rswlabg,False,1.978079,1,0,0,0,0,0,0,0,0,0,0.999999,0.00183,0.00028,4e-06,0.0,0.0,1e-06,0.0,1e-06,0.0
seattle-wa__265320__fov25px57.jpg,seattle-wa,265320,DpaX38U1ku0ilWp7GOlkOA,False,220.451186,0,0,0,0,0,0,0,0,0,0,9e-06,5e-06,0.0,1e-06,0.0,6e-06,1.5e-05,0.0,1e-06,2e-06
seattle-wa__202390__fov25px57.jpg,seattle-wa,202390,KyoTTuCPuyQYbW8nnw0Gbw,False,148.120077,0,0,0,0,0,0,0,0,0,0,4e-06,0.0,1.5e-05,0.0,0.0,6.8e-05,2e-06,0.0,0.0,2e-06
seattle-wa__262939__fov25px57.jpg,seattle-wa,262939,1g279uJy5M_7O5qPk07Qpw,False,419.094213,1,0,0,0,0,0,0,0,0,0,0.994259,0.0,0.0,0.001158,0.0,4.9e-05,2e-06,0.0,5e-06,0.0
seattle-wa__120865__fov25px57.jpg,seattle-wa,120865,sYjL9qRywHucJ-3lurzH6A,False,104.229962,1,0,0,0,0,0,0,0,0,0,1.0,0.005465,7e-06,1e-06,0.0,0.000847,5e-06,0.0,0.0,0.0
seattle-wa__227100__fov25px57.jpg,seattle-wa,227100,o49Zn7s9pvVtmcDoxzT3gA,True,1.246087,1,0,0,0,0,1,0,0,0,0,0.999995,0.019707,1e-06,4e-06,0.0,0.566098,1e-06,0.0,1e-06,0.0
seattle-wa__241930__fov25px57.jpg,seattle-wa,241930,dmP-KHIYahGVtMmsn9qKqw,False,7.418646,0,0,0,0,0,0,0,0,0,0,0.233993,0.0,1e-06,0.0,0.0,2.3e-05,1e-06,0.0,3e-06,0.0
seattle-wa__52318__fov25px57.jpg,seattle-wa,52318,IqEqx1CLFUYzanC5iz_yPQ,False,85.898275,1,0,0,0,0,0,0,0,0,0,0.999992,1e-06,0.0,1.6e-05,0.0,0.637477,4e-06,1e-06,0.0,0.0
seattle-wa__237077__fov25px57.jpg,seattle-wa,237077,LXK8C_zBMlF0ObIXQo4zTg,False,12.2827,0,0,0,0,0,0,0,0,0,0,0.00141,5e-06,2.2e-05,1e-06,0.0,0.0,3.3e-05,1e-06,6e-06,0.0
seattle-wa__205579__fov25px57.jpg,seattle-wa,205579,uGc_gcFHof2rSUx2NHXMLQ,True,2.475421,0,0,0,0,0,0,0,0,0,0,1.1e-05,0.0,0.000197,1e-06,0.0,1e-06,1e-06,0.0,0.000715,0.0
seattle-wa__145910__fov25px57.jpg,seattle-wa,145910,nzXEjqz5sFjWpZ6Nk1WGhw,True,0.134084,1,0,0,0,0,1,0,0,0,0,0.999905,1e-06,0.0,2.1e-05,0.0,0.98929,2e-06,1e-06,5e-06,0.0
seattle-wa__260178__fov25px57.jpg,seattle-wa,260178,wsprOOgHFT1SdBk9zmbkSA,False,94.502255,1,0,0,0,0,0,0,0,0,0,1.1e-05,1e-06,1e-06,1e-06,0.0,1e-06,1.3e-05,0.0,2.1e-05,3.1e-05
seattle-wa__132617__fov25px57.jpg,seattle-wa,132617,VZt6zSyfqDi4aPUfhTRuCA,True,4.021831,0,0,0,0,0,0,0,0,0,0,0.999987,0.0,0.000647,1e-06,0.0,7e-06,2e-06,0.0,1.5e-05,0.0
seattle-wa__240826__fov25px57.jpg,seattle-wa,240826,DTUNsrUXUpJltNCAFjeToA,False,0.731622,0,0,0,0,0,1,0,0,0,0,0.002048,0.0,3e-06,0.0,0.0,7.1e-05,1e-06,0.0,0.0,0.0
seattle-wa__191209__fov25px57.jpg,seattle-wa,191209,t9bIhR8gBzh9c9UnBlETQw,True,0.570356,0,0,0,0,0,0,0,0,0,0,4e-06,0.000447,2.6e-05,0.0,0.0,1e-06,2e-06,0.0,0.000304,1.5e-05
seattle-wa__273466__fov25px57.jpg,seattle-wa,273466,4uvgm9-5FuPsaxuevBYVZw,True,10.537043,0,0,0,0,0,0,0,0,0,0,4.5e-05,0.001298,7e-06,0.0,0.0,0.000156,5e-06,3e-06,0.0,1e-06
seattle-wa__193162__fov25px57.jpg,seattle-wa,193162,iZFMW4idLMh8DFkDLjLhnQ,False,347.520375,1,0,0,0,0,0,0,0,0,0,0.997907,2e-06,7e-06,0.003454,0.0,3e-06,2e-06,6.1e-05,1e-06,0.0
seattle-wa__17917__fov25px57.jpg,seattle-wa,17917,lgY-XWFDyK6Z3dqBQNk5vQ,False,230.702538,1,0,0,0,0,1,0,0,0,0,1.0,0.007975,0.0011,0.0,0.0,0.000188,0.0,0.0,4e-06,0.0
seattle-wa__191055__fov25px57.jpg,seattle-wa,191055,521qFBsGM8OM7_3vVrcClQ,False,42.405222,0,0,0,0,0,0,0,0,0,0,1.4e-05,5e-06,1.2e-05,0.0,0.0,3e-06,5e-06,0.0,0.0,0.0
seattle-wa__2790__fov25px57.jpg,seattle-wa,2790,KNAbXuDajY98pr5hQt4zJw,True,13.151898,1,0,0,0,0,0,0,0,1,0,0.999998,0.633815,2.4e-05,2e-06,0.0,0.0,2e-06,4.7e-05,2e-06,0.0
seattle-wa__99193__fov25px57.jpg,seattle-wa,99193,ih4s35lVCZGmFWThF1rrUQ,True,9.608589,0,0,0,0,0,0,0,0,0,0,0.0,1.3e-05,7e-06,2e-06,0.0,3e-06,3e-06,0.0,1e-06,1e-06
seattle-wa__186552__fov25px57.jpg,seattle-wa,186552,8I5LpjrozHM9Rbo17xb8-Q,False,250.882784,1,0,0,0,0,0,0,0,0,0,0.999999,0.000153,1e-06,0.114407,0.0,0.000257,1e-06,0.0,2e-06,0.0
seattle-wa__162475__fov25px57.jpg,seattle-wa,162475,mIXkXRXaT2YoocbTX59qCQ,True,9.664046,1,0,0,0,0,0,0,0,0,0,0.089364,2.8e-05,0.00022,0.0,0.0,0.98124,1.3e-05,2e-06,8e-06,0.0
seattle-wa__127243__fov25px57.jpg,seattle-wa,127243,P0O7rq-kDAMZxxpo2rZPKw,True,2.796019,0,0,0,0,0,0,0,0,0,0,0.00015,1e-06,0.0,2e-06,0.0,1.4e-05,2e-06,0.0,0.0,0.0
seattle-wa__58990__fov25px57.jpg,seattle-wa,58990,oGu46pbfsPWai0WeUHNoyg,False,19.99988,0,0,0,0,0,0,0,0,0,0,0.000669,0.0,2.5e-05,5e-06,0.0,4e-06,0.001855,0.0,3.3e-05,0.0
seattle-wa__104181__fov25px57.jpg,seattle-wa,104181,-BHPjKRKrAqaoD7NuvNpxg,True,4.779101,0,0,0,0,0,0,0,0,0,0,9.3e-05,0.0,2e-06,1.8e-05,0.0,3e-06,3e-06,0.0,0.0,1e-06
seattle-wa__236556__fov25px57.jpg,seattle-wa,236556,q5Y22O1FX0kF6DV8FnLXvA,False,70.842249,1,0,0,0,0,0,0,0,0,0,0.999989,0.32842,1e-06,9e-06,0.0,0.020639,4.7e-05,0.0,0.0,0.0
seattle-wa__8627__fov25px57.jpg,seattle-wa,8627,2Ef3jIjH2Qaopj8GkcHqqg,True,2.459704,1,0,0,0,0,0,0,0,0,0,0.999994,3e-06,4e-06,0.0,0.0,0.000139,1e-06,0.0,0.0,0.0
seattle-wa__263455__fov25px57.jpg,seattle-wa,263455,XkYJGTmNVdCmcfGfQClKyA,True,5.429588,0,0,0,0,0,0,0,0,0,0,0.0,0.000284,1e-06,0.0,0.0,1e-06,8e-06,1e-06,1.1e-05,4e-06
seattle-wa__104219__fov25px57.jpg,seattle-wa,104219,WgWwnqApJzz5RauDxcIq6Q,True,15.008444,1,0,0,0,0,1,0,0,0,0,0.999999,0.008354,0.0,2.2e-05,0.0,0.032365,2e-06,0.0,4e-06,0.0
seattle-wa__13707__fov25px57.jpg,seattle-wa,13707,HHknLHNYKr6YJoI6Rfgwrg,False,100.090921,0,0,0,0,0,0,0,0,0,0,3e-06,0.0,0.0,2e-06,0.0,4e-06,1.3e-05,0.0,1e-06,1e-06
seattle-wa__72553__fov25px57.jpg,seattle-wa,72553,1jrN_CfCISFuUl3AfYLRqg,False,442.340238,0,0,0,0,0,0,0,0,0,0,0.999624,6.8e-05,1.7e-05,1e-06,0.0,0.0,2e-06,0.0,1e-06,0.0
seattle-wa__35133__fov25px57.jpg,seattle-wa,35133,sVve408ylMCwsnG7zjjzeA,True,7.584962,0,0,0,0,0,0,0,0,0,0,0.0,0.747633,0.003929,1e-06,0.0,0.520718,1.1e-05,3e-06,7.5e-05,3e-05
seattle-wa__207150__fov25px57.jpg,seattle-wa,207150,AV_eLjXp9hra0s9EhnqHQQ,False,214.910293,1,1,0,0,0,0,0,0,0,0,0.999258,0.0,1e-06,0.000136,0.0,8.4e-05,0.0,0.0,2e-06,0.0
seattle-wa__120966__fov25px57.jpg,seattle-wa,120966,f7GpVU2GvhP1TPXStzeiaQ,False,134.73478,0,0,0,0,0,0,0,0,0,0,3e-06,1e-06,0.0,5e-06,0.0,2e-06,1e-06,0.0,1e-06,0.0
seattle-wa__171530__fov25px57.jpg,seattle-wa,171530,wHj7mV9U3aRXGAiblJ4RZQ,False,109.267175,0,0,0,0,0,0,0,0,0,0,3e-06,1e-06,0.0,0.0,0.0,3e-06,1e-06,0.0,0.0,6e-06
seattle-wa__99115__fov25px57.jpg,seattle-wa,99115,NkE-H9wul95zw3NS-RHwAA,False,210.091284,1,1,1,0,0,0,0,0,0,0,0.999929,4e-06,1e-06,1e-06,0.0,3.3e-05,1e-06,1e-06,0.0,0.0
seattle-wa__226454__fov25px57.jpg,seattle-wa,226454,qEB_vI1kM6u187ZjlgEkrA,False,209.285033,0,0,0,0,0,0,0,0,0,0,1e-06,1e-06,5e-06,0.0,0.0,0.033641,1e-06,0.0,0.0,1e-06
seattle-wa__238704__fov25px57.jpg,seattle-wa,238704,x5sDl9_Ot3dS3E7478c6yg,False,184.952536,0,0,0,0,0,0,0,0,0,0,0.000324,0.0,0.0,0.0,0.0,3.2e-05,3e-06,0.0,1e-06,1e-06
seattle-wa__133931__fov25px57.jpg,seattle-wa,133931,8-X36Br3xUcJZ8fuQoOxpQ,True,15.225652,1,0,0,0,0,0,0,0,0,0,0.246342,0.000731,0.00568,0.095306,2e-06,0.115713,0.006203,0.005286,0.000544,0.005991
seattle-wa__75730__fov25px57.jpg,seattle-wa,75730,re2hcUdb3ApVppWd9QXMiQ,True,10.563775,0,0,0,0,0,0,0,0,0,0,0.057251,0.0,0.326612,6e-06,0.0,1e-06,1e-06,3e-06,1e-06,0.0
seattle-wa__123212__fov25px57.jpg,seattle-wa,123212,PXxw-Jee5ArV-OuDmuKItA,False,15.388107,0,0,0,0,0,0,0,0,0,0,1e-06,1e-06,2e-06,0.0,0.0,4.1e-05,1e-06,0.0,0.0,2e-06
seattle-wa__161381__fov25px57.jpg,seattle-wa,161381,RcGxD4RAgSfhQ_NYRFMB9w,False,11.453339,0,0,0,0,0,0,0,0,0,0,3e-06,1e-06,2e-06,2e-06,0.0,4e-06,0.000323,0.0,3.9e-05,7e-06
seattle-wa__263667__fov25px57.jpg,seattle-wa,263667,a1UvHcyRtTxLFYfUGBZEBg,False,21.108183,0,0,0,0,0,0,0,0,0,0,0.000222,2.9e-05,0.0,1.5e-05,0.0,3e-06,7e-06,1e-06,1e-06,0.0
seattle-wa__265576__fov25px57.jpg,seattle-wa,265576,zRVqz3z2dWoaOmU_bmrHjA,False,24.401678,0,0,0,0,0,0,0,0,0,0,9.4e-05,2.7e-05,2e-06,6e-06,0.0,4e-05,6.8e-05,0.0,0.0,0.0
seattle-wa__98948__fov25px57.jpg,seattle-wa,98948,XqCVtl1uJ_sbvepKknKudw,True,12.360208,1,0,0,0,0,0,0,0,0,0,0.999999,1.1e-05,0.0,7e-06,0.0,9e-06,0.000206,0.0,6e-05,0.0
seattle-wa__44932__fov25px57.jpg,seattle-wa,44932,ip5p-E0ymYIItKSjfr8OBw,False,187.142279,0,0,0,0,0,0,0,0,0,0,0.0,0.0,5e-06,1e-06,0.0,0.00013,3e-06,0.0,1e-06,2e-06
seattle-wa__16453__fov25px57.jpg,seattle-wa,16453,v8kerNBMwT9A3iX6nnkcEA,False,15.330752,1,0,0,0,0,1,0,0,0,0,1.0,0.001433,0.0,2e-06,0.0,0.000657,0.0,0.0,1e-06,0.0
seattle-wa__30421__fov25px57.jpg,seattle-wa,30421,FziGgmkHrSUmIMuuznPDjQ,True,10.926014,0,0,0,0,0,0,0,0,0,0,1e-06,5e-06,0.0,3e-06,0.0,0.000409,1e-06,0.0,1e-06,0.0
seattle-wa__193294__fov25px57.jpg,seattle-wa,193294,XkZBUOOyndujClOvTwbtIA,False,61.175411,0,0,0,0,0,0,0,0,0,0,0.989165,0.0,2e-06,0.000237,0.0,0.0,2e-06,0.0,2e-06,0.0
seattle-wa__97598__fov25px57.jpg,seattle-wa,97598,MaBXGC2o8TDhxyrZZ5eNXw,True,19.735011,1,0,0,0,0,0,0,0,0,0,0.903024,1.4e-05,6e-06,0.0,0.0,0.000165,0.0,0.0,1e-06,0.0
seattle-wa__109704__fov25px57.jpg,seattle-wa,109704,7y7aXG8-pMIGXuHbyjRz9Q,False,116.317779,0,0,0,0,0,0,0,0,0,0,1e-06,1e-06,4e-06,1e-06,0.0,0.0,1e-06,0.0,3e-06,7e-06
seattle-wa__67636__fov25px57.jpg,seattle-wa,67636,mtWXDZVtYJ6Jht2fOAYvKw,True,5.350441,0,0,0,0,0,1,0,0,0,0,0.001932,1e-06,0.0,0.0,0.0,7.5e-05,7e-06,0.0,0.0,0.0
seattle-wa__158020__fov25px57.jpg,seattle-wa,158020,fHIroYZQkTATwFGFBAuAEA,True,3.53131,0,0,0,0,0,0,0,0,0,0,1e-06,1e-06,0.0,1e-06,0.0,0.003694,1e-06,0.0,1e-06,6e-06
seattle-wa__98418__fov25px57.jpg,seattle-wa,98418,zDbrrFje0ydDHq1cC5RARg,False,102.341375,1,1,0,0,0,0,0,0,0,0,1.0,4e-06,8e-06,2.4e-05,0.0,0.000326,0.0,0.0,1e-06,0.0
seattle-wa__151099__fov25px57.jpg,seattle-wa,151099,l1U_izzIyFb8256ZiVhAow,False,187.237271,1,0,0,0,0,0,0,0,0,0,0.999983,0.0,0.002382,2e-06,0.0,0.0,0.0,0.0,7.3e-05,0.0
seattle-wa__136642__fov25px57.jpg,seattle-wa,136642,qgOvCpLphrSMvGUpebyHKA,False,159.724179,1,0,0,0,0,1,0,0,0,0,1.0,0.001408,2e-06,4e-06,0.0,7.9e-05,0.0,0.0,0.0,0.0
seattle-wa__153194__fov25px57.jpg,seattle-wa,153194,zq4IyJTPGwe22t-oF1Xv6A,False,280.114257,1,0,0,0,0,0,0,0,0,0,0.999965,4e-06,0.0,2e-06,0.0,0.971633,2e-06,0.0,0.000113,0.0
seattle-wa__163998__fov25px57.jpg,seattle-wa,163998,spdXmF_73IM16Y1EDcC56A,False,120.895364,0,0,0,0,0,0,0,0,0,0,0.000112,1e-06,1e-06,0.0,0.0,2e-06,2e-06,0.0,1e-06,0.0
seattle-wa__99462__fov25px57.jpg,seattle-wa,99462,TXNTLnRc3_IOGE2Ct1KfCg,False,185.814827,1,0,0,0,0,0,0,0,0,0,1.0,3.6e-05,0.000111,5e-06,0.0,4.1e-05,2e-06,0.0,0.0,0.0
seattle-wa__270816__fov25px57.jpg,seattle-wa,270816,b17px-qNlqgD1nN3Kcx6HQ,True,11.55496,0,0,1,0,0,1,0,0,0,0,1e-06,2e-06,0.0,1e-06,0.0,0.118592,8e-06,0.0,0.0,9e-06
seattle-wa__104619__fov25px57.jpg,seattle-wa,104619,6NEnq1Ueg4wysoWQVFG6dA,False,123.07509,1,0,0,0,0,1,0,0,0,0,0.999994,6e-06,0.0,0.001016,0.0,2e-06,0.0,0.0,2.8e-05,0.0
seattle-wa__95432__fov25px57.jpg,seattle-wa,95432,rMCwDPO44YdeL85SPrLOmA,True,6.910716,0,0,0,0,0,0,0,0,0,0,1.7e-05,1e-06,0.0,1e-06,0.0,0.0,6e-06,0.0,1e-06,0.0
seattle-wa__259950__fov25px57.jpg,seattle-wa,259950,toI2PytfZY3uanpcx6SphQ,False,146.353391,1,0,0,0,0,0,0,0,1,0,0.999998,0.0,2e-06,0.080871,0.0,2e-05,2.1e-05,4e-06,0.130569,0.0
seattle-wa__28661__fov25px57.jpg,seattle-wa,28661,-_1Yg68XQsuuioeUyLpAkg,False,24.190889,0,0,0,0,0,0,0,0,0,0,2e-06,3e-06,0.0,0.0,0.0,3.2e-05,1e-06,0.0,0.0,0.0
seattle-wa__161378__fov25px57.jpg,seattle-wa,161378,rPsCsKSQk8CPiY_yXIgVZQ,False,10.126888,0,0,0,0,0,0,0,0,0,0,2e-06,3.7e-05,1e-06,0.0,0.0,6.2e-05,2e-06,0.0,2e-06,0.0
seattle-wa__179929__fov25px57.jpg,seattle-wa,179929,2byW1ooIaN40VeEvsHIUlQ,False,630.434715,0,0,0,0,0,0,0,0,0,0,1e-06,6e-06,1.7e-05,6e-06,0.0,0.0,7e-06,1e-06,2e-06,0.0
seattle-wa__42701__fov25px57.jpg,seattle-wa,42701,ZVGSw452HCsc0BdqKEk1Xg,True,12.023659,0,0,0,0,0,0,0,0,0,0,0.000138,2e-06,0.0,0.0,0.0,0.000106,5e-06,0.0,0.0,0.0
seattle-wa__2644__fov25px57.jpg,seattle-wa,2644,nmfhBecANPyHGiiIQqQrhQ,True,24.574205,1,0,0,0,0,0,0,0,0,0,0.999997,6e-06,0.0,0.0,0.0,0.000592,2e-06,2e-06,2e-06,0.0
seattle-wa__38136__fov25px57.jpg,seattle-wa,38136,gTnn6wUgO0CDb11_lSkykQ,True,13.564925,0,0,0,0,0,0,0,0,0,0,1e-06,0.0,3e-06,0.0,0.0,2e-06,3e-06,0.0,0.0,5e-06
seattle-wa__143675__fov25px57.jpg,seattle-wa,143675,geY2u3x-VThFb8CK7aTZJQ,False,131.21517,1,0,0,0,0,0,0,0,0,0,0.999969,0.0,0.0,0.000151,0.0,0.001993,1e-06,0.0,8e-06,0.0
seattle-wa__241932__fov25px57.jpg,seattle-wa,241932,A2_nSbGRJ7Aa4CorTbxntA,False,106.876298,0,0,0,0,0,0,0,0,0,0,1e-06,6e-06,4e-06,0.000277,0.0,0.000314,0.000245,1e-06,0.950462,2.3e-05
seattle-wa__52982__fov25px57.jpg,seattle-wa,52982,CBQXeEKUplDz3FOn9NKLWw,False,178.076883,1,0,0,0,0,0,0,0,0,0,0.999517,0.0,1e-06,0.0,0.0,0.310736,3e-06,0.0,1e-06,0.0
seattle-wa__39391__fov25px57.jpg,seattle-wa,39391,wUGWrilbscEocmSE_Q70dA,False,202.533956,0,0,0,0,0,1,0,0,0,0,0.0,2e-06,7e-06,3e-06,0.0,2e-06,5e-06,0.0,0.0,1.7e-05
seattle-wa__98611__fov25px57.jpg,seattle-wa,98611,D-V3JYBxUB8YjL7-iHbOzg,False,66.063282,1,1,0,0,0,0,0,0,1,0,0.999999,0.005435,1e-06,5.9e-05,0.0,0.0,1e-05,0.0,0.745159,0.0
seattle-wa__157692__fov25px57.jpg,seattle-wa,157692,hAMSEFwZRNH8LNNAYvWhmA,True,1.336442,0,0,0,0,0,0,0,0,0,0,2.7e-05,5e-06,1e-06,1e-06,0.0,5.7e-05,4.1e-05,0.0,0.0,0.0
seattle-wa__74311__fov25px57.jpg,seattle-wa,74311,OqfauxLmFDE_yT_5VFBg4w,False,9.589056,1,0,0,0,0,0,0,0,0,0,0.999996,5e-06,2e-06,5e-06,0.0,1e-06,3e-06,1e-06,2e-06,0.0
seattle-wa__255694__fov25px57.jpg,seattle-wa,255694,OL3S5d0HDLqm9l4DivJQCw,False,4.954793,1,0,0,0,0,0,0,0,1,0,1.0,0.000103,9e-06,0.027889,0.0,0.0,2.2e-05,0.0,0.27112,0.0
seattle-wa__251111__fov25px57.jpg,seattle-wa,251111,LQK8F3WCEFAvw_HI1a3HvQ,False,14.612253,0,0,0,0,0,0,0,0,0,0,0.0,1e-06,6.2e-05,0.0,0.0,0.000594,1e-06,0.0,3e-06,5e-06
seattle-wa__123434__fov25px57.jpg,seattle-wa,123434,vMM6dzvOWqwA4rstg2HG9w,False,89.952233,1,0,0,0,0,0,0,0,0,0,1.0,6.5e-05,2e-06,0.000313,0.0,1e-06,9e-06,6.1e-05,0.008011,0.0
seattle-wa__183878__fov25px57.jpg,seattle-wa,183878,cmn0Ddcbv8z7GN3AO-oYPw,True,2.634958,0,0,0,0,0,0,0,0,0,0,0.003591,2e-06,0.0,0.0,0.0,1.5e-05,0.0,0.0,0.0,0.0
seattle-wa__245294__fov25px57.jpg,seattle-wa,245294,__Yhjo6U0-6pw-WB1T76qw,False,47.298655,0,0,0,0,0,1,0,0,0,0,0.927549,0.0,0.001474,0.000185,0.0,0.958418,2e-06,0.0,1e-06,0.0
seattle-wa__161890__fov25px57.jpg,seattle-wa,161890,F6GE_Suewv5pIYTimhW4Qw,False,63.239703,1,0,0,0,0,0,0,0,0,0,0.999978,8e-06,0.000449,0.0,0.0,6e-06,2e-06,0.0,2e-06,0.0
seattle-wa__1680__fov25px57.jpg,seattle-wa,1680,yR51O4ESGrxvZxlaO6bi7A,False,146.069113,0,0,0,0,0,1,0,0,0,0,0.994478,0.0,0.00052,2e-06,0.0,0.875068,1e-06,0.0,1e-06,0.0
seattle-wa__239134__fov25px57.jpg,seattle-wa,239134,J-LyyWdtFkzsyhYOojz_ug,True,6.081636,0,1,0,0,0,0,0,0,0,0,4.7e-05,0.000252,0.000206,8e-05,0.0,0.0,1e-06,2e-06,0.051458,0.0
seattle-wa__98844__fov25px57.jpg,seattle-wa,98844,s_sY-MxsMVVi_O735h8CUg,True,1.713119,0,0,0,0,0,0,0,0,0,0,0.063366,1e-06,1e-06,3.5e-05,0.0,1e-06,0.0,0.0,0.0,0.0
chicago-il__19358__fov25px57.jpg,chicago-il,19358,2fgDsyBUYmbyac7tmHo5XQ,True,5.9855,0,0,0,0,0,0,0,0,1,0,0.002909,2.4e-05,0.005111,8e-06,0.0,0.0,1e-06,0.000296,0.993958,3.3e-05
chicago-il__7876__fov25px57.jpg,chicago-il,7876,MUT63ovp57QKBjMxrpoGYQ,True,7.565922,1,0,0,0,0,0,0,0,0,0,0.911083,2e-06,0.0,7.5e-05,0.0,0.0,2e-06,1e-06,5e-06,0.0
chicago-il__9408__fov25px57.jpg,chicago-il,9408,e48Exbo2JVhQOzoOxG8jbg,True,0.138473,0,0,0,0,0,0,0,0,0,0,1e-06,2e-06,2e-06,0.0,0.0,0.0,1e-06,1e-06,5.1e-05,6e-06
chicago-il__11129__fov25px57.jpg,chicago-il,11129,rlShuWgDAhs_3FjPhsrYuQ,True,4.086898,0,1,0,0,0,0,0,0,0,0,0.0,1e-05,1e-06,4e-06,0.0,0.0,7e-06,6e-06,0.0,0.000416
chicago-il__8119__fov25px57.jpg,chicago-il,8119,95x8PunGORZi487MZSbL4w,True,17.923688,0,0,0,0,0,0,0,0,0,0,0.015994,6e-06,0.096493,8.1e-05,0.0,2.4e-05,0.0,4.5e-05,1e-06,1e-06
chicago-il__9577__fov25px57.jpg,chicago-il,9577,yFz_wzbAq0Ac3hjpzL_bbA,True,3.206572,0,0,0,0,0,0,0,0,0,0,3e-06,0.0,1e-06,3e-06,0.0,0.000519,0.0,0.0,6e-06,9e-06
chicago-il__3039__fov25px57.jpg,chicago-il,3039,H7Wdfh_4xpvhjSEFOyxs4g,False,15.154922,0,0,0,0,0,1,0,0,0,0,0.0,2.4e-05,0.00025,0.0,0.0,1e-06,1e-06,0.0,1e-06,0.001862
chicago-il__9923__fov25px57.jpg,chicago-il,9923,Dx4nj-FZ1j2cTWGKofNZ9g,True,0.579954,0,0,0,0,0,0,0,0,0,0,0.0,0.000112,0.00056,0.0,0.0,2.1e-05,0.0,0.0,3e-06,0.590785
chicago-il__1565__fov25px57.jpg,chicago-il,1565,oF8Bx0KvESGZSa3fiTFVpQ,True,9.942354,0,0,0,0,0,0,0,0,0,0,5e-06,0.0,2e-06,0.0,0.0,0.0,0.0,0.0,1.1e-05,3e-06
chicago-il__11680__fov25px57.jpg,chicago-il,11680,q2oYmhuCev8MDqvalO7xcA,False,107.962405,1,0,0,0,0,0,0,0,0,0,0.997371,0.0,0.000367,0.247472,0.0,0.169778,0.0,0.0,2.3e-05,0.0
chicago-il__20506__fov25px57.jpg,chicago-il,20506,BjoA0BxfrSbzu4_qhJzB6A,False,140.108267,0,0,0,0,0,0,0,0,0,0,1e-06,0.0,8e-06,1e-06,0.0,0.0,5e-06,0.0,1.1e-05,0.000163
chicago-il__16345__fov25px57.jpg,chicago-il,16345,iE-Q0S-jqZCaAKlTjZE73w,False,90.594883,0,1,0,0,0,0,0,0,0,0,0.0,8e-06,3.4e-05,0.0,0.0,1.4e-05,7e-06,1e-06,0.911033,0.019772
chicago-il__10998__fov25px57.jpg,chicago-il,10998,J8YJsSU0WQYJPFJkAlFZbg,False,4.897375,0,1,0,0,0,0,0,0,0,0,0.0,0.001415,1e-06,0.00038,0.0,0.0,1e-06,1e-06,0.003039,0.425824
chicago-il__18102__fov25px57.jpg,chicago-il,18102,wDh4WC3iF3uX8Ai6yp6vHQ,True,3.870059,1,0,0,1,0,0,0,0,1,0,0.999999,0.0,0.000295,0.759967,0.0,1.4e-05,0.000112,0.005969,0.665698,0.0
chicago-il__9899__fov25px57.jpg,chicago-il,9899,thJ5a6_nxMo2KIly_YHO8Q,True,16.461711,0,0,0,0,0,0,0,0,0,0,1e-06,0.000997,0.0,0.0,0.0,1e-05,3.9e-05,0.0,0.009384,0.001505
chicago-il__2803__fov25px57.jpg,chicago-il,2803,w-FpPUVlGURNqZdFX-XLHg,False,0.845465,0,0,0,0,0,0,0,0,0,0,2e-06,0.0,3e-06,1e-06,0.0,1e-06,1e-06,0.0,0.0,5.2e-05
chicago-il__17146__fov25px57.jpg,chicago-il,17146,y1DDDxt-zecCZlNpj6HpYA,True,4.847948,1,0,0,0,0,0,0,0,1,0,0.99825,1.1e-05,1.4e-05,1.6e-05,0.0,0.0,1.2e-05,0.0,0.001187,0.0
chicago-il__12788__fov25px57.jpg,chicago-il,12788,Yem4xpf7DTNf9teiPonn_Q,False,181.069717,1,0,0,0,0,0,0,0,0,0,0.999959,7.4e-05,0.0,1.5e-05,0.0,0.0,6e-06,4e-06,0.0,0.0
chicago-il__17442__fov25px57.jpg,chicago-il,17442,47nsNbnwoXxMGITAcp18Lg,True,3.400335,1,0,0,1,0,0,0,0,0,0,1.0,0.001747,3e-06,0.530652,0.0,1e-06,2.2e-05,9e-06,0.020784,0.0
chicago-il__2874__fov25px57.jpg,chicago-il,2874,7isK2c-aoCI3_aB8X84FTg,True,0.796027,0,0,0,0,0,0,0,0,0,0,0.0,0.000942,0.0,7.7e-05,0.0,0.0,1.1e-05,2e-06,0.000124,4.3e-05
chicago-il__1245__fov25px57.jpg,chicago-il,1245,0bcM2qyE5dVlbdToF1iIhw,True,13.143829,1,1,0,0,0,0,0,0,0,0,0.999093,1e-06,0.0,0.003121,0.0,1e-06,4e-06,8e-06,0.480275,0.0
chicago-il__10798__fov25px57.jpg,chicago-il,10798,i3Z6Wyylpo5DxbIVFT8AYQ,True,2.354039,0,0,0,0,0,0,0,0,1,0,1.8e-05,0.0,0.002166,1e-06,0.0,0.001403,2e-06,0.0,0.000333,7.2e-05
chicago-il__2531__fov25px57.jpg,chicago-il,2531,rWXuu-Q-xdl-YXPYRgYX8g,True,7.118418,1,0,0,0,0,0,0,1,0,0,0.999143,2.6e-05,0.0,0.011536,0.0,0.0,1.5e-05,4.3e-05,9.4e-05,0.0
chicago-il__10566__fov25px57.jpg,chicago-il,10566,A36bUfZJdwf286MN_7NTww,True,2.630618,0,0,0,0,0,0,0,0,0,0,0.0,9.9e-05,6e-06,1.7e-05,0.0,0.000225,0.0,1.1e-05,0.000326,0.991621
chicago-il__6019__fov25px57.jpg,chicago-il,6019,_91X98ZVnhE1hYEVROEC4g,True,0.511321,1,1,0,0,0,1,0,1,1,0,0.999941,3e-06,0.001413,0.89145,0.0,0.0,2e-06,4.5e-05,0.009231,0.0
chicago-il__19415__fov25px57.jpg,chicago-il,19415,6NegC0muPoMeeFFrlRqRBw,True,9.385028,1,0,0,0,0,1,0,0,0,0,0.939896,0.0,0.0,1.2e-05,0.0,6.9e-05,2e-06,0.0,0.662897,0.0
chicago-il__6318__fov25px57.jpg,chicago-il,6318,hR6Zcp5_63nTrsx2kJ_kbA,False,225.697658,0,0,0,0,0,0,0,0,0,0,0.990104,0.0,0.0,5e-06,0.0,0.0,0.0,0.0,0.001316,0.0
chicago-il__1243__fov25px57.jpg,chicago-il,1243,k_OoXWHoHmIbFPJ5HYVSzA,False,12.626105,0,0,0,0,0,1,0,0,1,0,0.0,0.0,8e-06,2e-06,0.0,0.002794,1e-06,1e-06,0.754463,0.001175
chicago-il__11123__fov25px57.jpg,chicago-il,11123,vyCURZ8UThSFuc29vEvk1g,True,2.189266,0,0,0,0,0,0,0,0,0,0,0.0,1e-06,0.0,1.1e-05,0.0,0.0,4e-06,0.0,8e-06,0.003392
chicago-il__43055__fov25px57.jpg,chicago-il,43055,yUq_JA12Ihoj7Kjf_cs66Q,True,2.704347,0,0,0,0,0,0,0,0,0,0,0.0,2e-06,0.003501,1e-06,0.0,0.0,1e-06,0.0,6e-06,9.4e-05
chicago-il__10614__fov25px57.jpg,chicago-il,10614,7gg2z3j4kFPUGngHIHENpg,False,11.553193,0,0,0,0,0,1,0,0,0,0,0.898813,0.0,2e-06,0.000291,0.0,0.000122,0.0,1e-06,0.11404,0.0
chicago-il__743__fov25px57.jpg,chicago-il,743,oS_0qvx6ZlgyXm0aHzd_IA,False,32.952606,0,0,0,0,0,0,0,0,0,0,0.0,0.0,0.0,5.4e-05,0.0,0.000136,0.0,0.0,1.7e-05,0.029902
chicago-il__106__fov25px57.jpg,chicago-il,106,n9hoZScKGa4OAnuS5vqLew,True,2.923759,1,0,0,0,0,0,0,0,1,0,0.176489,1e-05,0.0,0.627007,0.0,0.00019,1e-06,2.6e-05,0.001008,0.0
chicago-il__28991__fov25px57.jpg,chicago-il,28991,L-49xd-3qPUGEZlx-BzjsA,True,4.369517,0,0,0,0,0,0,0,0,1,0,0.997389,0.000782,0.0,0.019219,0.0,0.0,0.000497,4e-06,0.020105,0.0
chicago-il__28882__fov25px57.jpg,chicago-il,28882,hJrSG1Ywl3qWYUPsjUCdGQ,True,3.744734,0,0,0,0,0,0,0,0,1,0,0.0,0.000183,0.0,0.0,0.0,0.0,2.4e-05,1e-06,0.00016,0.000801
chicago-il__10554__fov25px57.jpg,chicago-il,10554,UDqKn9WzCohOQ68qlcgAHQ,True,0.54278,0,0,0,0,0,0,0,0,0,0,2e-06,0.000112,0.0,0.0,0.0,1e-06,1e-06,0.0,8.7e-05,1.9e-05
chicago-il__3324__fov25px57.jpg,chicago-il,3324,jphhXoZFL8sNbC26myRQPQ,False,126.082441,0,0,0,0,0,0,0,0,0,0,9e-06,2e-05,0.002364,3e-06,0.0,0.0,5.8e-05,0.000268,0.97437,1e-05
chicago-il__2471__fov25px57.jpg,chicago-il,2471,laJvBJwUDh_oEOmBlUcaNQ,True,5.88106,1,0,0,0,0,0,0,0,0,0,0.995744,0.0,0.0,2.4e-05,0.0,0.0,1e-06,0.0,1e-05,0.0
chicago-il__7858__fov25px57.jpg,chicago-il,7858,XDpvl00S2hPWFbnpGNZPIQ,False,20.059981,0,0,0,0,0,1,0,0,0,0,1.1e-05,9e-06,1e-06,4.3e-05,0.0,0.998398,2e-06,3e-06,1.5e-05,0.989498
chicago-il__17331__fov25px57.jpg,chicago-il,17331,N-M6cnxvqHLmzzNeo_Nmhw,True,14.716416,1,0,0,0,0,0,0,0,1,0,0.999994,0.006383,0.002025,0.427563,0.0,0.0,0.000261,2.6e-05,0.981531,0.0
chicago-il__10684__fov25px57.jpg,chicago-il,10684,O0-W_DdXzq4iXX0mnxitiw,True,17.640941,0,0,0,0,0,1,0,0,0,0,0.002357,0.0,0.451206,4e-06,0.0,0.956593,1.6e-05,0.0,2.2e-05,0.000224
chicago-il__3477__fov25px57.jpg,chicago-il,3477,PJlXqFBABl1ZZAypDQQkPA,False,67.246764,0,0,0,0,0,0,0,0,0,0,0.0,4e-06,0.001011,2e-06,0.0,0.000228,0.0,0.0,1e-06,0.921795
chicago-il__6147__fov25px57.jpg,chicago-il,6147,pMyKdfpv7nEmnncgMr0tQw,False,66.77597,1,0,0,0,0,0,1,0,0,0,1.0,0.000499,2.8e-05,0.030041,0.0,3e-06,0.006948,1.2e-05,0.000506,0.0
chicago-il__8469__fov25px57.jpg,chicago-il,8469,1LomRL1ore78IHxhvdlmLw,True,0.597037,1,1,0,0,0,0,0,0,0,0,0.999994,4e-06,1e-06,4e-06,0.0,3e-06,0.0,0.0,1e-06,0.0
chicago-il__15245__fov25px57.jpg,chicago-il,15245,NPde_4BI7stAmPwjDsmxuw,True,15.237354,1,0,0,0,0,0,0,0,1,0,0.999929,0.0,2e-06,0.000399,0.0,2e-05,6.1e-05,0.0,0.019564,0.0
chicago-il__8455__fov25px57.jpg,chicago-il,8455,PF1AYBTEc0z2_Qb0wg9gFw,True,0.881579,0,0,0,0,0,0,0,0,1,0,0.096797,0.030463,1.7e-05,2e-06,0.0,1e-06,2.4e-05,5.2e-05,0.999577,0.000221
chicago-il__20718__fov25px57.jpg,chicago-il,20718,wu6sIdQq4IOvuSuypU_H7g,True,1.384702,0,0,0,0,0,0,0,0,0,0,1e-06,2e-06,2e-06,0.0,0.0,1e-06,0.0,0.0,5e-06,7.4e-05
chicago-il__9619__fov25px57.jpg,chicago-il,9619,VPtZsnepatrsQNEF2UdE1w,False,16.744674,0,1,0,0,0,0,0,0,0,0,0.999995,0.000104,1.7e-05,0.0,0.0,6e-06,0.000644,0.0,0.000368,0.0
chicago-il__16446__fov25px57.jpg,chicago-il,16446,71CSlT1IwXYrMU8llEqUVg,True,5.39837,1,0,0,0,0,0,0,0,1,0,0.999946,0.193406,4e-06,0.568261,0.0,0.000119,6e-05,2.8e-05,0.999949,1e-06
chicago-il__19945__fov25px57.jpg,chicago-il,19945,wnkk3iGN7A6o5JtMPzSuYQ,False,240.635576,0,0,0,0,0,0,0,0,1,0,0.02039,2e-05,4e-06,0.001695,0.0,0.0,0.001025,8.8e-05,0.999924,0.000673
chicago-il__3163__fov25px57.jpg,chicago-il,3163,ymqTQx1CO4U-1jBnnY5fnw,True,4.792863,0,0,0,0,0,0,0,0,0,0,3.5e-05,0.0,0.000534,4.1e-05,0.0,0.0,3.5e-05,1e-05,2e-05,3.9e-05
chicago-il__10690__fov25px57.jpg,chicago-il,10690,AXBNpKe7I_T7KIaiDZdXvQ,False,1.293168,1,0,0,1,0,0,0,0,0,0,0.999986,0.0,0.002033,0.000243,0.0,3e-06,0.0,0.0,8e-06,0.0
chicago-il__11675__fov25px57.jpg,chicago-il,11675,t9UN98AaaZ6uyWVd0e-CMw,True,1.022736,0,0,0,0,0,0,0,0,0,0,0.001254,0.0,0.0,0.000706,0.0,5e-06,1e-06,0.0,1e-06,0.0
chicago-il__6321__fov25px57.jpg,chicago-il,6321,hR6Zcp5_63nTrsx2kJ_kbA,False,204.318083,1,0,0,0,0,0,0,0,0,0,0.999996,0.022998,7.3e-05,3e-06,0.0,3e-05,3e-06,0.0,1e-06,0.0
chicago-il__6156__fov25px57.jpg,chicago-il,6156,FjYKR3dK7k9Hop8Xs5c25Q,True,9.454855,1,1,0,0,0,0,0,0,0,0,1.0,0.000704,0.0,0.007825,0.0,2e-06,3e-05,6.9e-05,0.098407,0.0
chicago-il__7848__fov25px57.jpg,chicago-il,7848,8CY2P8BrDTpxPxzUzDwf_A,True,7.3385,1,1,0,0,0,0,1,0,0,0,0.999993,8.1e-05,1e-06,0.662519,0.0,1e-06,0.001115,8e-06,0.000222,0.0
chicago-il__1459__fov25px57.jpg,chicago-il,1459,6fR5pDm3T8Po7B0oF7I-1w,True,1.010849,0,0,0,0,0,0,0,0,0,0,0.0,9.8e-05,2e-06,0.0,0.0,0.0,1e-06,1e-05,0.000804,0.396672
chicago-il__11076__fov25px57.jpg,chicago-il,11076,3gIEmmwzo-a_QhyScIvXtA,False,0.669527,0,0,0,0,0,1,0,0,0,0,0.0,7e-06,1e-06,4e-06,0.0,2.2e-05,1e-06,0.0,0.007219,0.0006
chicago-il__15643__fov25px57.jpg,chicago-il,15643,wdwVp5GmU61z00ohgSKtUA,True,6.335679,0,0,0,0,0,0,0,0,0,0,0.975458,1e-06,4e-06,0.0,0.0,9e-06,0.0,0.0,6e-06,0.0
chicago-il__43071__fov25px57.jpg,chicago-il,43071,n1SINlHsW6A5oM8kyFbUfg,True,15.914643,0,0,0,0,0,1,0,0,0,0,2.7e-05,0.0,2e-06,0.0,0.0,0.011565,0.0,0.0,0.0,0.0
chicago-il__22161__fov25px57.jpg,chicago-il,22161,iYSvC_aqRZbmKhWdC5omLw,False,156.175473,0,0,0,0,0,0,0,0,0,0,0.0,5.4e-05,0.221401,1e-06,0.0,2e-05,2e-06,1e-06,0.0,9.8e-05
chicago-il__9327__fov25px57.jpg,chicago-il,9327,mW_Q9gZjytwQOLW1ZbEvzg,True,3.589597,0,0,0,0,0,0,0,0,0,0,2e-05,0.0,0.0,0.0,0.0,0.00025,0.000347,0.0,0.000103,0.00014
chicago-il__9383__fov25px57.jpg,chicago-il,9383,PmwvFe-wRvH-z41sr2wmUw,False,10.694224,0,0,0,0,0,0,0,0,0,0,0.0,9.3e-05,1e-06,0.0,0.0,1.2e-05,0.0,0.0,0.0,0.001703
chicago-il__15700__fov25px57.jpg,chicago-il,15700,m-C2-HkgiRylDn5tECfhJA,True,5.0991,0,0,0,0,0,0,0,0,0,0,0.0,3e-06,1e-06,1e-06,0.0,0.0,1e-06,0.0,1.6e-05,0.002404
chicago-il__2291__fov25px57.jpg,chicago-il,2291,7PVAQtn9xlagSSsqmO9YPA,True,1.804533,0,0,0,0,0,0,0,0,0,0,0.0,0.0,3e-06,1e-06,0.0,4.7e-05,0.0,0.0,7e-06,0.005012
chicago-il__43062__fov25px57.jpg,chicago-il,43062,yUq_JA12Ihoj7Kjf_cs66Q,True,3.073307,0,0,0,0,0,0,0,0,0,0,0.999603,0.0,0.0,2.1e-05,0.0,0.915914,0.0,1e-06,1e-06,0.0
chicago-il__927__fov25px57.jpg,chicago-il,927,UqgL7NZDw7Zdi07VJCqK1w,True,5.182115,0,0,0,0,0,0,0,0,0,0,0.0,5e-06,0.003149,1e-06,0.0,1e-06,1e-06,5e-06,7e-06,0.002497
chicago-il__135__fov25px57.jpg,chicago-il,135,InwNIrgOQJl1zXb6X-gWWA,False,67.142083,0,0,0,0,0,0,0,0,0,0,0.0,0.0,1e-06,3e-06,0.0,0.000375,0.0,0.0,2e-06,0.17163
chicago-il__3153__fov25px57.jpg,chicago-il,3153,yiwvXBNLkV2ss5_veSm3vg,False,0.930634,0,0,0,0,0,0,0,0,0,0,0.0,2e-06,4.9e-05,1e-06,0.0,0.0,1e-06,0.0,4e-06,4e-05
chicago-il__523__fov25px57.jpg,chicago-il,523,POxnc-t5f-TUcQ7lPFm_lQ,True,11.560038,0,0,0,0,0,0,0,0,0,0,1e-06,0.0,1e-06,7e-06,0.0,0.0,1e-06,0.0,7.6e-05,2.2e-05
chicago-il__2200__fov25px57.jpg,chicago-il,2200,UzhP-Vjw3SOYmeW6OT13bQ,True,0.272311,0,0,0,0,0,0,0,0,0,0,0.0,1e-06,4e-06,2.5e-05,0.0,1e-06,1e-06,0.0,0.0,0.130125
chicago-il__480__fov25px57.jpg,chicago-il,480,_W-X-7EmqnUZ3_vHd2RQPQ,False,26.691441,0,0,0,0,0,0,0,0,0,0,0.0,0.000196,0.002475,1.7e-05,0.0,1e-06,1e-06,0.0,8.1e-05,2e-06
chicago-il__937__fov25px57.jpg,chicago-il,937,_iC0-_BSQX5t5C60DQiiIg,True,5.831267,0,0,0,0,0,0,0,0,0,0,0.0,0.052796,1e-06,0.0,0.0,2e-06,2e-06,0.0,0.000467,0.000269
chicago-il__1909__fov25px57.jpg,chicago-il,1909,8RkajyyzgBsmPtrt5xhR9Q,True,0.111195,0,0,0,0,0,0,0,0,1,0,8e-06,2.2e-05,0.000102,2.1e-05,0.0,0.000265,0.000124,1e-06,0.999945,0.001877
chicago-il__5588__fov25px57.jpg,chicago-il,5588,QuS_6RuJg1oIGSasguXZZg,True,0.672296,0,0,0,0,0,0,1,0,0,0,2e-06,0.0,0.0,0.0,0.0,1e-06,1e-06,0.0,7.6e-05,4.5e-05
chicago-il__11026__fov25px57.jpg,chicago-il,11026,uc9VZomPktvytOgQ4Dp7Bw,True,8.748513,0,0,0,0,0,0,0,0,0,0,0.0,0.0,3e-06,0.013869,0.0,0.016896,0.002613,2e-06,0.002313,0.945338
chicago-il__8150__fov25px57.jpg,chicago-il,8150,tiDsVt7bN52zymSBLZ_AZw,False,56.485056,0,0,0,0,0,1,0,0,0,0,0.891447,1e-06,0.0,1e-06,0.0,0.008057,0.0,0.0,0.0,0.0
chicago-il__550__fov25px57.jpg,chicago-il,550,HmDTe-jrNLgPRciHLchq5g,False,0.4139,1,0,0,0,0,0,0,0,1,0,0.999924,0.0003,0.003967,0.000617,0.0,0.0,1e-06,2.3e-05,0.970211,0.0
chicago-il__1878__fov25px57.jpg,chicago-il,1878,D2XmwbxFjoip5fS1nakmxQ,True,0.428996,0,0,0,0,0,0,0,0,0,0,0.0,9e-06,3e-06,0.0,0.0,0.0,1e-06,0.0,2e-06,0.000151
chicago-il__10393__fov25px57.jpg,chicago-il,10393,97G2t9dhbIOH6KyzAo9I3A,False,2.016984,1,0,0,0,0,0,1,0,1,0,0.999999,2.1e-05,2e-06,0.05094,0.0,0.0,2e-05,4.1e-05,0.470081,0.0
chicago-il__10109__fov25px57.jpg,chicago-il,10109,U-oblQDHgJGBcEXlvDjaDQ,True,5.678235,0,0,0,0,0,0,0,0,1,0,0.39606,4e-06,0.0,0.0,0.0,0.0,1e-06,0.0,6.4e-05,0.0
chicago-il__10766__fov25px57.jpg,chicago-il,10766,1SOEReoFhKp4s2VaRuG2xQ,True,13.903304,0,0,0,0,0,1,0,0,0,0,2e-06,0.0,0.000891,1e-06,0.0,0.015046,1e-06,0.0,0.042345,0.403169
chicago-il__7432__fov25px57.jpg,chicago-il,7432,8B0EpeL4V8QdSm_zaurMnw,True,4.02127,0,0,0,0,0,0,0,0,0,0,4.5e-05,1e-06,4e-06,5.4e-05,0.0,0.0,1e-06,2e-06,4.5e-05,0.0
chicago-il__2164__fov25px57.jpg,chicago-il,2164,plb9lq-cpOf_2jPcHOVgyQ,False,3.001825,0,0,0,0,0,0,0,0,1,0,8e-06,0.0,0.0,0.0,0.0,9e-06,0.0,0.0,2e-06,2.3e-05
chicago-il__10598__fov25px57.jpg,chicago-il,10598,4X797DmXEhhIa0DTmNz7qQ,True,8.016726,0,0,0,0,0,0,0,0,1,0,0.0,6e-06,1e-06,0.005816,0.0,1e-06,1.6e-05,1.2e-05,0.863148,0.93851
chicago-il__10722__fov25px57.jpg,chicago-il,10722,FoVAf8iFgc7W1PEOWsnaeA,True,3.977792,0,0,0,0,0,0,0,0,0,0,0.0,1e-06,2e-06,2e-06,0.0,5.4e-05,0.0,0.0,0.0,0.09759
chicago-il__851__fov25px57.jpg,chicago-il,851,CkuZ28LtfmcUI2XH5Qud1g,True,2.451854,0,0,0,0,0,0,0,0,0,0,0.004032,0.0,0.0,5.1e-05,0.0,0.0,1.8e-05,7e-06,0.026538,0.0
chicago-il__1303__fov25px57.jpg,chicago-il,1303,gIg3ZQhJE_D0NRl7mTSRtg,True,3.587649,0,0,0,0,0,0,0,0,0,0,2e-06,1e-06,0.0,0.00087,0.0,1e-06,1.1e-05,2e-06,0.000445,8.4e-05
chicago-il__2219__fov25px57.jpg,chicago-il,2219,vuRokZp9DXhqiYbbF0v55w,True,3.723068,0,0,0,0,0,0,0,0,0,0,0.0,3.2e-05,1.8e-05,4.9e-05,0.0,1e-06,6e-06,2e-06,1e-06,0.002286
chicago-il__5234__fov25px57.jpg,chicago-il,5234,UFRh5ciE4mMgj_6Zbgifeg,True,6.093241,0,0,0,0,0,0,0,0,0,0,0.0,0.0,9.4e-05,3e-06,0.0,1e-06,4e-06,0.0,2e-06,0.197748
chicago-il__6649__fov25px57.jpg,chicago-il,6649,PT9NTS2H6oj26qttf7WoVQ,True,3.640247,0,0,0,0,0,0,0,0,0,0,0.0,1e-05,5e-06,7e-06,0.0,0.0,2e-06,3e-06,3e-06,0.000159
chicago-il__12596__fov25px57.jpg,chicago-il,12596,l83bW1ewJr9SueOh7p7q-A,False,29.149025,1,0,0,0,0,0,0,0,0,0,0.99999,6e-06,1.1e-05,0.872631,0.0,2e-06,1.5e-05,1.1e-05,1.5e-05,0.0
chicago-il__1200__fov25px57.jpg,chicago-il,1200,8RkajyyzgBsmPtrt5xhR9Q,True,0.138477,0,0,0,0,0,0,0,0,0,0,7.8e-05,0.0,0.0,0.001162,0.0,3e-06,2e-05,0.0,0.001061,6e-06
chicago-il__2813__fov25px57.jpg,chicago-il,2813,pfZQV9tFkXsKd9RoacU2Uw,True,5.808316,0,0,0,0,0,0,0,0,0,0,2e-06,7e-05,0.0,0.0,0.0,3e-06,1e-06,0.0,3e-06,3e-06
chicago-il__411__fov25px57.jpg,chicago-il,411,7forUcdCQ2ndprYtCgpuNQ,True,15.795177,0,0,0,0,0,0,0,0,0,0,2.2e-05,0.001304,6e-06,1e-06,0.0,0.229116,0.0,0.0,1.6e-05,0.001346
chicago-il__17645__fov25px57.jpg,chicago-il,17645,DGAw-5Pjl1PZGfmn_ru5Xw,True,0.2,1,0,0,0,0,0,0,0,0,0,1.0,0.00092,0.000209,0.000737,0.0,0.000182,2e-06,0.0,0.0,0.0
chicago-il__7149__fov25px57.jpg,chicago-il,7149,8bUD-oICWMZ_oG5P3HAF4A,True,6.464151,0,0,0,0,0,0,0,0,0,0,0.0,1e-06,5e-06,0.0,0.0,2e-06,2e-06,0.0,5e-06,0.000515
chicago-il__4706__fov25px57.jpg,chicago-il,4706,ufTaMDKgOWTLR0rJkYjDZg,True,0.452372,0,0,0,0,0,0,0,0,0,0,0.0,2e-06,0.002488,3e-06,0.0,0.0,1.4e-05,1e-06,0.014994,0.001093
chicago-il__3315__fov25px57.jpg,chicago-il,3315,plB39FH5_9dSPtKhdK23Pg,False,116.645084,0,0,0,0,0,0,0,0,1,0,1e-06,3e-06,0.0,0.0,0.0,0.0,1e-06,0.0,0.005195,0.00198
chicago-il__2117__fov25px57.jpg,chicago-il,2117,Fs8_hZdkUMjl9pDfEW46Wg,False,0.47021,0,0,0,0,0,0,0,0,1,0,0.999872,0.0,0.0,0.000781,0.0,0.0,1.3e-05,1e-06,0.016498,0.0
chicago-il__7441__fov25px57.jpg,chicago-il,7441,kN6g0gc6xNGKgZJVEdE-yw,True,10.187829,0,0,0,0,0,0,0,0,0,0,6e-06,0.0,0.0,1e-06,0.0,4e-06,1e-06,0.0,0.00204,0.000506
chicago-il__17988__fov25px57.jpg,chicago-il,17988,wzcXG-X67UrrlDoJ2vsoFw,False,112.69742,1,0,0,0,0,0,1,0,1,0,0.985624,0.018777,0.000352,0.009564,0.0,0.000395,0.799522,0.005367,0.999995,3e-05
chicago-il__3524__fov25px57.jpg,chicago-il,3524,8bUD-oICWMZ_oG5P3HAF4A,True,2.373251,0,0,0,0,0,0,0,0,0,0,0.000476,0.0,0.0,0.0,0.0,3e-06,0.0,0.0,1e-06,0.0
chicago-il__10116__fov25px57.jpg,chicago-il,10116,i3Z6Wyylpo5DxbIVFT8AYQ,True,9.554639,1,0,0,0,0,0,0,0,0,0,1e-06,1.9e-05,7e-06,0.0,0.0,1.1e-05,1e-06,0.0,0.0,2e-05
chicago-il__21043__fov25px57.jpg,chicago-il,21043,2ESzRLbP4-S8tUdQX4URcQ,False,4.936657,1,1,0,0,0,0,0,0,1,0,0.082401,1.4e-05,0.0,0.0,0.0,0.0,0.0,0.0,0.008055,0.0
chicago-il__17627__fov25px57.jpg,chicago-il,17627,DGAw-5Pjl1PZGfmn_ru5Xw,True,3.493192,1,0,0,0,0,0,0,0,0,0,0.999997,0.016896,3.8e-05,0.000601,0.0,0.0,0.000121,0.813945,0.023446,0.0
chicago-il__43034__fov25px57.jpg,chicago-il,43034,K05wEEZpmtBfkxHMDOCmNw,True,5.132243,0,0,0,0,0,0,0,0,1,0,4e-06,0.0,0.0,1e-06,0.0,1e-06,0.0,0.0,0.001355,0.000658
chicago-il__15998__fov25px57.jpg,chicago-il,15998,yewlUUIIOD1IXhEDUwMhWA,False,103.778534,1,0,0,0,0,0,0,0,1,0,0.999999,0.000273,0.003106,0.965672,0.0,0.00016,0.000103,0.005865,0.994598,3e-06
chicago-il__4815__fov25px57.jpg,chicago-il,4815,Kgx2Rjw3elJdMViQ89Sqmw,True,8.480294,0,0,0,0,0,0,0,0,0,0,0.0,0.0,0.0,0.0,0.0,5e-06,0.0,0.0,5.6e-05,0.002622
chicago-il__19073__fov25px57.jpg,chicago-il,19073,ETb-ywUu5vi41SaDK9zVxg,False,403.330101,1,0,0,0,0,0,0,0,1,0,1.0,0.012069,0.0,0.01049,0.0,1e-06,1.9e-05,0.001508,0.000833,0.0
chicago-il__15026__fov25px57.jpg,chicago-il,15026,x00sHXzGoH8orbNHIvPhTg,False,45.333857,1,0,0,0,0,0,0,0,1,0,0.999973,0.008283,7e-06,7.7e-05,0.0,6e-06,0.000317,1e-06,0.993879,0.0
chicago-il__10625__fov25px57.jpg,chicago-il,10625,SdVcUhIx6Z1vI6bqCEDpJw,True,5.355622,0,0,0,0,0,1,0,0,0,0,0.991435,0.0,9.3e-05,5e-06,0.0,2.4e-05,3e-06,0.0,0.903797,0.0
chicago-il__2412__fov25px57.jpg,chicago-il,2412,GVfvb0YtOcp5I7bsP7j_pA,True,8.183551,0,0,0,0,0,0,0,0,0,0,0.0,1.1e-05,0.0,4e-06,0.0,3e-06,1e-06,0.0,1e-06,0.000103
chicago-il__3054__fov25px57.jpg,chicago-il,3054,E3il8vhw4iER9A9mrcseEg,True,0.619051,0,0,0,0,0,0,0,0,0,0,0.0,0.006721,1.2e-05,2e-06,0.0,6e-06,0.0,0.0,0.081691,0.000161
chicago-il__13322__fov25px57.jpg,chicago-il,13322,fs9ITJxzB-WTOY8BtZCBtw,False,1.397622,1,0,0,0,0,1,0,0,0,0,0.998512,0.0,0.0,2.3e-05,0.0,0.009231,2e-06,0.0,0.0,0.0
chicago-il__28144__fov25px57.jpg,chicago-il,28144,wSUVtCrV1q6i1foemojmIA,False,192.012738,0,0,0,0,0,1,0,0,0,0,1e-05,0.0,0.0,0.0,0.0,9.1e-05,2e-06,0.0,9.2e-05,6.3e-05
chicago-il__7259__fov25px57.jpg,chicago-il,7259,ovNUptD5lvOISii0NsNEjw,False,60.66462,0,0,0,0,0,0,0,0,1,0,0.999822,1e-06,0.0,0.171978,0.0,2e-06,0.000105,0.018367,0.628858,0.0
chicago-il__7194__fov25px57.jpg,chicago-il,7194,jVgjZOxdyxsljsug14CIgQ,False,5.549782,0,0,0,0,0,0,0,0,0,0,0.998992,1.2e-05,0.021522,8.8e-05,0.0,0.0,3e-06,0.000119,0.0,0.0
chicago-il__10499__fov25px57.jpg,chicago-il,10499,Xv3sE3VBncEfioFjtbeWsg,False,0.882528,0,0,0,0,0,0,0,0,0,0,0.0,1e-06,0.000133,0.0,0.0,0.011153,0.0,0.0,0.0,0.946338
chicago-il__15258__fov25px57.jpg,chicago-il,15258,Indj3BYk67t4x8GYg8iHbA,False,185.431266,1,0,0,1,0,0,0,0,0,0,0.997297,7e-06,0.000387,0.0163,0.0,1e-05,3.2e-05,0.000136,0.999991,5e-06
chicago-il__13624__fov25px57.jpg,chicago-il,13624,VsWuJJ2dIqqIpC_Djme_3w,False,30.322187,1,0,0,0,0,0,0,0,0,0,0.999783,0.0,0.000176,0.000335,0.0,1e-05,1e-06,1e-06,0.0,0.0
chicago-il__2616__fov25px57.jpg,chicago-il,2616,62nwFloYQ_BbL7bjqp4_8Q,True,0.200101,1,0,0,0,0,0,0,0,0,0,0.999999,4e-06,2.7e-05,0.000273,0.0,1.2e-05,0.000432,0.016034,0.002731,0.0
chicago-il__22578__fov25px57.jpg,chicago-il,22578,T8hABaOqVlyv7Yrxey308Q,False,200.43705,0,0,0,0,0,0,0,0,1,0,0.0,0.000754,5e-06,0.0,0.0,0.0,0.0,1e-06,1.8e-05,0.011558
chicago-il__28897__fov25px57.jpg,chicago-il,28897,0GUznFGcut3t5bhjsC8SkA,False,119.634704,0,0,0,0,0,0,0,0,0,0,0.0,1e-06,5e-06,5e-06,0.0,1e-06,1e-06,0.0,0.0001,0.000427
chicago-il__4360__fov25px57.jpg,chicago-il,4360,ref2qlBYUn8GBGmaGCxaDA,True,0.277724,0,0,0,0,0,1,0,0,0,0,0.0,0.00055,0.008391,1e-06,0.0,1e-06,4e-06,0.0,0.0,6.5e-05
chicago-il__22455__fov25px57.jpg,chicago-il,22455,Jr9DGZt8Cv9tdIw4aoT4Uw,True,4.287791,1,0,0,1,0,0,0,0,1,0,0.000527,4e-06,0.000894,3e-06,0.0,6e-06,4e-06,2.4e-05,0.999869,0.000103
chicago-il__10999__fov25px57.jpg,chicago-il,10999,J8YJsSU0WQYJPFJkAlFZbg,False,10.481522,0,0,0,0,0,0,0,0,0,0,0.0,0.629775,1e-05,0.006602,0.0,0.0,3e-05,2.3e-05,0.022042,0.002992
chicago-il__2153__fov25px57.jpg,chicago-il,2153,HMnQiIZ1i9dExM3uotMS2Q,True,0.470243,0,0,0,0,0,0,1,0,0,0,0.000666,0.000403,1e-06,1e-06,0.0,2.5e-05,0.705696,8e-06,0.061686,0.000651
chicago-il__22555__fov25px57.jpg,chicago-il,22555,LQGXNTHbNqE8Xfq-DKwXIg,False,335.281061,0,0,0,0,0,0,0,0,0,0,0.0,1.9e-05,0.0,5e-05,0.0,6e-06,3e-06,0.0,0.000418,0.143725
chicago-il__8450__fov25px57.jpg,chicago-il,8450,PF1AYBTEc0z2_Qb0wg9gFw,True,9.006801,0,0,0,0,0,0,0,0,0,0,1.0,0.142034,1.8e-05,3.4e-05,0.0,0.0,1.5e-05,0.0,0.029768,0.0
chicago-il__20482__fov25px57.jpg,chicago-il,20482,CN00pGsU2WXHpuq3sZj-vQ,True,6.731718,0,0,0,0,0,0,0,0,0,0,0.0,7e-05,1.7e-05,6.6e-05,0.0,0.0,7e-06,0.0,0.00099,0.665444
chicago-il__11095__fov25px57.jpg,chicago-il,11095,UdNVaM9Iogh-pBdoDHhAcA,False,1.259562,0,0,0,0,0,1,0,0,0,0,0.000515,0.0,1e-06,1e-06,0.0,3e-06,0.0,0.0,0.000964,0.0
chicago-il__8378__fov25px57.jpg,chicago-il,8378,yQUzO6eeAGEc6xsD0gsDHQ,True,5.353158,1,0,0,0,0,0,0,0,0,0,0.949542,0.0,0.0,6e-06,0.0,2e-06,1e-06,0.0,0.0,0.0
chicago-il__16910__fov25px57.jpg,chicago-il,16910,OYatqUyfIYbzlAz3gmN_yg,False,166.270946,0,0,0,0,0,0,0,0,0,0,0.0,0.0,0.000112,2e-06,0.0,4e-06,0.0,1e-06,0.000135,0.692229
chicago-il__10488__fov25px57.jpg,chicago-il,10488,wUHcYlUG_Ni7OhgqYU7o9A,True,2.79809,0,0,0,0,0,0,0,0,0,0,1e-06,2.7e-05,2e-06,0.04319,0.0,0.0,1e-06,8e-06,2.5e-05,9.9e-05
chicago-il__3068__fov25px57.jpg,chicago-il,3068,WGGKkKH_Y17CL5Ieu-bXlA,False,110.734329,0,0,0,0,0,1,0,0,0,0,0.0,5e-06,4e-06,0.0,0.0,0.000123,0.0,0.0,3.2e-05,0.000363
chicago-il__10725__fov25px57.jpg,chicago-il,10725,FoVAf8iFgc7W1PEOWsnaeA,True,1.20253,0,0,0,0,0,1,0,0,0,0,8e-06,0.0,0.000548,1e-06,0.0,0.010271,1e-06,0.0,0.0,0.000227
chicago-il__7839__fov25px57.jpg,chicago-il,7839,STbkw8YZk1zGqJn95Jc-0A,True,2.313815,1,0,0,0,0,0,0,0,1,0,0.99999,4e-06,2e-06,0.205266,0.0,3e-06,3e-06,0.0,9.9e-05,0.0
chicago-il__7958__fov25px57.jpg,chicago-il,7958,l2sL3r8ZeUtrHfyX8GJEZw,True,7.650851,1,0,0,0,0,0,0,0,0,0,0.999979,0.000989,0.0,1.8e-05,0.0,0.0,1e-05,5e-06,0.13816,0.0
chicago-il__9239__fov25px57.jpg,chicago-il,9239,qBVV4txQL1FbXsPsOfBcWQ,True,0.69355,1,0,0,0,0,0,0,0,1,0,1.0,2.8e-05,3e-06,0.79092,0.0,0.025362,2e-06,0.02286,0.003124,0.0
chicago-il__17659__fov25px57.jpg,chicago-il,17659,F4pT9KbqYr3foE2LILDS-A,True,3.76784,1,0,0,0,0,0,0,0,0,0,0.999997,1.9e-05,1e-06,0.002577,0.0,9.8e-05,2e-06,8.6e-05,0.986826,0.0
chicago-il__9114__fov25px57.jpg,chicago-il,9114,aenRMn7oa02lhxEV1MnvzA,True,0.930674,0,0,0,0,0,0,0,0,0,0,8e-06,2e-06,5e-06,1.4e-05,0.0,2e-05,2e-06,0.0,0.0,1e-06
chicago-il__10546__fov25px57.jpg,chicago-il,10546,bnv8vckNmiHOJC6mxBA9nA,True,1.846734,0,0,0,0,0,0,0,0,0,0,0.001801,1.9e-05,3.9e-05,0.941889,0.0,0.0,0.006127,1.8e-05,0.272267,8.7e-05
chicago-il__5294__fov25px57.jpg,chicago-il,5294,MbZSKyudoUczsrTlxV-ZSg,False,15.680473,0,0,0,0,0,0,0,0,0,0,0.0,0.000205,3e-06,0.0,0.0,2e-06,0.0,0.0,6e-06,0.104448
chicago-il__841__fov25px57.jpg,chicago-il,841,CKrWu9b_jaNmmJZnIw2GQg,True,0.199018,0,0,0,0,0,0,0,0,0,0,0.007424,0.0,2.1e-05,3.7e-05,0.0,1.6e-05,0.0,0.0,1e-06,0.0
chicago-il__17964__fov25px57.jpg,chicago-il,17964,KGliUGAiUK3eWxR0job0aw,True,13.124659,1,0,0,0,0,0,0,0,0,0,0.999886,4e-06,0.0,7e-05,0.0,0.0,3e-06,9e-06,0.006107,0.0
chicago-il__12781__fov25px57.jpg,chicago-il,12781,7I96_oPpzTB8T4uVAVHPUA,False,81.586177,0,0,0,0,0,0,0,1,0,0,7.9e-05,1e-06,0.0,5.5e-05,0.0,2e-06,0.0,1e-06,1e-06,4e-06
chicago-il__7540__fov25px57.jpg,chicago-il,7540,vPOicf2f7bB5DgBNZqH2_Q,False,87.013778,1,0,0,0,0,0,0,0,0,0,0.446125,0.0,1.2e-05,1.5e-05,0.0,0.0,1e-06,0.0,1e-06,0.0
chicago-il__415__fov25px57.jpg,chicago-il,415,ffm9E4O1p3xpdTAT0nAcsg,True,12.062914,0,0,0,0,0,0,0,0,0,0,0.0,8e-06,5.4e-05,0.0,0.0,0.0,2e-06,0.0,0.000668,3e-06
chicago-il__10697__fov25px57.jpg,chicago-il,10697,biKzVf9nzfCR-Sdm09XfKw,False,7.31571,0,0,0,0,0,0,0,0,0,0,1e-06,0.000114,0.0,5e-06,0.0,8e-06,2e-06,0.0,6.7e-05,1e-06
chicago-il__8154__fov25px57.jpg,chicago-il,8154,1TrKrZQVqogPDGqKgiBLqg,False,56.684878,1,0,0,0,0,0,0,0,0,0,0.999998,0.00083,6e-06,0.002068,0.0,2e-06,2e-06,0.001031,0.0,0.0
chicago-il__11224__fov25px57.jpg,chicago-il,11224,GlX2dUixxdG8chgcFctLNQ,True,5.181637,1,0,0,0,0,0,0,1,1,0,0.01217,1e-06,2e-06,0.0,0.0,0.0,1.2e-05,2e-06,0.736023,7.7e-05
chicago-il__1815__fov25px57.jpg,chicago-il,1815,A5-_7L5n3L8pNkbqo_IXrw,True,0.64657,0,0,0,0,0,0,0,0,0,0,0.0,5.7e-05,2e-06,2e-06,0.0,8e-06,0.0,0.0,1e-06,0.918529
chicago-il__4772__fov25px57.jpg,chicago-il,4772,EBvGgoc1QAW2KRkH50_y4A,True,11.720671,1,0,0,0,0,0,0,0,0,0,0.99958,3e-06,1.4e-05,0.003534,0.0,0.0,1e-06,5e-06,0.0,0.0
chicago-il__1568__fov25px57.jpg,chicago-il,1568,oF8Bx0KvESGZSa3fiTFVpQ,True,3.25622,0,0,0,0,0,0,0,0,0,0,1e-06,0.0,1e-06,0.0,0.0,1.5e-05,1e-06,0.0,0.0,8e-06
chicago-il__779__fov25px57.jpg,chicago-il,779,dw9mYu0MInW4-4SwvkoUIQ,False,83.702762,0,0,0,0,0,0,0,0,0,0,0.0,0.142862,0.114477,2e-06,0.0,1e-05,1e-05,9e-06,0.990564,0.998532
chicago-il__2672__fov25px57.jpg,chicago-il,2672,vDFkIDaStMr3XG4eCSny7g,False,1.136919,0,0,0,0,0,0,0,0,0,0,0.015045,0.0,0.0,8e-06,0.0,1e-06,0.0,0.0,0.0,0.0
chicago-il__7288__fov25px57.jpg,chicago-il,7288,bfZu1aUDsMV5tJ0De_8dxQ,False,17.287312,0,0,0,0,0,1,0,0,0,0,0.0,1.5e-05,4e-06,3e-06,0.0,0.325847,0.0,0.0,2e-06,0.80421
chicago-il__10914__fov25px57.jpg,chicago-il,10914,vqWWF2PxMX_VUNpTVzpAhA,True,10.451134,1,0,0,0,0,0,0,0,0,0,0.000473,0.0,0.0,3.5e-05,0.0,0.83821,1e-06,0.0,5e-06,0.005466
chicago-il__336__fov25px57.jpg,chicago-il,336,v1Ok4DDh5EVotojWq7zrZw,False,96.583351,1,0,0,1,0,0,0,0,1,0,0.999971,0.000176,0.0,0.726544,0.0,1.3e-05,3.8e-05,1e-06,0.950676,0.0
chicago-il__5021__fov25px57.jpg,chicago-il,5021,gVW2ep3HLSv3ebH-LnlvXQ,True,11.859674,0,0,0,0,0,0,0,0,0,0,1e-06,0.0,1e-06,0.000224,0.0,1e-06,1e-06,9e-06,2e-06,0.007962
chicago-il__963__fov25px57.jpg,chicago-il,963,KF3kcN_-qojIRTbY9oWbLA,False,2.45208,1,0,0,0,0,1,0,0,0,0,0.998932,0.0,0.0,6.6e-05,0.0,0.011788,1e-06,1e-06,0.0,0.0
chicago-il__46771__fov25px57.jpg,chicago-il,46771,wSUXbsJP0RjtJSrYX7MLeQ,True,4.970347,0,0,0,0,0,0,0,0,1,0,0.0,1e-06,1e-06,0.0,0.0,1e-06,9.9e-05,0.0,0.019712,0.002701
chicago-il__2755__fov25px57.jpg,chicago-il,2755,-wmETaoMR3HSM1y2OeLYuw,True,2.197746,0,0,0,0,0,0,0,0,0,0,7e-06,6e-06,0.0,0.0,0.0,1e-06,1e-06,0.0,4e-06,3e-06
chicago-il__1282__fov25px57.jpg,chicago-il,1282,_UW9UBo3l10J4kEkxLtYHg,True,0.34364,0,0,0,0,0,0,0,0,0,0,0.0,5.9e-05,6e-06,1e-06,0.0,1e-06,0.0,1e-06,0.000329,0.31071
chicago-il__6750__fov25px57.jpg,chicago-il,6750,6uAfnnGpvo-S7ImhGFKXvg,True,11.268935,0,0,0,0,0,0,0,0,0,0,0.0,4.8e-05,0.0,0.0,0.0,4e-06,0.0,0.0,0.0,0.00023
chicago-il__11239__fov25px57.jpg,chicago-il,11239,WLoFMWyDch6uF2kDE9EZUQ,True,4.339767,0,0,0,0,0,0,0,0,0,0,1e-06,0.0,0.000221,2e-06,0.0,0.0,1e-06,1e-06,8e-06,3.4e-05
chicago-il__4982__fov25px57.jpg,chicago-il,4982,g4CIaTlzgg-A-ib4gKR_pw,True,8.121015,0,0,0,0,0,0,0,0,0,0,0.0,0.000708,0.0,0.0,0.0,3.8e-05,1e-06,0.0,3e-06,0.00059
chicago-il__22116__fov25px57.jpg,chicago-il,22116,xj2nzRUPOxBIOzslocrkUg,True,22.471648,0,0,0,0,0,0,0,0,0,0,2e-06,1e-05,1e-06,1e-06,0.0,2e-06,0.0,0.0,0.0,3e-06
chicago-il__8160__fov25px57.jpg,chicago-il,8160,1TrKrZQVqogPDGqKgiBLqg,False,59.063563,0,0,0,0,0,0,0,0,0,0,0.998564,1e-06,0.000161,3e-06,0.0,0.000124,0.0,1e-06,1e-06,0.0
chicago-il__22544__fov25px57.jpg,chicago-il,22544,PMADFDWLuzC5uv7fVSJDdA,True,3.078714,0,0,0,0,0,1,0,0,0,0,1e-06,0.0,2.2e-05,6e-06,0.0,6e-06,2e-06,0.0,1e-06,2e-06
chicago-il__18139__fov25px57.jpg,chicago-il,18139,EhLv6MpkH0fX1BTIlshfow,False,0.273074,0,0,0,0,0,0,0,0,0,0,0.0,0.0,1e-06,0.0,0.0,5.6e-05,0.0,0.0,1e-06,0.003052
chicago-il__21762__fov25px57.jpg,chicago-il,21762,ims5VBi0yFjTZyjkfAFGYg,False,111.02073,1,0,0,0,0,0,0,0,1,0,0.999978,1e-06,0.0,0.003846,0.0,8e-06,1e-06,1e-06,8.7e-05,0.0
chicago-il__8222__fov25px57.jpg,chicago-il,8222,vMaVo41kuBag9Bsc0Agf0A,True,2.320393,0,0,0,0,0,0,0,0,0,0,0.0,3e-06,0.000281,1e-06,0.0,2e-06,0.0,0.0,1e-06,0.000426
chicago-il__9895__fov25px57.jpg,chicago-il,9895,-ccMtEcrtDnRiz3meXk5kA,True,7.215079,1,0,0,0,0,0,0,0,0,0,0.999967,8e-06,9e-06,0.00026,0.0,0.0,1e-06,1e-06,0.0,0.0
chicago-il__19795__fov25px57.jpg,chicago-il,19795,xLlD9OYv_R4Q0SPa1OU1gA,True,14.4957,1,0,0,0,0,0,0,0,1,0,0.999995,0.0,2e-05,1.2e-05,0.0,0.045559,1e-05,0.0,0.000694,0.0
chicago-il__15291__fov25px57.jpg,chicago-il,15291,dozNUSv5RV9uG7QdMGbRFg,False,217.615123,1,0,0,1,0,0,0,0,1,0,0.99999,0.622032,1e-06,8e-06,0.0,0.000291,1e-05,2e-05,0.994393,0.0
chicago-il__11124__fov25px57.jpg,chicago-il,11124,vyCURZ8UThSFuc29vEvk1g,True,0.665617,0,0,0,0,0,0,0,0,0,0,0.0,4.1e-05,0.000113,2e-06,0.0,5e-06,1e-06,1e-06,1e-05,0.991435
chicago-il__10485__fov25px57.jpg,chicago-il,10485,TG1H2dSg00IyWnZ0-Av5qw,True,0.832652,0,0,0,0,0,0,0,0,1,0,0.0,0.0,3.6e-05,0.0,0.0,0.005822,1e-06,0.0,3e-06,0.124913
chicago-il__4521__fov25px57.jpg,chicago-il,4521,ALHTHu2GzL9mSWW-9-eC1Q,True,9.691526,0,0,0,0,0,0,0,0,0,0,0.0,2.2e-05,3.4e-05,2e-06,0.0,0.0,2e-06,0.0,1e-06,0.002302
chicago-il__749__fov25px57.jpg,chicago-il,749,kkpwOB7UVrtY5_3SGfPdzw,False,0.836051,0,0,0,0,0,0,0,0,0,0,0.0,0.0,0.000188,1e-06,0.0,0.000146,2e-06,0.0,1e-05,0.639524
chicago-il__10493__fov25px57.jpg,chicago-il,10493,z3BYkNlIB1qiMEVEeBc67Q,True,2.325799,0,1,0,0,0,0,0,0,0,0,0.0,0.000195,1e-06,2e-06,0.0,1e-06,1e-06,0.0,0.000194,0.000742
chicago-il__11676__fov25px57.jpg,chicago-il,11676,t9UN98AaaZ6uyWVd0e-CMw,True,0.414642,0,0,0,0,0,1,0,0,0,0,0.000649,0.0,0.0,2.2e-05,0.0,0.00021,1e-06,0.0,0.0,0.0
chicago-il__869__fov25px57.jpg,chicago-il,869,YeJvTYR-Vt-vn70Aimrr9g,True,12.90813,0,0,0,0,0,1,0,0,0,0,0.0,2.2e-05,1e-06,3e-06,0.0,0.94483,1e-06,0.0,0.000102,0.26456
chicago-il__28__fov25px57.jpg,chicago-il,28,ts6P8ubSQ-lR3AcL0Hvbbg,True,0.44478,1,1,0,0,0,0,0,1,0,0,1.0,0.041043,0.0,0.022534,0.0,5e-06,1e-05,0.000363,9.7e-05,0.0
chicago-il__10925__fov25px57.jpg,chicago-il,10925,yeq3ffBVSJy1_E84u4OW_w,False,208.705126,1,0,0,1,0,0,0,0,0,0,0.999844,0.0,1e-06,0.352036,0.0,3.8e-05,1e-06,2e-06,2e-06,0.0
chicago-il__17269__fov25px57.jpg,chicago-il,17269,PHatQdVdb1alOW1A1YXs0g,False,182.600515,1,0,0,1,0,1,0,1,1,0,0.999992,0.01089,0.006097,0.606602,0.0,0.0001,7.5e-05,0.004714,3.9e-05,0.0
chicago-il__3302__fov25px57.jpg,chicago-il,3302,OUnZ9otssmarhHG3HQhARg,False,17.803011,0,0,0,1,0,0,0,1,0,0,6e-06,0.0,6e-06,0.0044,0.0,1e-06,3e-06,9e-06,0.0,7e-06
chicago-il__4801__fov25px57.jpg,chicago-il,4801,sA4fQsPL5seP3YqEWJ__0A,False,38.039882,0,0,0,0,0,0,0,0,0,0,0.085037,0.0,1e-06,1e-06,0.0,0.000139,1e-06,0.0,0.0,0.0
chicago-il__11328__fov25px57.jpg,chicago-il,11328,hInMKoRaDwkJNIASWe67iw,False,51.417233,1,0,0,0,0,0,0,0,1,0,0.305174,0.000818,9.6e-05,0.913133,0.0,0.0,8.4e-05,0.01001,0.014382,9e-06
chicago-il__10994__fov25px57.jpg,chicago-il,10994,uGOFwVX8eNb79ngMtbWa0A,True,3.784425,0,0,0,0,0,0,0,0,1,0,6.8e-05,4e-05,0.0,0.000251,0.0,2e-06,9.7e-05,1e-06,0.059263,1e-06
chicago-il__1511__fov25px57.jpg,chicago-il,1511,bFYEz5hJEhiWkJja90n7HQ,True,1.000756,0,0,0,0,0,1,0,0,0,0,2e-06,1.7e-05,0.000595,0.0,0.0,0.999316,2e-06,0.0,3.6e-05,0.334169
chicago-il__7526__fov25px57.jpg,chicago-il,7526,ebEIHkUbVqOlga32pXTYdQ,True,2.253278,0,0,0,0,0,0,0,0,0,0,0.0,2e-06,0.272761,0.000391,0.0,0.000106,2e-06,1.9e-05,1e-06,0.012429
chicago-il__7801__fov25px57.jpg,chicago-il,7801,ep-ZU2iOK7zzKkgHTV0Jgw,True,0.23721,0,0,0,0,0,0,0,0,0,0,1e-06,6e-06,1.4e-05,0.000164,0.0,9e-06,6e-06,5e-06,0.773135,0.999847
chicago-il__9881__fov25px57.jpg,chicago-il,9881,im25ZcXz9GQ44QVK0bSSiQ,True,7.050094,1,1,0,0,0,0,0,0,0,0,0.000235,1.1e-05,1e-06,0.0,0.0,0.0,1e-06,1e-06,0.000863,1e-06
chicago-il__9260__fov25px57.jpg,chicago-il,9260,58Oovz3rcRPQI_Uoc-HX0w,True,8.926813,0,0,0,0,0,0,0,0,0,0,0.0,6e-06,3e-06,1e-06,0.0,0.0,1e-06,0.0,7e-06,3.6e-05
chicago-il__1563__fov25px57.jpg,chicago-il,1563,oF8Bx0KvESGZSa3fiTFVpQ,True,14.051061,0,0,0,0,0,0,0,0,0,0,0.0,0.0,1.6e-05,4e-06,0.0,2e-06,1e-06,0.0,0.0,8.4e-05
chicago-il__843__fov25px57.jpg,chicago-il,843,CKrWu9b_jaNmmJZnIw2GQg,True,0.555975,0,0,0,0,0,0,0,0,0,0,5e-06,1e-06,2e-06,4.4e-05,0.0,0.0,2e-06,4.6e-05,0.702832,0.036743
chicago-il__22577__fov25px57.jpg,chicago-il,22577,T8hABaOqVlyv7Yrxey308Q,False,187.033216,0,0,0,0,0,0,0,0,0,0,2e-06,0.0,0.0,1e-06,0.0,1e-06,1e-06,0.0,1.4e-05,8e-06
chicago-il__10570__fov25px57.jpg,chicago-il,10570,TEmPhNx3Pz8AThrrXdhD9A,True,0.271391,0,0,0,0,0,0,0,0,0,0,0.0,0.00147,5e-06,0.000315,0.0,1e-06,1e-06,3e-06,1.4e-05,0.997843
chicago-il__1446__fov25px57.jpg,chicago-il,1446,Zk2QnystHlTAF7Ft8o1GuA,True,8.230091,0,0,0,0,0,0,0,0,0,0,0.0,2e-06,6e-05,2e-06,0.0,1e-06,1e-06,0.0,1e-06,0.003845
chicago-il__12721__fov25px57.jpg,chicago-il,12721,XiP5AMWXS9ClX001MSQScw,False,17.457586,1,1,0,0,0,0,0,0,0,0,0.992693,0.001195,0.0,1e-05,0.0,0.0,8.9e-05,0.006269,0.000124,0.0
chicago-il__13626__fov25px57.jpg,chicago-il,13626,TT85jtP7qSxIYVTvB77Xow,True,6.353479,1,0,0,0,0,0,0,0,0,0,0.993642,0.159655,2.7e-05,1e-06,0.0,3e-06,2.4e-05,0.006919,2.9e-05,0.0
chicago-il__11654__fov25px57.jpg,chicago-il,11654,WnBmDN-X2kABaPZNAhHR9Q,True,12.565318,1,0,0,0,0,0,0,0,0,0,0.983611,1e-06,1e-06,7e-06,0.0,1.7e-05,1e-06,0.0,0.0,0.0
chicago-il__1381__fov25px57.jpg,chicago-il,1381,WZHXtOiAzgNMZE-1_gZKeg,True,1.488975,0,0,0,0,0,0,0,0,0,0,0.99942,1e-06,6e-06,0.000449,0.0,1e-06,5.5e-05,1e-06,0.974554,1e-06
chicago-il__15585__fov25px57.jpg,chicago-il,15585,BrGxV4UQKSFUpYRjQW97Pg,False,84.071402,1,0,0,0,0,0,0,0,0,0,0.999824,0.000231,0.0,0.014869,0.0,1e-06,1e-06,0.0,0.000199,0.0
chicago-il__9913__fov25px57.jpg,chicago-il,9913,Dx4nj-FZ1j2cTWGKofNZ9g,True,1.014898,0,0,0,0,0,1,0,0,0,0,3e-06,0.0,0.000202,4.9e-05,0.0,9.3e-05,4e-06,1e-06,0.000251,0.792289
chicago-il__8098__fov25px57.jpg,chicago-il,8098,RjaYSOjnW4_b_Pa6f--uBQ,False,89.432532,0,0,0,0,0,0,0,0,0,0,1e-06,1.5e-05,1e-06,5e-06,0.0,0.0,1e-06,0.0,0.000614,5e-06
chicago-il__10505__fov25px57.jpg,chicago-il,10505,pGdk-SNnPPHEsZNbU9yr6Q,True,11.05943,0,0,0,0,0,0,0,0,1,0,3.6e-05,0.0,0.0,3e-06,0.0,8e-06,2e-06,0.0,4e-05,0.000144
chicago-il__6716__fov25px57.jpg,chicago-il,6716,g4CIaTlzgg-A-ib4gKR_pw,True,5.735629,0,0,0,0,0,0,0,0,0,0,1e-06,0.059564,1e-06,4e-06,0.0,4e-06,1.1e-05,4e-06,0.91275,0.991734
chicago-il__8293__fov25px57.jpg,chicago-il,8293,fnSikUG7pOwfFfA6RmVKog,False,11.249635,1,0,0,0,0,0,0,0,0,0,0.999836,2e-06,9e-06,0.080599,0.0,0.0,1.5e-05,8e-06,0.996344,0.0
chicago-il__1510__fov25px57.jpg,chicago-il,1510,bFYEz5hJEhiWkJja90n7HQ,True,0.85467,0,0,0,0,0,0,0,0,0,0,0.0,0.0,0.0,8e-06,0.0,0.0,1e-06,2e-06,9.4e-05,0.000689
chicago-il__18162__fov25px57.jpg,chicago-il,18162,1g0B9qE8s1i04oM6N3_jaQ,False,48.128949,1,0,0,0,0,0,0,0,0,0,0.999479,2.2e-05,2e-06,0.0,0.0,0.0,0.0,0.0,6e-06,0.0
chicago-il__9202__fov25px57.jpg,chicago-il,9202,yitWKnt1POblUQx7yY5hzQ,True,7.029296,1,0,0,0,0,0,0,0,0,0,0.998863,0.001985,0.0,0.0,0.0,0.0,1e-06,1.3e-05,1.2e-05,0.0
chicago-il__7651__fov25px57.jpg,chicago-il,7651,NM6bcZl0V7Nh-UXC59B3OQ,True,4.674255,1,0,0,0,0,0,0,0,1,0,0.999847,8.5e-05,0.001406,0.997872,0.0,3.2e-05,6.7e-05,0.060762,0.999857,2.3e-05
chicago-il__8806__fov25px57.jpg,chicago-il,8806,Ibg2WjPhmsG3v87evy1IRg,True,0.332795,0,1,0,0,0,0,0,0,1,0,0.0,6e-06,2e-06,3e-06,0.0,0.0,2e-06,2e-06,0.040757,0.000167
chicago-il__12687__fov25px57.jpg,chicago-il,12687,LHfibr8VsMdFlHIQGiPtVA,True,1.031407,1,0,0,0,0,0,0,0,0,0,1.0,2e-06,0.000131,0.00151,0.0,0.00017,1e-06,4e-06,0.0,0.0
chicago-il__503__fov25px57.jpg,chicago-il,503,xkD1f4c5uDmseeEAbYruag,False,83.231472,0,0,0,0,0,0,0,0,0,0,0.0,2.2e-05,1e-06,0.0,0.0,9e-06,0.0,0.0,2e-06,0.009321
chicago-il__9661__fov25px57.jpg,chicago-il,9661,MIoLA4vvLRYe5s8hZc8r4A,True,1.354033,1,1,0,0,0,0,0,0,0,0,0.999999,0.000139,1.9e-05,0.072643,0.0,4e-06,2e-06,0.0,3e-06,0.0
chicago-il__9015__fov25px57.jpg,chicago-il,9015,U1wnNO8xJCzKFAd1fRqpnQ,False,13.523859,0,0,0,0,0,0,1,0,0,0,0.0,0.097307,1e-06,1.2e-05,0.0,0.0,4.1e-05,1e-06,0.000268,0.217801
chicago-il__1434__fov25px57.jpg,chicago-il,1434,u8r3gXm_UumGQFu6NXj3PA,True,0.618974,0,0,0,0,0,0,0,0,0,0,0.0,0.0,1e-06,6e-06,0.0,1e-06,2e-06,2e-06,1.2e-05,0.000267
chicago-il__6387__fov25px57.jpg,chicago-il,6387,WdLJwGm_kEx_lKVcYA1YEg,True,2.906621,0,0,0,0,0,0,0,0,0,0,0.0,3e-06,0.0,1e-06,0.0,1e-06,0.0,0.0,4e-06,0.000176
chicago-il__6020__fov25px57.jpg,chicago-il,6020,BYKON45bGJWEEtgzyhFYXA,True,0.471153,1,0,0,0,0,0,0,0,0,0,0.995472,0.075303,0.00027,4.1e-05,0.0,1e-06,1e-06,0.0,0.000162,0.0
chicago-il__11000__fov25px57.jpg,chicago-il,11000,ufTaMDKgOWTLR0rJkYjDZg,True,9.565982,0,0,0,0,0,0,0,1,0,0,0.0,0.968167,0.050238,5e-06,0.0,0.000512,1.3e-05,2e-06,0.005393,0.994636
chicago-il__19229__fov25px57.jpg,chicago-il,19229,93Np4uodj-C4UyDrxj5ZKg,False,188.148706,1,1,0,0,0,0,0,0,1,0,0.99999,0.000104,3e-06,4e-06,0.0,0.0,3.5e-05,0.0,0.000209,0.0
chicago-il__5441__fov25px57.jpg,chicago-il,5441,aOkN2-eHeVo_GBIWoZ_wuw,True,2.549945,1,0,0,1,0,0,0,0,0,0,0.998097,7e-06,6e-06,1e-06,0.0,0.0,1e-06,5e-06,0.002766,0.0
chicago-il__15191__fov25px57.jpg,chicago-il,15191,sV3nQYCLnSP6wxJlVaoxdA,False,26.004355,0,0,0,0,0,0,0,0,0,0,0.959657,0.000327,0.0,0.00452,0.0,0.0,0.0,1e-06,0.012508,0.0
chicago-il__159__fov25px57.jpg,chicago-il,159,A5xSAPj4peYk-TYErs_6SA,True,0.846483,1,0,0,0,0,0,0,0,0,0,1.0,0.184109,0.0,0.000134,0.0,3e-05,6e-06,0.0,0.000177,0.0
chicago-il__4877__fov25px57.jpg,chicago-il,4877,hqJ0iR-CEPjTtlpDmXJ8Bw,False,3.264105,0,0,0,0,0,1,0,0,0,0,0.0,4.4e-05,1e-06,1e-05,0.0,0.056943,1e-06,0.0,1e-05,0.951341
oradell-nj__8740__fov25px57.jpg,oradell-nj,8740,3NbMy3pAgCsvIeEl6k6kxA,True,0.550786,1,0,0,0,0,1,0,0,1,0,0.001082,7e-06,0.0,7.5e-05,0.0,1.5e-05,7e-06,0.0,0.988226,9e-06
oradell-nj__534__fov25px57.jpg,oradell-nj,534,B6tQ90x9rzYPhjGHnHviwA,False,0.713142,0,0,0,0,0,0,0,0,0,0,0.0,1e-06,5e-06,0.0,0.0,3e-06,1e-06,0.0,1.7e-05,2.7e-05
oradell-nj__13506__fov25px57.jpg,oradell-nj,13506,v8UBjukbeiUWbj4LdvDosQ,True,1.849105,0,0,1,0,0,0,0,0,0,0,5e-05,9.9e-05,0.001591,0.0,0.0,0.993597,7e-06,2e-06,1e-06,2e-06
oradell-nj__3521__fov25px57.jpg,oradell-nj,3521,maCJymSfWDpBnkPsWDZHlQ,True,0.696703,1,0,0,0,0,0,0,0,1,0,0.999997,0.009707,0.987602,0.041557,0.0,4e-06,0.000254,1.5e-05,0.106593,0.0
oradell-nj__3049__fov25px57.jpg,oradell-nj,3049,TmcphSz35wrZ1bDwxvakeQ,True,0.889168,1,0,0,0,0,0,0,0,0,0,0.053887,0.0,0.007198,0.0,0.0,4e-06,0.0,0.0,0.001853,0.0
oradell-nj__13319__fov25px57.jpg,oradell-nj,13319,8dbHzAgvDzD-bixgfB36oA,False,0.872075,0,0,0,0,0,0,0,0,0,0,0.999664,2e-06,0.000736,6e-06,0.0,0.000118,0.0,0.0,5.2e-05,0.0
oradell-nj__7108__fov25px57.jpg,oradell-nj,7108,ZWMnBBRzsSs2qVtlmZxciw,True,16.733918,0,0,0,0,0,0,0,0,0,0,4e-06,0.0,5.6e-05,8e-06,0.0,0.0,0.0,0.0,0.000736,8e-06
oradell-nj__10411__fov25px57.jpg,oradell-nj,10411,1ZIwj2E5teah29eI8FvRCA,False,1.576986,0,0,0,0,0,0,0,0,0,0,0.0,2e-06,4.9e-05,1.9e-05,0.0,0.000135,5e-06,1e-06,1.5e-05,2e-06
oradell-nj__13748__fov25px57.jpg,oradell-nj,13748,3uIQqiJbnwgPOsEs913jWg,False,0.628441,0,0,0,0,0,0,0,0,0,0,0.0,1e-06,0.0,1.2e-05,0.0,0.0,0.0,0.0,6e-06,0.004986
oradell-nj__6837__fov25px57.jpg,oradell-nj,6837,TyULFww2rAxw2eMujDvAyg,True,0.0,0,0,0,0,0,0,0,0,0,0,1.9e-05,0.0,3e-06,0.0,0.0,7.2e-05,0.0,0.0,1e-06,3e-06
oradell-nj__10040__fov25px57.jpg,oradell-nj,10040,2LpMaJsCnTguM_LiGSSpoQ,True,0.333585,1,0,0,0,0,0,0,0,0,0,0.999998,0.000156,7e-06,4.2e-05,0.0,0.0,1e-06,2e-05,0.025776,0.0
oradell-nj__7485__fov25px57.jpg,oradell-nj,7485,WKdfC2mfcxCLK6KHbK1tJA,False,11.691231,0,0,0,0,0,0,0,0,0,0,1e-06,0.0,5.6e-05,6.8e-05,0.0,0.0,1e-06,0.0,2e-06,0.004082
oradell-nj__10951__fov25px57.jpg,oradell-nj,10951,YrmGICCOyGTkrC1O3hRtyg,False,4.650522,0,0,0,0,0,0,0,0,0,0,0.0,0.0,2.4e-05,0.000134,0.0,0.047722,1e-06,0.0,0.000185,8e-06
oradell-nj__6908__fov25px57.jpg,oradell-nj,6908,j49ruWR499SthAb08cG3MA,False,0.580791,0,0,0,0,0,0,0,0,0,0,0.0,2e-06,0.004154,1e-06,0.0,0.054122,1e-06,0.0,1e-06,3.8e-05
oradell-nj__9946__fov25px57.jpg,oradell-nj,9946,lHTT7MQsuMvOrdozvLk6dg,True,5.030885,1,0,0,0,0,0,0,0,0,0,0.282653,1e-06,4.4e-05,1.1e-05,0.0,0.0,1e-06,0.0,0.000235,0.0
oradell-nj__694__fov25px57.jpg,oradell-nj,694,BiYSXZLarNeJIdWqKBBOnA,True,2.800504,0,0,0,0,0,0,0,0,0,0,0.0,1e-06,1e-06,4e-06,0.0,3e-06,2e-06,0.0,0.008588,3e-06
oradell-nj__4656__fov25px57.jpg,oradell-nj,4656,LPEQmFhUHcChEfFFOCz6JA,True,0.893516,0,0,0,0,0,1,0,0,0,0,0.0,0.000924,0.005081,0.0,0.0,0.513719,1e-06,0.0,5e-06,1.7e-05
oradell-nj__12676__fov25px57.jpg,oradell-nj,12676,TwhFZ4tOYC2hZ-lKqLDoRQ,True,1.466138,0,0,0,0,0,0,0,0,0,0,0.0,0.00513,0.000168,1.6e-05,0.0,4.5e-05,8.5e-05,2e-06,2e-06,2.7e-05
oradell-nj__6579__fov25px57.jpg,oradell-nj,6579,2yU4Dr2Iw3DK72NRjvau-Q,True,0.201431,0,0,0,0,0,0,0,0,0,0,2e-06,4e-05,9e-06,1e-06,0.0,3.6e-05,1e-06,1e-06,0.0,1e-06
oradell-nj__5251__fov25px57.jpg,oradell-nj,5251,KcQtTMkI-Qf9XL34TL-I5Q,True,1.225148,0,0,0,0,0,0,0,0,0,0,1e-06,0.0,2e-06,2.1e-05,0.0,0.003696,1e-06,0.0,4e-06,2e-06
oradell-nj__11533__fov25px57.jpg,oradell-nj,11533,kKJSlz5_bzxOa04FmEmEVA,True,2.30586,1,0,0,0,0,1,0,0,1,0,0.997544,4e-06,0.1616,0.0,0.0,0.000769,6.6e-05,0.0,0.55948,0.0
oradell-nj__6574__fov25px57.jpg,oradell-nj,6574,2yU4Dr2Iw3DK72NRjvau-Q,True,0.167958,0,0,0,0,0,0,0,0,0,0,0.0,0.000119,1.6e-05,0.0,0.0,0.537355,3e-06,0.0,1e-06,0.146324
oradell-nj__7659__fov25px57.jpg,oradell-nj,7659,vdhfu1iWMR_r7gBt9qFKVQ,True,9.9692,1,0,0,0,0,0,0,0,0,0,0.999677,0.0,0.0,4e-06,0.0,0.004374,1e-06,0.0,3e-06,0.0
oradell-nj__11202__fov25px57.jpg,oradell-nj,11202,AK0xN_YlwcXiXk9BQlcSeA,True,0.419891,0,0,0,0,0,1,0,0,0,0,1.2e-05,0.0,7e-06,0.0,0.0,5.2e-05,1e-06,0.0,0.0,1.7e-05
oradell-nj__2474__fov25px57.jpg,oradell-nj,2474,bDhb0R_h0ibh-y_tz72Gvg,True,2.653194,0,0,0,0,0,0,0,0,0,0,1e-06,0.001793,0.309038,5e-06,0.0,1.9e-05,2.2e-05,1.1e-05,1.7e-05,1e-06
oradell-nj__11622__fov25px57.jpg,oradell-nj,11622,tZAqSWQPUcQElypfDmLYJA,True,3.662363,0,0,0,0,0,0,0,0,0,0,0.0,2e-06,1e-06,1e-06,0.0,1.4e-05,0.0,0.0,2e-06,9.6e-05
oradell-nj__1029__fov25px57.jpg,oradell-nj,1029,YoifMEiYzYn65hqEu-kNAw,False,48.078176,1,0,0,1,0,0,0,0,0,0,0.99891,0.0,8.2e-05,0.005687,0.0,2.1e-05,6e-06,0.0,0.059673,0.0
oradell-nj__9269__fov25px57.jpg,oradell-nj,9269,Lv59DQ_FbT37mcgtEIHUXA,False,2.487657,0,0,0,0,0,0,0,0,0,0,0.0,0.000199,0.0,0.0,0.0,1.1e-05,0.0,0.0,0.000248,0.001743
oradell-nj__4570__fov25px57.jpg,oradell-nj,4570,wKcl5yL2TcoAdKexbILpHg,True,1.993445,0,0,1,0,0,1,0,0,0,0,0.0,7e-06,0.643833,1e-05,0.0,4e-05,5e-06,0.0,6e-06,0.007149
oradell-nj__2307__fov25px57.jpg,oradell-nj,2307,28tGbhCsMyFUsKRs7-jp_A,True,1.055627,1,0,0,0,0,0,0,0,1,0,0.978709,0.0,0.0,0.003392,0.0,2e-06,0.0,0.0,1.1e-05,0.0
oradell-nj__2523__fov25px57.jpg,oradell-nj,2523,OAAi-1ArDAiOAsWf0vzQvQ,True,10.079908,1,0,0,0,0,0,0,0,1,0,0.99955,0.128429,0.0,4e-05,0.0,0.0,7e-06,0.000127,0.002541,0.0
oradell-nj__12647__fov25px57.jpg,oradell-nj,12647,bG4FoWBr0lgFvkupJTSgfw,True,0.611613,0,0,0,0,0,0,0,0,0,0,0.0,1.6e-05,1.9e-05,0.0,0.0,1e-06,0.0,0.0,3.1e-05,0.062905
oradell-nj__7607__fov25px57.jpg,oradell-nj,7607,ewaeHk0wLp-ji0xmnjN6Og,False,14.385724,0,0,0,0,0,0,0,0,0,0,0.0,0.0,2.9e-05,0.0,0.0,0.0,1e-06,0.0,0.000302,8.5e-05
oradell-nj__2242__fov25px57.jpg,oradell-nj,2242,WW_5QmcP4J-0n3Mj2englQ,True,10.774594,1,0,0,0,0,0,0,0,0,0,0.990714,0.0,0.000505,1e-06,0.0,0.007238,0.0,0.0,7e-06,0.0
oradell-nj__7924__fov25px57.jpg,oradell-nj,7924,nVnL1XrRz2Tpv8TdZXe1Eg,False,32.654482,0,0,0,0,0,1,0,0,0,0,0.000107,1e-06,0.0,2e-06,0.0,0.0,2e-06,0.0,0.020824,2e-06
oradell-nj__2620__fov25px57.jpg,oradell-nj,2620,ovd4VE6_ux5UyDNHn2_Xog,True,0.083984,1,0,0,0,0,1,0,0,1,0,0.990205,2.2e-05,0.001362,0.0,0.0,0.98889,6e-06,0.0,0.000268,0.0
oradell-nj__7137__fov25px57.jpg,oradell-nj,7137,-WB6UWO3NvXT1HgBtup5Gw,True,3.452789,1,0,0,0,0,0,0,0,0,0,0.008596,1e-06,1e-06,0.0,0.0,3e-05,3e-06,0.0,0.021772,0.0
oradell-nj__13135__fov25px57.jpg,oradell-nj,13135,DcGgLOdCKqsOyleUwhJEhA,True,1.072566,0,0,0,0,0,0,0,0,0,0,0.0,0.0,4e-06,0.0,0.0,0.016997,0.0,0.0,0.001102,0.000749
oradell-nj__11997__fov25px57.jpg,oradell-nj,11997,xE26-6xdmicsrWioEz8asw,True,0.473415,0,0,0,0,0,0,0,0,0,0,0.0,4.8e-05,0.000415,3e-06,0.0,0.007708,1e-06,0.0,2.6e-05,0.0
oradell-nj__4650__fov25px57.jpg,oradell-nj,4650,LPEQmFhUHcChEfFFOCz6JA,True,0.86872,1,0,0,0,0,1,0,0,0,0,0.999742,0.0,1.8e-05,0.013076,0.0,0.005291,7e-06,0.0,0.007465,0.0
oradell-nj__240__fov25px57.jpg,oradell-nj,240,RZ3TNSHFI87lhHKmeflLpw,True,5.512866,1,1,0,0,0,0,0,0,0,0,0.903747,0.0,0.0,1e-06,0.0,9e-06,1e-06,0.0,0.0,0.0
oradell-nj__7593__fov25px57.jpg,oradell-nj,7593,baCV0CorkAiYECEexITbbA,False,15.298818,0,0,0,0,0,0,0,0,0,0,0.0,1e-06,3e-06,1e-06,0.0,1.5e-05,0.0,0.0,2.4e-05,0.25393
oradell-nj__6512__fov25px57.jpg,oradell-nj,6512,c6Ql2H2iaSf24Z5s5YSUKA,True,1.061527,0,0,0,0,0,0,0,0,0,0,1e-05,0.0,1e-06,0.0,0.0,2e-06,1e-06,0.0,1e-06,3e-06
oradell-nj__7045__fov25px57.jpg,oradell-nj,7045,Y6Q10_sCf8aGU9V8MI_rHg,True,2.226091,0,0,0,0,0,0,0,0,0,0,0.014987,0.0,1e-06,1.1e-05,0.0,0.031925,0.0,3e-06,0.0,0.0
oradell-nj__7753__fov25px57.jpg,oradell-nj,7753,Gw5hImBtxom7vYcrWY8SdA,False,12.510209,0,0,0,0,0,0,0,0,0,0,0.0,0.133138,4.1e-05,2.7e-05,0.0,0.000879,1.1e-05,2e-06,1.7e-05,4.5e-05
oradell-nj__7476__fov25px57.jpg,oradell-nj,7476,eVOkW7CziZU4E-EViBzQ1w,True,11.37268,0,0,0,0,0,0,0,0,1,0,0.999834,6e-06,0.0,0.00318,0.0,2e-06,0.0,0.0,2.1e-05,0.0
oradell-nj__7923__fov25px57.jpg,oradell-nj,7923,nVnL1XrRz2Tpv8TdZXe1Eg,False,36.466608,0,0,0,0,0,0,0,0,0,0,0.895132,0.0,0.0,0.00011,0.0,3e-05,0.0,0.0,1e-06,0.0
oradell-nj__9809__fov25px57.jpg,oradell-nj,9809,G5eV8x15UzVuFAfEjRYFyQ,True,0.847757,0,0,0,0,0,0,0,0,0,0,6e-06,0.0,0.0,0.0,0.0,2e-06,0.0,0.0,2e-06,2.5e-05
oradell-nj__9237__fov25px57.jpg,oradell-nj,9237,J5eDWl45Kp7xEqsI174vug,True,0.402862,0,0,0,0,0,0,0,0,0,0,0.002965,0.0,5.9e-05,9e-06,0.0,0.011051,0.0,0.0,1e-06,1e-06
oradell-nj__7799__fov25px57.jpg,oradell-nj,7799,965HZJH63-ZPkCXg_meUAQ,True,10.086617,0,0,0,0,0,0,0,0,0,0,1.1e-05,0.0,1e-06,1e-06,0.0,7e-06,0.0,0.0,2e-06,0.001837
oradell-nj__6847__fov25px57.jpg,oradell-nj,6847,IbcOJfs88pSB22ybO3TINQ,True,1.901775,1,0,1,0,0,1,0,0,0,0,1.0,0.001076,0.525206,0.004098,0.0,0.002625,0.000421,7.3e-05,1e-06,0.0
oradell-nj__1428__fov25px57.jpg,oradell-nj,1428,uojVoCU_AfS9Ex7IocNyzQ,False,0.975341,0,0,0,0,0,0,0,0,0,0,3e-06,1e-06,5.4e-05,1e-06,0.0,1e-06,3e-06,0.0,5e-06,0.0
oradell-nj__1265__fov25px57.jpg,oradell-nj,1265,dcXeX6IgPcIhfqxfn0Zkow,True,0.923764,0,0,0,0,0,0,0,0,0,0,0.0,0.0,1.4e-05,3e-06,0.0,4e-06,0.0,0.0,0.0,0.000491
oradell-nj__10944__fov25px57.jpg,oradell-nj,10944,9gfXljYDq0JE5tAPjqMQHw,True,0.251946,0,0,0,0,0,0,0,0,0,0,1e-06,5e-06,6e-06,0.0,0.0,2.9e-05,0.0,0.0,2e-06,2e-06
oradell-nj__533__fov25px57.jpg,oradell-nj,533,0SiwapggaSwk63jPwIfaag,True,1.796866,1,1,0,0,0,0,0,0,0,0,0.999999,0.01833,1e-06,0.012347,0.0,5e-06,2e-06,1e-06,1e-06,0.0
oradell-nj__7584__fov25px57.jpg,oradell-nj,7584,6VJD_muUEM0ZiKUXv7Zxsg,True,11.059782,1,0,0,0,0,0,0,0,0,0,0.999987,0.009208,0.004556,1.3e-05,0.0,0.999938,3e-06,1.5e-05,0.000412,0.0
oradell-nj__5274__fov25px57.jpg,oradell-nj,5274,LW8BGJWg75H3LeFl1s4wHQ,True,1.474319,0,0,0,0,0,0,0,0,0,0,4e-06,0.0,9.9e-05,1.1e-05,0.0,1e-05,1e-06,0.0,0.0,3e-06
oradell-nj__2744__fov25px57.jpg,oradell-nj,2744,7MU-54l0cKF59kTeKCyQ6w,True,0.402871,0,0,0,0,0,0,0,0,0,0,4.1e-05,0.0,2e-06,2e-06,0.0,0.0,3e-06,0.0,0.002267,1e-06
oradell-nj__1097__fov25px57.jpg,oradell-nj,1097,ovd4VE6_ux5UyDNHn2_Xog,True,0.80915,1,0,0,0,0,0,0,0,0,0,0.999998,0.787714,0.000105,4e-06,0.0,6e-06,0.0,1e-06,0.0,0.0
oradell-nj__293__fov25px57.jpg,oradell-nj,293,7fWsh-9umUYpoWoBqhkY_g,True,0.475426,0,0,0,0,0,0,0,0,0,0,2e-06,0.0,2e-06,2e-06,0.0,1e-06,1e-06,0.0,1e-06,3.8e-05
oradell-nj__6913__fov25px57.jpg,oradell-nj,6913,kFM7UUg5oX2hKNae547fbA,True,1.552837,0,0,0,0,0,0,0,0,1,0,0.97036,0.0,0.003869,7e-06,0.0,0.002433,2e-06,0.0,8.7e-05,0.0
oradell-nj__13532__fov25px57.jpg,oradell-nj,13532,cHEkmfqJj0A3tjszlRRB3Q,False,7.772926,0,0,0,0,0,1,0,0,0,0,9.8e-05,2e-06,0.000679,0.0,0.0,0.282189,0.0,0.0,0.0,0.0
oradell-nj__1070__fov25px57.jpg,oradell-nj,1070,FEwGJ7SMb4Bz8onglrTMXA,True,0.201425,1,0,0,0,0,0,0,0,0,0,0.727178,0.0,0.0,1.9e-05,0.0,0.000155,3e-06,2e-06,3e-06,0.0
oradell-nj__13136__fov25px57.jpg,oradell-nj,13136,DcGgLOdCKqsOyleUwhJEhA,True,0.84776,0,0,0,0,0,0,0,0,0,0,0.0,2.6e-05,2e-06,2e-06,0.0,0.000419,0.0,0.0,3e-06,0.000274
oradell-nj__7540__fov25px57.jpg,oradell-nj,7540,_1YdauaXDnSOKO2HqnIyoA,False,15.35337,0,0,0,0,0,0,0,0,0,0,0.0,6e-06,1e-06,0.0,0.0,1e-06,1e-06,0.0,1e-06,5e-06
oradell-nj__980__fov25px57.jpg,oradell-nj,980,trIX8vO1I92u0bq6rhocDg,False,24.474505,0,0,0,0,0,0,0,0,0,0,0.0,0.000366,0.000218,0.0,0.0,0.0,0.0,3e-06,0.0,2.6e-05
oradell-nj__9153__fov25px57.jpg,oradell-nj,9153,Y9OGkQSn-raCUk2lL2cGbw,True,1.268435,0,0,0,0,0,0,0,0,0,0,0.294012,1e-06,0.0,1e-06,0.0,8e-05,0.0008,0.0,0.023767,0.0
oradell-nj__2625__fov25px57.jpg,oradell-nj,2625,ovd4VE6_ux5UyDNHn2_Xog,True,0.335937,1,0,0,0,0,0,0,0,0,0,0.999997,0.999971,0.001601,3e-05,0.0,0.003047,3e-06,9.2e-05,3e-06,0.0
oradell-nj__1774__fov25px57.jpg,oradell-nj,1774,WW_5QmcP4J-0n3Mj2englQ,True,0.418029,1,0,1,0,0,0,0,0,1,0,0.999957,3e-06,0.0,6.9e-05,0.0,0.012697,3.2e-05,0.0,8.4e-05,0.0
oradell-nj__13316__fov25px57.jpg,oradell-nj,13316,XpygTrza-ZKpNGJzxnHhqw,True,0.94685,0,0,0,0,0,0,0,0,0,0,9.7e-05,0.0,2e-06,0.0,0.0,6.5e-05,0.0,0.0,8.4e-05,0.0
oradell-nj__6710__fov25px57.jpg,oradell-nj,6710,GqQZYcmLJtVdYoNW1wCpDQ,True,0.750102,0,0,0,0,0,0,0,0,0,0,6.2e-05,0.0,6e-06,0.0,0.0,0.004338,1e-06,0.0,0.0,0.0
oradell-nj__9243__fov25px57.jpg,oradell-nj,9243,LBA6BeT7c0qTMdIbLovxGQ,True,0.475436,0,0,0,0,0,0,0,0,0,0,0.0,0.0,7e-06,1.3e-05,0.0,0.0,0.0,0.0,1.4e-05,9.5e-05
oradell-nj__9781__fov25px57.jpg,oradell-nj,9781,SgiiK4Vuqhv6fQVAehhgrg,True,2.14182,0,0,0,0,0,0,0,0,0,0,4e-06,0.0,3e-06,7e-06,0.0,2.9e-05,0.0,0.0,0.003007,0.000769
oradell-nj__11619__fov25px57.jpg,oradell-nj,11619,tZAqSWQPUcQElypfDmLYJA,True,1.425452,0,0,0,0,0,0,0,0,0,0,0.0,3.7e-05,4.5e-05,0.0,0.0,2.1e-05,4e-06,0.0,4.5e-05,0.000144
oradell-nj__7104__fov25px57.jpg,oradell-nj,7104,SR76VvwOyfIfKbj5FefHvA,True,11.341534,0,1,0,0,0,0,0,0,0,0,0.0,0.000246,1e-05,0.0,0.0,0.0,1e-06,0.0,0.003058,9.5e-05
oradell-nj__1035__fov25px57.jpg,oradell-nj,1035,oHcCAf1W4S-D2RIsKpgqYg,True,3.932446,0,0,0,0,0,0,0,0,0,0,1e-06,1e-06,2e-06,0.0,0.0,2e-06,5e-06,0.0,9e-06,1e-06
oradell-nj__7526__fov25px57.jpg,oradell-nj,7526,SdXF_NFmBY2qz_t4ohzzdg,True,2.132542,0,1,0,0,0,0,0,0,0,0,0.0,2.9e-05,0.000797,0.0,0.0,2.6e-05,0.0,0.0,9e-06,0.000256
oradell-nj__3724__fov25px57.jpg,oradell-nj,3724,kaWBvSOgeSlQ5fYMayzTKQ,True,0.847758,0,0,0,0,0,0,0,0,0,0,0.000721,1e-06,5e-06,4.7e-05,0.0,1e-06,1e-06,0.0,1e-06,0.0
oradell-nj__6092__fov25px57.jpg,oradell-nj,6092,VEbuqFZIQrQOzm__uzt4IA,True,1.552794,1,0,0,0,0,0,0,0,0,0,0.999994,1e-06,0.002182,0.0,0.0,0.001187,0.0,0.0,6e-06,0.0
oradell-nj__11664__fov25px57.jpg,oradell-nj,11664,gGc0Kla0zhthQyW1O8WwVA,True,0.796282,0,0,0,0,0,0,0,0,0,0,0.000132,0.0,0.0,3e-06,0.0,0.001242,0.0,0.0,0.0,0.0
oradell-nj__13095__fov25px57.jpg,oradell-nj,13095,28tGbhCsMyFUsKRs7-jp_A,True,3.075779,0,0,0,1,0,0,0,0,1,0,0.000593,0.0,0.001604,0.005725,0.0,0.000453,1.1e-05,3e-06,0.972822,0.04588
oradell-nj__6418__fov25px57.jpg,oradell-nj,6418,evlMyX7gN7BYYVXpN8-Psg,True,0.536276,0,0,0,0,0,1,0,0,0,0,0.000996,0.0,1e-06,7.8e-05,0.0,1e-06,1e-06,0.0,1e-06,0.0
oradell-nj__4536__fov25px57.jpg,oradell-nj,4536,KcNt66ypG-PBMI1Yo4LQFg,True,0.343993,0,0,0,0,0,0,0,0,0,0,0.0,0.0,0.05006,0.0,0.0,0.009514,0.0,0.0,0.0,0.015046
oradell-nj__4540__fov25px57.jpg,oradell-nj,4540,DdqscG_3YCjXtiKxhe9mDA,True,0.353836,0,0,0,0,0,0,0,0,0,0,4.2e-05,0.0,0.005074,1.1e-05,0.0,0.985506,3e-06,0.0,0.00684,6e-06
oradell-nj__535__fov25px57.jpg,oradell-nj,535,B6tQ90x9rzYPhjGHnHviwA,False,1.480614,0,0,0,0,0,0,0,0,0,0,3.5e-05,0.02498,0.0,6e-06,0.0,0.0,1e-06,0.0,0.004758,0.0
oradell-nj__6237__fov25px57.jpg,oradell-nj,6237,vTCn4r2dBR6gzsTSqNDzsA,False,0.373482,0,0,0,0,0,0,0,0,0,0,0.0,0.0,1e-06,1e-06,0.0,0.001056,0.0,0.0,4e-06,0.00235
oradell-nj__291__fov25px57.jpg,oradell-nj,291,7fWsh-9umUYpoWoBqhkY_g,True,1.188564,0,0,0,0,0,0,0,0,0,0,0.0,2e-06,2e-06,2e-06,0.0,0.0,1e-06,2e-06,2e-05,6.7e-05
oradell-nj__7596__fov25px57.jpg,oradell-nj,7596,baCV0CorkAiYECEexITbbA,False,10.406973,0,0,0,0,0,0,0,0,0,0,0.0,0.0,1.3e-05,1e-06,0.0,6e-06,0.0,1e-06,0.000238,0.002624
oradell-nj__5634__fov25px57.jpg,oradell-nj,5634,3x3uiMuin4ZDBuuDrRkSsA,True,0.373472,1,0,0,0,0,0,0,0,0,0,0.999944,0.329815,0.0,1e-06,0.0,1.9e-05,4e-06,0.0,2e-06,0.0
oradell-nj__7083__fov25px57.jpg,oradell-nj,7083,o-SCHYnaX2TZYb-NFQz0NA,True,0.452638,0,0,0,0,0,0,0,0,0,0,0.0,5e-06,1e-06,8.1e-05,0.0,0.001334,0.0,0.0,1e-06,0.918105
oradell-nj__9871__fov25px57.jpg,oradell-nj,9871,93DBCo3fL4PMo2lvG6enEA,True,1.575859,1,0,0,0,0,0,0,0,0,0,1.0,0.106929,7.9e-05,9e-06,0.0,0.024111,2e-06,0.002178,0.0,0.0
oradell-nj__11203__fov25px57.jpg,oradell-nj,11203,AK0xN_YlwcXiXk9BQlcSeA,True,0.924548,0,0,0,0,0,0,0,0,0,0,0.0,0.0,6e-06,2e-06,0.0,4e-06,0.0,0.0,1e-06,7.2e-05
oradell-nj__7389__fov25px57.jpg,oradell-nj,7389,hAGVqB-7uuDDAxhEQ6Hrbw,True,12.44538,0,0,0,0,0,0,0,0,0,0,0.000141,1.3e-05,3.3e-05,0.0,0.0,1.3e-05,2e-06,0.0,1e-06,0.0
oradell-nj__3071__fov25px57.jpg,oradell-nj,3071,TmcphSz35wrZ1bDwxvakeQ,True,0.555975,1,0,0,0,0,0,0,0,0,0,0.999999,0.0,0.003625,1.1e-05,0.0,0.002828,3e-06,1e-06,0.000162,0.0
oradell-nj__6708__fov25px57.jpg,oradell-nj,6708,GqQZYcmLJtVdYoNW1wCpDQ,True,0.587863,0,0,0,0,0,0,0,0,0,0,1e-06,0.0,6e-06,1e-06,0.0,3e-05,1e-06,0.0,3.5e-05,3e-06
oradell-nj__7962__fov25px57.jpg,oradell-nj,7962,pwi1PtcVR42Gp1JAKN0YkA,False,13.074657,0,0,0,0,0,0,0,0,0,0,0.0,1e-06,5.1e-05,1e-06,0.0,1e-06,1e-06,0.0,0.07199,0.064519
oradell-nj__11489__fov25px57.jpg,oradell-nj,11489,YKdFkKvGZqzt_0mMYChz-g,True,15.164751,0,1,0,0,0,1,0,0,0,0,3.8e-05,1.3e-05,0.135929,1e-06,0.0,0.003582,6e-06,0.0,0.0,0.0
oradell-nj__690__fov25px57.jpg,oradell-nj,690,rqzy5vdUrTqdpgMTdb-69w,True,0.649568,1,0,0,0,0,0,0,0,0,0,0.999585,0.0,0.308598,6e-05,0.0,0.190862,3.7e-05,1.5e-05,8e-06,0.0
oradell-nj__10862__fov25px57.jpg,oradell-nj,10862,hPk34qAFNAPCirL0UmJ0XQ,True,1.890316,1,1,0,0,0,0,0,0,0,0,0.999996,2.9e-05,7.5e-05,0.001371,0.0,0.0,7e-06,0.0,1e-05,0.0
oradell-nj__7357__fov25px57.jpg,oradell-nj,7357,e_O4HDMXImOmCpbNJLlj2Q,True,12.225782,1,0,0,0,0,0,0,0,1,0,1.0,0.007863,0.0,0.049488,0.0,4e-06,1e-05,1e-06,1.3e-05,0.0
oradell-nj__4409__fov25px57.jpg,oradell-nj,4409,7MU-54l0cKF59kTeKCyQ6w,True,0.587875,0,0,0,0,0,1,0,0,0,0,0.068189,0.0,0.000761,0.0,0.0,0.000108,1.6e-05,0.0,0.010641,0.0
oradell-nj__7387__fov25px57.jpg,oradell-nj,7387,hAGVqB-7uuDDAxhEQ6Hrbw,True,3.637268,0,0,0,0,0,0,0,0,0,0,3.8e-05,0.0,0.0,7e-06,0.0,1e-06,0.0,0.0,0.002307,0.0
oradell-nj__12016__fov25px57.jpg,oradell-nj,12016,R88NrKLZ93cgZO2H6ed6Pw,True,1.929547,0,0,0,0,0,0,0,0,0,0,8e-05,0.0,6.8e-05,0.000594,0.0,2e-06,5e-06,0.0,0.870241,2e-06
oradell-nj__10953__fov25px57.jpg,oradell-nj,10953,YrmGICCOyGTkrC1O3hRtyg,False,1.39346,0,0,0,0,0,0,0,0,0,0,0.0,1.5e-05,0.095431,3e-06,0.0,5e-06,2e-06,1e-06,1.9e-05,0.000138
oradell-nj__4556__fov25px57.jpg,oradell-nj,4556,wKcl5yL2TcoAdKexbILpHg,True,1.120445,0,0,0,0,0,1,0,0,0,0,0.0,2e-06,2.4e-05,0.0,0.0,0.033187,5e-06,0.0,2e-06,0.005441
oradell-nj__6319__fov25px57.jpg,oradell-nj,6319,r6WuVNcsdeA_-BfXrENuIQ,True,0.737159,0,0,0,0,0,0,0,0,0,0,0.0,1e-06,2e-06,1e-05,0.0,1e-06,1e-06,0.0,4e-06,0.003117
oradell-nj__13801__fov25px57.jpg,oradell-nj,13801,XpygTrza-ZKpNGJzxnHhqw,True,0.836082,0,0,0,0,0,0,0,0,0,0,0.0,0.0,0.003598,3.4e-05,0.0,0.000244,3e-06,0.0,0.04151,0.000322
oradell-nj__5260__fov25px57.jpg,oradell-nj,5260,byo4Z3Tgpn-_AIfWuxl4Bw,False,3.026564,0,0,0,0,0,0,0,0,0,0,0.000266,7e-05,2e-06,0.0,0.0,2e-06,3e-06,0.0,0.001741,2e-06
oradell-nj__9360__fov25px57.jpg,oradell-nj,9360,_rbFBUiX8Nnb_CN3rQLfMQ,True,0.713156,0,0,0,0,0,0,0,0,0,0,1e-06,0.000143,0.0,1e-06,0.0,3e-06,2e-06,0.0,0.0,1e-06
oradell-nj__5259__fov25px57.jpg,oradell-nj,5259,byo4Z3Tgpn-_AIfWuxl4Bw,False,1.474329,0,0,0,0,0,0,0,0,0,0,4e-06,1e-06,1.3e-05,0.0,0.0,0.000196,0.000102,0.0,0.000146,6e-06
oradell-nj__13416__fov25px57.jpg,oradell-nj,13416,-iWesS5AnwdZBoxmXsQlig,True,0.0,0,0,0,0,0,1,0,0,0,0,0.0,0.0,0.004166,0.0,0.0,0.010729,1e-06,0.0,7.2e-05,0.000322
oradell-nj__8607__fov25px57.jpg,oradell-nj,8607,qxdCBMrocRDvIsHbf3KGFg,True,14.659122,0,0,0,0,0,0,0,0,0,0,0.064592,0.0,0.860116,1.3e-05,0.0,0.999334,1e-06,0.0,5e-06,1e-06
oradell-nj__673__fov25px57.jpg,oradell-nj,673,B8BsgcRbgL9-aQ8BYMAa6g,True,2.016257,0,0,0,0,0,0,0,0,0,0,4e-06,0.0,0.0,4.3e-05,0.0,1e-06,3.8e-05,1e-06,0.004542,0.000175
oradell-nj__7328__fov25px57.jpg,oradell-nj,7328,awZzkczpt-3Ya6BA1ujZ5g,True,2.280261,0,0,0,0,0,1,0,0,0,0,5e-06,0.0,3.3e-05,0.000155,0.0,0.000229,1.4e-05,2e-06,0.000796,1.4e-05
oradell-nj__4648__fov25px57.jpg,oradell-nj,4648,LPEQmFhUHcChEfFFOCz6JA,True,0.876957,0,0,0,0,0,0,0,0,0,0,0.0,8e-06,4e-06,1e-06,0.0,0.399485,0.0,0.0,6e-05,8e-05
oradell-nj__6204__fov25px57.jpg,oradell-nj,6204,4yh7WNbh6or8Ubfs7CF_Fg,True,0.278688,0,0,0,0,0,0,0,0,0,0,4e-06,0.0,2e-06,3e-06,0.0,0.0,1.2e-05,1e-06,0.000216,0.000148
walla-walla__124__fov25px57.jpg,walla-walla,124,RT6IRGqnNcORsufp0k5YkQ,True,10.417148,1,0,0,0,0,0,0,0,0,0,0.999937,3.1e-05,0.000602,0.0,0.0,0.0,1e-06,0.0,5e-06,0.0
walla-walla__480__fov25px57.jpg,walla-walla,480,y2XJ0BTvegMsivb5Wxxdsw,True,3.204774,0,0,0,0,0,0,0,0,0,0,0.999186,1e-06,0.030384,0.001561,0.0,0.0,1e-06,1e-05,3.2e-05,0.0
walla-walla__1229__fov25px57.jpg,walla-walla,1229,YMdzmjTSsMbxelpPiHCHFA,True,6.885786,0,0,0,0,0,0,0,0,0,0,0.006403,1e-06,0.0,0.0,0.0,1.7e-05,1e-06,0.0,0.0,0.0
walla-walla__17__fov25px57.jpg,walla-walla,17,YaCedh9x-9kuYiTju3k9_A,False,17.730941,0,0,0,0,0,1,0,0,0,0,0.000151,0.0,0.001653,0.0,0.0,0.0,2e-06,0.0,1.6e-05,0.0
walla-walla__286__fov25px57.jpg,walla-walla,286,BiE2nhPZuSKZSUK6KH9Rcg,False,1.204356,0,0,0,0,0,0,0,0,0,0,1e-06,1e-06,0.0,0.0,0.0,1e-06,0.0,0.0,1.1e-05,1e-05
walla-walla__22__fov25px57.jpg,walla-walla,22,ZaS_D67N2iAEgEEcMcFnzw,False,91.660472,1,0,0,0,0,0,0,0,0,0,0.986845,7e-06,0.037816,0.00012,0.0,1e-06,1e-06,0.0,1e-06,0.0
walla-walla__284__fov25px57.jpg,walla-walla,284,BiE2nhPZuSKZSUK6KH9Rcg,False,2.155942,0,0,0,0,0,0,0,0,0,0,2e-06,1e-06,6e-06,1e-06,0.0,2e-06,1e-06,0.0,0.0,1e-06
walla-walla__1224__fov25px57.jpg,walla-walla,1224,9a-SS9-0DYvVQzsG2uLABg,True,0.328035,0,0,0,0,0,0,0,0,0,0,5.7e-05,0.000142,0.0,0.000119,0.0,0.0,8.6e-05,1.3e-05,0.002392,1.6e-05
walla-walla__1194__fov25px57.jpg,walla-walla,1194,YXCdZoAQdXfN-E2c1bASEA,True,1.674619,0,0,0,0,0,0,0,0,0,0,1e-06,2e-06,2e-06,0.0,0.0,0.000379,1e-06,0.0,0.0,1e-06
walla-walla__1180__fov25px57.jpg,walla-walla,1180,lhoCJi_QgtQSM-GJrZIQjg,True,2.054203,0,0,0,0,0,0,0,0,0,0,0.999786,8e-05,4e-06,7e-06,0.0,1e-06,4.2e-05,0.000977,0.003494,0.0
walla-walla__343__fov25px57.jpg,walla-walla,343,HMHMYHhk9Uno43pKKOiUkg,True,9.543404,0,0,0,0,0,0,0,0,0,0,0.004185,6.2e-05,1.8e-05,1.3e-05,0.0,2e-06,1.2e-05,1e-05,0.0,0.0
walla-walla__196__fov25px57.jpg,walla-walla,196,M32gc0IZY9elWk89qkCObA,False,102.877686,1,0,0,0,0,0,0,0,0,0,0.999999,4e-06,3e-06,3.8e-05,0.0,3e-06,6e-06,1e-06,8e-06,0.0
walla-walla__456__fov25px57.jpg,walla-walla,456,IlyC_P97S3Z2OUSDTddyuw,True,1.781061,0,0,0,0,0,0,0,0,0,0,2e-06,4e-06,0.0,1e-06,0.0,3.8e-05,1e-06,0.0,1e-06,0.0
walla-walla__125__fov25px57.jpg,walla-walla,125,RT6IRGqnNcORsufp0k5YkQ,True,8.237411,1,0,0,0,0,0,0,0,0,0,0.999927,3e-06,1.5e-05,0.0,0.0,1.1e-05,1e-06,0.0,0.0,0.0
amsterdam__8313__fov25px57.jpg,amsterdam,8313,GJtDvjq3jeFwCJB-s0qK-Q,True,1.672394,1,0,0,0,0,0,0,0,0,0,0.999993,8.3e-05,0.0,0.771288,0.0,2e-06,7e-06,2e-06,4.7e-05,0.0
amsterdam__94__fov25px57.jpg,amsterdam,94,quIadCIbeA7b-ye9cndQXg,False,30.178799,1,0,0,0,0,0,0,0,0,0,0.998939,0.0,0.0,0.052543,0.0,0.0,1e-06,0.0,0.009016,0.0
amsterdam__866__fov25px57.jpg,amsterdam,866,ML3nH5pVzPdlIkNra51yWw,True,3.720303,0,0,0,0,0,0,0,0,0,0,0.999129,2e-06,8e-06,0.009048,0.0,3e-06,1e-06,0.0,0.0,0.0
amsterdam__954__fov25px57.jpg,amsterdam,954,PFG7I4w1AOSw_XNpRx5t7Q,False,117.741418,1,0,0,0,0,0,0,0,0,0,0.992848,1.4e-05,7e-06,0.919664,0.0,1e-06,2e-05,0.00035,3.1e-05,0.0
amsterdam__188__fov25px57.jpg,amsterdam,188,JWY2ytxRm8P0Oe6zyBA6Jw,True,15.099803,1,0,0,0,0,0,0,0,0,0,0.999994,4e-05,0.0,1e-05,0.0,0.021266,1e-06,8.3e-05,0.0,0.0
amsterdam__29477__fov25px57.jpg,amsterdam,29477,fpOpoK6ZEcrGJRcXnryILw,False,175.771984,1,1,0,0,0,0,0,0,0,0,0.999977,6e-06,2e-05,3e-06,0.0,4.3e-05,0.0,0.0,3e-06,0.0
amsterdam__651__fov25px57.jpg,amsterdam,651,XgL03Lb2TUUGEbGzyPpoBA,True,4.5299,1,0,0,0,0,0,0,0,0,0,0.999922,0.0,0.0,0.082218,0.0,6e-06,3e-06,5e-06,1.5e-05,0.0
amsterdam__310__fov25px57.jpg,amsterdam,310,DrIPNFIUCgde9jC7K8gfpg,True,2.20472,0,0,0,0,0,0,0,0,0,0,0.834697,0.0,1e-06,0.00015,0.0,0.0,0.0,0.0,1e-06,0.0
amsterdam__29785__fov25px57.jpg,amsterdam,29785,lTGf5YMXzs7ArU3h4MCEhw,False,82.473889,0,0,0,0,0,0,0,0,0,0,0.96699,0.0,0.0,0.000338,0.0,0.002667,0.0,0.0,1e-06,0.0
amsterdam__308__fov25px57.jpg,amsterdam,308,rkCuKzVB9LUTua6GEqNNQA,True,2.37551,0,0,0,0,0,0,0,0,0,0,0.018507,0.0,1e-06,0.000143,0.0,0.0,0.0,0.0,6e-06,0.0
amsterdam__18384__fov25px57.jpg,amsterdam,18384,hT1Q08wFAwIxvIwKgxnb6Q,False,315.893736,1,1,0,0,0,0,0,0,0,0,0.999995,0.0,0.001503,3e-06,0.0,0.00244,1e-06,0.0,2.3e-05,0.0
amsterdam__1186__fov25px57.jpg,amsterdam,1186,GT8PLf3wqFUENLLAlVCTiA,True,5.044853,1,0,0,0,0,1,0,0,0,0,0.999999,1.3e-05,2e-06,0.001423,0.0,2.7e-05,4e-06,0.0,1e-06,0.0
amsterdam__1126__fov25px57.jpg,amsterdam,1126,D_HxFGuxdbfDiMw8yiFDJA,True,1.349793,1,0,0,0,0,0,0,0,0,0,0.999958,4.9e-05,0.0,0.447027,0.0,1.2e-05,1e-06,1e-06,3.4e-05,0.0
amsterdam__3788__fov25px57.jpg,amsterdam,3788,XniLtUJ0K8e3q85FdHsd8w,False,29.444644,1,0,0,0,0,1,0,0,0,0,1.0,0.006833,0.003245,0.005607,0.0,0.00046,1e-06,2e-05,1e-06,0.0
amsterdam__29616__fov25px57.jpg,amsterdam,29616,h7CSrl0xbXzUuszRI8Njzg,True,0.777654,1,0,0,0,0,0,0,0,0,0,0.99947,1e-06,6e-06,2.4e-05,0.0,1e-06,1e-06,0.0,1e-06,0.0
amsterdam__416__fov25px57.jpg,amsterdam,416,uihJmP_mhszklb3IuRdZFg,True,2.718016,0,0,0,0,0,0,0,0,0,0,6.9e-05,1e-06,0.0,0.0,0.0,3e-06,1e-06,0.0,1e-06,2e-06
amsterdam__229__fov25px57.jpg,amsterdam,229,Qq1CBqsOGy9ir1T7esEQTg,True,6.013957,1,0,0,0,0,0,0,0,0,0,0.185251,2e-06,0.0,0.002464,0.0,0.0,1e-06,1e-06,4e-06,0.0
amsterdam__8323__fov25px57.jpg,amsterdam,8323,kC51vS_AgsHS_6jUy0YPnw,True,11.690286,0,0,0,0,0,1,0,0,0,0,0.99994,3e-06,0.0,0.022452,0.0,0.000282,0.0,0.0,1e-06,0.0
newberg-or__2481__fov25px57.jpg,newberg-or,2481,fzKxWHAwbXlmHBpDN3RPCg,True,0.44478,0,0,0,0,0,0,0,0,0,0,1e-06,0.0,4e-06,1.4e-05,0.0,1e-06,8e-06,0.0,1.2e-05,1e-06
newberg-or__16233__fov25px57.jpg,newberg-or,16233,iXqngIn5_Vi9hh7ohJdesA,False,11.975279,1,0,0,0,0,1,0,0,1,0,0.165057,1e-06,0.0,0.0,0.0,2.9e-05,2e-06,0.0,4.4e-05,0.0
newberg-or__5724__fov25px57.jpg,newberg-or,5724,p8q2WBYVKHWK49adSs8g2Q,True,15.566045,1,0,1,0,0,0,0,0,0,0,0.999999,0.000228,0.996597,8e-06,0.0,0.004055,9e-06,0.000155,9e-06,0.0
newberg-or__10739__fov25px57.jpg,newberg-or,10739,z5pJ5CqgbtVKiGynDw0uBg,False,107.785121,1,0,0,0,0,1,0,0,0,0,0.999834,0.0,0.000196,1.1e-05,0.0,0.996598,1e-06,0.0,2e-06,0.0
newberg-or__8064__fov25px57.jpg,newberg-or,8064,wdy8Zl6tdjLjKGIPuxVGGg,True,0.44478,0,0,0,0,0,0,0,0,0,0,1.1e-05,0.0,4e-06,2e-06,0.0,0.0,0.0,0.0,2e-06,0.0
newberg-or__17344__fov25px57.jpg,newberg-or,17344,7qki5qOYXGQdXjBpXF4CEw,True,0.705391,1,0,0,0,0,0,0,0,0,0,0.999997,1e-06,1.3e-05,2.8e-05,0.0,0.002496,0.0,0.0,0.0,0.0
newberg-or__5564__fov25px57.jpg,newberg-or,5564,h9XZJ5xWoaHsg95HGOLpLQ,True,0.44478,1,0,0,0,0,0,0,0,0,0,0.190211,1.2e-05,2.3e-05,0.0,0.0,0.003135,0.0,0.0,0.0,0.0
newberg-or__10231__fov25px57.jpg,newberg-or,10231,PxymorlBrQ5kTnjnz1UJCA,True,11.33831,1,0,0,0,0,1,0,0,0,0,0.999855,0.000489,0.705166,0.0,0.0,0.012843,0.0,0.0,0.0,0.0
newberg-or__6014__fov25px57.jpg,newberg-or,6014,-fL-a0RKW2AF-fRMD3ULPw,True,1.087559,0,0,0,0,0,0,0,0,0,0,0.999992,4e-06,0.004802,1e-06,0.0,4e-06,8e-06,0.0,1e-06,0.0
newberg-or__749__fov25px57.jpg,newberg-or,749,oqFFz7tYYm0V-yKhu2Vs1g,True,3.215946,1,0,0,0,0,0,0,0,0,0,0.488679,0.0,0.001851,0.0,0.0,2e-06,0.0,0.0,3e-06,0.0
newberg-or__11739__fov25px57.jpg,newberg-or,11739,YlOtj-UBUU7a14rkwa8_Ng,True,0.0,0,0,0,0,0,0,0,0,0,0,1e-06,2e-06,2.1e-05,0.0,0.0,1e-06,2e-06,0.0,2e-06,0.0
newberg-or__5574__fov25px57.jpg,newberg-or,5574,W5FNRgw8_t21lUY50vzp7A,True,11.026067,1,0,0,0,0,1,0,0,0,0,0.999422,2e-06,0.862951,1e-06,0.0,0.953952,1e-06,0.0,3e-06,0.0
newberg-or__7467__fov25px57.jpg,newberg-or,7467,AtzpM5V4VxAt5J4nzfvRDg,False,66.769546,0,0,0,0,0,1,0,0,0,0,0.002558,0.0,7.1e-05,0.0,0.0,0.012906,1e-06,0.0,0.0,0.0
newberg-or__9868__fov25px57.jpg,newberg-or,9868,laiGuRyeutJP83NpPhoifw,True,12.545194,0,0,0,0,0,0,0,0,0,0,0.009493,3e-06,0.000275,1e-06,0.0,0.133286,2e-06,0.0,0.0,0.0
newberg-or__7684__fov25px57.jpg,newberg-or,7684,jcPJal2cHQ9un-hhhrhcdA,True,5.391138,0,0,0,0,0,0,0,0,0,0,4.2e-05,0.000392,3.8e-05,0.0,0.0,0.0,3e-06,0.0,6e-06,0.0
newberg-or__7480__fov25px57.jpg,newberg-or,7480,FiMAsEN-5FpOU0Q8EySTNA,True,15.306695,1,0,0,0,0,0,0,0,0,0,0.999884,3e-06,3.1e-05,0.0,0.0,0.020994,1e-06,0.0,1e-06,0.0
newberg-or__5606__fov25px57.jpg,newberg-or,5606,vh50DCJ_8OsVqZn6-9a7Xg,True,12.517298,1,0,0,0,0,0,0,0,0,0,0.999186,5.7e-05,0.055294,1e-06,0.0,0.99999,3e-06,5e-06,1.4e-05,0.0
newberg-or__3677__fov25px57.jpg,newberg-or,3677,BXRpQcSCGeDCPOMxCTelvA,True,0.0,1,0,0,0,0,0,0,0,0,0,1.0,0.085779,0.000397,4.4e-05,0.0,2e-06,4e-06,1e-06,3e-06,0.0
newberg-or__15101__fov25px57.jpg,newberg-or,15101,qEGrfFXDxlnDprWTF7DncA,True,1.223146,0,0,0,0,0,0,0,0,0,0,1.3e-05,1e-06,0.0,0.0,0.0,7e-06,3e-06,0.0,2e-06,0.0
newberg-or__5473__fov25px57.jpg,newberg-or,5473,_bTDXT49Et_YVOyrFyRwpA,True,4.711891,0,0,0,0,0,1,0,0,0,0,8.4e-05,5.9e-05,4.2e-05,0.0,0.0,0.996325,1e-06,0.0,1e-06,0.0
newberg-or__3880__fov25px57.jpg,newberg-or,3880,QtPQOq62Wuoy0EunRZ3B_A,True,12.510973,1,0,0,0,0,0,0,0,0,0,0.999819,0.000374,4.1e-05,0.0,0.0,2.4e-05,3e-06,0.0,0.0,0.0
newberg-or__1274__fov25px57.jpg,newberg-or,1274,LO7psfOCtgHbrTGPy7L-Sw,True,0.547369,1,0,0,0,0,0,0,0,1,0,0.065247,7.1e-05,0.000111,0.0,0.0,0.998629,2e-06,2e-06,5.8e-05,1e-06
newberg-or__5435__fov25px57.jpg,newberg-or,5435,vh50DCJ_8OsVqZn6-9a7Xg,True,13.686214,1,0,0,0,0,1,0,0,0,0,0.999996,0.096045,0.001303,1.6e-05,0.0,0.999773,1e-06,1e-06,9e-06,0.0
newberg-or__6296__fov25px57.jpg,newberg-or,6296,D-VidkzhKulGDy-vMP0kIQ,True,4.937671,0,0,0,0,0,0,0,0,0,0,0.000329,4.4e-05,0.004545,0.0,0.0,9.1e-05,1e-06,2e-06,1e-06,0.0
newberg-or__119__fov25px57.jpg,newberg-or,119,1xaPcAQBEOd9o_JqalvfxA,True,0.0,1,0,0,0,0,0,0,0,0,0,0.999997,0.989712,0.0,8e-06,0.0,0.000277,2e-06,0.0,2e-06,0.0
newberg-or__2091__fov25px57.jpg,newberg-or,2091,yfn53HcxHa1GhfT-c3lL5Q,True,20.347985,0,0,0,0,0,0,0,0,0,0,2e-05,1e-06,0.952786,0.0,0.0,0.076857,3e-06,1e-06,3e-06,8e-06
newberg-or__1289__fov25px57.jpg,newberg-or,1289,3qC3AW_vPQEyHI5FWYS40w,False,69.213894,0,0,1,0,0,1,0,0,0,0,0.043597,0.001568,5e-06,0.0,0.0,0.010598,0.0,1e-06,0.0,0.0
newberg-or__10502__fov25px57.jpg,newberg-or,10502,74jTRwpdYhBwSMHg59g3dA,True,8.201573,0,0,0,0,0,0,0,0,0,0,0.00018,0.0,5.2e-05,1e-06,0.0,0.000229,4e-05,0.0,0.0,1e-06
newberg-or__9244__fov25px57.jpg,newberg-or,9244,nIcptFW9EKZub9FRWVp18A,True,3.119955,1,0,0,0,0,0,0,0,1,0,1.0,0.258621,0.016148,0.020171,0.0,0.982398,6e-06,6.6e-05,8.8e-05,0.0
newberg-or__3604__fov25px57.jpg,newberg-or,3604,dDyBPHw5zJbzS1kMcznlDQ,False,0.547528,1,0,0,0,0,0,0,0,1,0,0.999999,0.000133,2.3e-05,1e-06,0.0,2.1e-05,0.000637,0.000697,3e-05,0.0
newberg-or__2104__fov25px57.jpg,newberg-or,2104,Cy1f71mUHSmAU85BbvGQ8g,True,12.845782,0,0,0,0,0,0,0,0,0,0,3.2e-05,1e-06,1e-06,0.0,0.0,1e-06,5e-06,0.0,0.0,0.0
newberg-or__15028__fov25px57.jpg,newberg-or,15028,mo6Eku_rRfmt8OTfEuvFfw,False,0.547379,0,0,0,0,0,0,0,0,0,0,0.0,2e-06,2.4e-05,0.0,0.0,0.000124,1e-06,0.0,0.0,3e-06
newberg-or__6199__fov25px57.jpg,newberg-or,6199,mv1eIISVXlgVKo0p10Htdw,True,0.889561,0,0,0,0,0,1,0,0,0,0,0.00089,7.7e-05,0.478423,0.0,0.0,0.521624,4.9e-05,1e-06,0.0,0.0
newberg-or__1903__fov25px57.jpg,newberg-or,1903,CStun-PX4RbQeBtkNjvP1Q,True,12.927535,1,0,0,0,0,0,0,0,0,0,0.999991,1.5e-05,0.993371,1.3e-05,0.0,0.977041,1.6e-05,1.1e-05,1.9e-05,0.0
newberg-or__6712__fov25px57.jpg,newberg-or,6712,-fL-a0RKW2AF-fRMD3ULPw,True,0.767655,0,0,0,0,0,0,0,0,0,0,2e-06,1e-06,4.8e-05,0.0,0.0,2e-06,2e-06,0.0,5e-06,0.0
newberg-or__212__fov25px57.jpg,newberg-or,212,MF-vteCVnoPMiGQJlZW1gg,True,0.0,1,0,0,0,0,0,0,0,0,0,0.999997,0.01615,0.000156,1e-05,0.0,0.999111,5e-06,0.000189,3e-06,0.0
newberg-or__5821__fov25px57.jpg,newberg-or,5821,-_667lxbTttTNKKwC18oqQ,True,11.909714,1,0,0,0,0,1,0,0,0,0,1.0,0.000118,0.003615,1e-06,0.0,0.988464,1.2e-05,9e-06,1.5e-05,0.0
newberg-or__15860__fov25px57.jpg,newberg-or,15860,ERaR_8tRtRHXnJ4pFjcl-w,False,14.024549,1,0,0,0,0,1,0,0,0,0,0.999998,0.029093,0.028264,0.0,0.0,0.02759,0.0,0.000164,1e-05,0.0
newberg-or__829__fov25px57.jpg,newberg-or,829,sVXXMw7GzJSW1BR-v2bhVw,True,0.0,0,0,0,0,0,0,0,0,0,0,8e-06,1.4e-05,1.7e-05,3e-06,0.0,0.0,3e-05,6e-06,1.7e-05,5e-06
newberg-or__14051__fov25px57.jpg,newberg-or,14051,bUMnbjxqCQU_hV1xjoJyJA,False,2.388373,1,0,0,0,0,0,0,0,0,0,1.0,0.011607,0.001172,4e-06,0.0,0.000231,0.0,0.0,0.0,0.0
newberg-or__3674__fov25px57.jpg,newberg-or,3674,BXRpQcSCGeDCPOMxCTelvA,True,0.44478,1,0,0,0,0,0,0,0,0,0,0.999822,0.977312,0.988801,5.6e-05,0.0,2.1e-05,6e-06,0.001469,5e-06,0.0
newberg-or__201__fov25px57.jpg,newberg-or,201,CfdeCNohW1Dag4_OblCfhw,False,1.04447,1,0,1,0,0,0,0,0,0,0,0.997664,2e-06,0.468193,2e-06,0.0,0.984962,0.0,0.0,0.0,0.0
newberg-or__6176__fov25px57.jpg,newberg-or,6176,vJ2gt5ZUaJ4ujCjhPY_DbA,True,8.457158,0,0,0,0,0,0,0,0,1,0,0.813584,0.043513,1.3e-05,2e-05,0.0,2e-06,0.008629,0.002373,0.220852,0.0
newberg-or__5279__fov25px57.jpg,newberg-or,5279,HygWuFVZ1YySH8oQYoijGg,True,16.733257,1,0,0,0,0,1,0,0,0,0,0.999972,0.002312,0.0,0.000939,0.0,0.0,1e-06,2e-06,1.3e-05,0.0
newberg-or__569__fov25px57.jpg,newberg-or,569,kBDABaTpVUlAdE_1eLMhfg,True,1.328105,1,0,0,0,0,0,0,0,0,0,0.999999,0.000358,1e-05,1e-06,0.0,0.01352,3e-06,0.0,1e-06,0.0
newberg-or__6596__fov25px57.jpg,newberg-or,6596,uiFTGlA73Rh3_T7qsAmtxw,True,14.45653,0,1,0,0,0,0,0,0,0,0,4.3e-05,6e-06,0.000196,0.0,0.0,7e-06,2e-06,0.0,4e-06,0.0
newberg-or__6010__fov25px57.jpg,newberg-or,6010,-fL-a0RKW2AF-fRMD3ULPw,True,1.087559,0,0,0,0,0,0,0,0,1,0,0.026835,3e-06,0.0,1e-06,0.0,0.0,1e-06,0.0,0.003245,0.0
newberg-or__6711__fov25px57.jpg,newberg-or,6711,-fL-a0RKW2AF-fRMD3ULPw,True,0.625672,0,0,0,0,0,0,0,0,0,0,0.006748,2e-06,6.7e-05,0.0,0.0,0.0,1e-06,0.0,1.2e-05,0.0
newberg-or__9211__fov25px57.jpg,newberg-or,9211,utIvwVPkr_QQAMGwkcAf9A,False,143.677345,1,0,0,0,0,1,0,0,0,0,0.999995,0.000133,0.0,0.000162,0.0,0.000482,1e-05,3.2e-05,0.000939,0.0
newberg-or__9552__fov25px57.jpg,newberg-or,9552,zx-BMProy2qcNH8by904PA,True,0.767484,0,0,0,0,0,1,0,0,0,0,0.0,9.4e-05,0.071716,0.0,0.0,0.001896,0.0,0.0,0.0,3e-06
newberg-or__7567__fov25px57.jpg,newberg-or,7567,FKJWQQ6pgiEtjfdfI_yE9w,False,139.654112,0,0,0,0,0,0,0,0,0,0,2e-06,0.0,0.000112,7e-06,0.0,0.018777,0.0,0.0,0.0,1e-06
newberg-or__6653__fov25px57.jpg,newberg-or,6653,-rfE4abAjE1diXRTqgmpSw,True,3.88824,1,0,0,0,0,0,0,0,0,0,0.999552,1e-06,0.0,1e-06,0.0,0.000497,2e-06,0.0,1e-06,0.0
newberg-or__5568__fov25px57.jpg,newberg-or,5568,5A6OwwudsmR5TirDaXU_ig,True,1.798145,0,0,0,0,0,0,0,0,0,0,0.000245,0.0,1.1e-05,1e-06,0.0,0.0,1e-06,0.0,1e-06,0.0
newberg-or__17505__fov25px57.jpg,newberg-or,17505,WNI5mIOxlLleYbrI_Jbf3w,False,2.17538,1,0,0,0,0,0,0,0,0,0,0.999955,9e-06,1e-06,5e-05,0.0,0.0,1e-06,0.0,0.330995,0.0
newberg-or__15056__fov25px57.jpg,newberg-or,15056,_HBaK0GNuCpkW3TVUZEyhw,True,0.705428,1,0,0,0,0,0,0,0,0,0,0.999999,6e-06,2e-06,0.0,0.0,0.000322,2e-06,0.0,7e-06,0.0
newberg-or__11733__fov25px57.jpg,newberg-or,11733,ngIzRypc0KFEuaAgIWbo6Q,True,17.074673,1,0,0,0,0,0,0,0,0,0,0.999999,0.005867,0.010693,2.5e-05,0.0,0.0,8e-06,0.0,2.4e-05,0.0
newberg-or__4822__fov25px57.jpg,newberg-or,4822,pFv9pTu405bHa4uOH7K2bg,False,14.337483,1,0,1,0,0,1,0,0,0,0,0.999998,7e-06,0.004059,3e-05,0.0,2e-05,0.002022,3.2e-05,0.000294,0.0
newberg-or__6175__fov25px57.jpg,newberg-or,6175,vJ2gt5ZUaJ4ujCjhPY_DbA,True,8.642015,0,0,0,0,0,0,0,0,0,0,2e-06,1.5e-05,0.000294,7e-06,0.0,0.0,1.3e-05,6e-06,3e-06,0.0
newberg-or__4038__fov25px57.jpg,newberg-or,4038,R_07fTpDU3owkWijLiknxw,True,0.44478,0,0,0,0,0,0,0,0,0,0,4e-06,6.9e-05,2.2e-05,6e-06,0.0,9e-06,7e-06,1e-06,0.0,0.0
newberg-or__22__fov25px57.jpg,newberg-or,22,dslJGqaol13AzhdnPA1epA,False,11.746784,1,0,0,0,0,0,0,0,0,0,0.999996,2.4e-05,0.000176,1e-05,0.0,0.953472,3e-06,1e-06,1e-06,0.0
newberg-or__11804__fov25px57.jpg,newberg-or,11804,D2a38Otq14Zf3lJiDSXX7w,True,0.547539,1,1,0,0,0,0,0,0,0,0,0.999999,0.95896,5e-05,1e-06,0.0,0.008415,6e-06,0.0,4e-06,0.0
newberg-or__8066__fov25px57.jpg,newberg-or,8066,wdy8Zl6tdjLjKGIPuxVGGg,True,11.974926,0,0,0,0,0,1,0,0,0,0,0.999781,1e-06,1e-06,2e-06,0.0,0.0,1e-06,0.0,5e-06,0.0
newberg-or__2346__fov25px57.jpg,newberg-or,2346,bMV1ckPgWmY3PoYMYWN-pg,True,1.781428,1,0,0,0,0,0,0,0,0,0,1.0,3.9e-05,0.91559,3.8e-05,0.0,0.025547,1e-06,0.0,1e-05,0.0
newberg-or__5575__fov25px57.jpg,newberg-or,5575,W5FNRgw8_t21lUY50vzp7A,True,10.582033,1,0,0,0,0,1,0,0,0,0,0.999979,1e-06,0.036025,3e-06,0.0,0.954883,1e-06,1e-06,0.0,0.0
newberg-or__891__fov25px57.jpg,newberg-or,891,y9fnd1nHQe0yLw3wYSCisA,False,1.852359,1,0,0,0,0,0,0,0,0,0,0.999997,1.1e-05,0.000134,0.000108,0.0,0.00714,1e-06,1e-06,0.0,0.0
newberg-or__17169__fov25px57.jpg,newberg-or,17169,E6yAQUTrvPFLpE6QRpePKg,False,239.810921,0,0,0,0,0,0,0,0,0,0,0.848308,1e-06,1.3e-05,3e-06,0.0,1e-06,2e-06,1e-06,0.0,0.0
newberg-or__11199__fov25px57.jpg,newberg-or,11199,arTdPzEb7e4gvEv7ZCFThw,True,3.920897,0,0,0,0,0,0,0,0,0,0,0.999885,0.001204,4.9e-05,0.000444,0.0,1.6e-05,9e-06,3e-06,1e-06,0.0
newberg-or__15861__fov25px57.jpg,newberg-or,15861,ERaR_8tRtRHXnJ4pFjcl-w,False,2.416681,1,0,1,0,0,0,0,0,0,0,1.0,0.977299,0.83905,2.2e-05,0.0,0.718493,3e-06,0.001208,2.3e-05,0.0
newberg-or__6030__fov25px57.jpg,newberg-or,6030,ZmOkWp3vImeKDBxWmx82xA,True,4.414026,0,0,0,0,0,0,0,0,0,0,4.3e-05,0.045126,2e-06,0.0,0.0,0.000246,0.000566,8e-06,2e-06,0.0
newberg-or__9498__fov25px57.jpg,newberg-or,9498,p-bKwW1XBZObSUsOSv4WJA,False,107.457174,1,0,0,0,0,1,0,0,0,0,0.944009,5.3e-05,0.994073,0.0,0.0,0.002353,2.2e-05,1e-06,2e-06,0.0
newberg-or__7488__fov25px57.jpg,newberg-or,7488,FiMAsEN-5FpOU0Q8EySTNA,True,14.324771,1,0,0,0,0,0,0,0,0,0,0.999009,0.0,3.9e-05,0.0,0.0,0.00308,1e-06,0.0,0.0,0.0
newberg-or__2122__fov25px57.jpg,newberg-or,2122,sVXXMw7GzJSW1BR-v2bhVw,True,0.0,0,0,0,0,0,0,0,0,0,0,3e-06,2e-06,0.0,6e-06,0.0,1e-06,5e-06,0.0,8e-06,1e-06
newberg-or__17709__fov25px57.jpg,newberg-or,17709,JUPJmaAK7TbnC6c5l6Vn0w,True,1.109887,1,0,0,0,0,0,0,0,0,0,0.931124,0.005248,0.0,0.0,0.0,0.0,1e-05,0.0,0.000842,0.0
newberg-or__16220__fov25px57.jpg,newberg-or,16220,YvTZg6DqdrkivVOlaWu1qg,True,13.06185,1,0,0,0,0,0,0,0,0,0,0.999995,0.0,0.049134,6e-06,0.0,0.96964,3.3e-05,4e-06,7.4e-05,0.0
newberg-or__5546__fov25px57.jpg,newberg-or,5546,xXr8tTOzhVAwYwrCa13AlA,True,14.357794,1,0,0,0,0,1,0,0,0,0,0.999994,0.708882,7e-06,2e-06,0.0,1e-06,0.0,0.0,0.002503,0.0
newberg-or__765__fov25px57.jpg,newberg-or,765,J55nh3-Gj-5RCW5n8nNazA,True,2.112707,1,0,0,0,0,0,0,0,0,0,0.999955,1e-06,1e-06,0.0,0.0,1e-06,2e-06,0.0,9e-06,0.0
newberg-or__9401__fov25px57.jpg,newberg-or,9401,gSJZNPFf6gLZzkq5qUX5_w,True,2.715087,1,0,0,0,0,0,0,0,0,0,0.999943,0.0,0.000931,5e-06,0.0,0.00052,4e-06,0.0,4.5e-05,0.0
newberg-or__12834__fov25px57.jpg,newberg-or,12834,q_uvPfTtuOpN2cFaOXUYQA,False,110.170482,1,0,1,0,0,0,0,0,0,0,0.999997,0.012751,1e-06,1e-06,0.0,0.010282,1e-06,0.0,1e-06,0.0
newberg-or__5718__fov25px57.jpg,newberg-or,5718,9wMGQ4ESXaQxkup1bwBLUQ,False,72.198416,1,0,1,0,0,0,0,0,0,0,0.999988,0.027484,0.0,1e-06,0.0,0.534901,0.0,1e-06,0.0,0.0
newberg-or__10597__fov25px57.jpg,newberg-or,10597,pV6ygdJjUolRf7F9prg6hA,False,110.272536,0,0,0,0,0,0,0,0,0,0,7e-06,2e-06,9e-05,0.0,0.0,2e-06,5.7e-05,0.0,4.9e-05,0.0
newberg-or__6024__fov25px57.jpg,newberg-or,6024,ZmOkWp3vImeKDBxWmx82xA,True,2.182486,0,0,0,0,0,0,0,0,0,0,4e-06,1.1e-05,6e-06,0.0,0.0,0.0,3e-06,0.0,0.0,0.0
newberg-or__3149__fov25px57.jpg,newberg-or,3149,6EMYiCs9RrBuRYJQ9ALv9Q,True,14.913262,1,0,0,0,0,0,0,0,0,0,1.0,0.003354,2e-06,1e-06,0.0,0.780244,1e-06,1e-06,6e-06,0.0
newberg-or__5098__fov25px57.jpg,newberg-or,5098,oqgJvADi2cP_yhHClzNZ2w,True,1.473747,0,0,0,0,0,0,0,0,0,0,1.4e-05,6e-06,1.5e-05,1e-06,0.0,1e-06,1e-06,0.0,0.0,0.0
newberg-or__134__fov25px57.jpg,newberg-or,134,o80xlj0GSry-e2oqhc4-Ng,True,9.630492,1,0,0,0,0,0,0,0,0,0,0.999954,1.1e-05,3.9e-05,0.0,0.0,0.0,3e-06,0.0,1.3e-05,0.0
newberg-or__15763__fov25px57.jpg,newberg-or,15763,FZAcdoTrdgTPnX4teLnGaA,True,3.002267,1,0,0,0,0,0,0,0,1,0,0.999689,0.182634,0.002322,0.000102,0.0,1e-06,9e-06,0.0,0.0,0.0
newberg-or__524__fov25px57.jpg,newberg-or,524,t_3e35Po7M2btb7i1EpmVg,True,5.413193,1,0,0,0,0,0,0,0,0,0,0.999744,0.0,8.1e-05,0.0,0.0,5e-06,1e-06,0.0,4e-06,0.0
newberg-or__3481__fov25px57.jpg,newberg-or,3481,l7GkDqO2dtXVHdMxCXRT8Q,True,11.470176,0,0,0,0,0,1,0,0,0,0,2.3e-05,2e-06,1e-06,5e-05,0.0,0.999848,1e-06,1e-06,3.5e-05,0.088595
newberg-or__3482__fov25px57.jpg,newberg-or,3482,l7GkDqO2dtXVHdMxCXRT8Q,True,13.13244,1,0,0,0,0,0,0,0,0,0,1.0,7.6e-05,0.18947,0.000586,0.0,0.764085,0.000338,1e-05,5e-06,0.0
newberg-or__4888__fov25px57.jpg,newberg-or,4888,HzT5Ac432hX6cC_MUNV_mg,True,1.472264,0,0,0,0,0,0,0,0,0,0,1e-06,0.0,0.000297,0.0,0.0,1e-06,1e-06,0.0,4e-06,1e-06
newberg-or__5137__fov25px57.jpg,newberg-or,5137,fRJHxFf-Rv1vFI6a4Kz7hQ,True,9.705123,0,0,0,0,0,0,0,0,0,0,0.299645,1e-06,0.00011,0.0,0.0,0.003645,1e-06,0.0,0.0,0.0
newberg-or__227__fov25px57.jpg,newberg-or,227,VWLTOeqPVI3pJYRSHiwdtQ,True,12.818332,0,0,0,0,0,1,0,0,0,0,0.0,5e-06,0.000526,0.0,0.0,1.3e-05,2e-06,0.0,1e-06,0.0
newberg-or__6177__fov25px57.jpg,newberg-or,6177,vJ2gt5ZUaJ4ujCjhPY_DbA,True,0.767648,0,0,0,0,0,0,0,0,0,0,3e-06,1.4e-05,0.0,1e-06,0.0,4e-06,2e-06,1e-06,0.0,2e-06
newberg-or__9269__fov25px57.jpg,newberg-or,9269,2tb6qdYvQJtkgNNoc8ulaw,True,3.002267,0,0,0,0,0,0,0,0,0,0,2e-06,2e-06,0.00367,0.0,0.0,7.3e-05,1e-06,0.0,3e-06,0.0
newberg-or__504__fov25px57.jpg,newberg-or,504,QejAIXdPEKr-MJeacv_QHQ,False,41.285009,1,0,1,0,0,0,0,0,0,0,0.999602,0.0,0.081636,1.9e-05,0.0,0.745224,0.0,0.0,0.0,0.0
newberg-or__5706__fov25px57.jpg,newberg-or,5706,mh_YiF1XBYbv1GcavN5jKg,True,13.192816,0,0,0,0,0,1,0,0,0,0,2e-06,0.000339,0.000458,2e-06,0.0,0.999325,2e-06,1e-06,1.3e-05,1.4e-05
newberg-or__9692__fov25px57.jpg,newberg-or,9692,b49erfCBU6PL2R1DPNPd-Q,False,88.195586,1,0,1,0,0,1,0,0,0,0,0.999994,0.000124,0.46842,2e-06,0.0,0.001278,1e-05,4.1e-05,1e-06,0.0
newberg-or__9506__fov25px57.jpg,newberg-or,9506,j2fLiCfOqiq5xYwXkPCTEQ,False,0.76749,1,0,0,0,0,1,0,0,0,0,0.999986,7e-06,0.054237,0.0,0.0,0.979917,0.0,3e-06,5e-06,0.0
newberg-or__11906__fov25px57.jpg,newberg-or,11906,9AtO470FyzSn_-XZ-6TPYQ,True,0.767697,0,0,0,0,0,0,0,0,0,0,4e-06,3e-06,0.054153,0.0,0.0,1e-06,2.3e-05,3e-06,2e-06,2e-06
newberg-or__5932__fov25px57.jpg,newberg-or,5932,uvmvQqfEtZZ8olfrbQ0KIA,True,0.625701,1,0,0,0,0,1,0,0,0,0,0.999988,0.000105,0.000174,2e-06,0.0,0.999957,2e-06,3e-06,8e-06,0.0
newberg-or__2534__fov25px57.jpg,newberg-or,2534,LgBsx52xDHZWOAf12KHNFg,False,114.520819,0,0,0,0,0,0,0,0,0,0,0.642196,0.0,1e-06,0.0,0.0,1e-06,3.7e-05,1e-06,1e-06,0.0
newberg-or__5542__fov25px57.jpg,newberg-or,5542,XfI5-KgAIAKmUwQajv226w,True,12.247439,1,0,0,0,0,0,0,0,0,0,0.649235,0.0,0.001497,0.0,0.0,0.048977,1e-06,0.0,6e-06,0.0
newberg-or__6738__fov25px57.jpg,newberg-or,6738,bSxCID6uBCpZmFV3qtVn2Q,True,0.0,0,0,0,0,0,0,0,0,0,0,0.000707,1e-06,1e-06,1e-06,0.0,0.0,1e-06,1e-06,0.0,0.0
newberg-or__12445__fov25px57.jpg,newberg-or,12445,JnCvD1Q6q648MQtrCPt--g,False,1.473769,0,0,0,0,0,1,0,0,0,0,7e-06,0.0,2e-05,2e-06,0.0,0.970232,1e-06,0.0,0.0,1.4e-05
newberg-or__5573__fov25px57.jpg,newberg-or,5573,W5FNRgw8_t21lUY50vzp7A,True,0.0,1,0,0,0,0,1,0,0,0,0,0.999997,1.1e-05,0.001404,4e-06,0.0,0.214226,7e-06,1e-06,0.0,0.0
newberg-or__11440__fov25px57.jpg,newberg-or,11440,XJpWTT3WfQDBlnCjaxPJYA,True,1.087546,1,0,1,0,0,1,0,0,0,0,0.999733,3e-05,0.99999,0.004781,0.0,0.011569,2.9e-05,0.000224,0.000195,0.0
newberg-or__5927__fov25px57.jpg,newberg-or,5927,Dkfzlids8Rd5P1SQg_eFkg,True,0.0,1,0,0,0,0,0,1,0,0,0,1.0,0.000108,0.0001,0.00842,0.0,0.0,5.7e-05,4.4e-05,0.010409,0.0
newberg-or__3412__fov25px57.jpg,newberg-or,3412,EyhhtyJNDvxZrqgDG2EWxA,True,1.96022,1,0,0,0,0,0,0,0,0,0,0.999993,6e-06,0.019056,0.0,0.0,0.0152,0.0,3e-06,1e-06,0.0
newberg-or__5931__fov25px57.jpg,newberg-or,5931,uvmvQqfEtZZ8olfrbQ0KIA,True,0.44478,1,0,0,0,0,1,0,0,0,0,0.999535,0.000106,0.000435,1e-06,0.0,0.999989,5e-06,5e-06,2e-06,0.0
newberg-or__14064__fov25px57.jpg,newberg-or,14064,Kf90tP6b04b4xCCcRK2iiw,False,67.379688,1,0,0,0,0,0,0,0,0,0,0.999989,2e-06,0.0045,0.0,0.0,0.062133,2.2e-05,0.0,1.7e-05,0.0
newberg-or__11741__fov25px57.jpg,newberg-or,11741,YlOtj-UBUU7a14rkwa8_Ng,True,6.497762,0,0,0,0,0,0,0,0,0,0,1.2e-05,2e-06,3e-06,0.0,0.0,7e-06,2e-06,0.0,1e-06,0.0
newberg-or__3536__fov25px57.jpg,newberg-or,3536,cL84paIIJV9btUz-F2QnVQ,True,11.513045,1,0,1,0,0,0,0,0,0,0,1.0,0.912231,0.000427,0.0,0.0,0.026269,2e-06,1e-06,0.0,0.0
newberg-or__5158__fov25px57.jpg,newberg-or,5158,zVLf-10FVVivXAiESYETrw,True,0.44478,0,0,0,0,0,1,0,0,0,0,4e-06,3e-06,0.024149,0.0,0.0,0.000161,2e-06,0.0,0.0,0.0
newberg-or__17394__fov25px57.jpg,newberg-or,17394,Y2LhzSBS3F8aGXnZx_H3yw,True,0.44478,1,0,0,0,0,1,0,0,0,0,0.999995,2e-06,5e-06,3e-06,0.0,6.2e-05,1e-06,0.0,0.0,0.0
newberg-or__4000__fov25px57.jpg,newberg-or,4000,D2a38Otq14Zf3lJiDSXX7w,True,0.44478,1,0,0,0,0,0,0,0,0,0,0.999987,0.000443,8e-06,3e-06,0.0,1e-06,1e-06,0.0,0.0,0.0
newberg-or__8001__fov25px57.jpg,newberg-or,8001,jcPJal2cHQ9un-hhhrhcdA,True,4.172143,0,0,0,0,0,0,0,0,0,0,0.996274,0.0,5e-06,3.5e-05,0.0,2.2e-05,1e-05,0.0,0.0,0.0
newberg-or__3941__fov25px57.jpg,newberg-or,3941,G4nzFn7pxDmMEiW2amje6w,True,0.625769,0,0,0,0,0,1,0,0,1,0,0.001258,0.000435,0.0,0.0,0.0,0.044323,7e-06,0.0,0.0,0.0
newberg-or__16243__fov25px57.jpg,newberg-or,16243,nvO3zLul9rt2h0GaDjRf7A,False,73.388753,0,0,0,0,0,0,0,0,0,0,0.0,6e-06,1.3e-05,3e-06,0.0,4.4e-05,1e-06,0.0,0.0,3e-06
newberg-or__7238__fov25px57.jpg,newberg-or,7238,dAkVsX2chsQP6B4p2aNwIA,True,0.767687,1,0,0,0,0,0,0,0,0,0,1.0,1e-06,4e-06,0.197905,0.0,0.000185,1.5e-05,4e-06,4.4e-05,0.0
newberg-or__5555__fov25px57.jpg,newberg-or,5555,stgPrfSPn89J_Eqolu6h_g,True,14.158323,1,0,0,0,0,0,0,0,0,0,0.224871,0.0,4e-06,0.0,0.0,1.1e-05,1.4e-05,0.0,0.0,0.0
newberg-or__590__fov25px57.jpg,newberg-or,590,PE3aB1Ho-9FdSef8H3kINw,True,0.778366,1,0,0,0,0,0,0,0,0,0,0.999976,0.000413,0.005817,0.0,0.0,0.601603,0.001468,1e-06,2e-06,0.0
newberg-or__972__fov25px57.jpg,newberg-or,972,Ga3GO55n83NreSyR3el9OQ,True,13.246995,1,0,0,0,0,0,0,0,0,0,0.999997,0.905792,0.108049,0.0,0.0,0.044608,3e-06,2.9e-05,0.0,0.0
newberg-or__3638__fov25px57.jpg,newberg-or,3638,HzT5Ac432hX6cC_MUNV_mg,True,1.472264,0,0,0,0,0,0,0,0,0,0,8e-06,0.0,5e-06,0.0,0.0,7e-06,1e-06,0.0,0.0,1e-06
newberg-or__5121__fov25px57.jpg,newberg-or,5121,f_i2fikOxG1ieUqCh5Fseg,True,5.412684,0,0,0,0,0,0,0,0,0,0,0.001063,4e-06,0.01371,0.0,0.0,0.0,1.1e-05,0.0,0.000606,0.0
columbus-oh__16017__fov25px57.jpg,columbus-oh,16017,5AwH-sEWLvFuiLRaKoOPLQ,False,76.454379,0,0,0,0,0,0,0,0,0,0,4e-05,1e-06,0.583688,3.1e-05,0.0,0.0,5e-06,0.0,2.5e-05,1e-06
columbus-oh__33361__fov25px57.jpg,columbus-oh,33361,TavzKPZJb8-4f6da191SAA,True,0.238144,0,0,0,0,0,0,0,0,0,0,0.0,0.969319,4e-05,1e-06,0.0,2e-06,2e-06,0.000252,0.006111,0.002864
columbus-oh__33119__fov25px57.jpg,columbus-oh,33119,wHM0GLx_IpvThCiZLf491g,True,1.87387,0,0,0,0,0,0,0,0,0,0,0.0,0.000515,1.4e-05,1e-06,0.0,5e-06,2e-06,7e-06,1e-06,8e-06
columbus-oh__13358__fov25px57.jpg,columbus-oh,13358,bj8EA0cnz-q7yNBdR-jr4Q,True,7.87077,0,0,0,0,0,0,0,0,0,0,1e-06,2e-06,4e-06,0.0,0.0,0.0,1e-06,0.0,5e-06,1.1e-05
columbus-oh__6361__fov25px57.jpg,columbus-oh,6361,98C_T9kemlvExIYhpSDQMA,False,16.568067,0,0,0,0,0,0,0,0,0,0,0.661519,2e-06,3.1e-05,0.000109,0.0,0.0,1e-06,0.0,2e-06,0.0
columbus-oh__22957__fov25px57.jpg,columbus-oh,22957,dPWvtNIwLMxHBZHbGJ4aig,True,6.965624,0,0,0,0,0,0,0,0,0,0,1e-06,0.0,1e-06,1e-06,0.0,0.0,1e-06,0.0,5e-06,3e-06
columbus-oh__33581__fov25px57.jpg,columbus-oh,33581,TUBizYkf6bMdH8l4QA_Kag,True,7.921208,0,0,0,0,0,0,0,0,0,0,0.0,3e-06,1e-06,3e-06,0.0,0.0,4e-06,0.0,2.4e-05,4e-06
columbus-oh__15750__fov25px57.jpg,columbus-oh,15750,R7dhzH6kDGOpuREm-945KQ,True,6.696284,0,0,0,0,0,0,0,0,1,0,0.051408,0.0,3e-06,1e-05,0.0,1e-06,1.5e-05,0.0,0.856151,7e-06
columbus-oh__19405__fov25px57.jpg,columbus-oh,19405,pA8M7FxtUei9lj0vufeBwg,True,7.048345,0,0,0,0,0,0,0,0,1,0,0.00015,6e-06,0.0,3.2e-05,0.0,4e-06,1e-06,0.0,5e-05,0.0
columbus-oh__1843__fov25px57.jpg,columbus-oh,1843,ODN56l8Y1x7tx-CWyOssGw,True,7.339863,0,0,0,0,0,0,0,0,0,0,1e-06,0.0,1e-06,0.0,0.0,6e-06,0.0,0.0,2e-06,1e-06
columbus-oh__32821__fov25px57.jpg,columbus-oh,32821,CoOf1n-bQm5Mp3dqC2rzbw,False,7.00637,0,0,1,0,0,0,0,0,0,0,0.0,0.0,0.0,4e-06,0.0,0.000464,2e-06,0.0,3.8e-05,0.124497
columbus-oh__38260__fov25px57.jpg,columbus-oh,38260,OfFkrHnhSekHUS8ZpSYZBg,False,49.010255,0,0,0,0,0,0,0,0,0,0,0.0,4e-06,0.000348,8e-06,0.0,3.1e-05,0.0,0.0,2e-06,0.000361
columbus-oh__32809__fov25px57.jpg,columbus-oh,32809,-ZwRp_QHTxfdJN7gDra2bg,True,1.400137,0,0,0,0,0,0,0,0,0,0,0.00021,1e-06,3e-06,0.0,0.0,2e-06,0.0,0.0,0.085892,0.0
columbus-oh__15706__fov25px57.jpg,columbus-oh,15706,1M5_g0HwPtyFuvRbZI04Jg,False,19.504968,0,0,0,0,0,0,0,0,0,0,0.0,0.000256,0.0,0.0,0.0,5e-05,0.0,0.0,3e-06,1e-05
columbus-oh__26594__fov25px57.jpg,columbus-oh,26594,ZIt9eQVMAQwWlQiP0phSkA,True,1.353527,0,0,0,0,0,0,0,0,0,0,6.6e-05,0.0,5e-06,0.0,0.0,4e-06,3e-06,0.0,3.5e-05,1e-06
columbus-oh__31131__fov25px57.jpg,columbus-oh,31131,2zisL-SiZ-FVXeIZMDS4gw,False,10.379275,0,0,0,0,0,0,0,0,0,0,0.0,2e-06,0.000812,0.0,0.0,1.5e-05,0.0,0.0,0.000536,0.00022
columbus-oh__32819__fov25px57.jpg,columbus-oh,32819,CoOf1n-bQm5Mp3dqC2rzbw,False,5.276612,0,0,0,0,0,0,0,0,1,0,0.000952,0.003973,1.8e-05,0.0,0.0,0.0,4e-06,0.0,0.614752,1e-06
columbus-oh__11116__fov25px57.jpg,columbus-oh,11116,fsB8A2ZWBENYL93lCmlkEA,True,7.405871,0,0,0,0,0,0,0,0,0,0,0.0,9e-06,9e-06,0.000129,0.0,8e-06,4e-06,2.4e-05,7.5e-05,0.000211
columbus-oh__30221__fov25px57.jpg,columbus-oh,30221,maTJ5QC7-Us4hLDdlxEebQ,True,3.870318,0,0,0,0,0,0,0,0,0,0,7e-06,1e-06,0.156563,0.0,0.0,0.000628,0.0,0.0,1.9e-05,1.1e-05
columbus-oh__16259__fov25px57.jpg,columbus-oh,16259,lG8cS8FWAHuuT2u1otQxoA,True,3.498172,0,0,0,0,0,0,0,0,0,0,0.0,5e-06,1.8e-05,0.0,0.0,0.0,1e-06,0.0,8.7e-05,2e-06
columbus-oh__24772__fov25px57.jpg,columbus-oh,24772,mRkB8kUwBUwVvBtUhJ6qSw,True,13.169988,0,0,0,0,0,0,0,0,1,0,2e-06,1.6e-05,1.6e-05,0.0,0.0,4.6e-05,1e-06,0.0,0.000159,1.1e-05
columbus-oh__10460__fov25px57.jpg,columbus-oh,10460,Q_9peyjqJOI2clAGjy-XdA,False,57.987402,0,0,0,0,0,0,0,0,0,0,0.0,3e-06,2e-05,0.0,0.0,4e-06,0.0,0.0,1e-05,0.000284
columbus-oh__26891__fov25px57.jpg,columbus-oh,26891,6-I2tnUM9NAptI4FQKcnlw,False,17.982467,0,0,0,0,0,0,0,0,0,0,0.001421,7e-06,4.7e-05,1e-06,0.0,0.000184,0.0,0.0,4e-06,0.0
columbus-oh__29366__fov25px57.jpg,columbus-oh,29366,DO4gvkM-VjPPCHUyJNSG_A,False,125.265599,0,0,0,0,0,0,0,0,0,0,0.19396,4.5e-05,0.001989,0.000489,0.0,0.01403,0.002258,0.000452,0.00016,0.000173
columbus-oh__12798__fov25px57.jpg,columbus-oh,12798,Dr3VoiDJol1SrG3k-rSs2g,False,25.128866,0,0,0,0,0,0,0,0,1,0,0.0,1e-06,0.001343,1e-06,0.0,1e-06,1e-06,0.0,0.000912,0.011488
columbus-oh__25183__fov25px57.jpg,columbus-oh,25183,p7u6wgwXvXgSHbSu-IrmEA,True,2.371041,1,0,0,0,0,1,0,0,1,0,1.0,4.6e-05,0.0,0.033257,0.0,1e-05,2e-06,2.2e-05,0.061748,0.0
columbus-oh__29183__fov25px57.jpg,columbus-oh,29183,ZIffv82UF1-CFfDKHATEng,True,4.864735,0,0,0,0,0,0,0,0,0,0,0.002196,0.0,0.001051,0.0,0.0,5e-06,0.0,0.0,7.3e-05,0.0
columbus-oh__9093__fov25px57.jpg,columbus-oh,9093,PtLWqy4lB3Q9aGsi6Yec4w,False,46.953645,1,0,0,0,0,0,0,0,0,0,6e-06,3e-06,1e-06,0.0,0.0,1e-06,1e-06,0.0,1e-06,0.0
columbus-oh__29593__fov25px57.jpg,columbus-oh,29593,Xb2h5qJnrfxbaaWo02oe6w,True,2.508425,0,0,0,0,0,0,0,0,0,0,1e-06,0.0,0.00013,1.1e-05,0.0,0.0,1e-06,1.3e-05,1.6e-05,5.3e-05
columbus-oh__29330__fov25px57.jpg,columbus-oh,29330,N316b_tXtWK6NzMCU9_rvQ,False,76.70275,0,0,0,0,0,0,0,0,1,0,0.477458,0.0,0.001662,1e-06,0.0,1e-05,4e-06,1e-06,0.001389,0.0
columbus-oh__25435__fov25px57.jpg,columbus-oh,25435,_gjYhcQfaKnwNRoGgO2CiA,False,298.021233,0,0,0,0,0,0,0,0,0,0,0.000204,3e-06,0.000413,0.0,0.0,1e-06,1e-06,0.0,0.000264,0.0
columbus-oh__5444__fov25px57.jpg,columbus-oh,5444,gCYl96j2Pj9NoDkICnb61Q,True,1.801862,0,0,0,0,0,0,0,0,0,0,3.4e-05,1e-06,5.7e-05,0.0,0.0,2.7e-05,1e-06,0.0,7e-06,0.0
columbus-oh__21540__fov25px57.jpg,columbus-oh,21540,fsigeH1P796YVVt5m8jZww,True,8.69993,0,0,0,0,0,0,0,0,1,0,0.006524,0.0,7e-06,0.0,0.0,0.0,4e-06,1e-06,4.4e-05,0.0
columbus-oh__14774__fov25px57.jpg,columbus-oh,14774,R7dhzH6kDGOpuREm-945KQ,True,6.494817,0,0,0,0,0,0,0,0,1,0,0.0,4.3e-05,7e-06,0.0,0.0,0.0,1e-06,0.0,0.004809,0.000835
columbus-oh__31713__fov25px57.jpg,columbus-oh,31713,KvhONGkReaN1AKf8Xb3Kiw,False,24.421994,1,0,0,0,0,0,0,0,0,0,0.707888,0.0,0.0,1.3e-05,0.0,7e-06,3e-06,0.0,0.000115,0.0
columbus-oh__24150__fov25px57.jpg,columbus-oh,24150,yuqOujDZXZx4SGcrbluNjw,False,7.868012,0,0,0,0,0,0,0,0,1,0,9e-06,1.7e-05,1e-06,0.0,0.0,3e-06,1e-06,0.0,4.8e-05,1e-06
columbus-oh__22482__fov25px57.jpg,columbus-oh,22482,7tEEqS8HIOicdqq9oqUH2A,True,4.31042,1,0,0,0,0,0,0,0,0,0,0.999145,0.0,0.264226,2e-06,0.0,0.000923,2e-06,1e-06,6.6e-05,0.0
columbus-oh__13610__fov25px57.jpg,columbus-oh,13610,1rQcK6bTHPC6Br2Ivy-wNA,True,8.5167,0,0,0,0,0,0,0,0,0,0,3.3e-05,2.5e-05,0.00082,0.0,0.0,0.0,3e-06,0.0,0.000268,0.0
columbus-oh__24049__fov25px57.jpg,columbus-oh,24049,sk1tXJBHUiSvhHo49f01LQ,True,15.098398,0,0,0,0,0,0,0,0,0,0,0.001243,1e-05,0.00067,4e-06,0.0,0.0,3e-06,1e-06,1.1e-05,1e-06
columbus-oh__27272__fov25px57.jpg,columbus-oh,27272,8yaq-T-_Ju5eGW2ifAGL3Q,True,6.229254,0,0,0,0,0,0,0,0,0,0,0.0,0.003851,8.2e-05,0.0,0.0,4.9e-05,1e-06,0.0,3.1e-05,0.000113
columbus-oh__134__fov25px57.jpg,columbus-oh,134,b7pLbeqFaiyequ8ZJnrXmQ,True,10.742692,1,0,0,0,0,0,0,0,0,0,0.999998,5e-06,0.000196,0.033934,0.0,0.006039,0.000581,0.000326,0.998079,1e-06
columbus-oh__17355__fov25px57.jpg,columbus-oh,17355,qGgwEBVFZdHSjIn8FkzpcA,False,22.261861,0,0,0,0,0,0,0,0,0,0,0.0,0.00015,2.2e-05,1e-06,0.0,0.0,2e-06,0.0,1.6e-05,4.6e-05
columbus-oh__13631__fov25px57.jpg,columbus-oh,13631,i1O8-M6lGYy7r9F1JJFzGQ,True,8.034963,0,0,0,0,0,0,0,0,1,0,0.0,2e-06,1e-06,0.0,0.0,1e-06,0.0,0.0,0.02972,0.00102
columbus-oh__10788__fov25px57.jpg,columbus-oh,10788,MASI4DmJKa9NEgG0or9yxg,False,302.590999,0,0,0,0,0,0,0,0,0,0,0.0,4e-06,0.000173,3.3e-05,0.0,4e-06,0.0,1e-06,1e-06,0.694917
columbus-oh__38902__fov25px57.jpg,columbus-oh,38902,tgwpJQ59Q_Wyy5fe_uhaSg,False,46.977785,0,0,0,0,0,0,0,0,0,0,0.0,0.007791,0.000508,1e-06,0.0,4e-06,1e-06,2e-06,0.0,1.2e-05
columbus-oh__7408__fov25px57.jpg,columbus-oh,7408,ee1rMlgRDyUe174Kr9OPEw,True,1.120802,0,0,0,0,0,0,0,0,0,0,0.0,0.0,4e-06,2e-06,0.0,1e-06,0.0,0.0,2e-06,3.7e-05
columbus-oh__21465__fov25px57.jpg,columbus-oh,21465,cDCJ8aQ2TN-IKp38XzSyMg,True,5.122902,0,0,0,0,0,0,0,0,0,0,0.0,1e-06,5.7e-05,3e-06,0.0,2.4e-05,0.0,0.0,4.5e-05,0.152139
columbus-oh__17427__fov25px57.jpg,columbus-oh,17427,g0wDhnhsPk1dDLBOx3JReQ,True,0.681465,0,0,0,0,0,0,0,0,0,0,2e-06,1e-06,0.0,4e-06,0.0,0.0,2.1e-05,0.0,5.7e-05,2e-06
columbus-oh__14677__fov25px57.jpg,columbus-oh,14677,uJNE7diGe3j2Xiwf4OwIeA,True,5.145285,0,0,0,0,0,0,0,0,1,0,0.0,0.067205,0.000294,1e-06,0.0,0.0,1e-06,1e-06,0.989789,0.031196
columbus-oh__27224__fov25px57.jpg,columbus-oh,27224,CPoQAsD0ToBSDUY1dMbRAg,True,4.182927,0,0,0,0,0,0,0,0,0,0,0.001271,2e-06,0.600073,4e-06,0.0,0.135675,2.3e-05,0.0,0.000106,2e-06
columbus-oh__1708__fov25px57.jpg,columbus-oh,1708,x-5fwOQC-tK_ZaRIktt4HQ,False,137.548659,0,0,0,0,0,0,0,0,0,0,4e-06,4e-06,1e-06,1e-06,0.0,0.0,3e-06,0.0,1e-06,7e-06
columbus-oh__27429__fov25px57.jpg,columbus-oh,27429,l-rdWE2oaQKzurwnPrrcTQ,True,30.305817,0,0,0,0,0,0,0,0,0,0,5.9e-05,2.6e-05,0.002497,2e-06,0.0,0.000167,1e-06,0.0,5e-06,6e-06
columbus-oh__17443__fov25px57.jpg,columbus-oh,17443,k5v2BnTmlFfJTT7aaplpAQ,False,70.851088,0,0,0,0,0,0,0,0,0,0,1e-06,1e-06,1e-06,1e-06,0.0,0.0,1e-06,0.0,1e-06,6e-06
columbus-oh__26641__fov25px57.jpg,columbus-oh,26641,HA4JiT5iM9vc7hPhqK_LOQ,True,11.579108,0,0,0,0,0,0,0,0,0,0,0.001374,0.0,1e-06,3.3e-05,0.0,3e-05,1e-06,0.0,2e-06,0.0
columbus-oh__33635__fov25px57.jpg,columbus-oh,33635,IwjNR3kI9YQWWeS6E77Yng,True,9.704269,0,0,0,0,0,0,0,0,1,0,0.0,3e-06,0.013975,2.7e-05,0.0,5e-06,2e-06,0.0,2.5e-05,0.000172
columbus-oh__15398__fov25px57.jpg,columbus-oh,15398,JQG8SkfiC-adyBi-Ny9FdA,False,107.0244,1,0,0,0,0,1,0,1,1,0,0.999954,4e-06,5e-06,0.021385,0.0,0.939144,2e-06,0.00087,0.112064,0.0
columbus-oh__33029__fov25px57.jpg,columbus-oh,33029,x_aVYkpem574JtMmJpbcJA,True,0.344287,0,0,0,0,0,0,0,0,1,0,1e-06,0.0,2e-06,1.6e-05,0.0,2e-06,1e-06,0.0,1.2e-05,1e-06
columbus-oh__30764__fov25px57.jpg,columbus-oh,30764,wKZeYV-xaKlA6qBarAR0Ow,True,3.716517,0,0,0,0,0,0,0,0,1,0,1e-06,1e-06,0.000583,1e-06,0.0,0.0001,2.6e-05,1e-06,0.46826,0.000393
columbus-oh__6803__fov25px57.jpg,columbus-oh,6803,vfqPYcFVoOWuEWRZW7ovGw,False,2.647207,0,0,0,0,0,0,0,0,0,0,0.000451,0.0,0.385831,7e-06,0.0,0.843459,0.0,0.0,3.1e-05,0.0
columbus-oh__14380__fov25px57.jpg,columbus-oh,14380,yVxL8B41pMsiLRud3zkHhQ,False,20.195803,0,0,0,0,0,0,0,0,0,0,1e-06,0.0,0.000522,0.0,0.0,1e-06,3e-06,0.0,0.0001,1e-06
columbus-oh__33839__fov25px57.jpg,columbus-oh,33839,vul81wbTnZjXKgqkEZKXUg,True,5.395655,0,0,0,0,0,0,0,0,0,0,3e-06,1.2e-05,0.0,0.0,0.0,2.3e-05,5e-06,0.0,0.0,0.0
columbus-oh__17248__fov25px57.jpg,columbus-oh,17248,mdf0zov-ex2z3NHYt5JPaA,False,85.238579,0,0,0,0,0,0,0,0,0,0,7e-06,1.9e-05,8.7e-05,0.611105,0.0,0.848842,1e-06,4e-06,0.050412,0.005597
columbus-oh__27072__fov25px57.jpg,columbus-oh,27072,XkRwMm8D_5COxDkEHD3cPA,False,18.996093,1,0,0,0,0,0,0,0,0,0,0.999244,1e-06,6e-06,4e-06,0.0,0.0,1e-06,0.0,1e-06,0.0
columbus-oh__23820__fov25px57.jpg,columbus-oh,23820,qISuvfJeNzncVBU1D9hXkg,True,22.618985,1,0,0,0,0,0,0,0,0,0,0.017659,1e-06,1e-06,2e-06,0.0,0.0,3e-06,0.0,0.0,0.0
columbus-oh__26341__fov25px57.jpg,columbus-oh,26341,MEnw54T2XF2Unj7CDpsMoA,False,101.135962,0,0,0,0,0,0,0,0,0,0,2.1e-05,1.3e-05,7e-06,0.000235,0.0,1e-06,0.0,0.0,0.000892,1e-06
columbus-oh__27334__fov25px57.jpg,columbus-oh,27334,HjupLnvN5L5sFbaRj4_lJw,True,9.097892,0,0,0,0,0,0,0,0,0,0,0.000275,2e-06,0.0,0.0,0.0,7.8e-05,1e-06,1e-06,1.1e-05,1e-06
columbus-oh__33120__fov25px57.jpg,columbus-oh,33120,wHM0GLx_IpvThCiZLf491g,True,1.843163,0,0,0,0,0,0,0,0,0,0,0.0,1e-05,0.0,1e-06,0.0,0.0,2e-06,3e-06,1e-06,2.9e-05
columbus-oh__31662__fov25px57.jpg,columbus-oh,31662,z_l33_Dksxl18m8hTYIwyg,False,27.054388,0,0,0,0,0,1,0,0,0,0,0.049508,2e-06,4e-06,0.0,0.0,0.0,2e-06,0.0,0.003051,1e-06
columbus-oh__32817__fov25px57.jpg,columbus-oh,32817,ASkdGuIw8pWX7WliZr9YfQ,True,6.942871,0,0,0,0,0,0,0,0,0,0,1e-06,3e-06,0.000194,0.0,0.0,0.0,1e-06,0.0,0.001251,4e-06
columbus-oh__26880__fov25px57.jpg,columbus-oh,26880,MpNX4hlf3-f_ULD_KcApQQ,True,12.125052,0,0,0,0,0,0,0,0,0,0,0.005739,1e-06,1e-06,0.0,0.0,0.000187,0.0,0.0,1e-06,0.0
columbus-oh__27427__fov25px57.jpg,columbus-oh,27427,l-rdWE2oaQKzurwnPrrcTQ,True,15.756672,0,0,0,0,0,0,0,0,0,0,1e-06,1.5e-05,7.2e-05,1.2e-05,0.0,7e-06,0.0,0.0,0.000294,8e-06
columbus-oh__31291__fov25px57.jpg,columbus-oh,31291,8eIorzdcISJX_cbZkocA6w,True,9.596508,0,0,0,0,0,0,1,0,0,0,0.011863,3e-06,0.000178,1e-06,0.0,5.2e-05,0.506947,4e-06,0.996017,0.000185
columbus-oh__822__fov25px57.jpg,columbus-oh,822,TMZRgdEZHaOFVG27rfRiXg,True,1.278418,0,0,0,0,0,0,0,0,0,0,0.0,2.9e-05,5e-06,0.0,0.0,0.0,9e-06,1e-06,0.000338,0.000146
columbus-oh__294__fov25px57.jpg,columbus-oh,294,LaiCo5KC8YfGyfgpas1exg,True,6.335131,0,0,0,0,0,0,0,0,0,0,1e-06,0.0,1.3e-05,1e-06,0.0,2e-06,1e-06,0.0,0.0,5e-06
columbus-oh__27366__fov25px57.jpg,columbus-oh,27366,nbiyo7kyhgKUrsnhZKjCjg,True,8.827122,0,0,0,0,0,0,0,0,0,0,0.00488,3e-06,1.1e-05,5e-06,0.0,1e-06,0.0,0.0,3e-06,0.0
columbus-oh__24912__fov25px57.jpg,columbus-oh,24912,3lT_vZTfuXpyYIBnFJI01g,False,19.121701,0,0,0,0,0,0,0,0,0,0,0.035993,6e-06,0.01661,4e-06,0.0,2.2e-05,0.0,0.0,0.000578,0.0
columbus-oh__16436__fov25px57.jpg,columbus-oh,16436,-Gr2U5CcVLlTXrtMrEI1kQ,True,2.584217,0,0,0,0,0,0,0,0,0,0,0.0,3e-06,0.0,0.0,0.0,1e-06,0.0,0.0,0.000754,0.000419
columbus-oh__14757__fov25px57.jpg,columbus-oh,14757,R7dhzH6kDGOpuREm-945KQ,True,5.444195,0,0,0,0,0,0,0,0,1,0,2.4e-05,0.0,1.3e-05,3e-06,0.0,0.0,3.2e-05,0.0,0.25577,4e-06
columbus-oh__1270__fov25px57.jpg,columbus-oh,1270,SBt_gwTUDodX4FkK7xxPyA,False,1.55742,0,0,0,0,0,0,0,0,0,0,1e-06,7e-06,1e-06,0.0,0.0,3e-06,1e-06,0.0,1e-06,1e-06
columbus-oh__22916__fov25px57.jpg,columbus-oh,22916,gOtMJ4XBtZoDCFvtu2Yuig,True,6.424318,0,0,0,0,0,0,0,0,0,0,5.6e-05,2e-06,9e-06,0.0,0.0,4.4e-05,0.0,0.0,1.1e-05,1e-06
columbus-oh__27064__fov25px57.jpg,columbus-oh,27064,1qFy9Ht9Mf6Vtci-wR1xAw,False,12.50298,0,0,0,0,0,1,0,0,0,0,1e-06,2e-06,0.0,1e-06,0.0,4e-06,6e-06,0.0,1e-06,5e-06
columbus-oh__22643__fov25px57.jpg,columbus-oh,22643,WmpAv8kpGU9FyFya3KD-cg,True,2.324158,1,0,0,0,0,0,0,0,0,0,0.999916,0.0,6e-06,0.0,0.0,0.000269,0.0,0.0,1e-06,0.0
columbus-oh__17575__fov25px57.jpg,columbus-oh,17575,BT-pMQs9GNzt7-BKx-xCCg,False,1.420361,0,0,0,0,0,0,0,0,0,0,4e-06,2.2e-05,0.0,3.3e-05,0.0,0.0,2.1e-05,0.0,0.77805,4.7e-05
columbus-oh__13316__fov25px57.jpg,columbus-oh,13316,Y5Z1lyP4hiL5R2DYbyI0pQ,False,28.552065,0,0,0,0,0,0,0,0,0,0,0.296035,0.0,2e-06,1e-06,0.0,5.1e-05,1e-06,0.0,0.0,0.0
columbus-oh__30247__fov25px57.jpg,columbus-oh,30247,QfsPblWbFu4hHi1GM9KHqQ,False,335.13814,1,0,0,0,0,0,0,0,0,0,0.999854,0.0,4e-06,3.1e-05,0.0,0.001653,3.6e-05,2e-06,1e-06,0.0
columbus-oh__1819__fov25px57.jpg,columbus-oh,1819,u9AY57NtZzJ3Gc30kGZG3g,True,12.932855,0,0,0,0,0,0,0,0,0,0,1e-06,3.9e-05,0.0,4e-06,0.0,1e-06,1e-06,0.0,1e-06,0.0
columbus-oh__25313__fov25px57.jpg,columbus-oh,25313,wJV6V49Msl3tlKHeVPLG3w,False,8.516659,1,0,0,0,0,0,0,0,0,0,0.367206,0.0,0.000184,0.000258,0.0,0.0,0.0,0.0,0.600428,0.0
columbus-oh__31021__fov25px57.jpg,columbus-oh,31021,KAgAPmglWL214h7BxGABaw,True,2.386674,0,0,0,0,0,0,0,0,1,0,0.0,0.0,0.012108,2.1e-05,0.0,0.000642,2e-06,0.0,0.0,0.000126
columbus-oh__15824__fov25px57.jpg,columbus-oh,15824,gFuOd4zbeAe2sX5j5FCuIw,False,98.930056,1,0,0,0,0,0,0,0,0,0,0.046502,3e-06,0.0,0.175185,0.0,5.9e-05,4.4e-05,0.0,0.05712,5e-06
columbus-oh__120__fov25px57.jpg,columbus-oh,120,kXkHnoGBzRui8sBbBqryaA,True,3.462255,0,0,0,0,0,0,0,0,0,0,0.0,1e-06,1e-06,5e-06,0.0,0.0,1e-06,0.0,0.000152,1e-06
columbus-oh__35282__fov25px57.jpg,columbus-oh,35282,ksUX0CkSoP3vX3Ng9vMA8w,True,8.977443,0,1,0,0,0,0,0,0,0,0,0.0,2e-06,4e-06,6e-06,0.0,0.0,0.0,0.0,0.000195,0.044029
columbus-oh__1543__fov25px57.jpg,columbus-oh,1543,hPSe6qqfCcQ6LiDjj8egeg,False,81.888609,1,0,0,0,0,0,0,0,0,0,0.000367,1e-06,0.000358,0.0,0.0,0.00026,0.0,0.0,0.0,0.0
columbus-oh__26977__fov25px57.jpg,columbus-oh,26977,VeRDBFeIeufo_eQ8hrYMPw,False,21.568047,0,0,0,0,0,0,0,0,0,0,0.0,0.0,0.000239,2e-06,0.0,2.1e-05,5e-06,0.0,1e-06,0.000429
columbus-oh__820__fov25px57.jpg,columbus-oh,820,TMZRgdEZHaOFVG27rfRiXg,True,11.579667,0,0,0,0,0,0,0,0,0,0,8e-06,0.0,2.3e-05,0.0,0.0,0.0,1e-06,0.0,1e-06,1e-06
columbus-oh__6654__fov25px57.jpg,columbus-oh,6654,j7G2YYDMUvOJnP7By4D0cQ,True,3.502558,0,0,0,0,0,0,0,0,0,0,0.000383,0.0,0.0,0.0,0.0,2e-06,2e-06,0.0,3e-06,0.0
columbus-oh__29365__fov25px57.jpg,columbus-oh,29365,DO4gvkM-VjPPCHUyJNSG_A,False,129.594776,0,0,0,0,0,0,0,0,0,0,0.994499,7e-06,0.003531,2e-06,0.0,4e-06,2e-06,8e-06,3.2e-05,0.0
columbus-oh__17452__fov25px57.jpg,columbus-oh,17452,hLXA7phEqV_BpRAfknLeFQ,False,37.618717,0,0,0,0,0,0,0,0,0,0,2e-06,0.0,3e-06,1e-06,0.0,1e-06,0.0,0.0,1e-06,7e-06
columbus-oh__16565__fov25px57.jpg,columbus-oh,16565,iHklbkahcT8LO2yqr-918A,True,4.414148,0,0,0,0,0,0,0,0,1,0,1e-06,1.8e-05,0.001089,0.0,0.0,0.0,1e-06,0.0,0.003832,0.0
columbus-oh__15695__fov25px57.jpg,columbus-oh,15695,6saIFy1WFB84MQjqjXAang,False,22.616069,0,0,0,0,0,0,0,0,0,0,1e-06,0.0,1e-06,1e-06,0.0,0.0,1e-06,0.0,1e-06,0.000146
columbus-oh__24397__fov25px57.jpg,columbus-oh,24397,UcQZgeY7ufS7Kh8SV0DW9A,True,4.896199,0,0,0,0,0,0,0,0,0,0,0.000319,2e-06,0.0,5e-06,0.0,0.000102,0.0,0.0,1e-05,0.0
columbus-oh__7457__fov25px57.jpg,columbus-oh,7457,AVSorYpaAW9UZx-ByUiA6Q,True,21.002225,0,0,0,0,0,0,0,0,0,0,0.0,0.001515,0.000243,0.0,0.0,0.090934,1e-06,0.0,0.0,3.5e-05
columbus-oh__29497__fov25px57.jpg,columbus-oh,29497,3jLAm3iC9AsvCssYcL4jNQ,True,8.420617,0,0,0,0,0,0,1,0,1,0,2.8e-05,1.8e-05,2e-06,2.8e-05,0.0,3e-06,5e-06,0.0,0.00318,1e-06
columbus-oh__8065__fov25px57.jpg,columbus-oh,8065,1hWIBg8g4myunqiSUCWucQ,False,98.561799,0,0,0,0,0,0,0,0,0,0,1.8e-05,1e-06,0.0,0.0,0.0,0.060453,1e-06,0.0,1e-06,1e-06
columbus-oh__13629__fov25px57.jpg,columbus-oh,13629,u5RWx3X3sfrg6aS990-73A,True,6.470203,0,0,0,0,0,0,0,0,0,0,0.0,0.002406,0.0,1e-06,0.0,7e-06,8e-06,0.0,0.000111,4.7e-05
columbus-oh__26590__fov25px57.jpg,columbus-oh,26590,ZIt9eQVMAQwWlQiP0phSkA,True,1.770416,0,0,0,0,0,0,0,0,0,0,0.865901,0.0,0.0,1e-06,0.0,4.8e-05,2e-06,1e-06,3.3e-05,0.0
columbus-oh__11027__fov25px57.jpg,columbus-oh,11027,bZZt9LcLImTXkcH2lxcwGg,False,124.577512,0,0,0,0,0,0,0,0,0,0,0.0,0.001149,0.010897,0.0,0.0,7e-06,0.0,1e-06,6e-06,0.000355
columbus-oh__32820__fov25px57.jpg,columbus-oh,32820,CoOf1n-bQm5Mp3dqC2rzbw,False,0.406856,0,0,0,0,0,0,0,0,0,0,1e-05,0.0,0.000394,0.0,0.0,0.000108,2e-06,1e-06,1e-06,2.8e-05
columbus-oh__26949__fov25px57.jpg,columbus-oh,26949,7NLGjDd7JZIFJQ1kmO0nWQ,False,128.543693,0,0,0,0,0,0,0,0,0,0,0.882092,4e-06,3.7e-05,0.0,0.0,0.000239,1e-06,0.0,2e-06,0.0
columbus-oh__701__fov25px57.jpg,columbus-oh,701,PjH21h6tTghtlcHaGOPvCg,True,6.556829,0,0,0,0,0,0,0,0,0,0,2.1e-05,0.0,0.0,0.00116,0.0,4e-06,2e-06,0.0,7e-06,2e-06
columbus-oh__20078__fov25px57.jpg,columbus-oh,20078,O9WKT0P7FCkFVjiDE7Ftkg,True,6.549858,0,0,0,0,0,0,0,0,0,0,5e-06,0.00351,0.951208,0.0,0.0,1e-06,2e-06,1e-05,5.1e-05,7.7e-05
columbus-oh__23182__fov25px57.jpg,columbus-oh,23182,noy6HbIVEJpFi6Gr61o5VA,True,9.551384,0,0,0,0,0,0,0,0,0,0,0.040448,2.7e-05,0.000522,0.0,0.0,0.000848,0.0,0.0,5e-06,0.0
columbus-oh__13960__fov25px57.jpg,columbus-oh,13960,czvXP0J_Dq2qH5FIvrz4Ug,True,6.242682,0,0,0,0,0,0,0,0,1,0,0.998913,0.179532,0.224964,0.003506,0.0,1e-06,1e-06,0.000527,0.988588,0.0
columbus-oh__15111__fov25px57.jpg,columbus-oh,15111,U5U0UD7H6kv6NAs4ho8RVg,False,14.719224,0,0,0,0,0,0,0,0,1,0,0.0,0.00776,6e-06,3e-06,0.0,1e-06,1e-06,1e-06,3.2e-05,0.01338
columbus-oh__23767__fov25px57.jpg,columbus-oh,23767,LapJycPQ9s_mHS8Ed95F8A,True,0.20345,1,0,0,0,0,0,0,0,1,0,0.999999,0.999896,4e-06,6.4e-05,0.0,0.007549,0.000161,0.000112,0.000128,0.0
columbus-oh__21028__fov25px57.jpg,columbus-oh,21028,GOmFYS-v_o6LyJ7719hM-w,False,31.868524,0,0,0,0,0,0,0,0,1,0,0.616706,0.000231,0.003102,0.000305,0.0,0.008879,0.000724,0.00025,1.8e-05,1e-06
columbus-oh__21067__fov25px57.jpg,columbus-oh,21067,yuqOujDZXZx4SGcrbluNjw,False,0.476274,0,0,0,0,0,0,0,0,1,0,0.692393,0.000806,1e-06,0.0,0.0,0.000156,8e-06,1e-06,5.1e-05,0.0
columbus-oh__22960__fov25px57.jpg,columbus-oh,22960,dPWvtNIwLMxHBZHbGJ4aig,True,6.245627,0,0,0,0,0,0,0,0,0,0,0.0,0.00097,1e-06,2.2e-05,0.0,0.0,5e-06,2e-06,6e-05,7e-06
columbus-oh__23513__fov25px57.jpg,columbus-oh,23513,wxuSJNgKlejUVoTkEmEObA,True,15.408347,1,0,0,0,0,0,0,0,0,0,0.983405,0.0,0.001336,2e-06,0.0,4.5e-05,0.0,1e-06,0.0,0.0
columbus-oh__33357__fov25px57.jpg,columbus-oh,33357,oXB9qxKReNWyl3_TB-1y4A,True,0.278675,0,0,0,0,0,0,0,0,0,0,0.0,5e-06,0.0,0.0,0.0,0.000222,1e-06,0.0,7e-06,0.005509
columbus-oh__33623__fov25px57.jpg,columbus-oh,33623,IwjNR3kI9YQWWeS6E77Yng,True,9.819728,0,0,0,0,0,0,0,0,0,0,0.0,0.0,4e-06,0.000353,0.0,1e-06,1e-06,1e-06,0.021761,0.000281
columbus-oh__18069__fov25px57.jpg,columbus-oh,18069,yTvm2bQ9P3owdLLX68MAfA,False,14.241354,0,0,0,0,0,0,0,0,0,0,1e-06,1e-06,5e-06,7e-06,0.0,0.0,1e-06,0.0,0.000492,7e-06
columbus-oh__27073__fov25px57.jpg,columbus-oh,27073,XkRwMm8D_5COxDkEHD3cPA,False,19.014619,1,0,0,0,0,0,0,0,0,0,0.999858,8.1e-05,0.012061,7e-06,0.0,1e-06,2e-06,2e-06,3e-06,0.0
columbus-oh__31708__fov25px57.jpg,columbus-oh,31708,J4w4HkCEkVJ9p5stZdnk9Q,False,57.3567,1,0,0,0,0,0,0,0,0,0,0.999996,0.000999,0.166789,3e-06,0.0,3.3e-05,9e-06,0.002478,2e-06,0.0
columbus-oh__23143__fov25px57.jpg,columbus-oh,23143,Wjsu8zZ-AtlHVAWM8P7y8A,True,12.822302,0,0,0,0,0,0,0,0,0,0,0.06057,5e-06,1.9e-05,4e-06,0.0,3e-06,1e-06,0.0,1e-06,0.0
columbus-oh__26580__fov25px57.jpg,columbus-oh,26580,VBwwtAZg4Zia6KWGRyCtiA,True,5.106852,0,0,0,0,0,0,0,0,0,0,0.017739,0.06453,0.005486,0.0,0.0,1e-06,5e-06,2.1e-05,0.000648,1e-06
columbus-oh__8685__fov25px57.jpg,columbus-oh,8685,dgyLiF-Fhvt1PToueRKxbA,False,81.959741,0,0,0,0,0,0,0,0,0,0,2.1e-05,0.0,0.000103,0.0,0.0,0.000599,5e-06,0.0,0.0,0.0
columbus-oh__32814__fov25px57.jpg,columbus-oh,32814,ASkdGuIw8pWX7WliZr9YfQ,True,7.016537,0,0,0,0,0,0,0,0,1,0,0.851638,1e-06,0.000154,0.000769,0.0,1e-06,2.8e-05,2e-06,0.405871,0.0
columbus-oh__13405__fov25px57.jpg,columbus-oh,13405,4NlEbUMmgJCnfVpJ0unAUQ,True,9.142388,0,0,0,0,0,0,0,0,0,0,0.0,0.0,0.0,0.0,0.0,8.5e-05,0.0,0.0,2e-06,0.000111
columbus-oh__26844__fov25px57.jpg,columbus-oh,26844,XEao9tiM_0GIlLT0A_2pGA,True,6.833457,0,0,0,0,0,0,0,0,0,0,0.300567,0.0,3e-06,0.0,0.0,6e-06,1e-06,0.0,2e-06,0.0
columbus-oh__1856__fov25px57.jpg,columbus-oh,1856,xjX0Gn3B6_h8oDXJQfy9kQ,False,61.369781,0,0,0,0,0,0,0,0,0,0,3e-06,0.000505,9e-06,5e-06,0.0,1.9e-05,1e-06,0.0,0.003654,1e-06
columbus-oh__6240__fov25px57.jpg,columbus-oh,6240,ytkDcoj8BgTmm9q4Dnal4A,False,145.926008,0,0,0,0,0,0,0,0,0,0,0.0,1e-06,4e-06,0.0,0.0,4e-06,1e-06,0.0,0.0,7.5e-05
columbus-oh__24393__fov25px57.jpg,columbus-oh,24393,jQWxwjjPa5odkdKumtVw2g,True,15.756424,0,0,0,0,0,0,0,0,0,0,0.00225,0.027051,3.1e-05,0.0,0.0,0.0,2e-06,1e-06,0.001225,1e-06
columbus-oh__27434__fov25px57.jpg,columbus-oh,27434,PItrZ8aV7yGkNiL6L_XgDw,True,7.452018,0,0,0,0,0,0,0,0,1,0,0.010312,0.002046,2.6e-05,3.2e-05,0.0,5e-06,0.000487,6e-06,0.801763,0.0
columbus-oh__13543__fov25px57.jpg,columbus-oh,13543,ilLZp9Ya4tiofOcaUKPwPA,True,5.321625,0,0,0,0,0,0,0,0,1,0,1e-06,0.004028,0.000809,0.0,0.0,0.0,6e-06,1e-06,0.527644,3e-06
columbus-oh__25011__fov25px57.jpg,columbus-oh,25011,I7z3zPFKAmQkheEu111LZA,False,4.69378,0,0,0,0,0,0,0,0,0,0,0.000812,6e-06,0.001311,0.0,0.0,1.8e-05,1e-06,0.0,0.022441,3e-06
columbus-oh__1248__fov25px57.jpg,columbus-oh,1248,aGn1hFEEBqyhfX3E5u7vTw,True,10.813506,1,0,0,0,0,0,0,0,0,0,0.002755,0.0,0.0,3e-06,0.0,7e-06,7e-06,0.0,2e-06,0.0
columbus-oh__26833__fov25px57.jpg,columbus-oh,26833,zHGuRME7SMWlefVnKdDrJg,True,7.355283,0,0,0,0,0,0,0,0,0,0,0.00084,0.00012,7.1e-05,6.5e-05,0.0,5e-06,4e-06,0.0,6e-06,0.0
columbus-oh__20700__fov25px57.jpg,columbus-oh,20700,lG8cS8FWAHuuT2u1otQxoA,True,0.425626,0,0,0,0,0,0,0,0,0,0,0.0,6e-06,0.010432,5e-06,0.0,7e-06,0.0,0.0,2e-06,0.024928
columbus-oh__26841__fov25px57.jpg,columbus-oh,26841,SkVUwArG6WGIs3Ucgic8ww,True,6.604664,0,0,0,0,0,0,0,0,0,0,6e-06,0.0,2e-06,2e-06,0.0,1.5e-05,0.0,0.0,2e-06,1e-06
columbus-oh__14420__fov25px57.jpg,columbus-oh,14420,4fBjLHzI6H_w25VMjwE0hA,False,258.724689,0,0,0,0,0,0,0,0,0,0,0.999689,3e-06,0.0,2e-06,0.0,0.0,0.0,0.0,4.5e-05,0.0
columbus-oh__1284__fov25px57.jpg,columbus-oh,1284,jKQhdZuRDGCFhO-qba_GAw,True,8.197464,0,0,0,0,0,0,0,0,0,0,0.0,0.0,2.1e-05,1e-06,0.0,1e-06,1e-06,0.0,1e-06,6.1e-05
columbus-oh__21306__fov25px57.jpg,columbus-oh,21306,p7pFDvbXFE0dtCELRW1CBA,True,8.378272,0,0,0,0,0,0,0,0,1,0,0.999052,5e-06,0.000124,0.002156,0.0,6e-06,0.0,2e-06,1e-06,0.0
columbus-oh__744__fov25px57.jpg,columbus-oh,744,xKbG1mXERXJw-2hHHpAHpQ,True,8.546054,0,0,0,0,0,0,0,0,0,0,0.0186,1e-05,1e-06,0.0,0.0,0.0,1e-06,0.0,3e-06,0.0
columbus-oh__23593__fov25px57.jpg,columbus-oh,23593,YWfMrvnAmpCsyTMSRWAvVQ,True,5.711338,0,0,0,0,0,0,0,0,1,0,0.92183,0.905349,0.00019,1.1e-05,0.0,4e-06,0.0,1e-06,0.045913,0.0
columbus-oh__16334__fov25px57.jpg,columbus-oh,16334,Qt_CSzuA2bSxNNqo0dIYDg,True,7.161054,0,0,0,0,0,0,0,0,1,0,0.999998,0.163763,0.001385,2.5e-05,0.0,1e-06,0.00111,3.9e-05,2e-06,0.0
columbus-oh__4063__fov25px57.jpg,columbus-oh,4063,0Cu_CNY5M7meg3xr_VlW8g,False,7.215172,0,0,0,0,0,0,0,0,0,0,1e-06,0.0,3e-06,0.0,0.0,0.000137,0.0,0.0,0.0,3e-06
columbus-oh__22527__fov25px57.jpg,columbus-oh,22527,Ilf4E7F7OxTS3icAccyVuQ,True,15.413114,0,0,0,0,0,0,0,0,0,0,0.000345,1.1e-05,0.000116,4.8e-05,0.0,7e-06,0.0,0.0,0.000233,0.0
columbus-oh__7325__fov25px57.jpg,columbus-oh,7325,Rh4N_vooCYTWnK6mIRA8Cw,False,0.636641,0,0,0,0,0,0,0,0,0,0,0.0,0.003815,0.0,8.2e-05,0.0,0.000121,1e-06,0.0,0.000204,3.4e-05
columbus-oh__22502__fov25px57.jpg,columbus-oh,22502,UunT08ldclK7GK22-fJ1JA,True,13.019862,0,0,0,0,0,0,0,0,0,0,0.000184,4e-06,0.0,3e-06,0.0,5e-06,2e-06,0.0,2e-06,2e-06
columbus-oh__15711__fov25px57.jpg,columbus-oh,15711,pqngb3eGU2ztm_hy7IJLgw,True,8.829361,0,0,0,0,0,0,0,0,0,0,1e-06,0.0,3e-06,0.0,0.0,4.6e-05,2e-06,0.0,1e-06,2e-06
columbus-oh__28063__fov25px57.jpg,columbus-oh,28063,rX0IxkpXSZgE7PG9axgSOw,True,14.351861,0,0,0,0,0,0,0,0,0,0,0.16598,1e-06,0.012155,4e-06,0.0,2e-06,1e-06,0.0,0.000149,0.0
columbus-oh__37106__fov25px57.jpg,columbus-oh,37106,lxr7DLoZZL_RY3kKwniqEg,False,42.373296,1,0,0,0,0,0,0,0,0,0,0.999488,7.8e-05,6e-06,0.0,0.0,0.0,1e-06,0.0,0.000107,0.0
columbus-oh__24601__fov25px57.jpg,columbus-oh,24601,cw2C5HrsQeykeBWPipxVIA,True,0.420191,0,0,0,0,0,0,0,0,0,0,1e-06,1e-06,2.2e-05,1e-06,0.0,0.0,1e-06,0.0,0.00023,1e-06
columbus-oh__26817__fov25px57.jpg,columbus-oh,26817,lxfkxzYLPOUoHLbyFZFOvw,True,10.087926,0,0,0,0,0,0,0,0,0,0,0.000244,1.6e-05,1.1e-05,8.1e-05,0.0,4e-06,1e-06,0.0,0.0,2e-06
columbus-oh__32845__fov25px57.jpg,columbus-oh,32845,_9TvKizx5O4uqw7SZVk0Tg,True,1.032861,1,0,0,0,0,0,0,0,0,0,0.999983,8.5e-05,5e-06,1e-06,0.0,0.0,3e-06,1e-06,0.38544,0.0
columbus-oh__21477__fov25px57.jpg,columbus-oh,21477,cDCJ8aQ2TN-IKp38XzSyMg,True,3.821377,0,0,0,0,0,0,0,0,1,0,3.1e-05,0.0,0.004406,3e-06,0.0,1e-06,9e-06,1e-06,0.882431,9.9e-05
columbus-oh__23342__fov25px57.jpg,columbus-oh,23342,KvWmGpENGvn_Gx40FBvcAA,False,75.199101,0,0,0,0,0,0,0,0,1,0,0.001557,0.000672,0.004862,0.000277,0.0,0.0,7e-06,1e-06,0.580367,1e-06
cdmx__1859__fov25px57.jpg,cdmx,1859,IgUnvQnBZzsXpqWh2Wrqvg,True,8.65098,1,1,0,0,0,1,0,0,1,0,1.0,0.460803,0.000142,0.00032,0.0,2.7e-05,3.7e-05,6e-06,2e-06,0.0
cdmx__29765__fov25px57.jpg,cdmx,29765,b7uB02LYwzrUQkDjTsy-Tg,False,373.11801,1,1,0,0,0,0,0,0,0,0,0.999995,0.999899,9.5e-05,4e-06,0.0,5.6e-05,4e-06,7e-06,8e-06,0.0
cdmx__6971__fov25px57.jpg,cdmx,6971,Mz0tWR657clSzppILtVirg,True,8.205144,1,1,0,0,0,1,0,0,1,0,0.933121,2.7e-05,0.000192,4.4e-05,0.0,0.0,0.0,1.6e-05,0.0,0.0
cdmx__6090__fov25px57.jpg,cdmx,6090,KibtUsU3jS20L5x2-urpug,False,29.584572,1,0,0,0,0,0,0,0,0,0,0.748803,0.0,0.242546,0.003253,0.0,0.664368,1.4e-05,5.7e-05,8.3e-05,0.0
cdmx__5430__fov25px57.jpg,cdmx,5430,O5rbq8ar-rJE6D3EHs0Wjw,True,0.44478,1,1,0,0,0,0,0,0,0,0,0.999968,0.999993,0.980667,0.000677,0.0,0.060512,3.5e-05,0.065586,7.3e-05,1e-06
cdmx__7539__fov25px57.jpg,cdmx,7539,M4pLkVSxexAPEOy50AB5fg,False,19.884274,1,0,0,0,0,1,0,0,0,0,0.999997,0.001147,0.103952,0.000139,0.0,4.3e-05,1.5e-05,0.80049,9e-06,0.0
cdmx__1778__fov25px57.jpg,cdmx,1778,xuJ-wS8Y-PLCe0zj-z-5fQ,True,4.902132,1,1,0,0,0,0,0,0,0,0,0.999997,0.99774,0.059595,9.4e-05,0.0,0.000241,0.000331,0.420215,0.001049,0.0
cdmx__6973__fov25px57.jpg,cdmx,6973,dFYBr0gwPdMr9TLImE_t0Q,True,8.20311,1,1,0,0,0,0,0,0,0,0,1.0,0.015554,7e-06,1.9e-05,0.0,1e-06,1e-06,0.0,9e-06,0.0
cdmx__1971__fov25px57.jpg,cdmx,1971,yMYej7LDBtAY-MDigTBgEw,True,9.566995,1,1,0,0,0,0,0,0,0,0,0.999999,0.177355,0.173838,0.0,0.0,0.000556,0.000246,1e-05,0.000277,0.0
cdmx__7146__fov25px57.jpg,cdmx,7146,Ag-BMp1odbvNhERojTjIKg,True,15.668964,1,0,0,0,0,0,0,0,0,0,0.974192,0.000184,0.000189,0.006346,0.0,1.3e-05,0.0,0.0,2.1e-05,0.0
cdmx__7501__fov25px57.jpg,cdmx,7501,ugCLiltlUMpbKshHVQAbbQ,True,9.022043,1,1,0,0,0,0,0,0,0,0,0.999997,0.256386,0.637493,0.000221,0.0,2.2e-05,1e-06,0.009545,3.3e-05,0.0
cdmx__33198__fov25px57.jpg,cdmx,33198,kPIB44Gme810d0q0yBRVTA,True,6.941282,1,0,0,0,0,0,0,0,0,0,0.999859,0.0,2e-06,1.8e-05,0.0,0.076875,0.0,0.0,8e-06,0.0
cdmx__5472__fov25px57.jpg,cdmx,5472,WESfkrhZ2TtHyU4sabJugQ,False,251.32816,1,0,0,0,0,0,0,0,0,0,1.0,4e-06,0.000852,0.005688,0.0,2e-06,1.2e-05,8.2e-05,1e-05,0.0
cdmx__1539__fov25px57.jpg,cdmx,1539,qpKptWVYEp1ZekyJmWlvkw,False,89.537546,1,0,0,0,0,0,0,0,1,0,1.0,0.812633,0.061536,0.281802,0.0,5e-06,0.00012,0.01256,0.011552,0.0
cdmx__4277__fov25px57.jpg,cdmx,4277,FjFx71Mhk-skHRV4I25adg,False,24.035658,1,0,0,0,0,0,0,0,0,0,0.999979,0.001209,1e-06,0.116353,0.0,2.4e-05,1e-06,0.008261,0.032518,0.0
cdmx__6697__fov25px57.jpg,cdmx,6697,mb2eCD7QGsOMcQ9QYsVhag,False,10.970213,1,0,0,0,0,0,0,0,0,0,0.999997,0.000282,0.000293,0.004264,0.0,2e-06,4e-06,0.001247,0.0,0.0
cdmx__7322__fov25px57.jpg,cdmx,7322,-KyEEOX5D_3XK0sID8dZFA,False,20.391203,1,0,0,0,0,0,0,0,0,0,0.999995,2e-06,1e-06,0.00445,0.0,1.9e-05,1e-06,0.000115,0.954408,0.0
cdmx__3843__fov25px57.jpg,cdmx,3843,cKF6WzO2WvQK5j2_nKI5qA,False,21.676137,1,0,0,0,0,0,0,0,0,0,0.999994,0.000451,1.7e-05,0.0,0.0,2e-06,1e-06,0.0,6e-06,0.0
cdmx__3568__fov25px57.jpg,cdmx,3568,Fa9ht3nv_i7AUJAW2j2Omw,True,0.845921,1,0,0,0,0,0,1,0,0,0,0.999991,2.9e-05,2e-05,2.1e-05,0.0,2e-06,6e-06,3e-06,1e-06,0.0
cdmx__5234__fov25px57.jpg,cdmx,5234,Y72zvl8VCbeq0ZkC8rmyJQ,True,9.862033,0,0,0,0,0,1,0,0,0,0,0.999943,0.855369,0.000301,1e-06,0.0,9e-05,2.9e-05,0.000336,1e-06,0.0
cdmx__4680__fov25px57.jpg,cdmx,4680,NdW-voqoWBU_cmoVSeJwpQ,False,56.351571,1,0,0,0,0,0,1,0,0,0,0.999984,0.006836,0.006308,0.000445,0.0,4.7e-05,0.129746,0.154549,0.001224,0.0
cdmx__1634__fov25px57.jpg,cdmx,1634,OADuUJs8jrxHbUovU1OJig,False,47.902134,1,0,0,0,0,0,0,0,0,0,1.0,4e-06,0.002388,1e-06,0.0,0.067921,2.4e-05,0.0,5.1e-05,0.0
cdmx__1635__fov25px57.jpg,cdmx,1635,OADuUJs8jrxHbUovU1OJig,False,47.035725,1,0,0,0,0,0,0,0,0,0,0.999978,7.2e-05,0.001538,1e-06,0.0,0.998364,2e-06,3e-06,3e-06,0.0
cdmx__33170__fov25px57.jpg,cdmx,33170,MpQn8UyLcYyb1CeY9Yg_mg,False,352.479278,1,1,0,0,0,0,0,0,0,0,0.999998,0.393907,0.001067,0.006635,0.0,0.003513,0.000429,0.946301,0.987207,2e-06
cdmx__4282__fov25px57.jpg,cdmx,4282,vfwkgH6Y82Po54QNkFqK6w,True,0.889561,1,0,0,0,0,1,0,0,0,0,0.998997,2e-06,0.0,4e-06,0.0,3e-06,1e-06,0.0,1e-06,0.0
cdmx__5396__fov25px57.jpg,cdmx,5396,_f5GJgMRsEppcV2Wl1cDNw,True,22.369319,1,0,0,0,0,0,0,0,0,0,0.26687,5e-06,0.0,0.0,0.0,0.0,1e-06,0.0,1e-06,0.0
cdmx__7281__fov25px57.jpg,cdmx,7281,y57jyjpRDZYzFrAqkluNHQ,False,41.85304,1,0,0,0,0,0,0,0,0,0,0.999999,0.006048,0.000481,0.042441,0.0,1.3e-05,1e-06,2.8e-05,6e-06,0.0
cdmx__5463__fov25px57.jpg,cdmx,5463,FcQKXUYVEWxdBccqq4S5gg,True,8.189251,1,0,0,0,0,1,0,0,0,0,0.999898,0.996346,0.383058,2.8e-05,0.0,0.999354,5.4e-05,0.133685,0.000106,2e-06
cdmx__7173__fov25px57.jpg,cdmx,7173,0riDvAGkklhFME8hVM3BjA,False,59.415857,1,0,0,0,0,0,1,0,0,0,0.999984,0.0,0.001009,0.036283,0.0,1e-06,0.000596,0.000144,0.000108,0.0
cdmx__7039__fov25px57.jpg,cdmx,7039,oCa9_H9dX8_OkvojwXu1tg,True,20.205745,1,1,0,0,0,0,1,0,1,0,0.999927,9e-06,0.0,0.429611,0.0,3e-05,4.3e-05,1e-06,1e-06,0.0
cdmx__7585__fov25px57.jpg,cdmx,7585,GL8Wnt2TH0KDjhxqd2zkgA,False,78.11591,1,0,0,0,0,1,0,0,0,0,0.090975,0.000106,0.000876,7e-05,0.0,1e-06,2e-06,1e-06,2e-06,0.0
cdmx__3533__fov25px57.jpg,cdmx,3533,KVfIR_w-Wny0J1z0WBSQ_g,False,18.987174,0,0,0,0,0,0,0,0,0,0,0.999976,0.000282,2.8e-05,5.8e-05,0.0,6e-06,1.4e-05,0.000839,4.2e-05,0.0
cdmx__5457__fov25px57.jpg,cdmx,5457,DrtEponIWgr1iPzfL1HLbg,True,0.22239,1,0,0,0,0,0,0,0,0,0,0.999994,0.877912,0.99408,0.000103,0.0,0.015805,0.000175,0.87166,0.000126,0.0
cdmx__5233__fov25px57.jpg,cdmx,5233,Y72zvl8VCbeq0ZkC8rmyJQ,True,0.22239,1,0,0,0,0,1,0,0,0,0,0.999995,0.977076,0.02976,0.000127,0.0,0.982108,4e-06,0.000199,3e-06,0.0
cdmx__4050__fov25px57.jpg,cdmx,4050,JNj4ZFEr5JDQPaUpcFjrXg,False,35.82588,1,0,1,0,0,0,0,0,0,0,1.0,0.125641,1e-06,6.7e-05,0.0,0.000285,0.0,1e-06,1e-06,0.0
cdmx__7794__fov25px57.jpg,cdmx,7794,rmga5JHwJjq9aDD918tAtg,False,174.824621,1,0,0,1,0,0,0,0,0,0,0.999854,0.681708,0.001323,7e-06,0.0,0.000532,1e-06,1.2e-05,0.0,0.0
cdmx__2929__fov25px57.jpg,cdmx,2929,pQ0buX-d0fb0fGqpZFnIDQ,True,7.043612,1,1,0,0,0,0,0,0,0,0,0.999986,0.001328,0.019307,0.0,0.0,0.703427,0.0,2.1e-05,0.0,0.0
cdmx__6132__fov25px57.jpg,cdmx,6132,DrtEponIWgr1iPzfL1HLbg,True,0.66717,1,1,0,0,0,0,0,0,0,0,0.999999,0.99959,0.097114,2.8e-05,0.0,0.039528,0.000179,0.044134,1e-05,0.0
cdmx__7279__fov25px57.jpg,cdmx,7279,bc9LjiuDxG__40N6TciYZw,False,36.656491,1,1,0,0,0,0,0,0,0,0,0.999993,3e-06,0.040615,0.028133,0.0,0.999548,2.5e-05,0.003212,3e-06,0.0
cdmx__7211__fov25px57.jpg,cdmx,7211,C-A23mGMUvWwOL9BJj8Ppg,True,15.209715,1,1,0,0,0,0,0,0,0,0,0.914327,1e-05,0.000276,0.000247,0.0,3e-06,2e-06,4e-06,6e-06,0.0
cdmx__307__fov25px57.jpg,cdmx,307,XMBmgTtUIVPlngowogy0tw,True,7.917952,1,1,1,0,0,0,0,0,0,0,1.0,0.071507,2e-06,0.022788,0.0,3.7e-05,2e-06,3e-06,2e-06,0.0
cdmx__2357__fov25px57.jpg,cdmx,2357,-CKUsR6x_gIfJTjychJ3nw,True,1.071585,1,0,0,0,0,0,0,0,0,0,0.010124,0.0,4e-06,0.0,0.0,0.009643,1e-06,0.0,0.0,0.0
cdmx__4009__fov25px57.jpg,cdmx,4009,QF-qLkE97X-l4HDWy85Z_g,True,5.559754,1,1,1,0,0,0,0,0,0,0,0.999976,0.097743,0.889995,6.3e-05,0.0,0.000228,7.8e-05,0.20935,1e-06,0.0
cdmx__2682__fov25px57.jpg,cdmx,2682,b1QjPczXh_7Sh7h56TMNYA,False,7.72222,1,0,0,0,0,1,0,0,0,0,0.907028,0.0,0.266338,0.00093,0.0,0.997791,0.001642,0.000124,0.000405,1e-06
cdmx__7513__fov25px57.jpg,cdmx,7513,KD0Us6QXgGWFzjGKhB36-w,False,52.00487,1,0,0,0,0,0,0,0,0,0,1.0,0.994514,0.000439,0.001682,0.0,0.000641,2e-06,1.4e-05,1e-06,0.0
cdmx__5892__fov25px57.jpg,cdmx,5892,DRHURA3Twsc0m35lI1cTww,False,12.838012,1,1,0,0,0,0,0,0,0,0,0.999998,0.149828,0.001263,2.1e-05,0.0,0.0,0.0,3e-06,0.00022,0.0
cdmx__7019__fov25px57.jpg,cdmx,7019,TvVnuM4gUJLK2qX2qITKeA,False,10.086452,1,0,1,0,0,0,0,0,0,0,0.008003,0.003185,8.6e-05,1.4e-05,0.0,1e-06,0.0,0.0,6e-06,0.0
cdmx__7396__fov25px57.jpg,cdmx,7396,wb0jqVIfI4lk3qkMksozEw,True,1.116881,1,1,0,0,0,0,0,0,0,0,1.0,0.901361,0.998402,4.5e-05,0.0,0.000255,1.1e-05,0.001879,0.001243,0.0
cdmx__2354__fov25px57.jpg,cdmx,2354,vZH3PXV4YPWqY-LYSSgrtQ,True,1.222496,1,0,0,0,0,1,0,0,0,0,0.073936,1.5e-05,9.8e-05,0.0,0.0,2e-06,4e-06,3e-06,0.0,0.0
cdmx__5443__fov25px57.jpg,cdmx,5443,waXbYpkvUtMnFVmt_rqvQw,False,5.267683,1,0,0,0,0,1,0,0,1,0,0.999801,0.001943,1.2e-05,0.174293,0.0,0.00132,0.000191,4.3e-05,0.001149,0.0
cdmx__1209__fov25px57.jpg,cdmx,1209,Qqce-H22M8HqzSsYEJ9gMQ,True,0.44478,1,0,0,0,0,0,0,0,0,0,0.999996,0.009518,4e-06,2.2e-05,0.0,4e-06,0.0,4e-05,0.0,0.0
cdmx__6317__fov25px57.jpg,cdmx,6317,eJ-blVjWZj_0CeNBiN3S9Q,True,8.159017,1,1,0,0,0,0,0,0,0,0,0.999973,0.999936,0.926299,0.000178,0.0,0.599185,1.8e-05,0.877782,0.001573,3e-06
cdmx__4409__fov25px57.jpg,cdmx,4409,fmZdzKxLBzRuvrDLfYpFPw,False,1.334341,1,1,0,0,0,1,0,0,0,0,1.0,0.508889,0.000112,0.000106,0.0,0.902093,0.000312,0.000508,3e-06,0.0
spgg__87098__fov25px57.jpg,spgg,87098,64rXqq1RXylxweirL5Jzhw,True,8.18909,1,1,0,0,0,0,0,0,0,0,0.999998,0.000922,2e-06,6e-06,0.0,0.0,2e-06,1e-06,0.000114,0.0
spgg__8__fov25px57.jpg,spgg,8,VHdlsAGErHcz9AEDqIExBg,True,15.388468,1,0,0,0,0,0,0,0,1,0,0.973183,4e-06,0.0,1e-06,0.0,0.049243,1e-06,0.0,5e-06,0.0
spgg__5602__fov25px57.jpg,spgg,5602,glf2MUqeoGzwSx5iCawwfA,True,2.89321,1,0,0,0,0,1,0,0,0,0,0.997752,0.0,0.000866,3.3e-05,0.0,0.00043,2e-06,6e-06,1e-06,0.0
spgg__77275__fov25px57.jpg,spgg,77275,PlPkbmIFVdV-gz77TyFfbQ,False,22.799001,1,1,0,0,0,0,0,0,0,0,0.999982,0.999834,0.000403,6e-06,0.0,2e-06,2e-06,6.6e-05,0.00012,0.0
spgg__76308__fov25px57.jpg,spgg,76308,DeTaKaV-sduXxQ6S06YDIg,True,10.927811,1,1,1,0,0,0,0,0,0,0,1.0,0.075554,0.001761,0.000463,0.0,0.002098,0.0,1e-06,0.0,0.0
spgg__83666__fov25px57.jpg,spgg,83666,l-m0dscGN-E3kcGFLNNh5Q,True,19.935765,1,0,0,0,0,0,0,0,0,0,0.999969,0.000687,0.016757,1.5e-05,0.0,5e-06,0.0,3.7e-05,0.0,0.0
spgg__27682__fov25px57.jpg,spgg,27682,ALOs1-eZlwdjxSd1E1sB0g,False,12.544267,1,1,0,0,0,0,0,0,0,0,0.999977,0.99699,2e-06,5.1e-05,0.0,2e-06,0.000153,6e-06,0.000597,0.0
spgg__55241__fov25px57.jpg,spgg,55241,tK3c6HqbTuM0bzq82T5-uQ,False,21.708747,1,0,0,0,0,0,0,0,0,0,0.82953,9.3e-05,0.0,0.0,0.0,0.001549,1e-06,0.0,0.0,0.0
spgg__8682__fov25px57.jpg,spgg,8682,m4nhLHZbG49_nNhidPUqSA,False,14.51505,1,1,0,0,0,0,0,0,0,0,0.963358,0.008308,0.0,3.5e-05,0.0,0.0,1e-06,0.0,1e-06,0.0
spgg__3641__fov25px57.jpg,spgg,3641,rsFaWeMYuWhXDhgpF8RYoQ,False,2.593045,1,1,0,0,0,0,0,0,0,0,0.994546,0.679651,1e-06,1e-06,0.0,0.0,1e-06,1e-06,0.0,0.0
spgg__20145__fov25px57.jpg,spgg,20145,66GfHGTfiuuRVN0wc6kIAg,False,360.919475,1,0,0,0,0,1,0,0,1,0,0.999998,0.000313,0.0,3e-05,0.0,0.09142,2e-06,0.0,2.6e-05,0.0
spgg__6320__fov25px57.jpg,spgg,6320,arefOTN7Th4QH3mLIQ64eQ,False,97.695675,1,1,0,0,0,0,0,0,0,0,0.99997,0.999959,0.041083,3e-05,0.0,0.00068,5e-06,0.106323,2e-06,0.0
spgg__62876__fov25px57.jpg,spgg,62876,ZswQ9M3ruOtjXejb6JZK5g,False,90.123519,1,1,0,0,0,0,0,0,0,0,1.0,0.390048,0.000711,2.5e-05,0.0,0.000841,3e-06,5e-05,0.0,0.0
spgg__42225__fov25px57.jpg,spgg,42225,GbTw_-bpHZwPWNG_jPZ4RQ,False,29.570108,1,0,0,0,0,0,0,0,0,0,0.999979,0.033202,3.8e-05,0.000152,0.0,0.0,0.000667,6.7e-05,0.000229,0.0
spgg__51279__fov25px57.jpg,spgg,51279,eHDN6ax0V8rk4g4TbKCPUw,False,183.358535,1,0,0,0,0,0,0,0,0,0,0.996774,0.004327,1.3e-05,0.000246,0.0,6e-06,0.0,1e-06,0.000227,0.0
spgg__85627__fov25px57.jpg,spgg,85627,6x2ldIYq1gYxkERmK4JGOQ,False,424.944632,1,0,0,0,0,0,0,0,0,0,0.537741,1.9e-05,1e-06,0.0,0.0,3e-06,0.0,0.0,0.0,0.0
spgg__23134__fov25px57.jpg,spgg,23134,Ea9dd3HWZeoMEVhoCY1pFA,False,143.798657,1,0,0,0,0,1,0,0,0,0,0.999791,0.988214,0.00215,0.0,0.0,0.889237,2e-06,0.00046,0.000246,0.0
spgg__76442__fov25px57.jpg,spgg,76442,x0gFrY9iAm-Pg_7rEI3IUw,False,127.282312,1,1,1,0,0,0,0,0,1,0,0.999999,0.669143,0.75367,0.000605,0.0,3e-06,2e-06,5.3e-05,0.458302,0.0
spgg__53907__fov25px57.jpg,spgg,53907,V4F2CjYf3n5i_ItfJoBHFg,True,16.264805,1,0,0,0,0,1,0,0,0,0,0.992727,1.7e-05,0.0,1e-06,0.0,1e-06,2e-06,0.0,0.0,0.0
spgg__18852__fov25px57.jpg,spgg,18852,vUkZr2A-kG3Go8VtNpMk_g,False,282.719819,1,0,0,0,0,0,0,0,0,0,0.014348,7.7e-05,5e-06,0.0,0.0,0.0,1e-06,1e-06,0.000197,0.0
spgg__6275__fov25px57.jpg,spgg,6275,rayfRMi7daH5adHoNz4H4A,True,10.486456,1,0,0,0,0,0,0,0,0,0,0.999999,1e-06,0.0,0.000648,0.0,0.000367,2e-06,0.0,0.0,0.0
spgg__13708__fov25px57.jpg,spgg,13708,caDEALRILL1JO_oGTidUrw,True,0.22239,1,1,1,0,0,0,0,0,0,0,0.999992,0.997769,0.024552,3e-06,0.0,1e-06,4e-06,1e-06,0.001653,0.0
spgg__3283__fov25px57.jpg,spgg,3283,DNc-mB5KLevdExplTtnVqw,False,11.600128,1,0,0,0,0,1,0,0,0,0,0.995933,1e-06,1e-06,0.086731,0.0,0.000847,0.0,2e-06,0.0,0.0
spgg__63025__fov25px57.jpg,spgg,63025,A96HtypEkdhY6H6r9CFHaw,False,20.412779,1,0,0,0,0,0,0,0,0,0,0.99364,0.0,1.1e-05,9e-06,0.0,0.0,1e-06,0.0,4e-06,0.0
spgg__90437__fov25px57.jpg,spgg,90437,F-v2AUVZgnpZm0s8UzhkYQ,True,4.929253,1,0,0,1,0,0,0,1,1,0,0.999834,0.006221,1e-06,9.9e-05,0.0,0.865119,2e-06,0.0,2e-06,0.0
spgg__36051__fov25px57.jpg,spgg,36051,lFPmpRMMxR84cd6Tkju-Tg,False,103.802816,1,0,0,1,0,1,0,0,0,0,1.0,0.079912,0.011073,0.980867,0.0,5e-06,0.000115,0.001682,0.003154,0.0
spgg__90517__fov25px57.jpg,spgg,90517,KmxCR8i_nxVlYWxgCBPdaA,False,152.962707,1,0,0,0,0,0,0,0,0,0,1.0,0.00455,5e-06,0.000772,0.0,0.0,3e-06,2e-06,3e-05,0.0
spgg__15080__fov25px57.jpg,spgg,15080,DMr9KoCRQTxInfcDAAcK-w,False,5.866838,1,1,0,0,0,0,0,0,0,0,0.99971,0.999916,0.021549,0.000185,0.0,5e-06,0.000247,0.000135,0.0,0.0
spgg__4047__fov25px57.jpg,spgg,4047,rdK3vFablWDEvrOta7fVBw,False,2.433006,1,1,0,0,0,0,0,0,0,0,0.999426,0.967458,1e-05,1e-06,0.0,1e-06,0.0,2e-06,4e-06,0.0
spgg__58208__fov25px57.jpg,spgg,58208,wzEj0WkI59UEReNuXAzSVg,False,145.576979,1,0,0,0,0,0,0,1,0,0,0.999994,0.003361,0.003432,0.0,0.0,0.639227,1e-06,0.004006,0.000622,0.0
spgg__76124__fov25px57.jpg,spgg,76124,8CsGRVs0Eov-pUK0lDePzA,False,69.316663,1,1,0,0,0,0,0,0,1,0,0.999941,4e-05,0.002505,0.000836,0.0,0.018738,0.008743,1.5e-05,0.01736,0.0
spgg__19013__fov25px57.jpg,spgg,19013,Z9zSx043n1TWmjwNBN_dqA,False,0.22239,1,1,0,0,0,0,0,0,0,0,0.999545,0.052749,6.9e-05,0.0,0.0,0.0,0.0,0.0,5e-06,0.0
spgg__86985__fov25px57.jpg,spgg,86985,_jYy4KOydCkssJAo7uiKNQ,False,0.889561,1,1,0,0,0,0,0,0,0,0,1.0,0.004288,9.1e-05,6.7e-05,0.0,0.003405,0.0,0.0,0.000123,0.0
spgg__18474__fov25px57.jpg,spgg,18474,74WZKqBUrz6L_SPvDCJs_w,False,82.08794,1,0,0,0,0,0,0,1,0,0,1.0,0.415967,0.000128,0.001912,0.0,0.000369,1e-05,0.004545,3e-06,0.0
spgg__19009__fov25px57.jpg,spgg,19009,Z9zSx043n1TWmjwNBN_dqA,False,14.884318,1,1,1,0,0,0,0,0,1,0,0.999999,0.990422,0.000356,0.000175,0.0,0.000236,0.000344,0.135983,0.947767,0.0
spgg__56557__fov25px57.jpg,spgg,56557,vVTguwsOA893t50Z_roKkQ,False,177.374913,1,0,0,0,0,1,0,0,0,0,0.999996,6.4e-05,5e-06,0.0,0.0,0.000288,0.0,0.0,1e-06,0.0
spgg__51275__fov25px57.jpg,spgg,51275,culI_Ac11EhES2NBtZPdkA,False,180.501604,1,0,0,0,0,0,0,0,0,0,1.0,4e-06,0.000123,0.000357,0.0,0.001777,1e-06,2.1e-05,9.3e-05,0.0
spgg__54483__fov25px57.jpg,spgg,54483,lB2jZtar4zJesyDrVfEI-A,True,10.752075,1,0,0,0,0,0,0,0,0,0,0.999999,0.043615,2.5e-05,6.4e-05,0.0,0.869262,0.0,4e-06,4e-06,0.0
spgg__47224__fov25px57.jpg,spgg,47224,oLPo5wYhR9ytOyi-7qVvKw,False,85.240279,1,0,0,0,0,0,0,0,0,0,0.999559,1.2e-05,0.000112,0.038533,0.0,0.0,4e-06,2.4e-05,1e-06,0.0
spgg__11017__fov25px57.jpg,spgg,11017,EyaBhzbX2UQbOY58Gz1wLg,False,58.153435,1,1,0,0,0,1,0,0,0,0,0.999998,0.999948,0.010205,7e-06,0.0,5.1e-05,0.000123,2e-05,2e-06,0.0
spgg__68708__fov25px57.jpg,spgg,68708,tQYcQbZbzm2hh2GAX_kt0w,False,253.867717,1,0,0,0,0,0,0,0,0,0,0.999981,0.05089,2.1e-05,0.0,0.0,2e-06,2e-06,4e-06,0.0,0.0
spgg__4203__fov25px57.jpg,spgg,4203,rLdmFk8-skDH8qL96NE38g,True,10.019335,1,0,0,0,0,1,0,0,0,0,1.0,0.030674,0.001397,2e-06,0.0,0.011451,3e-06,6e-06,2e-06,0.0
spgg__51820__fov25px57.jpg,spgg,51820,fZSZgfOnoRWdP1OCj-l3YA,True,1.151889,1,1,0,0,0,1,1,0,0,0,0.999994,0.998788,6.7e-05,4.7e-05,0.0,0.261534,2e-06,0.0,0.000204,0.0
spgg__61335__fov25px57.jpg,spgg,61335,murPSsx_66TQm7OZs3aItg,False,1.70773,1,0,0,0,0,0,0,0,0,0,0.999968,0.977452,0.000111,0.000247,0.0,0.0,1e-06,2e-06,0.000131,0.0
spgg__40454__fov25px57.jpg,spgg,40454,4vKQQIBpFxbWJKAc6z_Cng,True,1.344931,1,1,1,0,0,0,0,0,0,0,0.999952,0.797874,0.999164,8.4e-05,0.0,0.002329,4e-06,9.1e-05,2.6e-05,0.0
spgg__23146__fov25px57.jpg,spgg,23146,mRDxLly8arBDExh98zxNjw,False,16.178102,1,0,0,0,0,0,0,0,0,0,0.999998,0.015925,0.0,0.035861,0.0,1e-06,1.1e-05,3.8e-05,2e-06,0.0
spgg__16146__fov25px57.jpg,spgg,16146,V4F2CjYf3n5i_ItfJoBHFg,True,5.638416,1,1,0,0,0,0,0,0,0,0,0.999992,0.749964,0.0,2.6e-05,0.0,0.0,1e-06,1e-06,1e-06,0.0
spgg__35340__fov25px57.jpg,spgg,35340,oK4JnqWvXxVqQNIC0LVWFg,False,149.493651,1,1,1,0,0,0,0,0,0,0,0.999996,0.135426,1.7e-05,0.0,0.0,9e-06,4e-06,0.0,7.5e-05,0.0
pittsburgh-pa__1741__fov25px57.jpg,pittsburgh-pa,1741,Gu6zQxnXrIupqMdlWPqWhA,False,37.95824,0,0,0,0,0,1,0,0,0,0,0.000153,0.0,0.0,8e-06,0.0,0.000113,5e-06,0.0,0.0,0.0
pittsburgh-pa__5506__fov25px57.jpg,pittsburgh-pa,5506,69EISOARbWxJHzQhhBtw-A,False,19.618468,0,0,0,0,0,1,0,0,0,0,5e-06,1e-06,2e-06,0.0,0.0,7.5e-05,1e-06,0.0,0.0,0.0
pittsburgh-pa__13000__fov25px57.jpg,pittsburgh-pa,13000,7oqOFSfEMw6Zavq_dkDOFQ,False,2.003299,0,0,0,0,0,1,0,0,1,0,1e-06,1e-06,1e-06,1e-06,0.0,0.005094,2e-06,0.0,8.8e-05,0.0
pittsburgh-pa__15113__fov25px57.jpg,pittsburgh-pa,15113,v1FyhcV5G9HBh70KUjoFEA,True,12.079587,1,0,0,0,0,1,0,0,0,0,0.999739,1e-06,0.0,2e-06,0.0,0.992709,0.0,0.0,3e-06,0.0
pittsburgh-pa__15457__fov25px57.jpg,pittsburgh-pa,15457,-wmfXwTcelhjqycz52u8nw,False,99.800381,0,0,0,0,0,0,0,0,0,0,0.999883,1e-06,0.0,0.0,0.0,0.001394,2e-06,0.0,0.0,0.0
pittsburgh-pa__8580__fov25px57.jpg,pittsburgh-pa,8580,CnEuatR9L730I8kgRg_Ttg,True,10.747973,0,0,0,0,0,1,0,0,0,0,0.0,0.005419,1e-06,1e-06,0.0,0.000708,3.6e-05,0.0,2.3e-05,9e-06
pittsburgh-pa__15046__fov25px57.jpg,pittsburgh-pa,15046,1wIAf8raW4T_jyT13Zjq5g,True,6.273313,1,0,0,0,0,0,0,0,0,0,0.999222,3e-05,1e-06,1e-06,0.0,4.7e-05,1e-06,0.0,1e-06,0.0
pittsburgh-pa__16497__fov25px57.jpg,pittsburgh-pa,16497,bmHJPjGBMifJL3CddU6S0A,True,21.987669,0,0,0,0,0,0,0,0,0,0,4e-06,1e-06,4e-06,3e-06,0.0,6e-06,7.6e-05,0.0,4e-06,0.0
pittsburgh-pa__16255__fov25px57.jpg,pittsburgh-pa,16255,f-UkeekjzUMRchu5Sma1zg,True,2.007868,0,0,0,0,0,0,0,0,0,0,0.001749,0.0,0.0,2e-06,0.0,4.3e-05,1.1e-05,0.0,0.0,0.0
pittsburgh-pa__5831__fov25px57.jpg,pittsburgh-pa,5831,n30zdQ2dKioBTCJ4j39Jqw,False,1.23241,0,1,0,0,0,0,1,0,1,0,0.000176,0.034591,0.000102,6e-06,0.0,0.0,7.4e-05,4.3e-05,0.001422,0.0
pittsburgh-pa__10291__fov25px57.jpg,pittsburgh-pa,10291,BiG67bFv-tVJJS8t6JfIEA,False,8.755267,0,0,0,0,0,1,0,0,0,0,1e-06,1e-06,5e-06,1e-06,0.0,0.000174,4e-06,0.0,0.0,1e-06
pittsburgh-pa__15482__fov25px57.jpg,pittsburgh-pa,15482,-wmfXwTcelhjqycz52u8nw,False,87.680669,0,0,0,0,0,0,0,0,0,0,2e-06,0.0,6.4e-05,1e-06,0.0,1e-06,1e-06,0.0,7.3e-05,6.8e-05
pittsburgh-pa__15299__fov25px57.jpg,pittsburgh-pa,15299,2cq94yGG1hPv7L9d5dVgqQ,False,39.755629,0,0,0,0,0,1,0,0,0,0,0.004603,0.0,0.0,0.0,0.0,0.000512,1e-06,0.0,3e-06,0.0
pittsburgh-pa__15136__fov25px57.jpg,pittsburgh-pa,15136,P1diyeiFyCDpGEvhKG-FxQ,False,55.524696,0,0,0,0,0,0,0,0,0,0,1e-05,0.0,2.9e-05,0.000581,0.0,4e-06,1.7e-05,0.0,7.3e-05,1e-06
pittsburgh-pa__14902__fov25px57.jpg,pittsburgh-pa,14902,pjGLfaJ5EjFwpPSp9lJUXg,True,8.343496,1,0,0,0,0,0,0,0,0,0,0.000211,0.0,0.002008,0.0,0.0,2.1e-05,0.0,0.0,0.0,0.0
pittsburgh-pa__11979__fov25px57.jpg,pittsburgh-pa,11979,9H9RIt3yp3Op6NNagKpH6A,True,11.043129,1,0,1,0,0,0,0,0,1,0,0.861291,5.9e-05,6.7e-05,1.9e-05,0.0,0.0,1e-06,0.0,0.358716,0.0
pittsburgh-pa__2543__fov25px57.jpg,pittsburgh-pa,2543,nGGgng8oZbxEkk1YTcjbbg,False,94.18764,1,0,0,0,0,1,0,0,0,0,0.015471,0.0,0.0,0.0,0.0,1e-06,1e-06,0.0,1e-06,0.0
pittsburgh-pa__15230__fov25px57.jpg,pittsburgh-pa,15230,Do80e6izaRVslWjboCTniQ,True,5.39223,0,0,0,0,0,0,0,0,0,0,0.0,1e-06,1e-06,0.0,0.0,0.0,3e-06,0.0,0.0,3.5e-05
pittsburgh-pa__15257__fov25px57.jpg,pittsburgh-pa,15257,YFqXsfjRBJNnmySjKcgq3Q,True,9.573754,0,0,0,0,0,0,0,0,0,0,3e-06,1.6e-05,0.000115,0.0,0.0,2e-06,1e-06,0.0,3e-06,0.0
pittsburgh-pa__5314__fov25px57.jpg,pittsburgh-pa,5314,9IuhdsfBnHjKx_w_eClm-w,False,198.868374,1,0,0,0,0,1,0,0,0,0,0.999888,1e-06,1e-06,1.1e-05,0.0,1e-05,0.0,0.0,0.0,0.0
pittsburgh-pa__9011__fov25px57.jpg,pittsburgh-pa,9011,63Z3mnp-FR2f0rqYDLF-UQ,False,105.785538,0,0,0,0,0,1,0,0,0,0,0.0,1e-06,6e-06,2e-06,0.0,0.00341,3e-06,0.0,0.0,8e-06
pittsburgh-pa__16480__fov25px57.jpg,pittsburgh-pa,16480,MqGNbvTrd5xtgQbrQ3U4WA,False,250.275485,0,0,0,0,0,1,0,0,1,0,1e-06,2.9e-05,0.013246,0.0,0.0,0.0,3e-06,0.0,7.2e-05,0.0
pittsburgh-pa__14275__fov25px57.jpg,pittsburgh-pa,14275,lk637cR9YnFdyt9bDjrhHA,False,63.702774,0,0,0,0,0,0,0,0,0,0,0.503782,2e-06,4e-06,0.0,0.0,2e-06,0.0,0.0,1e-06,0.0
pittsburgh-pa__15872__fov25px57.jpg,pittsburgh-pa,15872,u71TJD4XLT5PDn14_4wrFw,False,53.671828,0,0,0,0,0,0,0,0,0,0,5e-06,0.0,2e-06,2e-06,0.0,4.4e-05,5e-06,0.0,1e-06,1e-06
pittsburgh-pa__8175__fov25px57.jpg,pittsburgh-pa,8175,cUJP1GfrVkuTMooUOYGVSA,False,204.066645,1,0,0,0,0,0,1,0,1,0,0.949823,0.00014,0.000793,0.000821,0.0,0.055769,0.014673,3.2e-05,0.999999,5.7e-05
pittsburgh-pa__9715__fov25px57.jpg,pittsburgh-pa,9715,qx0pXFEGCYiKwqDyiPpP1w,False,47.256142,0,0,0,0,0,0,0,0,0,0,3e-06,0.0,1e-06,8e-06,0.0,3e-06,1e-06,0.0,2e-06,0.0
pittsburgh-pa__15154__fov25px57.jpg,pittsburgh-pa,15154,UpuGam0TnIRBxp8KRFRriA,False,169.733755,0,0,0,0,0,0,0,0,0,0,7.7e-05,0.0,1e-06,0.0,0.0,2e-06,1.4e-05,0.0,0.001097,3e-06
pittsburgh-pa__9042__fov25px57.jpg,pittsburgh-pa,9042,Pu6rYqLIgVCzempK5aFWqQ,False,170.762258,0,0,0,0,0,0,0,0,0,0,0.999756,0.0,0.000696,0.0,0.0,0.0005,1e-06,0.0,1e-06,0.0
pittsburgh-pa__14141__fov25px57.jpg,pittsburgh-pa,14141,_Mt9ix_Zu-qp0UFD8-Pbnw,False,232.52143,1,0,0,0,0,0,0,0,0,0,3.7e-05,9.7e-05,0.0,1e-05,0.0,0.959133,2.1e-05,0.0,2.4e-05,1e-06
pittsburgh-pa__10558__fov25px57.jpg,pittsburgh-pa,10558,j3-I4h8HTs9elEZ_Q1xohg,False,110.862349,1,0,0,0,0,0,0,0,0,0,1.0,0.281559,0.0,0.00024,0.0,0.61638,9e-06,1.1e-05,6e-06,0.0
pittsburgh-pa__11585__fov25px57.jpg,pittsburgh-pa,11585,f9BBZlgd0N4C3DObuACqEQ,False,52.446652,0,0,0,0,0,0,0,0,0,0,2e-06,0.0,0.0,2e-06,0.0,6e-06,0.0,0.0,4.5e-05,2e-06
pittsburgh-pa__15317__fov25px57.jpg,pittsburgh-pa,15317,Mj04PjnuSoqJk_j1ErfxDA,True,7.317956,0,0,0,0,0,1,0,0,0,0,0.000203,6e-06,0.0,1e-06,0.0,1e-06,3e-06,0.0,0.0,0.0
pittsburgh-pa__1014__fov25px57.jpg,pittsburgh-pa,1014,8AmDJiXJO7SH3A5R3OPBFw,True,13.288599,0,0,0,0,0,0,0,0,0,0,3e-06,0.0,1e-06,1e-06,0.0,0.0,3e-06,0.0,7e-06,1e-06
pittsburgh-pa__10762__fov25px57.jpg,pittsburgh-pa,10762,P_vyFB9WqLyY_JUop7Hglg,False,65.473122,1,0,0,0,0,1,0,0,0,0,1.0,1e-06,1.7e-05,0.000361,0.0,0.053138,3e-06,2e-06,6.6e-05,0.0
pittsburgh-pa__11720__fov25px57.jpg,pittsburgh-pa,11720,EenZUABka0bUGSAeJAJYVA,False,265.72755,1,0,0,0,0,0,0,0,0,0,1.0,2e-05,0.028848,0.000331,0.0,0.000645,0.000222,0.000211,0.012862,0.0
pittsburgh-pa__10683__fov25px57.jpg,pittsburgh-pa,10683,uZH1CtW16BH8CFS_fGgkyw,False,59.170923,1,0,0,0,0,0,0,0,0,0,0.989668,1e-06,4e-06,1e-06,0.0,0.0,0.000114,0.0,2e-06,0.0
pittsburgh-pa__11053__fov25px57.jpg,pittsburgh-pa,11053,fBxoe6v0MkqZHiIWPfXCnA,False,299.860855,0,0,0,0,0,0,0,0,0,0,1e-06,0.018788,1e-06,5e-06,0.0,0.149479,9e-06,2e-06,5e-06,5.7e-05
pittsburgh-pa__10737__fov25px57.jpg,pittsburgh-pa,10737,8FoGEhuhmbcsCXzZgvjQRA,False,73.793103,0,0,0,0,0,0,0,0,0,0,2e-06,0.0,2.2e-05,3.5e-05,0.0,3e-06,3e-06,0.0,2e-06,1e-06
pittsburgh-pa__16258__fov25px57.jpg,pittsburgh-pa,16258,VmhlVUEPcOg2_pY6Hkokrg,False,4.117697,0,0,0,0,0,0,0,0,0,0,0.0,4e-06,2e-06,2e-06,0.0,1e-06,2e-06,0.0,6e-06,1e-06
pittsburgh-pa__3943__fov25px57.jpg,pittsburgh-pa,3943,9kKKTY9Q-et7VGQsbjcnEQ,False,220.806998,0,0,0,0,0,0,0,0,0,0,0.000237,7.1e-05,0.0,1e-06,0.0,9e-06,2e-06,4e-06,0.0,1e-06
pittsburgh-pa__1458__fov25px57.jpg,pittsburgh-pa,1458,4yMkBkj_nLOQh6Bh4aB_pg,False,69.61956,1,0,0,0,0,0,0,0,0,0,0.472099,0.0,3e-06,3e-06,0.0,6.6e-05,0.0,0.0,0.0,0.0
pittsburgh-pa__13280__fov25px57.jpg,pittsburgh-pa,13280,w0o84dfoe57kN_PlDiBNTw,True,0.905526,1,0,0,0,0,0,0,0,1,0,1.0,2.8e-05,1.5e-05,1.8e-05,0.0,0.000633,2e-06,2.6e-05,2.2e-05,0.0
pittsburgh-pa__5434__fov25px57.jpg,pittsburgh-pa,5434,Pqy6W8YkpzymaNBRGV2n7A,True,10.163266,1,0,0,0,0,0,0,0,0,0,0.998746,0.0,1e-06,0.0,0.0,9.4e-05,0.0,0.0,0.0,0.0
pittsburgh-pa__12806__fov25px57.jpg,pittsburgh-pa,12806,8tBEfkIWcXJdKvxfYz53Pg,False,162.514953,0,0,0,0,0,1,0,0,0,0,0.002975,0.0,0.0,0.0,0.0,0.006755,1e-06,0.0,0.0,0.0
pittsburgh-pa__4545__fov25px57.jpg,pittsburgh-pa,4545,vq0kRmOQOYgTSMlbfVx5Hg,False,143.453012,0,0,0,0,0,0,0,0,0,0,0.726785,1e-06,1.1e-05,0.0,0.0,0.0,1e-06,0.0,0.000924,0.0
pittsburgh-pa__12003__fov25px57.jpg,pittsburgh-pa,12003,lS2hYJZroF5wCwg6SnJs1g,True,9.313514,0,0,0,0,0,0,0,0,0,0,0.0,5e-06,0.0,1e-06,0.0,0.000358,1e-06,0.0,1e-06,2e-06
pittsburgh-pa__15952__fov25px57.jpg,pittsburgh-pa,15952,4FEMW2QMelUzl1Kon6a1Qw,False,17.73237,0,0,0,0,0,1,0,0,0,0,0.0,4e-06,0.002192,1e-06,0.0,0.004235,1e-06,0.0,9e-06,1e-06
pittsburgh-pa__12907__fov25px57.jpg,pittsburgh-pa,12907,2Y2JpVKfwpc2Hw1vFUf2fQ,False,93.706117,1,0,0,0,0,0,0,0,1,0,0.999997,0.0,0.0,0.02584,0.0,0.000723,1e-06,1e-06,1e-05,0.0
pittsburgh-pa__10316__fov25px57.jpg,pittsburgh-pa,10316,ek5pPfNQeogxt5pB7Qnf-Q,False,4.210722,0,0,0,0,0,0,0,0,0,0,1e-06,2.1e-05,3e-06,1e-06,0.0,3.3e-05,2e-06,0.0,0.0,0.0
pittsburgh-pa__8093__fov25px57.jpg,pittsburgh-pa,8093,zbEUokd01oanpHZ6oI6t7g,False,52.318787,1,0,0,1,0,0,0,0,1,0,0.999985,0.006307,0.000167,0.000294,0.0,0.000585,0.001509,0.01843,0.999915,2e-06
pittsburgh-pa__3820__fov25px57.jpg,pittsburgh-pa,3820,qkjP0sWyixi2UBCVfkXPLg,False,121.455645,1,0,0,0,0,0,0,0,0,0,0.999968,1.3e-05,0.000266,4e-06,0.0,0.0,1.4e-05,0.0,1e-06,0.0
pittsburgh-pa__15866__fov25px57.jpg,pittsburgh-pa,15866,3w-mqAMhiWl1yYF0zlOLtA,False,39.917029,1,0,0,1,0,0,0,0,0,0,0.999995,9e-06,0.0,1e-06,0.0,0.000277,2e-06,0.0,8e-06,0.0
pittsburgh-pa__2419__fov25px57.jpg,pittsburgh-pa,2419,q7CUQLpjNuYOu5oOeFUSRQ,True,12.216469,0,0,0,0,0,0,0,0,0,0,9e-06,0.0,1e-06,0.0,0.0,2.7e-05,1e-06,0.0,0.0,0.0
pittsburgh-pa__15998__fov25px57.jpg,pittsburgh-pa,15998,ieG13pfeRPOXe6RJY_LRAA,True,4.151599,1,0,0,1,0,0,0,0,0,0,0.999997,0.190635,0.0,2.6e-05,0.0,8e-06,4e-06,0.0,1e-06,0.0
pittsburgh-pa__14528__fov25px57.jpg,pittsburgh-pa,14528,Xzkv8Vsm3Ix78lWW9dSMNg,False,14.298673,1,0,1,0,0,0,0,0,0,0,0.999868,0.0,0.0,1e-06,0.0,0.567304,1e-06,0.0,3.9e-05,0.0
pittsburgh-pa__15848__fov25px57.jpg,pittsburgh-pa,15848,bjiT0omGT4GgFiGXqq2YHw,False,160.987627,0,0,0,0,0,0,0,0,0,0,0.665845,0.0,1e-06,0.0,0.0,4.7e-05,1e-06,0.0,1.3e-05,0.0
pittsburgh-pa__3819__fov25px57.jpg,pittsburgh-pa,3819,qkjP0sWyixi2UBCVfkXPLg,False,129.626532,1,0,0,0,0,0,0,0,1,0,1.0,1e-06,2e-06,0.028074,0.0,5.5e-05,0.002803,5e-06,0.058109,0.0
pittsburgh-pa__6051__fov25px57.jpg,pittsburgh-pa,6051,o7AcRmrIp22NQApouTRJ-g,False,8.630352,0,0,0,0,0,1,0,0,0,0,8e-06,0.0,0.000397,0.0,0.0,2e-05,4e-06,0.0,1e-06,0.0
pittsburgh-pa__16043__fov25px57.jpg,pittsburgh-pa,16043,7iJ4Db_x-e6tgoRL8yzoUQ,False,177.171184,1,0,0,0,0,0,0,0,0,0,1.0,2.3e-05,0.0,0.000685,0.0,0.045702,1e-06,0.0,0.000814,0.0
pittsburgh-pa__15288__fov25px57.jpg,pittsburgh-pa,15288,7cm5Gdu4ijGM699tNOGmHA,True,6.85851,0,0,0,0,0,0,0,0,0,0,0.000483,0.0,4e-06,2.8e-05,0.0,1e-06,1e-06,0.0,0.0,0.0
pittsburgh-pa__15075__fov25px57.jpg,pittsburgh-pa,15075,kMXuynQ9u4hIhJ7tzoC_mg,False,291.816199,0,0,1,0,0,0,0,0,0,0,4.1e-05,0.0,0.0,0.0,0.0,0.299034,8e-06,0.0,4.3e-05,1e-06
pittsburgh-pa__5757__fov25px57.jpg,pittsburgh-pa,5757,k-aFlOo9pt7nnL0M5wkxhw,False,222.751752,0,0,0,0,0,0,0,0,0,0,0.0,0.0,1e-06,2e-06,0.0,0.0018,1e-06,0.0,6e-06,3e-06
pittsburgh-pa__14504__fov25px57.jpg,pittsburgh-pa,14504,-rPfxRsIp9NFeMyfCeFyPA,True,7.224355,0,0,1,0,0,0,1,0,1,0,1e-06,1e-06,1e-06,2e-06,0.0,0.0,8e-06,0.0,0.005873,3e-06
pittsburgh-pa__11986__fov25px57.jpg,pittsburgh-pa,11986,0hJvPQfkpU7wZnO-EO7mRQ,False,149.142853,0,0,0,0,0,1,0,0,0,0,0.0,0.0,1e-06,1.1e-05,0.0,4e-06,1e-06,0.0,0.0,3e-06
pittsburgh-pa__9544__fov25px57.jpg,pittsburgh-pa,9544,gfPzYnDEym86MMnboI66Ug,False,162.460218,0,0,0,0,0,0,0,0,0,0,0.0,1e-06,2e-06,1e-06,0.0,4e-06,2e-06,0.0,0.0,5e-06
pittsburgh-pa__9220__fov25px57.jpg,pittsburgh-pa,9220,guEU-evatLsTiVvZMYnHjw,True,18.07161,1,0,1,0,0,0,0,0,0,0,0.995085,0.0,2e-06,7.2e-05,0.0,0.019482,0.0,0.0,0.0,0.0
pittsburgh-pa__13628__fov25px57.jpg,pittsburgh-pa,13628,X9O6KRSOw8kaWDqH5COPew,False,262.982206,0,0,1,0,0,0,0,0,1,0,0.0,6.6e-05,0.000365,2e-06,0.0,0.000311,0.000166,2e-06,4.1e-05,1e-06
pittsburgh-pa__5029__fov25px57.jpg,pittsburgh-pa,5029,kqkPBtOuAtOd2szlNIgTWQ,True,0.169258,1,0,0,0,0,0,0,0,0,0,0.999991,2e-06,3e-06,1e-06,0.0,0.952046,0.0,0.0,5e-06,0.0
pittsburgh-pa__15315__fov25px57.jpg,pittsburgh-pa,15315,Mj04PjnuSoqJk_j1ErfxDA,True,6.778704,0,0,0,0,0,0,0,0,0,0,6.1e-05,2.7e-05,0.0,2e-06,0.0,3e-06,0.000121,7e-06,0.000274,0.0
pittsburgh-pa__3936__fov25px57.jpg,pittsburgh-pa,3936,HCFdknRFgjVwQO4szIBcBA,True,6.945466,0,0,0,0,0,0,0,0,0,0,3e-06,0.0,2e-06,2.5e-05,0.0,0.000147,1e-06,1e-06,0.0,4e-06
pittsburgh-pa__159__fov25px57.jpg,pittsburgh-pa,159,FjJzQT7lk7yX-Tn4AwGeng,True,3.780633,0,0,0,0,0,0,0,0,0,0,5e-06,0.001857,0.0,0.0,0.0,0.044965,1e-06,0.0,1e-06,0.000149
pittsburgh-pa__14919__fov25px57.jpg,pittsburgh-pa,14919,lVYU6Gqgo1E02X_orFRWcw,False,256.266421,0,0,0,0,0,1,0,0,0,0,1e-06,0.0,2e-06,1e-06,0.0,0.755815,1e-06,0.0,0.0,8e-06
pittsburgh-pa__7973__fov25px57.jpg,pittsburgh-pa,7973,Bif6JQhdmG0d870_AAS3iQ,False,135.796555,1,0,0,0,0,0,0,0,0,0,0.465878,0.0,0.0,2e-06,0.0,0.013819,0.0,0.0,2e-06,0.0
pittsburgh-pa__13134__fov25px57.jpg,pittsburgh-pa,13134,AbbPFEp_F7mIx6Humlopsw,True,4.022117,1,0,0,0,0,1,0,0,0,0,0.999998,8e-06,0.0,1.5e-05,0.0,1e-06,1e-06,8.9e-05,0.01692,0.0
pittsburgh-pa__14122__fov25px57.jpg,pittsburgh-pa,14122,o14HRMuK8CYG9xOD-Ouk-Q,False,66.353504,1,1,0,0,0,0,0,0,0,0,0.004849,2e-06,0.003746,0.0,0.0,0.003395,6e-06,0.0,7.7e-05,0.0
pittsburgh-pa__12953__fov25px57.jpg,pittsburgh-pa,12953,GmbEeBteblWZQJoPODsfhg,True,16.792377,0,0,0,0,0,0,0,0,0,0,0.000217,3e-06,0.0,0.0,0.0,1e-06,2e-06,0.0,1e-06,0.0
seattle-wa__264204__fov25px57.jpg,seattle-wa,264204,z8u7HDGwb9ymKR5z7NMb8w,False,94.255194,1,0,0,0,0,0,0,0,0,0,0.075011,0.000123,0.0,0.0,0.0,1e-06,0.0,0.0,2e-06,0.0
seattle-wa__154648__fov25px57.jpg,seattle-wa,154648,j-S8TvplpDwrwWqCU73RbA,True,0.365648,1,0,0,0,0,1,0,0,0,0,0.999909,0.0,1e-06,0.000308,0.0,4.7e-05,0.0,0.0,1e-06,0.0
seattle-wa__193104__fov25px57.jpg,seattle-wa,193104,prY4UPolEZgKxwKMS0qaHA,False,296.266536,1,1,0,0,0,0,0,0,0,0,0.99999,0.000917,1e-06,0.0,0.0,8e-06,1e-06,0.0,3e-06,0.0
seattle-wa__75560__fov25px57.jpg,seattle-wa,75560,CMxM_AqVD9v8gGivXbTy5w,False,438.111635,0,1,0,0,0,0,0,0,0,0,1.1e-05,8e-06,1e-06,1e-06,0.0,0.0,1.6e-05,1e-06,1.5e-05,1e-06
seattle-wa__136899__fov25px57.jpg,seattle-wa,136899,OwgtFsJQTeUq9oDfeVd6tw,False,80.332973,1,0,0,0,0,0,0,0,0,0,0.998656,0.013129,0.0,1e-06,0.0,0.0,2e-06,4e-06,0.005879,0.0
seattle-wa__127450__fov25px57.jpg,seattle-wa,127450,4E7PEP2NPKqbeT_fQQ953Q,True,1.101864,0,0,0,0,0,0,0,0,0,0,2.3e-05,0.0,2e-06,1e-06,0.0,2.7e-05,6e-06,0.0,0.0,1e-06
seattle-wa__154224__fov25px57.jpg,seattle-wa,154224,uTOlGyuxix0PmwvmWcFT_w,False,103.330594,1,1,0,0,0,0,0,0,0,0,0.995627,1e-06,3e-06,9e-06,0.0,0.0,0.0,1e-06,7.4e-05,0.0
seattle-wa__131782__fov25px57.jpg,seattle-wa,131782,CIX7_dKJaQd-Az_JNS5fLw,False,202.937079,1,0,0,0,0,0,0,0,0,0,0.999997,4e-06,0.0,3e-06,0.0,0.000175,2e-06,0.0,8.9e-05,0.0
seattle-wa__137809__fov25px57.jpg,seattle-wa,137809,jiXujQNvCM_EggL2RQTa_g,False,25.40604,1,0,0,0,0,0,0,0,0,0,0.999199,1e-06,1e-06,6.7e-05,0.0,0.0,3e-06,3.4e-05,1e-06,0.0
seattle-wa__157995__fov25px57.jpg,seattle-wa,157995,OKhVw3MeXb6SjOapD1OhmQ,True,9.470557,1,0,0,0,0,1,0,0,0,0,1.0,0.001257,0.011113,0.0,0.0,0.015871,4e-06,1e-06,1e-06,0.0
seattle-wa__263663__fov25px57.jpg,seattle-wa,263663,5blYVuoCrqQdqQo7ibnF_g,True,16.130445,0,0,0,0,0,0,0,0,0,0,1e-06,1e-05,7e-06,0.0,0.0,0.0,2e-06,0.0,2e-06,7e-06
seattle-wa__244285__fov25px57.jpg,seattle-wa,244285,3NyLysE7Kvmjd7phK9u4Ew,True,8.253746,1,0,0,0,0,0,0,0,1,0,1.0,0.000109,1e-06,8e-06,0.0,0.609773,1.6e-05,0.0,0.000319,0.0
seattle-wa__193885__fov25px57.jpg,seattle-wa,193885,UXo-8WMGQOhdndDREngNRA,True,16.584571,0,0,0,0,0,0,0,0,0,0,1e-06,0.0,0.0,0.0,0.0,1.4e-05,0.0,0.0,3e-06,3e-06
seattle-wa__191032__fov25px57.jpg,seattle-wa,191032,0Ba7hkghmVmIvM-Rg2izmw,True,3.52222,0,0,0,0,0,1,0,0,0,0,1.9e-05,0.0,0.0,1e-06,0.0,1e-05,1e-06,0.0,1e-06,1e-06
seattle-wa__133930__fov25px57.jpg,seattle-wa,133930,R1VykuV6sqIuPP89z6xhfQ,False,15.026967,1,0,0,0,0,0,0,0,0,0,0.98525,4e-06,0.000412,0.0,0.0,1e-06,0.0,0.0,1.1e-05,0.0
seattle-wa__208212__fov25px57.jpg,seattle-wa,208212,YnuZAfpYwwlWuqfoncF3Dg,True,13.01523,0,0,0,0,0,0,0,0,0,0,0.0,0.000857,0.0,0.0,0.0,0.018187,6e-06,0.0,1e-06,2.1e-05
seattle-wa__206582__fov25px57.jpg,seattle-wa,206582,LTvQBDmkbQseQwKuHMaqRw,False,11.709988,0,0,0,0,0,0,0,0,0,0,4e-06,0.0,6e-06,3e-06,0.0,1.6e-05,1e-06,0.0,0.0,3e-06
seattle-wa__161189__fov25px57.jpg,seattle-wa,161189,8hdVAmMeBKRo1PmJ98Jwqg,True,19.631344,0,0,0,0,0,0,0,0,0,0,4.9e-05,0.0,0.0,0.0,0.0,0.011247,0.0,0.0,1e-06,0.0
seattle-wa__192919__fov25px57.jpg,seattle-wa,192919,txBtSHPxgsTxj8F7Wz3jLw,True,2.610888,0,0,0,0,0,0,0,0,0,0,0.004643,0.0,2e-06,0.0,0.0,0.002285,0.0,0.0,0.0,0.0
seattle-wa__157377__fov25px57.jpg,seattle-wa,157377,K_tYce7yQKOIDtrAwGq8Kg,False,98.559197,0,0,0,0,0,1,0,0,0,0,1e-06,8e-06,0.0,4e-06,0.0,0.946889,2e-06,0.0,2e-06,6e-06
seattle-wa__237205__fov25px57.jpg,seattle-wa,237205,fJuWEJkVBFxhnnVdKt_gVg,False,0.792715,0,0,0,0,0,0,1,0,0,0,0.0,0.000393,1e-06,0.0,0.0,1e-06,1.7e-05,1e-06,4.8e-05,3e-06
seattle-wa__167463__fov25px57.jpg,seattle-wa,167463,RJofNv602MXYooJrEnbzEg,False,1.003439,1,0,0,0,0,0,0,0,0,0,0.999999,3.5e-05,0.0,0.000523,0.0,0.52577,2.8e-05,2e-06,3.4e-05,0.0
seattle-wa__17853__fov25px57.jpg,seattle-wa,17853,nu6NH9wd6x7PhPcCo8Hj5w,False,228.406069,1,0,0,0,0,1,0,0,0,0,0.999997,4.3e-05,3.6e-05,1e-05,0.0,0.986893,0.000148,2e-06,6.5e-05,0.0
seattle-wa__72783__fov25px57.jpg,seattle-wa,72783,Y8GW9N5x3GGqM90Lp8LJpg,False,417.204317,0,0,0,0,0,0,0,0,1,0,1.0,0.001874,0.009728,0.000313,0.0,0.0,1.4e-05,3e-06,0.017329,0.0
seattle-wa__245712__fov25px57.jpg,seattle-wa,245712,B13wpMdR76_a_MGwA7lkWA,False,31.105951,0,0,0,0,0,0,0,0,0,0,4e-06,3e-06,1e-06,0.0,0.0,1e-06,9e-06,0.0,4e-06,0.0
seattle-wa__212903__fov25px57.jpg,seattle-wa,212903,eFRAOzUBMQkwZ_X4xKpDDg,False,10.986342,1,0,0,0,0,0,0,0,0,0,1.0,0.000215,0.0,0.000127,0.0,0.00031,1e-06,0.0,4.9e-05,0.0
seattle-wa__212407__fov25px57.jpg,seattle-wa,212407,xGNS5hhUfiBr9HVtsf8byA,False,196.603285,0,0,0,0,0,0,0,0,0,0,0.03026,0.0,0.0,2e-06,0.0,2.9e-05,6e-06,0.0,0.0,0.0
seattle-wa__99622__fov25px57.jpg,seattle-wa,99622,8iBjPlv-N-OQDqqlxWYShA,True,8.619159,1,0,0,0,0,1,0,0,1,0,0.99995,5e-05,0.0,0.000144,0.0,0.0,9.7e-05,1e-06,0.277951,0.0
seattle-wa__72780__fov25px57.jpg,seattle-wa,72780,Y8GW9N5x3GGqM90Lp8LJpg,False,414.985803,0,0,0,0,0,0,0,0,0,0,0.005876,1e-05,0.0,0.0,0.0,0.139026,4e-06,0.0,3e-06,0.0
seattle-wa__191727__fov25px57.jpg,seattle-wa,191727,FT-XkaOoh0U0WTUofEso3Q,True,0.711058,0,0,1,0,0,0,0,0,0,0,0.754293,2.1e-05,0.0,0.0,0.0,0.001491,0.000339,0.0,0.000496,0.0
seattle-wa__70531__fov25px57.jpg,seattle-wa,70531,ccRNOz_0aObp_H3BiTvFSg,False,170.682045,1,0,0,0,0,1,0,0,0,0,0.999979,0.0,5e-06,3e-06,0.0,5e-05,1.2e-05,0.0,0.003594,0.0
seattle-wa__270814__fov25px57.jpg,seattle-wa,270814,b17px-qNlqgD1nN3Kcx6HQ,True,14.237922,0,0,0,0,0,1,0,0,0,0,3.7e-05,1e-06,3.6e-05,1e-06,0.0,0.998688,1e-06,0.0,1.9e-05,4.5e-05
seattle-wa__194654__fov25px57.jpg,seattle-wa,194654,kmfcQ07H6LQtSftuVzVQPw,True,10.413609,1,0,0,0,0,0,0,0,0,0,0.999963,1e-06,0.0,0.000664,0.0,3e-06,1e-06,0.0,3.1e-05,0.0
seattle-wa__100581__fov25px57.jpg,seattle-wa,100581,2XHf2nuFGdhoH31KMucR-A,True,13.612243,0,0,0,0,0,0,0,0,0,0,0.0,2.1e-05,1e-06,0.0,0.0,4.1e-05,2e-06,0.0,1e-06,6e-06
seattle-wa__200715__fov25px57.jpg,seattle-wa,200715,4Jx7EfRQPGWinF9xU7160Q,False,74.289284,1,1,0,0,0,0,0,0,0,0,0.999996,1e-06,0.0,0.0,0.0,0.008026,2e-06,1e-06,1.3e-05,0.0
seattle-wa__67319__fov25px57.jpg,seattle-wa,67319,HgHahHJG2_F61YXdbdGdKw,True,3.558317,0,0,0,0,0,0,0,0,0,0,0.002176,1e-06,4.3e-05,0.0,0.0,0.992834,5e-06,0.0,2e-06,1e-06
seattle-wa__154609__fov25px57.jpg,seattle-wa,154609,BpHackIaJtqalFbHMKFmJQ,True,5.998417,1,0,0,0,0,0,0,0,0,0,0.99881,1e-06,0.0,0.0,0.0,0.00064,1e-06,0.0,1e-06,0.0
seattle-wa__95430__fov25px57.jpg,seattle-wa,95430,rMCwDPO44YdeL85SPrLOmA,True,6.22597,0,0,0,0,0,0,0,0,0,0,6e-06,1.9e-05,1e-06,1e-06,0.0,0.0,3e-06,0.0,7e-06,0.0
seattle-wa__264561__fov25px57.jpg,seattle-wa,264561,2g808n_WVG0GY7ViDidbBA,False,405.124143,0,0,0,0,0,1,0,0,0,0,1e-06,0.0,0.0,1e-06,0.0,0.056781,1e-06,0.0,0.0,1e-05
seattle-wa__168855__fov25px57.jpg,seattle-wa,168855,WB1VYSfjfA_ldxEnZf95OQ,False,214.853241,0,0,0,0,0,0,0,0,0,0,0.0,0.0,3e-06,0.0,0.0,4e-06,1e-06,0.0,3.9e-05,7e-06
seattle-wa__157007__fov25px57.jpg,seattle-wa,157007,p8ijA1KcJfLpTEyoonFKnA,False,30.51252,0,0,0,0,0,0,0,0,0,0,0.00042,0.0,6e-06,0.0,0.0,1e-06,2e-06,0.0,1e-06,0.0
seattle-wa__46632__fov25px57.jpg,seattle-wa,46632,usXC3d5IckK58R36fqorsw,False,186.749192,0,0,0,0,0,1,0,0,0,0,8e-06,7e-06,4e-06,1e-06,0.0,0.504372,1e-06,0.0,2e-06,0.0
seattle-wa__208172__fov25px57.jpg,seattle-wa,208172,pny94uMwMTveoX9DwguyKw,True,4.848461,0,0,0,0,0,0,0,0,0,0,2e-06,2e-06,0.0,0.0,0.0,4e-06,2e-06,0.0,2e-06,1e-06
seattle-wa__190589__fov25px57.jpg,seattle-wa,190589,fZExxH3X9DHXSYmsAyn22g,False,22.98157,0,0,0,0,0,0,0,0,0,0,0.000947,1e-06,1e-06,0.0,0.0,1e-06,3e-06,0.0,1.1e-05,0.0
seattle-wa__170425__fov25px57.jpg,seattle-wa,170425,C-wa10Yps2Q06iGlYpXHPQ,True,9.125691,1,0,0,0,0,0,0,0,0,0,0.999999,3.6e-05,4e-06,1e-06,0.0,0.007111,0.000715,0.0,4e-05,0.0
seattle-wa__148498__fov25px57.jpg,seattle-wa,148498,ZEffP2htfwoBCDMdnmIKqQ,False,131.358621,0,0,0,0,0,0,0,0,0,0,4e-06,1e-06,2e-06,0.0,0.0,1e-06,3e-06,0.0,0.0,4e-06
seattle-wa__167718__fov25px57.jpg,seattle-wa,167718,kQqoFpMK9u6IOENCUZe_IA,False,74.066234,1,0,0,0,0,1,0,0,1,0,0.002402,0.0,0.0,0.002425,0.0,0.0,0.00208,9e-06,0.060109,0.001619
seattle-wa__44062__fov25px57.jpg,seattle-wa,44062,PpNBX_5ZSZZyW_bY7oM2rg,False,65.126401,0,0,0,0,0,0,0,0,0,0,1.7e-05,1e-06,1.3e-05,2e-06,0.0,1.1e-05,1e-06,0.0,1e-06,0.0
seattle-wa__150888__fov25px57.jpg,seattle-wa,150888,4v3mOm8IPPGZQelO0JXbiw,True,2.036298,0,0,0,0,0,0,0,0,0,0,0.048467,1e-06,0.0,1e-06,0.0,1e-06,0.0,0.0,0.0,0.0
seattle-wa__174810__fov25px57.jpg,seattle-wa,174810,2OfC52CKk0FHKCM2w-BMfA,False,15.021623,0,0,0,0,0,0,0,0,0,0,0.024892,0.0,9e-06,5e-06,0.0,1e-06,1e-06,0.0,0.0,0.0
seattle-wa__245957__fov25px57.jpg,seattle-wa,245957,VI8aMPoc5rFSxZphqXkcwg,True,6.327951,0,0,0,0,0,0,0,0,0,0,0.006178,0.000662,1e-06,0.0,0.0,9.8e-05,1e-06,0.0,0.0,0.0
seattle-wa__2880__fov25px57.jpg,seattle-wa,2880,KTGRvPvTT9R6lqkJyOlPPA,False,80.145714,0,1,0,0,0,0,0,0,0,0,2e-06,0.0,4e-06,9e-06,0.0,2e-06,3e-06,1e-06,0.0,4e-06
seattle-wa__126741__fov25px57.jpg,seattle-wa,126741,M6C4GwuemlwBCvdLI2CONw,False,2.122779,0,0,0,0,0,0,0,0,0,0,3e-06,9.6e-05,0.0,0.0,0.0,0.099697,3e-06,0.0,5.2e-05,1e-06
seattle-wa__157189__fov25px57.jpg,seattle-wa,157189,Hj0S2ylmHQltyRoRiqwFDA,False,131.436762,0,0,0,0,0,0,0,0,0,0,0.000345,0.0,0.0,2e-06,0.0,6.9e-05,1e-06,0.0,2e-06,0.0
seattle-wa__191776__fov25px57.jpg,seattle-wa,191776,k_CIfqJ2Nt_y91yJjFH2Aw,True,15.043051,0,0,0,0,0,0,0,0,0,0,1e-06,0.0,1e-06,6e-06,0.0,2e-06,4e-06,0.0,0.0,5e-06
seattle-wa__150704__fov25px57.jpg,seattle-wa,150704,QV8NOIzVBMvDTUBPLi8L8A,False,150.114274,0,0,0,0,0,0,0,0,0,0,0.0,0.00051,1e-06,1e-06,0.0,4.9e-05,6e-06,0.0,1e-06,1e-06
seattle-wa__88960__fov25px57.jpg,seattle-wa,88960,5mzx6FS7j0Mqey0OTZiymw,False,844.485672,0,0,0,0,0,0,0,0,0,0,1.3e-05,4e-06,2e-06,0.0,0.0,1.5e-05,1e-06,0.0,0.0,0.0
seattle-wa__44539__fov25px57.jpg,seattle-wa,44539,KCe4bSr7VfB-KnwE2M_x0g,True,22.482277,0,0,0,0,0,0,0,0,0,0,5.2e-05,0.0,0.0,1.4e-05,0.0,1e-06,1e-06,0.0,1e-06,5e-06
seattle-wa__182286__fov25px57.jpg,seattle-wa,182286,QocVVHJBDHVrMFgke6QKjQ,False,13.010412,0,0,0,0,0,0,0,0,0,0,0.906917,5e-06,1e-06,0.0,0.0,0.005217,8e-06,8e-06,0.000866,0.0
seattle-wa__23002__fov25px57.jpg,seattle-wa,23002,I-fuwT5bwbHEeZ3Yf4uHPA,False,170.850165,1,0,0,0,0,0,0,0,0,0,0.999814,0.0,0.004842,0.000398,0.0,0.000169,1.3e-05,0.0,5.5e-05,0.0
seattle-wa__187859__fov25px57.jpg,seattle-wa,187859,H_v-vTRk1GWUm0-GrnNcQw,True,17.526509,0,0,0,0,0,0,0,0,0,0,0.087681,0.0,0.0,6.1e-05,0.0,0.0,6e-06,2e-06,1e-06,0.0
seattle-wa__168996__fov25px57.jpg,seattle-wa,168996,u3fI4jISxV8gwTy0j9hmFg,False,89.814798,1,0,0,0,0,0,0,0,0,0,0.999932,1e-06,1.4e-05,3e-06,0.0,1.2e-05,1e-06,0.0,0.0,0.0
seattle-wa__53468__fov25px57.jpg,seattle-wa,53468,HqBPkUSSnwezI4Vu78eaRw,False,19.200338,0,0,0,0,0,0,0,0,0,0,0.0,0.0,2e-05,3e-06,0.0,3e-06,2e-06,1e-06,1e-06,3e-06
seattle-wa__162490__fov25px57.jpg,seattle-wa,162490,XtvZawckWwbIa8Y61tcC-Q,False,15.717969,0,0,0,0,0,1,0,0,0,0,2e-06,0.000837,0.0,3e-06,0.0,1e-06,3e-06,1e-06,1e-06,1e-06
seattle-wa__148506__fov25px57.jpg,seattle-wa,148506,mrF5D36WqKzSLg8GGXwx5Q,False,145.12167,1,0,0,0,0,0,0,0,0,0,1.0,0.006102,0.000211,7.6e-05,0.0,0.000287,0.013568,0.015999,8.5e-05,0.0
seattle-wa__1123__fov25px57.jpg,seattle-wa,1123,FBkGh38zZYhyGUUJPnpZcQ,True,13.135957,1,0,0,0,0,1,0,0,0,0,0.994279,0.0,0.0,2e-06,0.0,3.3e-05,0.00027,1e-06,5e-06,0.0
seattle-wa__193106__fov25px57.jpg,seattle-wa,193106,SLF7SfL1rNmXgq-5Z-U7sA,False,20.498427,0,0,0,0,0,0,0,0,0,0,0.08037,2e-06,1e-06,1e-06,0.0,0.0,1.8e-05,1e-06,0.0,0.0
seattle-wa__104836__fov25px57.jpg,seattle-wa,104836,wYpxUOtWOmGC_JEgjrkceQ,False,93.382717,0,0,0,0,0,0,0,0,0,0,0.999228,0.0,1.3e-05,0.0,0.0,1e-06,1e-06,1e-06,2e-06,0.0
seattle-wa__194323__fov25px57.jpg,seattle-wa,194323,FT-XkaOoh0U0WTUofEso3Q,True,0.150086,0,0,0,0,0,0,0,0,0,0,2e-06,0.0,3.4e-05,8e-06,0.0,0.013249,2e-06,0.0,0.000891,0.001214
seattle-wa__160043__fov25px57.jpg,seattle-wa,160043,MnUA5fPCT1V7pu3EPZB1UA,False,218.050801,1,0,0,0,0,0,0,0,0,0,0.999991,3.8e-05,0.000193,0.000703,0.0,0.136802,0.0,0.001712,0.000942,0.0
seattle-wa__128790__fov25px57.jpg,seattle-wa,128790,mNyG6UZAyZO6xhC6tV9uyg,False,0.561008,0,0,0,0,0,0,0,0,0,0,0.0,1e-06,0.001789,0.0,0.0,0.0,1e-06,0.0,1.3e-05,3.9e-05
seattle-wa__241967__fov25px57.jpg,seattle-wa,241967,FYL2QkIUfVM9mzBqP09Rgw,True,5.520506,0,0,0,0,0,0,0,0,0,0,0.001629,0.0,1e-06,1e-06,0.0,8e-06,1e-06,0.0,0.0,0.0
seattle-wa__147617__fov25px57.jpg,seattle-wa,147617,SBtw8zB0rI9hIe1ZX4THXg,False,226.227792,1,0,0,0,0,0,0,0,0,0,0.999998,2e-06,0.0,8e-06,0.0,0.73864,3.5e-05,4.7e-05,5e-06,0.0
seattle-wa__20608__fov25px57.jpg,seattle-wa,20608,n2zq5jEibrq8z0Ar4f1ffQ,False,207.981436,1,0,0,0,0,0,0,0,0,0,0.999999,6e-05,2e-06,0.0,0.0,0.000235,1e-06,2e-05,9.6e-05,0.0
seattle-wa__235187__fov25px57.jpg,seattle-wa,235187,nEgqrEJ2UNxOmaJfUXIHTw,False,101.03205,0,0,0,0,0,0,0,0,0,0,0.002243,0.0,0.0,7e-06,0.0,0.0,3e-06,1e-06,0.0,0.0
seattle-wa__97837__fov25px57.jpg,seattle-wa,97837,PU2AxaAkqwkANOqvQOUCaw,False,123.667877,0,0,0,0,0,1,0,0,0,0,2e-06,2.1e-05,0.0,0.0,0.0,0.364888,1e-06,0.0,0.0,2e-06
seattle-wa__234699__fov25px57.jpg,seattle-wa,234699,W2lJR9ZLCNjmaVV2kKMJUw,False,30.808357,0,0,0,0,0,0,0,0,0,0,5e-06,2e-06,1e-06,1.7e-05,0.0,0.0,1.2e-05,1e-06,5e-06,1e-06
seattle-wa__59089__fov25px57.jpg,seattle-wa,59089,OJV4nftJai__r0eAR6TFCQ,False,140.973836,1,0,0,0,0,0,0,0,0,0,0.997761,5.3e-05,0.0,3e-06,0.0,6.7e-05,1e-06,0.0,1e-06,0.0
seattle-wa__127569__fov25px57.jpg,seattle-wa,127569,1fnXSQfYVVBP1fZpOXRJvA,False,129.962218,0,0,0,0,0,0,0,0,0,0,1e-06,0.0,1e-06,0.0,0.0,2e-06,1e-06,0.0,2e-06,4e-06
seattle-wa__263843__fov25px57.jpg,seattle-wa,263843,1ODO3b8HFZEjJWYDTrfKMA,True,9.340688,0,0,0,0,0,0,0,0,0,0,1e-06,1.7e-05,0.0,1e-06,0.0,1e-06,0.000561,1e-06,0.001321,0.00036
seattle-wa__151114__fov25px57.jpg,seattle-wa,151114,v2pPeiEzAxVxGbR-mUHpNQ,False,108.939717,1,0,0,0,0,0,0,0,0,0,0.999804,0.0,0.0,2e-06,0.0,0.000411,1e-06,0.0,1.4e-05,0.0
seattle-wa__42026__fov25px57.jpg,seattle-wa,42026,DskkEAbsO41dVZaR0QngHQ,False,81.397009,0,0,0,0,0,0,0,0,0,0,0.0,2e-06,0.001243,1e-06,0.0,2.7e-05,5e-06,0.0,0.0,3e-06
seattle-wa__282__fov25px57.jpg,seattle-wa,282,DF4VBwDNJeFEg80MG6WL-A,True,10.247526,1,0,0,0,0,0,0,0,0,0,0.002781,0.000267,1e-06,0.0,0.0,0.0,7e-06,1e-06,1e-06,0.0
seattle-wa__226967__fov25px57.jpg,seattle-wa,226967,SrQDjJkXwj4WgB9VElagAg,False,197.668859,1,0,0,0,0,0,0,0,0,0,1.0,3e-06,1.4e-05,1.3e-05,0.0,0.881305,0.0,0.0,9e-06,0.0
seattle-wa__256541__fov25px57.jpg,seattle-wa,256541,3QEwR65027G5UqC5M3MoYw,False,229.620341,0,0,0,0,0,0,0,0,0,0,6.7e-05,7e-06,0.0,2e-06,0.0,0.0,0.0,0.0,1e-06,0.0
seattle-wa__138343__fov25px57.jpg,seattle-wa,138343,xyGyKXl8TjTOuWK_6DD10A,True,6.261266,0,0,0,0,0,0,0,0,0,0,5e-06,0.000154,1.1e-05,4e-06,0.0,1e-06,1.3e-05,2e-06,0.0,0.0
seattle-wa__184149__fov25px57.jpg,seattle-wa,184149,5Sb48SGTU7DGjGuN6jh0mA,False,47.454288,1,0,0,0,0,0,0,0,0,0,0.002101,7e-05,0.0,0.0,0.0,3e-06,1.4e-05,0.0,0.0,0.0
seattle-wa__209751__fov25px57.jpg,seattle-wa,209751,wnKfyAdAIvTIAnYmuG61AQ,False,106.406606,1,0,0,0,0,0,0,0,0,0,0.999998,0.015181,7e-06,0.000844,0.0,1e-06,0.000189,2e-06,1.3e-05,0.0
seattle-wa__235666__fov25px57.jpg,seattle-wa,235666,Pa5qY-6CTtmYxePrDLDq-Q,False,217.371457,1,1,0,0,0,1,0,0,0,0,0.999858,0.002604,2e-06,0.0,0.0,0.07494,3e-06,0.0,0.0,0.0
seattle-wa__269173__fov25px57.jpg,seattle-wa,269173,VKsf8qpZBQd-slKcAfZhpQ,False,152.910631,0,0,0,0,0,0,0,0,0,0,5e-06,1e-06,0.000152,6e-06,0.0,0.815631,0.0,0.0,0.0,1e-06
seattle-wa__135544__fov25px57.jpg,seattle-wa,135544,FDV5GUhW20ezG_TesJlrlg,True,12.999543,0,0,0,0,0,0,0,0,0,0,5e-06,1e-06,2e-06,1e-06,0.0,0.0,1e-06,0.0,0.0,2e-06
seattle-wa__159843__fov25px57.jpg,seattle-wa,159843,N9RXln1yVc6VbY9SE1iYYA,False,136.305544,1,1,0,0,0,0,0,0,0,0,0.999986,3.6e-05,2.4e-05,5e-06,0.0,0.206301,0.0,0.0,0.000149,0.0
seattle-wa__260739__fov25px57.jpg,seattle-wa,260739,vqnO7WYRh2UtJk4xCU4Xog,True,3.627129,0,0,0,0,0,0,0,0,0,0,3.1e-05,0.0,0.0,1e-06,0.0,2e-06,1e-06,0.0,2e-06,0.0
seattle-wa__209415__fov25px57.jpg,seattle-wa,209415,TkCR5hLqVN1aZXunqk7l5Q,False,0.756629,0,0,0,0,0,0,0,0,0,0,4.8e-05,0.0,0.0,1e-06,0.0,0.000684,1e-06,0.0,2e-06,0.0
seattle-wa__222835__fov25px57.jpg,seattle-wa,222835,Jt8nXi26mnG3R5-UI7_fwg,False,221.514027,0,0,0,0,0,1,0,0,0,0,2e-06,1e-06,0.0,3e-06,0.0,0.011555,1e-06,0.0,1e-06,0.0
seattle-wa__141352__fov25px57.jpg,seattle-wa,141352,20d2lmDloIpvO18cCpBSWA,False,240.334269,1,0,0,0,0,0,0,0,0,0,0.999998,0.000184,0.0,0.000267,0.0,0.99857,0.000352,6.4e-05,2.3e-05,0.0
seattle-wa__133__fov25px57.jpg,seattle-wa,133,RoOyujZ_v9GlaDgmKdclvw,True,4.8778,1,0,0,0,0,0,0,0,1,0,0.999982,0.0,0.0,0.011412,0.0,2e-06,0.000169,1e-06,0.023018,0.0
seattle-wa__179720__fov25px57.jpg,seattle-wa,179720,FJp9u8EpfyBQkBFQ5vbbwQ,False,24.573002,0,0,0,0,0,0,0,0,0,0,0.967508,0.0,0.0,4.2e-05,0.0,0.0,0.00014,0.0,0.000153,0.0
seattle-wa__193433__fov25px57.jpg,seattle-wa,193433,8tOttbaiw73gMEZPvwnWpg,True,10.582093,0,0,0,0,0,0,0,0,0,0,0.999971,0.952394,2e-06,0.0,0.0,0.004913,2e-06,0.0,1e-06,0.0
seattle-wa__96456__fov25px57.jpg,seattle-wa,96456,HIhMMAYiX4nJZm7GNOHdjA,True,20.439537,1,1,0,0,0,0,0,0,0,0,0.999998,6e-06,7e-06,0.000911,0.0,0.0,1e-06,0.0,0.030885,0.0
seattle-wa__134128__fov25px57.jpg,seattle-wa,134128,yQOUSW4l7j2yPE5Nqi2ctg,True,7.477988,0,0,0,0,0,0,0,0,0,0,8e-06,0.0,0.0,0.0,0.0,3e-06,3.2e-05,0.0,4e-06,9e-06
seattle-wa__2173__fov25px57.jpg,seattle-wa,2173,BQ7tru5_xQgmHmbfUolyPQ,False,3.621502,1,1,0,0,0,0,0,0,0,0,0.999997,1e-06,2e-06,1.2e-05,0.0,0.005025,0.0,0.0,1e-06,0.0
seattle-wa__104263__fov25px57.jpg,seattle-wa,104263,4ApjqxKza7Tt2bk6Fmlpig,True,18.249033,0,0,0,0,0,0,0,0,0,0,0.000272,2e-06,1.6e-05,0.0,0.0,2e-06,1e-06,2e-06,0.0,0.0
seattle-wa__247736__fov25px57.jpg,seattle-wa,247736,D548uCITS-Y-xm3BuGRwfA,False,109.840384,0,0,0,0,0,0,0,0,0,0,0.0,0.000281,0.0,0.0,0.0,0.000433,1e-06,0.0,1e-06,1e-06
seattle-wa__52931__fov25px57.jpg,seattle-wa,52931,YrymUwdfaQ9dO7a3WLWy-A,False,129.306875,1,0,0,0,0,0,0,0,0,0,0.999998,0.194287,0.007033,1.8e-05,0.0,1e-06,2e-05,0.000544,1e-05,0.0
seattle-wa__257506__fov25px57.jpg,seattle-wa,257506,hE5t5QzZUeR9jP3ZrBqrnw,True,11.284999,1,0,0,0,0,0,0,0,0,0,0.999989,5.6e-05,9e-06,1e-06,0.0,1.5e-05,0.0,0.0,0.0,0.0
seattle-wa__167448__fov25px57.jpg,seattle-wa,167448,2ISDtGg4asexcjbLhv32iQ,False,0.469359,1,0,0,0,0,0,0,0,0,0,0.999996,0.0,1e-06,6e-06,0.0,0.000145,6e-06,0.0,2.3e-05,0.0
seattle-wa__13696__fov25px57.jpg,seattle-wa,13696,u5CIs938WMW6Srt9v35xFw,False,37.922277,0,1,0,0,0,0,0,0,0,0,0.0,2e-06,7e-06,0.0,0.0,9e-06,4e-06,0.0,0.0,4e-06
seattle-wa__261804__fov25px57.jpg,seattle-wa,261804,k4XcKpfQYNit2btlduYJDA,False,155.276108,0,0,0,0,0,1,0,0,0,0,2e-06,5e-06,0.0,1e-06,0.0,0.000837,2e-06,0.0,3e-06,1e-06
seattle-wa__12369__fov25px57.jpg,seattle-wa,12369,hP3L00oNcng4V_X-aWUkhA,False,317.932694,1,0,0,0,0,1,0,0,1,0,0.999999,5e-06,1e-06,0.0,0.0,0.00026,9e-06,0.0,1e-06,0.0
seattle-wa__130706__fov25px57.jpg,seattle-wa,130706,-Mlm66nvcWc3dX46BlT7dg,False,210.533018,1,0,0,0,0,0,0,0,0,0,0.993458,0.0,0.0,0.0,0.0,0.000369,2.5e-05,0.0,0.000247,0.0
seattle-wa__189417__fov25px57.jpg,seattle-wa,189417,5nsXjzZnbQJ4ULVRQC1Vyw,False,80.693938,1,0,0,1,0,0,0,0,0,0,0.999996,9e-06,0.0,3.4e-05,0.0,1e-06,6e-06,2e-06,3.8e-05,0.0
seattle-wa__236324__fov25px57.jpg,seattle-wa,236324,ZakTXfR7g7pn1NkYpvsIqg,True,2.023924,0,0,0,0,0,0,0,0,0,0,0.000138,0.0,0.0,0.0,0.0,0.260624,2e-06,0.0,1e-06,2e-06
seattle-wa__156727__fov25px57.jpg,seattle-wa,156727,S4HVQJFYzo3CjnihnnvHFA,False,376.766463,1,0,0,0,0,0,0,0,0,0,0.999991,8e-06,0.000213,1e-06,0.0,3e-06,1e-06,0.0,0.0,0.0
seattle-wa__100049__fov25px57.jpg,seattle-wa,100049,_zecNFcxAgsMM6hrRZ_3nQ,False,212.596264,1,0,0,0,0,1,0,0,1,0,1.0,0.098797,2e-06,7e-06,0.0,3.7e-05,5e-06,0.0,9e-06,0.0
seattle-wa__236340__fov25px57.jpg,seattle-wa,236340,S1sKUuUEVQXsaegACXVh7A,True,0.451075,0,0,0,0,0,0,0,0,0,0,1e-06,0.0,0.0,2e-06,0.0,0.616536,1e-06,0.0,1e-06,5.2e-05
seattle-wa__243015__fov25px57.jpg,seattle-wa,243015,AsQ7xOolsIIinOg5qDe8LA,False,21.778597,1,0,0,0,0,0,0,0,0,0,0.999999,0.00011,0.000204,4.3e-05,0.0,0.0,3.2e-05,6e-06,0.003149,0.0
seattle-wa__213372__fov25px57.jpg,seattle-wa,213372,5C4jfRwLkbO37XD4Jk-TcA,False,79.26848,0,0,0,0,0,1,0,0,0,0,3e-06,1e-06,1e-06,0.0,0.0,0.000163,3e-06,0.0,1e-06,0.0
seattle-wa__273417__fov25px57.jpg,seattle-wa,273417,tCtV6YMbVzajSnyB5aLM_A,True,13.489966,0,0,0,0,0,0,0,0,0,0,1e-06,0.0,0.015581,1e-06,0.0,0.104704,0.000432,0.0,7.6e-05,5.5e-05
seattle-wa__270656__fov25px57.jpg,seattle-wa,270656,YYdJTopVG-M6pR-1lVyygA,False,69.152885,0,0,0,0,0,0,0,0,0,0,0.0,1e-06,1e-06,4.2e-05,0.0,1e-06,9e-06,0.0,7e-06,2.2e-05
seattle-wa__270486__fov25px57.jpg,seattle-wa,270486,CGqKAOD02WSqtuY0eP6ujg,False,154.054004,0,0,0,0,0,0,0,0,0,0,0.0,0.0,1e-05,1e-06,0.0,1.1e-05,6e-06,0.0,5.7e-05,0.000118
seattle-wa__190587__fov25px57.jpg,seattle-wa,190587,vdcpEAn4DqSf_isMtCIj_g,True,3.443391,0,0,0,0,0,0,0,0,0,0,1e-06,7.1e-05,0.0,0.0,0.0,4e-06,1e-06,0.0,1e-06,1.8e-05
seattle-wa__194400__fov25px57.jpg,seattle-wa,194400,2sZWOvV9jHuXIYe76jWwJg,False,92.299727,0,0,0,0,0,0,0,0,0,0,0.003304,0.0,3e-06,0.0,0.0,0.0,2e-06,0.0,6e-06,0.0
seattle-wa__73686__fov25px57.jpg,seattle-wa,73686,GSRKSPr1LC0X-euG1YPtpQ,False,251.903913,1,0,0,0,0,0,0,0,0,0,0.999999,0.013627,0.000153,0.0,0.0,1.5e-05,1e-06,0.0,1e-06,0.0
seattle-wa__41903__fov25px57.jpg,seattle-wa,41903,my6V9GtQu_NhgZiGMBMFOg,False,21.074793,1,0,0,0,0,1,0,0,0,0,1.0,0.000585,0.0,1e-06,0.0,9e-06,1e-05,2e-06,2e-06,0.0
seattle-wa__99945__fov25px57.jpg,seattle-wa,99945,z2v535-8X542mHkdvM2f3g,False,406.556576,0,0,0,0,0,1,0,0,0,0,6e-06,0.0,2.3e-05,0.0,0.0,4.9e-05,4e-06,0.0,0.0,0.0
seattle-wa__191097__fov25px57.jpg,seattle-wa,191097,eEul2WtgPQTGKEDWCImc-g,False,85.564476,0,0,0,0,0,0,0,0,0,0,0.123689,1e-06,0.0,4e-06,0.0,0.0,0.0,0.0,3e-06,0.0
seattle-wa__120123__fov25px57.jpg,seattle-wa,120123,fXzPD5DKfDiu7-_jts6Xvw,False,482.349732,1,0,0,1,0,0,0,0,0,0,0.997534,1e-06,0.862548,0.00214,0.0,1.4e-05,0.0,0.0,0.009739,0.0
seattle-wa__99611__fov25px57.jpg,seattle-wa,99611,QqJziVl4CjQv7ysiU4WTcA,False,174.869135,0,0,0,0,0,0,1,0,0,0,0.999998,0.000881,0.002627,1e-05,0.0,0.997336,0.000108,4.6e-05,6e-06,0.0
seattle-wa__755__fov25px57.jpg,seattle-wa,755,LJKMolMCK94y0JY9-dioXg,True,15.509956,0,0,0,0,0,0,0,0,0,0,2e-06,0.0,1e-06,0.0,0.0,2.1e-05,2e-06,0.0,5e-06,3e-06
seattle-wa__240320__fov25px57.jpg,seattle-wa,240320,llBlB8DWPf6ML3VgL-LNBw,False,118.054453,0,0,0,0,0,0,0,0,0,0,1.0,0.000582,1e-06,1.4e-05,0.0,0.927896,5e-06,5.2e-05,8e-06,0.0
seattle-wa__1766__fov25px57.jpg,seattle-wa,1766,dRbZkcdv6ltEKcLnKahtWA,False,144.793932,1,0,0,0,0,0,0,0,0,0,0.991819,0.009639,0.0,1e-06,0.0,1e-06,2e-06,0.0,1e-06,0.0
seattle-wa__83697__fov25px57.jpg,seattle-wa,83697,oldD5mP1-Pw6extuWO1eoQ,False,170.747876,1,1,0,0,0,0,0,0,1,0,0.820413,0.000241,4e-06,0.0,0.0,0.0,6e-06,0.0,2.7e-05,0.0
seattle-wa__225780__fov25px57.jpg,seattle-wa,225780,JAcy7_FIW-TSAIYgNGTB0g,True,10.341142,1,0,0,0,0,0,0,0,0,0,0.999999,0.00034,0.000732,1e-06,0.0,0.006926,1.7e-05,5e-06,1e-06,0.0
seattle-wa__268965__fov25px57.jpg,seattle-wa,268965,O3Kc0QxaikbbnyaiigrY6w,False,17.171357,0,0,0,0,0,0,0,0,0,0,2.8e-05,1.2e-05,0.0,8e-06,0.0,0.000395,3e-06,0.0,0.0,0.0
seattle-wa__132587__fov25px57.jpg,seattle-wa,132587,LwUG4YSEITzBilrv6azddA,True,4.475945,0,0,0,0,0,0,0,0,0,0,2e-06,1e-06,0.0,2e-06,0.0,1e-06,1e-06,0.0,1e-06,1e-06
seattle-wa__159730__fov25px57.jpg,seattle-wa,159730,iNyiL4am40Rgb1dYnfvcQw,False,73.390144,0,0,0,0,0,0,0,0,0,0,6.5e-05,0.0,0.0,1e-06,0.0,1e-06,1e-06,0.0,0.0,0.0
seattle-wa__100722__fov25px57.jpg,seattle-wa,100722,NeLKNj_dJofZQKlX7UG_uA,False,108.856463,1,0,0,0,0,0,0,0,0,0,1.0,0.00397,1e-06,0.050209,0.0,0.001364,7e-06,7e-06,1e-06,0.0
seattle-wa__223264__fov25px57.jpg,seattle-wa,223264,A0hC2ob4WTZLZYpNNPxxUQ,False,1.903602,1,0,0,0,0,0,0,0,0,0,0.999927,0.0,0.0,1e-06,0.0,0.070704,4e-05,0.0,1e-06,0.0
seattle-wa__155014__fov25px57.jpg,seattle-wa,155014,rpWNT-xV2XnfEdf4z_DepA,True,10.225244,1,0,0,0,0,0,0,0,0,0,1.7e-05,3.2e-05,1e-05,0.0,0.0,4.6e-05,7e-06,0.0,0.0,1e-06
seattle-wa__19460__fov25px57.jpg,seattle-wa,19460,trLxUNyN32h2ue6NyfvmhA,False,42.132067,0,0,0,0,0,0,0,0,0,0,1e-05,2e-06,1e-06,1e-06,0.0,0.00033,3e-06,0.0,0.0,1e-06
seattle-wa__100299__fov25px57.jpg,seattle-wa,100299,OXwy4mNZstmv4lSZ56iDNQ,False,3.709547,1,0,0,0,0,1,0,0,0,0,0.999997,1.4e-05,2.1e-05,8.9e-05,0.0,1e-06,0.0,0.0,9e-06,0.0
seattle-wa__45637__fov25px57.jpg,seattle-wa,45637,rfYtwX7VVjP3oGyYVklTLQ,True,19.251222,1,1,0,0,0,0,0,0,0,0,0.999931,2e-06,2e-06,0.0,0.0,3.8e-05,1.4e-05,0.0,0.000148,0.0
seattle-wa__16821__fov25px57.jpg,seattle-wa,16821,9YKysNjqKOI9l1RVYJVn0w,True,0.44478,0,0,0,0,0,1,0,0,0,0,3e-06,0.0,2e-06,0.0,0.0,0.000286,2e-06,0.0,6.6e-05,0.001586
seattle-wa__124575__fov25px57.jpg,seattle-wa,124575,ghdxwIjZ3S7gWezoaIHbmQ,True,9.166391,1,0,1,0,0,0,0,0,0,0,0.999645,0.0,1e-06,1.5e-05,0.0,0.001064,1e-06,0.0,1e-06,0.0
seattle-wa__157368__fov25px57.jpg,seattle-wa,157368,kxItNFI9n5VvKD6xAUSsoQ,False,2.945478,1,0,0,0,0,0,0,0,0,0,0.999953,2e-06,4e-06,0.002039,0.0,2e-06,0.0,0.0,1.9e-05,0.0
seattle-wa__184168__fov25px57.jpg,seattle-wa,184168,DuRbRyRQpxaB_rtMwb3-nQ,False,486.017647,0,0,0,0,0,0,0,0,0,0,0.999994,0.0,4e-06,2.4e-05,0.0,8e-06,5e-06,3e-06,0.000505,0.0
seattle-wa__87053__fov25px57.jpg,seattle-wa,87053,vHVao0XsSFdADnMQWJvf9w,False,2.427584,0,0,0,0,0,0,0,0,0,0,5.3e-05,2e-06,1e-06,0.0,0.0,1e-06,1e-06,0.0,1e-05,0.0
seattle-wa__240234__fov25px57.jpg,seattle-wa,240234,emgQrZ1xxTgsIof5SpDq8w,False,109.554287,0,0,0,0,0,0,0,0,0,0,0.00407,0.0,1e-06,1e-06,0.0,0.003729,1e-06,0.0,0.0,0.0
seattle-wa__267139__fov25px57.jpg,seattle-wa,267139,siB4sN5rmcr-NQdqP6kN4A,False,254.352587,1,0,0,0,0,0,0,0,0,0,0.99976,0.0,2.1e-05,1e-05,0.0,0.0,2e-05,2e-06,2.6e-05,0.0
seattle-wa__194569__fov25px57.jpg,seattle-wa,194569,iJmq-rdgCnKQ-nyURV6kuw,False,200.019271,1,0,0,0,0,0,0,0,0,0,0.999982,0.0,7.9e-05,1.2e-05,0.0,0.757239,0.0,0.0,2e-06,0.0
seattle-wa__65305__fov25px57.jpg,seattle-wa,65305,934QwtWIzI1GywMXzqzqbw,False,105.53782,1,0,0,0,0,0,0,0,0,0,0.918443,0.0,0.0,2.6e-05,0.0,2e-06,1e-06,0.0,1e-06,0.0
seattle-wa__20026__fov25px57.jpg,seattle-wa,20026,ooxSblq1uCR7Wfa1Xyxwvg,False,76.195559,1,0,0,0,0,0,0,0,0,0,0.998757,1e-06,3e-05,0.0,0.0,3e-06,2e-06,0.0,1e-06,0.0
seattle-wa__259711__fov25px57.jpg,seattle-wa,259711,7yGyVazQrpOpBh3BspmIDw,False,206.385424,1,0,0,0,0,0,0,0,0,0,0.999917,1.7e-05,0.0,1e-06,0.0,4e-06,8e-06,0.0,0.0,0.0
seattle-wa__223338__fov25px57.jpg,seattle-wa,223338,h2hshsZQpryATvT1TPByxQ,False,220.488988,0,0,0,0,0,0,0,0,0,0,0.036705,0.0,0.0,1.6e-05,0.0,5e-06,1e-06,0.0,1.3e-05,0.0
seattle-wa__148456__fov25px57.jpg,seattle-wa,148456,o8sE8nvwcxRYU8aLf1zSgA,False,122.297217,0,0,0,0,0,0,0,0,0,0,0.0,0.000123,2e-06,0.0,0.0,0.0,1e-06,0.0,7e-06,5e-06
seattle-wa__199713__fov25px57.jpg,seattle-wa,199713,PJBa8HP7IhLSBONd0elJ_w,False,20.667824,0,0,0,0,0,0,0,0,0,0,0.0,4.7e-05,2e-06,1e-06,0.0,0.0,1e-06,1e-06,2.1e-05,5e-06
seattle-wa__103045__fov25px57.jpg,seattle-wa,103045,6c_8bXMYEFC62Q863sAZ-g,True,19.466129,1,0,0,0,0,0,0,0,0,0,0.999998,0.00793,1e-06,2e-06,0.0,0.0,5e-06,0.0,2e-05,0.0
seattle-wa__236337__fov25px57.jpg,seattle-wa,236337,S1sKUuUEVQXsaegACXVh7A,True,2.683806,0,0,0,0,0,0,0,0,0,0,1e-06,1e-06,1e-06,0.0,0.0,0.001114,0.0,0.0,0.0,0.0
seattle-wa__261006__fov25px57.jpg,seattle-wa,261006,5Ce2HT3KwU_VHyRkcgsktg,False,349.474332,0,0,0,0,0,0,0,0,0,0,8e-06,0.0,0.0,3e-06,0.0,3.1e-05,2e-06,0.0,1e-06,1e-06
seattle-wa__180699__fov25px57.jpg,seattle-wa,180699,LW7iRo7q6lIRMHqUgl7WHA,False,223.312433,0,0,0,0,0,0,0,0,0,0,1e-06,1e-06,4e-06,0.0,0.0,5e-06,1e-06,0.0,5e-06,1e-06
seattle-wa__209015__fov25px57.jpg,seattle-wa,209015,hLJ95_eJ09B37b859YrsKg,False,281.419391,0,0,1,0,0,0,1,0,0,0,1.9e-05,3e-06,0.029513,0.0,0.0,2e-06,0.000121,0.0,0.131593,1e-06
seattle-wa__119679__fov25px57.jpg,seattle-wa,119679,a00_9xCXtCPSnM3onfxQlQ,True,15.349489,0,0,0,0,0,0,0,0,0,0,2e-06,4e-06,0.0,5e-06,0.0,0.0,4e-06,1e-06,1e-06,3e-05
seattle-wa__152636__fov25px57.jpg,seattle-wa,152636,7H3rQRQdqxcWOECoFqg8Yg,False,165.803781,0,0,0,0,0,1,0,0,0,0,0.984352,0.0,2e-06,0.0,0.0,0.013933,2e-06,0.0,1e-06,0.0
seattle-wa__2689__fov25px57.jpg,seattle-wa,2689,bBhhBeat5jCGLQf9L4OffA,False,178.795944,1,0,0,0,0,1,0,0,0,0,0.999995,0.0,1e-06,0.001125,0.0,0.049556,2e-06,1e-06,3e-06,0.0
seattle-wa__105928__fov25px57.jpg,seattle-wa,105928,savtBu38_Sd2I337XZtm2g,False,88.759196,0,0,0,0,0,0,0,0,1,0,4e-06,0.0,1e-06,1e-06,0.0,2e-06,6.6e-05,1e-06,0.003601,1e-06
seattle-wa__207378__fov25px57.jpg,seattle-wa,207378,vQVeRN1v85lUitC1LDTSxw,True,11.826766,0,0,0,0,0,0,0,0,0,0,0.000151,0.0,0.0,5.4e-05,0.0,0.0,0.000286,1e-06,0.018441,1e-06
seattle-wa__16481__fov25px57.jpg,seattle-wa,16481,9PIo4fGqITUwi2S4nOlo9w,False,206.414456,1,0,0,0,0,1,0,0,0,0,0.999987,1e-06,4e-06,2e-06,0.0,6e-06,1e-06,0.0,0.0,0.0
seattle-wa__235552__fov25px57.jpg,seattle-wa,235552,9_gEQrhjK3NCyCh5HoryIQ,True,4.77115,0,0,0,0,0,0,0,0,0,0,0.000129,0.0,0.0,0.0,0.0,2.7e-05,2e-06,0.0,0.0,0.0
seattle-wa__146687__fov25px57.jpg,seattle-wa,146687,tlOh_mtCOiVZVWHaEoV0dg,False,233.197041,0,0,0,0,0,0,0,0,0,0,0.000122,0.0,1e-06,0.0,0.0,2.2e-05,2e-06,0.0,0.0,0.0
seattle-wa__256370__fov25px57.jpg,seattle-wa,256370,UVWhZpLXpvnY5Cvuqc2Ieg,False,14.207848,0,0,0,0,0,0,0,0,0,0,1e-06,0.0,8e-06,0.0,0.0,0.000319,8e-06,0.0,4e-06,2e-06
seattle-wa__106473__fov25px57.jpg,seattle-wa,106473,fXNK0CvdLAFIzF7yFYxP6A,False,14.061827,0,0,0,0,0,0,0,0,0,0,8e-06,0.0,2e-06,2e-06,0.0,0.0,7e-06,0.0,3e-06,1e-06
seattle-wa__743__fov25px57.jpg,seattle-wa,743,dmPfpgMh_hvxr-USb_Wemg,True,10.213652,0,0,0,0,0,0,0,0,0,0,3e-06,1e-06,0.0,1e-06,0.0,1e-06,5e-06,0.0,3e-06,1e-06
seattle-wa__81756__fov25px57.jpg,seattle-wa,81756,wIc8OIbN9Do-9OMj8Yb3pA,False,263.577542,1,0,0,0,0,0,0,0,0,0,0.999991,2.3e-05,3e-06,0.000155,0.0,7.4e-05,1e-06,0.0,1e-06,0.0
seattle-wa__169249__fov25px57.jpg,seattle-wa,169249,N5lMAmIW0sp7RKTiHegImw,False,150.264965,0,0,0,0,0,1,0,0,0,0,3e-06,0.000113,0.0,1e-06,0.0,0.618631,2e-06,0.0,2e-06,1e-06
seattle-wa__45651__fov25px57.jpg,seattle-wa,45651,M3Iyqm4x6WRiuK2AOzYI1g,False,73.464846,1,1,1,0,0,0,0,0,0,0,1.0,0.000707,0.000237,0.044336,0.0,2e-06,2.6e-05,1.1e-05,1.2e-05,0.0
seattle-wa__100305__fov25px57.jpg,seattle-wa,100305,_2eUBD5rLmE44pYULhHzaA,True,15.398899,0,0,0,0,0,0,0,0,0,0,1e-06,1e-06,1e-06,1e-06,0.0,1e-06,2e-06,0.0,1e-06,1e-06
seattle-wa__169259__fov25px57.jpg,seattle-wa,169259,9oBUbbyNsXbx6w2Mipqj4Q,False,226.329204,0,0,0,0,0,1,0,0,0,0,9.6e-05,0.0,1e-06,1e-06,0.0,0.000549,0.0,0.0,0.0,0.0
seattle-wa__96489__fov25px57.jpg,seattle-wa,96489,_Xr_2LGKxFoZKMKc5_qI-Q,False,2.196081,0,0,0,0,0,0,0,0,0,0,3e-05,1e-06,0.000109,0.0,0.0,0.021915,1e-06,0.0,3e-06,0.0
seattle-wa__80830__fov25px57.jpg,seattle-wa,80830,h5ENARGx21w1S5XdrP0bCw,True,2.477568,0,0,0,0,0,0,0,0,0,0,5e-06,6e-06,1e-06,0.0,0.0,2e-06,1e-06,0.0,4e-06,0.0
seattle-wa__13442__fov25px57.jpg,seattle-wa,13442,w-Z3-9gyxP9LELwKnnT8hw,False,174.661819,0,0,0,0,0,0,0,0,0,0,2e-06,0.0,0.0,1e-06,0.0,1.1e-05,5e-06,2e-06,2e-06,3e-06
seattle-wa__109981__fov25px57.jpg,seattle-wa,109981,1IxtG98b6ZducoAxb_ObLA,False,171.626964,0,0,0,0,0,0,0,0,0,0,2.9e-05,1e-06,2e-06,4e-06,0.0,1e-06,6e-06,2e-06,0.0,0.0
seattle-wa__235960__fov25px57.jpg,seattle-wa,235960,P5vzPbCFSW6iOQVkznBuLw,True,5.206967,1,0,0,0,0,0,0,0,0,0,0.999991,0.0,1e-06,0.000124,0.0,2e-06,1e-06,1e-06,7e-06,0.0
seattle-wa__182023__fov25px57.jpg,seattle-wa,182023,j-S8TvplpDwrwWqCU73RbA,True,12.727046,1,0,0,0,0,0,0,0,0,0,1.0,2.2e-05,1e-06,0.000181,0.0,0.02517,3e-06,0.0,1e-06,0.0
seattle-wa__72944__fov25px57.jpg,seattle-wa,72944,yTmhepyyJLEpfz70yDP71g,True,7.599511,0,0,0,0,0,0,0,0,0,0,0.0,0.000193,1e-06,1e-06,0.0,8.9e-05,4.4e-05,1e-06,1e-06,8e-06
seattle-wa__123479__fov25px57.jpg,seattle-wa,123479,tclM3yIXe4keb6SqYMLtUg,True,6.113632,0,0,0,0,0,0,0,0,0,0,0.99999,0.854373,0.000192,0.000285,0.0,2e-06,1e-06,0.000806,0.976908,1e-06
seattle-wa__134124__fov25px57.jpg,seattle-wa,134124,8dDFwBGPvYRhYGDMx_fydw,True,5.94737,0,0,0,0,0,0,0,0,0,0,0.285096,0.0,0.000106,0.003088,0.0,3e-06,0.0,0.0,9.2e-05,0.0
seattle-wa__236636__fov25px57.jpg,seattle-wa,236636,TwkFjQLo6b95Lcr_U5ErVA,False,435.552628,0,1,0,0,0,0,0,0,0,0,5e-06,4e-06,2e-06,0.0,0.0,0.0,1e-05,1e-06,1e-06,2e-06
seattle-wa__232932__fov25px57.jpg,seattle-wa,232932,vmidrP1L49uE_DheBbOZbg,True,8.476175,0,0,0,0,0,1,0,0,0,0,1.6e-05,1e-06,0.000207,0.0,0.0,3.6e-05,1e-06,0.0,0.0,0.0
seattle-wa__229990__fov25px57.jpg,seattle-wa,229990,VuCduUF0W6Y854AOKZAffw,False,239.472666,1,0,0,0,0,1,0,0,0,0,1.0,3.9e-05,2e-06,1e-06,0.0,0.007926,3e-06,0.0,1e-06,0.0
seattle-wa__252800__fov25px57.jpg,seattle-wa,252800,bRNLjx8IxKxnsGdVbDjiWw,True,17.962753,0,0,0,0,0,0,0,0,0,0,2e-06,5e-06,0.0,1e-06,0.0,4e-06,1e-06,0.0,1e-06,0.0
seattle-wa__270817__fov25px57.jpg,seattle-wa,270817,b17px-qNlqgD1nN3Kcx6HQ,True,18.106021,0,0,0,0,0,0,1,0,0,0,0.0,5.3e-05,0.0,1.6e-05,0.0,4.7e-05,7e-06,0.0,1.4e-05,8e-06
seattle-wa__141631__fov25px57.jpg,seattle-wa,141631,SyifXGVcJLYguvgh8rKz4A,True,8.50737,0,0,0,0,0,1,0,0,0,0,0.0,0.0,9e-06,1e-06,0.0,6e-06,2e-06,0.0,0.0,3e-06
seattle-wa__245952__fov25px57.jpg,seattle-wa,245952,uTXcKXdUSRdcD1oGOTyonA,False,40.537811,0,0,0,0,0,0,0,0,0,0,0.000174,3.7e-05,1e-05,1e-06,0.0,1e-05,6e-06,0.0,0.0,0.0
seattle-wa__174921__fov25px57.jpg,seattle-wa,174921,Rd9xHgzlk83-YrJU2AO9Jw,False,313.44313,0,0,0,0,0,0,0,0,0,0,0.042787,0.0,0.0,0.0,0.0,1.9e-05,0.0,0.0,1e-06,0.0
seattle-wa__28083__fov25px57.jpg,seattle-wa,28083,3s05mCLNoZieDesXz4ocNA,True,14.989725,0,0,0,0,0,0,0,0,0,0,1e-06,1e-06,1e-06,1e-06,0.0,0.000579,2e-06,0.0,0.0,0.0
seattle-wa__240333__fov25px57.jpg,seattle-wa,240333,5jd4c2QiPZuNEjp4z4Yp_w,False,5.366877,0,0,0,0,0,0,0,0,0,0,0.0,2e-06,0.0,4e-06,0.0,0.0,1e-06,0.0,1.1e-05,0.000183
seattle-wa__145243__fov25px57.jpg,seattle-wa,145243,vvhIhNz2XjVU5bAj-kHJxw,False,153.794584,1,0,0,0,0,0,0,0,0,0,1.0,0.109777,1e-06,2e-06,0.0,5.3e-05,5e-06,1e-06,1e-06,0.0
seattle-wa__258971__fov25px57.jpg,seattle-wa,258971,sMg-p3wr2naHI-q7yyKAng,False,383.949832,1,0,0,0,0,1,0,0,1,0,0.999974,0.0,1e-06,2.7e-05,0.0,0.987871,0.000368,1e-06,9e-06,0.0
seattle-wa__253045__fov25px57.jpg,seattle-wa,253045,tQ0GPF8gNBI2YXaFwdlDKg,False,137.254759,0,0,0,0,0,0,0,0,0,0,4e-06,7.9e-05,8e-06,1e-06,0.0,1e-06,4e-06,1e-06,1e-06,2e-06
seattle-wa__75856__fov25px57.jpg,seattle-wa,75856,o0zblVi58sQcTEDgkrdazw,True,14.685002,1,1,0,0,0,0,0,0,0,0,0.999993,8e-06,0.001319,1e-06,0.0,1e-06,1e-06,0.000218,0.000128,0.0
seattle-wa__190586__fov25px57.jpg,seattle-wa,190586,vdcpEAn4DqSf_isMtCIj_g,True,16.353389,0,0,0,0,0,0,0,0,0,0,3.3e-05,1e-06,3e-06,1e-06,0.0,6e-06,6e-06,0.0,0.0,1e-06
seattle-wa__178233__fov25px57.jpg,seattle-wa,178233,LipQfGrlz9btNu5SY0HGFA,False,68.305644,0,0,0,0,0,0,0,0,0,0,7e-05,1e-06,0.0,1e-06,0.0,6e-06,0.008667,4e-06,0.02068,3.8e-05
seattle-wa__110726__fov25px57.jpg,seattle-wa,110726,69f5orjiwilqCKPTwbikCg,False,99.259789,0,0,0,0,0,0,0,0,0,0,0.010411,0.0,0.0,1e-06,0.0,0.000109,3e-06,0.0,0.0,0.0
seattle-wa__239713__fov25px57.jpg,seattle-wa,239713,gqMLh_e-RlC3aYnVtEd-nw,False,88.026208,0,0,0,0,0,0,0,0,0,0,1e-05,0.0,0.0,0.0,0.0,0.043875,2e-06,0.0,1e-06,1e-06
seattle-wa__241846__fov25px57.jpg,seattle-wa,241846,n1EKuqshdl9FDIRcLuEkyw,True,0.320195,1,1,0,0,0,1,0,0,0,0,0.992096,0.0,1e-06,3e-05,0.0,0.001381,3e-06,0.0,0.051885,1e-06
seattle-wa__3537__fov25px57.jpg,seattle-wa,3537,w-Y1kgCUhfLYu4-tnTnb2A,False,169.417511,1,0,0,0,0,0,0,0,0,0,0.555918,0.0,2e-06,2e-06,0.0,1e-06,0.0,0.0,2.5e-05,0.0
seattle-wa__97618__fov25px57.jpg,seattle-wa,97618,haEj9kClsC1MoGmEg-6Esg,True,12.347323,1,1,0,0,0,0,0,0,0,0,0.999993,5e-06,0.0,0.001827,0.0,0.007919,0.0,0.0,0.0,0.0
seattle-wa__233805__fov25px57.jpg,seattle-wa,233805,o_hqvAjhiyShPAGURDel2w,True,8.769544,0,0,0,0,0,0,0,0,0,0,1e-06,1e-06,1e-06,3e-06,0.0,0.0,3e-06,0.0,1e-06,8e-06
seattle-wa__138267__fov25px57.jpg,seattle-wa,138267,XW0kDcPCzGUFlrbWBVy7Hg,False,144.144867,1,0,0,0,0,0,0,0,0,0,0.999957,4e-06,0.0,2e-06,0.0,0.000545,1e-06,0.0,1e-06,0.0
seattle-wa__177906__fov25px57.jpg,seattle-wa,177906,83B0IEAMIrpnrLFQA9hXVQ,False,16.725061,1,0,0,0,0,0,0,0,0,0,1.0,0.001493,1e-06,0.000462,0.0,1.5e-05,1.3e-05,0.0,4e-06,0.0
seattle-wa__95890__fov25px57.jpg,seattle-wa,95890,yHjMqqckObKGAfkpm9i3ug,True,13.347727,1,0,1,0,0,0,0,0,0,0,0.99979,0.0,1e-06,1e-06,0.0,0.000224,1e-06,0.0,0.0,0.0
seattle-wa__234403__fov25px57.jpg,seattle-wa,234403,5MlW2PfhBCFjfEWcSmHY1A,True,13.958658,0,0,0,0,0,1,0,0,0,0,0.999984,1e-06,2e-06,1e-06,0.0,0.000125,0.0,0.0,1.8e-05,0.0
seattle-wa__25684__fov25px57.jpg,seattle-wa,25684,u9fiX4rQ8PrJMuUKi3vlEw,False,169.330343,0,0,0,0,0,0,0,0,0,0,0.166081,0.0,3.1e-05,0.0,0.0,6e-06,2e-06,0.0,0.0,0.0
seattle-wa__137441__fov25px57.jpg,seattle-wa,137441,MqwKXIftoxxvtbFgou_LyQ,True,10.049191,1,0,0,0,0,0,0,0,0,0,0.999779,1e-06,0.06386,7e-06,0.0,0.000295,3e-06,4e-06,7e-06,0.0
seattle-wa__201898__fov25px57.jpg,seattle-wa,201898,xvdl_qDKevBGJVlzPdfNHQ,False,269.727709,1,0,1,0,0,0,0,0,0,0,0.999995,2e-06,0.0,2e-06,0.0,4e-06,3e-06,0.0,4e-06,0.0
seattle-wa__162834__fov25px57.jpg,seattle-wa,162834,t-V6YejnWXh_wdOdaCS0pQ,False,79.240375,0,0,0,0,0,0,0,0,0,0,1e-06,0.000832,0.0,1.3e-05,0.0,1e-05,3e-06,0.0,1e-06,0.0
seattle-wa__170460__fov25px57.jpg,seattle-wa,170460,Ydk498kMFKKYH6H4XPAr9g,False,168.008284,1,0,0,0,0,0,0,0,0,0,0.998087,0.0,0.0,1.1e-05,0.0,0.000204,1e-06,0.0,5e-06,0.0
seattle-wa__159858__fov25px57.jpg,seattle-wa,159858,hAhtQm80P6f-DpjIR2_LUg,False,169.532223,1,0,0,0,0,0,0,0,0,0,0.999999,1e-06,0.0,0.000417,0.0,0.00149,0.0,0.0,9.9e-05,0.0
seattle-wa__182095__fov25px57.jpg,seattle-wa,182095,AYPIjE-KJafjVm3Ty7PA_g,False,245.804505,0,0,0,0,0,0,0,0,0,0,6e-06,6e-06,0.0,0.0,0.0,1e-06,1.1e-05,0.0,1e-06,4e-06
seattle-wa__256666__fov25px57.jpg,seattle-wa,256666,Pkey5jDTH5qXrNUhfL7udQ,False,97.46184,0,0,0,0,0,0,0,0,0,0,1.4e-05,5e-06,0.0,0.0,0.0,0.119965,1e-06,0.0,0.0,0.0
seattle-wa__147187__fov25px57.jpg,seattle-wa,147187,cpTUFFh3kxk2WBzve40U4A,False,89.577686,1,0,0,0,0,0,0,0,0,0,0.999995,0.0,1.3e-05,5e-06,0.0,0.121438,2e-05,3.7e-05,1e-06,0.0
seattle-wa__200882__fov25px57.jpg,seattle-wa,200882,DQ8WYhJTBPTAIDNLfgtCrA,True,14.034032,0,0,0,0,0,1,0,0,0,0,2e-06,0.0,1e-06,1e-06,0.0,2.8e-05,0.0,0.0,0.0,1e-06
seattle-wa__13170__fov25px57.jpg,seattle-wa,13170,KvYR13Dtuwvj73O72d5R3Q,False,346.847386,0,0,0,0,0,0,0,0,0,0,0.0,7.1e-05,7.2e-05,2e-05,0.0,2e-06,1.1e-05,2e-06,3e-06,4e-06
seattle-wa__183653__fov25px57.jpg,seattle-wa,183653,gsD-BMgw1wUimsVZPWkjSw,False,34.764493,0,0,0,0,0,0,0,0,0,0,0.119419,3.5e-05,0.0,0.0,0.0,0.0,2e-06,2e-06,0.0,0.0
seattle-wa__191126__fov25px57.jpg,seattle-wa,191126,b2kp3TIIw0wG9q_3kd97GA,False,3.561405,0,0,0,0,0,0,0,0,0,0,0.0,2e-06,0.000171,0.0,0.0,0.492033,2e-06,0.0,1e-06,2e-06
seattle-wa__97787__fov25px57.jpg,seattle-wa,97787,UZSjiBmhDw3m-6-qd9G0gw,True,12.588755,1,0,0,0,0,0,0,0,0,0,1.0,5.9e-05,0.0,6.9e-05,0.0,0.000554,2e-06,0.0,1e-05,0.0
seattle-wa__234558__fov25px57.jpg,seattle-wa,234558,JiQD6bruV4mYd6kEWWyEkw,False,65.143568,0,0,0,0,0,0,0,0,0,0,0.000128,0.000207,2e-06,7.4e-05,0.0,0.0,0.000858,1e-06,1.7e-05,0.0
seattle-wa__145975__fov25px57.jpg,seattle-wa,145975,ySyM3ha6fw_KI5TnE5Wu3A,True,9.472006,0,0,0,0,0,1,0,0,1,0,0.008667,2.7e-05,9.8e-05,0.0,0.0,5e-05,4e-06,0.0,2.7e-05,0.0
seattle-wa__15211__fov25px57.jpg,seattle-wa,15211,VMnjk3RFKJNXhJ9KswmGYg,False,10.9709,1,0,0,0,0,1,0,0,0,0,0.999999,2e-06,5e-06,4e-06,0.0,0.004058,4e-06,0.0,1e-06,0.0
seattle-wa__147666__fov25px57.jpg,seattle-wa,147666,4ozb-7WywUdH7ZApIxtq8Q,True,4.429066,0,0,0,0,0,0,0,0,0,0,1e-06,3e-06,1.1e-05,1e-06,0.0,0.0,1e-06,0.0,1e-06,1e-06
seattle-wa__194600__fov25px57.jpg,seattle-wa,194600,PHPzJ_zOBjs-6oeZhiSbGw,False,247.786307,0,0,0,0,0,1,0,0,0,0,0.999776,5e-06,0.000661,0.0,0.0,0.117447,0.0,0.0,0.0,0.0
seattle-wa__235556__fov25px57.jpg,seattle-wa,235556,JeFbmoowEe-a0A0Enb1Lqg,True,10.519583,0,0,0,0,0,0,0,0,0,0,4e-06,0.0,0.0,1e-06,0.0,0.00019,2e-06,0.0,1e-06,0.0
seattle-wa__200936__fov25px57.jpg,seattle-wa,200936,sR6smBG3Xo1srG3psp-bCw,False,71.054647,1,0,0,0,0,0,0,0,0,0,0.999999,0.001151,0.0,0.000107,0.0,1e-06,5e-06,0.0,0.004111,0.0
seattle-wa__138968__fov25px57.jpg,seattle-wa,138968,BRloZCzgSG2gPYZ-bK78jw,True,7.413457,0,0,0,0,0,0,0,0,0,0,5e-06,0.0,0.0,3e-06,0.0,0.00016,2e-06,0.0,0.0,0.0
seattle-wa__164328__fov25px57.jpg,seattle-wa,164328,O_Q3wDgXxVb1lZFCL2Wjjw,False,75.97638,0,0,0,0,0,0,0,0,0,0,1e-06,1e-06,0.0,3e-06,0.0,0.000354,3e-06,0.0,1e-06,1e-06
seattle-wa__123480__fov25px57.jpg,seattle-wa,123480,l8mCb1FNLvb3ddGPbNXwfQ,True,5.866064,0,0,0,0,0,0,0,0,0,0,0.988373,1e-06,0.0,1.2e-05,0.0,1.1e-05,0.0,0.0,1e-06,0.0
seattle-wa__177008__fov25px57.jpg,seattle-wa,177008,4EHEVT3rHHT4pNBzvzvV0w,False,196.781564,0,0,0,0,0,0,0,0,0,0,8.9e-05,0.0,0.0,0.0,0.0,7.8e-05,1e-06,0.0,0.0,0.0
seattle-wa__159486__fov25px57.jpg,seattle-wa,159486,L6snBidMT-KfSHPmYo_82g,False,99.953128,1,0,0,0,0,0,0,0,0,0,0.988554,9e-06,0.0,1e-06,0.0,0.0,5e-06,0.0,7e-06,0.0
seattle-wa__81497__fov25px57.jpg,seattle-wa,81497,A52lYPaos7XSL2qNWUYPsQ,False,30.491495,0,0,0,0,0,0,0,0,0,0,4e-06,0.0,2.2e-05,1e-06,0.0,1e-05,1e-06,0.0,0.0,1e-06
seattle-wa__191010__fov25px57.jpg,seattle-wa,191010,bEscMraP2d4z7V85eDqSkw,True,0.683838,0,0,0,0,0,0,0,0,0,0,1e-06,1.9e-05,8.7e-05,0.0,0.0,2e-06,2e-06,0.0,1e-06,1e-06
seattle-wa__237472__fov25px57.jpg,seattle-wa,237472,hM3ye5t_iEz8wngl4hEX-w,False,83.556605,1,0,0,0,0,0,0,0,0,0,1.0,1.8e-05,0.000149,3.3e-05,0.0,0.079045,1e-06,0.0,0.0,0.0
seattle-wa__747__fov25px57.jpg,seattle-wa,747,4hG3lFtq1TUcNVnOA5L08Q,True,11.416347,0,0,0,0,0,0,0,0,0,0,1e-05,0.0,2e-06,1e-06,0.0,0.0,3e-06,0.0,1e-06,3e-06
seattle-wa__147114__fov25px57.jpg,seattle-wa,147114,xUxKpU2NF34z-4AaumboLg,False,220.519738,0,0,1,0,0,1,0,0,0,0,0.003122,0.002346,0.000192,0.0,0.0,0.179476,0.0,0.0,0.0,0.0
seattle-wa__47604__fov25px57.jpg,seattle-wa,47604,dLYzOsRYIv0u0Hnmcf793Q,False,21.120927,0,0,0,0,0,0,0,0,0,0,1e-05,1e-06,0.008092,1e-06,0.0,6e-06,0.000215,9e-06,2e-06,3e-06
seattle-wa__110632__fov25px57.jpg,seattle-wa,110632,3Gc97YH_iBo9K5JwnCfm_Q,False,141.363772,1,0,0,0,0,0,0,0,0,0,1.0,0.000137,7.6e-05,0.0,0.0,0.004648,1.1e-05,6.9e-05,2e-06,0.0
seattle-wa__189367__fov25px57.jpg,seattle-wa,189367,JnnvOesjOm07ZQUUvHu01Q,False,278.217584,1,0,0,1,0,0,0,0,0,0,0.246342,0.000731,0.00568,0.095306,2e-06,0.115713,0.006203,0.005286,0.000544,0.005991
seattle-wa__263387__fov25px57.jpg,seattle-wa,263387,r6_O9vMYziG_XGClnv0nLQ,True,16.657639,0,0,0,0,0,0,0,0,0,0,0.00127,1.1e-05,0.0,1e-06,0.0,0.0,5e-06,1e-06,0.0,0.0
seattle-wa__170041__fov25px57.jpg,seattle-wa,170041,-A9mCQ7o8A0Vs9Pirw6TdA,False,5.421563,1,0,0,0,0,0,0,0,0,0,0.999985,0.0,0.0,3.6e-05,0.0,0.00022,1e-06,0.0,2e-06,0.0
seattle-wa__178635__fov25px57.jpg,seattle-wa,178635,RBdvGYJrYsF9GfrXzs1fhg,False,180.759344,1,0,0,0,0,0,0,0,0,0,0.999999,1.1e-05,1.2e-05,1.1e-05,0.0,0.000312,6e-06,0.0,1e-06,0.0
seattle-wa__97006__fov25px57.jpg,seattle-wa,97006,OD30tl4ZmCGRQr7AE5_vuQ,False,2.178927,0,0,0,0,0,0,0,0,0,0,1.6e-05,0.0,0.0,1e-06,0.0,0.00118,1.3e-05,0.0,2.2e-05,0.0
seattle-wa__205586__fov25px57.jpg,seattle-wa,205586,Me6qKRFsCwP6CihUQYdKjw,False,28.683788,0,0,0,0,0,0,0,0,0,0,0.001033,0.0,0.0,2e-06,0.0,5.9e-05,1.4e-05,0.0,0.0,0.0
seattle-wa__193882__fov25px57.jpg,seattle-wa,193882,18KytzwRFUiiwlHW2_oUqQ,False,11.926187,1,0,0,0,0,0,0,0,0,0,0.999996,0.0,2.2e-05,2.1e-05,0.0,4.9e-05,0.0,3e-06,1.8e-05,0.0
seattle-wa__193750__fov25px57.jpg,seattle-wa,193750,DGkttoM2dLmVsuxQciWFQg,False,2.359542,1,0,0,0,0,0,0,0,0,0,0.999624,0.0,0.0,4e-06,0.0,5e-06,1e-06,0.0,0.0,0.0
seattle-wa__1486__fov25px57.jpg,seattle-wa,1486,gpU96yV3NI777PrVQ7U4kg,True,17.727698,0,0,0,0,0,0,0,0,0,0,3e-06,1e-06,4e-05,0.0,0.0,2e-06,1e-06,0.0,1e-06,1e-06
seattle-wa__110823__fov25px57.jpg,seattle-wa,110823,isUiGnCs3uT3QOleSEWKwA,False,107.316411,0,0,0,0,0,0,0,0,0,0,4.6e-05,0.0,2e-06,2e-06,0.0,2.6e-05,2e-06,0.0,4e-06,1e-06
seattle-wa__4222__fov25px57.jpg,seattle-wa,4222,J6UT0Vo2y-0RDpBUCguDzA,True,10.40733,0,0,0,0,0,0,0,0,0,0,1e-06,2e-06,3e-06,0.0,0.0,1e-06,1e-06,0.0,6e-06,1e-06
seattle-wa__183931__fov25px57.jpg,seattle-wa,183931,Q2UTux0IfhGT2JzEwji2YQ,True,13.606396,1,0,0,0,0,0,0,0,0,0,0.99971,6e-05,9e-05,0.005227,0.0,1e-06,2e-06,2e-06,0.0,0.0
seattle-wa__269223__fov25px57.jpg,seattle-wa,269223,MzVciQrVQPhXJyVhGgPuqg,False,56.273746,1,0,0,0,0,0,0,0,0,0,1.0,7e-05,1e-06,0.000603,0.0,2.1e-05,5e-06,0.0,1e-06,0.0
seattle-wa__96866__fov25px57.jpg,seattle-wa,96866,yEoA_UX_RW65yIyDlhd4mw,True,3.35547,0,0,0,0,0,0,0,0,0,0,3e-06,1e-06,0.0,0.0,0.0,1.7e-05,1e-06,0.0,0.0,1e-05
seattle-wa__127587__fov25px57.jpg,seattle-wa,127587,dW740_h69S1OoDQf7Ft7-A,False,74.971615,0,0,0,0,0,0,0,0,0,0,1e-06,2.8e-05,0.0,2e-06,0.0,0.0,1e-06,0.0,2e-06,1e-06
seattle-wa__27100__fov25px57.jpg,seattle-wa,27100,F8yPyyhlMSV_dtSVAFAZUg,False,148.306027,0,0,0,0,0,1,0,0,0,0,1e-06,2e-06,1e-06,0.0,0.0,0.0,1e-06,0.0,3e-06,5e-06
seattle-wa__97599__fov25px57.jpg,seattle-wa,97599,MaBXGC2o8TDhxyrZZ5eNXw,True,15.357376,0,0,0,0,0,1,0,0,0,0,0.999982,2e-06,0.0,0.00027,0.0,2e-06,5.4e-05,0.0,1e-06,0.0
chicago-il__28538__fov25px57.jpg,chicago-il,28538,g3z_uRVzy-qmBNVYzunhhg,False,25.676597,0,0,0,0,0,0,0,0,0,0,0.0,1e-06,0.0,5e-05,0.0,0.000965,0.0,0.0,9e-06,0.970918
chicago-il__4939__fov25px57.jpg,chicago-il,4939,n22f3koy-D-IvWJ80upwKg,False,0.832726,0,0,1,0,0,1,0,0,0,0,0.0,2.8e-05,3e-06,0.0,0.0,2.4e-05,0.0,0.0,2.1e-05,1.6e-05
chicago-il__8125__fov25px57.jpg,chicago-il,8125,m1nghCtCSWCIu0NCuxZhQQ,False,5.886271,1,0,0,1,0,0,0,0,0,0,0.99981,5.1e-05,0.820589,0.008891,0.0,3e-06,0.000645,0.016725,0.992749,0.0
chicago-il__2295__fov25px57.jpg,chicago-il,2295,WMZ4csP3DCXoTwNLRmfbVw,True,1.368036,0,0,0,1,0,0,0,0,0,0,0.0,0.001158,0.0,0.007198,0.0,2.5e-05,1e-05,1e-06,4e-06,0.962975
chicago-il__815__fov25px57.jpg,chicago-il,815,qUVeKWC82FfUmvFo-mYvRw,True,1.899709,0,0,0,0,0,0,0,0,0,0,0.0,0.0,2.7e-05,2e-06,0.0,0.006737,1e-06,0.0,0.0,0.566867
chicago-il__11127__fov25px57.jpg,chicago-il,11127,rlShuWgDAhs_3FjPhsrYuQ,True,5.03865,0,1,0,1,0,0,0,0,0,0,0.0,0.001044,5e-06,2e-06,0.0,2e-06,0.0,8e-06,2e-06,0.009828
chicago-il__1051__fov25px57.jpg,chicago-il,1051,_q4Ck9IbgPsVrCjLMn5CjA,True,0.696635,0,0,0,0,0,0,0,0,0,0,0.0,5e-06,1e-06,4e-06,0.0,9.1e-05,0.0,0.0,1e-06,0.68897
chicago-il__2809__fov25px57.jpg,chicago-il,2809,w-FpPUVlGURNqZdFX-XLHg,False,1.208293,0,0,0,0,0,0,0,0,0,0,0.0,8.6e-05,6e-06,1e-06,0.0,1.2e-05,0.0,0.0,2e-06,0.138816
chicago-il__4814__fov25px57.jpg,chicago-il,4814,KEuUFoT0ZPxoU7S-z8XiLg,True,1.352696,0,0,0,0,0,0,0,0,0,0,0.0,3.6e-05,1e-06,1e-06,0.0,0.000778,0.0,0.0,1e-06,0.001001
chicago-il__365__fov25px57.jpg,chicago-il,365,gUBAzE5zjdZnxikeC6GZTQ,True,14.788946,0,0,0,1,0,0,0,0,0,0,6e-06,1e-06,0.0,1e-06,0.0,0.571626,2e-06,0.0,2e-06,0.002311
chicago-il__1076__fov25px57.jpg,chicago-il,1076,KjOvn0o0Bgn3np_BtuHEQA,True,4.791833,0,0,0,0,0,0,0,0,0,0,0.0,7.8e-05,4.9e-05,0.0,0.0,3e-06,0.0,0.0,2e-06,0.007815
chicago-il__9984__fov25px57.jpg,chicago-il,9984,jO8bAI1ppugEHgyRJuNnvA,True,0.333585,1,0,0,0,0,1,0,0,1,0,0.999992,0.005874,0.000249,0.986171,0.0,0.000859,0.000711,0.696687,0.998495,2.1e-05
chicago-il__21966__fov25px57.jpg,chicago-il,21966,IOZkWLbART_HsWo-cx2zNQ,False,315.591946,0,0,0,0,0,0,0,0,1,0,0.000479,0.000257,0.0,3e-06,0.0,0.0,1e-06,1e-06,0.013912,0.0
chicago-il__16148__fov25px57.jpg,chicago-il,16148,j4cm60sFteuTxXbFD22GFA,False,84.994679,1,0,0,1,0,0,0,0,1,0,0.999995,0.000207,0.0,9e-06,0.0,1e-06,1e-06,0.0,0.381948,0.0
chicago-il__10880__fov25px57.jpg,chicago-il,10880,bbyPjxZx8glAVQOnS0BoGA,True,0.667107,0,0,0,1,0,0,0,0,0,0,0.003983,0.001653,0.042225,0.973417,0.0,1e-06,0.000438,0.948636,0.001028,0.000128
chicago-il__10460__fov25px57.jpg,chicago-il,10460,dYHZD3Tb88u07W4n1kYQeg,True,12.067673,0,0,0,0,0,0,0,0,0,0,0.424116,0.002149,1.5e-05,0.0,0.0,6e-06,6e-06,0.0,0.001268,0.0
chicago-il__8373__fov25px57.jpg,chicago-il,8373,yQUzO6eeAGEc6xsD0gsDHQ,True,11.405697,1,0,0,0,0,0,0,0,0,0,0.999992,1e-05,0.0,0.000137,0.0,0.0,3e-06,4e-06,0.000418,0.0
chicago-il__9293__fov25px57.jpg,chicago-il,9293,rsjrbF1CNg3MvdDzdRPnQw,True,11.774321,0,0,0,0,0,0,0,0,0,0,0.0,0.0,2e-06,3e-06,0.0,2e-06,1e-06,0.0,7.6e-05,0.000465
chicago-il__4947__fov25px57.jpg,chicago-il,4947,Lj8MsZHnDKMfBr-30UKlcQ,True,14.911334,1,0,0,0,0,0,0,0,0,0,0.005143,0.0,1e-06,4e-06,0.0,1.2e-05,0.0,0.0,0.0,0.0
chicago-il__7522__fov25px57.jpg,chicago-il,7522,h_kSYZAXPiK4ck5ymEBV6A,False,4.816446,0,0,0,0,0,0,0,0,1,0,0.999755,0.0,1e-06,1e-06,0.0,3e-06,2e-06,0.0,0.000197,0.0
chicago-il__860__fov25px57.jpg,chicago-il,860,HsoLwdkC-ekN6vLDMlTrPg,True,10.447296,0,0,0,0,0,0,0,0,0,0,4.7e-05,3e-06,1e-06,1e-06,0.0,0.0,1.1e-05,0.0,2e-06,7e-06
chicago-il__325__fov25px57.jpg,chicago-il,325,DOnz0I7czqKqoasHFQ2jVw,True,0.400187,0,0,0,1,0,0,0,0,0,0,0.0,1.7e-05,5.9e-05,0.0,0.0,1e-06,1.4e-05,2e-06,0.03746,0.002757
chicago-il__22824__fov25px57.jpg,chicago-il,22824,lENqJShH4q0toVV77Invlg,True,8.803658,1,0,0,0,0,0,0,0,1,0,0.999999,0.011295,0.00968,0.001685,0.0,0.580401,1e-06,0.000105,0.507772,0.0
chicago-il__11221__fov25px57.jpg,chicago-il,11221,GlX2dUixxdG8chgcFctLNQ,True,0.237295,0,0,0,0,0,0,0,1,1,0,0.0,2.1e-05,1e-06,0.0,0.0,0.0,2e-06,1e-06,2.2e-05,0.095949
chicago-il__10882__fov25px57.jpg,chicago-il,10882,QS-_8AOdn49CUDH2O13f3Q,True,0.398043,0,1,0,1,0,0,0,0,1,0,6e-06,0.000455,0.000236,0.711748,0.0,1.5e-05,0.001264,0.002123,0.998139,0.999339
chicago-il__14671__fov25px57.jpg,chicago-il,14671,E2fmJMV1NGwt3087wiZ9pw,True,12.856292,0,0,0,0,0,0,0,0,0,0,0.0,3.9e-05,3e-06,2e-06,0.0,0.0,1e-06,0.0,0.905883,0.000501
chicago-il__10118__fov25px57.jpg,chicago-il,10118,vI0o0ZOODXPbPXT3k5Hu1Q,True,0.845994,1,0,0,0,0,0,0,0,0,0,0.999887,6e-06,0.001147,0.0,0.0,0.977059,3.3e-05,4e-06,0.001221,0.0
chicago-il__15924__fov25px57.jpg,chicago-il,15924,NHNKj-94c26iSKbdIRp1pg,False,116.192907,1,0,0,1,0,0,0,0,1,0,0.317425,0.0,0.0,0.022347,0.0,0.109307,1e-06,7.9e-05,1e-06,4e-06
chicago-il__8189__fov25px57.jpg,chicago-il,8189,j_NEe5cIT4fH8qiKQ65Yig,True,2.867325,1,0,0,0,0,0,0,0,0,0,0.00542,1e-06,0.0,2.3e-05,0.0,0.00124,5e-06,4e-06,0.0,0.0
chicago-il__3140__fov25px57.jpg,chicago-il,3140,SdVcUhIx6Z1vI6bqCEDpJw,True,0.427318,0,0,0,0,0,0,0,0,0,0,0.0,0.00886,5.4e-05,0.0,0.0,4.4e-05,5.3e-05,3e-06,1e-06,0.241869
chicago-il__1181__fov25px57.jpg,chicago-il,1181,e3h9iW7ebG5LcTB1x3P-sg,False,80.409769,0,0,0,0,0,0,0,0,0,0,8e-06,0.000227,0.0,0.003218,0.0,1.3e-05,0.159809,0.000538,0.228206,0.015673
chicago-il__14094__fov25px57.jpg,chicago-il,14094,zgB5ReSYEK-fUw8SB1PiMQ,False,58.862125,1,0,0,0,0,0,0,0,0,0,0.999833,0.0,4e-06,0.040261,0.0,0.001081,0.000478,0.0,0.025238,0.0
chicago-il__7836__fov25px57.jpg,chicago-il,7836,STbkw8YZk1zGqJn95Jc-0A,True,1.432843,1,1,0,1,0,0,0,0,0,0,0.999834,1e-06,0.979358,0.011595,0.0,8e-06,0.000127,0.007362,0.865627,0.0
chicago-il__23112__fov25px57.jpg,chicago-il,23112,yN9A6T0BWwPRwzR_yKetdg,False,264.345182,0,0,0,0,0,0,0,0,0,0,1e-06,9e-06,0.0,2e-06,0.0,0.0,2e-06,1e-06,0.010769,0.059429
chicago-il__10011__fov25px57.jpg,chicago-il,10011,nZJmzeOMUhz92eDpVqbbNA,True,0.532144,1,0,0,0,0,0,0,0,0,0,0.999999,0.00044,0.00013,0.000324,0.0,0.170381,3.2e-05,0.0,1.5e-05,0.0
chicago-il__10551__fov25px57.jpg,chicago-il,10551,LgBNPCv5NSyJ8rXbMnm4vA,True,3.944345,0,0,0,0,0,0,0,0,0,0,1e-06,0.0,0.0,0.000567,0.0,3e-06,3e-06,2e-06,1e-06,0.007434
chicago-il__15927__fov25px57.jpg,chicago-il,15927,LbGkZiRxV_d9sWtXKR5Tmg,False,181.280043,0,0,0,0,0,0,0,0,0,0,0.0,9.6e-05,0.0,2.9e-05,0.0,5e-06,1e-06,1e-06,7e-06,0.00027
chicago-il__11157__fov25px57.jpg,chicago-il,11157,6VSMJdri0Tay2nfsUhq_mw,True,1.826352,0,1,0,0,0,0,0,1,1,0,0.000149,0.0,0.000156,0.291872,0.0,3.1e-05,1.1e-05,0.0,0.122426,7.9e-05
chicago-il__11031__fov25px57.jpg,chicago-il,11031,wV4338SF-waNGMUisTgpxQ,True,2.259497,0,1,0,0,0,0,0,0,0,0,2e-06,6.5e-05,1e-06,0.0,0.0,3e-06,1e-06,0.0,0.0,1e-06
chicago-il__14234__fov25px57.jpg,chicago-il,14234,-FoiGJCwSI_rPbhj1aVLdw,False,95.276575,1,0,0,0,0,0,0,0,0,0,0.999902,0.0,4.7e-05,2.2e-05,0.0,2e-06,0.0,1e-06,2.1e-05,0.0
chicago-il__1939__fov25px57.jpg,chicago-il,1939,8wJ5YitgnrX-9b-xs_AxVw,True,2.562375,0,0,0,0,0,0,0,0,0,0,2.1e-05,1e-06,0.0,0.0,0.0,1e-06,1e-06,0.0,9e-06,0.001782
chicago-il__8778__fov25px57.jpg,chicago-il,8778,yljg6Bq8FS6xn0WjabtLzw,False,86.87611,1,0,0,0,0,0,0,0,0,0,0.0,9e-06,0.0,1.3e-05,0.0,0.040983,1e-06,0.0,0.111458,0.019557
chicago-il__934__fov25px57.jpg,chicago-il,934,_iC0-_BSQX5t5C60DQiiIg,True,12.647934,0,0,0,0,0,0,0,0,0,0,0.0,6.8e-05,0.0,0.0,0.0,0.0,2e-06,4.2e-05,3.8e-05,0.000906
chicago-il__11226__fov25px57.jpg,chicago-il,11226,GlX2dUixxdG8chgcFctLNQ,True,5.014679,1,0,0,1,0,0,0,0,1,0,0.999925,1.1e-05,0.000121,0.000105,0.0,0.0,0.005475,0.000161,0.996376,0.0
chicago-il__23186__fov25px57.jpg,chicago-il,23186,mKflfSknnFX2qPhM2um0Gg,False,357.994251,0,0,0,0,0,0,0,0,0,0,1e-06,0.001998,1e-06,0.0,0.0,0.0,1e-06,3e-06,0.000381,0.017437
chicago-il__844__fov25px57.jpg,chicago-il,844,CKrWu9b_jaNmmJZnIw2GQg,True,0.468756,0,0,0,0,0,0,0,1,0,0,9e-06,0.000141,0.0,0.211923,0.0,5e-06,2e-06,7.8e-05,3.7e-05,3e-05
chicago-il__4933__fov25px57.jpg,chicago-il,4933,sKVo3CEm9CNsooLxJsH2PA,True,0.89338,0,0,0,0,0,0,0,0,0,0,0.0,0.001445,5e-06,4e-06,0.0,0.0,3e-06,1e-06,0.000872,0.082048
chicago-il__2302__fov25px57.jpg,chicago-il,2302,STbkw8YZk1zGqJn95Jc-0A,True,1.387094,1,0,0,1,0,0,0,0,0,0,0.999734,5e-06,0.473632,0.012921,0.0,1.6e-05,0.000857,0.009079,0.999825,2e-06
chicago-il__10811__fov25px57.jpg,chicago-il,10811,RylrwcQCZFvqon8XzM39xA,True,7.513199,0,0,0,0,0,0,0,0,0,0,0.0,2e-06,6e-06,2e-06,0.0,1e-06,0.0,0.0,8.9e-05,0.015011
chicago-il__6651__fov25px57.jpg,chicago-il,6651,PT9NTS2H6oj26qttf7WoVQ,True,8.429426,0,0,0,0,0,0,0,0,0,0,0.0,0.0,1.5e-05,2e-06,0.0,1.4e-05,1e-06,0.0,0.0,0.001089
chicago-il__28885__fov25px57.jpg,chicago-il,28885,hJrSG1Ywl3qWYUPsjUCdGQ,True,4.548436,0,0,0,0,0,0,0,0,1,0,1e-06,0.471302,6e-06,3e-06,0.0,0.0,0.000849,7e-06,0.00373,0.000624
chicago-il__254__fov25px57.jpg,chicago-il,254,lMKX_XAbqN97sFKJGkfooQ,True,1.424604,1,0,0,0,0,0,0,0,0,0,0.999981,2.7e-05,0.0,0.270827,0.0,2e-06,1e-06,7e-06,5.2e-05,0.0
chicago-il__6691__fov25px57.jpg,chicago-il,6691,2euRT8lqJaWmvWHKYcBvfQ,False,74.391168,0,0,0,0,0,0,0,0,0,0,0.0,5e-06,1e-06,1.2e-05,0.0,1e-06,1e-06,0.0,0.014915,0.183796
chicago-il__11141__fov25px57.jpg,chicago-il,11141,ZfS7QjBqw2GjeEw5eVE5_w,True,4.935953,1,1,0,0,0,0,0,0,0,0,0.999655,8.6e-05,0.0,7e-06,0.0,7e-06,0.0,0.0,0.0,0.0
chicago-il__3145__fov25px57.jpg,chicago-il,3145,SdVcUhIx6Z1vI6bqCEDpJw,True,11.453093,1,0,0,0,0,0,0,0,0,0,0.99999,5e-06,0.0,1e-06,0.0,0.000374,4e-06,0.0,4e-06,0.0
chicago-il__8923__fov25px57.jpg,chicago-il,8923,dwdsj1-d8OFhmvoNucVlsA,False,13.331715,0,0,0,0,0,0,0,0,0,0,1e-06,2e-06,0.0,1e-06,0.0,1e-06,1e-06,0.0,0.0,1.7e-05
chicago-il__13169__fov25px57.jpg,chicago-il,13169,wr-jckvT-uPyWnIMGWizcQ,False,72.211786,0,0,0,0,0,0,0,1,0,0,0.0,0.0,2e-06,3.1e-05,0.0,0.0,1e-06,0.0,1e-06,0.001377
chicago-il__3310__fov25px57.jpg,chicago-il,3310,bv95bXx2JGbOz_ILuHa5Lg,False,0.67267,0,0,0,0,0,0,0,0,0,0,0.0,5.8e-05,2e-06,1e-06,0.0,3e-06,1e-06,1e-06,0.0,0.103578
chicago-il__250__fov25px57.jpg,chicago-il,250,lMKX_XAbqN97sFKJGkfooQ,True,2.458528,1,0,0,0,0,0,0,0,1,0,0.999983,5e-06,1.6e-05,0.167645,0.0,0.003945,0.000124,4.1e-05,0.998558,0.0
chicago-il__11903__fov25px57.jpg,chicago-il,11903,Y7127qOaPVTpA9A1sxfXiA,True,2.985505,0,0,0,0,0,0,0,0,0,0,0.0,4e-06,3e-06,1e-06,0.0,0.0,1e-06,1e-06,1e-06,0.000503
chicago-il__10318__fov25px57.jpg,chicago-il,10318,CkMzyYX5i7U-BL_1bq4BdA,True,0.670669,0,1,0,0,0,0,0,0,0,0,0.0,0.000166,6.3e-05,0.0,0.0,0.0,1.8e-05,3e-06,0.000221,6e-06
chicago-il__4361__fov25px57.jpg,chicago-il,4361,ref2qlBYUn8GBGmaGCxaDA,True,1.336993,0,0,0,1,0,0,0,0,0,0,5.1e-05,0.0,2e-06,0.000238,0.0,0.001209,1e-06,1e-06,0.0,0.0
chicago-il__6912__fov25px57.jpg,chicago-il,6912,xu6hyWirYHTXHA8sru8cVg,True,0.544944,0,0,1,0,0,1,0,0,0,0,0.0,5e-06,3e-05,6e-06,0.0,4e-06,0.0,0.0,0.0,0.000111
chicago-il__1836__fov25px57.jpg,chicago-il,1836,eKPkZpCd2sIMuJdxsvb6nA,True,8.337281,0,0,0,1,0,0,0,0,0,0,1e-06,0.000518,0.017231,4e-06,0.0,0.0,1e-05,4.2e-05,0.035096,0.000194
chicago-il__28864__fov25px57.jpg,chicago-il,28864,n4VQ-bzK-X-YjB2-xf_tTg,True,11.358198,0,0,0,0,0,0,0,0,0,0,1e-06,0.0,1e-06,0.0,0.0,6.2e-05,0.0,0.0,1e-06,0.000248
chicago-il__10865__fov25px57.jpg,chicago-il,10865,1U7z3e849F4_fWPTwfdWew,True,1.015006,0,0,0,0,0,0,0,0,0,0,0.0,0.000475,0.0,7.8e-05,0.0,0.000179,0.0,1e-06,0.000127,0.645013
chicago-il__13674__fov25px57.jpg,chicago-il,13674,5bABty5Hp0_vqu7SAbg-Hg,True,11.141745,0,0,0,0,0,0,0,1,0,0,0.0,9.1e-05,1e-06,1.9e-05,0.0,0.0,1e-06,1e-06,1.3e-05,0.033787
chicago-il__10522__fov25px57.jpg,chicago-il,10522,RQpy_kzIWIkffT2cQKrkIg,True,0.778366,0,0,0,0,0,0,0,0,0,0,1e-06,0.0,0.0,2.4e-05,0.0,1e-06,0.0,2e-06,1e-06,0.016835
chicago-il__9916__fov25px57.jpg,chicago-il,9916,Dx4nj-FZ1j2cTWGKofNZ9g,True,0.237206,0,0,0,0,0,0,0,0,0,0,0.0,0.0,1e-06,4e-06,0.0,4e-06,0.0,0.0,0.001415,0.204263
chicago-il__8165__fov25px57.jpg,chicago-il,8165,hu2ElQmwWz_-Vwn0CrtMbQ,False,100.268627,1,0,0,0,0,0,0,0,0,0,0.999704,4e-06,0.0,0.000133,0.0,0.0,5e-06,0.0,8.6e-05,0.0
chicago-il__1564__fov25px57.jpg,chicago-il,1564,oF8Bx0KvESGZSa3fiTFVpQ,True,12.800742,0,0,0,0,0,0,0,0,0,0,0.0,1e-06,2e-06,0.0,0.0,9e-06,0.0,0.0,3e-06,0.001064
chicago-il__43041__fov25px57.jpg,chicago-il,43041,km518SglbX0A5Xp6Myir_Q,True,5.207574,0,0,0,0,0,0,0,0,1,0,1e-06,1e-06,0.0,0.0,0.0,4e-06,0.0,0.0,1e-06,1e-05
chicago-il__12909__fov25px57.jpg,chicago-il,12909,go6XBa0SulTzOmsCyrWxTA,True,4.705435,1,1,0,0,0,0,0,0,0,0,0.999869,0.004797,0.0,0.002686,0.0,0.0,2.3e-05,1.8e-05,2.1e-05,0.0
chicago-il__6439__fov25px57.jpg,chicago-il,6439,9L1gEvgZJ2rDqeGYXorvMA,True,0.400195,1,0,1,0,0,0,0,0,0,0,0.991709,1e-06,1.3e-05,0.0,0.0,4e-06,1e-06,0.0,4e-06,0.0
chicago-il__10542__fov25px57.jpg,chicago-il,10542,2337iZWUg8m1pNs0CXx_ew,False,1.246234,0,0,0,0,0,0,0,0,0,0,0.000208,0.0,4e-06,0.766813,0.0,2e-06,2.4e-05,5e-06,0.000388,9.3e-05
chicago-il__2478__fov25px57.jpg,chicago-il,2478,wnoBO1AO1L9o2oDnh0U8QA,False,18.987872,1,1,0,0,0,0,0,0,0,0,0.999999,1.3e-05,1e-06,0.07117,0.0,4e-06,1e-06,0.014509,0.014554,0.0
chicago-il__188__fov25px57.jpg,chicago-il,188,Do9piVgHn6qumoUFgAfX9Q,False,0.45249,0,0,0,0,0,0,0,0,1,0,4.7e-05,4e-06,5e-06,4.8e-05,0.0,1e-06,9.9e-05,1e-05,0.999912,4.6e-05
chicago-il__88__fov25px57.jpg,chicago-il,88,gsWhJe2qbbkmM9VGtc9ahg,True,2.126991,0,0,0,0,0,0,0,0,0,0,0.0,2e-06,8e-06,0.0,0.0,0.000256,0.0,0.0,0.000479,0.432868
chicago-il__555__fov25px57.jpg,chicago-il,555,wVvVRXpB5iaJvS64Rnesxw,True,10.596422,1,0,1,0,0,0,0,0,0,0,0.999932,0.014903,0.981456,0.003864,0.0,4e-06,1e-06,2e-06,0.004414,0.0
chicago-il__8211__fov25px57.jpg,chicago-il,8211,K2pObizhVAsYri3bYkCyDg,True,4.651119,0,0,0,0,0,0,0,0,0,0,0.0,0.0,2e-06,2.3e-05,0.0,0.0,1.5e-05,1e-06,6e-06,2.7e-05
chicago-il__8524__fov25px57.jpg,chicago-il,8524,CAdJzGh0DqogdCifJIESNQ,True,8.446325,0,0,0,0,0,0,0,0,0,0,3e-06,6e-06,0.0,1e-06,0.0,1e-06,3e-06,0.0,0.000785,0.035116
chicago-il__16146__fov25px57.jpg,chicago-il,16146,nG_vrvZGhTU3vOjWal_DUg,False,87.370927,1,0,0,1,0,0,0,0,0,0,0.999982,3e-06,8e-06,3.9e-05,0.0,0.0,1e-06,3e-06,0.00416,0.0
chicago-il__14216__fov25px57.jpg,chicago-il,14216,EVfHXUKr0AwW-frPLdEUEA,True,3.638191,1,0,0,0,0,0,0,0,0,0,0.190322,4e-06,9.1e-05,0.000708,0.0,0.0,1e-06,1e-06,0.030961,1e-06
chicago-il__10556__fov25px57.jpg,chicago-il,10556,UDqKn9WzCohOQ68qlcgAHQ,True,0.995034,0,0,0,0,0,0,0,0,0,0,0.0,3e-06,1e-06,2e-06,0.0,0.769672,0.0,0.0,1e-06,0.454405
chicago-il__18823__fov25px57.jpg,chicago-il,18823,K-dGoeJJ-V-7p8ngZELU8Q,False,100.475756,1,0,0,0,0,0,0,0,0,0,0.999908,1e-06,2e-06,2.6e-05,0.0,0.000114,1e-05,0.0,3.3e-05,0.0
chicago-il__1344__fov25px57.jpg,chicago-il,1344,5jwX0S1IemC3v_F2Vkx4sw,False,2.491374,0,0,0,0,0,0,0,0,0,0,3.5e-05,0.0,2e-06,1e-06,0.0,0.0,2e-06,0.0,1e-06,1e-06
chicago-il__10042__fov25px57.jpg,chicago-il,10042,-lMfRym6drnDKWDKTBK1PA,True,5.31093,0,1,0,0,0,0,0,0,0,0,2e-05,1e-06,0.0,0.0,0.0,0.0,1e-06,0.0,1.8e-05,2e-06
chicago-il__12291__fov25px57.jpg,chicago-il,12291,_GunOdt66H8z6WBZFZXcKw,False,3.701179,0,0,0,0,0,0,0,0,0,0,0.998953,1e-06,0.003224,0.001464,0.0,5.6e-05,0.0,2.4e-05,4.5e-05,0.0
chicago-il__1623__fov25px57.jpg,chicago-il,1623,4X797DmXEhhIa0DTmNz7qQ,True,0.816785,1,0,0,0,0,0,0,0,0,0,0.999801,8.2e-05,0.0,0.075764,0.0,0.0,3e-06,0.0,0.002837,0.0
chicago-il__17883__fov25px57.jpg,chicago-il,17883,JLQZeBt7T6tXuAkyumxY-w,False,438.537074,0,0,0,0,0,0,0,0,0,0,1e-06,0.005102,0.000529,0.0,0.0,0.0,2.2e-05,5e-06,0.985349,0.000649
chicago-il__1356__fov25px57.jpg,chicago-il,1356,i3Z6Wyylpo5DxbIVFT8AYQ,True,1.485455,1,0,0,0,0,1,0,0,0,0,0.999536,0.0,2e-06,1.2e-05,0.0,0.994458,1.1e-05,0.0,3.7e-05,0.0
chicago-il__6504__fov25px57.jpg,chicago-il,6504,lglzpvR35KFz4xmByz-low,True,0.138859,1,0,0,0,0,0,0,0,0,0,1.0,2e-06,1.3e-05,0.000919,0.0,0.11722,2e-06,0.000116,0.006309,0.0
chicago-il__9323__fov25px57.jpg,chicago-il,9323,YPJ-PgSeuQILUJqB2PKWRw,True,2.740864,0,0,0,0,0,0,0,0,0,0,2e-06,0.0,0.0,2e-06,0.0,1e-06,2e-06,0.0,1.4e-05,2e-06
chicago-il__17654__fov25px57.jpg,chicago-il,17654,F4pT9KbqYr3foE2LILDS-A,True,0.942722,1,0,0,1,0,0,0,0,1,0,0.99999,0.013517,5e-06,0.035801,0.0,1e-06,2.2e-05,0.001164,0.999501,0.0
chicago-il__864__fov25px57.jpg,chicago-il,864,_keruaue4e3PUrmI6cHtaw,True,3.873325,0,0,0,0,0,0,0,0,0,0,0.143034,0.0,2e-06,5e-06,0.0,3.7e-05,0.0,0.0,2e-06,0.0
chicago-il__9407__fov25px57.jpg,chicago-il,9407,aMmw5phTONSJc42OLXinEg,False,1.158854,0,0,0,0,0,0,0,0,1,0,0.0,3e-06,2e-06,0.0,0.0,1e-06,0.0,0.0,1.4e-05,0.055045
chicago-il__11576__fov25px57.jpg,chicago-il,11576,ZoXJ6Tloapx0M1bsGEIHRw,True,1.334153,0,0,0,0,0,0,0,0,1,0,1e-06,0.0,0.0,1e-06,0.0,0.0,3e-06,1e-06,0.000235,8.2e-05
chicago-il__14228__fov25px57.jpg,chicago-il,14228,-FoiGJCwSI_rPbhj1aVLdw,False,89.633153,1,0,0,0,0,0,0,0,0,0,1.8e-05,2e-05,0.0,0.0,0.0,1e-06,1e-06,0.0,0.000194,1e-06
chicago-il__11164__fov25px57.jpg,chicago-il,11164,ySwc4YvqAC5oHHzZ48A57Q,True,1.686202,0,0,0,0,0,1,0,0,1,0,6.7e-05,0.0,0.000663,1e-06,0.0,1.5e-05,7.3e-05,1e-06,0.982106,7.6e-05
chicago-il__28629__fov25px57.jpg,chicago-il,28629,GBz6VH4NyVivxoXzEZK7eg,False,185.536311,0,0,0,0,0,0,0,0,0,0,0.0,2e-06,0.0,5e-06,0.0,1e-06,0.0,0.0,0.057476,0.04036
chicago-il__6239__fov25px57.jpg,chicago-il,6239,E17YLL2TMNdqPjJI6r7mMg,True,4.344421,0,0,0,0,0,0,0,0,0,0,0.0,5.8e-05,1e-06,0.000434,0.0,0.0,0.000202,2e-06,0.000221,0.033602
chicago-il__10572__fov25px57.jpg,chicago-il,10572,fG2rAWpKkJzCCR2tfvsQ6Q,True,0.608603,0,0,0,0,0,0,0,0,0,0,1e-06,1e-06,0.0,1e-06,0.0,0.0,2e-06,0.0,4e-06,1.7e-05
chicago-il__4524__fov25px57.jpg,chicago-il,4524,9dAaD_OiEPuUREbMvLKA1g,False,93.322676,0,0,0,0,0,0,0,0,0,0,0.0,3.2e-05,1e-06,0.0,0.0,3e-06,3e-06,0.0,0.000545,0.025892
chicago-il__43073__fov25px57.jpg,chicago-il,43073,vzRyrp47pb_gbwAUworXhw,True,4.450876,0,0,0,0,0,0,0,0,0,0,4e-06,7.6e-05,0.0,0.0,0.0,0.0,3e-06,1e-06,0.001532,7e-05
chicago-il__11145__fov25px57.jpg,chicago-il,11145,skgl48lAe7MRJ0FhDU90SA,True,1.282157,0,1,0,0,0,0,0,0,0,0,7.7e-05,0.0,0.00067,6e-06,0.0,0.520868,1e-06,0.000132,0.004328,0.00044
chicago-il__11092__fov25px57.jpg,chicago-il,11092,KLawxH1fbZwZV-e1dMTH_g,True,0.44478,0,0,0,0,0,1,0,0,0,0,0.0,1e-06,0.0,3.5e-05,0.0,4e-06,1e-06,1e-06,1e-06,9.2e-05
chicago-il__18715__fov25px57.jpg,chicago-il,18715,5jtotS1XWS4sLCEgFAqksg,False,105.023393,1,0,0,0,0,0,0,0,0,0,0.997283,1.6e-05,0.000175,6.3e-05,0.0,0.002569,0.02693,1.7e-05,0.999985,1e-05
chicago-il__13362__fov25px57.jpg,chicago-il,13362,no0qj8BsNyKKf14PmLDjWA,False,95.447693,1,0,0,1,0,0,0,0,1,0,1.0,6.2e-05,0.0001,0.000137,0.0,0.0,6.5e-05,6e-06,0.006269,0.0
chicago-il__811__fov25px57.jpg,chicago-il,811,qUVeKWC82FfUmvFo-mYvRw,True,1.202485,0,0,0,0,0,0,0,0,0,0,1e-06,2e-06,0.0,0.000508,0.0,0.0,0.0,3e-06,0.000214,0.050268
chicago-il__11003__fov25px57.jpg,chicago-il,11003,ufTaMDKgOWTLR0rJkYjDZg,True,0.608613,0,1,0,0,0,0,0,0,1,0,0.0,0.018491,0.0,2.4e-05,0.0,2e-06,0.00017,1e-06,0.000281,0.000544
chicago-il__13865__fov25px57.jpg,chicago-il,13865,FnBcpaVbWABeNLxbgZ2QMw,True,14.52713,1,0,0,0,0,0,0,0,0,0,0.538315,1e-06,0.0,0.000142,0.0,0.0,1e-06,0.0,3e-06,0.0
chicago-il__5994__fov25px57.jpg,chicago-il,5994,--meZca-6fp83Ie_FyDHIQ,True,13.564711,0,0,0,1,0,1,0,0,0,0,0.002075,1e-06,0.0,4.6e-05,0.0,2e-06,1e-06,1e-06,0.000459,1e-06
chicago-il__1702__fov25px57.jpg,chicago-il,1702,Bb6BQNrbsBm9l8oXrYEWhw,True,1.234321,0,0,0,0,0,0,0,0,1,0,0.000232,0.0,7.9e-05,3.3e-05,0.0,1e-06,3.9e-05,0.0,0.993043,0.000729
chicago-il__19866__fov25px57.jpg,chicago-il,19866,KLawxH1fbZwZV-e1dMTH_g,True,12.342654,1,0,0,0,0,0,0,0,0,0,0.250201,5e-06,0.0,1.5e-05,0.0,0.0,0.0,0.0,1.1e-05,0.0
chicago-il__11497__fov25px57.jpg,chicago-il,11497,GeqVepEA9CETsPdmYbVKDg,False,42.883371,0,0,0,0,0,0,0,1,0,0,8e-06,0.002108,0.0,6.6e-05,0.0,0.0,4e-06,1e-06,0.017174,0.003334
chicago-il__4573__fov25px57.jpg,chicago-il,4573,AGZPiC6HRvkra2p82hukwA,True,14.010785,0,0,0,0,0,0,0,0,0,0,0.0,0.001352,0.000236,0.0,0.0,0.001539,0.0,0.0,0.0,0.653982
chicago-il__3622__fov25px57.jpg,chicago-il,3622,eFAQRC0CEn3c9mYlcMUE_Q,False,109.751716,0,0,0,0,0,0,0,0,0,0,0.999906,1e-06,8e-06,6.3e-05,0.0,1e-06,2e-06,0.0,1.3e-05,0.0
chicago-il__120__fov25px57.jpg,chicago-il,120,BSw5lDh8p0StAY38Ne7eCQ,True,0.199572,0,0,0,0,0,0,0,0,0,0,0.0,1.1e-05,0.000613,9e-06,0.0,3e-06,0.0,0.0,0.0,0.070865
chicago-il__3437__fov25px57.jpg,chicago-il,3437,dawlvGzAqxcZIRZnU1AfdA,False,20.968565,0,0,0,0,0,0,0,0,0,0,0.0,1e-06,1e-06,1e-06,0.0,4e-06,1e-06,0.0,1e-06,0.007456
chicago-il__22860__fov25px57.jpg,chicago-il,22860,WyDIizvN8gaLA7r8EIyeog,True,9.896711,1,0,0,0,0,0,0,0,1,0,0.999853,1e-06,3e-06,0.001402,0.0,8e-06,1e-06,3.2e-05,0.941689,0.0
chicago-il__6161__fov25px57.jpg,chicago-il,6161,GR_MNjS1sL28ZC5Ur7TjIA,True,6.687459,1,0,0,0,0,0,0,0,0,0,0.999996,1e-06,2e-06,0.000813,0.0,0.0,1e-06,0.0,1.9e-05,0.0
chicago-il__583__fov25px57.jpg,chicago-il,583,vM2mySVP8s-wGuQzXcZCbA,True,11.560599,0,0,0,0,0,0,0,0,0,0,1e-06,7.8e-05,0.0,6e-06,0.0,1e-06,6.9e-05,1e-06,0.00095,0.280971
chicago-il__6192__fov25px57.jpg,chicago-il,6192,oXOFDn3P4GcoTLCpQebFQA,True,0.66558,0,0,1,0,0,1,0,0,0,0,0.0,0.000584,0.989371,1.2e-05,0.0,0.002414,1e-06,8e-06,8.1e-05,0.992581
chicago-il__9907__fov25px57.jpg,chicago-il,9907,lhc4l3ZU_KTvM7zL5zL3zQ,False,7.916616,0,0,0,0,0,0,0,0,0,0,0.0,0.000114,2e-05,0.0,0.0,0.0,0.0,0.0,0.000993,0.015417
chicago-il__12319__fov25px57.jpg,chicago-il,12319,MTDSuP0SEC4YtsLy3r4Jyg,False,17.032723,0,0,0,0,0,0,0,0,0,0,0.000683,0.0,6e-06,0.002099,0.0,0.0,2e-06,1e-06,2e-06,1e-06
chicago-il__1266__fov25px57.jpg,chicago-il,1266,yr15lOgUB-LW4rFnVN2GfA,True,9.094012,1,0,0,0,0,0,0,0,0,0,0.010669,2e-06,3.4e-05,6e-06,0.0,0.0,3e-06,0.0,6.6e-05,0.0
chicago-il__1901__fov25px57.jpg,chicago-il,1901,uGOFwVX8eNb79ngMtbWa0A,True,0.66717,0,0,0,0,0,0,0,0,1,0,0.990607,1e-06,0.0,0.000143,0.0,0.0,4e-05,0.0,0.913157,0.0
chicago-il__554__fov25px57.jpg,chicago-il,554,wVvVRXpB5iaJvS64Rnesxw,True,0.44478,1,0,0,1,0,0,0,0,1,0,0.999997,3e-06,0.0,0.000841,0.0,0.002172,0.000465,0.00042,0.86517,0.0
chicago-il__17406__fov25px57.jpg,chicago-il,17406,hh-Yj6Mfy3gEANmbpY5oyw,True,8.882811,1,0,0,0,0,0,0,0,1,0,1.0,0.000156,2e-05,9.5e-05,0.0,1e-06,1.5e-05,3e-05,0.957485,0.0
chicago-il__8269__fov25px57.jpg,chicago-il,8269,71ecnjMxnbxzjHuqZfWNOw,True,7.117046,1,0,0,0,0,0,0,0,0,0,0.999964,0.0,1e-06,0.011418,0.0,0.0,7.5e-05,4.2e-05,0.000874,0.0
chicago-il__495__fov25px57.jpg,chicago-il,495,vuIgQi9irtLN7wgtceb07g,True,3.654296,0,0,0,0,0,0,0,0,1,0,0.861761,0.0,0.0,3.7e-05,0.0,0.0,1e-05,0.0,0.004388,0.0
chicago-il__504__fov25px57.jpg,chicago-il,504,xkD1f4c5uDmseeEAbYruag,False,74.455998,0,0,0,0,0,0,0,0,0,0,0.137135,1e-06,2e-06,4e-06,0.0,0.0,3e-06,0.0,5.1e-05,1e-06
chicago-il__12758__fov25px57.jpg,chicago-il,12758,DoIZZGha5-vFcKXok2-kog,False,9.551285,0,0,0,0,0,0,0,0,0,0,0.0,7.6e-05,0.0,2.7e-05,0.0,3e-06,4e-06,1e-06,8e-06,0.000216
chicago-il__6644__fov25px57.jpg,chicago-il,6644,xa_MQ7pn9ayCa7hgL1xDnw,True,3.685362,1,0,0,0,0,0,1,0,0,0,0.999975,5e-06,1.3e-05,0.000696,0.0,1e-06,0.243464,0.000102,0.042973,0.0
chicago-il__1728__fov25px57.jpg,chicago-il,1728,-6gH0fn4ALDk3d5yepdCOg,True,13.359935,0,0,0,0,0,0,0,0,0,0,0.0,1e-06,1e-06,1e-06,0.0,1e-06,2e-06,0.0,1e-06,2.1e-05
chicago-il__6220__fov25px57.jpg,chicago-il,6220,2Orl9K7J8YzgiSICWgJA_w,True,8.026858,0,0,0,0,0,0,0,0,0,0,1e-05,0.0,0.0,1e-06,0.0,1e-06,2e-06,1e-06,0.005859,0.000464
chicago-il__2737__fov25px57.jpg,chicago-il,2737,83p4v4Z5pN4iRYfKFvi22A,True,4.756057,0,0,0,0,0,0,0,0,0,0,1e-06,1e-06,6e-06,0.0,0.0,1e-06,1e-06,0.0,2e-06,1.2e-05
chicago-il__839__fov25px57.jpg,chicago-il,839,CKrWu9b_jaNmmJZnIw2GQg,True,0.665601,0,0,0,0,0,0,0,0,0,0,1.7e-05,1.7e-05,0.082212,2e-06,0.0,0.008405,0.000136,1e-05,0.000337,0.001075
chicago-il__21__fov25px57.jpg,chicago-il,21,VvFlgEkOuGmMtvvgO6lZog,True,6.123882,0,0,0,0,0,0,0,0,0,0,1e-06,6e-06,0.0,0.0,0.0,1e-06,5e-06,0.0,0.000236,5.5e-05
chicago-il__17845__fov25px57.jpg,chicago-il,17845,DGAw-5Pjl1PZGfmn_ru5Xw,True,0.941959,0,1,0,0,0,0,0,0,0,0,0.0,0.895345,2.4e-05,6e-06,0.0,8.6e-05,3e-06,5e-06,1e-06,0.67495
chicago-il__4538__fov25px57.jpg,chicago-il,4538,u9ogbWWHa49VAmjZnqmLKg,False,11.888168,1,0,0,1,0,0,0,0,0,0,0.762881,0.0,0.0,0.000158,0.0,1e-06,1e-06,1e-06,1e-06,1e-06
chicago-il__10588__fov25px57.jpg,chicago-il,10588,jlFOhg6lmAq72hNs6SriOA,True,12.347067,1,0,0,0,0,0,0,0,0,0,0.712562,0.0,0.000529,1.3e-05,0.0,0.0,1e-06,0.0,8e-06,0.0
chicago-il__4903__fov25px57.jpg,chicago-il,4903,tFsiL5nwz5tDx2UYf5alcg,True,0.606684,0,1,0,0,0,0,0,0,1,0,0.01278,0.000211,7.2e-05,0.000257,0.0,0.00017,2.2e-05,0.000301,0.999939,0.000156
chicago-il__500__fov25px57.jpg,chicago-il,500,Bosa8I_C5ALSyYvY_hbu-g,True,11.653572,0,0,0,0,0,0,0,0,1,0,0.956792,3e-06,0.0,2e-06,0.0,1.5e-05,0.00048,1e-06,0.997166,1e-06
chicago-il__11138__fov25px57.jpg,chicago-il,11138,dq-DoOimVg5Hr7JLpdYZZQ,True,0.751077,1,0,0,0,0,1,0,0,1,0,0.924089,0.0,1e-06,0.003623,0.0,0.861552,8e-06,0.002948,2.7e-05,0.000167
chicago-il__1031__fov25px57.jpg,chicago-il,1031,fXfGBfhLWYnkeWX93iXRag,True,16.375651,1,0,0,0,0,1,0,0,0,0,0.999981,2e-06,2.3e-05,0.0,0.0,0.000703,0.0,0.0,1e-06,0.0
chicago-il__20860__fov25px57.jpg,chicago-il,20860,Sp1S-44NAhlhs8ljBcF7eQ,False,133.805481,0,0,0,0,0,0,0,0,1,0,0.955055,1.3e-05,0.000121,0.003881,0.0,2.7e-05,3.7e-05,1.1e-05,0.999999,3.2e-05
chicago-il__9617__fov25px57.jpg,chicago-il,9617,VPtZsnepatrsQNEF2UdE1w,False,16.68315,0,1,0,0,0,0,0,0,0,0,0.999456,3e-06,5e-06,0.0,0.0,7e-06,1.2e-05,0.0,0.003767,0.0
chicago-il__19859__fov25px57.jpg,chicago-il,19859,GP4HXSYULyFMjrRl4v2XcQ,True,16.537214,0,0,1,0,0,0,0,0,0,0,0.000368,7e-06,0.003287,0.0,0.0,0.000111,1e-06,0.0,1e-06,0.0
chicago-il__38175__fov25px57.jpg,chicago-il,38175,RQ0x0OsARrHckloo6KEmhA,False,49.644731,0,0,0,0,0,0,0,0,0,0,0.0,0.0,6e-06,3e-06,0.0,1e-06,1e-06,0.0,3e-06,1.3e-05
chicago-il__9138__fov25px57.jpg,chicago-il,9138,3tU2RLuhm1OScg4GrxhuUw,True,1.39933,0,0,0,0,0,0,0,0,0,0,0.009289,0.0,0.0,1e-06,0.0,0.002024,1e-06,0.0,1e-06,2e-06
chicago-il__11896__fov25px57.jpg,chicago-il,11896,2mjoQ7SmUesk7qjPBXsgNA,True,7.794688,1,0,0,0,0,0,0,0,0,0,1.0,0.003819,4e-06,0.007918,0.0,0.0,1.2e-05,1.3e-05,4.4e-05,0.0
chicago-il__163__fov25px57.jpg,chicago-il,163,sUdtW-HFMrXT_WG8yul9uA,True,11.786679,0,0,0,0,0,0,0,0,0,0,0.0,0.029682,8.5e-05,9e-06,0.0,0.055199,0.0,1e-06,3e-06,0.999593
chicago-il__809__fov25px57.jpg,chicago-il,809,qUVeKWC82FfUmvFo-mYvRw,True,1.208278,0,0,0,0,0,0,0,0,0,0,5e-06,3.8e-05,4.8e-05,4e-06,0.0,0.0,2e-06,1e-06,6e-06,3e-06
chicago-il__8059__fov25px57.jpg,chicago-il,8059,WdWfqCps0GL8ZxokAQpR8g,True,0.608042,0,0,0,0,0,0,0,0,0,0,0.0,0.003276,0.36709,3e-06,0.0,0.010578,0.0,3e-06,3e-06,0.99998
chicago-il__9224__fov25px57.jpg,chicago-il,9224,VsKcXgqAnVGRbRXtzY1rcA,False,3.221992,0,0,0,0,0,0,0,0,0,0,0.0,2e-06,1e-06,5.2e-05,0.0,5.4e-05,1e-06,0.0,0.0,2e-06
chicago-il__4122__fov25px57.jpg,chicago-il,4122,nGGkBuBRmJg8ZjSbS8zJ2A,True,11.66704,1,1,0,1,0,0,0,0,0,0,0.999996,0.008105,0.0,0.000929,0.0,0.0,1e-06,0.0,0.000103,0.0
chicago-il__6579__fov25px57.jpg,chicago-il,6579,rNRsCndDyVax3mVW5t1Xrg,False,1.764795,0,0,1,0,0,1,0,0,0,0,0.0,0.0,1e-06,1e-06,0.0,0.021111,1e-06,0.0,2.1e-05,1.1e-05
chicago-il__7826__fov25px57.jpg,chicago-il,7826,KhIQOb9V0S-9hrpO14yzww,True,7.773612,0,0,0,0,0,0,0,0,0,0,0.0,6e-06,2e-06,5e-06,0.0,1e-05,2e-06,0.0,0.0,0.003494
chicago-il__6585__fov25px57.jpg,chicago-il,6585,UDG8pQjSFrgiMJ0u1KUH5g,True,10.979309,0,0,1,0,0,1,0,0,1,0,1.7e-05,0.047231,0.394587,0.000116,0.0,0.171547,0.000108,6.2e-05,0.999804,0.999926
chicago-il__1170__fov25px57.jpg,chicago-il,1170,dq-DoOimVg5Hr7JLpdYZZQ,True,0.165067,1,0,0,0,0,0,0,0,0,0,0.999996,2.5e-05,0.0,0.318384,0.0,1e-06,6e-06,1.5e-05,2e-06,0.0
chicago-il__5013__fov25px57.jpg,chicago-il,5013,qFUYlsavkF207-YYJgkSzA,False,136.329519,0,0,0,0,0,0,0,0,0,0,0.0,1e-06,2e-06,7e-06,0.0,3e-06,1e-06,0.0,0.0,0.112258
chicago-il__4513__fov25px57.jpg,chicago-il,4513,ALHTHu2GzL9mSWW-9-eC1Q,True,3.841806,0,0,0,0,0,0,0,0,0,0,0.0,2e-06,1e-06,3e-06,0.0,2e-06,1e-06,1e-06,1e-06,0.003726
chicago-il__26681__fov25px57.jpg,chicago-il,26681,TQGWNAknkFeCqFwILmvkIg,False,130.657409,0,0,0,0,0,0,0,0,0,0,0.398454,1e-06,0.000108,0.0,0.0,0.0,0.0,0.0,0.000269,0.0
chicago-il__28988__fov25px57.jpg,chicago-il,28988,L-49xd-3qPUGEZlx-BzjsA,True,3.83151,0,0,0,0,0,0,0,0,0,0,0.0,0.0,6e-06,2e-06,0.0,0.0,6e-06,0.0,1.4e-05,0.000355
chicago-il__1543__fov25px57.jpg,chicago-il,1543,QuS_6RuJg1oIGSasguXZZg,True,1.491662,0,0,0,0,0,0,1,0,0,0,0.001048,0.0,7.7e-05,3.6e-05,0.0,0.0,2e-06,1e-06,0.002882,0.0
chicago-il__16931__fov25px57.jpg,chicago-il,16931,qw_GPtjpTCKLF8g7BCJeyw,False,42.409348,1,0,0,0,0,0,0,0,0,0,0.999946,1.3e-05,0.0,0.0,0.0,3e-06,5e-06,0.0,0.766385,0.0
chicago-il__14817__fov25px57.jpg,chicago-il,14817,kXEgWjoWAbs02IACd-NPJA,True,7.679663,0,0,0,0,0,0,0,0,1,0,0.0,0.000289,0.096215,0.0,0.0,0.0,3.2e-05,3e-06,0.00334,6.2e-05
chicago-il__15691__fov25px57.jpg,chicago-il,15691,MKZeq_Jam1GlqYkEJ2pkPg,True,0.893337,0,0,0,0,0,0,0,0,0,0,0.0,0.000137,2e-06,0.0,0.0,1e-06,1e-06,0.0,5e-06,9.4e-05
chicago-il__22917__fov25px57.jpg,chicago-il,22917,FbV9uQuRsqKHNHc7GXOImg,True,4.281852,1,0,0,0,0,0,0,0,1,0,0.999608,0.878079,4e-06,0.006056,0.0,0.000121,1.6e-05,2.3e-05,0.999987,2.3e-05
chicago-il__323__fov25px57.jpg,chicago-il,323,DOnz0I7czqKqoasHFQ2jVw,True,3.050908,0,0,0,0,0,0,0,0,0,0,0.0,0.0,3.9e-05,2e-06,0.0,2e-05,1e-06,0.0,1e-06,1.4e-05
chicago-il__18751__fov25px57.jpg,chicago-il,18751,q4iond99lLj9WmEhV6gDtA,False,105.981958,1,0,0,0,0,0,0,0,0,0,0.999538,4e-06,2e-06,2e-06,0.0,0.0,0.00083,7e-06,0.193766,0.0
chicago-il__6503__fov25px57.jpg,chicago-il,6503,lglzpvR35KFz4xmByz-low,True,1.291907,1,0,0,0,0,0,0,0,0,0,0.999996,4e-06,7e-06,0.000907,0.0,0.001362,0.0,0.000295,1e-06,0.0
chicago-il__12993__fov25px57.jpg,chicago-il,12993,4qxiyKRniBNu9yexiys2HA,True,16.444143,0,1,1,0,0,0,0,0,1,0,0.000886,0.005435,0.309643,3e-06,0.0,0.0,5e-06,1e-06,9e-06,0.0
chicago-il__2623__fov25px57.jpg,chicago-il,2623,ts6P8ubSQ-lR3AcL0Hvbbg,True,0.3438,1,0,0,0,0,0,0,1,0,0,0.999988,2e-06,0.0,0.000189,0.0,1e-06,1e-06,2.1e-05,3.6e-05,0.0
chicago-il__17819__fov25px57.jpg,chicago-il,17819,vjHyCPlL-C81KXzPelyC8g,False,18.640099,1,0,0,0,0,0,0,0,0,0,0.999969,4e-06,0.0,2e-06,0.0,3e-06,0.0,0.0,0.016476,0.0
chicago-il__11150__fov25px57.jpg,chicago-il,11150,eony8I-lQmztSIlvbxEa8A,True,2.343886,0,0,0,0,0,0,0,0,1,0,1e-06,3e-06,0.0,3.5e-05,0.0,0.0,3e-06,1e-06,0.007278,0.306061
chicago-il__8413__fov25px57.jpg,chicago-il,8413,KWuLCm9bVyHdX2lY7uJAUA,True,4.993733,1,0,0,0,0,0,0,0,0,0,0.97821,0.0,0.0,0.000243,0.0,0.0,0.0,1e-06,5.5e-05,0.0
chicago-il__19163__fov25px57.jpg,chicago-il,19163,warGF5nU79bJKw7Q1bDahQ,True,1.488221,1,0,0,1,0,0,1,0,1,0,0.998322,2e-06,1.5e-05,0.100279,0.0,0.0,0.087995,0.001847,0.000122,0.0
chicago-il__22010__fov25px57.jpg,chicago-il,22010,FzJqTvZgCiEjmg2h8FEZFA,False,88.427282,1,0,0,0,0,0,0,0,1,0,0.223921,0.000114,2e-06,7e-06,0.0,0.0,1.4e-05,2e-06,0.999984,1.1e-05
chicago-il__858__fov25px57.jpg,chicago-il,858,HsoLwdkC-ekN6vLDMlTrPg,True,1.4421,0,0,0,0,0,0,0,0,0,0,5e-06,1e-06,0.0,0.000157,0.0,0.0,0.0,1.5e-05,1e-06,0.002946
chicago-il__1196__fov25px57.jpg,chicago-il,1196,iWP6uNjuU2xNPpL1Q1td5A,True,0.507524,0,0,0,0,0,0,0,0,0,0,0.999947,0.000355,0.0,0.003906,0.0,9e-06,2e-06,1e-06,0.001373,0.0
chicago-il__22856__fov25px57.jpg,chicago-il,22856,i3HAmP-92cqFxVbVFqCYew,True,12.023155,1,0,0,0,0,0,0,0,1,0,0.999966,9.6e-05,3e-06,4.6e-05,0.0,0.577949,0.000459,0.019441,0.992558,3e-06
chicago-il__21968__fov25px57.jpg,chicago-il,21968,tipshsOG3_jP2c6rCOFmAA,False,304.344328,0,0,0,0,0,0,0,0,1,0,0.805661,0.0,1e-06,1.4e-05,0.0,4e-06,0.000773,0.0,0.976728,1e-06
chicago-il__9659__fov25px57.jpg,chicago-il,9659,MIoLA4vvLRYe5s8hZc8r4A,True,0.277413,1,0,0,0,0,0,0,0,0,0,0.906301,0.14261,0.000104,0.0001,0.0,0.0,1e-06,7.1e-05,0.0,0.0
chicago-il__421__fov25px57.jpg,chicago-il,421,Hf8qNhuvqnwoQDu2no73eA,False,42.810833,1,0,0,0,0,0,0,0,1,0,1.0,0.000377,0.0,0.010557,0.0,3.7e-05,5e-06,0.000316,0.889022,0.0
chicago-il__1375__fov25px57.jpg,chicago-il,1375,c3WXKV5yKv8hrF_-KyrrsQ,True,1.075844,0,0,0,0,0,0,0,0,0,0,0.0,0.0,0.000264,0.006478,0.0,0.001364,2e-06,3e-06,0.0,0.623838
chicago-il__12900__fov25px57.jpg,chicago-il,12900,3Xt3PMeWTZVzT7icLNnb6A,False,5.971618,1,1,0,0,0,0,0,0,0,0,0.999546,0.000151,2e-06,7e-06,0.0,0.0,1e-06,0.0,9e-06,0.0
chicago-il__801__fov25px57.jpg,chicago-il,801,BHPMqaj6Y9nXeLH0dtg6EQ,True,2.265681,0,0,0,0,0,0,0,0,0,0,0.0,1e-06,2e-06,7.1e-05,0.0,7e-06,0.0,0.0,1e-06,0.723146
chicago-il__13667__fov25px57.jpg,chicago-il,13667,MNYzwa_bOOFaTLUueMWZKw,True,15.092206,1,0,0,0,0,0,0,0,0,0,0.999731,0.0,7.4e-05,0.026657,0.0,2.3e-05,1e-06,5e-06,0.0,0.0
chicago-il__13058__fov25px57.jpg,chicago-il,13058,41zqvFRjWzqFXarNR9GdpQ,True,12.17096,0,0,0,0,0,0,0,0,0,0,0.0,2e-06,5e-06,3.4e-05,0.0,0.0,1e-06,0.0,0.006189,0.380655
chicago-il__17288__fov25px57.jpg,chicago-il,17288,I-DrBfSs6SpUnVtsC1OyTg,False,262.391605,1,0,0,1,0,0,0,0,1,0,0.99999,0.000339,2.3e-05,0.014818,0.0,0.000101,0.486861,0.001681,0.999554,7e-06
chicago-il__23130__fov25px57.jpg,chicago-il,23130,T8hABaOqVlyv7Yrxey308Q,False,196.709123,0,0,0,0,0,0,0,0,0,0,1.5e-05,1e-06,1.1e-05,1.4e-05,0.0,0.0,6e-06,1e-06,2.5e-05,0.0
chicago-il__43044__fov25px57.jpg,chicago-il,43044,km518SglbX0A5Xp6Myir_Q,True,5.215269,0,0,0,0,0,0,0,0,1,0,0.0,0.0,5e-06,1e-06,0.0,2e-06,1e-06,0.0,1.1e-05,0.010014
chicago-il__2810__fov25px57.jpg,chicago-il,2810,pfZQV9tFkXsKd9RoacU2Uw,True,5.929296,0,0,0,0,0,0,0,0,0,0,0.0,1.9e-05,0.0,4.2e-05,0.0,2e-06,1.6e-05,3e-06,0.013827,0.974204
chicago-il__8068__fov25px57.jpg,chicago-il,8068,1Kn6rJ7yPAK5IQUXnXKqcw,True,4.473822,0,0,0,0,0,0,0,0,0,0,0.0,1.5e-05,1e-06,2e-06,0.0,0.000519,4e-06,0.0,9e-06,0.961569
chicago-il__2597__fov25px57.jpg,chicago-il,2597,p0iWWrz6HL3MrabBYmmQRQ,True,1.386783,0,0,0,0,0,0,0,0,0,0,2e-06,0.0,0.0,2e-06,0.0,0.002621,4e-06,0.0,0.0,1e-06
chicago-il__2625__fov25px57.jpg,chicago-il,2625,ts6P8ubSQ-lR3AcL0Hvbbg,True,0.800404,1,0,0,0,0,1,0,0,0,0,1.0,2.5e-05,0.0,0.000153,0.0,1.5e-05,4e-06,9.1e-05,0.006843,0.0
chicago-il__12004__fov25px57.jpg,chicago-il,12004,Vm8rl34BZVwkyPADxDyrGA,False,5.116616,1,0,0,0,0,0,0,1,0,0,0.999982,0.0,1.6e-05,0.001102,0.0,0.0,6e-06,2e-06,0.00034,0.0
chicago-il__6223__fov25px57.jpg,chicago-il,6223,6UOoD5yEsXmE97xqXmk9hw,False,0.967093,0,0,0,0,0,0,0,0,0,0,0.0,3e-06,0.0,1e-06,0.0,6.1e-05,0.0,0.0,8e-06,0.00134
chicago-il__3186__fov25px57.jpg,chicago-il,3186,sacKXporS2UeudQp1DkwfQ,True,4.902394,0,0,0,0,0,0,0,0,0,0,6e-06,0.0,0.0,0.0,0.0,1e-06,2e-06,0.0,1e-06,6e-06
chicago-il__1562__fov25px57.jpg,chicago-il,1562,oF8Bx0KvESGZSa3fiTFVpQ,True,10.206091,0,0,0,0,0,0,0,0,0,0,0.0,0.0,1.5e-05,0.0,0.0,1.2e-05,0.0,0.0,1e-06,0.504757
chicago-il__11004__fov25px57.jpg,chicago-il,11004,J9y93iBaGnzLtzM6mweYCg,True,5.050864,0,1,0,0,0,0,0,0,0,0,0.0,0.036463,0.001599,1.1e-05,0.0,0.0,1e-06,0.000116,0.000466,0.000106
chicago-il__17660__fov25px57.jpg,chicago-il,17660,F4pT9KbqYr3foE2LILDS-A,True,3.58969,0,0,0,0,0,0,0,0,0,0,0.0,0.073265,9.3e-05,2e-06,0.0,1e-06,1e-06,1.3e-05,0.989631,0.816878
chicago-il__14591__fov25px57.jpg,chicago-il,14591,9lqtqW6KzlV1V-Pb3h0oUg,True,3.081671,1,1,1,0,0,0,0,0,1,0,0.864949,8e-06,2.5e-05,3.4e-05,0.0,0.0,0.0,1e-06,0.991118,2e-06
chicago-il__14474__fov25px57.jpg,chicago-il,14474,tHsJn_-1nzs40xiwllkGnw,False,235.669378,0,0,0,0,0,1,0,0,0,0,0.0,0.000843,1e-06,3e-06,0.0,1.4e-05,1e-06,0.0,0.787523,0.000986
chicago-il__15829__fov25px57.jpg,chicago-il,15829,9EWVOORXvPBw5epK33a9nQ,False,7.650529,0,0,0,0,0,0,0,0,1,0,8e-06,1e-06,9.5e-05,0.000153,0.0,0.0,1e-06,0.0,1e-06,6e-06
chicago-il__1795__fov25px57.jpg,chicago-il,1795,imLtFdfSoaOJKpy_sERmFw,True,4.310231,0,0,0,0,0,0,0,0,0,0,0.0,0.000115,1e-06,0.0,0.0,0.0,1e-06,1e-06,0.00742,0.006428
chicago-il__8520__fov25px57.jpg,chicago-il,8520,DoIZZGha5-vFcKXok2-kog,False,18.683861,0,0,0,0,0,0,0,0,0,0,3.2e-05,0.0,4.4e-05,1e-06,0.0,1e-06,4e-06,0.0,1e-06,0.0
chicago-il__21325__fov25px57.jpg,chicago-il,21325,EoZ1_zaN6woe4G1Uzs-ibA,False,89.177131,1,0,0,0,0,0,0,0,0,0,0.999996,1e-06,0.000118,0.001017,0.0,0.348341,6e-06,0.000316,0.0,0.0
chicago-il__4699__fov25px57.jpg,chicago-il,4699,ufTaMDKgOWTLR0rJkYjDZg,True,11.105138,0,0,0,0,0,0,0,0,0,0,0.0,0.000437,6e-06,0.0,0.0,1e-06,7e-06,3e-06,1.3e-05,7e-06
chicago-il__278__fov25px57.jpg,chicago-il,278,WIFG819NSXAHDqENdvSYoA,True,14.395157,1,0,0,0,0,0,0,0,0,0,0.097537,0.002715,1e-06,0.000135,0.0,0.0,0.0,0.0,0.794938,0.0
chicago-il__1932__fov25px57.jpg,chicago-il,1932,oWDPiqRvozhPKT-qruTQuw,False,7.961919,0,0,0,0,0,0,0,0,0,0,0.0,3.6e-05,1.7e-05,1e-06,0.0,1e-06,1e-06,1e-06,1e-06,0.722085
chicago-il__8303__fov25px57.jpg,chicago-il,8303,lYYbGGecrKwtDdPQm1fJNw,False,1.357001,0,0,0,0,0,0,0,0,0,0,0.0,2.2e-05,6e-06,0.0,0.0,0.000135,0.0,0.0,0.0,0.001344
chicago-il__11915__fov25px57.jpg,chicago-il,11915,4UyHobJNIHDO4urT8MGfDQ,True,2.770704,0,0,0,0,0,0,0,0,1,0,0.99999,8e-06,2e-06,0.00013,0.0,1e-06,1e-06,1.5e-05,0.160464,0.0
chicago-il__1294__fov25px57.jpg,chicago-il,1294,3ru1HOaSw806Q2utiaTqsQ,False,12.967654,1,0,0,0,0,0,0,0,0,0,0.999748,8e-06,3e-06,1.8e-05,0.0,0.0,1e-06,1.4e-05,1.8e-05,0.0
chicago-il__10567__fov25px57.jpg,chicago-il,10567,A36bUfZJdwf286MN_7NTww,True,0.553883,0,0,0,0,0,0,0,0,0,0,0.0,0.0,2e-06,1e-06,0.0,3e-06,1e-06,0.0,0.0,0.000286
chicago-il__10582__fov25px57.jpg,chicago-il,10582,xgRucvpdjM9B6Yoxv3ztOw,True,0.597014,1,0,0,0,0,0,0,0,0,0,0.034619,2e-06,0.0,1e-06,0.0,2.5e-05,0.0,6e-06,0.002171,8.3e-05
chicago-il__2064__fov25px57.jpg,chicago-il,2064,ksPI0MQEvQUPFrwz52ZNWg,True,5.338679,0,0,0,0,0,0,0,0,0,0,1e-06,0.0,0.0,4e-06,0.0,1e-06,1.4e-05,0.0,0.034606,0.004012
chicago-il__7447__fov25px57.jpg,chicago-il,7447,8B0EpeL4V8QdSm_zaurMnw,True,1.847291,0,0,0,0,0,0,0,0,0,0,3e-06,1.1e-05,3.6e-05,0.0,0.0,1.7e-05,1e-06,0.0,0.00046,1e-06
chicago-il__16343__fov25px57.jpg,chicago-il,16343,iE-Q0S-jqZCaAKlTjZE73w,False,92.40943,0,0,0,0,0,0,0,0,1,0,0.997028,0.054868,1e-06,0.000695,0.0,2e-06,0.0,8e-06,0.99948,0.0
chicago-il__17953__fov25px57.jpg,chicago-il,17953,1yJopPkx663C5feYvt00XQ,False,143.998013,1,0,0,0,0,0,0,0,0,0,0.615628,0.000126,2.6e-05,1e-05,0.0,0.0,1e-06,0.0,0.000155,0.0
chicago-il__8533__fov25px57.jpg,chicago-il,8533,jlqEJhCsDyJX6DYiI-18ZQ,False,44.823581,1,0,0,0,0,0,0,0,0,0,0.999983,0.002504,0.0,0.000985,0.0,5e-06,1e-06,1e-06,0.626813,0.0
chicago-il__2759__fov25px57.jpg,chicago-il,2759,-wmETaoMR3HSM1y2OeLYuw,True,1.2134,0,0,0,0,0,0,0,0,0,0,0.0,0.602741,6.9e-05,0.000201,0.0,7e-06,0.00014,0.000645,0.000297,0.998158
chicago-il__22660__fov25px57.jpg,chicago-il,22660,XJ36CRCjhu3_X6pGcCl_dw,True,5.639213,0,0,0,0,0,0,0,0,0,0,0.0,1e-06,1e-06,1e-06,0.0,2e-06,0.0,0.0,2e-06,0.046523
chicago-il__22656__fov25px57.jpg,chicago-il,22656,xZhxBQ98eE8kWVSVNl05UQ,True,3.393848,0,0,0,0,0,0,0,0,0,0,0.0,1e-06,1.6e-05,1e-06,0.0,2e-06,0.0,0.0,0.0,0.043139
chicago-il__13319__fov25px57.jpg,chicago-il,13319,fs9ITJxzB-WTOY8BtZCBtw,False,8.872033,0,0,0,0,0,0,0,0,0,0,0.0,2.3e-05,3e-06,1e-05,0.0,1e-06,1e-06,0.0,3e-06,5e-06
chicago-il__1059__fov25px57.jpg,chicago-il,1059,C-A3jPmjdQ68eDTbHY0u8w,True,0.927751,0,0,0,0,0,1,0,0,0,0,0.09635,0.002723,0.0,1e-06,0.0,0.680252,0.0,0.0,3e-06,0.0
oradell-nj__13024__fov25px57.jpg,oradell-nj,13024,-iWesS5AnwdZBoxmXsQlig,True,0.503869,0,0,0,0,0,0,0,0,0,0,0.0,2e-06,0.0002,2e-06,0.0,0.9993,3e-06,0.0,5e-05,0.046515
oradell-nj__5376__fov25px57.jpg,oradell-nj,5376,Plod_Bczotk1JkprGgovUQ,False,2.800099,0,0,0,0,0,0,0,0,0,0,1e-06,0.0,1.3e-05,1e-06,0.0,1e-06,1e-06,0.0,2e-06,1.4e-05
oradell-nj__10413__fov25px57.jpg,oradell-nj,10413,8HubUx5JygSByx4GcQVeDw,True,1.05563,0,0,0,0,0,0,0,0,0,0,0.0,0.126012,0.552016,2e-06,0.0,5e-05,4e-06,1e-06,0.000111,9.4e-05
oradell-nj__10954__fov25px57.jpg,oradell-nj,10954,pWBlI8BJfv5rJCnTyja_oQ,True,10.055122,0,0,0,0,0,0,0,0,0,0,0.518182,1e-06,7e-06,0.0001,0.0,1e-06,1e-06,4e-06,0.0,0.0
oradell-nj__9783__fov25px57.jpg,oradell-nj,9783,SgiiK4Vuqhv6fQVAehhgrg,True,2.825078,0,0,0,0,0,0,0,0,0,0,0.0,2e-06,3e-06,0.0,0.0,6e-06,0.0,0.0,7.7e-05,0.015988
oradell-nj__10538__fov25px57.jpg,oradell-nj,10538,4AEneKHQ8kVqV-r0FEPqKA,True,1.124567,0,0,0,0,0,0,0,0,0,0,0.0,8.6e-05,7.4e-05,0.0,0.0,0.000579,1e-06,0.0,0.0,3e-06
oradell-nj__7464__fov25px57.jpg,oradell-nj,7464,1ABuIDf8TYLcUIsLfVPJnQ,False,17.621312,0,0,0,0,0,0,0,0,0,0,0.0,0.0,3e-06,1e-05,0.0,2e-06,8e-06,0.0,0.001018,3.8e-05
oradell-nj__1868__fov25px57.jpg,oradell-nj,1868,nY2lHD9jgvi05vJpK5B5hA,True,11.060342,1,0,0,0,0,0,0,0,0,0,0.410183,0.0,0.547861,9.2e-05,0.0,0.999985,9e-06,1.7e-05,9e-06,1.3e-05
oradell-nj__10792__fov25px57.jpg,oradell-nj,10792,MH2xP8GPw3m3jh19sLr_4g,True,1.879971,1,0,0,0,0,1,0,0,0,0,0.832847,0.0,6e-06,0.0,0.0,0.005683,0.0,0.0,0.0,0.0
oradell-nj__9812__fov25px57.jpg,oradell-nj,9812,2csrWHB_KXe0n6TB-LH6UA,True,1.656426,0,0,0,0,0,0,0,0,0,0,0.0,0.000524,1e-06,2e-06,0.0,1e-06,1e-06,0.0,0.0,0.004624
oradell-nj__12597__fov25px57.jpg,oradell-nj,12597,Jx_vNkRz0JAdTL4hxupiyA,True,15.34699,0,0,0,0,0,1,0,0,0,0,5.4e-05,1.6e-05,0.074587,0.0,0.0,0.000111,6e-06,0.0,0.026602,7.6e-05
oradell-nj__292__fov25px57.jpg,oradell-nj,292,7fWsh-9umUYpoWoBqhkY_g,True,0.555975,0,0,0,0,0,0,0,0,0,0,0.0,0.0,1e-06,2e-06,0.0,0.000696,1e-06,0.0,0.0,0.000176
oradell-nj__7796__fov25px57.jpg,oradell-nj,7796,965HZJH63-ZPkCXg_meUAQ,True,1.664044,0,0,0,0,0,0,0,0,0,0,0.0,0.000182,0.119778,0.000274,0.0,0.001261,2e-05,1e-06,0.0,3.7e-05
oradell-nj__2713__fov25px57.jpg,oradell-nj,2713,CV_1EUzjNFCGghWa-Q-OWw,False,1.712438,1,0,0,1,0,0,0,0,0,0,0.999933,0.0,1e-06,0.00102,0.0,0.000131,1e-06,0.0,1e-06,0.0
oradell-nj__9919__fov25px57.jpg,oradell-nj,9919,M7qsCXmx-Q2rZn_JMpz8Rw,True,0.884403,1,0,0,0,0,0,0,0,0,0,0.999999,0.987546,0.000763,3e-06,0.0,0.5776,5e-06,2.9e-05,0.007039,0.0
oradell-nj__7100__fov25px57.jpg,oradell-nj,7100,v0CjnfdBjlRXFP-aI--sHA,False,9.272019,1,1,0,0,0,0,0,0,0,0,1.0,6.7e-05,0.0003,4e-06,0.0,4e-06,2e-06,0.0,3.7e-05,0.0
oradell-nj__8020__fov25px57.jpg,oradell-nj,8020,o33NvzKcl3rvH9dJnyrYWg,True,13.987883,0,0,0,0,0,0,0,0,0,0,0.0,0.0,2.9e-05,1e-06,0.0,0.213931,0.0,0.0,2e-06,8.2e-05
oradell-nj__7516__fov25px57.jpg,oradell-nj,7516,SEA8E9NCDnPzm8cKa9AXcA,True,2.420427,0,0,0,0,0,1,0,0,0,0,1.6e-05,0.0,0.000565,1e-06,0.0,1e-06,0.0,0.0,0.00011,3e-06
oradell-nj__6570__fov25px57.jpg,oradell-nj,6570,KcQtTMkI-Qf9XL34TL-I5Q,True,1.234624,0,0,0,0,0,0,0,0,0,0,0.0,1.9e-05,0.000487,4e-06,0.0,0.010664,0.0,0.0,0.0,0.165234
oradell-nj__7131__fov25px57.jpg,oradell-nj,7131,YIh7k8LyOOPqO3tsXk-Xtw,True,10.666174,0,0,0,0,0,0,0,0,0,0,0.0,1e-06,1e-06,0.0,0.0,0.000291,0.0,0.0,0.00213,0.025046
oradell-nj__7558__fov25px57.jpg,oradell-nj,7558,mGT7fAQKhQB8Wgt-Ik9HEA,False,1.234626,0,0,0,0,0,0,0,0,0,0,0.0,0.825406,7e-06,0.0,0.0,5e-06,2e-06,0.0,1.2e-05,5.4e-05
oradell-nj__7620__fov25px57.jpg,oradell-nj,7620,vdxEYjKhsC-Vo_gM8VbQTw,True,11.336889,0,0,0,0,0,0,0,0,0,0,0.0,1e-06,0.0,2e-06,0.0,0.0,1e-06,0.0,2.2e-05,0.010848
oradell-nj__13571__fov25px57.jpg,oradell-nj,13571,mpu3kr0sILyE1rUNM2R8QQ,False,1.420207,0,0,0,0,0,0,0,0,1,0,0.0,6e-06,3e-06,0.0,0.0,3.2e-05,1e-06,0.0,1e-06,1.8e-05
oradell-nj__10863__fov25px57.jpg,oradell-nj,10863,hPk34qAFNAPCirL0UmJ0XQ,True,1.676362,1,0,0,0,0,0,0,0,1,0,0.999999,0.000825,0.020364,2e-05,0.0,7e-06,3.1e-05,8.2e-05,0.981785,0.0
oradell-nj__27__fov25px57.jpg,oradell-nj,27,7pDHlqVEtaIL-DbjuR-Bwg,True,0.336075,0,0,0,0,0,0,0,0,1,0,1e-05,4.4e-05,0.000106,6.1e-05,0.0,5.8e-05,7.1e-05,1.5e-05,0.999982,0.001233
oradell-nj__7109__fov25px57.jpg,oradell-nj,7109,N5TDrl0L3_YOexCEjitUnw,False,21.37295,0,0,0,0,0,0,0,0,0,0,0.000477,0.0,2e-06,0.0,0.0,3e-06,2e-06,0.0,0.0,0.0
oradell-nj__4547__fov25px57.jpg,oradell-nj,4547,bDhb0R_h0ibh-y_tz72Gvg,True,2.035812,0,0,0,0,0,1,0,1,0,0,7.1e-05,0.0,1.1e-05,0.000255,0.0,1e-06,1e-06,2e-06,0.000157,0.0
oradell-nj__5092__fov25px57.jpg,oradell-nj,5092,RqzOXjIj2iMSjR3hGnK_RA,True,1.335718,0,0,0,0,0,1,0,0,0,0,0.0,8.5e-05,1.8e-05,1.6e-05,0.0,1e-06,0.0,0.0,0.127318,0.000635
oradell-nj__4528__fov25px57.jpg,oradell-nj,4528,WHtZA2BFB8VHuApP90dFXw,True,0.434359,0,0,0,0,0,0,0,0,0,0,1e-06,5e-06,1e-06,2e-06,0.0,2e-06,0.0,0.0,0.0,3e-06
oradell-nj__7744__fov25px57.jpg,oradell-nj,7744,ahfUc3pi5e3DktcEB0xK0Q,True,10.862157,0,0,0,0,0,0,0,0,0,0,1e-06,0.0,0.0,4e-06,0.0,0.000414,0.0,0.0,1.6e-05,0.003273
oradell-nj__11659__fov25px57.jpg,oradell-nj,11659,gGc0Kla0zhthQyW1O8WwVA,True,0.237719,0,0,0,0,0,0,0,0,0,0,0.0,3.8e-05,0.000382,0.0,0.0,0.0,1e-06,0.0,2.8e-05,6.3e-05
oradell-nj__994__fov25px57.jpg,oradell-nj,994,VvBqFhuEBYI8UIFLLbUnUQ,True,3.378457,1,0,0,0,0,0,0,0,0,0,4e-06,0.0,1e-06,9e-06,0.0,0.000141,4e-06,0.0,0.000105,6e-06
oradell-nj__8733__fov25px57.jpg,oradell-nj,8733,QPuv83i5Lqe8CfY5nAOdzw,False,0.649582,0,0,0,0,0,0,0,0,1,0,0.991945,5e-06,0.0,0.0,0.0,0.002985,0.0,0.0,2e-06,0.0
oradell-nj__7151__fov25px57.jpg,oradell-nj,7151,Tu5MN4i-9qVTV2F-Hv7cMw,True,3.300556,0,0,0,0,0,0,0,0,0,0,0.0,1e-06,0.000149,0.0,0.0,3e-06,0.0,0.0,8.8e-05,0.045574
oradell-nj__12759__fov25px57.jpg,oradell-nj,12759,847Jwthl8__ay-7CJ5uTTw,False,19.318326,0,0,0,0,0,0,0,0,0,0,9e-06,0.0,0.011734,3e-06,0.0,0.979147,1e-06,0.0,9.8e-05,0.00014
oradell-nj__4521__fov25px57.jpg,oradell-nj,4521,WHtZA2BFB8VHuApP90dFXw,True,0.975401,0,0,0,0,0,0,0,0,0,0,0.0,2e-06,0.008308,1e-06,0.0,0.77848,3e-06,0.0,3.9e-05,0.94301
oradell-nj__8710__fov25px57.jpg,oradell-nj,8710,3FGtkzuXbvbaq-WdMrO7-g,True,1.481024,0,0,0,0,0,0,0,0,0,0,0.133003,0.0,5.3e-05,0.00034,0.0,2.3e-05,0.0,0.0,0.003431,0.0
oradell-nj__8714__fov25px57.jpg,oradell-nj,8714,3FGtkzuXbvbaq-WdMrO7-g,True,0.884406,0,0,0,0,0,0,0,1,0,0,1.4e-05,1e-06,2.8e-05,0.000137,0.0,2e-06,9e-06,0.0,0.988661,0.000318
oradell-nj__5316__fov25px57.jpg,oradell-nj,5316,NpVZC7_KBzPgCHkOo1F4Lw,True,2.929345,0,0,0,0,0,0,0,0,0,0,1e-06,8e-06,4e-06,0.0,0.0,3.5e-05,3.6e-05,0.0,0.000674,7e-06
oradell-nj__5775__fov25px57.jpg,oradell-nj,5775,86piZjCqvmkihWnjxEc7XQ,True,1.444677,0,0,0,0,0,0,0,0,0,0,1.1e-05,0.0,1.6e-05,3e-06,0.0,1e-06,1.6e-05,0.0,1e-06,0.0
oradell-nj__8711__fov25px57.jpg,oradell-nj,8711,3FGtkzuXbvbaq-WdMrO7-g,True,0.92455,0,0,0,0,0,0,0,0,1,0,0.998504,1e-06,0.0,0.000219,0.0,0.0,1e-06,0.0,0.003861,0.0
oradell-nj__2907__fov25px57.jpg,oradell-nj,2907,3FGtkzuXbvbaq-WdMrO7-g,True,0.649579,0,0,0,0,0,1,0,0,0,0,0.023438,0.0,1e-06,0.0,0.0,0.013213,0.0,0.0,3e-06,0.0
oradell-nj__6233__fov25px57.jpg,oradell-nj,6233,zRg8WWh34Gol7pcRR6MDMg,True,0.434368,0,0,0,0,0,0,0,0,0,0,0.0,3.2e-05,4e-06,2e-06,0.0,3.4e-05,0.0,0.0,0.0,0.000223
oradell-nj__11634__fov25px57.jpg,oradell-nj,11634,PcN81gBs-KsV9PPwKIgp4Q,True,3.440141,0,0,0,0,0,0,0,0,0,0,0.0,3e-05,7e-06,0.0,0.0,0.0,1e-06,1e-06,6e-06,2.2e-05
oradell-nj__12691__fov25px57.jpg,oradell-nj,12691,AK0xN_YlwcXiXk9BQlcSeA,True,0.139344,0,0,0,0,0,0,0,0,0,0,0.0,0.0,3e-06,0.0,0.0,5.4e-05,1e-06,0.0,1e-06,1.8e-05
oradell-nj__5282__fov25px57.jpg,oradell-nj,5282,q8hbLX_t3FKvIEwPeQUazg,True,11.386582,0,0,0,0,0,0,0,0,0,0,0.906289,0.0,4e-06,1.9e-05,0.0,2e-06,0.0,0.0,0.000768,0.0
oradell-nj__8742__fov25px57.jpg,oradell-nj,8742,3NbMy3pAgCsvIeEl6k6kxA,True,1.467328,0,0,1,0,0,0,0,0,0,0,3e-06,0.0,0.188873,7e-06,0.0,0.99951,1e-06,0.0,0.000134,0.101885
oradell-nj__8729__fov25px57.jpg,oradell-nj,8729,-UJ2JiYO5oVaP2E63BFdDg,False,6.162259,0,0,0,0,0,0,0,0,1,0,0.0,1e-06,1e-06,0.0,0.0,9.4e-05,0.0,0.0,1e-06,0.000167
oradell-nj__9235__fov25px57.jpg,oradell-nj,9235,J5eDWl45Kp7xEqsI174vug,True,0.251938,0,0,0,0,0,0,0,0,0,0,0.0,4e-06,4.2e-05,1.1e-05,0.0,0.002957,1e-06,0.0,2e-06,0.004195
oradell-nj__6567__fov25px57.jpg,oradell-nj,6567,KcQtTMkI-Qf9XL34TL-I5Q,True,1.466105,0,0,0,0,0,0,0,0,0,0,3e-05,0.0,0.000628,0.0,0.0,0.386343,1e-06,0.0,0.0,7e-06
oradell-nj__6332__fov25px57.jpg,oradell-nj,6332,t5ODPIU3DvDRxYoe_aVg9A,True,1.220789,0,0,0,0,0,0,0,0,0,0,1e-06,0.0,0.000231,0.00021,0.0,1e-06,2e-06,0.0,8.9e-05,5e-06
oradell-nj__6269__fov25px57.jpg,oradell-nj,6269,AEy2NXoe1605WMJeXsed-Q,True,0.47515,0,0,0,0,0,0,0,0,0,0,0.0,9.6e-05,0.111803,2e-06,0.0,0.060447,1e-06,0.0,0.0,0.000111
oradell-nj__6566__fov25px57.jpg,oradell-nj,6566,KcQtTMkI-Qf9XL34TL-I5Q,True,0.649576,0,0,0,0,0,0,0,0,0,0,3e-06,0.0,0.0,0.000104,0.0,3.8e-05,1e-06,0.0,1e-06,2e-06
oradell-nj__9440__fov25px57.jpg,oradell-nj,9440,6yHkGrTkWyOoDUfjObmEUw,True,1.234624,0,0,0,0,0,0,0,0,0,0,1e-06,0.0,2e-06,3e-06,0.0,1.1e-05,1e-06,0.0,1e-06,2e-05
oradell-nj__6424__fov25px57.jpg,oradell-nj,6424,JfIfvCtcdVwiFD8c4MpYjQ,True,0.511177,0,0,0,0,0,1,0,0,0,0,1e-06,4.6e-05,1e-06,2e-06,0.0,0.0,0.0,1e-06,1.2e-05,1e-06
oradell-nj__13062__fov25px57.jpg,oradell-nj,13062,d9PHQRZ3EHxbkUIYr2JAuw,False,10.401912,0,0,0,0,0,0,0,0,0,0,0.0,1.9e-05,0.0,3e-06,0.0,0.000104,1e-06,0.0,3.7e-05,0.001544
oradell-nj__6838__fov25px57.jpg,oradell-nj,6838,TyULFww2rAxw2eMujDvAyg,True,0.237722,0,0,0,0,0,0,0,0,0,0,1e-06,0.0,0.000175,0.0,0.0,2e-06,0.0,0.0,3e-06,3.9e-05
oradell-nj__7978__fov25px57.jpg,oradell-nj,7978,xJ2f34APycshsGngHZ7GEg,False,0.713166,1,0,0,0,0,0,1,0,1,0,0.999968,0.0,0.000104,2e-06,0.0,1.7e-05,1e-06,0.0,5.1e-05,0.0
oradell-nj__10828__fov25px57.jpg,oradell-nj,10828,OReSwXZl0iXWOeGTeWT_ng,True,3.31295,0,0,0,0,0,0,0,0,0,0,0.000293,1e-06,0.036132,2e-06,0.0,0.001787,2.9e-05,0.0,0.0,0.0
oradell-nj__10290__fov25px57.jpg,oradell-nj,10290,M0i7jbALvNl63v6MVq068A,True,12.373642,0,0,0,0,0,0,0,0,0,0,0.0,0.0,1.9e-05,3e-06,0.0,0.019511,1e-06,0.0,0.0,2.8e-05
oradell-nj__2501__fov25px57.jpg,oradell-nj,2501,DkVVlYwwTWPW3rompl4PuQ,False,1.254095,0,0,0,0,0,0,0,0,0,0,8.1e-05,1e-06,0.0,2e-06,0.0,8e-06,1e-06,0.0,0.00019,1e-06
oradell-nj__12757__fov25px57.jpg,oradell-nj,12757,WfqqegqKzytGii9tnXkryg,False,30.484386,0,0,0,0,0,0,0,0,0,0,0.0,2e-06,0.001065,1e-06,0.0,2.6e-05,1.3e-05,0.0,0.05256,0.000306
oradell-nj__7129__fov25px57.jpg,oradell-nj,7129,zeTMFIvN2R1ddGwceq_4mA,True,11.391181,0,0,0,0,0,0,0,0,0,0,0.0,1e-06,0.0,4.4e-05,0.0,6e-06,0.0,0.0,1e-06,0.284801
oradell-nj__86__fov25px57.jpg,oradell-nj,86,kSTp7V4zT0SATtNj-R34IA,True,13.000847,0,0,0,0,0,0,0,0,0,0,1e-06,0.0,0.004742,0.0,0.0,0.061379,1e-06,0.0,1e-06,3e-06
oradell-nj__6575__fov25px57.jpg,oradell-nj,6575,2yU4Dr2Iw3DK72NRjvau-Q,True,0.22239,0,0,0,0,0,0,0,0,0,0,0.0,1e-06,4e-06,0.0,0.0,9.3e-05,0.0,0.0,2e-06,0.001226
oradell-nj__11620__fov25px57.jpg,oradell-nj,11620,tZAqSWQPUcQElypfDmLYJA,True,3.620361,0,0,0,0,0,0,0,0,0,0,0.0,4.3e-05,0.020849,2e-06,0.0,2.3e-05,1e-06,0.0,0.0,0.001152
oradell-nj__1961__fov25px57.jpg,oradell-nj,1961,ynYcrmgD-JtF5xkOoBczRQ,False,1.175549,1,0,0,0,0,1,0,0,0,0,0.999773,0.003155,0.46443,1e-06,0.0,0.0,3e-06,2.4e-05,4e-06,0.0
oradell-nj__11427__fov25px57.jpg,oradell-nj,11427,vq0f0Rzo2J6-yrDg0XIjxg,False,1.593986,1,0,0,0,0,0,0,0,0,0,0.011031,4e-06,2e-06,1e-06,0.0,8.5e-05,1e-06,0.0,0.0,0.0
oradell-nj__11993__fov25px57.jpg,oradell-nj,11993,xE26-6xdmicsrWioEz8asw,True,0.78786,0,1,0,0,0,0,0,0,0,0,0.0,4e-06,0.00044,0.0,0.0,2.7e-05,4e-06,0.0,2e-06,1.9e-05
oradell-nj__9439__fov25px57.jpg,oradell-nj,9439,6yHkGrTkWyOoDUfjObmEUw,True,1.584813,0,0,0,0,0,0,0,0,0,0,0.0,1e-06,0.003856,0.000955,0.0,2e-06,1e-06,9e-06,0.019427,0.088364
oradell-nj__12674__fov25px57.jpg,oradell-nj,12674,4W3RvHftY4nHTfmKNgiI7g,True,9.200088,0,0,0,0,0,0,0,0,0,0,0.0,0.0,1e-05,5e-05,0.0,2e-06,0.0,0.0,1e-06,0.001009
oradell-nj__2972__fov25px57.jpg,oradell-nj,2972,oKmBWSI2kdmMPyhsqOPrWg,True,0.55078,0,0,0,0,0,0,0,0,0,0,5e-06,0.0,4e-06,0.0,0.0,0.024078,1e-06,0.0,0.0,1e-06
oradell-nj__4559__fov25px57.jpg,oradell-nj,4559,wKcl5yL2TcoAdKexbILpHg,True,4.501973,0,0,0,0,0,0,0,0,0,0,0.186008,0.0,2e-06,4e-06,0.0,3.9e-05,1e-06,0.0,1e-06,0.0
oradell-nj__13317__fov25px57.jpg,oradell-nj,13317,8dbHzAgvDzD-bixgfB36oA,False,2.34113,0,0,0,0,0,0,0,0,0,0,0.0627,4e-06,0.0,5e-06,0.0,0.152076,4e-06,0.0,0.0,0.0
oradell-nj__1046__fov25px57.jpg,oradell-nj,1046,svQ80kJTaYwDQpocO8yYLw,True,1.511632,0,0,0,0,0,0,0,0,0,0,0.0,1e-05,7.1e-05,2.4e-05,0.0,2e-06,1e-06,1e-06,0.013779,0.998869
oradell-nj__5248__fov25px57.jpg,oradell-nj,5248,cyPfiEDfj_E7ad6dcviM-A,True,0.675909,0,0,0,0,0,0,0,0,0,0,0.0,3e-06,0.0,0.0,0.0,1.7e-05,1e-06,0.0,2.1e-05,9e-06
oradell-nj__11665__fov25px57.jpg,oradell-nj,11665,49cbvrRSrObGF9sIDL2Z_w,True,0.44478,0,0,0,0,0,0,0,0,0,0,3.9e-05,0.0,0.000313,0.0,0.0,8e-06,5e-06,1e-06,1.2e-05,0.0
oradell-nj__8553__fov25px57.jpg,oradell-nj,8553,w9utmg0yjqShwFwnSeF_ow,True,0.237719,1,0,0,0,0,0,0,0,0,0,0.999938,0.0,1.1e-05,1e-05,0.0,1e-06,0.0,0.0,3.5e-05,0.0
oradell-nj__7334__fov25px57.jpg,oradell-nj,7334,OsnFqsnJouJ5orcuFJVOBQ,True,0.473425,0,0,0,0,0,0,0,0,0,0,6e-06,0.0,6e-06,8e-06,0.0,0.999763,1e-06,0.0,4.4e-05,0.216923
oradell-nj__3875__fov25px57.jpg,oradell-nj,3875,s_Gaw7HFn_AvyjmqNqDguQ,True,0.237716,0,0,0,0,0,0,0,0,0,0,6e-06,0.0,0.0,4e-06,0.0,7.4e-05,2e-06,0.0,1.9e-05,1e-06
oradell-nj__13507__fov25px57.jpg,oradell-nj,13507,v8UBjukbeiUWbj4LdvDosQ,True,0.536292,1,0,0,0,0,0,0,0,0,0,0.883202,0.0,0.011893,0.071049,0.0,2.8e-05,1.7e-05,0.0,0.276592,0.0
oradell-nj__331__fov25px57.jpg,oradell-nj,331,bRavpDebvmJu21pOs9smNw,True,0.903461,0,0,0,0,0,0,0,0,0,0,3e-06,0.0,0.0,2e-06,0.0,1.3e-05,1e-06,0.0,1e-06,6e-06
oradell-nj__146__fov25px57.jpg,oradell-nj,146,bG4FoWBr0lgFvkupJTSgfw,True,0.335848,0,0,0,0,0,0,0,0,0,0,0.0,0.0,1e-06,0.0,0.0,1.6e-05,1e-06,0.0,1e-06,3e-06
oradell-nj__11524__fov25px57.jpg,oradell-nj,11524,iUxt7QZkhSNSW6TERmeO9g,True,0.78832,1,0,0,0,0,0,0,0,1,0,0.999985,1e-06,0.002552,0.000297,0.0,0.235192,0.0,0.0,1e-06,0.0
oradell-nj__9975__fov25px57.jpg,oradell-nj,9975,TQVX9nFzWdQUeQ7GaRlDBQ,False,2.753538,0,0,0,0,0,0,0,0,0,0,0.0,0.0,4e-06,0.000257,0.0,2.9e-05,0.000228,0.0,1.8e-05,2.6e-05
oradell-nj__3673__fov25px57.jpg,oradell-nj,3673,1ZIwj2E5teah29eI8FvRCA,False,7.847928,0,0,0,0,0,0,0,0,0,0,1e-06,4e-06,0.000456,0.0,0.0,1e-06,1e-06,0.0,0.002733,1.5e-05
oradell-nj__12997__fov25px57.jpg,oradell-nj,12997,8PwMN69iJsz7Ez6FT2ZxDg,False,2.283077,0,1,0,0,0,0,0,0,0,0,0.0,0.000828,2.2e-05,4.1e-05,0.0,0.0,1e-06,1e-06,2e-06,0.00023
oradell-nj__7641__fov25px57.jpg,oradell-nj,7641,horGB-uP7J0CUC_e82LGAg,True,2.119373,0,0,0,0,0,0,0,0,0,0,2.8e-05,0.001509,0.0,0.0,0.0,0.00083,1e-06,0.0,3e-06,0.0
oradell-nj__8883__fov25px57.jpg,oradell-nj,8883,nnkwj8pfqlm4FgXYhvhVQA,False,1.008164,1,0,0,0,0,0,1,0,0,0,0.999995,0.0,1.1e-05,0.002037,0.0,2e-06,3e-06,0.0,2.3e-05,0.0
oradell-nj__6082__fov25px57.jpg,oradell-nj,6082,E1w3XpO0BadwWKxkSFdphA,True,1.630048,1,0,0,0,0,0,0,0,0,0,0.812975,0.0,0.000174,0.0,0.0,0.85539,0.0,0.0,0.000189,1.2e-05
oradell-nj__5252__fov25px57.jpg,oradell-nj,5252,KcQtTMkI-Qf9XL34TL-I5Q,True,0.672101,0,0,0,0,0,1,0,0,0,0,3e-06,0.0,0.000451,0.0,0.0,0.077081,1e-06,0.0,2e-06,6e-06
oradell-nj__3057__fov25px57.jpg,oradell-nj,3057,W5CYi_YcyY8ZS_TTukttyQ,True,1.306476,0,0,0,0,0,0,0,0,0,0,0.0,1e-06,2.9e-05,0.0,0.0,0.0,1e-06,0.0,1e-06,2e-05
oradell-nj__11502__fov25px57.jpg,oradell-nj,11502,rwyRkcoQHI8GnkmQ8_Qm7g,True,15.225448,0,0,0,0,0,0,0,0,0,0,0.005857,0.0,1e-06,3e-06,0.0,1.7e-05,0.0,0.0,1e-06,0.0
oradell-nj__7535__fov25px57.jpg,oradell-nj,7535,y31kfdriiuq_rswSYtm50Q,False,0.550806,0,0,0,0,0,0,0,0,0,0,1e-06,0.0,1e-06,0.0,0.0,9.2e-05,1e-06,0.0,1e-05,5.2e-05
oradell-nj__8557__fov25px57.jpg,oradell-nj,8557,hQRpLlqRrw2CgT_vYwebXQ,True,0.275392,1,0,0,0,0,0,0,0,0,0,0.999969,0.0,1e-06,1e-06,0.0,7.9e-05,3e-06,0.0,0.000125,0.0
oradell-nj__7782__fov25px57.jpg,oradell-nj,7782,eSdYK4lOaT3scj6IBWnKJw,True,15.012282,0,0,0,0,0,0,0,0,1,0,0.0,2.9e-05,0.00051,1e-06,0.0,5e-06,1e-06,0.0,1e-06,0.002059
oradell-nj__3215__fov25px57.jpg,oradell-nj,3215,IcJo1nG_VoPa4rNff_P8uA,True,1.160609,0,0,1,0,0,1,0,0,1,0,0.0,0.0,0.003085,6e-06,0.0,0.250515,2e-06,0.0,1e-06,0.000224
oradell-nj__1030__fov25px57.jpg,oradell-nj,1030,izRnEqR6apYhC6tXAl1LHA,False,6.90087,0,0,0,0,0,0,0,0,0,0,0.005651,0.0,1e-06,0.0,0.0,3e-06,1.1e-05,0.0,0.015506,0.0
oradell-nj__11661__fov25px57.jpg,oradell-nj,11661,gGc0Kla0zhthQyW1O8WwVA,True,0.434387,0,0,0,0,0,1,0,0,0,0,1.2e-05,0.0,0.0,0.0,0.0,3.9e-05,1e-06,0.0,2e-06,1.4e-05
oradell-nj__7636__fov25px57.jpg,oradell-nj,7636,bcRDv3bRFF7TQgmUmtuXQQ,True,12.106773,0,0,0,0,0,0,0,0,0,0,0.0,0.0001,3.3e-05,2e-06,0.0,0.0,1e-06,0.0,0.00611,0.000104
oradell-nj__6236__fov25px57.jpg,oradell-nj,6236,vTCn4r2dBR6gzsTSqNDzsA,False,0.475436,0,0,0,0,0,0,0,0,0,0,1e-06,0.0,3e-06,5e-06,0.0,1.3e-05,0.0,0.0,3e-06,9e-06
oradell-nj__7355__fov25px57.jpg,oradell-nj,7355,e_O4HDMXImOmCpbNJLlj2Q,True,12.421766,1,0,0,0,0,0,0,0,1,0,0.999996,6e-06,0.13446,0.217249,0.0,7.2e-05,0.186543,0.0001,0.078534,0.0
oradell-nj__7541__fov25px57.jpg,oradell-nj,7541,_1YdauaXDnSOKO2HqnIyoA,False,15.027828,0,0,0,0,0,0,0,0,0,0,2e-06,1e-06,3e-06,0.0,0.0,0.0,3e-06,0.0,9e-06,1e-06
oradell-nj__5255__fov25px57.jpg,oradell-nj,5255,KcQtTMkI-Qf9XL34TL-I5Q,True,2.001511,0,0,0,0,0,0,0,0,0,0,0.0,9e-06,0.001934,1e-06,0.0,0.192959,0.0,0.0,0.0,0.043799
oradell-nj__8308__fov25px57.jpg,oradell-nj,8308,7ixjODZMOy_cqYtVKlcziA,True,2.126261,0,0,0,0,0,0,0,0,0,0,0.0,0.0,4.8e-05,0.0,0.0,0.016121,0.0,0.0,0.0,2.1e-05
oradell-nj__11635__fov25px57.jpg,oradell-nj,11635,iJ2L_MvuB0D5JW8q8q6OpQ,True,0.402872,0,0,0,0,0,0,0,0,0,0,1e-06,0.0,1e-06,1e-06,0.0,2.2e-05,1e-06,0.0,1e-06,2.6e-05
oradell-nj__6604__fov25px57.jpg,oradell-nj,6604,I50HZX-q6-_xQZ799ZkqRQ,True,1.500674,0,0,0,0,0,0,0,0,0,0,1e-06,1.1e-05,0.0,0.0,0.0,1e-06,1e-06,0.0,0.0,2e-06
oradell-nj__8144__fov25px57.jpg,oradell-nj,8144,LPEQmFhUHcChEfFFOCz6JA,True,0.672092,0,0,0,0,0,0,0,0,0,0,0.010751,5.5e-05,0.286094,0.000542,0.0,0.999708,1.1e-05,0.0,0.032052,1.7e-05
oradell-nj__14157__fov25px57.jpg,oradell-nj,14157,f5lFxSnfcL3xakrK6K37wQ,False,2.454377,0,0,0,0,0,0,0,0,0,0,0.004687,0.000261,0.0,1e-06,0.0,0.0,1.7e-05,0.0,0.000137,0.0
oradell-nj__1229__fov25px57.jpg,oradell-nj,1229,5q06KdDfxxWxd8Mqaec_MQ,True,0.27533,1,0,0,0,0,0,0,0,0,0,0.999904,0.000291,0.99983,6.9e-05,0.0,0.0001,3e-06,7.2e-05,1.1e-05,0.0
oradell-nj__3078__fov25px57.jpg,oradell-nj,3078,DztMTKFdHGBRIjADNn-gPg,True,0.336055,0,0,0,0,0,1,0,0,0,0,2e-06,1.3e-05,1e-06,4.1e-05,0.0,0.999039,3e-06,0.0,1e-06,0.000653
oradell-nj__5270__fov25px57.jpg,oradell-nj,5270,LW8BGJWg75H3LeFl1s4wHQ,True,1.335907,0,0,0,0,0,0,0,0,0,0,0.003968,0.0,0.088083,0.0,0.0,0.03515,0.0,1e-06,1e-06,0.0
oradell-nj__13570__fov25px57.jpg,oradell-nj,13570,mpu3kr0sILyE1rUNM2R8QQ,False,2.748857,0,0,0,0,0,0,0,0,0,0,7e-06,0.008781,8.3e-05,0.0,0.0,0.0,0.000317,0.0,0.074687,3e-06
oradell-nj__1109__fov25px57.jpg,oradell-nj,1109,tfV3-qI1tqsAG10jQGQBNg,True,2.378089,0,0,0,0,0,0,0,0,0,0,1e-06,0.0,4.1e-05,0.0,0.0,0.0,1e-06,0.0,0.000364,2e-05
walla-walla__795__fov25px57.jpg,walla-walla,795,2Nn0aR2CfUhZ9oTYORAADg,True,1.941773,1,0,0,0,0,0,0,0,0,0,0.999999,4e-06,0.000256,2e-06,0.0,0.049446,0.000224,1e-06,9e-06,0.0
walla-walla__266__fov25px57.jpg,walla-walla,266,nkicVI17wkvv99RoIvJDeg,False,1.079901,0,0,0,0,0,0,0,0,0,0,3.3e-05,2e-06,0.0,1e-06,0.0,1e-06,2e-06,0.0,1e-06,0.0
walla-walla__21__fov25px57.jpg,walla-walla,21,gx2G4T36sN6Sk7wSDjgIpA,True,13.689778,1,0,0,0,0,0,0,0,0,0,0.999975,0.0,2e-06,1e-06,0.0,0.000761,0.0,0.0,1e-06,0.0
walla-walla__626__fov25px57.jpg,walla-walla,626,38x6OjNX0oBMb8F-ZZHspg,False,286.384264,0,0,0,0,0,0,0,0,0,0,7e-06,1e-06,0.0,1e-06,0.0,1e-06,3e-06,0.0,2e-06,0.0
walla-walla__268__fov25px57.jpg,walla-walla,268,nkicVI17wkvv99RoIvJDeg,False,9.456271,0,0,0,0,0,0,0,0,0,0,8.6e-05,0.0,0.0,1.1e-05,0.0,3e-06,5e-06,0.0,4.1e-05,0.0
walla-walla__437__fov25px57.jpg,walla-walla,437,qCovvTNlqlHDY3AaDGvW9Q,True,2.482423,0,0,0,0,0,0,0,0,0,0,1e-06,2e-06,0.0,3e-06,0.0,3.1e-05,5e-06,0.0,0.0,1.2e-05
walla-walla__1193__fov25px57.jpg,walla-walla,1193,YXCdZoAQdXfN-E2c1bASEA,True,0.671616,0,0,0,0,0,0,0,0,0,0,1.2e-05,1e-06,0.0,3e-06,0.0,0.0,3e-06,0.0,0.000127,0.0
walla-walla__505__fov25px57.jpg,walla-walla,505,UdVkW0tKr6moXhisPWzVsA,True,7.300636,1,0,0,0,0,0,0,0,0,0,0.999683,1e-06,0.000159,1e-06,0.0,1.4e-05,1e-06,0.0,0.0,0.0
walla-walla__233__fov25px57.jpg,walla-walla,233,mFywxlSiVdpA7iQISD4IuA,False,18.559965,1,0,0,0,0,0,0,0,0,0,0.69936,0.0,6e-06,2e-06,0.0,0.0,0.0,0.0,1e-06,0.0
walla-walla__264__fov25px57.jpg,walla-walla,264,g2EdsXz-m8c6gbDdr4qzhw,True,9.311701,0,0,0,0,0,0,0,0,0,0,1e-06,3e-06,0.0,1e-06,0.0,2e-06,0.0,0.0,0.000123,1.4e-05
walla-walla__1200__fov25px57.jpg,walla-walla,1200,nMQnbXl4fXl5yI2p4EfVPQ,True,2.162824,0,0,0,0,0,0,0,0,0,0,1e-06,1e-05,0.0,2e-06,0.0,1.5e-05,5e-06,0.0,0.0,1e-06
walla-walla__1226__fov25px57.jpg,walla-walla,1226,YMdzmjTSsMbxelpPiHCHFA,True,1.68391,0,0,0,0,0,0,0,0,0,0,1e-06,3.2e-05,6e-06,4e-06,0.0,0.0,1e-05,0.0,0.0,6e-06
walla-walla__269__fov25px57.jpg,walla-walla,269,jtBOwcLizjr7v5lLxgn5Ww,True,1.965946,0,0,0,0,0,0,0,0,0,0,1e-06,0.0,1e-06,5e-06,0.0,1e-06,1e-06,0.0,1e-06,5e-06
walla-walla__477__fov25px57.jpg,walla-walla,477,y2XJ0BTvegMsivb5Wxxdsw,True,6.330247,1,0,1,0,0,0,0,0,0,0,0.846084,3e-06,0.846704,0.0,0.0,0.901635,1.3e-05,1e-06,4.1e-05,0.0
amsterdam__412__fov25px57.jpg,amsterdam,412,uihJmP_mhszklb3IuRdZFg,True,2.399574,0,0,0,0,0,0,0,0,0,0,2e-06,0.0,5e-06,1e-06,0.0,1e-06,2e-06,0.0,0.0,2e-06
amsterdam__790__fov25px57.jpg,amsterdam,790,fP5we7M-UbACFe0r8rZJWQ,True,4.737983,1,0,0,0,0,0,0,0,0,0,0.999999,9.6e-05,9.2e-05,2.7e-05,0.0,0.638872,5e-06,0.0,0.0,0.0
amsterdam__831__fov25px57.jpg,amsterdam,831,xY_U7Fet7J218fvoQyf6vg,True,12.881461,0,0,0,0,0,0,0,0,0,0,0.999998,0.000525,2e-06,0.762535,0.0,5e-06,3e-06,9e-06,8e-06,0.0
amsterdam__532__fov25px57.jpg,amsterdam,532,-KM4mp_co3oXUI2PcMHgMQ,True,10.329253,0,0,0,0,0,0,0,0,0,0,0.000521,0.0,3.8e-05,4.2e-05,0.0,0.0,1e-06,0.0,9e-06,0.0
amsterdam__979__fov25px57.jpg,amsterdam,979,KNKD3jK_U697QEIrlgL0Kw,True,9.096511,1,0,0,0,0,0,0,0,0,0,0.999993,1.2e-05,1e-06,0.0,0.0,4.5e-05,0.0,0.0,2e-06,0.0
amsterdam__16548__fov25px57.jpg,amsterdam,16548,sECS62osyHj5_ydABLmo6w,False,1084.297478,1,0,0,0,0,0,1,0,0,0,0.999998,1.2e-05,3.2e-05,0.213263,0.0,1e-06,0.003307,0.000496,0.002933,0.0
amsterdam__663__fov25px57.jpg,amsterdam,663,aUL9aQXLD_tNJp912VSDLQ,True,3.152479,1,0,0,0,0,0,0,0,0,0,0.999993,1e-06,6e-06,8e-06,0.0,0.00219,1e-06,0.0,1e-06,0.0
amsterdam__868__fov25px57.jpg,amsterdam,868,ML3nH5pVzPdlIkNra51yWw,True,1.501817,0,0,0,0,0,0,0,0,0,0,0.999958,3e-06,0.0,0.016317,0.0,2.5e-05,8e-06,0.0,0.000931,0.0
amsterdam__784__fov25px57.jpg,amsterdam,784,fP5we7M-UbACFe0r8rZJWQ,True,7.165703,1,0,0,0,0,0,0,0,0,0,0.999999,0.000685,0.000124,0.000165,0.0,2e-06,2e-06,4e-06,0.0,0.0
amsterdam__152__fov25px57.jpg,amsterdam,152,zG2TmF4IdAbEbYDfzBXCOA,True,11.477358,1,0,0,0,0,0,0,0,0,0,0.999903,0.0,0.0,7e-06,0.0,0.0,2.1e-05,3e-06,0.000121,0.0
amsterdam__376__fov25px57.jpg,amsterdam,376,FBCVzaNUI000-fDHf-qdvA,True,1.501847,0,0,0,0,0,0,0,0,0,0,0.586038,0.0,0.0,1.9e-05,0.0,2e-06,1.5e-05,0.0,8.9e-05,0.0
amsterdam__30631__fov25px57.jpg,amsterdam,30631,205FqYUfmGp1zoHu1UcOLw,True,4.727669,1,0,0,0,0,0,0,0,1,0,1e-06,0.000137,2e-06,0.0,0.0,1e-06,9e-06,0.0,0.056459,2.9e-05
amsterdam__414__fov25px57.jpg,amsterdam,414,uihJmP_mhszklb3IuRdZFg,True,2.664913,0,0,0,0,0,0,0,0,0,0,0.000799,0.0,0.0,6e-06,0.0,9e-06,1e-06,0.0,0.0,0.0
amsterdam__786__fov25px57.jpg,amsterdam,786,fP5we7M-UbACFe0r8rZJWQ,True,4.900115,1,0,0,0,0,0,0,0,0,0,0.999992,0.0,4.4e-05,0.000157,0.0,0.002721,1e-06,0.0,2e-06,0.0
amsterdam__968__fov25px57.jpg,amsterdam,968,ob5O60vBaNX_6nsktyix8g,True,10.134418,1,0,0,0,0,0,0,0,0,0,0.39325,0.0,2e-06,0.0,0.0,0.288673,1e-06,0.0,1e-06,0.0
amsterdam__29846__fov25px57.jpg,amsterdam,29846,P9m91v6okoXKr4w1rHH1oA,False,380.490937,0,0,0,0,0,0,0,0,0,0,0.000161,0.0,3e-06,1.1e-05,0.0,1e-06,0.0,0.0,2e-06,0.0
amsterdam__133__fov25px57.jpg,amsterdam,133,AYJXNzDu4FBUFU2OfmEmEA,True,1.289378,1,0,0,0,0,0,0,0,0,0,0.994876,0.00014,8.5e-05,0.0,0.0,0.000129,0.0,1e-06,0.024047,0.0
newberg-or__6705__fov25px57.jpg,newberg-or,6705,-fL-a0RKW2AF-fRMD3ULPw,True,1.473748,0,0,0,0,0,0,0,0,0,0,0.999998,3.1e-05,0.000992,0.0,0.0,0.000506,5e-06,0.0,2e-06,0.0
newberg-or__5163__fov25px57.jpg,newberg-or,5163,MV3sf4CzAdKdvFjLVIBEHg,False,106.721624,1,0,0,0,0,0,0,0,0,0,0.002168,0.0,2.3e-05,0.0,0.0,0.0,3e-06,0.0,0.000145,0.0
newberg-or__503__fov25px57.jpg,newberg-or,503,QejAIXdPEKr-MJeacv_QHQ,False,28.085509,1,0,0,0,0,0,0,0,0,0,0.99565,0.0,1e-06,1e-06,0.0,1.2e-05,1e-06,0.0,1e-06,0.0
newberg-or__2256__fov25px57.jpg,newberg-or,2256,HI3hVleJ-l-aYli-c5gbQA,False,1.173189,1,0,0,0,0,1,0,0,0,0,0.999998,0.000187,0.00019,9e-06,0.0,0.953123,1e-06,0.0,1e-06,0.0
newberg-or__5068__fov25px57.jpg,newberg-or,5068,8uOMnshsQpQhV0W_52HvZg,True,9.589019,0,0,0,0,0,0,0,0,0,0,0.064523,1e-06,0.028248,0.0,0.0,1e-05,4e-06,0.0,1.4e-05,0.0
newberg-or__6710__fov25px57.jpg,newberg-or,6710,-fL-a0RKW2AF-fRMD3ULPw,True,2.464939,0,0,0,0,0,0,0,0,0,0,0.999715,1.7e-05,6e-06,3e-06,0.0,0.0,2e-06,0.0,2.5e-05,0.0
newberg-or__9867__fov25px57.jpg,newberg-or,9867,laiGuRyeutJP83NpPhoifw,True,1.25464,0,0,0,0,0,0,0,0,0,0,1.3e-05,0.050536,9.5e-05,0.0,0.0,0.0,1.4e-05,1e-06,6e-06,0.0
newberg-or__9568__fov25px57.jpg,newberg-or,9568,VCuBhwMIUr1nq6HPJmaZrA,True,0.0,0,0,0,0,0,1,0,0,0,0,0.0,4e-06,2e-06,0.0,0.0,0.116011,1e-06,0.0,0.0,1e-06
newberg-or__7253__fov25px57.jpg,newberg-or,7253,Np1Ch55WAVwlTzL5CIA_gQ,True,0.0,0,0,0,0,0,0,0,0,0,0,2e-06,9e-06,0.000881,4e-06,0.0,0.015529,1e-06,0.0,0.000129,0.0
newberg-or__9334__fov25px57.jpg,newberg-or,9334,_gOok0aaR7GybP1cJ5CHMQ,True,15.449965,1,0,0,0,0,0,0,0,0,0,1.0,0.012392,2e-06,0.00044,0.0,0.000701,0.000371,0.000155,2e-06,0.0
newberg-or__745__fov25px57.jpg,newberg-or,745,oqFFz7tYYm0V-yKhu2Vs1g,True,0.333585,1,0,0,0,0,0,0,0,0,0,0.999997,3e-06,0.000683,0.001454,0.0,0.0,0.0,8e-06,1.5e-05,0.0
newberg-or__17483__fov25px57.jpg,newberg-or,17483,5Xlya6MSy3RmccxKcw9wng,False,2.699242,0,0,0,0,0,0,0,0,0,0,0.000227,0.0,1e-06,0.0,0.0,0.002194,1e-06,0.0,0.0,0.0
newberg-or__5557__fov25px57.jpg,newberg-or,5557,KLs9xlYLSL-j3pdGPve3yA,True,13.14182,1,0,0,0,0,0,0,0,0,0,0.999992,1e-06,0.0,7e-06,0.0,4e-06,7e-06,0.0,1.4e-05,0.0
newberg-or__6027__fov25px57.jpg,newberg-or,6027,ZmOkWp3vImeKDBxWmx82xA,True,0.547463,0,0,0,0,0,0,0,0,0,0,1e-06,9e-06,0.0,1e-06,0.0,0.0,1e-06,0.0,1.9e-05,3e-06
newberg-or__3635__fov25px57.jpg,newberg-or,3635,ggto9A0dyhJalJVw_TBX6A,False,1.328032,0,0,0,0,0,0,0,0,0,0,6e-06,0.0,1e-06,1e-06,0.0,0.0,6e-06,0.0,3e-06,4e-06
newberg-or__9571__fov25px57.jpg,newberg-or,9571,VCuBhwMIUr1nq6HPJmaZrA,True,17.841161,0,0,0,0,0,1,0,0,0,0,6e-06,3e-05,0.000749,0.0,0.0,0.99989,3e-06,0.0,2e-06,9.8e-05
newberg-or__18160__fov25px57.jpg,newberg-or,18160,DiXr-IsDrGXRy7aTrPl54A,True,11.590623,0,0,0,0,0,1,0,0,0,0,4e-06,4e-06,0.339178,4e-06,0.0,0.884971,1e-06,3e-06,0.0,2.3e-05
newberg-or__11339__fov25px57.jpg,newberg-or,11339,13scfYGFXBtGsKTpg5-MWg,False,1.340074,1,0,0,0,0,0,0,0,0,0,0.999992,4e-06,0.000257,1e-06,0.0,7.5e-05,7e-06,0.0,0.0,0.0
newberg-or__3171__fov25px57.jpg,newberg-or,3171,3xIT4yteaomEtl5RK-PQxg,False,53.124568,0,0,0,0,0,0,0,0,0,0,7e-06,2.4e-05,4e-06,0.0,0.0,2e-06,4e-06,1e-06,0.0,0.0
newberg-or__3138__fov25px57.jpg,newberg-or,3138,3-33aljy18tGJcyDSUfuow,False,69.61093,1,0,0,0,0,0,0,0,0,0,0.996621,3e-06,0.000767,0.0,0.0,0.998006,9e-06,0.0,2e-06,0.0
newberg-or__17796__fov25px57.jpg,newberg-or,17796,dVAH65kY5qqkxwDp7M6QZA,True,10.679308,1,0,0,0,0,0,0,0,0,0,0.999995,1e-06,2.6e-05,6e-06,0.0,0.192117,0.0,0.0,1e-06,0.0
newberg-or__15266__fov25px57.jpg,newberg-or,15266,QsRoM7t-GjbSbBnvwqPx8w,True,1.667926,0,0,0,0,0,0,0,0,0,0,2.3e-05,4.8e-05,0.000597,1e-06,0.0,0.999762,3e-06,1e-06,1e-06,4e-06
newberg-or__9361__fov25px57.jpg,newberg-or,9361,u8Ol8qESbIOV-SPLwLT7ug,True,1.473471,1,0,0,0,0,0,0,0,0,0,0.999999,1e-06,0.000177,6e-06,0.0,0.429704,0.0,0.0,0.000105,0.0
newberg-or__13266__fov25px57.jpg,newberg-or,13266,mwnSQppC0KBPqNCRazSxsw,False,89.844399,1,0,0,0,0,0,0,0,0,0,0.858843,0.0,0.455245,0.0,0.0,0.995581,2e-06,1e-06,1e-06,0.0
newberg-or__17021__fov25px57.jpg,newberg-or,17021,xV3IZieaYAiBG1br7hhoww,False,3.157159,0,0,0,0,0,0,0,0,0,0,5e-06,2e-06,2.2e-05,1e-06,0.0,5e-06,4e-06,0.0,3e-06,0.0
newberg-or__5513__fov25px57.jpg,newberg-or,5513,T2NN8wnGOm52fRHlDWDG_w,True,1.172736,0,0,0,0,0,0,0,0,0,0,0.000412,0.000218,0.001058,1.1e-05,0.0,0.999999,2.8e-05,1e-06,0.000118,0.000118
newberg-or__10600__fov25px57.jpg,newberg-or,10600,pV6ygdJjUolRf7F9prg6hA,False,119.563632,0,0,0,0,0,0,0,0,0,0,1.1e-05,2.2e-05,0.0,1e-06,0.0,1e-06,2e-06,0.0,2e-06,0.0
newberg-or__5713__fov25px57.jpg,newberg-or,5713,VCuBhwMIUr1nq6HPJmaZrA,True,17.841161,0,0,0,0,0,1,0,0,0,0,1.5e-05,7.9e-05,3.8e-05,0.0,0.0,0.997213,4e-06,0.0,0.0,4e-06
newberg-or__12372__fov25px57.jpg,newberg-or,12372,sn_VCTEZd97Sv1a8Xic_jg,False,1.373851,1,0,0,0,0,0,0,0,0,0,0.999995,0.00019,0.917671,2.7e-05,0.0,0.008109,3e-06,0.0,1e-06,0.0
newberg-or__5719__fov25px57.jpg,newberg-or,5719,9wMGQ4ESXaQxkup1bwBLUQ,False,75.829371,0,0,0,0,0,0,0,0,0,0,6.7e-05,7e-06,0.024184,0.0,0.0,1e-06,1e-06,0.0,4.8e-05,0.0
newberg-or__3134__fov25px57.jpg,newberg-or,3134,UlKj45fEPJUpRQO_sG_ong,True,1.471881,1,0,0,0,0,0,0,0,0,0,0.999984,0.000345,0.834567,6.6e-05,0.0,0.560532,0.0,6e-06,0.0,0.0
newberg-or__6013__fov25px57.jpg,newberg-or,6013,-fL-a0RKW2AF-fRMD3ULPw,True,0.44478,0,0,0,0,0,0,0,0,0,0,0.804816,2e-06,3e-06,1e-06,0.0,0.0,1e-06,0.0,2e-06,0.0
newberg-or__8031__fov25px57.jpg,newberg-or,8031,csMrgg9ifbcjfOQDHHeK9w,False,2.388189,1,0,0,0,0,0,0,0,0,0,0.999967,0.0,0.000124,2.7e-05,0.0,5e-06,0.0,0.0,1e-06,0.0
newberg-or__9808__fov25px57.jpg,newberg-or,9808,it697_7y8f67Jqild0a5Yg,True,12.695475,0,0,0,0,0,0,0,0,0,0,0.998432,8e-06,7.8e-05,0.0,0.0,0.0,1e-06,0.0,0.000953,0.0
newberg-or__14354__fov25px57.jpg,newberg-or,14354,VgtaZQEySV4txT0YPtl00A,False,0.44478,1,0,0,0,0,0,0,0,0,0,0.999992,0.0,1.6e-05,1e-06,0.0,0.011423,0.0,0.0,0.0,0.0
newberg-or__5720__fov25px57.jpg,newberg-or,5720,9wMGQ4ESXaQxkup1bwBLUQ,False,56.713098,1,0,1,0,0,0,0,0,0,0,0.999996,0.682297,0.565106,0.0,0.0,4.7e-05,4e-06,0.0,1e-06,0.0
newberg-or__14050__fov25px57.jpg,newberg-or,14050,FZAcdoTrdgTPnX4teLnGaA,True,3.066787,1,0,0,0,0,0,0,0,0,0,0.99964,0.018944,0.816215,0.009249,0.0,1e-06,3e-05,0.000269,5e-06,0.0
newberg-or__9354__fov25px57.jpg,newberg-or,9354,rvd8Wkjah58wW3nJRKrBpQ,False,14.736046,1,0,0,0,0,0,0,0,0,0,0.999985,0.058956,0.461874,4e-06,0.0,0.0,1e-06,0.000204,9e-06,0.0
newberg-or__8528__fov25px57.jpg,newberg-or,8528,g_GW0SUQGl3eEIMPBTKmrQ,True,0.0,1,0,0,0,0,1,0,0,0,0,0.999988,4.8e-05,0.101105,0.0,0.0,0.847423,4e-06,0.0,1.4e-05,0.0
newberg-or__12847__fov25px57.jpg,newberg-or,12847,I07c8ilhvKCgLXqXdY-BJg,False,112.728513,1,0,0,0,0,0,0,0,0,0,0.999999,0.004856,8.4e-05,2e-06,0.0,0.979929,1e-06,1e-06,0.0,0.0
newberg-or__14677__fov25px57.jpg,newberg-or,14677,6EMYiCs9RrBuRYJQ9ALv9Q,True,0.640916,1,0,0,0,0,1,0,0,0,0,1.0,2e-06,1e-06,0.0003,0.0,0.001088,1e-06,0.0,1.5e-05,0.0
newberg-or__13054__fov25px57.jpg,newberg-or,13054,mwnSQppC0KBPqNCRazSxsw,False,77.29957,1,0,0,0,0,0,0,0,0,0,5.2e-05,0.0,7.6e-05,0.0,0.0,3e-06,1.3e-05,0.0,4e-06,2.3e-05
newberg-or__6036__fov25px57.jpg,newberg-or,6036,owzrbYS-Y9wEqqtrmY5aUQ,True,13.148545,0,0,0,0,0,0,0,0,0,0,0.999946,0.000394,0.026898,0.0,0.0,3.7e-05,3e-06,0.0,1e-06,0.0
newberg-or__14940__fov25px57.jpg,newberg-or,14940,yyoFz6WX5sEY_U4RZFuj8w,True,0.0,1,0,0,0,0,0,0,0,0,0,0.999995,2.7e-05,9e-06,4e-06,0.0,0.000151,1e-06,0.0,0.0,0.0
newberg-or__10808__fov25px57.jpg,newberg-or,10808,-biYRW87yYAt4yW3FarIRg,True,4.720872,1,0,0,0,0,1,0,0,0,0,0.999996,0.000788,0.000121,2e-06,0.0,2e-06,2e-06,0.0,0.0,0.0
newberg-or__5561__fov25px57.jpg,newberg-or,5561,h9XZJ5xWoaHsg95HGOLpLQ,True,2.112707,1,0,0,0,0,1,0,0,0,0,1.0,0.11529,1.8e-05,0.0,0.0,0.012285,0.0,0.0,0.0,0.0
newberg-or__15620__fov25px57.jpg,newberg-or,15620,V1-fiwQ5DBGDOBbFo4EFGg,False,1.798672,1,0,1,0,0,0,0,0,0,0,1.0,0.000289,1.3e-05,6e-06,0.0,0.088855,0.000147,0.000354,4.2e-05,0.0
newberg-or__4909__fov25px57.jpg,newberg-or,4909,L-LN0Modoa20F79Hr5yGSw,True,14.547619,0,0,0,0,0,1,0,0,0,0,0.000673,0.000265,0.010552,0.0,0.0,0.876253,1e-06,0.0,1e-06,0.0
newberg-or__10741__fov25px57.jpg,newberg-or,10741,vJ2gt5ZUaJ4ujCjhPY_DbA,True,9.082878,0,1,0,0,0,0,0,0,1,0,2.3e-05,0.0,2.5e-05,1e-06,0.0,1.2e-05,8e-06,1e-06,1e-06,0.0
newberg-or__9402__fov25px57.jpg,newberg-or,9402,E0xk_Mx1tV0wqvY_-7-Ugg,False,14.309217,0,0,0,0,0,0,0,0,0,0,1e-06,1e-06,9.7e-05,0.0,0.0,3.2e-05,1e-06,0.0,1e-06,0.0
newberg-or__5986__fov25px57.jpg,newberg-or,5986,x6nTiiHqGMeLVWXpGVXV7A,True,3.810411,1,0,0,0,0,0,0,0,0,0,0.999998,0.00023,3e-06,0.00061,0.0,0.0,1e-05,6.6e-05,2e-06,0.0
newberg-or__17798__fov25px57.jpg,newberg-or,17798,vAd3xQrXa2eFiHNu5cNj3w,False,1.114696,1,0,0,0,0,0,0,0,0,0,1.0,0.006341,0.001692,0.0,0.0,2.2e-05,1e-06,0.0,0.000287,0.0
newberg-or__15000__fov25px57.jpg,newberg-or,15000,vGqTrSbdXMlaUHiqSYAV0A,True,0.0,1,0,0,0,0,0,0,0,0,0,0.999406,0.000155,2e-06,0.000347,0.0,0.0,0.0,1e-06,2e-06,0.0
newberg-or__2343__fov25px57.jpg,newberg-or,2343,33P3tWWhldpMSCFX8F0mAQ,True,1.254592,0,0,0,0,0,0,0,0,0,0,2.7e-05,4.9e-05,7e-05,0.0,0.0,6e-06,1e-06,0.0,1e-06,0.0
newberg-or__9726__fov25px57.jpg,newberg-or,9726,Vs18XJrNa5Vaz86-5-fTWA,True,14.468898,1,0,0,0,0,0,0,0,1,0,1.0,4.6e-05,6.1e-05,0.0,0.0,1.3e-05,0.000112,0.0,0.00088,0.0
newberg-or__6018__fov25px57.jpg,newberg-or,6018,A3qq_6Wv1Y0YIm0kPA6Mig,True,1.861448,0,0,0,0,0,0,0,0,0,0,0.995441,2e-06,2e-06,0.0,0.0,0.0,2e-06,0.0,2e-06,0.0
newberg-or__539__fov25px57.jpg,newberg-or,539,Q70TPJhaWJ81lsV3I_oZlw,True,2.453207,0,0,0,0,0,0,0,0,0,0,0.033403,0.0,0.0,0.0,0.0,1.5e-05,0.0,0.0,3e-06,0.0
newberg-or__6229__fov25px57.jpg,newberg-or,6229,KIzesQGbxoRIC3QapNjKYQ,False,0.709022,0,0,0,0,0,0,0,0,0,0,0.986362,0.000956,2.8e-05,1.3e-05,0.0,1e-06,2.5e-05,0.0,0.0,0.0
newberg-or__1725__fov25px57.jpg,newberg-or,1725,V1-fiwQ5DBGDOBbFo4EFGg,False,0.767617,1,0,0,0,0,1,0,0,0,0,0.999997,7e-06,0.0,1e-06,0.0,0.647523,0.0,0.0,2e-06,0.0
newberg-or__1150__fov25px57.jpg,newberg-or,1150,5ChWaAvpxewqLDgfOrgYgg,True,10.263933,1,0,0,0,0,0,0,0,0,0,0.999956,6.9e-05,0.998596,0.000245,0.0,0.306042,3e-06,0.000687,2e-06,0.0
newberg-or__5725__fov25px57.jpg,newberg-or,5725,p8q2WBYVKHWK49adSs8g2Q,True,12.68727,1,0,1,0,0,0,0,0,0,0,0.999995,2e-05,0.000523,4e-06,0.0,3e-06,3e-06,3e-06,0.0,0.0
newberg-or__3525__fov25px57.jpg,newberg-or,3525,dQ1T8lCrkUQYBv5KhEh8RQ,True,9.423875,1,0,0,0,0,0,0,0,1,0,1.0,1e-05,0.663955,0.000723,0.0,0.012735,0.0,1e-06,0.000235,0.0
newberg-or__6544__fov25px57.jpg,newberg-or,6544,bdW-EOzJNUR5elR-44OhOQ,False,0.767753,1,0,0,0,0,1,0,0,0,0,0.999942,3.3e-05,5e-05,5e-06,0.0,0.999954,3e-06,1e-06,2e-06,0.0
newberg-or__8280__fov25px57.jpg,newberg-or,8280,hXlPoi3-dwfgmXBWL-yJlw,True,0.547508,0,0,0,0,0,1,0,0,0,0,2e-05,0.00077,1.6e-05,0.0,0.0,0.998952,3e-06,0.0,2e-06,1e-06
newberg-or__5848__fov25px57.jpg,newberg-or,5848,zzfXieWjJada3nTAHG_K3Q,True,0.778366,1,0,0,0,0,0,0,0,0,0,0.999993,0.000154,0.0,1e-06,0.0,3e-06,1e-06,0.0,2e-06,0.0
newberg-or__5084__fov25px57.jpg,newberg-or,5084,xT8STuTDdi-TMMWE8B0oqA,True,4.294399,0,0,0,0,0,0,0,0,0,0,0.737005,2.1e-05,5e-06,1e-06,0.0,0.0,3e-06,1e-06,0.0,0.0
newberg-or__8160__fov25px57.jpg,newberg-or,8160,KWK1kxnnYit5_5_iR404bw,False,1.535393,0,0,1,0,0,0,0,0,0,0,0.000386,0.476602,0.211456,1e-06,0.0,3e-05,5.7e-05,6e-06,0.0,0.0
newberg-or__4614__fov25px57.jpg,newberg-or,4614,mzTGBiz_E264SxO9zAJmjw,True,0.54744,0,0,0,0,0,0,0,0,0,0,0.000442,1e-06,9e-06,0.0,0.0,0.0,5e-06,1.7e-05,0.005918,1e-06
newberg-or__15104__fov25px57.jpg,newberg-or,15104,E6dnnhowcREBfV3c6lBGSg,True,0.0,0,0,0,0,0,0,0,0,0,0,2e-06,4e-06,1e-06,0.0,0.0,0.000745,2e-06,0.0,0.0,1e-06
newberg-or__7240__fov25px57.jpg,newberg-or,7240,dAkVsX2chsQP6B4p2aNwIA,True,4.722474,1,0,0,0,0,0,0,0,0,0,0.999954,0.017669,0.0,0.0,0.0,4e-06,2.4e-05,0.0,0.000521,0.0
newberg-or__8265__fov25px57.jpg,newberg-or,8265,hTY6Z9NGUA-1qJpzfjojVA,False,1.724343,0,0,0,0,0,1,0,0,0,0,0.001129,0.0,1e-06,1e-06,0.0,8e-06,1e-06,0.0,1e-06,0.0
newberg-or__8890__fov25px57.jpg,newberg-or,8890,is8bK66xUKpVlUmyRxxqbQ,True,11.377317,1,0,0,0,0,0,0,0,0,0,1.0,0.295819,1.1e-05,1e-06,0.0,0.00057,6e-06,0.0,3e-06,0.0
newberg-or__531__fov25px57.jpg,newberg-or,531,tYSMqBMoGo5z99NqEX__kg,True,6.175515,1,0,0,0,0,0,0,0,0,0,0.999997,2e-06,0.000227,0.418428,0.0,0.001426,0.0,1e-06,0.155453,0.0
newberg-or__5154__fov25px57.jpg,newberg-or,5154,yKu400XrytRcj0IoDQgn1Q,True,8.951694,0,0,0,0,0,0,0,0,0,0,0.000853,0.000133,0.000119,2e-06,0.0,0.0,2e-06,1e-06,2.6e-05,0.0
newberg-or__7094__fov25px57.jpg,newberg-or,7094,6VFc-Zkum0i9GYfmQUXYhQ,True,2.112707,1,0,0,0,0,0,0,0,0,0,0.999999,1e-06,6.2e-05,0.032223,0.0,0.004442,0.0,5e-06,1e-06,0.0
newberg-or__9342__fov25px57.jpg,newberg-or,9342,KoZvlJZkoeJ0ls5klccSfA,True,5.247727,0,0,0,0,0,0,0,0,0,0,0.999966,0.017145,0.000124,1e-06,0.0,5e-06,1e-06,0.0,0.0,0.0
newberg-or__15664__fov25px57.jpg,newberg-or,15664,Mskj7j81K420vf5rz1cJjw,True,2.45335,1,0,0,0,0,1,0,0,0,0,1.0,0.007879,1e-06,1e-06,0.0,0.727243,2e-06,2.8e-05,8e-06,0.0
newberg-or__6989__fov25px57.jpg,newberg-or,6989,1T2a7HjKHPUg27kS1ka_7Q,True,0.889561,1,0,0,0,0,0,0,0,0,0,0.079433,0.0,0.00012,0.0,0.0,0.000157,0.0,0.0,0.0,0.0
newberg-or__674__fov25px57.jpg,newberg-or,674,GJwtZSSoTGTMX_HVxYhnbA,True,6.615711,0,0,0,0,0,0,0,0,0,0,7.4e-05,3e-06,1e-06,0.0,0.0,1.6e-05,1e-06,0.0,1e-06,0.0
newberg-or__11330__fov25px57.jpg,newberg-or,11330,jlx48N8Du__sCbfhmAaOkA,True,0.767654,1,0,0,0,0,0,0,0,0,0,0.99996,4e-06,0.029779,0.0,0.0,0.000315,8.9e-05,2e-06,6e-06,0.0
newberg-or__10537__fov25px57.jpg,newberg-or,10537,oTM-EYPQod4F-DPo0Imwjw,False,79.804917,0,0,0,0,0,1,0,0,0,0,0.000616,1.7e-05,0.006709,1e-06,0.0,0.000129,5e-06,1e-06,0.0,0.0
newberg-or__15216__fov25px57.jpg,newberg-or,15216,C6RVzkWT6rrlPE50kRwPnw,True,0.778366,0,0,0,0,0,0,0,0,0,0,0.0002,1e-06,0.005297,0.0,0.0,0.000642,2e-06,0.0,0.0,0.0
newberg-or__5807__fov25px57.jpg,newberg-or,5807,8UORaav0_4bAW9W0NHj-5g,True,2.63286,0,0,0,0,0,1,0,0,0,0,4e-06,0.0,2e-06,2e-06,0.0,0.353315,1e-06,0.0,2e-06,0.0
newberg-or__5436__fov25px57.jpg,newberg-or,5436,vh50DCJ_8OsVqZn6-9a7Xg,True,0.778366,1,0,0,0,0,1,0,0,0,0,1.0,0.680448,5.2e-05,1e-05,0.0,0.165397,3e-06,3e-06,1e-06,0.0
newberg-or__12142__fov25px57.jpg,newberg-or,12142,lV1jDvfGKmjZV598HDzZ1w,False,17.757087,1,0,0,0,0,1,0,0,1,0,0.96698,0.000315,0.992831,0.0,0.0,1.5e-05,0.000212,0.0,0.007813,0.0
newberg-or__14048__fov25px57.jpg,newberg-or,14048,FZAcdoTrdgTPnX4teLnGaA,True,0.0,1,0,0,0,0,0,0,0,0,0,0.999996,0.000318,5e-06,0.0,0.0,0.00142,2e-06,0.0,3.9e-05,0.0
newberg-or__9340__fov25px57.jpg,newberg-or,9340,KoZvlJZkoeJ0ls5klccSfA,True,14.059589,0,0,0,0,0,0,0,0,0,0,0.0,0.000873,6e-06,4e-06,0.0,1e-06,1.1e-05,2e-06,2e-06,1e-06
newberg-or__15072__fov25px57.jpg,newberg-or,15072,MJx4OesBRo1qX8tdmUDM-Q,True,13.961644,1,1,0,1,0,0,0,0,0,0,1.0,0.00017,0.000732,0.00028,0.0,0.0,2e-06,0.0,0.002069,0.0
newberg-or__16222__fov25px57.jpg,newberg-or,16222,bsbNltrZ3f2sTMWl99VBWg,True,1.472335,1,0,0,0,0,0,0,0,0,0,0.999999,0.001922,0.002455,7e-06,0.0,0.995886,1e-06,0.0,6e-06,0.0
newberg-or__10879__fov25px57.jpg,newberg-or,10879,bsbNltrZ3f2sTMWl99VBWg,True,14.320193,1,0,0,0,0,0,0,0,0,0,0.036807,0.0,5e-06,1e-06,0.0,2e-06,1.8e-05,0.0,3e-06,0.0
newberg-or__3836__fov25px57.jpg,newberg-or,3836,nc8dRsMhoBuCFIvAQLv_EA,True,0.44478,1,0,0,0,0,0,0,0,0,0,1.0,0.042887,0.002008,0.0,0.0,1.2e-05,5e-06,4e-06,6e-06,0.0
newberg-or__3201__fov25px57.jpg,newberg-or,3201,LBExk3L9N5zgQEBxeT6RzA,False,3.005205,1,0,1,0,0,1,0,0,1,0,0.999994,1e-06,0.671715,0.000458,0.0,0.003631,4.2e-05,0.0,5.9e-05,0.0
newberg-or__2623__fov25px57.jpg,newberg-or,2623,yKu400XrytRcj0IoDQgn1Q,True,8.951694,0,0,0,0,0,0,0,0,0,0,1e-06,8.9e-05,0.000554,4e-06,0.0,0.0,5e-06,2e-06,6.4e-05,9e-06
newberg-or__12709__fov25px57.jpg,newberg-or,12709,lL0LuljnVtNsuCdN3-aK0w,False,157.394463,1,0,0,0,0,1,0,0,0,0,0.999996,0.000947,0.988054,1e-06,0.0,0.271598,0.0,2e-06,1.2e-05,0.0
newberg-or__9978__fov25px57.jpg,newberg-or,9978,b5xuM7T7X2MTjuRnyABZ2Q,True,14.365027,0,0,0,0,0,0,0,0,0,0,4.2e-05,0.0,0.024526,9e-06,0.0,0.001893,2e-06,0.0,0.0,3.8e-05
newberg-or__6292__fov25px57.jpg,newberg-or,6292,D-VidkzhKulGDy-vMP0kIQ,True,0.625736,1,0,0,0,0,1,0,0,0,0,0.999871,3e-06,1e-06,0.0,0.0,0.141144,3e-06,0.0,0.0,0.0
newberg-or__5094__fov25px57.jpg,newberg-or,5094,6SkIZu-H0cThgn2l_kOIwg,True,0.333585,1,0,0,0,0,0,0,0,0,0,0.999998,0.001303,0.001111,1.8e-05,0.0,1.5e-05,3e-06,1e-06,0.0,0.0
newberg-or__6028__fov25px57.jpg,newberg-or,6028,ZmOkWp3vImeKDBxWmx82xA,True,3.81033,0,0,0,0,0,0,0,0,0,0,8e-06,0.0,2e-06,0.0,0.0,3e-06,3.1e-05,0.0,1.5e-05,0.0
newberg-or__6631__fov25px57.jpg,newberg-or,6631,yTwlZDK8Eoco3xsqgy6y9A,False,79.330929,1,0,0,0,0,0,0,0,0,0,0.990549,1.3e-05,0.0,1e-06,0.0,0.987834,4e-06,0.0,2e-06,0.0
newberg-or__13363__fov25px57.jpg,newberg-or,13363,IyyrF0XApODcYznfPrv3SA,False,54.604492,0,0,0,0,0,0,0,0,0,0,0.0,0.000255,0.0,0.0,0.0,7e-06,2e-06,0.0,2e-05,3e-06
newberg-or__6238__fov25px57.jpg,newberg-or,6238,yyoFz6WX5sEY_U4RZFuj8w,True,0.625646,0,0,0,0,0,0,0,0,0,0,0.000161,5e-06,0.0,0.0,0.0,2e-06,2e-06,0.0,0.000259,0.0
newberg-or__5136__fov25px57.jpg,newberg-or,5136,fRJHxFf-Rv1vFI6a4Kz7hQ,True,10.997836,0,0,0,0,0,0,0,0,0,0,1e-06,0.028029,9.7e-05,0.0,0.0,0.008306,1e-06,0.0,0.0,2e-06
newberg-or__5908__fov25px57.jpg,newberg-or,5908,_hOluyChhqzMyjHdOvUJOg,True,1.407927,1,0,0,0,0,0,0,0,0,0,0.999874,0.0,2.5e-05,0.0,0.0,0.015328,0.0,0.0,0.0,0.0
newberg-or__6031__fov25px57.jpg,newberg-or,6031,ZmOkWp3vImeKDBxWmx82xA,True,1.407872,0,0,0,0,0,0,0,0,0,0,0.001024,1e-06,0.000575,0.0,0.0,4e-06,3e-06,0.0,0.0,0.0
newberg-or__3905__fov25px57.jpg,newberg-or,3905,EjxxNpbz6N7O5DGGLX0sGQ,False,0.625606,1,0,0,0,0,1,0,0,0,0,0.999945,6.6e-05,0.001593,0.0,0.0,0.720773,1e-06,1e-06,0.0,0.0
newberg-or__708__fov25px57.jpg,newberg-or,708,SB-LDVBcTRbUfdlx5Khj4g,True,2.006805,1,0,0,0,0,0,0,0,0,0,1.0,0.000169,2.1e-05,1e-06,0.0,0.004806,0.0,0.0,0.0,0.0
newberg-or__13117__fov25px57.jpg,newberg-or,13117,uosTYBPCwQvuH3KBI_zS-w,False,11.864454,1,0,0,0,0,1,0,0,0,0,0.999886,0.000141,0.998917,8e-05,0.0,0.993371,1.4e-05,3.7e-05,3.1e-05,0.0
newberg-or__5509__fov25px57.jpg,newberg-or,5509,QsRoM7t-GjbSbBnvwqPx8w,True,1.781342,0,0,0,0,0,0,0,0,0,0,0.000108,5e-06,0.000374,0.0,0.0,0.999341,1e-06,0.0,0.0,1e-06
newberg-or__6986__fov25px57.jpg,newberg-or,6986,1T2a7HjKHPUg27kS1ka_7Q,True,0.44478,1,0,0,0,0,0,0,0,0,0,0.999982,7.4e-05,2e-06,1e-06,0.0,0.002278,0.0,0.0,5e-06,0.0
newberg-or__17504__fov25px57.jpg,newberg-or,17504,WNI5mIOxlLleYbrI_Jbf3w,False,0.0,1,0,0,0,0,0,0,0,0,0,1.0,0.000218,1e-06,1.6e-05,0.0,2.7e-05,4e-06,0.0,0.014989,0.0
newberg-or__14447__fov25px57.jpg,newberg-or,14447,Qo4j1Z_0q1o_iCp4bvNcnQ,False,71.65118,0,0,0,0,0,0,0,0,0,0,0.0,1e-06,3e-06,0.0,0.0,5e-06,2e-06,0.0,1e-06,2e-06
newberg-or__254__fov25px57.jpg,newberg-or,254,BXRpQcSCGeDCPOMxCTelvA,True,0.0,1,0,0,0,0,0,0,0,0,0,0.956096,0.000117,0.999996,1.1e-05,0.0,0.012049,3.1e-05,2e-06,0.000395,1e-06
newberg-or__4034__fov25px57.jpg,newberg-or,4034,-rOewf4wVxv7K1jW_V7Iug,True,3.213889,0,0,0,0,0,0,0,0,0,0,1e-06,1e-06,0.0,0.0,0.0,0.000993,4e-06,0.0,0.0,3e-05
newberg-or__7292__fov25px57.jpg,newberg-or,7292,Ksdek1vmtcgEIeviAI4FhA,False,2.17552,0,0,0,0,0,0,0,0,0,0,6e-06,8e-06,0.00035,0.0,0.0,2e-06,1e-06,0.0,0.0,0.0
newberg-or__17208__fov25px57.jpg,newberg-or,17208,0iAY6BPH-xYIq2Addsye_Q,False,11.690519,0,0,0,0,0,0,0,0,0,0,0.009478,0.964992,7e-05,0.0,0.0,7e-06,2.7e-05,0.0,6.2e-05,0.0
newberg-or__11809__fov25px57.jpg,newberg-or,11809,D2a38Otq14Zf3lJiDSXX7w,True,0.0,1,0,0,0,0,0,0,0,0,0,0.999999,0.964067,9e-06,0.0001,0.0,1.5e-05,2e-06,0.0,1.6e-05,0.0
newberg-or__9032__fov25px57.jpg,newberg-or,9032,lpvBBzSSG2wRujWkKPjZKQ,False,86.464121,0,0,0,0,0,0,0,0,0,0,2e-06,0.000889,1.4e-05,0.0,0.0,2e-06,3e-06,1e-06,0.0,0.0
newberg-or__4871__fov25px57.jpg,newberg-or,4871,VK-fN_9b5bOP01uMb5orCA,True,0.44478,0,0,0,0,0,1,0,0,0,0,1.2e-05,1e-05,0.0,4e-06,0.0,5e-06,1e-06,0.0,1e-06,0.0
newberg-or__16885__fov25px57.jpg,newberg-or,16885,dGP4U9t-uPMRZ4Wx_GalJg,False,53.307196,1,0,0,0,0,0,0,0,0,0,0.998336,1.2e-05,0.013557,0.0,0.0,1e-06,2e-06,0.0,6e-06,0.0
newberg-or__2952__fov25px57.jpg,newberg-or,2952,lubMzjdDz8gl--Jrmbcszg,True,10.741492,1,0,0,0,0,0,0,0,0,0,0.999738,0.040877,0.999645,4e-06,0.0,0.967241,8.5e-05,0.00014,0.000479,1e-06
columbus-oh__27327__fov25px57.jpg,columbus-oh,27327,bZeyx46Eh2pr9j4wLC3DXA,False,8.905796,1,0,0,0,0,0,0,0,0,0,0.051477,1.3e-05,9.5e-05,0.0,0.0,0.000113,7.2e-05,1e-06,8e-06,0.0
columbus-oh__31022__fov25px57.jpg,columbus-oh,31022,KAgAPmglWL214h7BxGABaw,True,7.335685,0,0,0,0,0,0,0,0,1,0,0.0,9e-05,7.4e-05,0.0,0.0,1e-06,2e-06,0.0,0.169563,0.002315
columbus-oh__28237__fov25px57.jpg,columbus-oh,28237,eJLb5mvYpB1cvVPjM3hdbg,True,0.255569,0,0,0,0,0,0,0,0,0,0,0.624945,2e-06,0.000563,4e-06,0.0,3e-06,7e-06,5e-06,2e-06,0.0
columbus-oh__33271__fov25px57.jpg,columbus-oh,33271,NGUaIR4DH7nKefhJuQTbbQ,True,0.333585,0,0,0,0,0,0,0,0,0,0,0.993685,0.0,0.000563,0.000595,0.0,7e-06,1e-06,0.0,0.000917,0.0
columbus-oh__1864__fov25px57.jpg,columbus-oh,1864,qoMGoo5OybQIbOHvVBRgDg,True,4.405203,0,0,0,0,0,0,0,0,0,0,0.002445,9e-06,4e-06,0.0,0.0,1e-06,0.0,0.0,1.2e-05,0.0
columbus-oh__22331__fov25px57.jpg,columbus-oh,22331,ECXgeByqANyDlAxDX51cqg,True,0.280148,0,0,0,0,0,0,1,0,0,0,0.0,5e-06,0.0,5.5e-05,0.0,0.0,8e-06,1e-06,2.2e-05,0.000328
columbus-oh__13951__fov25px57.jpg,columbus-oh,13951,vbtkAdB00gdxPjy-plFQaA,False,8.751906,0,0,0,0,0,0,1,0,1,0,0.054921,0.0,8.3e-05,0.014555,0.0,0.0,0.000184,6e-06,0.998753,1.9e-05
columbus-oh__14125__fov25px57.jpg,columbus-oh,14125,Rr94147-gPLl-NCF2pes6A,False,20.334152,0,0,0,0,0,0,0,0,0,0,0.0,2e-06,0.000633,1e-06,0.0,2e-06,0.0,0.0,0.047308,3e-06
columbus-oh__30619__fov25px57.jpg,columbus-oh,30619,dKf8gp3NfI-SxZvD4cZJow,False,235.303743,0,0,0,0,0,0,0,0,0,0,1.8e-05,0.0,2.1e-05,3.2e-05,0.0,0.0,2e-06,0.0,1e-06,1.3e-05
columbus-oh__24371__fov25px57.jpg,columbus-oh,24371,cxGsvF4-a8G01sj0RL9TbQ,True,12.701915,0,0,0,0,0,0,0,0,0,0,3.2e-05,6e-06,0.000333,1e-06,0.0,2e-06,1e-06,0.0,0.000119,1e-06
columbus-oh__30760__fov25px57.jpg,columbus-oh,30760,wKZeYV-xaKlA6qBarAR0Ow,True,3.254454,0,0,0,0,0,0,0,0,0,0,0.0,4e-06,1e-05,2e-06,0.0,3.8e-05,9e-06,0.0,1e-06,0.0
columbus-oh__26862__fov25px57.jpg,columbus-oh,26862,AgYPZEMXe1ArfGrC1pntfg,False,2.564887,0,0,0,0,0,0,0,0,0,0,1.5e-05,3e-06,7.7e-05,0.0,0.0,0.0,0.0,0.0,3e-06,2e-06
columbus-oh__27328__fov25px57.jpg,columbus-oh,27328,cRng681q7XTXrCOoAl5GwA,True,8.42446,0,0,0,0,0,0,0,0,0,0,0.996498,1e-06,0.04117,5e-06,0.0,0.0,1.6e-05,0.0,0.006148,0.0
columbus-oh__35266__fov25px57.jpg,columbus-oh,35266,yMIu4zotOLh1P_43CT3JIQ,True,0.71443,0,0,0,0,0,0,0,0,0,0,0.000534,2e-06,1e-06,0.0,0.0,0.0,2e-06,0.0,2e-06,1e-06
columbus-oh__33027__fov25px57.jpg,columbus-oh,33027,x_aVYkpem574JtMmJpbcJA,True,1.238994,0,0,0,0,0,0,0,0,0,0,3e-06,0.0,0.001566,0.0,0.0,0.0,9e-06,1e-06,0.000303,4e-06
columbus-oh__32844__fov25px57.jpg,columbus-oh,32844,_9TvKizx5O4uqw7SZVk0Tg,True,1.666998,1,0,0,0,0,0,0,0,1,0,0.104284,0.001185,0.000188,0.0,0.0,0.000128,3.1e-05,1.1e-05,0.999921,0.013707
columbus-oh__229__fov25px57.jpg,columbus-oh,229,T94_s5Jxv1DMtxhxrtfz7Q,True,7.216087,0,0,0,0,0,0,0,0,0,0,0.999981,0.0,5e-06,0.001639,0.0,1e-06,1e-06,0.0,9e-06,0.0
columbus-oh__22624__fov25px57.jpg,columbus-oh,22624,Jobk2k_u--s99Sg-unqE2w,True,6.929169,0,0,0,0,0,0,0,0,0,0,1e-06,0.0,1e-06,1e-06,0.0,4e-06,0.0,0.0,2e-06,9e-06
columbus-oh__1422__fov25px57.jpg,columbus-oh,1422,IEMd7uE2qD9OaUB8IFiO3g,False,12.285978,0,0,0,0,0,0,0,0,0,0,0.333582,0.0,2e-06,1e-06,0.0,3e-06,1e-06,0.0,0.0,0.0
columbus-oh__13428__fov25px57.jpg,columbus-oh,13428,aX6Jm_SrExNFunG5fpB88A,False,14.587526,0,0,0,0,0,0,0,0,0,0,4.1e-05,0.0,1.2e-05,0.0,0.0,1e-06,0.0,0.0,0.000644,2e-06
columbus-oh__28457__fov25px57.jpg,columbus-oh,28457,msxFm7VaoQT0Dz1rXmTXZQ,False,6.698918,0,0,0,0,0,0,0,0,0,0,1e-06,7.6e-05,8e-06,0.00017,0.0,2.1e-05,7e-06,0.0,7e-06,5e-06
columbus-oh__22763__fov25px57.jpg,columbus-oh,22763,Omsg3OklVYs6yg6BsPrSww,True,1.872853,0,0,0,0,0,0,0,0,0,0,0.0,4.5e-05,1e-05,2e-06,0.0,0.0,2e-06,1e-06,7.2e-05,2.1e-05
columbus-oh__35245__fov25px57.jpg,columbus-oh,35245,cMyspsLRIQCwgrWzjslAgA,True,7.434335,0,0,0,0,0,0,0,0,1,0,2e-06,2e-06,0.0,1e-06,0.0,0.0,1e-06,0.0,1.8e-05,1e-05
columbus-oh__16550__fov25px57.jpg,columbus-oh,16550,HGv-6cjg1GvwMVgvttPR3g,True,4.647473,0,0,0,0,0,0,0,0,0,0,0.0,3.3e-05,2.1e-05,4e-06,0.0,0.0,3e-06,0.0,1.4e-05,0.000192
columbus-oh__19378__fov25px57.jpg,columbus-oh,19378,HDU1MrfKaUn-mO2MTMpNZg,True,6.023864,0,0,0,0,0,0,0,0,0,0,2e-06,0.0,0.000231,0.0,0.0,0.0,2e-06,0.0,0.000992,5e-06
columbus-oh__19620__fov25px57.jpg,columbus-oh,19620,utpWMwW3sKGhUAkUMsqfcQ,False,17.834683,0,0,0,0,0,0,0,0,0,0,0.0,0.0,2.6e-05,1e-06,0.0,1e-06,0.0,0.0,0.0,6.3e-05
columbus-oh__7093__fov25px57.jpg,columbus-oh,7093,SGDX7e7Vmt4Y7_QpC_Q6Hg,False,113.766811,0,0,0,0,0,0,0,0,0,0,0.0,1.4e-05,0.0,9e-06,0.0,0.0,0.0,0.0,1.7e-05,0.003539
columbus-oh__35508__fov25px57.jpg,columbus-oh,35508,qNX7yRHlV3XbcIc63DbVWA,False,54.296961,0,0,0,0,0,0,0,0,1,0,0.0,0.000582,3.6e-05,0.000121,0.0,2e-06,0.0,0.0,1.3e-05,0.000244
columbus-oh__13354__fov25px57.jpg,columbus-oh,13354,yx2btV0scVoksZe_wCLZ_w,True,8.230733,0,0,0,0,0,0,0,0,0,0,0.0,0.000537,2e-06,0.0,0.0,2e-06,1e-06,0.0,0.017587,7.3e-05
columbus-oh__26606__fov25px57.jpg,columbus-oh,26606,tg58n_8R3oRQdGshILaQsQ,True,7.561265,0,0,0,0,0,0,0,0,0,0,0.00025,4e-06,0.019736,0.0,0.0,1e-05,3e-06,0.0,2.7e-05,1e-05
columbus-oh__18303__fov25px57.jpg,columbus-oh,18303,HoLYSavcgOE-Q2MOuccEyQ,False,380.219938,0,0,0,0,0,0,0,0,0,0,0.0,1.2e-05,0.977592,4e-06,0.0,6.3e-05,1e-06,1e-06,1e-06,0.109814
columbus-oh__30249__fov25px57.jpg,columbus-oh,30249,HBTRi3hJyHnxgS664_jRKA,False,327.298426,1,0,0,0,0,0,0,0,0,0,0.999998,0.0,1e-06,8.8e-05,0.0,0.000154,1e-06,0.0,2e-06,0.0
columbus-oh__11648__fov25px57.jpg,columbus-oh,11648,ii9YHDltGmAISBSO7nvokw,False,174.399688,0,0,1,0,0,0,0,0,0,0,0.0,1.4e-05,0.000333,1e-06,0.0,0.003937,2e-06,0.0,0.433383,0.936446
columbus-oh__26866__fov25px57.jpg,columbus-oh,26866,DMaa8Q4-y46GMRQzdm7Wcg,True,10.736698,0,0,0,0,0,0,0,0,0,0,0.001889,3e-06,3e-06,1e-06,0.0,5e-06,3e-05,0.0,0.001449,0.0
columbus-oh__3866__fov25px57.jpg,columbus-oh,3866,sjV7IwyUrhrfnAiri73d2w,False,63.88677,0,0,0,0,0,0,0,0,0,0,0.000122,0.0,3.6e-05,0.0,0.0,1e-06,3e-06,0.0,0.0,0.0
columbus-oh__27376__fov25px57.jpg,columbus-oh,27376,q9BT2K-1a8mHTOM17SbIBQ,True,0.452863,0,0,0,0,0,0,0,0,0,0,2.6e-05,3e-06,1.9e-05,2e-06,0.0,2e-06,0.0,0.0,1.4e-05,1e-06
columbus-oh__23633__fov25px57.jpg,columbus-oh,23633,kPm4s00iy9HOPfS4QMnGlw,False,44.062743,1,0,0,0,0,0,0,0,1,0,0.999999,2.3e-05,0.000169,0.000328,0.0,0.0,2.4e-05,0.001301,0.013195,0.0
columbus-oh__837__fov25px57.jpg,columbus-oh,837,TpgR1_CFiayYv_D28W6GNg,True,6.813613,0,0,0,0,0,0,0,0,0,0,0.167699,0.0,7e-06,0.0,0.0,1e-06,3.1e-05,0.0,0.011868,0.0
columbus-oh__771__fov25px57.jpg,columbus-oh,771,ActLzx7dvPD-gUwYJm4hYQ,True,7.702696,0,0,1,0,0,1,0,0,0,0,0.0,0.0,7.9e-05,0.0,0.0,3.1e-05,0.0,0.0,5e-06,0.000147
columbus-oh__24618__fov25px57.jpg,columbus-oh,24618,PQUPShxgGzFrTcd_tW0dHA,True,1.045927,0,0,0,0,0,0,0,0,1,0,2e-06,1e-06,0.0,1.4e-05,0.0,2.5e-05,0.0,0.0,2.9e-05,1e-06
columbus-oh__26961__fov25px57.jpg,columbus-oh,26961,ys6SgnwL8iNP9IRqwsL57g,True,19.123713,0,0,0,0,0,0,0,0,0,0,0.000103,0.0,1e-06,0.0,0.0,0.000155,1e-06,0.0,1.1e-05,7e-06
columbus-oh__21474__fov25px57.jpg,columbus-oh,21474,cDCJ8aQ2TN-IKp38XzSyMg,True,4.075642,0,0,0,0,0,0,0,0,0,0,0.0,0.000134,4e-06,0.0,0.0,0.0,1e-06,1e-06,0.003009,1.7e-05
columbus-oh__7627__fov25px57.jpg,columbus-oh,7627,jnlUQLOFCFlQyHfgxZjljg,True,2.626149,0,0,0,0,0,0,0,0,0,0,0.0,7.9e-05,0.01671,0.0,0.0,1e-06,1e-06,1e-06,2e-06,6e-06
columbus-oh__1235__fov25px57.jpg,columbus-oh,1235,QNfBZt3T0uNyZQhxTbDUsA,True,15.297109,0,0,0,0,0,0,0,0,0,0,1e-06,2e-06,0.00018,0.0,0.0,0.0,1e-06,0.0,1.7e-05,1.6e-05
columbus-oh__20083__fov25px57.jpg,columbus-oh,20083,O9WKT0P7FCkFVjiDE7Ftkg,True,5.271442,0,0,0,0,0,0,0,0,0,0,0.0,0.002173,0.00306,0.0,0.0,3e-06,1e-06,0.0,0.000172,4e-05
columbus-oh__20023__fov25px57.jpg,columbus-oh,20023,eCNSrEYIWrbhLXLdUKIzsw,False,19.473012,0,0,0,0,0,0,0,0,0,0,1.8e-05,0.0,0.001146,0.0,0.0,0.0,8e-06,0.0,0.000134,0.0
columbus-oh__1676__fov25px57.jpg,columbus-oh,1676,7iePer6HjiBgi6xHo6MHUg,False,32.246573,0,0,0,0,0,0,0,0,0,0,0.997975,0.0,9e-06,1e-06,0.0,0.001843,0.0,0.0,1e-06,0.0
columbus-oh__14855__fov25px57.jpg,columbus-oh,14855,Nf7TEn4bEZyTDImKlZrEig,True,4.016184,0,0,0,0,0,0,0,0,0,0,0.0,0.00012,1.1e-05,0.000683,0.0,1e-06,3e-06,1e-06,0.000106,0.002186
columbus-oh__33371__fov25px57.jpg,columbus-oh,33371,NNtGOvzko9MBfK9VNs2kWQ,True,0.858993,0,0,0,0,0,0,0,0,0,0,0.0,0.0,1e-06,0.0,0.0,0.000295,1e-06,0.0,0.000176,0.000344
columbus-oh__13947__fov25px57.jpg,columbus-oh,13947,vbtkAdB00gdxPjy-plFQaA,False,8.751897,0,0,0,0,0,0,1,0,1,0,0.235671,0.002022,0.012868,0.000185,0.0,2.4e-05,0.01284,0.000115,1.0,9.4e-05
columbus-oh__33627__fov25px57.jpg,columbus-oh,33627,IwjNR3kI9YQWWeS6E77Yng,True,7.821279,0,0,0,0,0,0,0,0,0,0,0.0,1e-06,1e-06,1e-06,0.0,1e-05,0.0,0.0,8e-06,4e-06
columbus-oh__29074__fov25px57.jpg,columbus-oh,29074,aoQznoV8LENa9sESYXVABA,False,157.9057,0,0,0,0,0,0,0,0,1,0,0.999324,0.000172,0.434486,3.2e-05,0.0,5.4e-05,2e-06,5.5e-05,2.5e-05,0.0
columbus-oh__31009__fov25px57.jpg,columbus-oh,31009,qWTpq34ruNeUyGUn4wr-wA,True,2.34157,0,0,0,0,0,0,0,0,1,0,0.0,3.4e-05,1.8e-05,9e-05,0.0,0.0,4e-06,0.0,0.00828,1.1e-05
columbus-oh__26591__fov25px57.jpg,columbus-oh,26591,ZIt9eQVMAQwWlQiP0phSkA,True,7.668621,0,0,0,0,0,0,0,0,0,0,1e-06,0.0,1e-06,1e-06,0.0,1e-06,6e-06,0.0,6e-06,0.000753
columbus-oh__19999__fov25px57.jpg,columbus-oh,19999,HGLXkVJVX0gRR0LFKh70Bg,False,172.369543,0,0,0,0,0,0,0,0,1,0,0.000883,0.011427,4.7e-05,0.0,0.0,0.000303,3e-06,1e-06,0.998641,0.34023
columbus-oh__43__fov25px57.jpg,columbus-oh,43,bhiZNi5eoKQBni-3xaNClQ,False,1.360854,0,0,0,0,0,0,0,0,0,0,3.4e-05,8e-06,5e-06,1e-06,0.0,0.0,1e-06,1e-06,0.0,7e-06
columbus-oh__14493__fov25px57.jpg,columbus-oh,14493,7-ahzGquzZqK5r36CGRc8A,False,70.507672,0,0,0,0,0,0,0,0,0,0,2e-06,1e-06,6e-06,0.0,0.0,1e-06,1e-06,0.0,3e-06,0.0
columbus-oh__26592__fov25px57.jpg,columbus-oh,26592,ZIt9eQVMAQwWlQiP0phSkA,True,0.344289,0,0,0,0,0,0,0,0,0,0,0.0,0.000188,0.0,7e-06,0.0,0.0,5e-06,0.0,9.9e-05,0.000502
columbus-oh__14379__fov25px57.jpg,columbus-oh,14379,yVxL8B41pMsiLRud3zkHhQ,False,20.213267,0,0,0,0,0,0,0,0,0,0,1e-06,0.0,0.0,2e-05,0.0,3e-06,1e-06,0.0,0.008231,0.00045
columbus-oh__37107__fov25px57.jpg,columbus-oh,37107,lxr7DLoZZL_RY3kKwniqEg,False,32.742146,1,0,0,0,0,0,0,0,0,0,0.999991,0.0,0.0,0.000122,0.0,0.001474,2e-06,0.0,1e-06,0.0
columbus-oh__6686__fov25px57.jpg,columbus-oh,6686,BUIwZLcAkrn8_fbKF6LrfA,True,7.611287,0,0,0,0,0,0,0,0,0,0,0.000227,0.0,0.000376,0.0,0.0,0.002452,0.0,0.0,0.0,0.0
columbus-oh__13630__fov25px57.jpg,columbus-oh,13630,i1O8-M6lGYy7r9F1JJFzGQ,True,9.035167,0,0,0,0,0,0,0,0,0,0,2.7e-05,0.006442,0.0,1e-06,0.0,0.001071,2e-06,0.0,0.0,0.0
columbus-oh__14635__fov25px57.jpg,columbus-oh,14635,uScDxCd4_4xmG3eKxhu6ow,True,4.728033,0,0,0,0,0,0,0,0,0,0,0.0,9e-05,1e-06,0.0,0.0,1e-06,0.0,0.0,1e-05,6e-06
columbus-oh__13695__fov25px57.jpg,columbus-oh,13695,wjXGcD-PSRNsjLps_9-2hA,False,107.611702,0,0,0,0,0,0,0,0,0,0,0.000182,0.000163,0.348427,0.211553,0.0,0.0,0.000366,7e-06,0.996569,2.7e-05
columbus-oh__6177__fov25px57.jpg,columbus-oh,6177,sAPPV1wc05UWzSEQuedD_w,False,112.357538,0,0,0,0,0,0,0,0,0,0,0.0,4e-06,0.000173,0.0,0.0,0.0,2e-06,0.0,3.4e-05,0.002303
columbus-oh__33221__fov25px57.jpg,columbus-oh,33221,tnDP5LF3CxLMeJpUyS0DhQ,True,1.272698,0,0,0,0,0,0,1,0,1,0,0.000706,0.0,0.0,7.7e-05,0.0,0.0,7e-06,0.0,0.187922,1e-06
columbus-oh__26995__fov25px57.jpg,columbus-oh,26995,IjrRDsyHObOrgJtae6aO5w,True,6.668459,0,0,0,0,0,0,0,0,0,0,0.0,1e-06,0.0,0.0,0.0,1e-06,1e-06,0.0,1.3e-05,0.0003
columbus-oh__14669__fov25px57.jpg,columbus-oh,14669,4PPfcvlXqM7sdk4yZ2IDxg,True,5.843985,0,0,0,0,0,0,0,0,1,0,0.0,0.453202,0.004219,3.3e-05,0.0,0.002234,1e-06,6e-06,0.9909,0.996715
columbus-oh__1581__fov25px57.jpg,columbus-oh,1581,H7-FGFXjcx0YctD0w2vBaQ,False,92.851734,1,0,0,0,0,0,0,0,0,0,0.999752,0.0,1.8e-05,0.00553,0.0,0.0,2.4e-05,1e-06,0.00037,0.0
columbus-oh__1135__fov25px57.jpg,columbus-oh,1135,vFUk2PtZM80ayUlQ0CThYw,True,3.222276,0,0,0,0,0,0,0,0,1,0,0.913994,0.02491,1.3e-05,0.0,0.0,0.0,3e-06,1e-06,0.786187,0.0
columbus-oh__24726__fov25px57.jpg,columbus-oh,24726,Jk3qLuWfz5WlnxQhLVgZMg,False,132.535312,0,0,0,0,0,0,0,0,0,0,0.000642,0.000282,1e-06,4e-06,0.0,9e-06,0.0,0.0,7e-06,0.0
columbus-oh__1500__fov25px57.jpg,columbus-oh,1500,hPSe6qqfCcQ6LiDjj8egeg,False,92.586299,1,0,0,0,0,0,0,0,0,0,0.999913,0.0,2e-06,0.114369,0.0,3e-06,1e-05,4e-06,7e-06,0.0
columbus-oh__230__fov25px57.jpg,columbus-oh,230,T94_s5Jxv1DMtxhxrtfz7Q,True,2.573969,0,0,0,0,0,1,0,0,0,0,0.03973,0.0,1e-06,1e-06,0.0,5.7e-05,1e-06,0.0,0.0,0.0
columbus-oh__11175__fov25px57.jpg,columbus-oh,11175,4UC6Vlzgp_FcOLhsheDlnQ,True,16.77703,0,0,0,0,0,0,0,0,1,0,0.000158,0.000301,1e-06,7e-06,0.0,0.001133,1.6e-05,0.0,0.004749,0.0
columbus-oh__3068__fov25px57.jpg,columbus-oh,3068,lRFhMGAWFy4jNNEZ4WZ8NQ,False,50.747035,1,0,0,0,0,0,0,0,0,0,0.999822,2.7e-05,3e-06,0.0,0.0,0.00079,0.0,0.0,1e-06,0.0
columbus-oh__808__fov25px57.jpg,columbus-oh,808,4pUE6S3316zrQkCasZ-dyg,True,5.795464,0,0,0,0,0,0,0,0,0,0,0.0,2.2e-05,0.0,1e-06,0.0,2e-06,0.0,0.0,5e-06,0.000196
columbus-oh__29367__fov25px57.jpg,columbus-oh,29367,DO4gvkM-VjPPCHUyJNSG_A,False,125.218041,0,0,0,0,0,0,0,0,0,0,1e-05,0.0,2.6e-05,1.3e-05,0.0,3e-06,2e-06,0.0,1.6e-05,1e-06
columbus-oh__26875__fov25px57.jpg,columbus-oh,26875,DMaa8Q4-y46GMRQzdm7Wcg,True,5.501013,0,0,0,0,0,0,0,0,0,0,2.8e-05,0.037465,0.000106,9e-06,0.0,1.2e-05,9e-06,1e-06,0.000214,2e-06
columbus-oh__16777__fov25px57.jpg,columbus-oh,16777,YNS3Iswe1trkl-rNDQdyqA,False,5.843821,0,0,0,0,0,0,0,0,1,0,4e-06,6e-06,0.0,1e-06,0.0,1e-06,8e-06,0.0,0.2942,6e-06
columbus-oh__29596__fov25px57.jpg,columbus-oh,29596,Xb2h5qJnrfxbaaWo02oe6w,True,3.382813,0,0,0,0,0,0,0,0,0,0,0.0,1e-05,0.811406,3e-06,0.0,4e-06,9e-06,1e-06,2.6e-05,0.001423
columbus-oh__14672__fov25px57.jpg,columbus-oh,14672,uJNE7diGe3j2Xiwf4OwIeA,True,0.44478,0,0,0,0,0,0,0,0,0,0,0.0,3.2e-05,8e-06,0.0,0.0,0.0,2e-06,0.0,0.017985,5e-05
columbus-oh__18181__fov25px57.jpg,columbus-oh,18181,TFtG_kYFIX8rfT3Y88uFww,True,8.5137,1,0,0,0,0,0,0,0,1,0,0.041688,2.9e-05,3e-06,0.0,0.0,0.0,0.0,0.0,0.735782,1e-06
columbus-oh__872__fov25px57.jpg,columbus-oh,872,sehD-oA4bO1SNwPMzpbxKQ,False,100.900622,0,0,0,0,0,0,0,0,0,0,0.0,0.020751,0.0,9.8e-05,0.0,3e-06,8e-06,0.0,2e-06,2.4e-05
columbus-oh__26904__fov25px57.jpg,columbus-oh,26904,iVPfOTNNArB1XPCScPSfMw,True,12.74867,0,0,0,0,0,0,0,0,0,0,0.050547,0.0,6e-05,6e-06,0.0,0.000196,1e-06,1e-06,1e-06,0.0
columbus-oh__23951__fov25px57.jpg,columbus-oh,23951,kvCtISds_EoyjbbHJH5_OQ,True,16.903583,1,0,0,0,0,0,0,0,0,0,0.999623,0.0,9.9e-05,1.4e-05,0.0,1e-06,0.0,0.0,9.9e-05,0.0
columbus-oh__27240__fov25px57.jpg,columbus-oh,27240,Z9dAt4UuN2qIJkZiq5mXoA,True,0.203432,0,0,0,0,0,0,0,0,0,0,0.000555,8e-06,1e-06,0.0,0.0,5e-06,2e-06,0.0,6e-06,0.0
columbus-oh__16073__fov25px57.jpg,columbus-oh,16073,fqTTSa0WZMTk9nmKSagJmg,False,219.498045,0,0,0,0,0,0,1,0,0,0,0.999984,0.0,0.0,0.000961,0.0,1e-06,0.002742,1e-06,0.002777,0.0
columbus-oh__12480__fov25px57.jpg,columbus-oh,12480,rMHnWmtAkFvjU_ovlN5HSg,False,15.405682,0,0,0,0,0,0,0,0,0,0,0.0,0.006166,0.000272,0.00015,0.0,8e-06,1.1e-05,6e-06,0.0,8.6e-05
columbus-oh__26595__fov25px57.jpg,columbus-oh,26595,ZIt9eQVMAQwWlQiP0phSkA,True,9.707581,0,0,0,0,0,0,0,0,0,0,1.4e-05,4e-06,1e-06,0.0,0.0,0.0,5.9e-05,1e-06,0.000104,3.8e-05
columbus-oh__21299__fov25px57.jpg,columbus-oh,21299,4h7P78f5tsDI8Pm9SGO7Dg,True,10.304571,0,0,0,0,0,0,0,0,0,0,0.036056,6e-06,0.003793,0.0,0.0,0.000155,1e-06,2e-06,9e-05,0.0
columbus-oh__27324__fov25px57.jpg,columbus-oh,27324,TePbIcozhp-R_ShG5C9QOQ,True,5.31125,0,0,0,0,0,0,0,0,0,0,0.96179,0.0001,7.4e-05,0.001941,0.0,1e-05,1e-06,0.0,5e-06,0.0
columbus-oh__6755__fov25px57.jpg,columbus-oh,6755,bF0whQvb2lIc6LjEk5TrVw,False,148.763076,0,0,0,0,0,0,0,0,0,0,0.0,4e-06,1e-06,7e-06,0.0,0.0,0.0,0.0,6e-06,9.7e-05
columbus-oh__5934__fov25px57.jpg,columbus-oh,5934,_JWg8VJxMoW8epLe6h6LCw,False,134.159943,0,0,0,0,0,0,0,0,0,0,0.0,1.2e-05,8e-05,6e-06,0.0,2e-06,1e-06,0.0,1e-06,0.000364
columbus-oh__8666__fov25px57.jpg,columbus-oh,8666,BUIwZLcAkrn8_fbKF6LrfA,True,1.071049,0,0,0,0,0,0,0,0,0,0,1e-06,8e-06,0.001113,0.0,0.0,2e-06,6e-06,0.0,1e-06,2e-06
columbus-oh__26674__fov25px57.jpg,columbus-oh,26674,TOrQRD-dAp-nPHfndulnkQ,False,52.463892,0,0,0,0,0,0,0,0,0,0,0.0,0.013403,1.4e-05,0.0,0.0,6e-06,0.0,1e-06,9e-06,1.8e-05
columbus-oh__23165__fov25px57.jpg,columbus-oh,23165,BaPDFhWVeyjf2gZx6UJ-4w,True,4.95437,0,0,0,0,0,0,0,0,0,0,0.002675,9e-06,0.000635,2e-06,0.0,0.0,6e-06,0.0,9e-06,0.0
columbus-oh__33058__fov25px57.jpg,columbus-oh,33058,eA1-1pjYSnNoIVzAt8BP4A,True,6.223318,0,0,0,0,0,0,0,0,1,0,0.000131,1e-06,0.006616,1e-06,0.0,0.0,2e-06,1e-06,3.5e-05,0.0
columbus-oh__555__fov25px57.jpg,columbus-oh,555,PBSDrtIs_MQ4hBzVCCdZZg,True,5.365838,0,0,0,0,0,0,0,0,0,0,0.000468,1e-06,1e-06,0.0,0.0,1.4e-05,0.0,0.0,0.0,0.0
columbus-oh__22812__fov25px57.jpg,columbus-oh,22812,1hYTHQWXgrqR3WFALiSScw,True,0.480432,1,0,0,0,0,0,0,0,0,0,0.020529,5e-06,2.4e-05,9e-06,0.0,0.00824,0.0,0.0,6e-06,0.0
columbus-oh__31358__fov25px57.jpg,columbus-oh,31358,u7EFmLVcDNH1qLF_epSaIw,True,0.255503,0,0,0,0,0,0,0,0,0,0,0.0,0.0,2.9e-05,1e-06,0.0,1e-06,2e-06,0.0,0.008637,1.4e-05
columbus-oh__14806__fov25px57.jpg,columbus-oh,14806,bYSrXEOX9Z9mxazkqD_p2w,True,6.812617,0,0,0,0,0,0,0,0,1,0,3e-06,1.9e-05,1e-06,0.0,0.0,0.0,5e-06,0.0,0.041089,2e-06
columbus-oh__28187__fov25px57.jpg,columbus-oh,28187,FSoCpoOM1S_-sSZfGDvIlQ,False,157.196317,0,0,0,0,0,0,0,0,0,0,0.000133,4e-06,0.009011,1e-06,0.0,1.1e-05,0.0,0.0,4.1e-05,2e-06
columbus-oh__6139__fov25px57.jpg,columbus-oh,6139,-e_w4z5e3W1cVNJ7oQv0Uw,False,21.433506,0,0,0,0,0,0,0,0,0,0,2e-06,0.0,2e-06,0.0,0.0,0.0,1e-06,0.0,3e-06,4e-06
columbus-oh__700__fov25px57.jpg,columbus-oh,700,PjH21h6tTghtlcHaGOPvCg,True,5.96241,0,0,0,0,0,0,0,0,0,0,0.0,1e-06,1e-06,1e-06,0.0,4e-06,2e-06,0.0,2.7e-05,8e-05
columbus-oh__23899__fov25px57.jpg,columbus-oh,23899,Dl2ZENlcuztyp24nxgZoyA,True,0.555975,0,0,0,0,0,0,0,0,0,0,0.0,0.006512,6.6e-05,1.6e-05,0.0,1e-06,3e-06,5.5e-05,0.000336,0.000382
columbus-oh__23532__fov25px57.jpg,columbus-oh,23532,zAhwWCQqWq6cM4wqO5HUdw,True,4.082424,0,0,0,0,0,0,0,0,0,0,0.005211,1.6e-05,0.001003,0.0,0.0,2e-06,7e-06,0.0,0.000386,0.0
columbus-oh__27635__fov25px57.jpg,columbus-oh,27635,aQ8lvzibML7w2UwXfLq7VA,True,8.436627,0,0,0,0,0,0,0,0,0,0,0.019149,9e-06,1.4e-05,1e-06,0.0,1.1e-05,1e-06,0.0,1e-06,0.0
columbus-oh__776__fov25px57.jpg,columbus-oh,776,ActLzx7dvPD-gUwYJm4hYQ,True,1.400342,0,0,0,0,0,0,0,0,0,0,3e-06,0.0,9e-06,2.5e-05,0.0,8e-05,7e-06,0.0,0.0,3e-06
columbus-oh__15003__fov25px57.jpg,columbus-oh,15003,KDUpFKskwXvu5nvi6mf3WA,True,8.217078,0,0,0,0,0,0,0,0,1,0,1.1e-05,0.000271,0.669636,0.000515,0.0,0.0,1e-05,4e-06,0.031568,6e-06
columbus-oh__27591__fov25px57.jpg,columbus-oh,27591,aQ8lvzibML7w2UwXfLq7VA,True,0.81381,0,0,0,0,0,0,0,0,0,0,0.001326,1.3e-05,0.000221,0.0,0.0,0.00114,8e-06,0.0,4e-06,2e-06
columbus-oh__27436__fov25px57.jpg,columbus-oh,27436,PItrZ8aV7yGkNiL6L_XgDw,True,1.190717,0,0,0,0,0,0,1,0,1,0,5.1e-05,0.000107,1.4e-05,1e-06,0.0,0.0,1.8e-05,0.0,0.025795,1e-06
columbus-oh__12287__fov25px57.jpg,columbus-oh,12287,3qaqaXcly-FpX_uzRPhoVQ,False,125.923045,0,0,0,0,0,0,0,0,0,0,0.0,0.010949,4e-06,1e-06,0.0,0.0,4e-06,7e-06,0.989398,5.9e-05
columbus-oh__10804__fov25px57.jpg,columbus-oh,10804,pqngb3eGU2ztm_hy7IJLgw,True,2.64632,0,0,0,0,0,0,0,0,0,0,0.002426,0.0,0.005344,1e-06,0.0,0.0,4e-06,0.0,1e-06,0.0
columbus-oh__14817__fov25px57.jpg,columbus-oh,14817,uJNE7diGe3j2Xiwf4OwIeA,True,0.889561,0,0,0,0,0,0,0,0,1,0,1e-06,0.950108,0.001198,0.001128,0.0,5e-06,5.8e-05,8e-06,0.839875,0.000369
columbus-oh__26613__fov25px57.jpg,columbus-oh,26613,VZ-3CYSESGxM0aWknu6vAw,False,7.367261,0,0,0,0,0,0,1,0,1,0,0.932396,1.4e-05,0.005134,0.0,0.0,0.0,0.0,1e-06,1.3e-05,0.0
columbus-oh__24050__fov25px57.jpg,columbus-oh,24050,sk1tXJBHUiSvhHo49f01LQ,True,5.921511,0,0,0,0,0,0,0,0,0,0,0.001254,0.0,1.5e-05,6e-06,0.0,2e-06,2.3e-05,0.0,4.4e-05,0.0
columbus-oh__31132__fov25px57.jpg,columbus-oh,31132,2zisL-SiZ-FVXeIZMDS4gw,False,0.813428,0,0,0,0,0,0,0,0,0,0,0.0,0.0,1.5e-05,1e-06,0.0,0.000173,1e-06,0.0,1e-06,8e-06
columbus-oh__35516__fov25px57.jpg,columbus-oh,35516,SA64Ksui9FGFDyi1W09zag,True,8.661874,0,0,0,0,0,0,0,0,0,0,6e-06,0.0,0.007378,0.0,0.0,0.0,2.1e-05,0.0,4.1e-05,1.1e-05
columbus-oh__13479__fov25px57.jpg,columbus-oh,13479,CBR93stY-n_-svIdizrWtw,True,10.603362,0,0,0,0,0,0,0,0,0,0,0.0,4e-06,2.8e-05,0.0,0.0,0.0,1e-06,0.0,0.00116,5e-06
columbus-oh__1435__fov25px57.jpg,columbus-oh,1435,VsBVRWskrfbo7gGMUAwabQ,True,0.688601,0,0,0,0,0,0,0,0,0,0,0.0,1e-06,6e-06,2e-06,0.0,2e-06,0.0,0.0,1e-06,0.000342
columbus-oh__773__fov25px57.jpg,columbus-oh,773,ActLzx7dvPD-gUwYJm4hYQ,True,0.814066,0,0,0,0,0,1,0,0,0,0,1e-06,1e-06,0.897041,3e-06,0.0,0.026387,1e-06,0.0,3e-06,6.3e-05
columbus-oh__14768__fov25px57.jpg,columbus-oh,14768,R7dhzH6kDGOpuREm-945KQ,True,6.234439,0,0,0,0,0,0,0,0,1,0,0.002705,0.008537,8.1e-05,3e-06,0.0,0.0,2e-06,0.0,0.95448,0.0
columbus-oh__15700__fov25px57.jpg,columbus-oh,15700,6saIFy1WFB84MQjqjXAang,False,0.0,0,0,0,0,0,0,0,0,0,0,0.0,0.001954,0.027607,2e-06,0.0,8e-06,0.0,0.0,6e-06,0.98921
columbus-oh__1146__fov25px57.jpg,columbus-oh,1146,bupABfzsq5hef7C-nHeKow,True,0.0,0,0,0,0,0,0,0,0,0,0,0.63877,0.0,2.4e-05,0.0,0.0,0.002293,0.0,0.0,0.0,0.0
columbus-oh__22453__fov25px57.jpg,columbus-oh,22453,ac696cYIhnBgJ6fhi4tINA,True,0.611881,1,0,0,0,0,0,0,0,0,0,0.999995,1e-06,0.0,2e-06,0.0,0.00053,0.0,0.0,1e-06,0.0
columbus-oh__404__fov25px57.jpg,columbus-oh,404,eYVB-Ffd92_4_Qai1JbWAA,True,1.353706,0,0,0,0,0,0,0,0,0,0,0.0,3e-06,0.0,7e-06,0.0,0.0,0.0,1e-06,2e-06,1.3e-05
columbus-oh__20359__fov25px57.jpg,columbus-oh,20359,ZBh-LiogGTPnDPpMG7UIfg,True,1.455528,0,0,0,0,0,1,0,0,0,0,0.0,1e-06,5e-06,1e-06,0.0,0.00172,0.0,0.0,0.0,2e-06
columbus-oh__15761__fov25px57.jpg,columbus-oh,15761,ly_-zVu5_pIv7hlj1BHJSw,True,8.827621,0,0,0,0,0,0,0,0,0,0,0.0,0.0,1e-06,0.0,0.0,7e-06,0.0,0.0,9.6e-05,5e-06
columbus-oh__19052__fov25px57.jpg,columbus-oh,19052,TG8t_Fq0fIuaBya9WZXFbA,False,117.734803,0,0,0,0,0,0,0,0,0,0,4e-06,0.0,1e-06,1e-06,0.0,1e-06,1e-06,0.0,3e-06,1.4e-05
columbus-oh__35290__fov25px57.jpg,columbus-oh,35290,PWgrOVXSXQoIv5zAozgdxQ,True,7.379813,0,0,0,0,0,0,0,0,0,0,1e-06,2e-06,1e-06,0.0,0.0,0.000447,0.0,0.0,1e-06,0.0
columbus-oh__13608__fov25px57.jpg,columbus-oh,13608,DgCcKIS04HAqePE0R1KT1g,False,8.464259,0,0,0,0,0,0,0,0,0,0,0.0,0.0,2e-06,0.0,0.0,5.8e-05,1e-06,0.0,4.9e-05,1.5e-05
columbus-oh__9903__fov25px57.jpg,columbus-oh,9903,ziYXfMLknd0K-lxuK5aF1w,True,8.017268,1,0,0,0,0,0,0,0,0,0,0.995353,0.0,3e-06,0.0,0.0,4.7e-05,2e-06,0.0,0.0,0.0
columbus-oh__33121__fov25px57.jpg,columbus-oh,33121,wHM0GLx_IpvThCiZLf491g,True,5.342388,0,0,0,0,0,0,0,0,0,0,1e-06,7e-06,0.0,2e-06,0.0,0.0,1e-06,4e-06,0.000339,2.5e-05
columbus-oh__27263__fov25px57.jpg,columbus-oh,27263,6GDWEHI-Yck4ZgVLDuuiig,False,9.561479,0,0,0,0,0,0,0,0,0,0,0.469528,4.3e-05,0.072868,7.7e-05,0.0,0.0,1e-05,3e-06,0.0,0.0
columbus-oh__23180__fov25px57.jpg,columbus-oh,23180,noy6HbIVEJpFi6Gr61o5VA,True,4.64833,0,0,0,0,0,0,0,0,0,0,0.257432,5e-06,1.8e-05,1e-06,0.0,0.0,0.0,0.0,8e-06,0.0
columbus-oh__31012__fov25px57.jpg,columbus-oh,31012,KAgAPmglWL214h7BxGABaw,True,5.323115,0,0,0,0,0,0,0,0,0,0,0.00024,0.00092,4e-06,0.0,0.0,0.0,3.6e-05,0.0,0.995687,7.2e-05
columbus-oh__26965__fov25px57.jpg,columbus-oh,26965,dwIMrxJ2Kr00PYmkrl8QdA,False,35.948979,0,0,0,0,0,0,0,0,0,0,2.7e-05,5e-06,0.0,0.0,0.0,0.067928,2e-06,0.0,0.0,1e-06
columbus-oh__27336__fov25px57.jpg,columbus-oh,27336,cd_aK_65H3nchhhk41YNsA,True,0.523032,0,0,0,0,0,0,0,0,0,0,0.000106,0.0,0.000421,4e-06,0.0,7.4e-05,3e-06,0.0,2e-06,1e-06
columbus-oh__109__fov25px57.jpg,columbus-oh,109,E4OjHipebdXYHlybtlg7LQ,True,5.956413,0,0,0,0,0,0,0,0,0,0,2e-06,0.0,4.3e-05,5.6e-05,0.0,1e-06,2e-06,0.0,3e-06,1e-06
columbus-oh__30980__fov25px57.jpg,columbus-oh,30980,lEtnkK-9nsSBPICXI-7_EA,True,7.245685,0,0,0,0,0,0,0,0,1,0,2e-06,0.025563,0.0,2e-06,0.0,2e-06,0.0,0.0,0.000243,1e-06
columbus-oh__13956__fov25px57.jpg,columbus-oh,13956,czvXP0J_Dq2qH5FIvrz4Ug,True,1.771194,0,0,0,0,0,0,0,0,1,0,0.0,1e-06,2e-05,3e-06,0.0,1e-06,1.6e-05,1e-06,0.162208,1.5e-05
columbus-oh__27249__fov25px57.jpg,columbus-oh,27249,Km5gEwbOGg6L6QvP1z9pkQ,True,0.140069,1,0,0,0,0,0,0,0,0,0,0.999922,0.290765,4e-06,0.0,0.0,2e-05,2e-06,0.0,1e-06,0.0
columbus-oh__31732__fov25px57.jpg,columbus-oh,31732,z5KCBEnfi62nnAf8EjGXGQ,False,7.489453,0,0,0,0,0,0,0,0,0,0,8e-06,2e-06,5e-06,0.0,0.0,1e-06,0.0,0.0,1e-06,1e-06
columbus-oh__23512__fov25px57.jpg,columbus-oh,23512,nEXZ8iYcPVuW6PomTklCbQ,True,1.711362,0,0,0,0,0,0,0,0,0,0,0.269297,9e-06,4.9e-05,2.2e-05,0.0,0.000674,0.0,1.1e-05,0.999219,2.7e-05
columbus-oh__26831__fov25px57.jpg,columbus-oh,26831,zHGuRME7SMWlefVnKdDrJg,True,8.793294,0,0,0,0,0,0,0,0,0,0,0.0,8e-06,4.9e-05,2.9e-05,0.0,2e-05,1e-06,0.0,0.000173,2.2e-05
columbus-oh__26985__fov25px57.jpg,columbus-oh,26985,9AXH7ABQTSgycZPIhNJ13g,False,38.840906,0,0,0,0,0,0,0,0,0,0,0.000915,0.0,0.0,2e-06,0.0,0.0,3e-06,0.0,5.8e-05,6e-06
columbus-oh__22489__fov25px57.jpg,columbus-oh,22489,qbbLmdb0KyM7y8kN2yK_Pg,True,4.414617,0,0,0,0,0,0,0,0,0,0,0.063876,0.0,0.0,1e-06,0.0,4.2e-05,0.0,0.0,3e-06,0.0
columbus-oh__27617__fov25px57.jpg,columbus-oh,27617,SetA9bWa4WF3CUYJClBEhw,True,14.164107,0,0,0,0,0,0,0,0,0,0,0.00119,2e-06,9e-06,1e-06,0.0,1e-06,0.0,0.0,3.8e-05,0.0
columbus-oh__13811__fov25px57.jpg,columbus-oh,13811,Ml_wuWK68-zZ9JggNPVgaQ,True,0.814072,0,0,0,0,0,0,0,0,0,0,1e-06,4e-06,1e-06,8e-06,0.0,0.0,0.0,0.0,2e-06,5e-06
columbus-oh__24360__fov25px57.jpg,columbus-oh,24360,IeIJqCHjMOFsgTQN3MHlvg,True,4.092718,1,0,0,0,0,0,0,0,0,0,0.002849,1.4e-05,0.001065,0.0,0.0,1e-06,1e-06,0.0,3e-06,0.0
columbus-oh__33270__fov25px57.jpg,columbus-oh,33270,NGUaIR4DH7nKefhJuQTbbQ,True,0.778366,0,0,0,0,0,0,0,0,0,0,2e-06,0.001146,1e-06,2e-06,0.0,0.000235,1.7e-05,0.0,0.999811,0.040588
columbus-oh__27575__fov25px57.jpg,columbus-oh,27575,D_P8qLz12nGlbSfH6THuqw,True,15.261896,0,0,0,0,0,0,0,0,0,0,0.159344,0.0,5e-06,4e-06,0.0,0.000178,6.2e-05,1e-06,1e-06,0.0
columbus-oh__16433__fov25px57.jpg,columbus-oh,16433,-Gr2U5CcVLlTXrtMrEI1kQ,True,1.081787,0,0,0,0,0,0,0,0,0,0,7.7e-05,5.5e-05,0.0,0.0,0.0,0.000177,1e-06,0.0,0.001394,0.000142
columbus-oh__14552__fov25px57.jpg,columbus-oh,14552,7OwcAo6HyAcPZSt8Q5k4Ww,True,3.692889,0,0,0,0,0,0,0,0,1,0,0.00022,2e-06,0.0,4e-06,0.0,0.0,7e-06,1e-06,0.166148,1e-06
columbus-oh__33214__fov25px57.jpg,columbus-oh,33214,3EIC2ft5J5G8pACNVcAh8Q,True,1.81951,0,0,0,0,0,0,0,0,1,0,0.0,0.00067,7.2e-05,0.0,0.0,0.0,0.0,0.0,0.02657,0.000147
columbus-oh__1858__fov25px57.jpg,columbus-oh,1858,qoMGoo5OybQIbOHvVBRgDg,True,5.790433,0,0,0,0,0,0,0,0,0,0,6e-06,0.0,0.000541,1e-06,0.0,1e-06,3e-06,1e-06,1e-06,1e-06
columbus-oh__22628__fov25px57.jpg,columbus-oh,22628,Jobk2k_u--s99Sg-unqE2w,True,0.203447,0,0,0,0,0,0,0,0,0,0,1e-06,0.0,0.0,1e-06,0.0,5e-06,0.0,0.0,1e-06,1e-06
columbus-oh__28544__fov25px57.jpg,columbus-oh,28544,MemLZBOgswZwKZ0-Eq2ZKA,False,121.148753,0,0,0,0,0,0,0,0,0,0,0.0026,1e-06,4e-06,1e-06,0.0,1.6e-05,1e-06,0.0,1.6e-05,0.0
columbus-oh__35292__fov25px57.jpg,columbus-oh,35292,PWgrOVXSXQoIv5zAozgdxQ,True,5.896219,0,0,0,0,0,0,0,0,0,0,0.99269,0.0,0.0,0.00047,0.0,0.214165,0.0,1e-06,0.0,0.0
cdmx__7143__fov25px57.jpg,cdmx,7143,Ag-BMp1odbvNhERojTjIKg,True,8.492344,1,0,0,0,0,0,0,0,0,0,0.633068,9e-05,0.004088,3e-05,0.0,1e-06,4e-06,6.1e-05,0.000153,0.0
cdmx__5500__fov25px57.jpg,cdmx,5500,H9rT18BlQPAQG6WIB59w5A,True,10.790178,1,0,0,0,0,0,0,0,1,0,1.0,0.000174,0.0,1e-06,0.0,4e-06,1e-06,0.0,0.000208,0.0
cdmx__4138__fov25px57.jpg,cdmx,4138,gxwftGNSY1V_1xuneJXHkQ,True,5.40284,0,0,0,0,0,0,1,0,0,0,0.999999,1.6e-05,1.7e-05,0.005089,0.0,0.0,0.002055,0.00089,0.01548,0.0
cdmx__6673__fov25px57.jpg,cdmx,6673,CzaD8sdxQviWz3pDl1Qxqg,False,99.843035,1,0,0,0,0,0,0,0,0,0,1.0,0.015363,0.001922,1.5e-05,0.0,0.000675,5.2e-05,0.004699,0.000358,0.0
cdmx__5344__fov25px57.jpg,cdmx,5344,vehnLG1tM6_NPj2PnyS1pQ,True,10.278056,1,0,0,0,0,0,0,0,1,0,1.0,0.463493,2.6e-05,6e-06,0.0,0.000442,2e-06,0.000283,3e-05,0.0
cdmx__2791__fov25px57.jpg,cdmx,2791,1evamKzpbb8G0S3Th0i1MQ,False,48.785944,1,0,0,0,0,0,0,0,1,0,0.999965,7.8e-05,0.0,6e-06,0.0,0.000307,3.7e-05,0.000245,1.6e-05,0.0
cdmx__4549__fov25px57.jpg,cdmx,4549,LdBAj6kgNkE4raza8tINNg,True,10.185811,1,0,0,0,0,1,0,0,0,0,1.0,0.002941,0.027312,0.019593,0.0,1.5e-05,1e-06,0.005709,2e-06,0.0
cdmx__2802__fov25px57.jpg,cdmx,2802,gGw5qrQGfwNxJCGs47LRDA,True,9.786671,1,0,0,0,0,0,0,0,0,0,0.999979,0.00024,0.0,1e-06,0.0,5e-05,0.0,0.0,1e-06,0.0
cdmx__7535__fov25px57.jpg,cdmx,7535,KNPqMwfrif9V7pMMhYGS_g,True,9.750722,1,0,0,0,0,0,1,0,1,0,0.941792,1e-06,0.005036,0.005182,0.0,3e-06,0.0,4e-06,1e-06,0.0
cdmx__3927__fov25px57.jpg,cdmx,3927,Mb-xNctAokCMpusxVBSPFQ,False,70.508297,1,0,0,0,0,0,0,0,0,0,1.0,0.836214,1.2e-05,0.000464,0.0,0.004954,1e-06,0.000302,4.8e-05,0.0
cdmx__2341__fov25px57.jpg,cdmx,2341,AJv1E0g-wv6FdmoqG57bVA,False,0.806103,1,1,0,0,0,0,0,0,0,0,0.998702,6.6e-05,7e-06,6.9e-05,0.0,0.974325,1.8e-05,0.0,9e-06,0.0
cdmx__5728__fov25px57.jpg,cdmx,5728,T8Zhy6FLNcCxMNEZyH4iRA,False,232.100909,1,0,0,0,0,0,0,0,1,0,0.999999,0.711194,1e-06,0.000897,0.0,1e-06,0.000152,9e-05,0.980927,0.0
cdmx__1934__fov25px57.jpg,cdmx,1934,fTr-Xp356SoI_KGS15DjIg,False,54.99221,1,0,0,0,0,0,0,1,1,0,0.999999,1e-06,1.7e-05,0.0,0.0,0.021031,6e-06,0.0,9e-06,0.0
cdmx__6148__fov25px57.jpg,cdmx,6148,Wq7E4x0-9ncuMu9DXjSVQg,True,5.712442,1,0,0,0,0,0,0,0,1,0,1.0,0.999974,0.000877,0.000452,0.0,0.002635,4e-06,3e-06,1.2e-05,0.0
cdmx__6762__fov25px57.jpg,cdmx,6762,6jeMhMjByggdfyjCPHYx1g,False,96.868682,1,0,0,1,0,0,0,1,0,0,0.983531,5.5e-05,3.5e-05,9.4e-05,0.0,0.0,1e-06,1e-06,0.085952,0.0
cdmx__7020__fov25px57.jpg,cdmx,7020,TvVnuM4gUJLK2qX2qITKeA,False,8.603113,1,0,0,1,0,0,0,1,1,0,0.00717,0.006483,0.000244,0.0011,0.0,1e-06,0.0,1e-06,8e-06,0.0
cdmx__4705__fov25px57.jpg,cdmx,4705,NOetO-85W0ZNoTQ1dA-Kfw,True,0.766715,1,0,0,0,0,0,0,0,0,0,0.999997,5e-06,1e-06,4e-06,0.0,0.001267,0.0,0.0,3.9e-05,0.0
cdmx__5447__fov25px57.jpg,cdmx,5447,gdu2QLlTjoamn0JLNGwqzw,True,9.588549,1,0,0,0,0,0,0,0,0,0,0.999996,4e-06,0.000719,1.8e-05,0.0,0.00039,2.5e-05,0.000203,0.0,0.0
cdmx__4934__fov25px57.jpg,cdmx,4934,cPWRzd7cm6vUGvxx3qfO8Q,True,10.077822,0,0,0,0,0,0,0,0,0,0,0.005253,0.0,0.001995,0.0,0.0,0.000227,2.1e-05,0.0,0.00426,0.0
cdmx__3554__fov25px57.jpg,cdmx,3554,7qcXJgPuWmXqLRINSHk3IQ,False,26.962504,0,0,0,0,0,0,0,0,0,0,0.999998,0.993971,1e-06,2.2e-05,0.0,0.44978,6e-06,0.0,9e-06,0.0
cdmx__3518__fov25px57.jpg,cdmx,3518,d3awyM8sELQFNG-RE-5QYw,False,20.245503,1,0,0,1,0,0,0,0,0,0,1.0,0.999675,0.000101,0.011347,0.0,0.000627,1.3e-05,1.8e-05,5e-06,0.0
cdmx__6089__fov25px57.jpg,cdmx,6089,KibtUsU3jS20L5x2-urpug,False,20.451423,1,0,0,0,0,0,0,0,0,0,0.999995,0.000887,0.007282,1e-06,0.0,1e-05,1.7e-05,1e-06,0.0,0.0
cdmx__4168__fov25px57.jpg,cdmx,4168,QSdl7ilcqEfzkf3tVUEUNA,False,2.458753,1,0,0,0,0,1,0,0,0,0,1.0,0.009574,3e-05,7e-06,0.0,0.030995,1e-06,4e-06,1e-06,0.0
cdmx__6231__fov25px57.jpg,cdmx,6231,0YYvtr_5tVlefeTmvUG5Iw,False,210.911851,1,1,0,0,0,1,0,0,0,0,1.0,0.999955,0.044428,0.000187,0.0,0.228114,3e-06,0.0001,3.7e-05,0.0
cdmx__3325__fov25px57.jpg,cdmx,3325,u9rQyEVZmiVygSrExot5ZA,False,191.704294,1,0,0,0,0,1,0,0,0,0,1.0,8.3e-05,0.003806,4e-06,0.0,3.5e-05,4e-06,1e-05,7e-06,0.0
cdmx__7554__fov25px57.jpg,cdmx,7554,9kJe77CzlaHfcCocV9HtvA,False,80.582842,1,1,0,0,0,0,0,0,0,0,0.002274,4e-06,7.1e-05,0.002365,0.0,2e-06,0.0,0.0,4e-05,0.0
cdmx__1917__fov25px57.jpg,cdmx,1917,cCuI2inC3SAJ2GoQ2fbaeQ,False,37.363321,1,0,0,0,0,0,0,0,0,0,1.0,0.923471,0.000378,0.002044,0.0,0.003832,0.0,4.3e-05,0.0,0.0
cdmx__6027__fov25px57.jpg,cdmx,6027,0rYYm31Eyfxv4l6ZUM_bMg,False,15.862429,1,0,0,0,0,1,0,0,0,0,0.999999,0.004712,5.3e-05,0.001427,0.0,0.010503,6.3e-05,0.95646,0.000984,0.0
cdmx__4681__fov25px57.jpg,cdmx,4681,JY47GPs4hy6zkSLro2f5_A,False,68.256639,1,0,0,1,0,0,0,0,0,0,0.999999,0.003302,0.000598,0.01151,0.0,5e-06,0.004881,0.025219,7.6e-05,0.0
cdmx__2510__fov25px57.jpg,cdmx,2510,PQgDGLajXZD6AeD9O0zF1Q,False,172.16432,1,0,0,0,0,0,0,0,0,0,0.999963,0.000893,9.2e-05,2.8e-05,0.0,0.0,8e-06,3e-05,2e-06,0.0
cdmx__7193__fov25px57.jpg,cdmx,7193,ym6y8wuHCQ2pzgk_k1-9VQ,False,29.986053,1,0,0,0,0,0,0,0,0,0,0.998855,0.0,1.4e-05,2.3e-05,0.0,2e-06,1.4e-05,0.0,2e-06,0.0
cdmx__3244__fov25px57.jpg,cdmx,3244,Ybzd_fm96Yo8sCmgLyn8eA,False,1.332227,1,0,0,0,0,1,0,0,0,0,0.999997,0.27915,0.000702,0.000115,0.0,0.009856,3e-06,0.688887,4e-06,0.0
cdmx__7778__fov25px57.jpg,cdmx,7778,Gn1tBUYWdKnnZVPzgVHtHA,True,11.159469,1,0,0,0,0,0,0,0,1,0,0.999997,0.044204,0.00676,0.017453,0.0,8e-06,0.0,1e-06,4e-06,0.0
cdmx__7493__fov25px57.jpg,cdmx,7493,P4TxXcinMkeys4TMWGx2TA,False,8.16483,1,0,0,0,0,0,0,0,0,0,1.0,0.002478,8.3e-05,9e-06,0.0,1e-06,1e-06,0.0,2e-06,0.0
cdmx__7622__fov25px57.jpg,cdmx,7622,cP5nHCZxtRdlPJM3YnoZog,True,8.470714,1,0,0,0,0,0,0,0,0,0,0.790485,3.5e-05,8e-06,9.1e-05,0.0,1e-06,6e-06,1.6e-05,0.0,0.0
cdmx__7578__fov25px57.jpg,cdmx,7578,1lKbDD7H9SzF5_w-PWFd1g,True,13.488419,1,0,0,0,0,0,0,0,0,0,0.000336,0.000469,1.3e-05,0.0,0.0,3e-06,0.0,2e-06,0.0,0.0
cdmx__6942__fov25px57.jpg,cdmx,6942,dw2p8quy9AyPVrMzdlwsSg,True,0.333585,1,0,0,1,0,0,0,0,1,0,0.999993,0.993242,0.944042,0.016005,0.0,5.2e-05,2e-05,0.072743,5.3e-05,0.0
cdmx__2732__fov25px57.jpg,cdmx,2732,zBpEu_WzDapK4l3oFkuiIg,False,61.723316,1,0,0,0,0,0,0,0,0,0,0.999999,0.010223,1.7e-05,2e-06,0.0,1e-06,0.0,0.0,0.000629,0.0
cdmx__2457__fov25px57.jpg,cdmx,2457,Qqce-H22M8HqzSsYEJ9gMQ,True,0.0,1,0,0,0,0,0,0,0,0,0,1.0,0.009199,0.017796,3e-05,0.0,3e-06,0.00033,0.000457,0.000386,0.0
cdmx__7210__fov25px57.jpg,cdmx,7210,C-A23mGMUvWwOL9BJj8Ppg,True,6.613906,1,0,0,0,0,0,0,0,0,0,0.144182,7e-06,8e-06,1e-06,0.0,1e-06,0.0,1e-06,5.8e-05,0.0
cdmx__5398__fov25px57.jpg,cdmx,5398,_f5GJgMRsEppcV2Wl1cDNw,True,0.778366,1,0,0,0,0,0,0,0,0,0,0.944569,0.001372,1e-06,0.0,0.0,3e-06,0.0,0.0,2e-06,0.0
cdmx__3145__fov25px57.jpg,cdmx,3145,KdAXEgddK5SyTGnjoDsfLw,False,16.176536,1,0,0,0,0,0,0,0,0,0,0.999999,0.525455,1.4e-05,2.8e-05,0.0,0.0,1e-06,4e-05,0.000123,0.0
cdmx__6238__fov25px57.jpg,cdmx,6238,HJRXpOmXZMhgmqglc3urKQ,True,6.744696,1,1,0,0,0,1,0,0,0,0,1.0,0.998299,0.098984,0.003544,0.0,0.001721,1e-06,1.9e-05,0.000439,0.0
cdmx__5499__fov25px57.jpg,cdmx,5499,H9rT18BlQPAQG6WIB59w5A,True,0.867711,1,0,0,0,0,1,0,0,0,0,0.999958,2.6e-05,4.4e-05,7e-06,0.0,0.0,0.0,1e-06,1e-06,0.0
cdmx__2008__fov25px57.jpg,cdmx,2008,l-yqyjciw8fdpD4sGHic7A,False,0.991715,1,1,0,0,0,0,0,0,0,0,0.999999,0.239155,2e-06,2e-06,0.0,0.008134,0.0,7e-06,6e-06,0.0
cdmx__7189__fov25px57.jpg,cdmx,7189,TgwzhbBPu1hofd_Mti0ujA,False,32.808828,1,0,0,0,0,0,0,0,0,0,0.999989,2e-06,1e-06,1.3e-05,0.0,0.0,5e-06,1.5e-05,0.249115,0.0
cdmx__5999__fov25px57.jpg,cdmx,5999,Bl2OklmK3w5zNLJbjpaoZA,True,13.53125,1,0,0,1,0,0,0,0,0,0,0.999992,0.085509,2.2e-05,0.007617,0.0,0.0,9e-06,2.9e-05,1.9e-05,0.0
cdmx__5346__fov25px57.jpg,cdmx,5346,vehnLG1tM6_NPj2PnyS1pQ,True,9.156159,1,0,0,0,0,0,0,0,1,0,1.0,0.975315,0.000427,0.005178,0.0,0.000193,0.000228,0.137976,0.523824,0.0
cdmx__6822__fov25px57.jpg,cdmx,6822,EVlGiQFm_5CtsmwBrohyIg,True,9.963319,1,1,0,0,0,0,0,0,0,0,0.99999,0.398001,0.311596,5e-06,0.0,0.999765,3e-06,9.9e-05,5e-06,0.0
cdmx__7546__fov25px57.jpg,cdmx,7546,-Hb5xBUNNsl8CovsKTik_A,True,9.750611,1,0,0,1,0,0,0,0,1,0,0.773988,0.002009,1.3e-05,5e-06,0.0,2e-06,0.0,2e-06,0.02152,0.0
cdmx__7245__fov25px57.jpg,cdmx,7245,eDN4qJYuiTuYU--7wI8U1A,False,114.350386,1,0,0,0,0,0,1,0,1,0,1.0,0.007278,3e-06,0.006349,0.0,4e-06,4e-06,5.4e-05,0.000546,0.0
spgg__3665__fov25px57.jpg,spgg,3665,PpgAzD5PQ7BgQUzO8L94nA,False,45.121455,1,0,0,0,0,0,0,0,0,0,0.999226,7e-06,3e-06,0.0,0.0,0.0,0.0,1e-06,0.001349,0.0
spgg__6835__fov25px57.jpg,spgg,6835,6f-QKQ72EVJFaq4qleuGtA,False,67.438212,1,0,0,0,0,0,0,0,0,0,0.000257,9.5e-05,1.8e-05,1e-06,0.0,1e-06,1e-06,2e-06,0.000205,0.0
spgg__2588__fov25px57.jpg,spgg,2588,sNwUhUNRU41g0GIquIiOVw,False,26.12843,1,0,1,0,0,0,0,0,0,0,0.999999,5e-06,0.000331,1e-06,0.0,9e-06,4e-06,0.0,1.2e-05,0.0
spgg__82643__fov25px57.jpg,spgg,82643,18_eb4le112EvdVABJYhtA,False,554.814468,1,0,0,0,0,0,0,0,0,0,0.999998,0.048614,0.001023,5.6e-05,0.0,0.0,0.0,3e-06,2.2e-05,0.0
spgg__99__fov25px57.jpg,spgg,99,BjfvsqeK2tp10U3cJ9hYCg,True,0.801827,1,0,0,1,0,0,0,0,1,0,6e-05,0.0,1e-06,2e-06,0.0,8.5e-05,1e-06,0.0,7e-06,0.0
spgg__53876__fov25px57.jpg,spgg,53876,GW0m5aszwGaQylZtseSxrg,True,0.229223,1,0,1,0,0,0,0,0,0,0,0.998714,0.06603,0.999924,6e-06,0.0,4.8e-05,3e-06,0.000148,0.001916,0.0
spgg__62075__fov25px57.jpg,spgg,62075,gfnGGhK7vP0iB5rEK_Q_Ig,False,876.73712,1,0,0,0,0,1,0,1,0,0,0.999999,0.006941,0.000308,0.000252,0.0,0.007558,0.0,0.0,6e-06,0.0
spgg__18997__fov25px57.jpg,spgg,18997,jz5rxYO8kpLXj4Pf9DBKaw,False,83.281007,1,0,0,1,0,0,0,0,1,0,0.999998,0.976024,0.031928,2e-06,0.0,0.08355,2e-06,4e-06,7.9e-05,0.0
spgg__23676__fov25px57.jpg,spgg,23676,rLwnism_l-2lvB3wtkaYcQ,False,70.570643,1,0,0,0,0,0,0,0,0,0,1.0,0.001008,0.0,0.001438,0.0,0.000285,2e-06,2e-06,0.001225,0.0
spgg__7856__fov25px57.jpg,spgg,7856,KVXBjJohkESrroJA2YJi2Q,False,0.832068,1,1,0,0,0,0,0,0,0,0,0.999759,0.998106,3.3e-05,1.3e-05,0.0,2e-06,3e-06,2e-06,5e-06,0.0
spgg__86981__fov25px57.jpg,spgg,86981,_jYy4KOydCkssJAo7uiKNQ,False,11.080164,1,1,0,0,0,0,0,0,1,0,0.999397,1.1e-05,0.003857,2e-06,0.0,3.1e-05,0.00111,0.0,1e-05,0.0
spgg__83043__fov25px57.jpg,spgg,83043,0swu4hy8PUqnOJ-sWzJ2yw,True,10.197794,1,0,0,0,0,0,0,0,0,0,0.0234,0.0,4.9e-05,0.0,0.0,2e-05,1e-06,0.0,3e-06,0.0
spgg__7438__fov25px57.jpg,spgg,7438,QD06Ws1KiprZr0WP5WCCQA,False,18.222697,1,1,0,0,0,0,0,0,0,0,0.997699,0.99987,0.058672,2.2e-05,0.0,6e-06,1e-06,0.00946,8.9e-05,0.0
spgg__19326__fov25px57.jpg,spgg,19326,M8Elf8uz3vo5Xe1iDuoIkw,False,241.475607,1,1,0,0,0,0,0,0,1,0,1.0,0.378895,0.000383,0.000359,0.0,4e-06,0.0,4.1e-05,0.049293,0.0
spgg__18923__fov25px57.jpg,spgg,18923,xzZJ3PRaSy4QxH5SJHRGqQ,True,13.593221,1,0,0,0,0,0,0,0,0,0,0.999929,0.999929,0.000219,6e-06,0.0,8e-06,1.6e-05,4.2e-05,1.4e-05,0.0
spgg__53954__fov25px57.jpg,spgg,53954,tD6_dewQykC3okc6UP7j6Q,True,3.703502,1,0,0,0,0,0,0,0,0,0,0.999999,0.457302,3.2e-05,0.0,0.0,3e-06,8e-06,9e-06,0.0,0.0
spgg__23613__fov25px57.jpg,spgg,23613,iFbYNH-f2M58VPLkuEHcig,False,137.691789,1,0,0,0,0,0,0,0,0,0,0.129135,0.0,1e-06,1e-06,0.0,1e-06,0.0,0.0,0.001659,0.0
spgg__68704__fov25px57.jpg,spgg,68704,tQYcQbZbzm2hh2GAX_kt0w,False,253.768749,1,0,0,0,0,0,0,0,0,0,0.999998,0.005104,0.000739,0.0,0.0,9e-06,3e-06,0.0,0.0,0.0
spgg__56555__fov25px57.jpg,spgg,56555,37wuyPy6pqV6IYgRknvnGA,False,188.996198,1,0,0,0,0,0,0,0,0,0,1.0,0.999756,0.000144,0.049954,0.0,0.011169,4e-06,1e-06,0.000104,0.0
spgg__16842__fov25px57.jpg,spgg,16842,qJ3_Kxf0eZ_emagKtzEFNQ,False,10.873471,1,0,0,0,0,0,0,0,0,0,0.999905,2e-06,3e-06,8e-06,0.0,3e-06,0.0,0.0,4e-06,0.0
spgg__77392__fov25px57.jpg,spgg,77392,Hta3Qkl5y2vAuvIdZq8vAw,False,265.098421,1,0,0,0,0,0,0,0,0,0,0.999992,0.429442,0.0,3e-06,0.0,2.5e-05,0.0,0.0,1.4e-05,0.0
spgg__60999__fov25px57.jpg,spgg,60999,XnhvwUs2_GqT0Fvl0zVKhA,True,0.149704,1,0,0,0,0,0,0,0,0,0,0.999997,0.985213,0.0,0.038663,0.0,0.116668,4.8e-05,0.000219,8.1e-05,0.0
spgg__72757__fov25px57.jpg,spgg,72757,DN_D0ZzDYDvr1t2sUfMQpQ,False,9.453707,1,0,0,0,0,0,0,0,0,0,0.999937,0.999889,6e-06,1.3e-05,0.0,4e-06,1e-06,5.4e-05,5.6e-05,0.0
spgg__8014__fov25px57.jpg,spgg,8014,glf2MUqeoGzwSx5iCawwfA,True,3.281316,1,0,0,0,0,1,0,0,0,0,0.999982,0.012332,0.999617,4e-06,0.0,0.949933,2e-06,7.8e-05,1.4e-05,0.0
spgg__15101__fov25px57.jpg,spgg,15101,tomw04eXXYNJ_Qv8dQSiYA,True,0.778366,1,1,1,0,0,0,0,0,0,0,0.999971,0.999981,0.998626,0.000931,0.0,0.000486,5e-05,0.002583,0.000215,0.0
spgg__21852__fov25px57.jpg,spgg,21852,L8SHVVVik8I5A7AtTK8KHA,False,1.202784,1,0,0,0,0,0,0,0,0,0,0.729503,2.4e-05,1e-06,0.0,0.0,0.0,1e-06,2e-06,2.4e-05,0.0
spgg__75057__fov25px57.jpg,spgg,75057,beaEzkHNNfSoYiszzMegTg,True,9.461613,1,0,0,0,0,0,0,0,0,0,5.5e-05,0.0,6.2e-05,0.0,0.0,0.986506,0.0,0.0,3e-06,0.0
spgg__86317__fov25px57.jpg,spgg,86317,6zfipNp7gbcOQgOz0IBx4Q,True,8.620408,0,0,0,0,0,0,0,0,0,0,0.999548,1e-06,2.3e-05,1e-06,0.0,0.000455,1e-06,0.0,0.0,0.0
spgg__54133__fov25px57.jpg,spgg,54133,lqRk1JRDdyuo_24cCroPkg,False,59.14077,1,0,0,0,0,0,0,0,0,0,0.993216,2.2e-05,0.011734,0.0,0.0,0.0,1e-06,3e-06,5.6e-05,0.0
spgg__86225__fov25px57.jpg,spgg,86225,0SogcXheAApD5qDyyX9FAA,False,391.119012,1,0,0,0,0,0,0,0,0,0,0.999249,7e-06,0.000629,3e-06,0.0,4.1e-05,1e-06,0.0,1.3e-05,0.0
spgg__15078__fov25px57.jpg,spgg,15078,FK8NB_DTuR4KgEbZ4wybaQ,True,0.22239,1,0,1,0,0,1,0,0,0,0,0.999999,0.71112,0.926564,7.7e-05,0.0,0.241708,0.0,0.0,8e-06,0.0
spgg__7532__fov25px57.jpg,spgg,7532,zaoPLOq7Qwc-7jzMXizzeA,True,2.335097,1,1,0,0,0,0,0,0,0,0,0.999955,0.998439,9.7e-05,1e-06,0.0,1e-06,6e-06,4.6e-05,1e-06,0.0
spgg__16223__fov25px57.jpg,spgg,16223,FzMa7Bhk-5T54p0m-1mLXw,True,9.949154,1,1,0,0,0,0,0,0,1,0,0.931011,0.003903,0.52645,8e-06,0.0,0.0,0.0,2e-06,1.2e-05,0.0
spgg__77239__fov25px57.jpg,spgg,77239,-Kmdm89bqcZsv0xhf9tEUA,True,0.41606,1,0,0,0,0,1,0,0,0,0,1.0,0.000438,0.017158,4e-06,0.0,0.817959,2e-06,0.000404,1.1e-05,0.0
spgg__7899__fov25px57.jpg,spgg,7899,kWwmGd_Hy2jHiD8rWQi98w,False,16.831341,1,0,0,0,0,1,0,0,0,0,0.999996,0.000576,0.005085,3e-06,0.0,0.999723,2e-06,7e-06,2e-06,0.0
spgg__25799__fov25px57.jpg,spgg,25799,i3mMnuS8G6khdHsfgyJK9A,True,9.663906,1,0,0,0,0,1,0,0,0,0,1.0,3.1e-05,8e-06,0.015449,0.0,9e-06,0.000596,1.6e-05,0.657898,0.0
spgg__56554__fov25px57.jpg,spgg,56554,37wuyPy6pqV6IYgRknvnGA,False,175.25919,1,0,0,0,0,0,0,0,0,0,0.749031,0.016497,2e-05,0.0,0.0,0.000166,0.0,2e-05,4e-06,0.0
spgg__1432__fov25px57.jpg,spgg,1432,yEvU94qVhQjWHt7yHNf6QQ,True,0.674657,1,0,0,0,0,0,0,0,0,0,0.99972,0.999952,0.000795,3e-06,0.0,0.000766,3e-06,1e-06,1.6e-05,0.0
spgg__3692__fov25px57.jpg,spgg,3692,dACq1Oz_y6P0v42IfkT8Lw,False,99.165682,1,0,0,0,0,0,0,0,0,0,0.999987,0.000162,0.006863,1e-06,0.0,0.0,7e-06,0.0,5e-06,0.0
spgg__70803__fov25px57.jpg,spgg,70803,sTSUA5FNENakBsZj1S1K_Q,False,655.233283,1,1,1,0,0,1,0,1,0,0,1.0,0.000817,0.0,0.000172,0.0,0.000123,2e-06,5.3e-05,0.024031,0.0
spgg__51280__fov25px57.jpg,spgg,51280,eHDN6ax0V8rk4g4TbKCPUw,False,175.819042,1,0,0,0,0,1,0,0,0,0,0.999999,0.000221,0.0,0.000779,0.0,0.000123,1.6e-05,1e-06,0.001947,0.0
spgg__44116__fov25px57.jpg,spgg,44116,uJZjgy7sNHYzswd1BgYXIQ,False,1.715389,1,0,0,0,0,1,0,0,0,0,1.0,0.511096,0.054742,5.1e-05,0.0,0.196229,1e-06,2e-06,1e-06,0.0
spgg__14868__fov25px57.jpg,spgg,14868,4kAhXJggsGpLUrZuyMoOPQ,True,2.315859,1,1,1,1,0,1,0,1,0,0,0.999988,0.508752,0.966132,0.00107,0.0,5e-06,0.000421,0.748826,0.001118,0.0
spgg__14879__fov25px57.jpg,spgg,14879,V4F2CjYf3n5i_ItfJoBHFg,True,5.895692,1,0,0,0,0,0,0,0,0,0,0.999998,0.992149,3e-06,1e-05,0.0,1e-06,1e-06,1e-06,3e-06,0.0
spgg__25082__fov25px57.jpg,spgg,25082,iWMaF6PktXnALKQJs9jOdQ,False,276.535661,1,0,0,0,0,0,0,0,1,0,0.999979,0.013622,0.020865,0.0,0.0,9e-06,2.1e-05,5e-06,0.920915,0.0
spgg__3709__fov25px57.jpg,spgg,3709,Klu76LwCfQXIJ1LbOTke_A,False,6.376831,1,0,0,0,0,0,0,0,0,0,0.999999,0.000776,0.001149,0.000481,0.0,0.001059,0.0,1e-06,0.0,0.0
