item_id,city,label_id,label_uid,pano_id,tag_state,distance_band,depression_deg,est_distance_m,camera_pitch,placed_at,image_capture_date,tags_at_list,severity_at_list,applicable_tags,tag_reviewed_by,placed_by_rater,has_server_crop,editor_url,labelmap_url,gsv_url
tr0001,taipei,48989,taipei:48989,gqN-6Bpoe3t3Bm154wQTFg,untagged,mid,13.42,10.5,0.924,2024-03-20,2023-09,,1,debris / pooled water;missing tactile warning;narrow;not aligned with crosswalk;not enough landing space;not level with street;points into traffic;steep;surface problem,,,true,https://sidewalk-taipei.cs.washington.edu/gallery?labelType=CurbRamp&labelId=48989,https://sidewalk-taipei.cs.washington.edu/labelMap?labelId=48989,https://www.google.com/maps/@?api=1&map_action=pano&pano=gqN-6Bpoe3t3Bm154wQTFg&heading=154.125&pitch=-29.375
tr0002,paterson-nj,34542,paterson-nj:34542,cCuVMKLAFe7rZriRad0waQ,untagged,near,17.37,8.0,-0.191,2026-02-11,2018-08,,1,debris / pooled water;missing tactile warning;narrow;not enough landing space;not level with street;points into traffic;steep;surface problem,,,true,https://sidewalk-paterson.cs.washington.edu/gallery?labelType=CurbRamp&labelId=34542,https://sidewalk-paterson.cs.washington.edu/labelMap?labelId=34542,https://www.google.com/maps/@?api=1&map_action=pano&pano=cCuVMKLAFe7rZriRad0waQ&heading=95.25&pitch=-18.5
tr0003,sao-paulo-brazil,25324,sao-paulo-brazil:25324,wSToCG3A_1zWSm-PSuaGVQ,tagged,mid,13.09,10.8,0.333,2026-07-08,2025-01,not enough landing space,2,debris / pooled water;missing tactile warning;narrow;not enough landing space;not level with street;points into traffic;steep;surface problem,,,true,https://sidewalk-sao-paulo.cs.washington.edu/gallery?labelType=CurbRamp&labelId=25324,https://sidewalk-sao-paulo.cs.washington.edu/labelMap?labelId=25324,https://www.google.com/maps/@?api=1&map_action=pano&pano=wSToCG3A_1zWSm-PSuaGVQ&heading=63.389687500000065&pitch=-15.734375
tr0004,paterson-nj,36516,paterson-nj:36516,PKjMqsa0ZVo-tLJf0KlufA,affirmed_empty,mid,9.87,14.4,0.370,2026-02-25,2019-10,,1,debris / pooled water;missing tactile warning;narrow;not enough landing space;not level with street;points into traffic;steep;surface problem,ExpertValidate,,true,https://sidewalk-paterson.cs.washington.edu/gallery?labelType=CurbRamp&labelId=36516,https://sidewalk-paterson.cs.washington.edu/labelMap?labelId=36516,https://www.google.com/maps/@?api=1&map_action=pano&pano=PKjMqsa0ZVo-tLJf0KlufA&heading=64.265625&pitch=-24.125
tr0005,oradell-nj,14157,oradell-nj:14157,f5lFxSnfcL3xakrK6K37wQ,affirmed_empty,mid,10.43,13.6,-1.335,2023-12-29,2022-12,,1,debris / pooled water;missing tactile warning;narrow;not enough landing space;not level with street;points into traffic;steep;surface problem,ExternalTagValidationASSETS2024,,true,https://sidewalk-oradell.cs.washington.edu/gallery?labelType=CurbRamp&labelId=14157,https://sidewalk-oradell.cs.washington.edu/labelMap?labelId=14157,https://www.google.com/maps/@?api=1&map_action=pano&pano=f5lFxSnfcL3xakrK6K37wQ&heading=350.4308166503906&pitch=-6.46875
tr0006,st-louis-mo,67468,st-louis-mo:67468,XMmtoXVMgoP7hjOI2sPNog,untagged,near,19.48,7.1,-1.524,2026-04-25,2025-07,,1,debris / pooled water;missing tactile warning;narrow;not enough landing space;not level with street;points into traffic;steep;surface problem,,,true,https://sidewalk-st-louis.cs.washington.edu/gallery?labelType=CurbRamp&labelId=67468,https://sidewalk-st-louis.cs.washington.edu/labelMap?labelId=67468,https://www.google.com/maps/@?api=1&map_action=pano&pano=XMmtoXVMgoP7hjOI2sPNog&heading=153.3125&pitch=-31.0625
tr0007,mendota-il,7669,mendota-il:7669,iUoEfTl_c3a3eIWnIXpXWg,affirmed_empty,far,4.86,29.4,1.794,2024-10-25,2022-11,,1,debris / pooled water;missing tactile warning;narrow;not enough landing space;not level with street;points into traffic;steep;surface problem,ExpertValidate,,true,https://sidewalk-mendota.cs.washington.edu/gallery?labelType=CurbRamp&labelId=7669,https://sidewalk-mendota.cs.washington.edu/labelMap?labelId=7669,https://www.google.com/maps/@?api=1&map_action=pano&pano=iUoEfTl_c3a3eIWnIXpXWg&heading=215.734375&pitch=-2.53125
tr0008,madison-wi,25175,madison-wi:25175,xnGLtRk32oAbROf3dYFmNg,tagged,mid,15.54,9.0,3.600,2025-10-09,2025-07,points into traffic;surface problem,2,debris / pooled water;missing tactile warning;narrow;not enough landing space;not level with street;points into traffic;steep;surface problem,,,true,https://sidewalk-madison.cs.washington.edu/gallery?labelType=CurbRamp&labelId=25175,https://sidewalk-madison.cs.washington.edu/labelMap?labelId=25175,https://www.google.com/maps/@?api=1&map_action=pano&pano=xnGLtRk32oAbROf3dYFmNg&heading=212.98214721679688&pitch=-33.3125
tr0009,hackensack-nj,25295,hackensack-nj:25295,h-JBlowHG0fjBbE2Z7nPFA,untagged,far,8.58,16.6,1.158,2026-03-09,2018-09,,1,debris / pooled water;missing tactile warning;narrow;not enough landing space;not level with street;points into traffic;steep;surface problem,,,true,https://sidewalk-hackensack.cs.washington.edu/gallery?labelType=CurbRamp&labelId=25295,https://sidewalk-hackensack.cs.washington.edu/labelMap?labelId=25295,https://www.google.com/maps/@?api=1&map_action=pano&pano=h-JBlowHG0fjBbE2Z7nPFA&heading=337.5&pitch=-26.75
tr0010,chicago-il,122925,chicago-il:122925,n2xeJM0aV_OaFwfTp-DJuQ,untagged,mid,15.56,9.0,-0.994,2025-02-16,2022-06,,1,debris / pooled water;missing tactile warning;narrow;not enough landing space;not level with street;points into traffic;steep;surface problem,,,true,https://sidewalk-chicago.cs.washington.edu/gallery?labelType=CurbRamp&labelId=122925,https://sidewalk-chicago.cs.washington.edu/labelMap?labelId=122925,https://www.google.com/maps/@?api=1&map_action=pano&pano=n2xeJM0aV_OaFwfTp-DJuQ&heading=328.0&pitch=-22.125
tr0011,tucson-az,29152,tucson-az:29152,HuNrqnr1I9CcLAxSNZthwA,tagged_trusted,near,28.87,4.5,0.422,2025-12-04,2025-01,missing tactile warning;not enough landing space;points into traffic,2,debris / pooled water;missing tactile warning;narrow;not enough landing space;not level with street;points into traffic;steep;surface problem,,jonfroehlich,true,https://sidewalk-tucson.cs.washington.edu/gallery?labelType=CurbRamp&labelId=29152,https://sidewalk-tucson.cs.washington.edu/labelMap?labelId=29152,https://www.google.com/maps/@?api=1&map_action=pano&pano=HuNrqnr1I9CcLAxSNZthwA&heading=164.3549041748047&pitch=-30.863840103149414
tr0012,walla-walla,1876,walla-walla:1876,7p-B5XIrIiaZOJc4yBH9jQ,untagged,near,18.15,7.6,0.523,2024-04-09,2023-08,,1,debris / pooled water;missing tactile warning;narrow;not enough landing space;not level with street;points into traffic;steep;surface problem,,,true,https://sidewalk-walla-walla.cs.washington.edu/gallery?labelType=CurbRamp&labelId=1876,https://sidewalk-walla-walla.cs.washington.edu/labelMap?labelId=1876,https://www.google.com/maps/@?api=1&map_action=pano&pano=7p-B5XIrIiaZOJc4yBH9jQ&heading=172.94642639160156&pitch=-19.48214340209961
tr0013,mendota-il,77,mendota-il:77,0jbexpw-1V951w4QiDfBuw,tagged_trusted,mid,10.04,14.1,0.048,2024-09-13,2022-11,missing tactile warning;not level with street,3,debris / pooled water;missing tactile warning;narrow;not enough landing space;not level with street;points into traffic;steep;surface problem,,jonfroehlich,true,https://sidewalk-mendota.cs.washington.edu/gallery?labelType=CurbRamp&labelId=77,https://sidewalk-mendota.cs.washington.edu/labelMap?labelId=77,https://www.google.com/maps/@?api=1&map_action=pano&pano=0jbexpw-1V951w4QiDfBuw&heading=108.59375&pitch=-14.164643287658691
tr0014,fort-wayne-in,25629,fort-wayne-in:25629,M_tsZsjRZKWGz8y8WuRDTw,tagged_trusted,near,20.13,6.8,-0.418,2026-03-19,2023-04,debris / pooled water;surface problem,2,debris / pooled water;missing tactile warning;narrow;not enough landing space;not level with street;points into traffic;steep;surface problem,,jonfroehlich,true,https://sidewalk-fort-wayne.cs.washington.edu/gallery?labelType=CurbRamp&labelId=25629,https://sidewalk-fort-wayne.cs.washington.edu/labelMap?labelId=25629,https://www.google.com/maps/@?api=1&map_action=pano&pano=M_tsZsjRZKWGz8y8WuRDTw&heading=78.74812316894531&pitch=-32.375
tr0015,taipei,31752,taipei:31752,xMUwS-DWJfeA7FlklO2SHQ,untagged,mid,16.89,8.2,-0.121,2023-10-24,2023-03,,1,debris / pooled water;missing tactile warning;narrow;not aligned with crosswalk;not enough landing space;not level with street;points into traffic;steep;surface problem,,,true,https://sidewalk-taipei.cs.washington.edu/gallery?labelType=CurbRamp&labelId=31752,https://sidewalk-taipei.cs.washington.edu/labelMap?labelId=31752,https://www.google.com/maps/@?api=1&map_action=pano&pano=xMUwS-DWJfeA7FlklO2SHQ&heading=271.4821472167969&pitch=-19.821428298950195
tr0016,oradell-nj,15426,oradell-nj:15426,8Q1VZTLRb2wlZu6oXd_LNQ,untagged,far,9.00,15.8,0.663,2025-03-04,2018-09,,1,debris / pooled water;missing tactile warning;narrow;not enough landing space;not level with street;points into traffic;steep;surface problem,,,true,https://sidewalk-oradell.cs.washington.edu/gallery?labelType=CurbRamp&labelId=15426,https://sidewalk-oradell.cs.washington.edu/labelMap?labelId=15426,https://www.google.com/maps/@?api=1&map_action=pano&pano=8Q1VZTLRb2wlZu6oXd_LNQ&heading=238.5625&pitch=-15.8125
tr0017,detroit-mi,25396,detroit-mi:25396,XalOBqtlFEVAmsN0jY7uEg,tagged,mid,10.75,13.2,-0.444,2025-06-16,2018-08,missing tactile warning;not level with street,,debris / pooled water;missing tactile warning;narrow;not enough landing space;not level with street;points into traffic;steep;surface problem,,,true,https://sidewalk-detroit.cs.washington.edu/gallery?labelType=CurbRamp&labelId=25396,https://sidewalk-detroit.cs.washington.edu/labelMap?labelId=25396,https://www.google.com/maps/@?api=1&map_action=pano&pano=XalOBqtlFEVAmsN0jY7uEg&heading=104.22767639160156&pitch=-11.330357551574707
tr0018,teaneck-nj,7497,teaneck-nj:7497,B5hgK-DhzMDYSgnt-l7M4g,affirmed_empty,mid,10.78,13.1,0.379,2024-04-29,2022-03,,1,debris / pooled water;missing tactile warning;narrow;not enough landing space;not level with street;points into traffic;steep;surface problem,ExpertValidate,,true,https://sidewalk-teaneck.cs.washington.edu/gallery?labelType=CurbRamp&labelId=7497,https://sidewalk-teaneck.cs.washington.edu/labelMap?labelId=7497,https://www.google.com/maps/@?api=1&map_action=pano&pano=B5hgK-DhzMDYSgnt-l7M4g&heading=125.9375&pitch=-19.23214340209961
tr0019,walla-walla,466,walla-walla:466,XdHGJkWuwnB1KoeDc-vb3Q,affirmed_empty,near,24.36,5.5,0.579,2023-10-19,2023-07,,1,debris / pooled water;missing tactile warning;narrow;not enough landing space;not level with street;points into traffic;steep;surface problem,ExternalTagValidationASSETS2024,jonfroehlich,true,https://sidewalk-walla-walla.cs.washington.edu/gallery?labelType=CurbRamp&labelId=466,https://sidewalk-walla-walla.cs.washington.edu/labelMap?labelId=466,https://www.google.com/maps/@?api=1&map_action=pano&pano=XdHGJkWuwnB1KoeDc-vb3Q&heading=284.58046123840666&pitch=-25.459243796915008
tr0020,cliffside-park-nj,25928,cliffside-park-nj:25928,v3DDrBeANEmGBvf-I-TCcA,untagged,near,17.39,8.0,-2.871,2025-05-22,2020-11,,,debris / pooled water;missing tactile warning;narrow;not enough landing space;not level with street;points into traffic;steep;surface problem,,,true,https://sidewalk-cliffside-park.cs.washington.edu/gallery?labelType=CurbRamp&labelId=25928,https://sidewalk-cliffside-park.cs.washington.edu/labelMap?labelId=25928,https://www.google.com/maps/@?api=1&map_action=pano&pano=v3DDrBeANEmGBvf-I-TCcA&heading=154.5625&pitch=-28.25
tr0021,st-louis-mo,7240,st-louis-mo:7240,u3UPH_ri1ID6PfAJ0nFJcw,tagged,mid,15.80,8.8,1.936,2024-06-03,2022-10,missing tactile warning;steep,2,debris / pooled water;missing tactile warning;narrow;not enough landing space;not level with street;points into traffic;steep;surface problem,,,true,https://sidewalk-st-louis.cs.washington.edu/gallery?labelType=CurbRamp&labelId=7240,https://sidewalk-st-louis.cs.washington.edu/labelMap?labelId=7240,https://www.google.com/maps/@?api=1&map_action=pano&pano=u3UPH_ri1ID6PfAJ0nFJcw&heading=342.6428527832031&pitch=-16.428571701049805
tr0022,knox-oh,29570,knox-oh:29570,2py4I-3FymnPFHRm5M7aKw,untagged,mid,16.24,8.6,0.744,2025-04-26,2019-10,,,debris / pooled water;missing tactile warning;narrow;not enough landing space;not level with street;points into traffic;steep;surface problem,,,true,https://sidewalk-knox.cs.washington.edu/gallery?labelType=CurbRamp&labelId=29570,https://sidewalk-knox.cs.washington.edu/labelMap?labelId=29570,https://www.google.com/maps/@?api=1&map_action=pano&pano=2py4I-3FymnPFHRm5M7aKw&heading=207.7831268310547&pitch=-14.203125
tr0023,madison-wi,24954,madison-wi:24954,nlz0pAo3Da4U26sYmG3oiA,tagged_trusted,near,22.48,6.0,-3.736,2025-05-28,2011-07,missing tactile warning;narrow;steep,2,debris / pooled water;missing tactile warning;narrow;not enough landing space;not level with street;points into traffic;steep;surface problem,,jonfroehlich,true,https://sidewalk-madison.cs.washington.edu/gallery?labelType=CurbRamp&labelId=24954,https://sidewalk-madison.cs.washington.edu/labelMap?labelId=24954,https://www.google.com/maps/@?api=1&map_action=pano&pano=nlz0pAo3Da4U26sYmG3oiA&heading=123.62142944335938&pitch=-16.889286041259766
tr0024,detroit-mi,26493,detroit-mi:26493,FuBjmYd3bCfH1oih1fS0Hg,tagged,far,9.29,15.3,0.047,2026-02-28,2024-11,not level with street,2,debris / pooled water;missing tactile warning;narrow;not enough landing space;not level with street;points into traffic;steep;surface problem,,,true,https://sidewalk-detroit.cs.washington.edu/gallery?labelType=CurbRamp&labelId=26493,https://sidewalk-detroit.cs.washington.edu/labelMap?labelId=26493,https://www.google.com/maps/@?api=1&map_action=pano&pano=FuBjmYd3bCfH1oih1fS0Hg&heading=274.0625&pitch=-4.4375
tr0025,teaneck-nj,22694,teaneck-nj:22694,pWGVRCVlIDqJpb3PVI1Nlg,affirmed_empty,near,22.91,5.9,0.403,2024-10-13,2024-08,,1,debris / pooled water;missing tactile warning;narrow;not enough landing space;not level with street;points into traffic;steep;surface problem,ExpertValidate,,true,https://sidewalk-teaneck.cs.washington.edu/gallery?labelType=CurbRamp&labelId=22694,https://sidewalk-teaneck.cs.washington.edu/labelMap?labelId=22694,https://www.google.com/maps/@?api=1&map_action=pano&pano=pWGVRCVlIDqJpb3PVI1Nlg&heading=98.8125&pitch=-18.125
tr0026,madison-wi,25937,madison-wi:25937,sdYopoudp7I3b3_CDquFEA,untagged,far,4.64,30.8,1.069,2026-07-25,2025-07,,2,debris / pooled water;missing tactile warning;narrow;not enough landing space;not level with street;points into traffic;steep;surface problem,,,true,https://sidewalk-madison.cs.washington.edu/gallery?labelType=CurbRamp&labelId=25937,https://sidewalk-madison.cs.washington.edu/labelMap?labelId=25937,https://www.google.com/maps/@?api=1&map_action=pano&pano=sdYopoudp7I3b3_CDquFEA&heading=333.24906250000004&pitch=-23.249999999999996
tr0027,columbia,24932,columbia:24932,5RQs3QHARBd2kigkV4m-OA,tagged_trusted,mid,17.15,8.1,-1.834,2025-01-07,2022-09,missing tactile warning,1,debris / pooled water;missing tactile warning;narrow;not enough landing space;not level with street;points into traffic;steep;surface problem,,mikey,true,https://sidewalk-columbia.cs.washington.edu/gallery?labelType=CurbRamp&labelId=24932,https://sidewalk-columbia.cs.washington.edu/labelMap?labelId=24932,https://www.google.com/maps/@?api=1&map_action=pano&pano=5RQs3QHARBd2kigkV4m-OA&heading=211.11160278320312&pitch=-18.24776840209961
tr0028,rancagua-chile,25238,rancagua-chile:25238,VL0ea6NUhJlMOkzckPEP7w,tagged,near,19.36,7.1,-1.869,2025-09-16,2023-05,not level with street;surface problem,3,debris / pooled water;missing tactile warning;narrow;not enough landing space;not level with street;points into traffic;steep;surface problem,,,true,https://sidewalk-rancagua.cs.washington.edu/gallery?labelType=CurbRamp&labelId=25238,https://sidewalk-rancagua.cs.washington.edu/labelMap?labelId=25238,https://www.google.com/maps/@?api=1&map_action=pano&pano=VL0ea6NUhJlMOkzckPEP7w&heading=50.75&pitch=-12.0625
tr0029,burnaby,9853,burnaby:9853,SbKQqIimMM54bsrCIDECaw,affirmed_empty,mid,11.02,12.8,-0.934,2024-07-06,2023-05,,1,debris / pooled water;missing tactile warning;narrow;not enough landing space;not level with street;parallel lines;points into traffic;steep;surface problem,ExpertValidate,,true,https://sidewalk-burnaby.cs.washington.edu/gallery?labelType=CurbRamp&labelId=9853,https://sidewalk-burnaby.cs.washington.edu/labelMap?labelId=9853,https://www.google.com/maps/@?api=1&map_action=pano&pano=SbKQqIimMM54bsrCIDECaw&heading=219.38392639160156&pitch=-11.919642448425293
tr0030,rancagua-chile,26478,rancagua-chile:26478,qlFIsOF0b1GHcu-8T_G5IA,untagged,near,38.67,3.1,-0.391,2025-10-17,2025-05,,1,debris / pooled water;missing tactile warning;narrow;not enough landing space;not level with street;points into traffic;steep;surface problem,,,true,https://sidewalk-rancagua.cs.washington.edu/gallery?labelType=CurbRamp&labelId=26478,https://sidewalk-rancagua.cs.washington.edu/labelMap?labelId=26478,https://www.google.com/maps/@?api=1&map_action=pano&pano=qlFIsOF0b1GHcu-8T_G5IA&heading=238.4375&pitch=-26.1875
tr0031,pittsburgh-pa,27891,pittsburgh-pa:27891,Yf5Rq-EEjQTjGcVuIPePhQ,untagged,mid,14.68,9.5,-2.239,2025-04-04,2024-09,,1,debris / pooled water;missing tactile warning;narrow;not enough landing space;not level with street;points into traffic;steep;surface problem,,,true,https://sidewalk-pittsburgh.cs.washington.edu/gallery?labelType=CurbRamp&labelId=27891,https://sidewalk-pittsburgh.cs.washington.edu/labelMap?labelId=27891,https://www.google.com/maps/@?api=1&map_action=pano&pano=Yf5Rq-EEjQTjGcVuIPePhQ&heading=146.4375&pitch=-10.875
tr0032,knox-oh,29259,knox-oh:29259,Qgk9fpvgpn7rw0OjpTya-g,affirmed_empty,mid,17.30,8.0,-0.801,2025-04-25,2024-07,,1,debris / pooled water;missing tactile warning;narrow;not enough landing space;not level with street;points into traffic;steep;surface problem,ExpertValidate,,true,https://sidewalk-knox.cs.washington.edu/gallery?labelType=CurbRamp&labelId=29259,https://sidewalk-knox.cs.washington.edu/labelMap?labelId=29259,https://www.google.com/maps/@?api=1&map_action=pano&pano=Qgk9fpvgpn7rw0OjpTya-g&heading=47.91071319580078&pitch=-24.714284896850586
tr0033,niagara-falls-ny,26457,niagara-falls-ny:26457,2Je6VU11VvX05FHxED0Y5w,tagged,far,8.75,16.2,0.983,2026-03-04,2025-08,not level with street,1,debris / pooled water;missing tactile warning;narrow;not enough landing space;not level with street;points into traffic;steep;surface problem,,,true,https://sidewalk-niagara-falls.cs.washington.edu/gallery?labelType=CurbRamp&labelId=26457,https://sidewalk-niagara-falls.cs.washington.edu/labelMap?labelId=26457,https://www.google.com/maps/@?api=1&map_action=pano&pano=2Je6VU11VvX05FHxED0Y5w&heading=284.5625&pitch=-6.125
tr0034,fort-wayne-in,25644,fort-wayne-in:25644,EEzPKePeJUT2RKaWuq78zQ,untagged,near,19.67,7.0,0.962,2026-03-19,2023-08,,1,debris / pooled water;missing tactile warning;narrow;not enough landing space;not level with street;points into traffic;steep;surface problem,,mikey,true,https://sidewalk-fort-wayne.cs.washington.edu/gallery?labelType=CurbRamp&labelId=25644,https://sidewalk-fort-wayne.cs.washington.edu/labelMap?labelId=25644,https://www.google.com/maps/@?api=1&map_action=pano&pano=EEzPKePeJUT2RKaWuq78zQ&heading=125.24906158447266&pitch=-23.4375
tr0035,detroit-mi,27351,detroit-mi:27351,3_VgdTCcTTtJr_kFVkx2lw,untagged,mid,11.80,12.0,0.334,2026-03-27,2025-08,,1,debris / pooled water;missing tactile warning;narrow;not enough landing space;not level with street;points into traffic;steep;surface problem,,,true,https://sidewalk-detroit.cs.washington.edu/gallery?labelType=CurbRamp&labelId=27351,https://sidewalk-detroit.cs.washington.edu/labelMap?labelId=27351,https://www.google.com/maps/@?api=1&map_action=pano&pano=3_VgdTCcTTtJr_kFVkx2lw&heading=312.703125&pitch=-15.03125
tr0036,danville-il,25574,danville-il:25574,TaGyoFSaVEW9HjJRMnlTtw,affirmed_empty,far,9.33,15.2,-0.166,2025-02-19,2023-10,,1,debris / pooled water;missing tactile warning;narrow;not enough landing space;not level with street;points into traffic;steep;surface problem,ExpertValidate,,true,https://sidewalk-danville.cs.washington.edu/gallery?labelType=CurbRamp&labelId=25574,https://sidewalk-danville.cs.washington.edu/labelMap?labelId=25574,https://www.google.com/maps/@?api=1&map_action=pano&pano=TaGyoFSaVEW9HjJRMnlTtw&heading=36.45981979370117&pitch=-8.805803298950195
tr0037,paterson-nj,40128,paterson-nj:40128,cpN4SsrqhAC7kFGQ2IkbfQ,tagged,near,20.37,6.7,0.354,2026-04-22,2019-08,points into traffic,2,debris / pooled water;missing tactile warning;narrow;not enough landing space;not level with street;points into traffic;steep;surface problem,,,true,https://sidewalk-paterson.cs.washington.edu/gallery?labelType=CurbRamp&labelId=40128,https://sidewalk-paterson.cs.washington.edu/labelMap?labelId=40128,https://www.google.com/maps/@?api=1&map_action=pano&pano=cpN4SsrqhAC7kFGQ2IkbfQ&heading=356.0625&pitch=-34.0625
tr0038,knox-oh,29701,knox-oh:29701,-UEmCutZegnRoEJ8B25hTg,tagged,mid,16.75,8.3,0.192,2025-04-26,2023-05,missing tactile warning;surface problem,3,debris / pooled water;missing tactile warning;narrow;not enough landing space;not level with street;points into traffic;steep;surface problem,,,true,https://sidewalk-knox.cs.washington.edu/gallery?labelType=CurbRamp&labelId=29701,https://sidewalk-knox.cs.washington.edu/labelMap?labelId=29701,https://www.google.com/maps/@?api=1&map_action=pano&pano=-UEmCutZegnRoEJ8B25hTg&heading=273.70758056640625&pitch=-32.85714340209961
tr0039,mendota-il,1814,mendota-il:1814,2pe4xqEkPH4qkQqO4TdkiQ,tagged,far,8.58,16.6,0.455,2024-10-21,2022-11,not level with street,1,debris / pooled water;missing tactile warning;narrow;not enough landing space;not level with street;points into traffic;steep;surface problem,,,true,https://sidewalk-mendota.cs.washington.edu/gallery?labelType=CurbRamp&labelId=1814,https://sidewalk-mendota.cs.washington.edu/labelMap?labelId=1814,https://www.google.com/maps/@?api=1&map_action=pano&pano=2pe4xqEkPH4qkQqO4TdkiQ&heading=88.95088958740234&pitch=-1.25
tr0040,teaneck-nj,25367,teaneck-nj:25367,WonSBt9jQbMKbmS9VtpcxQ,tagged,far,8.56,16.6,-0.563,2026-04-21,2025-08,missing tactile warning;points into traffic;steep,1,debris / pooled water;missing tactile warning;narrow;not enough landing space;not level with street;points into traffic;steep;surface problem,,,true,https://sidewalk-teaneck.cs.washington.edu/gallery?labelType=CurbRamp&labelId=25367,https://sidewalk-teaneck.cs.washington.edu/labelMap?labelId=25367,https://www.google.com/maps/@?api=1&map_action=pano&pano=WonSBt9jQbMKbmS9VtpcxQ&heading=147.06249999999997&pitch=-16.25
tr0041,chicago-il,174275,chicago-il:174275,jJJRuvw1RvKHEMuqremHUQ,tagged_trusted,far,9.23,15.4,-0.396,2026-03-19,2025-11,missing tactile warning,,debris / pooled water;missing tactile warning;narrow;not enough landing space;not level with street;points into traffic;steep;surface problem,,mikey,true,https://sidewalk-chicago.cs.washington.edu/gallery?labelType=CurbRamp&labelId=174275,https://sidewalk-chicago.cs.washington.edu/labelMap?labelId=174275,https://www.google.com/maps/@?api=1&map_action=pano&pano=jJJRuvw1RvKHEMuqremHUQ&heading=316.171875&pitch=-8.109375
tr0042,danville-il,24930,danville-il:24930,K2BMJE01EqSgzVXCIF13Ww,tagged_trusted,near,23.75,5.7,-2.265,2025-01-16,2023-05,missing tactile warning;points into traffic;surface problem,2,debris / pooled water;missing tactile warning;narrow;not enough landing space;not level with street;points into traffic;steep;surface problem,,mikey,true,https://sidewalk-danville.cs.washington.edu/gallery?labelType=CurbRamp&labelId=24930,https://sidewalk-danville.cs.washington.edu/labelMap?labelId=24930,https://www.google.com/maps/@?api=1&map_action=pano&pano=K2BMJE01EqSgzVXCIF13Ww&heading=147.9017791748047&pitch=-21.14285659790039
tr0043,walla-walla,6887,walla-walla:6887,2srx5tunsWo85qRepOktsQ,untagged,mid,16.72,8.3,0.181,2026-04-19,2019-08,,1,debris / pooled water;missing tactile warning;narrow;not enough landing space;not level with street;points into traffic;steep;surface problem,,,true,https://sidewalk-walla-walla.cs.washington.edu/gallery?labelType=CurbRamp&labelId=6887,https://sidewalk-walla-walla.cs.washington.edu/labelMap?labelId=6887,https://www.google.com/maps/@?api=1&map_action=pano&pano=2srx5tunsWo85qRepOktsQ&heading=195.3125&pitch=-21.5
tr0044,danville-il,26752,danville-il:26752,9BjpmUaTHzTD4SeYBAwXgw,affirmed_empty,mid,13.46,10.4,-0.341,2025-07-11,2023-08,,1,debris / pooled water;missing tactile warning;narrow;not enough landing space;not level with street;points into traffic;steep;surface problem,ExpertValidate,,true,https://sidewalk-danville.cs.washington.edu/gallery?labelType=CurbRamp&labelId=26752,https://sidewalk-danville.cs.washington.edu/labelMap?labelId=26752,https://www.google.com/maps/@?api=1&map_action=pano&pano=9BjpmUaTHzTD4SeYBAwXgw&heading=260.5625&pitch=-0.625
tr0045,west-chester,26195,west-chester:26195,QLlJ8S9rqllofzl6ZirZaA,tagged,near,27.61,4.8,1.064,2025-02-10,2024-07,missing tactile warning,,debris / pooled water;missing tactile warning;narrow;not enough landing space;not level with street;points into traffic;steep;surface problem,,,true,https://sidewalk-west-chester.cs.washington.edu/gallery?labelType=CurbRamp&labelId=26195,https://sidewalk-west-chester.cs.washington.edu/labelMap?labelId=26195,https://www.google.com/maps/@?api=1&map_action=pano&pano=QLlJ8S9rqllofzl6ZirZaA&heading=216.0&pitch=-7.9375
tr0046,columbia,45509,columbia:45509,xzxFtBhvP4Cb_h_dWCgbnw,affirmed_empty,near,19.69,7.0,-4.335,2025-07-06,2023-01,,1,debris / pooled water;missing tactile warning;narrow;not enough landing space;not level with street;points into traffic;steep;surface problem,ExpertValidate,,true,https://sidewalk-columbia.cs.washington.edu/gallery?labelType=CurbRamp&labelId=45509,https://sidewalk-columbia.cs.washington.edu/labelMap?labelId=45509,https://www.google.com/maps/@?api=1&map_action=pano&pano=xzxFtBhvP4Cb_h_dWCgbnw&heading=48.69643020629883&pitch=-9.910714149475098
tr0047,detroit-mi,26118,detroit-mi:26118,Rd9fHG8AaOLdQ516t3DsoQ,affirmed_empty,near,27.38,4.8,0.002,2026-02-21,2020-10,,1,debris / pooled water;missing tactile warning;narrow;not enough landing space;not level with street;points into traffic;steep;surface problem,ExpertValidate,,true,https://sidewalk-detroit.cs.washington.edu/gallery?labelType=CurbRamp&labelId=26118,https://sidewalk-detroit.cs.washington.edu/labelMap?labelId=26118,https://www.google.com/maps/@?api=1&map_action=pano&pano=Rd9fHG8AaOLdQ516t3DsoQ&heading=190.375&pitch=-26.5625
tr0048,fort-wayne-in,24953,fort-wayne-in:24953,DNX0qGtIB6YVPq8ep-KBhA,tagged_trusted,far,8.99,15.8,1.495,2026-03-10,2024-08,narrow,1,debris / pooled water;missing tactile warning;narrow;not enough landing space;not level with street;points into traffic;steep;surface problem,,jonfroehlich,true,https://sidewalk-fort-wayne.cs.washington.edu/gallery?labelType=CurbRamp&labelId=24953,https://sidewalk-fort-wayne.cs.washington.edu/labelMap?labelId=24953,https://www.google.com/maps/@?api=1&map_action=pano&pano=DNX0qGtIB6YVPq8ep-KBhA&heading=182.0625&pitch=-11.9375
tr0049,santiago-chile,24934,santiago-chile:24934,ezdmtRhRrG7tQBmWqlMIdw,tagged_trusted,mid,12.16,11.6,-0.275,2025-10-22,2024-05,missing tactile warning;narrow;points into traffic,2,debris / pooled water;missing tactile warning;narrow;not enough landing space;not level with street;points into traffic;steep;surface problem,,jonfroehlich,true,https://sidewalk-santiago.cs.washington.edu/gallery?labelType=CurbRamp&labelId=24934,https://sidewalk-santiago.cs.washington.edu/labelMap?labelId=24934,https://www.google.com/maps/@?api=1&map_action=pano&pano=ezdmtRhRrG7tQBmWqlMIdw&heading=240.1448211669922&pitch=-12.573660850524902
tr0050,gainesville-fl,25232,gainesville-fl:25232,ztEmEFczgKO1K8fGFubDQw,affirmed_empty,near,18.20,7.6,0.231,2026-05-11,2024-06,,1,debris / pooled water;missing tactile warning;narrow;not enough landing space;not level with street;points into traffic;steep;surface problem,ExpertValidate,,true,https://sidewalk-gainesville.cs.washington.edu/gallery?labelType=CurbRamp&labelId=25232,https://sidewalk-gainesville.cs.washington.edu/labelMap?labelId=25232,https://www.google.com/maps/@?api=1&map_action=pano&pano=ztEmEFczgKO1K8fGFubDQw&heading=129.734375&pitch=-17.671875
tr0051,burnaby,17916,burnaby:17916,H9YV1tsGupCZ38PJRM6ozw,untagged,mid,16.20,8.6,-0.710,2024-07-20,2020-11,,1,debris / pooled water;missing tactile warning;narrow;not enough landing space;not level with street;parallel lines;points into traffic;steep;surface problem,,,true,https://sidewalk-burnaby.cs.washington.edu/gallery?labelType=CurbRamp&labelId=17916,https://sidewalk-burnaby.cs.washington.edu/labelMap?labelId=17916,https://www.google.com/maps/@?api=1&map_action=pano&pano=H9YV1tsGupCZ38PJRM6ozw&heading=116.09375&pitch=-11.544642448425293
tr0052,hackensack-nj,25349,hackensack-nj:25349,BDgmYgDnVybHOo9fLVHyUA,tagged,far,6.70,21.3,-0.016,2026-08-20,2022-03,not enough landing space,2,debris / pooled water;missing tactile warning;narrow;not enough landing space;not level with street;points into traffic;steep;surface problem,,,true,https://sidewalk-hackensack.cs.washington.edu/gallery?labelType=CurbRamp&labelId=25349,https://sidewalk-hackensack.cs.washington.edu/labelMap?labelId=25349,https://www.google.com/maps/@?api=1&map_action=pano&pano=BDgmYgDnVybHOo9fLVHyUA&heading=234.99906249999998&pitch=-5.8125
tr0053,waltham-ma,28963,waltham-ma:28963,hBY8t6DDRqrtj7kUltGaaQ,untagged,far,4.36,32.8,-0.277,2026-07-30,2023-10,,1,debris / pooled water;missing tactile warning;narrow;not enough landing space;not level with street;points into traffic;steep;surface problem,,,true,https://sidewalk-waltham.cs.washington.edu/gallery?labelType=CurbRamp&labelId=28963,https://sidewalk-waltham.cs.washington.edu/labelMap?labelId=28963,https://www.google.com/maps/@?api=1&map_action=pano&pano=hBY8t6DDRqrtj7kUltGaaQ&heading=170.375&pitch=-11.15625
tr0054,hackensack-nj,25430,hackensack-nj:25430,L2Wlx7PHKprUBfX5KfO7mg,tagged,far,7.47,19.1,-0.001,2026-08-20,2024-09,not enough landing space,2,debris / pooled water;missing tactile warning;narrow;not enough landing space;not level with street;points into traffic;steep;surface problem,,,true,https://sidewalk-hackensack.cs.washington.edu/gallery?labelType=CurbRamp&labelId=25430,https://sidewalk-hackensack.cs.washington.edu/labelMap?labelId=25430,https://www.google.com/maps/@?api=1&map_action=pano&pano=L2Wlx7PHKprUBfX5KfO7mg&heading=225.2500000000001&pitch=-8.281249999999998
tr0055,danville-il,24933,danville-il:24933,KVtK3gUSRaXcH16FPSlp1A,tagged_trusted,near,20.02,6.9,1.118,2025-01-16,2023-05,missing tactile warning,1,debris / pooled water;missing tactile warning;narrow;not enough landing space;not level with street;points into traffic;steep;surface problem,,mikey,true,https://sidewalk-danville.cs.washington.edu/gallery?labelType=CurbRamp&labelId=24933,https://sidewalk-danville.cs.washington.edu/labelMap?labelId=24933,https://www.google.com/maps/@?api=1&map_action=pano&pano=KVtK3gUSRaXcH16FPSlp1A&heading=63.76116180419922&pitch=-21.23214340209961
tr0056,new-taipei,3183,new-taipei:3183,33J_fgut-DPswKjYJxq1iQ,tagged,far,9.40,15.1,0.866,2023-10-19,2022-06,narrow;surface problem,1,debris / pooled water;missing tactile warning;narrow;not aligned with crosswalk;not enough landing space;not level with street;points into traffic;steep;surface problem,,,true,https://sidewalk-new-taipei.cs.washington.edu/gallery?labelType=CurbRamp&labelId=3183,https://sidewalk-new-taipei.cs.washington.edu/labelMap?labelId=3183,https://www.google.com/maps/@?api=1&map_action=pano&pano=33J_fgut-DPswKjYJxq1iQ&heading=184.625&pitch=-13.1875
tr0057,walla-walla,1213,walla-walla:1213,gViZfJqKq1OZVOV7nqbfUw,tagged_trusted,far,6.66,21.4,0.520,2023-12-14,2019-10,surface problem,1,debris / pooled water;missing tactile warning;narrow;not enough landing space;not level with street;points into traffic;steep;surface problem,ExternalTagValidationASSETS2024,jonfroehlich,true,https://sidewalk-walla-walla.cs.washington.edu/gallery?labelType=CurbRamp&labelId=1213,https://sidewalk-walla-walla.cs.washington.edu/labelMap?labelId=1213,https://www.google.com/maps/@?api=1&map_action=pano&pano=gViZfJqKq1OZVOV7nqbfUw&heading=101.70758819580078&pitch=-7.21875
tr0058,columbia,51919,columbia:51919,sEdFfMfcBQCenbVnrEGu9g,tagged,mid,11.99,11.8,-1.036,2025-07-18,2017-03,missing tactile warning;narrow;points into traffic,3,debris / pooled water;missing tactile warning;narrow;not enough landing space;not level with street;points into traffic;steep;surface problem,,,true,https://sidewalk-columbia.cs.washington.edu/gallery?labelType=CurbRamp&labelId=51919,https://sidewalk-columbia.cs.washington.edu/labelMap?labelId=51919,https://www.google.com/maps/@?api=1&map_action=pano&pano=sEdFfMfcBQCenbVnrEGu9g&heading=181.80357360839844&pitch=-13.196428298950195
tr0059,cliffside-park-nj,25651,cliffside-park-nj:25651,QwvlEwa6PXIhoSLjaNYdqg,tagged,mid,14.70,9.5,-0.617,2025-05-15,2022-11,missing tactile warning;not enough landing space;surface problem,3,debris / pooled water;missing tactile warning;narrow;not enough landing space;not level with street;points into traffic;steep;surface problem,,,true,https://sidewalk-cliffside-park.cs.washington.edu/gallery?labelType=CurbRamp&labelId=25651,https://sidewalk-cliffside-park.cs.washington.edu/labelMap?labelId=25651,https://www.google.com/maps/@?api=1&map_action=pano&pano=QwvlEwa6PXIhoSLjaNYdqg&heading=30.1825008392334&pitch=-30.497499465942383
tr0060,columbus-oh,38883,columbus-oh:38883,QXsp8nem1jSQoJ7PdnZEcQ,affirmed_empty,near,25.09,5.3,-0.960,2023-11-15,2021-06,,1,debris / pooled water;missing tactile warning;narrow;not enough landing space;not level with street;points into traffic;steep;surface problem,ExternalTagValidationASSETS2024,,true,https://sidewalk-columbus.cs.washington.edu/gallery?labelType=CurbRamp&labelId=38883,https://sidewalk-columbus.cs.washington.edu/labelMap?labelId=38883,https://www.google.com/maps/@?api=1&map_action=pano&pano=QXsp8nem1jSQoJ7PdnZEcQ&heading=34.8125&pitch=-33.5
tr0061,pittsburgh-pa,24857,pittsburgh-pa:24857,jPRdIAW_9gqAc99yENEFKQ,untagged,near,21.77,6.3,3.846,2024-10-04,2021-08,,1,debris / pooled water;missing tactile warning;narrow;not enough landing space;not level with street;points into traffic;steep;surface problem,,,true,https://sidewalk-pittsburgh.cs.washington.edu/gallery?labelType=CurbRamp&labelId=24857,https://sidewalk-pittsburgh.cs.washington.edu/labelMap?labelId=24857,https://www.google.com/maps/@?api=1&map_action=pano&pano=jPRdIAW_9gqAc99yENEFKQ&heading=245.36607360839844&pitch=-25.660715103149414
tr0062,sao-paulo-brazil,25235,sao-paulo-brazil:25235,zL0tsc0CrgpgYg19tn2BDA,untagged,mid,15.43,9.1,0.476,2026-07-02,2025-01,,2,debris / pooled water;missing tactile warning;narrow;not enough landing space;not level with street;points into traffic;steep;surface problem,,,true,https://sidewalk-sao-paulo.cs.washington.edu/gallery?labelType=CurbRamp&labelId=25235,https://sidewalk-sao-paulo.cs.washington.edu/labelMap?labelId=25235,https://www.google.com/maps/@?api=1&map_action=pano&pano=zL0tsc0CrgpgYg19tn2BDA&heading=76.54593749999998&pitch=-19.859375
tr0063,chicago-il,161010,chicago-il:161010,3lVgY5E6A4u4EgA0TCWy8A,tagged_trusted,far,6.39,22.3,-0.917,2025-11-17,2018-07,points into traffic,1,debris / pooled water;missing tactile warning;narrow;not enough landing space;not level with street;points into traffic;steep;surface problem,,jonfroehlich,true,https://sidewalk-chicago.cs.washington.edu/gallery?labelType=CurbRamp&labelId=161010,https://sidewalk-chicago.cs.washington.edu/labelMap?labelId=161010,https://www.google.com/maps/@?api=1&map_action=pano&pano=3lVgY5E6A4u4EgA0TCWy8A&heading=24.323749542236328&pitch=-4.721875190734863
tr0064,cdmx,60886,cdmx:60886,ThGxtTE7QBy_0_cLP5FLLA,tagged,far,8.03,17.7,-0.188,2024-08-14,2022-07,debris / pooled water,1,debris / pooled water;missing tactile warning;narrow;not enough landing space;not level with street;points into traffic;steep;surface problem,,,true,https://sidewalk-cdmx.cs.washington.edu/gallery?labelType=CurbRamp&labelId=60886,https://sidewalk-cdmx.cs.washington.edu/labelMap?labelId=60886,https://www.google.com/maps/@?api=1&map_action=pano&pano=ThGxtTE7QBy_0_cLP5FLLA&heading=167.5625&pitch=-32.5625
tr0065,paterson-nj,37108,paterson-nj:37108,IZBSpYHN1TaXprSs7Cy1lA,affirmed_empty,far,7.60,18.7,-1.095,2026-02-25,2025-08,,1,debris / pooled water;missing tactile warning;narrow;not enough landing space;not level with street;points into traffic;steep;surface problem,ExpertValidate,,true,https://sidewalk-paterson.cs.washington.edu/gallery?labelType=CurbRamp&labelId=37108,https://sidewalk-paterson.cs.washington.edu/labelMap?labelId=37108,https://www.google.com/maps/@?api=1&map_action=pano&pano=IZBSpYHN1TaXprSs7Cy1lA&heading=45.84375&pitch=-12.451250076293945
tr0066,mendota-il,1284,mendota-il:1284,ye0L5sV4MioOJ0eqI0hBJw,tagged,mid,12.89,10.9,-0.107,2024-10-21,2022-11,missing tactile warning;not enough landing space;not level with street,2,debris / pooled water;missing tactile warning;narrow;not enough landing space;not level with street;points into traffic;steep;surface problem,ExpertValidate,,true,https://sidewalk-mendota.cs.washington.edu/gallery?labelType=CurbRamp&labelId=1284,https://sidewalk-mendota.cs.washington.edu/labelMap?labelId=1284,https://www.google.com/maps/@?api=1&map_action=pano&pano=ye0L5sV4MioOJ0eqI0hBJw&heading=140.875&pitch=-22.48214340209961
tr0067,cliffside-park-nj,25400,cliffside-park-nj:25400,ZBD5e5lXFBzlxuaS1KZ6Ig,tagged,near,17.59,7.9,-0.495,2025-05-15,2024-09,not enough landing space;points into traffic,2,debris / pooled water;missing tactile warning;narrow;not enough landing space;not level with street;points into traffic;steep;surface problem,,,true,https://sidewalk-cliffside-park.cs.washington.edu/gallery?labelType=CurbRamp&labelId=25400,https://sidewalk-cliffside-park.cs.washington.edu/labelMap?labelId=25400,https://www.google.com/maps/@?api=1&map_action=pano&pano=ZBD5e5lXFBzlxuaS1KZ6Ig&heading=302.2366027832031&pitch=-19.25
tr0068,pittsburgh-pa,28171,pittsburgh-pa:28171,Cj6IyVJRkGUsGD7vOP2ybw,tagged,far,7.77,18.3,1.988,2025-04-14,2016-06,narrow,1,debris / pooled water;missing tactile warning;narrow;not enough landing space;not level with street;points into traffic;steep;surface problem,,,true,https://sidewalk-pittsburgh.cs.washington.edu/gallery?labelType=CurbRamp&labelId=28171,https://sidewalk-pittsburgh.cs.washington.edu/labelMap?labelId=28171,https://www.google.com/maps/@?api=1&map_action=pano&pano=Cj6IyVJRkGUsGD7vOP2ybw&heading=49.6875&pitch=-9.515625
tr0069,cliffside-park-nj,26095,cliffside-park-nj:26095,pPhtFO8xaZkUzNELnafgcQ,untagged,far,9.18,15.5,-1.866,2025-06-12,2022-11,,1,debris / pooled water;missing tactile warning;narrow;not enough landing space;not level with street;points into traffic;steep;surface problem,,,true,https://sidewalk-cliffside-park.cs.washington.edu/gallery?labelType=CurbRamp&labelId=26095,https://sidewalk-cliffside-park.cs.washington.edu/labelMap?labelId=26095,https://www.google.com/maps/@?api=1&map_action=pano&pano=pPhtFO8xaZkUzNELnafgcQ&heading=284.625&pitch=-26.0
tr0070,seattle-wa,314609,seattle-wa:314609,TRP2dFsVXIeIc-4_S5nPnA,affirmed_empty,near,22.99,5.9,-0.823,2026-03-24,2025-08,,1,debris / pooled water;missing tactile warning;narrow;not enough landing space;not level with street;points into traffic;steep;surface problem,ExpertValidate,,true,https://sidewalk-sea.cs.washington.edu/gallery?labelType=CurbRamp&labelId=314609,https://sidewalk-sea.cs.washington.edu/labelMap?labelId=314609,https://www.google.com/maps/@?api=1&map_action=pano&pano=TRP2dFsVXIeIc-4_S5nPnA&heading=338.4375&pitch=-28.3125
tr0071,mendota-il,38,mendota-il:38,GjE5a8dyzUZkGmgCQubBEQ,tagged_trusted,near,17.56,7.9,-0.463,2024-09-10,2022-11,debris / pooled water;missing tactile warning,2,debris / pooled water;missing tactile warning;narrow;not enough landing space;not level with street;points into traffic;steep;surface problem,,mikey,true,https://sidewalk-mendota.cs.washington.edu/gallery?labelType=CurbRamp&labelId=38,https://sidewalk-mendota.cs.washington.edu/labelMap?labelId=38,https://www.google.com/maps/@?api=1&map_action=pano&pano=GjE5a8dyzUZkGmgCQubBEQ&heading=224.5892791748047&pitch=-19.129465103149414
tr0072,pittsburgh-pa,26341,pittsburgh-pa:26341,IOxzfqQxaYSE2iKioCIuBw,tagged,mid,15.40,9.1,0.287,2025-02-13,2024-10,not level with street;steep,1,debris / pooled water;missing tactile warning;narrow;not enough landing space;not level with street;points into traffic;steep;surface problem,,,true,https://sidewalk-pittsburgh.cs.washington.edu/gallery?labelType=CurbRamp&labelId=26341,https://sidewalk-pittsburgh.cs.washington.edu/labelMap?labelId=26341,https://www.google.com/maps/@?api=1&map_action=pano&pano=IOxzfqQxaYSE2iKioCIuBw&heading=331.34820556640625&pitch=-20.625
tr0073,oradell-nj,15731,oradell-nj:15731,k7oCji0jDLMnwhP6dXlR4g,tagged,far,5.55,25.7,-0.299,2025-07-23,2022-12,not level with street,,debris / pooled water;missing tactile warning;narrow;not enough landing space;not level with street;points into traffic;steep;surface problem,,,true,https://sidewalk-oradell.cs.washington.edu/gallery?labelType=CurbRamp&labelId=15731,https://sidewalk-oradell.cs.washington.edu/labelMap?labelId=15731,https://www.google.com/maps/@?api=1&map_action=pano&pano=k7oCji0jDLMnwhP6dXlR4g&heading=288.75445556640625&pitch=0.0
tr0074,st-louis-mo,2930,st-louis-mo:2930,eqo_NMUtgVBfT_bDF1Li-A,affirmed_empty,mid,11.22,12.6,0.599,2024-05-06,2022-06,,1,debris / pooled water;missing tactile warning;narrow;not enough landing space;not level with street;points into traffic;steep;surface problem,ExpertValidate,,true,https://sidewalk-st-louis.cs.washington.edu/gallery?labelType=CurbRamp&labelId=2930,https://sidewalk-st-louis.cs.washington.edu/labelMap?labelId=2930,https://www.google.com/maps/@?api=1&map_action=pano&pano=eqo_NMUtgVBfT_bDF1Li-A&heading=161.6763458251953&pitch=-13.116071701049805
tr0075,st-louis-mo,16172,st-louis-mo:16172,jA3AMfEN1Hu4aOdJZdtAzQ,affirmed_empty,mid,9.53,14.9,0.274,2024-08-12,2022-08,,1,debris / pooled water;missing tactile warning;narrow;not enough landing space;not level with street;points into traffic;steep;surface problem,ExpertValidate,,true,https://sidewalk-st-louis.cs.washington.edu/gallery?labelType=CurbRamp&labelId=16172,https://sidewalk-st-louis.cs.washington.edu/labelMap?labelId=16172,https://www.google.com/maps/@?api=1&map_action=pano&pano=jA3AMfEN1Hu4aOdJZdtAzQ&heading=207.5825958251953&pitch=-20.698659896850586
tr0076,detroit-mi,27508,detroit-mi:27508,OttOVbKbbLZj6XgCKRUVLQ,untagged,far,7.70,18.5,0.603,2026-09-17,2024-09,,2,debris / pooled water;missing tactile warning;narrow;not enough landing space;not level with street;points into traffic;steep;surface problem,,,true,https://sidewalk-detroit.cs.washington.edu/gallery?labelType=CurbRamp&labelId=27508,https://sidewalk-detroit.cs.washington.edu/labelMap?labelId=27508,https://www.google.com/maps/@?api=1&map_action=pano&pano=OttOVbKbbLZj6XgCKRUVLQ&heading=60.874062499999994&pitch=0.0
tr0077,seattle-wa,271164,seattle-wa:271164,y14rgxjfodxV51m87kU9iA,untagged,near,22.35,6.1,-0.360,2023-11-06,2023-02,,1,debris / pooled water;missing tactile warning;narrow;not enough landing space;not level with street;points into traffic;steep;surface problem,,,true,https://sidewalk-sea.cs.washington.edu/gallery?labelType=CurbRamp&labelId=271164,https://sidewalk-sea.cs.washington.edu/labelMap?labelId=271164,https://www.google.com/maps/@?api=1&map_action=pano&pano=y14rgxjfodxV51m87kU9iA&heading=188.375&pitch=-19.8125
tr0078,waltham-ma,28993,waltham-ma:28993,6S5Ijf8-rZ_doaF5dYARJw,tagged,near,17.57,7.9,-0.634,2026-07-30,2022-09,missing tactile warning;not level with street,3,debris / pooled water;missing tactile warning;narrow;not enough landing space;not level with street;points into traffic;steep;surface problem,,,true,https://sidewalk-waltham.cs.washington.edu/gallery?labelType=CurbRamp&labelId=28993,https://sidewalk-waltham.cs.washington.edu/labelMap?labelId=28993,https://www.google.com/maps/@?api=1&map_action=pano&pano=6S5Ijf8-rZ_doaF5dYARJw&heading=285.96875&pitch=-35.0
tr0079,fort-wayne-in,25430,fort-wayne-in:25430,JmI2b_X2IoMRBsSDgaTj9A,tagged,far,4.88,29.3,1.225,2026-03-12,2023-08,debris / pooled water,1,debris / pooled water;missing tactile warning;narrow;not enough landing space;not level with street;points into traffic;steep;surface problem,,,true,https://sidewalk-fort-wayne.cs.washington.edu/gallery?labelType=CurbRamp&labelId=25430,https://sidewalk-fort-wayne.cs.washington.edu/labelMap?labelId=25430,https://www.google.com/maps/@?api=1&map_action=pano&pano=JmI2b_X2IoMRBsSDgaTj9A&heading=8.625&pitch=-5.765625
tr0080,knox-oh,29717,knox-oh:29717,PK5D7xQxMcop_iZ2K_dZsA,untagged,far,9.00,15.8,1.591,2025-04-26,2023-05,,1,debris / pooled water;missing tactile warning;narrow;not enough landing space;not level with street;points into traffic;steep;surface problem,,,true,https://sidewalk-knox.cs.washington.edu/gallery?labelType=CurbRamp&labelId=29717,https://sidewalk-knox.cs.washington.edu/labelMap?labelId=29717,https://www.google.com/maps/@?api=1&map_action=pano&pano=PK5D7xQxMcop_iZ2K_dZsA&heading=320.6071472167969&pitch=-0.3571428656578064
tr0081,danville-il,28124,danville-il:28124,6AGTOPH3zqoIQblI4V9JIw,affirmed_empty,far,7.53,18.9,1.058,2025-11-21,2023-09,,1,debris / pooled water;missing tactile warning;narrow;not enough landing space;not level with street;points into traffic;steep;surface problem,ExpertValidate,,true,https://sidewalk-danville.cs.washington.edu/gallery?labelType=CurbRamp&labelId=28124,https://sidewalk-danville.cs.washington.edu/labelMap?labelId=28124,https://www.google.com/maps/@?api=1&map_action=pano&pano=6AGTOPH3zqoIQblI4V9JIw&heading=112.1875&pitch=-30.5
tr0082,walla-walla,1505,walla-walla:1505,RS-QRjoyH9OZXm96cqEsaA,untagged,far,8.49,16.7,0.759,2024-03-14,2022-09,,1,debris / pooled water;missing tactile warning;narrow;not enough landing space;not level with street;points into traffic;steep;surface problem,,,true,https://sidewalk-walla-walla.cs.washington.edu/gallery?labelType=CurbRamp&labelId=1505,https://sidewalk-walla-walla.cs.washington.edu/labelMap?labelId=1505,https://www.google.com/maps/@?api=1&map_action=pano&pano=RS-QRjoyH9OZXm96cqEsaA&heading=82.99107360839844&pitch=-2.90625
tr0083,waltham-ma,27021,waltham-ma:27021,a8kQaInVjxZshVCGR6xprA,untagged,far,8.69,16.4,0.126,2026-05-19,2022-08,,1,debris / pooled water;missing tactile warning;narrow;not enough landing space;not level with street;points into traffic;steep;surface problem,,,true,https://sidewalk-waltham.cs.washington.edu/gallery?labelType=CurbRamp&labelId=27021,https://sidewalk-waltham.cs.washington.edu/labelMap?labelId=27021,https://www.google.com/maps/@?api=1&map_action=pano&pano=a8kQaInVjxZshVCGR6xprA&heading=212.4375&pitch=-16.25
tr0084,kaohsiung,91076,kaohsiung:91076,P7HGFyxStFmjbRwhCoHAXQ,tagged,far,7.27,19.6,0.688,2025-10-17,2024-08,not aligned with crosswalk,1,debris / pooled water;missing tactile warning;narrow;not aligned with crosswalk;not enough landing space;not level with street;points into traffic;steep;surface problem,,,true,https://sidewalk-kaohsiung.cs.washington.edu/gallery?labelType=CurbRamp&labelId=91076,https://sidewalk-kaohsiung.cs.washington.edu/labelMap?labelId=91076,https://www.google.com/maps/@?api=1&map_action=pano&pano=P7HGFyxStFmjbRwhCoHAXQ&heading=318.8125&pitch=-11.75
tr0085,fort-wayne-in,25448,fort-wayne-in:25448,NU7frv6VANwhUhfR8swAAw,tagged,far,9.35,15.2,-0.032,2026-03-12,2022-09,missing tactile warning;narrow;surface problem,2,debris / pooled water;missing tactile warning;narrow;not enough landing space;not level with street;points into traffic;steep;surface problem,ExpertValidate,,true,https://sidewalk-fort-wayne.cs.washington.edu/gallery?labelType=CurbRamp&labelId=25448,https://sidewalk-fort-wayne.cs.washington.edu/labelMap?labelId=25448,https://www.google.com/maps/@?api=1&map_action=pano&pano=NU7frv6VANwhUhfR8swAAw&heading=249.4512481689453&pitch=-10.640625
tr0086,gainesville-fl,30575,gainesville-fl:30575,wStvAPa0p5m3jZ4kw9j4gg,untagged,far,5.79,24.6,2.974,2026-06-14,2026-02,,1,debris / pooled water;missing tactile warning;narrow;not enough landing space;not level with street;points into traffic;steep;surface problem,,,true,https://sidewalk-gainesville.cs.washington.edu/gallery?labelType=CurbRamp&labelId=30575,https://sidewalk-gainesville.cs.washington.edu/labelMap?labelId=30575,https://www.google.com/maps/@?api=1&map_action=pano&pano=wStvAPa0p5m3jZ4kw9j4gg&heading=237.25&pitch=-9.40625
tr0087,tucson-az,30009,tucson-az:30009,rAQ0pOiGF7CA2vunZjmi2g,untagged,mid,15.63,8.9,-0.385,2026-04-29,2024-07,,1,debris / pooled water;missing tactile warning;narrow;not enough landing space;not level with street;points into traffic;steep;surface problem,,,true,https://sidewalk-tucson.cs.washington.edu/gallery?labelType=CurbRamp&labelId=30009,https://sidewalk-tucson.cs.washington.edu/labelMap?labelId=30009,https://www.google.com/maps/@?api=1&map_action=pano&pano=rAQ0pOiGF7CA2vunZjmi2g&heading=359.90625&pitch=-31.25
tr0088,st-louis-mo,24513,st-louis-mo:24513,7MOktT8rNHgj9uDkTAuLqQ,affirmed_empty,mid,10.66,13.3,0.921,2024-10-23,2022-02,,1,debris / pooled water;missing tactile warning;narrow;not enough landing space;not level with street;points into traffic;steep;surface problem,ExpertValidate,,true,https://sidewalk-st-louis.cs.washington.edu/gallery?labelType=CurbRamp&labelId=24513,https://sidewalk-st-louis.cs.washington.edu/labelMap?labelId=24513,https://www.google.com/maps/@?api=1&map_action=pano&pano=7MOktT8rNHgj9uDkTAuLqQ&heading=272.5625&pitch=-34.25
tr0089,burnaby,15893,burnaby:15893,dF-EkNavyqMX_LB80zihpw,tagged,mid,16.41,8.5,-2.805,2024-07-14,2020-09,parallel lines,1,debris / pooled water;missing tactile warning;narrow;not enough landing space;not level with street;parallel lines;points into traffic;steep;surface problem,,,true,https://sidewalk-burnaby.cs.washington.edu/gallery?labelType=CurbRamp&labelId=15893,https://sidewalk-burnaby.cs.washington.edu/labelMap?labelId=15893,https://www.google.com/maps/@?api=1&map_action=pano&pano=dF-EkNavyqMX_LB80zihpw&heading=140.109375&pitch=-11.328125
tr0090,walla-walla,1222,walla-walla:1222,9a-SS9-0DYvVQzsG2uLABg,tagged_trusted,far,8.17,17.4,1.143,2023-12-14,2019-10,debris / pooled water;surface problem,1,debris / pooled water;missing tactile warning;narrow;not enough landing space;not level with street;points into traffic;steep;surface problem,ExternalTagValidationASSETS2024,jonfroehlich,true,https://sidewalk-walla-walla.cs.washington.edu/gallery?labelType=CurbRamp&labelId=1222,https://sidewalk-walla-walla.cs.washington.edu/labelMap?labelId=1222,https://www.google.com/maps/@?api=1&map_action=pano&pano=9a-SS9-0DYvVQzsG2uLABg&heading=118.06919860839844&pitch=-17.9375
tr0091,knox-oh,41344,knox-oh:41344,fHpBWkr8x0pe5O_lIkFyNQ,tagged,far,9.42,15.1,-0.761,2026-03-11,2024-07,missing tactile warning;not level with street;surface problem,2,debris / pooled water;missing tactile warning;narrow;not enough landing space;not level with street;points into traffic;steep;surface problem,,,true,https://sidewalk-knox.cs.washington.edu/gallery?labelType=CurbRamp&labelId=41344,https://sidewalk-knox.cs.washington.edu/labelMap?labelId=41344,https://www.google.com/maps/@?api=1&map_action=pano&pano=fHpBWkr8x0pe5O_lIkFyNQ&heading=357.71875&pitch=-9.796875
tr0092,west-chester,25954,west-chester:25954,cFigZMJk-4zfoyPnig4Xrg,untagged,near,19.87,6.9,0.124,2025-02-03,2024-07,,1,debris / pooled water;missing tactile warning;narrow;not enough landing space;not level with street;points into traffic;steep;surface problem,,,true,https://sidewalk-west-chester.cs.washington.edu/gallery?labelType=CurbRamp&labelId=25954,https://sidewalk-west-chester.cs.washington.edu/labelMap?labelId=25954,https://www.google.com/maps/@?api=1&map_action=pano&pano=cFigZMJk-4zfoyPnig4Xrg&heading=5.4375&pitch=-35.0
tr0093,gainesville-fl,25078,gainesville-fl:25078,EneZBjyW7g9KvZZTuvhW1w,affirmed_empty,near,17.83,7.8,-1.179,2026-05-11,2023-09,,1,debris / pooled water;missing tactile warning;narrow;not enough landing space;not level with street;points into traffic;steep;surface problem,ExpertValidate,,true,https://sidewalk-gainesville.cs.washington.edu/gallery?labelType=CurbRamp&labelId=25078,https://sidewalk-gainesville.cs.washington.edu/labelMap?labelId=25078,https://www.google.com/maps/@?api=1&map_action=pano&pano=EneZBjyW7g9KvZZTuvhW1w&heading=191.0&pitch=-11.25
tr0094,santiago-chile,25274,santiago-chile:25274,v-6oNXRIso4hKaTRTgd_NA,tagged,near,24.60,5.5,-0.784,2025-11-13,2025-02,not level with street;surface problem,2,debris / pooled water;missing tactile warning;narrow;not enough landing space;not level with street;points into traffic;steep;surface problem,,,true,https://sidewalk-santiago.cs.washington.edu/gallery?labelType=CurbRamp&labelId=25274,https://sidewalk-santiago.cs.washington.edu/labelMap?labelId=25274,https://www.google.com/maps/@?api=1&map_action=pano&pano=v-6oNXRIso4hKaTRTgd_NA&heading=146.1138458251953&pitch=-23.058034896850586
tr0095,madison-wi,25354,madison-wi:25354,mFQ6io0frVSo2pu6CmdrRA,tagged,near,17.39,8.0,0.449,2025-10-09,2025-07,points into traffic;surface problem,2,debris / pooled water;missing tactile warning;narrow;not enough landing space;not level with street;points into traffic;steep;surface problem,,,true,https://sidewalk-madison.cs.washington.edu/gallery?labelType=CurbRamp&labelId=25354,https://sidewalk-madison.cs.washington.edu/labelMap?labelId=25354,https://www.google.com/maps/@?api=1&map_action=pano&pano=mFQ6io0frVSo2pu6CmdrRA&heading=110.0&pitch=-28.25
tr0096,columbia,48807,columbia:48807,0jCnoU0Kg_eqz5IQB5So0Q,tagged,far,6.81,20.9,2.486,2025-07-10,2022-02,missing tactile warning;narrow;surface problem,2,debris / pooled water;missing tactile warning;narrow;not enough landing space;not level with street;points into traffic;steep;surface problem,,,true,https://sidewalk-columbia.cs.washington.edu/gallery?labelType=CurbRamp&labelId=48807,https://sidewalk-columbia.cs.washington.edu/labelMap?labelId=48807,https://www.google.com/maps/@?api=1&map_action=pano&pano=0jCnoU0Kg_eqz5IQB5So0Q&heading=54.75446319580078&pitch=-14.397321701049805
tr0097,seattle-wa,319472,seattle-wa:319472,6SPTe6Cz0-7s15beI2mavw,tagged,far,5.81,24.6,-0.847,2026-09-17,2025-09,not level with street,3,debris / pooled water;missing tactile warning;narrow;not enough landing space;not level with street;points into traffic;steep;surface problem,,,true,https://sidewalk-sea.cs.washington.edu/gallery?labelType=CurbRamp&labelId=319472,https://sidewalk-sea.cs.washington.edu/labelMap?labelId=319472,https://www.google.com/maps/@?api=1&map_action=pano&pano=6SPTe6Cz0-7s15beI2mavw&heading=36.092812500000036&pitch=0.0
tr0098,newberg-or,19001,newberg-or:19001,_T1_5j15Sfpm0plcAQftlg,untagged,near,18.35,7.5,-1.120,2025-05-22,2023-07,,1,debris / pooled water;missing tactile warning;narrow;not enough landing space;not level with street;points into traffic;steep;surface problem,,,true,https://sidewalk-newberg.cs.washington.edu/gallery?labelType=CurbRamp&labelId=19001,https://sidewalk-newberg.cs.washington.edu/labelMap?labelId=19001,https://www.google.com/maps/@?api=1&map_action=pano&pano=_T1_5j15Sfpm0plcAQftlg&heading=257.7053527832031&pitch=-20.1875
tr0099,seattle-wa,295047,seattle-wa:295047,y9tBvaCsbwGUgifVCDUyeg,tagged,near,40.90,2.9,-1.441,2025-02-18,2019-04,missing tactile warning;surface problem,1,debris / pooled water;missing tactile warning;narrow;not enough landing space;not level with street;points into traffic;steep;surface problem,,,true,https://sidewalk-sea.cs.washington.edu/gallery?labelType=CurbRamp&labelId=295047,https://sidewalk-sea.cs.washington.edu/labelMap?labelId=295047,https://www.google.com/maps/@?api=1&map_action=pano&pano=y9tBvaCsbwGUgifVCDUyeg&heading=43.375&pitch=-29.375
tr0100,paterson-nj,37146,paterson-nj:37146,RwF00Apn2NGBq_u4j6gx0A,untagged,far,8.77,16.2,1.167,2026-02-25,2025-10,,1,debris / pooled water;missing tactile warning;narrow;not enough landing space;not level with street;points into traffic;steep;surface problem,,,true,https://sidewalk-paterson.cs.washington.edu/gallery?labelType=CurbRamp&labelId=37146,https://sidewalk-paterson.cs.washington.edu/labelMap?labelId=37146,https://www.google.com/maps/@?api=1&map_action=pano&pano=RwF00Apn2NGBq_u4j6gx0A&heading=6.6875&pitch=-32.1875
tr0101,tucson-az,28779,tucson-az:28779,ar5Ezme7BaJbxaJ61raNAw,tagged_trusted,far,9.01,15.8,0.589,2025-12-03,2025-01,narrow,,debris / pooled water;missing tactile warning;narrow;not enough landing space;not level with street;points into traffic;steep;surface problem,,jonfroehlich,true,https://sidewalk-tucson.cs.washington.edu/gallery?labelType=CurbRamp&labelId=28779,https://sidewalk-tucson.cs.washington.edu/labelMap?labelId=28779,https://www.google.com/maps/@?api=1&map_action=pano&pano=ar5Ezme7BaJbxaJ61raNAw&heading=287.2120666503906&pitch=-12.178571701049805
tr0102,madison-wi,25949,madison-wi:25949,-mas6ryuel0umAKzgxA0tQ,untagged,mid,14.61,9.6,-0.196,2026-07-25,2017-07,,2,debris / pooled water;missing tactile warning;narrow;not enough landing space;not level with street;points into traffic;steep;surface problem,,,true,https://sidewalk-madison.cs.washington.edu/gallery?labelType=CurbRamp&labelId=25949,https://sidewalk-madison.cs.washington.edu/labelMap?labelId=25949,https://www.google.com/maps/@?api=1&map_action=pano&pano=-mas6ryuel0umAKzgxA0tQ&heading=306.0&pitch=-27.6875
tr0103,knox-oh,29597,knox-oh:29597,BPmgPfbW0Ql5C3TaE-N9aQ,affirmed_empty,mid,9.59,14.8,-0.778,2025-04-26,2023-05,,1,debris / pooled water;missing tactile warning;narrow;not enough landing space;not level with street;points into traffic;steep;surface problem,ExpertValidate,,true,https://sidewalk-knox.cs.washington.edu/gallery?labelType=CurbRamp&labelId=29597,https://sidewalk-knox.cs.washington.edu/labelMap?labelId=29597,https://www.google.com/maps/@?api=1&map_action=pano&pano=BPmgPfbW0Ql5C3TaE-N9aQ&heading=68.3812484741211&pitch=-3.890625
tr0104,mendota-il,3891,mendota-il:3891,Y-kj2Cc0aKoPETTMIUa0KQ,untagged,far,5.53,25.8,1.131,2024-10-23,2023-08,,1,debris / pooled water;missing tactile warning;narrow;not enough landing space;not level with street;points into traffic;steep;surface problem,,,true,https://sidewalk-mendota.cs.washington.edu/gallery?labelType=CurbRamp&labelId=3891,https://sidewalk-mendota.cs.washington.edu/labelMap?labelId=3891,https://www.google.com/maps/@?api=1&map_action=pano&pano=Y-kj2Cc0aKoPETTMIUa0KQ&heading=357.25&pitch=-27.125
tr0105,walla-walla,1200,walla-walla:1200,nMQnbXl4fXl5yI2p4EfVPQ,affirmed_empty,near,28.01,4.7,1.240,2023-12-14,2019-10,,1,debris / pooled water;missing tactile warning;narrow;not enough landing space;not level with street;points into traffic;steep;surface problem,ExternalTagValidationASSETS2024,jonfroehlich,true,https://sidewalk-walla-walla.cs.washington.edu/gallery?labelType=CurbRamp&labelId=1200,https://sidewalk-walla-walla.cs.washington.edu/labelMap?labelId=1200,https://www.google.com/maps/@?api=1&map_action=pano&pano=nMQnbXl4fXl5yI2p4EfVPQ&heading=149.7857208251953&pitch=-31.4375
tr0106,tucson-az,26028,tucson-az:26028,PU55ztAvsOECBUVivlsUXA,tagged,mid,12.46,11.3,-1.140,2025-11-24,2025-01,missing tactile warning;surface problem,2,debris / pooled water;missing tactile warning;narrow;not enough landing space;not level with street;points into traffic;steep;surface problem,,,true,https://sidewalk-tucson.cs.washington.edu/gallery?labelType=CurbRamp&labelId=26028,https://sidewalk-tucson.cs.washington.edu/labelMap?labelId=26028,https://www.google.com/maps/@?api=1&map_action=pano&pano=PU55ztAvsOECBUVivlsUXA&heading=46.79464340209961&pitch=-13.390625
tr0107,rancagua-chile,24939,rancagua-chile:24939,AA7JATobFEmXtgbYwJRYqA,tagged_trusted,mid,13.52,10.4,-0.692,2025-09-05,2025-03,missing tactile warning;surface problem,2,debris / pooled water;missing tactile warning;narrow;not enough landing space;not level with street;points into traffic;steep;surface problem,,jonfroehlich,true,https://sidewalk-rancagua.cs.washington.edu/gallery?labelType=CurbRamp&labelId=24939,https://sidewalk-rancagua.cs.washington.edu/labelMap?labelId=24939,https://www.google.com/maps/@?api=1&map_action=pano&pano=AA7JATobFEmXtgbYwJRYqA&heading=26.950624465942383&pitch=-12.5756254196167
tr0108,tucson-az,25784,tucson-az:25784,qqQHsjg0czTj1ozWodLYiA,untagged,mid,9.82,14.4,-0.502,2025-11-24,2025-01,,1,debris / pooled water;missing tactile warning;narrow;not enough landing space;not level with street;points into traffic;steep;surface problem,,,true,https://sidewalk-tucson.cs.washington.edu/gallery?labelType=CurbRamp&labelId=25784,https://sidewalk-tucson.cs.washington.edu/labelMap?labelId=25784,https://www.google.com/maps/@?api=1&map_action=pano&pano=qqQHsjg0czTj1ozWodLYiA&heading=51.25&pitch=-31.0625
tr0109,columbia,36177,columbia:36177,bSDK0qkHSHd8iFjXm9wn0Q,tagged,mid,13.49,10.4,-1.299,2025-06-21,2023-04,not enough landing space;points into traffic,1,debris / pooled water;missing tactile warning;narrow;not enough landing space;not level with street;points into traffic;steep;surface problem,,,true,https://sidewalk-columbia.cs.washington.edu/gallery?labelType=CurbRamp&labelId=36177,https://sidewalk-columbia.cs.washington.edu/labelMap?labelId=36177,https://www.google.com/maps/@?api=1&map_action=pano&pano=bSDK0qkHSHd8iFjXm9wn0Q&heading=260.09375&pitch=-14.75
tr0110,rancagua-chile,24952,rancagua-chile:24952,UYczbcqwU_bfooVhsLTaVw,tagged_trusted,near,17.76,7.8,-0.773,2025-09-05,2025-03,missing tactile warning;surface problem,2,debris / pooled water;missing tactile warning;narrow;not enough landing space;not level with street;points into traffic;steep;surface problem,,jonfroehlich,true,https://sidewalk-rancagua.cs.washington.edu/gallery?labelType=CurbRamp&labelId=24952,https://sidewalk-rancagua.cs.washington.edu/labelMap?labelId=24952,https://www.google.com/maps/@?api=1&map_action=pano&pano=UYczbcqwU_bfooVhsLTaVw&heading=356.8035583496094&pitch=-20.231874465942383
tr0111,fort-wayne-in,25249,fort-wayne-in:25249,LskbGzDZgXx1kLsHcg8gpQ,affirmed_empty,near,27.07,4.9,-0.632,2026-03-12,2023-08,,1,debris / pooled water;missing tactile warning;narrow;not enough landing space;not level with street;points into traffic;steep;surface problem,ExpertValidate,,true,https://sidewalk-fort-wayne.cs.washington.edu/gallery?labelType=CurbRamp&labelId=25249,https://sidewalk-fort-wayne.cs.washington.edu/labelMap?labelId=25249,https://www.google.com/maps/@?api=1&map_action=pano&pano=LskbGzDZgXx1kLsHcg8gpQ&heading=307.53125&pitch=-29.0
tr0112,tucson-az,25068,tucson-az:25068,x9yNan1N7GgduukgPFiPwg,tagged_trusted,mid,15.48,9.0,-0.957,2025-11-22,2025-01,debris / pooled water;missing tactile warning;surface problem,3,debris / pooled water;missing tactile warning;narrow;not enough landing space;not level with street;points into traffic;steep;surface problem,,jonfroehlich,true,https://sidewalk-tucson.cs.washington.edu/gallery?labelType=CurbRamp&labelId=25068,https://sidewalk-tucson.cs.washington.edu/labelMap?labelId=25068,https://www.google.com/maps/@?api=1&map_action=pano&pano=x9yNan1N7GgduukgPFiPwg&heading=326.4084777832031&pitch=-18.566965103149414
tr0113,rancagua-chile,26524,rancagua-chile:26524,JOjTQprf2pxK3OkApGI9jA,untagged,far,8.95,15.9,0.173,2025-10-17,2025-05,,1,debris / pooled water;missing tactile warning;narrow;not enough landing space;not level with street;points into traffic;steep;surface problem,,,true,https://sidewalk-rancagua.cs.washington.edu/gallery?labelType=CurbRamp&labelId=26524,https://sidewalk-rancagua.cs.washington.edu/labelMap?labelId=26524,https://www.google.com/maps/@?api=1&map_action=pano&pano=JOjTQprf2pxK3OkApGI9jA&heading=12.328125&pitch=-8.046875
tr0114,mendota-il,5291,mendota-il:5291,MMfyU_y5lxINfOhhJ2Ko5g,affirmed_empty,far,7.15,19.9,0.039,2024-10-24,2023-08,,1,debris / pooled water;missing tactile warning;narrow;not enough landing space;not level with street;points into traffic;steep;surface problem,ExpertValidate,,true,https://sidewalk-mendota.cs.washington.edu/gallery?labelType=CurbRamp&labelId=5291,https://sidewalk-mendota.cs.washington.edu/labelMap?labelId=5291,https://www.google.com/maps/@?api=1&map_action=pano&pano=MMfyU_y5lxINfOhhJ2Ko5g&heading=356.0&pitch=-10.0
tr0115,cdmx,69645,cdmx:69645,BBp8poF8bCEUW1hOzVIncw,tagged,mid,11.67,12.1,1.948,2025-04-22,2024-10,surface problem,2,debris / pooled water;missing tactile warning;narrow;not enough landing space;not level with street;points into traffic;steep;surface problem,,,true,https://sidewalk-cdmx.cs.washington.edu/gallery?labelType=CurbRamp&labelId=69645,https://sidewalk-cdmx.cs.washington.edu/labelMap?labelId=69645,https://www.google.com/maps/@?api=1&map_action=pano&pano=BBp8poF8bCEUW1hOzVIncw&heading=227.36607360839844&pitch=-28.0625
tr0116,walla-walla,376,walla-walla:376,BWDxO4NgUU5D9oL_1mGY5A,affirmed_empty,mid,11.09,12.8,-0.341,2023-10-13,2023-08,,1,debris / pooled water;missing tactile warning;narrow;not enough landing space;not level with street;points into traffic;steep;surface problem,ExternalTagValidationASSETS2024,,true,https://sidewalk-walla-walla.cs.washington.edu/gallery?labelType=CurbRamp&labelId=376,https://sidewalk-walla-walla.cs.washington.edu/labelMap?labelId=376,https://www.google.com/maps/@?api=1&map_action=pano&pano=BWDxO4NgUU5D9oL_1mGY5A&heading=117.20536041259766&pitch=-14.46875
tr0117,madison-wi,25785,madison-wi:25785,ILRMXaKaWLJut5GONgOy5g,tagged,far,6.98,20.4,1.374,2026-03-12,2025-07,steep;surface problem,3,debris / pooled water;missing tactile warning;narrow;not enough landing space;not level with street;points into traffic;steep;surface problem,,,true,https://sidewalk-madison.cs.washington.edu/gallery?labelType=CurbRamp&labelId=25785,https://sidewalk-madison.cs.washington.edu/labelMap?labelId=25785,https://www.google.com/maps/@?api=1&map_action=pano&pano=ILRMXaKaWLJut5GONgOy5g&heading=289.640625&pitch=-9.421875
tr0118,seattle-wa,311156,seattle-wa:311156,-6MSJRvrAsenydeLBw6gCQ,untagged,mid,10.28,13.8,1.038,2026-02-10,2025-09,,1,debris / pooled water;missing tactile warning;narrow;not enough landing space;not level with street;points into traffic;steep;surface problem,,,true,https://sidewalk-sea.cs.washington.edu/gallery?labelType=CurbRamp&labelId=311156,https://sidewalk-sea.cs.washington.edu/labelMap?labelId=311156,https://www.google.com/maps/@?api=1&map_action=pano&pano=-6MSJRvrAsenydeLBw6gCQ&heading=213.8125&pitch=-21.5
tr0119,west-chester,25663,west-chester:25663,5Suzzjf7WmimirB9tD9IMg,untagged,mid,13.40,10.5,-0.722,2025-01-29,2024-07,,1,debris / pooled water;missing tactile warning;narrow;not enough landing space;not level with street;points into traffic;steep;surface problem,,,true,https://sidewalk-west-chester.cs.washington.edu/gallery?labelType=CurbRamp&labelId=25663,https://sidewalk-west-chester.cs.washington.edu/labelMap?labelId=25663,https://www.google.com/maps/@?api=1&map_action=pano&pano=5Suzzjf7WmimirB9tD9IMg&heading=91.1875&pitch=-24.5
tr0120,madison-wi,25043,madison-wi:25043,esquf83u1ex16qbVsuJLiQ,tagged,near,37.28,3.3,-0.121,2025-07-11,2011-07,not level with street,1,debris / pooled water;missing tactile warning;narrow;not enough landing space;not level with street;points into traffic;steep;surface problem,,,true,https://sidewalk-madison.cs.washington.edu/gallery?labelType=CurbRamp&labelId=25043,https://sidewalk-madison.cs.washington.edu/labelMap?labelId=25043,https://www.google.com/maps/@?api=1&map_action=pano&pano=esquf83u1ex16qbVsuJLiQ&heading=119.5&pitch=-28.0625
tr0121,new-taipei,12941,new-taipei:12941,ZGkomhB_yQwzp_kYMohicw,tagged,near,18.48,7.5,1.010,2023-10-26,2022-07,missing tactile warning;narrow;not level with street,1,debris / pooled water;missing tactile warning;narrow;not aligned with crosswalk;not enough landing space;not level with street;points into traffic;steep;surface problem,,,true,https://sidewalk-new-taipei.cs.washington.edu/gallery?labelType=CurbRamp&labelId=12941,https://sidewalk-new-taipei.cs.washington.edu/labelMap?labelId=12941,https://www.google.com/maps/@?api=1&map_action=pano&pano=ZGkomhB_yQwzp_kYMohicw&heading=302.9375&pitch=-19.901784896850586
tr0122,walla-walla,472,walla-walla:472,So6mBhjbOVXKuwuCya_7mg,tagged_trusted,mid,11.25,12.6,0.195,2023-10-19,2023-07,narrow;not enough landing space,3,debris / pooled water;missing tactile warning;narrow;not enough landing space;not level with street;points into traffic;steep;surface problem,ExternalTagValidationASSETS2024,jonfroehlich,true,https://sidewalk-walla-walla.cs.washington.edu/gallery?labelType=CurbRamp&labelId=472,https://sidewalk-walla-walla.cs.washington.edu/labelMap?labelId=472,https://www.google.com/maps/@?api=1&map_action=pano&pano=So6mBhjbOVXKuwuCya_7mg&heading=252.52455139160156&pitch=-16.5
tr0123,waltham-ma,29196,waltham-ma:29196,ctIDdQK07-vE6Hf9mPIc1A,tagged,near,33.80,3.7,-5.232,2026-08-20,2023-10,not enough landing space;points into traffic,2,debris / pooled water;missing tactile warning;narrow;not enough landing space;not level with street;points into traffic;steep;surface problem,,,true,https://sidewalk-waltham.cs.washington.edu/gallery?labelType=CurbRamp&labelId=29196,https://sidewalk-waltham.cs.washington.edu/labelMap?labelId=29196,https://www.google.com/maps/@?api=1&map_action=pano&pano=ctIDdQK07-vE6Hf9mPIc1A&heading=19.311562499999994&pitch=-35.0
tr0124,oradell-nj,14115,oradell-nj:14115,XpygTrza-ZKpNGJzxnHhqw,affirmed_empty,mid,11.24,12.6,0.189,2023-12-11,2022-12,,1,debris / pooled water;missing tactile warning;narrow;not enough landing space;not level with street;points into traffic;steep;surface problem,ExternalTagValidationASSETS2024,,true,https://sidewalk-oradell.cs.washington.edu/gallery?labelType=CurbRamp&labelId=14115,https://sidewalk-oradell.cs.washington.edu/labelMap?labelId=14115,https://www.google.com/maps/@?api=1&map_action=pano&pano=XpygTrza-ZKpNGJzxnHhqw&heading=81.171875&pitch=-11.589285850524902
tr0125,keelung,8139,keelung:8139,gWi0M2V1_3adrTOli0i0DQ,tagged,mid,10.66,13.3,1.992,2024-11-02,2024-03,narrow;not level with street;steep,3,debris / pooled water;missing tactile warning;narrow;not aligned with crosswalk;not enough landing space;not level with street;points into traffic;steep;surface problem,,,true,https://sidewalk-keelung.cs.washington.edu/gallery?labelType=CurbRamp&labelId=8139,https://sidewalk-keelung.cs.washington.edu/labelMap?labelId=8139,https://www.google.com/maps/@?api=1&map_action=pano&pano=gWi0M2V1_3adrTOli0i0DQ&heading=193.0&pitch=-10.0
tr0126,pittsburgh-pa,23763,pittsburgh-pa:23763,Tpki4zWDWeXVnB93v1tmFw,tagged_trusted,mid,9.51,14.9,1.101,2024-03-09,2022-09,missing tactile warning;not enough landing space;not level with street,2,debris / pooled water;missing tactile warning;narrow;not enough landing space;not level with street;points into traffic;steep;surface problem,,jonfroehlich,true,https://sidewalk-pittsburgh.cs.washington.edu/gallery?labelType=CurbRamp&labelId=23763,https://sidewalk-pittsburgh.cs.washington.edu/labelMap?labelId=23763,https://www.google.com/maps/@?api=1&map_action=pano&pano=Tpki4zWDWeXVnB93v1tmFw&heading=343.19866943359375&pitch=-15.482142448425293
tr0127,danville-il,26877,danville-il:26877,5335fUhahmpcl671VIEqgw,untagged,near,18.86,7.3,-1.497,2025-11-15,2023-10,,1,debris / pooled water;missing tactile warning;narrow;not enough landing space;not level with street;points into traffic;steep;surface problem,,,true,https://sidewalk-danville.cs.washington.edu/gallery?labelType=CurbRamp&labelId=26877,https://sidewalk-danville.cs.washington.edu/labelMap?labelId=26877,https://www.google.com/maps/@?api=1&map_action=pano&pano=5335fUhahmpcl671VIEqgw&heading=292.61358642578125&pitch=-27.946428298950195
tr0128,seattle-wa,270467,seattle-wa:270467,ihXMQ0oBZvA2GjLrixzx1Q,untagged,near,19.08,7.2,-0.444,2023-10-25,2023-01,,1,debris / pooled water;missing tactile warning;narrow;not enough landing space;not level with street;points into traffic;steep;surface problem,,,true,https://sidewalk-sea.cs.washington.edu/gallery?labelType=CurbRamp&labelId=270467,https://sidewalk-sea.cs.washington.edu/labelMap?labelId=270467,https://www.google.com/maps/@?api=1&map_action=pano&pano=ihXMQ0oBZvA2GjLrixzx1Q&heading=17.08665329107089&pitch=-13.630645513633784
tr0129,columbia,41679,columbia:41679,yytDyRyYOgH-VxpnufDjSg,untagged,near,21.85,6.2,-1.285,2025-07-01,2021-10,,1,debris / pooled water;missing tactile warning;narrow;not enough landing space;not level with street;points into traffic;steep;surface problem,,,true,https://sidewalk-columbia.cs.washington.edu/gallery?labelType=CurbRamp&labelId=41679,https://sidewalk-columbia.cs.washington.edu/labelMap?labelId=41679,https://www.google.com/maps/@?api=1&map_action=pano&pano=yytDyRyYOgH-VxpnufDjSg&heading=68.63838958740234&pitch=-14.698660850524902
tr0130,paterson-nj,25027,paterson-nj:25027,HDUD9on2IkcNVXE55gZ2KQ,tagged_trusted,near,17.86,7.8,-0.764,2026-01-03,2024-11,narrow,1,debris / pooled water;missing tactile warning;narrow;not enough landing space;not level with street;points into traffic;steep;surface problem,,jonfroehlich,true,https://sidewalk-paterson.cs.washington.edu/gallery?labelType=CurbRamp&labelId=25027,https://sidewalk-paterson.cs.washington.edu/labelMap?labelId=25027,https://www.google.com/maps/@?api=1&map_action=pano&pano=HDUD9on2IkcNVXE55gZ2KQ&heading=170.671875&pitch=-23.428571701049805
tr0131,mendota-il,15416,mendota-il:15416,MYXYhenizLiTVHGksKaHlw,untagged,far,9.21,15.4,-0.426,2024-11-12,2022-12,,1,debris / pooled water;missing tactile warning;narrow;not enough landing space;not level with street;points into traffic;steep;surface problem,,,true,https://sidewalk-mendota.cs.washington.edu/gallery?labelType=CurbRamp&labelId=15416,https://sidewalk-mendota.cs.washington.edu/labelMap?labelId=15416,https://www.google.com/maps/@?api=1&map_action=pano&pano=MYXYhenizLiTVHGksKaHlw&heading=263.5&pitch=-19.0
tr0132,maywood-nj,25541,maywood-nj:25541,ijPKvZN4A2zJYYRgueTbxg,tagged_trusted,far,7.14,19.9,1.073,2025-04-24,2021-09,missing tactile warning;points into traffic;surface problem,2,debris / pooled water;missing tactile warning;narrow;not enough landing space;not level with street;points into traffic;steep;surface problem,,jonfroehlich,true,https://sidewalk-maywood.cs.washington.edu/gallery?labelType=CurbRamp&labelId=25541,https://sidewalk-maywood.cs.washington.edu/labelMap?labelId=25541,https://www.google.com/maps/@?api=1&map_action=pano&pano=ijPKvZN4A2zJYYRgueTbxg&heading=339.2589416503906&pitch=-8.830357551574707
tr0133,columbia,24934,columbia:24934,2HRcPbJRKFV-vWh_r13viw,tagged_trusted,near,29.08,4.5,-0.298,2025-01-07,2022-01,missing tactile warning,1,debris / pooled water;missing tactile warning;narrow;not enough landing space;not level with street;points into traffic;steep;surface problem,,mikey,true,https://sidewalk-columbia.cs.washington.edu/gallery?labelType=CurbRamp&labelId=24934,https://sidewalk-columbia.cs.washington.edu/labelMap?labelId=24934,https://www.google.com/maps/@?api=1&map_action=pano&pano=2HRcPbJRKFV-vWh_r13viw&heading=260.6495666503906&pitch=-35.0
tr0134,newberg-or,19098,newberg-or:19098,6CutqZ_XIsvSY7iJWh6v9g,untagged,far,7.98,17.8,-0.384,2025-07-05,2012-06,,1,debris / pooled water;missing tactile warning;narrow;not enough landing space;not level with street;points into traffic;steep;surface problem,,,true,https://sidewalk-newberg.cs.washington.edu/gallery?labelType=CurbRamp&labelId=19098,https://sidewalk-newberg.cs.washington.edu/labelMap?labelId=19098,https://www.google.com/maps/@?api=1&map_action=pano&pano=6CutqZ_XIsvSY7iJWh6v9g&heading=222.15625&pitch=-13.359375
tr0135,pittsburgh-pa,20908,pittsburgh-pa:20908,CpFKOj0vXv8Ye0iATY7thg,affirmed_empty,mid,11.07,12.8,1.281,2023-12-21,2022-09,,1,debris / pooled water;missing tactile warning;narrow;not enough landing space;not level with street;points into traffic;steep;surface problem,ExternalTagValidationASSETS2024,mikey,true,https://sidewalk-pittsburgh.cs.washington.edu/gallery?labelType=CurbRamp&labelId=20908,https://sidewalk-pittsburgh.cs.washington.edu/labelMap?labelId=20908,https://www.google.com/maps/@?api=1&map_action=pano&pano=CpFKOj0vXv8Ye0iATY7thg&heading=156.98214721679688&pitch=-17.0625
tr0136,gainesville-fl,25166,gainesville-fl:25166,JTBqZ3_oRlP93oJ_5w-CZg,affirmed_empty,mid,17.20,8.1,-0.258,2026-05-11,2024-06,,1,debris / pooled water;missing tactile warning;narrow;not enough landing space;not level with street;points into traffic;steep;surface problem,ExpertValidate,,true,https://sidewalk-gainesville.cs.washington.edu/gallery?labelType=CurbRamp&labelId=25166,https://sidewalk-gainesville.cs.washington.edu/labelMap?labelId=25166,https://www.google.com/maps/@?api=1&map_action=pano&pano=JTBqZ3_oRlP93oJ_5w-CZg&heading=306.375&pitch=-16.625
tr0137,west-chester,25977,west-chester:25977,vn3K05GQ_V53MpjE8y6qtg,tagged,mid,11.58,12.2,1.801,2025-02-03,2024-07,missing tactile warning;points into traffic,1,debris / pooled water;missing tactile warning;narrow;not enough landing space;not level with street;points into traffic;steep;surface problem,,,true,https://sidewalk-west-chester.cs.washington.edu/gallery?labelType=CurbRamp&labelId=25977,https://sidewalk-west-chester.cs.washington.edu/labelMap?labelId=25977,https://www.google.com/maps/@?api=1&map_action=pano&pano=vn3K05GQ_V53MpjE8y6qtg&heading=305.5&pitch=-16.625
tr0138,seattle-wa,270517,seattle-wa:270517,-8ctGnyC1SwD84bJc_hTlQ,affirmed_empty,far,8.85,16.1,1.782,2023-10-25,2018-08,,1,debris / pooled water;missing tactile warning;narrow;not enough landing space;not level with street;points into traffic;steep;surface problem,ExternalTagValidationASSETS2024,,true,https://sidewalk-sea.cs.washington.edu/gallery?labelType=CurbRamp&labelId=270517,https://sidewalk-sea.cs.washington.edu/labelMap?labelId=270517,https://www.google.com/maps/@?api=1&map_action=pano&pano=-8ctGnyC1SwD84bJc_hTlQ&heading=142.125&pitch=-22.8125
tr0139,tucson-az,27047,tucson-az:27047,VMWda6lP5h-zqjX4WyZyXA,tagged,near,26.63,5.0,0.110,2025-11-27,2025-01,not enough landing space;points into traffic,2,debris / pooled water;missing tactile warning;narrow;not enough landing space;not level with street;points into traffic;steep;surface problem,,,true,https://sidewalk-tucson.cs.washington.edu/gallery?labelType=CurbRamp&labelId=27047,https://sidewalk-tucson.cs.washington.edu/labelMap?labelId=27047,https://www.google.com/maps/@?api=1&map_action=pano&pano=VMWda6lP5h-zqjX4WyZyXA&heading=354.5&pitch=-34.625
tr0140,walla-walla,1234,walla-walla:1234,YMdzmjTSsMbxelpPiHCHFA,affirmed_empty,far,8.21,17.3,0.157,2023-12-14,2023-07,,1,debris / pooled water;missing tactile warning;narrow;not enough landing space;not level with street;points into traffic;steep;surface problem,ExternalTagValidationASSETS2024,jonfroehlich,true,https://sidewalk-walla-walla.cs.washington.edu/gallery?labelType=CurbRamp&labelId=1234,https://sidewalk-walla-walla.cs.washington.edu/labelMap?labelId=1234,https://www.google.com/maps/@?api=1&map_action=pano&pano=YMdzmjTSsMbxelpPiHCHFA&heading=238.07779179023657&pitch=-22.249107181999364
tr0141,teaneck-nj,4026,teaneck-nj:4026,KEnKXff7jYZtZha_KW0vDA,tagged_trusted,mid,17.06,8.1,1.291,2024-03-15,2020-11,missing tactile warning;not enough landing space;steep,3,debris / pooled water;missing tactile warning;narrow;not enough landing space;not level with street;points into traffic;steep;surface problem,,jonfroehlich,true,https://sidewalk-teaneck.cs.washington.edu/gallery?labelType=CurbRamp&labelId=4026,https://sidewalk-teaneck.cs.washington.edu/labelMap?labelId=4026,https://www.google.com/maps/@?api=1&map_action=pano&pano=KEnKXff7jYZtZha_KW0vDA&heading=14.894286155700684&pitch=-20.133928298950195
tr0142,pittsburgh-pa,21292,pittsburgh-pa:21292,Hd-uaS4qwXnftGLP3GBusQ,affirmed_empty,mid,10.05,14.1,-0.671,2024-02-02,2022-11,,1,debris / pooled water;missing tactile warning;narrow;not enough landing space;not level with street;points into traffic;steep;surface problem,ExternalTagValidationASSETS2024,,true,https://sidewalk-pittsburgh.cs.washington.edu/gallery?labelType=CurbRamp&labelId=21292,https://sidewalk-pittsburgh.cs.washington.edu/labelMap?labelId=21292,https://www.google.com/maps/@?api=1&map_action=pano&pano=Hd-uaS4qwXnftGLP3GBusQ&heading=175.1875&pitch=-18.6875
tr0143,mendota-il,6831,mendota-il:6831,_eHrU9ycQAA6fp7sQMEf8A,affirmed_empty,near,25.30,5.3,-0.645,2024-10-24,2023-08,,1,debris / pooled water;missing tactile warning;narrow;not enough landing space;not level with street;points into traffic;steep;surface problem,ExpertValidate,,true,https://sidewalk-mendota.cs.washington.edu/gallery?labelType=CurbRamp&labelId=6831,https://sidewalk-mendota.cs.washington.edu/labelMap?labelId=6831,https://www.google.com/maps/@?api=1&map_action=pano&pano=_eHrU9ycQAA6fp7sQMEf8A&heading=293.5625&pitch=-35.0
tr0144,burnaby,12519,burnaby:12519,v3xJkI2gIMQvetwxKvnlPA,affirmed_empty,near,38.58,3.1,2.821,2024-07-08,2023-05,,1,debris / pooled water;missing tactile warning;narrow;not enough landing space;not level with street;parallel lines;points into traffic;steep;surface problem,ExpertValidate,,true,https://sidewalk-burnaby.cs.washington.edu/gallery?labelType=CurbRamp&labelId=12519,https://sidewalk-burnaby.cs.washington.edu/labelMap?labelId=12519,https://www.google.com/maps/@?api=1&map_action=pano&pano=v3xJkI2gIMQvetwxKvnlPA&heading=225.2857208251953&pitch=-35.0
tr0145,st-louis-mo,844,st-louis-mo:844,L3KRpRpEWeu2YA65jeQIoQ,tagged,near,17.67,7.8,-0.771,2024-04-17,2014-09,missing tactile warning;steep,2,debris / pooled water;missing tactile warning;narrow;not enough landing space;not level with street;points into traffic;steep;surface problem,,,true,https://sidewalk-st-louis.cs.washington.edu/gallery?labelType=CurbRamp&labelId=844,https://sidewalk-st-louis.cs.washington.edu/labelMap?labelId=844,https://www.google.com/maps/@?api=1&map_action=pano&pano=L3KRpRpEWeu2YA65jeQIoQ&heading=317.171875&pitch=-18.671875
tr0146,fort-wayne-in,25170,fort-wayne-in:25170,j6ucifhsZABkWGdCFHRSFQ,tagged,mid,14.32,9.8,-0.301,2026-03-12,2023-05,debris / pooled water;missing tactile warning,2,debris / pooled water;missing tactile warning;narrow;not enough landing space;not level with street;points into traffic;steep;surface problem,,,true,https://sidewalk-fort-wayne.cs.washington.edu/gallery?labelType=CurbRamp&labelId=25170,https://sidewalk-fort-wayne.cs.washington.edu/labelMap?labelId=25170,https://www.google.com/maps/@?api=1&map_action=pano&pano=j6ucifhsZABkWGdCFHRSFQ&heading=214.8125&pitch=-14.140625
tr0147,west-chester,25347,west-chester:25347,M5KvjhyvpFg0Dq_litLcgw,tagged,far,6.92,20.6,0.460,2025-01-23,2023-04,missing tactile warning,1,debris / pooled water;missing tactile warning;narrow;not enough landing space;not level with street;points into traffic;steep;surface problem,,,true,https://sidewalk-west-chester.cs.washington.edu/gallery?labelType=CurbRamp&labelId=25347,https://sidewalk-west-chester.cs.washington.edu/labelMap?labelId=25347,https://www.google.com/maps/@?api=1&map_action=pano&pano=M5KvjhyvpFg0Dq_litLcgw&heading=92.625&pitch=-32.1875
tr0148,paterson-nj,25004,paterson-nj:25004,81EKDfYOAEfULnDHEewsSw,tagged_trusted,far,6.24,22.9,3.996,2025-12-16,2025-08,points into traffic,1,debris / pooled water;missing tactile warning;narrow;not enough landing space;not level with street;points into traffic;steep;surface problem,,jonfroehlich,true,https://sidewalk-paterson.cs.washington.edu/gallery?labelType=CurbRamp&labelId=25004,https://sidewalk-paterson.cs.washington.edu/labelMap?labelId=25004,https://www.google.com/maps/@?api=1&map_action=pano&pano=81EKDfYOAEfULnDHEewsSw&heading=85.91294860839844&pitch=-24.636159896850586
tr0149,kaohsiung,59585,kaohsiung:59585,6KHEJ6aza-DW2VE2JgpeIQ,untagged,mid,9.87,14.4,0.084,2025-05-20,2024-04,,,debris / pooled water;missing tactile warning;narrow;not aligned with crosswalk;not enough landing space;not level with street;points into traffic;steep;surface problem,,,true,https://sidewalk-kaohsiung.cs.washington.edu/gallery?labelType=CurbRamp&labelId=59585,https://sidewalk-kaohsiung.cs.washington.edu/labelMap?labelId=59585,https://www.google.com/maps/@?api=1&map_action=pano&pano=6KHEJ6aza-DW2VE2JgpeIQ&heading=166.24000549316406&pitch=-5.84375
tr0150,seattle-wa,285330,seattle-wa:285330,cqz7MhBoFpio3-MPZvl4Cg,tagged,near,22.42,6.1,-4.955,2024-06-10,2022-11,missing tactile warning;steep;surface problem,3,debris / pooled water;missing tactile warning;narrow;not enough landing space;not level with street;points into traffic;steep;surface problem,,,true,https://sidewalk-sea.cs.washington.edu/gallery?labelType=CurbRamp&labelId=285330,https://sidewalk-sea.cs.washington.edu/labelMap?labelId=285330,https://www.google.com/maps/@?api=1&map_action=pano&pano=cqz7MhBoFpio3-MPZvl4Cg&heading=143.4383087158203&pitch=-22.99776840209961
tr0151,kaohsiung,91529,kaohsiung:91529,TGuWucooyEd9TPmQYaLvKA,tagged,near,33.02,3.8,0.464,2025-10-17,2022-01,missing tactile warning;not level with street,2,debris / pooled water;missing tactile warning;narrow;not aligned with crosswalk;not enough landing space;not level with street;points into traffic;steep;surface problem,,,true,https://sidewalk-kaohsiung.cs.washington.edu/gallery?labelType=CurbRamp&labelId=91529,https://sidewalk-kaohsiung.cs.washington.edu/labelMap?labelId=91529,https://www.google.com/maps/@?api=1&map_action=pano&pano=TGuWucooyEd9TPmQYaLvKA&heading=92.31026458740234&pitch=-34.8125
tr0152,chicago-il,143690,chicago-il:143690,K9LjwmYAc5aUqLmyWJD72w,tagged,mid,14.35,9.8,0.594,2025-05-28,2024-07,not enough landing space;points into traffic,2,debris / pooled water;missing tactile warning;narrow;not enough landing space;not level with street;points into traffic;steep;surface problem,,,true,https://sidewalk-chicago.cs.washington.edu/gallery?labelType=CurbRamp&labelId=143690,https://sidewalk-chicago.cs.washington.edu/labelMap?labelId=143690,https://www.google.com/maps/@?api=1&map_action=pano&pano=K9LjwmYAc5aUqLmyWJD72w&heading=76.75&pitch=-13.0
tr0153,st-louis-mo,6510,st-louis-mo:6510,888f8hUuQoP7V7N3S6LgaQ,tagged_trusted,far,8.63,16.5,0.620,2024-05-31,2022-02,missing tactile warning;steep,2,debris / pooled water;missing tactile warning;narrow;not enough landing space;not level with street;points into traffic;steep;surface problem,,jonfroehlich,true,https://sidewalk-st-louis.cs.washington.edu/gallery?labelType=CurbRamp&labelId=6510,https://sidewalk-st-louis.cs.washington.edu/labelMap?labelId=6510,https://www.google.com/maps/@?api=1&map_action=pano&pano=888f8hUuQoP7V7N3S6LgaQ&heading=127.89350577011908&pitch=-10.70528540874844
tr0154,st-louis-mo,3507,st-louis-mo:3507,XqfDZ6LbXmp_lBR9ab3QmA,tagged_trusted,near,20.88,6.6,-0.339,2024-05-07,2022-05,missing tactile warning;not level with street,1,debris / pooled water;missing tactile warning;narrow;not enough landing space;not level with street;points into traffic;steep;surface problem,,jonfroehlich,true,https://sidewalk-st-louis.cs.washington.edu/gallery?labelType=CurbRamp&labelId=3507,https://sidewalk-st-louis.cs.washington.edu/labelMap?labelId=3507,https://www.google.com/maps/@?api=1&map_action=pano&pano=XqfDZ6LbXmp_lBR9ab3QmA&heading=18.160446166992188&pitch=-22.053571701049805
tr0155,sao-paulo-brazil,24931,sao-paulo-brazil:24931,R7qnuNjoxhJQ0bN4ckclsg,tagged_trusted,mid,10.22,13.9,2.190,2026-04-03,2025-05,missing tactile warning,1,debris / pooled water;missing tactile warning;narrow;not enough landing space;not level with street;points into traffic;steep;surface problem,,jonfroehlich,true,https://sidewalk-sao-paulo.cs.washington.edu/gallery?labelType=CurbRamp&labelId=24931,https://sidewalk-sao-paulo.cs.washington.edu/labelMap?labelId=24931,https://www.google.com/maps/@?api=1&map_action=pano&pano=R7qnuNjoxhJQ0bN4ckclsg&heading=241.77937500000002&pitch=-13.6875
tr0156,paterson-nj,46520,paterson-nj:46520,ew8Ow0E3ImHBA0wEaRciWw,tagged,mid,12.22,11.5,0.022,2026-07-09,2025-08,debris / pooled water;missing tactile warning,3,debris / pooled water;missing tactile warning;narrow;not enough landing space;not level with street;points into traffic;steep;surface problem,,,true,https://sidewalk-paterson.cs.washington.edu/gallery?labelType=CurbRamp&labelId=46520,https://sidewalk-paterson.cs.washington.edu/labelMap?labelId=46520,https://www.google.com/maps/@?api=1&map_action=pano&pano=ew8Ow0E3ImHBA0wEaRciWw&heading=327.9375&pitch=-11.890625
tr0157,maywood-nj,27586,maywood-nj:27586,1JbNF8zdexQXZMd0_5tbJQ,affirmed_empty,near,27.53,4.8,-1.842,2025-12-13,2025-09,,1,debris / pooled water;missing tactile warning;narrow;not enough landing space;not level with street;points into traffic;steep;surface problem,ExpertValidate,,true,https://sidewalk-maywood.cs.washington.edu/gallery?labelType=CurbRamp&labelId=27586,https://sidewalk-maywood.cs.washington.edu/labelMap?labelId=27586,https://www.google.com/maps/@?api=1&map_action=pano&pano=1JbNF8zdexQXZMd0_5tbJQ&heading=333.375&pitch=-32.1875
tr0158,seattle-wa,290349,seattle-wa:290349,z8Wn9BbIkklzH75dF7bU4Q,tagged_trusted,mid,12.97,10.9,-2.511,2024-10-02,2021-12,debris / pooled water;not enough landing space;points into traffic,2,debris / pooled water;missing tactile warning;narrow;not enough landing space;not level with street;points into traffic;steep;surface problem,,mikey,true,https://sidewalk-sea.cs.washington.edu/gallery?labelType=CurbRamp&labelId=290349,https://sidewalk-sea.cs.washington.edu/labelMap?labelId=290349,https://www.google.com/maps/@?api=1&map_action=pano&pano=z8Wn9BbIkklzH75dF7bU4Q&heading=281.83258056640625&pitch=-11.145089149475098
tr0159,taipei,48081,taipei:48081,NocXe315ohhLykkjlu_lWQ,tagged,mid,14.62,9.6,0.610,2023-12-29,2022-02,narrow,3,debris / pooled water;missing tactile warning;narrow;not aligned with crosswalk;not enough landing space;not level with street;points into traffic;steep;surface problem,,,true,https://sidewalk-taipei.cs.washington.edu/gallery?labelType=CurbRamp&labelId=48081,https://sidewalk-taipei.cs.washington.edu/labelMap?labelId=48081,https://www.google.com/maps/@?api=1&map_action=pano&pano=NocXe315ohhLykkjlu_lWQ&heading=137.8392791748047&pitch=-17.76785659790039
tr0160,keelung,5446,keelung:5446,CMpmIoHp1m9KU_pdIkPc6A,untagged,mid,12.48,11.3,-0.398,2023-10-25,2022-08,,1,debris / pooled water;missing tactile warning;narrow;not aligned with crosswalk;not enough landing space;not level with street;points into traffic;steep;surface problem,,,true,https://sidewalk-keelung.cs.washington.edu/gallery?labelType=CurbRamp&labelId=5446,https://sidewalk-keelung.cs.washington.edu/labelMap?labelId=5446,https://www.google.com/maps/@?api=1&map_action=pano&pano=CMpmIoHp1m9KU_pdIkPc6A&heading=314.7541001358402&pitch=-21.370433492215238
tr0161,rancagua-chile,27039,rancagua-chile:27039,NpJ01s3TGE3c9RO0sXhptg,tagged,far,8.73,16.3,-1.020,2025-11-16,2025-06,not enough landing space,1,debris / pooled water;missing tactile warning;narrow;not enough landing space;not level with street;points into traffic;steep;surface problem,,,true,https://sidewalk-rancagua.cs.washington.edu/gallery?labelType=CurbRamp&labelId=27039,https://sidewalk-rancagua.cs.washington.edu/labelMap?labelId=27039,https://www.google.com/maps/@?api=1&map_action=pano&pano=NpJ01s3TGE3c9RO0sXhptg&heading=122.06696319580078&pitch=-7.8660712242126465
tr0162,maywood-nj,24974,maywood-nj:24974,FcPSvA1sgg6mkst_0PAJ9w,tagged,near,22.71,6.0,-0.133,2025-04-08,2012-08,missing tactile warning;points into traffic,1,debris / pooled water;missing tactile warning;narrow;not enough landing space;not level with street;points into traffic;steep;surface problem,,,true,https://sidewalk-maywood.cs.washington.edu/gallery?labelType=CurbRamp&labelId=24974,https://sidewalk-maywood.cs.washington.edu/labelMap?labelId=24974,https://www.google.com/maps/@?api=1&map_action=pano&pano=FcPSvA1sgg6mkst_0PAJ9w&heading=242.25&pitch=-34.8125
tr0163,zurich,8411,zurich:8411,KZnkAi-HexE4DVKYftHI9g,untagged,mid,14.24,9.8,-1.982,2024-03-01,2021-07,,1,debris / pooled water;missing tactile warning;narrow;not enough landing space;not level with street;points into traffic;steep;surface problem,,,true,https://sidewalk-zurich.cs.washington.edu/gallery?labelType=CurbRamp&labelId=8411,https://sidewalk-zurich.cs.washington.edu/labelMap?labelId=8411,https://www.google.com/maps/@?api=1&map_action=pano&pano=KZnkAi-HexE4DVKYftHI9g&heading=123.76786041259766&pitch=-10.4375
tr0164,keelung,2205,keelung:2205,SQAXrwgeoLGKDa-l5rq2NQ,tagged,near,18.93,7.3,-2.190,2023-10-20,2022-08,narrow;not enough landing space;points into traffic,1,debris / pooled water;missing tactile warning;narrow;not aligned with crosswalk;not enough landing space;not level with street;points into traffic;steep;surface problem,,,true,https://sidewalk-keelung.cs.washington.edu/gallery?labelType=CurbRamp&labelId=2205,https://sidewalk-keelung.cs.washington.edu/labelMap?labelId=2205,https://www.google.com/maps/@?api=1&map_action=pano&pano=SQAXrwgeoLGKDa-l5rq2NQ&heading=11.75&pitch=-23.928571701049805
tr0165,detroit-mi,27393,detroit-mi:27393,-Kwtt_pQzLeIoYLOXR7QWw,tagged,mid,12.13,11.6,1.079,2026-04-10,2020-10,debris / pooled water,1,debris / pooled water;missing tactile warning;narrow;not enough landing space;not level with street;points into traffic;steep;surface problem,,,true,https://sidewalk-detroit.cs.washington.edu/gallery?labelType=CurbRamp&labelId=27393,https://sidewalk-detroit.cs.washington.edu/labelMap?labelId=27393,https://www.google.com/maps/@?api=1&map_action=pano&pano=-Kwtt_pQzLeIoYLOXR7QWw&heading=192.1875&pitch=-22.125
tr0166,cliffside-park-nj,25346,cliffside-park-nj:25346,ZBxb9fv4VEEmOY2rKz-_sA,tagged,far,6.19,23.1,-1.904,2025-03-04,2023-03,not level with street,2,debris / pooled water;missing tactile warning;narrow;not enough landing space;not level with street;points into traffic;steep;surface problem,,,true,https://sidewalk-cliffside-park.cs.washington.edu/gallery?labelType=CurbRamp&labelId=25346,https://sidewalk-cliffside-park.cs.washington.edu/labelMap?labelId=25346,https://www.google.com/maps/@?api=1&map_action=pano&pano=ZBxb9fv4VEEmOY2rKz-_sA&heading=25.31473159790039&pitch=-5.098214149475098
tr0167,danville-il,28974,danville-il:28974,HH4_SF6K8-Zmb3GWaDKg3A,tagged,mid,11.52,12.3,2.240,2025-11-27,2023-06,missing tactile warning;surface problem,1,debris / pooled water;missing tactile warning;narrow;not enough landing space;not level with street;points into traffic;steep;surface problem,,,true,https://sidewalk-danville.cs.washington.edu/gallery?labelType=CurbRamp&labelId=28974,https://sidewalk-danville.cs.washington.edu/labelMap?labelId=28974,https://www.google.com/maps/@?api=1&map_action=pano&pano=HH4_SF6K8-Zmb3GWaDKg3A&heading=58.0&pitch=-17.28125
tr0168,burnaby,12615,burnaby:12615,kcVqqyRs7XEdmiO8bwPPdA,affirmed_empty,far,5.87,24.3,3.183,2024-07-09,2023-05,,1,debris / pooled water;missing tactile warning;narrow;not enough landing space;not level with street;parallel lines;points into traffic;steep;surface problem,ExpertValidate,,true,https://sidewalk-burnaby.cs.washington.edu/gallery?labelType=CurbRamp&labelId=12615,https://sidewalk-burnaby.cs.washington.edu/labelMap?labelId=12615,https://www.google.com/maps/@?api=1&map_action=pano&pano=kcVqqyRs7XEdmiO8bwPPdA&heading=325.8571472167969&pitch=-12.0625
tr0169,west-chester,25024,west-chester:25024,sz6OxdWXN65gRHxgyZPC2w,affirmed_empty,mid,13.58,10.3,0.453,2025-01-23,2018-06,,1,debris / pooled water;missing tactile warning;narrow;not enough landing space;not level with street;points into traffic;steep;surface problem,ExpertValidate,,true,https://sidewalk-west-chester.cs.washington.edu/gallery?labelType=CurbRamp&labelId=25024,https://sidewalk-west-chester.cs.washington.edu/labelMap?labelId=25024,https://www.google.com/maps/@?api=1&map_action=pano&pano=sz6OxdWXN65gRHxgyZPC2w&heading=65.90848541259766&pitch=-24.285715103149414
tr0170,maywood-nj,28811,maywood-nj:28811,pj5HhNOaiPwpmUv_uQA7XA,affirmed_empty,mid,12.31,11.5,-1.167,2025-12-20,2009-08,,1,debris / pooled water;missing tactile warning;narrow;not enough landing space;not level with street;points into traffic;steep;surface problem,ExpertValidate,,true,https://sidewalk-maywood.cs.washington.edu/gallery?labelType=CurbRamp&labelId=28811,https://sidewalk-maywood.cs.washington.edu/labelMap?labelId=28811,https://www.google.com/maps/@?api=1&map_action=pano&pano=pj5HhNOaiPwpmUv_uQA7XA&heading=161.01339721679688&pitch=-35.0
tr0171,niagara-falls-ny,25433,niagara-falls-ny:25433,PIx7H77-DQzZaFkMKotxUA,untagged,far,4.33,33.0,1.142,2025-07-10,2022-09,,1,debris / pooled water;missing tactile warning;narrow;not enough landing space;not level with street;points into traffic;steep;surface problem,,,true,https://sidewalk-niagara-falls.cs.washington.edu/gallery?labelType=CurbRamp&labelId=25433,https://sidewalk-niagara-falls.cs.washington.edu/labelMap?labelId=25433,https://www.google.com/maps/@?api=1&map_action=pano&pano=PIx7H77-DQzZaFkMKotxUA&heading=6.390625&pitch=-2.0625
tr0172,gainesville-fl,27275,gainesville-fl:27275,vUbAaKzr4TJ88qVdG1jXAQ,untagged,mid,15.89,8.8,3.708,2026-05-23,2023-09,,1,debris / pooled water;missing tactile warning;narrow;not enough landing space;not level with street;points into traffic;steep;surface problem,,,true,https://sidewalk-gainesville.cs.washington.edu/gallery?labelType=CurbRamp&labelId=27275,https://sidewalk-gainesville.cs.washington.edu/labelMap?labelId=27275,https://www.google.com/maps/@?api=1&map_action=pano&pano=vUbAaKzr4TJ88qVdG1jXAQ&heading=267.265625&pitch=-15.5
tr0173,columbus-oh,42187,columbus-oh:42187,lpZkk7U70DBIfg3vCmwNSg,tagged,mid,16.36,8.5,0.251,2024-04-01,2021-06,missing tactile warning;surface problem,1,debris / pooled water;missing tactile warning;narrow;not enough landing space;not level with street;points into traffic;steep;surface problem,,,true,https://sidewalk-columbus.cs.washington.edu/gallery?labelType=CurbRamp&labelId=42187,https://sidewalk-columbus.cs.washington.edu/labelMap?labelId=42187,https://www.google.com/maps/@?api=1&map_action=pano&pano=lpZkk7U70DBIfg3vCmwNSg&heading=87.25223541259766&pitch=-22.098215103149414
tr0174,columbus-oh,38902,columbus-oh:38902,tgwpJQ59Q_Wyy5fe_uhaSg,affirmed_empty,mid,10.70,13.2,0.026,2023-12-01,2021-06,,1,debris / pooled water;missing tactile warning;narrow;not enough landing space;not level with street;points into traffic;steep;surface problem,ExternalTagValidationASSETS2024,,true,https://sidewalk-columbus.cs.washington.edu/gallery?labelType=CurbRamp&labelId=38902,https://sidewalk-columbus.cs.washington.edu/labelMap?labelId=38902,https://www.google.com/maps/@?api=1&map_action=pano&pano=tgwpJQ59Q_Wyy5fe_uhaSg&heading=180.8125&pitch=-14.046875
tr0175,knox-oh,25960,knox-oh:25960,rsv-NnfZh-C5MYKjQ6eM_A,affirmed_empty,near,18.69,7.4,-1.635,2025-02-13,2023-05,,1,debris / pooled water;missing tactile warning;narrow;not enough landing space;not level with street;points into traffic;steep;surface problem,ExpertValidate,,true,https://sidewalk-knox.cs.washington.edu/gallery?labelType=CurbRamp&labelId=25960,https://sidewalk-knox.cs.washington.edu/labelMap?labelId=25960,https://www.google.com/maps/@?api=1&map_action=pano&pano=rsv-NnfZh-C5MYKjQ6eM_A&heading=189.0&pitch=-14.910714149475098
tr0176,tucson-az,29653,tucson-az:29653,0QrR3EOclLdInjzeh54JrA,untagged,near,29.17,4.5,0.358,2026-01-24,2024-07,,1,debris / pooled water;missing tactile warning;narrow;not enough landing space;not level with street;points into traffic;steep;surface problem,,,true,https://sidewalk-tucson.cs.washington.edu/gallery?labelType=CurbRamp&labelId=29653,https://sidewalk-tucson.cs.washington.edu/labelMap?labelId=29653,https://www.google.com/maps/@?api=1&map_action=pano&pano=0QrR3EOclLdInjzeh54JrA&heading=112.625&pitch=-32.25
tr0177,gainesville-fl,24937,gainesville-fl:24937,8Cl997PGJoURgyn88vdqWw,tagged_trusted,mid,14.95,9.4,0.494,2026-04-04,2024-06,missing tactile warning;not level with street,1,debris / pooled water;missing tactile warning;narrow;not enough landing space;not level with street;points into traffic;steep;surface problem,,jonfroehlich,true,https://sidewalk-gainesville.cs.washington.edu/gallery?labelType=CurbRamp&labelId=24937,https://sidewalk-gainesville.cs.washington.edu/labelMap?labelId=24937,https://www.google.com/maps/@?api=1&map_action=pano&pano=8Cl997PGJoURgyn88vdqWw&heading=294.09375&pitch=-22.96875
tr0178,paterson-nj,28995,paterson-nj:28995,-YsVTcTImu0LSVFTWYpkIA,tagged,far,6.56,21.8,1.882,2026-02-04,2025-10,missing tactile warning,2,debris / pooled water;missing tactile warning;narrow;not enough landing space;not level with street;points into traffic;steep;surface problem,,,true,https://sidewalk-paterson.cs.washington.edu/gallery?labelType=CurbRamp&labelId=28995,https://sidewalk-paterson.cs.washington.edu/labelMap?labelId=28995,https://www.google.com/maps/@?api=1&map_action=pano&pano=-YsVTcTImu0LSVFTWYpkIA&heading=160.6875&pitch=-34.8125
tr0179,fort-wayne-in,25507,fort-wayne-in:25507,Ei46ugvMLv6D2H-imlSokQ,affirmed_empty,near,19.62,7.0,0.482,2026-03-16,2023-08,,1,debris / pooled water;missing tactile warning;narrow;not enough landing space;not level with street;points into traffic;steep;surface problem,ExpertValidate,,true,https://sidewalk-fort-wayne.cs.washington.edu/gallery?labelType=CurbRamp&labelId=25507,https://sidewalk-fort-wayne.cs.washington.edu/labelMap?labelId=25507,https://www.google.com/maps/@?api=1&map_action=pano&pano=Ei46ugvMLv6D2H-imlSokQ&heading=55.0&pitch=-23.53125
tr0180,hackensack-nj,25277,hackensack-nj:25277,8tn2qWIvof_hkVmOx07s7g,untagged,mid,11.31,12.5,-0.209,2026-03-09,2022-03,,1,debris / pooled water;missing tactile warning;narrow;not enough landing space;not level with street;points into traffic;steep;surface problem,,,true,https://sidewalk-hackensack.cs.washington.edu/gallery?labelType=CurbRamp&labelId=25277,https://sidewalk-hackensack.cs.washington.edu/labelMap?labelId=25277,https://www.google.com/maps/@?api=1&map_action=pano&pano=8tn2qWIvof_hkVmOx07s7g&heading=330.3125&pitch=-11.25
tr0181,teaneck-nj,25364,teaneck-nj:25364,y_3U0My6OFjzWpUpldM37g,tagged,mid,13.72,10.2,-0.185,2026-04-21,2025-08,missing tactile warning;points into traffic;steep,1,debris / pooled water;missing tactile warning;narrow;not enough landing space;not level with street;points into traffic;steep;surface problem,,,true,https://sidewalk-teaneck.cs.washington.edu/gallery?labelType=CurbRamp&labelId=25364,https://sidewalk-teaneck.cs.washington.edu/labelMap?labelId=25364,https://www.google.com/maps/@?api=1&map_action=pano&pano=y_3U0My6OFjzWpUpldM37g&heading=147.06249999999997&pitch=-15.3125
tr0182,maywood-nj,27032,maywood-nj:27032,R26DxrSHYbP4NDXSc6s4EA,tagged,mid,12.98,10.8,0.397,2025-09-11,2022-12,debris / pooled water;not enough landing space,2,debris / pooled water;missing tactile warning;narrow;not enough landing space;not level with street;points into traffic;steep;surface problem,,,true,https://sidewalk-maywood.cs.washington.edu/gallery?labelType=CurbRamp&labelId=27032,https://sidewalk-maywood.cs.washington.edu/labelMap?labelId=27032,https://www.google.com/maps/@?api=1&map_action=pano&pano=R26DxrSHYbP4NDXSc6s4EA&heading=220.0892791748047&pitch=-20.571428298950195
tr0183,detroit-mi,24947,detroit-mi:24947,j8rZyntmyBRDhgiW1bJoSQ,tagged_trusted,far,6.83,20.9,2.927,2025-02-03,2023-09,surface problem,1,debris / pooled water;missing tactile warning;narrow;not enough landing space;not level with street;points into traffic;steep;surface problem,,mikey,true,https://sidewalk-detroit.cs.washington.edu/gallery?labelType=CurbRamp&labelId=24947,https://sidewalk-detroit.cs.washington.edu/labelMap?labelId=24947,https://www.google.com/maps/@?api=1&map_action=pano&pano=j8rZyntmyBRDhgiW1bJoSQ&heading=324.0379333496094&pitch=-9.801339149475098
tr0184,st-louis-mo,64028,st-louis-mo:64028,tutRa9hCr4JZxXAU_1nc_A,untagged,near,18.17,7.6,-1.034,2026-03-20,2025-04,,1,debris / pooled water;missing tactile warning;narrow;not enough landing space;not level with street;points into traffic;steep;surface problem,,,true,https://sidewalk-st-louis.cs.washington.edu/gallery?labelType=CurbRamp&labelId=64028,https://sidewalk-st-louis.cs.washington.edu/labelMap?labelId=64028,https://www.google.com/maps/@?api=1&map_action=pano&pano=tutRa9hCr4JZxXAU_1nc_A&heading=180.875&pitch=-35.0
tr0185,fort-wayne-in,26095,fort-wayne-in:26095,JrNje-m2qpkJRw1jY5e4aA,untagged,far,7.94,17.9,0.693,2026-04-03,2023-05,,1,debris / pooled water;missing tactile warning;narrow;not enough landing space;not level with street;points into traffic;steep;surface problem,,,true,https://sidewalk-fort-wayne.cs.washington.edu/gallery?labelType=CurbRamp&labelId=26095,https://sidewalk-fort-wayne.cs.washington.edu/labelMap?labelId=26095,https://www.google.com/maps/@?api=1&map_action=pano&pano=JrNje-m2qpkJRw1jY5e4aA&heading=331.6875&pitch=-28.4375
tr0186,detroit-mi,26218,detroit-mi:26218,U0JCxz0vTIRpMf8r2PiGwQ,tagged,near,45.20,2.5,0.679,2026-02-27,2018-08,not enough landing space,1,debris / pooled water;missing tactile warning;narrow;not enough landing space;not level with street;points into traffic;steep;surface problem,,,true,https://sidewalk-detroit.cs.washington.edu/gallery?labelType=CurbRamp&labelId=26218,https://sidewalk-detroit.cs.washington.edu/labelMap?labelId=26218,https://www.google.com/maps/@?api=1&map_action=pano&pano=U0JCxz0vTIRpMf8r2PiGwQ&heading=350.4375&pitch=-33.875
tr0187,seattle-wa,273153,seattle-wa:273153,N-nmBkb_3UaoFwGfpvfMpw,affirmed_empty,mid,14.78,9.5,-1.374,2023-12-16,2023-01,,1,debris / pooled water;missing tactile warning;narrow;not enough landing space;not level with street;points into traffic;steep;surface problem,ExternalTagValidationASSETS2024,,true,https://sidewalk-sea.cs.washington.edu/gallery?labelType=CurbRamp&labelId=273153,https://sidewalk-sea.cs.washington.edu/labelMap?labelId=273153,https://www.google.com/maps/@?api=1&map_action=pano&pano=N-nmBkb_3UaoFwGfpvfMpw&heading=345.125&pitch=-18.3125
tr0188,madison-wi,26064,madison-wi:26064,m-f0jxJCm0yhgBExZh_qHw,tagged_trusted,mid,14.34,9.8,-0.370,2026-07-27,2025-07,surface problem,2,debris / pooled water;missing tactile warning;narrow;not enough landing space;not level with street;points into traffic;steep;surface problem,,jonfroehlich,true,https://sidewalk-madison.cs.washington.edu/gallery?labelType=CurbRamp&labelId=26064,https://sidewalk-madison.cs.washington.edu/labelMap?labelId=26064,https://www.google.com/maps/@?api=1&map_action=pano&pano=m-f0jxJCm0yhgBExZh_qHw&heading=21.26374999999995&pitch=-12.638750000000016
tr0189,chicago-il,154843,chicago-il:154843,fpqooh8Iy8nP6B8hygkfsw,tagged_trusted,mid,15.50,9.0,1.160,2025-08-01,2024-07,narrow;not level with street,1,debris / pooled water;missing tactile warning;narrow;not enough landing space;not level with street;points into traffic;steep;surface problem,,jonfroehlich,true,https://sidewalk-chicago.cs.washington.edu/gallery?labelType=CurbRamp&labelId=154843,https://sidewalk-chicago.cs.washington.edu/labelMap?labelId=154843,https://www.google.com/maps/@?api=1&map_action=pano&pano=fpqooh8Iy8nP6B8hygkfsw&heading=180.8125&pitch=-14.258928298950195
tr0190,zurich,10390,zurich:10390,6qsnkLhn8iBu5tMEEJCumg,untagged,far,6.20,23.0,-0.331,2024-04-06,2021-07,,1,debris / pooled water;missing tactile warning;narrow;not enough landing space;not level with street;points into traffic;steep;surface problem,,,true,https://sidewalk-zurich.cs.washington.edu/gallery?labelType=CurbRamp&labelId=10390,https://sidewalk-zurich.cs.washington.edu/labelMap?labelId=10390,https://www.google.com/maps/@?api=1&map_action=pano&pano=6qsnkLhn8iBu5tMEEJCumg&heading=57.4375&pitch=0.0
tr0191,walla-walla,1632,walla-walla:1632,s7KJ23Z2_nSnADLPHtdgpw,tagged_trusted,mid,12.93,10.9,-0.140,2024-03-15,2023-07,narrow,1,debris / pooled water;missing tactile warning;narrow;not enough landing space;not level with street;points into traffic;steep;surface problem,,jonfroehlich,true,https://sidewalk-walla-walla.cs.washington.edu/gallery?labelType=CurbRamp&labelId=1632,https://sidewalk-walla-walla.cs.washington.edu/labelMap?labelId=1632,https://www.google.com/maps/@?api=1&map_action=pano&pano=s7KJ23Z2_nSnADLPHtdgpw&heading=350.0625&pitch=-17.42410659790039
tr0192,paterson-nj,28338,paterson-nj:28338,YIyr9vSbERF6icMVhujrIQ,tagged_trusted,mid,17.21,8.1,-1.106,2026-01-29,2025-11,surface problem,2,debris / pooled water;missing tactile warning;narrow;not enough landing space;not level with street;points into traffic;steep;surface problem,,jonfroehlich,true,https://sidewalk-paterson.cs.washington.edu/gallery?labelType=CurbRamp&labelId=28338,https://sidewalk-paterson.cs.washington.edu/labelMap?labelId=28338,https://www.google.com/maps/@?api=1&map_action=pano&pano=YIyr9vSbERF6icMVhujrIQ&heading=172.54464721679688&pitch=-19.53125
tr0193,taipei,48481,taipei:48481,2rcAEZtwFyFrCrpom46SUA,tagged,near,19.85,6.9,-0.079,2023-12-29,2020-08,not enough landing space;steep,2,debris / pooled water;missing tactile warning;narrow;not aligned with crosswalk;not enough landing space;not level with street;points into traffic;steep;surface problem,,,true,https://sidewalk-taipei.cs.washington.edu/gallery?labelType=CurbRamp&labelId=48481,https://sidewalk-taipei.cs.washington.edu/labelMap?labelId=48481,https://www.google.com/maps/@?api=1&map_action=pano&pano=2rcAEZtwFyFrCrpom46SUA&heading=326.9397277832031&pitch=-19.504465103149414
tr0194,seattle-wa,285140,seattle-wa:285140,BpmtZeu47eeB6etUxKW0ng,tagged,mid,17.18,8.1,-0.809,2024-06-09,2023-02,missing tactile warning;not enough landing space,2,debris / pooled water;missing tactile warning;narrow;not enough landing space;not level with street;points into traffic;steep;surface problem,,,true,https://sidewalk-sea.cs.washington.edu/gallery?labelType=CurbRamp&labelId=285140,https://sidewalk-sea.cs.washington.edu/labelMap?labelId=285140,https://www.google.com/maps/@?api=1&map_action=pano&pano=BpmtZeu47eeB6etUxKW0ng&heading=329.80133056640625&pitch=-33.3125
tr0195,rancagua-chile,25519,rancagua-chile:25519,CNStNJZ7OHkOovb3_nFD9A,tagged,far,7.86,18.1,-0.829,2025-10-09,2023-06,missing tactile warning;steep,2,debris / pooled water;missing tactile warning;narrow;not enough landing space;not level with street;points into traffic;steep;surface problem,,,true,https://sidewalk-rancagua.cs.washington.edu/gallery?labelType=CurbRamp&labelId=25519,https://sidewalk-rancagua.cs.washington.edu/labelMap?labelId=25519,https://www.google.com/maps/@?api=1&map_action=pano&pano=CNStNJZ7OHkOovb3_nFD9A&heading=181.640625&pitch=-9.890625
tr0196,keelung,1604,keelung:1604,6AdWCE3uN8msUYU_qJo0Pw,untagged,far,4.34,32.9,1.879,2023-10-19,2022-09,,1,debris / pooled water;missing tactile warning;narrow;not aligned with crosswalk;not enough landing space;not level with street;points into traffic;steep;surface problem,,,true,https://sidewalk-keelung.cs.washington.edu/gallery?labelType=CurbRamp&labelId=1604,https://sidewalk-keelung.cs.washington.edu/labelMap?labelId=1604,https://www.google.com/maps/@?api=1&map_action=pano&pano=6AdWCE3uN8msUYU_qJo0Pw&heading=107.984375&pitch=-1.5
tr0197,gainesville-fl,25576,gainesville-fl:25576,o-2iZLZAgyswBM_scX5HNw,affirmed_empty,mid,11.99,11.8,0.557,2026-05-12,2024-06,,1,debris / pooled water;missing tactile warning;narrow;not enough landing space;not level with street;points into traffic;steep;surface problem,ExpertValidate,,true,https://sidewalk-gainesville.cs.washington.edu/gallery?labelType=CurbRamp&labelId=25576,https://sidewalk-gainesville.cs.washington.edu/labelMap?labelId=25576,https://www.google.com/maps/@?api=1&map_action=pano&pano=o-2iZLZAgyswBM_scX5HNw&heading=297.296875&pitch=-6.5625
tr0198,maywood-nj,26699,maywood-nj:26699,1xkVCqGNVeEF-3c97qZIyg,untagged,mid,17.17,8.1,0.083,2025-07-30,2022-12,,1,debris / pooled water;missing tactile warning;narrow;not enough landing space;not level with street;points into traffic;steep;surface problem,,,true,https://sidewalk-maywood.cs.washington.edu/gallery?labelType=CurbRamp&labelId=26699,https://sidewalk-maywood.cs.washington.edu/labelMap?labelId=26699,https://www.google.com/maps/@?api=1&map_action=pano&pano=1xkVCqGNVeEF-3c97qZIyg&heading=341.5&pitch=-26.75
tr0199,teaneck-nj,5315,teaneck-nj:5315,rfDV2zlakjz686t7PMyaKg,tagged_trusted,far,7.98,17.8,-0.204,2024-03-21,2022-12,not enough landing space;points into traffic;steep,2,debris / pooled water;missing tactile warning;narrow;not enough landing space;not level with street;points into traffic;steep;surface problem,,jonfroehlich,true,https://sidewalk-teaneck.cs.washington.edu/gallery?labelType=CurbRamp&labelId=5315,https://sidewalk-teaneck.cs.washington.edu/labelMap?labelId=5315,https://www.google.com/maps/@?api=1&map_action=pano&pano=rfDV2zlakjz686t7PMyaKg&heading=333.3481253700392&pitch=-10.117175011288237
tr0200,santiago-chile,25305,santiago-chile:25305,aN9u7x4JgM-S8DotHsjenw,tagged,near,21.29,6.4,-1.342,2025-11-16,2024-06,missing tactile warning;steep,2,debris / pooled water;missing tactile warning;narrow;not enough landing space;not level with street;points into traffic;steep;surface problem,,,true,https://sidewalk-santiago.cs.washington.edu/gallery?labelType=CurbRamp&labelId=25305,https://sidewalk-santiago.cs.washington.edu/labelMap?labelId=25305,https://www.google.com/maps/@?api=1&map_action=pano&pano=aN9u7x4JgM-S8DotHsjenw&heading=191.4375&pitch=-13.191964149475098
tr0201,mendota-il,4851,mendota-il:4851,p2OMHNFS0tFYgQ78sf8DOQ,tagged,mid,13.65,10.3,0.473,2024-10-23,2022-11,missing tactile warning;not level with street,1,debris / pooled water;missing tactile warning;narrow;not enough landing space;not level with street;points into traffic;steep;surface problem,ExpertValidate,,true,https://sidewalk-mendota.cs.washington.edu/gallery?labelType=CurbRamp&labelId=4851,https://sidewalk-mendota.cs.washington.edu/labelMap?labelId=4851,https://www.google.com/maps/@?api=1&map_action=pano&pano=p2OMHNFS0tFYgQ78sf8DOQ&heading=227.25&pitch=-29.5
tr0202,sao-paulo-brazil,24955,sao-paulo-brazil:24955,KqBX_fMJHbRBuANU61biLg,tagged_trusted,mid,16.60,8.4,2.119,2026-04-22,2025-05,narrow;steep,2,debris / pooled water;missing tactile warning;narrow;not enough landing space;not level with street;points into traffic;steep;surface problem,,jonfroehlich,true,https://sidewalk-sao-paulo.cs.washington.edu/gallery?labelType=CurbRamp&labelId=24955,https://sidewalk-sao-paulo.cs.washington.edu/labelMap?labelId=24955,https://www.google.com/maps/@?api=1&map_action=pano&pano=KqBX_fMJHbRBuANU61biLg&heading=181.5625&pitch=-19.59375
tr0203,sao-paulo-brazil,25137,sao-paulo-brazil:25137,p6MCiJxvUjmo4mxSahXKng,tagged,mid,15.93,8.8,-0.263,2026-06-10,2024-01,not enough landing space;steep,3,debris / pooled water;missing tactile warning;narrow;not enough landing space;not level with street;points into traffic;steep;surface problem,,,true,https://sidewalk-sao-paulo.cs.washington.edu/gallery?labelType=CurbRamp&labelId=25137,https://sidewalk-sao-paulo.cs.washington.edu/labelMap?labelId=25137,https://www.google.com/maps/@?api=1&map_action=pano&pano=p6MCiJxvUjmo4mxSahXKng&heading=336.28125&pitch=-34.0625
tr0204,santiago-chile,25935,santiago-chile:25935,TUY0GvgsDNY0vBNbyYqT5A,tagged_trusted,mid,15.11,9.3,1.684,2026-04-21,2012-01,missing tactile warning;not level with street,2,debris / pooled water;missing tactile warning;narrow;not enough landing space;not level with street;points into traffic;steep;surface problem,,mikey,true,https://sidewalk-santiago.cs.washington.edu/gallery?labelType=CurbRamp&labelId=25935,https://sidewalk-santiago.cs.washington.edu/labelMap?labelId=25935,https://www.google.com/maps/@?api=1&map_action=pano&pano=TUY0GvgsDNY0vBNbyYqT5A&heading=97.984375&pitch=-17.953125
tr0205,fort-wayne-in,25640,fort-wayne-in:25640,m15JzKarkg0-ccXKpIpBuQ,tagged_trusted,far,5.20,27.5,0.534,2026-03-19,2023-04,not level with street,1,debris / pooled water;missing tactile warning;narrow;not enough landing space;not level with street;points into traffic;steep;surface problem,,jonfroehlich,true,https://sidewalk-fort-wayne.cs.washington.edu/gallery?labelType=CurbRamp&labelId=25640,https://sidewalk-fort-wayne.cs.washington.edu/labelMap?labelId=25640,https://www.google.com/maps/@?api=1&map_action=pano&pano=m15JzKarkg0-ccXKpIpBuQ&heading=244.125&pitch=-12.3125
tr0206,west-chester,26042,west-chester:26042,R7HSR0GLtOO3QoMTkbJGYw,tagged,mid,14.71,9.5,0.319,2025-02-04,2019-08,missing tactile warning,1,debris / pooled water;missing tactile warning;narrow;not enough landing space;not level with street;points into traffic;steep;surface problem,,,true,https://sidewalk-west-chester.cs.washington.edu/gallery?labelType=CurbRamp&labelId=26042,https://sidewalk-west-chester.cs.washington.edu/labelMap?labelId=26042,https://www.google.com/maps/@?api=1&map_action=pano&pano=R7HSR0GLtOO3QoMTkbJGYw&heading=316.0&pitch=-10.0
tr0207,rancagua-chile,26105,rancagua-chile:26105,V5YZYkAnZkKc7jJ1t4cqSg,untagged,mid,14.59,9.6,-0.420,2025-10-14,2025-03,,1,debris / pooled water;missing tactile warning;narrow;not enough landing space;not level with street;points into traffic;steep;surface problem,,,true,https://sidewalk-rancagua.cs.washington.edu/gallery?labelType=CurbRamp&labelId=26105,https://sidewalk-rancagua.cs.washington.edu/labelMap?labelId=26105,https://www.google.com/maps/@?api=1&map_action=pano&pano=V5YZYkAnZkKc7jJ1t4cqSg&heading=61.26339340209961&pitch=-17.984375
tr0208,columbia,51797,columbia:51797,dHB5vv8HrGWI8-kBpRkeIA,affirmed_empty,mid,14.34,9.8,-0.612,2025-07-18,2022-02,,1,debris / pooled water;missing tactile warning;narrow;not enough landing space;not level with street;points into traffic;steep;surface problem,ExpertValidate,,true,https://sidewalk-columbia.cs.washington.edu/gallery?labelType=CurbRamp&labelId=51797,https://sidewalk-columbia.cs.washington.edu/labelMap?labelId=51797,https://www.google.com/maps/@?api=1&map_action=pano&pano=dHB5vv8HrGWI8-kBpRkeIA&heading=331.71875&pitch=-15.430803298950195
tr0209,taipei,48150,taipei:48150,mN0xMOPivGyLxLt5kTQgcQ,tagged,mid,10.20,13.9,0.078,2023-12-29,2023-03,narrow;steep,3,debris / pooled water;missing tactile warning;narrow;not aligned with crosswalk;not enough landing space;not level with street;points into traffic;steep;surface problem,,,true,https://sidewalk-taipei.cs.washington.edu/gallery?labelType=CurbRamp&labelId=48150,https://sidewalk-taipei.cs.washington.edu/labelMap?labelId=48150,https://www.google.com/maps/@?api=1&map_action=pano&pano=mN0xMOPivGyLxLt5kTQgcQ&heading=320.3125&pitch=-26.75
tr0210,waltham-ma,25035,waltham-ma:25035,DEFG0qDNGAKxYMTtYHhf8A,affirmed_empty,far,9.45,15.0,2.149,2026-05-13,2025-07,,1,debris / pooled water;missing tactile warning;narrow;not enough landing space;not level with street;points into traffic;steep;surface problem,ExpertValidate,mikey,true,https://sidewalk-waltham.cs.washington.edu/gallery?labelType=CurbRamp&labelId=25035,https://sidewalk-waltham.cs.washington.edu/labelMap?labelId=25035,https://www.google.com/maps/@?api=1&map_action=pano&pano=DEFG0qDNGAKxYMTtYHhf8A&heading=98.8125&pitch=-13.4375
tr0211,kaohsiung,123881,kaohsiung:123881,TZ9dzt6hvTaQn_bDqvKS1w,untagged,far,6.51,21.9,0.081,2025-12-03,2022-01,,1,debris / pooled water;missing tactile warning;narrow;not aligned with crosswalk;not enough landing space;not level with street;points into traffic;steep;surface problem,,,true,https://sidewalk-kaohsiung.cs.washington.edu/gallery?labelType=CurbRamp&labelId=123881,https://sidewalk-kaohsiung.cs.washington.edu/labelMap?labelId=123881,https://www.google.com/maps/@?api=1&map_action=pano&pano=TZ9dzt6hvTaQn_bDqvKS1w&heading=138.24107360839844&pitch=-4.1339287757873535
tr0212,paterson-nj,25261,paterson-nj:25261,cxWVIBcN0c2qpBE3gJp0Sw,affirmed_empty,near,22.23,6.1,-1.815,2026-01-08,2014-10,,1,debris / pooled water;missing tactile warning;narrow;not enough landing space;not level with street;points into traffic;steep;surface problem,ExpertValidate,,true,https://sidewalk-paterson.cs.washington.edu/gallery?labelType=CurbRamp&labelId=25261,https://sidewalk-paterson.cs.washington.edu/labelMap?labelId=25261,https://www.google.com/maps/@?api=1&map_action=pano&pano=cxWVIBcN0c2qpBE3gJp0Sw&heading=314.0&pitch=-24.875
tr0213,teaneck-nj,8932,teaneck-nj:8932,e__IzDizx3pqkKtv6NzS2g,affirmed_empty,near,25.07,5.3,-0.353,2024-05-08,2022-03,,1,debris / pooled water;missing tactile warning;narrow;not enough landing space;not level with street;points into traffic;steep;surface problem,ExpertValidate,,true,https://sidewalk-teaneck.cs.washington.edu/gallery?labelType=CurbRamp&labelId=8932,https://sidewalk-teaneck.cs.washington.edu/labelMap?labelId=8932,https://www.google.com/maps/@?api=1&map_action=pano&pano=e__IzDizx3pqkKtv6NzS2g&heading=147.0&pitch=-29.5625
tr0214,tucson-az,29040,tucson-az:29040,NgAluiSrR6vTs_rHqSTRLQ,tagged,near,30.63,4.2,-0.553,2025-12-04,2025-01,narrow;points into traffic,1,debris / pooled water;missing tactile warning;narrow;not enough landing space;not level with street;points into traffic;steep;surface problem,ExpertValidate,,true,https://sidewalk-tucson.cs.washington.edu/gallery?labelType=CurbRamp&labelId=29040,https://sidewalk-tucson.cs.washington.edu/labelMap?labelId=29040,https://www.google.com/maps/@?api=1&map_action=pano&pano=NgAluiSrR6vTs_rHqSTRLQ&heading=111.375&pitch=-35.0
tr0215,gainesville-fl,25476,gainesville-fl:25476,hoPS7xmJKkckCvlN_i008w,affirmed_empty,far,7.96,17.9,-0.730,2026-05-12,2025-04,,1,debris / pooled water;missing tactile warning;narrow;not enough landing space;not level with street;points into traffic;steep;surface problem,ExpertValidate,,true,https://sidewalk-gainesville.cs.washington.edu/gallery?labelType=CurbRamp&labelId=25476,https://sidewalk-gainesville.cs.washington.edu/labelMap?labelId=25476,https://www.google.com/maps/@?api=1&map_action=pano&pano=hoPS7xmJKkckCvlN_i008w&heading=230.15625&pitch=-6.65625
tr0216,maywood-nj,25540,maywood-nj:25540,3yw2pCKwnJUInRRAALl03w,tagged_trusted,mid,13.04,10.8,1.003,2025-04-24,2021-09,missing tactile warning;points into traffic,2,debris / pooled water;missing tactile warning;narrow;not enough landing space;not level with street;points into traffic;steep;surface problem,,jonfroehlich,true,https://sidewalk-maywood.cs.washington.edu/gallery?labelType=CurbRamp&labelId=25540,https://sidewalk-maywood.cs.washington.edu/labelMap?labelId=25540,https://www.google.com/maps/@?api=1&map_action=pano&pano=3yw2pCKwnJUInRRAALl03w&heading=8.633928298950195&pitch=-16.866071701049805
tr0217,st-louis-mo,69602,st-louis-mo:69602,8QbYbT7WByTlxQFSGmQMBQ,untagged,mid,16.34,8.5,-0.279,2026-05-12,2025-10,,1,debris / pooled water;missing tactile warning;narrow;not enough landing space;not level with street;points into traffic;steep;surface problem,,,true,https://sidewalk-st-louis.cs.washington.edu/gallery?labelType=CurbRamp&labelId=69602,https://sidewalk-st-louis.cs.washington.edu/labelMap?labelId=69602,https://www.google.com/maps/@?api=1&map_action=pano&pano=8QbYbT7WByTlxQFSGmQMBQ&heading=283.3125&pitch=-25.25
tr0218,taipei,44733,taipei:44733,VmGFapd6jwt2iyOS1EIR3w,tagged,far,6.95,20.5,-0.187,2023-10-30,2023-03,missing tactile warning,1,debris / pooled water;missing tactile warning;narrow;not aligned with crosswalk;not enough landing space;not level with street;points into traffic;steep;surface problem,,,true,https://sidewalk-taipei.cs.washington.edu/gallery?labelType=CurbRamp&labelId=44733,https://sidewalk-taipei.cs.washington.edu/labelMap?labelId=44733,https://www.google.com/maps/@?api=1&map_action=pano&pano=VmGFapd6jwt2iyOS1EIR3w&heading=64.42848066702732&pitch=-24.881099631198044
tr0219,santiago-chile,25865,santiago-chile:25865,ECcoZyj1SpiY5CNASc_b0A,untagged,far,7.58,18.8,0.197,2026-01-17,2025-08,,1,debris / pooled water;missing tactile warning;narrow;not enough landing space;not level with street;points into traffic;steep;surface problem,,,true,https://sidewalk-santiago.cs.washington.edu/gallery?labelType=CurbRamp&labelId=25865,https://sidewalk-santiago.cs.washington.edu/labelMap?labelId=25865,https://www.google.com/maps/@?api=1&map_action=pano&pano=ECcoZyj1SpiY5CNASc_b0A&heading=11.669642448425293&pitch=-6.125
tr0220,st-louis-mo,32094,st-louis-mo:32094,xhOpIopU-1vZ2CJ85ireyw,tagged,near,43.23,2.7,0.917,2025-01-08,2022-05,missing tactile warning,1,debris / pooled water;missing tactile warning;narrow;not enough landing space;not level with street;points into traffic;steep;surface problem,,,true,https://sidewalk-st-louis.cs.washington.edu/gallery?labelType=CurbRamp&labelId=32094,https://sidewalk-st-louis.cs.washington.edu/labelMap?labelId=32094,https://www.google.com/maps/@?api=1&map_action=pano&pano=xhOpIopU-1vZ2CJ85ireyw&heading=13.0&pitch=-33.29214096069336
tr0221,chicago-il,66950,chicago-il:66950,PE5MietYWuL36f9DrE3Z5Q,untagged,near,22.56,6.0,-1.602,2024-07-23,2021-06,,1,debris / pooled water;missing tactile warning;narrow;not enough landing space;not level with street;points into traffic;steep;surface problem,,,true,https://sidewalk-chicago.cs.washington.edu/gallery?labelType=CurbRamp&labelId=66950,https://sidewalk-chicago.cs.washington.edu/labelMap?labelId=66950,https://www.google.com/maps/@?api=1&map_action=pano&pano=PE5MietYWuL36f9DrE3Z5Q&heading=206.85714721679688&pitch=-21.04464340209961
tr0222,tucson-az,26401,tucson-az:26401,MEMyth0Rp9Iw2gdpcCRosQ,tagged,far,8.51,16.7,1.091,2025-11-25,2025-01,steep,1,debris / pooled water;missing tactile warning;narrow;not enough landing space;not level with street;points into traffic;steep;surface problem,,,true,https://sidewalk-tucson.cs.washington.edu/gallery?labelType=CurbRamp&labelId=26401,https://sidewalk-tucson.cs.washington.edu/labelMap?labelId=26401,https://www.google.com/maps/@?api=1&map_action=pano&pano=MEMyth0Rp9Iw2gdpcCRosQ&heading=164.1674041748047&pitch=-14.917410850524902
tr0223,teaneck-nj,5096,teaneck-nj:5096,9bzZEX2m86wliHgpqFvrQw,tagged,far,2.93,48.9,1.513,2024-03-21,2018-06,points into traffic,1,debris / pooled water;missing tactile warning;narrow;not enough landing space;not level with street;points into traffic;steep;surface problem,,,true,https://sidewalk-teaneck.cs.washington.edu/gallery?labelType=CurbRamp&labelId=5096,https://sidewalk-teaneck.cs.washington.edu/labelMap?labelId=5096,https://www.google.com/maps/@?api=1&map_action=pano&pano=9bzZEX2m86wliHgpqFvrQw&heading=357.9040222167969&pitch=0.0
tr0224,keelung,5806,keelung:5806,IvHb9-ebFvKcZkslN3Cvgw,untagged,near,19.58,7.0,1.561,2023-10-26,2022-09,,1,debris / pooled water;missing tactile warning;narrow;not aligned with crosswalk;not enough landing space;not level with street;points into traffic;steep;surface problem,,,true,https://sidewalk-keelung.cs.washington.edu/gallery?labelType=CurbRamp&labelId=5806,https://sidewalk-keelung.cs.washington.edu/labelMap?labelId=5806,https://www.google.com/maps/@?api=1&map_action=pano&pano=IvHb9-ebFvKcZkslN3Cvgw&heading=207.47839959585042&pitch=-21.971033809384803
tr0225,gainesville-fl,30265,gainesville-fl:30265,eGXbQD7Bay5-lvSG9s1_lQ,tagged_trusted,near,23.27,5.8,-0.181,2026-06-12,2026-02,points into traffic,1,debris / pooled water;missing tactile warning;narrow;not enough landing space;not level with street;points into traffic;steep;surface problem,,mikey,true,https://sidewalk-gainesville.cs.washington.edu/gallery?labelType=CurbRamp&labelId=30265,https://sidewalk-gainesville.cs.washington.edu/labelMap?labelId=30265,https://www.google.com/maps/@?api=1&map_action=pano&pano=eGXbQD7Bay5-lvSG9s1_lQ&heading=107.24906250000001&pitch=-23.90625
tr0226,mendota-il,2031,mendota-il:2031,MCRJRtBzeuwTt-8gmnMDJQ,untagged,near,38.01,3.2,-0.878,2024-10-21,2022-11,,1,debris / pooled water;missing tactile warning;narrow;not enough landing space;not level with street;points into traffic;steep;surface problem,,,true,https://sidewalk-mendota.cs.washington.edu/gallery?labelType=CurbRamp&labelId=2031,https://sidewalk-mendota.cs.washington.edu/labelMap?labelId=2031,https://www.google.com/maps/@?api=1&map_action=pano&pano=MCRJRtBzeuwTt-8gmnMDJQ&heading=276.9375&pitch=-31.25
tr0227,cdmx,81880,cdmx:81880,cUQmKpmJ6V_ihpyT_IXRrQ,tagged,near,19.77,7.0,0.162,2026-04-28,2024-10,points into traffic;steep,2,debris / pooled water;missing tactile warning;narrow;not enough landing space;not level with street;points into traffic;steep;surface problem,,,true,https://sidewalk-cdmx.cs.washington.edu/gallery?labelType=CurbRamp&labelId=81880,https://sidewalk-cdmx.cs.washington.edu/labelMap?labelId=81880,https://www.google.com/maps/@?api=1&map_action=pano&pano=cUQmKpmJ6V_ihpyT_IXRrQ&heading=61.40625&pitch=-12.5625
tr0228,hackensack-nj,24945,hackensack-nj:24945,xVZHzmcLAavgRSfVjFvcGQ,tagged,near,17.58,7.9,-0.638,2025-03-25,2022-03,missing tactile warning;surface problem,2,debris / pooled water;missing tactile warning;narrow;not enough landing space;not level with street;points into traffic;steep;surface problem,,,true,https://sidewalk-hackensack.cs.washington.edu/gallery?labelType=CurbRamp&labelId=24945,https://sidewalk-hackensack.cs.washington.edu/labelMap?labelId=24945,https://www.google.com/maps/@?api=1&map_action=pano&pano=xVZHzmcLAavgRSfVjFvcGQ&heading=199.20750427246094&pitch=-29.5625
tr0229,columbia,75592,columbia:75592,siSTHUozUZ1Z-17XeYVtkw,affirmed_empty,near,38.67,3.1,-0.700,2025-09-09,2025-08,,1,debris / pooled water;missing tactile warning;narrow;not enough landing space;not level with street;points into traffic;steep;surface problem,ExpertValidate,,true,https://sidewalk-columbia.cs.washington.edu/gallery?labelType=CurbRamp&labelId=75592,https://sidewalk-columbia.cs.washington.edu/labelMap?labelId=75592,https://www.google.com/maps/@?api=1&map_action=pano&pano=siSTHUozUZ1Z-17XeYVtkw&heading=30.089284896850586&pitch=-35.0
tr0230,walla-walla,4639,walla-walla:4639,Ogl83oJr_3shs4evX4mJ-Q,tagged,mid,13.41,10.5,-0.536,2025-11-14,2023-08,missing tactile warning;points into traffic;steep,2,debris / pooled water;missing tactile warning;narrow;not enough landing space;not level with street;points into traffic;steep;surface problem,,,true,https://sidewalk-walla-walla.cs.washington.edu/gallery?labelType=CurbRamp&labelId=4639,https://sidewalk-walla-walla.cs.washington.edu/labelMap?labelId=4639,https://www.google.com/maps/@?api=1&map_action=pano&pano=Ogl83oJr_3shs4evX4mJ-Q&heading=354.625&pitch=-25.625
tr0231,danville-il,36319,danville-il:36319,wkNT32SGKMtBi1FFEa9_EQ,untagged,far,6.62,21.5,0.651,2025-12-27,2023-08,,1,debris / pooled water;missing tactile warning;narrow;not enough landing space;not level with street;points into traffic;steep;surface problem,,,true,https://sidewalk-danville.cs.washington.edu/gallery?labelType=CurbRamp&labelId=36319,https://sidewalk-danville.cs.washington.edu/labelMap?labelId=36319,https://www.google.com/maps/@?api=1&map_action=pano&pano=wkNT32SGKMtBi1FFEa9_EQ&heading=277.6875&pitch=-35.0
tr0232,seattle-wa,313388,seattle-wa:313388,fM--mmglVz0oL7KJ0ITL_A,untagged,far,9.34,15.2,-0.461,2026-02-22,2025-10,,1,debris / pooled water;missing tactile warning;narrow;not enough landing space;not level with street;points into traffic;steep;surface problem,,,true,https://sidewalk-sea.cs.washington.edu/gallery?labelType=CurbRamp&labelId=313388,https://sidewalk-sea.cs.washington.edu/labelMap?labelId=313388,https://www.google.com/maps/@?api=1&map_action=pano&pano=fM--mmglVz0oL7KJ0ITL_A&heading=336.0625&pitch=-35.0
tr0233,st-louis-mo,6535,st-louis-mo:6535,qbusjErtxY5cJo56CzKYQA,tagged_trusted,mid,15.21,9.2,0.346,2024-05-31,2022-02,missing tactile warning;not enough landing space;points into traffic,2,debris / pooled water;missing tactile warning;narrow;not enough landing space;not level with street;points into traffic;steep;surface problem,,jonfroehlich,true,https://sidewalk-st-louis.cs.washington.edu/gallery?labelType=CurbRamp&labelId=6535,https://sidewalk-st-louis.cs.washington.edu/labelMap?labelId=6535,https://www.google.com/maps/@?api=1&map_action=pano&pano=qbusjErtxY5cJo56CzKYQA&heading=332.25&pitch=-16.549999237060547
tr0234,kaohsiung,27209,kaohsiung:27209,-BQavzMkdvoCUUxSCxQbSg,tagged,far,7.19,19.8,0.100,2025-03-11,2022-02,not aligned with crosswalk,1,debris / pooled water;missing tactile warning;narrow;not aligned with crosswalk;not enough landing space;not level with street;points into traffic;steep;surface problem,,,true,https://sidewalk-kaohsiung.cs.washington.edu/gallery?labelType=CurbRamp&labelId=27209,https://sidewalk-kaohsiung.cs.washington.edu/labelMap?labelId=27209,https://www.google.com/maps/@?api=1&map_action=pano&pano=-BQavzMkdvoCUUxSCxQbSg&heading=223.07142639160156&pitch=-15.232142448425293
tr0235,pittsburgh-pa,25545,pittsburgh-pa:25545,oIW8yVwKLxea1dTeVohPIQ,untagged,far,8.09,17.6,0.414,2025-01-15,2024-09,,1,debris / pooled water;missing tactile warning;narrow;not enough landing space;not level with street;points into traffic;steep;surface problem,,,true,https://sidewalk-pittsburgh.cs.washington.edu/gallery?labelType=CurbRamp&labelId=25545,https://sidewalk-pittsburgh.cs.washington.edu/labelMap?labelId=25545,https://www.google.com/maps/@?api=1&map_action=pano&pano=oIW8yVwKLxea1dTeVohPIQ&heading=94.0&pitch=-10.508928298950195
tr0236,teaneck-nj,5585,teaneck-nj:5585,3-JmSqycrpekcPo5NmqyJg,tagged_trusted,near,47.99,2.3,-0.424,2024-04-04,2022-04,debris / pooled water,1,debris / pooled water;missing tactile warning;narrow;not enough landing space;not level with street;points into traffic;steep;surface problem,,jonfroehlich,true,https://sidewalk-teaneck.cs.washington.edu/gallery?labelType=CurbRamp&labelId=5585,https://sidewalk-teaneck.cs.washington.edu/labelMap?labelId=5585,https://www.google.com/maps/@?api=1&map_action=pano&pano=3-JmSqycrpekcPo5NmqyJg&heading=73.8125&pitch=-35.0
tr0237,pittsburgh-pa,23539,pittsburgh-pa:23539,cKKoPmC5QXv9abX3nOX9Hw,tagged_trusted,far,9.10,15.6,3.975,2024-03-06,2023-07,missing tactile warning;narrow,2,debris / pooled water;missing tactile warning;narrow;not enough landing space;not level with street;points into traffic;steep;surface problem,,jonfroehlich,true,https://sidewalk-pittsburgh.cs.washington.edu/gallery?labelType=CurbRamp&labelId=23539,https://sidewalk-pittsburgh.cs.washington.edu/labelMap?labelId=23539,https://www.google.com/maps/@?api=1&map_action=pano&pano=cKKoPmC5QXv9abX3nOX9Hw&heading=251.44927978515625&pitch=-14.285714149475098
tr0238,columbus-oh,43478,columbus-oh:43478,uvHLR6YJ3TogsfeiQJDF4A,tagged,far,7.16,19.9,1.296,2024-04-23,2022-11,debris / pooled water,2,debris / pooled water;missing tactile warning;narrow;not enough landing space;not level with street;points into traffic;steep;surface problem,,,true,https://sidewalk-columbus.cs.washington.edu/gallery?labelType=CurbRamp&labelId=43478,https://sidewalk-columbus.cs.washington.edu/labelMap?labelId=43478,https://www.google.com/maps/@?api=1&map_action=pano&pano=uvHLR6YJ3TogsfeiQJDF4A&heading=120.62832621207497&pitch=-11.821858476192162
tr0239,keelung,4479,keelung:4479,ACJHpPpsTqW8q6rDCXJ-3Q,tagged,near,18.10,7.6,1.632,2023-10-23,2022-09,not enough landing space,1,debris / pooled water;missing tactile warning;narrow;not aligned with crosswalk;not enough landing space;not level with street;points into traffic;steep;surface problem,,,true,https://sidewalk-keelung.cs.washington.edu/gallery?labelType=CurbRamp&labelId=4479,https://sidewalk-keelung.cs.washington.edu/labelMap?labelId=4479,https://www.google.com/maps/@?api=1&map_action=pano&pano=ACJHpPpsTqW8q6rDCXJ-3Q&heading=26.71875&pitch=-16.875
tr0240,burnaby,14804,burnaby:14804,UV3o-hw4PaKu-FRPzZS4KQ,tagged,near,23.20,5.8,-0.347,2024-07-13,2023-05,parallel lines,1,debris / pooled water;missing tactile warning;narrow;not enough landing space;not level with street;parallel lines;points into traffic;steep;surface problem,,,true,https://sidewalk-burnaby.cs.washington.edu/gallery?labelType=CurbRamp&labelId=14804,https://sidewalk-burnaby.cs.washington.edu/labelMap?labelId=14804,https://www.google.com/maps/@?api=1&map_action=pano&pano=UV3o-hw4PaKu-FRPzZS4KQ&heading=219.32589721679688&pitch=-23.520090103149414
tr0241,rancagua-chile,25298,rancagua-chile:25298,lZxvIW0_1X7hzuMlIHxzsw,tagged,mid,15.41,9.1,-0.994,2025-10-06,2025-05,missing tactile warning;steep,2,debris / pooled water;missing tactile warning;narrow;not enough landing space;not level with street;points into traffic;steep;surface problem,,,true,https://sidewalk-rancagua.cs.washington.edu/gallery?labelType=CurbRamp&labelId=25298,https://sidewalk-rancagua.cs.washington.edu/labelMap?labelId=25298,https://www.google.com/maps/@?api=1&map_action=pano&pano=lZxvIW0_1X7hzuMlIHxzsw&heading=236.6986541748047&pitch=-8.78125
tr0242,chicago-il,133267,chicago-il:133267,MojoN8wibjf-gKkXqwtLsw,affirmed_empty,far,9.37,15.1,-0.079,2025-04-08,2023-10,,1,debris / pooled water;missing tactile warning;narrow;not enough landing space;not level with street;points into traffic;steep;surface problem,ExpertValidate,,true,https://sidewalk-chicago.cs.washington.edu/gallery?labelType=CurbRamp&labelId=133267,https://sidewalk-chicago.cs.washington.edu/labelMap?labelId=133267,https://www.google.com/maps/@?api=1&map_action=pano&pano=MojoN8wibjf-gKkXqwtLsw&heading=143.5892791748047&pitch=-13.991071701049805
tr0243,cdmx,71484,cdmx:71484,npLro_0bpueP508sHb25JQ,tagged_trusted,near,26.11,5.1,-0.208,2025-11-24,2022-06,missing tactile warning;not enough landing space;points into traffic;steep,3,debris / pooled water;missing tactile warning;narrow;not enough landing space;not level with street;points into traffic;steep;surface problem,,jonfroehlich,true,https://sidewalk-cdmx.cs.washington.edu/gallery?labelType=CurbRamp&labelId=71484,https://sidewalk-cdmx.cs.washington.edu/labelMap?labelId=71484,https://www.google.com/maps/@?api=1&map_action=pano&pano=npLro_0bpueP508sHb25JQ&heading=113.125&pitch=-21.3125
tr0244,waltham-ma,24976,waltham-ma:24976,VoSZ5dwPmXvEPh5KjXq9Dw,tagged_trusted,mid,11.59,12.2,1.548,2026-05-12,2022-09,not enough landing space;points into traffic,2,debris / pooled water;missing tactile warning;narrow;not enough landing space;not level with street;points into traffic;steep;surface problem,,jonfroehlich,true,https://sidewalk-waltham.cs.washington.edu/gallery?labelType=CurbRamp&labelId=24976,https://sidewalk-waltham.cs.washington.edu/labelMap?labelId=24976,https://www.google.com/maps/@?api=1&map_action=pano&pano=VoSZ5dwPmXvEPh5KjXq9Dw&heading=228.84375&pitch=-19.0625
tr0245,sao-paulo-brazil,25367,sao-paulo-brazil:25367,itl7OywJhT-NdMQK-ye5yA,tagged,far,8.32,17.1,0.818,2026-07-08,2025-01,narrow,2,debris / pooled water;missing tactile warning;narrow;not enough landing space;not level with street;points into traffic;steep;surface problem,,,true,https://sidewalk-sao-paulo.cs.washington.edu/gallery?labelType=CurbRamp&labelId=25367,https://sidewalk-sao-paulo.cs.washington.edu/labelMap?labelId=25367,https://www.google.com/maps/@?api=1&map_action=pano&pano=itl7OywJhT-NdMQK-ye5yA&heading=307.55252772565257&pitch=-9.395612867143562
tr0246,oradell-nj,15469,oradell-nj:15469,kgpSXzafxqRRkUQB947Kmw,tagged,near,20.85,6.6,0.090,2025-03-04,2022-12,missing tactile warning;not level with street;steep,2,debris / pooled water;missing tactile warning;narrow;not enough landing space;not level with street;points into traffic;steep;surface problem,,,true,https://sidewalk-oradell.cs.washington.edu/gallery?labelType=CurbRamp&labelId=15469,https://sidewalk-oradell.cs.washington.edu/labelMap?labelId=15469,https://www.google.com/maps/@?api=1&map_action=pano&pano=kgpSXzafxqRRkUQB947Kmw&heading=84.0&pitch=-35.0
tr0247,pittsburgh-pa,29058,pittsburgh-pa:29058,KctfnF48trt2wWg-Edftxw,untagged,mid,15.22,9.2,-2.125,2025-07-11,2021-08,,1,debris / pooled water;missing tactile warning;narrow;not enough landing space;not level with street;points into traffic;steep;surface problem,,,true,https://sidewalk-pittsburgh.cs.washington.edu/gallery?labelType=CurbRamp&labelId=29058,https://sidewalk-pittsburgh.cs.washington.edu/labelMap?labelId=29058,https://www.google.com/maps/@?api=1&map_action=pano&pano=KctfnF48trt2wWg-Edftxw&heading=103.08036041259766&pitch=-13.875
tr0248,burnaby,9784,burnaby:9784,cHGSV0edCvwce_Meug26xQ,untagged,far,2.85,50.2,1.827,2024-07-05,2023-05,,1,debris / pooled water;missing tactile warning;narrow;not enough landing space;not level with street;parallel lines;points into traffic;steep;surface problem,,,true,https://sidewalk-burnaby.cs.washington.edu/gallery?labelType=CurbRamp&labelId=9784,https://sidewalk-burnaby.cs.washington.edu/labelMap?labelId=9784,https://www.google.com/maps/@?api=1&map_action=pano&pano=cHGSV0edCvwce_Meug26xQ&heading=34.33932113647461&pitch=-9.1875
tr0249,pittsburgh-pa,30395,pittsburgh-pa:30395,NFJD4-ujcBx_NAFDcD2DHg,untagged,far,7.48,19.1,4.544,2026-01-30,2021-08,,1,debris / pooled water;missing tactile warning;narrow;not enough landing space;not level with street;points into traffic;steep;surface problem,,,true,https://sidewalk-pittsburgh.cs.washington.edu/gallery?labelType=CurbRamp&labelId=30395,https://sidewalk-pittsburgh.cs.washington.edu/labelMap?labelId=30395,https://www.google.com/maps/@?api=1&map_action=pano&pano=NFJD4-ujcBx_NAFDcD2DHg&heading=91.26786041259766&pitch=-23.125
tr0250,newberg-or,19110,newberg-or:19110,H821nuhjkv2yfkcvu4Ge_Q,untagged,near,21.26,6.4,-0.718,2025-07-05,2023-06,,1,debris / pooled water;missing tactile warning;narrow;not enough landing space;not level with street;points into traffic;steep;surface problem,,,true,https://sidewalk-newberg.cs.washington.edu/gallery?labelType=CurbRamp&labelId=19110,https://sidewalk-newberg.cs.washington.edu/labelMap?labelId=19110,https://www.google.com/maps/@?api=1&map_action=pano&pano=H821nuhjkv2yfkcvu4Ge_Q&heading=206.875&pitch=-24.375
tr0251,st-louis-mo,29872,st-louis-mo:29872,8dy_rT2EGQF6gBQh3DyC_g,tagged,mid,15.12,9.3,-0.534,2024-12-06,2022-04,debris / pooled water;missing tactile warning;not enough landing space;points into traffic,3,debris / pooled water;missing tactile warning;narrow;not enough landing space;not level with street;points into traffic;steep;surface problem,ExpertValidate,,true,https://sidewalk-st-louis.cs.washington.edu/gallery?labelType=CurbRamp&labelId=29872,https://sidewalk-st-louis.cs.washington.edu/labelMap?labelId=29872,https://www.google.com/maps/@?api=1&map_action=pano&pano=8dy_rT2EGQF6gBQh3DyC_g&heading=228.17857360839844&pitch=-24.875
tr0252,columbus-oh,38916,columbus-oh:38916,rDvkO7ri6riMMKUrtrToAQ,affirmed_empty,mid,10.10,14.0,-0.235,2023-12-01,2019-07,,1,debris / pooled water;missing tactile warning;narrow;not enough landing space;not level with street;points into traffic;steep;surface problem,ExternalTagValidationASSETS2024,,true,https://sidewalk-columbus.cs.washington.edu/gallery?labelType=CurbRamp&labelId=38916,https://sidewalk-columbus.cs.washington.edu/labelMap?labelId=38916,https://www.google.com/maps/@?api=1&map_action=pano&pano=rDvkO7ri6riMMKUrtrToAQ&heading=31.180803298950195&pitch=-8.410714149475098
tr0253,seattle-wa,292844,seattle-wa:292844,Y4chez0IrKgyK7BK-GHa8g,tagged_trusted,near,25.28,5.3,1.392,2024-10-22,2021-07,missing tactile warning;narrow,2,debris / pooled water;missing tactile warning;narrow;not enough landing space;not level with street;points into traffic;steep;surface problem,,mikey,true,https://sidewalk-sea.cs.washington.edu/gallery?labelType=CurbRamp&labelId=292844,https://sidewalk-sea.cs.washington.edu/labelMap?labelId=292844,https://www.google.com/maps/@?api=1&map_action=pano&pano=Y4chez0IrKgyK7BK-GHa8g&heading=60.08928680419922&pitch=-29.5625
tr0254,cliffside-park-nj,25482,cliffside-park-nj:25482,dcP70twzgkZTQBN7RQaSyw,untagged,near,22.00,6.2,1.001,2025-05-15,2022-11,,1,debris / pooled water;missing tactile warning;narrow;not enough landing space;not level with street;points into traffic;steep;surface problem,,,true,https://sidewalk-cliffside-park.cs.washington.edu/gallery?labelType=CurbRamp&labelId=25482,https://sidewalk-cliffside-park.cs.washington.edu/labelMap?labelId=25482,https://www.google.com/maps/@?api=1&map_action=pano&pano=dcP70twzgkZTQBN7RQaSyw&heading=54.0185432434082&pitch=-35.0
tr0255,waltham-ma,29116,waltham-ma:29116,_yP87EC004hq5_3P7q2gmA,untagged,near,23.84,5.7,-0.041,2026-08-03,2023-10,,1,debris / pooled water;missing tactile warning;narrow;not enough landing space;not level with street;points into traffic;steep;surface problem,,,true,https://sidewalk-waltham.cs.washington.edu/gallery?labelType=CurbRamp&labelId=29116,https://sidewalk-waltham.cs.washington.edu/labelMap?labelId=29116,https://www.google.com/maps/@?api=1&map_action=pano&pano=_yP87EC004hq5_3P7q2gmA&heading=273.24906250000004&pitch=-35.0
tr0256,cdmx,73079,cdmx:73079,62BUGlbQlwP_p6ZzPN-J5A,untagged,mid,11.27,12.5,0.422,2026-01-21,2025-02,,1,debris / pooled water;missing tactile warning;narrow;not enough landing space;not level with street;points into traffic;steep;surface problem,,,true,https://sidewalk-cdmx.cs.washington.edu/gallery?labelType=CurbRamp&labelId=73079,https://sidewalk-cdmx.cs.washington.edu/labelMap?labelId=73079,https://www.google.com/maps/@?api=1&map_action=pano&pano=62BUGlbQlwP_p6ZzPN-J5A&heading=57.265625&pitch=-16.071428298950195
tr0257,waltham-ma,24951,waltham-ma:24951,YvFj-BAN3dOIS-Lvawwbrw,tagged_trusted,far,6.03,23.7,2.385,2026-05-12,2019-08,not enough landing space,1,debris / pooled water;missing tactile warning;narrow;not enough landing space;not level with street;points into traffic;steep;surface problem,,jonfroehlich,true,https://sidewalk-waltham.cs.washington.edu/gallery?labelType=CurbRamp&labelId=24951,https://sidewalk-waltham.cs.washington.edu/labelMap?labelId=24951,https://www.google.com/maps/@?api=1&map_action=pano&pano=YvFj-BAN3dOIS-Lvawwbrw&heading=248.796875&pitch=-15.5625
tr0258,gainesville-fl,30386,gainesville-fl:30386,Ju9gWk090ZExYmDxgO0KOg,tagged,mid,16.49,8.4,1.774,2026-06-13,2026-02,points into traffic,1,debris / pooled water;missing tactile warning;narrow;not enough landing space;not level with street;points into traffic;steep;surface problem,,,true,https://sidewalk-gainesville.cs.washington.edu/gallery?labelType=CurbRamp&labelId=30386,https://sidewalk-gainesville.cs.washington.edu/labelMap?labelId=30386,https://www.google.com/maps/@?api=1&map_action=pano&pano=Ju9gWk090ZExYmDxgO0KOg&heading=284.5&pitch=-19.625
tr0259,danville-il,38817,danville-il:38817,nyQ6khjIOILCiLjIHtbSmA,untagged,mid,9.72,14.6,-1.432,2026-01-05,2023-05,,1,debris / pooled water;missing tactile warning;narrow;not enough landing space;not level with street;points into traffic;steep;surface problem,,,true,https://sidewalk-danville.cs.washington.edu/gallery?labelType=CurbRamp&labelId=38817,https://sidewalk-danville.cs.washington.edu/labelMap?labelId=38817,https://www.google.com/maps/@?api=1&map_action=pano&pano=nyQ6khjIOILCiLjIHtbSmA&heading=78.875&pitch=-9.734375
tr0260,santiago-chile,26014,santiago-chile:26014,Eh8u9KRvb1g8j4-DJVHwjw,tagged,mid,11.40,12.4,-0.523,2026-08-20,2025-08,points into traffic;steep,1,debris / pooled water;missing tactile warning;narrow;not enough landing space;not level with street;points into traffic;steep;surface problem,,,true,https://sidewalk-santiago.cs.washington.edu/gallery?labelType=CurbRamp&labelId=26014,https://sidewalk-santiago.cs.washington.edu/labelMap?labelId=26014,https://www.google.com/maps/@?api=1&map_action=pano&pano=Eh8u9KRvb1g8j4-DJVHwjw&heading=288.35843750000004&pitch=-13.15625
tr0261,zurich,8567,zurich:8567,ouspas-gOA3h1mTmLc8BEw,tagged,mid,11.69,12.1,1.405,2024-03-01,2021-05,missing tactile warning,1,debris / pooled water;missing tactile warning;narrow;not enough landing space;not level with street;points into traffic;steep;surface problem,,,true,https://sidewalk-zurich.cs.washington.edu/gallery?labelType=CurbRamp&labelId=8567,https://sidewalk-zurich.cs.washington.edu/labelMap?labelId=8567,https://www.google.com/maps/@?api=1&map_action=pano&pano=ouspas-gOA3h1mTmLc8BEw&heading=299.09820556640625&pitch=-13.125
tr0262,niagara-falls-ny,25248,niagara-falls-ny:25248,4yti6MpJjgMmRXdKilxVoQ,untagged,mid,14.68,9.5,0.041,2025-07-09,2023-05,,1,debris / pooled water;missing tactile warning;narrow;not enough landing space;not level with street;points into traffic;steep;surface problem,,,true,https://sidewalk-niagara-falls.cs.washington.edu/gallery?labelType=CurbRamp&labelId=25248,https://sidewalk-niagara-falls.cs.washington.edu/labelMap?labelId=25248,https://www.google.com/maps/@?api=1&map_action=pano&pano=4yti6MpJjgMmRXdKilxVoQ&heading=105.625&pitch=-10.8125
tr0263,fort-wayne-in,25779,fort-wayne-in:25779,ajwM16fnEDXd_el0bVPbbQ,tagged_trusted,mid,16.62,8.4,-0.562,2026-03-20,2019-06,surface problem,1,debris / pooled water;missing tactile warning;narrow;not enough landing space;not level with street;points into traffic;steep;surface problem,,jonfroehlich,true,https://sidewalk-fort-wayne.cs.washington.edu/gallery?labelType=CurbRamp&labelId=25779,https://sidewalk-fort-wayne.cs.washington.edu/labelMap?labelId=25779,https://www.google.com/maps/@?api=1&map_action=pano&pano=ajwM16fnEDXd_el0bVPbbQ&heading=70.60749816894531&pitch=-13.625
tr0264,columbia,51151,columbia:51151,BOUZECYGWxt8qu02udguDA,affirmed_empty,mid,16.76,8.3,0.424,2025-07-16,2023-11,,1,debris / pooled water;missing tactile warning;narrow;not enough landing space;not level with street;points into traffic;steep;surface problem,ExpertValidate,,true,https://sidewalk-columbia.cs.washington.edu/gallery?labelType=CurbRamp&labelId=51151,https://sidewalk-columbia.cs.washington.edu/labelMap?labelId=51151,https://www.google.com/maps/@?api=1&map_action=pano&pano=BOUZECYGWxt8qu02udguDA&heading=264.9375&pitch=-7.125
tr0265,burnaby,21796,burnaby:21796,MvbyYlKvtXcOTJAycCkWCw,tagged,near,20.29,6.8,-2.623,2024-07-27,2022-06,parallel lines,1,debris / pooled water;missing tactile warning;narrow;not enough landing space;not level with street;parallel lines;points into traffic;steep;surface problem,,,true,https://sidewalk-burnaby.cs.washington.edu/gallery?labelType=CurbRamp&labelId=21796,https://sidewalk-burnaby.cs.washington.edu/labelMap?labelId=21796,https://www.google.com/maps/@?api=1&map_action=pano&pano=MvbyYlKvtXcOTJAycCkWCw&heading=222.38839721679688&pitch=-17.995534896850586
tr0266,newberg-or,19349,newberg-or:19349,YZUjGLqChVJczVC5XBrusA,tagged_trusted,mid,15.76,8.9,0.614,2026-07-17,2025-06,missing tactile warning,1,debris / pooled water;missing tactile warning;narrow;not enough landing space;not level with street;points into traffic;steep;surface problem,,mikey,true,https://sidewalk-newberg.cs.washington.edu/gallery?labelType=CurbRamp&labelId=19349,https://sidewalk-newberg.cs.washington.edu/labelMap?labelId=19349,https://www.google.com/maps/@?api=1&map_action=pano&pano=YZUjGLqChVJczVC5XBrusA&heading=186.71781249999998&pitch=-22.21875
tr0267,seattle-wa,270471,seattle-wa:270471,DUaUbZSDrgH4cchlpB1VrQ,affirmed_empty,far,8.70,16.3,0.160,2023-10-25,2023-01,,1,debris / pooled water;missing tactile warning;narrow;not enough landing space;not level with street;points into traffic;steep;surface problem,ExternalTagValidationASSETS2024,,true,https://sidewalk-sea.cs.washington.edu/gallery?labelType=CurbRamp&labelId=270471,https://sidewalk-sea.cs.washington.edu/labelMap?labelId=270471,https://www.google.com/maps/@?api=1&map_action=pano&pano=DUaUbZSDrgH4cchlpB1VrQ&heading=36.5&pitch=-12.6875
tr0268,teaneck-nj,8172,teaneck-nj:8172,ezhleFI_Hy58R-ggmu4-Og,untagged,mid,16.42,8.5,1.467,2024-05-01,2022-03,,1,debris / pooled water;missing tactile warning;narrow;not enough landing space;not level with street;points into traffic;steep;surface problem,,,true,https://sidewalk-teaneck.cs.washington.edu/gallery?labelType=CurbRamp&labelId=8172,https://sidewalk-teaneck.cs.washington.edu/labelMap?labelId=8172,https://www.google.com/maps/@?api=1&map_action=pano&pano=ezhleFI_Hy58R-ggmu4-Og&heading=278.25&pitch=-35.0
tr0269,sao-paulo-brazil,25406,sao-paulo-brazil:25406,l13QfSn0mvILpYtUczyNDA,tagged,near,17.92,7.7,-2.252,2026-07-10,2024-07,missing tactile warning;not level with street;surface problem,3,debris / pooled water;missing tactile warning;narrow;not enough landing space;not level with street;points into traffic;steep;surface problem,,,true,https://sidewalk-sao-paulo.cs.washington.edu/gallery?labelType=CurbRamp&labelId=25406,https://sidewalk-sao-paulo.cs.washington.edu/labelMap?labelId=25406,https://www.google.com/maps/@?api=1&map_action=pano&pano=l13QfSn0mvILpYtUczyNDA&heading=42.358437500000036&pitch=-19.578125
tr0270,gainesville-fl,35468,gainesville-fl:35468,ZX9dCulDY-q9Bm1LwJLXaQ,tagged,near,19.89,6.9,0.635,2026-07-10,2026-03,missing tactile warning;steep,3,debris / pooled water;missing tactile warning;narrow;not enough landing space;not level with street;points into traffic;steep;surface problem,,,true,https://sidewalk-gainesville.cs.washington.edu/gallery?labelType=CurbRamp&labelId=35468,https://sidewalk-gainesville.cs.washington.edu/labelMap?labelId=35468,https://www.google.com/maps/@?api=1&map_action=pano&pano=ZX9dCulDY-q9Bm1LwJLXaQ&heading=323.125&pitch=-35.0
tr0271,chicago-il,101737,chicago-il:101737,EqcssRRa6gBWAVpEfhMoVg,tagged,far,5.69,25.1,-0.832,2025-01-04,2024-10,not enough landing space;points into traffic,2,debris / pooled water;missing tactile warning;narrow;not enough landing space;not level with street;points into traffic;steep;surface problem,ExpertValidate,,true,https://sidewalk-chicago.cs.washington.edu/gallery?labelType=CurbRamp&labelId=101737,https://sidewalk-chicago.cs.washington.edu/labelMap?labelId=101737,https://www.google.com/maps/@?api=1&map_action=pano&pano=EqcssRRa6gBWAVpEfhMoVg&heading=217.578125&pitch=-6.0
tr0272,cdmx,73074,cdmx:73074,wkGMXkuUNB50Stsp2lA6wQ,affirmed_empty,mid,15.95,8.7,1.189,2026-01-21,2025-02,,1,debris / pooled water;missing tactile warning;narrow;not enough landing space;not level with street;points into traffic;steep;surface problem,ExpertValidate,,true,https://sidewalk-cdmx.cs.washington.edu/gallery?labelType=CurbRamp&labelId=73074,https://sidewalk-cdmx.cs.washington.edu/labelMap?labelId=73074,https://www.google.com/maps/@?api=1&map_action=pano&pano=wkGMXkuUNB50Stsp2lA6wQ&heading=142.9799041748047&pitch=-23.839284896850586
tr0273,columbia,81329,columbia:81329,VD4ds0OyG8uANmKKMwCisw,tagged,far,7.96,17.9,0.780,2025-09-18,2024-01,debris / pooled water,2,debris / pooled water;missing tactile warning;narrow;not enough landing space;not level with street;points into traffic;steep;surface problem,,,true,https://sidewalk-columbia.cs.washington.edu/gallery?labelType=CurbRamp&labelId=81329,https://sidewalk-columbia.cs.washington.edu/labelMap?labelId=81329,https://www.google.com/maps/@?api=1&map_action=pano&pano=VD4ds0OyG8uANmKKMwCisw&heading=275.734375&pitch=-8.796875
tr0274,seattle-wa,300447,seattle-wa:300447,psSbzpK9gwlLXy0nNID7xQ,affirmed_empty,near,23.84,5.7,-1.387,2025-04-27,2024-09,,1,debris / pooled water;missing tactile warning;narrow;not enough landing space;not level with street;points into traffic;steep;surface problem,ExpertValidate,,true,https://sidewalk-sea.cs.washington.edu/gallery?labelType=CurbRamp&labelId=300447,https://sidewalk-sea.cs.washington.edu/labelMap?labelId=300447,https://www.google.com/maps/@?api=1&map_action=pano&pano=psSbzpK9gwlLXy0nNID7xQ&heading=66.36830139160156&pitch=-17.035715103149414
tr0275,maywood-nj,28508,maywood-nj:28508,WVvFErcQ2LDWgg-H2gDYvA,affirmed_empty,near,39.81,3.0,-1.094,2025-12-19,2025-08,,1,debris / pooled water;missing tactile warning;narrow;not enough landing space;not level with street;points into traffic;steep;surface problem,ExpertValidate,,true,https://sidewalk-maywood.cs.washington.edu/gallery?labelType=CurbRamp&labelId=28508,https://sidewalk-maywood.cs.washington.edu/labelMap?labelId=28508,https://www.google.com/maps/@?api=1&map_action=pano&pano=WVvFErcQ2LDWgg-H2gDYvA&heading=181.62722778320312&pitch=-26.5625
tr0276,paterson-nj,30473,paterson-nj:30473,OSLooQRdY-GZU98ETsllhw,untagged,mid,12.77,11.0,-0.749,2026-02-07,2024-11,,1,debris / pooled water;missing tactile warning;narrow;not enough landing space;not level with street;points into traffic;steep;surface problem,,,true,https://sidewalk-paterson.cs.washington.edu/gallery?labelType=CurbRamp&labelId=30473,https://sidewalk-paterson.cs.washington.edu/labelMap?labelId=30473,https://www.google.com/maps/@?api=1&map_action=pano&pano=OSLooQRdY-GZU98ETsllhw&heading=158.0&pitch=-35.0
tr0277,zurich,10395,zurich:10395,S6RScWP8SPvHJrEgdzaMTQ,tagged,far,5.58,25.6,-0.259,2024-04-06,2021-07,not level with street,,debris / pooled water;missing tactile warning;narrow;not enough landing space;not level with street;points into traffic;steep;surface problem,,,true,https://sidewalk-zurich.cs.washington.edu/gallery?labelType=CurbRamp&labelId=10395,https://sidewalk-zurich.cs.washington.edu/labelMap?labelId=10395,https://www.google.com/maps/@?api=1&map_action=pano&pano=S6RScWP8SPvHJrEgdzaMTQ&heading=134.5625&pitch=-4.59375
tr0278,pittsburgh-pa,27745,pittsburgh-pa:27745,Zqq1B9sOuxPcfc79oZYFpQ,tagged,mid,9.90,14.3,-0.430,2025-04-02,2019-09,missing tactile warning;not level with street,2,debris / pooled water;missing tactile warning;narrow;not enough landing space;not level with street;points into traffic;steep;surface problem,,,true,https://sidewalk-pittsburgh.cs.washington.edu/gallery?labelType=CurbRamp&labelId=27745,https://sidewalk-pittsburgh.cs.washington.edu/labelMap?labelId=27745,https://www.google.com/maps/@?api=1&map_action=pano&pano=Zqq1B9sOuxPcfc79oZYFpQ&heading=113.99500274658203&pitch=-16.625
tr0279,zurich,10578,zurich:10578,BM_97iTzP7tWMZRRwmF3-A,tagged,far,7.94,17.9,0.197,2024-04-09,2014-09,not level with street,1,debris / pooled water;missing tactile warning;narrow;not enough landing space;not level with street;points into traffic;steep;surface problem,,,true,https://sidewalk-zurich.cs.washington.edu/gallery?labelType=CurbRamp&labelId=10578,https://sidewalk-zurich.cs.washington.edu/labelMap?labelId=10578,https://www.google.com/maps/@?api=1&map_action=pano&pano=BM_97iTzP7tWMZRRwmF3-A&heading=107.3125&pitch=-5.5625
tr0280,gainesville-fl,24921,gainesville-fl:24921,DRmINDVp4lZccQxg0tLhPw,tagged_trusted,mid,16.68,8.3,-1.756,2026-04-04,2023-09,missing tactile warning;points into traffic,,debris / pooled water;missing tactile warning;narrow;not enough landing space;not level with street;points into traffic;steep;surface problem,,jonfroehlich,true,https://sidewalk-gainesville.cs.washington.edu/gallery?labelType=CurbRamp&labelId=24921,https://sidewalk-gainesville.cs.washington.edu/labelMap?labelId=24921,https://www.google.com/maps/@?api=1&map_action=pano&pano=DRmINDVp4lZccQxg0tLhPw&heading=5.154374999999959&pitch=-13.03125
tr0281,columbia,44214,columbia:44214,wP5ddejMxBSrWdjsi-7YHA,untagged,far,8.50,16.7,-0.150,2025-07-03,2022-02,,1,debris / pooled water;missing tactile warning;narrow;not enough landing space;not level with street;points into traffic;steep;surface problem,,,true,https://sidewalk-columbia.cs.washington.edu/gallery?labelType=CurbRamp&labelId=44214,https://sidewalk-columbia.cs.washington.edu/labelMap?labelId=44214,https://www.google.com/maps/@?api=1&map_action=pano&pano=wP5ddejMxBSrWdjsi-7YHA&heading=23.92410659790039&pitch=-8.037946701049805
tr0282,newberg-or,19378,newberg-or:19378,LpsN5x0MPkvpLcLkodNFMQ,untagged,mid,9.70,14.6,0.102,2026-08-20,2021-11,,1,debris / pooled water;missing tactile warning;narrow;not enough landing space;not level with street;points into traffic;steep;surface problem,,,true,https://sidewalk-newberg.cs.washington.edu/gallery?labelType=CurbRamp&labelId=19378,https://sidewalk-newberg.cs.washington.edu/labelMap?labelId=19378,https://www.google.com/maps/@?api=1&map_action=pano&pano=LpsN5x0MPkvpLcLkodNFMQ&heading=273.9288255969499&pitch=-14.000664978194077
tr0283,fort-wayne-in,25392,fort-wayne-in:25392,PZxm_3_OtQZpj7WIf1IRpw,untagged,near,22.95,5.9,1.065,2026-03-12,2017-09,,1,debris / pooled water;missing tactile warning;narrow;not enough landing space;not level with street;points into traffic;steep;surface problem,,,true,https://sidewalk-fort-wayne.cs.washington.edu/gallery?labelType=CurbRamp&labelId=25392,https://sidewalk-fort-wayne.cs.washington.edu/labelMap?labelId=25392,https://www.google.com/maps/@?api=1&map_action=pano&pano=PZxm_3_OtQZpj7WIf1IRpw&heading=237.796875&pitch=-26.046875
tr0284,teaneck-nj,8243,teaneck-nj:8243,TyH1CQQbZcazBibb_gmUeQ,affirmed_empty,far,8.02,17.7,-1.275,2024-05-01,2020-11,,1,debris / pooled water;missing tactile warning;narrow;not enough landing space;not level with street;points into traffic;steep;surface problem,ExpertValidate,,true,https://sidewalk-teaneck.cs.washington.edu/gallery?labelType=CurbRamp&labelId=8243,https://sidewalk-teaneck.cs.washington.edu/labelMap?labelId=8243,https://www.google.com/maps/@?api=1&map_action=pano&pano=TyH1CQQbZcazBibb_gmUeQ&heading=116.3125&pitch=-11.65625
tr0285,walla-walla,479,walla-walla:479,y2XJ0BTvegMsivb5Wxxdsw,affirmed_empty,far,5.61,25.4,0.362,2023-10-19,2023-07,,1,debris / pooled water;missing tactile warning;narrow;not enough landing space;not level with street;points into traffic;steep;surface problem,ExternalTagValidationASSETS2024,jonfroehlich,true,https://sidewalk-walla-walla.cs.washington.edu/gallery?labelType=CurbRamp&labelId=479,https://sidewalk-walla-walla.cs.washington.edu/labelMap?labelId=479,https://www.google.com/maps/@?api=1&map_action=pano&pano=y2XJ0BTvegMsivb5Wxxdsw&heading=130.62972910389215&pitch=-6.8812192278800115
tr0286,niagara-falls-ny,26240,niagara-falls-ny:26240,HaQ7fd5r_Pwc0g_BAWcdjA,tagged,near,22.81,5.9,0.129,2025-08-14,2022-08,not level with street,1,debris / pooled water;missing tactile warning;narrow;not enough landing space;not level with street;points into traffic;steep;surface problem,,,true,https://sidewalk-niagara-falls.cs.washington.edu/gallery?labelType=CurbRamp&labelId=26240,https://sidewalk-niagara-falls.cs.washington.edu/labelMap?labelId=26240,https://www.google.com/maps/@?api=1&map_action=pano&pano=HaQ7fd5r_Pwc0g_BAWcdjA&heading=43.375&pitch=-0.6875
tr0287,newberg-or,19356,newberg-or:19356,_3GmQCoyOpd14waXUQrHQw,tagged_trusted,near,20.89,6.5,-0.523,2026-07-17,2025-06,missing tactile warning,1,debris / pooled water;missing tactile warning;narrow;not enough landing space;not level with street;points into traffic;steep;surface problem,,mikey,true,https://sidewalk-newberg.cs.washington.edu/gallery?labelType=CurbRamp&labelId=19356,https://sidewalk-newberg.cs.washington.edu/labelMap?labelId=19356,https://www.google.com/maps/@?api=1&map_action=pano&pano=_3GmQCoyOpd14waXUQrHQw&heading=231.24906249999998&pitch=-23.8125
tr0288,niagara-falls-ny,25464,niagara-falls-ny:25464,8buqkcbFjMARrX5WYu0HaA,tagged,mid,16.83,8.3,0.130,2025-07-10,2022-09,debris / pooled water,1,debris / pooled water;missing tactile warning;narrow;not enough landing space;not level with street;points into traffic;steep;surface problem,,,true,https://sidewalk-niagara-falls.cs.washington.edu/gallery?labelType=CurbRamp&labelId=25464,https://sidewalk-niagara-falls.cs.washington.edu/labelMap?labelId=25464,https://www.google.com/maps/@?api=1&map_action=pano&pano=8buqkcbFjMARrX5WYu0HaA&heading=110.75&pitch=-28.25
tr0289,teaneck-nj,12735,teaneck-nj:12735,qUFeK0u6wUChLmjan6_o7A,tagged,near,18.86,7.3,-1.132,2024-06-03,2022-02,debris / pooled water,3,debris / pooled water;missing tactile warning;narrow;not enough landing space;not level with street;points into traffic;steep;surface problem,,,true,https://sidewalk-teaneck.cs.washington.edu/gallery?labelType=CurbRamp&labelId=12735,https://sidewalk-teaneck.cs.washington.edu/labelMap?labelId=12735,https://www.google.com/maps/@?api=1&map_action=pano&pano=qUFeK0u6wUChLmjan6_o7A&heading=216.875&pitch=-31.0625
tr0290,mendota-il,19360,mendota-il:19360,JmxIrQYet-vgqf7QV0N-AA,tagged,far,9.31,15.3,0.565,2025-10-30,2013-10,missing tactile warning;not level with street,2,debris / pooled water;missing tactile warning;narrow;not enough landing space;not level with street;points into traffic;steep;surface problem,,,true,https://sidewalk-mendota.cs.washington.edu/gallery?labelType=CurbRamp&labelId=19360,https://sidewalk-mendota.cs.washington.edu/labelMap?labelId=19360,https://www.google.com/maps/@?api=1&map_action=pano&pano=JmxIrQYet-vgqf7QV0N-AA&heading=335.0178527832031&pitch=-9.732142448425293
tr0291,keelung,4472,keelung:4472,unMwKEruyYj7hXevy2hFrQ,tagged,mid,14.05,10.0,1.901,2023-10-23,2022-09,steep,1,debris / pooled water;missing tactile warning;narrow;not aligned with crosswalk;not enough landing space;not level with street;points into traffic;steep;surface problem,,,true,https://sidewalk-keelung.cs.washington.edu/gallery?labelType=CurbRamp&labelId=4472,https://sidewalk-keelung.cs.washington.edu/labelMap?labelId=4472,https://www.google.com/maps/@?api=1&map_action=pano&pano=unMwKEruyYj7hXevy2hFrQ&heading=61.40625&pitch=-25.875
tr0292,rancagua-chile,25236,rancagua-chile:25236,9ZzRWIsXfFMBk_9a6v8ViQ,tagged_trusted,far,8.98,15.8,-0.586,2025-09-12,2025-06,not level with street,1,debris / pooled water;missing tactile warning;narrow;not enough landing space;not level with street;points into traffic;steep;surface problem,,jonfroehlich,true,https://sidewalk-rancagua.cs.washington.edu/gallery?labelType=CurbRamp&labelId=25236,https://sidewalk-rancagua.cs.washington.edu/labelMap?labelId=25236,https://www.google.com/maps/@?api=1&map_action=pano&pano=9ZzRWIsXfFMBk_9a6v8ViQ&heading=115.67633819580078&pitch=-7.4129462242126465
tr0293,paterson-nj,30822,paterson-nj:30822,O8fDVe1WXZzRSZKsIXlB3Q,untagged,near,19.54,7.0,-0.161,2026-02-07,2025-10,,1,debris / pooled water;missing tactile warning;narrow;not enough landing space;not level with street;points into traffic;steep;surface problem,,,true,https://sidewalk-paterson.cs.washington.edu/gallery?labelType=CurbRamp&labelId=30822,https://sidewalk-paterson.cs.washington.edu/labelMap?labelId=30822,https://www.google.com/maps/@?api=1&map_action=pano&pano=O8fDVe1WXZzRSZKsIXlB3Q&heading=229.5&pitch=-35.0
tr0294,cdmx,77217,cdmx:77217,VebsAHGRAXOjyXowzL2UbA,untagged,mid,10.06,14.1,0.290,2026-01-27,2025-01,,1,debris / pooled water;missing tactile warning;narrow;not enough landing space;not level with street;points into traffic;steep;surface problem,,,true,https://sidewalk-cdmx.cs.washington.edu/gallery?labelType=CurbRamp&labelId=77217,https://sidewalk-cdmx.cs.washington.edu/labelMap?labelId=77217,https://www.google.com/maps/@?api=1&map_action=pano&pano=VebsAHGRAXOjyXowzL2UbA&heading=246.6607208251953&pitch=-21.01785659790039
tr0295,paterson-nj,34126,paterson-nj:34126,KrsNiI0ffCJxIoBxBSB2sw,tagged,near,23.99,5.6,-0.152,2026-02-11,2025-10,not enough landing space,2,debris / pooled water;missing tactile warning;narrow;not enough landing space;not level with street;points into traffic;steep;surface problem,,,true,https://sidewalk-paterson.cs.washington.edu/gallery?labelType=CurbRamp&labelId=34126,https://sidewalk-paterson.cs.washington.edu/labelMap?labelId=34126,https://www.google.com/maps/@?api=1&map_action=pano&pano=KrsNiI0ffCJxIoBxBSB2sw&heading=292.5&pitch=-35.0
tr0296,columbus-oh,44975,columbus-oh:44975,22g1mQJ0zNpTqg1-phFpuQ,tagged,near,30.64,4.2,0.209,2025-04-03,2022-06,not level with street,1,debris / pooled water;missing tactile warning;narrow;not enough landing space;not level with street;points into traffic;steep;surface problem,,,true,https://sidewalk-columbus.cs.washington.edu/gallery?labelType=CurbRamp&labelId=44975,https://sidewalk-columbus.cs.washington.edu/labelMap?labelId=44975,https://www.google.com/maps/@?api=1&map_action=pano&pano=22g1mQJ0zNpTqg1-phFpuQ&heading=61.96875&pitch=-35.0
tr0297,west-chester,25516,west-chester:25516,GZgkUWBZILPcw_AUmxGYnA,untagged,far,7.80,18.2,2.018,2025-01-24,2024-10,,1,debris / pooled water;missing tactile warning;narrow;not enough landing space;not level with street;points into traffic;steep;surface problem,,,true,https://sidewalk-west-chester.cs.washington.edu/gallery?labelType=CurbRamp&labelId=25516,https://sidewalk-west-chester.cs.washington.edu/labelMap?labelId=25516,https://www.google.com/maps/@?api=1&map_action=pano&pano=GZgkUWBZILPcw_AUmxGYnA&heading=260.3928527832031&pitch=-22.85714340209961
tr0298,keelung,7885,keelung:7885,kg4MuR9GTd2D_LzcnVY9KQ,untagged,near,20.82,6.6,0.230,2024-01-31,2022-09,,1,debris / pooled water;missing tactile warning;narrow;not aligned with crosswalk;not enough landing space;not level with street;points into traffic;steep;surface problem,,,true,https://sidewalk-keelung.cs.washington.edu/gallery?labelType=CurbRamp&labelId=7885,https://sidewalk-keelung.cs.washington.edu/labelMap?labelId=7885,https://www.google.com/maps/@?api=1&map_action=pano&pano=kg4MuR9GTd2D_LzcnVY9KQ&heading=159.0&pitch=-19.375
tr0299,chicago-il,102295,chicago-il:102295,52BU-S9IdWEYo0PVAReUbA,affirmed_empty,near,20.73,6.6,0.125,2025-01-06,2018-08,,1,debris / pooled water;missing tactile warning;narrow;not enough landing space;not level with street;points into traffic;steep;surface problem,ExpertValidate,,true,https://sidewalk-chicago.cs.washington.edu/gallery?labelType=CurbRamp&labelId=102295,https://sidewalk-chicago.cs.washington.edu/labelMap?labelId=102295,https://www.google.com/maps/@?api=1&map_action=pano&pano=52BU-S9IdWEYo0PVAReUbA&heading=2.7410714626312256&pitch=-35.0
tr0300,chicago-il,96634,chicago-il:96634,wVCYBKkqj_XhyizsL8dobQ,affirmed_empty,far,7.32,19.5,0.043,2024-12-19,2024-10,,1,debris / pooled water;missing tactile warning;narrow;not enough landing space;not level with street;points into traffic;steep;surface problem,ExpertValidate,,true,https://sidewalk-chicago.cs.washington.edu/gallery?labelType=CurbRamp&labelId=96634,https://sidewalk-chicago.cs.washington.edu/labelMap?labelId=96634,https://www.google.com/maps/@?api=1&map_action=pano&pano=wVCYBKkqj_XhyizsL8dobQ&heading=263.02679443359375&pitch=-9.669642448425293
tr0301,walla-walla,9288,walla-walla:9288,dFBZqSWExXvxWnY-kjlZfA,tagged,near,38.98,3.1,0.088,2026-09-21,2023-08,missing tactile warning;narrow;not enough landing space;points into traffic;steep,3,debris / pooled water;missing tactile warning;narrow;not enough landing space;not level with street;points into traffic;steep;surface problem,,,true,https://sidewalk-walla-walla.cs.washington.edu/gallery?labelType=CurbRamp&labelId=9288,https://sidewalk-walla-walla.cs.washington.edu/labelMap?labelId=9288,https://www.google.com/maps/@?api=1&map_action=pano&pano=dFBZqSWExXvxWnY-kjlZfA&heading=197.25&pitch=-35.0
tr0302,paterson-nj,47914,paterson-nj:47914,gOyW2B9gX933mJhZaRM-_g,tagged,mid,12.28,11.5,0.506,2026-08-02,2025-10,points into traffic,2,debris / pooled water;missing tactile warning;narrow;not enough landing space;not level with street;points into traffic;steep;surface problem,,,true,https://sidewalk-paterson.cs.washington.edu/gallery?labelType=CurbRamp&labelId=47914,https://sidewalk-paterson.cs.washington.edu/labelMap?labelId=47914,https://www.google.com/maps/@?api=1&map_action=pano&pano=gOyW2B9gX933mJhZaRM-_g&heading=45.0&pitch=-8.671875
tr0303,danville-il,34597,danville-il:34597,87dH439f6-lfkwhpSsoNgA,untagged,mid,15.01,9.3,-2.575,2025-12-23,2023-05,,1,debris / pooled water;missing tactile warning;narrow;not enough landing space;not level with street;points into traffic;steep;surface problem,,,true,https://sidewalk-danville.cs.washington.edu/gallery?labelType=CurbRamp&labelId=34597,https://sidewalk-danville.cs.washington.edu/labelMap?labelId=34597,https://www.google.com/maps/@?api=1&map_action=pano&pano=87dH439f6-lfkwhpSsoNgA&heading=51.16749954223633&pitch=-33.875
tr0304,walla-walla,4744,walla-walla:4744,R4zUtoDKWDEOM7MuNIQQHw,tagged,far,7.71,18.5,-0.657,2025-11-25,2023-08,missing tactile warning;not enough landing space;points into traffic;steep,2,debris / pooled water;missing tactile warning;narrow;not enough landing space;not level with street;points into traffic;steep;surface problem,,,true,https://sidewalk-walla-walla.cs.washington.edu/gallery?labelType=CurbRamp&labelId=4744,https://sidewalk-walla-walla.cs.washington.edu/labelMap?labelId=4744,https://www.google.com/maps/@?api=1&map_action=pano&pano=R4zUtoDKWDEOM7MuNIQQHw&heading=91.8125&pitch=-20.75
tr0305,oradell-nj,15301,oradell-nj:15301,3VN-pENuaydDIGNghE0Oag,tagged,far,8.17,17.4,0.314,2025-01-13,2022-12,narrow,1,debris / pooled water;missing tactile warning;narrow;not enough landing space;not level with street;points into traffic;steep;surface problem,,,true,https://sidewalk-oradell.cs.washington.edu/gallery?labelType=CurbRamp&labelId=15301,https://sidewalk-oradell.cs.washington.edu/labelMap?labelId=15301,https://www.google.com/maps/@?api=1&map_action=pano&pano=3VN-pENuaydDIGNghE0Oag&heading=284.5625&pitch=-25.125
tr0306,tucson-az,30226,tucson-az:30226,AD-pTWfy7SAjZ3HZakU2zQ,untagged,near,21.30,6.4,-0.887,2026-04-30,2025-03,,1,debris / pooled water;missing tactile warning;narrow;not enough landing space;not level with street;points into traffic;steep;surface problem,,,true,https://sidewalk-tucson.cs.washington.edu/gallery?labelType=CurbRamp&labelId=30226,https://sidewalk-tucson.cs.washington.edu/labelMap?labelId=30226,https://www.google.com/maps/@?api=1&map_action=pano&pano=AD-pTWfy7SAjZ3HZakU2zQ&heading=52.9375&pitch=-28.25
tr0307,west-chester,25142,west-chester:25142,MFI70CIAhjXUyrQk4F2nMg,tagged,near,34.78,3.6,-1.179,2025-01-23,2024-07,missing tactile warning;narrow,1,debris / pooled water;missing tactile warning;narrow;not enough landing space;not level with street;points into traffic;steep;surface problem,,,true,https://sidewalk-west-chester.cs.washington.edu/gallery?labelType=CurbRamp&labelId=25142,https://sidewalk-west-chester.cs.washington.edu/labelMap?labelId=25142,https://www.google.com/maps/@?api=1&map_action=pano&pano=MFI70CIAhjXUyrQk4F2nMg&heading=92.80999755859375&pitch=-35.0
tr0308,gainesville-fl,26658,gainesville-fl:26658,u1narSSfxDXYTNylyf3i8A,tagged,near,18.94,7.3,-1.365,2026-05-16,2017-02,missing tactile warning,2,debris / pooled water;missing tactile warning;narrow;not enough landing space;not level with street;points into traffic;steep;surface problem,,,true,https://sidewalk-gainesville.cs.washington.edu/gallery?labelType=CurbRamp&labelId=26658,https://sidewalk-gainesville.cs.washington.edu/labelMap?labelId=26658,https://www.google.com/maps/@?api=1&map_action=pano&pano=u1narSSfxDXYTNylyf3i8A&heading=50.015625&pitch=-16.640625
tr0309,fort-wayne-in,25747,fort-wayne-in:25747,lDw3J8jGSNXVXYSVujVrnw,untagged,far,9.06,15.7,-0.055,2026-03-19,2023-04,,1,debris / pooled water;missing tactile warning;narrow;not enough landing space;not level with street;points into traffic;steep;surface problem,,jonfroehlich,true,https://sidewalk-fort-wayne.cs.washington.edu/gallery?labelType=CurbRamp&labelId=25747,https://sidewalk-fort-wayne.cs.washington.edu/labelMap?labelId=25747,https://www.google.com/maps/@?api=1&map_action=pano&pano=lDw3J8jGSNXVXYSVujVrnw&heading=38.265625&pitch=-16.90625
tr0310,new-taipei,5670,new-taipei:5670,6M0RTF3KOo5fctW1ZcwQzA,tagged,mid,13.09,10.8,0.269,2023-10-21,2022-12,steep,1,debris / pooled water;missing tactile warning;narrow;not aligned with crosswalk;not enough landing space;not level with street;points into traffic;steep;surface problem,,,true,https://sidewalk-new-taipei.cs.washington.edu/gallery?labelType=CurbRamp&labelId=5670,https://sidewalk-new-taipei.cs.washington.edu/labelMap?labelId=5670,https://www.google.com/maps/@?api=1&map_action=pano&pano=6M0RTF3KOo5fctW1ZcwQzA&heading=319.125&pitch=-19.5
tr0311,sao-paulo-brazil,25330,sao-paulo-brazil:25330,q-h8hf4AKQ8YET9bhAcnMA,untagged,near,17.85,7.8,-0.144,2026-07-08,2025-01,,1,debris / pooled water;missing tactile warning;narrow;not enough landing space;not level with street;points into traffic;steep;surface problem,,,true,https://sidewalk-sao-paulo.cs.washington.edu/gallery?labelType=CurbRamp&labelId=25330,https://sidewalk-sao-paulo.cs.washington.edu/labelMap?labelId=25330,https://www.google.com/maps/@?api=1&map_action=pano&pano=q-h8hf4AKQ8YET9bhAcnMA&heading=22.983437500000036&pitch=-27.359375
tr0312,st-louis-mo,72906,st-louis-mo:72906,tRKKAGGJzDRdyjOJZ7hHkg,tagged,far,8.32,17.1,1.475,2026-09-21,2025-08,missing tactile warning;narrow;points into traffic,2,debris / pooled water;missing tactile warning;narrow;not enough landing space;not level with street;points into traffic;steep;surface problem,,,true,https://sidewalk-st-louis.cs.washington.edu/gallery?labelType=CurbRamp&labelId=72906,https://sidewalk-st-louis.cs.washington.edu/labelMap?labelId=72906,https://www.google.com/maps/@?api=1&map_action=pano&pano=tRKKAGGJzDRdyjOJZ7hHkg&heading=247.5255477533064&pitch=-18.789691013225465
tr0313,zurich,10609,zurich:10609,-XDz7ZJnhAtdPLCqpyRtzQ,untagged,near,23.43,5.8,1.421,2024-04-09,2021-07,,1,debris / pooled water;missing tactile warning;narrow;not enough landing space;not level with street;points into traffic;steep;surface problem,,,true,https://sidewalk-zurich.cs.washington.edu/gallery?labelType=CurbRamp&labelId=10609,https://sidewalk-zurich.cs.washington.edu/labelMap?labelId=10609,https://www.google.com/maps/@?api=1&map_action=pano&pano=-XDz7ZJnhAtdPLCqpyRtzQ&heading=340.6875&pitch=-23.5625
tr0314,waltham-ma,25032,waltham-ma:25032,6C0E0OxKFVT9n0395LxJ4w,affirmed_empty,near,28.40,4.6,-0.408,2026-05-13,2025-07,,1,debris / pooled water;missing tactile warning;narrow;not enough landing space;not level with street;points into traffic;steep;surface problem,ExpertValidate,mikey,true,https://sidewalk-waltham.cs.washington.edu/gallery?labelType=CurbRamp&labelId=25032,https://sidewalk-waltham.cs.washington.edu/labelMap?labelId=25032,https://www.google.com/maps/@?api=1&map_action=pano&pano=6C0E0OxKFVT9n0395LxJ4w&heading=175.1875&pitch=-30.46875
tr0315,taipei,4752,taipei:4752,h3rZAgIxucLF2Rl8djNCIA,untagged,far,8.31,17.1,0.460,2023-10-13,2023-04,,1,debris / pooled water;missing tactile warning;narrow;not aligned with crosswalk;not enough landing space;not level with street;points into traffic;steep;surface problem,,,true,https://sidewalk-taipei.cs.washington.edu/gallery?labelType=CurbRamp&labelId=4752,https://sidewalk-taipei.cs.washington.edu/labelMap?labelId=4752,https://www.google.com/maps/@?api=1&map_action=pano&pano=h3rZAgIxucLF2Rl8djNCIA&heading=306.0625&pitch=-8.34375
tr0316,newberg-or,19409,newberg-or:19409,_98DBavSEnxRN-6PeL0nmg,tagged,far,8.84,16.1,0.677,2026-08-20,2023-07,missing tactile warning;narrow;not enough landing space;points into traffic;surface problem,3,debris / pooled water;missing tactile warning;narrow;not enough landing space;not level with street;points into traffic;steep;surface problem,,,true,https://sidewalk-newberg.cs.washington.edu/gallery?labelType=CurbRamp&labelId=19409,https://sidewalk-newberg.cs.washington.edu/labelMap?labelId=19409,https://www.google.com/maps/@?api=1&map_action=pano&pano=_98DBavSEnxRN-6PeL0nmg&heading=71.51420203428839&pitch=-14.563147166278172
tr0317,chicago-il,159262,chicago-il:159262,LesrShJECjaJA8UhHzXVwA,tagged,near,18.87,7.3,-0.065,2025-10-16,2022-10,debris / pooled water;narrow,2,debris / pooled water;missing tactile warning;narrow;not enough landing space;not level with street;points into traffic;steep;surface problem,,,true,https://sidewalk-chicago.cs.washington.edu/gallery?labelType=CurbRamp&labelId=159262,https://sidewalk-chicago.cs.washington.edu/labelMap?labelId=159262,https://www.google.com/maps/@?api=1&map_action=pano&pano=LesrShJECjaJA8UhHzXVwA&heading=32.8125&pitch=-35.0
tr0318,west-chester,24931,west-chester:24931,0DvsBV9jb0N0eEVDb1b8iw,tagged_trusted,near,19.20,7.2,1.362,2025-01-07,2024-07,missing tactile warning;surface problem,2,debris / pooled water;missing tactile warning;narrow;not enough landing space;not level with street;points into traffic;steep;surface problem,,mikey,true,https://sidewalk-west-chester.cs.washington.edu/gallery?labelType=CurbRamp&labelId=24931,https://sidewalk-west-chester.cs.washington.edu/labelMap?labelId=24931,https://www.google.com/maps/@?api=1&map_action=pano&pano=0DvsBV9jb0N0eEVDb1b8iw&heading=190.4107208251953&pitch=-23.6875
tr0319,new-taipei,1579,new-taipei:1579,UYSbZSX4K6GnGFKLJ32BGw,untagged,far,8.44,16.9,0.285,2023-10-18,2022-04,,1,debris / pooled water;missing tactile warning;narrow;not aligned with crosswalk;not enough landing space;not level with street;points into traffic;steep;surface problem,,,true,https://sidewalk-new-taipei.cs.washington.edu/gallery?labelType=CurbRamp&labelId=1579,https://sidewalk-new-taipei.cs.washington.edu/labelMap?labelId=1579,https://www.google.com/maps/@?api=1&map_action=pano&pano=UYSbZSX4K6GnGFKLJ32BGw&heading=285.0&pitch=-15.946428298950195
tr0320,tucson-az,26389,tucson-az:26389,FaSHSLKpLHqSdyvC7ffdsg,tagged,mid,11.16,12.7,1.078,2025-11-25,2025-01,missing tactile warning;not level with street,3,debris / pooled water;missing tactile warning;narrow;not enough landing space;not level with street;points into traffic;steep;surface problem,,,true,https://sidewalk-tucson.cs.washington.edu/gallery?labelType=CurbRamp&labelId=26389,https://sidewalk-tucson.cs.washington.edu/labelMap?labelId=26389,https://www.google.com/maps/@?api=1&map_action=pano&pano=FaSHSLKpLHqSdyvC7ffdsg&heading=331.0&pitch=-24.3125
tr0321,knox-oh,26555,knox-oh:26555,WzFjFarFQtt-UAAUhMQzwA,affirmed_empty,near,33.28,3.8,0.950,2025-02-17,2023-05,,1,debris / pooled water;missing tactile warning;narrow;not enough landing space;not level with street;points into traffic;steep;surface problem,ExpertValidate,,true,https://sidewalk-knox.cs.washington.edu/gallery?labelType=CurbRamp&labelId=26555,https://sidewalk-knox.cs.washington.edu/labelMap?labelId=26555,https://www.google.com/maps/@?api=1&map_action=pano&pano=WzFjFarFQtt-UAAUhMQzwA&heading=73.375&pitch=-35.0
tr0322,detroit-mi,26038,detroit-mi:26038,i4Mv5_RF4fn-pB_wZp4tpA,affirmed_empty,mid,12.24,11.5,0.412,2026-02-21,2019-06,,1,debris / pooled water;missing tactile warning;narrow;not enough landing space;not level with street;points into traffic;steep;surface problem,ExpertValidate,,true,https://sidewalk-detroit.cs.washington.edu/gallery?labelType=CurbRamp&labelId=26038,https://sidewalk-detroit.cs.washington.edu/labelMap?labelId=26038,https://www.google.com/maps/@?api=1&map_action=pano&pano=i4Mv5_RF4fn-pB_wZp4tpA&heading=254.8125&pitch=-17.0625
tr0323,chicago-il,180335,chicago-il:180335,Pcwpc9Vkd3IODdmN0D4HnQ,tagged,far,4.05,35.3,0.495,2026-04-24,2024-06,debris / pooled water;narrow,2,debris / pooled water;missing tactile warning;narrow;not enough landing space;not level with street;points into traffic;steep;surface problem,,,true,https://sidewalk-chicago.cs.washington.edu/gallery?labelType=CurbRamp&labelId=180335,https://sidewalk-chicago.cs.washington.edu/labelMap?labelId=180335,https://www.google.com/maps/@?api=1&map_action=pano&pano=Pcwpc9Vkd3IODdmN0D4HnQ&heading=287.0&pitch=-9.28125
tr0324,niagara-falls-ny,26173,niagara-falls-ny:26173,PrT0ip4YVL1G-4SUfq1fHA,tagged,mid,13.75,10.2,0.842,2025-07-31,2022-08,debris / pooled water;steep;surface problem,1,debris / pooled water;missing tactile warning;narrow;not enough landing space;not level with street;points into traffic;steep;surface problem,,,true,https://sidewalk-niagara-falls.cs.washington.edu/gallery?labelType=CurbRamp&labelId=26173,https://sidewalk-niagara-falls.cs.washington.edu/labelMap?labelId=26173,https://www.google.com/maps/@?api=1&map_action=pano&pano=PrT0ip4YVL1G-4SUfq1fHA&heading=325.328125&pitch=-15.0625
tr0325,cdmx,73539,cdmx:73539,BSIb0-8Gk-CGfEJCh7t6lw,untagged,near,21.59,6.3,-0.054,2026-01-21,2024-07,,1,debris / pooled water;missing tactile warning;narrow;not enough landing space;not level with street;points into traffic;steep;surface problem,,,true,https://sidewalk-cdmx.cs.washington.edu/gallery?labelType=CurbRamp&labelId=73539,https://sidewalk-cdmx.cs.washington.edu/labelMap?labelId=73539,https://www.google.com/maps/@?api=1&map_action=pano&pano=BSIb0-8Gk-CGfEJCh7t6lw&heading=60.25893020629883&pitch=-21.36160659790039
tr0326,oradell-nj,14961,oradell-nj:14961,PcN81gBs-KsV9PPwKIgp4Q,untagged,near,21.03,6.5,0.661,2024-10-04,2012-08,,1,debris / pooled water;missing tactile warning;narrow;not enough landing space;not level with street;points into traffic;steep;surface problem,,,true,https://sidewalk-oradell.cs.washington.edu/gallery?labelType=CurbRamp&labelId=14961,https://sidewalk-oradell.cs.washington.edu/labelMap?labelId=14961,https://www.google.com/maps/@?api=1&map_action=pano&pano=PcN81gBs-KsV9PPwKIgp4Q&heading=138.60714721679688&pitch=-28.383928298950195
tr0327,kaohsiung,25607,kaohsiung:25607,iCY2oR4buqMDP_aS3St4Kw,untagged,far,3.94,36.3,0.106,2025-03-05,2024-10,,1,debris / pooled water;missing tactile warning;narrow;not aligned with crosswalk;not enough landing space;not level with street;points into traffic;steep;surface problem,,,true,https://sidewalk-kaohsiung.cs.washington.edu/gallery?labelType=CurbRamp&labelId=25607,https://sidewalk-kaohsiung.cs.washington.edu/labelMap?labelId=25607,https://www.google.com/maps/@?api=1&map_action=pano&pano=iCY2oR4buqMDP_aS3St4Kw&heading=145.8549041748047&pitch=-8.046875
tr0328,fort-wayne-in,25499,fort-wayne-in:25499,KLkJMq2tFGHYz2-QL78XXw,untagged,mid,17.17,8.1,-0.757,2026-03-16,2023-08,,1,debris / pooled water;missing tactile warning;narrow;not enough landing space;not level with street;points into traffic;steep;surface problem,,,true,https://sidewalk-fort-wayne.cs.washington.edu/gallery?labelType=CurbRamp&labelId=25499,https://sidewalk-fort-wayne.cs.washington.edu/labelMap?labelId=25499,https://www.google.com/maps/@?api=1&map_action=pano&pano=KLkJMq2tFGHYz2-QL78XXw&heading=146.0625&pitch=-24.875
tr0329,gainesville-fl,41162,gainesville-fl:41162,xrtmHUEiOPHmfv1vDaY_pQ,tagged_trusted,near,19.18,7.2,1.672,2026-08-15,2026-02,narrow,1,debris / pooled water;missing tactile warning;narrow;not enough landing space;not level with street;points into traffic;steep;surface problem,,jonfroehlich,true,https://sidewalk-gainesville.cs.washington.edu/gallery?labelType=CurbRamp&labelId=41162,https://sidewalk-gainesville.cs.washington.edu/labelMap?labelId=41162,https://www.google.com/maps/@?api=1&map_action=pano&pano=xrtmHUEiOPHmfv1vDaY_pQ&heading=158.81156250000004&pitch=-16.125
tr0330,mendota-il,3565,mendota-il:3565,Q03vD7jA4keFhx-l9PXGMw,tagged,near,24.33,5.5,-0.617,2024-10-23,2022-11,steep,2,debris / pooled water;missing tactile warning;narrow;not enough landing space;not level with street;points into traffic;steep;surface problem,,,true,https://sidewalk-mendota.cs.washington.edu/gallery?labelType=CurbRamp&labelId=3565,https://sidewalk-mendota.cs.washington.edu/labelMap?labelId=3565,https://www.google.com/maps/@?api=1&map_action=pano&pano=Q03vD7jA4keFhx-l9PXGMw&heading=306.55999755859375&pitch=-35.0
tr0331,columbia,48486,columbia:48486,q1QYP7nNMesMvdujLjtn0w,affirmed_empty,far,6.35,22.5,2.399,2025-07-10,2024-05,,1,debris / pooled water;missing tactile warning;narrow;not enough landing space;not level with street;points into traffic;steep;surface problem,ExpertValidate,,true,https://sidewalk-columbia.cs.washington.edu/gallery?labelType=CurbRamp&labelId=48486,https://sidewalk-columbia.cs.washington.edu/labelMap?labelId=48486,https://www.google.com/maps/@?api=1&map_action=pano&pano=q1QYP7nNMesMvdujLjtn0w&heading=213.296875&pitch=-13.662946701049805
tr0332,hackensack-nj,25205,hackensack-nj:25205,7DiUXKKOYLUNZS9Ry7xHYw,untagged,near,33.22,3.8,-0.746,2025-08-14,2022-05,,1,debris / pooled water;missing tactile warning;narrow;not enough landing space;not level with street;points into traffic;steep;surface problem,,,true,https://sidewalk-hackensack.cs.washington.edu/gallery?labelType=CurbRamp&labelId=25205,https://sidewalk-hackensack.cs.washington.edu/labelMap?labelId=25205,https://www.google.com/maps/@?api=1&map_action=pano&pano=7DiUXKKOYLUNZS9Ry7xHYw&heading=333.375&pitch=-35.0
tr0333,danville-il,26411,danville-il:26411,T2mZVMz45e4yv0ZRJ8XtVA,tagged,far,8.89,16.0,0.386,2025-06-19,2023-08,not enough landing space,2,debris / pooled water;missing tactile warning;narrow;not enough landing space;not level with street;points into traffic;steep;surface problem,,,true,https://sidewalk-danville.cs.washington.edu/gallery?labelType=CurbRamp&labelId=26411,https://sidewalk-danville.cs.washington.edu/labelMap?labelId=26411,https://www.google.com/maps/@?api=1&map_action=pano&pano=T2mZVMz45e4yv0ZRJ8XtVA&heading=295.8816833496094&pitch=-10.832589149475098
tr0334,columbia,45117,columbia:45117,di8AiNuzRAVbfIedDLMH-Q,tagged,near,20.70,6.6,0.311,2025-07-05,2022-02,missing tactile warning;not level with street;steep,2,debris / pooled water;missing tactile warning;narrow;not enough landing space;not level with street;points into traffic;steep;surface problem,,,true,https://sidewalk-columbia.cs.washington.edu/gallery?labelType=CurbRamp&labelId=45117,https://sidewalk-columbia.cs.washington.edu/labelMap?labelId=45117,https://www.google.com/maps/@?api=1&map_action=pano&pano=di8AiNuzRAVbfIedDLMH-Q&heading=158.71652221679688&pitch=-29.133928298950195
tr0335,teaneck-nj,21640,teaneck-nj:21640,9t_7pkVamxQcRcGiTsFp2A,untagged,near,24.87,5.4,0.425,2024-09-30,2024-08,,1,debris / pooled water;missing tactile warning;narrow;not enough landing space;not level with street;points into traffic;steep;surface problem,,,true,https://sidewalk-teaneck.cs.washington.edu/gallery?labelType=CurbRamp&labelId=21640,https://sidewalk-teaneck.cs.washington.edu/labelMap?labelId=21640,https://www.google.com/maps/@?api=1&map_action=pano&pano=9t_7pkVamxQcRcGiTsFp2A&heading=242.3125&pitch=-27.4375
tr0336,mendota-il,19380,mendota-il:19380,bPsUKk2BDWOq6exhPZCtLA,tagged_trusted,mid,10.68,13.3,0.389,2025-11-24,2022-12,not enough landing space,3,debris / pooled water;missing tactile warning;narrow;not enough landing space;not level with street;points into traffic;steep;surface problem,,jonfroehlich,true,https://sidewalk-mendota.cs.washington.edu/gallery?labelType=CurbRamp&labelId=19380,https://sidewalk-mendota.cs.washington.edu/labelMap?labelId=19380,https://www.google.com/maps/@?api=1&map_action=pano&pano=bPsUKk2BDWOq6exhPZCtLA&heading=223.30499267578125&pitch=-13.180000305175781
tr0337,gainesville-fl,39412,gainesville-fl:39412,wVKtThECAR4MY9WSpJz_BA,tagged,mid,17.29,8.0,0.491,2026-07-30,2026-03,debris / pooled water,3,debris / pooled water;missing tactile warning;narrow;not enough landing space;not level with street;points into traffic;steep;surface problem,,,true,https://sidewalk-gainesville.cs.washington.edu/gallery?labelType=CurbRamp&labelId=39412,https://sidewalk-gainesville.cs.washington.edu/labelMap?labelId=39412,https://www.google.com/maps/@?api=1&map_action=pano&pano=wVKtThECAR4MY9WSpJz_BA&heading=94.0625&pitch=-22.4375
tr0338,niagara-falls-ny,26681,niagara-falls-ny:26681,5qsp_882WjlOg9bMixtr6Q,tagged,far,9.13,15.6,1.963,2026-08-20,2025-08,not enough landing space,2,debris / pooled water;missing tactile warning;narrow;not enough landing space;not level with street;points into traffic;steep;surface problem,,,true,https://sidewalk-niagara-falls.cs.washington.edu/gallery?labelType=CurbRamp&labelId=26681,https://sidewalk-niagara-falls.cs.washington.edu/labelMap?labelId=26681,https://www.google.com/maps/@?api=1&map_action=pano&pano=5qsp_882WjlOg9bMixtr6Q&heading=298.0615625&pitch=-15.375
tr0339,knox-oh,26078,knox-oh:26078,yyg2agFT-EEhtr_8PZZUTg,untagged,mid,17.28,8.0,0.364,2025-02-14,2023-05,,1,debris / pooled water;missing tactile warning;narrow;not enough landing space;not level with street;points into traffic;steep;surface problem,,,true,https://sidewalk-knox.cs.washington.edu/gallery?labelType=CurbRamp&labelId=26078,https://sidewalk-knox.cs.washington.edu/labelMap?labelId=26078,https://www.google.com/maps/@?api=1&map_action=pano&pano=yyg2agFT-EEhtr_8PZZUTg&heading=159.3125&pitch=-30.3125
tr0340,mendota-il,2652,mendota-il:2652,HILy-fqXC_X49Q8nzl9NFQ,affirmed_empty,mid,13.72,10.2,0.324,2024-10-22,2023-08,,1,debris / pooled water;missing tactile warning;narrow;not enough landing space;not level with street;points into traffic;steep;surface problem,ExpertValidate,,true,https://sidewalk-mendota.cs.washington.edu/gallery?labelType=CurbRamp&labelId=2652,https://sidewalk-mendota.cs.washington.edu/labelMap?labelId=2652,https://www.google.com/maps/@?api=1&map_action=pano&pano=HILy-fqXC_X49Q8nzl9NFQ&heading=294.0625&pitch=-23.5625
tr0341,zurich,10873,zurich:10873,KqUBMDrK85gRCu9ABrKCjw,untagged,mid,16.77,8.3,0.037,2024-07-02,2021-07,,1,debris / pooled water;missing tactile warning;narrow;not enough landing space;not level with street;points into traffic;steep;surface problem,,,true,https://sidewalk-zurich.cs.washington.edu/gallery?labelType=CurbRamp&labelId=10873,https://sidewalk-zurich.cs.washington.edu/labelMap?labelId=10873,https://www.google.com/maps/@?api=1&map_action=pano&pano=KqUBMDrK85gRCu9ABrKCjw&heading=68.75&pitch=-34.4375
tr0342,pittsburgh-pa,28558,pittsburgh-pa:28558,5yyoAqMdz7IaTzj8Fdxjpw,tagged,far,8.20,17.3,-0.791,2025-05-21,2015-12,not enough landing space,1,debris / pooled water;missing tactile warning;narrow;not enough landing space;not level with street;points into traffic;steep;surface problem,,,true,https://sidewalk-pittsburgh.cs.washington.edu/gallery?labelType=CurbRamp&labelId=28558,https://sidewalk-pittsburgh.cs.washington.edu/labelMap?labelId=28558,https://www.google.com/maps/@?api=1&map_action=pano&pano=5yyoAqMdz7IaTzj8Fdxjpw&heading=328.390625&pitch=-8.375
tr0343,detroit-mi,25897,detroit-mi:25897,urMT81nq3zh9Q9xR_qqxgQ,untagged,mid,13.67,10.3,0.636,2026-02-17,2024-11,,1,debris / pooled water;missing tactile warning;narrow;not enough landing space;not level with street;points into traffic;steep;surface problem,,,true,https://sidewalk-detroit.cs.washington.edu/gallery?labelType=CurbRamp&labelId=25897,https://sidewalk-detroit.cs.washington.edu/labelMap?labelId=25897,https://www.google.com/maps/@?api=1&map_action=pano&pano=urMT81nq3zh9Q9xR_qqxgQ&heading=294.8125&pitch=-23.75
tr0344,burnaby,21634,burnaby:21634,1dgE2wyCMA_wfu9kF67cng,tagged,far,7.28,19.6,2.565,2024-07-26,2023-03,parallel lines,1,debris / pooled water;missing tactile warning;narrow;not enough landing space;not level with street;parallel lines;points into traffic;steep;surface problem,,,true,https://sidewalk-burnaby.cs.washington.edu/gallery?labelType=CurbRamp&labelId=21634,https://sidewalk-burnaby.cs.washington.edu/labelMap?labelId=21634,https://www.google.com/maps/@?api=1&map_action=pano&pano=1dgE2wyCMA_wfu9kF67cng&heading=22.875&pitch=-9.21875
tr0345,pittsburgh-pa,21348,pittsburgh-pa:21348,j7PXCvze4Z1R0DsWjjGMFw,affirmed_empty,mid,15.63,8.9,9.172,2024-02-02,2022-12,,1,debris / pooled water;missing tactile warning;narrow;not enough landing space;not level with street;points into traffic;steep;surface problem,ExternalTagValidationASSETS2024,,true,https://sidewalk-pittsburgh.cs.washington.edu/gallery?labelType=CurbRamp&labelId=21348,https://sidewalk-pittsburgh.cs.washington.edu/labelMap?labelId=21348,https://www.google.com/maps/@?api=1&map_action=pano&pano=j7PXCvze4Z1R0DsWjjGMFw&heading=167.75&pitch=-28.625
tr0346,maywood-nj,27849,maywood-nj:27849,kHWpe2atAf4yWkzDAWKvbg,tagged,mid,16.85,8.3,-0.083,2025-12-13,2020-11,missing tactile warning;not enough landing space,2,debris / pooled water;missing tactile warning;narrow;not enough landing space;not level with street;points into traffic;steep;surface problem,ExpertValidate,,true,https://sidewalk-maywood.cs.washington.edu/gallery?labelType=CurbRamp&labelId=27849,https://sidewalk-maywood.cs.washington.edu/labelMap?labelId=27849,https://www.google.com/maps/@?api=1&map_action=pano&pano=kHWpe2atAf4yWkzDAWKvbg&heading=121.19393157958984&pitch=-29.75
tr0347,fort-wayne-in,25029,fort-wayne-in:25029,6niaVmj2dyVj8wHzqUWiVQ,tagged,near,44.98,2.5,-0.401,2026-03-10,2023-05,debris / pooled water,2,debris / pooled water;missing tactile warning;narrow;not enough landing space;not level with street;points into traffic;steep;surface problem,,,true,https://sidewalk-fort-wayne.cs.washington.edu/gallery?labelType=CurbRamp&labelId=25029,https://sidewalk-fort-wayne.cs.washington.edu/labelMap?labelId=25029,https://www.google.com/maps/@?api=1&map_action=pano&pano=6niaVmj2dyVj8wHzqUWiVQ&heading=232.53125&pitch=-35.0
tr0348,columbus-oh,40768,columbus-oh:40768,Pje0UT-I-SRZtkgCVOtDvg,untagged,far,8.14,17.5,0.937,2024-03-17,2020-11,,1,debris / pooled water;missing tactile warning;narrow;not enough landing space;not level with street;points into traffic;steep;surface problem,,,true,https://sidewalk-columbus.cs.washington.edu/gallery?labelType=CurbRamp&labelId=40768,https://sidewalk-columbus.cs.washington.edu/labelMap?labelId=40768,https://www.google.com/maps/@?api=1&map_action=pano&pano=Pje0UT-I-SRZtkgCVOtDvg&heading=238.7075958251953&pitch=-10.408482551574707
tr0349,taipei,30546,taipei:30546,pyC8-9GIDpM7xeOFZRlgZQ,untagged,near,23.47,5.8,-0.641,2023-10-23,2023-03,,1,debris / pooled water;missing tactile warning;narrow;not aligned with crosswalk;not enough landing space;not level with street;points into traffic;steep;surface problem,,,true,https://sidewalk-taipei.cs.washington.edu/gallery?labelType=CurbRamp&labelId=30546,https://sidewalk-taipei.cs.washington.edu/labelMap?labelId=30546,https://www.google.com/maps/@?api=1&map_action=pano&pano=pyC8-9GIDpM7xeOFZRlgZQ&heading=188.99401933265278&pitch=-31.445761983824234
tr0350,oradell-nj,14901,oradell-nj:14901,OTT-LpsmfYOKeHiZWApM_g,untagged,far,5.54,25.8,0.329,2024-10-04,2022-12,,1,debris / pooled water;missing tactile warning;narrow;not enough landing space;not level with street;points into traffic;steep;surface problem,,,true,https://sidewalk-oradell.cs.washington.edu/gallery?labelType=CurbRamp&labelId=14901,https://sidewalk-oradell.cs.washington.edu/labelMap?labelId=14901,https://www.google.com/maps/@?api=1&map_action=pano&pano=OTT-LpsmfYOKeHiZWApM_g&heading=303.390625&pitch=-6.53125
tr0351,taipei,6063,taipei:6063,syvvSKgMIMOj1JwaGzhSxg,tagged,far,6.70,21.3,-0.089,2023-10-16,2023-03,not enough landing space,1,debris / pooled water;missing tactile warning;narrow;not aligned with crosswalk;not enough landing space;not level with street;points into traffic;steep;surface problem,,,true,https://sidewalk-taipei.cs.washington.edu/gallery?labelType=CurbRamp&labelId=6063,https://sidewalk-taipei.cs.washington.edu/labelMap?labelId=6063,https://www.google.com/maps/@?api=1&map_action=pano&pano=syvvSKgMIMOj1JwaGzhSxg&heading=346.2790222167969&pitch=-8.53125
tr0352,cliffside-park-nj,25116,cliffside-park-nj:25116,_qyEjGy8c0GRv1kcCv5YlA,untagged,mid,14.31,9.8,-0.463,2025-02-13,2024-09,,1,debris / pooled water;missing tactile warning;narrow;not enough landing space;not level with street;points into traffic;steep;surface problem,,,true,https://sidewalk-cliffside-park.cs.washington.edu/gallery?labelType=CurbRamp&labelId=25116,https://sidewalk-cliffside-park.cs.washington.edu/labelMap?labelId=25116,https://www.google.com/maps/@?api=1&map_action=pano&pano=_qyEjGy8c0GRv1kcCv5YlA&heading=354.625&pitch=-15.178571701049805
tr0353,mendota-il,15649,mendota-il:15649,vii2oxwcdmU169OntOFPwA,affirmed_empty,mid,15.65,8.9,0.170,2024-11-13,2023-08,,1,debris / pooled water;missing tactile warning;narrow;not enough landing space;not level with street;points into traffic;steep;surface problem,ExpertValidate,,true,https://sidewalk-mendota.cs.washington.edu/gallery?labelType=CurbRamp&labelId=15649,https://sidewalk-mendota.cs.washington.edu/labelMap?labelId=15649,https://www.google.com/maps/@?api=1&map_action=pano&pano=vii2oxwcdmU169OntOFPwA&heading=328.0625&pitch=0.0
tr0354,columbia,26735,columbia:26735,OMqquM1ZItfF8uFeeEjISg,untagged,mid,11.74,12.0,1.462,2025-06-01,2024-06,,1,debris / pooled water;missing tactile warning;narrow;not enough landing space;not level with street;points into traffic;steep;surface problem,,,true,https://sidewalk-columbia.cs.washington.edu/gallery?labelType=CurbRamp&labelId=26735,https://sidewalk-columbia.cs.washington.edu/labelMap?labelId=26735,https://www.google.com/maps/@?api=1&map_action=pano&pano=OMqquM1ZItfF8uFeeEjISg&heading=1.5625&pitch=-13.875
tr0355,chicago-il,110489,chicago-il:110489,rIh8a398byJ76DJubDVp2A,affirmed_empty,mid,14.26,9.8,1.797,2025-01-16,2018-09,,1,debris / pooled water;missing tactile warning;narrow;not enough landing space;not level with street;points into traffic;steep;surface problem,ExpertValidate,,true,https://sidewalk-chicago.cs.washington.edu/gallery?labelType=CurbRamp&labelId=110489,https://sidewalk-chicago.cs.washington.edu/labelMap?labelId=110489,https://www.google.com/maps/@?api=1&map_action=pano&pano=rIh8a398byJ76DJubDVp2A&heading=157.4375&pitch=-35.0
tr0356,santiago-chile,25974,santiago-chile:25974,hYxtMmcX3mYJr6GQAVxXZw,untagged,mid,16.05,8.7,-0.753,2026-07-27,2025-09,,2,debris / pooled water;missing tactile warning;narrow;not enough landing space;not level with street;points into traffic;steep;surface problem,,,true,https://sidewalk-santiago.cs.washington.edu/gallery?labelType=CurbRamp&labelId=25974,https://sidewalk-santiago.cs.washington.edu/labelMap?labelId=25974,https://www.google.com/maps/@?api=1&map_action=pano&pano=hYxtMmcX3mYJr6GQAVxXZw&heading=216.5&pitch=-35.0
tr0357,danville-il,26205,danville-il:26205,hERcZAIY4B7IuPayxYVSmA,affirmed_empty,far,4.85,29.4,0.746,2025-04-29,2015-08,,1,debris / pooled water;missing tactile warning;narrow;not enough landing space;not level with street;points into traffic;steep;surface problem,ExpertValidate,,true,https://sidewalk-danville.cs.washington.edu/gallery?labelType=CurbRamp&labelId=26205,https://sidewalk-danville.cs.washington.edu/labelMap?labelId=26205,https://www.google.com/maps/@?api=1&map_action=pano&pano=hERcZAIY4B7IuPayxYVSmA&heading=45.96651840209961&pitch=-7.4910712242126465
tr0358,knox-oh,25948,knox-oh:25948,Kou7-p72aKdiiV099FbVBg,untagged,near,27.59,4.8,1.682,2025-02-13,2023-05,,1,debris / pooled water;missing tactile warning;narrow;not enough landing space;not level with street;points into traffic;steep;surface problem,,,true,https://sidewalk-knox.cs.washington.edu/gallery?labelType=CurbRamp&labelId=25948,https://sidewalk-knox.cs.washington.edu/labelMap?labelId=25948,https://www.google.com/maps/@?api=1&map_action=pano&pano=Kou7-p72aKdiiV099FbVBg&heading=212.51785278320312&pitch=-32.85714340209961
tr0359,maywood-nj,26931,maywood-nj:26931,i8ujTXdvXA0i6qTAuYVyjw,untagged,near,23.57,5.7,-0.104,2025-08-15,2025-06,,1,debris / pooled water;missing tactile warning;narrow;not enough landing space;not level with street;points into traffic;steep;surface problem,,,true,https://sidewalk-maywood.cs.washington.edu/gallery?labelType=CurbRamp&labelId=26931,https://sidewalk-maywood.cs.washington.edu/labelMap?labelId=26931,https://www.google.com/maps/@?api=1&map_action=pano&pano=i8ujTXdvXA0i6qTAuYVyjw&heading=178.375&pitch=-24.125
tr0360,cliffside-park-nj,26174,cliffside-park-nj:26174,mn93vQ0uTwT9tMcICna1rQ,tagged,near,27.13,4.9,3.738,2025-07-11,2020-11,not enough landing space,1,debris / pooled water;missing tactile warning;narrow;not enough landing space;not level with street;points into traffic;steep;surface problem,,,true,https://sidewalk-cliffside-park.cs.washington.edu/gallery?labelType=CurbRamp&labelId=26174,https://sidewalk-cliffside-park.cs.washington.edu/labelMap?labelId=26174,https://www.google.com/maps/@?api=1&map_action=pano&pano=mn93vQ0uTwT9tMcICna1rQ&heading=145.3125&pitch=-15.375
tr0361,danville-il,36745,danville-il:36745,RcBJQsmrow7W4umQzf02RQ,untagged,near,18.81,7.3,-0.072,2025-12-28,2023-10,,1,debris / pooled water;missing tactile warning;narrow;not enough landing space;not level with street;points into traffic;steep;surface problem,,,true,https://sidewalk-danville.cs.washington.edu/gallery?labelType=CurbRamp&labelId=36745,https://sidewalk-danville.cs.washington.edu/labelMap?labelId=36745,https://www.google.com/maps/@?api=1&map_action=pano&pano=RcBJQsmrow7W4umQzf02RQ&heading=107.52874755859375&pitch=-22.625
tr0362,chicago-il,155340,chicago-il:155340,bf-hvcnKgTMijKgTeFW6VA,tagged_trusted,near,20.26,6.8,-0.090,2025-08-13,2024-07,missing tactile warning;surface problem,2,debris / pooled water;missing tactile warning;narrow;not enough landing space;not level with street;points into traffic;steep;surface problem,,jonfroehlich,true,https://sidewalk-chicago.cs.washington.edu/gallery?labelType=CurbRamp&labelId=155340,https://sidewalk-chicago.cs.washington.edu/labelMap?labelId=155340,https://www.google.com/maps/@?api=1&map_action=pano&pano=bf-hvcnKgTMijKgTeFW6VA&heading=210.47018432617188&pitch=-28.475446701049805
tr0363,chicago-il,111697,chicago-il:111697,8MUEVsQbztpbH0BJqwgeVg,tagged,near,29.46,4.4,-0.278,2025-01-17,2024-08,surface problem,2,debris / pooled water;missing tactile warning;narrow;not enough landing space;not level with street;points into traffic;steep;surface problem,,,true,https://sidewalk-chicago.cs.washington.edu/gallery?labelType=CurbRamp&labelId=111697,https://sidewalk-chicago.cs.washington.edu/labelMap?labelId=111697,https://www.google.com/maps/@?api=1&map_action=pano&pano=8MUEVsQbztpbH0BJqwgeVg&heading=80.0&pitch=-33.125
tr0364,newberg-or,19138,newberg-or:19138,6qQNStIjZdt6QpsAQODCiA,tagged,near,20.64,6.6,0.964,2025-07-21,2025-06,narrow,1,debris / pooled water;missing tactile warning;narrow;not enough landing space;not level with street;points into traffic;steep;surface problem,,,true,https://sidewalk-newberg.cs.washington.edu/gallery?labelType=CurbRamp&labelId=19138,https://sidewalk-newberg.cs.washington.edu/labelMap?labelId=19138,https://www.google.com/maps/@?api=1&map_action=pano&pano=6qQNStIjZdt6QpsAQODCiA&heading=33.4375&pitch=-34.8125
tr0365,chicago-il,109075,chicago-il:109075,vuNhhR68WdWDB9okFBw37g,affirmed_empty,near,39.94,3.0,-1.338,2025-01-14,2022-01,,1,debris / pooled water;missing tactile warning;narrow;not enough landing space;not level with street;points into traffic;steep;surface problem,ExpertValidate,,true,https://sidewalk-chicago.cs.washington.edu/gallery?labelType=CurbRamp&labelId=109075,https://sidewalk-chicago.cs.washington.edu/labelMap?labelId=109075,https://www.google.com/maps/@?api=1&map_action=pano&pano=vuNhhR68WdWDB9okFBw37g&heading=246.171875&pitch=-35.0
tr0366,maywood-nj,28967,maywood-nj:28967,604INVh3Ph_RLJoAIjbj9w,affirmed_empty,mid,13.00,10.8,0.338,2025-12-21,2020-11,,1,debris / pooled water;missing tactile warning;narrow;not enough landing space;not level with street;points into traffic;steep;surface problem,ExpertValidate,,true,https://sidewalk-maywood.cs.washington.edu/gallery?labelType=CurbRamp&labelId=28967,https://sidewalk-maywood.cs.washington.edu/labelMap?labelId=28967,https://www.google.com/maps/@?api=1&map_action=pano&pano=604INVh3Ph_RLJoAIjbj9w&heading=291.0714416503906&pitch=-11.078125
tr0367,chicago-il,109383,chicago-il:109383,iFzXNCgG8bbuB_2E-t5Qxg,affirmed_empty,mid,14.06,10.0,-0.240,2025-01-14,2018-09,,1,debris / pooled water;missing tactile warning;narrow;not enough landing space;not level with street;points into traffic;steep;surface problem,ExpertValidate,,true,https://sidewalk-chicago.cs.washington.edu/gallery?labelType=CurbRamp&labelId=109383,https://sidewalk-chicago.cs.washington.edu/labelMap?labelId=109383,https://www.google.com/maps/@?api=1&map_action=pano&pano=iFzXNCgG8bbuB_2E-t5Qxg&heading=356.75&pitch=-23.79464340209961
tr0368,niagara-falls-ny,26672,niagara-falls-ny:26672,j9wor-5vdvf4vRjJmqafdw,untagged,mid,13.89,10.1,0.917,2026-08-20,2025-08,,1,debris / pooled water;missing tactile warning;narrow;not enough landing space;not level with street;points into traffic;steep;surface problem,,,true,https://sidewalk-niagara-falls.cs.washington.edu/gallery?labelType=CurbRamp&labelId=26672,https://sidewalk-niagara-falls.cs.washington.edu/labelMap?labelId=26672,https://www.google.com/maps/@?api=1&map_action=pano&pano=j9wor-5vdvf4vRjJmqafdw&heading=204.36958139183474&pitch=-8.656250000000002
tr0369,columbus-oh,44201,columbus-oh:44201,UtGqrPnPpBzwsdJV7md4rg,untagged,near,38.46,3.1,0.740,2024-12-11,2021-07,,1,debris / pooled water;missing tactile warning;narrow;not enough landing space;not level with street;points into traffic;steep;surface problem,,,true,https://sidewalk-columbus.cs.washington.edu/gallery?labelType=CurbRamp&labelId=44201,https://sidewalk-columbus.cs.washington.edu/labelMap?labelId=44201,https://www.google.com/maps/@?api=1&map_action=pano&pano=UtGqrPnPpBzwsdJV7md4rg&heading=323.5625&pitch=-35.0
tr0370,chicago-il,168717,chicago-il:168717,OkV0-bN-zidMFE0CmHn2nw,untagged,far,7.81,18.2,0.603,2026-01-13,2025-08,,1,debris / pooled water;missing tactile warning;narrow;not enough landing space;not level with street;points into traffic;steep;surface problem,,,true,https://sidewalk-chicago.cs.washington.edu/gallery?labelType=CurbRamp&labelId=168717,https://sidewalk-chicago.cs.washington.edu/labelMap?labelId=168717,https://www.google.com/maps/@?api=1&map_action=pano&pano=OkV0-bN-zidMFE0CmHn2nw&heading=326.5714416503906&pitch=-18.3125
tr0371,rancagua-chile,27033,rancagua-chile:27033,jN37iSAjxyaF_tV_Ch3TKg,tagged,near,17.91,7.7,-0.616,2025-11-16,2025-06,steep,2,debris / pooled water;missing tactile warning;narrow;not enough landing space;not level with street;points into traffic;steep;surface problem,,,true,https://sidewalk-rancagua.cs.washington.edu/gallery?labelType=CurbRamp&labelId=27033,https://sidewalk-rancagua.cs.washington.edu/labelMap?labelId=27033,https://www.google.com/maps/@?api=1&map_action=pano&pano=jN37iSAjxyaF_tV_Ch3TKg&heading=251.47097778320312&pitch=-13.638392448425293
tr0372,paterson-nj,38129,paterson-nj:38129,wFy1rNsBJQGVt2rox78P5g,affirmed_empty,near,21.60,6.3,-0.612,2026-03-09,2019-10,,1,debris / pooled water;missing tactile warning;narrow;not enough landing space;not level with street;points into traffic;steep;surface problem,ExpertValidate,,true,https://sidewalk-paterson.cs.washington.edu/gallery?labelType=CurbRamp&labelId=38129,https://sidewalk-paterson.cs.washington.edu/labelMap?labelId=38129,https://www.google.com/maps/@?api=1&map_action=pano&pano=wFy1rNsBJQGVt2rox78P5g&heading=227.375&pitch=-33.3125
tr0373,knox-oh,26622,knox-oh:26622,i8HU-bxPDN1UwYQZ1gn63g,tagged,near,35.83,3.5,0.844,2025-02-17,2023-05,surface problem,1,debris / pooled water;missing tactile warning;narrow;not enough landing space;not level with street;points into traffic;steep;surface problem,,,true,https://sidewalk-knox.cs.washington.edu/gallery?labelType=CurbRamp&labelId=26622,https://sidewalk-knox.cs.washington.edu/labelMap?labelId=26622,https://www.google.com/maps/@?api=1&map_action=pano&pano=i8HU-bxPDN1UwYQZ1gn63g&heading=181.8125&pitch=-33.875
tr0374,danville-il,37514,danville-il:37514,dK45oRKGpJxOndZChsMMAA,tagged,mid,15.48,9.0,-1.066,2025-12-31,2023-06,missing tactile warning,1,debris / pooled water;missing tactile warning;narrow;not enough landing space;not level with street;points into traffic;steep;surface problem,,,true,https://sidewalk-danville.cs.washington.edu/gallery?labelType=CurbRamp&labelId=37514,https://sidewalk-danville.cs.washington.edu/labelMap?labelId=37514,https://www.google.com/maps/@?api=1&map_action=pano&pano=dK45oRKGpJxOndZChsMMAA&heading=332.418212890625&pitch=-18.921875
tr0375,columbus-oh,46582,columbus-oh:46582,FygxEWS0asATgIFlSxWiUw,tagged,near,19.42,7.1,0.486,2025-10-22,2024-07,debris / pooled water,1,debris / pooled water;missing tactile warning;narrow;not enough landing space;not level with street;points into traffic;steep;surface problem,,,true,https://sidewalk-columbus.cs.washington.edu/gallery?labelType=CurbRamp&labelId=46582,https://sidewalk-columbus.cs.washington.edu/labelMap?labelId=46582,https://www.google.com/maps/@?api=1&map_action=pano&pano=FygxEWS0asATgIFlSxWiUw&heading=61.5&pitch=-32.9375
tr0376,santiago-chile,25672,santiago-chile:25672,n7dCNG7-Gp6cK0XYhbfwMA,untagged,near,18.71,7.4,0.520,2025-12-04,2024-05,,1,debris / pooled water;missing tactile warning;narrow;not enough landing space;not level with street;points into traffic;steep;surface problem,,,true,https://sidewalk-santiago.cs.washington.edu/gallery?labelType=CurbRamp&labelId=25672,https://sidewalk-santiago.cs.washington.edu/labelMap?labelId=25672,https://www.google.com/maps/@?api=1&map_action=pano&pano=n7dCNG7-Gp6cK0XYhbfwMA&heading=163.6875&pitch=-24.553571701049805
tr0377,tucson-az,25230,tucson-az:25230,Zjlqt8nAQA0u-2jkbeM7lQ,tagged_trusted,mid,17.17,8.1,0.404,2025-11-22,2025-01,missing tactile warning;not level with street;points into traffic,3,debris / pooled water;missing tactile warning;narrow;not enough landing space;not level with street;points into traffic;steep;surface problem,,jonfroehlich,true,https://sidewalk-tucson.cs.washington.edu/gallery?labelType=CurbRamp&labelId=25230,https://sidewalk-tucson.cs.washington.edu/labelMap?labelId=25230,https://www.google.com/maps/@?api=1&map_action=pano&pano=Zjlqt8nAQA0u-2jkbeM7lQ&heading=301.328125&pitch=-18.792409896850586
tr0378,niagara-falls-ny,25057,niagara-falls-ny:25057,6d8-sPVkRTiCEV5Ws67WeA,untagged,near,21.94,6.2,-0.122,2025-07-08,2022-09,,1,debris / pooled water;missing tactile warning;narrow;not enough landing space;not level with street;points into traffic;steep;surface problem,,,true,https://sidewalk-niagara-falls.cs.washington.edu/gallery?labelType=CurbRamp&labelId=25057,https://sidewalk-niagara-falls.cs.washington.edu/labelMap?labelId=25057,https://www.google.com/maps/@?api=1&map_action=pano&pano=6d8-sPVkRTiCEV5Ws67WeA&heading=167.25&pitch=-35.0
tr0379,st-louis-mo,43783,st-louis-mo:43783,L8ZVGPoVuh6rEUForg12gw,affirmed_empty,far,8.45,16.8,-0.052,2025-07-31,2025-04,,1,debris / pooled water;missing tactile warning;narrow;not enough landing space;not level with street;points into traffic;steep;surface problem,ExpertValidate,,true,https://sidewalk-st-louis.cs.washington.edu/gallery?labelType=CurbRamp&labelId=43783,https://sidewalk-st-louis.cs.washington.edu/labelMap?labelId=43783,https://www.google.com/maps/@?api=1&map_action=pano&pano=L8ZVGPoVuh6rEUForg12gw&heading=194.953125&pitch=-4.484375
tr0380,waltham-ma,25219,waltham-ma:25219,NQcVAauW_MY5r-P0HHHd3Q,tagged_trusted,near,23.59,5.7,0.560,2026-05-13,2022-09,points into traffic,2,debris / pooled water;missing tactile warning;narrow;not enough landing space;not level with street;points into traffic;steep;surface problem,,jonfroehlich,true,https://sidewalk-waltham.cs.washington.edu/gallery?labelType=CurbRamp&labelId=25219,https://sidewalk-waltham.cs.washington.edu/labelMap?labelId=25219,https://www.google.com/maps/@?api=1&map_action=pano&pano=NQcVAauW_MY5r-P0HHHd3Q&heading=181.20218750000004&pitch=-32.1875
tr0381,new-taipei,3002,new-taipei:3002,scV9SshYWv6SUBgnJ6ehzQ,untagged,far,6.71,21.2,0.582,2023-10-19,2022-07,,1,debris / pooled water;missing tactile warning;narrow;not aligned with crosswalk;not enough landing space;not level with street;points into traffic;steep;surface problem,,,true,https://sidewalk-new-taipei.cs.washington.edu/gallery?labelType=CurbRamp&labelId=3002,https://sidewalk-new-taipei.cs.washington.edu/labelMap?labelId=3002,https://www.google.com/maps/@?api=1&map_action=pano&pano=scV9SshYWv6SUBgnJ6ehzQ&heading=154.0&pitch=-10.0
tr0382,kaohsiung,173633,kaohsiung:173633,m0c7CWKluFuEGvlXqdeb8Q,tagged,near,20.80,6.6,0.333,2026-03-29,2026-01,missing tactile warning;not aligned with crosswalk;not level with street,3,debris / pooled water;missing tactile warning;narrow;not aligned with crosswalk;not enough landing space;not level with street;points into traffic;steep;surface problem,,,true,https://sidewalk-kaohsiung.cs.washington.edu/gallery?labelType=CurbRamp&labelId=173633,https://sidewalk-kaohsiung.cs.washington.edu/labelMap?labelId=173633,https://www.google.com/maps/@?api=1&map_action=pano&pano=m0c7CWKluFuEGvlXqdeb8Q&heading=17.21874999999987&pitch=-18.328125
tr0383,maywood-nj,29219,maywood-nj:29219,LUUcZAcagQl9QsaCpIWdvA,untagged,mid,12.77,11.0,-0.819,2026-04-03,2022-12,,1,debris / pooled water;missing tactile warning;narrow;not enough landing space;not level with street;points into traffic;steep;surface problem,,,true,https://sidewalk-maywood.cs.washington.edu/gallery?labelType=CurbRamp&labelId=29219,https://sidewalk-maywood.cs.washington.edu/labelMap?labelId=29219,https://www.google.com/maps/@?api=1&map_action=pano&pano=LUUcZAcagQl9QsaCpIWdvA&heading=270.734375&pitch=-12.5
tr0384,teaneck-nj,7285,teaneck-nj:7285,qcQ8fFqJe5yK7RoLLDgOtA,affirmed_empty,mid,16.87,8.2,3.252,2024-04-28,2020-10,,1,debris / pooled water;missing tactile warning;narrow;not enough landing space;not level with street;points into traffic;steep;surface problem,ExpertValidate,,true,https://sidewalk-teaneck.cs.washington.edu/gallery?labelType=CurbRamp&labelId=7285,https://sidewalk-teaneck.cs.washington.edu/labelMap?labelId=7285,https://www.google.com/maps/@?api=1&map_action=pano&pano=qcQ8fFqJe5yK7RoLLDgOtA&heading=297.375&pitch=-23.0625
tr0385,madison-wi,25887,madison-wi:25887,yOFYCOl_i2NkJrQnYQKMig,untagged,far,8.83,16.1,1.518,2026-04-24,2025-07,,1,debris / pooled water;missing tactile warning;narrow;not enough landing space;not level with street;points into traffic;steep;surface problem,,,true,https://sidewalk-madison.cs.washington.edu/gallery?labelType=CurbRamp&labelId=25887,https://sidewalk-madison.cs.washington.edu/labelMap?labelId=25887,https://www.google.com/maps/@?api=1&map_action=pano&pano=yOFYCOl_i2NkJrQnYQKMig&heading=124.921875&pitch=-16.25
tr0386,gainesville-fl,28668,gainesville-fl:28668,kGnBeNpf2157KBzF8avU_Q,tagged,far,9.12,15.6,-0.834,2026-05-31,2026-02,missing tactile warning,2,debris / pooled water;missing tactile warning;narrow;not enough landing space;not level with street;points into traffic;steep;surface problem,,,true,https://sidewalk-gainesville.cs.washington.edu/gallery?labelType=CurbRamp&labelId=28668,https://sidewalk-gainesville.cs.washington.edu/labelMap?labelId=28668,https://www.google.com/maps/@?api=1&map_action=pano&pano=kGnBeNpf2157KBzF8avU_Q&heading=310.84375&pitch=-12.515625
tr0387,santiago-chile,25481,santiago-chile:25481,UZ7c61xsfFEoBAXYBb1NVg,untagged,near,19.58,7.0,1.319,2025-12-02,2024-06,,1,debris / pooled water;missing tactile warning;narrow;not enough landing space;not level with street;points into traffic;steep;surface problem,,,true,https://sidewalk-santiago.cs.washington.edu/gallery?labelType=CurbRamp&labelId=25481,https://sidewalk-santiago.cs.washington.edu/labelMap?labelId=25481,https://www.google.com/maps/@?api=1&map_action=pano&pano=UZ7c61xsfFEoBAXYBb1NVg&heading=226.75&pitch=-34.8125
tr0388,fort-wayne-in,25243,fort-wayne-in:25243,HePJ6w_TV8RVfsIS_zwpRw,affirmed_empty,near,24.54,5.5,0.425,2026-03-12,2023-08,,1,debris / pooled water;missing tactile warning;narrow;not enough landing space;not level with street;points into traffic;steep;surface problem,ExpertValidate,,true,https://sidewalk-fort-wayne.cs.washington.edu/gallery?labelType=CurbRamp&labelId=25243,https://sidewalk-fort-wayne.cs.washington.edu/labelMap?labelId=25243,https://www.google.com/maps/@?api=1&map_action=pano&pano=HePJ6w_TV8RVfsIS_zwpRw&heading=285.125&pitch=-32.625
tr0389,newberg-or,19234,newberg-or:19234,rpxFJdOQIFVLP0oAVGpWWg,tagged,mid,14.47,9.7,-2.274,2025-10-03,2021-11,debris / pooled water;not enough landing space,2,debris / pooled water;missing tactile warning;narrow;not enough landing space;not level with street;points into traffic;steep;surface problem,,,true,https://sidewalk-newberg.cs.washington.edu/gallery?labelType=CurbRamp&labelId=19234,https://sidewalk-newberg.cs.washington.edu/labelMap?labelId=19234,https://www.google.com/maps/@?api=1&map_action=pano&pano=rpxFJdOQIFVLP0oAVGpWWg&heading=135.625&pitch=-29.75
tr0390,columbus-oh,42864,columbus-oh:42864,yWho9W0Byger75Ysv2LR_g,untagged,far,6.52,21.9,0.094,2024-04-08,2021-09,,1,debris / pooled water;missing tactile warning;narrow;not enough landing space;not level with street;points into traffic;steep;surface problem,,,true,https://sidewalk-columbus.cs.washington.edu/gallery?labelType=CurbRamp&labelId=42864,https://sidewalk-columbus.cs.washington.edu/labelMap?labelId=42864,https://www.google.com/maps/@?api=1&map_action=pano&pano=yWho9W0Byger75Ysv2LR_g&heading=38.421875&pitch=-5.207589149475098
tr0391,seattle-wa,312432,seattle-wa:312432,htng6ZaqL-NUOgH2xd28SQ,untagged,far,5.89,24.2,3.886,2026-02-17,2025-07,,1,debris / pooled water;missing tactile warning;narrow;not enough landing space;not level with street;points into traffic;steep;surface problem,,,true,https://sidewalk-sea.cs.washington.edu/gallery?labelType=CurbRamp&labelId=312432,https://sidewalk-sea.cs.washington.edu/labelMap?labelId=312432,https://www.google.com/maps/@?api=1&map_action=pano&pano=htng6ZaqL-NUOgH2xd28SQ&heading=111.8125&pitch=-35.0
tr0392,hackensack-nj,25123,hackensack-nj:25123,k7_Z_XjpI7X66a_i3DVRVg,untagged,mid,13.97,10.0,-0.347,2025-06-16,2024-09,,,debris / pooled water;missing tactile warning;narrow;not enough landing space;not level with street;points into traffic;steep;surface problem,,,true,https://sidewalk-hackensack.cs.washington.edu/gallery?labelType=CurbRamp&labelId=25123,https://sidewalk-hackensack.cs.washington.edu/labelMap?labelId=25123,https://www.google.com/maps/@?api=1&map_action=pano&pano=k7_Z_XjpI7X66a_i3DVRVg&heading=108.625&pitch=-20.4375
tr0393,burnaby,8834,burnaby:8834,yEhVG2HkF_F70UQ4BbDy1A,affirmed_empty,near,19.05,7.2,-1.321,2024-06-29,2020-12,,1,debris / pooled water;missing tactile warning;narrow;not enough landing space;not level with street;parallel lines;points into traffic;steep;surface problem,ExpertValidate,,true,https://sidewalk-burnaby.cs.washington.edu/gallery?labelType=CurbRamp&labelId=8834,https://sidewalk-burnaby.cs.washington.edu/labelMap?labelId=8834,https://www.google.com/maps/@?api=1&map_action=pano&pano=yEhVG2HkF_F70UQ4BbDy1A&heading=123.390625&pitch=-25.78125
tr0394,burnaby,18264,burnaby:18264,gprmhwWGPrpZUDCN7U52jg,untagged,near,37.32,3.3,-1.679,2024-07-20,2020-09,,1,debris / pooled water;missing tactile warning;narrow;not enough landing space;not level with street;parallel lines;points into traffic;steep;surface problem,,,true,https://sidewalk-burnaby.cs.washington.edu/gallery?labelType=CurbRamp&labelId=18264,https://sidewalk-burnaby.cs.washington.edu/labelMap?labelId=18264,https://www.google.com/maps/@?api=1&map_action=pano&pano=gprmhwWGPrpZUDCN7U52jg&heading=356.265625&pitch=-32.06696319580078
tr0395,teaneck-nj,5130,teaneck-nj:5130,-TiRMaD-_MKhTDeXoyH3-w,tagged,near,18.83,7.3,-1.095,2024-03-21,2022-02,debris / pooled water,2,debris / pooled water;missing tactile warning;narrow;not enough landing space;not level with street;points into traffic;steep;surface problem,,,true,https://sidewalk-teaneck.cs.washington.edu/gallery?labelType=CurbRamp&labelId=5130,https://sidewalk-teaneck.cs.washington.edu/labelMap?labelId=5130,https://www.google.com/maps/@?api=1&map_action=pano&pano=-TiRMaD-_MKhTDeXoyH3-w&heading=43.28125&pitch=-16.6875
tr0396,st-louis-mo,43815,st-louis-mo:43815,Dy33CXHN_2D7YSHRRuxUPw,untagged,far,8.02,17.7,0.152,2025-07-31,2021-08,,,debris / pooled water;missing tactile warning;narrow;not enough landing space;not level with street;points into traffic;steep;surface problem,,,true,https://sidewalk-st-louis.cs.washington.edu/gallery?labelType=CurbRamp&labelId=43815,https://sidewalk-st-louis.cs.washington.edu/labelMap?labelId=43815,https://www.google.com/maps/@?api=1&map_action=pano&pano=Dy33CXHN_2D7YSHRRuxUPw&heading=306.375&pitch=-0.375
tr0397,tucson-az,25459,tucson-az:25459,KcAJZPPpA66WsnEoV736Dg,tagged_trusted,near,20.99,6.5,-0.165,2025-11-23,2025-01,debris / pooled water;missing tactile warning,1,debris / pooled water;missing tactile warning;narrow;not enough landing space;not level with street;points into traffic;steep;surface problem,,jonfroehlich,true,https://sidewalk-tucson.cs.washington.edu/gallery?labelType=CurbRamp&labelId=25459,https://sidewalk-tucson.cs.washington.edu/labelMap?labelId=25459,https://www.google.com/maps/@?api=1&map_action=pano&pano=KcAJZPPpA66WsnEoV736Dg&heading=3.4375&pitch=-26.709821701049805
tr0398,burnaby,8907,burnaby:8907,E16N7wUYB8LU8FouPmfJeA,affirmed_empty,mid,11.06,12.8,0.735,2024-06-29,2022-04,,1,debris / pooled water;missing tactile warning;narrow;not enough landing space;not level with street;parallel lines;points into traffic;steep;surface problem,ExpertValidate,,true,https://sidewalk-burnaby.cs.washington.edu/gallery?labelType=CurbRamp&labelId=8907,https://sidewalk-burnaby.cs.washington.edu/labelMap?labelId=8907,https://www.google.com/maps/@?api=1&map_action=pano&pano=E16N7wUYB8LU8FouPmfJeA&heading=226.296875&pitch=-16.8125
tr0399,west-chester,24940,west-chester:24940,L9AevuHtQnYakkwCTKxo1w,tagged_trusted,mid,9.75,14.6,2.337,2025-01-07,2024-07,missing tactile warning;surface problem,1,debris / pooled water;missing tactile warning;narrow;not enough landing space;not level with street;points into traffic;steep;surface problem,,mikey,true,https://sidewalk-west-chester.cs.washington.edu/gallery?labelType=CurbRamp&labelId=24940,https://sidewalk-west-chester.cs.washington.edu/labelMap?labelId=24940,https://www.google.com/maps/@?api=1&map_action=pano&pano=L9AevuHtQnYakkwCTKxo1w&heading=352.67633056640625&pitch=-14.441964149475098
tr0400,rancagua-chile,25764,rancagua-chile:25764,bygYFhWgcKioxW53RGvI-w,untagged,near,19.87,6.9,-0.929,2025-10-12,2025-03,,1,debris / pooled water;missing tactile warning;narrow;not enough landing space;not level with street;points into traffic;steep;surface problem,,,true,https://sidewalk-rancagua.cs.washington.edu/gallery?labelType=CurbRamp&labelId=25764,https://sidewalk-rancagua.cs.washington.edu/labelMap?labelId=25764,https://www.google.com/maps/@?api=1&map_action=pano&pano=bygYFhWgcKioxW53RGvI-w&heading=321.8660583496094&pitch=-20.85714340209961
tr0401,waltham-ma,26905,waltham-ma:26905,kICcXWHzXHYtGZzlaxtZ_Q,tagged,far,7.41,19.2,0.415,2026-05-19,2025-07,points into traffic,1,debris / pooled water;missing tactile warning;narrow;not enough landing space;not level with street;points into traffic;steep;surface problem,,,true,https://sidewalk-waltham.cs.washington.edu/gallery?labelType=CurbRamp&labelId=26905,https://sidewalk-waltham.cs.washington.edu/labelMap?labelId=26905,https://www.google.com/maps/@?api=1&map_action=pano&pano=kICcXWHzXHYtGZzlaxtZ_Q&heading=144.125&pitch=-13.484375
tr0402,maywood-nj,28641,maywood-nj:28641,UqDcQHlqv1IPg8AH8Fi7Gg,tagged,near,18.54,7.5,-2.255,2025-12-19,2012-08,missing tactile warning;not level with street,2,debris / pooled water;missing tactile warning;narrow;not enough landing space;not level with street;points into traffic;steep;surface problem,ExpertValidate,,true,https://sidewalk-maywood.cs.washington.edu/gallery?labelType=CurbRamp&labelId=28641,https://sidewalk-maywood.cs.washington.edu/labelMap?labelId=28641,https://www.google.com/maps/@?api=1&map_action=pano&pano=UqDcQHlqv1IPg8AH8Fi7Gg&heading=298.4375&pitch=-15.4375
tr0403,columbus-oh,46621,columbus-oh:46621,9aIhgfymXwrM_zJurtBqLw,untagged,mid,11.83,11.9,-1.264,2026-01-17,2025-07,,1,debris / pooled water;missing tactile warning;narrow;not enough landing space;not level with street;points into traffic;steep;surface problem,,,true,https://sidewalk-columbus.cs.washington.edu/gallery?labelType=CurbRamp&labelId=46621,https://sidewalk-columbus.cs.washington.edu/labelMap?labelId=46621,https://www.google.com/maps/@?api=1&map_action=pano&pano=9aIhgfymXwrM_zJurtBqLw&heading=105.72321319580078&pitch=-30.73214340209961
tr0404,columbus-oh,38816,columbus-oh:38816,FmqvzMsqJUwZ1e-VcSYkeQ,affirmed_empty,far,9.17,15.5,-0.781,2023-11-15,2021-06,,1,debris / pooled water;missing tactile warning;narrow;not enough landing space;not level with street;points into traffic;steep;surface problem,ExternalTagValidationASSETS2024,,true,https://sidewalk-columbus.cs.washington.edu/gallery?labelType=CurbRamp&labelId=38816,https://sidewalk-columbus.cs.washington.edu/labelMap?labelId=38816,https://www.google.com/maps/@?api=1&map_action=pano&pano=FmqvzMsqJUwZ1e-VcSYkeQ&heading=311.2008972167969&pitch=-5.1785712242126465
tr0405,detroit-mi,26076,detroit-mi:26076,CHfnfifg0ERAXipAbecI3g,affirmed_empty,near,18.81,7.3,0.223,2026-02-21,2020-10,,1,debris / pooled water;missing tactile warning;narrow;not enough landing space;not level with street;points into traffic;steep;surface problem,ExpertValidate,,true,https://sidewalk-detroit.cs.washington.edu/gallery?labelType=CurbRamp&labelId=26076,https://sidewalk-detroit.cs.washington.edu/labelMap?labelId=26076,https://www.google.com/maps/@?api=1&map_action=pano&pano=CHfnfifg0ERAXipAbecI3g&heading=299.5625&pitch=-34.0625
tr0406,newberg-or,18627,newberg-or:18627,Jr6cr8zrlaIqqGDWauDUjA,tagged,mid,12.68,11.1,0.017,2024-12-16,2023-07,debris / pooled water,1,debris / pooled water;missing tactile warning;narrow;not enough landing space;not level with street;points into traffic;steep;surface problem,,,true,https://sidewalk-newberg.cs.washington.edu/gallery?labelType=CurbRamp&labelId=18627,https://sidewalk-newberg.cs.washington.edu/labelMap?labelId=18627,https://www.google.com/maps/@?api=1&map_action=pano&pano=Jr6cr8zrlaIqqGDWauDUjA&heading=315.8683166503906&pitch=-14.524553298950195
tr0407,cdmx,72934,cdmx:72934,F0lFctd_Ll3eq9XcMJu7_g,tagged,far,9.21,15.4,0.611,2026-01-20,2024-07,not enough landing space;points into traffic,2,debris / pooled water;missing tactile warning;narrow;not enough landing space;not level with street;points into traffic;steep;surface problem,,,true,https://sidewalk-cdmx.cs.washington.edu/gallery?labelType=CurbRamp&labelId=72934,https://sidewalk-cdmx.cs.washington.edu/labelMap?labelId=72934,https://www.google.com/maps/@?api=1&map_action=pano&pano=F0lFctd_Ll3eq9XcMJu7_g&heading=213.015625&pitch=-10.109375
tr0408,columbus-oh,38907,columbus-oh:38907,cdirCDObyHxAjZWeSIVM3A,affirmed_empty,far,8.41,16.9,-0.474,2023-12-01,2021-06,,1,debris / pooled water;missing tactile warning;narrow;not enough landing space;not level with street;points into traffic;steep;surface problem,ExternalTagValidationASSETS2024,,true,https://sidewalk-columbus.cs.washington.edu/gallery?labelType=CurbRamp&labelId=38907,https://sidewalk-columbus.cs.washington.edu/labelMap?labelId=38907,https://www.google.com/maps/@?api=1&map_action=pano&pano=cdirCDObyHxAjZWeSIVM3A&heading=230.9575958251953&pitch=-9.821428298950195
tr0409,hackensack-nj,25237,hackensack-nj:25237,UWO11zv6bAhOabC3dTk9QA,tagged,mid,9.65,14.7,0.213,2025-10-17,2025-09,debris / pooled water;narrow;steep,,debris / pooled water;missing tactile warning;narrow;not enough landing space;not level with street;points into traffic;steep;surface problem,,,true,https://sidewalk-hackensack.cs.washington.edu/gallery?labelType=CurbRamp&labelId=25237,https://sidewalk-hackensack.cs.washington.edu/labelMap?labelId=25237,https://www.google.com/maps/@?api=1&map_action=pano&pano=UWO11zv6bAhOabC3dTk9QA&heading=275.46875&pitch=-8.71875
tr0410,maywood-nj,24930,maywood-nj:24930,roVcLxn9h3UwsnlnqN1L0A,tagged_trusted,near,29.26,4.5,-0.150,2025-04-03,2022-03,points into traffic,1,debris / pooled water;missing tactile warning;narrow;not enough landing space;not level with street;points into traffic;steep;surface problem,,mikey,true,https://sidewalk-maywood.cs.washington.edu/gallery?labelType=CurbRamp&labelId=24930,https://sidewalk-maywood.cs.washington.edu/labelMap?labelId=24930,https://www.google.com/maps/@?api=1&map_action=pano&pano=roVcLxn9h3UwsnlnqN1L0A&heading=330.5625&pitch=-22.1875
tr0411,fort-wayne-in,25354,fort-wayne-in:25354,mv0Deyaou9YKKrZqoav7gQ,tagged,near,18.14,7.6,1.552,2026-03-12,2023-08,not enough landing space,1,debris / pooled water;missing tactile warning;narrow;not enough landing space;not level with street;points into traffic;steep;surface problem,ExpertValidate,,true,https://sidewalk-fort-wayne.cs.washington.edu/gallery?labelType=CurbRamp&labelId=25354,https://sidewalk-fort-wayne.cs.washington.edu/labelMap?labelId=25354,https://www.google.com/maps/@?api=1&map_action=pano&pano=mv0Deyaou9YKKrZqoav7gQ&heading=84.5625&pitch=-26.28125
tr0412,maywood-nj,28883,maywood-nj:28883,ma-E-vEIz-ylGzfcjpwjTA,affirmed_empty,mid,11.06,12.8,1.792,2025-12-20,2018-10,,1,debris / pooled water;missing tactile warning;narrow;not enough landing space;not level with street;points into traffic;steep;surface problem,ExpertValidate,,true,https://sidewalk-maywood.cs.washington.edu/gallery?labelType=CurbRamp&labelId=28883,https://sidewalk-maywood.cs.washington.edu/labelMap?labelId=28883,https://www.google.com/maps/@?api=1&map_action=pano&pano=ma-E-vEIz-ylGzfcjpwjTA&heading=358.0625&pitch=-20.785715103149414
tr0413,oradell-nj,15546,oradell-nj:15546,G900B5jfb3GkVGUUYCCazA,tagged,near,17.89,7.7,-1.064,2025-03-21,2018-06,narrow;points into traffic,2,debris / pooled water;missing tactile warning;narrow;not enough landing space;not level with street;points into traffic;steep;surface problem,,,true,https://sidewalk-oradell.cs.washington.edu/gallery?labelType=CurbRamp&labelId=15546,https://sidewalk-oradell.cs.washington.edu/labelMap?labelId=15546,https://www.google.com/maps/@?api=1&map_action=pano&pano=G900B5jfb3GkVGUUYCCazA&heading=47.9375&pitch=-10.9375
tr0414,santiago-chile,24947,santiago-chile:24947,9kuUBEPMNTC-HzdjIGjkWw,tagged,mid,14.30,9.8,0.331,2025-11-11,2024-06,not level with street,1,debris / pooled water;missing tactile warning;narrow;not enough landing space;not level with street;points into traffic;steep;surface problem,,,true,https://sidewalk-santiago.cs.washington.edu/gallery?labelType=CurbRamp&labelId=24947,https://sidewalk-santiago.cs.washington.edu/labelMap?labelId=24947,https://www.google.com/maps/@?api=1&map_action=pano&pano=9kuUBEPMNTC-HzdjIGjkWw&heading=32.99106979370117&pitch=-15.537946701049805
tr0415,gainesville-fl,25386,gainesville-fl:25386,jcjsy30yXNRqJSL2TWDfBQ,affirmed_empty,far,5.88,24.3,-0.805,2026-05-12,2025-04,,1,debris / pooled water;missing tactile warning;narrow;not enough landing space;not level with street;points into traffic;steep;surface problem,ExpertValidate,,true,https://sidewalk-gainesville.cs.washington.edu/gallery?labelType=CurbRamp&labelId=25386,https://sidewalk-gainesville.cs.washington.edu/labelMap?labelId=25386,https://www.google.com/maps/@?api=1&map_action=pano&pano=jcjsy30yXNRqJSL2TWDfBQ&heading=79.0625&pitch=-3.984375
tr0416,zurich,7951,zurich:7951,f7m2L_EC-DilxfPUvyty4g,tagged,mid,9.54,14.9,1.731,2023-11-28,2021-05,missing tactile warning;not enough landing space;steep,3,debris / pooled water;missing tactile warning;narrow;not enough landing space;not level with street;points into traffic;steep;surface problem,,,true,https://sidewalk-zurich.cs.washington.edu/gallery?labelType=CurbRamp&labelId=7951,https://sidewalk-zurich.cs.washington.edu/labelMap?labelId=7951,https://www.google.com/maps/@?api=1&map_action=pano&pano=f7m2L_EC-DilxfPUvyty4g&heading=358.5625&pitch=-34.25
tr0417,columbia,56025,columbia:56025,X0A7c41Y0jhBw8XhNGbMfQ,untagged,mid,12.66,11.1,2.260,2025-07-25,2022-01,,1,debris / pooled water;missing tactile warning;narrow;not enough landing space;not level with street;points into traffic;steep;surface problem,,,true,https://sidewalk-columbia.cs.washington.edu/gallery?labelType=CurbRamp&labelId=56025,https://sidewalk-columbia.cs.washington.edu/labelMap?labelId=56025,https://www.google.com/maps/@?api=1&map_action=pano&pano=X0A7c41Y0jhBw8XhNGbMfQ&heading=102.69642639160156&pitch=-11.928571701049805
tr0418,hackensack-nj,25396,hackensack-nj:25396,c2HyHI_i-aZ2jfdjZW1rhA,tagged,mid,10.53,13.4,-1.061,2026-08-20,2025-09,not enough landing space,2,debris / pooled water;missing tactile warning;narrow;not enough landing space;not level with street;points into traffic;steep;surface problem,,,true,https://sidewalk-hackensack.cs.washington.edu/gallery?labelType=CurbRamp&labelId=25396,https://sidewalk-hackensack.cs.washington.edu/labelMap?labelId=25396,https://www.google.com/maps/@?api=1&map_action=pano&pano=c2HyHI_i-aZ2jfdjZW1rhA&heading=142.9375000000001&pitch=-22.312500000000004
tr0419,burnaby,20767,burnaby:20767,LxV4L-OZkJYL0z6C9mTymw,untagged,near,30.51,4.2,-0.252,2024-07-23,2023-05,,1,debris / pooled water;missing tactile warning;narrow;not enough landing space;not level with street;parallel lines;points into traffic;steep;surface problem,,,true,https://sidewalk-burnaby.cs.washington.edu/gallery?labelType=CurbRamp&labelId=20767,https://sidewalk-burnaby.cs.washington.edu/labelMap?labelId=20767,https://www.google.com/maps/@?api=1&map_action=pano&pano=LxV4L-OZkJYL0z6C9mTymw&heading=143.51785278320312&pitch=-20.743303298950195
tr0420,santiago-chile,24930,santiago-chile:24930,57NUm5VU4bcl3BS4TQdeBA,tagged_trusted,far,9.12,15.6,-0.700,2025-10-22,2024-05,missing tactile warning;points into traffic;steep,2,debris / pooled water;missing tactile warning;narrow;not enough landing space;not level with street;points into traffic;steep;surface problem,,jonfroehlich,true,https://sidewalk-santiago.cs.washington.edu/gallery?labelType=CurbRamp&labelId=24930,https://sidewalk-santiago.cs.washington.edu/labelMap?labelId=24930,https://www.google.com/maps/@?api=1&map_action=pano&pano=57NUm5VU4bcl3BS4TQdeBA&heading=32.61580276489258&pitch=-13.926339149475098
tr0421,new-taipei,2266,new-taipei:2266,MoMZ8EiYTwyfhkH-dDyngw,untagged,mid,11.94,11.8,0.761,2023-10-18,2022-06,,1,debris / pooled water;missing tactile warning;narrow;not aligned with crosswalk;not enough landing space;not level with street;points into traffic;steep;surface problem,,,true,https://sidewalk-new-taipei.cs.washington.edu/gallery?labelType=CurbRamp&labelId=2266,https://sidewalk-new-taipei.cs.washington.edu/labelMap?labelId=2266,https://www.google.com/maps/@?api=1&map_action=pano&pano=MoMZ8EiYTwyfhkH-dDyngw&heading=51.77678680419922&pitch=-13.142857551574707
tr0422,seattle-wa,289991,seattle-wa:289991,8ALRRt8XH8eTEmU4DjUoNA,tagged_trusted,far,7.04,20.2,1.462,2024-09-05,2019-05,missing tactile warning,1,debris / pooled water;missing tactile warning;narrow;not enough landing space;not level with street;points into traffic;steep;surface problem,,mikey,true,https://sidewalk-sea.cs.washington.edu/gallery?labelType=CurbRamp&labelId=289991,https://sidewalk-sea.cs.washington.edu/labelMap?labelId=289991,https://www.google.com/maps/@?api=1&map_action=pano&pano=8ALRRt8XH8eTEmU4DjUoNA&heading=193.6201155640838&pitch=-14.11936938384931
tr0423,kaohsiung,27824,kaohsiung:27824,Gu-nWO2mtnLHxwKRyEB0jg,untagged,near,29.64,4.4,0.289,2025-03-14,2024-04,,1,debris / pooled water;missing tactile warning;narrow;not aligned with crosswalk;not enough landing space;not level with street;points into traffic;steep;surface problem,,,true,https://sidewalk-kaohsiung.cs.washington.edu/gallery?labelType=CurbRamp&labelId=27824,https://sidewalk-kaohsiung.cs.washington.edu/labelMap?labelId=27824,https://www.google.com/maps/@?api=1&map_action=pano&pano=Gu-nWO2mtnLHxwKRyEB0jg&heading=154.4375&pitch=-35.0
tr0424,maywood-nj,27221,maywood-nj:27221,Fpm1-4F-9zcPIVSIM74qYw,untagged,far,4.83,29.6,-0.110,2025-12-06,2025-09,,1,debris / pooled water;missing tactile warning;narrow;not enough landing space;not level with street;points into traffic;steep;surface problem,,,true,https://sidewalk-maywood.cs.washington.edu/gallery?labelType=CurbRamp&labelId=27221,https://sidewalk-maywood.cs.washington.edu/labelMap?labelId=27221,https://www.google.com/maps/@?api=1&map_action=pano&pano=Fpm1-4F-9zcPIVSIM74qYw&heading=37.98214340209961&pitch=-14.232142448425293
tr0425,danville-il,27938,danville-il:27938,EhH5u4PZRwQ0Kd3WCCqpqA,affirmed_empty,near,19.24,7.2,-1.769,2025-11-21,2023-05,,1,debris / pooled water;missing tactile warning;narrow;not enough landing space;not level with street;points into traffic;steep;surface problem,ExpertValidate,,true,https://sidewalk-danville.cs.washington.edu/gallery?labelType=CurbRamp&labelId=27938,https://sidewalk-danville.cs.washington.edu/labelMap?labelId=27938,https://www.google.com/maps/@?api=1&map_action=pano&pano=EhH5u4PZRwQ0Kd3WCCqpqA&heading=179.0&pitch=-34.8125
tr0426,danville-il,25653,danville-il:25653,3acLI5f5AXmQlJsGT_ANcQ,tagged,near,32.41,3.9,-0.993,2025-02-27,2023-05,not enough landing space;surface problem,2,debris / pooled water;missing tactile warning;narrow;not enough landing space;not level with street;points into traffic;steep;surface problem,,,true,https://sidewalk-danville.cs.washington.edu/gallery?labelType=CurbRamp&labelId=25653,https://sidewalk-danville.cs.washington.edu/labelMap?labelId=25653,https://www.google.com/maps/@?api=1&map_action=pano&pano=3acLI5f5AXmQlJsGT_ANcQ&heading=98.3067855834961&pitch=-28.020090103149414
tr0427,walla-walla,5393,walla-walla:5393,JNpZh5uyv0gEvHUHIh5UnA,untagged,mid,13.27,10.6,-0.858,2026-02-17,2023-06,,1,debris / pooled water;missing tactile warning;narrow;not enough landing space;not level with street;points into traffic;steep;surface problem,,,true,https://sidewalk-walla-walla.cs.washington.edu/gallery?labelType=CurbRamp&labelId=5393,https://sidewalk-walla-walla.cs.washington.edu/labelMap?labelId=5393,https://www.google.com/maps/@?api=1&map_action=pano&pano=JNpZh5uyv0gEvHUHIh5UnA&heading=130.625&pitch=-20.4375
tr0428,knox-oh,29845,knox-oh:29845,aUt8sOdVsTQaXEDwp6-oTw,untagged,far,4.11,34.8,3.366,2025-04-26,2019-10,,1,debris / pooled water;missing tactile warning;narrow;not enough landing space;not level with street;points into traffic;steep;surface problem,,,true,https://sidewalk-knox.cs.washington.edu/gallery?labelType=CurbRamp&labelId=29845,https://sidewalk-knox.cs.washington.edu/labelMap?labelId=29845,https://www.google.com/maps/@?api=1&map_action=pano&pano=aUt8sOdVsTQaXEDwp6-oTw&heading=336.5870666503906&pitch=-6.796875
tr0429,burnaby,21594,burnaby:21594,BYM43YeoEkKYxHUvYTOwlw,tagged,mid,16.04,8.7,-3.667,2024-07-26,2023-05,parallel lines,1,debris / pooled water;missing tactile warning;narrow;not enough landing space;not level with street;parallel lines;points into traffic;steep;surface problem,,,true,https://sidewalk-burnaby.cs.washington.edu/gallery?labelType=CurbRamp&labelId=21594,https://sidewalk-burnaby.cs.washington.edu/labelMap?labelId=21594,https://www.google.com/maps/@?api=1&map_action=pano&pano=BYM43YeoEkKYxHUvYTOwlw&heading=9.102678298950195&pitch=-12.734375
tr0430,sao-paulo-brazil,24928,sao-paulo-brazil:24928,s5UVcQzxWPQQc65RQmCD_g,tagged_trusted,mid,14.80,9.5,-0.580,2026-04-02,2025-01,surface problem,1,debris / pooled water;missing tactile warning;narrow;not enough landing space;not level with street;points into traffic;steep;surface problem,,mikey,true,https://sidewalk-sao-paulo.cs.washington.edu/gallery?labelType=CurbRamp&labelId=24928,https://sidewalk-sao-paulo.cs.washington.edu/labelMap?labelId=24928,https://www.google.com/maps/@?api=1&map_action=pano&pano=s5UVcQzxWPQQc65RQmCD_g&heading=133.15437500000002&pitch=-14.625
tr0431,teaneck-nj,8106,teaneck-nj:8106,K2FYlD4_4CKcT664bBniZg,affirmed_empty,far,2.65,53.9,3.915,2024-05-01,2022-03,,1,debris / pooled water;missing tactile warning;narrow;not enough landing space;not level with street;points into traffic;steep;surface problem,ExpertValidate,,true,https://sidewalk-teaneck.cs.washington.edu/gallery?labelType=CurbRamp&labelId=8106,https://sidewalk-teaneck.cs.washington.edu/labelMap?labelId=8106,https://www.google.com/maps/@?api=1&map_action=pano&pano=K2FYlD4_4CKcT664bBniZg&heading=90.3125&pitch=-13.25
tr0432,walla-walla,1687,walla-walla:1687,iBNZWCcs6OhuW5zm0uUZOQ,tagged_trusted,near,19.42,7.1,-0.541,2024-03-15,2023-07,narrow,1,debris / pooled water;missing tactile warning;narrow;not enough landing space;not level with street;points into traffic;steep;surface problem,,jonfroehlich,true,https://sidewalk-walla-walla.cs.washington.edu/gallery?labelType=CurbRamp&labelId=1687,https://sidewalk-walla-walla.cs.washington.edu/labelMap?labelId=1687,https://www.google.com/maps/@?api=1&map_action=pano&pano=iBNZWCcs6OhuW5zm0uUZOQ&heading=146.49107360839844&pitch=-18.5625
tr0433,columbia,32185,columbia:32185,5PhaqB0IlsQH7bsd6P9MtQ,affirmed_empty,far,8.73,16.3,0.497,2025-06-12,2023-04,,1,debris / pooled water;missing tactile warning;narrow;not enough landing space;not level with street;points into traffic;steep;surface problem,ExpertValidate,,true,https://sidewalk-columbia.cs.washington.edu/gallery?labelType=CurbRamp&labelId=32185,https://sidewalk-columbia.cs.washington.edu/labelMap?labelId=32185,https://www.google.com/maps/@?api=1&map_action=pano&pano=5PhaqB0IlsQH7bsd6P9MtQ&heading=197.28347778320312&pitch=-13.359375
tr0434,oradell-nj,15539,oradell-nj:15539,VeAkI4Rcz8noPIdsVF4wEQ,tagged,mid,11.99,11.8,1.288,2025-03-21,2012-08,narrow,2,debris / pooled water;missing tactile warning;narrow;not enough landing space;not level with street;points into traffic;steep;surface problem,,,true,https://sidewalk-oradell.cs.washington.edu/gallery?labelType=CurbRamp&labelId=15539,https://sidewalk-oradell.cs.washington.edu/labelMap?labelId=15539,https://www.google.com/maps/@?api=1&map_action=pano&pano=VeAkI4Rcz8noPIdsVF4wEQ&heading=308.88616943359375&pitch=-12.100446701049805
tr0435,sao-paulo-brazil,25523,sao-paulo-brazil:25523,SBq1hWC-8kqPX7lLXBW_cA,tagged,far,9.13,15.6,-0.388,2026-09-09,2024-01,narrow,2,debris / pooled water;missing tactile warning;narrow;not enough landing space;not level with street;points into traffic;steep;surface problem,,,true,https://sidewalk-sao-paulo.cs.washington.edu/gallery?labelType=CurbRamp&labelId=25523,https://sidewalk-sao-paulo.cs.washington.edu/labelMap?labelId=25523,https://www.google.com/maps/@?api=1&map_action=pano&pano=SBq1hWC-8kqPX7lLXBW_cA&heading=21.875&pitch=-5.75
tr0436,walla-walla,2193,walla-walla:2193,5JYgZ1gg7_ekJeS9tO2rfw,affirmed_empty,mid,10.68,13.3,-0.636,2024-09-25,2022-09,,1,debris / pooled water;missing tactile warning;narrow;not enough landing space;not level with street;points into traffic;steep;surface problem,ExpertValidate,,true,https://sidewalk-walla-walla.cs.washington.edu/gallery?labelType=CurbRamp&labelId=2193,https://sidewalk-walla-walla.cs.washington.edu/labelMap?labelId=2193,https://www.google.com/maps/@?api=1&map_action=pano&pano=5JYgZ1gg7_ekJeS9tO2rfw&heading=247.5625&pitch=-15.3125
tr0437,walla-walla,8569,walla-walla:8569,2gJCaOZP0H2zEei7tLwZdQ,tagged,far,7.79,18.3,2.494,2026-09-15,2026-05,missing tactile warning;narrow;not enough landing space;points into traffic;steep,3,debris / pooled water;missing tactile warning;narrow;not enough landing space;not level with street;points into traffic;steep;surface problem,,,true,https://sidewalk-walla-walla.cs.washington.edu/gallery?labelType=CurbRamp&labelId=8569,https://sidewalk-walla-walla.cs.washington.edu/labelMap?labelId=8569,https://www.google.com/maps/@?api=1&map_action=pano&pano=2gJCaOZP0H2zEei7tLwZdQ&heading=179.37406250000004&pitch=-20.8125
tr0438,maywood-nj,28170,maywood-nj:28170,PeEMa8eiB9ZrThqq64Utbg,tagged,far,3.68,38.9,1.838,2025-12-15,2025-09,not enough landing space,1,debris / pooled water;missing tactile warning;narrow;not enough landing space;not level with street;points into traffic;steep;surface problem,,,true,https://sidewalk-maywood.cs.washington.edu/gallery?labelType=CurbRamp&labelId=28170,https://sidewalk-maywood.cs.washington.edu/labelMap?labelId=28170,https://www.google.com/maps/@?api=1&map_action=pano&pano=PeEMa8eiB9ZrThqq64Utbg&heading=189.4375&pitch=-35.0
tr0439,madison-wi,25524,madison-wi:25524,XH7jYeeL4gSyno0_NihBbg,untagged,near,21.55,6.3,-8.242,2025-10-09,2007-08,,1,debris / pooled water;missing tactile warning;narrow;not enough landing space;not level with street;points into traffic;steep;surface problem,,,true,https://sidewalk-madison.cs.washington.edu/gallery?labelType=CurbRamp&labelId=25524,https://sidewalk-madison.cs.washington.edu/labelMap?labelId=25524,https://www.google.com/maps/@?api=1&map_action=pano&pano=XH7jYeeL4gSyno0_NihBbg&heading=33.125&pitch=-34.25
tr0440,west-chester,25967,west-chester:25967,FZrRBsiOwCzSI_W2RgZZ_Q,untagged,near,30.59,4.2,-2.087,2025-02-03,2024-07,,1,debris / pooled water;missing tactile warning;narrow;not enough landing space;not level with street;points into traffic;steep;surface problem,,,true,https://sidewalk-west-chester.cs.washington.edu/gallery?labelType=CurbRamp&labelId=25967,https://sidewalk-west-chester.cs.washington.edu/labelMap?labelId=25967,https://www.google.com/maps/@?api=1&map_action=pano&pano=FZrRBsiOwCzSI_W2RgZZ_Q&heading=85.9375&pitch=-35.0
tr0441,cdmx,60342,cdmx:60342,OGQLneZ_AwPABeW0stBMTg,tagged,mid,14.04,10.0,-0.198,2024-03-17,2022-06,missing tactile warning;not enough landing space;points into traffic,2,debris / pooled water;missing tactile warning;narrow;not enough landing space;not level with street;points into traffic;steep;surface problem,,,true,https://sidewalk-cdmx.cs.washington.edu/gallery?labelType=CurbRamp&labelId=60342,https://sidewalk-cdmx.cs.washington.edu/labelMap?labelId=60342,https://www.google.com/maps/@?api=1&map_action=pano&pano=OGQLneZ_AwPABeW0stBMTg&heading=94.875&pitch=-31.625
tr0442,detroit-mi,26270,detroit-mi:26270,bVMeLLGlUNJ_z7MMhEF5Hg,untagged,near,23.07,5.9,-0.149,2026-02-27,2020-10,,1,debris / pooled water;missing tactile warning;narrow;not enough landing space;not level with street;points into traffic;steep;surface problem,,,true,https://sidewalk-detroit.cs.washington.edu/gallery?labelType=CurbRamp&labelId=26270,https://sidewalk-detroit.cs.washington.edu/labelMap?labelId=26270,https://www.google.com/maps/@?api=1&map_action=pano&pano=bVMeLLGlUNJ_z7MMhEF5Hg&heading=176.8125&pitch=-33.875
tr0443,teaneck-nj,2620,teaneck-nj:2620,bI236NszdyrrQ-iqKf-Hhw,untagged,far,6.36,22.4,2.538,2023-10-23,2022-02,,1,debris / pooled water;missing tactile warning;narrow;not enough landing space;not level with street;points into traffic;steep;surface problem,,,true,https://sidewalk-teaneck.cs.washington.edu/gallery?labelType=CurbRamp&labelId=2620,https://sidewalk-teaneck.cs.washington.edu/labelMap?labelId=2620,https://www.google.com/maps/@?api=1&map_action=pano&pano=bI236NszdyrrQ-iqKf-Hhw&heading=41.78571319580078&pitch=-4.3214287757873535
tr0444,columbus-oh,38862,columbus-oh:38862,Owv544ThSl1-ZCcjEjC-4Q,affirmed_empty,far,8.97,15.8,0.324,2023-11-15,2021-06,,1,debris / pooled water;missing tactile warning;narrow;not enough landing space;not level with street;points into traffic;steep;surface problem,ExternalTagValidationASSETS2024,,true,https://sidewalk-columbus.cs.washington.edu/gallery?labelType=CurbRamp&labelId=38862,https://sidewalk-columbus.cs.washington.edu/labelMap?labelId=38862,https://www.google.com/maps/@?api=1&map_action=pano&pano=Owv544ThSl1-ZCcjEjC-4Q&heading=12.948660850524902&pitch=-24.3125
tr0445,pittsburgh-pa,23594,pittsburgh-pa:23594,p9ez-StEZPNdBUWjUQf2rA,tagged_trusted,near,46.39,2.4,-2.577,2024-03-06,2016-06,missing tactile warning;narrow;steep,2,debris / pooled water;missing tactile warning;narrow;not enough landing space;not level with street;points into traffic;steep;surface problem,,jonfroehlich,true,https://sidewalk-pittsburgh.cs.washington.edu/gallery?labelType=CurbRamp&labelId=23594,https://sidewalk-pittsburgh.cs.washington.edu/labelMap?labelId=23594,https://www.google.com/maps/@?api=1&map_action=pano&pano=p9ez-StEZPNdBUWjUQf2rA&heading=139.3699951171875&pitch=-26.571428298950195
tr0446,st-louis-mo,17587,st-louis-mo:17587,2QU0LRZxF51wF9TpndQlCA,affirmed_empty,mid,9.67,14.7,1.488,2024-09-04,2022-01,,1,debris / pooled water;missing tactile warning;narrow;not enough landing space;not level with street;points into traffic;steep;surface problem,ExpertValidate,,true,https://sidewalk-st-louis.cs.washington.edu/gallery?labelType=CurbRamp&labelId=17587,https://sidewalk-st-louis.cs.washington.edu/labelMap?labelId=17587,https://www.google.com/maps/@?api=1&map_action=pano&pano=2QU0LRZxF51wF9TpndQlCA&heading=222.5&pitch=-35.0
tr0447,cdmx,81465,cdmx:81465,OM07wjmblbF0ZYinEXDqTA,untagged,far,8.76,16.2,-0.217,2026-02-16,2025-01,,1,debris / pooled water;missing tactile warning;narrow;not enough landing space;not level with street;points into traffic;steep;surface problem,,,true,https://sidewalk-cdmx.cs.washington.edu/gallery?labelType=CurbRamp&labelId=81465,https://sidewalk-cdmx.cs.washington.edu/labelMap?labelId=81465,https://www.google.com/maps/@?api=1&map_action=pano&pano=OM07wjmblbF0ZYinEXDqTA&heading=55.1875&pitch=-19.25
tr0448,waltham-ma,27871,waltham-ma:27871,UnrTnsN9J4Ey_QOm8WrD-A,tagged,far,9.34,15.2,0.133,2026-06-30,2022-10,narrow;steep;surface problem,3,debris / pooled water;missing tactile warning;narrow;not enough landing space;not level with street;points into traffic;steep;surface problem,,,true,https://sidewalk-waltham.cs.washington.edu/gallery?labelType=CurbRamp&labelId=27871,https://sidewalk-waltham.cs.washington.edu/labelMap?labelId=27871,https://www.google.com/maps/@?api=1&map_action=pano&pano=UnrTnsN9J4Ey_QOm8WrD-A&heading=8.3125&pitch=-10.8125
tr0449,seattle-wa,274039,seattle-wa:274039,WFS-PyLBgQDJ6O4Yfe1lmw,tagged,far,4.06,35.3,1.833,2024-01-13,2019-06,not level with street,1,debris / pooled water;missing tactile warning;narrow;not enough landing space;not level with street;points into traffic;steep;surface problem,,,true,https://sidewalk-sea.cs.washington.edu/gallery?labelType=CurbRamp&labelId=274039,https://sidewalk-sea.cs.washington.edu/labelMap?labelId=274039,https://www.google.com/maps/@?api=1&map_action=pano&pano=WFS-PyLBgQDJ6O4Yfe1lmw&heading=90.0&pitch=-10.0
tr0450,knox-oh,25978,knox-oh:25978,I_xn06kbhxJe3mhO8jQKgg,tagged,mid,15.88,8.8,-0.699,2025-02-13,2023-05,debris / pooled water,1,debris / pooled water;missing tactile warning;narrow;not enough landing space;not level with street;points into traffic;steep;surface problem,,,true,https://sidewalk-knox.cs.washington.edu/gallery?labelType=CurbRamp&labelId=25978,https://sidewalk-knox.cs.washington.edu/labelMap?labelId=25978,https://www.google.com/maps/@?api=1&map_action=pano&pano=I_xn06kbhxJe3mhO8jQKgg&heading=185.4642791748047&pitch=-13.75
tr0451,tucson-az,30631,tucson-az:30631,wTPkYsaG1Jqxlqhx-CER3Q,untagged,far,8.04,17.7,0.512,2026-05-11,2025-01,,1,debris / pooled water;missing tactile warning;narrow;not enough landing space;not level with street;points into traffic;steep;surface problem,,,true,https://sidewalk-tucson.cs.washington.edu/gallery?labelType=CurbRamp&labelId=30631,https://sidewalk-tucson.cs.washington.edu/labelMap?labelId=30631,https://www.google.com/maps/@?api=1&map_action=pano&pano=wTPkYsaG1Jqxlqhx-CER3Q&heading=237.546875&pitch=-8.140625
tr0452,santiago-chile,25004,santiago-chile:25004,OAWYCL7hbScZIaoXIb4tWw,tagged,far,7.97,17.9,0.735,2025-11-11,2024-08,missing tactile warning;steep,2,debris / pooled water;missing tactile warning;narrow;not enough landing space;not level with street;points into traffic;steep;surface problem,,,true,https://sidewalk-santiago.cs.washington.edu/gallery?labelType=CurbRamp&labelId=25004,https://sidewalk-santiago.cs.washington.edu/labelMap?labelId=25004,https://www.google.com/maps/@?api=1&map_action=pano&pano=OAWYCL7hbScZIaoXIb4tWw&heading=130.53794860839844&pitch=-8.779017448425293
tr0453,cdmx,71462,cdmx:71462,FkSzfAJ2PDYbfqKZwMY_KA,tagged_trusted,near,34.67,3.6,0.930,2025-11-24,2024-07,missing tactile warning;narrow;not enough landing space;steep,3,debris / pooled water;missing tactile warning;narrow;not enough landing space;not level with street;points into traffic;steep;surface problem,,jonfroehlich,true,https://sidewalk-cdmx.cs.washington.edu/gallery?labelType=CurbRamp&labelId=71462,https://sidewalk-cdmx.cs.washington.edu/labelMap?labelId=71462,https://www.google.com/maps/@?api=1&map_action=pano&pano=FkSzfAJ2PDYbfqKZwMY_KA&heading=182.5625&pitch=-34.625
tr0454,mendota-il,11918,mendota-il:11918,SM_570qjvdJdVwMomLFJZw,untagged,mid,15.83,8.8,-1.353,2024-10-30,2023-08,,1,debris / pooled water;missing tactile warning;narrow;not enough landing space;not level with street;points into traffic;steep;surface problem,,,true,https://sidewalk-mendota.cs.washington.edu/gallery?labelType=CurbRamp&labelId=11918,https://sidewalk-mendota.cs.washington.edu/labelMap?labelId=11918,https://www.google.com/maps/@?api=1&map_action=pano&pano=SM_570qjvdJdVwMomLFJZw&heading=28.9375&pitch=-6.0
tr0455,columbia,24940,columbia:24940,JgsRwuwo_MYizGvLA8nUgg,tagged_trusted,mid,16.59,8.4,-1.292,2025-01-07,2022-09,missing tactile warning,1,debris / pooled water;missing tactile warning;narrow;not enough landing space;not level with street;points into traffic;steep;surface problem,,mikey,true,https://sidewalk-columbia.cs.washington.edu/gallery?labelType=CurbRamp&labelId=24940,https://sidewalk-columbia.cs.washington.edu/labelMap?labelId=24940,https://www.google.com/maps/@?api=1&map_action=pano&pano=JgsRwuwo_MYizGvLA8nUgg&heading=111.01786041259766&pitch=-15.602678298950195
tr0456,danville-il,27564,danville-il:27564,9ztZEaRr8RoYDiBE9iqjbQ,tagged,near,41.43,2.8,-1.943,2025-11-18,2023-05,surface problem,2,debris / pooled water;missing tactile warning;narrow;not enough landing space;not level with street;points into traffic;steep;surface problem,,,true,https://sidewalk-danville.cs.washington.edu/gallery?labelType=CurbRamp&labelId=27564,https://sidewalk-danville.cs.washington.edu/labelMap?labelId=27564,https://www.google.com/maps/@?api=1&map_action=pano&pano=9ztZEaRr8RoYDiBE9iqjbQ&heading=161.25&pitch=-35.0
tr0457,st-louis-mo,34071,st-louis-mo:34071,wSq0HzwNWg7OMRuD9BC7AA,affirmed_empty,near,27.76,4.8,0.765,2025-02-10,2022-01,,1,debris / pooled water;missing tactile warning;narrow;not enough landing space;not level with street;points into traffic;steep;surface problem,ExpertValidate,,true,https://sidewalk-st-louis.cs.washington.edu/gallery?labelType=CurbRamp&labelId=34071,https://sidewalk-st-louis.cs.washington.edu/labelMap?labelId=34071,https://www.google.com/maps/@?api=1&map_action=pano&pano=wSq0HzwNWg7OMRuD9BC7AA&heading=330.625&pitch=-35.0
tr0458,sao-paulo-brazil,25422,sao-paulo-brazil:25422,5dadwp7CO78hmFKVmipvWQ,untagged,far,7.21,19.8,0.395,2026-07-13,2023-03,,1,debris / pooled water;missing tactile warning;narrow;not enough landing space;not level with street;points into traffic;steep;surface problem,,,true,https://sidewalk-sao-paulo.cs.washington.edu/gallery?labelType=CurbRamp&labelId=25422,https://sidewalk-sao-paulo.cs.washington.edu/labelMap?labelId=25422,https://www.google.com/maps/@?api=1&map_action=pano&pano=5dadwp7CO78hmFKVmipvWQ&heading=274.51375&pitch=-5.53125
tr0459,detroit-mi,26159,detroit-mi:26159,Bz12x5t4-_UjxxxmAwYA1Q,affirmed_empty,far,8.83,16.1,-0.434,2026-02-21,2020-10,,1,debris / pooled water;missing tactile warning;narrow;not enough landing space;not level with street;points into traffic;steep;surface problem,ExpertValidate,,true,https://sidewalk-detroit.cs.washington.edu/gallery?labelType=CurbRamp&labelId=26159,https://sidewalk-detroit.cs.washington.edu/labelMap?labelId=26159,https://www.google.com/maps/@?api=1&map_action=pano&pano=Bz12x5t4-_UjxxxmAwYA1Q&heading=122.125&pitch=-31.625
tr0460,gainesville-fl,32684,gainesville-fl:32684,xrcnvMCybEIx9lhIrOk0jg,untagged,near,17.36,8.0,-0.591,2026-06-23,2026-02,,1,debris / pooled water;missing tactile warning;narrow;not enough landing space;not level with street;points into traffic;steep;surface problem,,,true,https://sidewalk-gainesville.cs.washington.edu/gallery?labelType=CurbRamp&labelId=32684,https://sidewalk-gainesville.cs.washington.edu/labelMap?labelId=32684,https://www.google.com/maps/@?api=1&map_action=pano&pano=xrcnvMCybEIx9lhIrOk0jg&heading=310.34375&pitch=-20.984375
tr0461,madison-wi,26045,madison-wi:26045,ff--xmRyPNv_Vvu5h4fujQ,tagged_trusted,far,5.08,28.1,0.329,2026-07-27,2025-07,not level with street;points into traffic;surface problem,2,debris / pooled water;missing tactile warning;narrow;not enough landing space;not level with street;points into traffic;steep;surface problem,,jonfroehlich,true,https://sidewalk-madison.cs.washington.edu/gallery?labelType=CurbRamp&labelId=26045,https://sidewalk-madison.cs.washington.edu/labelMap?labelId=26045,https://www.google.com/maps/@?api=1&map_action=pano&pano=ff--xmRyPNv_Vvu5h4fujQ&heading=297.5615625&pitch=-5.765625
tr0462,newberg-or,19371,newberg-or:19371,mAHfJDYOvSA1uX8IK0rfXQ,tagged,near,22.03,6.2,-0.211,2026-08-20,2025-06,missing tactile warning;points into traffic,2,debris / pooled water;missing tactile warning;narrow;not enough landing space;not level with street;points into traffic;steep;surface problem,,,true,https://sidewalk-newberg.cs.washington.edu/gallery?labelType=CurbRamp&labelId=19371,https://sidewalk-newberg.cs.washington.edu/labelMap?labelId=19371,https://www.google.com/maps/@?api=1&map_action=pano&pano=mAHfJDYOvSA1uX8IK0rfXQ&heading=214.2152666846773&pitch=-14.188159040888769
tr0463,burnaby,7864,burnaby:7864,aOfVQkWfM_McF9A0pDNopw,tagged_trusted,near,25.67,5.2,0.085,2024-01-31,2022-02,debris / pooled water;missing tactile warning,1,debris / pooled water;missing tactile warning;narrow;not enough landing space;not level with street;parallel lines;points into traffic;steep;surface problem,,jonfroehlich,true,https://sidewalk-burnaby.cs.washington.edu/gallery?labelType=CurbRamp&labelId=7864,https://sidewalk-burnaby.cs.washington.edu/labelMap?labelId=7864,https://www.google.com/maps/@?api=1&map_action=pano&pano=aOfVQkWfM_McF9A0pDNopw&heading=172.718627761466&pitch=-26.387483764990634
tr0464,sao-paulo-brazil,25012,sao-paulo-brazil:25012,3w_Cmeyaw_RWIo7sWS9Qsw,untagged,mid,9.98,14.2,0.877,2026-04-28,2025-01,,1,debris / pooled water;missing tactile warning;narrow;not enough landing space;not level with street;points into traffic;steep;surface problem,,,true,https://sidewalk-sao-paulo.cs.washington.edu/gallery?labelType=CurbRamp&labelId=25012,https://sidewalk-sao-paulo.cs.washington.edu/labelMap?labelId=25012,https://www.google.com/maps/@?api=1&map_action=pano&pano=3w_Cmeyaw_RWIo7sWS9Qsw&heading=20.0&pitch=0.0
tr0465,cliffside-park-nj,25322,cliffside-park-nj:25322,bF6K5kE8jU9bj8XxNt3IJQ,tagged,mid,11.10,12.7,-0.008,2025-03-04,2021-09,not level with street,1,debris / pooled water;missing tactile warning;narrow;not enough landing space;not level with street;points into traffic;steep;surface problem,,,true,https://sidewalk-cliffside-park.cs.washington.edu/gallery?labelType=CurbRamp&labelId=25322,https://sidewalk-cliffside-park.cs.washington.edu/labelMap?labelId=25322,https://www.google.com/maps/@?api=1&map_action=pano&pano=bF6K5kE8jU9bj8XxNt3IJQ&heading=165.4375&pitch=-17.589284896850586
tr0466,new-taipei,7380,new-taipei:7380,b3Az2-6-RDMUhuOTmxwSOQ,tagged,far,7.78,18.3,1.254,2023-10-22,2022-06,narrow;not enough landing space;not level with street,3,debris / pooled water;missing tactile warning;narrow;not aligned with crosswalk;not enough landing space;not level with street;points into traffic;steep;surface problem,,,true,https://sidewalk-new-taipei.cs.washington.edu/gallery?labelType=CurbRamp&labelId=7380,https://sidewalk-new-taipei.cs.washington.edu/labelMap?labelId=7380,https://www.google.com/maps/@?api=1&map_action=pano&pano=b3Az2-6-RDMUhuOTmxwSOQ&heading=61.50893020629883&pitch=-19.910715103149414
tr0467,teaneck-nj,3436,teaneck-nj:3436,8qIE41nGebeprcaPcUAH7g,tagged_trusted,far,8.29,17.2,0.254,2024-02-01,2022-03,debris / pooled water,1,debris / pooled water;missing tactile warning;narrow;not enough landing space;not level with street;points into traffic;steep;surface problem,,jonfroehlich,true,https://sidewalk-teaneck.cs.washington.edu/gallery?labelType=CurbRamp&labelId=3436,https://sidewalk-teaneck.cs.washington.edu/labelMap?labelId=3436,https://www.google.com/maps/@?api=1&map_action=pano&pano=8qIE41nGebeprcaPcUAH7g&heading=45.507624463014&pitch=-10.336627258165795
tr0468,waltham-ma,29236,waltham-ma:29236,zTUq2WbY7Dhs3iWwgwWVew,tagged,mid,9.60,14.8,2.679,2026-08-20,2022-10,debris / pooled water;not enough landing space;points into traffic;steep,2,debris / pooled water;missing tactile warning;narrow;not enough landing space;not level with street;points into traffic;steep;surface problem,,,true,https://sidewalk-waltham.cs.washington.edu/gallery?labelType=CurbRamp&labelId=29236,https://sidewalk-waltham.cs.washington.edu/labelMap?labelId=29236,https://www.google.com/maps/@?api=1&map_action=pano&pano=zTUq2WbY7Dhs3iWwgwWVew&heading=350.0305063766844&pitch=-19.14366274178623
tr0469,chicago-il,34129,chicago-il:34129,art4J9Bckb48se1h4VGwYg,untagged,far,6.19,23.1,-0.057,2023-10-20,2021-12,,1,debris / pooled water;missing tactile warning;narrow;not enough landing space;not level with street;points into traffic;steep;surface problem,,,true,https://sidewalk-chicago.cs.washington.edu/gallery?labelType=CurbRamp&labelId=34129,https://sidewalk-chicago.cs.washington.edu/labelMap?labelId=34129,https://www.google.com/maps/@?api=1&map_action=pano&pano=art4J9Bckb48se1h4VGwYg&heading=100.03794860839844&pitch=-4.6875
tr0470,west-chester,25001,west-chester:25001,_RWiVAG-0sLEB7o1w2tg-g,affirmed_empty,near,34.94,3.6,-1.455,2025-01-23,2024-07,,1,debris / pooled water;missing tactile warning;narrow;not enough landing space;not level with street;points into traffic;steep;surface problem,ExpertValidate,,true,https://sidewalk-west-chester.cs.washington.edu/gallery?labelType=CurbRamp&labelId=25001,https://sidewalk-west-chester.cs.washington.edu/labelMap?labelId=25001,https://www.google.com/maps/@?api=1&map_action=pano&pano=_RWiVAG-0sLEB7o1w2tg-g&heading=118.6875&pitch=-19.1875
tr0471,detroit-mi,26056,detroit-mi:26056,1q2GmsA05Yx0GY5ItC6gDA,affirmed_empty,mid,17.33,8.0,-0.914,2026-02-21,2018-08,,1,debris / pooled water;missing tactile warning;narrow;not enough landing space;not level with street;points into traffic;steep;surface problem,ExpertValidate,,true,https://sidewalk-detroit.cs.washington.edu/gallery?labelType=CurbRamp&labelId=26056,https://sidewalk-detroit.cs.washington.edu/labelMap?labelId=26056,https://www.google.com/maps/@?api=1&map_action=pano&pano=1q2GmsA05Yx0GY5ItC6gDA&heading=313.90625&pitch=-26.375
tr0472,maywood-nj,26606,maywood-nj:26606,7Z09-rJ8QW_WuTpuZ7oLAQ,untagged,near,20.49,6.7,-1.088,2025-07-28,2024-09,,1,debris / pooled water;missing tactile warning;narrow;not enough landing space;not level with street;points into traffic;steep;surface problem,,,true,https://sidewalk-maywood.cs.washington.edu/gallery?labelType=CurbRamp&labelId=26606,https://sidewalk-maywood.cs.washington.edu/labelMap?labelId=26606,https://www.google.com/maps/@?api=1&map_action=pano&pano=7Z09-rJ8QW_WuTpuZ7oLAQ&heading=99.16071319580078&pitch=-22.214284896850586
tr0473,cliffside-park-nj,24923,cliffside-park-nj:24923,EUR9vmlR24Vhsn3h_usJUw,tagged_trusted,near,21.60,6.3,-0.292,2024-11-20,2012-04,missing tactile warning;not enough landing space,2,debris / pooled water;missing tactile warning;narrow;not enough landing space;not level with street;points into traffic;steep;surface problem,,mikey,true,https://sidewalk-cliffside-park.cs.washington.edu/gallery?labelType=CurbRamp&labelId=24923,https://sidewalk-cliffside-park.cs.washington.edu/labelMap?labelId=24923,https://www.google.com/maps/@?api=1&map_action=pano&pano=EUR9vmlR24Vhsn3h_usJUw&heading=8.191428184509277&pitch=-24.3231258392334
tr0474,paterson-nj,32177,paterson-nj:32177,cAoIXD5P2gJBh45Z3sT9Hw,affirmed_empty,far,4.97,28.7,2.518,2026-02-11,2025-10,,1,debris / pooled water;missing tactile warning;narrow;not enough landing space;not level with street;points into traffic;steep;surface problem,ExpertValidate,,true,https://sidewalk-paterson.cs.washington.edu/gallery?labelType=CurbRamp&labelId=32177,https://sidewalk-paterson.cs.washington.edu/labelMap?labelId=32177,https://www.google.com/maps/@?api=1&map_action=pano&pano=cAoIXD5P2gJBh45Z3sT9Hw&heading=200.25&pitch=-35.0
tr0475,knox-oh,30045,knox-oh:30045,6iiDUX5PRB-PIx3rhq3Y6g,tagged,far,9.33,15.2,-0.055,2025-04-26,2024-07,debris / pooled water,1,debris / pooled water;missing tactile warning;narrow;not enough landing space;not level with street;points into traffic;steep;surface problem,,,true,https://sidewalk-knox.cs.washington.edu/gallery?labelType=CurbRamp&labelId=30045,https://sidewalk-knox.cs.washington.edu/labelMap?labelId=30045,https://www.google.com/maps/@?api=1&map_action=pano&pano=6iiDUX5PRB-PIx3rhq3Y6g&heading=161.6875&pitch=-35.0
tr0476,detroit-mi,26044,detroit-mi:26044,EZIEkUMqC7SVUf9U_2_4Qg,affirmed_empty,far,8.83,16.1,0.179,2026-02-21,2019-06,,1,debris / pooled water;missing tactile warning;narrow;not enough landing space;not level with street;points into traffic;steep;surface problem,ExpertValidate,,true,https://sidewalk-detroit.cs.washington.edu/gallery?labelType=CurbRamp&labelId=26044,https://sidewalk-detroit.cs.washington.edu/labelMap?labelId=26044,https://www.google.com/maps/@?api=1&map_action=pano&pano=EZIEkUMqC7SVUf9U_2_4Qg&heading=327.5625&pitch=-25.0625
tr0477,zurich,8043,zurich:8043,WXGZc3yjAMzXIz2qqS6I5g,tagged,near,18.98,7.3,0.556,2023-11-30,2021-07,not level with street,1,debris / pooled water;missing tactile warning;narrow;not enough landing space;not level with street;points into traffic;steep;surface problem,,,true,https://sidewalk-zurich.cs.washington.edu/gallery?labelType=CurbRamp&labelId=8043,https://sidewalk-zurich.cs.washington.edu/labelMap?labelId=8043,https://www.google.com/maps/@?api=1&map_action=pano&pano=WXGZc3yjAMzXIz2qqS6I5g&heading=204.8125&pitch=-17.053571701049805
tr0478,madison-wi,25364,madison-wi:25364,csAKkhWcMZpqhJW1xBfYHw,tagged,far,8.95,15.9,-0.090,2025-10-09,2025-07,surface problem,2,debris / pooled water;missing tactile warning;narrow;not enough landing space;not level with street;points into traffic;steep;surface problem,,,true,https://sidewalk-madison.cs.washington.edu/gallery?labelType=CurbRamp&labelId=25364,https://sidewalk-madison.cs.washington.edu/labelMap?labelId=25364,https://www.google.com/maps/@?api=1&map_action=pano&pano=csAKkhWcMZpqhJW1xBfYHw&heading=84.875&pitch=-32.75
tr0479,maywood-nj,28185,maywood-nj:28185,gkzAFkuR7msN1LawccVA0A,affirmed_empty,far,-0.40,,2.198,2025-12-16,2025-09,,1,debris / pooled water;missing tactile warning;narrow;not enough landing space;not level with street;points into traffic;steep;surface problem,ExpertValidate,,true,https://sidewalk-maywood.cs.washington.edu/gallery?labelType=CurbRamp&labelId=28185,https://sidewalk-maywood.cs.washington.edu/labelMap?labelId=28185,https://www.google.com/maps/@?api=1&map_action=pano&pano=gkzAFkuR7msN1LawccVA0A&heading=298.25&pitch=-0.375
tr0480,pittsburgh-pa,22565,pittsburgh-pa:22565,RDAwJSvyNL1As1Iy8VbSCg,affirmed_empty,mid,12.97,10.9,-2.683,2024-02-22,2021-08,,1,debris / pooled water;missing tactile warning;narrow;not enough landing space;not level with street;points into traffic;steep;surface problem,ExternalTagValidationASSETS2024,,true,https://sidewalk-pittsburgh.cs.washington.edu/gallery?labelType=CurbRamp&labelId=22565,https://sidewalk-pittsburgh.cs.washington.edu/labelMap?labelId=22565,https://www.google.com/maps/@?api=1&map_action=pano&pano=RDAwJSvyNL1As1Iy8VbSCg&heading=42.625&pitch=-11.375
tr0481,rancagua-chile,26461,rancagua-chile:26461,5NNAlQx9nU0gfgodvYfGrg,untagged,far,8.48,16.8,0.005,2025-10-17,2025-06,,1,debris / pooled water;missing tactile warning;narrow;not enough landing space;not level with street;points into traffic;steep;surface problem,,,true,https://sidewalk-rancagua.cs.washington.edu/gallery?labelType=CurbRamp&labelId=26461,https://sidewalk-rancagua.cs.washington.edu/labelMap?labelId=26461,https://www.google.com/maps/@?api=1&map_action=pano&pano=5NNAlQx9nU0gfgodvYfGrg&heading=227.6875&pitch=-25.4375
tr0482,mendota-il,11898,mendota-il:11898,M7Ql3zPrLPb5_EIJ5Xo18Q,untagged,mid,12.24,11.5,-0.810,2024-10-30,2023-08,,1,debris / pooled water;missing tactile warning;narrow;not enough landing space;not level with street;points into traffic;steep;surface problem,,,true,https://sidewalk-mendota.cs.washington.edu/gallery?labelType=CurbRamp&labelId=11898,https://sidewalk-mendota.cs.washington.edu/labelMap?labelId=11898,https://www.google.com/maps/@?api=1&map_action=pano&pano=M7Ql3zPrLPb5_EIJ5Xo18Q&heading=16.9375&pitch=0.0
tr0483,teaneck-nj,2505,teaneck-nj:2505,FkRYGW0Xd_q6WbvgsMZIJw,untagged,far,7.76,18.3,0.457,2023-10-15,2018-06,,1,debris / pooled water;missing tactile warning;narrow;not enough landing space;not level with street;points into traffic;steep;surface problem,,,true,https://sidewalk-teaneck.cs.washington.edu/gallery?labelType=CurbRamp&labelId=2505,https://sidewalk-teaneck.cs.washington.edu/labelMap?labelId=2505,https://www.google.com/maps/@?api=1&map_action=pano&pano=FkRYGW0Xd_q6WbvgsMZIJw&heading=291.0&pitch=-11.125
tr0484,walla-walla,1604,walla-walla:1604,7SlGm8GjuXtOGLW67MV4RQ,tagged_trusted,near,27.92,4.7,0.602,2024-03-15,2023-07,narrow,1,debris / pooled water;missing tactile warning;narrow;not enough landing space;not level with street;points into traffic;steep;surface problem,,jonfroehlich,true,https://sidewalk-walla-walla.cs.washington.edu/gallery?labelType=CurbRamp&labelId=1604,https://sidewalk-walla-walla.cs.washington.edu/labelMap?labelId=1604,https://www.google.com/maps/@?api=1&map_action=pano&pano=7SlGm8GjuXtOGLW67MV4RQ&heading=14.537678718566895&pitch=-35.0
tr0485,detroit-mi,25346,detroit-mi:25346,Nzaj2F4Vd9_p5OS1GVFEcw,tagged,far,7.56,18.8,0.441,2025-06-16,2024-09,surface problem,,debris / pooled water;missing tactile warning;narrow;not enough landing space;not level with street;points into traffic;steep;surface problem,,,true,https://sidewalk-detroit.cs.washington.edu/gallery?labelType=CurbRamp&labelId=25346,https://sidewalk-detroit.cs.washington.edu/labelMap?labelId=25346,https://www.google.com/maps/@?api=1&map_action=pano&pano=Nzaj2F4Vd9_p5OS1GVFEcw&heading=295.921875&pitch=-6.0
tr0486,columbus-oh,41078,columbus-oh:41078,fDeHB0oEnpPFVdd5an1Oaw,tagged,far,5.12,27.9,-0.227,2024-03-18,2014-08,narrow,1,debris / pooled water;missing tactile warning;narrow;not enough landing space;not level with street;points into traffic;steep;surface problem,,,true,https://sidewalk-columbus.cs.washington.edu/gallery?labelType=CurbRamp&labelId=41078,https://sidewalk-columbus.cs.washington.edu/labelMap?labelId=41078,https://www.google.com/maps/@?api=1&map_action=pano&pano=fDeHB0oEnpPFVdd5an1Oaw&heading=16.85714340209961&pitch=-4.642857074737549
tr0487,kaohsiung,82698,kaohsiung:82698,hfG0VRJcfY8OeI8Q3pu4vQ,tagged,mid,15.56,9.0,0.412,2025-10-11,2024-04,not aligned with crosswalk,1,debris / pooled water;missing tactile warning;narrow;not aligned with crosswalk;not enough landing space;not level with street;points into traffic;steep;surface problem,,,true,https://sidewalk-kaohsiung.cs.washington.edu/gallery?labelType=CurbRamp&labelId=82698,https://sidewalk-kaohsiung.cs.washington.edu/labelMap?labelId=82698,https://www.google.com/maps/@?api=1&map_action=pano&pano=hfG0VRJcfY8OeI8Q3pu4vQ&heading=346.0&pitch=-19.8125
tr0488,keelung,1516,keelung:1516,4GvuD2Lkj3cw0Ez8sVX_4w,tagged,far,8.51,16.7,1.374,2023-10-19,2022-09,steep,1,debris / pooled water;missing tactile warning;narrow;not aligned with crosswalk;not enough landing space;not level with street;points into traffic;steep;surface problem,,,true,https://sidewalk-keelung.cs.washington.edu/gallery?labelType=CurbRamp&labelId=1516,https://sidewalk-keelung.cs.washington.edu/labelMap?labelId=1516,https://www.google.com/maps/@?api=1&map_action=pano&pano=4GvuD2Lkj3cw0Ez8sVX_4w&heading=245.2857208251953&pitch=-20.598215103149414
tr0489,pittsburgh-pa,29651,pittsburgh-pa:29651,_GwZ7J_sj1vIw03BgMfdjg,tagged,near,24.99,5.4,-0.354,2025-09-22,2024-11,missing tactile warning;not enough landing space;steep,,debris / pooled water;missing tactile warning;narrow;not enough landing space;not level with street;points into traffic;steep;surface problem,,,true,https://sidewalk-pittsburgh.cs.washington.edu/gallery?labelType=CurbRamp&labelId=29651,https://sidewalk-pittsburgh.cs.washington.edu/labelMap?labelId=29651,https://www.google.com/maps/@?api=1&map_action=pano&pano=_GwZ7J_sj1vIw03BgMfdjg&heading=20.1875&pitch=-35.0
tr0490,walla-walla,9285,walla-walla:9285,WnB8mK-y4ihNzrqlGJrPNQ,tagged,mid,9.62,14.7,1.670,2026-09-21,2026-05,missing tactile warning;narrow;not enough landing space;points into traffic;steep,3,debris / pooled water;missing tactile warning;narrow;not enough landing space;not level with street;points into traffic;steep;surface problem,,,true,https://sidewalk-walla-walla.cs.washington.edu/gallery?labelType=CurbRamp&labelId=9285,https://sidewalk-walla-walla.cs.washington.edu/labelMap?labelId=9285,https://www.google.com/maps/@?api=1&map_action=pano&pano=WnB8mK-y4ihNzrqlGJrPNQ&heading=331.8125&pitch=-11.443103725476988
tr0491,new-taipei,5065,new-taipei:5065,fqK0FGwUJFe2_RmLxvlH_g,untagged,near,31.65,4.1,1.069,2023-10-21,2022-06,,1,debris / pooled water;missing tactile warning;narrow;not aligned with crosswalk;not enough landing space;not level with street;points into traffic;steep;surface problem,,,true,https://sidewalk-new-taipei.cs.washington.edu/gallery?labelType=CurbRamp&labelId=5065,https://sidewalk-new-taipei.cs.washington.edu/labelMap?labelId=5065,https://www.google.com/maps/@?api=1&map_action=pano&pano=fqK0FGwUJFe2_RmLxvlH_g&heading=37.0&pitch=-10.0
tr0492,gainesville-fl,36258,gainesville-fl:36258,2acn_vplkq_PDELmfkLWhQ,untagged,near,17.60,7.9,0.128,2026-07-14,2026-02,,1,debris / pooled water;missing tactile warning;narrow;not enough landing space;not level with street;points into traffic;steep;surface problem,,,true,https://sidewalk-gainesville.cs.washington.edu/gallery?labelType=CurbRamp&labelId=36258,https://sidewalk-gainesville.cs.washington.edu/labelMap?labelId=36258,https://www.google.com/maps/@?api=1&map_action=pano&pano=2acn_vplkq_PDELmfkLWhQ&heading=111.25&pitch=-32.1875
tr0493,oradell-nj,14451,oradell-nj:14451,30V05nBEh2B8qTvC8B56vg,untagged,mid,17.18,8.1,0.028,2024-05-12,2021-09,,1,debris / pooled water;missing tactile warning;narrow;not enough landing space;not level with street;points into traffic;steep;surface problem,,,true,https://sidewalk-oradell.cs.washington.edu/gallery?labelType=CurbRamp&labelId=14451,https://sidewalk-oradell.cs.washington.edu/labelMap?labelId=14451,https://www.google.com/maps/@?api=1&map_action=pano&pano=30V05nBEh2B8qTvC8B56vg&heading=272.06248493855844&pitch=-32.37910267101324
tr0494,pittsburgh-pa,24925,pittsburgh-pa:24925,dWooj9jy4zWlT-hGIz_vLA,tagged_trusted,mid,16.48,8.5,0.417,2024-11-08,2022-09,not enough landing space,1,debris / pooled water;missing tactile warning;narrow;not enough landing space;not level with street;points into traffic;steep;surface problem,,mikey,true,https://sidewalk-pittsburgh.cs.washington.edu/gallery?labelType=CurbRamp&labelId=24925,https://sidewalk-pittsburgh.cs.washington.edu/labelMap?labelId=24925,https://www.google.com/maps/@?api=1&map_action=pano&pano=dWooj9jy4zWlT-hGIz_vLA&heading=262.703125&pitch=-17.15401840209961
tr0495,oradell-nj,14975,oradell-nj:14975,c7iJ5v8WsqDyG_QoWQiCdw,untagged,near,18.78,7.4,-0.285,2024-10-04,2012-08,,1,debris / pooled water;missing tactile warning;narrow;not enough landing space;not level with street;points into traffic;steep;surface problem,,,true,https://sidewalk-oradell.cs.washington.edu/gallery?labelType=CurbRamp&labelId=14975,https://sidewalk-oradell.cs.washington.edu/labelMap?labelId=14975,https://www.google.com/maps/@?api=1&map_action=pano&pano=c7iJ5v8WsqDyG_QoWQiCdw&heading=229.5044708251953&pitch=-20.770090103149414
tr0496,walla-walla,1177,walla-walla:1177,lhoCJi_QgtQSM-GJrZIQjg,affirmed_empty,mid,13.69,10.3,-1.093,2023-12-14,2018-07,,1,debris / pooled water;missing tactile warning;narrow;not enough landing space;not level with street;points into traffic;steep;surface problem,ExternalTagValidationASSETS2024,jonfroehlich,true,https://sidewalk-walla-walla.cs.washington.edu/gallery?labelType=CurbRamp&labelId=1177,https://sidewalk-walla-walla.cs.washington.edu/labelMap?labelId=1177,https://www.google.com/maps/@?api=1&map_action=pano&pano=lhoCJi_QgtQSM-GJrZIQjg&heading=0.9415178298950195&pitch=-22.4375
tr0497,paterson-nj,26621,paterson-nj:26621,ewQM2dqNX5yHKy406cbRmg,affirmed_empty,mid,14.63,9.6,1.255,2026-01-21,2025-10,,1,debris / pooled water;missing tactile warning;narrow;not enough landing space;not level with street;points into traffic;steep;surface problem,ExpertValidate,,true,https://sidewalk-paterson.cs.washington.edu/gallery?labelType=CurbRamp&labelId=26621,https://sidewalk-paterson.cs.washington.edu/labelMap?labelId=26621,https://www.google.com/maps/@?api=1&map_action=pano&pano=ewQM2dqNX5yHKy406cbRmg&heading=130.875&pitch=-11.4375
tr0498,new-taipei,20035,new-taipei:20035,iZiNkMhFa4s52HbQX4QNqQ,tagged,near,20.72,6.6,0.899,2024-07-11,2022-07,missing tactile warning;steep;surface problem,2,debris / pooled water;missing tactile warning;narrow;not aligned with crosswalk;not enough landing space;not level with street;points into traffic;steep;surface problem,,,true,https://sidewalk-new-taipei.cs.washington.edu/gallery?labelType=CurbRamp&labelId=20035,https://sidewalk-new-taipei.cs.washington.edu/labelMap?labelId=20035,https://www.google.com/maps/@?api=1&map_action=pano&pano=iZiNkMhFa4s52HbQX4QNqQ&heading=60.125&pitch=-35.0
tr0499,waltham-ma,25865,waltham-ma:25865,Qm-c6FyfUYPzsFgAAt6AkQ,untagged,mid,11.91,11.8,1.643,2026-05-15,2022-10,,1,debris / pooled water;missing tactile warning;narrow;not enough landing space;not level with street;points into traffic;steep;surface problem,,,true,https://sidewalk-waltham.cs.washington.edu/gallery?labelType=CurbRamp&labelId=25865,https://sidewalk-waltham.cs.washington.edu/labelMap?labelId=25865,https://www.google.com/maps/@?api=1&map_action=pano&pano=Qm-c6FyfUYPzsFgAAt6AkQ&heading=103.75000000000001&pitch=-34.4375
tr0500,fort-wayne-in,25261,fort-wayne-in:25261,W_numOcsgyVcpepthkyKwA,affirmed_empty,mid,16.68,8.3,0.943,2026-03-12,2023-08,,1,debris / pooled water;missing tactile warning;narrow;not enough landing space;not level with street;points into traffic;steep;surface problem,ExpertValidate,,true,https://sidewalk-fort-wayne.cs.washington.edu/gallery?labelType=CurbRamp&labelId=25261,https://sidewalk-fort-wayne.cs.washington.edu/labelMap?labelId=25261,https://www.google.com/maps/@?api=1&map_action=pano&pano=W_numOcsgyVcpepthkyKwA&heading=311.90625&pitch=-22.15625
