image_id,bytes,width,height,sha256,fetched
1003399228232198,623758,2048,1792,97642f914568539a3a5a47dc055cad8b104ad2fd16cf7a20c73e0b1fecba9465,2026-09-30
1004586808353767,695339,2048,1536,e03c9182b66b75da88991a5ed3e8d0a86ffb6a2fa8a79d18c8dc0bd10032d276,2026-09-30
1005564398106787,301029,2048,937,f8918eea6ff109c4afe0171eff98ff4b625eac71f203123fd8f9607e5326a911,2026-09-30
1006794020823323,721617,2048,1792,94f26469b278dcb2599feff83dd0babc0ffb73418a27fb1733ead50363f7d64b,2026-09-30
1008056609938416,327068,2048,1536,318cc7289d74e84a49d9911dc9966d5e629eb2ce816ab8c85cdfde416a7fe1a8,2026-09-30
1011298886069150,316966,2048,1536,eadf792108320719bc642d9a91039907e295a6a8006bd7774625d1b9fe406086,2026-09-30
1016860570312430,223427,2048,937,26cc698815739bfad32a55abe52a85ae1b44605fbb21c34a6d55fc6a18924df2,2026-09-30
1017927653239283,647354,2048,1792,fa854b7d8652ff409b687919e7f714ba7118b23ec098dd5ae284c0c9c82a462d,2026-09-30
1018538526981297,157276,2048,937,8a108468cf353b14ed51199a3c2d77930742fa2a9a33ac1a4765c60b2041612c,2026-09-30
1023991042016696,742421,2048,1792,4b5ef7a950ea3a5acfb07918dc03340a0f1642c3609ebd0191da0783d0f9495c,2026-09-30
1024590725437247,562637,2048,1792,28cf730c6d13cb9ff645b7b3d087b9b578316f13d58275a68fecc42d109ecdb1,2026-09-30
1028074265932094,267067,2048,672,f6e283fd3f6a28645adc566f98aaccd4f8893350eee7dceff2db758389e193b2,2026-09-30
1028683631954380,734420,2048,1792,d36dfdf9123d0bcfe9382dc0a6de12ac9e2c08d6d75adcfb0540fee5fe483ee6,2026-09-30
1029256992574760,310569,2048,937,8db233b461259861cda631e3734bad762ae797c248d6f61fcc2b0867144a5766,2026-09-30
1029792658511819,679010,2048,1792,e4bf402a8d5b46d85724c08b36d38a0fee4227949c8aec535ee7c6297192e09a,2026-09-30
1031587881655699,528726,2048,1792,360283828ee7e1e28898ea4c937864530bb43a566b9a49557b224d3296dc3ee2,2026-09-30
1034670767273296,444715,2048,1536,cf4d690d68adb972c7624313fed55c9195d68c2999e011cdaa460f57c533a353,2026-09-30
1035301714770353,576422,2048,1792,60c91971f808ba7521ae354378440e78c59465d77c610da1d27a512a584d80dd,2026-09-30
1039229080957896,512525,2048,1792,69910504d374995de091231ed072dc9c6144f6f242bc41a9dd075b19704886e9,2026-09-30
1047584560597228,211458,2048,672,7d6993173877a7841ba96fd02e5cce89334d89c9b27798b5e5a1859f0ea984da,2026-09-30
1059497169304326,225216,2048,672,8375f28026bcd806374525d935bf61f796a7254f47163599d3117f0f7bb3465b,2026-09-30
1059546952186882,615646,2048,1792,5c496e75b1eb2ef28722b37408cab922e6240ba2fa5615e86132c6bd0251c92f,2026-09-30
1060564174472046,439756,2048,1536,eb383dbbcc88ec4097eec9faf050e640f35d525dc64273e832a87cdc38f14b70,2026-09-30
1061306644393484,162942,1920,1080,323b20eae4de351a46f76af9a0764e42a7aa7ac8a33f2fab7831c769434a1137,2026-09-30
1066685191922972,252490,2048,672,c0d62a35d137ac7fc71a6ea292565a9d56d484e9a039ea16f9d7c6a07688f758,2026-09-30
1067497853775806,467803,2048,1536,71c6821c43451543bf97272045b3db23bc42faf05dcd666f41ae2b7b975624a4,2026-09-30
1070295095247701,222884,2048,672,c71baaa0f2bd7c44e1678d7d27759a25182fb90c1db68ad51e60c49946c5f667,2026-09-30
1071828018455014,201566,2048,672,3dee45d1501d7dc6967c6fc999e67896f6ad9b8c5e067db0b8f4a177ccbe8c9e,2026-09-30
1077677217785628,154347,2048,672,82f687b515602f5b4188c7816d5bc2ef122b74be346b89618e9c81427ffd3cf7,2026-09-30
1078525751150579,246293,2048,672,e7e9ea9e446950aec24b5ee5283db37aafaf6ff4f72e7706de8b65da2c9c75ab,2026-09-30
1080570085803809,219489,1920,1080,688161e79d6a11c57ce5c1bb09c0d1d5e8bacf97312d01506c6db04b5f07d923,2026-09-30
1085756786899266,201782,2048,937,0b930cf82d7c199196dd1ace045cb59eb13a02b3eda98a24a45cbfd975bc3a30,2026-09-30
108629378925751,454681,2048,1536,e1c6bf045f077c349dff4b77a4d2848fbf0e737b64373fa157989623eb003e1b,2026-09-30
1086439813286478,240587,2048,937,05accce687c5d595ec074862ac55310751c8b50f4a2adea511058d19878f3cd2,2026-09-30
1092647941140892,218101,1920,1080,e7d50b887b4660a431add3cf016e5ec5b87fd57cd0bde0258b78e68269eb92d9,2026-09-30
1092779572545829,281324,2048,1536,c293f9f0efa948b7b9d62d5513ddfa27f700075d275d41fb5cfcb8ff9feb084c,2026-09-30
1096403074764319,592672,2048,1792,97e40f3c29ed376f5aae60aa632d29c233eb5720a48942a1e9b9798c435b9e44,2026-09-30
1096427365387746,276741,2048,672,f3aca0ac406d3235834c8c27b32a56df49da257bc64e983c6114cb3089a6c7ea,2026-09-30
1098047215242184,136557,2048,672,2e3e3574a7233d1a344c3c67cff3d10321093a1b205930f3d68a576ff027a94c,2026-09-30
1098385138636381,260866,2048,672,b1cefca301e5b73aa4dbdf20f3e72bb90d5829739cfc7e0b86777f206428db92,2026-09-30
1100660151753737,457551,2048,1536,2742f6704ebf0f4ca30d839fa03bd759f77013c0773c2cddfd14950e8a9f1811,2026-09-30
1101734711504541,210295,2048,672,1df82e6306f73bef3b1d39077a6846b45e1d2970585254705a615f7f5d9c6b35,2026-09-30
1102522938225705,285714,2048,937,68a1e296a2fc65fa0097543e04488f38a18360156c06ba1a09a4c22188e27c3c,2026-09-30
1102988843523546,327108,2048,1536,c9d13912c8879bcca2c1f90d6e73deda327db1a53e86966dd84c7b6571d4c945,2026-09-30
1105213509976522,355910,2048,1536,133cfd154e80696c8525756a391d56a1353064d1296f0474eff2700ba30f6166,2026-09-30
1105577067980514,225715,2048,937,9c413620fe6dafc9bfdaa89353ddbee36b42cd8a434fed6d0958eba76da24f7e,2026-09-30
1106118344488534,281459,2048,672,4b30c37b6771abc589b6f1dcee4b5dd92aa5ba5dec491efaf91870569841aeaf,2026-09-30
1107182713120780,340124,2048,1536,9ba471bad643cbd434f95f38c57a12931a57e2d01d5b16e6e6c2ea02f1e67aaf,2026-09-30
110748877802469,445258,2048,1536,6500e60c42b79d0ce071075c9bc0187d67540a81a00aac37b8a298d08fa8694d,2026-09-30
1108649854257876,560174,2048,1536,3723bd536ac1aefcaffb4d8097c0cb4581d7a20093ecdb4ddaa7d68d22f81ade,2026-09-30
1111979870258136,218942,2048,672,0ff75964509a694f5cfa295877d7a00e9e24828a97eaa99cd515fb78454166c7,2026-09-30
1116178962787492,745867,2048,1792,637382983ce147932d6759712f341c51c04ead09963b0966dfc2abc4009a379e,2026-09-30
1118237783124497,297727,2048,937,a1fc1cdc3ed1a9b3019f46eb41bcf66914f7556c6f879d251934b2ac156e0417,2026-09-30
112135867603879,424963,2048,1536,205a80d4af9f4f0a36f4b6aea6478dc434a60f0684ba70f84075288c117f1b06,2026-09-30
1121507999619567,161809,2048,937,c07ca78083a8d436cd46223d6528f1cbe98f4b4891dba8ae64e47f01efbc83f9,2026-09-30
1122773632487164,365100,2048,937,5d38cf1c128ad16b187e914e5228e0ce27939568ad40b8047bec1ad8f9a592ec,2026-09-30
1123471766388377,207304,2048,672,adf0f1b9965c8157fd4ffd08649a6a6cafa6c1e38bc49a0e02230645c0164af6,2026-09-30
112417647590384,192543,1920,1080,a19b583a9f3fdecec95ce7be6f4e444bcb9edd7d77674db5343bc7a5f036e909,2026-09-30
1124786108865873,307680,2048,937,aae047746d46ce9a3f01526bf09a296d814a3e230191503e7e0f3afcc3a24195,2026-09-30
1124789892710951,657221,2048,1536,3c90cafbc04d0c07b9161fb4556e952b63b6650dbf41e983a167e66905125a7d,2026-09-30
1125061241321480,187524,1920,1080,07e61b965ebec54fdbe92b3d83cef9bbbc813127886b2e8bb571da8ae001b759,2026-09-30
1126319315371952,419867,2048,937,7795efa9749b6d392c0866c4bc4b632590c1efac980e7eea58b905118a101a80,2026-09-30
1126993112308828,227747,2048,937,95d92a4219521da036f8cf831957ea8c6911a64dcdb63666d4065c2479a929d0,2026-09-30
1128331001942012,182019,2048,937,c2924f3d5219af6ffd3e4ea9546cb2bac44e41ed72b283083f2d9b9d5bce3626,2026-09-30
1129422790887904,353381,2048,1536,0cfd507c20e388cd99f6f84fc0b16a5b48201aab5f1650345243b3f339d6f342,2026-09-30
1129525677557785,445879,2048,1536,1c2f91ba3caa090139dc57d443b42403c1319e7edd479d06daab5342bb4f339a,2026-09-30
1129654614224698,191228,1920,1080,87df2296a7869bc9bafac9dd0df67b5b7ec3e412f9419f199a5ccc8b19f0bb37,2026-09-30
1131796614768943,607511,2048,1792,ce2da31f29816ec148b2c49a146ea23761246df6e5a2d56105303c3737c90a76,2026-09-30
1131888901581365,337267,2048,937,1203d3b3d25ae1e9e3309c09499ece204bbaba6a5db1d12ea19bd1d8f0957e3c,2026-09-30
1131905335138060,316344,2048,937,b1bdb2999509060786239e05b67e7e0b2016f39831a649d8dfc55cfc750199eb,2026-09-30
1132103844555525,586373,2048,1792,b5ea349391f316e5ad0de56499e1d7d38a5fd0a469bf30da4ff5360add6db33c,2026-09-30
1132718841350149,507133,2048,1792,9547b806dbce9ee4f1ad806af37f0321ca78940f0ef343a26e43040a9b337add,2026-09-30
1134236694478885,261864,2048,937,fb0a5a18bf1f1c4935f89873c8ecae592d902e0411e87300368c9f81dbffc1a0,2026-09-30
1134321657847877,283067,2048,937,5f974215a2b55e3061fb2b2b820e3f1e8df1bfcde504290c17935b448730b027,2026-09-30
1134342851482779,322129,2048,937,9a898cb1fe5d122b4a14879811c21d0e069254a144ebc5c235129cd8c747942a,2026-09-30
1134521698537101,208712,2048,672,be1be47aa8c9e534aa32afaa7e050d8f34ae03eb213880ebd21c0d99c402f656,2026-09-30
1135081557703725,504814,2048,1792,bf12979ff57673c8a5a4c1aa2d9a7a1608d4f3aae07fac9042ced03687c6dd97,2026-09-30
1135745711253944,556164,2048,1536,c62672bf0e1ded7021309d2eb1c520e21ad6fe3576e448ee0cf9566d69c11e24,2026-09-30
1135983761719622,165077,2048,672,b9e4178fc36bf51246a20eaf95aa835e96b03fe0bf7ffdf7c79768cdf755cafa,2026-09-30
1136303497654165,590905,2048,1792,4a7b72b3b95c41ede2467032344f98b1806a9573c140991a2b9c37ae6d3b5808,2026-09-30
1136460073511542,550648,2048,1536,6d4724fc79d7a58c32e16d13dcdefcf2e107afd4a3cd0e624ba7027889cd60c6,2026-09-30
1136576558131979,317427,2048,937,64070f6756bb1cbbfe09e5d9efba3e9cdbf52b93bdc51ff1c1b9f9f16609c45e,2026-09-30
1136772468150242,190890,2048,937,1b11035d354d4bc71a7b0c935b3595fbd584d9cb5bf02e9b886dc717c7c34936,2026-09-30
1136999824055699,633361,2048,1792,7e002efdf46be17d640726e216a3355d42eab1dfe5aac02e7914a324ab5beecf,2026-09-30
1137690103372428,423573,2048,1536,7bdfef3ed18c41b9a5ed4857c9c6734d159e9b17326dce7f0e26106f689487b9,2026-09-30
1138639463858713,598808,2048,1792,a95c131ac473a40950cfc919ad003495392253b73706c70cd7f5460c2e7c2a26,2026-09-30
1140144477983007,298982,2048,672,b79a7a1f9a1510a804ac0d844e763af5a825c91c02409bd72f89065007b7d84f,2026-09-30
1140320093058202,474509,2048,1536,923e509c4230d433af5ab0fe1be48babdd55c14f40d80a80a7eff4b9c136cfcd,2026-09-30
1141007713883390,586026,2048,1792,a8cd7106d296ac48cbbcdd7d8d2d52f3c07c4e771dd3c6df0bb2e8828c39bf48,2026-09-30
1141424284015286,312926,2048,937,dcaeb8458da3599f8462d6a9f2824906e2a4e7c0d389382a65b227a70d30df29,2026-09-30
1141687636332496,465720,2048,1536,483fa545275602764b1d27a4d7a1a6e53c79656bea0be5f99dd31bea949ac62e,2026-09-30
1141847120909385,245471,2048,937,6d71217e986d5c4f99d760e9ea455a350bd73912484ceb5cf8e52622bb97a05e,2026-09-30
1143623763403269,334770,2048,937,ddb52a322b56993df21a010e88f716d08747107e390917f3d90be64451e921f7,2026-09-30
1145197547049642,292767,2048,937,e272e0dd9e61fd0ed42a8d8a1bd1d09b92160c68698c909b8ee095f776e06ac7,2026-09-30
1145593567071590,172255,2048,937,3e6c515038d08a955f2e61d8934593f2521d85d6a2ee254eaba83df0d30ba9e7,2026-09-30
1147431010094819,141218,2048,937,e2ed14e0275fef0c344cb4003c177e117ac54ac89344d544696c70dfeb1f4d7c,2026-09-30
1148093120039180,233320,2048,937,a651cb1c26eb27f79e48d199b6539710bd891587edb5d41004000d984f047fc5,2026-09-30
1148123762322952,376718,2048,1536,38580fa644408f1d224f74103c2c6a0e73ff1fac87ac25a4216042a82d7b7b16,2026-09-30
1148159446506288,734010,2048,1792,93744d2f455b75fe8faaeb385231f62815871524ac3975e8b804772f3832b40a,2026-09-30
1150545159545932,682972,2048,1792,3ea7a14b60cf1024ea67aad6141b4b8b834a9d89538629732e07b385c554659b,2026-09-30
1150749229534362,332673,2048,937,2d86ab08c1e7864648a3526fe915aef863ff59b365805435d61039924014ffc3,2026-09-30
1153348679867400,291829,2048,937,c143ad4890d4d24ac975f4ae784cf884432faf3b4dccec1dbb8841a65184c2d0,2026-09-30
1153517363015365,154136,2048,937,80662bdc3c69d316d7f9a3d01e7ba9f4e1166bcacd53b43808a85562dfb9fb1c,2026-09-30
1153662303488123,218827,2048,672,32e6f21586fc963ca13564ccad13c134859ce954e8e735fd1ff1676b7a197dd2,2026-09-30
1153714343041186,277221,2048,937,4894fdf2e02d31b5f567d657461e21a677f2fb5c06c86c67f923321f1dc20c35,2026-09-30
1153752752339323,575219,2048,1792,f5272fa48cee9d261d2f6c5e39837f2d2a38ce0355e06d275ba8905096712440,2026-09-30
1154856276289221,283721,2048,937,018a7b766ff8cb8f9b01a343e55b6000910c541e98c6e0e3b8c369d72163f88f,2026-09-30
1155822455628266,652231,2048,1792,29daee5879365f5f4ea02c4947677a4e635286eda97a01f5b4430c667b542b00,2026-09-30
1157934549513308,306790,2048,672,b6a359b32fd9b01df1abc71743b4a360404f303fe620b2eee8c6d0ec9b3f8063,2026-09-30
1160002565838339,198274,2048,937,585e46f2817d852a9482f05303c539e35590e4b19950d414d1435cd3167b6f20,2026-09-30
1160732645911417,271382,2048,672,ec23c4241a04c9916167955a797e73ef9232d28d8ec9fea77894cc7fad9f805f,2026-09-30
1161495762514384,250556,2048,672,89d1ac9b6626e8d093589a67f7f7bc55ddec1335c8188e58529cd56d5c319bf2,2026-09-30
1161888075521957,262286,2048,937,a4cac0f89e6d44049eaf0f3cdaa6c72427e042cfd88a732f005df012f45f76ee,2026-09-30
1163388711971624,190742,2048,937,5e0bb0a18ae198287969f05b5a98ae5c9c50260e8803cbbc14be0c3152701ea6,2026-09-30
1165582493882310,521531,2048,1536,507be7bbe6ddc9e2b3ad0a3feaa1585922bfc83f8aef8c19a84d3bd0a70ee7a2,2026-09-30
1165866728488987,226636,2048,937,4683ec71c089934655bca13855c20c1f24f2bb2ba9cc5fff6271df747397c4fe,2026-09-30
1166679675022158,458589,2048,1536,0f83b10bf3abeb6d0ed9b9a44c5b7c28aa1ee2e866d5f68550384c32e88818cd,2026-09-30
1168168784714141,290505,2048,937,35f13c694e01058493ccce1af5895e702bb25faada4c7dbcecabc6d1e3241fe0,2026-09-30
1169653327406613,555424,2048,1792,b32c6fe39fbaf66ee62fb12215b598bb9474781c13b67b3b2ed104f83f25a233,2026-09-30
1170053980087179,377802,2048,1536,ab0b0dd7eafe2a3390a96da36a830d53699130c4e91e7ab678f50f0b2b86dfa9,2026-09-30
1171064344344649,610943,2048,1792,8741525482ffe91739b90820e45f4d03fcbcfa332469a68183444a9b4ea57573,2026-09-30
1171855736561079,355999,2048,1536,ed0ccd5ebcf53a6172fcb9c6bdb2fa0d99d22d1a31d1a126067feabc2111b620,2026-09-30
1173066917275883,609025,2048,1792,a44dd413b5c52379165cf52273196ee685cee6eab925f08fbca736c665983858,2026-09-30
1173219014527746,335295,2048,937,47db2f2edd4b3abf0ffcd84c05487fdd50b9779176667eea719ab9074e521fcc,2026-09-30
1174129643928198,660196,2048,1792,450337e3e8080abe6f29a98af61438e86ff0dff43a32b65a287a51e8953ab5b7,2026-09-30
1175968217219367,253456,2048,937,09feb16b78fe5a8787389c01e6dcc07c8a6e10e5880766aa99aac11cb9f825d5,2026-09-30
1179075895855179,202036,1920,1080,c48b39354276612b57502981152476768d9e25784624ce266edf1a17351b6273,2026-09-30
1179269906550644,587945,2048,1792,e3eceb2168712fd2d1fae37179bb996f4bebf1064d69c5ed31b6d847dd6ad3c3,2026-09-30
1179505237075382,292807,2048,937,281e32114449d65ceada70414e02dedf2083df3a2bb79fc2a20df1e61a212b4a,2026-09-30
1180300979083152,232773,1920,1080,ca141f51f68f5c4b5986942e8643aec129347c8f96a8dd1997cb6f075120664c,2026-09-30
1185462042501140,593425,2048,1792,658c4f27c696e3e3a462bf665b5aac79e27c3f75867ef0c247414dc9d32125fd,2026-09-30
1188013879318358,622645,2048,1792,dfae7bacf14e12e26bc34e73bb6d7a909f89fe83b6d61db309369bd1e6008481,2026-09-30
1189249372968087,230149,2048,672,2dd1570189d8f733101146b9237c560fcbc81fe9494d98031c1870fea5ef57bf,2026-09-30
1194026131019270,119697,1920,1080,d930ed823f3a3620ec41658cd570250f0d2e29cdcc2b155a7fa65884986cc7eb,2026-09-30
1195303458146825,502408,2048,1792,16e3a600bbbbc0e718539b31aac4e24aecc8799205dafdaa498e3e93ddf2684e,2026-09-30
1195329198857725,199362,2048,937,3d4d65b07f90c8f8b4afa8dddba264f6ce27df9dad2ba62b7b59317811dfb34d,2026-09-30
1195750185156047,585307,2048,1536,b8ae33eac0e53acd840b8c9f78aa11266f79c616b22e0991fee64087ba595745,2026-09-30
1198262491615870,586899,2048,1792,cb9be10c205e019166cbc75d4e27d79c7e66718d4afd34703ba8836fa0cc32e2,2026-09-30
1199655171230322,676395,2048,1792,936c8534dc93a20d672b6204f5560098ca91f2571f447be7296c7cdf5ab06a90,2026-09-30
1199763884370777,676809,2048,1792,33d5723e2b5c2927f412d4bbdf07a26cba8fd1517467984d22efa99c1e6f35b0,2026-09-30
1201392161344030,315749,2048,937,e33b508a8f13ab7d92129d14563a74778b87d1d8337ff14ff759b913b587856d,2026-09-30
1202449806861880,564427,2048,1536,d7ba8ea14d59880f528461cd7a183b55c97fee8d077820e9ee6bf9c53711192d,2026-09-30
1203378150092581,345580,2048,1536,d9d9a68e0893e3c2eba483cb199e70941cfcc02ffa0819c78a9d6f0f77b632a9,2026-09-30
1205533819900266,163685,1920,1080,adf8197a40f5a9de1d0601a00aa676aaec3f17444356cf48f9e75e262cd39fd5,2026-09-30
1205665957420733,755628,2048,1792,c2f4fc780ec7879e59a41f75e071bf10968b040412744cc4f496c447b0ca123e,2026-09-30
1207659157653695,342313,2048,937,f8e1b074ee7eeaa5a54b29868482170827a6eb93781e659704cabcca51cd3b7c,2026-09-30
1208333842918819,374665,2048,1536,6658406d6c5cc5db6489178f7f2b1fc02fe4fdee247ffc0f6ab2c8fc1e878ab6,2026-09-30
1208651903919459,701742,2048,1792,d2f71463e863bb3ca1a29cc557d366557cf572f60d32fff99da2a0472160aa51,2026-09-30
1209255356730484,594475,2048,1792,a418fd0506cec24bfc94d68dac6c4842858a9e55af2f940f874da3602885b510,2026-09-30
1212262932560238,529970,2048,1536,ef4c193274db963c9a927fbba58afc9d0b9c0f5dd96640d99919e667233ecb7b,2026-09-30
1214095962356513,517674,2048,1536,bbaae9d62154ef490f0905ac17705c6bf30a476fb099f239919ef15bbf55f225,2026-09-30
1220618043076664,273626,2048,672,e603b63a312211554e199354d879daf016dee94e6c25ca22f29c2435570a7ca6,2026-09-30
1225868392121852,609897,2048,1792,6203954a66452697a701af6352117d58f4a967b69cf1acfb4e55ae500237b428,2026-09-30
1234274401831251,239198,2048,672,9cd2e60fb13fe5ab2491ad84800619c15db90c8e3585088d7faff338146e6847,2026-09-30
1238223753949485,548759,2048,1536,498b0524cfa7d13898df7533759d2a13a892befee1348c8354c220dec8b256c5,2026-09-30
1238324429970828,433656,2048,1536,88f033b20b4d3ff4695e3dfd1cd1a342f46bdd6f5294d8dcc0c243493bbb4bf1,2026-09-30
1239796990523023,616826,2048,1792,3372c459b5a132b8e1c5c8c9402fcc2fb7b05ce2b555f74ff42067cde3d4eb08,2026-09-30
1242674610036716,627170,2048,1792,2074a42a99143bea3a3f8476e5f1cebe6973c08ffabb51dd937d34dce67261b8,2026-09-30
1243920046987094,647091,2048,1792,030418caa0f3ef2829c6ffa38fce8fbccee67d4278eb23ff9ee5bebf6a846e79,2026-09-30
1251250483465444,196531,2048,672,dc1a96f22c4ec9c13ae8dca0d02d12ff4ce1e0af98c45d12646ef6478c464369,2026-09-30
1253836802731176,238840,2048,672,7909fc44e05292088b9dd35071007cc8d431e97161473f50a79807d31bee8c21,2026-09-30
1258127678589751,231796,2048,937,fafd2ff3de599b7d2380a704734e3fd65d2699029c92d40d966cf4302609881a,2026-09-30
1259482125856243,261613,2048,672,b1b9f0bd59920745aad6b5d3bca00dd6d93b758a9c3325d255fba77d28149de2,2026-09-30
1259657941786135,275079,2048,937,c20ff26b294e940ad9d1651a3948e53368f11a5a8245c9e6444e0e69bdd4b62d,2026-09-30
1260252075057790,210772,2048,937,cadaee20899b25aa952711bead97940d1e86d5c6321ca9b4e7a051cddd38d534,2026-09-30
1261656671881540,610798,2048,1792,9d21d1b185bbfa3e3aadaca1ab6cf3b72d045882da88a9473b626d47a5b09666,2026-09-30
1262566074158868,285580,1920,1080,576b28946766f28f5a2b03deff0b7c265938fc613133f4998919c621c8a4b897,2026-09-30
1262778631997621,250213,2048,672,6855b8057bd13f5eade92ab26f10a7ae01704c3bfe3fbc0ee047a082af39fa77,2026-09-30
1265142704561440,251856,2048,937,5bc583487fd2633742181480189c26ae36556787d375b1816986b06e3d42b2f1,2026-09-30
1265600621335232,264635,2048,937,bd998a5391cf4e8a5062f93f3f06bcc5fd3a7b208d05d1b6bc7ad95eddfec069,2026-09-30
1269558668184058,351964,2048,672,0a2a6c27075975df75d5ec48ea9984727ed2d338ac0b8f80ce7bd2473dbd112c,2026-09-30
1271468953967182,185421,2048,937,3873417da1d5a312295abe37e6be3c71d5e5cfa74d28bfc8cffb3f4fc76379e3,2026-09-30
1273950750544010,138995,2048,937,0a2072327a86411ed10ee588b26adef4c539169232dffc717570cecfb943568c,2026-09-30
1274306453844895,307833,2048,937,d0c5466075469c808583e4f1880679bfbacab3b2026b5c5f954c6a6501ea0d89,2026-09-30
1276011930028285,620902,2048,1792,bf60ede86f30ee279c106f293d89404bd95533afccc73cb3821b5cec56f02167,2026-09-30
1276214893339113,590584,2048,1792,b5283307c82e4e7bedb2d6c6bcf0db815e59c3848c9da9f23f7783b5c8384823,2026-09-30
1278821350169117,690700,2048,1792,ad8a0486429c701c060f418d630c58a3de469492a9db4a6253a72699008a2989,2026-09-30
1279066819728821,587439,2048,1792,e1c5cee23e03a57e839578b10d571038ee8b53ba898f4a1b36bae53bbd391d80,2026-09-30
1283346850199007,234183,2048,672,b9406de4b4f6f09ac8b0e327338475769d721ef456feb97c3d2feeed74b996f2,2026-09-30
1283885792700135,269426,2048,937,3a9b6c04a802ebefe6a52588c6f039a500b9366a5849fbfa2b093ceb0e7efda8,2026-09-30
1285737698991720,602453,2048,1536,d486c04aa28271e4110f7ecfa170d5258eed084a2bd5353b196eca7151847709,2026-09-30
1287268355824758,574921,2048,1536,63bbc8c730960278f769248b2360cf866634a80732d9d93959d2a8e9fe020a40,2026-09-30
1287681815838258,348432,2048,937,52c2d9e4ca57bed5fe42fd565e423293878b8306c24b0189d8e0e58c9c7e5606,2026-09-30
1290594148034610,487149,2048,1536,2940dc145cfff8f34227ef241eb0fe328fa0b8a13441858acb7cf30c798eae80,2026-09-30
1290793538821257,186536,2048,937,ca156a4f87501895ee434743ea924a68fa2de3a83eaa682deb58dbb6d39458a0,2026-09-30
1291797102440636,245191,2048,672,c77e71841956bd11998c8817d174499c3f32b42bc17bd408417b00713b0d055f,2026-09-30
1292888315798421,251036,2048,672,33cfb4a450de14769d7f396578409c82080c985ffa8676e504f695f061bf4290,2026-09-30
1293388144410928,376219,2048,1536,5a2cf04c4f581b565af3465e28343d1220085b8c2dba9c87d0fc066771036a3f,2026-09-30
1293703115051938,186104,2048,937,d1c00691bc3fa1613d69a13f2932f713140d1c40db02f7df412e6738fecb07f3,2026-09-30
1293829911834894,183586,2048,937,8d7a2747cac5b05a9e4cb4104559ad94b6bf16662de38c6714f4bb15102ef2cd,2026-09-30
1295798301571082,248930,2048,672,932e4a298774858c454fe2ba3ec817e682f92864c018045c818d2087fd81a947,2026-09-30
1296065102099384,202250,2048,672,c1b8f7ad4593f01ac073cf3c50cf428e654ecbf35b70a91b5c4ec256818381cb,2026-09-30
1299459555147485,361321,2048,672,3b5ba106739995bcafc418f9248149fc3427bc0b11ff7147aaa81e1115e7f3ee,2026-09-30
1300970187361768,914617,2048,1792,e699922e72d8e118cf64ffc96b25212757f9e26286a894e596cbc90f92f0f3f8,2026-09-30
1301363080261966,548566,2048,1536,dfdf9d9497a1d7c0857c19dea09f9f174aa480ce6a8bab72561b182227826d0f,2026-09-30
1303174054259350,293410,2048,937,ab6ee3434713852516c5a9f1b6078a10409bc5b823c8670db5fdb4892a00907f,2026-09-30
130601609161913,377882,2048,1536,00795b1c4b959f3b75bb483ce4c380a2662a056a28fcd9c6c535e92954411c74,2026-09-30
1306150430635657,294349,2048,937,5ca6dd78946c975c5c967700a8e3e6abbbdf78d503e8a3e1a28ad1cf0d8941d2,2026-09-30
1306538217131971,280859,2048,937,14cea83789710de2190139ee1cb6b9013bfd5b734fec4137aba7ac8c01b95f83,2026-09-30
1307272477442266,202500,2048,672,acac1790a969bc0a3a3f292c1adfc998ca643d01d394c4f1ee7a363ce3a03c09,2026-09-30
1308148949586434,228551,1920,1080,5f1a42f7bcaf76bac23c9cd2fc6ac5465e0c0c2780c0f0a86eccfc0545735da1,2026-09-30
1308281953751053,251762,2048,937,1089a6222731fde758ead22b8cb7517783049b6c3cfccda21685d449448896f7,2026-09-30
1309582310167410,216877,2048,672,066aa2f62c8745fea63bef882c64a08bf7710d9d4b36af3ef2322c273be3a7c9,2026-09-30
1310416050722235,250203,2048,672,7526a9971d15a6cdcbc75a78c542cd4ac6d1c269de15d7e0becc1e2767743a92,2026-09-30
1310932146770763,238049,2048,937,e4ffd336f3c409a9c33c5fd6ebd039b735e96331e406d0a53e4497149ae38f00,2026-09-30
1311137846829536,365955,2048,937,9a8373aa18e1f16ab8b9aa4d7485d3b6e6a826b0e40694b16b5b0c4bcf901710,2026-09-30
131413285752181,367568,2048,1536,34079b20259f35bde23bed6cb8664f9fdf151fd355ff5b44fe51c5b4390f88e8,2026-09-30
131521542353456,644464,2048,1536,6070a6a87caa785368cfff205a13ca4a8b9ef1fc804e317e28a5abba0f482931,2026-09-30
1316623272889674,276029,2048,937,7c1f4c5cbbf99b8758edc2f870d8b495dc1b95cd096b9ba6648be6fda1c37295,2026-09-30
1317828570008802,228399,2048,672,0a156ae024e5d3d4e0a44ba11195e97559e19b6f06a6064d87fedca347315e43,2026-09-30
1318070995638577,648443,2048,1792,eacb60ccf53dfb597066b7214fdf69797182c2680af0e99c5be9cfb7418ab01e,2026-09-30
1318292042541820,317096,2048,937,7d498b87106bcd3393c077ad1a706b45838538ca0ded1047594597ff30034e4a,2026-09-30
1320862844977878,284831,1920,1080,441e07c2c9d836cb3ae6ed36de2f739fa7379fa5f4a7d54ff838f3277b56d574,2026-09-30
1324754042039215,303105,2048,937,a2e9de1c623edeac0aa6325e8009a4a488b57f25252e187dde862d4197f262c2,2026-09-30
1325670938748103,387154,2048,937,0e85057616b3771181c295d18beb43d0a040e3387e7e80f1291f8a04ae041d25,2026-09-30
1327183455258583,275484,2048,937,f625e5dcaeacff22e7e2ca2299707055dbe3a316fee066f7661207257ba0ef90,2026-09-30
1329640444696448,167077,2048,937,6e1fa49f31ceb772baf3b24981342c328e38f786d31283fe30a04ee6a88d2b0c,2026-09-30
1331850197791831,733681,2048,1792,61f89ba9a9d90ec21735c936a1d180a1c2f6237cad056b822c4c1f020c6662d0,2026-09-30
1332157318142824,359994,2048,937,7f03ca0a43c25dfe7d1839160befef5183b2ff4035cb1d76c0ff4acbf6c6b588,2026-09-30
1332407627947611,409708,2048,937,57eb84f1dae93f65b1b36a77029572d48bf955e492fb262883e8c12a57115bc4,2026-09-30
1333291788017228,170339,2048,937,815640cf57e6ceb2efcd36ba2931eed6bfb79fd75482290d15084a8f3cb5c2fd,2026-09-30
133649818758169,519582,2048,1536,23bde9093239c34c1194c22cfda2e84cfa01d1b9d47ff7ca9d3b9e458e00755b,2026-09-30
1337285590735871,416855,2048,937,8e9381c2bb96b3af5850cd587773a11f77946f6e1bad6f18554f60861e975e23,2026-09-30
1338545010961472,340898,2048,672,69d4dd6604221480019acb1ddc106f8f9b6ddf3423f9fbad2f095f66424d949d,2026-09-30
1340391219687791,214582,1920,1080,23457ba456691bc47d6113d7f0fd1afdb10368bc0c20a25da6784582c2ca220d,2026-09-30
1341145677312522,256919,2048,937,82e479bed1700dd915ba1f34a3e38b16a8ca524ee74de3d83943d859f7760aad,2026-09-30
134215412098149,184215,1920,1080,352249f57a9e5e0b98df10542c387159d5ebcd4ce18de8072c393d7a1c5c4547,2026-09-30
1342385703896663,275794,2048,672,a894b92172af8e7169f05aa796cdc5bcb54c4d593158b2886731b0a05f6b3e39,2026-09-30
1345793153929953,222822,2048,672,2b282c29801c1c53754a59a9185df92ba133aae21788154a1459047a49515775,2026-09-30
134818052010517,450007,2048,1536,b438c1cbad465b28821ef262b1743b0896bd96d26bc1f5f3af04373549ce989d,2026-09-30
1348570226141529,263382,2048,937,544cf486c60bb4d6043506dfe2ddf7f37e56ad197ba21ea8b41935c51589b5a3,2026-09-30
134942038574526,579750,2048,1536,2d8dad1e653c6b7fcef0bcd06bbc6a2df681df7ab6690633a59a10f5ea586df0,2026-09-30
135387508534101,426201,2048,1536,69d8e1db1f7511cca30cfa9f3d0c02437f4c4aa9436a91b9903840bda387097e,2026-09-30
135437431876108,165027,1920,1080,ecf12d591fea01ded5dad4bc18e5d1580dcc62f473a05c03173df5ee594358a8,2026-09-30
1355521888934555,233034,2048,937,c025fe738f2fcb1b480250a4cecf91244e09d205e781e697a0a2893d254befa4,2026-09-30
1361244388624793,226412,2048,937,37447910389b9a3c3f472d8f8d753c57dc1f385f682b443538df0ad52faefa97,2026-09-30
136549218519540,140191,1920,1080,0bb99392461ad6d071fcae649e0c8fd8636994bfbf8c06ecd1f667a59ff1cac9,2026-09-30
136680768454561,571163,2048,1536,6698d66761a517416dfdfc925c91ee8e312893c28ee2ac5e153ae042113c47ad,2026-09-30
136829618479864,175660,1920,1080,43f703b2f3427e2f8f4d9275d5744de7c5a7742eb30a3b4d6fd936740d3f4cde,2026-09-30
1369240834247274,216727,2048,937,3a43430b59fec1334fc54f78989bb0e7fafd8a01570e877d2e7d4019608e0c87,2026-09-30
1370736446639207,453775,2048,1536,3d82bf0b5622d631143f47f16c8051c51aa8e647895390e98f7914aa74bf2cd7,2026-09-30
1371611426539625,424990,2048,1536,f78fe5dde65ee36ed2dcf0dc04b7eb0e44e60fc15fc5604a9be598fc38e127c0,2026-09-30
1372909957435121,522020,2048,1792,0f42d602783bddf13b62ca789b3e8c137bc6bf9cdcbe92f54c5d5021d5aebc16,2026-09-30
137328831753080,455908,2048,1536,b3bd675f3146555409a283f29325884f7fc5c075fd28e05e3cd1053cbedc0bbd,2026-09-30
137391331710348,296652,2048,1536,9015688c42d0387659a2f473e520ecb6bce7e22a5d90f55c169f4edbefffe1db,2026-09-30
1378159409220771,405382,2048,1536,6f941b832ad342d227645f2bfa00ec13c051841044f800b52d7ce10e84529074,2026-09-30
1380713029274038,700907,2048,1792,fd037edb1e0f64793e4c5ef941b3c721467c82ad720e019c90f4cfb420d8b01a,2026-09-30
1382408655472103,582101,2048,1536,7948009813c275ff22dea6bd87d29ebdcc24b2f024d221152c9253de70157788,2026-09-30
1384346825900699,258050,2048,937,01fe19dfff7e7b37d40c3bcb05b9184563566636129eece5dbf64d5f602a15f4,2026-09-30
139208214862870,200233,1920,1080,fa297d2ede29e6097ffe5e12aa9ce4db6ead5b49e8ff78964449edd2abfb84bb,2026-09-30
1400648417312316,585813,2048,1792,c0582724bde23db6c07b81dd9d6ea216cf8a3f24b41f5872e327e1d81edd8143,2026-09-30
1400705906958605,365068,2048,1536,bd737112b89e1a7b350118ea234f68e216baf0391cf9388885483ea7c3d93269,2026-09-30
1405043806540626,509975,2048,1536,0619b61d2596ed6e84ee780a7d920458dc690bad6a6c582f2c18ff859d043f2a,2026-09-30
1408551253718132,318890,2048,937,8c32300594a9fbf3bc4981726892cb92a4540bd58b6a13be9d9572cd46ee0d43,2026-09-30
1411964876539308,245877,2048,672,088e1a102c7d95ed4189d14045307cf0b2ddd7756eff57e4a7fe6a7ec4e29533,2026-09-30
1412999892413476,339397,2048,1536,9b86b9f9e305208d4dec5cac5b7cd1f849e691d607f68a7294451a67fa6ea8bf,2026-09-30
1413331816294264,317339,2048,937,8b4ac04918771cb8ef4f2e7305e1f556bd4c74f6b90d468c0a1d84363b6279c3,2026-09-30
1423968904787446,500214,2048,1792,64ba00cb1f7f06139a960b367ff5be48b5f00de8d2462c16317c95f4474ea366,2026-09-30
1425561187806121,469531,2048,1536,a014b753534506a651e8c2482aba6daff520718ceaa5b0061a2a4d15be82d501,2026-09-30
1426480208576910,247306,2048,672,5562e247637d56f4f8c529b40aa19d4d433b6aa4602688c755740409c1d442be,2026-09-30
1427217835163827,249859,2048,672,75c2326a447317dff6af81ea062ad46244ec0241c35e4ed6cc63a0b5f32db724,2026-09-30
1433329977939319,173088,2048,672,2621c6e1ac04ad445197769de461b6aea0f6d04fe75bf3f5b4cdbeded16ee086,2026-09-30
1433540997038167,357989,2048,1536,78f049e43cfe41b591b00e2eda797a1ff34f165874c30ab4e9c52d49590fd73b,2026-09-30
1433785700306302,369287,2048,1536,f640c5208ad7e0ade9087f7531327a3e3d37ff8151f75b5ae86b51049910a7b8,2026-09-30
143429147696659,517634,2048,1536,ff8e270006a02de087a0b7e37b941ca28326a67223cdb5fa4d64d6c9d121c1e7,2026-09-30
143898557647787,571620,2048,1536,c9b9f38d4d2d1619682a85a91d5aaf878af71e0cde91951f8298ef6bfc6c0821,2026-09-30
143950584377382,392609,2048,1536,098ccc146dd06d436670fdfd0237076f11a74b28e2d9738ccd2d7d5a15f07089,2026-09-30
1441037746229570,228056,1920,1080,64514610d1617abfd4db13b27818ca60d8179b4dcefbced376a1ec01d3528595,2026-09-30
1442957119371638,175309,1920,1080,a3db23def0755d766cdc55e057adc5b30343175eb8a80d25670b3a2b53fb6fd5,2026-09-30
1443045906139616,193976,2048,1536,6e8de84a21da0174953a2dc8a25afcf5bab3d037e947a27068790d88426de580,2026-09-30
1444560950203489,217132,2048,672,82b6722a51cc2727e6018c7d5a1055976cbd6ef1847e3b2f06bbf409d223241e,2026-09-30
1445036959179973,414454,2048,1536,cbecfc25eb357e4b9dbac3143ca536d206c94d1339ba5654fd4c80c0ea64ad44,2026-09-30
1445371996614605,203630,2048,672,97ada99719451525babb860216c4eb8bc3e5fab0e2da746e050ac89ebbcb0c64,2026-09-30
1449917859741978,609818,2048,1792,d640e3e1afa5f60913a4f57731075090f41091aa9fb575d38da4ff85b2d12318,2026-09-30
1452164021795202,352852,2048,1536,61a164ca4bb93b06c060908e2d0f9348e0ac84cfe010c3fba70bfd9043d76c3b,2026-09-30
1452575555485739,487446,2048,1536,d14a857f398ee31502c286c4db0947f587dbad8ad6a474858589dc9dffb6cccf,2026-09-30
1455812864751521,367630,2048,1536,4066bf574e82fd9d286cd1702a24226745a834d018313d6c939ff0ba9628e45f,2026-09-30
1457008551300737,161309,1920,1080,babc4bd564ce8614f3bbc127b3b8f9aeb0b25fb8be432ad2b7e6a7f411bcbd25,2026-09-30
1457379451282821,443453,2048,1536,ba2fe168e460c5e9acf72fed09db7159dc27a1d6310e144a3b4a2dcbd70e6898,2026-09-30
1461489498603681,224749,2048,672,212994bc0abcce8d2e0d1d29c5cc3b1292d2ea70adfd46d6bfafa43a069c49fb,2026-09-30
1464826141307373,247039,2048,672,e2f46891cab21adab21d44f35e716a76159000f49b1d6e619f24eaf57a555899,2026-09-30
146540657375375,485648,2048,1536,e5a666622782a5ea634b8312f71e9b591a8827567f6d80b70367a8b2dd72cf51,2026-09-30
1468088096870213,421176,2048,1536,4b54ca07e262ab2814004a5608f0d10fcb6bb7cb177d72cb8c0f16834f9aadbb,2026-09-30
146874294171863,458625,2048,1536,b86d54de4ea6cb7bed2a2e99777233e3b0510ec2732725e92b55eaf4ac9a29fb,2026-09-30
1472399849765215,386964,2048,1536,58752716a02637806aeae13c8669a113adff729238353ee0d1d28ee310a03834,2026-09-30
1472599527030957,274388,2048,937,149fc3db5d6ec03a9dda4cf151f88cd867ba263a7373c529c20935b27f0db4b4,2026-09-30
1477272553156363,704022,2048,1792,38cc0d69db8ad3a832a07094e2f3310b4b1cd03f5c282acdf3951d7df2ae9328,2026-09-30
1482284239162178,496896,2048,1792,0431c8adc6bf34cebb8295ef519ecf6d9c340353eb08ebd44bc0b1f7eef4d73c,2026-09-30
1484395252749298,233521,2048,672,3b9f3d73d305bd7cbf47bd4c56eeed9a3db1ee3c493fe49c7a741e8e93fb1b2f,2026-09-30
1485408481812533,400641,2048,1536,2ac7b1602bcc19a8aea14e7b58de97a295101adb99bfb0df42a7379c80488744,2026-09-30
1485874982857090,137519,2048,672,c780fba1dcf83b0ad3a1d5106bf34f84948e7167dffd810030e549ddfdb60902,2026-09-30
1486126762412130,250837,2048,672,0276f093316e9c2001b377b122ba0c665fe8c001d058f60881484e3cfa35ab99,2026-09-30
148715563929226,469248,2048,1536,5ab27a638e6bc633ff07c1024eed393e6ee1cd603b0b559423f70eca43e912ca,2026-09-30
1497516337511086,520648,2048,1792,9f34c07ece9fbee51cf13b35dd0f5436a6be0e71ff924cc5387d0d2b10586f58,2026-09-30
1498929704621581,195037,2048,672,5f72b418ed489ae0cdda032cbdf7b65d4a8c2fd66d091c59a5424608eeaae661,2026-09-30
149979937106826,296199,1920,1080,8753c50a38d9d4c90795a472e844f17b8c46aa0cf82124502f8f0d31bd5a3c5d,2026-09-30
1501222127428565,146214,2048,672,d11faa147ca87b26299dd1bada7681dd662437402036a70a64d84800cf199573,2026-09-30
150156327073242,550393,2048,1536,ab79abebd543e5c0a034e5b6271ebf5d3a6a9e6ffeeac4e4d635f2d150eb8c69,2026-09-30
1501731490997758,202427,2048,672,dc1766bf8e14313380ba03228e32a4f9b214d3875516f520587753f7cebf4184,2026-09-30
1501949993809253,169613,2048,937,491f3147d4400c642e3efa358aea3925996e5ebf89bf6bde0bc5a9a69da50d8d,2026-09-30
1507666099592509,559924,2048,1536,7d8fc1e8ca7adbd8ea8883b6d2ec51a7fa3004cac59048b9c26a8e8ec24fb22f,2026-09-30
1509683490173114,225950,2048,672,405d2df59fa5d36e6582b106288a7b9f1f46bea5a822ff0b884515c6204c4b8b,2026-09-30
1514005992834898,574731,2048,1792,b3bc937cad905bb47b6570e94b11b03fa79c427796915fbd04bb9ce1ce711f33,2026-09-30
1515326075737133,569812,2048,1792,0d09bc2c0ae98d01267817b86b6a567b5d6c598934cd24b864406637f0511ffa,2026-09-30
151695337010978,444141,2048,1536,687b5b2d83ce599077daa887d0f7ad6c408de9c40f91bd56b87438dd18c9131f,2026-09-30
1520693621691190,644558,2048,1536,28339b3ac6557ffcac8e6cb2bf9f129673f6972862d794fdacc66cd9fa4593d3,2026-09-30
1522351468665028,520115,2048,1792,ce095ff48d91419f61ffae0e8762c2c8b591c101ee788c5937394185e50b3bfa,2026-09-30
1524418115214834,213771,2048,672,34ee6006522c93b9767a5b313fe49334614f78302d20d46c4fb1e1b154f91511,2026-09-30
1525896098082350,198780,2048,937,9812a5e8f65acb7a1943725298d4379260a5e68f6eeed148671245bb47925343,2026-09-30
1525999791428346,176963,2048,937,19ed6a7f0e438f33e55db4ea3605c3d8645faf2f414d775bc1bc72ef146e6fbb,2026-09-30
1526219370881881,222543,1920,1080,635e1a7057cb555b3db0d6cb7f83efc6255033de31a8150e51f3c7aab333c448,2026-09-30
1527464780949155,598325,2048,1536,ccd3788c46b96192b8cd13893b8d761e75fd088d14bc77d283d52ca7b4cf7d79,2026-09-30
1528907210992666,439619,2048,1792,017f53f293402a72d4d435a0ceafe97881c3077c2a9e562ccf45366adf49f513,2026-09-30
1530368331471381,194937,2048,672,85ff1035a20fda3ca5ad32eaeeef34b62a8bb5d2bfda9bd67d3065e003fc1e5e,2026-09-30
153067276778129,443375,2048,1536,b213bfcbcd93e65230efadc631c715f53e8a0c89a5b988b5c1d31fdd5cfa1611,2026-09-30
1534469650752070,604313,2048,1792,041bb44ca79bf08486600e142dfa0466ae8ae424cafedc4e64f82b589f568a0c,2026-09-30
1534701763790124,592982,2048,1792,ebecfdd2f1d5de25355d72e8557a10b28bf30b79aa66d10c0825da7b6db705a9,2026-09-30
153682680087411,345758,2048,1536,45e566985fa8d0647ffec5a3a09d207bc36807bc4f91a39cc5eb514e61c15a00,2026-09-30
1537955236536184,228946,2048,1536,b8502e4d817a95bb25cbdcc4e4012c3b799f3f37d8a3c6346ed45f0506b9beb9,2026-09-30
154087610061749,123989,1920,1080,36ffdf17aca2967d7b39dc22927ad9ebc6626159224f3240458c79d73fe1c933,2026-09-30
1541301923087257,500596,2048,1792,300c9e71ec3d9c8d7bcd71e487aa1363de9bef3daa649916096f102c81f47ad6,2026-09-30
154279903407149,156932,2048,1536,de54b5d0b4f2083cc6d66954db15011eea1f4c2bf297df462f4f373589916a0c,2026-09-30
1556764708362584,297992,2048,937,f2ce23a80fd31fd43a4c11c91ddd2df68971312035709db88f2881ebd65a8dd7,2026-09-30
1557062395255545,300286,2048,672,69bb5e2645c23b78f7d519f6544d6fba65b9ef3bbf24098e516469589a71a793,2026-09-30
1560475527994486,249265,2048,937,c081e4909c9aed137032265bd4636d822cb85d2214dfcb17b9d96710036a39e9,2026-09-30
156088549881283,444067,2048,1536,6f92129d54c86ff365bf26ae56f532cf34e559547a6f7f27610108a2beb3a9c8,2026-09-30
1562842008010746,280993,2048,672,e45a2eb9ade9a241d600c05a41841356997bad051b521d432fb12e04fcb5f80a,2026-09-30
1565703574069352,626547,2048,1536,fbce1d745ce97de18bc6841d714e920e26f5b057cc881277ff4ffb49733aebd2,2026-09-30
1569063343799544,213390,2048,937,9b76a919d3eedc2f36be2be761d45768b77b797e9db4eebbaca3b9fb63383d32,2026-09-30
1569768263582410,597495,2048,1792,fd7cbd4212f785ee341932877f142b3345cdb72a37bf7ada6237cac23d496e8a,2026-09-30
157080446366567,574916,2048,1536,3158cd1c641dcb2d5f26dfcb10276fc02cd5b8d7bad21cee1804c1a8e92bf149,2026-09-30
1572304473329848,766023,2048,1792,4b824519ec710b2ca23fa1b5dbce6eb415c25a29cf0ed94da2279e339d7e2f85,2026-09-30
157700292893255,548429,2048,1536,820e33eb9f4ee2ba21fa6bf56643891d8fc7fbaa0a0eca0a9efacd02206756a9,2026-09-30
158083073034912,376928,2048,1536,7341db7aee4068de07638b3422c7c2356b6280c3c4b46b0d5edb0a55f7423936,2026-09-30
1581777605802472,285561,2048,937,2383230902be906ecbf762037d47a152f76d4513e907f31af9132022037c173a,2026-09-30
1582880115235047,527511,2048,1536,a1e21749b91957e820484517f22c8b9e642ec4fab172e35fd31408f67f703e25,2026-09-30
158372319484735,405831,2048,1536,174d0f810c91d39a15248017c1ae0ce93d52ca6e4443d0a95e20b8407b58c43a,2026-09-30
158510766324986,452335,2048,1536,3a47478b93336e49e1715b45b27656144d584f2297c8548ab1f712c418effd93,2026-09-30
1588161758373992,587688,2048,1536,2dcd999c42f361a7f2170ca5e4ba435965b0534124ce87a30ed9899f818e0753,2026-09-30
158935139514074,231300,1920,1080,8f6c38ac6442f83f34b4c3290a5dc17eee7cb29053c9f9e61e216866e026dc65,2026-09-30
1595426794181098,395727,2048,1536,08242656059b9cb830d3507089dc149179324f15ac7453fe8bdbbe427c0746e9,2026-09-30
1596642677201885,356598,2048,1536,ce73273da4f4d0f855500b4c6c2bb111c363b179c3e087374f1c512a23a7766d,2026-09-30
1596733811301883,120327,2048,672,eea8cc9b3c92cf7df4e2d51f48356e980dc280a2e22a27e8987ee5c63a73d763,2026-09-30
1601308723773957,574836,2048,1792,6355c060f67d266ea0e38b148a48ba791ccecb02c88e112166e88622d877f54f,2026-09-30
1602240327336024,757664,2048,1536,e756ea89bddcac2a053df15fd8d165c99491aa24a5d7501cb97ae701fae80d69,2026-09-30
1603695231032326,291240,2048,937,682a820996841eafd5e314edadb1347d1bb28e02c003e529bece5f857ceb3bd3,2026-09-30
1607354350052611,503748,2048,1792,19e493823acbf6c3c2a1aae7d474cea217bab495a586cb1b5ad8a76b9ffa4f2f,2026-09-30
1610870005969360,207550,1920,1080,b4a7fb3aa9020b5df362415a1c2bb2b546a2ec9fc1e9b4c833f4d27fac3a202d,2026-09-30
161257542596168,553047,2048,1536,0f78614546921ce43dc34b47192c2fcaf13b8cd1c1981b9c897fe1c497d52cc2,2026-09-30
1614850176027756,582896,2048,1792,8c9b6adc7e350235c0c94e0313784c884c0886b299876b9d9402db933c98e468,2026-09-30
1616885235542948,593111,2048,1792,771cf744c3a17a0a121977d7dacbbe5db31c36000efaeb1b184d74f84c2fcc03,2026-09-30
1618774552246346,683546,2048,1792,98b163e8e55c5d8cadf2ca85877d40a963e61d834f6c1d6c96ad7746f326654a,2026-09-30
1619966785211386,497289,2048,1792,973949f1c128f0a1ea8d24f783cb97a12a2ae922c2eb1b453aa9c8871b44179b,2026-09-30
1622549861641299,705169,2048,1792,2d25e16737ac30bffd9028afabb83a38adcf477aca3163989d948d3f7fe81c39,2026-09-30
162362502485655,424500,2048,1536,f2ccc0e0e92553a39d8221c214d9552e3ac7ba5d35d9693ca1bea6f00c4c30a1,2026-09-30
162370519153417,416608,2048,1536,0a230a2583027c9c48fb31199474678d62e9ddb61aa5458fd3feaed638028f46,2026-09-30
1628279754044808,300149,2048,1536,574eb80abae21ea63daf69d943e959491843ea926bc577e0b17cc0035929033b,2026-09-30
1629580807657981,243097,2048,937,ae3677fb4d4699dbe7bc307c53084f58d26aef1ac3445ccc68ec96bf6b281c96,2026-09-30
1630073407900448,319966,2048,937,371b4a453835014b9f3e2ea6f3a5268099309197ed849c3b989fdfa9bfd8284c,2026-09-30
1635097843992597,723058,2048,1792,893ffc504945b3fdef0b31905e4d462440404a70233c48db5df8e7765afc8abd,2026-09-30
1641048616505772,286132,2048,937,5af60f6f712b0ab2bc888497a5e8a613fbafbee8c245df92158fbe1bc9a8be19,2026-09-30
1641664316724726,175348,2048,937,7801fd3869816618d77f6f9bb17a342e0a1187b23ba04ad2763a25eff34305ee,2026-09-30
1642412263220267,789351,2048,1792,7e5d25dc6a6ff4c61109ab0369e04f58c14b50dff2b91abba2670ee23fd06fc5,2026-09-30
1647056855464955,601717,2048,1536,fe0c62b1502a0e01b43a3a0cfc102c7f36055da8b64729c3f6986be98b83ee2e,2026-09-30
1649272832501402,810574,2048,1792,923baf7406c881319e93631f549eabfe16363202a4998cc9bf21486a1ae851ee,2026-09-30
164995082143800,255228,1920,1080,91cc3f155509133d1a2ca9b8100f0fd7ea82aa07c49d17b9d86e794847225fe6,2026-09-30
1652286875523929,511747,2048,1792,3f5ea3e0bee3480738460fd3b52fba8e4c64ce00b5319b996b38f8229436ceb9,2026-09-30
1652664808910027,636667,2048,1792,00e531646cc9481fc82646e9ce0b6dcef8b227ec864f6c92a0b17296a9f2a1a8,2026-09-30
165330635612157,444582,2048,1536,c78e959012cdbd6178c9f429eb4bd14c151cfa9db6528028f187d078f5c3e549,2026-09-30
1653436008827111,636356,2048,1792,b908041beb5f636942905f2e30ec785e8dc81909ef3dae40ee477af378591cb9,2026-09-30
1660779120777450,448258,2048,1536,2812e705791ba244041a67ac76099b9388e8df61f949dd1fbfc71a6dfb28344c,2026-09-30
166380282105814,426769,2048,1536,9d46caa4aa373922392eae3a9ef49a039e21d8d3124b792542a0b8e5b021b7c6,2026-09-30
166944422022941,569801,2048,1536,1449d9d9c31dc2ee42fe61d40c1aff012af3f9d8c876aa49f1ae556acc079464,2026-09-30
167007665405832,345228,2048,1536,b3d0cfab9e1b2c38a301642a8fe1ea48230bcad091a01114d3722925b8d04a6b,2026-09-30
1670755870401075,725696,2048,1792,80f2dbc7f920f596adce1b1da6c018a6e19614cbe4ec1b2f30b069bf74de7289,2026-09-30
167084005418816,232324,1920,1080,9bba1636183a0a879cf6d9865b8854c62b2a04bae0292fcd890ff13c690d3ab3,2026-09-30
167302248647245,598067,2048,1536,647c0c792bf0e0745bd882a6c54483b87a57f56c4bcd5ed06bfab54e797683c8,2026-09-30
1675911766608119,163099,2048,937,c1f613b3266783afe91a6e9906e5658daf10b7f438a748d1b323495ee2952432,2026-09-30
167662242047483,261419,2048,1536,60b1811cc7c4aa62c9249d632bf34d67ded9996e98e5ec5bf5f505b46dac7937,2026-09-30
1677043793094855,573348,2048,1792,2a660c57430bea0798254601c5f07c215a804295976032bc2d295b2ddadf7dc6,2026-09-30
1678603335662162,438265,2048,1536,9e8a7f8de5b579fdd21ce05a1c210ff65596c74e7ab165fe3afc3ffd2ea70288,2026-09-30
1679429215975257,182823,2048,937,5570c758d2557dd9da4c28a86db0c746812f5d7588d6fc5a5300a65a60792ccd,2026-09-30
1688806622047895,242801,2048,937,79351a414f33b90af0d02e37da900e7b2788a976664d19db6a55447a171cc6c8,2026-09-30
1688847388337239,263135,2048,937,9e22799525c0aeeef435b8acf06b128a4a231cc590008379f761e0436958e24a,2026-09-30
1691451204577392,458742,2048,1536,e6625f735a40a8650e67765049246767052c73a68071acaba58e6c776343a798,2026-09-30
169146518359788,436370,2048,1536,bf90313ea3adba8f0fa6aba15d2e951be15188e328067a4a5d550552e79c6e25,2026-09-30
1691895534771419,223739,2048,672,f99a11f77a9df6a84b8a34ec2c46a01bf8e311ab9bdc25b7ab9baae6d623a690,2026-09-30
1698256827773165,173707,2048,937,0efd8fc62ac4f7a8fff170880f67e344e67bc9da86ba56ec3448787a5000b3e8,2026-09-30
1699165694114842,263640,2048,672,cd6fce5e39a2987ef2a9d0776ef591f6bc1d37f90fe010ae08451c613634cf10,2026-09-30
1704514216750092,461736,2048,1792,b29403e5616b1336edcd0b29bb0ac577bcbfcf73b1960ede2e3d2fdb0e98cd82,2026-09-30
170824531621071,418634,2048,1536,6900319373b363e5c4246b8b74e61742eb622a48dcce3e1a22fc0af927baf585,2026-09-30
170882604853564,145720,1920,1080,0e7d55b170e3db0be2a6cc34c376147a5ca6416a667d2d140b125ea16b11a33d,2026-09-30
1711654416047482,423971,2048,937,9b9c235db0082c7ae2457360e40527794973bf2d65587eab9239a87a4f0e1071,2026-09-30
1716253215573595,645999,2048,1792,cf5c35b5b99deae1720b46b966db695ed617602abb94aa7710f1677b5efcfa34,2026-09-30
172356311449732,564308,2048,1536,b2c5b408ba4a5b32aeda1fce1025538c5c5857f5d327819b3488db6ef0d6049b,2026-09-30
172508584749260,556457,2048,1536,aab20af1a3eed57a25dcc2c818458cacd55194f5cebc6deec89be07f55b7cc50,2026-09-30
1725956181384961,282413,2048,672,2112cbe2d82170317ca3ccf54e686c1e0908818be07fea985da7ad61f75b76f9,2026-09-30
172984288118725,405025,2048,1536,84f39fa89f712f118880814e394964413b371549410732450375df8c9703dbfc,2026-09-30
1745796925990274,249877,2048,937,745412c862761b076d1fb77d86271c9c47865a7503d23acc4fb7e6e82ed09e84,2026-09-30
175288151163846,540221,2048,1536,570e575e000b6386f0f82941d9aa5b2ba79f087930541972c3cd41674828fc7b,2026-09-30
1758600001596264,297531,2048,937,bda9feb0a59f4d31e6d7e5f7d33f7a548fdac0cb58181b1a4d2df4d92bf2d11d,2026-09-30
1758735788258007,206405,2048,937,d8bd42feaafc9447861d5b9f7b8f1c453939e7ce166298396e7351974f9f56ba,2026-09-30
1763324877407508,684874,2048,1792,424fa73b571f826b7b16cfd6fbcc7718bb1dbe8565d650097a669a569d191555,2026-09-30
176342610941375,370729,2048,1536,7ad122b2e3cdd31951d7d729ef11bc281087a4f83837cb4df33c938135e81fb6,2026-09-30
177174000985184,192582,1920,1080,2f9ab070982ca418bdfcee1ce50d5f8dd165d066003091478e04fe768cd86237,2026-09-30
1772333986626613,532540,2048,1792,e9696086e0d56882e92374199fa32da6f777731577c644ae46989cb4d45b5054,2026-09-30
177410190904995,444094,2048,1536,51dbd74eca03ff242e805e49eeeea89d0aa7add7182b866ec6a8a96f257bfbe7,2026-09-30
177468757593473,555561,2048,1536,1dd860ea76a932fd946181d6528c9a5a456e8d080275e822373a7aa85799e0ad,2026-09-30
1776451036454626,161773,2048,937,9e0030e4f0e8997a2f54e9b54a35bca15d740cdff1e2ec68d522ce6687ec96c5,2026-09-30
1779499796234961,358973,2048,937,7568c7d0ff0b65c141f38ddab5e73ebcdbb443b3b8217ab89de604658e752134,2026-09-30
1784637835657909,336147,2048,937,949e4e7188ad3fa5dccc3e7d6022cd7f692c0ec3c206e60c6fd1c6b049741689,2026-09-30
1784719012308151,344543,2048,937,93a3a3cd1feebfeb4990e393ef600b5318c90a46cbe7128f1e5f82eb5e678b05,2026-09-30
1786000425490207,245749,2048,937,a55a2091ff5a29b73d81b5007a38501cf7ec0f6d7740e59a4971c35f7a653aac,2026-09-30
1789487341826466,300553,2048,937,a1afa90b2404b7022b746caaad6935471e51c0689527d6782aa2c5493ef49c7d,2026-09-30
179059510885677,467459,2048,1536,76cc85618dfadbc701f899070242c0fe0fb621195c6925c9e22897348e542377,2026-09-30
1791267528389167,808727,2048,1536,26386bfc3e6d33db4acf322d7acc39fdfdbb28fe3db5021d274c599817dab7bf,2026-09-30
179238247310866,256442,2048,1536,3a54993dc5cfc6c4f6d284d0cff86353ec431f368c1ea28d41f8162dd7fd618f,2026-09-30
1797121881040118,176834,2048,937,8c20c054114a2f5383c1684e5f42a52bc395f645b24222cdb870a32ee69a4e28,2026-09-30
1801436130486631,311722,2048,672,cf2f854587f6f2934a3015480d60c646faab77f1b3107baf12b2c898403b2841,2026-09-30
180191634040281,155990,1920,1080,4c02cf3a9b4983e5149ee9cc7861e406eeef7de906798053514cc42ba6cfe2cf,2026-09-30
180278393885513,230530,1920,1080,f538d397ba07e0e3e2002d6caaa5f4fa9ef95a4288cab5131fca9745f75b1ece,2026-09-30
1803414303744536,343277,2048,937,785df2ad78f0ba93f1201ec3722f2a9a602c664533c69348c60734c5c6712997,2026-09-30
1806444526563121,273140,2048,937,752609e6b4dc91ae6c7044a961433b5c2966882d7867724c705395c75e1a0991,2026-09-30
1811366042956182,281002,2048,937,cb7784f747ff84cb207db3484ac3db35a44011f27f1cafbbf99c618f421fe91a,2026-09-30
181531360473035,324403,2048,1536,609695e4500d41a27ae8b4c4134bf26878ee583f78f5fc96e56fb493fae402fb,2026-09-30
1819434068654132,183107,2048,1536,b355af82e44f36e15886f5a8a1d16ada146e3ef91d2b05ec5963c14e8943c4f1,2026-09-30
1822240538368237,166937,2048,672,b48899f66be6d6c1b8b514673dcc2b9f3be17c0b223ee352fb029292d50b7131,2026-09-30
1823703995022209,239600,2048,672,3a666ec812ce36a3818c41e618502cb8540d4d5f3fc4ba0adf2b5a6b24a8bab9,2026-09-30
1832358457592252,270333,2048,937,8b6ace1d795f19ceaac86cb0127a71a2ee3a3f7b0a67a8714f5d0f86e8868c1b,2026-09-30
1834665797083096,257810,2048,672,1d8239a5de012bdb8d286ccdbf51b5e1d3c6ea935fc0fb7c24cd68720b642fb8,2026-09-30
1834966537106951,245861,2048,672,cc834446ca503e60018db78cd6a00b172cc6e3c34a06c65d19e3028d361c6318,2026-09-30
1839858260209430,279552,2048,672,6701ec125f64ad93e115cc5db2424823d23e5e160f9183439c6a5c3a664954bb,2026-09-30
1844693719415807,231340,2048,672,28538a7a3193b36caeaea2517391d6648c1a42fc644f24836f6c312b7f0833ca,2026-09-30
184582386885822,460301,2048,1536,c52da2c8e186db204a5f862979828370738a80f9dbb93a66ba96f1045083f7c4,2026-09-30
1846148985811744,548247,2048,1792,14eb2fa8cedb6f66218e1a7b931281a300b6d222aea230dd3c48d4d4d8452727,2026-09-30
1847294725762261,610129,2048,1792,ea07ec4bdfffc1862331cb51675aa0b50fab1865218cf5ca30039b2ad4f49411,2026-09-30
184988406827764,236790,1920,1080,ed79c68d982f980bbfa8830d45c84c0a5463a3925b0c4ac5d64f46292fb2ed62,2026-09-30
1857183321451737,596053,2048,1792,f1d6c4489078ed5df085c488ef686cec7ee5a941254e6fc9c9f3ca9c42d8b4ab,2026-09-30
186384076745460,323409,2048,1536,388843e4d76e20fc27453d498d754de581736eb7bd3f7d8dc5c3aa198767f473,2026-09-30
1864437384068873,559366,2048,1792,4d43f2cb72e0430a58145df0ef031ab92c5c5784a8c142ac9f9d2a96fb465280,2026-09-30
1871884426323064,453383,2048,1536,dfcd76580b9e5c88df6c924ebd27fa85d518c51c298b2cb448494859e54cbd13,2026-09-30
1875650213061519,374854,2048,1536,39b4f904c5cf9da80568eab4f6c15e9c587154de83d50f2070d6e58d17874ed4,2026-09-30
187866253184340,410665,2048,1536,e47ed42de1d0e043811c3c6c2f8222bc83eeb6764e0cccf66dfdf52a435080c2,2026-09-30
1879824815866619,714859,2048,1792,81cbc2d7ec915465fdb16441b40ef358fc0bbc69f8f8235a35aaa065d95ee622,2026-09-30
1882758141891055,445849,2048,1536,45a9f7ded10ff8750666e1969cf4c615f50ab394ac95b6953419fb87c2af4a9e,2026-09-30
190637286310985,356476,2048,1536,1cd96f4bdffe5d20749db31d31e67a7d5618ccd0dd8fb00551ec31128902043a,2026-09-30
1923447648446205,264171,2048,672,a9bb598665f837c45fce0d93651d387db8ecdbcc7a27a31780443669881511ff,2026-09-30
192993379338263,222629,1920,1080,52ecbe06f4f7ab630eaa97be39bddc25d4c10d072034f0872533971f46431536,2026-09-30
1931467807693606,219313,2048,672,0a1366552e9e941e16de648275f4210bacaab0e86da51369b74683fe31de466d,2026-09-30
1935568633267940,444869,2048,1536,3c21d815bdc7a36c87e031f2d7059cf21fb111ce210abfe747b5a399057c7eda,2026-09-30
1944318122375617,444245,2048,1536,89062742b95bf42ae2a56610111e7fef40f972b7b3dbd129026a1ab20cfb67c1,2026-09-30
195500612295578,517335,2048,1536,502e88f86517ded55e0c448ddd76b9f42403d2648061bf3ec038e8779cc19a63,2026-09-30
195628519129604,324023,2048,1536,418011eb9b06a0c6bd263e6168ae09ade6b88a14ab08cdf688b400bdb2566367,2026-09-30
1961327220688132,288214,2048,1536,ad291724a12ab0a14700d16b4f76dbf4db531deedacb1163b30742f3c6f9128c,2026-09-30
1965656483852879,927891,2048,1792,94f56ef42fffd87f43b021205bcdb2b43cacae05c6270ec15fd7851518c67aaa,2026-09-30
196666652236261,607809,2048,1536,8386d92bc4ed91ea7c109dbfc22657321509244ef8143ced21fa4a6859030fb2,2026-09-30
196810818826071,444423,2048,1536,e85d704078e839dc9648852a4af5fb2d70b43f4a7f58a77d3303dd2978c5de06,2026-09-30
197060732261888,426223,2048,1536,d8dec27722ec4f6f09c85622d2f5cae38b5021ba00b68d26f709a9744ae65f6d,2026-09-30
1975294002647831,472670,2048,1536,ccb7137a9e92727f6edac6d2b9c70c1f6d41a0b136ade66e7cf325c440ff425f,2026-09-30
198430435435597,263214,1920,1080,7b868c99f30ca2f22cd97d41a9c19f6b312c3352337478736ffbf010c1bc3d2e,2026-09-30
1987156702075135,241620,2048,672,00759d568bb8346f2f02d1b67bbd5473e56cfdeaff2848f176ef17c43cd4b17a,2026-09-30
199317045363259,400974,2048,1536,4636f5b9c781aebc2d018c871763b92eba0c728190c2357b407dcf8fdbc2e653,2026-09-30
1996023837546750,234487,2048,937,5fb27d2ae7460986be3bf293c2aa9b4fffa5add8fe6f6c3976d52e427f566b8f,2026-09-30
1997210961095275,198716,2048,672,9647777fe7b4ac9510c26e0138ef277b827f23f23f9a3b3a9d97357f889e4c9b,2026-09-30
201418085184455,380291,2048,1536,afc7e07fd1df30edd4d5c321c0dd88447df4a83e0544ac3ded7d129b432663f4,2026-09-30
2016795095453937,200135,2048,937,3db13a2c02f8260ad6fef9db763b71555074d43e1e0394f045b66e55eb668e78,2026-09-30
201872648358795,607644,2048,1536,726106592a5c762ce7e2354d1d7ce4906c52c492744ac8592a6dab17bf4b4d35,2026-09-30
2019997534805914,322821,2048,1536,1d89bfeb73b890f8ba0af000446436c7c4408a7502994d0b095e478bc538dbf3,2026-09-30
202972758322773,188885,1920,1080,61f3bcacb8688bdb6c9da7fc818f33f2d88fce4baf9dea568c4489004ec26be0,2026-09-30
2038445402962916,504388,2048,1536,bb8cff49e901b1bf030e543cb8333492499edfc4c3330c156bce2592ee6311d6,2026-09-30
207401527673158,422811,2048,1536,03302267e9664249b3cf7e326e9dc556bffa62cb58980400bd49ebb84f71ef2c,2026-09-30
2083122762096053,192149,2048,672,5e28626ff143ed0a15809eb6104f22f1ece9e2a65b4e66c72f049ded5d7c1460,2026-09-30
2083491465430293,312262,2048,937,76895fc5710758ea3c00c2a98e5bbdaf9bc685681e24732aecc362192fbb2f5d,2026-09-30
209258377459453,442424,2048,1536,59d91ba42249e4134131395046ac3b76d9c67d1cc1829f65f885b3c66413333b,2026-09-30
209530174350493,257330,2048,1536,6cc6d2668c1db9400bdb16ce9275f5dd3009103e3a6db4fb964b5eff7497d04b,2026-09-30
2098992803575341,279856,1920,1080,61aed24f391285a9ee36b5606ec6c94befd4afd57663318b112ee0c4ee3b60ea,2026-09-30
2099004910480748,548991,2048,1792,858e3e10e60a57d582a7a78407c5f31e1590343bb3728c4ced1066e6d8a60e7c,2026-09-30
210219077645274,268964,2048,1536,18e3db77e81c90c16b51ea1106132bb46fd432f29ca889ccd67cecc80014d887,2026-09-30
2102849506897344,362470,2048,937,0b36ea3e31707bbd25a04df098aca18ec864351a6adb344f3af523c51c8f7460,2026-09-30
211307668410392,549532,2048,1536,c914b58c4c52703ab2158b182ae275a1e7f8b4ee2f94876d48877b72f58b52b4,2026-09-30
212240708414951,685523,2048,1536,1b1c9997b200e809a2d9be49e0d992ba8230afd77668a2af7ebaf85ff9ae3ed7,2026-09-30
213099703870768,127024,2048,1536,bf0bb6c40e0333920c3827636616b11544e0c8b403ee2c7bf3109cfdc051ec52,2026-09-30
213177640616899,223428,1920,1080,7abfb2947b6d09ac439cbbfbb0525c6b2a1bd61b2d52ea2ec95195f04a781458,2026-09-30
213872433606614,498759,2048,1536,de560fd27c52d54488b099123e73f141e0f6a6c034b3e25ad082cabeeca02278,2026-09-30
215767766728468,283245,2048,1536,4974aa14c11ae7e9dcbfb9194cea32b6f96885cd7281408f0cdbf5ae2bd5e0ed,2026-09-30
216226446720058,232915,1920,1080,7d6e2d96ea78a093508de8b42c47d0ff21f13591864db4352c18995473cc1420,2026-09-30
217048493573694,344701,2048,1536,1079c2d852a3905636b091e777fa3e7575ac9d9b4dfe7e80abaaf03df948b488,2026-09-30
217372963265291,158210,1920,1080,8ce82ad25b253cae7a999e4c668bd0b89b30377697c1629072847fd04cfc3f6c,2026-09-30
217636536562665,227645,1920,1080,67a97f5efb28f4ad0874097a8fdcef97dd576bd77bef34aca7a65da140b301c7,2026-09-30
217902949799443,341557,2048,1536,a58897f4b0f805cac604585005eba255687cca9b0ba8e72fe2f78c78c49ffdd4,2026-09-30
218218093322162,428475,2048,1536,acd3585b3b56d8a7d73c44f231f70862f07ef44aafae17becc2da346af6386b8,2026-09-30
2185773948571841,229457,2048,672,c7adbeea44686b4432df440efe9d7aa7b2f2777cf537fb115be8aad753e685b8,2026-09-30
2191374140992707,199165,1920,1080,e5d29b537523f261f58d5cc459325f901155662875cd34f577da8a8f050fd028,2026-09-30
219568809596945,628078,2048,1536,f92b9ca54a8edba6817075e71265651ebdde54546880c6cd1a5965d1106fb5f6,2026-09-30
219626299607074,570516,2048,1536,63f2d2bd5ac8009b1740b035124503f0628d198561910d463cbfcc4711cad0ca,2026-09-30
220124369538238,416618,2048,1536,67a76b001220c8bf839369e052dc150d0fc960c93cb38c6171e562772e5618d0,2026-09-30
220464136230334,426185,2048,1536,b3dad1de457ad5c28bd603e350d0bd0167a7cbb3a8ceba85a4def5acd5800a97,2026-09-30
221246599477830,212248,1920,1080,3583bdff0855dddd7ac107d9b20c19fe0701633d88b9525082ce1e2da3639c20,2026-09-30
222183979295977,426103,2048,1536,dcdfbb854833bc8a3ffcffd0d1480d17748a6c6590970ac422abf67eb342f9b4,2026-09-30
222433125988725,101963,1920,1080,32f08aaf5050842caf98c845073abdf496fd866bba71bfc4023744be3221b9ad,2026-09-30
222733233960374,579659,2048,1536,23f2264d3fc2122623c4d04a8fc5aaade31abca051fe5abc3c34da51b58cee86,2026-09-30
2228043154004467,490840,2048,1536,0f0844ffcc20038e5714655714452cfa9c2ee932651b76f9eb54b6690a8cf483,2026-09-30
2228562780826445,621674,2048,1792,68fa54bb62960db2d353a3eb2d35de43b460108b10f86e8b2e32272906d45f24,2026-09-30
2230982227368247,247924,2048,672,5f3a52d1da6c4a86ccdaefe71049841f034eabe50ae464c2b10b161e6d0781d1,2026-09-30
223604235862861,154768,1920,1080,bc21132ca49640e1e3cb93ae9dc6383498abc3544b6b3230af9138d02263101f,2026-09-30
223889526011361,428488,2048,1536,d07a557464cac2575744bc07f7cdbf791f2ffc4fec80bd39aaaf3c0901a4b7b7,2026-09-30
224490382775721,406540,2048,1536,215058d6231a8a7a4b9678f4192f3ea5fee61e38563ab3c8208df33f6bffdd6c,2026-09-30
224784132391898,205461,1920,1080,ba2594abee53161ae88d5111a93071c00527758bc77004d2500bb6d1ce7924a7,2026-09-30
2248125848655429,400148,2048,1536,db66018feb0e0d67bf1fcb170e75a8522e6db4c8cf11bd4cbc5e908b8268897c,2026-09-30
2255861827879516,633367,2048,1536,9126d8acf1b55d2bbc9d82e54914d048e9056ae3eb9501caefd6c7aad5d2c9e8,2026-09-30
225786975590858,89797,1920,1080,3fd998593351c95bc31495892544bba2c255ce5d8e9182a906a4c06d8ee0c3ac,2026-09-30
2258802041221241,226356,2048,672,8982f57bae3cd68a71f03e37ff8ed357d4d6ece5c8742455368951b61a1993e6,2026-09-30
226532809059000,395850,2048,1536,19ec72871826cdd0c3a83a70b0c11ff9b4033d82bea3c9e809f160a520b2ad7f,2026-09-30
226688129274243,329771,2048,1536,27ff0b08b92916c376f1b2526ba735316180094dae16f2e5329d8c197b49e22e,2026-09-30
226947425905838,377128,2048,1536,83efec301bd835edde642309a620f0b804598b80b7fe8612066e24b3d22f6c5d,2026-09-30
227280229237032,550277,2048,1536,460fb522478429e7245bb8abaa40e6d8e592627d9ff20b34618f94e50c197a96,2026-09-30
2275406682916442,239578,2048,672,f96c266e8ba7851dc325ee0d880e3398f0de1469fe7ad35cf14a2e568f43d0e7,2026-09-30
229114765677969,518445,2048,1536,4c4c2db8c5f754bad9a722de8897769db9fae807448d99584f41dba10aced070,2026-09-30
229377658991317,190004,1920,1080,18ece88c0abfcdf8e5ab7637975d1d1aed6a7b31e2ff6853949003ce1ff30479,2026-09-30
2294763577536953,623092,2048,1792,33873214c4981b51ce5f4c28b9de305006342fbd0dc98aa46dadca6bae3569b2,2026-09-30
229680098959084,104275,1920,1080,3f61c054b1f5ecbf83db469edf54ad17d3fc4ace9b22ee7ffa9f961db409ad61,2026-09-30
2300726087050621,199798,2048,672,8154cee1bfc746c9e98677a88eb7c568e910fedba4e9b7637e5222e10579b58d,2026-09-30
2307114232983700,198786,2048,937,d6f330f9249cf7561d3a088d9dfcf39d1318de27f05d67db5bab1ac670e829e3,2026-09-30
2308718896003554,753673,2048,1792,94f77c5f94a0cd8334baa693aef3ca336332cab2ead56813478e1afb907ccf92,2026-09-30
2309890646075323,200549,2048,937,aee62e0c2baf397fc3dcb23cf57d70ca457855f807dcdcf30d2df4c0b903d883,2026-09-30
2311190069012930,261429,1920,1080,06452d97a4eab5c2f2668192defed6ead614f0d4d09f25388cd4cb493ce663b9,2026-09-30
231691455228225,609783,2048,1536,864b61612e8e74c9ef3d96ea3562415ca9aa8ac44980da4415e8390c604a2187,2026-09-30
232128322011298,243926,1920,1080,eed491084633481ef12b132d5a461a87265bee9dd4e91404b735640c5e8af2da,2026-09-30
2327779777365582,524907,2048,1536,85c98520e0e08e9759313e30c2d39a819730a3029ba4b8ea183064b6b448873b,2026-09-30
232876985009386,324159,2048,1536,6d20d210698a05cb3f51dece70dc8904467d67bffdf42e123c05ec2147e342db,2026-09-30
2342131065931829,404193,2048,1536,842d285622ddfbde6a2cc20568975780a942188000d1526f55c5b62e5fce88c0,2026-09-30
235671705062261,580788,2048,1536,e0f8b958acc2922eaa8bbac368695541fbd955bc7ef23b4b868a9137c4af4c50,2026-09-30
237129704512609,138644,2048,1536,956b42e456a314d01e84801b56b999441bee835d740140a7ce6972a3af4d9def,2026-09-30
237325824495391,448452,2048,1536,8f6f0006a195c700fac2998ed143187e569def49b55675b7eddac9bb5a289665,2026-09-30
238153057737464,445956,2048,1536,7f3271ed2e30e4949c3a9ec547a8ad1e1d705c9a7a7249549ebed9008d5d34b7,2026-09-30
2398762933856934,218651,2048,937,f5bed29e4f3c7f78657ddc4048b4f60231a6b8a4eea102260653eaa397201552,2026-09-30
2400493880304362,474241,2048,1536,41e18aef7e2ca5233731f7db8234f4ade714355f29588a6daae04687092b92a3,2026-09-30
2407653669367201,504973,2048,1536,d118334898d66504b57c54b6e0ffd6bfdff69f3951f0f9cf4f66a925576aec22,2026-09-30
24109118812093135,236546,2048,672,23b363dfe2f8befa7145cbd230680ac00949786f38a3710ef933e2bff5bacb0a,2026-09-30
241597807332167,111400,2048,1536,a660c7cc28be2637e670ec683f3c3b24259119c0a3d1d1a1fa638c2ff8cd8afa,2026-09-30
2419265524886844,498405,2048,1536,217c74163a83f0794e7369fc460895f06cf448618034121201096db2f9c1e9ba,2026-09-30
242014197295798,497108,2048,1536,30d5ea1c2a224948d53417173dbf13b17c66e7cf1e734fa7f5ddc2853b3ec11b,2026-09-30
2420892064908825,268814,2048,937,dfe5c4dcc7f882209e0da8490c7f08903f661af96df2ce13f17ddd86ce5ee3c7,2026-09-30
24250779837913747,219299,2048,672,6db9c395a2e7c33fb93ed5d788a27d77a38a75284cab0e7287fde6e5ed2be58c,2026-09-30
242525293875368,445067,2048,1536,172eb41bd07f3deb5596990ca2e4efcc3e9856280f54477fd6543a1f4cfd3219,2026-09-30
242732783858824,569108,2048,1536,1db53a50dc4f1fd2361fc9c6698c1098902ce4f18464b7549476d8c21055db5e,2026-09-30
243067830903802,456770,2048,1536,f1b936a5e3720b5b2638d152a161fd5dda733a5805f8419bb09dd5ed939cebc5,2026-09-30
24665965626331392,206385,2048,672,bd9a0be605910cd3ee4e5ddf4ad654a66df524e8a82634cc07bbfeac81eb3e35,2026-09-30
249753530230451,302236,1920,1080,ebeb1f7482d394b951fb34073ea7e69f1d736672d472175a3ab10f6af859cd66,2026-09-30
251980766674906,221573,1920,1080,e3470e0f965b17a11db0a8aa536ec6a8e011d9c1ba6f38ccc4ba0340c639f70b,2026-09-30
25214917521429160,156230,2048,672,2e436fb1ccb7a338dc4b1f4bffc5b9606493f2dca5d89b1b820cc4c7f8251289,2026-09-30
253125486561473,162767,1920,1080,4fa61b97671a064baf9e8188ce4308d6b268b1eb16a109c2ca748b0d4c2ab46a,2026-09-30
254117739842666,191603,1920,1080,8f5ed706c16f42ed7a7b7948ed45b7f59c11ca629ddd2a91eccc69eaca65909d,2026-09-30
2560692964225018,458022,2048,1536,d701eca0608b00279dede09e5a9618d2b6dbd6c1e3be0f2ca703ca3b8a5c0fb1,2026-09-30
256962862837439,409236,2048,1536,1eb6590bcc2bbf5d5848b0f85886d3d59d20750c2ef2e5d5e163bdfa640f9e73,2026-09-30
2572607313072368,277567,2048,672,df74c6522b419102e1620149ee991aaf1ca4e6a05189940c2709a970b153d4fa,2026-09-30
2576013379255198,474290,2048,1536,554f56888b5b1ef1b45dbba1b32ed3018cfb6e3e668d3f25ed00b63653b0e886,2026-09-30
2584801051862799,235933,2048,672,24c89ffb61e788c2b43651c29f7e1ee615aa13ec94db05dc26ad5dddfc3f8cd1,2026-09-30
2606492026326517,300326,2048,1536,64a56d3f94c0c22c899148d1e73ab1ed1d288dc27f198e02802d1dd045684e03,2026-09-30
2626545851027130,288091,2048,672,108b4379275ec218df4f06f89303216e9b388fa3449594979ad0269c20140b3e,2026-09-30
2635513960081698,199171,1920,1080,37efaf6745f9e9c7752ef69bc267df4b1ba635e8da5941fd85ecfc177b3db4b6,2026-09-30
264496158692543,249683,2048,1536,7d6f4d1532b452769c204e85d2e83058e0b5ab490ecdb172e7e8c776cea4837c,2026-09-30
2647309602327732,335887,2048,672,b7e390715fb251df33a0bc675a73d57940e90b8215db636500a02b568da9ffdf,2026-09-30
265281715303796,491264,2048,1536,c0f21dfd451569f129780f0726fa91c5f25a7d93ba2e8275475729fb11ff4b92,2026-09-30
2655629174645646,225727,2048,672,6dcb7239a530c2dafa5b696e3cf9fe5464bc64506d3b0a2c384890009f64a691,2026-09-30
2657110724499507,306642,2048,937,a3ed0cdc4f3361af82b96d5b8973731df8eda6dee1791a71cd1335f740ff838f,2026-09-30
266652851823523,320366,2048,1536,417446a63500db6121fe21bf893f058f70fa62ee369c5e9e3dc489f02f384c47,2026-09-30
268415525023320,241292,1920,1080,eab5bf2b2cc85ad98bcbeabbed6d069569851c815b7bc890c655bc38fcfb22e7,2026-09-30
26866431072948013,605248,2048,1792,b210829bca7df5c945e7fc29c7969b831ec2090b32601a6bbb2fa28a998d3934,2026-09-30
2688443581453082,606933,2048,1536,2e7faaaa9cc343d00059d8812e7dcd29b520332a26ec4875cb12e852d5340ab2,2026-09-30
269201621622973,469353,2048,1536,e0bec960109a723841a1dc4eec7d2389773ade4e735b1ac5a26816af1c7b7d81,2026-09-30
2692659617690790,444399,2048,1536,bdc6ae2c2dcacf6dcca0438b0fb7f7a52cbfd0bdbad7df6b7e5a3bb112c88f27,2026-09-30
2693466164187273,315422,2048,937,15c8f9d1086314e9959f6deda73cab3a831fe7d41f685b1f2bd4d458eb75300b,2026-09-30
269350818261187,201674,1920,1080,9d536487527d5cf0cdc283d4ef3d265c56afa45a70a2c438994de5f06fe464bd,2026-09-30
270671098118254,379535,2048,1536,8a6b96078f3f187afbfba378683a822510eb0c778d3579ff97eb6b6eb510c70f,2026-09-30
270883158052464,296905,2048,1536,7d6e94510a0e7cb32c53cb4a48e3945504de66ecb6bc84b0d433ced29dbe3e14,2026-09-30
271541614653055,456888,2048,1536,c8d5a8498636e12ea21c67e0271a60e978978aee5925c62ed4a4b25d932d81db,2026-09-30
2730756857106899,241757,2048,937,1b83513b4a19cf3e38a0e271738e197e9c46abe0d7d9a79da8b4e0ebfcc4f432,2026-09-30
2735667979921714,579079,2048,1792,5a190d03b0d0c91bff3abf9e440df0f6b42aeb31be723ee944c838b5a6d7591e,2026-09-30
274118108433705,534559,2048,1536,8a20d527464f7b676a0ab6ec828c1eda3fed9b233ad15bc3920ef2486c784917,2026-09-30
2744338412440009,234716,2048,937,15e3b1227632482fe896375057b5ac4c925b5cefad5c7193b9755136c747a9f8,2026-09-30
275974714239047,483546,2048,1536,e339505c8d2ce599c3bbf7e503a1b706c6a1d0975c94e251d5531e6105eb6721,2026-09-30
2764612313735096,307504,2048,937,d1d7c4ffc3eb1d2c2f46aa31aa25b866ca5cefde4b30f77b34a3a08e20536d81,2026-09-30
276839720788409,407940,2048,1536,0ed23a5cd417db4c30dfabcdece6d2c74a437e50226bb82de871e8a2aa66bb32,2026-09-30
276975734135798,517378,2048,1536,ab84683a26602910187420a1f7fca4056daccbb522b6cc6868cf11a53f396627,2026-09-30
2779675405630454,429998,2048,1536,c9808d00c1b0b6ccec1f97107a5c261fb53f0a7cd9165d930ae32b4b6ba349c0,2026-09-30
278167227379286,331583,2048,1536,113b46332e72cfb8968a7c1be7e444e544f5eb28956a21a7155f0e02acd14ebd,2026-09-30
2785059225078256,307144,2048,1536,ceef63a20d647aa8277118abc087c962723e9da2533664ef2e11b299a1d0177e,2026-09-30
279257393923687,556775,2048,1536,efc4cd984efdf6775657101b19a5c7698768e551ce63b86e207964a9609b5956,2026-09-30
2796631170651601,450938,2048,1536,360c1b72e27374c0baaba542d1e4fef95249c02e954ad4d17e90603712bbb15e,2026-09-30
2800225306809886,619382,2048,1792,afa0ff7da88d77bab1b9e47446d84e81c8a8ae08b89ec247d4cd26beff294b8e,2026-09-30
281173863651648,466010,2048,1536,c9f1ec5c67faa66882dbbc558cb4227b8bf59d8cb1903a63119a1769a9663674,2026-09-30
282323916966810,224606,1920,1080,3aeb6e05a7acedb18814b1192c8d0bdd8d9cf2df76d1b5e1fc52cec22d52373a,2026-09-30
2827596340825206,475081,2048,1536,cc4ab672408d2f843fc00b5e0b50c25cea25dfda5699c94b3bcdee49f428ae33,2026-09-30
282805233564028,462407,2048,1536,79c559cdbef744b78e8a38b289301c8b1df5b8b33685af6111c810c25b40e72d,2026-09-30
283809380059023,476795,2048,1536,6a89c97102868a2604406dc5ed6eb7c42d7d31dc4875dd0a50467271fb5fc6cb,2026-09-30
284045876726227,377985,2048,1536,bf681a97f342dc65521cf9575d5441778d924855c3151944dc586733ee07df4a,2026-09-30
2843654289184071,151486,1920,1080,36854cf1b8c2c8e5fb7ac3cdbdd453ccb233bec00c6648338429456fcd7a1d45,2026-09-30
2847212605542010,408950,2048,1536,57e1357b5e7aa64dbccba78ea22c230c4a76246bdd4e3132b0441312e5a1e17f,2026-09-30
285393713253010,750219,2048,1536,9294d4baf793c0dc3c195c2a8305c02f3353ad3da3caef3965d8706dbc80e22d,2026-09-30
2856706047846590,203745,2048,672,c7adbc01075de4e4da587739d8a0bd7d7b2bf9ac414f593fdd8f65eefb443eee,2026-09-30
2858095731109745,324338,2048,1536,b6b7df9dcaceffc4c719fba86b2ef85953bf700acd3498a82215da88aeb74038,2026-09-30
2863248953926114,415608,2048,1536,ea46e22eabe930afd1f4ca3a26246ccb2cf082fa6f6583c46440f82a31869ad9,2026-09-30
2866156600289465,158188,2048,1536,68eaf4569e06c720ff9b3d63d92961efeb36cbba77b1719e9caaf55b19607858,2026-09-30
286821949826070,714002,2048,1536,14034345882a07255f29147ec3e553c8e2b2c5800391c5fe6bc88f0208efe59b,2026-09-30
287182266441517,688362,2048,1536,6cfccff077295634a11ce37a281c187c23e18fbef601c6b5efff0c8f659e3d69,2026-09-30
28741994155414379,333219,2048,937,546da99b1ff3bfbb0ec6985ed8973ead3e51ee9b972ef8fcbd3accbee7581358,2026-09-30
2878671945795070,416416,2048,1536,b6572d2d2875c0ba97f56d44c5eb8fa3583ba0be23e3dbf1c957625afbb9b6f1,2026-09-30
287869026401677,239761,1920,1080,13ce757571bcb479c6a6076983de19af05ef57340710e9cc1de236be79087d22,2026-09-30
2884124231804960,400998,2048,1536,309ebb38944f01b98770812f386047b3bd79c8b7175829a8eba920a14878550b,2026-09-30
288546403631361,652567,2048,1536,9d3f29c6bc197b8c0d35a21a1f5479fd167dda30a995bafe457ec7539f8829e4,2026-09-30
288945259540349,188216,2048,1536,5c0063d9e219793a9dbf11147d193967b989f9754347aad90d26fd859f78f9f9,2026-09-30
289394172910169,118345,1920,1080,0b8c849dcd8e9291f7980322e0c3d612f5d44a1d67268c2b76ebe4deb45f8c5b,2026-09-30
289486187491862,558328,2048,1792,2f4cc97c878ca1e800faca1d3149ebe4ed38979497dfc0e855be4403226cad3e,2026-09-30
289785939539762,411552,2048,1536,90ae7194d35334bd7d1fb09786fc76359e3c7f60778e1410e3129075292c6fa4,2026-09-30
2905869379671546,208758,1920,1080,c0a855e93d34d5633b2aba487732a707b58b829de9de71d59695e432bf2e7bb6,2026-09-30
2907449746136160,335484,2048,1536,c3cd018f9842529881a6043ac395e076d8bf2260e4c8bd63044dfb0d6cdcfcc9,2026-09-30
2909484672600063,321030,2048,1536,43e545f7ce49c6b8bfb64489a87e3f7c44bde1a9e0318f6470b786d59c4e89dc,2026-09-30
2910196349255375,195373,1920,1080,9eb3917667b4b940b7cd04b89dbb0caebf70fc615484174e48787b18d42f9871,2026-09-30
291204802484017,556081,2048,1536,8341478f9e38c38f3f1789735778649f7c65d0ab85c13028f9de3116f3bcb2e0,2026-09-30
291675665775158,139698,1920,1080,955dd7fb5d19e1fa3adce002b3888b75d011456a69611559277b0a808d324d22,2026-09-30
291799819076797,382659,2048,1536,7cfec594997ea3a2ca4e7081ae4c315365962d2d32a3063a1462e595deb8c53d,2026-09-30
292455032584192,298318,2048,1536,71ca7884840b4e17289a9d2b3e4c6a0e797e2e8f8a3499696785ff00f1983d2a,2026-09-30
292945189123436,437880,2048,1536,15cf84419456205a17561951d418b2afe53a1af586bc90fafa02d457b8dbba7f,2026-09-30
292950102475751,408520,2048,1536,bd2f72350a0b3c771b7b894def51a207a910d2d4f06279f167f6745be10e54d6,2026-09-30
2934890606751053,236748,2048,1536,aff01cef419cefbe470266ad64968293a3f01ea82c9987be93e6cc2d9b40a5b2,2026-09-30
2940724772763419,793719,2048,1536,26b7bacc5617b711a77d4b134c802563318a8964658e0da34ed00385b49b44d8,2026-09-30
294810905655086,474943,2048,1536,de047eb9c8cfe17681b0d018e749cbca6ab10f7cb13d5f7e191311b9653c335e,2026-09-30
295051568765680,262038,1920,1080,b0db8801d999bec063655c82a22fc49d63246e4c2b62058546fdfae0f7e34b9c,2026-09-30
295480675448393,221298,1920,1080,51d5f31476e744025afc5b7dd92c8393d7632bdf7442851f151b65b7c7700258,2026-09-30
2967770406825783,497758,2048,1536,96217a63d2154aa7734e5d69ad45fb9812d1d0eb129345cae54d6d333fa3ec47,2026-09-30
297173798785076,436073,2048,1536,f75036c53a4f75b3df3d11c800e1394dff49da565e2474a21fc07cb7ffd74e3d,2026-09-30
297423435245714,467906,2048,1536,ca7117914ab974f1de42d4de1a234f580bd216ab0a8fddcd6a162764fddd59f5,2026-09-30
2979414378999256,490347,2048,1536,996a3b0c1c76af314bb9639bd276d3cdd0ea808b0ce67279ab646fcc7520ee8a,2026-09-30
2980797732176894,411823,2048,1536,0b8a208664c1f99d87867f17c2926dfa6d5e68821c42f13108384106a51672c7,2026-09-30
298164698695638,542681,2048,1536,a029f3de299ae094ed9cd65ea6745930a02578e6aa338daeb4b2199b5d6b20d8,2026-09-30
2982764418531468,311561,2048,937,7c3628536c3d9e4b62fcd53c580e8fecd94e9e23eae9024006c0a4e863fe1162,2026-09-30
298446198667285,443159,2048,1536,c5efb506a73975094170ae6b0eb2d5abdf17180d9977ceb73b17b0d4829cf82e,2026-09-30
298527811951416,366983,2048,1536,cf915ac8e8c860dc4c9d3ba9c192ba7502c597f7fe7e245ef33b56b02bf19778,2026-09-30
298760821803782,292831,1920,1080,c5cba6c64fa514220dc91239c1fe81bc2b43f17f07d28c4d9aca5097f04a2a7d,2026-09-30
2988645138078712,234481,1920,1080,545bf3a88e207804c3b5e5110142eb6a4a91e300f81b589a892a51ef0e691d68,2026-09-30
2991208381151006,413010,2048,1536,78d8f5a53e1d6a21d2abcb4cb02135db9618a6ff712d7ce45b707f742cbb6312,2026-09-30
299178275000273,294747,1920,1080,6889af75b91ecdb97e8d0a06c2b46d4b56751477d08dd91ef28cdf72c20a069e,2026-09-30
299314221828075,499883,2048,1536,d66a45171799a47297b5da563e7e1bfc1eb38c541f42f29699226d05b5faaf06,2026-09-30
299772628473656,175032,1920,1080,df8c8f21f9a82e0f2257ff0fd1cee8b04d4d189e4a7e4f913baf1c973c5e7e12,2026-09-30
300216065076104,571716,2048,1536,ebd0e8cd92c03441d1a812fb472487816ccf4acd17370653833131b27645fcb8,2026-09-30
3003180530009319,359077,2048,1536,5aa69cc50b37b783f7d6de6c7591ef154c185c0069053c2c2c01b014dbdf309d,2026-09-30
300332371802477,431895,2048,1536,c8914f40efc17dd382e4a89404573187ea4eea068d6f0961a59519f34c9e9a3d,2026-09-30
300402185037104,199894,1920,1080,93a9c345264f70a35c76d6d7d54556cee3ec88742e968b6da09a08786f96ca3f,2026-09-30
300589478260888,443838,2048,1536,b6e442cf62a0f9b0cd66bdd332c1193308cd13a20cf12c98f62d6d899c38f955,2026-09-30
3007049422860336,319059,2048,1536,1cfb2243d0b4a0b4b38b6929ccbd8059f5a0b04508f5723fec5b4be27832efc2,2026-09-30
300848274852331,122321,1920,1080,8b333edda452467576dc013858f441e86e3811af57304c3a51830faa45d30cde,2026-09-30
301202145041155,551999,2048,1536,4fb8ae6f933ef9e1c2082f11f09a1999a4815a7a915a29fb7eae7ba34552d9fc,2026-09-30
301315184774353,435495,2048,1536,75f32cd800b3465791881aff025787a5bf7f9c35cb41db8724181d541cbe51ce,2026-09-30
301684138251921,183077,1920,1080,9bbd5ebe917c3f36c110fdc7ce25d7c1b87fe463fc4c682cebfc09b74d8c43f2,2026-09-30
3016953138460686,541643,2048,1792,8c45fa066cbed661178343b5ec14f48df6140cb981bbdae498e9d0f2f911d4ec,2026-09-30
302171294969325,406560,2048,1536,96d815137ca101e25225b6394f55f52b2b92b45752c1f8a7d69fd5f6f5cf86d8,2026-09-30
3026282824284326,218571,1920,1080,f68aee5dc6c2f3db620a2e202d05a526d8f54537ef89603236b2b90f7da85294,2026-09-30
302897961389079,460049,2048,1536,95ba4aaaa4b0e071bb0a74ab74bb53c032ad9cc6f9a208e5fbfb8f45098fb9a4,2026-09-30
303227891326714,385366,2048,1536,f17db49ee2bb149452bca1ca0f32ae036325607cf1d81d24bcdb28b9155a6a4c,2026-09-30
303644601266785,260712,1920,1080,57dce317476ad84f8131b72e76c13f33780349fcd5169b4c08228a6706f07511,2026-09-30
303927394522989,305943,2048,1536,59097e15aff3cdb30b8af63aeb0b5576c069c743a9e8e04131e6da8d272b21ab,2026-09-30
304035498099361,543786,2048,1536,802f324a048fe63206ba68035724c254ef4b2175f09eaa096e6bd870ed908d21,2026-09-30
304379594742017,167968,1920,1080,2d31de55b4eeb327aa9ad5a405e237fbbcfcfa5f4b4bb66b82c77fa1843db0d5,2026-09-30
304442827926051,224564,1920,1080,40fba1040dba74ef2bc8cf9d1677912af1b0188d0f178f0a247202b22423f7a9,2026-09-30
305085917812274,362934,2048,1536,f4a5e05ae32b5c4395c7b03b7d18b84623898dcc39f4aef149e3318e6224f5e0,2026-09-30
305370437628006,440260,2048,1536,0dbabffac80979691002acce7aa95b2806a322244133b461d6ca7762fe1f1b2a,2026-09-30
305401054323896,213591,2048,1536,6af3970dc3a4ea0079f53e51e283cfb70cfab80e0c94016275b2019f321a1a3d,2026-09-30
305544111081287,598158,2048,1536,6b94022b8cb95d99c2b2b3667c3b7e6c9295f8339e8a3771b4ffa3672d258d71,2026-09-30
306291107722898,153905,1920,1080,ec66233b47f307fdb8a001e0450a9ac3a14484fac35232b12cbc4d7c47d22015,2026-09-30
306591010904601,405173,2048,1536,c968dc3721561582a49faefc03719600bff4a5f23cd6bfabac6c31cd415729b9,2026-09-30
307116604311292,363420,2048,1536,8263d30c1bdc489b81edc683c7c9c5129cc7cf93988617488be1acf48954e184,2026-09-30
307293217652158,190135,1920,1080,d37765a083382436e60e1fa806a9397d772fe8a6595e472be8a9a2642cf1fdcd,2026-09-30
307355150968042,914654,2048,1536,1456a444a47ca6bb786e459977f460d68aa7f193a55c9eee81a3eed20daa24ad,2026-09-30
307449257640232,281494,2048,1536,3e98802249d81ff20846b86ecb82f2b3040a97c95ac5527b62e2b11501469213,2026-09-30
308032360895031,181149,1920,1080,3f602f157410e31cf2b2c231a796c8fc9082c72f710269ca9d44124a254780d2,2026-09-30
308139764130899,607661,2048,1536,96ba936ca1bf5bbd423d64b3312d9c2d5e6edd00ccbf54b76e6b090a69a51255,2026-09-30
308523300799584,361868,2048,1536,848c3ee2b93af2f35f629d57cde7f989c7d4149c77e360e334cf3198c6cfa113,2026-09-30
308904957306661,604755,2048,1536,7bdf74382012a02ed81b793c360407aaeec1305239d585be518cf8f71b982324,2026-09-30
309010000746116,310691,2048,1536,a379953fcfd8bdfe5e9c0874dd2b1ce972ffcae7166fcee3cc3502b3abca762c,2026-09-30
309115277520163,322063,2048,1536,5c7d1e475e4a548eaa6dae1e848973358f7964ee8b1196ef68c32df0ed7f87fb,2026-09-30
3095460380688097,449981,2048,1536,3450676253a4a530727978b7a8bcd20ac599eb16ccfd89cfa0b68c3e33b86e0c,2026-09-30
309689603947051,416823,2048,1536,73af3004fca9acf522195d04c54dbc441475a3de31d9a90117586f30f2b8adf0,2026-09-30
310198020648335,566953,2048,1536,2009244d6a6e0854ab586b463e0f2761916b4a2ba2d992a14490fa87b5f942db,2026-09-30
310339940810312,263760,1920,1080,1f20afe928af68e81aee6981995a900e79ef448d04be25fb0be6acff3cdc13ac,2026-09-30
310886797309211,257870,1920,1080,cf76af0666a3a20a3bbd2c225c65ef78fdda5424dd8d2596510f1f7529c48200,2026-09-30
311585633976816,582678,2048,1536,e6c9f5927f8f1a27fe8eca8fcb785f6fd5b9a007e98a89425f1d7686099d58ba,2026-09-30
312233143643173,403528,2048,1536,4f264ab799d6dc4734d3385390a547973b191ddc48ae54169ae3b67106c00b20,2026-09-30
3133560350144157,178935,2048,1536,3ecb68e6f1692b0c3d0ce5934b410df6785409e3f72ce4eae2ac2816c7306532,2026-09-30
313510556878004,449093,2048,1536,aa9abf4f6cc1ae8e5bf97ef4a7f5e49a07435618b917fd9e68092b08bc472f9b,2026-09-30
313845727060311,265110,1920,1080,9bf1dd2892a8fc5616bfbb462cc9b4ebf7d522ebe821ffc5d1efd6fba51cf4c4,2026-09-30
314064400129533,412396,2048,1536,d97b221cdb0930694877188936c02bed9b6c2349884915bf2da63f827cde1ee5,2026-09-30
314110000309048,389015,2048,1536,275c6fea0778f6082cbc6442f5676ac25b699ef71eb08fe77f48a2d76a98598c,2026-09-30
314903200187899,385336,2048,1536,3a5d6a15fafd52f44b2997ba520479b9714258b1d7aebe861de51238d7b98352,2026-09-30
315560080135163,467325,2048,1536,186e210f1415c4d9b7dbb5b2f10623a4d49bf26ac525ec977b38fd803aa700e5,2026-09-30
3162406950559529,729862,2048,1792,d2f5f9c0988d482aaf973041efb7930bac3e288269354e4383468fb553481d6a,2026-09-30
317311613132652,401681,2048,1536,eb8946965ebf311d842570c9366af743285b233020f70ec7b9fa92bf1b8a4cd9,2026-09-30
317852156409110,191163,1920,1080,5e57d14f6d5a84691bab9e79cf09b64ed8dee30cfda8a383f72148b7400be646,2026-09-30
3183744381784246,218265,2048,672,58062a1e8ae7bd5ee5ed852f3e0f70ec848c93c9b465609dc48c318a7363334c,2026-09-30
318616946313799,226271,1920,1080,3b9c8c85f9262990c39fe19a97841eb20d0e638044da9e7bf9793f7508a1138e,2026-09-30
318787153206190,432866,2048,1536,941b88d67b5db4ba9a5f4faceca63c9b9fe8a550109e7ee61d6bb229925f1ba0,2026-09-30
319029342959208,302430,2048,1536,f90ffae9c1f56a1610e09e962ef124657e8db452ea679e2bf96327c1931c6870,2026-09-30
319443939739101,427260,2048,1536,5b55c32d23b590176e6a5f555a4d4af06c469afbe5802bcf42b905fbe93fb4a5,2026-09-30
3196129163852754,563368,2048,1792,be95234509cfd08386597e693d23f886c63ac6b5c8483b95ff825010753b024d,2026-09-30
320533466155073,440564,2048,1536,42b40c4b7d8618687f3b8f4443c0bf5a69d0b446ac4fb0c90653b3f33f7431c4,2026-09-30
321156949574396,300588,1920,1080,bcc1eb8e5ecc7d1f38be2b64280448f960e980704e8625ca8345b63c9711cfd6,2026-09-30
321911542850570,204734,2048,1536,40d594e0d9c8b91b13d2f1ea95e9558861fc39651320db2dccd053aa5c3099e4,2026-09-30
322362286197607,421580,2048,1536,6fb776c3f2539a49453549c0394baef09ac82906cf88ee84827533f869b6751c,2026-09-30
322562866134372,452078,2048,1536,1d887261f69ec974bc34d3c1c1b3a4c8da95f6b1dc390f393da6e766c72fa55e,2026-09-30
3226393234181791,294032,2048,672,767c07eef064684d4cccd279001ced451d7c48b8805f2c162f9d84fa5532f442,2026-09-30
323087166017993,437477,2048,1536,f6a4b2d5c6e5c670f40a250260e179b5634db40c79d6e3cadbd430d5e33ffe7d,2026-09-30
323444739168862,172396,1920,1080,271e1906add3fd6f1022f94323148d441aa55b5081de57585c3059a1e66e77a9,2026-09-30
323753172499410,482992,2048,1536,acd970705acb5f6e7c24c918c15bcc039e925c691d6e13cd72c701e76aab4f8a,2026-09-30
324131259319247,566139,2048,1536,148e8dd4029dc28a9a2af48ce9cd2dfa9038cfc2d835cd63ceb2a0593aec7c67,2026-09-30
3255928234510535,667664,2048,1536,0de69f2c8684cf99f6f8cc56b4a8a953a8ca1dc8c94c0d1c1299c186480edcd2,2026-09-30
3261780250623590,503678,2048,1792,971399602f429932f71b6ab0f3e1bec0b2347e61daf562800e6f80be790c0eab,2026-09-30
326691425553934,673292,2048,1536,318fbe599057655900e4a8a2efb34ab7216182e3ed4c8c4109055c2fac2696ba,2026-09-30
3268654790096722,569495,2048,1792,22e263e6bab24ea71ccc49a48b32968dd63ed36e299e76013c9e08698491cddd,2026-09-30
327792465618680,546602,2048,1536,7ed753ef87ce41ed2e16e57158c75fc66cf9b9756bce3009cc0872e4fe6a0cf5,2026-09-30
330865895129288,373553,2048,1536,866225644f8a38e93b27ef2c50800e76e67cb6814c21b0bd1097a7c053feef44,2026-09-30
331857318494957,240860,1920,1080,961d9e64b53fd8f287c01119dfd078b0dd6921ae3f342981b4b6aceaddf393bf,2026-09-30
332086718338606,559931,2048,1536,ab845a5bdf221af4831245401a60d2ec5867834b487f947a03b7618492fc3337,2026-09-30
332881353034791,518526,2048,1792,110d4753f651312a694c89d5eae04fbba3a203ccecaad873a6f56ccf0957e624,2026-09-30
333579643130544,613807,2048,1792,daec4ae8b7643daf5e63e3ec00660e393e49d37c02adb36feb5fb22b79ecca93,2026-09-30
334297498042316,195049,1920,1080,6bd93606a2971bdd51e9dbddc1e039507f1c89b33dde35ccda39f1d3a52c0814,2026-09-30
335645471617353,503765,2048,1536,f8323c74f829dda7340bf62c3bd5d67e718a0751a1cfe7da4467d21d02cb8dc9,2026-09-30
336420297900726,260854,1920,1080,80045831448bb8857ba5991b5eba127338eade0933871a3becdc63abc6bdfe35,2026-09-30
3409808189120290,575333,2048,1536,9a7fbbe114d3f1eda3828165d47627840bf5b8cfcd91bb470fb1b5ed68d8737e,2026-09-30
341163530727265,447741,2048,1536,6ee0b640f85b4efb64f755469972b63ba5f93d370d0acd3a030c32919df38a04,2026-09-30
341565597334128,266778,2048,1536,98973b3b4004f72a14af7fdb54f39b5c6f05f231470da997215ba9218f81ca59,2026-09-30
3434733906818401,505517,2048,1792,dddab8146c17e2d9c2dcd0113bc5e6af62cf9776e56e779d2b8bcf700253c5bf,2026-09-30
343784693979213,514899,2048,1536,7d2f01ed5771f3e08f943623f5ab223674af149766299d710e91ab523ef144c1,2026-09-30
344157893894848,446189,2048,1536,ccd20b01d869a4e3f87b43d1769c241f8dad3ee27266fd2bfd4f2df1b9b8ecf7,2026-09-30
345710876901526,251899,2048,1536,1bd7eab28b9769bb3ebebc694f5fc200f0d1c8aaf2e5d92cac984356a33d5a29,2026-09-30
346645756976857,137552,2048,1536,f8ff8dcfcbf50dcea5947be4661eedcd8106fff66416d2564db306cc4f93b1a2,2026-09-30
3466732356918954,630045,2048,1536,f1130c6666ce832b83640a02e198557cb7c63259ba5d8def2b9245e9838452b5,2026-09-30
347127738251341,708527,2048,1792,87c497a9e4998c0026a8cf6c95b2588f91c6db343353cd0ce0f4cf0f165ef72e,2026-09-30
351429516378865,327840,2048,1536,ca4813d562a199be464b0526780134116ebd117d7b730a225ac6552e418888c6,2026-09-30
351613276389056,325088,2048,1536,7f63e737e0507a83d6abf5a2110150ae98837950b02c001b9c3dd676e23bee8c,2026-09-30
352156779581929,444456,2048,1536,e10374ff3c2cf63babd93bfc63da0f0456ba7ec94c82f6c07239b4674aab0053,2026-09-30
353995512812712,179753,1920,1080,b44fce4b7015382916cac5e29688328dbdd8fd6aa24869fa97febbf956ac201a,2026-09-30
3551178408508029,701701,2048,1536,892ef58ca445a7f6f9e44cba64df09a1450377d7484e35d9280d20813a2fcc7d,2026-09-30
3556856934611894,268307,2048,937,e5f5cee17c7572e2388b3d7d1ac95611dec1a4514ad076b95ac88b590f42e65c,2026-09-30
361469098745047,265279,1920,1080,dbad9db616e0b8526020c2e9d32c160780008ad79430bafb6aafe7879ccbda7b,2026-09-30
3641216079464563,614878,2048,1792,0fdb8f584a19a67c72c83e2c246e2d0dd5461467599dfe69d87fa81897b89e5a,2026-09-30
3646599715632682,248471,2048,937,d525f4c9107898b8eff1d3830cbc49bc06f537f0798c3fca43a618c92920c941,2026-09-30
3660158514197918,508833,2048,1792,15aa40ba1163d586b087323809802520ee7ef5c90582391f68aded999b6d50bd,2026-09-30
367600634684166,495259,2048,1536,4a2a4e9e48512a611005c53e8bc6e6aa4910e2d95bb4784400b5ab0c22c7c38b,2026-09-30
369171597867368,422672,2048,1536,22c9214f19442539f2853a3a8682e04d9b83dec881075e4db55dcc01500cd79f,2026-09-30
3697655103884612,600827,2048,1792,56485b5f5fdae31d5a5ac79de6b5419bb1a2ae54ac7963386e13ce05145e0a9b,2026-09-30
369800152342352,521096,2048,1792,607b8fc9ed58c8903b07404486e9e6fbaae69fe7c8524c4aca42e0085c4f4568,2026-09-30
369845724787566,555261,2048,1536,dd39f410ec95732470dbf3425b1ef9286bf844be130ccc9fe8d9a458274dd21c,2026-09-30
372029717519786,523445,2048,1536,c838e605d5868a4fe278f99e189f0b713007a001aab58cfb816f94e9009e9f1f,2026-09-30
3733549106751575,444024,2048,1536,8459993badb1c58923c68a474ba03789cdf78ddeb3b17647ab5f2a39626c2a2a,2026-09-30
3741889362782674,183659,2048,1536,9789344e5e09dc675aca91b710edf0111174639a9b0f404d90b6f8c39b86859c,2026-09-30
3748552325463317,548716,2048,1792,0807cc162483a20a6c6884631292d8c22799302df32ef327a329330c2bcf3375,2026-09-30
374902490522983,569668,2048,1536,457bb272d054e9bf083a21a7069cd298f692a811bb7dd53b03a7036b29f76730,2026-09-30
375381940464775,565146,2048,1536,e5541fcb752cee31e7d19f517c9a8654563f7e5cc9142939940f6d45fb77b317,2026-09-30
3760262370970699,263198,2048,937,0e9d6a7a28341b6ab4b30a3e433f2b804d60660ae2ae6661fad4b88b90346f7c,2026-09-30
3762343720742551,316171,2048,937,d991e06ba9e01f67f74610fb1bbae313b65b4e8ee5ec1fdab1b8b16d6072ad45,2026-09-30
376665247003229,456436,2048,1536,b9cb95741ce7c8f099dfb9b39c11c8918bed92cf48b1b30fc18ad22d03fdf35c,2026-09-30
3785592465055349,661193,2048,1792,b4ef1a1fde11d59981505631e55dd7f92544bbb68799d7e3317d3477df7a0d47,2026-09-30
379515585107979,530134,2048,1792,14b43c5fa4d5b6902008276772f6751f4810c4c70286b0e6f30fbcdc6f527af6,2026-09-30
3797816713844635,224843,2048,672,fefb5061f1d024839d52155570a94edfa62309839dc224fae50bb70d2d037ffa,2026-09-30
380367763225906,329326,2048,1536,fd7939369d75822608be8818dbd64cf4119a7dd7a3f3fd73de755f876bde329b,2026-09-30
3811148079194866,185865,2048,672,896c847ab6946f1c337e7fd94976994a9f0e52d9a44fc359ea79a12d772d0aef,2026-09-30
381295366455009,347555,2048,1536,898a38533fc1779b5855b059cf572f0aa07d6e70e0d20eb2d70bff1aec20923c,2026-09-30
3813617995566820,366470,2048,937,3cc6a962a5f570a7904441a7dde229662b07f1d36a493217fd3357854aa2c9e7,2026-09-30
381786704623479,569263,2048,1792,ab69e66d3dd359a981f1cac3f953711917a36f08b52712eab81d4e264a9d2648,2026-09-30
3832392626873397,284753,1920,1080,8c18bc14f6b9fc317571976511bb1373a5befb973c0c15c9c75ed7ef599da086,2026-09-30
3833576456897577,279140,2048,937,cbc0197e3f1aace47f18beb1a346ecf99be249e640d61d71a89439e5b2ee79ec,2026-09-30
3844539032261524,522019,2048,1536,9034af031b089c29a71460353bab3b0e2572e24fab45ea7c64734f9dc922f931,2026-09-30
386049186178396,439671,2048,1536,d7266c4c7258c8851d7ab75567326086966ad26a0ff32fef487b50f51acdde5a,2026-09-30
386400549226049,566030,2048,1536,fc7bf04ec16736bcfbe6b1bca72a40bcf14f7824bfd4e5d75402ba30c552902e,2026-09-30
386925822736431,162658,2048,1536,ba40f86f31c18285a27eb09e43f39d1ec14488efbb2352bdd0eb74fd7df7178d,2026-09-30
388031843778758,599975,2048,1792,d7d83a982abe5daf62c95c012eca8bfee5ebbc322a8af2f08d6b7d0802073a72,2026-09-30
3886886648100084,284982,2048,1536,67da5eace40227137803a61b55fe578b03a383bb529e655a4ad156df3f9c3bc6,2026-09-30
3888779141402126,643282,2048,1536,c82b9e6819f39e4c1380a07e2f841de4f66b9e309beab8933f90dacd7897d394,2026-09-30
3897664810449484,172083,2048,937,e47640f390c81c124464600d33da744e4891ad9724847d38806925ed00102b04,2026-09-30
3898425123558320,538648,2048,1536,4879784097cd971245c2c9dc2e692cf3c2abc9dd5e97e75110fa00d18bce9cd6,2026-09-30
390019702124300,514549,2048,1536,1ce035d5caf0d9534ca0d6c251e4732c9eae691652d9f737b886edaaaf7d10f5,2026-09-30
390071218810468,215025,1920,1080,dcc769b2b0e3f013524f4a3a841bb6843cab1e41e4a93c3891c6b52dd297bb4e,2026-09-30
3916760708373901,412121,2048,1536,323def84e9f4b1cbbcb8dc4308a12bcfd497753836414fa568f82756fae8cff2,2026-09-30
3929100253837001,398216,2048,1536,3bac24f8f3c24bfdbd29d733694f2df6d30ad58cd16a33373fb7256a19cb83c9,2026-09-30
3948648745184078,482471,2048,1536,d456f8dce7b58802df0c4e8c4dca0b4862aae84e8c7d77dbf74a9447eb806854,2026-09-30
3956503924632436,214114,2048,937,6f5c478fbf8536ce04733bb344fb211d8bde0c1ac11f6c9d16e7ef92393f4f9f,2026-09-30
3969392403097423,228249,1920,1080,e671633722974e8f1e13a9db74807b6fd7f2d555a67b26733d243a0aa47abb0d,2026-09-30
3987936644818427,344482,2048,937,431b48aca81745f570bd3a38631a15520c4021b103d6e88654ae9652cddd6e16,2026-09-30
3994600487289344,231046,1920,1080,abb1069ea125eaeebbfd980c9fe00edb770af234c8ac2b431c6c59ad1736f668,2026-09-30
3994891990628669,606079,2048,1536,30d423605fd74a67f914a521ec842690df5a5331b6e453145b0720061a5c1b3a,2026-09-30
4001501406737045,169144,2048,937,d52532fbb452dc1b697d7bef743c0b962fc12be23424c8ee55bf2d28d099a823,2026-09-30
400437261160120,432672,2048,1536,c849ecabe8b31c33dd292862d48c0ee37058a179fb0f0690074a0fdf8a709788,2026-09-30
400806580924716,170998,1920,1080,658e56fbcec3f4672d6a71e6ede95dd5fe9e9d3b1bf3628ce585fcd060c28a3d,2026-09-30
4021850037852104,424586,2048,1536,f9fdb4e4c9db3af304b31a7ecc4798aad89cf9f8a984673984ab3bbff170ab42,2026-09-30
4035710119800355,154284,1920,1080,67dd5819bb952629980fdea6bbda44869a54bad61d715351b8f1d1eee9b79eec,2026-09-30
4036788266578925,277598,2048,937,c6a97d6cae504ec608532673207cca886b4094225cb4bec8160645aa076a323b,2026-09-30
4057165047904131,240981,2048,937,047c4d34bdc645c5fd0a129fab9324c13689e6cc9ea942e6189ef36e36184996,2026-09-30
4063843150373673,376792,2048,1536,db13ab99ad88e192415cb3aa7ebca84c38c5212794b38ed047b6fa8ebf73b99b,2026-09-30
4069040379854062,409615,2048,1536,7467dea86992fb3d5f29fbabd47f84e7c269818f3fbdd90fbe1ef43e70f25513,2026-09-30
407194979040832,540650,2048,1792,16203c93dbfb168da081c0a344154cb5864d2acba49f8b6202015677d8f47d90,2026-09-30
4075275842578745,624167,2048,1536,27140292993909dbc210fa1dbdd8bb7affc899d734cec8a69202b09457229deb,2026-09-30
4089719137759029,481894,2048,1536,3f105d127539042b87de1c7d50e8b44db2711348019ef3e4e1e466fa9dea0ac6,2026-09-30
4094231157266085,506996,2048,1536,86a7fef8a2148f507bfcb69e08313ca2a3608af40b49b0526420def990c15846,2026-09-30
4128247303873400,676712,2048,1536,1c55cd27bc75249e2f2f5f7c7c660f5f301c20292a545deb4fbb3277c1f65516,2026-09-30
412874276436335,388468,2048,1536,98fa1daed7291b97cff40bb06686decafc1f3ce4d155bec7082bfd7fe9f8c346,2026-09-30
4130076673739668,446146,2048,1536,c9b3179573c8d31bb32c1d04be795fdf35fcd5a818a697e932ba97d6c7d61266,2026-09-30
413557931709256,616179,2048,1792,f40275e228de01afc4a3d835bf7da3da67f9c7dde893eb55ad718d77e546b8d0,2026-09-30
4158087767547231,606636,2048,1536,2cd3999c875273ef906c13deb12f78fde93017b9d9154adfe82191f7d5c514e0,2026-09-30
415859161445987,585852,2048,1792,eff0e9a6d4b86c884d2b62544fec32df11a592a997200fcab87d4d34cdef6f69,2026-09-30
418344322514924,327287,2048,1536,5d7298cbf06bbf2aed80156c631421672c1829d18d319b51e2e37ab483b630d4,2026-09-30
4206547212714370,326902,2048,1536,ba5534998f34f60fdfbae1fe6cea6f4158836a09a7626fcdeb2a4aabfb0a757c,2026-09-30
4230344973678481,424738,2048,1536,5cb0f14588fa0888500696a49846a9cd738d26651b3d895b464a1a5c317b4087,2026-09-30
423768243815631,716318,2048,1792,c41a617f1beea18c4018dcc7c117184444555fedcf2c16ae159565ca4e3af3b9,2026-09-30
4245127945543430,554407,2048,1536,bb44907cef501f85afb772d6a7ffe84ca0f98760154b61bf2ed37981d72f3f47,2026-09-30
426385880386684,706237,2048,1792,1772b2199cf3190311f4b48fc0532aef90f61ad125ed0a7790b2ee0eda595771,2026-09-30
4297630960560993,267805,2048,672,30e73f18d6ab25a60f59e73e84c5944819b2cec0fd5f4431265735d2ffb895eb,2026-09-30
430966386766273,329810,2048,937,6ddc4cf001b745365528248c96fb23ed0e2882e7563e6b49886b8d314c595b42,2026-09-30
4310023952349458,559594,2048,1536,5d207cd132c4004727593d11db8b0d8fb31364da4bf52f906eb793a12c2e56e8,2026-09-30
431070876442697,625818,2048,1792,b2e8263559555dca136d62521a4eaf04aaaf1e9267402319e3e2bc3744338545,2026-09-30
431634096308322,652439,2048,1792,da3dd2503541a46b1ff4b04b9afb65b327acb9f8064ed84d566dd32eee333fdb,2026-09-30
433932209636037,637570,2048,1792,9705005a06463c157bfd0cc5d5c19cf44a55457cf6ca360247a2bfccc6092805,2026-09-30
434988760939402,193145,1920,1080,d8e190fe807ab695d73bcee90d72c460aacc787931e12d68374606dcce817d1d,2026-09-30
4368414226523230,434848,2048,1536,d26ac36a516295e2fa98683210b987e5786c4bfbefdfd8bbb0cee5d46daa1366,2026-09-30
437539559255307,560006,2048,1792,d306d3ea5f17d2f4f8e93faedebc87a57ff563bb3ec0f84e9e7ec36bf9e3788b,2026-09-30
439946725575300,695624,2048,1792,7648409649b86064ff08b02c01a003909b7363c5ea382fb0ce61b95ea3e09bff,2026-09-30
4413076915377478,342027,2048,1536,9f288032fd7d7ada69696108f11f8439e593e396f1efed52e8b88981119eaf31,2026-09-30
443655951945659,458345,2048,1792,6319eed102b872a5ed3cbe4a1719ebb6cca894c77d6b56534e2ebcebde18c70d,2026-09-30
444382835266852,699417,2048,1792,6e94e6b3611a07061090dfe9bed894f85de4535e4f568cd3e438da0937c21e2e,2026-09-30
446684773070135,380282,2048,1536,6da4ef209c9a615395322b39e7ebbd379d7f1310da3afbac467836b39655cbd1,2026-09-30
449903271132859,511002,2048,1792,8d551e8bd36fec04b0cd6ac61074b9548c8464f765e12439e57839a2b4eecbd9,2026-09-30
450459221273355,724769,2048,1792,aab1c411b815dec9ac8db8a859270672ce9ca376641465b555ceb083778bf985,2026-09-30
450970092661730,456441,2048,1536,4dac686386f9de0189026d296f40ab88500a813ee25f12a897787963b231e9a0,2026-09-30
454036363929467,639954,2048,1792,77d2b2041d3c0f6824cd7e7d724ed8e75799e2d92e7d714696eabe4a2aa02e79,2026-09-30
456230187245971,706039,2048,1792,9c8e5c4e49aa71f2299384bc9108f4ec28d2d3a09faf2cc23238f58a4d58196c,2026-09-30
456677245397441,235852,1920,1080,a5899304a260bdf57ddcc14cb90db3ce489092c4a1fbd6b31e3c932c39fff2b4,2026-09-30
459614693341740,588888,2048,1792,06adb1345517441754191793da2e19c996c4859f9fb8965353d4156e56d9c5ea,2026-09-30
459804980403131,214394,2048,937,8ddf8d41ce3cb6411a3bb37052a78fdfcb35eeb535ca7e0244551d665ffbc3d9,2026-09-30
461327321601872,570447,2048,1536,a809ca59f2440ca97ea3b39b97f93fdb6820f5baac12a3625e302bfdce45360c,2026-09-30
463141774985826,126498,1920,1080,eb8930fbf74569cb064b08775ab61c12cc31ddb19fff3e43d4b1e2e6f7a5718c,2026-09-30
463214238308332,253012,1920,1080,a3e91c3b6784f039ce25545f82f3165f044f51e8cb2a94cb5f4b9f8872610022,2026-09-30
463659801584351,560882,2048,1536,c10d648c44b5df66bfffd7410c913ef5563cf45a078afdf074c7d137f0aa0e04,2026-09-30
464003978217379,209139,2048,1536,9ea4f79ae7861846fd7c6821714454ef4f5e271f3396caa4c52baeafba63c00d,2026-09-30
465476821189471,189618,1920,1080,a6158d1e59520ebc1a4a83f10cc84348a94f45cb2e042e0f8aa80d17e68743c7,2026-09-30
466250747789546,693569,2048,1536,a62889c871b7057dc35513afd9a07d1e960ec42fea6a4dc751b8c83a60d26077,2026-09-30
466313124472470,404764,2048,1536,19ffa5820d588dc7ca35ba174b743c89ab8cb8b7be4fa600419efb13e3a76893,2026-09-30
466679964422783,281198,1920,1080,b128f870f282aac80517f5132e694bff4dddc6e3b4382d797d102440d4d34368,2026-09-30
466913744560447,460787,2048,1536,b41c907bb88706a7d1005b7372c8d5b426fb7651d3b13d944acbd3ff3682dafa,2026-09-30
467754234311167,258877,1920,1080,b275eb6b732f6ff63546a439f53196802e0d2db49b5405909557708f1a73d5d1,2026-09-30
467951159036195,641586,2048,1792,53770c06547d3071c09b037ba65d65e4304de7d7ab09152c2f0965074cfc5c72,2026-09-30
468053224415480,248458,1920,1080,c28e41464ead2ab08a0194e72e056deaeaa1c6cf472c4876570957889c590cce,2026-09-30
468130026115425,619152,2048,1792,8aad3b713df2addcef784cb5af5687f54aa8f2e37d5b81fb3f5c33766e7a8b9b,2026-09-30
468209597752315,520352,2048,1536,f6f737f075ee1fa2c33b7a1c4a915f87ae655d330317e33825736f8bf5e1ca9e,2026-09-30
468347330938135,358839,2048,1536,c0ef66fd50ef359dc5f4ddd6f8b57eae524b29e2d9670f30fde7501e8c12d404,2026-09-30
468595264390221,448278,2048,1536,406bb1bfb980c96563943d76ed1143282630a1ea0a1adbc84fc8a9e211dbea1e,2026-09-30
469612600779519,428114,2048,1536,58b42dbaff8c627397854ab5a9c1f630e80eebbf25c71dd92774b6c38f99c83b,2026-09-30
469981710947669,425722,2048,1536,34dbeeadc71c4f30a4296dffb4c02da0f76b52a3fc033c7d87fccd57dddd71b7,2026-09-30
470048704228013,488864,2048,1536,fbaa8e9a257678c4b4c03754c28fed5674c579cc77c22f69c921d4ebe01e6e9e,2026-09-30
4705403999510163,528747,2048,1536,1baa50158d764e64021755112df704a60a6a5360c878ec393e96566c8c3385f8,2026-09-30
470717474194893,514996,2048,1536,6377f2f0ae24c4e34736ba4ff28ad76421b29ce630195896efe28e7845c72a9d,2026-09-30
470862587470014,562237,2048,1536,27ac7a19d67ab454c18bf9fec0fe02f3847d6e931f93c869c29036224d946b90,2026-09-30
471022233995063,446018,2048,1536,57e5ce3e5d76352c138984dff6cf47251a9d7d57b25ab626ce728728a0b6d812,2026-09-30
471546317438590,423386,2048,1536,42a048fa7a62ae636deb4bac0fe1ab3836ca4cb93183772d20a0f97b5e7ef37f,2026-09-30
472052407419479,417232,2048,1536,8ca0397cdb2e194ae9f88aaf319c58a0216f89b0b160e81efad0c7ef96b8fa90,2026-09-30
472582504074055,410332,2048,1536,610575f50ab68896eef951f4253fb0a4805b4db80ee8b5b07c28badbdc57f59b,2026-09-30
472812627342213,589234,2048,1536,65a4e257539b9b62eb3a106c774c3eb83d874724ffcc3b53a0cf91fca821c971,2026-09-30
472858693783752,120076,1920,1080,ff8953a88e1c82fcaa73896c2e20ec3614547f8c02bf0101aa995b60d9a7ba71,2026-09-30
473641117212240,534278,2048,1536,498b666018ae2b4bbe7df981505df9738c865d96a941e52a2a9bfdb0b9033d69,2026-09-30
475322190228153,430567,2048,1536,edfa529372fc3eb540c9574da423cfa7698deaf47820dceb22b9e0bcf44139aa,2026-09-30
476356130285578,480976,2048,1536,eb45cba820f348ec9eae1d1ba0b2b70e42d3df829810fa30dca113bfd2a56630,2026-09-30
476626623549823,427143,2048,1536,1fac3c1883281318180f5275a4a00b92402750efd80298ef504203a8c40c5439,2026-09-30
4766596610022239,528770,2048,1536,63fbc57b91f6a454ee98277625b158d980c6716ef9875fb62e922babf0743a83,2026-09-30
476949784726944,660480,2048,1792,b8dad5ca2b36312bf896a0bd61cb9b62a4ba6a21b937052e1e6b1edc528a6b35,2026-09-30
477077001708586,697764,2048,1536,87379e35c108d177a5902bfc8fc0866ceb13a0b44b84151d3fce420389efd0c7,2026-09-30
477110430204383,559148,2048,1536,93ea9850c84c5e9646d9d2c0f4803ac8df26a051bba56882da60adbbceeae910,2026-09-30
477592687979441,445907,2048,1792,7de542ab42370c54b90795522b0b638c37f7271b5bd0a4d67042a705650677fa,2026-09-30
477911040083348,146608,1920,1080,cd0be9c382b4c8555070f50bcbbed574ac90e1cecd00541bc997842825cf1994,2026-09-30
477952166990067,433820,2048,1536,05a11ee680eaebc4fef524ab5ff6167715ea46520786f3f8657a0fea72ca6b78,2026-09-30
478395328221535,611415,2048,1792,984844c2538d7a66e0e736b32b471737d6b825fb2b6af87c6057723fad56a17d,2026-09-30
478429795319965,362861,2048,937,6d8c869013f1639dee1a0f682f692fb63407df240120f99c6d2c36de2434f6fd,2026-09-30
479023656553231,446759,2048,1536,6d5042ebab29508728c1486a7c52c1ea0f571ebaa66fc2e4fad23a74d280f1ae,2026-09-30
479337626852985,489206,2048,1536,69affe15b7552cf19b9bd7a191221d45613444f2d17cd9278b023d861080d375,2026-09-30
479518273325456,444325,2048,1536,d8005ccb1d843ec649d878217f657df3b88160377c554a930f137168621bdd22,2026-09-30
479774503299353,230236,1920,1080,df673c1be2a60315e90c4e01ec7224d1b1c05a097482e0db22b05413825fbd18,2026-09-30
479977511633820,147852,2048,937,a2b754f634839cb58b884b65707467832b4247b6a989455c0594a37abbd8578e,2026-09-30
480218679911727,567060,2048,1536,7907e6b4a19984c5710781732be75b17372d391eb55bb25c4c32c911c74592e4,2026-09-30
480984466353328,423739,2048,1536,c2d16b0f345e165e11333bdf32d1eff6cb327cf6d177baecd763aa5bfe49e1c9,2026-09-30
481329094656831,579971,2048,1792,d74a902f4969c088acf3004c9185b02888e907d82038d029294f719529fcb7f0,2026-09-30
481433499731343,321756,2048,1536,aafff32c3b67b2b1e305ed675fc3c17d9885482e759ca86c667f7df5e071d405,2026-09-30
481716024383369,645730,2048,1792,f78b584c5fd735b5e1c2b1c4ac017831c61988e05ee42d7e5f635157aeb02b02,2026-09-30
481747873054969,484304,2048,1536,8f358c9f5efcf102ffff19b9903b58ec280720a0e7f929c1c3fd6041d6c6947c,2026-09-30
482213593001277,579909,2048,1536,955cd77f5ea60662c2b24209e9cfa5b8e98f30fa6f51c4003acb2e1db5ead297,2026-09-30
483054199570051,438906,2048,1536,61bc46fe77c6759e4cbbc2f481ddea32449b201c69fae2e7e652a472676556f1,2026-09-30
483305716216054,614103,2048,1536,6741a519c5c4ead60b9f78e84409191439f7a252b5afed676bbc908654be89f0,2026-09-30
484254949559656,469211,2048,1536,c89a07bb6c271786a115d3bc6907c9fb6558bbf54ae6bc6953ba6c19de375556,2026-09-30
484792357611347,692803,2048,1792,0d32f0c1d402c235cab2edc9116bc89f0cbc532e486812fac782d65a84030abb,2026-09-30
485905689503652,571530,2048,1536,c1f5d73089de3f021ac856973db866c6b465c59270dd8fe7e731e50bc62b550c,2026-09-30
486033882715690,181597,1920,1080,2331cb2338047c270baae806f946eaedec3337f47eb6d01ccff606b81b6daa47,2026-09-30
486059949365171,578124,2048,1536,722711600a3138ff9cad6fd5e81a49c376e598a24db88c1fc34e896b707ed127,2026-09-30
486751265711687,232638,1920,1080,bfaf4177a4f950131af3d821cc1794d3a7b908a98f9bd23474e10af80d3948c3,2026-09-30
486761749236423,378734,2048,1536,6944a43809ba28845e75a9d51b89d8c40ac6ddab61d78450553b35faea6b19e0,2026-09-30
486836689221736,389405,2048,1536,692c6f5ffe1881bb00864617846bba12c2e5c8918eec5cab43c4c7f23f15c4c5,2026-09-30
487289356043152,542760,2048,1536,a3e15725de134882318e92dc65a9836a503afa23c55c94e9560306db856c6b30,2026-09-30
487484782462251,251267,1920,1080,bd4d88f7cdcbd9084bae1a8eae9a8a99d7086e90d42697cb08c641b4168dd068,2026-09-30
487666842468457,427603,2048,1536,b4f6037f7226e69bc05f4d4d909d2678dd06040b2be19c17262cf42299890f05,2026-09-30
488125292270865,446591,2048,1536,0abb8cd5b8fe20da69dcf8e8d94f196b6c369656ac4cdcc5680076a4e40d9849,2026-09-30
488778213743518,747928,2048,1792,a92cac3b951a1f362614cde2d111929eb3273879bb1e6cfc135104f4f51d83e2,2026-09-30
489246078794805,261447,1920,1080,81a9539a5d66d3bf56af53f5b714f57cf3061227fa4fc8220d0098dfe60ac7a6,2026-09-30
489629735516034,314313,1920,1080,c4946f600d8b6dea55ca683c3eebe4b281226b9b2015777e477615f6baf78042,2026-09-30
490054792310125,409525,2048,1536,d3f2b98215ff949d75e7226691b171a23a99e303e919ad05c2acd2b5280435d1,2026-09-30
490468112161118,351226,2048,1536,f3494d95c68659bcf718baa7c20b1f1a4542b96233b6516f63ef2801c315f17f,2026-09-30
491052732013755,427993,2048,1536,1f2d6c6bb5d7e1e636593c561f4ec08b5eed7fd4b2b1830d1d6f3026de72384c,2026-09-30
491397563356296,844067,2048,1792,3165d2911c8767a66615782db9b5428b2f4049a764003aa5d21a2586bac21f83,2026-09-30
491677885408539,163597,1920,1080,09f08191a066f7f9daa20dc9537b8cbc745900deab3142e48d55697e0fac090a,2026-09-30
491785798831887,347236,2048,1536,c917872395f5aa22a276f1aabed437ef3e112a1bd926e57a2d8c8c82b6e16e0a,2026-09-30
492033823538264,556600,2048,1792,21a9e9acca40b161933a83d2e2aa4c8bc49b25951db192c3b484e198cb40f1fb,2026-09-30
492447525127128,697341,2048,1536,114d0b2893d81b770f0dd793f189fcad912d689bf967bb8553355677b141299b,2026-09-30
492538375510406,404808,2048,1536,a9aa13f8f3cffa2c0864544e68aaeb87a47507b950f935b7cd3d66100b4f6dd8,2026-09-30
492564781966105,324202,2048,1536,56e7d45d5374592641b863656a86e36e2c86b978e1d5967b5044136c83ced5ca,2026-09-30
492666856619790,503010,2048,1792,20c8171f0aa9a4557eb3538965f5267a70298d63519909f4a732d79621064bf2,2026-09-30
492810945396997,259719,1920,1080,4c453da9754041915333c601672d89774d5fda13d277dac7da2e3b0c56027a85,2026-09-30
492868885357902,198105,1920,1080,199e17832b41ca42f8b566958eecb5b1031691882d9dc58d192238ef6bc856eb,2026-09-30
493038769850146,622189,2048,1792,66b96f49b47a026e860e36667ad6e10d88531b58d82d1c2927954b73906e11b7,2026-09-30
493436015192933,358087,2048,1536,17f1c93107ea963e323e52f9ab1c8e64485b83209afb0b274b9d788bc6b2e6d2,2026-09-30
493756698641757,548936,2048,1536,1b2904a1bc3f20f91f1b6bea689a2445ca491519cad6ed47f04d7d1b2d1719d3,2026-09-30
493854561821685,326935,2048,1536,3ff66106d39fcc4621deaa73e2e587bd5f5a550da984d9e46adf2b5d4bb622c5,2026-09-30
494155375068407,482090,2048,1536,cb8d3eecab712f536794e7e1f0693477c924d6c06f72bd4a3d3f34b43a0f1f85,2026-09-30
494344691847404,580731,2048,1536,6a4b3dd4e8b90173fd4bc55bf6d4e7a1559d813111a11ee9a8f6610c04bcc215,2026-09-30
494452063240172,666785,2048,1792,19e2350c601ed39f86477ffff17a83e775c77471bd657b1a9bdc3dced572543e,2026-09-30
495257733596391,294521,2048,937,7a4e143fee2fa51d3b9f6b22639d464b9dc7f1e5dea467ba80fe4af972bf4683,2026-09-30
495494768399774,444400,2048,1536,69ddd54e5740bbd37e2b627a080bdd884dada49a409669c646632f60dc50199c,2026-09-30
495730795110804,383158,2048,1536,1719eac0176ec61bab55bbf9c2a3f8ca5b4b530b49cb12d01a4a666a6f0c863b,2026-09-30
495942976532615,218704,2048,937,622208e44b83e4affaba87f61ec4bfdc75dc909e54a95fe63d0b65b5e9abb261,2026-09-30
495968981529844,453233,2048,1536,76e187a211ebee7b00babd41c8d8999012d002a8616e6100151ffb6e66baa7a8,2026-09-30
496014231835922,423996,2048,1536,96225985916e6fff9ee4dd8e9b427952f72d97a8c7556e9dffd5d078516a2845,2026-09-30
496296311587433,491525,2048,1536,537f53c538d4d5f3fd2b4e42678c2533dd3cfa44ce571674e35c58de6c3c7cf4,2026-09-30
496608491447932,336665,2048,1536,c918cd2d21f362f1fb8583cd3a86c3a4c941f12e136a9b3682f632a43d9cdfc2,2026-09-30
496676031657985,324711,2048,1536,9fe0057b95542c6c4d8b5a1e1cf7a836fb6d8f9e0d8dde58796b12009e994aad,2026-09-30
497522431601099,406071,2048,1536,0872fadb6c38e8425fd84498f68a85d74ffc69b32e7d6d5c2b1749c2cccfc584,2026-09-30
497726518147086,451643,2048,1536,e176a6a8502daaebe5bc1970e1cd2c64f054ed93eddc4fc298cdeb4f10fa18d1,2026-09-30
498208082935208,289685,2048,937,4b0c7f374515fef93c4201b96753f9a56f783c7bf65b53d948730294c033e7f2,2026-09-30
499119232453345,596587,2048,1792,83f1066a39a9c217bc5458abd3ccb58d07763b945194d99d820d294841a0e78e,2026-09-30
499631668133339,533402,2048,1536,725ec2b6d33d256d35b1c5853cb4ee4b8d82e0fd6a70d61b75b14dd3f674cc34,2026-09-30
499920207944827,324763,2048,1536,cbd23d8ab6dc4c268cc91def52cfa4783ae17db74f061d496737cddaf780f255,2026-09-30
500564164517687,170031,1920,1080,b2f279d12d72ffe3abb433dfa4a5b2184d2cf7d0b1b2fdbd490ae5a29f7e536b,2026-09-30
500881054584371,370024,2048,1536,3024829205a53d8ff722d1c58adfb8e560f19d132e2a4a011a0a75f58439499b,2026-09-30
502372347750444,345355,2048,1536,7886746829234a67065cc4ac0d8af412df46b013d6d6f00f36edef4ed192a33f,2026-09-30
502962360751261,453439,2048,1536,bf6bb6ac122b32237ac84688991542f34eb23af220e2f7fdd3d5872606ebc0a3,2026-09-30
503631747638523,324223,2048,1536,a57b177e6020c7c1cc2e538bb638e6515b79e7afe8ce7397ab7f5c1a776d8ba6,2026-09-30
503842794164636,326954,2048,1536,4823ca194a617160933fb74a0bb0d66cde247519dda8519588303c4840b9afb3,2026-09-30
504478307273687,323553,2048,1536,86f36ca7b1c3ae0012c82b511aa42adcaeeef3fd31c3cc90278344daf91f3446,2026-09-30
504700785972469,314211,2048,1536,15c151d6682512d413f40bc0855224b266d2d70acee2e0ec8a583c8bfb116a0e,2026-09-30
505254460600486,298210,1920,1080,ec8f11a7306adcd3388fe590901b63518239f7468760b9017ea5349e069ac1a3,2026-09-30
505345517484388,299814,2048,1536,9c8fa54861a0b9368f37c8aab7d4e938c48ab74607123ec81ec5a14c684819bb,2026-09-30
506289307231897,167523,1920,1080,02e87c7b7991f1ce8984feeffb06d1e9e81750544fc6de492875589d50b8ad14,2026-09-30
506393203883018,474592,2048,1536,6407ef5e71442c60560fd4bbc207353101656579f0ecdd0fd7f7a6c1c46b256d,2026-09-30
506478052478453,188966,2048,937,b558b6b0e1b8e1b62f350a82bc13c0c88b793cbae65abb3bb248951b3a265630,2026-09-30
508109960328163,471791,2048,1536,0d764beb9940ed78c8ba827c76c837b2df253bb0def81f5ef29463d9404e0808,2026-09-30
509200910328550,376382,2048,1536,ce74f1eab818532ea5d35fd6d18737b2a6d4c8dccb281533c3633d0b1e429127,2026-09-30
509279963427650,118703,1920,1080,29b7ef15a6b3038fa8919fef955fa5a6c4a67ff638b07dcd06d6d1d4364133da,2026-09-30
509680102165535,185326,2048,937,a4e37558a0a16de7f65906eaadca3a5e9e816792f194713e01f7dfa24af5f2e1,2026-09-30
510282742079891,287810,2048,937,84153f7c860837147bab869483f42e0172260ea2b25f37283d13994a4e8c5b63,2026-09-30
510923676771873,199559,1920,1080,69f353760b2b93f2dbc5bdd6b6ec9c33b65ca4c349d790ada1f9feb14dc25868,2026-09-30
510970788013383,519792,2048,1792,ddf98f0c1d4b904014408bcca3cec70bb769a53e325e43edff415f8fb7b6a9df,2026-09-30
511258449910418,382306,2048,1536,b37c5bc5e817927365b6bf07e713f875e76984e3ae7137477ec02d23b1332317,2026-09-30
512596873242847,234495,1920,1080,388ec6fe3f4d43902f44805e6384d49630e0158773841cea75a7ed0d90959bcf,2026-09-30
513781553283392,453174,2048,1536,71898b7411ac738fe0c140a1637730b760cca20a8aee3b906e09303f58f869ee,2026-09-30
514127663057525,486299,2048,1536,10e75db6e54311dd1934290940b4283b7bcd258a6f31c524d757d668c70e9bf9,2026-09-30
514401336592814,259936,1920,1080,cca82e446136f70d7661ffa7f38b1d8493b3e690de36497eae67da3e0e4aa673,2026-09-30
514565989696257,446415,2048,1536,e16ec102b8009d97a028ff1a234816c7ec4d269b2d3d138e4d7248d04a066d3a,2026-09-30
514914892852794,337224,2048,1536,6d34cf56154ade32cd3c2bc0ed8a6fff9b794f2d98d5c19396e06205e6a7bb3d,2026-09-30
515194603185406,175361,1920,1080,d8cf2915b9b91036b083b983a681f8d8db0de19c302a73f8e6da9ef03e888c6b,2026-09-30
515345049505618,325287,2048,1536,1c76ef892e0e1edd71e89ca7b620c85a81384ea019d7e418ffdb0e65ce725f37,2026-09-30
516006799767166,106360,1920,1080,858a367b67ffbeb82c19a629b9c3f632e0facf689ac09787a6192fba7f578814,2026-09-30
517103139316780,128703,1920,1080,f4c66fa43363b9c87a356b4bf8bab756ca3c6c453cd58c5682a0f591c21caed6,2026-09-30
518287313987054,582401,2048,1792,818a404eca189fde8967a74a30d463a097426dc4a7fb7028504158b6ea1135ca,2026-09-30
518442282496950,404106,2048,1536,095cc6d2f5cba5b7ce4692cfc49cd867f65cfb22bf265f431240aa758e3e39da,2026-09-30
518800239456018,166778,2048,1536,a75b2add8bcc070fac263d26fbfffe526c2f6c90eeef195efb340b2722acaaaa,2026-09-30
519235042432382,485065,2048,1536,e7b457b01af76b70b708ef629991ace7c6c0589d1f56c675c5ceca215f97e502,2026-09-30
519379565870501,411491,2048,1536,09635544c49d757c0a574146db809f4bb309fe2e4f4711a44b3506e786d3b4a9,2026-09-30
519833419042280,410067,2048,1536,e7027b766b40842122d751dbabecfa14bf51e1539b8132ad8a65ef958a6dd86f,2026-09-30
519880992504793,620419,2048,1536,c578a4a84e73ad255369e9f367acc76e26d256c0e9c27f8103bb6f572a89443a,2026-09-30
520275202336619,326139,2048,1536,1de5fe7a6569b7fd42f2b3fb74f6a74791efc11b572aa7d242ed41f995e84a8e,2026-09-30
521314145679243,445747,2048,1536,2910a99f9c185e7a5911bcd866bac150612af65564827ddff27995010b2d292a,2026-09-30
521342772224903,224412,1920,1080,4a2adff722215072c8c714596123818857fcd4b4ac647b8995bd973fbf0af3da,2026-09-30
522943398728320,521151,2048,1536,cbfb9e76c34fae1fdd14668aba83a73acdd5cb886c6c82d5f9152a2d87f78db9,2026-09-30
523659162409609,198570,2048,1536,421a5da78272faa1030d7851a97dd7934a1a668dfee68b319bde31237abd6135,2026-09-30
524988298658094,181670,1920,1080,990607c5faa8391674e1b7db18a74300a9f2cab82da899a39e2a4f99818ae667,2026-09-30
525094965168386,190438,1920,1080,98cda701cb3a70ecdb856ed9a4287f2a8341c03d2ad1145121b74d8b2e1dc59b,2026-09-30
525622091946850,492178,2048,1536,50a60a7117191f7789b71d1664a581e6e5b375d1baaa5ea61ed5c6b002e3c9d7,2026-09-30
525662995126293,506231,2048,1536,85a6d8458cac287cf3bb2877d0c26947c10a1391421c47ddf6f979d7ae014f2b,2026-09-30
525745223187456,620042,2048,1792,63d59d48d5c05d5fa2db87a1162a2a69d59f0cd3dab461f6369176a10ee73591,2026-09-30
526052985094695,279297,2048,1536,c32003d36b7a8a271e22360fcbf234a3f4e9b2bbd27bacd2e5d804baab7c658f,2026-09-30
526803438728952,537445,2048,1536,f83673bca1be140c91c55e3000e42eb5e4f65ccbe4081da10217c15e2cc8adb2,2026-09-30
528604798335433,316686,2048,1536,2a8ae50032cccecfac136adc7ae5ccc535d9080d6f731c2f224e3af448b8d811,2026-09-30
531334204917563,342731,2048,1536,3d799db0fe527f1f105a738fd30f9e9f71c4f6756ab886712387d099fc89713d,2026-09-30
531684438179913,328296,2048,1536,179a5839a8fc909f9876a93809b8beba4863a8c228d36cbee5fcc763b0200d64,2026-09-30
532090671543391,221388,2048,1536,976f0f65610120138b7aa1cd135dde3c54f1c0fc05c132bde0567e48df499ec3,2026-09-30
532146831289058,456276,2048,1536,3fee2735d862dc3f09154b3dc227ade803721d8c6431ff5c1fd1dca376d8b6d1,2026-09-30
532552524570795,600397,2048,1536,2eb1b249554d838aa87bc8a4319289aadca5347c72bf92fd14aa6efa0e9633cc,2026-09-30
532765224746294,399159,2048,1536,b87b6ebc0975ca925407c90271f51a77a4ca91d27ca4d7d12f19cd827cac936c,2026-09-30
533022494773313,409729,2048,1536,9da3d9707a6a3d9a01663d54fa847e080a94155a52b64e059681c5850c4720a7,2026-09-30
533326739359946,650418,2048,1792,900ad56c1004a9b2750858558dc8374dd171c5e103a8703cc55f717a7d08becd,2026-09-30
534028659033255,169060,2048,937,5ccc45819126372126c6df44795401b0eaeb849f9e7f52f3967edd9e87ff7b78,2026-09-30
536149964052673,224695,1920,1080,c135964673805ec32f3d1b900d7dbeff81d99ab2a0d37356aa2ca5c81d839be5,2026-09-30
537305115425176,273678,2048,937,44328ca8127c6a40ef5f65f9ddcdf592dde1beb06eec977ded2f358cf3e4aec6,2026-09-30
537927514033260,406327,2048,1536,e0bcedb56cf326d60bdf7f7c932b041cb08e9197cd7a8b4fef0ab8b8c16fd20b,2026-09-30
538106882613336,273624,2048,937,3d71cabf2b43ea4148748ff4b0fbe518dab167ea19dc433eef215f0d999f2293,2026-09-30
542840144530130,507147,2048,1536,a2c78a3c591987bed5d12b5c9576ef07b4a0ffe2604d96aab2d285e0eaaee5c4,2026-09-30
542857857089759,445160,2048,1536,26368648964b1ccf964e1fbd635993fb0451b3e926fd71e0bea8b503ce6a9e99,2026-09-30
547382379577718,241147,2048,1536,d64d66f63ce4ff9fdc5cc18c8421707ddeebc659d137938a9fc586139b1bff79,2026-09-30
547618691654178,325898,2048,937,b4626c578fc6002d5002cc5a4a01ca1c09c38e20275c1a693caabb685d9ff246,2026-09-30
547950462897013,230190,1920,1080,aa314f779ff6135a48428476660483d5af3b8324c039ab32c3d9423fa3e91183,2026-09-30
548845268178360,275081,2048,937,796f231f54df73864f4ea4d82cb7d273515574fbc6989708f1db150c4a9d0d2b,2026-09-30
549454501461897,253581,2048,937,1b83c89764d343a90f9b1a2287f820f327398daf9ae9b15d6a739cca8677ef15,2026-09-30
551524915886779,595445,2048,1536,28b7d978baa4066b35e2f7e0a6eb122e3104064fb218af373abc20c24ad21a00,2026-09-30
552545184612554,238593,2048,937,2fee1dc1d1f6aaf69b40b4a674c327b079f5547faeda5818c1a0721549bc3752,2026-09-30
552604772420260,235515,2048,1536,558874c16ebee77ee265e1c54bc950d7d81b91b2002cdd9b4281c4179e51d75c,2026-09-30
5530200120355246,344277,2048,1536,427044809b71b3b1f4bf2bcf8d88f37cff187b773ca741dc7a34de4c3ab7c687,2026-09-30
553537929356370,352984,2048,1536,411e709eb3c360a52944818cb722084732e6cbaf09b0e6f43c2a98e1cc1b68fc,2026-09-30
553978668919249,549083,2048,1536,44d08f37e751bc75cede3750c99b18193c23a8bbb01c0b9ac8f3ff24396611cd,2026-09-30
556483017259001,519857,2048,1536,b241ad9b43294f52fb02ea39e8dfe9924ec3ab235bed5ebc0324857c61c4b379,2026-09-30
559849678317840,418013,2048,1536,8d6ff00e81569043f3d3e7960387638956e5b87b0b05c761b3887dda927b3217,2026-09-30
562864058026328,375123,2048,1536,b383fc5be90be756a636c2d1eb4e257b8a55b08e8e831257dca98012eb97b051,2026-09-30
563295056671521,172438,2048,937,5397781cd078185913aa987ac9cf740003632a61336981b448ab89fdc7b8e3f3,2026-09-30
563978535008138,525457,2048,1536,a082ee020d33760393db3cc8c7dda44b870ff73f07a7319e610db1420b993777,2026-09-30
565523682960669,431292,2048,1536,f79255a8cb51a0f44584f5fe1f3df84c861fa21cbfe82d3e3d3cbe6fca0521a0,2026-09-30
567463884237962,478538,2048,1536,7e0c358a4e9df7883cf69125050f99578f348df1aee5d9d2eac1cdfcf07f7557,2026-09-30
568586114105536,312060,2048,1536,f8098a7d6c647032efcd0a170dea7a7992158035a3d72f55ef683fc57e54dd51,2026-09-30
568930472815993,354266,2048,937,569b7212f7095d0fee658a086f1d852e45b9b2a394aed471f05a1280943ae334,2026-09-30
571690315867898,329928,2048,937,ab485de4e2c47e1089ec731a89abdf17506fe391780db4e4123d65bab462f23a,2026-09-30
573853116918502,447643,2048,1536,64e0319f309c7f5c4c919795037a2bb0c681b6991c316d83898a7daa5f3b0b4e,2026-09-30
574019055506714,720217,2048,1536,7a48211237277e16f57fa27bb3a16c545bb5bb80eef76c558273fe4094e17df3,2026-09-30
577513659891696,468997,2048,1536,9a241afb96de7e495775e23bfa81de8d9180e87b51f6d43f112f9d14e144cc79,2026-09-30
578230651699892,195367,2048,937,1a46d5d0bdf70474bdeba4da55f029659c68571ec00fe4106c6d1921fc49b1e1,2026-09-30
581003024936836,177631,2048,937,0218dd7e5764f96696ea8a54725d9ac674bf30badf2acf00343dc2836d5a47e5,2026-09-30
582000361332461,238581,2048,937,6e5e829708a6fe05dd2266d29360bfe9051520fa56b8b327b69a68327b312832,2026-09-30
582513409381894,484824,2048,1536,81fe8901a98bfe873adc0cd194e3df02e021c6f78b1386af745f35fdb513d7d2,2026-09-30
582692262715409,346431,2048,1536,57d6f04291a9cc87c3e58a4afdf34b68ec8342ec34f795661e75bcca29b6c0e2,2026-09-30
582729877307383,451023,2048,1536,3254ec923f7dbd212bf79ae078889b755372496e959db7cdd90a8d2b59475b83,2026-09-30
583357798185288,153524,2048,937,333178b1d386dd63599902c17fc8a34894f1e4d1314ee226e69ca867459670cc,2026-09-30
583443069209962,402362,2048,1536,2ab7ed5bc8972eeb6206f812a6cdc93b3b84237495c97c906dbb28f1b978feb9,2026-09-30
584015242584085,528788,2048,1536,14e25c8a58f24c6c0467ffe5703448c956e94b8bc9d4c9b6fc9547b67d3907c1,2026-09-30
586305262331073,265911,1920,1080,0f9717f498d1bdb1da881a0c4cd08db524d7c7717e27617175f52f095898511b,2026-09-30
588097662155324,132475,2048,1536,2870a8a9c20ef46d9d8f1079f49e306d586ee6f703ef4c82960604cab267882a,2026-09-30
588265717352858,273988,2048,937,3fcf4dca821437f4135ecde4f7c57626f2b7f6a6114158c817c3f8feac70a823,2026-09-30
589504982444020,421852,2048,1536,69955799b104b3abdcd50ebd3f563beb7ada88104048c9db4836005c10ad517e,2026-09-30
590217661860214,227548,1920,1080,d5a2af954331e5e22156da1a81897edf93f12eb018a132820efbd645fd98e81a,2026-09-30
590984823847247,261429,2048,937,953e5558ebd128c67b115816ebef4746ff431b8caf86e02cd014c5256633a63e,2026-09-30
593623820312578,413341,2048,937,9c9d3ec7b4fc87e9666a95c69fb74f037774d84dd5bd9d83cd1f77f450ced007,2026-09-30
594614346548598,569014,2048,1536,ad9ad60c7b2680129e52514d4b0377851dceb1d456a5d61e3e86fb18514caa8b,2026-09-30
595952743455272,181398,2048,672,90f2c414c83a2e9c293f750cb26df76f3c8183de7571bfa69229dffa4213e3a0,2026-09-30
596369286629135,288412,2048,937,c1442e994f8a69c593f8f8c55cebdf3a3914249043ab53292f24d5f9eda15f4c,2026-09-30
596585386542112,233377,2048,937,7b9dd07133349bc3095c54e95376274a3f0d31484643278ac129434c21f450be,2026-09-30
596722539812294,342345,2048,937,e31ede1e5592fa609b09b26270ccdbf48a567c991238464a3133599d6c572d1c,2026-09-30
596732583323737,229980,2048,937,bf3b34d6835e1dd6fc0ad28a06a70dcaced0785677ce1563483185916712e5bb,2026-09-30
599482122832295,398876,2048,937,551eb11324904b12606df3884f6fb6cfb6e84b9a9d6eb7f4891d1dd6c047bfbe,2026-09-30
599680712820982,199117,2048,937,1ba7be143b544620b45b795e865ed0b8b48067a84d325c34110cb5092b6b58e8,2026-09-30
599747162768949,294336,2048,937,67c2248abbb2fec292e6756fb40eb2ea241bf897a4614dc4fe54dd3717e68993,2026-09-30
599995070899520,327246,2048,1536,d5542e88de5c5bb0351175d48b077e1bb42f471159626f3df33c58009172a899,2026-09-30
601358182782350,234294,2048,937,39c4da744a474b1ea9c8de960fabca932ed26a57ef0fb0f8d7ae76d89af9f0f7,2026-09-30
602143855939706,280511,2048,937,608418f50def0c475e6fd84398b48d5100e8a9239c96b42f28a4891947cedfd6,2026-09-30
602283249331919,203621,2048,937,6b63b1494283ad203758ea58079ea9ad557940c30685f68afc82400027b3cdc9,2026-09-30
602642195723619,242887,2048,937,1dc350309790fa437c17500968d48e5da804496d8270504ef005d635c349acc9,2026-09-30
6027603250590561,179789,1920,1080,5bf4d3eec272fb74d814e8bb611a3540559d7185bb18ac73cb73d047afcb8fd6,2026-09-30
604624955621439,299933,2048,937,ed0308f493e1b579e54ea3c9a5c825e10ea80189a465c2b1ac3c58416be960aa,2026-09-30
605737248488630,585433,2048,1536,de3309b1bbe7b7733ab09ccaebe4f6f63871cad60a3b79bef2509e9fac309203,2026-09-30
605988675695070,262052,2048,937,9a9181cf959cf7894df1f083694fa6499b87442986b59e80c1bdb9b99b1ece38,2026-09-30
605988805399558,414946,2048,937,5e7a3c63f550109e82975b7f9de8396ae529ff874a02dc61ea1c6987c4307953,2026-09-30
606951732273406,693664,2048,1536,525cd615ca49e3efdc03a07afdc57a57f78700730401b47978b3a5ba74f84db2,2026-09-30
607176968699681,331917,2048,937,52f201db5e1cf819ed04851e8976563aa60cc106c397646f77700769819beb98,2026-09-30
607277428685616,420426,2048,937,368e726c91d01ff37a07ae925ab85e9de80601fcd4756b1439dc53c2663660ec,2026-09-30
607460023552540,455491,2048,1536,05ffd795d88f92a2bf11b92d3686b65895b24abf453831a64d5b5e7cc3f5b7b4,2026-09-30
608328828595809,306457,2048,937,cdff48c4522dcd3c32b84cd27761215270dfe79f66c64ea6fb02985e819ebe20,2026-09-30
608433437236019,352260,2048,1536,ae17734952e16689bbf346ffa3e306d6276d9305b007676f756979075287f40f,2026-09-30
610796803228928,430289,2048,1536,b53ce8f53fba5b27dc539e64c36f78d5ed72ee74edb637f5f9e7b0640ad67384,2026-09-30
611160664888954,235662,2048,937,3706bca2d30fc1f8d04d9143d3d43097d14b53f200797fea7505b062d90dcaa7,2026-09-30
6114010278696849,451143,2048,1536,c6a85ea039639cddd50e292fdd3d993de5d228afc38c20d5da4c467c0f53547c,2026-09-30
614523969949590,656306,2048,1536,cb702631cd51044a0b66b13aa6d516ec78e93712edc294bb96130ae767a67cc7,2026-09-30
615588672733930,420916,2048,1536,7fb15ce45438a48aaba7f3cba675504ee72f385d3e6a0e3d87c9f866562b3498,2026-09-30
616472451333568,304094,2048,937,d5d0b06f7ab1896238b16a2b79858fa6a4780243fdd7bd95f00c576143f9072e,2026-09-30
616489887834571,384758,2048,937,5de481c6f45be35948c5dfc554b0e6ead432dabf7457f006bbfb4b781684922d,2026-09-30
616517941166174,299577,2048,937,32954b91a9383c360903c8c7155338200a9fdcc581c812cdd1a773823359e3a7,2026-09-30
617453504762313,208251,2048,672,820b896f92c3daab1673aca6ced2a0c990ebe3e349750c954fd88ee30c391cec,2026-09-30
618579065785655,128500,1920,1080,3d13ce2796baaa496eafdb4ab3ed124d2d936b874ea31c2a22399b613562ee35,2026-09-30
620057110076391,624373,2048,1536,ca56b8751bbe04200594837c90018541210d85b8340436f6057c290d1315cc20,2026-09-30
623090123918594,176330,2048,672,5d2bba28c830f7fd55a6e914ff73bd7943076bc55126e0f6d1d1467ff8b7fce9,2026-09-30
624807653295596,241789,2048,937,12b48f4c9662db985ecdf4300ed9008b437b405a89764659315fac6a0adb1d6f,2026-09-30
625416953284050,423084,2048,937,761bbd53736841e5fcacb2df3ecdbd491aee5dffd3d6a1c773d94149730d8266,2026-09-30
626992056720108,235478,2048,937,de63916fc33ed300c8b459db827757c3a0410b665dfa4e8d3d8d9c1428074dab,2026-09-30
627535626339035,200233,2048,937,61af7bef31d7c88c75dddcfcce2760323d85f3ad764fa0d5745b01f671a33a64,2026-09-30
627555469928266,340526,2048,937,845cc6bf1e44e86371e2d3e84e08266fea09b3ea3b13d5a311376168fd909ad9,2026-09-30
628638379967401,249974,2048,672,2b771ca0be0ecb710ae1b23992522319612c895cbdc805e805009e9bd6f8d982,2026-09-30
628753096311786,366465,2048,937,69c1244fba50e52e2035d7815553bb349195bd8c1a34065629ee60cdd37aa9e3,2026-09-30
628911003620537,252112,2048,672,74983dea559029db1a57799cc5c6ffa78126d0218ba88a0858d38d3427c5e5cc,2026-09-30
629964359435116,168229,2048,937,19d8ae382cff35393ead4cd6f6fff0fd4ea30fff2449117f0812f3f1d924e19f,2026-09-30
630432926307236,280623,2048,937,7277ccc1b984f9244c5acb4e92157a4452528c6206561b9689ebac94de31e434,2026-09-30
630693253048439,355078,2048,937,dad04b553064ed9bb3abb874370d18587055872fec7c89e01a4cf425466319d6,2026-09-30
634001899295030,238118,2048,937,ab8c8ba5f0b9c64950d83172637260c1bb779b6bd58ffb31db5ee7bda5e30361,2026-09-30
635390978850513,208591,2048,937,3111625b4c7d27036d5a9200f8e87b0f49425f2c77b81f6a6e206b5255d7fd54,2026-09-30
636847065582186,324563,2048,937,1fef7bf4eb4b9049a45ae56b590785750b3acfb0f1e371a3569a845e28d062fb,2026-09-30
638673561935184,262878,2048,937,18da01048885b04a60f9705c82ef86b65314695c58b45f8c37ca4f59ad1adb1c,2026-09-30
640649371961483,252424,2048,937,f5118d31a0219286fad29ed7a46b191a32b73522fe24d675f9fdbe8150ea128f,2026-09-30
642759560740159,531610,2048,1536,a52bfdcfe1161169ae6e04c772e5e492290d58259f61ea236e80c6708442e42f,2026-09-30
646989834517523,260226,2048,937,a113afba1ed8c3b3723c2a137b34f6bc41a1b19ba10832fa67dd82525ffd2d4c,2026-09-30
647566361047059,287323,2048,937,6105834f8ffbf172db3de4ae81869b09301c8c6c8a6362962f93fb0960b944fe,2026-09-30
648000357684532,294121,2048,937,6a4fc351802dd73b66b0c1eeaee4355b09ee0073717b418ad3608b8add332517,2026-09-30
648022270132445,538361,2048,1536,56b5dd0ee9334c886fb7ada01bf014613518309f64110a33e0e7de114f726cac,2026-09-30
651125554034992,284573,2048,937,3a7230c6e601a115def2c7bd0886263b4a168af7817285b423166b98492ea382,2026-09-30
651385987330657,311127,2048,937,514d657e2f587b08336e79b7666ec6df447a330298b5a7733568bb9815abe1a9,2026-09-30
653896946987244,155707,2048,937,a08f0d1a8c2d0a5560a7df0bd562393e09620d8d58dc8286866f04225fc43fbf,2026-09-30
655289177030611,161630,2048,672,ca1d5fe7cb8f7bf61b4ec46a9135eb244f9e51f8e26e5c43bc345fdc58e7e30d,2026-09-30
655917426949976,231980,2048,937,baa71d06a1017f006eeab7099669c4486e5b7b5d8c6b90f5e3117e22b31abefc,2026-09-30
656920603296882,530595,2048,1792,bfefc48d93353856575e60dc046da6b899378e879bb5ab975852fb21feb487b3,2026-09-30
658627384976396,498049,2048,1536,12564551c1c9cbb7f57759219bf4ae87f9b7e29a5f0be314dac5a83c70c7db5b,2026-09-30
664649845889220,180267,2048,937,a8c768967e6f0c58bd7604bdce9b34af0221e06b1c436cd8c87244cf431ba770,2026-09-30
665728046588341,353200,2048,1536,28649e3237c71048c56bac861d849fc67e0c454504a26a8f30db05bd328420be,2026-09-30
665775474286615,169312,2048,1536,cbc8b739a431e6bd5a268cbc60f6b7f6c784b35de0434e47fe162ea7b23d20fc,2026-09-30
671330303688404,556562,2048,1536,3128629598e4e56dc936667cd717d7e4b518e15940dd14200f78b598de6c130e,2026-09-30
672071710236522,457908,2048,1536,0ffbef635589cb3cc0f402383f068b1f7f31fb30c989f4f4810afb61fdf50bf2,2026-09-30
674463958249003,226159,2048,672,67d1f47796e21a97c675798401aa0d93d7d79255e2f6a2ee1d145b2a486204c3,2026-09-30
679515489496849,479979,2048,1536,f20991b2f21d48183f626c529a091d99dc921451bcca0791472e09cb66deef2d,2026-09-30
680938589379519,385675,2048,1536,a7471379b32f7b876ad09517255ab64df09a052b423b53700d0a2400de156a6d,2026-09-30
694422990317307,330249,2048,672,804651297e0c5397fbdb08814d710c0e9c2e4b666c28ce39438efed47e52ed7a,2026-09-30
704957742573492,232483,2048,672,d002988e36ce2d74c0a7989d256a057faa6df2ef04e5667280e88dc84a8d9498,2026-09-30
709471477938713,830025,2048,1792,78f9f547c0cd697c8239275d9ca66e13cd0f0e2a501c01e5da9c66068682b09d,2026-09-30
709913845342496,222181,2048,672,0a92f73c2d664035946deda17462cc252ce8e4687dab68611991acbe6e607a13,2026-09-30
722591029930801,608914,2048,1792,8fc7eea95a789f17045fedd2bbe1565201fd53a77636b50ed7e28be7507d9486,2026-09-30
735166221942561,626449,2048,1536,a5ce694fd3dbc9f26f13eb5ac375cadc553f9077118f7b236666c7fb0530c68e,2026-09-30
737863610242413,484742,2048,1536,5cf41e1acf1c9c47ca277aab5f4fd8163386664b36d8d790c6e88a5238cb635e,2026-09-30
740736493267530,261474,1920,1080,95cfce2cca50815d5c9bfa1959e0870e24836e7621d10280f28828c5d54b665c,2026-09-30
741016392096721,250799,2048,672,923b54083d5a854d1f54be8e99aa97e402d7ed2b3738d0698e08cc2b238a5578,2026-09-30
742040828675315,254968,2048,672,043a1ff613c73016b1872a33807bb752371c93ef0ed2ca5c9b5635a8b844e2ff,2026-09-30
743280015172281,231516,2048,672,24208a8a740b4b5fa4f6ccd3c7e69658b4d0ae73da83c7bb59af183565894245,2026-09-30
743844122949729,436166,2048,1536,aacaecfb857586e35d4a1053c79413883b8b11572ccc3c4d88cc9330706ed0f5,2026-09-30
745659849645413,474231,2048,1536,d0a7141a46d4c75e69159b5f9dabdbb8b435d604ee821fb81be5663ab1ca92fd,2026-09-30
746250658224188,243666,2048,672,d1f18dd01735c79a80651a4db4d356af5baf6c8070432ca7bffa3c1d30555b2f,2026-09-30
747528024846087,294828,2048,672,5b16027aa9de9024a70fa34a5098a2a2d1b84b617df255a94375f9d941b3ebfc,2026-09-30
748155134522939,205094,2048,672,6fed476e5d63ae91d03f73da8785a11726ad636e8b4fc0e746e4f805cfe3eca0,2026-09-30
750990634198538,243359,2048,672,7e221e2b4389d0eebb5f62f4461b77ed29561399b1df676fdb1b391bad8e9d61,2026-09-30
751353077499708,293815,2048,672,2607c1f90daa968b089b7f3b02a89099969296f54e6c96e6398d7d40f0962353,2026-09-30
752068774132248,243120,2048,672,226aae59b22c2af8f55eb6ccfe0fccf60b8939b078b89dac9c3362018824b6b2,2026-09-30
752098661124381,261831,2048,672,010beff5a56a073f61a077b7e22d67e8e8339f5dc28a656368239ad9311e42ea,2026-09-30
752975553576074,585139,2048,1792,93d4a454544a799319930aa2a2e9ca8332895f65539b325d09db5571b0bb1275,2026-09-30
755245984130267,188164,2048,672,dc694e2de67c9637723f11b2a5ac3bbfeb3fcd8f042f87290d33b1c1af02b83f,2026-09-30
759513040267001,251828,2048,672,5ad0675e56967da379dd96f311a0088827b9a749095c4cfdf13de719ebd70fb8,2026-09-30
760675463351032,185589,2048,672,0d9ab12094a3bb14767bf9a4f65f1a4ac27789d41d1af12ae89ff7320b29eac4,2026-09-30
763353534383506,425132,2048,1536,bfa7c104102ed1027230766441bbbfb9a0181d3b5b4026bf3b0f5603c7c5265e,2026-09-30
763396698843311,648293,2048,1536,0b948554cb61fbb4b68807201a025816a22e139a070acb291af3e654f26e5a02,2026-09-30
763672539312499,563417,2048,1792,f59229b93d445199c828708ade1a867c6c3e6ca0fa84d52047874cb3fe423151,2026-09-30
764754166177301,213240,2048,672,9206aacf009e8f127fc518b85d3afa7336dd737f3a10f32f3ff3453e22d55a3b,2026-09-30
766018190763145,722018,2048,1536,9c05bfd73365327fa9ef12ce46fe4c14cda6c063683b18ca7e0e4f41a6272a6d,2026-09-30
766274949323931,275450,2048,672,3dce6ae65e95d12c6f43ab643351097e6f4a1e0f586c4092c9fee191a044f811,2026-09-30
768150140511420,429429,2048,1536,e5af5a47dc6f24fdb6608c70468d983f09459003d8ab284a46a3f1de42203053,2026-09-30
768573950528487,284309,2048,1536,63da55468974ca1175bae79feaa79f5f2fd9120e99b428913b0fd06b7b9dc18b,2026-09-30
769476047064573,259707,2048,1536,b04d4b950ce784e1d8641628ee6d5efa5d649636eab38d531e4cfe58170780e0,2026-09-30
7699360250133150,685132,2048,1792,44943b2b84e691e804871fd14800ebb4a5b0b8151b0256a063031d1e1d34a32f,2026-09-30
770560386904977,143603,1920,1080,c64234f531b8018ba308a3270c9cdac245c9653ccd49df32eeb603cc6a42751e,2026-09-30
774080750146533,540376,2048,1536,b0c2e5b0a5f9e5fbfa4a5e1b7ef7c7a74493d60dbdbd81d1812654bb4448efbd,2026-09-30
774444241623188,229230,2048,672,cff769487d89f47994bd50b76ff2b6657413ddfa785707579e06af41f2bdd7c3,2026-09-30
774468908504618,266859,2048,672,d815ffffb3b6ab59051860431f34a8397040c98370262e8cac4d77c73b60624a,2026-09-30
7746047722098225,654943,2048,1792,c1e38436f95cf9fb5912c1b4ec4c48eeb51b91d30b2ecb22c00a68e4937c8952,2026-09-30
776890651400742,168746,2048,672,057c2a413c47710e99b04fe1bfbfe4519adf34007648dff10226724ed640ee68,2026-09-30
778930494517679,216101,2048,672,0f178661cbe8ccd86b9b2882a3b246bdde2004a9e66d437ba149b98d863c270e,2026-09-30
781781429364056,639833,2048,1536,e1edf5cc1af89373564ecedc05660d31b87275d110b241a11d9ed41b0ae7b8b7,2026-09-30
782047475768000,463634,2048,1536,793a64389838b01bc36495d2cc2f7e0e12eeeb00c1ca5df6cfecb08a9beb9196,2026-09-30
782918030903814,233229,2048,672,d21bc4abc9121a01bba6e01cca4bf917096281dc3f0eb16406590f6a6bcc089e,2026-09-30
784035820831393,234963,2048,672,8d7b1fff66f7d742c7dccdca4ffe35cb1881158820076f541783ff8976e84c5a,2026-09-30
784166997396122,298986,2048,672,b5a284b4e0937869dc1d2c64f0f1058a3242c802642289aa674075bdfb022681,2026-09-30
784173308930801,324078,2048,1536,597e75e83143c46f882d3e9b847373427180358402d80300526b620bd4e41bcd,2026-09-30
784208764114181,212885,2048,672,53eb996722955dbe4ba864731906b2fb68646222ca6afe87bb012576fc277986,2026-09-30
784591122194559,382932,2048,1536,a468981fe27af25d978151d03364bac81a720aa7b928db1901db27c93e3ef6c2,2026-09-30
785127465540392,289912,2048,1536,264a78df5b364b3cb06846fe34af3202a676207106e465874b35035dfabfe686,2026-09-30
785419217351621,211593,2048,672,0b0d887c899ea03213ab615c2787d0f4b87f51728627b39e0a372c02365e2649,2026-09-30
785853622132069,472282,2048,1536,588dc8a664a4e433b0e19c1b6fd665f2ace049f58a04edef490d7e779cce3300,2026-09-30
786217902037624,379530,2048,1536,e32f5d43063e7fd9ce79e6c719f6840ddd995c75d53ceafdb8db173778b31ad2,2026-09-30
786690713912399,225217,2048,672,136ddba58b76dd73becaf2eb00a47e8c729d1dc3628e658a0d355a11b1f0ea36,2026-09-30
787446785238240,204917,1920,1080,b06c95703303a6523f8431f762344ac792309158ab1f05bea80b1cbd1cb71950,2026-09-30
790533600098326,296724,2048,672,6816cd9f72763f84ad9768e904bed74820bba1119d01fb8e027438e53a30c0b2,2026-09-30
790642156682228,276356,2048,672,d894e1547d975ade92c4430c3eeef2a23bb762d87baf808a7b96361bca7e5053,2026-09-30
791242295118083,152510,1920,1080,da408e37f1ec363b8d6f46c391190d23dc77de5b729689b6b82edc5e87762a06,2026-09-30
791251289743568,667647,2048,1792,cac47325bd6cb58c3d7696767db5e25eaa375f7b7ad9738796d53cf11cdae87a,2026-09-30
7942155252545179,629663,2048,1792,c4617b6f02a4cb303a8182d31fe58e0600896ab63c30bd7a49b44c227c017300,2026-09-30
797119800995524,457390,2048,1536,8063700f214863e3c79afb9a1e9e0b43c75ef40019eb65166a899c6ee985b050,2026-09-30
797877753179730,195309,2048,672,bdee9ee464abd0726f5e9b64f213a33ea9f1c88f0281389a85f415136c53b32f,2026-09-30
799073058872429,511966,2048,1792,b4c4648c3f0aed2a0572b396330a86e02db01278beb0cef5a6f604eebc9881be,2026-09-30
799276018862562,580003,2048,1792,2165369872d9b188226b321a52c5bb185860ea6da44c90c970f90fc9ed2b0e13,2026-09-30
799458197629779,723635,2048,1536,a506bbcf0b56e4d7534a6b2396bb1f913bef23d35d5f6ac57bc7c63d2953dda6,2026-09-30
799899768952403,688320,2048,1792,3774f33770b5844298a2d492fd2472855392410375e5e312e5e35ed6202fd8e4,2026-09-30
801913224083721,270385,2048,1536,fb6118414e0440b78ad0387c3d96d7b13554690e4aa2695cad64d03e1b1ddde2,2026-09-30
803209467981497,410219,2048,1536,4f897d1cb9630120c729972e7cb85149a18aba53bd25bdf5b908eb429ad19a2b,2026-09-30
803461426948902,146553,1920,1080,a38be42e4efc6f4caa5bd657e923abe1fb5ac0deac6c42018e3749a7e21c15ea,2026-09-30
806259841612047,634778,2048,1792,98a56ab141c8aa74eff94cdd22479e9ad351a7d14c71dbb124408192e6997d62,2026-09-30
806390256961320,476619,2048,1536,5e1e43c54c2b0a6a19a7a7a17fbb2849af2bed1414bc7f21efb34cfabb30941c,2026-09-30
808938983064117,205796,1920,1080,42cc1023702055a7961f93cb60981d7f9695e4f52d8147d084b7d857bc140fc6,2026-09-30
810518306525531,336390,2048,1536,0021f4c3487f7506d6a4c97432eb80f1cf62a6704472326ab5b31d3d2ac8ded5,2026-09-30
811666829470518,182609,1920,1080,5ace5f18142d8b7a77fff63ac13b2a6d189caa9a6e1dc036ea4f0eb7cbd6c75a,2026-09-30
811789776123210,561791,2048,1536,eea2cdb50669f2b29d2225ffcdf30fb408dfb9871d5e6e4a54020b74b3234794,2026-09-30
812031956086764,114593,1920,1080,9843c0221c481b27bfc02a79b15bbce28c88d12057f710db07d27982f4d3742d,2026-09-30
812055340862220,655545,2048,1792,b7e311c972bd5676d64ee1a695f1e37af34feba7202dc6725c1d6498c7d3bc84,2026-09-30
812837378096313,205119,2048,672,94b14ec9af087c4cdda3e6c10b4e7e3c3abc2d669d92876cca70772f8cbc60ae,2026-09-30
813290819591771,206676,1920,1080,193c0249bd6d2ac6023d6c29c0fae74cecbe65467918a705aec798c391161c3a,2026-09-30
813398235932199,489579,2048,1536,f2e85d4cf01443c7787a2d240cdfd3e6e48613e38931448550ace9515500d096,2026-09-30
814448087498002,648591,2048,1792,e45b274df00ff1dac0fe79aba316427d4a3ce3f703e7dd52395a20d0252c7473,2026-09-30
814502502493831,233871,1920,1080,3421fd9384cc72fb0985a0c8e07396e91a4b35effbd0729c0820ecc94dbce58a,2026-09-30
8149737401759211,593792,2048,1792,a3b8365de9a2b79b0500b53367721ccd2a0bd3254828ccece1627792830f74a3,2026-09-30
815433982693341,200395,1920,1080,fd12b1255246841018d60a56e83c28c041e4d528248d3eba01c9f2bf769b19f6,2026-09-30
816895207574801,130001,2048,672,dc2911a5856262038c0d87f042fb456306c598981d5d62ac4410d873a3a59bb7,2026-09-30
817917330572056,220058,2048,672,88e1c43812735dbdf87b5a8f858df50ec37b74076c4068b515e5722b33b897dd,2026-09-30
819289418972776,569711,2048,1536,aed1dd4eeb2ee7f59ebd23ba7ad0c2536cdf0787a6c181b6d2c693f5ec9b9283,2026-09-30
827230724545534,426813,2048,1536,1e01c14fe2c8d673cf51c138b70b64ab31c7a7ba2a9acbf55e4933eaf2222cdd,2026-09-30
827273344812172,395791,2048,1536,ffb55a9e551adb21dd781f3430dc5628e433b155fd95479b03212cc6706552d8,2026-09-30
827951161406421,835925,2048,1536,9bf4240dd378f0abee10b83417063f7dd37b525e845fb923f9db481fad5aa137,2026-09-30
830298522402631,642323,2048,1792,15486d97bfa05a83c31ffddcc80309b88597b2e0b07f31211e95dd635a152017,2026-09-30
831163334430241,129652,2048,1536,cb4b8cc80c30c0562901054ccca08a39f542fc3135b5ff8c42c1f479e8668864,2026-09-30
831209084411221,457107,2048,1536,5b3c12bd6e07d244fd946e1b5b05ac7eed5f3151a8e172bad37e86a4511d15d8,2026-09-30
832269200983284,194627,1920,1080,eb1856e6e8a0663159490414c6545d3183b8c28e33bdef9febe6f1bacc3275d2,2026-09-30
835242074007224,569878,2048,1536,2eb6b0a2064f0f7ea7ab948d9fcddacc1ffc6d94b9209f191262d07e728aa476,2026-09-30
837918907779406,654343,2048,1792,1d5e2ff6b75363fdf0515807ffb675a3c190faa58c07480539221f0e9afb2700,2026-09-30
839480943583321,185323,2048,1536,35078c27e447a8f5458787d5c513ca3f1c50648cc33cd41b3cd8c48157458d0a,2026-09-30
840409833213661,469318,2048,1536,fc7fce0c87e04ebde8ca0567190f87509733fb022382b5014d1c067829fc71ab,2026-09-30
841987193364066,444355,2048,1536,f67c41dc4b7c181a0e0d4ef8a9ffedb61d4ab127e0b9e817b2d3d3f85279f7b0,2026-09-30
842273764629756,718287,2048,1792,30e0186027a22e908bfa709a9cba9b551f1169281aab8a4f97fe3082a4221b08,2026-09-30
842282856634772,214290,1920,1080,13813676858690e5958b20975c36ee0e3057203dddd462c18f884c48525b33a3,2026-09-30
842624811333312,401014,2048,937,535ce4f54dd4ff898d09b12837cd4219d6689b75ad4152a9ec9796a042bcab72,2026-09-30
844406554436706,306762,2048,937,97e51ba3889906d1f2188df7bdf1e7fcb391238ed616dee7f12de311d85808d8,2026-09-30
845651379643027,569467,2048,1536,c253c08e1c6a3396b626a1e524bd6bbb8ae721db4d6f969a8b56156d3bdf2008,2026-09-30
845974099461254,325713,2048,1536,4b4c2f4eb967fd807887ac7c6b324b775d486e7de1a31a469d5743f98d15fb7a,2026-09-30
847263930807961,222438,2048,937,0e2946f714b0ac481a9f6927d0c4d280b3667d39726ffebbb61f38347839a010,2026-09-30
847895210640529,579698,2048,1792,95242ceea89a4086153f1e1ddaf5cfc403854e8aae478fde5b0d461eb2cefa8d,2026-09-30
849573292349931,286284,2048,1536,9165697433823622a28aa341cf14481deb3499ecabc7d78b686ec08a4b58c147,2026-09-30
849612088976956,325317,2048,1536,511f02869bb58a2b3565234dc7ef21b7114d46f1dd99a2868737993b81407033,2026-09-30
850423718896728,567011,2048,1536,dd6db0557412fd47e21be6e58d04f295d392533a59de76da0457498c35696c0e,2026-09-30
851124765761291,572904,2048,1536,f049cf7313f7b3e010bf4e488676303faac058e854258afc34cfeec75299fe27,2026-09-30
853301725258742,526339,2048,1536,79eba3a0b4eb01bb89a04652895644d77a314bcefd30428bacce3420d4723ac0,2026-09-30
8539638549386239,468555,2048,1792,bc4663a26abe5bf005f239b8dba0e17ab1b1a29bcda13f708b81c791da13d069,2026-09-30
854297485434396,265919,1920,1080,da20a8175a77319b6bc60e5ff63fa73d435de74fda8991a8d3e21687baf87802,2026-09-30
855441452752793,566922,2048,1792,efabf995ea24188833dbed709e139736b54ebf9d8dd838aa12f018ef7984e5e1,2026-09-30
857117971679305,458033,2048,1536,28ebff5597c49cc713b8f6e76bae6be265f4e6890ab8c3a2ca4ba9ec30fd9af5,2026-09-30
858555861746912,230300,1920,1080,a6d23bfe5a209cb5e8d4099ed623654aa7159ca589eb80f5633fefa2f4efd804,2026-09-30
859219221296551,263417,1920,1080,edf5990dbbc97bfbcb371c14b19b5dd039e11b4eddfa910c554eee829fd3b260,2026-09-30
860514331199360,191346,1920,1080,2d64cc2a37684bfdbccd7fb185e15fbba9991a67bd1229e5567ad822c48dd7d0,2026-09-30
864224125605217,600222,2048,1792,0bb86da1d36763c9b125621acab66c706c40cf0ba65d4a7dd25f3000bf20fec4,2026-09-30
864692855523953,752857,2048,1792,afdd50a75abc1d958de8b164b868645cb9941907b5c0d990a409e7f4ca7125cd,2026-09-30
8649828918379549,603367,2048,1792,fefbe176819eb5cfb0f37cab9e1de9f27737a2a4007c2aa6899ecf9844b46f23,2026-09-30
866002530660877,446189,2048,1536,218cfc0f04ebe8046a22e719ee6973a997c113c6fda9311f5758f122bf8daea3,2026-09-30
871350760118694,378162,2048,1536,8cd90e6cd58548d032c7cd5b3cd1dde83a1de2305fda1297e627728ae03116c4,2026-09-30
871980691405198,489755,2048,1792,497070f4e631ae0d4d83b250aee050781cd8123d63b4e6113be97770038c7953,2026-09-30
872054043668998,287280,2048,1536,c892a6a89f8952becff4fc917c8547934fa8f65dd22ea941cd292bfcdb3b1650,2026-09-30
872652813318927,635561,2048,1536,8e62c891d8cc9f37abfb8186bfc845ffa1e0619071723fb44627ee8726fc1b8b,2026-09-30
874273336769875,449485,2048,1536,86a36b06b86a0a877394d5e735c4741167e973c725aba8902e9c68b7862b8c5f,2026-09-30
875298073330054,230638,1920,1080,9995917b52480f9020902c0340f477dfef243affc56237b65379ff44f352c494,2026-09-30
875625279666595,331149,2048,1536,4c79ef497c0a627f0ada09810bc837e8f6c8a20c906f6e561fb8f42e8dd36d5e,2026-09-30
877380402855289,278974,1920,1080,3848771385590956a1503605da13c0fa6ca5f477a1d18543dda169b704da5d4c,2026-09-30
880564500562502,725678,2048,1792,ee3ccd55eb507d17b284549c6e2248d0753e333c0779bd86fbb0bf3ceaf47e70,2026-09-30
881778507242498,361666,2048,937,12b5ca810722d57ea66f51788fdc0c2ee01cbd97dcb022411356f6503d262f1c,2026-09-30
892590841291324,466873,2048,1536,cac97054eb11ec3d3317da66f081a002f972f3001f6fc39f742b457af9384291,2026-09-30
894661731116316,399787,2048,1536,a9665361254572564e8d21d663b848478adaa7199d48717060740612d77cfbb1,2026-09-30
8970272583025866,273204,2048,937,52271ac7f9d9bd59af17801c3af8a4ec6ce3918e2c186c270f7ed2360a2f8ef2,2026-09-30
898042105495930,588153,2048,1792,ac5eec305d8666e8ddd4f8970de02d436f9e0f2c6f5d086340174c07a8f743e6,2026-09-30
901294230445500,448454,2048,1536,9e4ecb91efb5923b58ee83ea4569a852d7711b7ddba0fd51f17a88d319387a5f,2026-09-30
902238111748027,593115,2048,1792,c43e098faf10a96683e46d20f2007f0534d01765ba99a44afa1ed80d769a67af,2026-09-30
904075590166650,497630,2048,1536,1943332e04e5236cb559f909af0115675011670e04ca8b644b1a55886c8042b8,2026-09-30
904245087084959,373008,2048,1536,71aec9d2e3cbab89370f79ba376f3b6a063422f6265cdd19d517fc0efc166ad3,2026-09-30
9044720345595850,585076,2048,1536,4b26aa904e2d20f3aa8fd9a0587cd67858007e257db8788c96e3e9961ddd3eb4,2026-09-30
907186674830087,286751,2048,937,7a473fc784079e212da09fe92f41b21711dcaa65f4b9d6762a78c68d79164538,2026-09-30
907493709815002,315153,2048,1536,b7c1fca6d7f292d2c7d80795556993d28f8c8cb8288cfb1e825731794e9cfced,2026-09-30
914489732704583,202688,1920,1080,28e33bdd7a3757b42cbfce82b8f6db3ea51ded4b30833f0d7358df5e929b4f85,2026-09-30
916050802292864,428319,2048,1536,f098ebb4f21dff9a22597c52194e06053b8f33de78e73ea196a8f28b294d16e9,2026-09-30
9185429294879421,224040,2048,937,ea1d1804d244338c6e76ec6bb8a4c32f5e933e21f15d2a7e648c4287439df2e2,2026-09-30
919658425484323,729056,2048,1536,c01b0714a22c9e3e172e4b2c5f270090ad296878a5e260a74566568e25cac733,2026-09-30
920585975449136,427925,2048,1536,1a7dfcc74802ac0082adccfbad84925688b31d3bdfb5be412f5841b47eca40cf,2026-09-30
921539540065727,257747,2048,937,2d1aa74527fca18dbb96d7b19a3425509f8303d31ce52c76a0b1daa40b86c61c,2026-09-30
922093646792607,297681,2048,937,a49427a9911f97d5a12a892c2f765e5cd805d762c53b597b53c0c03dc98e8c50,2026-09-30
922683088582071,571222,2048,1536,a9ac1419229ea3be8f19dbe3a55f57667732f1b889cc5065089c908ebaeee178,2026-09-30
922742684953669,275903,2048,1536,566407c3fd0c733118b12c18c5040f8de8302cfb7bb59662c18f4090bda61227,2026-09-30
923571238943285,483641,2048,1536,5a8e520d2288e7384420ffb2ae3425204b193a50e1891a6f400b63400854339c,2026-09-30
924588058305374,566943,2048,1536,b8a19b9ab2831a896e5015bf13804d319190b5a9d90333973b534bb8e58fd0a6,2026-09-30
924984358262419,532083,2048,1536,581b056958d43ece6eee5d2727cc79df65886a41ebf73540d6a1637c925f55a6,2026-09-30
925035759816771,261059,2048,937,9525a9efd281ad806949212b8c4c0fc53381f93bde8e6ce9d1fa47f95ec179fe,2026-09-30
925142214717844,377506,2048,1536,997b6eeb1a8e2fcf8e6f9bab0340095721dc645ccb8fe4add225d1a04c5402c5,2026-09-30
925755051609212,360005,2048,1536,1f0658136f37969cc8695ed65c6a26c6ba011be554000e015e179b04ae23c721,2026-09-30
925996624882475,393801,2048,1536,617100d2c0f2b2b7c2d774ad9600beff1695366d4fac42f2169192f2fdc438f0,2026-09-30
928312524567945,323425,2048,1536,0821cbe0df384c0f71342731e65673f038fbba5c64a40d24780f6e277e6a9f3c,2026-09-30
928812351681219,515775,2048,1536,1235705a0a7a0e3da19c9499dd67aaa96c3e165619efdcf217bd84bf332fcfe0,2026-09-30
929462851241773,379622,2048,1536,e48caa4e400609b5346940cd19562ed89f11ee4139980a82f877b11c651de164,2026-09-30
930174922506485,345991,2048,937,02b1246503df13d690dcc70ce62dd0a8180c6af7ce5fea40e192475d6b2833a2,2026-09-30
931462550755225,244006,2048,1536,d4405e0ee30a755a586410ad53e397be846bb7f34efea8a8ae7428b1dc470006,2026-09-30
931613500948223,429831,2048,1536,e7ce47beff7a8ced76191aecc8c90ecf6149ff25f5578690fd4c5faea28571c2,2026-09-30
931637635403179,243808,2048,937,46b063263af827ada4d0b0991b8900573f9635a48eac71630b46e2b0dfabb605,2026-09-30
932283660645602,574511,2048,1536,70bb4060eb1833c3984fff9fc6fdc0feb36d03339389f6bf6531b8e1d586e7b3,2026-09-30
932605178989113,367061,2048,937,a6827ab9e5710615af5b51c7c419cbf498201a1d43c1887d57ccc3f7726bbcd4,2026-09-30
933471928464181,530221,2048,1792,5678e9661fe7465befeca8d0390d84ae9592a5ab203437a332576fef3ae92590,2026-09-30
933638968921351,195771,2048,937,6896a92f9ae8f8f55573ea6a5f14dcf04822f18246558b83894b1b821301de06,2026-09-30
935369037243161,337177,2048,1536,327cf0991e525863bfb634bd2047f0cfaee7539c7a4f06a11bf33442f7492a6e,2026-09-30
935564370602221,464164,2048,1536,d854a02e2d60f8a3f040f733b0cc5143c0ed6ac38ecd719f2a95acf367a0af4d,2026-09-30
936020320547376,600099,2048,1536,1c78fa19434fdc41ae37b0010a9555277d2e2dcb5bde3afbad3d0c7d056afdaa,2026-09-30
936034717233456,721934,2048,1536,671d2c9d01081d409dd04ec3745bdc219b52b47bb2d1b128c4af74269879f272,2026-09-30
936437550451427,193118,1920,1080,fe164e4a2999e7e9bed27d1aedb73bfa20028c964def2e1ae7ed53e19def7f1d,2026-09-30
939756596581761,327231,2048,1536,44906106f259c3199f85a09d6bde0871c5bd4122233b7497a07e332296f8b58b,2026-09-30
940707136764996,358069,2048,1536,eb74a971b242478eb0c2c73dcafffd51efee241ee1dafed0b72c71584231d6ab,2026-09-30
941402406403187,578051,2048,1536,c01e6825082ffec6bc5b55891b615b4cf1ff1c13b6701c4dbb74d2c0b5c03f9c,2026-09-30
941482646602126,578752,2048,1536,459921fa187d16096d464bc07d1719b8da375f056ca65abcfd76b69135e183f7,2026-09-30
942992740929551,655367,2048,1792,59e0402803c3765f294bebe055a70bf6bd0acc90b09eebd6b2a254c49f0ca95b,2026-09-30
943918820827490,615981,2048,1792,3ddcb811f879fee79045d2b3431e0b084b3117d99060b04432832dbbacd1bea3,2026-09-30
944723979675183,464855,2048,1536,2ccf6ca6e7c8582779923d683b0f2cfffb045f7edb67055c767c9908d04c87e4,2026-09-30
945414691102181,248162,2048,672,56dfa2c0de61acd200996cac73f3630ff9e335f6024aa56d527c3b74a0ad1889,2026-09-30
945614784342591,183881,2048,937,6a32533289b5432ca772eaf610c1b43b0402b655ae760ccff3f0429f4efbc6f3,2026-09-30
946967316064120,122005,1920,1080,57ac8bb9db0b700d70167bfe7a89613626ce0ff8d1840f7936f2b9ecea02d32a,2026-09-30
947003437571778,200545,2048,937,4fa2979a633601e6ca74a67f7a0a17889e53c617aeea886f6782ff391efd9a6d,2026-09-30
947380116075663,324585,2048,1536,7695a64a448c21a58a91ee1bea76f15178631f6eb771bf42f39f0fd82552714c,2026-09-30
948705059304403,222943,1920,1080,a96174aa2544743c5be49a07aef61b7084111767b4b1edabf090718b7f5c13f3,2026-09-30
9489922854360494,230532,2048,937,516312fff1a06a786861313da48b88e2c38a5789a26bdadff2403a215c715283,2026-09-30
950180990120896,305351,2048,937,17adb824a6fc59a2aa584375735960ea1cb6af8a97b6a8bca130f86f4e9b4080,2026-09-30
952482502230245,545519,2048,1536,b1ba9834f7bb78fec1a15650ef0c0c0701a8e1681db64266adffe11ecc6f8f5b,2026-09-30
952510422250561,327147,2048,1536,3d8b9c032e9f330a6675a3137cb694cd008ec78b1ae3e2774e71ada41fc7eee1,2026-09-30
952660218846348,415029,2048,1536,ba20f4277afc830c04c327b3863afc7818363b0a3c78d48d53fbf01a92d81f30,2026-09-30
9530226680350240,231986,2048,937,bc95f5a24c366b0c2b092864c9f82f995b2738c1a08b78571bccac1897b1be4f,2026-09-30
953358925968828,446377,2048,1536,0b1d00aa61c3fe0a490dc650e0ad361cd2312699bff75df307e67e896c046463,2026-09-30
953384952151861,327641,2048,1536,f68fe7622327cd58d30ab6aad61b952ea61a256a890751965a03efe40bea7bcb,2026-09-30
953800653080899,183413,2048,937,951784e3f4b54dfb12f79bd521fa8a43a7535bfac028df2f8ac8c24aea0a3da5,2026-09-30
9551528621570126,384223,2048,937,ab7fdb851f6622aec8b83d7774e8d08c30d903a44e100153982cda27bc1dac25,2026-09-30
956120775200748,343373,2048,1536,2c2b12f70ee979b4b4320ff91ba55ac248a18c4424de44d7fca5438b959bc95b,2026-09-30
957383038163391,312694,2048,1536,13af0c1c17386dcfce723ed21ad6c82443a4050a1f92c3676ef8ce764b818699,2026-09-30
959901621499687,582897,2048,1536,d51639a556baa54c3bab19155bc3b0c86252e2467358a053bc4f770b02150ece,2026-09-30
9618759074810461,296224,2048,937,9d4cfdee5bf1350bd9b7e883d23f7951ddb86de5983be949062ecc8a60806219,2026-09-30
962993235928828,262245,2048,937,cf8bc172d3e5456b0edc8f92822118ebb3a8c3297742dddf388fbd8870356b98,2026-09-30
963659057730836,452206,2048,1536,6ce390a419ef13ae329b2460ee6369b8fa743903869ba74bfc42d90d27724db4,2026-09-30
966461870773784,603057,2048,1536,34608585ac6d3a97831084c0188428b1bc8bced2927d10bbe0ac70ce8c30f96e,2026-09-30
967107142036236,288252,2048,937,914a013b0705f57edd841d7daa63ea98f2b36aed7a8ff99967243dffbdb18384,2026-09-30
9699627406714512,339018,2048,937,39d2b328e17c7a5a2c31cef01ab92c7aae7a13dc4e0c3ad4c541cc2f20082232,2026-09-30
970571581190222,306222,2048,937,afece46dcbe9914e96328870ecd28f64bd9d5b537c77180aca76b1f2505ce00d,2026-09-30
970822175003533,308317,2048,937,9d9bc2aad0e7611a85212f422811d8b2656bd362eb3b848c4f42ae3e770cd644,2026-09-30
973843374234909,398762,2048,937,fa2708e6b796716b5891c6ceae476918548ec97579fb281d6f4a24e1645b3d35,2026-09-30
976826377139301,312720,2048,937,6b6a7167f296ad424f8f6b5816bcedf88013c0853db5e324101d7f24718d1472,2026-09-30
977017689789662,330021,2048,1536,5b86628f5ec818a4c09f367838353d23f2991fb05a297391994421f7a2340ee4,2026-09-30
977097556382719,413695,2048,1536,b0ed91e7103e5a93a9f3d7c316cfd9c4d60c0d820021e77fcae0dc1d5b9f526b,2026-09-30
979348263980800,874554,2048,1792,732fc156e0c34fe21263ebc41f7e870340dd58c83701c7edbf57ca0c3e80af81,2026-09-30
9817245544962434,317520,2048,937,25eb7afae75b7f3d0ccf0c288aab022ae10ebd42ab6c818aa5baeeb7f7cfe80d,2026-09-30
982170183806001,290417,2048,937,8775c6cabd5cfa4d798d39deea8e25ed2bfedc7967bfa0714d57e534da1ff6e0,2026-09-30
982217823789394,374352,2048,937,1075ae0704991887bd42e9b62d1a9814137fdff4d911b2528bd3a8d57f3ba4cd,2026-09-30
983928387129737,269222,2048,937,99bf1ea95bffa4f1e25c9d42468e41da8ec4540a5231a9124bf2432b00c6107c,2026-09-30
984317550224370,271541,2048,937,0ef37e9ace8ad39568dbdad52e17217e3abf03f5bb307aba7e83a61e7a9fe786,2026-09-30
984856443101312,363764,2048,937,a77b5300544bb60ab99516fd01efea21489d4bea00d4f4a6ff21d7381042d5c9,2026-09-30
985890353282764,603742,2048,1792,24aafd2dfd29d454af9ef8a538886a4e96eead64b97c196879ce091881e59db7,2026-09-30
987177426444326,458700,2048,1792,b4919d81acf1c145680ea4830dfed3a2b252363d6e8e817e5d6a21e46160a77f,2026-09-30
987458638456101,120264,1920,1080,b4b6225f9e1eb7a240abde49496328175033afe4be854b14b8875ad2d46f721c,2026-09-30
989409672852840,593050,2048,1792,e466dd79a201b087f025a9575b44bd36e033f400a6b06fa66f49135d332aa997,2026-09-30
992478454851691,607258,2048,1536,5ede1555e5f500afab9f074e7d89d9aaf77889501875b79b9ae455fc31f95843,2026-09-30
995178445430341,633753,2048,1792,bd24e46de58b7ed10cb0340e893b6e06f774359a71af0c1833ea0885949b8b2d,2026-09-30
995197182309685,594602,2048,1792,a5b41e20052a7dd80dab45b2ec0777fe652a0c143dfcec4514801cf326981aea,2026-09-30
995761439065232,353936,2048,937,005af5839f41e9255b53d10fb382984f1620474a1c5c859cef2c090c7f92ab8f,2026-09-30
997964881011668,608019,2048,1536,5f806e0e9802852479a217edf9e43b2663f67885a1d247898b17c9302f090db6,2026-09-30
998160938640339,525410,2048,1792,bf53639a5f6c303a0987ec933bbc3350b1f03ebeaf1e0be6a54c7744e8ed1a2c,2026-09-30
