arm,cluster,fired@0.3,fired@0.55,image_id,loc_hit@0.3,loc_hit@0.55,max_score,n_dets@0.3,n_dets@0.55,n_in_view,n_matched@0.3,n_matched@0.55,pool_negative,positive
canvas_level,richmond:197,True,False,1003399228232198,False,False,0.355987,1,0,0,0,0,True,False
canvas_sfm,richmond:197,True,False,1003399228232198,False,False,0.344364,1,0,0,0,0,True,False
stretch,richmond:197,False,False,1003399228232198,False,False,0.292204,0,0,0,0,0,True,False
canvas_level,richmond:75,False,False,1004586808353767,False,False,0.0,0,0,0,0,0,False,False
canvas_sfm,richmond:75,False,False,1004586808353767,False,False,0.0,0,0,0,0,0,False,False
stretch,richmond:75,False,False,1004586808353767,False,False,0.0,0,0,0,0,0,False,False
canvas_level,richmond:33,False,False,1005564398106787,False,False,0.0,0,0,1,0,0,False,True
canvas_sfm,richmond:33,False,False,1005564398106787,False,False,0.0,0,0,1,0,0,False,True
stretch,richmond:33,False,False,1005564398106787,False,False,0.0,0,0,1,0,0,False,True
canvas_level,richmond:237,False,False,1006794020823323,False,False,0.0,0,0,0,0,0,True,False
canvas_sfm,richmond:237,False,False,1006794020823323,False,False,0.0,0,0,0,0,0,True,False
stretch,richmond:237,False,False,1006794020823323,False,False,0.0,0,0,0,0,0,True,False
canvas_level,richmond:149,False,False,1008056609938416,False,False,0.0,0,0,0,0,0,False,False
canvas_sfm,richmond:149,False,False,1008056609938416,False,False,0.140807,0,0,0,0,0,False,False
stretch,richmond:149,False,False,1008056609938416,False,False,0.0,0,0,0,0,0,False,False
canvas_level,richmond:29,True,False,1011298886069150,True,False,0.479725,1,0,2,1,0,False,True
canvas_sfm,richmond:29,True,False,1011298886069150,True,False,0.509812,1,0,2,1,0,False,True
stretch,richmond:29,False,False,1011298886069150,False,False,0.181243,0,0,2,0,0,False,True
canvas_level,richmond:221,False,False,1016860570312430,False,False,0.0,0,0,0,0,0,True,False
canvas_sfm,richmond:221,False,False,1016860570312430,False,False,0.11747,0,0,0,0,0,True,False
stretch,richmond:221,False,False,1016860570312430,False,False,0.0,0,0,0,0,0,True,False
canvas_level,richmond:46,False,False,1017927653239283,False,False,0.0,0,0,0,0,0,True,False
canvas_sfm,richmond:46,False,False,1017927653239283,False,False,0.0,0,0,0,0,0,True,False
stretch,richmond:46,False,False,1017927653239283,False,False,0.152672,0,0,0,0,0,True,False
canvas_level,richmond:95,False,False,1018538526981297,False,False,0.207702,0,0,1,0,0,False,True
canvas_sfm,richmond:95,False,False,1018538526981297,False,False,0.207702,0,0,1,0,0,False,True
stretch,richmond:95,False,False,1018538526981297,False,False,0.0,0,0,1,0,0,False,True
canvas_level,richmond:46,False,False,1023991042016696,False,False,0.0,0,0,0,0,0,True,False
canvas_sfm,richmond:46,False,False,1023991042016696,False,False,0.0,0,0,0,0,0,True,False
stretch,richmond:46,False,False,1023991042016696,False,False,0.0,0,0,0,0,0,True,False
canvas_level,richmond:236,False,False,1024590725437247,False,False,0.0,0,0,0,0,0,True,False
canvas_sfm,richmond:236,False,False,1024590725437247,False,False,0.0,0,0,0,0,0,True,False
stretch,richmond:236,True,False,1024590725437247,False,False,0.329163,1,0,0,0,0,True,False
canvas_level,richmond:8,False,False,1028074265932094,False,False,0.160412,0,0,1,0,0,False,True
canvas_sfm,richmond:8,False,False,1028074265932094,False,False,0.0,0,0,1,0,0,False,True
stretch,richmond:8,False,False,1028074265932094,False,False,0.168017,0,0,1,0,0,False,True
canvas_level,richmond:236,True,True,1028683631954380,False,False,0.670164,2,1,0,0,0,True,False
canvas_sfm,richmond:236,True,True,1028683631954380,False,False,0.665385,2,1,0,0,0,True,False
stretch,richmond:236,True,True,1028683631954380,False,False,0.673925,1,1,0,0,0,True,False
canvas_level,richmond:6,False,False,1029256992574760,False,False,0.194485,0,0,1,0,0,False,True
canvas_sfm,richmond:6,False,False,1029256992574760,False,False,0.111945,0,0,1,0,0,False,True
stretch,richmond:6,True,False,1029256992574760,False,False,0.50048,1,0,1,0,0,False,True
canvas_level,richmond:229,False,False,1029792658511819,False,False,0.0,0,0,1,0,0,False,True
canvas_sfm,richmond:229,False,False,1029792658511819,False,False,0.0,0,0,1,0,0,False,True
stretch,richmond:229,False,False,1029792658511819,False,False,0.117733,0,0,1,0,0,False,True
canvas_level,richmond:171,False,False,1031587881655699,False,False,0.0,0,0,1,0,0,False,True
canvas_sfm,richmond:171,False,False,1031587881655699,False,False,0.0,0,0,1,0,0,False,True
stretch,richmond:171,False,False,1031587881655699,False,False,0.197218,0,0,1,0,0,False,True
canvas_level,richmond:21,True,True,1034670767273296,False,False,0.762783,1,1,0,0,0,True,False
canvas_sfm,richmond:21,True,True,1034670767273296,False,False,0.660259,1,1,0,0,0,True,False
stretch,richmond:21,True,False,1034670767273296,False,False,0.511806,2,0,0,0,0,True,False
canvas_level,richmond:197,True,True,1035301714770353,False,False,0.748345,1,1,0,0,0,True,False
canvas_sfm,richmond:197,True,True,1035301714770353,False,False,0.889975,1,1,0,0,0,True,False
stretch,richmond:197,False,False,1035301714770353,False,False,0.2978,0,0,0,0,0,True,False
canvas_level,richmond:151,True,True,1039229080957896,True,True,0.869288,2,2,1,2,2,False,True
canvas_sfm,richmond:151,True,True,1039229080957896,True,True,0.781202,2,2,1,2,2,False,True
stretch,richmond:151,True,True,1039229080957896,False,False,0.777236,2,2,1,2,2,False,True
canvas_level,richmond:8,False,False,1047584560597228,False,False,0.115418,0,0,1,0,0,False,True
canvas_sfm,richmond:8,False,False,1047584560597228,False,False,0.0,0,0,1,0,0,False,True
stretch,richmond:8,False,False,1047584560597228,False,False,0.0,0,0,1,0,0,False,True
canvas_level,richmond:8,False,False,1059497169304326,False,False,0.0,0,0,0,0,0,True,False
canvas_sfm,richmond:8,False,False,1059497169304326,False,False,0.132379,0,0,0,0,0,True,False
stretch,richmond:8,True,True,1059497169304326,False,False,0.825325,2,1,0,0,0,True,False
canvas_level,richmond:162,True,True,1059546952186882,True,True,0.871978,1,1,1,1,1,False,True
canvas_sfm,richmond:162,True,True,1059546952186882,True,True,0.981501,1,1,1,1,1,False,True
stretch,richmond:162,True,True,1059546952186882,True,True,0.693085,3,2,1,2,2,False,True
canvas_level,richmond:201,False,False,1060564174472046,False,False,0.0,0,0,0,0,0,True,False
canvas_sfm,richmond:201,False,False,1060564174472046,False,False,0.0,0,0,0,0,0,True,False
stretch,richmond:201,False,False,1060564174472046,False,False,0.193297,0,0,0,0,0,True,False
canvas_level,richmond:19,False,False,1061306644393484,False,False,0.127588,0,0,0,0,0,False,False
canvas_sfm,richmond:19,False,False,1061306644393484,False,False,0.0,0,0,0,0,0,False,False
stretch,richmond:19,False,False,1061306644393484,False,False,0.0,0,0,0,0,0,False,False
canvas_level,richmond:8,False,False,1066685191922972,False,False,0.0,0,0,0,0,0,True,False
canvas_sfm,richmond:8,False,False,1066685191922972,False,False,0.0,0,0,0,0,0,True,False
stretch,richmond:8,True,False,1066685191922972,False,False,0.482463,2,0,0,0,0,True,False
canvas_level,richmond:51,False,False,1067497853775806,False,False,0.0,0,0,0,0,0,True,False
canvas_sfm,richmond:51,False,False,1067497853775806,False,False,0.0,0,0,0,0,0,True,False
stretch,richmond:51,False,False,1067497853775806,False,False,0.100272,0,0,0,0,0,True,False
canvas_level,richmond:8,False,False,1070295095247701,False,False,0.240388,0,0,0,0,0,True,False
canvas_sfm,richmond:8,False,False,1070295095247701,False,False,0.248533,0,0,0,0,0,True,False
stretch,richmond:8,True,True,1070295095247701,False,False,0.953364,3,2,0,0,0,True,False
canvas_level,richmond:8,False,False,1071828018455014,False,False,0.0,0,0,0,0,0,True,False
canvas_sfm,richmond:8,False,False,1071828018455014,False,False,0.0,0,0,0,0,0,True,False
stretch,richmond:8,True,True,1071828018455014,False,False,0.575089,2,1,0,0,0,True,False
canvas_level,richmond:8,False,False,1077677217785628,False,False,0.0,0,0,1,0,0,False,True
canvas_sfm,richmond:8,False,False,1077677217785628,False,False,0.0,0,0,1,0,0,False,True
stretch,richmond:8,False,False,1077677217785628,False,False,0.153021,0,0,1,0,0,False,True
canvas_level,richmond:8,False,False,1078525751150579,False,False,0.23243,0,0,1,0,0,False,True
canvas_sfm,richmond:8,False,False,1078525751150579,False,False,0.190084,0,0,1,0,0,False,True
stretch,richmond:8,True,True,1078525751150579,False,False,0.705409,3,1,1,1,1,False,True
canvas_level,richmond:185,False,False,1080570085803809,False,False,0.0,0,0,0,0,0,False,False
canvas_sfm,richmond:185,False,False,1080570085803809,False,False,0.105494,0,0,0,0,0,False,False
stretch,richmond:185,False,False,1080570085803809,False,False,0.0,0,0,0,0,0,False,False
canvas_level,richmond:170,False,False,1085756786899266,False,False,0.0,0,0,0,0,0,True,False
canvas_sfm,richmond:170,False,False,1085756786899266,False,False,0.0,0,0,0,0,0,True,False
stretch,richmond:170,False,False,1085756786899266,False,False,0.0,0,0,0,0,0,True,False
canvas_level,richmond:195,False,False,108629378925751,False,False,0.0,0,0,0,0,0,False,False
canvas_sfm,richmond:195,False,False,108629378925751,False,False,0.0,0,0,0,0,0,False,False
stretch,richmond:195,False,False,108629378925751,False,False,0.149302,0,0,0,0,0,False,False
canvas_level,richmond:222,True,False,1086439813286478,False,False,0.411711,1,0,0,0,0,False,False
canvas_sfm,richmond:222,True,False,1086439813286478,False,False,0.45186,1,0,0,0,0,False,False
stretch,richmond:222,True,True,1086439813286478,False,False,0.638142,2,2,0,0,0,False,False
canvas_level,richmond:18,False,False,1092647941140892,False,False,0.104653,0,0,0,0,0,True,False
canvas_sfm,richmond:18,False,False,1092647941140892,False,False,0.0,0,0,0,0,0,True,False
stretch,richmond:18,False,False,1092647941140892,False,False,0.145295,0,0,0,0,0,True,False
canvas_level,richmond:74,False,False,1092779572545829,False,False,0.16662,0,0,2,0,0,False,True
canvas_sfm,richmond:74,False,False,1092779572545829,False,False,0.149171,0,0,2,0,0,False,True
stretch,richmond:74,True,False,1092779572545829,True,False,0.322614,1,0,2,1,0,False,True
canvas_level,richmond:35,False,False,1096403074764319,False,False,0.0,0,0,1,0,0,False,True
canvas_sfm,richmond:35,False,False,1096403074764319,False,False,0.0,0,0,1,0,0,False,True
stretch,richmond:35,False,False,1096403074764319,False,False,0.173843,0,0,1,0,0,False,True
canvas_level,richmond:11,False,False,1096427365387746,False,False,0.12617,0,0,0,0,0,True,False
canvas_sfm,richmond:11,False,False,1096427365387746,False,False,0.128036,0,0,0,0,0,True,False
stretch,richmond:11,False,False,1096427365387746,False,False,0.0,0,0,0,0,0,True,False
canvas_level,richmond:8,False,False,1098047215242184,False,False,0.0,0,0,1,0,0,False,True
canvas_sfm,richmond:8,False,False,1098047215242184,False,False,0.0,0,0,1,0,0,False,True
stretch,richmond:8,False,False,1098047215242184,False,False,0.190495,0,0,1,0,0,False,True
canvas_level,richmond:11,False,False,1098385138636381,False,False,0.147108,0,0,0,0,0,True,False
canvas_sfm,richmond:11,False,False,1098385138636381,False,False,0.171453,0,0,0,0,0,True,False
stretch,richmond:11,False,False,1098385138636381,False,False,0.0,0,0,0,0,0,True,False
canvas_level,richmond:74,False,False,1100660151753737,False,False,0.129316,0,0,0,0,0,False,False
canvas_sfm,richmond:74,False,False,1100660151753737,False,False,0.115542,0,0,0,0,0,False,False
stretch,richmond:74,False,False,1100660151753737,False,False,0.291957,0,0,0,0,0,False,False
canvas_level,richmond:11,False,False,1101734711504541,False,False,0.104106,0,0,0,0,0,False,False
canvas_sfm,richmond:11,False,False,1101734711504541,False,False,0.0,0,0,0,0,0,False,False
stretch,richmond:11,False,False,1101734711504541,False,False,0.1569,0,0,0,0,0,False,False
canvas_level,richmond:93,True,False,1102522938225705,True,False,0.312273,1,0,1,1,0,False,True
canvas_sfm,richmond:93,True,False,1102522938225705,True,False,0.399568,1,0,1,1,0,False,True
stretch,richmond:93,True,True,1102522938225705,True,True,0.812591,4,3,1,2,2,False,True
canvas_level,richmond:149,False,False,1102988843523546,False,False,0.0,0,0,0,0,0,False,False
canvas_sfm,richmond:149,False,False,1102988843523546,False,False,0.146472,0,0,0,0,0,False,False
stretch,richmond:149,False,False,1102988843523546,False,False,0.0,0,0,0,0,0,False,False
canvas_level,richmond:21,False,False,1105213509976522,False,False,0.0,0,0,1,0,0,False,True
canvas_sfm,richmond:21,False,False,1105213509976522,False,False,0.0,0,0,1,0,0,False,True
stretch,richmond:21,False,False,1105213509976522,False,False,0.0,0,0,1,0,0,False,True
canvas_level,richmond:93,False,False,1105577067980514,False,False,0.130583,0,0,0,0,0,False,False
canvas_sfm,richmond:93,False,False,1105577067980514,False,False,0.130583,0,0,0,0,0,False,False
stretch,richmond:93,False,False,1105577067980514,False,False,0.274124,0,0,0,0,0,False,False
canvas_level,richmond:8,False,False,1106118344488534,False,False,0.0,0,0,1,0,0,False,True
canvas_sfm,richmond:8,False,False,1106118344488534,False,False,0.0,0,0,1,0,0,False,True
stretch,richmond:8,False,False,1106118344488534,False,False,0.0,0,0,1,0,0,False,True
canvas_level,richmond:22,False,False,1107182713120780,False,False,0.0,0,0,0,0,0,True,False
canvas_sfm,richmond:22,False,False,1107182713120780,False,False,0.0,0,0,0,0,0,True,False
stretch,richmond:22,False,False,1107182713120780,False,False,0.0,0,0,0,0,0,True,False
canvas_level,richmond:148,False,False,110748877802469,False,False,0.0,0,0,0,0,0,True,False
canvas_sfm,richmond:148,False,False,110748877802469,False,False,0.142951,0,0,0,0,0,True,False
stretch,richmond:148,False,False,110748877802469,False,False,0.109953,0,0,0,0,0,True,False
canvas_level,richmond:228,False,False,1108649854257876,False,False,0.0,0,0,0,0,0,True,False
canvas_sfm,richmond:228,False,False,1108649854257876,False,False,0.0,0,0,0,0,0,True,False
stretch,richmond:228,False,False,1108649854257876,False,False,0.0,0,0,0,0,0,True,False
canvas_level,richmond:11,False,False,1111979870258136,False,False,0.153623,0,0,0,0,0,True,False
canvas_sfm,richmond:11,False,False,1111979870258136,False,False,0.159639,0,0,0,0,0,True,False
stretch,richmond:11,False,False,1111979870258136,False,False,0.121208,0,0,0,0,0,True,False
canvas_level,richmond:46,False,False,1116178962787492,False,False,0.0,0,0,0,0,0,True,False
canvas_sfm,richmond:46,False,False,1116178962787492,False,False,0.0,0,0,0,0,0,True,False
stretch,richmond:46,False,False,1116178962787492,False,False,0.120162,0,0,0,0,0,True,False
canvas_level,richmond:170,False,False,1118237783124497,False,False,0.0,0,0,0,0,0,True,False
canvas_sfm,richmond:170,False,False,1118237783124497,False,False,0.0,0,0,0,0,0,True,False
stretch,richmond:170,False,False,1118237783124497,False,False,0.0,0,0,0,0,0,True,False
canvas_level,richmond:149,True,False,112135867603879,False,False,0.334228,1,0,0,1,0,False,False
canvas_sfm,richmond:149,True,False,112135867603879,False,False,0.434657,1,0,0,1,0,False,False
stretch,richmond:149,True,True,112135867603879,False,False,0.658294,1,1,0,1,1,False,False
canvas_level,richmond:28,False,False,1121507999619567,False,False,0.143762,0,0,0,0,0,False,False
canvas_sfm,richmond:28,False,False,1121507999619567,False,False,0.119304,0,0,0,0,0,False,False
stretch,richmond:28,False,False,1121507999619567,False,False,0.181808,0,0,0,0,0,False,False
canvas_level,richmond:221,False,False,1122773632487164,False,False,0.0,0,0,0,0,0,True,False
canvas_sfm,richmond:221,False,False,1122773632487164,False,False,0.0,0,0,0,0,0,True,False
stretch,richmond:221,False,False,1122773632487164,False,False,0.168491,0,0,0,0,0,True,False
canvas_level,richmond:8,False,False,1123471766388377,False,False,0.0,0,0,0,0,0,True,False
canvas_sfm,richmond:8,False,False,1123471766388377,False,False,0.0,0,0,0,0,0,True,False
stretch,richmond:8,True,True,1123471766388377,False,False,0.972364,3,2,0,0,0,True,False
canvas_level,richmond:19,False,False,112417647590384,False,False,0.0,0,0,0,0,0,False,False
canvas_sfm,richmond:19,False,False,112417647590384,False,False,0.0,0,0,0,0,0,False,False
stretch,richmond:19,False,False,112417647590384,False,False,0.0,0,0,0,0,0,False,False
canvas_level,richmond:93,False,False,1124786108865873,False,False,0.184853,0,0,0,0,0,False,False
canvas_sfm,richmond:93,False,False,1124786108865873,False,False,0.144211,0,0,0,0,0,False,False
stretch,richmond:93,True,True,1124786108865873,False,False,0.651978,1,1,0,0,0,False,False
canvas_level,richmond:75,False,False,1124789892710951,False,False,0.114803,0,0,0,0,0,True,False
canvas_sfm,richmond:75,False,False,1124789892710951,False,False,0.0,0,0,0,0,0,True,False
stretch,richmond:75,False,False,1124789892710951,False,False,0.0,0,0,0,0,0,True,False
canvas_level,richmond:19,False,False,1125061241321480,False,False,0.0,0,0,0,0,0,True,False
canvas_sfm,richmond:19,False,False,1125061241321480,False,False,0.0,0,0,0,0,0,True,False
stretch,richmond:19,False,False,1125061241321480,False,False,0.0,0,0,0,0,0,True,False
canvas_level,richmond:0,False,False,1126319315371952,False,False,0.0,0,0,0,0,0,True,False
canvas_sfm,richmond:0,False,False,1126319315371952,False,False,0.0,0,0,0,0,0,True,False
stretch,richmond:0,True,False,1126319315371952,False,False,0.436265,1,0,0,0,0,True,False
canvas_level,richmond:24,False,False,1126993112308828,False,False,0.0,0,0,0,0,0,False,False
canvas_sfm,richmond:24,False,False,1126993112308828,False,False,0.0,0,0,0,0,0,False,False
stretch,richmond:24,False,False,1126993112308828,False,False,0.0,0,0,0,0,0,False,False
canvas_level,richmond:222,False,False,1128331001942012,False,False,0.0,0,0,1,0,0,False,True
canvas_sfm,richmond:222,False,False,1128331001942012,False,False,0.107636,0,0,1,0,0,False,True
stretch,richmond:222,False,False,1128331001942012,False,False,0.177357,0,0,1,0,0,False,True
canvas_level,richmond:161,False,False,1129422790887904,False,False,0.109186,0,0,0,0,0,False,False
canvas_sfm,richmond:161,False,False,1129422790887904,False,False,0.105259,0,0,0,0,0,False,False
stretch,richmond:161,False,False,1129422790887904,False,False,0.0,0,0,0,0,0,False,False
canvas_level,richmond:148,False,False,1129525677557785,False,False,0.0,0,0,0,0,0,True,False
canvas_sfm,richmond:148,False,False,1129525677557785,False,False,0.156939,0,0,0,0,0,True,False
stretch,richmond:148,False,False,1129525677557785,False,False,0.103858,0,0,0,0,0,True,False
canvas_level,richmond:18,False,False,1129654614224698,False,False,0.103987,0,0,0,0,0,True,False
canvas_sfm,richmond:18,False,False,1129654614224698,False,False,0.0,0,0,0,0,0,True,False
stretch,richmond:18,False,False,1129654614224698,False,False,0.171372,0,0,0,0,0,True,False
canvas_level,richmond:172,True,True,1131796614768943,False,False,0.8561,1,1,0,0,0,False,False
canvas_sfm,richmond:172,True,True,1131796614768943,False,False,0.767759,1,1,0,0,0,False,False
stretch,richmond:172,True,True,1131796614768943,False,False,0.614274,1,1,0,0,0,False,False
canvas_level,richmond:24,False,False,1131888901581365,False,False,0.0,0,0,0,0,0,True,False
canvas_sfm,richmond:24,False,False,1131888901581365,False,False,0.0,0,0,0,0,0,True,False
stretch,richmond:24,False,False,1131888901581365,False,False,0.0,0,0,0,0,0,True,False
canvas_level,richmond:38,False,False,1131905335138060,False,False,0.0,0,0,0,0,0,True,False
canvas_sfm,richmond:38,False,False,1131905335138060,False,False,0.0,0,0,0,0,0,True,False
stretch,richmond:38,True,False,1131905335138060,False,False,0.399564,1,0,0,0,0,True,False
canvas_level,richmond:51,False,False,1132103844555525,False,False,0.0,0,0,0,0,0,True,False
canvas_sfm,richmond:51,False,False,1132103844555525,False,False,0.0,0,0,0,0,0,True,False
stretch,richmond:51,True,False,1132103844555525,False,False,0.349746,1,0,0,0,0,True,False
canvas_level,richmond:84,False,False,1132718841350149,False,False,0.0,0,0,0,0,0,True,False
canvas_sfm,richmond:84,False,False,1132718841350149,False,False,0.0,0,0,0,0,0,True,False
stretch,richmond:84,False,False,1132718841350149,False,False,0.0,0,0,0,0,0,True,False
canvas_level,richmond:95,False,False,1134236694478885,False,False,0.0,0,0,0,0,0,True,False
canvas_sfm,richmond:95,False,False,1134236694478885,False,False,0.0,0,0,0,0,0,True,False
stretch,richmond:95,False,False,1134236694478885,False,False,0.109091,0,0,0,0,0,True,False
canvas_level,richmond:170,False,False,1134321657847877,False,False,0.0,0,0,0,0,0,False,False
canvas_sfm,richmond:170,False,False,1134321657847877,False,False,0.0,0,0,0,0,0,False,False
stretch,richmond:170,False,False,1134321657847877,False,False,0.0,0,0,0,0,0,False,False
canvas_level,richmond:28,True,False,1134342851482779,False,False,0.320734,1,0,2,0,0,False,True
canvas_sfm,richmond:28,True,False,1134342851482779,False,False,0.391555,1,0,2,0,0,False,True
stretch,richmond:28,False,False,1134342851482779,False,False,0.142202,0,0,2,0,0,False,True
canvas_level,richmond:8,False,False,1134521698537101,False,False,0.0,0,0,0,0,0,True,False
canvas_sfm,richmond:8,False,False,1134521698537101,False,False,0.0,0,0,0,0,0,True,False
stretch,richmond:8,True,False,1134521698537101,False,False,0.331585,2,0,0,0,0,True,False
canvas_level,richmond:171,False,False,1135081557703725,False,False,0.0,0,0,0,0,0,False,False
canvas_sfm,richmond:171,False,False,1135081557703725,False,False,0.0,0,0,0,0,0,False,False
stretch,richmond:171,False,False,1135081557703725,False,False,0.140332,0,0,0,0,0,False,False
canvas_level,richmond:188,False,False,1135745711253944,False,False,0.109644,0,0,0,0,0,True,False
canvas_sfm,richmond:188,False,False,1135745711253944,False,False,0.13179,0,0,0,0,0,True,False
stretch,richmond:188,False,False,1135745711253944,False,False,0.0,0,0,0,0,0,True,False
canvas_level,richmond:11,False,False,1135983761719622,False,False,0.130477,0,0,0,0,0,True,False
canvas_sfm,richmond:11,False,False,1135983761719622,False,False,0.199041,0,0,0,0,0,True,False
stretch,richmond:11,False,False,1135983761719622,False,False,0.0,0,0,0,0,0,True,False
canvas_level,richmond:227,True,False,1136303497654165,False,False,0.315343,1,0,0,0,0,True,False
canvas_sfm,richmond:227,True,False,1136303497654165,False,False,0.34108,1,0,0,0,0,True,False
stretch,richmond:227,True,True,1136303497654165,False,False,0.70331,1,1,0,0,0,True,False
canvas_level,richmond:134,True,False,1136460073511542,False,False,0.466098,1,0,1,0,0,False,True
canvas_sfm,richmond:134,True,False,1136460073511542,False,False,0.467249,1,0,1,0,0,False,True
stretch,richmond:134,False,False,1136460073511542,False,False,0.237307,0,0,1,0,0,False,True
canvas_level,richmond:29,False,False,1136576558131979,False,False,0.0,0,0,0,0,0,True,False
canvas_sfm,richmond:29,False,False,1136576558131979,False,False,0.0,0,0,0,0,0,True,False
stretch,richmond:29,False,False,1136576558131979,False,False,0.103665,0,0,0,0,0,True,False
canvas_level,richmond:222,False,False,1136772468150242,False,False,0.2025,0,0,0,0,0,False,False
canvas_sfm,richmond:222,False,False,1136772468150242,False,False,0.258937,0,0,0,0,0,False,False
stretch,richmond:222,True,False,1136772468150242,False,False,0.441812,1,0,0,0,0,False,False
canvas_level,richmond:162,True,False,1136999824055699,True,False,0.523442,1,0,1,1,0,False,True
canvas_sfm,richmond:162,True,True,1136999824055699,True,True,0.632415,1,1,1,1,1,False,True
stretch,richmond:162,True,True,1136999824055699,True,True,0.718228,2,1,1,1,1,False,True
canvas_level,richmond:149,True,False,1137690103372428,False,False,0.4993,2,0,0,1,0,False,False
canvas_sfm,richmond:149,True,False,1137690103372428,False,False,0.47278,1,0,0,1,0,False,False
stretch,richmond:149,True,True,1137690103372428,False,False,0.605381,1,1,0,1,1,False,False
canvas_level,richmond:182,False,False,1138639463858713,False,False,0.134837,0,0,0,0,0,True,False
canvas_sfm,richmond:182,False,False,1138639463858713,False,False,0.210883,0,0,0,0,0,True,False
stretch,richmond:182,True,False,1138639463858713,False,False,0.380603,1,0,0,0,0,True,False
canvas_level,richmond:8,False,False,1140144477983007,False,False,0.0,0,0,1,0,0,False,True
canvas_sfm,richmond:8,False,False,1140144477983007,False,False,0.0,0,0,1,0,0,False,True
stretch,richmond:8,False,False,1140144477983007,False,False,0.0,0,0,1,0,0,False,True
canvas_level,richmond:200,False,False,1140320093058202,False,False,0.107753,0,0,0,0,0,True,False
canvas_sfm,richmond:200,False,False,1140320093058202,False,False,0.10473,0,0,0,0,0,True,False
stretch,richmond:200,False,False,1140320093058202,False,False,0.188097,0,0,0,0,0,True,False
canvas_level,richmond:171,False,False,1141007713883390,False,False,0.124283,0,0,0,0,0,True,False
canvas_sfm,richmond:171,False,False,1141007713883390,False,False,0.125568,0,0,0,0,0,True,False
stretch,richmond:171,False,False,1141007713883390,False,False,0.122877,0,0,0,0,0,True,False
canvas_level,richmond:115,False,False,1141424284015286,False,False,0.0,0,0,0,0,0,False,False
canvas_sfm,richmond:115,False,False,1141424284015286,False,False,0.142425,0,0,0,0,0,False,False
stretch,richmond:115,False,False,1141424284015286,False,False,0.232679,0,0,0,0,0,False,False
canvas_level,richmond:74,False,False,1141687636332496,False,False,0.0,0,0,2,0,0,False,True
canvas_sfm,richmond:74,False,False,1141687636332496,False,False,0.0,0,0,2,0,0,False,True
stretch,richmond:74,False,False,1141687636332496,False,False,0.240527,0,0,2,0,0,False,True
canvas_level,richmond:99,False,False,1141847120909385,False,False,0.0,0,0,0,0,0,True,False
canvas_sfm,richmond:99,False,False,1141847120909385,False,False,0.0,0,0,0,0,0,True,False
stretch,richmond:99,False,False,1141847120909385,False,False,0.18055,0,0,0,0,0,True,False
canvas_level,richmond:146,False,False,1143623763403269,False,False,0.0,0,0,0,0,0,True,False
canvas_sfm,richmond:146,False,False,1143623763403269,False,False,0.0,0,0,0,0,0,True,False
stretch,richmond:146,False,False,1143623763403269,False,False,0.0,0,0,0,0,0,True,False
canvas_level,richmond:115,True,False,1145197547049642,True,False,0.381581,1,0,1,1,0,False,True
canvas_sfm,richmond:115,True,False,1145197547049642,False,False,0.542056,1,0,1,0,0,False,True
stretch,richmond:115,True,False,1145197547049642,True,False,0.483288,1,0,1,1,0,False,True
canvas_level,richmond:222,False,False,1145593567071590,False,False,0.273843,0,0,0,0,0,False,False
canvas_sfm,richmond:222,True,False,1145593567071590,False,False,0.327132,1,0,0,0,0,False,False
stretch,richmond:222,False,False,1145593567071590,False,False,0.0,0,0,0,0,0,False,False
canvas_level,richmond:24,False,False,1147431010094819,False,False,0.0,0,0,0,0,0,True,False
canvas_sfm,richmond:24,False,False,1147431010094819,False,False,0.0,0,0,0,0,0,True,False
stretch,richmond:24,False,False,1147431010094819,False,False,0.0,0,0,0,0,0,True,False
canvas_level,richmond:170,False,False,1148093120039180,False,False,0.0,0,0,0,0,0,True,False
canvas_sfm,richmond:170,False,False,1148093120039180,False,False,0.0,0,0,0,0,0,True,False
stretch,richmond:170,False,False,1148093120039180,False,False,0.0,0,0,0,0,0,True,False
canvas_level,richmond:201,False,False,1148123762322952,False,False,0.0,0,0,0,0,0,True,False
canvas_sfm,richmond:201,False,False,1148123762322952,False,False,0.0,0,0,0,0,0,True,False
stretch,richmond:201,False,False,1148123762322952,False,False,0.0,0,0,0,0,0,True,False
canvas_level,richmond:196,True,True,1148159446506288,False,False,0.882638,1,1,0,0,0,False,False
canvas_sfm,richmond:196,True,True,1148159446506288,False,False,0.908123,2,1,0,0,0,False,False
stretch,richmond:196,True,True,1148159446506288,False,False,0.755846,2,1,0,1,1,False,False
canvas_level,richmond:233,False,False,1150545159545932,False,False,0.0,0,0,0,0,0,True,False
canvas_sfm,richmond:233,False,False,1150545159545932,False,False,0.0,0,0,0,0,0,True,False
stretch,richmond:233,False,False,1150545159545932,False,False,0.109187,0,0,0,0,0,True,False
canvas_level,richmond:6,False,False,1150749229534362,False,False,0.163059,0,0,0,0,0,False,False
canvas_sfm,richmond:6,False,False,1150749229534362,False,False,0.157867,0,0,0,0,0,False,False
stretch,richmond:6,False,False,1150749229534362,False,False,0.123664,0,0,0,0,0,False,False
canvas_level,richmond:95,True,True,1153348679867400,False,False,0.80471,1,1,1,0,0,False,True
canvas_sfm,richmond:95,True,True,1153348679867400,False,False,0.813918,1,1,1,1,1,False,True
stretch,richmond:95,False,False,1153348679867400,False,False,0.179331,0,0,1,0,0,False,True
canvas_level,richmond:116,False,False,1153517363015365,False,False,0.0,0,0,0,0,0,True,False
canvas_sfm,richmond:116,False,False,1153517363015365,False,False,0.0,0,0,0,0,0,True,False
stretch,richmond:116,False,False,1153517363015365,False,False,0.0,0,0,0,0,0,True,False
canvas_level,richmond:8,False,False,1153662303488123,False,False,0.10127,0,0,0,0,0,True,False
canvas_sfm,richmond:8,False,False,1153662303488123,False,False,0.113204,0,0,0,0,0,True,False
stretch,richmond:8,True,False,1153662303488123,False,False,0.464049,2,0,0,0,0,True,False
canvas_level,richmond:144,False,False,1153714343041186,False,False,0.106041,0,0,0,0,0,True,False
canvas_sfm,richmond:144,False,False,1153714343041186,False,False,0.121009,0,0,0,0,0,True,False
stretch,richmond:144,False,False,1153714343041186,False,False,0.161345,0,0,0,0,0,True,False
canvas_level,richmond:148,True,True,1153752752339323,True,True,0.908851,4,4,2,2,2,False,True
canvas_sfm,richmond:148,True,True,1153752752339323,True,True,0.987359,4,4,2,2,2,False,True
stretch,richmond:148,True,True,1153752752339323,True,True,0.801229,2,2,2,2,2,False,True
canvas_level,richmond:24,False,False,1154856276289221,False,False,0.0,0,0,0,0,0,True,False
canvas_sfm,richmond:24,False,False,1154856276289221,False,False,0.0,0,0,0,0,0,True,False
stretch,richmond:24,False,False,1154856276289221,False,False,0.0,0,0,0,0,0,True,False
canvas_level,richmond:231,False,False,1155822455628266,False,False,0.0,0,0,2,0,0,False,True
canvas_sfm,richmond:231,False,False,1155822455628266,False,False,0.0,0,0,2,0,0,False,True
stretch,richmond:231,True,False,1155822455628266,True,False,0.380235,1,0,2,1,0,False,True
canvas_level,richmond:8,False,False,1157934549513308,False,False,0.0,0,0,1,0,0,False,True
canvas_sfm,richmond:8,False,False,1157934549513308,False,False,0.0,0,0,1,0,0,False,True
stretch,richmond:8,False,False,1157934549513308,False,False,0.248208,0,0,1,0,0,False,True
canvas_level,richmond:132,False,False,1160002565838339,False,False,0.0,0,0,0,0,0,False,False
canvas_sfm,richmond:132,False,False,1160002565838339,False,False,0.0,0,0,0,0,0,False,False
stretch,richmond:132,False,False,1160002565838339,False,False,0.147522,0,0,0,0,0,False,False
canvas_level,richmond:9,False,False,1160732645911417,False,False,0.104088,0,0,0,0,0,True,False
canvas_sfm,richmond:9,False,False,1160732645911417,False,False,0.105439,0,0,0,0,0,True,False
stretch,richmond:9,False,False,1160732645911417,False,False,0.137376,0,0,0,0,0,True,False
canvas_level,richmond:11,False,False,1161495762514384,False,False,0.128287,0,0,0,0,0,True,False
canvas_sfm,richmond:11,False,False,1161495762514384,False,False,0.0,0,0,0,0,0,True,False
stretch,richmond:11,False,False,1161495762514384,False,False,0.206799,0,0,0,0,0,True,False
canvas_level,richmond:93,False,False,1161888075521957,False,False,0.139361,0,0,1,0,0,False,True
canvas_sfm,richmond:93,False,False,1161888075521957,False,False,0.118825,0,0,1,0,0,False,True
stretch,richmond:93,True,True,1161888075521957,True,True,0.873646,2,2,1,1,1,False,True
canvas_level,richmond:40,False,False,1163388711971624,False,False,0.114485,0,0,0,0,0,False,False
canvas_sfm,richmond:40,False,False,1163388711971624,False,False,0.114485,0,0,0,0,0,False,False
stretch,richmond:40,False,False,1163388711971624,False,False,0.11162,0,0,0,0,0,False,False
canvas_level,richmond:103,True,False,1165582493882310,False,False,0.363614,2,0,0,1,0,False,False
canvas_sfm,richmond:103,True,False,1165582493882310,False,False,0.40274,1,0,0,1,0,False,False
stretch,richmond:103,True,True,1165582493882310,False,False,0.783196,2,2,0,1,1,False,False
canvas_level,richmond:170,True,True,1165866728488987,False,False,0.552365,1,1,0,0,0,True,False
canvas_sfm,richmond:170,True,True,1165866728488987,False,False,0.552365,1,1,0,0,0,True,False
stretch,richmond:170,True,False,1165866728488987,False,False,0.378455,1,0,0,0,0,True,False
canvas_level,richmond:188,False,False,1166679675022158,False,False,0.177899,0,0,0,0,0,False,False
canvas_sfm,richmond:188,False,False,1166679675022158,False,False,0.195439,0,0,0,0,0,False,False
stretch,richmond:188,False,False,1166679675022158,False,False,0.153344,0,0,0,0,0,False,False
canvas_level,richmond:40,False,False,1168168784714141,False,False,0.0,0,0,1,0,0,False,True
canvas_sfm,richmond:40,False,False,1168168784714141,False,False,0.119251,0,0,1,0,0,False,True
stretch,richmond:40,False,False,1168168784714141,False,False,0.0,0,0,1,0,0,False,True
canvas_level,richmond:147,False,False,1169653327406613,False,False,0.0,0,0,0,0,0,True,False
canvas_sfm,richmond:147,False,False,1169653327406613,False,False,0.0,0,0,0,0,0,True,False
stretch,richmond:147,False,False,1169653327406613,False,False,0.190774,0,0,0,0,0,True,False
canvas_level,richmond:201,False,False,1170053980087179,False,False,0.0,0,0,0,0,0,True,False
canvas_sfm,richmond:201,False,False,1170053980087179,False,False,0.0,0,0,0,0,0,True,False
stretch,richmond:201,False,False,1170053980087179,False,False,0.146147,0,0,0,0,0,True,False
canvas_level,richmond:147,True,True,1171064344344649,False,False,0.878301,4,2,0,1,0,False,False
canvas_sfm,richmond:147,True,True,1171064344344649,False,False,0.880461,4,2,0,1,0,False,False
stretch,richmond:147,True,False,1171064344344649,False,False,0.461702,3,0,0,1,0,False,False
canvas_level,richmond:26,False,False,1171855736561079,False,False,0.114484,0,0,0,0,0,False,False
canvas_sfm,richmond:26,False,False,1171855736561079,False,False,0.0,0,0,0,0,0,False,False
stretch,richmond:26,False,False,1171855736561079,False,False,0.0,0,0,0,0,0,False,False
canvas_level,richmond:44,True,False,1173066917275883,False,False,0.417118,2,0,0,0,0,True,False
canvas_sfm,richmond:44,True,False,1173066917275883,False,False,0.505785,2,0,0,0,0,True,False
stretch,richmond:44,False,False,1173066917275883,False,False,0.214572,0,0,0,0,0,True,False
canvas_level,richmond:93,False,False,1173219014527746,False,False,0.124326,0,0,1,0,0,False,True
canvas_sfm,richmond:93,False,False,1173219014527746,False,False,0.124326,0,0,1,0,0,False,True
stretch,richmond:93,False,False,1173219014527746,False,False,0.285199,0,0,1,0,0,False,True
canvas_level,richmond:182,False,False,1174129643928198,False,False,0.142537,0,0,0,0,0,True,False
canvas_sfm,richmond:182,False,False,1174129643928198,False,False,0.163106,0,0,0,0,0,True,False
stretch,richmond:182,False,False,1174129643928198,False,False,0.244659,0,0,0,0,0,True,False
canvas_level,richmond:96,False,False,1175968217219367,False,False,0.148313,0,0,0,0,0,True,False
canvas_sfm,richmond:96,False,False,1175968217219367,False,False,0.148313,0,0,0,0,0,True,False
stretch,richmond:96,False,False,1175968217219367,False,False,0.0,0,0,0,0,0,True,False
canvas_level,richmond:169,False,False,1179075895855179,False,False,0.155906,0,0,0,0,0,False,False
canvas_sfm,richmond:169,False,False,1179075895855179,False,False,0.0,0,0,0,0,0,False,False
stretch,richmond:169,False,False,1179075895855179,False,False,0.0,0,0,0,0,0,False,False
canvas_level,richmond:148,True,True,1179269906550644,True,True,1.000333,3,3,2,2,2,False,True
canvas_sfm,richmond:148,True,True,1179269906550644,True,True,1.010247,3,3,2,2,2,False,True
stretch,richmond:148,True,True,1179269906550644,True,True,0.855222,3,2,2,3,2,False,True
canvas_level,richmond:130,False,False,1179505237075382,False,False,0.126052,0,0,0,0,0,False,False
canvas_sfm,richmond:130,False,False,1179505237075382,False,False,0.126108,0,0,0,0,0,False,False
stretch,richmond:130,False,False,1179505237075382,False,False,0.251072,0,0,0,0,0,False,False
canvas_level,richmond:23,False,False,1180300979083152,False,False,0.201388,0,0,0,0,0,True,False
canvas_sfm,richmond:23,False,False,1180300979083152,False,False,0.119733,0,0,0,0,0,True,False
stretch,richmond:23,False,False,1180300979083152,False,False,0.0,0,0,0,0,0,True,False
canvas_level,richmond:240,True,True,1185462042501140,False,False,0.922501,3,2,0,0,0,False,False
canvas_sfm,richmond:240,True,True,1185462042501140,False,False,0.934816,3,2,0,0,0,False,False
stretch,richmond:240,True,True,1185462042501140,False,False,0.763811,3,2,0,0,0,False,False
canvas_level,richmond:182,True,True,1188013879318358,True,True,0.866116,3,2,3,2,1,False,True
canvas_sfm,richmond:182,True,True,1188013879318358,True,True,0.932387,3,2,3,2,1,False,True
stretch,richmond:182,True,True,1188013879318358,True,True,0.736443,2,2,3,1,1,False,True
canvas_level,richmond:11,False,False,1189249372968087,False,False,0.232474,0,0,0,0,0,True,False
canvas_sfm,richmond:11,False,False,1189249372968087,False,False,0.203698,0,0,0,0,0,True,False
stretch,richmond:11,True,False,1189249372968087,False,False,0.454543,2,0,0,0,0,True,False
canvas_level,richmond:188,False,False,1194026131019270,False,False,0.0,0,0,0,0,0,True,False
canvas_sfm,richmond:188,False,False,1194026131019270,False,False,0.0,0,0,0,0,0,True,False
stretch,richmond:188,False,False,1194026131019270,False,False,0.0,0,0,0,0,0,True,False
canvas_level,richmond:85,False,False,1195303458146825,False,False,0.0,0,0,1,0,0,False,True
canvas_sfm,richmond:85,False,False,1195303458146825,False,False,0.0,0,0,1,0,0,False,True
stretch,richmond:85,False,False,1195303458146825,False,False,0.0,0,0,1,0,0,False,True
canvas_level,richmond:24,False,False,1195329198857725,False,False,0.0,0,0,1,0,0,False,True
canvas_sfm,richmond:24,False,False,1195329198857725,False,False,0.0,0,0,1,0,0,False,True
stretch,richmond:24,False,False,1195329198857725,False,False,0.0,0,0,1,0,0,False,True
canvas_level,richmond:191,False,False,1195750185156047,False,False,0.0,0,0,1,0,0,False,True
canvas_sfm,richmond:191,False,False,1195750185156047,False,False,0.0,0,0,1,0,0,False,True
stretch,richmond:191,False,False,1195750185156047,False,False,0.140928,0,0,1,0,0,False,True
canvas_level,richmond:147,True,True,1198262491615870,True,True,0.886802,2,2,1,2,2,False,True
canvas_sfm,richmond:147,True,True,1198262491615870,True,True,0.896478,2,2,1,2,2,False,True
stretch,richmond:147,True,True,1198262491615870,True,True,0.894833,2,2,1,1,1,False,True
canvas_level,richmond:180,False,False,1199655171230322,False,False,0.0,0,0,0,0,0,True,False
canvas_sfm,richmond:180,False,False,1199655171230322,False,False,0.0,0,0,0,0,0,True,False
stretch,richmond:180,False,False,1199655171230322,False,False,0.214492,0,0,0,0,0,True,False
canvas_level,richmond:182,True,False,1199763884370777,False,False,0.444138,2,0,0,1,0,False,False
canvas_sfm,richmond:182,True,False,1199763884370777,False,False,0.473246,2,0,0,1,0,False,False
stretch,richmond:182,True,False,1199763884370777,False,False,0.386613,1,0,0,1,0,False,False
canvas_level,richmond:29,False,False,1201392161344030,False,False,0.0,0,0,0,0,0,True,False
canvas_sfm,richmond:29,False,False,1201392161344030,False,False,0.102739,0,0,0,0,0,True,False
stretch,richmond:29,False,False,1201392161344030,False,False,0.0,0,0,0,0,0,True,False
canvas_level,richmond:133,False,False,1202449806861880,False,False,0.0,0,0,0,0,0,True,False
canvas_sfm,richmond:133,False,False,1202449806861880,False,False,0.0,0,0,0,0,0,True,False
stretch,richmond:133,False,False,1202449806861880,False,False,0.0,0,0,0,0,0,True,False
canvas_level,richmond:219,False,False,1203378150092581,False,False,0.0,0,0,0,0,0,True,False
canvas_sfm,richmond:219,False,False,1203378150092581,False,False,0.0,0,0,0,0,0,True,False
stretch,richmond:219,True,False,1203378150092581,False,False,0.383781,1,0,0,0,0,True,False
canvas_level,richmond:19,False,False,1205533819900266,False,False,0.0,0,0,0,0,0,True,False
canvas_sfm,richmond:19,False,False,1205533819900266,False,False,0.0,0,0,0,0,0,True,False
stretch,richmond:19,False,False,1205533819900266,False,False,0.0,0,0,0,0,0,True,False
canvas_level,richmond:161,False,False,1205665957420733,False,False,0.0,0,0,0,0,0,True,False
canvas_sfm,richmond:161,False,False,1205665957420733,False,False,0.0,0,0,0,0,0,True,False
stretch,richmond:161,False,False,1205665957420733,False,False,0.0,0,0,0,0,0,True,False
canvas_level,richmond:221,False,False,1207659157653695,False,False,0.0,0,0,0,0,0,True,False
canvas_sfm,richmond:221,False,False,1207659157653695,False,False,0.0,0,0,0,0,0,True,False
stretch,richmond:221,False,False,1207659157653695,False,False,0.150998,0,0,0,0,0,True,False
canvas_level,richmond:33,False,False,1208333842918819,False,False,0.0,0,0,0,0,0,False,False
canvas_sfm,richmond:33,False,False,1208333842918819,False,False,0.0,0,0,0,0,0,False,False
stretch,richmond:33,False,False,1208333842918819,False,False,0.0,0,0,0,0,0,False,False
canvas_level,richmond:161,True,True,1208651903919459,True,True,0.76874,1,1,1,1,1,False,True
canvas_sfm,richmond:161,True,True,1208651903919459,True,True,0.871612,1,1,1,1,1,False,True
stretch,richmond:161,True,True,1208651903919459,True,True,0.660269,2,2,1,1,1,False,True
canvas_level,richmond:151,False,False,1209255356730484,False,False,0.0,0,0,0,0,0,True,False
canvas_sfm,richmond:151,False,False,1209255356730484,False,False,0.0,0,0,0,0,0,True,False
stretch,richmond:151,False,False,1209255356730484,False,False,0.0,0,0,0,0,0,True,False
canvas_level,richmond:201,False,False,1212262932560238,False,False,0.0,0,0,1,0,0,False,True
canvas_sfm,richmond:201,False,False,1212262932560238,False,False,0.0,0,0,1,0,0,False,True
stretch,richmond:201,False,False,1212262932560238,False,False,0.157172,0,0,1,0,0,False,True
canvas_level,richmond:128,False,False,1214095962356513,False,False,0.221998,0,0,0,0,0,False,False
canvas_sfm,richmond:128,False,False,1214095962356513,False,False,0.246123,0,0,0,0,0,False,False
stretch,richmond:128,True,False,1214095962356513,False,False,0.402902,1,0,0,0,0,False,False
canvas_level,richmond:8,False,False,1220618043076664,False,False,0.0,0,0,0,0,0,False,False
canvas_sfm,richmond:8,False,False,1220618043076664,False,False,0.0,0,0,0,0,0,False,False
stretch,richmond:8,False,False,1220618043076664,False,False,0.0,0,0,0,0,0,False,False
canvas_level,richmond:50,False,False,1225868392121852,False,False,0.168249,0,0,2,0,0,True,True
canvas_sfm,richmond:50,False,False,1225868392121852,False,False,0.230719,0,0,2,0,0,True,True
stretch,richmond:50,False,False,1225868392121852,False,False,0.186316,0,0,2,0,0,True,True
canvas_level,richmond:11,False,False,1234274401831251,False,False,0.0,0,0,0,0,0,False,False
canvas_sfm,richmond:11,False,False,1234274401831251,False,False,0.0,0,0,0,0,0,False,False
stretch,richmond:11,False,False,1234274401831251,False,False,0.164049,0,0,0,0,0,False,False
canvas_level,richmond:75,False,False,1238223753949485,False,False,0.130676,0,0,0,0,0,True,False
canvas_sfm,richmond:75,False,False,1238223753949485,False,False,0.124423,0,0,0,0,0,True,False
stretch,richmond:75,False,False,1238223753949485,False,False,0.0,0,0,0,0,0,True,False
canvas_level,richmond:200,False,False,1238324429970828,False,False,0.0,0,0,0,0,0,True,False
canvas_sfm,richmond:200,False,False,1238324429970828,False,False,0.0,0,0,0,0,0,True,False
stretch,richmond:200,False,False,1238324429970828,False,False,0.105318,0,0,0,0,0,True,False
canvas_level,richmond:182,True,True,1239796990523023,False,False,0.947146,1,1,0,1,1,False,False
canvas_sfm,richmond:182,True,True,1239796990523023,False,False,0.897976,1,1,0,1,1,False,False
stretch,richmond:182,True,False,1239796990523023,False,False,0.533932,1,0,0,1,0,False,False
canvas_level,richmond:229,True,True,1242674610036716,False,False,0.791939,1,1,0,0,0,False,False
canvas_sfm,richmond:229,True,True,1242674610036716,False,False,0.808836,1,1,0,0,0,False,False
stretch,richmond:229,True,True,1242674610036716,False,False,0.665123,1,1,0,0,0,False,False
canvas_level,richmond:159,False,False,1243920046987094,False,False,0.0,0,0,0,0,0,True,False
canvas_sfm,richmond:159,False,False,1243920046987094,False,False,0.0,0,0,0,0,0,True,False
stretch,richmond:159,False,False,1243920046987094,False,False,0.0,0,0,0,0,0,True,False
canvas_level,richmond:11,False,False,1251250483465444,False,False,0.15053,0,0,0,0,0,False,False
canvas_sfm,richmond:11,False,False,1251250483465444,False,False,0.155178,0,0,0,0,0,False,False
stretch,richmond:11,False,False,1251250483465444,False,False,0.0,0,0,0,0,0,False,False
canvas_level,richmond:8,True,False,1253836802731176,False,False,0.329477,1,0,0,0,0,True,False
canvas_sfm,richmond:8,True,False,1253836802731176,False,False,0.357373,1,0,0,0,0,True,False
stretch,richmond:8,True,True,1253836802731176,False,False,0.828628,4,2,0,0,0,True,False
canvas_level,richmond:7,False,False,1258127678589751,False,False,0.0,0,0,0,0,0,True,False
canvas_sfm,richmond:7,False,False,1258127678589751,False,False,0.196025,0,0,0,0,0,True,False
stretch,richmond:7,False,False,1258127678589751,False,False,0.119568,0,0,0,0,0,True,False
canvas_level,richmond:8,True,False,1259482125856243,False,False,0.540265,1,0,1,1,0,False,True
canvas_sfm,richmond:8,True,False,1259482125856243,False,False,0.47971,1,0,1,1,0,False,True
stretch,richmond:8,True,False,1259482125856243,False,False,0.486335,1,0,1,1,0,False,True
canvas_level,richmond:25,False,False,1259657941786135,False,False,0.107882,0,0,0,0,0,False,False
canvas_sfm,richmond:25,False,False,1259657941786135,False,False,0.0,0,0,0,0,0,False,False
stretch,richmond:25,False,False,1259657941786135,False,False,0.174213,0,0,0,0,0,False,False
canvas_level,richmond:144,False,False,1260252075057790,False,False,0.12938,0,0,0,0,0,False,False
canvas_sfm,richmond:144,False,False,1260252075057790,False,False,0.111362,0,0,0,0,0,False,False
stretch,richmond:144,False,False,1260252075057790,False,False,0.253504,0,0,0,0,0,False,False
canvas_level,richmond:162,True,False,1261656671881540,False,False,0.348098,1,0,1,1,0,False,True
canvas_sfm,richmond:162,True,False,1261656671881540,False,False,0.330072,1,0,1,1,0,False,True
stretch,richmond:162,True,True,1261656671881540,False,False,0.615042,1,1,1,1,1,False,True
canvas_level,richmond:23,False,False,1262566074158868,False,False,0.217189,0,0,0,0,0,True,False
canvas_sfm,richmond:23,False,False,1262566074158868,False,False,0.186119,0,0,0,0,0,True,False
stretch,richmond:23,False,False,1262566074158868,False,False,0.203865,0,0,0,0,0,True,False
canvas_level,richmond:8,False,False,1262778631997621,False,False,0.136804,0,0,1,0,0,False,True
canvas_sfm,richmond:8,False,False,1262778631997621,False,False,0.17405,0,0,1,0,0,False,True
stretch,richmond:8,True,False,1262778631997621,False,False,0.500245,1,0,1,0,0,False,True
canvas_level,richmond:96,True,False,1265142704561440,False,False,0.306464,1,0,0,0,0,False,False
canvas_sfm,richmond:96,True,False,1265142704561440,False,False,0.398463,1,0,0,0,0,False,False
stretch,richmond:96,True,True,1265142704561440,False,False,0.666267,1,1,0,0,0,False,False
canvas_level,richmond:221,False,False,1265600621335232,False,False,0.0,0,0,0,0,0,True,False
canvas_sfm,richmond:221,False,False,1265600621335232,False,False,0.0,0,0,0,0,0,True,False
stretch,richmond:221,False,False,1265600621335232,False,False,0.189301,0,0,0,0,0,True,False
canvas_level,richmond:8,False,False,1269558668184058,False,False,0.126563,0,0,1,0,0,False,True
canvas_sfm,richmond:8,False,False,1269558668184058,False,False,0.148078,0,0,1,0,0,False,True
stretch,richmond:8,False,False,1269558668184058,False,False,0.0,0,0,1,0,0,False,True
canvas_level,richmond:146,False,False,1271468953967182,False,False,0.0,0,0,0,0,0,True,False
canvas_sfm,richmond:146,False,False,1271468953967182,False,False,0.0,0,0,0,0,0,True,False
stretch,richmond:146,False,False,1271468953967182,False,False,0.0,0,0,0,0,0,True,False
canvas_level,richmond:28,False,False,1273950750544010,False,False,0.210947,0,0,0,0,0,False,False
canvas_sfm,richmond:28,False,False,1273950750544010,False,False,0.12133,0,0,0,0,0,False,False
stretch,richmond:28,False,False,1273950750544010,False,False,0.0,0,0,0,0,0,False,False
canvas_level,richmond:96,True,False,1274306453844895,False,False,0.300583,1,0,0,0,0,False,False
canvas_sfm,richmond:96,False,False,1274306453844895,False,False,0.298684,0,0,0,0,0,False,False
stretch,richmond:96,True,True,1274306453844895,False,False,0.728559,1,1,0,0,0,False,False
canvas_level,richmond:35,False,False,1276011930028285,False,False,0.0,0,0,0,0,0,True,False
canvas_sfm,richmond:35,False,False,1276011930028285,False,False,0.0,0,0,0,0,0,True,False
stretch,richmond:35,False,False,1276011930028285,False,False,0.0,0,0,0,0,0,True,False
canvas_level,richmond:149,True,True,1276214893339113,False,False,0.907634,1,1,1,0,0,False,True
canvas_sfm,richmond:149,True,True,1276214893339113,True,True,0.95174,2,2,1,1,1,False,True
stretch,richmond:149,True,True,1276214893339113,True,False,0.678382,4,1,1,2,0,False,True
canvas_level,richmond:84,True,True,1278821350169117,False,False,0.612019,1,1,0,1,1,False,False
canvas_sfm,richmond:84,True,False,1278821350169117,False,False,0.495453,1,0,0,1,0,False,False
stretch,richmond:84,True,True,1278821350169117,False,False,0.576989,1,1,0,1,1,False,False
canvas_level,richmond:51,False,False,1279066819728821,False,False,0.257027,0,0,1,0,0,False,True
canvas_sfm,richmond:51,False,False,1279066819728821,False,False,0.268007,0,0,1,0,0,False,True
stretch,richmond:51,False,False,1279066819728821,False,False,0.175918,0,0,1,0,0,False,True
canvas_level,richmond:8,False,False,1283346850199007,False,False,0.0,0,0,0,0,0,False,False
canvas_sfm,richmond:8,False,False,1283346850199007,False,False,0.101282,0,0,0,0,0,False,False
stretch,richmond:8,False,False,1283346850199007,False,False,0.102294,0,0,0,0,0,False,False
canvas_level,richmond:99,False,False,1283885792700135,False,False,0.0,0,0,0,0,0,True,False
canvas_sfm,richmond:99,False,False,1283885792700135,False,False,0.125999,0,0,0,0,0,True,False
stretch,richmond:99,False,False,1283885792700135,False,False,0.160838,0,0,0,0,0,True,False
canvas_level,richmond:191,False,False,1285737698991720,False,False,0.0,0,0,0,0,0,False,False
canvas_sfm,richmond:191,False,False,1285737698991720,False,False,0.0,0,0,0,0,0,False,False
stretch,richmond:191,False,False,1285737698991720,False,False,0.0,0,0,0,0,0,False,False
canvas_level,richmond:188,False,False,1287268355824758,False,False,0.133533,0,0,0,0,0,True,False
canvas_sfm,richmond:188,False,False,1287268355824758,False,False,0.154786,0,0,0,0,0,True,False
stretch,richmond:188,False,False,1287268355824758,False,False,0.0,0,0,0,0,0,True,False
canvas_level,richmond:127,False,False,1287681815838258,False,False,0.0,0,0,1,0,0,False,True
canvas_sfm,richmond:127,False,False,1287681815838258,False,False,0.0,0,0,1,0,0,False,True
stretch,richmond:127,False,False,1287681815838258,False,False,0.0,0,0,1,0,0,False,True
canvas_level,richmond:252,False,False,1290594148034610,False,False,0.0,0,0,0,0,0,True,False
canvas_sfm,richmond:252,False,False,1290594148034610,False,False,0.0,0,0,0,0,0,True,False
stretch,richmond:252,False,False,1290594148034610,False,False,0.0,0,0,0,0,0,True,False
canvas_level,richmond:116,False,False,1290793538821257,False,False,0.104189,0,0,0,0,0,True,False
canvas_sfm,richmond:116,False,False,1290793538821257,False,False,0.0,0,0,0,0,0,True,False
stretch,richmond:116,False,False,1290793538821257,False,False,0.0,0,0,0,0,0,True,False
canvas_level,richmond:8,False,False,1291797102440636,False,False,0.0,0,0,0,0,0,True,False
canvas_sfm,richmond:8,False,False,1291797102440636,False,False,0.11632,0,0,0,0,0,True,False
stretch,richmond:8,False,False,1291797102440636,False,False,0.0,0,0,0,0,0,True,False
canvas_level,richmond:8,False,False,1292888315798421,False,False,0.0,0,0,0,0,0,True,False
canvas_sfm,richmond:8,False,False,1292888315798421,False,False,0.0,0,0,0,0,0,True,False
stretch,richmond:8,True,False,1292888315798421,False,False,0.548711,1,0,0,0,0,True,False
canvas_level,richmond:201,False,False,1293388144410928,False,False,0.0,0,0,0,0,0,True,False
canvas_sfm,richmond:201,False,False,1293388144410928,False,False,0.0,0,0,0,0,0,True,False
stretch,richmond:201,False,False,1293388144410928,False,False,0.0,0,0,0,0,0,True,False
canvas_level,richmond:95,False,False,1293703115051938,False,False,0.127677,0,0,0,0,0,True,False
canvas_sfm,richmond:95,False,False,1293703115051938,False,False,0.12733,0,0,0,0,0,True,False
stretch,richmond:95,False,False,1293703115051938,False,False,0.0,0,0,0,0,0,True,False
canvas_level,richmond:170,True,False,1293829911834894,False,False,0.403542,1,0,0,0,0,False,False
canvas_sfm,richmond:170,True,False,1293829911834894,False,False,0.405978,1,0,0,0,0,False,False
stretch,richmond:170,True,False,1293829911834894,False,False,0.516471,1,0,0,0,0,False,False
canvas_level,richmond:8,False,False,1295798301571082,False,False,0.0,0,0,0,0,0,True,False
canvas_sfm,richmond:8,False,False,1295798301571082,False,False,0.0,0,0,0,0,0,True,False
stretch,richmond:8,False,False,1295798301571082,False,False,0.225523,0,0,0,0,0,True,False
canvas_level,richmond:8,False,False,1296065102099384,False,False,0.0,0,0,0,0,0,True,False
canvas_sfm,richmond:8,False,False,1296065102099384,False,False,0.0,0,0,0,0,0,True,False
stretch,richmond:8,True,False,1296065102099384,False,False,0.525839,1,0,0,0,0,True,False
canvas_level,richmond:8,False,False,1299459555147485,False,False,0.236852,0,0,1,0,0,False,True
canvas_sfm,richmond:8,False,False,1299459555147485,False,False,0.143958,0,0,1,0,0,False,True
stretch,richmond:8,False,False,1299459555147485,False,False,0.121526,0,0,1,0,0,False,True
canvas_level,richmond:197,False,False,1300970187361768,False,False,0.0,0,0,0,0,0,True,False
canvas_sfm,richmond:197,False,False,1300970187361768,False,False,0.0,0,0,0,0,0,True,False
stretch,richmond:197,False,False,1300970187361768,False,False,0.0,0,0,0,0,0,True,False
canvas_level,richmond:8,False,False,1301363080261966,False,False,0.0,0,0,1,0,0,False,True
canvas_sfm,richmond:8,False,False,1301363080261966,False,False,0.0,0,0,1,0,0,False,True
stretch,richmond:8,False,False,1301363080261966,False,False,0.0,0,0,1,0,0,False,True
canvas_level,richmond:132,False,False,1303174054259350,False,False,0.156769,0,0,0,0,0,False,False
canvas_sfm,richmond:132,False,False,1303174054259350,False,False,0.152581,0,0,0,0,0,False,False
stretch,richmond:132,True,True,1303174054259350,False,False,0.587591,1,1,0,1,1,False,False
canvas_level,richmond:201,False,False,130601609161913,False,False,0.0,0,0,0,0,0,True,False
canvas_sfm,richmond:201,False,False,130601609161913,False,False,0.0,0,0,0,0,0,True,False
stretch,richmond:201,False,False,130601609161913,False,False,0.0,0,0,0,0,0,True,False
canvas_level,richmond:38,False,False,1306150430635657,False,False,0.0,0,0,0,0,0,True,False
canvas_sfm,richmond:38,False,False,1306150430635657,False,False,0.0,0,0,0,0,0,True,False
stretch,richmond:38,False,False,1306150430635657,False,False,0.116028,0,0,0,0,0,True,False
canvas_level,richmond:132,False,False,1306538217131971,False,False,0.114602,0,0,1,0,0,False,True
canvas_sfm,richmond:132,False,False,1306538217131971,False,False,0.102881,0,0,1,0,0,False,True
stretch,richmond:132,False,False,1306538217131971,False,False,0.0,0,0,1,0,0,False,True
canvas_level,richmond:8,False,False,1307272477442266,False,False,0.0,0,0,1,0,0,False,True
canvas_sfm,richmond:8,False,False,1307272477442266,False,False,0.0,0,0,1,0,0,False,True
stretch,richmond:8,False,False,1307272477442266,False,False,0.231944,0,0,1,0,0,False,True
canvas_level,richmond:188,False,False,1308148949586434,False,False,0.124218,0,0,1,0,0,False,True
canvas_sfm,richmond:188,False,False,1308148949586434,False,False,0.115547,0,0,1,0,0,False,True
stretch,richmond:188,True,False,1308148949586434,False,False,0.461696,2,0,1,0,0,False,True
canvas_level,richmond:146,False,False,1308281953751053,False,False,0.171789,0,0,0,0,0,True,False
canvas_sfm,richmond:146,True,False,1308281953751053,False,False,0.414609,1,0,0,0,0,True,False
stretch,richmond:146,False,False,1308281953751053,False,False,0.20773,0,0,0,0,0,True,False
canvas_level,richmond:8,False,False,1309582310167410,False,False,0.0,0,0,1,0,0,False,True
canvas_sfm,richmond:8,False,False,1309582310167410,False,False,0.0,0,0,1,0,0,False,True
stretch,richmond:8,False,False,1309582310167410,False,False,0.224374,0,0,1,0,0,False,True
canvas_level,richmond:8,False,False,1310416050722235,False,False,0.0,0,0,0,0,0,False,False
canvas_sfm,richmond:8,False,False,1310416050722235,False,False,0.0,0,0,0,0,0,False,False
stretch,richmond:8,False,False,1310416050722235,False,False,0.159303,0,0,0,0,0,False,False
canvas_level,richmond:170,False,False,1310932146770763,False,False,0.118561,0,0,0,0,0,True,False
canvas_sfm,richmond:170,False,False,1310932146770763,False,False,0.118561,0,0,0,0,0,True,False
stretch,richmond:170,True,True,1310932146770763,False,False,0.817914,2,1,0,0,0,True,False
canvas_level,richmond:170,False,False,1311137846829536,False,False,0.0,0,0,0,0,0,True,False
canvas_sfm,richmond:170,False,False,1311137846829536,False,False,0.0,0,0,0,0,0,True,False
stretch,richmond:170,False,False,1311137846829536,False,False,0.102362,0,0,0,0,0,True,False
canvas_level,richmond:148,False,False,131413285752181,False,False,0.121226,0,0,0,0,0,True,False
canvas_sfm,richmond:148,False,False,131413285752181,False,False,0.0,0,0,0,0,0,True,False
stretch,richmond:148,False,False,131413285752181,False,False,0.0,0,0,0,0,0,True,False
canvas_level,richmond:201,False,False,131521542353456,False,False,0.18498,0,0,0,0,0,True,False
canvas_sfm,richmond:201,False,False,131521542353456,False,False,0.161321,0,0,0,0,0,True,False
stretch,richmond:201,False,False,131521542353456,False,False,0.193495,0,0,0,0,0,True,False
canvas_level,richmond:132,False,False,1316623272889674,False,False,0.117381,0,0,0,0,0,False,False
canvas_sfm,richmond:132,False,False,1316623272889674,False,False,0.126696,0,0,0,0,0,False,False
stretch,richmond:132,False,False,1316623272889674,False,False,0.0,0,0,0,0,0,False,False
canvas_level,richmond:8,False,False,1317828570008802,False,False,0.0,0,0,1,0,0,False,True
canvas_sfm,richmond:8,False,False,1317828570008802,False,False,0.0,0,0,1,0,0,False,True
stretch,richmond:8,False,False,1317828570008802,False,False,0.138853,0,0,1,0,0,False,True
canvas_level,richmond:44,True,False,1318070995638577,False,False,0.351024,1,0,0,1,0,False,False
canvas_sfm,richmond:44,False,False,1318070995638577,False,False,0.299142,0,0,0,0,0,False,False
stretch,richmond:44,True,True,1318070995638577,False,False,0.632279,1,1,0,1,1,False,False
canvas_level,richmond:99,False,False,1318292042541820,False,False,0.0,0,0,0,0,0,True,False
canvas_sfm,richmond:99,False,False,1318292042541820,False,False,0.0,0,0,0,0,0,True,False
stretch,richmond:99,False,False,1318292042541820,False,False,0.0,0,0,0,0,0,True,False
canvas_level,richmond:228,False,False,1320862844977878,False,False,0.152623,0,0,0,0,0,False,False
canvas_sfm,richmond:228,False,False,1320862844977878,False,False,0.156967,0,0,0,0,0,False,False
stretch,richmond:228,True,True,1320862844977878,False,False,0.550407,1,1,0,0,0,False,False
canvas_level,richmond:6,False,False,1324754042039215,False,False,0.0,0,0,0,0,0,False,False
canvas_sfm,richmond:6,False,False,1324754042039215,False,False,0.0,0,0,0,0,0,False,False
stretch,richmond:6,True,True,1324754042039215,False,False,0.576415,1,1,0,0,0,False,False
canvas_level,richmond:0,False,False,1325670938748103,False,False,0.110717,0,0,0,0,0,False,False
canvas_sfm,richmond:0,False,False,1325670938748103,False,False,0.199665,0,0,0,0,0,False,False
stretch,richmond:0,False,False,1325670938748103,False,False,0.282147,0,0,0,0,0,False,False
canvas_level,richmond:170,True,False,1327183455258583,False,False,0.520892,1,0,0,0,0,True,False
canvas_sfm,richmond:170,True,False,1327183455258583,False,False,0.520892,1,0,0,0,0,True,False
stretch,richmond:170,True,False,1327183455258583,False,False,0.439765,1,0,0,0,0,True,False
canvas_level,richmond:99,False,False,1329640444696448,False,False,0.0,0,0,0,0,0,True,False
canvas_sfm,richmond:99,False,False,1329640444696448,False,False,0.0,0,0,0,0,0,True,False
stretch,richmond:99,False,False,1329640444696448,False,False,0.0,0,0,0,0,0,True,False
canvas_level,richmond:161,False,False,1331850197791831,False,False,0.0,0,0,0,0,0,True,False
canvas_sfm,richmond:161,False,False,1331850197791831,False,False,0.0,0,0,0,0,0,True,False
stretch,richmond:161,False,False,1331850197791831,False,False,0.0,0,0,0,0,0,True,False
canvas_level,richmond:96,False,False,1332157318142824,False,False,0.0,0,0,1,0,0,False,True
canvas_sfm,richmond:96,False,False,1332157318142824,False,False,0.0,0,0,1,0,0,False,True
stretch,richmond:96,False,False,1332157318142824,False,False,0.0,0,0,1,0,0,False,True
canvas_level,richmond:0,True,False,1332407627947611,False,False,0.361539,1,0,0,1,0,False,False
canvas_sfm,richmond:0,True,False,1332407627947611,False,False,0.500762,1,0,0,1,0,False,False
stretch,richmond:0,True,False,1332407627947611,False,False,0.4293,1,0,0,0,0,False,False
canvas_level,richmond:222,False,False,1333291788017228,False,False,0.218785,0,0,0,0,0,False,False
canvas_sfm,richmond:222,False,False,1333291788017228,False,False,0.222539,0,0,0,0,0,False,False
stretch,richmond:222,False,False,1333291788017228,False,False,0.0,0,0,0,0,0,False,False
canvas_level,richmond:220,False,False,133649818758169,False,False,0.0,0,0,0,0,0,False,False
canvas_sfm,richmond:220,False,False,133649818758169,False,False,0.0,0,0,0,0,0,False,False
stretch,richmond:220,False,False,133649818758169,False,False,0.0,0,0,0,0,0,False,False
canvas_level,richmond:0,False,False,1337285590735871,False,False,0.198802,0,0,0,0,0,True,False
canvas_sfm,richmond:0,True,False,1337285590735871,False,False,0.333801,1,0,0,1,0,True,False
stretch,richmond:0,True,False,1337285590735871,False,False,0.328868,1,0,0,1,0,True,False
canvas_level,richmond:8,False,False,1338545010961472,False,False,0.0,0,0,1,0,0,False,True
canvas_sfm,richmond:8,False,False,1338545010961472,False,False,0.0,0,0,1,0,0,False,True
stretch,richmond:8,False,False,1338545010961472,False,False,0.0,0,0,1,0,0,False,True
canvas_level,richmond:188,True,False,1340391219687791,False,False,0.419142,1,0,0,0,0,True,False
canvas_sfm,richmond:188,True,False,1340391219687791,False,False,0.44159,1,0,0,0,0,True,False
stretch,richmond:188,True,False,1340391219687791,False,False,0.542362,1,0,0,0,0,True,False
canvas_level,richmond:146,False,False,1341145677312522,False,False,0.0,0,0,0,0,0,True,False
canvas_sfm,richmond:146,False,False,1341145677312522,False,False,0.158542,0,0,0,0,0,True,False
stretch,richmond:146,False,False,1341145677312522,False,False,0.272338,0,0,0,0,0,True,False
canvas_level,richmond:18,False,False,134215412098149,False,False,0.19321,0,0,0,0,0,True,False
canvas_sfm,richmond:18,False,False,134215412098149,False,False,0.170596,0,0,0,0,0,True,False
stretch,richmond:18,False,False,134215412098149,False,False,0.0,0,0,0,0,0,True,False
canvas_level,richmond:8,False,False,1342385703896663,False,False,0.0,0,0,1,0,0,False,True
canvas_sfm,richmond:8,False,False,1342385703896663,False,False,0.0,0,0,1,0,0,False,True
stretch,richmond:8,False,False,1342385703896663,False,False,0.0,0,0,1,0,0,False,True
canvas_level,richmond:8,False,False,1345793153929953,False,False,0.0,0,0,2,0,0,False,True
canvas_sfm,richmond:8,False,False,1345793153929953,False,False,0.0,0,0,2,0,0,False,True
stretch,richmond:8,False,False,1345793153929953,False,False,0.194844,0,0,2,0,0,False,True
canvas_level,richmond:30,False,False,134818052010517,False,False,0.0,0,0,0,0,0,True,False
canvas_sfm,richmond:30,False,False,134818052010517,False,False,0.0,0,0,0,0,0,True,False
stretch,richmond:30,False,False,134818052010517,False,False,0.0,0,0,0,0,0,True,False
canvas_level,richmond:40,False,False,1348570226141529,False,False,0.259437,0,0,1,0,0,False,True
canvas_sfm,richmond:40,True,False,1348570226141529,True,False,0.33089,1,0,1,1,0,False,True
stretch,richmond:40,False,False,1348570226141529,False,False,0.100406,0,0,1,0,0,False,True
canvas_level,richmond:133,False,False,134942038574526,False,False,0.0,0,0,0,0,0,True,False
canvas_sfm,richmond:133,False,False,134942038574526,False,False,0.0,0,0,0,0,0,True,False
stretch,richmond:133,False,False,134942038574526,False,False,0.0,0,0,0,0,0,True,False
canvas_level,richmond:149,True,False,135387508534101,False,False,0.348191,1,0,0,1,0,False,False
canvas_sfm,richmond:149,True,False,135387508534101,False,False,0.399552,1,0,0,1,0,False,False
stretch,richmond:149,True,True,135387508534101,False,False,0.701188,1,1,0,1,1,False,False
canvas_level,richmond:19,False,False,135437431876108,False,False,0.0,0,0,0,0,0,True,False
canvas_sfm,richmond:19,False,False,135437431876108,False,False,0.0,0,0,0,0,0,True,False
stretch,richmond:19,False,False,135437431876108,False,False,0.0,0,0,0,0,0,True,False
canvas_level,richmond:27,False,False,1355521888934555,False,False,0.247981,0,0,1,0,0,False,True
canvas_sfm,richmond:27,False,False,1355521888934555,False,False,0.247981,0,0,1,0,0,False,True
stretch,richmond:27,False,False,1355521888934555,False,False,0.252447,0,0,1,0,0,False,True
canvas_level,richmond:221,True,True,1361244388624793,False,False,0.707023,1,1,0,0,0,True,False
canvas_sfm,richmond:221,True,True,1361244388624793,False,False,0.803988,1,1,0,0,0,True,False
stretch,richmond:221,False,False,1361244388624793,False,False,0.152311,0,0,0,0,0,True,False
canvas_level,richmond:169,False,False,136549218519540,False,False,0.0,0,0,0,0,0,True,False
canvas_sfm,richmond:169,False,False,136549218519540,False,False,0.0,0,0,0,0,0,True,False
stretch,richmond:169,True,True,136549218519540,False,False,0.58767,1,1,0,0,0,True,False
canvas_level,richmond:201,False,False,136680768454561,False,False,0.0,0,0,0,0,0,False,False
canvas_sfm,richmond:201,False,False,136680768454561,False,False,0.0,0,0,0,0,0,False,False
stretch,richmond:201,True,True,136680768454561,False,False,0.581828,2,2,0,0,0,False,False
canvas_level,richmond:18,False,False,136829618479864,False,False,0.126243,0,0,0,0,0,True,False
canvas_sfm,richmond:18,False,False,136829618479864,False,False,0.0,0,0,0,0,0,True,False
stretch,richmond:18,False,False,136829618479864,False,False,0.0,0,0,0,0,0,True,False
canvas_level,richmond:222,False,False,1369240834247274,False,False,0.166978,0,0,0,0,0,False,False
canvas_sfm,richmond:222,False,False,1369240834247274,False,False,0.182632,0,0,0,0,0,False,False
stretch,richmond:222,True,True,1369240834247274,False,False,0.808266,2,1,0,1,0,False,False
canvas_level,richmond:145,False,False,1370736446639207,False,False,0.0,0,0,0,0,0,True,False
canvas_sfm,richmond:145,False,False,1370736446639207,False,False,0.0,0,0,0,0,0,True,False
stretch,richmond:145,False,False,1370736446639207,False,False,0.144132,0,0,0,0,0,True,False
canvas_level,richmond:149,True,False,1371611426539625,False,False,0.344464,1,0,0,1,0,False,False
canvas_sfm,richmond:149,True,False,1371611426539625,False,False,0.38027,1,0,0,1,0,False,False
stretch,richmond:149,True,True,1371611426539625,False,False,0.6755,1,1,0,1,1,False,False
canvas_level,richmond:172,False,False,1372909957435121,False,False,0.0,0,0,0,0,0,True,False
canvas_sfm,richmond:172,False,False,1372909957435121,False,False,0.0,0,0,0,0,0,True,False
stretch,richmond:172,False,False,1372909957435121,False,False,0.0,0,0,0,0,0,True,False
canvas_level,richmond:134,False,False,137328831753080,False,False,0.0,0,0,0,0,0,True,False
canvas_sfm,richmond:134,False,False,137328831753080,False,False,0.0,0,0,0,0,0,True,False
stretch,richmond:134,False,False,137328831753080,False,False,0.135107,0,0,0,0,0,True,False
canvas_level,richmond:15,False,False,137391331710348,False,False,0.121891,0,0,0,0,0,True,False
canvas_sfm,richmond:15,False,False,137391331710348,False,False,0.0,0,0,0,0,0,True,False
stretch,richmond:15,True,True,137391331710348,False,False,0.623194,1,1,0,0,0,True,False
canvas_level,richmond:198,False,False,1378159409220771,False,False,0.145914,0,0,1,0,0,False,True
canvas_sfm,richmond:198,False,False,1378159409220771,False,False,0.1619,0,0,1,0,0,False,True
stretch,richmond:198,False,False,1378159409220771,False,False,0.17904,0,0,1,0,0,False,True
canvas_level,richmond:162,False,False,1380713029274038,False,False,0.0,0,0,0,0,0,True,False
canvas_sfm,richmond:162,False,False,1380713029274038,False,False,0.0,0,0,0,0,0,True,False
stretch,richmond:162,False,False,1380713029274038,False,False,0.109146,0,0,0,0,0,True,False
canvas_level,richmond:30,False,False,1382408655472103,False,False,0.0,0,0,0,0,0,True,False
canvas_sfm,richmond:30,False,False,1382408655472103,False,False,0.0,0,0,0,0,0,True,False
stretch,richmond:30,False,False,1382408655472103,False,False,0.0,0,0,0,0,0,True,False
canvas_level,richmond:38,False,False,1384346825900699,False,False,0.0,0,0,0,0,0,True,False
canvas_sfm,richmond:38,False,False,1384346825900699,False,False,0.0,0,0,0,0,0,True,False
stretch,richmond:38,True,False,1384346825900699,False,False,0.353649,1,0,0,0,0,True,False
canvas_level,richmond:18,False,False,139208214862870,False,False,0.214388,0,0,0,0,0,True,False
canvas_sfm,richmond:18,False,False,139208214862870,False,False,0.239463,0,0,0,0,0,True,False
stretch,richmond:18,False,False,139208214862870,False,False,0.0,0,0,0,0,0,True,False
canvas_level,richmond:34,True,True,1400648417312316,False,False,0.869209,1,1,0,0,0,True,False
canvas_sfm,richmond:34,True,True,1400648417312316,False,False,0.896071,1,1,0,0,0,True,False
stretch,richmond:34,True,True,1400648417312316,False,False,0.780143,1,1,0,0,0,True,False
canvas_level,richmond:133,True,False,1400705906958605,False,False,0.309552,1,0,0,1,0,False,False
canvas_sfm,richmond:133,True,False,1400705906958605,False,False,0.432665,1,0,0,1,0,False,False
stretch,richmond:133,False,False,1400705906958605,False,False,0.124837,0,0,0,0,0,False,False
canvas_level,richmond:134,False,False,1405043806540626,False,False,0.154536,0,0,0,0,0,False,False
canvas_sfm,richmond:134,False,False,1405043806540626,False,False,0.204203,0,0,0,0,0,False,False
stretch,richmond:134,True,False,1405043806540626,False,False,0.489636,1,0,0,0,0,False,False
canvas_level,richmond:170,False,False,1408551253718132,False,False,0.166673,0,0,0,0,0,True,False
canvas_sfm,richmond:170,False,False,1408551253718132,False,False,0.166673,0,0,0,0,0,True,False
stretch,richmond:170,False,False,1408551253718132,False,False,0.0,0,0,0,0,0,True,False
canvas_level,richmond:8,False,False,1411964876539308,False,False,0.110015,0,0,0,0,0,True,False
canvas_sfm,richmond:8,False,False,1411964876539308,False,False,0.114179,0,0,0,0,0,True,False
stretch,richmond:8,True,False,1411964876539308,False,False,0.474273,2,0,0,0,0,True,False
canvas_level,richmond:201,False,False,1412999892413476,False,False,0.0,0,0,0,0,0,True,False
canvas_sfm,richmond:201,False,False,1412999892413476,False,False,0.0,0,0,0,0,0,True,False
stretch,richmond:201,False,False,1412999892413476,False,False,0.0,0,0,0,0,0,True,False
canvas_level,richmond:30,False,False,1413331816294264,False,False,0.0,0,0,0,0,0,True,False
canvas_sfm,richmond:30,False,False,1413331816294264,False,False,0.0,0,0,0,0,0,True,False
stretch,richmond:30,False,False,1413331816294264,False,False,0.0,0,0,0,0,0,True,False
canvas_level,richmond:227,False,False,1423968904787446,False,False,0.121104,0,0,0,0,0,False,False
canvas_sfm,richmond:227,False,False,1423968904787446,False,False,0.144894,0,0,0,0,0,False,False
stretch,richmond:227,False,False,1423968904787446,False,False,0.0,0,0,0,0,0,False,False
canvas_level,richmond:84,False,False,1425561187806121,False,False,0.0,0,0,0,0,0,True,False
canvas_sfm,richmond:84,False,False,1425561187806121,False,False,0.0,0,0,0,0,0,True,False
stretch,richmond:84,False,False,1425561187806121,False,False,0.0,0,0,0,0,0,True,False
canvas_level,richmond:8,False,False,1426480208576910,False,False,0.148391,0,0,0,0,0,True,False
canvas_sfm,richmond:8,False,False,1426480208576910,False,False,0.26986,0,0,0,0,0,True,False
stretch,richmond:8,False,False,1426480208576910,False,False,0.158635,0,0,0,0,0,True,False
canvas_level,richmond:11,False,False,1427217835163827,False,False,0.169502,0,0,0,0,0,True,False
canvas_sfm,richmond:11,False,False,1427217835163827,False,False,0.259389,0,0,0,0,0,True,False
stretch,richmond:11,False,False,1427217835163827,False,False,0.183687,0,0,0,0,0,True,False
canvas_level,richmond:11,False,False,1433329977939319,False,False,0.136688,0,0,0,0,0,False,False
canvas_sfm,richmond:11,True,False,1433329977939319,False,False,0.427446,2,0,0,0,0,False,False
stretch,richmond:11,False,False,1433329977939319,False,False,0.214335,0,0,0,0,0,False,False
canvas_level,richmond:201,False,False,1433540997038167,False,False,0.0,0,0,0,0,0,True,False
canvas_sfm,richmond:201,False,False,1433540997038167,False,False,0.0,0,0,0,0,0,True,False
stretch,richmond:201,False,False,1433540997038167,False,False,0.262925,0,0,0,0,0,True,False
canvas_level,richmond:162,False,False,1433785700306302,False,False,0.0,0,0,0,0,0,True,False
canvas_sfm,richmond:162,False,False,1433785700306302,False,False,0.0,0,0,0,0,0,True,False
stretch,richmond:162,False,False,1433785700306302,False,False,0.0,0,0,0,0,0,True,False
canvas_level,richmond:103,True,False,143429147696659,False,False,0.31825,2,0,0,0,0,False,False
canvas_sfm,richmond:103,True,False,143429147696659,False,False,0.36322,1,0,0,1,0,False,False
stretch,richmond:103,True,True,143429147696659,False,False,0.736567,2,1,0,1,0,False,False
canvas_level,richmond:201,False,False,143898557647787,False,False,0.0,0,0,0,0,0,False,False
canvas_sfm,richmond:201,False,False,143898557647787,False,False,0.0,0,0,0,0,0,False,False
stretch,richmond:201,True,True,143898557647787,False,False,0.60055,2,1,0,0,0,False,False
canvas_level,richmond:138,False,False,143950584377382,False,False,0.0,0,0,0,0,0,True,False
canvas_sfm,richmond:138,False,False,143950584377382,False,False,0.0,0,0,0,0,0,True,False
stretch,richmond:138,False,False,143950584377382,False,False,0.237742,0,0,0,0,0,True,False
canvas_level,richmond:185,False,False,1441037746229570,False,False,0.0,0,0,0,0,0,False,False
canvas_sfm,richmond:185,False,False,1441037746229570,False,False,0.0,0,0,0,0,0,False,False
stretch,richmond:185,False,False,1441037746229570,False,False,0.0,0,0,0,0,0,False,False
canvas_level,richmond:19,False,False,1442957119371638,False,False,0.0,0,0,0,0,0,True,False
canvas_sfm,richmond:19,False,False,1442957119371638,False,False,0.0,0,0,0,0,0,True,False
stretch,richmond:19,False,False,1442957119371638,False,False,0.0,0,0,0,0,0,True,False
canvas_level,richmond:18,False,False,1443045906139616,False,False,0.15321,0,0,0,0,0,True,False
canvas_sfm,richmond:18,False,False,1443045906139616,False,False,0.122813,0,0,0,0,0,True,False
stretch,richmond:18,False,False,1443045906139616,False,False,0.0,0,0,0,0,0,True,False
canvas_level,richmond:8,False,False,1444560950203489,False,False,0.144059,0,0,0,0,0,True,False
canvas_sfm,richmond:8,False,False,1444560950203489,False,False,0.117799,0,0,0,0,0,True,False
stretch,richmond:8,False,False,1444560950203489,False,False,0.26454,0,0,0,0,0,True,False
canvas_level,richmond:162,False,False,1445036959179973,False,False,0.0,0,0,0,0,0,True,False
canvas_sfm,richmond:162,False,False,1445036959179973,False,False,0.0,0,0,0,0,0,True,False
stretch,richmond:162,False,False,1445036959179973,False,False,0.0,0,0,0,0,0,True,False
canvas_level,richmond:8,False,False,1445371996614605,False,False,0.0,0,0,0,0,0,False,False
canvas_sfm,richmond:8,False,False,1445371996614605,False,False,0.0,0,0,0,0,0,False,False
stretch,richmond:8,False,False,1445371996614605,False,False,0.0,0,0,0,0,0,False,False
canvas_level,richmond:160,False,False,1449917859741978,False,False,0.140648,0,0,0,0,0,False,False
canvas_sfm,richmond:160,False,False,1449917859741978,False,False,0.244287,0,0,0,0,0,False,False
stretch,richmond:160,True,False,1449917859741978,False,False,0.461266,1,0,0,0,0,False,False
canvas_level,richmond:201,False,False,1452164021795202,False,False,0.0,0,0,0,0,0,True,False
canvas_sfm,richmond:201,False,False,1452164021795202,False,False,0.0,0,0,0,0,0,True,False
stretch,richmond:201,True,True,1452164021795202,False,False,0.567103,2,1,0,0,0,True,False
canvas_level,richmond:195,False,False,1452575555485739,False,False,0.0,0,0,0,0,0,True,False
canvas_sfm,richmond:195,False,False,1452575555485739,False,False,0.0,0,0,0,0,0,True,False
stretch,richmond:195,False,False,1452575555485739,False,False,0.0,0,0,0,0,0,True,False
canvas_level,richmond:184,False,False,1455812864751521,False,False,0.100691,0,0,0,0,0,True,False
canvas_sfm,richmond:184,False,False,1455812864751521,False,False,0.100692,0,0,0,0,0,True,False
stretch,richmond:184,False,False,1455812864751521,False,False,0.0,0,0,0,0,0,True,False
canvas_level,richmond:75,False,False,1457008551300737,False,False,0.0,0,0,0,0,0,True,False
canvas_sfm,richmond:75,False,False,1457008551300737,False,False,0.0,0,0,0,0,0,True,False
stretch,richmond:75,False,False,1457008551300737,False,False,0.0,0,0,0,0,0,True,False
canvas_level,richmond:148,False,False,1457379451282821,False,False,0.0,0,0,0,0,0,True,False
canvas_sfm,richmond:148,False,False,1457379451282821,False,False,0.0,0,0,0,0,0,True,False
stretch,richmond:148,False,False,1457379451282821,False,False,0.0,0,0,0,0,0,True,False
canvas_level,richmond:8,False,False,1461489498603681,False,False,0.0,0,0,0,0,0,True,False
canvas_sfm,richmond:8,False,False,1461489498603681,False,False,0.0,0,0,0,0,0,True,False
stretch,richmond:8,False,False,1461489498603681,False,False,0.201344,0,0,0,0,0,True,False
canvas_level,richmond:8,False,False,1464826141307373,False,False,0.0,0,0,0,0,0,False,False
canvas_sfm,richmond:8,False,False,1464826141307373,False,False,0.0,0,0,0,0,0,False,False
stretch,richmond:8,False,False,1464826141307373,False,False,0.148563,0,0,0,0,0,False,False
canvas_level,richmond:200,False,False,146540657375375,False,False,0.139583,0,0,0,0,0,True,False
canvas_sfm,richmond:200,False,False,146540657375375,False,False,0.135446,0,0,0,0,0,True,False
stretch,richmond:200,False,False,146540657375375,False,False,0.0,0,0,0,0,0,True,False
canvas_level,richmond:149,True,False,1468088096870213,False,False,0.439449,1,0,0,1,0,False,False
canvas_sfm,richmond:149,True,False,1468088096870213,False,False,0.468694,1,0,0,1,0,False,False
stretch,richmond:149,True,True,1468088096870213,False,False,0.691368,1,1,0,1,1,False,False
canvas_level,richmond:108,False,False,146874294171863,False,False,0.0,0,0,0,0,0,True,False
canvas_sfm,richmond:108,False,False,146874294171863,False,False,0.0,0,0,0,0,0,True,False
stretch,richmond:108,False,False,146874294171863,False,False,0.144351,0,0,0,0,0,True,False
canvas_level,richmond:22,False,False,1472399849765215,False,False,0.0,0,0,0,0,0,True,False
canvas_sfm,richmond:22,False,False,1472399849765215,False,False,0.0,0,0,0,0,0,True,False
stretch,richmond:22,False,False,1472399849765215,False,False,0.0,0,0,0,0,0,True,False
canvas_level,richmond:25,False,False,1472599527030957,False,False,0.111885,0,0,0,0,0,False,False
canvas_sfm,richmond:25,False,False,1472599527030957,False,False,0.105048,0,0,0,0,0,False,False
stretch,richmond:25,False,False,1472599527030957,False,False,0.141844,0,0,0,0,0,False,False
canvas_level,richmond:196,True,True,1477272553156363,False,False,0.652365,1,1,0,1,1,False,False
canvas_sfm,richmond:196,True,True,1477272553156363,False,False,0.736077,1,1,0,1,1,False,False
stretch,richmond:196,True,True,1477272553156363,False,False,0.738796,1,1,0,1,1,False,False
canvas_level,richmond:227,False,False,1482284239162178,False,False,0.0,0,0,0,0,0,False,False
canvas_sfm,richmond:227,False,False,1482284239162178,False,False,0.0,0,0,0,0,0,False,False
stretch,richmond:227,False,False,1482284239162178,False,False,0.288463,0,0,0,0,0,False,False
canvas_level,richmond:11,False,False,1484395252749298,False,False,0.127712,0,0,0,0,0,True,False
canvas_sfm,richmond:11,False,False,1484395252749298,False,False,0.0,0,0,0,0,0,True,False
stretch,richmond:11,True,False,1484395252749298,False,False,0.390112,1,0,0,0,0,True,False
canvas_level,richmond:148,True,False,1485408481812533,False,False,0.338785,1,0,0,0,0,True,False
canvas_sfm,richmond:148,False,False,1485408481812533,False,False,0.170065,0,0,0,0,0,True,False
stretch,richmond:148,False,False,1485408481812533,False,False,0.107585,0,0,0,0,0,True,False
canvas_level,richmond:11,False,False,1485874982857090,False,False,0.160775,0,0,0,0,0,True,False
canvas_sfm,richmond:11,False,False,1485874982857090,False,False,0.167107,0,0,0,0,0,True,False
stretch,richmond:11,False,False,1485874982857090,False,False,0.25508,0,0,0,0,0,True,False
canvas_level,richmond:8,False,False,1486126762412130,False,False,0.0,0,0,0,0,0,False,False
canvas_sfm,richmond:8,False,False,1486126762412130,False,False,0.0,0,0,0,0,0,False,False
stretch,richmond:8,False,False,1486126762412130,False,False,0.0,0,0,0,0,0,False,False
canvas_level,richmond:6,False,False,148715563929226,False,False,0.140698,0,0,1,0,0,False,True
canvas_sfm,richmond:6,False,False,148715563929226,False,False,0.223978,0,0,1,0,0,False,True
stretch,richmond:6,True,False,148715563929226,False,False,0.548133,1,0,1,1,0,False,True
canvas_level,richmond:84,False,False,1497516337511086,False,False,0.0,0,0,0,0,0,True,False
canvas_sfm,richmond:84,False,False,1497516337511086,False,False,0.0,0,0,0,0,0,True,False
stretch,richmond:84,False,False,1497516337511086,False,False,0.0,0,0,0,0,0,True,False
canvas_level,richmond:11,False,False,1498929704621581,False,False,0.10832,0,0,0,0,0,True,False
canvas_sfm,richmond:11,False,False,1498929704621581,False,False,0.138233,0,0,0,0,0,True,False
stretch,richmond:11,True,False,1498929704621581,False,False,0.479066,1,0,0,0,0,True,False
canvas_level,richmond:228,False,False,149979937106826,False,False,0.170089,0,0,0,0,0,True,False
canvas_sfm,richmond:228,False,False,149979937106826,False,False,0.107697,0,0,0,0,0,True,False
stretch,richmond:228,True,False,149979937106826,False,False,0.487876,1,0,0,0,0,True,False
canvas_level,richmond:11,False,False,1501222127428565,False,False,0.133038,0,0,0,0,0,True,False
canvas_sfm,richmond:11,False,False,1501222127428565,False,False,0.111696,0,0,0,0,0,True,False
stretch,richmond:11,False,False,1501222127428565,False,False,0.135431,0,0,0,0,0,True,False
canvas_level,richmond:103,False,False,150156327073242,False,False,0.0,0,0,0,0,0,True,False
canvas_sfm,richmond:103,False,False,150156327073242,False,False,0.0,0,0,0,0,0,True,False
stretch,richmond:103,False,False,150156327073242,False,False,0.0,0,0,0,0,0,True,False
canvas_level,richmond:8,False,False,1501731490997758,False,False,0.0,0,0,1,0,0,False,True
canvas_sfm,richmond:8,False,False,1501731490997758,False,False,0.0,0,0,1,0,0,False,True
stretch,richmond:8,False,False,1501731490997758,False,False,0.148856,0,0,1,0,0,False,True
canvas_level,richmond:0,False,False,1501949993809253,False,False,0.0,0,0,0,0,0,True,False
canvas_sfm,richmond:0,False,False,1501949993809253,False,False,0.0,0,0,0,0,0,True,False
stretch,richmond:0,False,False,1501949993809253,False,False,0.299582,0,0,0,0,0,True,False
canvas_level,richmond:222,False,False,1507666099592509,False,False,0.175446,0,0,1,0,0,False,True
canvas_sfm,richmond:222,False,False,1507666099592509,False,False,0.182367,0,0,1,0,0,False,True
stretch,richmond:222,True,True,1507666099592509,True,True,0.675947,2,1,1,1,1,False,True
canvas_level,richmond:8,False,False,1509683490173114,False,False,0.0,0,0,0,0,0,True,False
canvas_sfm,richmond:8,False,False,1509683490173114,False,False,0.0,0,0,0,0,0,True,False
stretch,richmond:8,False,False,1509683490173114,False,False,0.0,0,0,0,0,0,True,False
canvas_level,richmond:203,False,False,1514005992834898,False,False,0.263079,0,0,0,0,0,True,False
canvas_sfm,richmond:203,True,False,1514005992834898,False,False,0.32046,1,0,0,0,0,True,False
stretch,richmond:203,True,True,1514005992834898,False,False,0.694061,1,1,0,0,0,True,False
canvas_level,richmond:236,False,False,1515326075737133,False,False,0.0,0,0,0,0,0,True,False
canvas_sfm,richmond:236,False,False,1515326075737133,False,False,0.0,0,0,0,0,0,True,False
stretch,richmond:236,False,False,1515326075737133,False,False,0.0,0,0,0,0,0,True,False
canvas_level,richmond:148,False,False,151695337010978,False,False,0.0,0,0,0,0,0,True,False
canvas_sfm,richmond:148,False,False,151695337010978,False,False,0.0,0,0,0,0,0,True,False
stretch,richmond:148,False,False,151695337010978,False,False,0.0,0,0,0,0,0,True,False
canvas_level,richmond:128,False,False,1520693621691190,False,False,0.112982,0,0,0,0,0,False,False
canvas_sfm,richmond:128,False,False,1520693621691190,False,False,0.0,0,0,0,0,0,False,False
stretch,richmond:128,False,False,1520693621691190,False,False,0.0,0,0,0,0,0,False,False
canvas_level,richmond:147,True,True,1522351468665028,True,True,0.915255,1,1,1,1,1,False,True
canvas_sfm,richmond:147,True,True,1522351468665028,True,True,0.858017,1,1,1,1,1,False,True
stretch,richmond:147,False,False,1522351468665028,False,False,0.193579,0,0,1,0,0,False,True
canvas_level,richmond:8,False,False,1524418115214834,False,False,0.0,0,0,0,0,0,True,False
canvas_sfm,richmond:8,False,False,1524418115214834,False,False,0.0,0,0,0,0,0,True,False
stretch,richmond:8,True,False,1524418115214834,False,False,0.525525,2,0,0,0,0,True,False
canvas_level,richmond:146,False,False,1525896098082350,False,False,0.0,0,0,0,0,0,True,False
canvas_sfm,richmond:146,False,False,1525896098082350,False,False,0.0,0,0,0,0,0,True,False
stretch,richmond:146,False,False,1525896098082350,False,False,0.0,0,0,0,0,0,True,False
canvas_level,richmond:115,False,False,1525999791428346,False,False,0.0,0,0,0,0,0,True,False
canvas_sfm,richmond:115,False,False,1525999791428346,False,False,0.0,0,0,0,0,0,True,False
stretch,richmond:115,False,False,1525999791428346,False,False,0.0,0,0,0,0,0,True,False
canvas_level,richmond:23,False,False,1526219370881881,False,False,0.214998,0,0,0,0,0,True,False
canvas_sfm,richmond:23,False,False,1526219370881881,False,False,0.19459,0,0,0,0,0,True,False
stretch,richmond:23,False,False,1526219370881881,False,False,0.0,0,0,0,0,0,True,False
canvas_level,richmond:201,False,False,1527464780949155,False,False,0.294356,0,0,0,0,0,True,False
canvas_sfm,richmond:201,False,False,1527464780949155,False,False,0.259193,0,0,0,0,0,True,False
stretch,richmond:201,True,False,1527464780949155,False,False,0.512003,2,0,0,1,0,True,False
canvas_level,richmond:203,False,False,1528907210992666,False,False,0.0,0,0,0,0,0,True,False
canvas_sfm,richmond:203,False,False,1528907210992666,False,False,0.0,0,0,0,0,0,True,False
stretch,richmond:203,False,False,1528907210992666,False,False,0.0,0,0,0,0,0,True,False
canvas_level,richmond:11,False,False,1530368331471381,False,False,0.252526,0,0,0,0,0,False,False
canvas_sfm,richmond:11,False,False,1530368331471381,False,False,0.247213,0,0,0,0,0,False,False
stretch,richmond:11,False,False,1530368331471381,False,False,0.173556,0,0,0,0,0,False,False
canvas_level,richmond:237,False,False,153067276778129,False,False,0.0,0,0,0,0,0,True,False
canvas_sfm,richmond:237,False,False,153067276778129,False,False,0.0,0,0,0,0,0,True,False
stretch,richmond:237,False,False,153067276778129,False,False,0.0,0,0,0,0,0,True,False
canvas_level,richmond:147,True,True,1534469650752070,False,False,0.730822,1,1,0,0,0,False,False
canvas_sfm,richmond:147,True,True,1534469650752070,False,False,0.75951,1,1,0,0,0,False,False
stretch,richmond:147,True,True,1534469650752070,False,False,0.664848,1,1,0,0,0,False,False
canvas_level,richmond:34,True,True,1534701763790124,False,False,0.729022,1,1,0,0,0,False,False
canvas_sfm,richmond:34,True,True,1534701763790124,False,False,0.6237,1,1,0,0,0,False,False
stretch,richmond:34,True,True,1534701763790124,False,False,0.781297,2,1,0,0,0,False,False
canvas_level,richmond:148,True,False,153682680087411,True,False,0.434141,1,0,2,1,0,False,True
canvas_sfm,richmond:148,True,False,153682680087411,True,False,0.492381,1,0,2,1,0,False,True
stretch,richmond:148,True,True,153682680087411,True,True,0.582031,1,1,2,1,1,False,True
canvas_level,richmond:201,False,False,1537955236536184,False,False,0.171014,0,0,0,0,0,True,False
canvas_sfm,richmond:201,False,False,1537955236536184,False,False,0.172849,0,0,0,0,0,True,False
stretch,richmond:201,False,False,1537955236536184,False,False,0.13022,0,0,0,0,0,True,False
canvas_level,richmond:188,False,False,154087610061749,False,False,0.0,0,0,1,0,0,False,True
canvas_sfm,richmond:188,False,False,154087610061749,False,False,0.0,0,0,1,0,0,False,True
stretch,richmond:188,False,False,154087610061749,False,False,0.0,0,0,1,0,0,False,True
canvas_level,richmond:151,True,True,1541301923087257,True,True,0.887479,3,3,3,3,3,False,True
canvas_sfm,richmond:151,True,True,1541301923087257,True,True,0.863191,3,3,3,3,3,False,True
stretch,richmond:151,True,True,1541301923087257,True,True,0.828134,3,2,3,3,2,False,True
canvas_level,richmond:18,False,False,154279903407149,False,False,0.0,0,0,0,0,0,False,False
canvas_sfm,richmond:18,False,False,154279903407149,False,False,0.0,0,0,0,0,0,False,False
stretch,richmond:18,True,True,154279903407149,False,False,0.848728,8,2,0,0,0,False,False
canvas_level,richmond:96,False,False,1556764708362584,False,False,0.242048,0,0,2,0,0,False,True
canvas_sfm,richmond:96,False,False,1556764708362584,False,False,0.242048,0,0,2,0,0,False,True
stretch,richmond:96,True,False,1556764708362584,False,False,0.333411,1,0,2,0,0,False,True
canvas_level,richmond:8,False,False,1557062395255545,False,False,0.0,0,0,2,0,0,False,True
canvas_sfm,richmond:8,False,False,1557062395255545,False,False,0.0,0,0,2,0,0,False,True
stretch,richmond:8,False,False,1557062395255545,False,False,0.0,0,0,2,0,0,False,True
canvas_level,richmond:99,False,False,1560475527994486,False,False,0.0,0,0,0,0,0,True,False
canvas_sfm,richmond:99,False,False,1560475527994486,False,False,0.101948,0,0,0,0,0,True,False
stretch,richmond:99,False,False,1560475527994486,False,False,0.183676,0,0,0,0,0,True,False
canvas_level,richmond:148,False,False,156088549881283,False,False,0.0,0,0,0,0,0,True,False
canvas_sfm,richmond:148,False,False,156088549881283,False,False,0.0,0,0,0,0,0,True,False
stretch,richmond:148,False,False,156088549881283,False,False,0.0,0,0,0,0,0,True,False
canvas_level,richmond:8,False,False,1562842008010746,False,False,0.0,0,0,0,0,0,False,False
canvas_sfm,richmond:8,False,False,1562842008010746,False,False,0.0,0,0,0,0,0,False,False
stretch,richmond:8,False,False,1562842008010746,False,False,0.0,0,0,0,0,0,False,False
canvas_level,richmond:228,False,False,1565703574069352,False,False,0.0,0,0,0,0,0,True,False
canvas_sfm,richmond:228,False,False,1565703574069352,False,False,0.0,0,0,0,0,0,True,False
stretch,richmond:228,False,False,1565703574069352,False,False,0.107148,0,0,0,0,0,True,False
canvas_level,richmond:7,False,False,1569063343799544,False,False,0.0,0,0,0,0,0,True,False
canvas_sfm,richmond:7,False,False,1569063343799544,False,False,0.0,0,0,0,0,0,True,False
stretch,richmond:7,False,False,1569063343799544,False,False,0.0,0,0,0,0,0,True,False
canvas_level,richmond:151,False,False,1569768263582410,False,False,0.0,0,0,0,0,0,True,False
canvas_sfm,richmond:151,False,False,1569768263582410,False,False,0.0,0,0,0,0,0,True,False
stretch,richmond:151,False,False,1569768263582410,False,False,0.0,0,0,0,0,0,True,False
canvas_level,richmond:221,False,False,157080446366567,False,False,0.0,0,0,0,0,0,True,False
canvas_sfm,richmond:221,False,False,157080446366567,False,False,0.0,0,0,0,0,0,True,False
stretch,richmond:221,False,False,157080446366567,False,False,0.0,0,0,0,0,0,True,False
canvas_level,richmond:237,False,False,1572304473329848,False,False,0.101857,0,0,0,0,0,True,False
canvas_sfm,richmond:237,False,False,1572304473329848,False,False,0.108767,0,0,0,0,0,True,False
stretch,richmond:237,False,False,1572304473329848,False,False,0.116028,0,0,0,0,0,True,False
canvas_level,richmond:128,False,False,157700292893255,False,False,0.265976,0,0,0,0,0,True,False
canvas_sfm,richmond:128,False,False,157700292893255,False,False,0.202756,0,0,0,0,0,True,False
stretch,richmond:128,False,False,157700292893255,False,False,0.0,0,0,0,0,0,True,False
canvas_level,richmond:107,False,False,158083073034912,False,False,0.0,0,0,1,0,0,True,True
canvas_sfm,richmond:107,False,False,158083073034912,False,False,0.0,0,0,1,0,0,True,True
stretch,richmond:107,False,False,158083073034912,False,False,0.0,0,0,1,0,0,True,True
canvas_level,richmond:40,False,False,1581777605802472,False,False,0.173229,0,0,1,0,0,False,True
canvas_sfm,richmond:40,False,False,1581777605802472,False,False,0.225872,0,0,1,0,0,False,True
stretch,richmond:40,False,False,1581777605802472,False,False,0.0,0,0,1,0,0,False,True
canvas_level,richmond:220,False,False,1582880115235047,False,False,0.0,0,0,0,0,0,True,False
canvas_sfm,richmond:220,False,False,1582880115235047,False,False,0.0,0,0,0,0,0,True,False
stretch,richmond:220,False,False,1582880115235047,False,False,0.0,0,0,0,0,0,True,False
canvas_level,richmond:135,False,False,158372319484735,False,False,0.163462,0,0,2,0,0,False,True
canvas_sfm,richmond:135,False,False,158372319484735,False,False,0.184173,0,0,2,0,0,False,True
stretch,richmond:135,True,True,158372319484735,False,False,0.646235,1,1,2,0,0,False,True
canvas_level,richmond:154,False,False,158510766324986,False,False,0.0,0,0,0,0,0,True,False
canvas_sfm,richmond:154,False,False,158510766324986,False,False,0.0,0,0,0,0,0,True,False
stretch,richmond:154,False,False,158510766324986,False,False,0.107634,0,0,0,0,0,True,False
canvas_level,richmond:191,False,False,1588161758373992,False,False,0.0,0,0,1,0,0,False,True
canvas_sfm,richmond:191,False,False,1588161758373992,False,False,0.0,0,0,1,0,0,False,True
stretch,richmond:191,False,False,1588161758373992,False,False,0.14603,0,0,1,0,0,False,True
canvas_level,richmond:34,False,False,158935139514074,False,False,0.248644,0,0,0,0,0,True,False
canvas_sfm,richmond:34,False,False,158935139514074,False,False,0.25106,0,0,0,0,0,True,False
stretch,richmond:34,True,False,158935139514074,False,False,0.423352,1,0,0,0,0,True,False
canvas_level,richmond:21,False,False,1595426794181098,False,False,0.15435,0,0,2,0,0,False,True
canvas_sfm,richmond:21,False,False,1595426794181098,False,False,0.0,0,0,2,0,0,False,True
stretch,richmond:21,False,False,1595426794181098,False,False,0.0,0,0,2,0,0,False,True
canvas_level,richmond:21,False,False,1596642677201885,False,False,0.0,0,0,0,0,0,False,False
canvas_sfm,richmond:21,False,False,1596642677201885,False,False,0.0,0,0,0,0,0,False,False
stretch,richmond:21,False,False,1596642677201885,False,False,0.0,0,0,0,0,0,False,False
canvas_level,richmond:8,False,False,1596733811301883,False,False,0.0,0,0,1,0,0,False,True
canvas_sfm,richmond:8,False,False,1596733811301883,False,False,0.0,0,0,1,0,0,False,True
stretch,richmond:8,True,False,1596733811301883,False,False,0.354018,1,0,1,1,0,False,True
canvas_level,richmond:171,False,False,1601308723773957,False,False,0.124938,0,0,0,0,0,True,False
canvas_sfm,richmond:171,False,False,1601308723773957,False,False,0.156353,0,0,0,0,0,True,False
stretch,richmond:171,False,False,1601308723773957,False,False,0.0,0,0,0,0,0,True,False
canvas_level,richmond:77,False,False,1602240327336024,False,False,0.140801,0,0,0,0,0,True,False
canvas_sfm,richmond:77,False,False,1602240327336024,False,False,0.140802,0,0,0,0,0,True,False
stretch,richmond:77,False,False,1602240327336024,False,False,0.0,0,0,0,0,0,True,False
canvas_level,richmond:38,False,False,1603695231032326,False,False,0.161116,0,0,0,0,0,True,False
canvas_sfm,richmond:38,False,False,1603695231032326,False,False,0.1571,0,0,0,0,0,True,False
stretch,richmond:38,False,False,1603695231032326,False,False,0.123058,0,0,0,0,0,True,False
canvas_level,richmond:150,True,True,1607354350052611,True,True,0.646815,1,1,1,1,1,False,True
canvas_sfm,richmond:150,True,True,1607354350052611,True,True,0.636008,1,1,1,1,1,False,True
stretch,richmond:150,True,True,1607354350052611,False,False,0.602777,1,1,1,0,0,False,True
canvas_level,richmond:18,False,False,1610870005969360,False,False,0.0,0,0,0,0,0,True,False
canvas_sfm,richmond:18,False,False,1610870005969360,False,False,0.0,0,0,0,0,0,True,False
stretch,richmond:18,False,False,1610870005969360,False,False,0.0,0,0,0,0,0,True,False
canvas_level,richmond:127,False,False,161257542596168,False,False,0.124034,0,0,1,0,0,False,True
canvas_sfm,richmond:127,False,False,161257542596168,False,False,0.167516,0,0,1,0,0,False,True
stretch,richmond:127,False,False,161257542596168,False,False,0.159982,0,0,1,0,0,False,True
canvas_level,richmond:147,False,False,1614850176027756,False,False,0.229521,0,0,0,0,0,True,False
canvas_sfm,richmond:147,False,False,1614850176027756,False,False,0.161038,0,0,0,0,0,True,False
stretch,richmond:147,True,True,1614850176027756,False,False,0.677788,1,1,0,0,0,True,False
canvas_level,richmond:133,False,False,1616885235542948,False,False,0.105843,0,0,0,0,0,False,False
canvas_sfm,richmond:133,False,False,1616885235542948,False,False,0.0,0,0,0,0,0,False,False
stretch,richmond:133,True,False,1616885235542948,False,False,0.514662,2,0,0,1,0,False,False
canvas_level,richmond:147,True,False,1618774552246346,False,False,0.326761,1,0,0,1,0,False,False
canvas_sfm,richmond:147,True,False,1618774552246346,False,False,0.374897,1,0,0,1,0,False,False
stretch,richmond:147,True,True,1618774552246346,False,False,0.749864,2,1,0,1,1,False,False
canvas_level,richmond:151,True,True,1619966785211386,True,True,0.894827,2,2,1,2,2,False,True
canvas_sfm,richmond:151,True,True,1619966785211386,True,True,0.89275,2,2,1,2,2,False,True
stretch,richmond:151,True,True,1619966785211386,True,True,0.867672,3,1,1,2,1,False,True
canvas_level,richmond:240,False,False,1622549861641299,False,False,0.124224,0,0,0,0,0,False,False
canvas_sfm,richmond:240,False,False,1622549861641299,False,False,0.114144,0,0,0,0,0,False,False
stretch,richmond:240,True,False,1622549861641299,False,False,0.378108,1,0,0,0,0,False,False
canvas_level,richmond:149,True,False,162362502485655,False,False,0.358427,1,0,0,1,0,False,False
canvas_sfm,richmond:149,True,False,162362502485655,False,False,0.445532,1,0,0,1,0,False,False
stretch,richmond:149,True,True,162362502485655,False,False,0.657419,1,1,0,1,1,False,False
canvas_level,richmond:161,False,False,162370519153417,False,False,0.0,0,0,0,0,0,False,False
canvas_sfm,richmond:161,False,False,162370519153417,False,False,0.109806,0,0,0,0,0,False,False
stretch,richmond:161,False,False,162370519153417,False,False,0.257245,0,0,0,0,0,False,False
canvas_level,richmond:20,False,False,1628279754044808,False,False,0.104031,0,0,0,0,0,True,False
canvas_sfm,richmond:20,False,False,1628279754044808,False,False,0.17532,0,0,0,0,0,True,False
stretch,richmond:20,True,False,1628279754044808,False,False,0.438379,1,0,0,0,0,True,False
canvas_level,richmond:222,False,False,1629580807657981,False,False,0.294051,0,0,0,0,0,False,False
canvas_sfm,richmond:222,True,False,1629580807657981,False,False,0.445026,1,0,0,0,0,False,False
stretch,richmond:222,True,False,1629580807657981,False,False,0.409509,1,0,0,0,0,False,False
canvas_level,richmond:25,False,False,1630073407900448,False,False,0.150351,0,0,0,0,0,False,False
canvas_sfm,richmond:25,False,False,1630073407900448,False,False,0.135832,0,0,0,0,0,False,False
stretch,richmond:25,True,True,1630073407900448,False,False,0.559551,1,1,0,1,1,False,False
canvas_level,richmond:46,True,True,1635097843992597,True,True,0.731805,2,2,1,2,2,False,True
canvas_sfm,richmond:46,True,True,1635097843992597,True,True,0.692514,2,2,1,2,2,False,True
stretch,richmond:46,False,False,1635097843992597,False,False,0.159284,0,0,1,0,0,False,True
canvas_level,richmond:221,False,False,1641048616505772,False,False,0.0,0,0,0,0,0,True,False
canvas_sfm,richmond:221,False,False,1641048616505772,False,False,0.0,0,0,0,0,0,True,False
stretch,richmond:221,False,False,1641048616505772,False,False,0.133122,0,0,0,0,0,True,False
canvas_level,richmond:95,False,False,1641664316724726,False,False,0.138998,0,0,0,0,0,True,False
canvas_sfm,richmond:95,False,False,1641664316724726,False,False,0.138998,0,0,0,0,0,True,False
stretch,richmond:95,False,False,1641664316724726,False,False,0.0,0,0,0,0,0,True,False
canvas_level,richmond:161,False,False,1642412263220267,False,False,0.0,0,0,0,0,0,True,False
canvas_sfm,richmond:161,False,False,1642412263220267,False,False,0.0,0,0,0,0,0,True,False
stretch,richmond:161,False,False,1642412263220267,False,False,0.0,0,0,0,0,0,True,False
canvas_level,richmond:51,False,False,1647056855464955,False,False,0.167468,0,0,0,0,0,False,False
canvas_sfm,richmond:51,False,False,1647056855464955,False,False,0.19736,0,0,0,0,0,False,False
stretch,richmond:51,False,False,1647056855464955,False,False,0.192375,0,0,0,0,0,False,False
canvas_level,richmond:241,False,False,1649272832501402,False,False,0.0,0,0,2,0,0,False,True
canvas_sfm,richmond:241,False,False,1649272832501402,False,False,0.0,0,0,2,0,0,False,True
stretch,richmond:241,False,False,1649272832501402,False,False,0.100372,0,0,2,0,0,False,True
canvas_level,richmond:186,False,False,164995082143800,False,False,0.0,0,0,0,0,0,False,False
canvas_sfm,richmond:186,False,False,164995082143800,False,False,0.103205,0,0,0,0,0,False,False
stretch,richmond:186,False,False,164995082143800,False,False,0.0,0,0,0,0,0,False,False
canvas_level,richmond:227,False,False,1652286875523929,False,False,0.0,0,0,0,0,0,True,False
canvas_sfm,richmond:227,False,False,1652286875523929,False,False,0.0,0,0,0,0,0,True,False
stretch,richmond:227,False,False,1652286875523929,False,False,0.0,0,0,0,0,0,True,False
canvas_level,richmond:242,True,True,1652664808910027,False,False,0.551154,1,1,0,0,0,True,False
canvas_sfm,richmond:242,True,False,1652664808910027,False,False,0.434825,1,0,0,0,0,True,False
stretch,richmond:242,True,False,1652664808910027,False,False,0.421459,1,0,0,0,0,True,False
canvas_level,richmond:148,False,False,165330635612157,False,False,0.0,0,0,0,0,0,True,False
canvas_sfm,richmond:148,False,False,165330635612157,False,False,0.0,0,0,0,0,0,True,False
stretch,richmond:148,False,False,165330635612157,False,False,0.0,0,0,0,0,0,True,False
canvas_level,richmond:85,False,False,1653436008827111,False,False,0.0,0,0,1,0,0,True,True
canvas_sfm,richmond:85,False,False,1653436008827111,False,False,0.0,0,0,1,0,0,True,True
stretch,richmond:85,False,False,1653436008827111,False,False,0.128796,0,0,1,0,0,True,True
canvas_level,richmond:148,False,False,1660779120777450,False,False,0.0,0,0,0,0,0,False,False
canvas_sfm,richmond:148,False,False,1660779120777450,False,False,0.0,0,0,0,0,0,False,False
stretch,richmond:148,False,False,1660779120777450,False,False,0.0,0,0,0,0,0,False,False
canvas_level,richmond:149,True,False,166380282105814,False,False,0.366271,1,0,0,1,0,False,False
canvas_sfm,richmond:149,True,False,166380282105814,False,False,0.401439,1,0,0,1,0,False,False
stretch,richmond:149,True,True,166380282105814,False,False,0.748426,1,1,0,1,1,False,False
canvas_level,richmond:201,False,False,166944422022941,False,False,0.0,0,0,0,0,0,False,False
canvas_sfm,richmond:201,False,False,166944422022941,False,False,0.0,0,0,0,0,0,False,False
stretch,richmond:201,True,True,166944422022941,False,False,0.623586,2,1,0,0,0,False,False
canvas_level,richmond:234,True,False,167007665405832,False,False,0.355814,1,0,2,0,0,False,True
canvas_sfm,richmond:234,True,False,167007665405832,False,False,0.355978,1,0,2,0,0,False,True
stretch,richmond:234,False,False,167007665405832,False,False,0.200237,0,0,2,0,0,False,True
canvas_level,richmond:46,False,False,1670755870401075,False,False,0.0,0,0,0,0,0,True,False
canvas_sfm,richmond:46,False,False,1670755870401075,False,False,0.0,0,0,0,0,0,True,False
stretch,richmond:46,False,False,1670755870401075,False,False,0.0,0,0,0,0,0,True,False
canvas_level,richmond:18,False,False,167084005418816,False,False,0.160034,0,0,0,0,0,True,False
canvas_sfm,richmond:18,False,False,167084005418816,False,False,0.0,0,0,0,0,0,True,False
stretch,richmond:18,False,False,167084005418816,False,False,0.0,0,0,0,0,0,True,False
canvas_level,richmond:8,False,False,167302248647245,False,False,0.117848,0,0,0,0,0,True,False
canvas_sfm,richmond:8,False,False,167302248647245,False,False,0.121409,0,0,0,0,0,True,False
stretch,richmond:8,False,False,167302248647245,False,False,0.137856,0,0,0,0,0,True,False
canvas_level,richmond:0,False,False,1675911766608119,False,False,0.0,0,0,0,0,0,True,False
canvas_sfm,richmond:0,False,False,1675911766608119,False,False,0.0,0,0,0,0,0,True,False
stretch,richmond:0,False,False,1675911766608119,False,False,0.129382,0,0,0,0,0,True,False
canvas_level,richmond:201,False,False,167662242047483,False,False,0.113651,0,0,0,0,0,True,False
canvas_sfm,richmond:201,False,False,167662242047483,False,False,0.129209,0,0,0,0,0,True,False
stretch,richmond:201,False,False,167662242047483,False,False,0.0,0,0,0,0,0,True,False
canvas_level,richmond:148,True,True,1677043793094855,True,True,0.927294,5,5,1,4,4,False,True
canvas_sfm,richmond:148,True,True,1677043793094855,True,True,0.98794,5,4,1,3,3,False,True
stretch,richmond:148,True,True,1677043793094855,True,True,0.929937,4,3,1,3,3,False,True
canvas_level,richmond:148,False,False,1678603335662162,False,False,0.248358,0,0,0,0,0,False,False
canvas_sfm,richmond:148,True,False,1678603335662162,False,False,0.362816,1,0,0,1,0,False,False
stretch,richmond:148,False,False,1678603335662162,False,False,0.112913,0,0,0,0,0,False,False
canvas_level,richmond:144,False,False,1679429215975257,False,False,0.0,0,0,0,0,0,False,False
canvas_sfm,richmond:144,False,False,1679429215975257,False,False,0.0,0,0,0,0,0,False,False
stretch,richmond:144,False,False,1679429215975257,False,False,0.0,0,0,0,0,0,False,False
canvas_level,richmond:146,False,False,1688806622047895,False,False,0.156187,0,0,0,0,0,True,False
canvas_sfm,richmond:146,False,False,1688806622047895,False,False,0.15368,0,0,0,0,0,True,False
stretch,richmond:146,False,False,1688806622047895,False,False,0.239062,0,0,0,0,0,True,False
canvas_level,richmond:146,False,False,1688847388337239,False,False,0.0,0,0,0,0,0,True,False
canvas_sfm,richmond:146,False,False,1688847388337239,False,False,0.0,0,0,0,0,0,True,False
stretch,richmond:146,False,False,1688847388337239,False,False,0.138915,0,0,0,0,0,True,False
canvas_level,richmond:133,True,False,1691451204577392,False,False,0.459181,1,0,0,0,0,True,False
canvas_sfm,richmond:133,True,False,1691451204577392,False,False,0.407141,1,0,0,0,0,True,False
stretch,richmond:133,False,False,1691451204577392,False,False,0.24047,0,0,0,0,0,True,False
canvas_level,richmond:235,False,False,169146518359788,False,False,0.0,0,0,0,0,0,True,False
canvas_sfm,richmond:235,False,False,169146518359788,False,False,0.0,0,0,0,0,0,True,False
stretch,richmond:235,False,False,169146518359788,False,False,0.0,0,0,0,0,0,True,False
canvas_level,richmond:8,False,False,1691895534771419,False,False,0.0,0,0,1,0,0,False,True
canvas_sfm,richmond:8,False,False,1691895534771419,False,False,0.0,0,0,1,0,0,False,True
stretch,richmond:8,False,False,1691895534771419,False,False,0.102896,0,0,1,0,0,False,True
canvas_level,richmond:116,False,False,1698256827773165,False,False,0.0,0,0,0,0,0,True,False
canvas_sfm,richmond:116,False,False,1698256827773165,False,False,0.0,0,0,0,0,0,True,False
stretch,richmond:116,False,False,1698256827773165,False,False,0.0,0,0,0,0,0,True,False
canvas_level,richmond:8,False,False,1699165694114842,False,False,0.20858,0,0,0,0,0,True,False
canvas_sfm,richmond:8,False,False,1699165694114842,False,False,0.227067,0,0,0,0,0,True,False
stretch,richmond:8,False,False,1699165694114842,False,False,0.126581,0,0,0,0,0,True,False
canvas_level,richmond:203,True,True,1704514216750092,False,False,0.881229,2,2,0,1,1,False,False
canvas_sfm,richmond:203,True,True,1704514216750092,False,False,0.873001,2,2,0,1,1,False,False
stretch,richmond:203,True,True,1704514216750092,False,False,0.845452,2,1,0,1,0,False,False
canvas_level,richmond:166,False,False,170824531621071,False,False,0.0,0,0,0,0,0,True,False
canvas_sfm,richmond:166,False,False,170824531621071,False,False,0.0,0,0,0,0,0,True,False
stretch,richmond:166,False,False,170824531621071,False,False,0.156766,0,0,0,0,0,True,False
canvas_level,richmond:19,False,False,170882604853564,False,False,0.0,0,0,0,0,0,True,False
canvas_sfm,richmond:19,False,False,170882604853564,False,False,0.0,0,0,0,0,0,True,False
stretch,richmond:19,False,False,170882604853564,False,False,0.0,0,0,0,0,0,True,False
canvas_level,richmond:0,False,False,1711654416047482,False,False,0.0,0,0,0,0,0,True,False
canvas_sfm,richmond:0,False,False,1711654416047482,False,False,0.11432,0,0,0,0,0,True,False
stretch,richmond:0,True,False,1711654416047482,False,False,0.343474,1,0,0,0,0,True,False
canvas_level,richmond:35,False,False,1716253215573595,False,False,0.0,0,0,0,0,0,True,False
canvas_sfm,richmond:35,False,False,1716253215573595,False,False,0.0,0,0,0,0,0,True,False
stretch,richmond:35,False,False,1716253215573595,False,False,0.0,0,0,0,0,0,True,False
canvas_level,richmond:128,False,False,172356311449732,False,False,0.25757,0,0,0,0,0,True,False
canvas_sfm,richmond:128,False,False,172356311449732,False,False,0.288075,0,0,0,0,0,True,False
stretch,richmond:128,False,False,172356311449732,False,False,0.0,0,0,0,0,0,True,False
canvas_level,richmond:75,False,False,172508584749260,False,False,0.0,0,0,0,0,0,True,False
canvas_sfm,richmond:75,False,False,172508584749260,False,False,0.0,0,0,0,0,0,True,False
stretch,richmond:75,False,False,172508584749260,False,False,0.0,0,0,0,0,0,True,False
canvas_level,richmond:8,False,False,1725956181384961,False,False,0.182728,0,0,0,0,0,True,False
canvas_sfm,richmond:8,False,False,1725956181384961,False,False,0.125846,0,0,0,0,0,True,False
stretch,richmond:8,True,False,1725956181384961,False,False,0.333796,1,0,0,0,0,True,False
canvas_level,richmond:85,False,False,172984288118725,False,False,0.0,0,0,0,0,0,True,False
canvas_sfm,richmond:85,False,False,172984288118725,False,False,0.0,0,0,0,0,0,True,False
stretch,richmond:85,False,False,172984288118725,False,False,0.0,0,0,0,0,0,True,False
canvas_level,richmond:146,False,False,1745796925990274,False,False,0.0,0,0,0,0,0,True,False
canvas_sfm,richmond:146,False,False,1745796925990274,False,False,0.10694,0,0,0,0,0,True,False
stretch,richmond:146,False,False,1745796925990274,False,False,0.23182,0,0,0,0,0,True,False
canvas_level,richmond:134,False,False,175288151163846,False,False,0.0,0,0,0,0,0,True,False
canvas_sfm,richmond:134,False,False,175288151163846,False,False,0.0,0,0,0,0,0,True,False
stretch,richmond:134,True,False,175288151163846,False,False,0.305816,1,0,0,0,0,True,False
canvas_level,richmond:38,False,False,1758600001596264,False,False,0.123396,0,0,0,0,0,True,False
canvas_sfm,richmond:38,False,False,1758600001596264,False,False,0.0,0,0,0,0,0,True,False
stretch,richmond:38,False,False,1758600001596264,False,False,0.0,0,0,0,0,0,True,False
canvas_level,richmond:132,False,False,1758735788258007,False,False,0.0,0,0,0,0,0,False,False
canvas_sfm,richmond:132,False,False,1758735788258007,False,False,0.0,0,0,0,0,0,False,False
stretch,richmond:132,False,False,1758735788258007,False,False,0.103868,0,0,0,0,0,False,False
canvas_level,richmond:231,False,False,1763324877407508,False,False,0.0,0,0,0,0,0,True,False
canvas_sfm,richmond:231,False,False,1763324877407508,False,False,0.0,0,0,0,0,0,True,False
stretch,richmond:231,False,False,1763324877407508,False,False,0.126841,0,0,0,0,0,True,False
canvas_level,richmond:26,False,False,176342610941375,False,False,0.106046,0,0,0,0,0,False,False
canvas_sfm,richmond:26,False,False,176342610941375,False,False,0.0,0,0,0,0,0,False,False
stretch,richmond:26,False,False,176342610941375,False,False,0.17555,0,0,0,0,0,False,False
canvas_level,richmond:18,False,False,177174000985184,False,False,0.118226,0,0,0,0,0,True,False
canvas_sfm,richmond:18,False,False,177174000985184,False,False,0.0,0,0,0,0,0,True,False
stretch,richmond:18,False,False,177174000985184,False,False,0.0,0,0,0,0,0,True,False
canvas_level,richmond:171,False,False,1772333986626613,False,False,0.0,0,0,0,0,0,False,False
canvas_sfm,richmond:171,False,False,1772333986626613,False,False,0.0,0,0,0,0,0,False,False
stretch,richmond:171,False,False,1772333986626613,False,False,0.118227,0,0,0,0,0,False,False
canvas_level,richmond:148,False,False,177410190904995,False,False,0.0,0,0,0,0,0,True,False
canvas_sfm,richmond:148,False,False,177410190904995,False,False,0.0,0,0,0,0,0,True,False
stretch,richmond:148,False,False,177410190904995,False,False,0.112948,0,0,0,0,0,True,False
canvas_level,richmond:186,False,False,177468757593473,False,False,0.0,0,0,1,0,0,False,True
canvas_sfm,richmond:186,False,False,177468757593473,False,False,0.102085,0,0,1,0,0,False,True
stretch,richmond:186,True,False,177468757593473,False,False,0.545605,1,0,1,0,0,False,True
canvas_level,richmond:95,False,False,1776451036454626,False,False,0.0,0,0,0,0,0,True,False
canvas_sfm,richmond:95,False,False,1776451036454626,False,False,0.0,0,0,0,0,0,True,False
stretch,richmond:95,False,False,1776451036454626,False,False,0.0,0,0,0,0,0,True,False
canvas_level,richmond:96,False,False,1779499796234961,False,False,0.0,0,0,2,0,0,False,True
canvas_sfm,richmond:96,False,False,1779499796234961,False,False,0.0,0,0,2,0,0,False,True
stretch,richmond:96,True,False,1779499796234961,False,False,0.518887,1,0,2,0,0,False,True
canvas_level,richmond:40,False,False,1784637835657909,False,False,0.254877,0,0,1,0,0,False,True
canvas_sfm,richmond:40,True,False,1784637835657909,True,False,0.353195,1,0,1,1,0,False,True
stretch,richmond:40,True,False,1784637835657909,False,False,0.44014,1,0,1,0,0,False,True
canvas_level,richmond:221,False,False,1784719012308151,False,False,0.0,0,0,0,0,0,True,False
canvas_sfm,richmond:221,False,False,1784719012308151,False,False,0.0,0,0,0,0,0,True,False
stretch,richmond:221,False,False,1784719012308151,False,False,0.0,0,0,0,0,0,True,False
canvas_level,richmond:170,False,False,1786000425490207,False,False,0.0,0,0,0,0,0,True,False
canvas_sfm,richmond:170,False,False,1786000425490207,False,False,0.0,0,0,0,0,0,True,False
stretch,richmond:170,True,False,1786000425490207,False,False,0.525708,1,0,0,0,0,True,False
canvas_level,richmond:29,False,False,1789487341826466,False,False,0.0,0,0,0,0,0,True,False
canvas_sfm,richmond:29,False,False,1789487341826466,False,False,0.120933,0,0,0,0,0,True,False
stretch,richmond:29,False,False,1789487341826466,False,False,0.0,0,0,0,0,0,True,False
canvas_level,richmond:7,False,False,179059510885677,False,False,0.0,0,0,0,0,0,True,False
canvas_sfm,richmond:7,False,False,179059510885677,False,False,0.0,0,0,0,0,0,True,False
stretch,richmond:7,False,False,179059510885677,False,False,0.165509,0,0,0,0,0,True,False
canvas_level,richmond:75,False,False,1791267528389167,False,False,0.183489,0,0,2,0,0,False,True
canvas_sfm,richmond:75,True,False,1791267528389167,False,False,0.464293,1,0,2,0,0,False,True
stretch,richmond:75,True,False,1791267528389167,False,False,0.52957,2,0,2,0,0,False,True
canvas_level,richmond:19,False,False,179238247310866,False,False,0.0,0,0,0,0,0,True,False
canvas_sfm,richmond:19,False,False,179238247310866,False,False,0.224362,0,0,0,0,0,True,False
stretch,richmond:19,False,False,179238247310866,False,False,0.0,0,0,0,0,0,True,False
canvas_level,richmond:7,False,False,1797121881040118,False,False,0.0,0,0,0,0,0,True,False
canvas_sfm,richmond:7,False,False,1797121881040118,False,False,0.0,0,0,0,0,0,True,False
stretch,richmond:7,False,False,1797121881040118,False,False,0.0,0,0,0,0,0,True,False
canvas_level,richmond:8,False,False,1801436130486631,False,False,0.231808,0,0,1,0,0,False,True
canvas_sfm,richmond:8,False,False,1801436130486631,False,False,0.130662,0,0,1,0,0,False,True
stretch,richmond:8,False,False,1801436130486631,False,False,0.0,0,0,1,0,0,False,True
canvas_level,richmond:169,False,False,180191634040281,False,False,0.149639,0,0,0,0,0,True,False
canvas_sfm,richmond:169,False,False,180191634040281,False,False,0.101026,0,0,0,0,0,True,False
stretch,richmond:169,False,False,180191634040281,False,False,0.0,0,0,0,0,0,True,False
canvas_level,richmond:23,True,False,180278393885513,False,False,0.354065,1,0,0,0,0,True,False
canvas_sfm,richmond:23,True,False,180278393885513,False,False,0.317748,1,0,0,0,0,True,False
stretch,richmond:23,True,False,180278393885513,False,False,0.34142,1,0,0,0,0,True,False
canvas_level,richmond:146,False,False,1803414303744536,False,False,0.0,0,0,0,0,0,True,False
canvas_sfm,richmond:146,False,False,1803414303744536,False,False,0.115404,0,0,0,0,0,True,False
stretch,richmond:146,False,False,1803414303744536,False,False,0.0,0,0,0,0,0,True,False
canvas_level,richmond:28,True,True,1806444526563121,True,True,0.705907,1,1,1,1,1,False,True
canvas_sfm,richmond:28,True,True,1806444526563121,True,True,0.748847,1,1,1,1,1,False,True
stretch,richmond:28,False,False,1806444526563121,False,False,0.170872,0,0,1,0,0,False,True
canvas_level,richmond:95,False,False,1811366042956182,False,False,0.101657,0,0,0,0,0,True,False
canvas_sfm,richmond:95,False,False,1811366042956182,False,False,0.108831,0,0,0,0,0,True,False
stretch,richmond:95,False,False,1811366042956182,False,False,0.113961,0,0,0,0,0,True,False
canvas_level,richmond:149,False,False,181531360473035,False,False,0.0,0,0,0,0,0,False,False
canvas_sfm,richmond:149,False,False,181531360473035,False,False,0.0,0,0,0,0,0,False,False
stretch,richmond:149,False,False,181531360473035,False,False,0.0,0,0,0,0,0,False,False
canvas_level,richmond:18,False,False,1819434068654132,False,False,0.0,0,0,0,0,0,True,False
canvas_sfm,richmond:18,False,False,1819434068654132,False,False,0.0,0,0,0,0,0,True,False
stretch,richmond:18,False,False,1819434068654132,False,False,0.0,0,0,0,0,0,True,False
canvas_level,richmond:8,False,False,1822240538368237,False,False,0.137671,0,0,1,0,0,False,True
canvas_sfm,richmond:8,False,False,1822240538368237,False,False,0.0,0,0,1,0,0,False,True
stretch,richmond:8,False,False,1822240538368237,False,False,0.207111,0,0,1,0,0,False,True
canvas_level,richmond:8,False,False,1823703995022209,False,False,0.0,0,0,0,0,0,True,False
canvas_sfm,richmond:8,False,False,1823703995022209,False,False,0.100599,0,0,0,0,0,True,False
stretch,richmond:8,False,False,1823703995022209,False,False,0.147927,0,0,0,0,0,True,False
canvas_level,richmond:144,False,False,1832358457592252,False,False,0.281395,0,0,0,0,0,False,False
canvas_sfm,richmond:144,False,False,1832358457592252,False,False,0.234793,0,0,0,0,0,False,False
stretch,richmond:144,False,False,1832358457592252,False,False,0.149327,0,0,0,0,0,False,False
canvas_level,richmond:11,False,False,1834665797083096,False,False,0.152702,0,0,0,0,0,True,False
canvas_sfm,richmond:11,False,False,1834665797083096,False,False,0.129618,0,0,0,0,0,True,False
stretch,richmond:11,False,False,1834665797083096,False,False,0.0,0,0,0,0,0,True,False
canvas_level,richmond:8,False,False,1834966537106951,False,False,0.0,0,0,0,0,0,True,False
canvas_sfm,richmond:8,False,False,1834966537106951,False,False,0.0,0,0,0,0,0,True,False
stretch,richmond:8,False,False,1834966537106951,False,False,0.0,0,0,0,0,0,True,False
canvas_level,richmond:8,False,False,1839858260209430,False,False,0.0,0,0,0,0,0,True,False
canvas_sfm,richmond:8,False,False,1839858260209430,False,False,0.117615,0,0,0,0,0,True,False
stretch,richmond:8,True,False,1839858260209430,False,False,0.473776,2,0,0,0,0,True,False
canvas_level,richmond:8,True,False,1844693719415807,False,False,0.337804,1,0,1,0,0,False,True
canvas_sfm,richmond:8,False,False,1844693719415807,False,False,0.208777,0,0,1,0,0,False,True
stretch,richmond:8,True,True,1844693719415807,False,False,0.556193,2,1,1,1,1,False,True
canvas_level,richmond:49,True,False,184582386885822,False,False,0.394016,2,0,0,0,0,False,False
canvas_sfm,richmond:49,True,False,184582386885822,False,False,0.313844,1,0,0,0,0,False,False
stretch,richmond:49,True,True,184582386885822,False,False,0.737334,2,1,0,0,0,False,False
canvas_level,richmond:42,True,True,1846148985811744,False,False,0.888556,3,2,0,1,1,False,False
canvas_sfm,richmond:42,True,True,1846148985811744,False,False,0.93826,2,2,0,1,1,False,False
stretch,richmond:42,True,True,1846148985811744,False,False,0.743465,4,2,0,1,1,False,False
canvas_level,richmond:230,True,True,1847294725762261,False,False,0.615291,2,1,0,1,1,False,False
canvas_sfm,richmond:230,True,True,1847294725762261,False,False,0.56578,2,1,0,1,1,False,False
stretch,richmond:230,True,True,1847294725762261,False,False,0.662246,3,1,0,2,1,False,False
canvas_level,richmond:18,False,False,184988406827764,False,False,0.0,0,0,0,0,0,False,False
canvas_sfm,richmond:18,False,False,184988406827764,False,False,0.0,0,0,0,0,0,False,False
stretch,richmond:18,False,False,184988406827764,False,False,0.15454,0,0,0,0,0,False,False
canvas_level,richmond:171,False,False,1857183321451737,False,False,0.0,0,0,0,0,0,True,False
canvas_sfm,richmond:171,False,False,1857183321451737,False,False,0.0,0,0,0,0,0,True,False
stretch,richmond:171,True,False,1857183321451737,False,False,0.326834,1,0,0,0,0,True,False
canvas_level,richmond:149,False,False,186384076745460,False,False,0.0,0,0,0,0,0,False,False
canvas_sfm,richmond:149,False,False,186384076745460,False,False,0.0,0,0,0,0,0,False,False
stretch,richmond:149,False,False,186384076745460,False,False,0.0,0,0,0,0,0,False,False
canvas_level,richmond:238,False,False,1864437384068873,False,False,0.0,0,0,1,0,0,False,True
canvas_sfm,richmond:238,False,False,1864437384068873,False,False,0.0,0,0,1,0,0,False,True
stretch,richmond:238,False,False,1864437384068873,False,False,0.136492,0,0,1,0,0,False,True
canvas_level,richmond:252,False,False,1871884426323064,False,False,0.170708,0,0,0,0,0,True,False
canvas_sfm,richmond:252,False,False,1871884426323064,False,False,0.181263,0,0,0,0,0,True,False
stretch,richmond:252,False,False,1871884426323064,False,False,0.0,0,0,0,0,0,True,False
canvas_level,richmond:19,False,False,1875650213061519,False,False,0.106587,0,0,0,0,0,True,False
canvas_sfm,richmond:19,False,False,1875650213061519,False,False,0.116095,0,0,0,0,0,True,False
stretch,richmond:19,False,False,1875650213061519,False,False,0.0,0,0,0,0,0,True,False
canvas_level,richmond:21,False,False,187866253184340,False,False,0.192461,0,0,0,0,0,True,False
canvas_sfm,richmond:21,False,False,187866253184340,False,False,0.185364,0,0,0,0,0,True,False
stretch,richmond:21,True,False,187866253184340,False,False,0.404095,1,0,0,0,0,True,False
canvas_level,richmond:240,False,False,1879824815866619,False,False,0.0,0,0,0,0,0,True,False
canvas_sfm,richmond:240,False,False,1879824815866619,False,False,0.0,0,0,0,0,0,True,False
stretch,richmond:240,False,False,1879824815866619,False,False,0.0,0,0,0,0,0,True,False
canvas_level,richmond:85,False,False,1882758141891055,False,False,0.11648,0,0,1,0,0,False,True
canvas_sfm,richmond:85,False,False,1882758141891055,False,False,0.126574,0,0,1,0,0,False,True
stretch,richmond:85,True,False,1882758141891055,True,False,0.344841,1,0,1,1,0,False,True
canvas_level,richmond:6,False,False,190637286310985,False,False,0.0,0,0,0,0,0,False,False
canvas_sfm,richmond:6,False,False,190637286310985,False,False,0.0,0,0,0,0,0,False,False
stretch,richmond:6,False,False,190637286310985,False,False,0.0,0,0,0,0,0,False,False
canvas_level,richmond:11,False,False,1923447648446205,False,False,0.228091,0,0,0,0,0,True,False
canvas_sfm,richmond:11,True,False,1923447648446205,False,False,0.347466,1,0,0,0,0,True,False
stretch,richmond:11,False,False,1923447648446205,False,False,0.219307,0,0,0,0,0,True,False
canvas_level,richmond:35,False,False,192993379338263,False,False,0.249363,0,0,0,0,0,True,False
canvas_sfm,richmond:35,False,False,192993379338263,False,False,0.246288,0,0,0,0,0,True,False
stretch,richmond:35,False,False,192993379338263,False,False,0.0,0,0,0,0,0,True,False
canvas_level,richmond:8,False,False,1931467807693606,False,False,0.0,0,0,0,0,0,False,False
canvas_sfm,richmond:8,False,False,1931467807693606,False,False,0.0,0,0,0,0,0,False,False
stretch,richmond:8,True,False,1931467807693606,False,False,0.328105,1,0,0,1,0,False,False
canvas_level,richmond:148,False,False,1935568633267940,False,False,0.0,0,0,0,0,0,True,False
canvas_sfm,richmond:148,False,False,1935568633267940,False,False,0.0,0,0,0,0,0,True,False
stretch,richmond:148,False,False,1935568633267940,False,False,0.0,0,0,0,0,0,True,False
canvas_level,richmond:148,False,False,1944318122375617,False,False,0.0,0,0,0,0,0,True,False
canvas_sfm,richmond:148,False,False,1944318122375617,False,False,0.0,0,0,0,0,0,True,False
stretch,richmond:148,False,False,1944318122375617,False,False,0.0,0,0,0,0,0,True,False
canvas_level,richmond:133,False,False,195500612295578,False,False,0.235844,0,0,0,0,0,False,False
canvas_sfm,richmond:133,False,False,195500612295578,False,False,0.257843,0,0,0,0,0,False,False
stretch,richmond:133,False,False,195500612295578,False,False,0.0,0,0,0,0,0,False,False
canvas_level,richmond:149,False,False,195628519129604,False,False,0.0,0,0,0,0,0,False,False
canvas_sfm,richmond:149,False,False,195628519129604,False,False,0.0,0,0,0,0,0,False,False
stretch,richmond:149,False,False,195628519129604,False,False,0.0,0,0,0,0,0,False,False
canvas_level,richmond:149,False,False,1961327220688132,False,False,0.0,0,0,0,0,0,True,False
canvas_sfm,richmond:149,False,False,1961327220688132,False,False,0.0,0,0,0,0,0,True,False
stretch,richmond:149,False,False,1961327220688132,False,False,0.0,0,0,0,0,0,True,False
canvas_level,richmond:197,False,False,1965656483852879,False,False,0.0,0,0,0,0,0,True,False
canvas_sfm,richmond:197,False,False,1965656483852879,False,False,0.0,0,0,0,0,0,True,False
stretch,richmond:197,False,False,1965656483852879,False,False,0.0,0,0,0,0,0,True,False
canvas_level,richmond:201,False,False,196666652236261,False,False,0.116218,0,0,0,0,0,True,False
canvas_sfm,richmond:201,False,False,196666652236261,False,False,0.10006,0,0,0,0,0,True,False
stretch,richmond:201,True,False,196666652236261,False,False,0.341931,1,0,0,0,0,True,False
canvas_level,richmond:52,False,False,196810818826071,False,False,0.15299,0,0,1,0,0,False,True
canvas_sfm,richmond:52,False,False,196810818826071,False,False,0.0,0,0,1,0,0,False,True
stretch,richmond:52,False,False,196810818826071,False,False,0.160816,0,0,1,0,0,False,True
canvas_level,richmond:108,False,False,197060732261888,False,False,0.0,0,0,0,0,0,True,False
canvas_sfm,richmond:108,False,False,197060732261888,False,False,0.0,0,0,0,0,0,True,False
stretch,richmond:108,False,False,197060732261888,False,False,0.0,0,0,0,0,0,True,False
canvas_level,richmond:21,False,False,1975294002647831,False,False,0.0,0,0,0,0,0,True,False
canvas_sfm,richmond:21,False,False,1975294002647831,False,False,0.0,0,0,0,0,0,True,False
stretch,richmond:21,True,False,1975294002647831,False,False,0.337558,1,0,0,0,0,True,False
canvas_level,richmond:186,True,False,198430435435597,False,False,0.487618,1,0,0,0,0,False,False
canvas_sfm,richmond:186,True,False,198430435435597,False,False,0.40461,1,0,0,0,0,False,False
stretch,richmond:186,True,False,198430435435597,False,False,0.418274,1,0,0,0,0,False,False
canvas_level,richmond:11,False,False,1987156702075135,False,False,0.117486,0,0,0,0,0,True,False
canvas_sfm,richmond:11,False,False,1987156702075135,False,False,0.0,0,0,0,0,0,True,False
stretch,richmond:11,False,False,1987156702075135,False,False,0.0,0,0,0,0,0,True,False
canvas_level,richmond:237,False,False,199317045363259,False,False,0.0,0,0,0,0,0,True,False
canvas_sfm,richmond:237,False,False,199317045363259,False,False,0.0,0,0,0,0,0,True,False
stretch,richmond:237,False,False,199317045363259,False,False,0.0,0,0,0,0,0,True,False
canvas_level,richmond:6,True,True,1996023837546750,True,True,0.605252,1,1,1,1,1,False,True
canvas_sfm,richmond:6,True,True,1996023837546750,True,True,0.710998,1,1,1,1,1,False,True
stretch,richmond:6,True,False,1996023837546750,True,False,0.417778,2,0,1,1,0,False,True
canvas_level,richmond:11,False,False,1997210961095275,False,False,0.179006,0,0,1,0,0,False,True
canvas_sfm,richmond:11,False,False,1997210961095275,False,False,0.191216,0,0,1,0,0,False,True
stretch,richmond:11,False,False,1997210961095275,False,False,0.124284,0,0,1,0,0,False,True
canvas_level,richmond:148,False,False,201418085184455,False,False,0.0,0,0,0,0,0,True,False
canvas_sfm,richmond:148,False,False,201418085184455,False,False,0.0,0,0,0,0,0,True,False
stretch,richmond:148,False,False,201418085184455,False,False,0.0,0,0,0,0,0,True,False
canvas_level,richmond:93,False,False,2016795095453937,False,False,0.110175,0,0,0,0,0,False,False
canvas_sfm,richmond:93,False,False,2016795095453937,False,False,0.110175,0,0,0,0,0,False,False
stretch,richmond:93,False,False,2016795095453937,False,False,0.0,0,0,0,0,0,False,False
canvas_level,richmond:201,False,False,201872648358795,False,False,0.111653,0,0,0,0,0,True,False
canvas_sfm,richmond:201,False,False,201872648358795,False,False,0.0,0,0,0,0,0,True,False
stretch,richmond:201,False,False,201872648358795,False,False,0.286388,0,0,0,0,0,True,False
canvas_level,richmond:149,False,False,2019997534805914,False,False,0.0,0,0,0,0,0,False,False
canvas_sfm,richmond:149,False,False,2019997534805914,False,False,0.0,0,0,0,0,0,False,False
stretch,richmond:149,False,False,2019997534805914,False,False,0.0,0,0,0,0,0,False,False
canvas_level,richmond:19,False,False,202972758322773,False,False,0.258234,0,0,0,0,0,True,False
canvas_sfm,richmond:19,True,False,202972758322773,False,False,0.361478,1,0,0,0,0,True,False
stretch,richmond:19,False,False,202972758322773,False,False,0.0,0,0,0,0,0,True,False
canvas_level,richmond:33,False,False,2038445402962916,False,False,0.141863,0,0,0,0,0,True,False
canvas_sfm,richmond:33,False,False,2038445402962916,False,False,0.144502,0,0,0,0,0,True,False
stretch,richmond:33,True,False,2038445402962916,False,False,0.481954,1,0,0,0,0,True,False
canvas_level,richmond:149,True,False,207401527673158,False,False,0.498201,1,0,0,1,0,False,False
canvas_sfm,richmond:149,True,False,207401527673158,False,False,0.492114,1,0,0,1,0,False,False
stretch,richmond:149,True,True,207401527673158,False,False,0.65868,1,1,0,1,1,False,False
canvas_level,richmond:8,False,False,2083122762096053,False,False,0.0,0,0,1,0,0,False,True
canvas_sfm,richmond:8,False,False,2083122762096053,False,False,0.11551,0,0,1,0,0,False,True
stretch,richmond:8,False,False,2083122762096053,False,False,0.150785,0,0,1,0,0,False,True
canvas_level,richmond:96,True,True,2083491465430293,True,True,0.62721,1,1,1,1,1,False,True
canvas_sfm,richmond:96,True,True,2083491465430293,True,True,0.553528,1,1,1,1,1,False,True
stretch,richmond:96,True,False,2083491465430293,True,False,0.34883,1,0,1,1,0,False,True
canvas_level,richmond:166,False,False,209258377459453,False,False,0.0,0,0,0,0,0,True,False
canvas_sfm,richmond:166,False,False,209258377459453,False,False,0.0,0,0,0,0,0,True,False
stretch,richmond:166,False,False,209258377459453,False,False,0.160204,0,0,0,0,0,True,False
canvas_level,richmond:234,False,False,209530174350493,False,False,0.103164,0,0,0,0,0,False,False
canvas_sfm,richmond:234,False,False,209530174350493,False,False,0.103094,0,0,0,0,0,False,False
stretch,richmond:234,False,False,209530174350493,False,False,0.1912,0,0,0,0,0,False,False
canvas_level,richmond:186,False,False,2098992803575341,False,False,0.0,0,0,0,0,0,False,False
canvas_sfm,richmond:186,False,False,2098992803575341,False,False,0.0,0,0,0,0,0,False,False
stretch,richmond:186,False,False,2098992803575341,False,False,0.0,0,0,0,0,0,False,False
canvas_level,richmond:227,False,False,2099004910480748,False,False,0.0,0,0,0,0,0,True,False
canvas_sfm,richmond:227,False,False,2099004910480748,False,False,0.0,0,0,0,0,0,True,False
stretch,richmond:227,False,False,2099004910480748,False,False,0.0,0,0,0,0,0,True,False
canvas_level,richmond:6,False,False,210219077645274,False,False,0.0,0,0,0,0,0,False,False
canvas_sfm,richmond:6,False,False,210219077645274,False,False,0.0,0,0,0,0,0,False,False
stretch,richmond:6,False,False,210219077645274,False,False,0.0,0,0,0,0,0,False,False
canvas_level,richmond:144,False,False,2102849506897344,False,False,0.150636,0,0,0,0,0,False,False
canvas_sfm,richmond:144,False,False,2102849506897344,False,False,0.227876,0,0,0,0,0,False,False
stretch,richmond:144,False,False,2102849506897344,False,False,0.113344,0,0,0,0,0,False,False
canvas_level,richmond:195,False,False,211307668410392,False,False,0.0,0,0,0,0,0,True,False
canvas_sfm,richmond:195,False,False,211307668410392,False,False,0.0,0,0,0,0,0,True,False
stretch,richmond:195,False,False,211307668410392,False,False,0.13413,0,0,0,0,0,True,False
canvas_level,richmond:195,False,False,212240708414951,False,False,0.0,0,0,0,0,0,True,False
canvas_sfm,richmond:195,False,False,212240708414951,False,False,0.0,0,0,0,0,0,True,False
stretch,richmond:195,False,False,212240708414951,False,False,0.0,0,0,0,0,0,True,False
canvas_level,richmond:201,False,False,213099703870768,False,False,0.198204,0,0,0,0,0,True,False
canvas_sfm,richmond:201,False,False,213099703870768,False,False,0.198248,0,0,0,0,0,True,False
stretch,richmond:201,False,False,213099703870768,False,False,0.0,0,0,0,0,0,True,False
canvas_level,richmond:188,False,False,213177640616899,False,False,0.143207,0,0,0,0,0,False,False
canvas_sfm,richmond:188,False,False,213177640616899,False,False,0.141201,0,0,0,0,0,False,False
stretch,richmond:188,False,False,213177640616899,False,False,0.151595,0,0,0,0,0,False,False
canvas_level,richmond:21,False,False,213872433606614,False,False,0.243256,0,0,0,0,0,True,False
canvas_sfm,richmond:21,False,False,213872433606614,False,False,0.189657,0,0,0,0,0,True,False
stretch,richmond:21,True,False,213872433606614,False,False,0.407136,1,0,0,0,0,True,False
canvas_level,richmond:24,False,False,215767766728468,False,False,0.0,0,0,0,0,0,True,False
canvas_sfm,richmond:24,False,False,215767766728468,False,False,0.0,0,0,0,0,0,True,False
stretch,richmond:24,True,False,215767766728468,False,False,0.444,2,0,0,0,0,True,False
canvas_level,richmond:35,False,False,216226446720058,False,False,0.151366,0,0,0,0,0,True,False
canvas_sfm,richmond:35,False,False,216226446720058,False,False,0.176592,0,0,0,0,0,True,False
stretch,richmond:35,True,False,216226446720058,False,False,0.300099,1,0,0,0,0,True,False
canvas_level,richmond:201,False,False,217048493573694,False,False,0.0,0,0,0,0,0,True,False
canvas_sfm,richmond:201,False,False,217048493573694,False,False,0.0,0,0,0,0,0,True,False
stretch,richmond:201,False,False,217048493573694,False,False,0.240827,0,0,0,0,0,True,False
canvas_level,richmond:169,False,False,217372963265291,False,False,0.0,0,0,0,0,0,True,False
canvas_sfm,richmond:169,False,False,217372963265291,False,False,0.0,0,0,0,0,0,True,False
stretch,richmond:169,False,False,217372963265291,False,False,0.264269,0,0,0,0,0,True,False
canvas_level,richmond:19,False,False,217636536562665,False,False,0.132704,0,0,0,0,0,True,False
canvas_sfm,richmond:19,False,False,217636536562665,False,False,0.113513,0,0,0,0,0,True,False
stretch,richmond:19,False,False,217636536562665,False,False,0.0,0,0,0,0,0,True,False
canvas_level,richmond:219,False,False,217902949799443,False,False,0.0,0,0,0,0,0,False,False
canvas_sfm,richmond:219,False,False,217902949799443,False,False,0.0,0,0,0,0,0,False,False
stretch,richmond:219,True,False,217902949799443,False,False,0.31611,1,0,0,0,0,False,False
canvas_level,richmond:188,False,False,218218093322162,False,False,0.0,0,0,0,0,0,True,False
canvas_sfm,richmond:188,False,False,218218093322162,False,False,0.114703,0,0,0,0,0,True,False
stretch,richmond:188,True,True,218218093322162,False,False,0.676661,2,2,0,0,0,True,False
canvas_level,richmond:8,False,False,2185773948571841,False,False,0.0,0,0,1,0,0,False,True
canvas_sfm,richmond:8,False,False,2185773948571841,False,False,0.0,0,0,1,0,0,False,True
stretch,richmond:8,False,False,2185773948571841,False,False,0.235299,0,0,1,0,0,False,True
canvas_level,richmond:18,False,False,2191374140992707,False,False,0.110981,0,0,0,0,0,True,False
canvas_sfm,richmond:18,False,False,2191374140992707,False,False,0.0,0,0,0,0,0,True,False
stretch,richmond:18,False,False,2191374140992707,False,False,0.139331,0,0,0,0,0,True,False
canvas_level,richmond:220,False,False,219568809596945,False,False,0.0,0,0,0,0,0,True,False
canvas_sfm,richmond:220,False,False,219568809596945,False,False,0.0,0,0,0,0,0,True,False
stretch,richmond:220,False,False,219568809596945,False,False,0.0,0,0,0,0,0,True,False
canvas_level,richmond:201,False,False,219626299607074,False,False,0.100308,0,0,1,0,0,False,True
canvas_sfm,richmond:201,False,False,219626299607074,False,False,0.100304,0,0,1,0,0,False,True
stretch,richmond:201,False,False,219626299607074,False,False,0.0,0,0,1,0,0,False,True
canvas_level,richmond:136,False,False,220124369538238,False,False,0.0,0,0,0,0,0,True,False
canvas_sfm,richmond:136,False,False,220124369538238,False,False,0.0,0,0,0,0,0,True,False
stretch,richmond:136,False,False,220124369538238,False,False,0.125253,0,0,0,0,0,True,False
canvas_level,richmond:149,True,False,220464136230334,False,False,0.347314,1,0,0,1,0,False,False
canvas_sfm,richmond:149,True,False,220464136230334,False,False,0.437382,1,0,0,1,0,False,False
stretch,richmond:149,True,True,220464136230334,False,False,0.642539,1,1,0,1,1,False,False
canvas_level,richmond:23,False,False,221246599477830,False,False,0.212733,0,0,0,0,0,True,False
canvas_sfm,richmond:23,False,False,221246599477830,False,False,0.214922,0,0,0,0,0,True,False
stretch,richmond:23,False,False,221246599477830,False,False,0.0,0,0,0,0,0,True,False
canvas_level,richmond:149,True,False,222183979295977,False,False,0.352526,1,0,0,1,0,False,False
canvas_sfm,richmond:149,True,False,222183979295977,False,False,0.406024,1,0,0,1,0,False,False
stretch,richmond:149,True,True,222183979295977,False,False,0.700794,1,1,0,1,1,False,False
canvas_level,richmond:19,False,False,222433125988725,False,False,0.0,0,0,0,0,0,False,False
canvas_sfm,richmond:19,False,False,222433125988725,False,False,0.0,0,0,0,0,0,False,False
stretch,richmond:19,False,False,222433125988725,False,False,0.102639,0,0,0,0,0,False,False
canvas_level,richmond:195,False,False,222733233960374,False,False,0.0,0,0,0,0,0,True,False
canvas_sfm,richmond:195,False,False,222733233960374,False,False,0.0,0,0,0,0,0,True,False
stretch,richmond:195,False,False,222733233960374,False,False,0.0,0,0,0,0,0,True,False
canvas_level,richmond:103,False,False,2228043154004467,False,False,0.0,0,0,0,0,0,True,False
canvas_sfm,richmond:103,False,False,2228043154004467,False,False,0.0,0,0,0,0,0,True,False
stretch,richmond:103,False,False,2228043154004467,False,False,0.183339,0,0,0,0,0,True,False
canvas_level,richmond:160,True,True,2228562780826445,False,False,0.753839,2,2,0,0,0,True,False
canvas_sfm,richmond:160,True,True,2228562780826445,False,False,0.578838,2,2,0,0,0,True,False
stretch,richmond:160,False,False,2228562780826445,False,False,0.228987,0,0,0,0,0,True,False
canvas_level,richmond:8,False,False,2230982227368247,False,False,0.0,0,0,0,0,0,True,False
canvas_sfm,richmond:8,False,False,2230982227368247,False,False,0.0,0,0,0,0,0,True,False
stretch,richmond:8,False,False,2230982227368247,False,False,0.123212,0,0,0,0,0,True,False
canvas_level,richmond:169,False,False,223604235862861,False,False,0.145698,0,0,0,0,0,True,False
canvas_sfm,richmond:169,False,False,223604235862861,False,False,0.110897,0,0,0,0,0,True,False
stretch,richmond:169,False,False,223604235862861,False,False,0.230004,0,0,0,0,0,True,False
canvas_level,richmond:107,False,False,223889526011361,False,False,0.0,0,0,2,0,0,False,True
canvas_sfm,richmond:107,False,False,223889526011361,False,False,0.0,0,0,2,0,0,False,True
stretch,richmond:107,False,False,223889526011361,False,False,0.0,0,0,2,0,0,False,True
canvas_level,richmond:135,False,False,224490382775721,False,False,0.100367,0,0,1,0,0,False,True
canvas_sfm,richmond:135,False,False,224490382775721,False,False,0.120131,0,0,1,0,0,False,True
stretch,richmond:135,True,True,224490382775721,False,False,0.651188,1,1,1,0,0,False,True
canvas_level,richmond:188,False,False,224784132391898,False,False,0.124978,0,0,0,0,0,True,False
canvas_sfm,richmond:188,False,False,224784132391898,False,False,0.115132,0,0,0,0,0,True,False
stretch,richmond:188,False,False,224784132391898,False,False,0.0,0,0,0,0,0,True,False
canvas_level,richmond:33,False,False,2248125848655429,False,False,0.163411,0,0,1,0,0,False,True
canvas_sfm,richmond:33,False,False,2248125848655429,False,False,0.202556,0,0,1,0,0,False,True
stretch,richmond:33,False,False,2248125848655429,False,False,0.0,0,0,1,0,0,False,True
canvas_level,richmond:30,False,False,2255861827879516,False,False,0.0,0,0,0,0,0,True,False
canvas_sfm,richmond:30,False,False,2255861827879516,False,False,0.0,0,0,0,0,0,True,False
stretch,richmond:30,False,False,2255861827879516,False,False,0.0,0,0,0,0,0,True,False
canvas_level,richmond:188,True,False,225786975590858,False,False,0.349876,1,0,0,0,0,True,False
canvas_sfm,richmond:188,True,False,225786975590858,False,False,0.386911,2,0,0,0,0,True,False
stretch,richmond:188,True,False,225786975590858,False,False,0.314914,1,0,0,0,0,True,False
canvas_level,richmond:11,True,False,2258802041221241,False,False,0.309937,1,0,0,0,0,True,False
canvas_sfm,richmond:11,True,False,2258802041221241,False,False,0.306267,1,0,0,0,0,True,False
stretch,richmond:11,False,False,2258802041221241,False,False,0.0,0,0,0,0,0,True,False
canvas_level,richmond:234,False,False,226532809059000,False,False,0.0,0,0,0,0,0,False,False
canvas_sfm,richmond:234,False,False,226532809059000,False,False,0.0,0,0,0,0,0,False,False
stretch,richmond:234,False,False,226532809059000,False,False,0.117293,0,0,0,0,0,False,False
canvas_level,richmond:149,False,False,226688129274243,False,False,0.0,0,0,0,0,0,False,False
canvas_sfm,richmond:149,False,False,226688129274243,False,False,0.0,0,0,0,0,0,False,False
stretch,richmond:149,False,False,226688129274243,False,False,0.0,0,0,0,0,0,False,False
canvas_level,richmond:201,False,False,226947425905838,False,False,0.0,0,0,0,0,0,True,False
canvas_sfm,richmond:201,False,False,226947425905838,False,False,0.0,0,0,0,0,0,True,False
stretch,richmond:201,False,False,226947425905838,False,False,0.0,0,0,0,0,0,True,False
canvas_level,richmond:74,False,False,227280229237032,False,False,0.0,0,0,0,0,0,False,False
canvas_sfm,richmond:74,False,False,227280229237032,False,False,0.0,0,0,0,0,0,False,False
stretch,richmond:74,False,False,227280229237032,False,False,0.0,0,0,0,0,0,False,False
canvas_level,richmond:8,False,False,2275406682916442,False,False,0.0,0,0,0,0,0,False,False
canvas_sfm,richmond:8,False,False,2275406682916442,False,False,0.0,0,0,0,0,0,False,False
stretch,richmond:8,False,False,2275406682916442,False,False,0.123708,0,0,0,0,0,False,False
canvas_level,richmond:103,False,False,229114765677969,False,False,0.0,0,0,0,0,0,True,False
canvas_sfm,richmond:103,False,False,229114765677969,False,False,0.0,0,0,0,0,0,True,False
stretch,richmond:103,False,False,229114765677969,False,False,0.106722,0,0,0,0,0,True,False
canvas_level,richmond:18,False,False,229377658991317,False,False,0.134703,0,0,0,0,0,True,False
canvas_sfm,richmond:18,False,False,229377658991317,False,False,0.0,0,0,0,0,0,True,False
stretch,richmond:18,False,False,229377658991317,False,False,0.0,0,0,0,0,0,True,False
canvas_level,richmond:161,True,True,2294763577536953,False,False,0.579181,2,1,0,0,0,False,False
canvas_sfm,richmond:161,True,True,2294763577536953,False,False,0.604582,1,1,0,0,0,False,False
stretch,richmond:161,True,False,2294763577536953,False,False,0.529342,2,0,0,0,0,False,False
canvas_level,richmond:18,False,False,229680098959084,False,False,0.0,0,0,0,0,0,True,False
canvas_sfm,richmond:18,False,False,229680098959084,False,False,0.198423,0,0,0,0,0,True,False
stretch,richmond:18,False,False,229680098959084,False,False,0.0,0,0,0,0,0,True,False
canvas_level,richmond:8,False,False,2300726087050621,False,False,0.194549,0,0,0,0,0,True,False
canvas_sfm,richmond:8,False,False,2300726087050621,False,False,0.190458,0,0,0,0,0,True,False
stretch,richmond:8,False,False,2300726087050621,False,False,0.0,0,0,0,0,0,True,False
canvas_level,richmond:28,False,False,2307114232983700,False,False,0.0,0,0,1,0,0,False,True
canvas_sfm,richmond:28,False,False,2307114232983700,False,False,0.0,0,0,1,0,0,False,True
stretch,richmond:28,True,False,2307114232983700,False,False,0.419076,2,0,1,0,0,False,True
canvas_level,richmond:242,False,False,2308718896003554,False,False,0.0,0,0,1,0,0,False,True
canvas_sfm,richmond:242,False,False,2308718896003554,False,False,0.0,0,0,1,0,0,False,True
stretch,richmond:242,False,False,2308718896003554,False,False,0.0,0,0,1,0,0,False,True
canvas_level,richmond:95,False,False,2309890646075323,False,False,0.113026,0,0,0,0,0,True,False
canvas_sfm,richmond:95,False,False,2309890646075323,False,False,0.113026,0,0,0,0,0,True,False
stretch,richmond:95,False,False,2309890646075323,False,False,0.0,0,0,0,0,0,True,False
canvas_level,richmond:186,False,False,2311190069012930,False,False,0.212682,0,0,0,0,0,True,False
canvas_sfm,richmond:186,False,False,2311190069012930,False,False,0.181774,0,0,0,0,0,True,False
stretch,richmond:186,False,False,2311190069012930,False,False,0.206955,0,0,0,0,0,True,False
canvas_level,richmond:201,False,False,231691455228225,False,False,0.13513,0,0,0,0,0,True,False
canvas_sfm,richmond:201,False,False,231691455228225,False,False,0.103293,0,0,0,0,0,True,False
stretch,richmond:201,False,False,231691455228225,False,False,0.255747,0,0,0,0,0,True,False
canvas_level,richmond:74,False,False,232128322011298,False,False,0.0,0,0,0,0,0,False,False
canvas_sfm,richmond:74,False,False,232128322011298,False,False,0.0,0,0,0,0,0,False,False
stretch,richmond:74,False,False,232128322011298,False,False,0.126914,0,0,0,0,0,False,False
canvas_level,richmond:128,False,False,2327779777365582,False,False,0.173008,0,0,1,0,0,False,True
canvas_sfm,richmond:128,False,False,2327779777365582,False,False,0.180973,0,0,1,0,0,False,True
stretch,richmond:128,False,False,2327779777365582,False,False,0.184897,0,0,1,0,0,False,True
canvas_level,richmond:201,False,False,232876985009386,False,False,0.238957,0,0,0,0,0,True,False
canvas_sfm,richmond:201,False,False,232876985009386,False,False,0.289999,0,0,0,0,0,True,False
stretch,richmond:201,False,False,232876985009386,False,False,0.0,0,0,0,0,0,True,False
canvas_level,richmond:159,False,False,2342131065931829,False,False,0.0,0,0,0,0,0,True,False
canvas_sfm,richmond:159,False,False,2342131065931829,False,False,0.0,0,0,0,0,0,True,False
stretch,richmond:159,False,False,2342131065931829,False,False,0.0,0,0,0,0,0,True,False
canvas_level,richmond:185,False,False,235671705062261,False,False,0.0,0,0,0,0,0,True,False
canvas_sfm,richmond:185,False,False,235671705062261,False,False,0.0,0,0,0,0,0,True,False
stretch,richmond:185,True,False,235671705062261,False,False,0.34142,1,0,0,0,0,True,False
canvas_level,richmond:19,False,False,237129704512609,False,False,0.0,0,0,0,0,0,True,False
canvas_sfm,richmond:19,False,False,237129704512609,False,False,0.0,0,0,0,0,0,True,False
stretch,richmond:19,True,True,237129704512609,False,False,0.559192,3,1,0,0,0,True,False
canvas_level,richmond:201,False,False,237325824495391,False,False,0.0,0,0,0,0,0,True,False
canvas_sfm,richmond:201,False,False,237325824495391,False,False,0.0,0,0,0,0,0,True,False
stretch,richmond:201,False,False,237325824495391,False,False,0.0,0,0,0,0,0,True,False
canvas_level,richmond:147,False,False,238153057737464,False,False,0.0,0,0,0,0,0,True,False
canvas_sfm,richmond:147,False,False,238153057737464,False,False,0.0,0,0,0,0,0,True,False
stretch,richmond:147,True,False,238153057737464,False,False,0.372214,1,0,0,0,0,True,False
canvas_level,richmond:132,False,False,2398762933856934,False,False,0.0,0,0,2,0,0,False,True
canvas_sfm,richmond:132,False,False,2398762933856934,False,False,0.0,0,0,2,0,0,False,True
stretch,richmond:132,False,False,2398762933856934,False,False,0.12054,0,0,2,0,0,False,True
canvas_level,richmond:188,False,False,2400493880304362,False,False,0.261423,0,0,2,0,0,False,True
canvas_sfm,richmond:188,False,False,2400493880304362,False,False,0.181099,0,0,2,0,0,False,True
stretch,richmond:188,False,False,2400493880304362,False,False,0.0,0,0,2,0,0,False,True
canvas_level,richmond:236,False,False,2407653669367201,False,False,0.0,0,0,0,0,0,False,False
canvas_sfm,richmond:236,False,False,2407653669367201,False,False,0.0,0,0,0,0,0,False,False
stretch,richmond:236,False,False,2407653669367201,False,False,0.0,0,0,0,0,0,False,False
canvas_level,richmond:11,False,False,24109118812093135,False,False,0.122847,0,0,1,0,0,False,True
canvas_sfm,richmond:11,False,False,24109118812093135,False,False,0.131407,0,0,1,0,0,False,True
stretch,richmond:11,False,False,24109118812093135,False,False,0.200219,0,0,1,0,0,False,True
canvas_level,richmond:201,False,False,241597807332167,False,False,0.105768,0,0,0,0,0,True,False
canvas_sfm,richmond:201,False,False,241597807332167,False,False,0.136776,0,0,0,0,0,True,False
stretch,richmond:201,True,False,241597807332167,False,False,0.316126,1,0,0,0,0,True,False
canvas_level,richmond:251,False,False,2419265524886844,False,False,0.0,0,0,0,0,0,True,False
canvas_sfm,richmond:251,False,False,2419265524886844,False,False,0.0,0,0,0,0,0,True,False
stretch,richmond:251,False,False,2419265524886844,False,False,0.150822,0,0,0,0,0,True,False
canvas_level,richmond:185,False,False,242014197295798,False,False,0.106283,0,0,0,0,0,False,False
canvas_sfm,richmond:185,False,False,242014197295798,False,False,0.106283,0,0,0,0,0,False,False
stretch,richmond:185,False,False,242014197295798,False,False,0.0,0,0,0,0,0,False,False
canvas_level,richmond:25,False,False,2420892064908825,False,False,0.129817,0,0,1,0,0,False,True
canvas_sfm,richmond:25,False,False,2420892064908825,False,False,0.117237,0,0,1,0,0,False,True
stretch,richmond:25,False,False,2420892064908825,False,False,0.18351,0,0,1,0,0,False,True
canvas_level,richmond:11,False,False,24250779837913747,False,False,0.1264,0,0,0,0,0,True,False
canvas_sfm,richmond:11,False,False,24250779837913747,False,False,0.182732,0,0,0,0,0,True,False
stretch,richmond:11,True,False,24250779837913747,False,False,0.321186,1,0,0,0,0,True,False
canvas_level,richmond:148,False,False,242525293875368,False,False,0.0,0,0,0,0,0,True,False
canvas_sfm,richmond:148,False,False,242525293875368,False,False,0.0,0,0,0,0,0,True,False
stretch,richmond:148,False,False,242525293875368,False,False,0.0,0,0,0,0,0,True,False
canvas_level,richmond:201,False,False,242732783858824,False,False,0.108105,0,0,0,0,0,True,False
canvas_sfm,richmond:201,False,False,242732783858824,False,False,0.0,0,0,0,0,0,True,False
stretch,richmond:201,False,False,242732783858824,False,False,0.235797,0,0,0,0,0,True,False
canvas_level,richmond:31,False,False,243067830903802,False,False,0.10956,0,0,1,0,0,False,True
canvas_sfm,richmond:31,False,False,243067830903802,False,False,0.0,0,0,1,0,0,False,True
stretch,richmond:31,True,False,243067830903802,False,False,0.392711,1,0,1,1,0,False,True
canvas_level,richmond:11,False,False,24665965626331392,False,False,0.0,0,0,1,0,0,False,True
canvas_sfm,richmond:11,False,False,24665965626331392,False,False,0.0,0,0,1,0,0,False,True
stretch,richmond:11,True,False,24665965626331392,True,False,0.418983,2,0,1,1,0,False,True
canvas_level,richmond:23,False,False,249753530230451,False,False,0.135319,0,0,0,0,0,False,False
canvas_sfm,richmond:23,False,False,249753530230451,False,False,0.108599,0,0,0,0,0,False,False
stretch,richmond:23,False,False,249753530230451,False,False,0.114728,0,0,0,0,0,False,False
canvas_level,richmond:23,False,False,251980766674906,False,False,0.0,0,0,0,0,0,True,False
canvas_sfm,richmond:23,False,False,251980766674906,False,False,0.0,0,0,0,0,0,True,False
stretch,richmond:23,False,False,251980766674906,False,False,0.0,0,0,0,0,0,True,False
canvas_level,richmond:11,False,False,25214917521429160,False,False,0.16508,0,0,1,0,0,False,True
canvas_sfm,richmond:11,False,False,25214917521429160,False,False,0.16508,0,0,1,0,0,False,True
stretch,richmond:11,False,False,25214917521429160,False,False,0.0,0,0,1,0,0,False,True
canvas_level,richmond:169,False,False,253125486561473,False,False,0.0,0,0,0,0,0,False,False
canvas_sfm,richmond:169,False,False,253125486561473,False,False,0.0,0,0,0,0,0,False,False
stretch,richmond:169,False,False,253125486561473,False,False,0.0,0,0,0,0,0,False,False
canvas_level,richmond:169,False,False,254117739842666,False,False,0.21619,0,0,0,0,0,True,False
canvas_sfm,richmond:169,False,False,254117739842666,False,False,0.0,0,0,0,0,0,True,False
stretch,richmond:169,True,True,254117739842666,False,False,0.799934,2,2,0,0,0,True,False
canvas_level,richmond:135,False,False,2560692964225018,False,False,0.0,0,0,0,0,0,True,False
canvas_sfm,richmond:135,False,False,2560692964225018,False,False,0.0,0,0,0,0,0,True,False
stretch,richmond:135,False,False,2560692964225018,False,False,0.140881,0,0,0,0,0,True,False
canvas_level,richmond:141,False,False,256962862837439,False,False,0.105168,0,0,0,0,0,False,False
canvas_sfm,richmond:141,False,False,256962862837439,False,False,0.133113,0,0,0,0,0,False,False
stretch,richmond:141,False,False,256962862837439,False,False,0.244365,0,0,0,0,0,False,False
canvas_level,richmond:11,False,False,2572607313072368,False,False,0.145737,0,0,0,0,0,False,False
canvas_sfm,richmond:11,False,False,2572607313072368,False,False,0.154107,0,0,0,0,0,False,False
stretch,richmond:11,False,False,2572607313072368,False,False,0.134724,0,0,0,0,0,False,False
canvas_level,richmond:75,False,False,2576013379255198,False,False,0.115066,0,0,0,0,0,False,False
canvas_sfm,richmond:75,False,False,2576013379255198,False,False,0.125341,0,0,0,0,0,False,False
stretch,richmond:75,False,False,2576013379255198,False,False,0.249202,0,0,0,0,0,False,False
canvas_level,richmond:8,False,False,2584801051862799,False,False,0.103242,0,0,0,0,0,True,False
canvas_sfm,richmond:8,False,False,2584801051862799,False,False,0.0,0,0,0,0,0,True,False
stretch,richmond:8,False,False,2584801051862799,False,False,0.24745,0,0,0,0,0,True,False
canvas_level,richmond:75,False,False,2606492026326517,False,False,0.0,0,0,1,0,0,False,True
canvas_sfm,richmond:75,False,False,2606492026326517,False,False,0.0,0,0,1,0,0,False,True
stretch,richmond:75,False,False,2606492026326517,False,False,0.0,0,0,1,0,0,False,True
canvas_level,richmond:8,False,False,2626545851027130,False,False,0.127074,0,0,0,0,0,True,False
canvas_sfm,richmond:8,False,False,2626545851027130,False,False,0.135695,0,0,0,0,0,True,False
stretch,richmond:8,False,False,2626545851027130,False,False,0.26882,0,0,0,0,0,True,False
canvas_level,richmond:18,False,False,2635513960081698,False,False,0.0,0,0,0,0,0,True,False
canvas_sfm,richmond:18,False,False,2635513960081698,False,False,0.0,0,0,0,0,0,True,False
stretch,richmond:18,False,False,2635513960081698,False,False,0.0,0,0,0,0,0,True,False
canvas_level,richmond:19,False,False,264496158692543,False,False,0.206695,0,0,0,0,0,True,False
canvas_sfm,richmond:19,False,False,264496158692543,False,False,0.213825,0,0,0,0,0,True,False
stretch,richmond:19,True,True,264496158692543,False,False,0.63431,3,1,0,0,0,True,False
canvas_level,richmond:8,False,False,2647309602327732,False,False,0.0,0,0,1,0,0,False,True
canvas_sfm,richmond:8,False,False,2647309602327732,False,False,0.0,0,0,1,0,0,False,True
stretch,richmond:8,False,False,2647309602327732,False,False,0.0,0,0,1,0,0,False,True
canvas_level,richmond:141,False,False,265281715303796,False,False,0.132042,0,0,0,0,0,False,False
canvas_sfm,richmond:141,False,False,265281715303796,False,False,0.162897,0,0,0,0,0,False,False
stretch,richmond:141,False,False,265281715303796,False,False,0.298536,0,0,0,0,0,False,False
canvas_level,richmond:11,False,False,2655629174645646,False,False,0.0,0,0,1,0,0,False,True
canvas_sfm,richmond:11,False,False,2655629174645646,False,False,0.0,0,0,1,0,0,False,True
stretch,richmond:11,True,False,2655629174645646,True,False,0.478941,2,0,1,1,0,False,True
canvas_level,richmond:93,True,False,2657110724499507,False,False,0.390246,1,0,2,0,0,False,True
canvas_sfm,richmond:93,True,False,2657110724499507,False,False,0.526584,1,0,2,0,0,False,True
stretch,richmond:93,True,False,2657110724499507,False,False,0.306157,1,0,2,0,0,False,True
canvas_level,richmond:17,False,False,266652851823523,False,False,0.0,0,0,0,0,0,False,False
canvas_sfm,richmond:17,False,False,266652851823523,False,False,0.0,0,0,0,0,0,False,False
stretch,richmond:17,True,True,266652851823523,False,False,0.560386,1,1,0,1,1,False,False
canvas_level,richmond:35,False,False,268415525023320,False,False,0.232704,0,0,0,0,0,True,False
canvas_sfm,richmond:35,False,False,268415525023320,False,False,0.23979,0,0,0,0,0,True,False
stretch,richmond:35,False,False,268415525023320,False,False,0.0,0,0,0,0,0,True,False
canvas_level,richmond:158,False,False,26866431072948013,False,False,0.0,0,0,0,0,0,True,False
canvas_sfm,richmond:158,False,False,26866431072948013,False,False,0.0,0,0,0,0,0,True,False
stretch,richmond:158,False,False,26866431072948013,False,False,0.0,0,0,0,0,0,True,False
canvas_level,richmond:201,False,False,2688443581453082,False,False,0.118928,0,0,0,0,0,True,False
canvas_sfm,richmond:201,False,False,2688443581453082,False,False,0.114224,0,0,0,0,0,True,False
stretch,richmond:201,False,False,2688443581453082,False,False,0.218661,0,0,0,0,0,True,False
canvas_level,richmond:51,False,False,269201621622973,False,False,0.109439,0,0,0,0,0,True,False
canvas_sfm,richmond:51,False,False,269201621622973,False,False,0.0,0,0,0,0,0,True,False
stretch,richmond:51,False,False,269201621622973,False,False,0.165513,0,0,0,0,0,True,False
canvas_level,richmond:148,False,False,2692659617690790,False,False,0.0,0,0,0,0,0,True,False
canvas_sfm,richmond:148,False,False,2692659617690790,False,False,0.127338,0,0,0,0,0,True,False
stretch,richmond:148,False,False,2692659617690790,False,False,0.0,0,0,0,0,0,True,False
canvas_level,richmond:96,True,True,2693466164187273,False,False,0.656377,1,1,0,0,0,False,False
canvas_sfm,richmond:96,True,True,2693466164187273,False,False,0.597409,1,1,0,0,0,False,False
stretch,richmond:96,True,True,2693466164187273,False,False,0.729488,1,1,0,0,0,False,False
canvas_level,richmond:19,False,False,269350818261187,False,False,0.221368,0,0,0,0,0,True,False
canvas_sfm,richmond:19,False,False,269350818261187,False,False,0.0,0,0,0,0,0,True,False
stretch,richmond:19,False,False,269350818261187,False,False,0.165546,0,0,0,0,0,True,False
canvas_level,richmond:162,False,False,270671098118254,False,False,0.0,0,0,0,0,0,True,False
canvas_sfm,richmond:162,False,False,270671098118254,False,False,0.0,0,0,0,0,0,True,False
stretch,richmond:162,False,False,270671098118254,False,False,0.0,0,0,0,0,0,True,False
canvas_level,richmond:219,True,False,270883158052464,False,False,0.545174,1,0,0,0,0,False,False
canvas_sfm,richmond:219,True,False,270883158052464,False,False,0.349253,1,0,0,0,0,False,False
stretch,richmond:219,True,False,270883158052464,False,False,0.392762,1,0,0,0,0,False,False
canvas_level,richmond:221,False,False,271541614653055,False,False,0.112593,0,0,1,0,0,False,True
canvas_sfm,richmond:221,False,False,271541614653055,False,False,0.100147,0,0,1,0,0,False,True
stretch,richmond:221,False,False,271541614653055,False,False,0.283314,0,0,1,0,0,False,True
canvas_level,richmond:221,False,False,2730756857106899,False,False,0.0,0,0,1,0,0,False,True
canvas_sfm,richmond:221,False,False,2730756857106899,False,False,0.12907,0,0,1,0,0,False,True
stretch,richmond:221,False,False,2730756857106899,False,False,0.29842,0,0,1,0,0,False,True
canvas_level,richmond:159,True,True,2735667979921714,True,True,0.679907,1,1,2,1,1,False,True
canvas_sfm,richmond:159,True,True,2735667979921714,True,True,0.805749,1,1,2,1,1,False,True
stretch,richmond:159,True,True,2735667979921714,True,True,0.694361,3,2,2,1,1,False,True
canvas_level,richmond:191,False,False,274118108433705,False,False,0.0,0,0,1,0,0,False,True
canvas_sfm,richmond:191,False,False,274118108433705,False,False,0.0,0,0,1,0,0,False,True
stretch,richmond:191,False,False,274118108433705,False,False,0.149379,0,0,1,0,0,False,True
canvas_level,richmond:170,False,False,2744338412440009,False,False,0.132237,0,0,0,0,0,True,False
canvas_sfm,richmond:170,False,False,2744338412440009,False,False,0.132237,0,0,0,0,0,True,False
stretch,richmond:170,False,False,2744338412440009,False,False,0.0,0,0,0,0,0,True,False
canvas_level,richmond:52,False,False,275974714239047,False,False,0.0,0,0,0,0,0,False,False
canvas_sfm,richmond:52,False,False,275974714239047,False,False,0.0,0,0,0,0,0,False,False
stretch,richmond:52,False,False,275974714239047,False,False,0.24407,0,0,0,0,0,False,False
canvas_level,richmond:7,False,False,2764612313735096,False,False,0.21191,0,0,0,0,0,True,False
canvas_sfm,richmond:7,False,False,2764612313735096,False,False,0.166297,0,0,0,0,0,True,False
stretch,richmond:7,False,False,2764612313735096,False,False,0.0,0,0,0,0,0,True,False
canvas_level,richmond:135,False,False,276839720788409,False,False,0.0,0,0,0,0,0,False,False
canvas_sfm,richmond:135,False,False,276839720788409,False,False,0.0,0,0,0,0,0,False,False
stretch,richmond:135,False,False,276839720788409,False,False,0.0,0,0,0,0,0,False,False
canvas_level,richmond:133,False,False,276975734135798,False,False,0.119372,0,0,0,0,0,True,False
canvas_sfm,richmond:133,False,False,276975734135798,False,False,0.133003,0,0,0,0,0,True,False
stretch,richmond:133,False,False,276975734135798,False,False,0.0,0,0,0,0,0,True,False
canvas_level,richmond:51,False,False,2779675405630454,False,False,0.148489,0,0,0,0,0,True,False
canvas_sfm,richmond:51,False,False,2779675405630454,False,False,0.13207,0,0,0,0,0,True,False
stretch,richmond:51,False,False,2779675405630454,False,False,0.11842,0,0,0,0,0,True,False
canvas_level,richmond:6,False,False,278167227379286,False,False,0.0,0,0,1,0,0,False,True
canvas_sfm,richmond:6,False,False,278167227379286,False,False,0.0,0,0,1,0,0,False,True
stretch,richmond:6,False,False,278167227379286,False,False,0.0,0,0,1,0,0,False,True
canvas_level,richmond:251,False,False,2785059225078256,False,False,0.155495,0,0,0,0,0,False,False
canvas_sfm,richmond:251,False,False,2785059225078256,False,False,0.118967,0,0,0,0,0,False,False
stretch,richmond:251,False,False,2785059225078256,False,False,0.0,0,0,0,0,0,False,False
canvas_level,richmond:128,False,False,279257393923687,False,False,0.0,0,0,0,0,0,True,False
canvas_sfm,richmond:128,False,False,279257393923687,False,False,0.111821,0,0,0,0,0,True,False
stretch,richmond:128,False,False,279257393923687,False,False,0.0,0,0,0,0,0,True,False
canvas_level,richmond:6,False,False,2796631170651601,False,False,0.145414,0,0,0,0,0,True,False
canvas_sfm,richmond:6,False,False,2796631170651601,False,False,0.0,0,0,0,0,0,True,False
stretch,richmond:6,False,False,2796631170651601,False,False,0.177111,0,0,0,0,0,True,False
canvas_level,richmond:162,True,False,2800225306809886,False,False,0.448403,1,0,0,1,0,False,False
canvas_sfm,richmond:162,True,True,2800225306809886,False,False,0.601709,1,1,0,1,1,False,False
stretch,richmond:162,True,True,2800225306809886,False,False,0.668579,2,1,0,1,1,False,False
canvas_level,richmond:51,False,False,281173863651648,False,False,0.146358,0,0,0,0,0,True,False
canvas_sfm,richmond:51,False,False,281173863651648,False,False,0.287972,0,0,0,0,0,True,False
stretch,richmond:51,False,False,281173863651648,False,False,0.0,0,0,0,0,0,True,False
canvas_level,richmond:23,False,False,282323916966810,False,False,0.242451,0,0,0,0,0,True,False
canvas_sfm,richmond:23,False,False,282323916966810,False,False,0.19647,0,0,0,0,0,True,False
stretch,richmond:23,True,True,282323916966810,False,False,0.82616,1,1,0,0,0,True,False
canvas_level,richmond:136,False,False,2827596340825206,False,False,0.11373,0,0,0,0,0,False,False
canvas_sfm,richmond:136,False,False,2827596340825206,False,False,0.10238,0,0,0,0,0,False,False
stretch,richmond:136,True,True,2827596340825206,False,False,0.673019,4,1,0,0,0,False,False
canvas_level,richmond:221,False,False,282805233564028,False,False,0.0,0,0,1,0,0,False,True
canvas_sfm,richmond:221,False,False,282805233564028,False,False,0.0,0,0,1,0,0,False,True
stretch,richmond:221,False,False,282805233564028,False,False,0.151087,0,0,1,0,0,False,True
canvas_level,richmond:51,False,False,283809380059023,False,False,0.0,0,0,0,0,0,True,False
canvas_sfm,richmond:51,False,False,283809380059023,False,False,0.0,0,0,0,0,0,True,False
stretch,richmond:51,False,False,283809380059023,False,False,0.22106,0,0,0,0,0,True,False
canvas_level,richmond:21,False,False,284045876726227,False,False,0.0,0,0,1,0,0,False,True
canvas_sfm,richmond:21,False,False,284045876726227,False,False,0.0,0,0,1,0,0,False,True
stretch,richmond:21,False,False,284045876726227,False,False,0.251237,0,0,1,0,0,False,True
canvas_level,richmond:169,False,False,2843654289184071,False,False,0.0,0,0,0,0,0,True,False
canvas_sfm,richmond:169,False,False,2843654289184071,False,False,0.0,0,0,0,0,0,True,False
stretch,richmond:169,False,False,2843654289184071,False,False,0.221505,0,0,0,0,0,True,False
canvas_level,richmond:133,True,False,2847212605542010,False,False,0.308229,1,0,0,1,0,False,False
canvas_sfm,richmond:133,False,False,2847212605542010,False,False,0.273874,0,0,0,0,0,False,False
stretch,richmond:133,True,False,2847212605542010,False,False,0.414036,1,0,0,1,0,False,False
canvas_level,richmond:75,False,False,285393713253010,False,False,0.0,0,0,0,0,0,True,False
canvas_sfm,richmond:75,False,False,285393713253010,False,False,0.0,0,0,0,0,0,True,False
stretch,richmond:75,False,False,285393713253010,False,False,0.0,0,0,0,0,0,True,False
canvas_level,richmond:8,False,False,2856706047846590,False,False,0.0,0,0,1,0,0,False,True
canvas_sfm,richmond:8,False,False,2856706047846590,False,False,0.0,0,0,1,0,0,False,True
stretch,richmond:8,False,False,2856706047846590,False,False,0.0,0,0,1,0,0,False,True
canvas_level,richmond:149,False,False,2858095731109745,False,False,0.0,0,0,0,0,0,False,False
canvas_sfm,richmond:149,False,False,2858095731109745,False,False,0.0,0,0,0,0,0,False,False
stretch,richmond:149,False,False,2858095731109745,False,False,0.0,0,0,0,0,0,False,False
canvas_level,richmond:135,False,False,2863248953926114,False,False,0.102058,0,0,1,0,0,False,True
canvas_sfm,richmond:135,False,False,2863248953926114,False,False,0.102473,0,0,1,0,0,False,True
stretch,richmond:135,True,False,2863248953926114,False,False,0.469499,1,0,1,0,0,False,True
canvas_level,richmond:18,False,False,2866156600289465,False,False,0.0,0,0,0,0,0,True,False
canvas_sfm,richmond:18,False,False,2866156600289465,False,False,0.0,0,0,0,0,0,True,False
stretch,richmond:18,True,False,2866156600289465,False,False,0.543891,3,0,0,0,0,True,False
canvas_level,richmond:6,False,False,286821949826070,False,False,0.112091,0,0,0,0,0,True,False
canvas_sfm,richmond:6,False,False,286821949826070,False,False,0.147101,0,0,0,0,0,True,False
stretch,richmond:6,False,False,286821949826070,False,False,0.0,0,0,0,0,0,True,False
canvas_level,richmond:201,False,False,287182266441517,False,False,0.225894,0,0,0,0,0,True,False
canvas_sfm,richmond:201,False,False,287182266441517,False,False,0.0,0,0,0,0,0,True,False
stretch,richmond:201,True,False,287182266441517,False,False,0.31412,1,0,0,0,0,True,False
canvas_level,richmond:38,False,False,28741994155414379,False,False,0.18087,0,0,0,0,0,True,False
canvas_sfm,richmond:38,False,False,28741994155414379,False,False,0.180728,0,0,0,0,0,True,False
stretch,richmond:38,False,False,28741994155414379,False,False,0.187139,0,0,0,0,0,True,False
canvas_level,richmond:8,False,False,2878671945795070,False,False,0.252909,0,0,0,0,0,False,False
canvas_sfm,richmond:8,False,False,2878671945795070,False,False,0.121562,0,0,0,0,0,False,False
stretch,richmond:8,False,False,2878671945795070,False,False,0.299907,0,0,0,0,0,False,False
canvas_level,richmond:34,True,False,287869026401677,False,False,0.330342,1,0,0,0,0,True,False
canvas_sfm,richmond:34,True,False,287869026401677,False,False,0.379823,1,0,0,0,0,True,False
stretch,richmond:34,True,True,287869026401677,False,False,0.75164,1,1,0,0,0,True,False
canvas_level,richmond:135,False,False,2884124231804960,False,False,0.0,0,0,1,0,0,False,True
canvas_sfm,richmond:135,False,False,2884124231804960,False,False,0.112037,0,0,1,0,0,False,True
stretch,richmond:135,True,False,2884124231804960,False,False,0.509295,1,0,1,0,0,False,True
canvas_level,richmond:195,False,False,288546403631361,False,False,0.0,0,0,0,0,0,True,False
canvas_sfm,richmond:195,False,False,288546403631361,False,False,0.0,0,0,0,0,0,True,False
stretch,richmond:195,False,False,288546403631361,False,False,0.0,0,0,0,0,0,True,False
canvas_level,richmond:18,False,False,288945259540349,False,False,0.221163,0,0,0,0,0,True,False
canvas_sfm,richmond:18,False,False,288945259540349,False,False,0.211647,0,0,0,0,0,True,False
stretch,richmond:18,False,False,288945259540349,False,False,0.0,0,0,0,0,0,True,False
canvas_level,richmond:18,False,False,289394172910169,False,False,0.0,0,0,0,0,0,True,False
canvas_sfm,richmond:18,False,False,289394172910169,False,False,0.0,0,0,0,0,0,True,False
stretch,richmond:18,False,False,289394172910169,False,False,0.187398,0,0,0,0,0,True,False
canvas_level,richmond:147,True,True,289486187491862,False,False,0.804104,1,1,0,0,0,True,False
canvas_sfm,richmond:147,True,True,289486187491862,False,False,0.85551,1,1,0,0,0,True,False
stretch,richmond:147,True,True,289486187491862,False,False,0.785565,1,1,0,0,0,True,False
canvas_level,richmond:133,False,False,289785939539762,False,False,0.118819,0,0,0,0,0,True,False
canvas_sfm,richmond:133,False,False,289785939539762,False,False,0.0,0,0,0,0,0,True,False
stretch,richmond:133,False,False,289785939539762,False,False,0.0,0,0,0,0,0,True,False
canvas_level,richmond:19,False,False,2905869379671546,False,False,0.0,0,0,0,0,0,True,False
canvas_sfm,richmond:19,False,False,2905869379671546,False,False,0.0,0,0,0,0,0,True,False
stretch,richmond:19,False,False,2905869379671546,False,False,0.0,0,0,0,0,0,True,False
canvas_level,richmond:19,False,False,2907449746136160,False,False,0.104999,0,0,1,0,0,False,True
canvas_sfm,richmond:19,False,False,2907449746136160,False,False,0.101891,0,0,1,0,0,False,True
stretch,richmond:19,True,False,2907449746136160,False,False,0.384244,2,0,1,0,0,False,True
canvas_level,richmond:17,False,False,2909484672600063,False,False,0.0,0,0,0,0,0,False,False
canvas_sfm,richmond:17,False,False,2909484672600063,False,False,0.0,0,0,0,0,0,False,False
stretch,richmond:17,True,False,2909484672600063,False,False,0.515606,2,0,0,1,0,False,False
canvas_level,richmond:18,False,False,2910196349255375,False,False,0.100346,0,0,0,0,0,True,False
canvas_sfm,richmond:18,False,False,2910196349255375,False,False,0.0,0,0,0,0,0,True,False
stretch,richmond:18,False,False,2910196349255375,False,False,0.0,0,0,0,0,0,True,False
canvas_level,richmond:103,True,True,291204802484017,False,False,0.689723,1,1,0,0,0,False,False
canvas_sfm,richmond:103,True,True,291204802484017,False,False,0.616016,2,1,0,0,0,False,False
stretch,richmond:103,True,True,291204802484017,False,False,0.751199,2,2,0,0,0,False,False
canvas_level,richmond:169,False,False,291675665775158,False,False,0.178333,0,0,0,0,0,True,False
canvas_sfm,richmond:169,False,False,291675665775158,False,False,0.15483,0,0,0,0,0,True,False
stretch,richmond:169,False,False,291675665775158,False,False,0.193149,0,0,0,0,0,True,False
canvas_level,richmond:133,False,False,291799819076797,False,False,0.172465,0,0,0,0,0,False,False
canvas_sfm,richmond:133,False,False,291799819076797,False,False,0.143468,0,0,0,0,0,False,False
stretch,richmond:133,True,False,291799819076797,False,False,0.514264,1,0,0,0,0,False,False
canvas_level,richmond:251,False,False,292455032584192,False,False,0.0,0,0,0,0,0,False,False
canvas_sfm,richmond:251,False,False,292455032584192,False,False,0.0,0,0,0,0,0,False,False
stretch,richmond:251,False,False,292455032584192,False,False,0.106195,0,0,0,0,0,False,False
canvas_level,richmond:10,True,False,292945189123436,False,False,0.404196,1,0,0,0,0,False,False
canvas_sfm,richmond:10,False,False,292945189123436,False,False,0.298122,0,0,0,0,0,False,False
stretch,richmond:10,True,False,292945189123436,False,False,0.375053,1,0,0,1,0,False,False
canvas_level,richmond:191,False,False,292950102475751,False,False,0.0,0,0,0,0,0,False,False
canvas_sfm,richmond:191,False,False,292950102475751,False,False,0.0,0,0,0,0,0,False,False
stretch,richmond:191,False,False,292950102475751,False,False,0.0,0,0,0,0,0,False,False
canvas_level,richmond:201,False,False,2934890606751053,False,False,0.174184,0,0,0,0,0,True,False
canvas_sfm,richmond:201,False,False,2934890606751053,False,False,0.174761,0,0,0,0,0,True,False
stretch,richmond:201,False,False,2934890606751053,False,False,0.136395,0,0,0,0,0,True,False
canvas_level,richmond:74,False,False,2940724772763419,False,False,0.143221,0,0,0,0,0,True,False
canvas_sfm,richmond:74,False,False,2940724772763419,False,False,0.143209,0,0,0,0,0,True,False
stretch,richmond:74,False,False,2940724772763419,False,False,0.0,0,0,0,0,0,True,False
canvas_level,richmond:251,False,False,294810905655086,False,False,0.0,0,0,0,0,0,False,False
canvas_sfm,richmond:251,False,False,294810905655086,False,False,0.0,0,0,0,0,0,False,False
stretch,richmond:251,False,False,294810905655086,False,False,0.0,0,0,0,0,0,False,False
canvas_level,richmond:74,False,False,295051568765680,False,False,0.0,0,0,2,0,0,False,True
canvas_sfm,richmond:74,False,False,295051568765680,False,False,0.0,0,0,2,0,0,False,True
stretch,richmond:74,False,False,295051568765680,False,False,0.0,0,0,2,0,0,False,True
canvas_level,richmond:19,False,False,295480675448393,False,False,0.0,0,0,0,0,0,True,False
canvas_sfm,richmond:19,False,False,295480675448393,False,False,0.0,0,0,0,0,0,True,False
stretch,richmond:19,False,False,295480675448393,False,False,0.178849,0,0,0,0,0,True,False
canvas_level,richmond:134,False,False,2967770406825783,False,False,0.163546,0,0,1,0,0,False,True
canvas_sfm,richmond:134,False,False,2967770406825783,False,False,0.177385,0,0,1,0,0,False,True
stretch,richmond:134,True,False,2967770406825783,False,False,0.350862,1,0,1,0,0,False,True
canvas_level,richmond:149,True,False,297173798785076,False,False,0.347932,1,0,2,1,0,False,True
canvas_sfm,richmond:149,False,False,297173798785076,False,False,0.291301,0,0,2,0,0,False,True
stretch,richmond:149,True,True,297173798785076,False,False,0.755684,1,1,2,1,1,False,True
canvas_level,richmond:51,False,False,297423435245714,False,False,0.110226,0,0,0,0,0,True,False
canvas_sfm,richmond:51,False,False,297423435245714,False,False,0.0,0,0,0,0,0,True,False
stretch,richmond:51,False,False,297423435245714,False,False,0.173721,0,0,0,0,0,True,False
canvas_level,richmond:8,False,False,2979414378999256,False,False,0.0,0,0,0,0,0,True,False
canvas_sfm,richmond:8,False,False,2979414378999256,False,False,0.0,0,0,0,0,0,True,False
stretch,richmond:8,False,False,2979414378999256,False,False,0.0,0,0,0,0,0,True,False
canvas_level,richmond:159,False,False,2980797732176894,False,False,0.0,0,0,0,0,0,True,False
canvas_sfm,richmond:159,False,False,2980797732176894,False,False,0.0,0,0,0,0,0,True,False
stretch,richmond:159,False,False,2980797732176894,False,False,0.0,0,0,0,0,0,True,False
canvas_level,richmond:220,False,False,298164698695638,False,False,0.0,0,0,0,0,0,True,False
canvas_sfm,richmond:220,False,False,298164698695638,False,False,0.0,0,0,0,0,0,True,False
stretch,richmond:220,False,False,298164698695638,False,False,0.0,0,0,0,0,0,True,False
canvas_level,richmond:221,False,False,2982764418531468,False,False,0.0,0,0,0,0,0,True,False
canvas_sfm,richmond:221,False,False,2982764418531468,False,False,0.0,0,0,0,0,0,True,False
stretch,richmond:221,False,False,2982764418531468,False,False,0.115314,0,0,0,0,0,True,False
canvas_level,richmond:148,False,False,298446198667285,False,False,0.0,0,0,0,0,0,True,False
canvas_sfm,richmond:148,False,False,298446198667285,False,False,0.0,0,0,0,0,0,True,False
stretch,richmond:148,False,False,298446198667285,False,False,0.132476,0,0,0,0,0,True,False
canvas_level,richmond:33,False,False,298527811951416,False,False,0.0,0,0,0,0,0,False,False
canvas_sfm,richmond:33,False,False,298527811951416,False,False,0.0,0,0,0,0,0,False,False
stretch,richmond:33,False,False,298527811951416,False,False,0.0,0,0,0,0,0,False,False
canvas_level,richmond:23,False,False,298760821803782,False,False,0.158915,0,0,0,0,0,True,False
canvas_sfm,richmond:23,False,False,298760821803782,False,False,0.156269,0,0,0,0,0,True,False
stretch,richmond:23,False,False,298760821803782,False,False,0.244004,0,0,0,0,0,True,False
canvas_level,richmond:203,False,False,2988645138078712,False,False,0.0,0,0,0,0,0,True,False
canvas_sfm,richmond:203,False,False,2988645138078712,False,False,0.0,0,0,0,0,0,True,False
stretch,richmond:203,False,False,2988645138078712,False,False,0.120212,0,0,0,0,0,True,False
canvas_level,richmond:51,False,False,2991208381151006,False,False,0.140896,0,0,0,0,0,True,False
canvas_sfm,richmond:51,False,False,2991208381151006,False,False,0.166245,0,0,0,0,0,True,False
stretch,richmond:51,False,False,2991208381151006,False,False,0.225132,0,0,0,0,0,True,False
canvas_level,richmond:23,False,False,299178275000273,False,False,0.126661,0,0,0,0,0,False,False
canvas_sfm,richmond:23,False,False,299178275000273,False,False,0.122767,0,0,0,0,0,False,False
stretch,richmond:23,False,False,299178275000273,False,False,0.135765,0,0,0,0,0,False,False
canvas_level,richmond:221,False,False,299314221828075,False,False,0.0,0,0,0,0,0,False,False
canvas_sfm,richmond:221,False,False,299314221828075,False,False,0.0,0,0,0,0,0,False,False
stretch,richmond:221,False,False,299314221828075,False,False,0.0,0,0,0,0,0,False,False
canvas_level,richmond:19,False,False,299772628473656,False,False,0.0,0,0,0,0,0,False,False
canvas_sfm,richmond:19,False,False,299772628473656,False,False,0.0,0,0,0,0,0,False,False
stretch,richmond:19,False,False,299772628473656,False,False,0.0,0,0,0,0,0,False,False
canvas_level,richmond:201,False,False,300216065076104,False,False,0.0,0,0,0,0,0,False,False
canvas_sfm,richmond:201,False,False,300216065076104,False,False,0.0,0,0,0,0,0,False,False
stretch,richmond:201,True,True,300216065076104,False,False,0.652573,4,2,0,0,0,False,False
canvas_level,richmond:235,False,False,3003180530009319,False,False,0.0,0,0,0,0,0,True,False
canvas_sfm,richmond:235,False,False,3003180530009319,False,False,0.0,0,0,0,0,0,True,False
stretch,richmond:235,False,False,3003180530009319,False,False,0.159411,0,0,0,0,0,True,False
canvas_level,richmond:167,False,False,300332371802477,False,False,0.0,0,0,0,0,0,True,False
canvas_sfm,richmond:167,False,False,300332371802477,False,False,0.0,0,0,0,0,0,True,False
stretch,richmond:167,False,False,300332371802477,False,False,0.128018,0,0,0,0,0,True,False
canvas_level,richmond:18,False,False,300402185037104,False,False,0.0,0,0,0,0,0,False,False
canvas_sfm,richmond:18,False,False,300402185037104,False,False,0.0,0,0,0,0,0,False,False
stretch,richmond:18,False,False,300402185037104,False,False,0.131416,0,0,0,0,0,False,False
canvas_level,richmond:148,False,False,300589478260888,False,False,0.0,0,0,0,0,0,True,False
canvas_sfm,richmond:148,False,False,300589478260888,False,False,0.0,0,0,0,0,0,True,False
stretch,richmond:148,False,False,300589478260888,False,False,0.0,0,0,0,0,0,True,False
canvas_level,richmond:26,True,False,3007049422860336,False,False,0.384061,1,0,0,0,0,False,False
canvas_sfm,richmond:26,False,False,3007049422860336,False,False,0.229873,0,0,0,0,0,False,False
stretch,richmond:26,True,False,3007049422860336,False,False,0.309137,1,0,0,0,0,False,False
canvas_level,richmond:19,False,False,300848274852331,False,False,0.0,0,0,0,0,0,True,False
canvas_sfm,richmond:19,False,False,300848274852331,False,False,0.0,0,0,0,0,0,True,False
stretch,richmond:19,False,False,300848274852331,False,False,0.0,0,0,0,0,0,True,False
canvas_level,richmond:184,False,False,301202145041155,False,False,0.0,0,0,0,0,0,True,False
canvas_sfm,richmond:184,False,False,301202145041155,False,False,0.0,0,0,0,0,0,True,False
stretch,richmond:184,False,False,301202145041155,False,False,0.106823,0,0,0,0,0,True,False
canvas_level,richmond:31,False,False,301315184774353,False,False,0.121267,0,0,1,0,0,False,True
canvas_sfm,richmond:31,False,False,301315184774353,False,False,0.14715,0,0,1,0,0,False,True
stretch,richmond:31,False,False,301315184774353,False,False,0.0,0,0,1,0,0,False,True
canvas_level,richmond:74,False,False,301684138251921,False,False,0.0,0,0,2,0,0,False,True
canvas_sfm,richmond:74,False,False,301684138251921,False,False,0.0,0,0,2,0,0,False,True
stretch,richmond:74,False,False,301684138251921,False,False,0.0,0,0,2,0,0,False,True
canvas_level,richmond:133,False,False,3016953138460686,False,False,0.0,0,0,0,0,0,True,False
canvas_sfm,richmond:133,False,False,3016953138460686,False,False,0.0,0,0,0,0,0,True,False
stretch,richmond:133,False,False,3016953138460686,False,False,0.0,0,0,0,0,0,True,False
canvas_level,richmond:191,False,False,302171294969325,False,False,0.0,0,0,0,0,0,True,False
canvas_sfm,richmond:191,False,False,302171294969325,False,False,0.0,0,0,0,0,0,True,False
stretch,richmond:191,False,False,302171294969325,False,False,0.0,0,0,0,0,0,True,False
canvas_level,richmond:19,False,False,3026282824284326,False,False,0.0,0,0,0,0,0,True,False
canvas_sfm,richmond:19,False,False,3026282824284326,False,False,0.0,0,0,0,0,0,True,False
stretch,richmond:19,False,False,3026282824284326,False,False,0.107319,0,0,0,0,0,True,False
canvas_level,richmond:199,False,False,302897961389079,False,False,0.0,0,0,0,0,0,False,False
canvas_sfm,richmond:199,False,False,302897961389079,False,False,0.0,0,0,0,0,0,False,False
stretch,richmond:199,False,False,302897961389079,False,False,0.0,0,0,0,0,0,False,False
canvas_level,richmond:21,False,False,303227891326714,False,False,0.0,0,0,0,0,0,False,False
canvas_sfm,richmond:21,False,False,303227891326714,False,False,0.104961,0,0,0,0,0,False,False
stretch,richmond:21,True,False,303227891326714,False,False,0.380534,1,0,0,0,0,False,False
canvas_level,richmond:186,False,False,303644601266785,False,False,0.119921,0,0,0,0,0,False,False
canvas_sfm,richmond:186,False,False,303644601266785,False,False,0.107815,0,0,0,0,0,False,False
stretch,richmond:186,False,False,303644601266785,False,False,0.0,0,0,0,0,0,False,False
canvas_level,richmond:24,False,False,303927394522989,False,False,0.0,0,0,0,0,0,True,False
canvas_sfm,richmond:24,False,False,303927394522989,False,False,0.0,0,0,0,0,0,True,False
stretch,richmond:24,True,False,303927394522989,False,False,0.402063,1,0,0,0,0,True,False
canvas_level,richmond:10,False,False,304035498099361,False,False,0.0,0,0,0,0,0,False,False
canvas_sfm,richmond:10,False,False,304035498099361,False,False,0.0,0,0,0,0,0,False,False
stretch,richmond:10,False,False,304035498099361,False,False,0.126749,0,0,0,0,0,False,False
canvas_level,richmond:19,True,False,304379594742017,False,False,0.375055,1,0,0,0,0,True,False
canvas_sfm,richmond:19,True,False,304379594742017,False,False,0.384216,1,0,0,0,0,True,False
stretch,richmond:19,False,False,304379594742017,False,False,0.0,0,0,0,0,0,True,False
canvas_level,richmond:19,True,False,304442827926051,False,False,0.363436,1,0,0,0,0,True,False
canvas_sfm,richmond:19,True,False,304442827926051,False,False,0.372285,1,0,0,0,0,True,False
stretch,richmond:19,False,False,304442827926051,False,False,0.0,0,0,0,0,0,True,False
canvas_level,richmond:107,False,False,305085917812274,False,False,0.149329,0,0,0,0,0,False,False
canvas_sfm,richmond:107,False,False,305085917812274,False,False,0.130173,0,0,0,0,0,False,False
stretch,richmond:107,False,False,305085917812274,False,False,0.139668,0,0,0,0,0,False,False
canvas_level,richmond:51,False,False,305370437628006,False,False,0.141244,0,0,0,0,0,True,False
canvas_sfm,richmond:51,False,False,305370437628006,False,False,0.107371,0,0,0,0,0,True,False
stretch,richmond:51,False,False,305370437628006,False,False,0.0,0,0,0,0,0,True,False
canvas_level,richmond:19,False,False,305401054323896,False,False,0.0,0,0,0,0,0,False,False
canvas_sfm,richmond:19,False,False,305401054323896,False,False,0.0,0,0,0,0,0,False,False
stretch,richmond:19,False,False,305401054323896,False,False,0.0,0,0,0,0,0,False,False
canvas_level,richmond:144,False,False,305544111081287,False,False,0.0,0,0,0,0,0,False,False
canvas_sfm,richmond:144,False,False,305544111081287,False,False,0.0,0,0,0,0,0,False,False
stretch,richmond:144,False,False,305544111081287,False,False,0.1855,0,0,0,0,0,False,False
canvas_level,richmond:18,False,False,306291107722898,False,False,0.223658,0,0,0,0,0,True,False
canvas_sfm,richmond:18,False,False,306291107722898,False,False,0.275733,0,0,0,0,0,True,False
stretch,richmond:18,False,False,306291107722898,False,False,0.0,0,0,0,0,0,True,False
canvas_level,richmond:149,True,False,306591010904601,False,False,0.501657,2,0,0,1,0,False,False
canvas_sfm,richmond:149,True,False,306591010904601,False,False,0.474398,1,0,0,1,0,False,False
stretch,richmond:149,True,True,306591010904601,False,False,0.677906,1,1,0,1,1,False,False
canvas_level,richmond:133,True,False,307116604311292,False,False,0.327285,1,0,0,1,0,False,False
canvas_sfm,richmond:133,True,False,307116604311292,False,False,0.335089,1,0,0,1,0,False,False
stretch,richmond:133,False,False,307116604311292,False,False,0.176674,0,0,0,0,0,False,False
canvas_level,richmond:18,False,False,307293217652158,False,False,0.168203,0,0,0,0,0,True,False
canvas_sfm,richmond:18,False,False,307293217652158,False,False,0.0,0,0,0,0,0,True,False
stretch,richmond:18,False,False,307293217652158,False,False,0.0,0,0,0,0,0,True,False
canvas_level,richmond:184,False,False,307355150968042,False,False,0.0,0,0,0,0,0,True,False
canvas_sfm,richmond:184,False,False,307355150968042,False,False,0.0,0,0,0,0,0,True,False
stretch,richmond:184,False,False,307355150968042,False,False,0.0,0,0,0,0,0,True,False
canvas_level,richmond:24,False,False,307449257640232,False,False,0.0,0,0,0,0,0,True,False
canvas_sfm,richmond:24,False,False,307449257640232,False,False,0.0,0,0,0,0,0,True,False
stretch,richmond:24,True,False,307449257640232,False,False,0.509705,3,0,0,0,0,True,False
canvas_level,richmond:19,False,False,308032360895031,False,False,0.0,0,0,0,0,0,True,False
canvas_sfm,richmond:19,False,False,308032360895031,False,False,0.0,0,0,0,0,0,True,False
stretch,richmond:19,False,False,308032360895031,False,False,0.0,0,0,0,0,0,True,False
canvas_level,richmond:201,False,False,308139764130899,False,False,0.1245,0,0,0,0,0,True,False
canvas_sfm,richmond:201,False,False,308139764130899,False,False,0.120074,0,0,0,0,0,True,False
stretch,richmond:201,False,False,308139764130899,False,False,0.264522,0,0,0,0,0,True,False
canvas_level,richmond:191,False,False,308523300799584,False,False,0.159879,0,0,0,0,0,True,False
canvas_sfm,richmond:191,False,False,308523300799584,False,False,0.167382,0,0,0,0,0,True,False
stretch,richmond:191,False,False,308523300799584,False,False,0.0,0,0,0,0,0,True,False
canvas_level,richmond:51,False,False,308904957306661,False,False,0.0,0,0,0,0,0,False,False
canvas_sfm,richmond:51,False,False,308904957306661,False,False,0.0,0,0,0,0,0,False,False
stretch,richmond:51,False,False,308904957306661,False,False,0.0,0,0,0,0,0,False,False
canvas_level,richmond:219,False,False,309010000746116,False,False,0.14608,0,0,0,0,0,True,False
canvas_sfm,richmond:219,False,False,309010000746116,False,False,0.152334,0,0,0,0,0,True,False
stretch,richmond:219,True,True,309010000746116,False,False,0.616364,1,1,0,0,0,True,False
canvas_level,richmond:22,False,False,309115277520163,False,False,0.166804,0,0,0,0,0,True,False
canvas_sfm,richmond:22,False,False,309115277520163,False,False,0.163653,0,0,0,0,0,True,False
stretch,richmond:22,False,False,309115277520163,False,False,0.134708,0,0,0,0,0,True,False
canvas_level,richmond:127,True,False,3095460380688097,False,False,0.496326,1,0,1,1,0,False,True
canvas_sfm,richmond:127,True,False,3095460380688097,False,False,0.473982,1,0,1,1,0,False,True
stretch,richmond:127,False,False,3095460380688097,False,False,0.104164,0,0,1,0,0,False,True
canvas_level,richmond:252,False,False,309689603947051,False,False,0.0,0,0,0,0,0,False,False
canvas_sfm,richmond:252,False,False,309689603947051,False,False,0.123593,0,0,0,0,0,False,False
stretch,richmond:252,False,False,309689603947051,False,False,0.142776,0,0,0,0,0,False,False
canvas_level,richmond:147,False,False,310198020648335,False,False,0.139867,0,0,0,0,0,True,False
canvas_sfm,richmond:147,False,False,310198020648335,False,False,0.162191,0,0,0,0,0,True,False
stretch,richmond:147,False,False,310198020648335,False,False,0.195884,0,0,0,0,0,True,False
canvas_level,richmond:203,False,False,310339940810312,False,False,0.104912,0,0,0,0,0,True,False
canvas_sfm,richmond:203,False,False,310339940810312,False,False,0.116558,0,0,0,0,0,True,False
stretch,richmond:203,True,True,310339940810312,False,False,0.609212,1,1,0,0,0,True,False
canvas_level,richmond:203,False,False,310886797309211,False,False,0.188174,0,0,0,0,0,True,False
canvas_sfm,richmond:203,False,False,310886797309211,False,False,0.184632,0,0,0,0,0,True,False
stretch,richmond:203,False,False,310886797309211,False,False,0.201672,0,0,0,0,0,True,False
canvas_level,richmond:201,False,False,311585633976816,False,False,0.155453,0,0,0,0,0,True,False
canvas_sfm,richmond:201,False,False,311585633976816,False,False,0.20954,0,0,0,0,0,True,False
stretch,richmond:201,True,False,311585633976816,False,False,0.333655,1,0,0,0,0,True,False
canvas_level,richmond:198,True,False,312233143643173,False,False,0.391798,1,0,0,0,0,False,False
canvas_sfm,richmond:198,True,False,312233143643173,False,False,0.301531,1,0,0,0,0,False,False
stretch,richmond:198,False,False,312233143643173,False,False,0.292632,0,0,0,0,0,False,False
canvas_level,richmond:19,False,False,3133560350144157,False,False,0.103347,0,0,0,0,0,False,False
canvas_sfm,richmond:19,False,False,3133560350144157,False,False,0.0,0,0,0,0,0,False,False
stretch,richmond:19,False,False,3133560350144157,False,False,0.0,0,0,0,0,0,False,False
canvas_level,richmond:137,False,False,313510556878004,False,False,0.25736,0,0,0,0,0,False,False
canvas_sfm,richmond:137,True,False,313510556878004,False,False,0.322215,1,0,0,1,0,False,False
stretch,richmond:137,False,False,313510556878004,False,False,0.291584,0,0,0,0,0,False,False
canvas_level,richmond:186,False,False,313845727060311,False,False,0.109395,0,0,0,0,0,False,False
canvas_sfm,richmond:186,False,False,313845727060311,False,False,0.0,0,0,0,0,0,False,False
stretch,richmond:186,False,False,313845727060311,False,False,0.214656,0,0,0,0,0,False,False
canvas_level,richmond:251,False,False,314064400129533,False,False,0.114687,0,0,0,0,0,True,False
canvas_sfm,richmond:251,False,False,314064400129533,False,False,0.108628,0,0,0,0,0,True,False
stretch,richmond:251,False,False,314064400129533,False,False,0.108502,0,0,0,0,0,True,False
canvas_level,richmond:141,False,False,314110000309048,False,False,0.212073,0,0,1,0,0,False,True
canvas_sfm,richmond:141,False,False,314110000309048,False,False,0.224614,0,0,1,0,0,False,True
stretch,richmond:141,False,False,314110000309048,False,False,0.107596,0,0,1,0,0,False,True
canvas_level,richmond:186,False,False,314903200187899,False,False,0.105282,0,0,0,0,0,False,False
canvas_sfm,richmond:186,False,False,314903200187899,False,False,0.105282,0,0,0,0,0,False,False
stretch,richmond:186,False,False,314903200187899,False,False,0.0,0,0,0,0,0,False,False
canvas_level,richmond:200,False,False,315560080135163,False,False,0.105443,0,0,0,0,0,True,False
canvas_sfm,richmond:200,False,False,315560080135163,False,False,0.100141,0,0,0,0,0,True,False
stretch,richmond:200,False,False,315560080135163,False,False,0.120663,0,0,0,0,0,True,False
canvas_level,richmond:162,False,False,3162406950559529,False,False,0.0,0,0,0,0,0,True,False
canvas_sfm,richmond:162,False,False,3162406950559529,False,False,0.0,0,0,0,0,0,True,False
stretch,richmond:162,True,False,3162406950559529,False,False,0.404657,1,0,0,0,0,True,False
canvas_level,richmond:149,False,False,317311613132652,False,False,0.104745,0,0,0,0,0,False,False
canvas_sfm,richmond:149,False,False,317311613132652,False,False,0.0,0,0,0,0,0,False,False
stretch,richmond:149,True,False,317311613132652,False,False,0.528149,1,0,0,1,0,False,False
canvas_level,richmond:18,False,False,317852156409110,False,False,0.109286,0,0,0,0,0,True,False
canvas_sfm,richmond:18,False,False,317852156409110,False,False,0.0,0,0,0,0,0,True,False
stretch,richmond:18,False,False,317852156409110,False,False,0.0,0,0,0,0,0,True,False
canvas_level,richmond:11,True,False,3183744381784246,False,False,0.341418,1,0,0,0,0,True,False
canvas_sfm,richmond:11,True,False,3183744381784246,False,False,0.331836,1,0,0,0,0,True,False
stretch,richmond:11,False,False,3183744381784246,False,False,0.0,0,0,0,0,0,True,False
canvas_level,richmond:18,False,False,318616946313799,False,False,0.0,0,0,0,0,0,True,False
canvas_sfm,richmond:18,False,False,318616946313799,False,False,0.0,0,0,0,0,0,True,False
stretch,richmond:18,False,False,318616946313799,False,False,0.0,0,0,0,0,0,True,False
canvas_level,richmond:201,False,False,318787153206190,False,False,0.0,0,0,1,0,0,False,True
canvas_sfm,richmond:201,False,False,318787153206190,False,False,0.0,0,0,1,0,0,False,True
stretch,richmond:201,False,False,318787153206190,False,False,0.114688,0,0,1,0,0,False,True
canvas_level,richmond:251,False,False,319029342959208,False,False,0.0,0,0,0,0,0,False,False
canvas_sfm,richmond:251,False,False,319029342959208,False,False,0.0,0,0,0,0,0,False,False
stretch,richmond:251,False,False,319029342959208,False,False,0.0,0,0,0,0,0,False,False
canvas_level,richmond:149,True,False,319443939739101,False,False,0.350271,1,0,0,1,0,False,False
canvas_sfm,richmond:149,True,False,319443939739101,False,False,0.392491,1,0,0,1,0,False,False
stretch,richmond:149,True,True,319443939739101,False,False,0.703335,1,1,0,1,1,False,False
canvas_level,richmond:42,True,True,3196129163852754,True,True,0.926275,5,2,4,3,2,False,True
canvas_sfm,richmond:42,True,True,3196129163852754,True,True,0.997982,4,1,4,3,1,False,True
stretch,richmond:42,True,True,3196129163852754,True,True,0.824391,5,4,4,4,4,False,True
canvas_level,richmond:21,False,False,320533466155073,False,False,0.0,0,0,1,0,0,False,True
canvas_sfm,richmond:21,False,False,320533466155073,False,False,0.0,0,0,1,0,0,False,True
stretch,richmond:21,False,False,320533466155073,False,False,0.0,0,0,1,0,0,False,True
canvas_level,richmond:228,False,False,321156949574396,False,False,0.0,0,0,0,0,0,True,False
canvas_sfm,richmond:228,False,False,321156949574396,False,False,0.0,0,0,0,0,0,True,False
stretch,richmond:228,False,False,321156949574396,False,False,0.0,0,0,0,0,0,True,False
canvas_level,richmond:18,False,False,321911542850570,False,False,0.107443,0,0,0,0,0,True,False
canvas_sfm,richmond:18,True,True,321911542850570,False,False,0.944527,2,1,0,0,0,True,False
stretch,richmond:18,False,False,321911542850570,False,False,0.0,0,0,0,0,0,True,False
canvas_level,richmond:149,True,False,322362286197607,False,False,0.325839,1,0,0,1,0,False,False
canvas_sfm,richmond:149,True,False,322362286197607,False,False,0.464679,1,0,0,1,0,False,False
stretch,richmond:149,True,True,322362286197607,False,False,0.626191,1,1,0,1,1,False,False
canvas_level,richmond:147,False,False,322562866134372,False,False,0.0,0,0,0,0,0,True,False
canvas_sfm,richmond:147,False,False,322562866134372,False,False,0.0,0,0,0,0,0,True,False
stretch,richmond:147,False,False,322562866134372,False,False,0.115055,0,0,0,0,0,True,False
canvas_level,richmond:11,False,False,3226393234181791,False,False,0.120659,0,0,0,0,0,False,False
canvas_sfm,richmond:11,False,False,3226393234181791,False,False,0.111609,0,0,0,0,0,False,False
stretch,richmond:11,False,False,3226393234181791,False,False,0.227725,0,0,0,0,0,False,False
canvas_level,richmond:148,False,False,323087166017993,False,False,0.0,0,0,0,0,0,True,False
canvas_sfm,richmond:148,False,False,323087166017993,False,False,0.0,0,0,0,0,0,True,False
stretch,richmond:148,False,False,323087166017993,False,False,0.0,0,0,0,0,0,True,False
canvas_level,richmond:19,False,False,323444739168862,False,False,0.163179,0,0,0,0,0,True,False
canvas_sfm,richmond:19,False,False,323444739168862,False,False,0.0,0,0,0,0,0,True,False
stretch,richmond:19,False,False,323444739168862,False,False,0.0,0,0,0,0,0,True,False
canvas_level,richmond:144,True,True,323753172499410,False,False,0.864886,1,1,1,0,0,False,True
canvas_sfm,richmond:144,True,True,323753172499410,False,False,0.791786,1,1,1,0,0,False,True
stretch,richmond:144,True,False,323753172499410,False,False,0.414851,1,0,1,0,0,False,True
canvas_level,richmond:103,True,True,324131259319247,False,False,0.813779,1,1,0,0,0,False,False
canvas_sfm,richmond:103,True,True,324131259319247,False,False,0.81415,2,1,0,0,0,False,False
stretch,richmond:103,True,True,324131259319247,False,False,0.801113,4,2,0,0,0,False,False
canvas_level,richmond:168,True,False,3255928234510535,True,False,0.525931,1,0,1,1,0,False,True
canvas_sfm,richmond:168,True,False,3255928234510535,True,False,0.409734,1,0,1,1,0,False,True
stretch,richmond:168,True,True,3255928234510535,True,True,0.647132,1,1,1,1,1,False,True
canvas_level,richmond:148,True,True,3261780250623590,True,True,0.720364,2,2,1,1,1,False,True
canvas_sfm,richmond:148,True,True,3261780250623590,True,True,0.722492,2,2,1,1,1,False,True
stretch,richmond:148,True,True,3261780250623590,False,False,0.59828,1,1,1,0,0,False,True
canvas_level,richmond:134,False,False,326691425553934,False,False,0.0,0,0,0,0,0,True,False
canvas_sfm,richmond:134,False,False,326691425553934,False,False,0.123504,0,0,0,0,0,True,False
stretch,richmond:134,False,False,326691425553934,False,False,0.152228,0,0,0,0,0,True,False
canvas_level,richmond:147,True,True,3268654790096722,True,True,0.854957,5,3,1,3,3,False,True
canvas_sfm,richmond:147,True,True,3268654790096722,True,True,0.882783,3,3,1,3,3,False,True
stretch,richmond:147,True,True,3268654790096722,True,False,0.797444,4,1,1,3,1,False,True
canvas_level,richmond:138,False,False,327792465618680,False,False,0.0,0,0,0,0,0,True,False
canvas_sfm,richmond:138,False,False,327792465618680,False,False,0.0,0,0,0,0,0,True,False
stretch,richmond:138,False,False,327792465618680,False,False,0.222015,0,0,0,0,0,True,False
canvas_level,richmond:234,False,False,330865895129288,False,False,0.0,0,0,2,0,0,False,True
canvas_sfm,richmond:234,False,False,330865895129288,False,False,0.0,0,0,2,0,0,False,True
stretch,richmond:234,True,False,330865895129288,False,False,0.516103,2,0,2,0,0,False,True
canvas_level,richmond:203,False,False,331857318494957,False,False,0.153996,0,0,0,0,0,True,False
canvas_sfm,richmond:203,False,False,331857318494957,False,False,0.148695,0,0,0,0,0,True,False
stretch,richmond:203,False,False,331857318494957,False,False,0.0,0,0,0,0,0,True,False
canvas_level,richmond:221,False,False,332086718338606,False,False,0.0,0,0,0,0,0,True,False
canvas_sfm,richmond:221,False,False,332086718338606,False,False,0.0,0,0,0,0,0,True,False
stretch,richmond:221,False,False,332086718338606,False,False,0.0,0,0,0,0,0,True,False
canvas_level,richmond:151,True,True,332881353034791,True,True,0.830942,2,2,1,2,2,False,True
canvas_sfm,richmond:151,True,True,332881353034791,True,True,0.862737,2,2,1,2,2,False,True
stretch,richmond:151,True,True,332881353034791,True,True,0.787488,3,3,1,3,3,False,True
canvas_level,richmond:133,True,False,333579643130544,False,False,0.477208,1,0,0,0,0,False,False
canvas_sfm,richmond:133,True,False,333579643130544,False,False,0.487682,1,0,0,0,0,False,False
stretch,richmond:133,True,False,333579643130544,False,False,0.323091,1,0,0,1,0,False,False
canvas_level,richmond:19,False,False,334297498042316,False,False,0.116862,0,0,0,0,0,True,False
canvas_sfm,richmond:19,False,False,334297498042316,False,False,0.0,0,0,0,0,0,True,False
stretch,richmond:19,False,False,334297498042316,False,False,0.0,0,0,0,0,0,True,False
canvas_level,richmond:188,False,False,335645471617353,False,False,0.148627,0,0,1,0,0,True,True
canvas_sfm,richmond:188,False,False,335645471617353,False,False,0.116216,0,0,1,0,0,True,True
stretch,richmond:188,True,False,335645471617353,True,False,0.361586,1,0,1,1,0,True,True
canvas_level,richmond:23,False,False,336420297900726,False,False,0.299282,0,0,0,0,0,True,False
canvas_sfm,richmond:23,False,False,336420297900726,False,False,0.233148,0,0,0,0,0,True,False
stretch,richmond:23,False,False,336420297900726,False,False,0.278687,0,0,0,0,0,True,False
canvas_level,richmond:201,False,False,3409808189120290,False,False,0.0,0,0,0,0,0,False,False
canvas_sfm,richmond:201,False,False,3409808189120290,False,False,0.0,0,0,0,0,0,False,False
stretch,richmond:201,True,False,3409808189120290,False,False,0.543517,3,0,0,0,0,False,False
canvas_level,richmond:148,False,False,341163530727265,False,False,0.0,0,0,0,0,0,False,False
canvas_sfm,richmond:148,False,False,341163530727265,False,False,0.0,0,0,0,0,0,False,False
stretch,richmond:148,False,False,341163530727265,False,False,0.115526,0,0,0,0,0,False,False
canvas_level,richmond:201,False,False,341565597334128,False,False,0.0,0,0,0,0,0,True,False
canvas_sfm,richmond:201,False,False,341565597334128,False,False,0.0,0,0,0,0,0,True,False
stretch,richmond:201,False,False,341565597334128,False,False,0.269307,0,0,0,0,0,True,False
canvas_level,richmond:150,False,False,3434733906818401,False,False,0.261766,0,0,0,0,0,False,False
canvas_sfm,richmond:150,False,False,3434733906818401,False,False,0.168587,0,0,0,0,0,False,False
stretch,richmond:150,True,False,3434733906818401,False,False,0.30562,1,0,0,1,0,False,False
canvas_level,richmond:133,False,False,343784693979213,False,False,0.0,0,0,0,0,0,True,False
canvas_sfm,richmond:133,False,False,343784693979213,False,False,0.0,0,0,0,0,0,True,False
stretch,richmond:133,False,False,343784693979213,False,False,0.0,0,0,0,0,0,True,False
canvas_level,richmond:148,False,False,344157893894848,False,False,0.0,0,0,0,0,0,True,False
canvas_sfm,richmond:148,False,False,344157893894848,False,False,0.182244,0,0,0,0,0,True,False
stretch,richmond:148,False,False,344157893894848,False,False,0.148572,0,0,0,0,0,True,False
canvas_level,richmond:18,False,False,345710876901526,False,False,0.158174,0,0,0,0,0,False,False
canvas_sfm,richmond:18,False,False,345710876901526,False,False,0.132562,0,0,0,0,0,False,False
stretch,richmond:18,False,False,345710876901526,False,False,0.102605,0,0,0,0,0,False,False
canvas_level,richmond:169,False,False,346645756976857,False,False,0.0,0,0,0,0,0,True,False
canvas_sfm,richmond:169,False,False,346645756976857,False,False,0.0,0,0,0,0,0,True,False
stretch,richmond:169,True,True,346645756976857,False,False,0.767861,8,2,0,1,0,True,False
canvas_level,richmond:191,False,False,3466732356918954,False,False,0.0,0,0,0,0,0,False,False
canvas_sfm,richmond:191,False,False,3466732356918954,False,False,0.0,0,0,0,0,0,False,False
stretch,richmond:191,False,False,3466732356918954,False,False,0.0,0,0,0,0,0,False,False
canvas_level,richmond:182,True,True,347127738251341,False,False,0.951196,1,1,0,1,1,True,False
canvas_sfm,richmond:182,True,True,347127738251341,False,False,1.006391,1,1,0,1,1,True,False
stretch,richmond:182,True,True,347127738251341,False,False,0.609231,1,1,0,1,1,True,False
canvas_level,richmond:149,False,False,351429516378865,False,False,0.0,0,0,0,0,0,False,False
canvas_sfm,richmond:149,False,False,351429516378865,False,False,0.161329,0,0,0,0,0,False,False
stretch,richmond:149,False,False,351429516378865,False,False,0.0,0,0,0,0,0,False,False
canvas_level,richmond:149,False,False,351613276389056,False,False,0.0,0,0,0,0,0,False,False
canvas_sfm,richmond:149,False,False,351613276389056,False,False,0.0,0,0,0,0,0,False,False
stretch,richmond:149,False,False,351613276389056,False,False,0.0,0,0,0,0,0,False,False
canvas_level,richmond:148,False,False,352156779581929,False,False,0.0,0,0,0,0,0,True,False
canvas_sfm,richmond:148,False,False,352156779581929,False,False,0.0,0,0,0,0,0,True,False
stretch,richmond:148,False,False,352156779581929,False,False,0.0,0,0,0,0,0,True,False
canvas_level,richmond:18,False,False,353995512812712,False,False,0.15781,0,0,0,0,0,True,False
canvas_sfm,richmond:18,False,False,353995512812712,False,False,0.0,0,0,0,0,0,True,False
stretch,richmond:18,False,False,353995512812712,False,False,0.0,0,0,0,0,0,True,False
canvas_level,richmond:74,False,False,3551178408508029,False,False,0.102824,0,0,0,0,0,True,False
canvas_sfm,richmond:74,False,False,3551178408508029,False,False,0.102812,0,0,0,0,0,True,False
stretch,richmond:74,False,False,3551178408508029,False,False,0.0,0,0,0,0,0,True,False
canvas_level,richmond:0,True,False,3556856934611894,False,False,0.403702,1,0,0,0,0,True,False
canvas_sfm,richmond:0,True,False,3556856934611894,False,False,0.403702,1,0,0,0,0,True,False
stretch,richmond:0,True,False,3556856934611894,False,False,0.3906,2,0,0,0,0,True,False
canvas_level,richmond:203,False,False,361469098745047,False,False,0.107267,0,0,0,0,0,True,False
canvas_sfm,richmond:203,False,False,361469098745047,False,False,0.100021,0,0,0,0,0,True,False
stretch,richmond:203,True,False,361469098745047,False,False,0.429149,1,0,0,0,0,True,False
canvas_level,richmond:85,True,False,3641216079464563,False,False,0.499657,1,0,0,0,0,True,False
canvas_sfm,richmond:85,True,False,3641216079464563,False,False,0.528065,1,0,0,0,0,True,False
stretch,richmond:85,False,False,3641216079464563,False,False,0.176648,0,0,0,0,0,True,False
canvas_level,richmond:144,True,True,3646599715632682,False,False,0.683607,1,1,1,1,1,False,True
canvas_sfm,richmond:144,True,True,3646599715632682,False,False,0.63158,1,1,1,1,1,False,True
stretch,richmond:144,True,False,3646599715632682,False,False,0.517283,1,0,1,1,0,False,True
canvas_level,richmond:151,True,False,3660158514197918,False,False,0.473166,2,0,0,2,0,False,False
canvas_sfm,richmond:151,True,True,3660158514197918,False,False,0.578252,2,2,0,2,2,False,False
stretch,richmond:151,True,True,3660158514197918,False,False,0.811715,2,2,0,2,2,False,False
canvas_level,richmond:137,False,False,367600634684166,False,False,0.215785,0,0,0,0,0,False,False
canvas_sfm,richmond:137,False,False,367600634684166,False,False,0.192808,0,0,0,0,0,False,False
stretch,richmond:137,False,False,367600634684166,False,False,0.171169,0,0,0,0,0,False,False
canvas_level,richmond:21,False,False,369171597867368,False,False,0.0,0,0,0,0,0,False,False
canvas_sfm,richmond:21,False,False,369171597867368,False,False,0.0,0,0,0,0,0,False,False
stretch,richmond:21,False,False,369171597867368,False,False,0.133407,0,0,0,0,0,False,False
canvas_level,richmond:50,True,True,3697655103884612,False,False,0.586497,1,1,0,0,0,True,False
canvas_sfm,richmond:50,True,True,3697655103884612,False,False,0.577498,1,1,0,0,0,True,False
stretch,richmond:50,True,False,3697655103884612,False,False,0.392151,1,0,0,0,0,True,False
canvas_level,richmond:227,False,False,369800152342352,False,False,0.0,0,0,0,0,0,True,False
canvas_sfm,richmond:227,False,False,369800152342352,False,False,0.0,0,0,0,0,0,True,False
stretch,richmond:227,False,False,369800152342352,False,False,0.0,0,0,0,0,0,True,False
canvas_level,richmond:222,True,False,369845724787566,False,False,0.379657,1,0,1,0,0,False,True
canvas_sfm,richmond:222,True,False,369845724787566,False,False,0.338493,1,0,1,0,0,False,True
stretch,richmond:222,True,True,369845724787566,False,False,0.767052,3,2,1,0,0,False,True
canvas_level,richmond:136,False,False,372029717519786,False,False,0.0,0,0,0,0,0,False,False
canvas_sfm,richmond:136,False,False,372029717519786,False,False,0.101384,0,0,0,0,0,False,False
stretch,richmond:136,True,False,372029717519786,False,False,0.515111,2,0,0,0,0,False,False
canvas_level,richmond:148,False,False,3733549106751575,False,False,0.0,0,0,0,0,0,True,False
canvas_sfm,richmond:148,False,False,3733549106751575,False,False,0.0,0,0,0,0,0,True,False
stretch,richmond:148,False,False,3733549106751575,False,False,0.0,0,0,0,0,0,True,False
canvas_level,richmond:19,False,False,3741889362782674,False,False,0.0,0,0,0,0,0,True,False
canvas_sfm,richmond:19,False,False,3741889362782674,False,False,0.126191,0,0,0,0,0,True,False
stretch,richmond:19,False,False,3741889362782674,False,False,0.0,0,0,0,0,0,True,False
canvas_level,richmond:133,True,False,3748552325463317,False,False,0.383312,2,0,0,0,0,True,False
canvas_sfm,richmond:133,True,True,3748552325463317,False,False,0.564172,2,1,0,0,0,True,False
stretch,richmond:133,False,False,3748552325463317,False,False,0.203669,0,0,0,0,0,True,False
canvas_level,richmond:103,True,True,374902490522983,False,False,0.783415,2,1,0,0,0,False,False
canvas_sfm,richmond:103,True,True,374902490522983,False,False,0.72702,2,1,0,0,0,False,False
stretch,richmond:103,True,True,374902490522983,False,False,0.808792,3,1,0,0,0,False,False
canvas_level,richmond:222,False,False,375381940464775,False,False,0.146333,0,0,1,0,0,False,True
canvas_sfm,richmond:222,False,False,375381940464775,False,False,0.171204,0,0,1,0,0,False,True
stretch,richmond:222,True,False,375381940464775,False,False,0.531642,2,0,1,1,0,False,True
canvas_level,richmond:170,False,False,3760262370970699,False,False,0.139342,0,0,0,0,0,True,False
canvas_sfm,richmond:170,False,False,3760262370970699,False,False,0.139342,0,0,0,0,0,True,False
stretch,richmond:170,True,True,3760262370970699,False,False,0.661594,1,1,0,0,0,True,False
canvas_level,richmond:30,False,False,3762343720742551,False,False,0.140821,0,0,0,0,0,False,False
canvas_sfm,richmond:30,False,False,3762343720742551,False,False,0.140821,0,0,0,0,0,False,False
stretch,richmond:30,False,False,3762343720742551,False,False,0.181451,0,0,0,0,0,False,False
canvas_level,richmond:221,False,False,376665247003229,False,False,0.13681,0,0,2,0,0,False,True
canvas_sfm,richmond:221,False,False,376665247003229,False,False,0.126718,0,0,2,0,0,False,True
stretch,richmond:221,False,False,376665247003229,False,False,0.218229,0,0,2,0,0,False,True
canvas_level,richmond:42,True,True,3785592465055349,True,True,0.952879,4,3,4,4,3,False,True
canvas_sfm,richmond:42,True,True,3785592465055349,True,True,0.970645,4,3,4,4,3,False,True
stretch,richmond:42,True,True,3785592465055349,True,True,0.872119,7,3,4,4,3,False,True
canvas_level,richmond:85,True,True,379515585107979,True,True,0.9282,2,1,1,1,1,False,True
canvas_sfm,richmond:85,True,True,379515585107979,True,True,0.901164,2,1,1,1,1,False,True
stretch,richmond:85,True,True,379515585107979,True,True,0.647544,2,2,1,1,1,False,True
canvas_level,richmond:11,False,False,3797816713844635,False,False,0.161163,0,0,0,0,0,False,False
canvas_sfm,richmond:11,True,False,3797816713844635,False,False,0.377472,1,0,0,0,0,False,False
stretch,richmond:11,True,False,3797816713844635,False,False,0.437418,2,0,0,0,0,False,False
canvas_level,richmond:47,False,False,380367763225906,False,False,0.0,0,0,0,0,0,True,False
canvas_sfm,richmond:47,False,False,380367763225906,False,False,0.0,0,0,0,0,0,True,False
stretch,richmond:47,False,False,380367763225906,False,False,0.0,0,0,0,0,0,True,False
canvas_level,richmond:11,False,False,3811148079194866,False,False,0.220175,0,0,0,0,0,True,False
canvas_sfm,richmond:11,False,False,3811148079194866,False,False,0.159132,0,0,0,0,0,True,False
stretch,richmond:11,False,False,3811148079194866,False,False,0.293473,0,0,0,0,0,True,False
canvas_level,richmond:22,False,False,381295366455009,False,False,0.100703,0,0,0,0,0,True,False
canvas_sfm,richmond:22,False,False,381295366455009,False,False,0.0,0,0,0,0,0,True,False
stretch,richmond:22,False,False,381295366455009,False,False,0.0,0,0,0,0,0,True,False
canvas_level,richmond:25,False,False,3813617995566820,False,False,0.0,0,0,0,0,0,False,False
canvas_sfm,richmond:25,False,False,3813617995566820,False,False,0.0,0,0,0,0,0,False,False
stretch,richmond:25,False,False,3813617995566820,False,False,0.129133,0,0,0,0,0,False,False
canvas_level,richmond:158,False,False,381786704623479,False,False,0.0,0,0,0,0,0,True,False
canvas_sfm,richmond:158,False,False,381786704623479,False,False,0.0,0,0,0,0,0,True,False
stretch,richmond:158,False,False,381786704623479,False,False,0.173512,0,0,0,0,0,True,False
canvas_level,richmond:228,False,False,3832392626873397,False,False,0.177168,0,0,0,0,0,False,False
canvas_sfm,richmond:228,False,False,3832392626873397,False,False,0.166243,0,0,0,0,0,False,False
stretch,richmond:228,True,True,3832392626873397,False,False,0.615332,1,1,0,0,0,False,False
canvas_level,richmond:170,False,False,3833576456897577,False,False,0.0,0,0,0,0,0,True,False
canvas_sfm,richmond:170,False,False,3833576456897577,False,False,0.0,0,0,0,0,0,True,False
stretch,richmond:170,False,False,3833576456897577,False,False,0.0,0,0,0,0,0,True,False
canvas_level,richmond:134,False,False,3844539032261524,False,False,0.0,0,0,0,0,0,True,False
canvas_sfm,richmond:134,False,False,3844539032261524,False,False,0.0,0,0,0,0,0,True,False
stretch,richmond:134,False,False,3844539032261524,False,False,0.199703,0,0,0,0,0,True,False
canvas_level,richmond:201,False,False,386049186178396,False,False,0.0,0,0,1,0,0,False,True
canvas_sfm,richmond:201,False,False,386049186178396,False,False,0.0,0,0,1,0,0,False,True
stretch,richmond:201,False,False,386049186178396,False,False,0.0,0,0,1,0,0,False,True
canvas_level,richmond:103,True,False,386400549226049,False,False,0.477402,1,0,0,0,0,True,False
canvas_sfm,richmond:103,True,False,386400549226049,False,False,0.486692,1,0,0,0,0,True,False
stretch,richmond:103,True,True,386400549226049,False,False,0.693102,1,1,0,0,0,True,False
canvas_level,richmond:19,False,False,386925822736431,False,False,0.0,0,0,0,0,0,True,False
canvas_sfm,richmond:19,False,False,386925822736431,False,False,0.0,0,0,0,0,0,True,False
stretch,richmond:19,True,True,386925822736431,False,False,0.687548,4,1,0,0,0,True,False
canvas_level,richmond:51,False,False,388031843778758,False,False,0.0,0,0,0,0,0,True,False
canvas_sfm,richmond:51,False,False,388031843778758,False,False,0.0,0,0,0,0,0,True,False
stretch,richmond:51,False,False,388031843778758,False,False,0.0,0,0,0,0,0,True,False
canvas_level,richmond:19,False,False,3886886648100084,False,False,0.0,0,0,0,0,0,False,False
canvas_sfm,richmond:19,False,False,3886886648100084,False,False,0.121707,0,0,0,0,0,False,False
stretch,richmond:19,False,False,3886886648100084,False,False,0.0,0,0,0,0,0,False,False
canvas_level,richmond:228,False,False,3888779141402126,False,False,0.0,0,0,0,0,0,True,False
canvas_sfm,richmond:228,False,False,3888779141402126,False,False,0.0,0,0,0,0,0,True,False
stretch,richmond:228,False,False,3888779141402126,False,False,0.116099,0,0,0,0,0,True,False
canvas_level,richmond:5,False,False,3897664810449484,False,False,0.125773,0,0,0,0,0,True,False
canvas_sfm,richmond:5,False,False,3897664810449484,False,False,0.0,0,0,0,0,0,True,False
stretch,richmond:5,False,False,3897664810449484,False,False,0.0,0,0,0,0,0,True,False
canvas_level,richmond:148,True,False,3898425123558320,False,False,0.462477,1,0,1,0,0,False,True
canvas_sfm,richmond:148,True,False,3898425123558320,False,False,0.447059,1,0,1,0,0,False,True
stretch,richmond:148,False,False,3898425123558320,False,False,0.147093,0,0,1,0,0,False,True
canvas_level,richmond:251,False,False,390019702124300,False,False,0.174796,0,0,0,0,0,True,False
canvas_sfm,richmond:251,False,False,390019702124300,False,False,0.189273,0,0,0,0,0,True,False
stretch,richmond:251,False,False,390019702124300,False,False,0.122957,0,0,0,0,0,True,False
canvas_level,richmond:23,False,False,390071218810468,False,False,0.116434,0,0,0,0,0,True,False
canvas_sfm,richmond:23,False,False,390071218810468,False,False,0.0,0,0,0,0,0,True,False
stretch,richmond:23,False,False,390071218810468,False,False,0.0,0,0,0,0,0,True,False
canvas_level,richmond:107,False,False,3916760708373901,False,False,0.0,0,0,0,0,0,False,False
canvas_sfm,richmond:107,False,False,3916760708373901,False,False,0.0,0,0,0,0,0,False,False
stretch,richmond:107,False,False,3916760708373901,False,False,0.0,0,0,0,0,0,False,False
canvas_level,richmond:198,True,False,3929100253837001,False,False,0.354159,1,0,0,1,0,False,False
canvas_sfm,richmond:198,True,False,3929100253837001,False,False,0.327617,1,0,0,1,0,False,False
stretch,richmond:198,False,False,3929100253837001,False,False,0.252789,0,0,0,0,0,False,False
canvas_level,richmond:84,False,False,3948648745184078,False,False,0.0,0,0,0,0,0,True,False
canvas_sfm,richmond:84,False,False,3948648745184078,False,False,0.0,0,0,0,0,0,True,False
stretch,richmond:84,False,False,3948648745184078,False,False,0.0,0,0,0,0,0,True,False
canvas_level,richmond:7,False,False,3956503924632436,False,False,0.144646,0,0,0,0,0,True,False
canvas_sfm,richmond:7,False,False,3956503924632436,False,False,0.0,0,0,0,0,0,True,False
stretch,richmond:7,False,False,3956503924632436,False,False,0.0,0,0,0,0,0,True,False
canvas_level,richmond:185,False,False,3969392403097423,False,False,0.0,0,0,0,0,0,False,False
canvas_sfm,richmond:185,False,False,3969392403097423,False,False,0.0,0,0,0,0,0,False,False
stretch,richmond:185,False,False,3969392403097423,False,False,0.0,0,0,0,0,0,False,False
canvas_level,richmond:38,False,False,3987936644818427,False,False,0.242814,0,0,0,0,0,True,False
canvas_sfm,richmond:38,False,False,3987936644818427,False,False,0.268442,0,0,0,0,0,True,False
stretch,richmond:38,False,False,3987936644818427,False,False,0.175458,0,0,0,0,0,True,False
canvas_level,richmond:34,True,False,3994600487289344,False,False,0.347041,1,0,0,0,0,True,False
canvas_sfm,richmond:34,True,False,3994600487289344,False,False,0.374036,1,0,0,0,0,True,False
stretch,richmond:34,False,False,3994600487289344,False,False,0.272793,0,0,0,0,0,True,False
canvas_level,richmond:201,False,False,3994891990628669,False,False,0.115229,0,0,0,0,0,True,False
canvas_sfm,richmond:201,False,False,3994891990628669,False,False,0.115597,0,0,0,0,0,True,False
stretch,richmond:201,False,False,3994891990628669,False,False,0.241871,0,0,0,0,0,True,False
canvas_level,richmond:144,False,False,4001501406737045,False,False,0.0,0,0,1,0,0,False,True
canvas_sfm,richmond:144,False,False,4001501406737045,False,False,0.0,0,0,1,0,0,False,True
stretch,richmond:144,False,False,4001501406737045,False,False,0.0,0,0,1,0,0,False,True
canvas_level,richmond:184,True,True,400437261160120,False,False,0.666008,1,1,1,0,0,False,True
canvas_sfm,richmond:184,True,True,400437261160120,False,False,0.666008,1,1,1,0,0,False,True
stretch,richmond:184,True,False,400437261160120,False,False,0.365722,1,0,1,0,0,False,True
canvas_level,richmond:18,False,False,400806580924716,False,False,0.260164,0,0,0,0,0,True,False
canvas_sfm,richmond:18,False,False,400806580924716,False,False,0.21836,0,0,0,0,0,True,False
stretch,richmond:18,False,False,400806580924716,False,False,0.0,0,0,0,0,0,True,False
canvas_level,richmond:154,False,False,4021850037852104,False,False,0.0,0,0,1,0,0,False,True
canvas_sfm,richmond:154,False,False,4021850037852104,False,False,0.0,0,0,1,0,0,False,True
stretch,richmond:154,False,False,4021850037852104,False,False,0.15219,0,0,1,0,0,False,True
canvas_level,richmond:169,False,False,4035710119800355,False,False,0.214718,0,0,0,0,0,True,False
canvas_sfm,richmond:169,False,False,4035710119800355,False,False,0.18852,0,0,0,0,0,True,False
stretch,richmond:169,False,False,4035710119800355,False,False,0.202239,0,0,0,0,0,True,False
canvas_level,richmond:115,True,False,4036788266578925,False,False,0.355789,1,0,2,0,0,False,True
canvas_sfm,richmond:115,True,False,4036788266578925,False,False,0.311296,1,0,2,0,0,False,True
stretch,richmond:115,True,False,4036788266578925,False,False,0.424053,2,0,2,0,0,False,True
canvas_level,richmond:99,False,False,4057165047904131,False,False,0.0,0,0,0,0,0,False,False
canvas_sfm,richmond:99,False,False,4057165047904131,False,False,0.0,0,0,0,0,0,False,False
stretch,richmond:99,False,False,4057165047904131,False,False,0.161927,0,0,0,0,0,False,False
canvas_level,richmond:201,False,False,4063843150373673,False,False,0.0,0,0,0,0,0,True,False
canvas_sfm,richmond:201,False,False,4063843150373673,False,False,0.0,0,0,0,0,0,True,False
stretch,richmond:201,False,False,4063843150373673,False,False,0.0,0,0,0,0,0,True,False
canvas_level,richmond:234,False,False,4069040379854062,False,False,0.150556,0,0,0,0,0,True,False
canvas_sfm,richmond:234,False,False,4069040379854062,False,False,0.150556,0,0,0,0,0,True,False
stretch,richmond:234,False,False,4069040379854062,False,False,0.207284,0,0,0,0,0,True,False
canvas_level,richmond:133,False,False,407194979040832,False,False,0.0,0,0,0,0,0,True,False
canvas_sfm,richmond:133,False,False,407194979040832,False,False,0.0,0,0,0,0,0,True,False
stretch,richmond:133,False,False,407194979040832,False,False,0.0,0,0,0,0,0,True,False
canvas_level,richmond:147,False,False,4075275842578745,False,False,0.112688,0,0,0,0,0,True,False
canvas_sfm,richmond:147,False,False,4075275842578745,False,False,0.111699,0,0,0,0,0,True,False
stretch,richmond:147,False,False,4075275842578745,False,False,0.0,0,0,0,0,0,True,False
canvas_level,richmond:251,False,False,4089719137759029,False,False,0.0,0,0,0,0,0,True,False
canvas_sfm,richmond:251,False,False,4089719137759029,False,False,0.0,0,0,0,0,0,True,False
stretch,richmond:251,False,False,4089719137759029,False,False,0.105185,0,0,0,0,0,True,False
canvas_level,richmond:198,False,False,4094231157266085,False,False,0.116832,0,0,0,0,0,False,False
canvas_sfm,richmond:198,False,False,4094231157266085,False,False,0.135447,0,0,0,0,0,False,False
stretch,richmond:198,False,False,4094231157266085,False,False,0.122478,0,0,0,0,0,False,False
canvas_level,richmond:168,False,False,4128247303873400,False,False,0.119581,0,0,0,0,0,False,False
canvas_sfm,richmond:168,False,False,4128247303873400,False,False,0.12753,0,0,0,0,0,False,False
stretch,richmond:168,True,False,4128247303873400,False,False,0.302784,1,0,0,1,0,False,False
canvas_level,richmond:153,False,False,412874276436335,False,False,0.0,0,0,0,0,0,True,False
canvas_sfm,richmond:153,False,False,412874276436335,False,False,0.0,0,0,0,0,0,True,False
stretch,richmond:153,False,False,412874276436335,False,False,0.0,0,0,0,0,0,True,False
canvas_level,richmond:148,False,False,4130076673739668,False,False,0.0,0,0,0,0,0,True,False
canvas_sfm,richmond:148,False,False,4130076673739668,False,False,0.136444,0,0,0,0,0,True,False
stretch,richmond:148,False,False,4130076673739668,False,False,0.106323,0,0,0,0,0,True,False
canvas_level,richmond:162,True,True,413557931709256,True,True,0.912601,2,1,1,2,1,False,True
canvas_sfm,richmond:162,True,True,413557931709256,True,True,0.966517,2,1,1,2,1,False,True
stretch,richmond:162,True,True,413557931709256,True,False,0.610656,2,1,1,2,1,False,True
canvas_level,richmond:201,False,False,4158087767547231,False,False,0.112311,0,0,0,0,0,True,False
canvas_sfm,richmond:201,False,False,4158087767547231,False,False,0.122939,0,0,0,0,0,True,False
stretch,richmond:201,False,False,4158087767547231,False,False,0.269453,0,0,0,0,0,True,False
canvas_level,richmond:203,True,True,415859161445987,False,False,0.839289,1,1,0,0,0,True,False
canvas_sfm,richmond:203,True,True,415859161445987,False,False,1.007273,1,1,0,0,0,True,False
stretch,richmond:203,True,False,415859161445987,False,False,0.466775,1,0,0,0,0,True,False
canvas_level,richmond:149,False,False,418344322514924,False,False,0.0,0,0,0,0,0,False,False
canvas_sfm,richmond:149,False,False,418344322514924,False,False,0.134446,0,0,0,0,0,False,False
stretch,richmond:149,False,False,418344322514924,False,False,0.0,0,0,0,0,0,False,False
canvas_level,richmond:149,False,False,4206547212714370,False,False,0.0,0,0,0,0,0,False,False
canvas_sfm,richmond:149,False,False,4206547212714370,False,False,0.130266,0,0,0,0,0,False,False
stretch,richmond:149,False,False,4206547212714370,False,False,0.0,0,0,0,0,0,False,False
canvas_level,richmond:158,False,False,4230344973678481,False,False,0.203271,0,0,1,0,0,False,True
canvas_sfm,richmond:158,False,False,4230344973678481,False,False,0.130134,0,0,1,0,0,False,True
stretch,richmond:158,False,False,4230344973678481,False,False,0.0,0,0,1,0,0,False,True
canvas_level,richmond:85,False,False,423768243815631,False,False,0.0,0,0,0,0,0,True,False
canvas_sfm,richmond:85,False,False,423768243815631,False,False,0.0,0,0,0,0,0,True,False
stretch,richmond:85,False,False,423768243815631,False,False,0.0,0,0,0,0,0,True,False
canvas_level,richmond:221,True,False,4245127945543430,False,False,0.428664,1,0,0,0,0,True,False
canvas_sfm,richmond:221,True,False,4245127945543430,False,False,0.333939,1,0,0,0,0,True,False
stretch,richmond:221,True,True,4245127945543430,False,False,0.57253,1,1,0,0,0,True,False
canvas_level,richmond:233,False,False,426385880386684,False,False,0.0,0,0,0,0,0,True,False
canvas_sfm,richmond:233,False,False,426385880386684,False,False,0.0,0,0,0,0,0,True,False
stretch,richmond:233,False,False,426385880386684,False,False,0.0,0,0,0,0,0,True,False
canvas_level,richmond:8,False,False,4297630960560993,False,False,0.0,0,0,0,0,0,True,False
canvas_sfm,richmond:8,False,False,4297630960560993,False,False,0.0,0,0,0,0,0,True,False
stretch,richmond:8,True,True,4297630960560993,False,False,0.766073,6,3,0,0,0,True,False
canvas_level,richmond:24,False,False,430966386766273,False,False,0.0,0,0,0,0,0,True,False
canvas_sfm,richmond:24,False,False,430966386766273,False,False,0.162404,0,0,0,0,0,True,False
stretch,richmond:24,False,False,430966386766273,False,False,0.164502,0,0,0,0,0,True,False
canvas_level,richmond:33,False,False,4310023952349458,False,False,0.0,0,0,0,0,0,True,False
canvas_sfm,richmond:33,False,False,4310023952349458,False,False,0.0,0,0,0,0,0,True,False
stretch,richmond:33,False,False,4310023952349458,False,False,0.0,0,0,0,0,0,True,False
canvas_level,richmond:147,True,True,431070876442697,False,False,0.888495,1,1,1,0,0,False,True
canvas_sfm,richmond:147,True,True,431070876442697,False,False,0.896651,1,1,1,0,0,False,True
stretch,richmond:147,True,True,431070876442697,False,False,0.587826,1,1,1,0,0,False,True
canvas_level,richmond:84,False,False,431634096308322,False,False,0.0,0,0,0,0,0,False,False
canvas_sfm,richmond:84,False,False,431634096308322,False,False,0.0,0,0,0,0,0,False,False
stretch,richmond:84,False,False,431634096308322,False,False,0.0,0,0,0,0,0,False,False
canvas_level,richmond:50,True,False,433932209636037,False,False,0.307837,1,0,0,1,0,False,False
canvas_sfm,richmond:50,True,False,433932209636037,False,False,0.328235,1,0,0,1,0,False,False
stretch,richmond:50,True,False,433932209636037,False,False,0.37938,1,0,0,1,0,False,False
canvas_level,richmond:19,False,False,434988760939402,False,False,0.236844,0,0,0,0,0,True,False
canvas_sfm,richmond:19,False,False,434988760939402,False,False,0.245603,0,0,0,0,0,True,False
stretch,richmond:19,False,False,434988760939402,False,False,0.0,0,0,0,0,0,True,False
canvas_level,richmond:185,False,False,4368414226523230,False,False,0.115449,0,0,0,0,0,True,False
canvas_sfm,richmond:185,False,False,4368414226523230,False,False,0.110797,0,0,0,0,0,True,False
stretch,richmond:185,False,False,4368414226523230,False,False,0.0,0,0,0,0,0,True,False
canvas_level,richmond:42,True,True,437539559255307,False,False,0.814844,1,1,0,0,0,False,False
canvas_sfm,richmond:42,True,True,437539559255307,False,False,0.800449,1,1,0,0,0,False,False
stretch,richmond:42,True,True,437539559255307,False,False,0.804625,1,1,0,0,0,False,False
canvas_level,richmond:236,True,False,439946725575300,False,False,0.54736,1,0,0,1,0,False,False
canvas_sfm,richmond:236,True,True,439946725575300,False,False,0.613313,1,1,0,1,1,False,False
stretch,richmond:236,True,True,439946725575300,False,False,0.718433,1,1,0,1,1,False,False
canvas_level,richmond:149,False,False,4413076915377478,False,False,0.179453,0,0,2,0,0,False,True
canvas_sfm,richmond:149,False,False,4413076915377478,False,False,0.226309,0,0,2,0,0,False,True
stretch,richmond:149,False,False,4413076915377478,False,False,0.0,0,0,2,0,0,False,True
canvas_level,richmond:203,False,False,443655951945659,False,False,0.0,0,0,0,0,0,True,False
canvas_sfm,richmond:203,False,False,443655951945659,False,False,0.0,0,0,0,0,0,True,False
stretch,richmond:203,False,False,443655951945659,False,False,0.0,0,0,0,0,0,True,False
canvas_level,richmond:133,False,False,444382835266852,False,False,0.0,0,0,0,0,0,True,False
canvas_sfm,richmond:133,False,False,444382835266852,False,False,0.0,0,0,0,0,0,True,False
stretch,richmond:133,False,False,444382835266852,False,False,0.168569,0,0,0,0,0,True,False
canvas_level,richmond:201,False,False,446684773070135,False,False,0.122486,0,0,0,0,0,True,False
canvas_sfm,richmond:201,False,False,446684773070135,False,False,0.113724,0,0,0,0,0,True,False
stretch,richmond:201,True,False,446684773070135,False,False,0.465533,1,0,0,0,0,True,False
canvas_level,richmond:151,True,True,449903271132859,True,True,0.826258,2,2,3,2,2,False,True
canvas_sfm,richmond:151,True,True,449903271132859,True,True,0.858889,2,2,3,2,2,False,True
stretch,richmond:151,True,True,449903271132859,True,True,0.720772,3,2,3,3,2,False,True
canvas_level,richmond:237,False,False,450459221273355,False,False,0.0,0,0,0,0,0,True,False
canvas_sfm,richmond:237,False,False,450459221273355,False,False,0.0,0,0,0,0,0,True,False
stretch,richmond:237,False,False,450459221273355,False,False,0.0,0,0,0,0,0,True,False
canvas_level,richmond:21,False,False,450970092661730,False,False,0.0,0,0,0,0,0,True,False
canvas_sfm,richmond:21,False,False,450970092661730,False,False,0.177094,0,0,0,0,0,True,False
stretch,richmond:21,False,False,450970092661730,False,False,0.154281,0,0,0,0,0,True,False
canvas_level,richmond:133,False,False,454036363929467,False,False,0.0,0,0,0,0,0,True,False
canvas_sfm,richmond:133,False,False,454036363929467,False,False,0.0,0,0,0,0,0,True,False
stretch,richmond:133,False,False,454036363929467,False,False,0.237025,0,0,0,0,0,True,False
canvas_level,richmond:41,False,False,456230187245971,False,False,0.0,0,0,0,0,0,True,False
canvas_sfm,richmond:41,False,False,456230187245971,False,False,0.0,0,0,0,0,0,True,False
stretch,richmond:41,False,False,456230187245971,False,False,0.0,0,0,0,0,0,True,False
canvas_level,richmond:35,False,False,456677245397441,False,False,0.127479,0,0,0,0,0,True,False
canvas_sfm,richmond:35,False,False,456677245397441,False,False,0.14838,0,0,0,0,0,True,False
stretch,richmond:35,True,False,456677245397441,False,False,0.346206,1,0,0,0,0,True,False
canvas_level,richmond:85,True,False,459614693341740,False,False,0.523185,1,0,0,1,0,False,False
canvas_sfm,richmond:85,True,True,459614693341740,False,False,0.643879,1,1,0,1,1,False,False
stretch,richmond:85,True,True,459614693341740,False,False,0.765928,1,1,0,1,1,False,False
canvas_level,richmond:99,False,False,459804980403131,False,False,0.242241,0,0,0,0,0,False,False
canvas_sfm,richmond:99,False,False,459804980403131,False,False,0.242241,0,0,0,0,0,False,False
stretch,richmond:99,False,False,459804980403131,False,False,0.0,0,0,0,0,0,False,False
canvas_level,richmond:201,False,False,461327321601872,False,False,0.0,0,0,0,0,0,False,False
canvas_sfm,richmond:201,False,False,461327321601872,False,False,0.0,0,0,0,0,0,False,False
stretch,richmond:201,True,True,461327321601872,False,False,0.622922,3,3,0,0,0,False,False
canvas_level,richmond:19,False,False,463141774985826,False,False,0.0,0,0,0,0,0,True,False
canvas_sfm,richmond:19,False,False,463141774985826,False,False,0.0,0,0,0,0,0,True,False
stretch,richmond:19,False,False,463141774985826,False,False,0.0,0,0,0,0,0,True,False
canvas_level,richmond:23,False,False,463214238308332,False,False,0.279088,0,0,0,0,0,True,False
canvas_sfm,richmond:23,False,False,463214238308332,False,False,0.218393,0,0,0,0,0,True,False
stretch,richmond:23,False,False,463214238308332,False,False,0.0,0,0,0,0,0,True,False
canvas_level,richmond:103,True,True,463659801584351,False,False,0.812814,2,1,0,0,0,False,False
canvas_sfm,richmond:103,True,True,463659801584351,False,False,0.785729,2,1,0,0,0,False,False
stretch,richmond:103,True,True,463659801584351,False,False,0.7951,2,1,0,0,0,False,False
canvas_level,richmond:18,False,False,464003978217379,False,False,0.0,0,0,0,0,0,True,False
canvas_sfm,richmond:18,False,False,464003978217379,False,False,0.0,0,0,0,0,0,True,False
stretch,richmond:18,False,False,464003978217379,False,False,0.0,0,0,0,0,0,True,False
canvas_level,richmond:18,False,False,465476821189471,False,False,0.0,0,0,0,0,0,True,False
canvas_sfm,richmond:18,False,False,465476821189471,False,False,0.0,0,0,0,0,0,True,False
stretch,richmond:18,False,False,465476821189471,False,False,0.0,0,0,0,0,0,True,False
canvas_level,richmond:184,False,False,466250747789546,False,False,0.121815,0,0,0,0,0,True,False
canvas_sfm,richmond:184,False,False,466250747789546,False,False,0.121791,0,0,0,0,0,True,False
stretch,richmond:184,False,False,466250747789546,False,False,0.0,0,0,0,0,0,True,False
canvas_level,richmond:47,True,True,466313124472470,False,False,0.683186,1,1,1,0,0,False,True
canvas_sfm,richmond:47,True,True,466313124472470,False,False,0.581974,1,1,1,0,0,False,True
stretch,richmond:47,True,False,466313124472470,True,False,0.449452,1,0,1,1,0,False,True
canvas_level,richmond:186,False,False,466679964422783,False,False,0.0,0,0,0,0,0,False,False
canvas_sfm,richmond:186,False,False,466679964422783,False,False,0.100446,0,0,0,0,0,False,False
stretch,richmond:186,False,False,466679964422783,False,False,0.162276,0,0,0,0,0,False,False
canvas_level,richmond:51,False,False,466913744560447,False,False,0.0,0,0,0,0,0,True,False
canvas_sfm,richmond:51,False,False,466913744560447,False,False,0.0,0,0,0,0,0,True,False
stretch,richmond:51,False,False,466913744560447,False,False,0.214792,0,0,0,0,0,True,False
canvas_level,richmond:203,True,False,467754234311167,False,False,0.336632,1,0,0,0,0,True,False
canvas_sfm,richmond:203,True,False,467754234311167,False,False,0.372943,1,0,0,0,0,True,False
stretch,richmond:203,False,False,467754234311167,False,False,0.122035,0,0,0,0,0,True,False
canvas_level,richmond:227,True,True,467951159036195,False,False,0.576465,2,1,0,0,0,True,False
canvas_sfm,richmond:227,True,True,467951159036195,False,False,0.616718,2,2,0,0,0,True,False
stretch,richmond:227,True,True,467951159036195,False,False,0.680514,2,2,0,0,0,True,False
canvas_level,richmond:203,False,False,468053224415480,False,False,0.248346,0,0,0,0,0,True,False
canvas_sfm,richmond:203,False,False,468053224415480,False,False,0.275899,0,0,0,0,0,True,False
stretch,richmond:203,False,False,468053224415480,False,False,0.0,0,0,0,0,0,True,False
canvas_level,richmond:196,False,False,468130026115425,False,False,0.0,0,0,0,0,0,True,False
canvas_sfm,richmond:196,False,False,468130026115425,False,False,0.0,0,0,0,0,0,True,False
stretch,richmond:196,False,False,468130026115425,False,False,0.118968,0,0,0,0,0,True,False
canvas_level,richmond:133,False,False,468209597752315,False,False,0.211052,0,0,0,0,0,True,False
canvas_sfm,richmond:133,False,False,468209597752315,False,False,0.242784,0,0,0,0,0,True,False
stretch,richmond:133,False,False,468209597752315,False,False,0.0,0,0,0,0,0,True,False
canvas_level,richmond:22,False,False,468347330938135,False,False,0.0,0,0,0,0,0,True,False
canvas_sfm,richmond:22,False,False,468347330938135,False,False,0.0,0,0,0,0,0,True,False
stretch,richmond:22,False,False,468347330938135,False,False,0.0,0,0,0,0,0,True,False
canvas_level,richmond:51,False,False,468595264390221,False,False,0.0,0,0,0,0,0,True,False
canvas_sfm,richmond:51,False,False,468595264390221,False,False,0.0,0,0,0,0,0,True,False
stretch,richmond:51,False,False,468595264390221,False,False,0.137135,0,0,0,0,0,True,False
canvas_level,richmond:149,True,False,469612600779519,False,False,0.339781,1,0,0,1,0,False,False
canvas_sfm,richmond:149,True,False,469612600779519,False,False,0.401071,1,0,0,1,0,False,False
stretch,richmond:149,True,True,469612600779519,False,False,0.686037,1,1,0,1,1,False,False
canvas_level,richmond:149,False,False,469981710947669,False,False,0.153831,0,0,0,0,0,False,False
canvas_sfm,richmond:149,False,False,469981710947669,False,False,0.206931,0,0,0,0,0,False,False
stretch,richmond:149,False,False,469981710947669,False,False,0.235497,0,0,0,0,0,False,False
canvas_level,richmond:127,False,False,470048704228013,False,False,0.118678,0,0,0,0,0,False,False
canvas_sfm,richmond:127,False,False,470048704228013,False,False,0.105683,0,0,0,0,0,False,False
stretch,richmond:127,False,False,470048704228013,False,False,0.0,0,0,0,0,0,False,False
canvas_level,richmond:31,False,False,4705403999510163,False,False,0.117432,0,0,0,0,0,False,False
canvas_sfm,richmond:31,False,False,4705403999510163,False,False,0.134522,0,0,0,0,0,False,False
stretch,richmond:31,True,False,4705403999510163,False,False,0.3504,1,0,0,1,0,False,False
canvas_level,richmond:222,False,False,470717474194893,False,False,0.130134,0,0,0,0,0,False,False
canvas_sfm,richmond:222,False,False,470717474194893,False,False,0.127283,0,0,0,0,0,False,False
stretch,richmond:222,True,False,470717474194893,False,False,0.378802,1,0,0,0,0,False,False
canvas_level,richmond:103,True,True,470862587470014,False,False,0.794553,2,1,0,0,0,False,False
canvas_sfm,richmond:103,True,True,470862587470014,False,False,0.694022,2,1,0,0,0,False,False
stretch,richmond:103,True,True,470862587470014,False,False,0.791449,3,1,0,0,0,False,False
canvas_level,richmond:74,False,False,471022233995063,False,False,0.118398,0,0,0,0,0,False,False
canvas_sfm,richmond:74,False,False,471022233995063,False,False,0.118383,0,0,0,0,0,False,False
stretch,richmond:74,True,False,471022233995063,False,False,0.454743,1,0,0,0,0,False,False
canvas_level,richmond:33,False,False,471546317438590,False,False,0.123596,0,0,1,0,0,False,True
canvas_sfm,richmond:33,False,False,471546317438590,False,False,0.144299,0,0,1,0,0,False,True
stretch,richmond:33,False,False,471546317438590,False,False,0.113631,0,0,1,0,0,False,True
canvas_level,richmond:85,False,False,472052407419479,False,False,0.111659,0,0,0,0,0,False,False
canvas_sfm,richmond:85,False,False,472052407419479,False,False,0.115494,0,0,0,0,0,False,False
stretch,richmond:85,False,False,472052407419479,False,False,0.0,0,0,0,0,0,False,False
canvas_level,richmond:159,False,False,472582504074055,False,False,0.0,0,0,0,0,0,True,False
canvas_sfm,richmond:159,False,False,472582504074055,False,False,0.0,0,0,0,0,0,True,False
stretch,richmond:159,True,False,472582504074055,False,False,0.334961,1,0,0,0,0,True,False
canvas_level,richmond:197,False,False,472812627342213,False,False,0.119823,0,0,0,0,0,True,False
canvas_sfm,richmond:197,False,False,472812627342213,False,False,0.136833,0,0,0,0,0,True,False
stretch,richmond:197,False,False,472812627342213,False,False,0.0,0,0,0,0,0,True,False
canvas_level,richmond:19,False,False,472858693783752,False,False,0.18909,0,0,0,0,0,True,False
canvas_sfm,richmond:19,False,False,472858693783752,False,False,0.168058,0,0,0,0,0,True,False
stretch,richmond:19,False,False,472858693783752,False,False,0.239441,0,0,0,0,0,True,False
canvas_level,richmond:52,False,False,473641117212240,False,False,0.119584,0,0,0,0,0,False,False
canvas_sfm,richmond:52,False,False,473641117212240,False,False,0.110608,0,0,0,0,0,False,False
stretch,richmond:52,False,False,473641117212240,False,False,0.117674,0,0,0,0,0,False,False
canvas_level,richmond:201,False,False,475322190228153,False,False,0.0,0,0,0,0,0,True,False
canvas_sfm,richmond:201,False,False,475322190228153,False,False,0.0,0,0,0,0,0,True,False
stretch,richmond:201,False,False,475322190228153,False,False,0.153921,0,0,0,0,0,True,False
canvas_level,richmond:77,False,False,476356130285578,False,False,0.0,0,0,0,0,0,False,False
canvas_sfm,richmond:77,False,False,476356130285578,False,False,0.0,0,0,0,0,0,False,False
stretch,richmond:77,False,False,476356130285578,False,False,0.170997,0,0,0,0,0,False,False
canvas_level,richmond:149,True,False,476626623549823,False,False,0.388366,1,0,0,1,0,False,False
canvas_sfm,richmond:149,True,False,476626623549823,False,False,0.435978,1,0,0,1,0,False,False
stretch,richmond:149,True,True,476626623549823,False,False,0.695085,1,1,0,1,1,False,False
canvas_level,richmond:154,False,False,4766596610022239,False,False,0.0,0,0,0,0,0,False,False
canvas_sfm,richmond:154,False,False,4766596610022239,False,False,0.0,0,0,0,0,0,False,False
stretch,richmond:154,True,False,4766596610022239,False,False,0.318054,1,0,0,0,0,False,False
canvas_level,richmond:84,False,False,476949784726944,False,False,0.0,0,0,0,0,0,False,False
canvas_sfm,richmond:84,False,False,476949784726944,False,False,0.0,0,0,0,0,0,False,False
stretch,richmond:84,False,False,476949784726944,False,False,0.20036,0,0,0,0,0,False,False
canvas_level,richmond:75,False,False,477077001708586,False,False,0.145667,0,0,0,0,0,True,False
canvas_sfm,richmond:75,False,False,477077001708586,False,False,0.100944,0,0,0,0,0,True,False
stretch,richmond:75,False,False,477077001708586,False,False,0.0,0,0,0,0,0,True,False
canvas_level,richmond:221,False,False,477110430204383,False,False,0.0,0,0,1,0,0,False,True
canvas_sfm,richmond:221,False,False,477110430204383,False,False,0.0,0,0,1,0,0,False,True
stretch,richmond:221,False,False,477110430204383,False,False,0.199538,0,0,1,0,0,False,True
canvas_level,richmond:203,False,False,477592687979441,False,False,0.0,0,0,0,0,0,True,False
canvas_sfm,richmond:203,False,False,477592687979441,False,False,0.0,0,0,0,0,0,True,False
stretch,richmond:203,False,False,477592687979441,False,False,0.143791,0,0,0,0,0,True,False
canvas_level,richmond:188,False,False,477911040083348,False,False,0.0,0,0,1,0,0,False,True
canvas_sfm,richmond:188,False,False,477911040083348,False,False,0.0,0,0,1,0,0,False,True
stretch,richmond:188,False,False,477911040083348,False,False,0.197555,0,0,1,0,0,False,True
canvas_level,richmond:234,False,False,477952166990067,False,False,0.0,0,0,1,0,0,False,True
canvas_sfm,richmond:234,False,False,477952166990067,False,False,0.0,0,0,1,0,0,False,True
stretch,richmond:234,False,False,477952166990067,False,False,0.234526,0,0,1,0,0,False,True
canvas_level,richmond:227,False,False,478395328221535,False,False,0.0,0,0,0,0,0,True,False
canvas_sfm,richmond:227,False,False,478395328221535,False,False,0.100667,0,0,0,0,0,True,False
stretch,richmond:227,True,True,478395328221535,False,False,0.591019,1,1,0,0,0,True,False
canvas_level,richmond:170,False,False,478429795319965,False,False,0.0,0,0,0,0,0,True,False
canvas_sfm,richmond:170,False,False,478429795319965,False,False,0.0,0,0,0,0,0,True,False
stretch,richmond:170,False,False,478429795319965,False,False,0.0,0,0,0,0,0,True,False
canvas_level,richmond:137,False,False,479023656553231,False,False,0.135452,0,0,0,0,0,False,False
canvas_sfm,richmond:137,False,False,479023656553231,False,False,0.134247,0,0,0,0,0,False,False
stretch,richmond:137,True,False,479023656553231,False,False,0.345788,2,0,0,1,0,False,False
canvas_level,richmond:133,True,False,479337626852985,False,False,0.304088,1,0,0,0,0,True,False
canvas_sfm,richmond:133,False,False,479337626852985,False,False,0.284737,0,0,0,0,0,True,False
stretch,richmond:133,True,False,479337626852985,False,False,0.311154,1,0,0,0,0,True,False
canvas_level,richmond:148,False,False,479518273325456,False,False,0.0,0,0,0,0,0,True,False
canvas_sfm,richmond:148,False,False,479518273325456,False,False,0.0,0,0,0,0,0,True,False
stretch,richmond:148,False,False,479518273325456,False,False,0.0,0,0,0,0,0,True,False
canvas_level,richmond:188,False,False,479774503299353,False,False,0.0,0,0,0,0,0,False,False
canvas_sfm,richmond:188,False,False,479774503299353,False,False,0.0,0,0,0,0,0,False,False
stretch,richmond:188,False,False,479774503299353,False,False,0.160216,0,0,0,0,0,False,False
canvas_level,richmond:0,False,False,479977511633820,False,False,0.0,0,0,0,0,0,True,False
canvas_sfm,richmond:0,False,False,479977511633820,False,False,0.0,0,0,0,0,0,True,False
stretch,richmond:0,False,False,479977511633820,False,False,0.217553,0,0,0,0,0,True,False
canvas_level,richmond:8,False,False,480218679911727,False,False,0.0,0,0,0,0,0,True,False
canvas_sfm,richmond:8,False,False,480218679911727,False,False,0.0,0,0,0,0,0,True,False
stretch,richmond:8,False,False,480218679911727,False,False,0.0,0,0,0,0,0,True,False
canvas_level,richmond:10,False,False,480984466353328,False,False,0.150751,0,0,1,0,0,False,True
canvas_sfm,richmond:10,False,False,480984466353328,False,False,0.16244,0,0,1,0,0,False,True
stretch,richmond:10,False,False,480984466353328,False,False,0.16409,0,0,1,0,0,False,True
canvas_level,richmond:51,True,True,481329094656831,False,False,0.846033,1,1,0,0,0,False,False
canvas_sfm,richmond:51,True,True,481329094656831,False,False,0.819669,1,1,0,0,0,False,False
stretch,richmond:51,True,True,481329094656831,False,False,1.003609,1,1,0,0,0,False,False
canvas_level,richmond:17,False,False,481433499731343,False,False,0.1888,0,0,1,0,0,False,True
canvas_sfm,richmond:17,False,False,481433499731343,False,False,0.141781,0,0,1,0,0,False,True
stretch,richmond:17,False,False,481433499731343,False,False,0.185322,0,0,1,0,0,False,True
canvas_level,richmond:85,False,False,481716024383369,False,False,0.0,0,0,0,0,0,True,False
canvas_sfm,richmond:85,False,False,481716024383369,False,False,0.0,0,0,0,0,0,True,False
stretch,richmond:85,False,False,481716024383369,False,False,0.138545,0,0,0,0,0,True,False
canvas_level,richmond:236,False,False,481747873054969,False,False,0.121351,0,0,1,0,0,True,True
canvas_sfm,richmond:236,False,False,481747873054969,False,False,0.0,0,0,1,0,0,True,True
stretch,richmond:236,False,False,481747873054969,False,False,0.0,0,0,1,0,0,True,True
canvas_level,richmond:196,False,False,482213593001277,False,False,0.0,0,0,0,0,0,True,False
canvas_sfm,richmond:196,False,False,482213593001277,False,False,0.117266,0,0,0,0,0,True,False
stretch,richmond:196,False,False,482213593001277,False,False,0.106179,0,0,0,0,0,True,False
canvas_level,richmond:149,False,False,483054199570051,False,False,0.156817,0,0,1,0,0,False,True
canvas_sfm,richmond:149,False,False,483054199570051,False,False,0.208961,0,0,1,0,0,False,True
stretch,richmond:149,True,True,483054199570051,True,True,0.767624,1,1,1,1,1,False,True
canvas_level,richmond:133,False,False,483305716216054,False,False,0.0,0,0,0,0,0,True,False
canvas_sfm,richmond:133,False,False,483305716216054,False,False,0.0,0,0,0,0,0,True,False
stretch,richmond:133,False,False,483305716216054,False,False,0.136202,0,0,0,0,0,True,False
canvas_level,richmond:145,False,False,484254949559656,False,False,0.0,0,0,1,0,0,False,True
canvas_sfm,richmond:145,False,False,484254949559656,False,False,0.0,0,0,1,0,0,False,True
stretch,richmond:145,False,False,484254949559656,False,False,0.0,0,0,1,0,0,False,True
canvas_level,richmond:161,False,False,484792357611347,False,False,0.0,0,0,0,0,0,True,False
canvas_sfm,richmond:161,False,False,484792357611347,False,False,0.0,0,0,0,0,0,True,False
stretch,richmond:161,False,False,484792357611347,False,False,0.0,0,0,0,0,0,True,False
canvas_level,richmond:201,False,False,485905689503652,False,False,0.0,0,0,0,0,0,False,False
canvas_sfm,richmond:201,False,False,485905689503652,False,False,0.0,0,0,0,0,0,False,False
stretch,richmond:201,True,True,485905689503652,False,False,0.610442,2,1,0,0,0,False,False
canvas_level,richmond:19,False,False,486033882715690,False,False,0.0,0,0,0,0,0,True,False
canvas_sfm,richmond:19,False,False,486033882715690,False,False,0.0,0,0,0,0,0,True,False
stretch,richmond:19,False,False,486033882715690,False,False,0.0,0,0,0,0,0,True,False
canvas_level,richmond:197,False,False,486059949365171,False,False,0.139126,0,0,0,0,0,True,False
canvas_sfm,richmond:197,False,False,486059949365171,False,False,0.136204,0,0,0,0,0,True,False
stretch,richmond:197,False,False,486059949365171,False,False,0.0,0,0,0,0,0,True,False
canvas_level,richmond:35,True,False,486751265711687,False,False,0.432141,1,0,0,0,0,True,False
canvas_sfm,richmond:35,True,False,486751265711687,False,False,0.481146,1,0,0,0,0,True,False
stretch,richmond:35,False,False,486751265711687,False,False,0.124979,0,0,0,0,0,True,False
canvas_level,richmond:22,False,False,486761749236423,False,False,0.10698,0,0,0,0,0,True,False
canvas_sfm,richmond:22,False,False,486761749236423,False,False,0.0,0,0,0,0,0,True,False
stretch,richmond:22,False,False,486761749236423,False,False,0.119283,0,0,0,0,0,True,False
canvas_level,richmond:237,False,False,486836689221736,False,False,0.0,0,0,0,0,0,True,False
canvas_sfm,richmond:237,False,False,486836689221736,False,False,0.0,0,0,0,0,0,True,False
stretch,richmond:237,False,False,486836689221736,False,False,0.0,0,0,0,0,0,True,False
canvas_level,richmond:128,False,False,487289356043152,False,False,0.161676,0,0,0,0,0,True,False
canvas_sfm,richmond:128,False,False,487289356043152,False,False,0.154136,0,0,0,0,0,True,False
stretch,richmond:128,False,False,487289356043152,False,False,0.0,0,0,0,0,0,True,False
canvas_level,richmond:203,False,False,487484782462251,False,False,0.118231,0,0,0,0,0,True,False
canvas_sfm,richmond:203,False,False,487484782462251,False,False,0.139467,0,0,0,0,0,True,False
stretch,richmond:203,False,False,487484782462251,False,False,0.249063,0,0,0,0,0,True,False
canvas_level,richmond:135,True,False,487666842468457,True,False,0.51282,1,0,2,1,0,False,True
canvas_sfm,richmond:135,True,False,487666842468457,True,False,0.365843,1,0,2,1,0,False,True
stretch,richmond:135,True,False,487666842468457,True,False,0.368723,1,0,2,1,0,False,True
canvas_level,richmond:148,False,False,488125292270865,False,False,0.0,0,0,0,0,0,True,False
canvas_sfm,richmond:148,False,False,488125292270865,False,False,0.141747,0,0,0,0,0,True,False
stretch,richmond:148,False,False,488125292270865,False,False,0.109829,0,0,0,0,0,True,False
canvas_level,richmond:183,True,True,488778213743518,False,False,0.830788,1,1,0,0,0,False,False
canvas_sfm,richmond:183,True,True,488778213743518,False,False,0.849096,1,1,0,0,0,False,False
stretch,richmond:183,True,True,488778213743518,False,False,0.849921,1,1,0,0,0,False,False
canvas_level,richmond:203,False,False,489246078794805,False,False,0.106267,0,0,0,0,0,True,False
canvas_sfm,richmond:203,False,False,489246078794805,False,False,0.137915,0,0,0,0,0,True,False
stretch,richmond:203,False,False,489246078794805,False,False,0.0,0,0,0,0,0,True,False
canvas_level,richmond:228,False,False,489629735516034,False,False,0.0,0,0,0,0,0,True,False
canvas_sfm,richmond:228,False,False,489629735516034,False,False,0.0,0,0,0,0,0,True,False
stretch,richmond:228,False,False,489629735516034,False,False,0.0,0,0,0,0,0,True,False
canvas_level,richmond:190,False,False,490054792310125,False,False,0.0,0,0,1,0,0,False,True
canvas_sfm,richmond:190,False,False,490054792310125,False,False,0.0,0,0,1,0,0,False,True
stretch,richmond:190,True,True,490054792310125,False,False,0.565167,1,1,1,0,0,False,True
canvas_level,richmond:22,False,False,490468112161118,False,False,0.0,0,0,0,0,0,False,False
canvas_sfm,richmond:22,False,False,490468112161118,False,False,0.0,0,0,0,0,0,False,False
stretch,richmond:22,False,False,490468112161118,False,False,0.0,0,0,0,0,0,False,False
canvas_level,richmond:190,True,False,491052732013755,False,False,0.341684,1,0,0,0,0,False,False
canvas_sfm,richmond:190,False,False,491052732013755,False,False,0.286665,0,0,0,0,0,False,False
stretch,richmond:190,True,True,491052732013755,False,False,0.682594,1,1,0,1,1,False,False
canvas_level,richmond:196,False,False,491397563356296,False,False,0.0,0,0,0,0,0,False,False
canvas_sfm,richmond:196,False,False,491397563356296,False,False,0.0,0,0,0,0,0,False,False
stretch,richmond:196,False,False,491397563356296,False,False,0.113084,0,0,0,0,0,False,False
canvas_level,richmond:18,False,False,491677885408539,False,False,0.249881,0,0,0,0,0,True,False
canvas_sfm,richmond:18,False,False,491677885408539,False,False,0.270061,0,0,0,0,0,True,False
stretch,richmond:18,False,False,491677885408539,False,False,0.158774,0,0,0,0,0,True,False
canvas_level,richmond:142,False,False,491785798831887,False,False,0.0,0,0,0,0,0,True,False
canvas_sfm,richmond:142,False,False,491785798831887,False,False,0.0,0,0,0,0,0,True,False
stretch,richmond:142,False,False,491785798831887,False,False,0.0,0,0,0,0,0,True,False
canvas_level,richmond:242,True,True,492033823538264,False,False,0.946724,2,2,0,0,0,True,False
canvas_sfm,richmond:242,True,True,492033823538264,False,False,0.948047,2,2,0,0,0,True,False
stretch,richmond:242,True,True,492033823538264,False,False,0.73544,4,3,0,0,0,True,False
canvas_level,richmond:168,False,False,492447525127128,False,False,0.0,0,0,0,0,0,False,False
canvas_sfm,richmond:168,False,False,492447525127128,False,False,0.0,0,0,0,0,0,False,False
stretch,richmond:168,True,False,492447525127128,False,False,0.405041,1,0,0,1,0,False,False
canvas_level,richmond:158,False,False,492538375510406,False,False,0.190995,0,0,0,0,0,True,False
canvas_sfm,richmond:158,False,False,492538375510406,False,False,0.162317,0,0,0,0,0,True,False
stretch,richmond:158,False,False,492538375510406,False,False,0.117664,0,0,0,0,0,True,False
canvas_level,richmond:6,False,False,492564781966105,False,False,0.0,0,0,0,0,0,False,False
canvas_sfm,richmond:6,False,False,492564781966105,False,False,0.0,0,0,0,0,0,False,False
stretch,richmond:6,True,False,492564781966105,False,False,0.333374,1,0,0,1,0,False,False
canvas_level,richmond:151,True,True,492666856619790,False,False,0.732787,2,2,1,2,2,False,True
canvas_sfm,richmond:151,True,True,492666856619790,False,False,0.696518,2,2,1,2,2,False,True
stretch,richmond:151,True,True,492666856619790,True,True,0.794874,2,2,1,2,2,False,True
canvas_level,richmond:74,False,False,492810945396997,False,False,0.0,0,0,0,0,0,False,False
canvas_sfm,richmond:74,False,False,492810945396997,False,False,0.0,0,0,0,0,0,False,False
stretch,richmond:74,False,False,492810945396997,False,False,0.0,0,0,0,0,0,False,False
canvas_level,richmond:19,False,False,492868885357902,False,False,0.157548,0,0,0,0,0,True,False
canvas_sfm,richmond:19,False,False,492868885357902,False,False,0.104555,0,0,0,0,0,True,False
stretch,richmond:19,False,False,492868885357902,False,False,0.0,0,0,0,0,0,True,False
canvas_level,richmond:160,False,False,493038769850146,False,False,0.1192,0,0,0,0,0,False,False
canvas_sfm,richmond:160,False,False,493038769850146,False,False,0.0,0,0,0,0,0,False,False
stretch,richmond:160,False,False,493038769850146,False,False,0.157704,0,0,0,0,0,False,False
canvas_level,richmond:22,False,False,493436015192933,False,False,0.140944,0,0,0,0,0,True,False
canvas_sfm,richmond:22,False,False,493436015192933,False,False,0.136169,0,0,0,0,0,True,False
stretch,richmond:22,False,False,493436015192933,False,False,0.0,0,0,0,0,0,True,False
canvas_level,richmond:32,False,False,493756698641757,False,False,0.0,0,0,0,0,0,False,False
canvas_sfm,richmond:32,False,False,493756698641757,False,False,0.116081,0,0,0,0,0,False,False
stretch,richmond:32,True,True,493756698641757,False,False,0.746715,1,1,0,0,0,False,False
canvas_level,richmond:149,False,False,493854561821685,False,False,0.0,0,0,0,0,0,False,False
canvas_sfm,richmond:149,False,False,493854561821685,False,False,0.104246,0,0,0,0,0,False,False
stretch,richmond:149,False,False,493854561821685,False,False,0.0,0,0,0,0,0,False,False
canvas_level,richmond:137,False,False,494155375068407,False,False,0.185826,0,0,1,0,0,False,True
canvas_sfm,richmond:137,False,False,494155375068407,False,False,0.158292,0,0,1,0,0,False,True
stretch,richmond:137,True,False,494155375068407,False,False,0.336816,2,0,1,2,0,False,True
canvas_level,richmond:201,False,False,494344691847404,False,False,0.0,0,0,0,0,0,True,False
canvas_sfm,richmond:201,False,False,494344691847404,False,False,0.0,0,0,0,0,0,True,False
stretch,richmond:201,False,False,494344691847404,False,False,0.140473,0,0,0,0,0,True,False
canvas_level,richmond:242,True,True,494452063240172,True,True,0.84408,4,2,2,2,2,False,True
canvas_sfm,richmond:242,True,True,494452063240172,True,True,0.699716,4,2,2,2,2,False,True
stretch,richmond:242,True,True,494452063240172,False,False,0.792606,1,1,2,0,0,False,True
canvas_level,richmond:6,False,False,495257733596391,False,False,0.17961,0,0,0,0,0,False,False
canvas_sfm,richmond:6,False,False,495257733596391,False,False,0.157159,0,0,0,0,0,False,False
stretch,richmond:6,True,False,495257733596391,False,False,0.365601,2,0,0,1,0,False,False
canvas_level,richmond:148,False,False,495494768399774,False,False,0.0,0,0,0,0,0,True,False
canvas_sfm,richmond:148,False,False,495494768399774,False,False,0.0,0,0,0,0,0,True,False
stretch,richmond:148,False,False,495494768399774,False,False,0.0,0,0,0,0,0,True,False
canvas_level,richmond:158,False,False,495730795110804,False,False,0.184638,0,0,0,0,0,False,False
canvas_sfm,richmond:158,False,False,495730795110804,False,False,0.187531,0,0,0,0,0,False,False
stretch,richmond:158,False,False,495730795110804,False,False,0.14859,0,0,0,0,0,False,False
canvas_level,richmond:222,False,False,495942976532615,False,False,0.133214,0,0,1,0,0,False,True
canvas_sfm,richmond:222,False,False,495942976532615,False,False,0.0,0,0,1,0,0,False,True
stretch,richmond:222,True,True,495942976532615,False,False,0.557788,2,1,1,0,0,False,True
canvas_level,richmond:145,False,False,495968981529844,False,False,0.0,0,0,0,0,0,True,False
canvas_sfm,richmond:145,False,False,495968981529844,False,False,0.100413,0,0,0,0,0,True,False
stretch,richmond:145,False,False,495968981529844,False,False,0.0,0,0,0,0,0,True,False
canvas_level,richmond:149,False,False,496014231835922,False,False,0.16122,0,0,0,0,0,False,False
canvas_sfm,richmond:149,False,False,496014231835922,False,False,0.204826,0,0,0,0,0,False,False
stretch,richmond:149,False,False,496014231835922,False,False,0.108801,0,0,0,0,0,False,False
canvas_level,richmond:108,False,False,496296311587433,False,False,0.224848,0,0,1,0,0,False,True
canvas_sfm,richmond:108,False,False,496296311587433,False,False,0.224872,0,0,1,0,0,False,True
stretch,richmond:108,True,False,496296311587433,False,False,0.340838,1,0,1,0,0,False,True
canvas_level,richmond:154,False,False,496608491447932,False,False,0.0,0,0,1,0,0,False,True
canvas_sfm,richmond:154,False,False,496608491447932,False,False,0.0,0,0,1,0,0,False,True
stretch,richmond:154,False,False,496608491447932,False,False,0.0,0,0,1,0,0,False,True
canvas_level,richmond:149,False,False,496676031657985,False,False,0.0,0,0,0,0,0,False,False
canvas_sfm,richmond:149,False,False,496676031657985,False,False,0.0,0,0,0,0,0,False,False
stretch,richmond:149,False,False,496676031657985,False,False,0.0,0,0,0,0,0,False,False
canvas_level,richmond:158,False,False,497522431601099,False,False,0.148898,0,0,0,0,0,False,False
canvas_sfm,richmond:158,False,False,497522431601099,False,False,0.144143,0,0,0,0,0,False,False
stretch,richmond:158,False,False,497522431601099,False,False,0.13744,0,0,0,0,0,False,False
canvas_level,richmond:186,False,False,497726518147086,False,False,0.0,0,0,2,0,0,False,True
canvas_sfm,richmond:186,False,False,497726518147086,False,False,0.0,0,0,2,0,0,False,True
stretch,richmond:186,False,False,497726518147086,False,False,0.172236,0,0,2,0,0,False,True
canvas_level,richmond:25,True,True,498208082935208,True,True,0.777119,1,1,1,1,1,False,True
canvas_sfm,richmond:25,True,True,498208082935208,True,True,0.634026,1,1,1,1,1,False,True
stretch,richmond:25,False,False,498208082935208,False,False,0.17667,0,0,1,0,0,False,True
canvas_level,richmond:151,False,False,499119232453345,False,False,0.0,0,0,0,0,0,True,False
canvas_sfm,richmond:151,False,False,499119232453345,False,False,0.0,0,0,0,0,0,True,False
stretch,richmond:151,False,False,499119232453345,False,False,0.0,0,0,0,0,0,True,False
canvas_level,richmond:133,False,False,499631668133339,False,False,0.107625,0,0,0,0,0,True,False
canvas_sfm,richmond:133,False,False,499631668133339,False,False,0.112624,0,0,0,0,0,True,False
stretch,richmond:133,False,False,499631668133339,False,False,0.141985,0,0,0,0,0,True,False
canvas_level,richmond:149,False,False,499920207944827,False,False,0.0,0,0,0,0,0,False,False
canvas_sfm,richmond:149,False,False,499920207944827,False,False,0.0,0,0,0,0,0,False,False
stretch,richmond:149,False,False,499920207944827,False,False,0.0,0,0,0,0,0,False,False
canvas_level,richmond:18,False,False,500564164517687,False,False,0.277236,0,0,0,0,0,True,False
canvas_sfm,richmond:18,False,False,500564164517687,False,False,0.215841,0,0,0,0,0,True,False
stretch,richmond:18,False,False,500564164517687,False,False,0.0,0,0,0,0,0,True,False
canvas_level,richmond:201,False,False,500881054584371,False,False,0.0,0,0,0,0,0,True,False
canvas_sfm,richmond:201,False,False,500881054584371,False,False,0.0,0,0,0,0,0,True,False
stretch,richmond:201,False,False,500881054584371,False,False,0.0,0,0,0,0,0,True,False
canvas_level,richmond:85,False,False,502372347750444,False,False,0.0,0,0,0,0,0,True,False
canvas_sfm,richmond:85,False,False,502372347750444,False,False,0.0,0,0,0,0,0,True,False
stretch,richmond:85,False,False,502372347750444,False,False,0.0,0,0,0,0,0,True,False
canvas_level,richmond:221,False,False,502962360751261,False,False,0.0,0,0,1,0,0,False,True
canvas_sfm,richmond:221,False,False,502962360751261,False,False,0.0,0,0,1,0,0,False,True
stretch,richmond:221,False,False,502962360751261,False,False,0.116295,0,0,1,0,0,False,True
canvas_level,richmond:149,False,False,503631747638523,False,False,0.0,0,0,0,0,0,True,False
canvas_sfm,richmond:149,False,False,503631747638523,False,False,0.0,0,0,0,0,0,True,False
stretch,richmond:149,False,False,503631747638523,False,False,0.0,0,0,0,0,0,True,False
canvas_level,richmond:149,False,False,503842794164636,False,False,0.0,0,0,0,0,0,False,False
canvas_sfm,richmond:149,False,False,503842794164636,False,False,0.0,0,0,0,0,0,False,False
stretch,richmond:149,False,False,503842794164636,False,False,0.0,0,0,0,0,0,False,False
canvas_level,richmond:149,False,False,504478307273687,False,False,0.0,0,0,0,0,0,False,False
canvas_sfm,richmond:149,False,False,504478307273687,False,False,0.0,0,0,0,0,0,False,False
stretch,richmond:149,False,False,504478307273687,False,False,0.112639,0,0,0,0,0,False,False
canvas_level,richmond:188,False,False,504700785972469,False,False,0.0,0,0,0,0,0,False,False
canvas_sfm,richmond:188,False,False,504700785972469,False,False,0.104316,0,0,0,0,0,False,False
stretch,richmond:188,False,False,504700785972469,False,False,0.0,0,0,0,0,0,False,False
canvas_level,richmond:23,False,False,505254460600486,False,False,0.100027,0,0,0,0,0,False,False
canvas_sfm,richmond:23,False,False,505254460600486,False,False,0.0,0,0,0,0,0,False,False
stretch,richmond:23,False,False,505254460600486,False,False,0.0,0,0,0,0,0,False,False
canvas_level,richmond:47,False,False,505345517484388,False,False,0.0,0,0,0,0,0,True,False
canvas_sfm,richmond:47,False,False,505345517484388,False,False,0.0,0,0,0,0,0,True,False
stretch,richmond:47,False,False,505345517484388,False,False,0.0,0,0,0,0,0,True,False
canvas_level,richmond:188,False,False,506289307231897,False,False,0.0,0,0,0,0,0,False,False
canvas_sfm,richmond:188,False,False,506289307231897,False,False,0.0,0,0,0,0,0,False,False
stretch,richmond:188,False,False,506289307231897,False,False,0.196756,0,0,0,0,0,False,False
canvas_level,richmond:236,False,False,506393203883018,False,False,0.0,0,0,0,0,0,False,False
canvas_sfm,richmond:236,False,False,506393203883018,False,False,0.0,0,0,0,0,0,False,False
stretch,richmond:236,False,False,506393203883018,False,False,0.0,0,0,0,0,0,False,False
canvas_level,richmond:24,False,False,506478052478453,False,False,0.0,0,0,0,0,0,True,False
canvas_sfm,richmond:24,False,False,506478052478453,False,False,0.0,0,0,0,0,0,True,False
stretch,richmond:24,False,False,506478052478453,False,False,0.0,0,0,0,0,0,True,False
canvas_level,richmond:252,False,False,508109960328163,False,False,0.0,0,0,0,0,0,True,False
canvas_sfm,richmond:252,False,False,508109960328163,False,False,0.0,0,0,0,0,0,True,False
stretch,richmond:252,False,False,508109960328163,False,False,0.0,0,0,0,0,0,True,False
canvas_level,richmond:201,False,False,509200910328550,False,False,0.0,0,0,0,0,0,True,False
canvas_sfm,richmond:201,False,False,509200910328550,False,False,0.0,0,0,0,0,0,True,False
stretch,richmond:201,False,False,509200910328550,False,False,0.0,0,0,0,0,0,True,False
canvas_level,richmond:19,False,False,509279963427650,False,False,0.0,0,0,0,0,0,True,False
canvas_sfm,richmond:19,False,False,509279963427650,False,False,0.0,0,0,0,0,0,True,False
stretch,richmond:19,False,False,509279963427650,False,False,0.0,0,0,0,0,0,True,False
canvas_level,richmond:99,False,False,509680102165535,False,False,0.106658,0,0,0,0,0,True,False
canvas_sfm,richmond:99,False,False,509680102165535,False,False,0.176615,0,0,0,0,0,True,False
stretch,richmond:99,False,False,509680102165535,False,False,0.0,0,0,0,0,0,True,False
canvas_level,richmond:38,False,False,510282742079891,False,False,0.0,0,0,0,0,0,True,False
canvas_sfm,richmond:38,False,False,510282742079891,False,False,0.0,0,0,0,0,0,True,False
stretch,richmond:38,False,False,510282742079891,False,False,0.114232,0,0,0,0,0,True,False
canvas_level,richmond:169,False,False,510923676771873,False,False,0.115061,0,0,0,0,0,False,False
canvas_sfm,richmond:169,False,False,510923676771873,False,False,0.0,0,0,0,0,0,False,False
stretch,richmond:169,False,False,510923676771873,False,False,0.0,0,0,0,0,0,False,False
canvas_level,richmond:237,True,True,510970788013383,True,True,0.571903,1,1,2,1,1,False,True
canvas_sfm,richmond:237,True,True,510970788013383,True,True,0.590403,1,1,2,1,1,False,True
stretch,richmond:237,True,True,510970788013383,True,True,0.812277,2,2,2,1,1,False,True
canvas_level,richmond:198,False,False,511258449910418,False,False,0.141521,0,0,1,0,0,False,True
canvas_sfm,richmond:198,False,False,511258449910418,False,False,0.134931,0,0,1,0,0,False,True
stretch,richmond:198,False,False,511258449910418,False,False,0.115634,0,0,1,0,0,False,True
canvas_level,richmond:188,False,False,512596873242847,False,False,0.0,0,0,1,0,0,False,True
canvas_sfm,richmond:188,False,False,512596873242847,False,False,0.0,0,0,1,0,0,False,True
stretch,richmond:188,True,False,512596873242847,False,False,0.362721,2,0,1,0,0,False,True
canvas_level,richmond:186,True,False,513781553283392,False,False,0.476212,2,0,1,0,0,False,True
canvas_sfm,richmond:186,True,False,513781553283392,False,False,0.484424,1,0,1,0,0,False,True
stretch,richmond:186,True,True,513781553283392,False,False,0.714493,1,1,1,0,0,False,True
canvas_level,richmond:10,False,False,514127663057525,False,False,0.148924,0,0,0,0,0,False,False
canvas_sfm,richmond:10,False,False,514127663057525,False,False,0.166009,0,0,0,0,0,False,False
stretch,richmond:10,True,False,514127663057525,False,False,0.300643,1,0,0,1,0,False,False
canvas_level,richmond:186,False,False,514401336592814,False,False,0.141792,0,0,0,0,0,False,False
canvas_sfm,richmond:186,False,False,514401336592814,False,False,0.150174,0,0,0,0,0,False,False
stretch,richmond:186,False,False,514401336592814,False,False,0.160744,0,0,0,0,0,False,False
canvas_level,richmond:148,False,False,514565989696257,False,False,0.0,0,0,0,0,0,True,False
canvas_sfm,richmond:148,False,False,514565989696257,False,False,0.150946,0,0,0,0,0,True,False
stretch,richmond:148,False,False,514565989696257,False,False,0.106241,0,0,0,0,0,True,False
canvas_level,richmond:251,False,False,514914892852794,False,False,0.0,0,0,0,0,0,False,False
canvas_sfm,richmond:251,False,False,514914892852794,False,False,0.101529,0,0,0,0,0,False,False
stretch,richmond:251,False,False,514914892852794,False,False,0.104517,0,0,0,0,0,False,False
canvas_level,richmond:75,False,False,515194603185406,False,False,0.0,0,0,0,0,0,True,False
canvas_sfm,richmond:75,False,False,515194603185406,False,False,0.0,0,0,0,0,0,True,False
stretch,richmond:75,False,False,515194603185406,False,False,0.0,0,0,0,0,0,True,False
canvas_level,richmond:191,False,False,515345049505618,False,False,0.268648,0,0,0,0,0,True,False
canvas_sfm,richmond:191,False,False,515345049505618,False,False,0.213034,0,0,0,0,0,True,False
stretch,richmond:191,False,False,515345049505618,False,False,0.0,0,0,0,0,0,True,False
canvas_level,richmond:188,False,False,516006799767166,False,False,0.149984,0,0,0,0,0,True,False
canvas_sfm,richmond:188,False,False,516006799767166,False,False,0.142258,0,0,0,0,0,True,False
stretch,richmond:188,False,False,516006799767166,False,False,0.214566,0,0,0,0,0,True,False
canvas_level,richmond:188,False,False,517103139316780,False,False,0.0,0,0,0,0,0,True,False
canvas_sfm,richmond:188,False,False,517103139316780,False,False,0.0,0,0,0,0,0,True,False
stretch,richmond:188,False,False,517103139316780,False,False,0.0,0,0,0,0,0,True,False
canvas_level,richmond:133,True,True,518287313987054,True,True,0.837997,1,1,1,1,1,False,True
canvas_sfm,richmond:133,True,True,518287313987054,True,True,0.909913,1,1,1,1,1,False,True
stretch,richmond:133,True,True,518287313987054,True,True,0.665833,2,2,1,1,1,False,True
canvas_level,richmond:133,True,False,518442282496950,True,False,0.546896,1,0,1,1,0,False,True
canvas_sfm,richmond:133,True,False,518442282496950,True,False,0.547379,1,0,1,1,0,False,True
stretch,richmond:133,False,False,518442282496950,False,False,0.231681,0,0,1,0,0,False,True
canvas_level,richmond:18,False,False,518800239456018,False,False,0.153881,0,0,0,0,0,True,False
canvas_sfm,richmond:18,False,False,518800239456018,False,False,0.153899,0,0,0,0,0,True,False
stretch,richmond:18,False,False,518800239456018,False,False,0.0,0,0,0,0,0,True,False
canvas_level,richmond:21,False,False,519235042432382,False,False,0.199913,0,0,0,0,0,True,False
canvas_sfm,richmond:21,False,False,519235042432382,False,False,0.119789,0,0,0,0,0,True,False
stretch,richmond:21,True,False,519235042432382,False,False,0.511033,1,0,0,0,0,True,False
canvas_level,richmond:84,False,False,519379565870501,False,False,0.0,0,0,0,0,0,True,False
canvas_sfm,richmond:84,False,False,519379565870501,False,False,0.0,0,0,0,0,0,True,False
stretch,richmond:84,False,False,519379565870501,False,False,0.0,0,0,0,0,0,True,False
canvas_level,richmond:133,True,False,519833419042280,True,False,0.455791,1,0,1,1,0,False,True
canvas_sfm,richmond:133,True,False,519833419042280,True,False,0.49449,1,0,1,1,0,False,True
stretch,richmond:133,False,False,519833419042280,False,False,0.103453,0,0,1,0,0,False,True
canvas_level,richmond:128,False,False,519880992504793,False,False,0.113317,0,0,0,0,0,False,False
canvas_sfm,richmond:128,False,False,519880992504793,False,False,0.13484,0,0,0,0,0,False,False
stretch,richmond:128,False,False,519880992504793,False,False,0.279724,0,0,0,0,0,False,False
canvas_level,richmond:47,False,False,520275202336619,False,False,0.0,0,0,0,0,0,True,False
canvas_sfm,richmond:47,False,False,520275202336619,False,False,0.0,0,0,0,0,0,True,False
stretch,richmond:47,False,False,520275202336619,False,False,0.126828,0,0,0,0,0,True,False
canvas_level,richmond:148,False,False,521314145679243,False,False,0.0,0,0,0,0,0,True,False
canvas_sfm,richmond:148,False,False,521314145679243,False,False,0.129398,0,0,0,0,0,True,False
stretch,richmond:148,False,False,521314145679243,False,False,0.0,0,0,0,0,0,True,False
canvas_level,richmond:34,True,False,521342772224903,False,False,0.306711,1,0,0,0,0,True,False
canvas_sfm,richmond:34,False,False,521342772224903,False,False,0.283192,0,0,0,0,0,True,False
stretch,richmond:34,False,False,521342772224903,False,False,0.241973,0,0,0,0,0,True,False
canvas_level,richmond:33,False,False,522943398728320,False,False,0.103826,0,0,0,0,0,True,False
canvas_sfm,richmond:33,False,False,522943398728320,False,False,0.10889,0,0,0,0,0,True,False
stretch,richmond:33,False,False,522943398728320,False,False,0.181662,0,0,0,0,0,True,False
canvas_level,richmond:19,False,False,523659162409609,False,False,0.0,0,0,0,0,0,True,False
canvas_sfm,richmond:19,False,False,523659162409609,False,False,0.0,0,0,0,0,0,True,False
stretch,richmond:19,True,True,523659162409609,False,False,0.64087,6,1,0,0,0,True,False
canvas_level,richmond:188,False,False,524988298658094,False,False,0.0,0,0,0,0,0,True,False
canvas_sfm,richmond:188,False,False,524988298658094,False,False,0.0,0,0,0,0,0,True,False
stretch,richmond:188,False,False,524988298658094,False,False,0.0,0,0,0,0,0,True,False
canvas_level,richmond:169,False,False,525094965168386,False,False,0.15937,0,0,0,0,0,True,False
canvas_sfm,richmond:169,False,False,525094965168386,False,False,0.0,0,0,0,0,0,True,False
stretch,richmond:169,False,False,525094965168386,False,False,0.0,0,0,0,0,0,True,False
canvas_level,richmond:134,True,False,525622091946850,False,False,0.331489,1,0,1,0,0,False,True
canvas_sfm,richmond:134,False,False,525622091946850,False,False,0.242286,0,0,1,0,0,False,True
stretch,richmond:134,True,True,525622091946850,False,False,0.605263,1,1,1,0,0,False,True
canvas_level,richmond:201,False,False,525662995126293,False,False,0.0,0,0,0,0,0,False,False
canvas_sfm,richmond:201,False,False,525662995126293,False,False,0.0,0,0,0,0,0,False,False
stretch,richmond:201,True,True,525662995126293,False,False,0.625138,2,1,0,0,0,False,False
canvas_level,richmond:197,True,True,525745223187456,False,False,0.860804,1,1,0,0,0,True,False
canvas_sfm,richmond:197,True,True,525745223187456,False,False,0.944757,2,1,0,0,0,True,False
stretch,richmond:197,True,True,525745223187456,False,False,0.871144,1,1,0,0,0,True,False
canvas_level,richmond:235,False,False,526052985094695,False,False,0.109349,0,0,0,0,0,True,False
canvas_sfm,richmond:235,False,False,526052985094695,False,False,0.107548,0,0,0,0,0,True,False
stretch,richmond:235,False,False,526052985094695,False,False,0.20723,0,0,0,0,0,True,False
canvas_level,richmond:134,False,False,526803438728952,False,False,0.218379,0,0,0,0,0,False,False
canvas_sfm,richmond:134,False,False,526803438728952,False,False,0.229648,0,0,0,0,0,False,False
stretch,richmond:134,False,False,526803438728952,False,False,0.248263,0,0,0,0,0,False,False
canvas_level,richmond:6,False,False,528604798335433,False,False,0.0,0,0,0,0,0,False,False
canvas_sfm,richmond:6,False,False,528604798335433,False,False,0.0,0,0,0,0,0,False,False
stretch,richmond:6,False,False,528604798335433,False,False,0.0,0,0,0,0,0,False,False
canvas_level,richmond:15,False,False,531334204917563,False,False,0.0,0,0,0,0,0,True,False
canvas_sfm,richmond:15,False,False,531334204917563,False,False,0.0,0,0,0,0,0,True,False
stretch,richmond:15,True,False,531334204917563,False,False,0.309527,2,0,0,0,0,True,False
canvas_level,richmond:149,False,False,531684438179913,False,False,0.0,0,0,0,0,0,False,False
canvas_sfm,richmond:149,False,False,531684438179913,False,False,0.136716,0,0,0,0,0,False,False
stretch,richmond:149,False,False,531684438179913,False,False,0.0,0,0,0,0,0,False,False
canvas_level,richmond:19,False,False,532090671543391,False,False,0.0,0,0,0,0,0,False,False
canvas_sfm,richmond:19,False,False,532090671543391,False,False,0.0,0,0,0,0,0,False,False
stretch,richmond:19,False,False,532090671543391,False,False,0.186921,0,0,0,0,0,False,False
canvas_level,richmond:52,False,False,532146831289058,False,False,0.0,0,0,1,0,0,False,True
canvas_sfm,richmond:52,False,False,532146831289058,False,False,0.0,0,0,1,0,0,False,True
stretch,richmond:52,False,False,532146831289058,False,False,0.286207,0,0,1,0,0,False,True
canvas_level,richmond:168,False,False,532552524570795,False,False,0.299102,0,0,0,0,0,False,False
canvas_sfm,richmond:168,False,False,532552524570795,False,False,0.236063,0,0,0,0,0,False,False
stretch,richmond:168,True,False,532552524570795,False,False,0.323725,1,0,0,1,0,False,False
canvas_level,richmond:201,False,False,532765224746294,False,False,0.0,0,0,0,0,0,False,False
canvas_sfm,richmond:201,False,False,532765224746294,False,False,0.0,0,0,0,0,0,False,False
stretch,richmond:201,False,False,532765224746294,False,False,0.0,0,0,0,0,0,False,False
canvas_level,richmond:252,False,False,533022494773313,False,False,0.217006,0,0,1,0,0,False,True
canvas_sfm,richmond:252,False,False,533022494773313,False,False,0.210799,0,0,1,0,0,False,True
stretch,richmond:252,True,False,533022494773313,False,False,0.329853,1,0,1,0,0,False,True
canvas_level,richmond:231,False,False,533326739359946,False,False,0.0,0,0,0,0,0,True,False
canvas_sfm,richmond:231,False,False,533326739359946,False,False,0.0,0,0,0,0,0,True,False
stretch,richmond:231,False,False,533326739359946,False,False,0.143592,0,0,0,0,0,True,False
canvas_level,richmond:146,False,False,534028659033255,False,False,0.0,0,0,0,0,0,True,False
canvas_sfm,richmond:146,False,False,534028659033255,False,False,0.102134,0,0,0,0,0,True,False
stretch,richmond:146,False,False,534028659033255,False,False,0.0,0,0,0,0,0,True,False
canvas_level,richmond:18,False,False,536149964052673,False,False,0.0,0,0,0,0,0,False,False
canvas_sfm,richmond:18,False,False,536149964052673,False,False,0.0,0,0,0,0,0,False,False
stretch,richmond:18,False,False,536149964052673,False,False,0.0,0,0,0,0,0,False,False
canvas_level,richmond:95,False,False,537305115425176,False,False,0.0,0,0,0,0,0,True,False
canvas_sfm,richmond:95,False,False,537305115425176,False,False,0.0,0,0,0,0,0,True,False
stretch,richmond:95,False,False,537305115425176,False,False,0.176137,0,0,0,0,0,True,False
canvas_level,richmond:85,False,False,537927514033260,False,False,0.0,0,0,0,0,0,False,False
canvas_sfm,richmond:85,False,False,537927514033260,False,False,0.0,0,0,0,0,0,False,False
stretch,richmond:85,False,False,537927514033260,False,False,0.0,0,0,0,0,0,False,False
canvas_level,richmond:40,False,False,538106882613336,False,False,0.0,0,0,0,0,0,False,False
canvas_sfm,richmond:40,False,False,538106882613336,False,False,0.128373,0,0,0,0,0,False,False
stretch,richmond:40,True,False,538106882613336,False,False,0.378451,1,0,0,1,0,False,False
canvas_level,richmond:195,True,False,542840144530130,False,False,0.360589,1,0,1,1,0,False,True
canvas_sfm,richmond:195,True,False,542840144530130,True,False,0.315026,1,0,1,1,0,False,True
stretch,richmond:195,False,False,542840144530130,False,False,0.187123,0,0,1,0,0,False,True
canvas_level,richmond:148,False,False,542857857089759,False,False,0.0,0,0,0,0,0,True,False
canvas_sfm,richmond:148,False,False,542857857089759,False,False,0.178652,0,0,0,0,0,True,False
stretch,richmond:148,False,False,542857857089759,False,False,0.11024,0,0,0,0,0,True,False
canvas_level,richmond:18,False,False,547382379577718,False,False,0.1489,0,0,0,0,0,False,False
canvas_sfm,richmond:18,False,False,547382379577718,False,False,0.150002,0,0,0,0,0,False,False
stretch,richmond:18,True,False,547382379577718,False,False,0.415567,2,0,0,0,0,False,False
canvas_level,richmond:6,False,False,547618691654178,False,False,0.16355,0,0,1,0,0,False,True
canvas_sfm,richmond:6,False,False,547618691654178,False,False,0.204026,0,0,1,0,0,False,True
stretch,richmond:6,True,False,547618691654178,True,False,0.369207,1,0,1,1,0,False,True
canvas_level,richmond:35,False,False,547950462897013,False,False,0.211137,0,0,0,0,0,True,False
canvas_sfm,richmond:35,False,False,547950462897013,False,False,0.193542,0,0,0,0,0,True,False
stretch,richmond:35,False,False,547950462897013,False,False,0.275607,0,0,0,0,0,True,False
canvas_level,richmond:6,False,False,548845268178360,False,False,0.143244,0,0,0,0,0,False,False
canvas_sfm,richmond:6,False,False,548845268178360,False,False,0.168435,0,0,0,0,0,False,False
stretch,richmond:6,False,False,548845268178360,False,False,0.1756,0,0,0,0,0,False,False
canvas_level,richmond:99,False,False,549454501461897,False,False,0.223843,0,0,0,0,0,False,False
canvas_sfm,richmond:99,False,False,549454501461897,False,False,0.223843,0,0,0,0,0,False,False
stretch,richmond:99,True,False,549454501461897,False,False,0.316791,2,0,0,0,0,False,False
canvas_level,richmond:75,False,False,551524915886779,False,False,0.0,0,0,0,0,0,True,False
canvas_sfm,richmond:75,False,False,551524915886779,False,False,0.0,0,0,0,0,0,True,False
stretch,richmond:75,False,False,551524915886779,False,False,0.161016,0,0,0,0,0,True,False
canvas_level,richmond:170,False,False,552545184612554,False,False,0.107346,0,0,0,0,0,True,False
canvas_sfm,richmond:170,False,False,552545184612554,False,False,0.107346,0,0,0,0,0,True,False
stretch,richmond:170,False,False,552545184612554,False,False,0.0,0,0,0,0,0,True,False
canvas_level,richmond:19,False,False,552604772420260,False,False,0.0,0,0,0,0,0,True,False
canvas_sfm,richmond:19,False,False,552604772420260,False,False,0.0,0,0,0,0,0,True,False
stretch,richmond:19,False,False,552604772420260,False,False,0.0,0,0,0,0,0,True,False
canvas_level,richmond:21,False,False,5530200120355246,False,False,0.11208,0,0,1,0,0,False,True
canvas_sfm,richmond:21,False,False,5530200120355246,False,False,0.113851,0,0,1,0,0,False,True
stretch,richmond:21,False,False,5530200120355246,False,False,0.0,0,0,1,0,0,False,True
canvas_level,richmond:184,False,False,553537929356370,False,False,0.0,0,0,0,0,0,True,False
canvas_sfm,richmond:184,False,False,553537929356370,False,False,0.0,0,0,0,0,0,True,False
stretch,richmond:184,False,False,553537929356370,False,False,0.190163,0,0,0,0,0,True,False
canvas_level,richmond:103,False,False,553978668919249,False,False,0.246325,0,0,0,0,0,False,False
canvas_sfm,richmond:103,False,False,553978668919249,False,False,0.25415,0,0,0,0,0,False,False
stretch,richmond:103,True,False,553978668919249,False,False,0.408839,2,0,0,0,0,False,False
canvas_level,richmond:188,False,False,556483017259001,False,False,0.134937,0,0,0,0,0,True,False
canvas_sfm,richmond:188,False,False,556483017259001,False,False,0.145964,0,0,0,0,0,True,False
stretch,richmond:188,False,False,556483017259001,False,False,0.0,0,0,0,0,0,True,False
canvas_level,richmond:145,False,False,559849678317840,False,False,0.0,0,0,0,0,0,True,False
canvas_sfm,richmond:145,False,False,559849678317840,False,False,0.0,0,0,0,0,0,True,False
stretch,richmond:145,False,False,559849678317840,False,False,0.101295,0,0,0,0,0,True,False
canvas_level,richmond:26,False,False,562864058026328,False,False,0.296526,0,0,0,0,0,False,False
canvas_sfm,richmond:26,False,False,562864058026328,False,False,0.11348,0,0,0,0,0,False,False
stretch,richmond:26,False,False,562864058026328,False,False,0.0,0,0,0,0,0,False,False
canvas_level,richmond:99,False,False,563295056671521,False,False,0.0,0,0,0,0,0,True,False
canvas_sfm,richmond:99,False,False,563295056671521,False,False,0.0,0,0,0,0,0,True,False
stretch,richmond:99,False,False,563295056671521,False,False,0.0,0,0,0,0,0,True,False
canvas_level,richmond:85,False,False,563978535008138,False,False,0.0,0,0,1,0,0,False,True
canvas_sfm,richmond:85,False,False,563978535008138,False,False,0.0,0,0,1,0,0,False,True
stretch,richmond:85,False,False,563978535008138,False,False,0.145611,0,0,1,0,0,False,True
canvas_level,richmond:188,False,False,565523682960669,False,False,0.22322,0,0,0,0,0,True,False
canvas_sfm,richmond:188,False,False,565523682960669,False,False,0.263426,0,0,0,0,0,True,False
stretch,richmond:188,False,False,565523682960669,False,False,0.0,0,0,0,0,0,True,False
canvas_level,richmond:33,False,False,567463884237962,False,False,0.0,0,0,0,0,0,False,False
canvas_sfm,richmond:33,False,False,567463884237962,False,False,0.115923,0,0,0,0,0,False,False
stretch,richmond:33,False,False,567463884237962,False,False,0.0,0,0,0,0,0,False,False
canvas_level,richmond:17,False,False,568586114105536,False,False,0.110916,0,0,0,0,0,False,False
canvas_sfm,richmond:17,False,False,568586114105536,False,False,0.0,0,0,0,0,0,False,False
stretch,richmond:17,False,False,568586114105536,False,False,0.222297,0,0,0,0,0,False,False
canvas_level,richmond:38,False,False,568930472815993,False,False,0.271016,0,0,0,0,0,True,False
canvas_sfm,richmond:38,False,False,568930472815993,False,False,0.128731,0,0,0,0,0,True,False
stretch,richmond:38,False,False,568930472815993,False,False,0.29408,0,0,0,0,0,True,False
canvas_level,richmond:221,False,False,571690315867898,False,False,0.0,0,0,0,0,0,True,False
canvas_sfm,richmond:221,False,False,571690315867898,False,False,0.0,0,0,0,0,0,True,False
stretch,richmond:221,False,False,571690315867898,False,False,0.0,0,0,0,0,0,True,False
canvas_level,richmond:153,True,False,573853116918502,False,False,0.321425,1,0,0,0,0,True,False
canvas_sfm,richmond:153,True,False,573853116918502,False,False,0.320955,1,0,0,0,0,True,False
stretch,richmond:153,False,False,573853116918502,False,False,0.141718,0,0,0,0,0,True,False
canvas_level,richmond:75,False,False,574019055506714,False,False,0.0,0,0,1,0,0,False,True
canvas_sfm,richmond:75,False,False,574019055506714,False,False,0.0,0,0,1,0,0,False,True
stretch,richmond:75,False,False,574019055506714,False,False,0.0,0,0,1,0,0,False,True
canvas_level,richmond:252,False,False,577513659891696,False,False,0.0,0,0,0,0,0,True,False
canvas_sfm,richmond:252,False,False,577513659891696,False,False,0.0,0,0,0,0,0,True,False
stretch,richmond:252,False,False,577513659891696,False,False,0.0,0,0,0,0,0,True,False
canvas_level,richmond:24,False,False,578230651699892,False,False,0.0,0,0,0,0,0,True,False
canvas_sfm,richmond:24,False,False,578230651699892,False,False,0.0,0,0,0,0,0,True,False
stretch,richmond:24,False,False,578230651699892,False,False,0.127609,0,0,0,0,0,True,False
canvas_level,richmond:99,False,False,581003024936836,False,False,0.0,0,0,0,0,0,True,False
canvas_sfm,richmond:99,False,False,581003024936836,False,False,0.0,0,0,0,0,0,True,False
stretch,richmond:99,False,False,581003024936836,False,False,0.0,0,0,0,0,0,True,False
canvas_level,richmond:222,False,False,582000361332461,False,False,0.28418,0,0,0,0,0,False,False
canvas_sfm,richmond:222,True,False,582000361332461,False,False,0.306042,1,0,0,0,0,False,False
stretch,richmond:222,True,True,582000361332461,False,False,0.81162,1,1,0,0,0,False,False
canvas_level,richmond:7,False,False,582513409381894,False,False,0.0,0,0,0,0,0,True,False
canvas_sfm,richmond:7,False,False,582513409381894,False,False,0.0,0,0,0,0,0,True,False
stretch,richmond:7,False,False,582513409381894,False,False,0.236591,0,0,0,0,0,True,False
canvas_level,richmond:235,False,False,582692262715409,False,False,0.0,0,0,0,0,0,True,False
canvas_sfm,richmond:235,False,False,582692262715409,False,False,0.0,0,0,0,0,0,True,False
stretch,richmond:235,False,False,582692262715409,False,False,0.0,0,0,0,0,0,True,False
canvas_level,richmond:195,False,False,582729877307383,False,False,0.0,0,0,0,0,0,True,False
canvas_sfm,richmond:195,False,False,582729877307383,False,False,0.0,0,0,0,0,0,True,False
stretch,richmond:195,False,False,582729877307383,False,False,0.0,0,0,0,0,0,True,False
canvas_level,richmond:170,False,False,583357798185288,False,False,0.29925,0,0,1,0,0,False,True
canvas_sfm,richmond:170,True,False,583357798185288,False,False,0.361411,1,0,1,0,0,False,True
stretch,richmond:170,True,True,583357798185288,False,False,0.63868,1,1,1,0,0,False,True
canvas_level,richmond:159,False,False,583443069209962,False,False,0.0,0,0,0,0,0,True,False
canvas_sfm,richmond:159,False,False,583443069209962,False,False,0.0,0,0,0,0,0,True,False
stretch,richmond:159,False,False,583443069209962,False,False,0.0,0,0,0,0,0,True,False
canvas_level,richmond:127,False,False,584015242584085,False,False,0.0,0,0,1,0,0,False,True
canvas_sfm,richmond:127,False,False,584015242584085,False,False,0.0,0,0,1,0,0,False,True
stretch,richmond:127,False,False,584015242584085,False,False,0.0,0,0,1,0,0,False,True
canvas_level,richmond:186,False,False,586305262331073,False,False,0.0,0,0,1,0,0,False,True
canvas_sfm,richmond:186,False,False,586305262331073,False,False,0.0,0,0,1,0,0,False,True
stretch,richmond:186,False,False,586305262331073,False,False,0.0,0,0,1,0,0,False,True
canvas_level,richmond:18,True,False,588097662155324,False,False,0.374222,1,0,0,0,0,True,False
canvas_sfm,richmond:18,True,False,588097662155324,False,False,0.374222,1,0,0,0,0,True,False
stretch,richmond:18,True,True,588097662155324,False,False,0.728939,7,1,0,0,0,True,False
canvas_level,richmond:38,False,False,588265717352858,False,False,0.122943,0,0,0,0,0,True,False
canvas_sfm,richmond:38,False,False,588265717352858,False,False,0.226897,0,0,0,0,0,True,False
stretch,richmond:38,False,False,588265717352858,False,False,0.0,0,0,0,0,0,True,False
canvas_level,richmond:149,True,False,589504982444020,False,False,0.498687,2,0,0,1,0,False,False
canvas_sfm,richmond:149,True,False,589504982444020,False,False,0.492467,1,0,0,1,0,False,False
stretch,richmond:149,True,True,589504982444020,False,False,0.70338,1,1,0,1,1,False,False
canvas_level,richmond:23,False,False,590217661860214,False,False,0.183727,0,0,0,0,0,True,False
canvas_sfm,richmond:23,False,False,590217661860214,False,False,0.155087,0,0,0,0,0,True,False
stretch,richmond:23,False,False,590217661860214,False,False,0.0,0,0,0,0,0,True,False
canvas_level,richmond:93,True,False,590984823847247,False,False,0.54214,1,0,1,0,0,False,True
canvas_sfm,richmond:93,True,False,590984823847247,False,False,0.54214,1,0,1,0,0,False,True
stretch,richmond:93,True,True,590984823847247,False,False,0.562489,1,1,1,0,0,False,True
canvas_level,richmond:0,False,False,593623820312578,False,False,0.0,0,0,0,0,0,True,False
canvas_sfm,richmond:0,False,False,593623820312578,False,False,0.0,0,0,0,0,0,True,False
stretch,richmond:0,False,False,593623820312578,False,False,0.26018,0,0,0,0,0,True,False
canvas_level,richmond:188,False,False,594614346548598,False,False,0.109851,0,0,0,0,0,True,False
canvas_sfm,richmond:188,False,False,594614346548598,False,False,0.0,0,0,0,0,0,True,False
stretch,richmond:188,False,False,594614346548598,False,False,0.0,0,0,0,0,0,True,False
canvas_level,richmond:11,False,False,595952743455272,False,False,0.0,0,0,1,0,0,False,True
canvas_sfm,richmond:11,False,False,595952743455272,False,False,0.0,0,0,1,0,0,False,True
stretch,richmond:11,True,False,595952743455272,True,False,0.383629,6,0,1,1,0,False,True
canvas_level,richmond:127,False,False,596369286629135,False,False,0.107631,0,0,0,0,0,False,False
canvas_sfm,richmond:127,False,False,596369286629135,False,False,0.108457,0,0,0,0,0,False,False
stretch,richmond:127,False,False,596369286629135,False,False,0.114337,0,0,0,0,0,False,False
canvas_level,richmond:5,False,False,596585386542112,False,False,0.0,0,0,0,0,0,False,False
canvas_sfm,richmond:5,False,False,596585386542112,False,False,0.0,0,0,0,0,0,False,False
stretch,richmond:5,False,False,596585386542112,False,False,0.0,0,0,0,0,0,False,False
canvas_level,richmond:6,False,False,596722539812294,False,False,0.213928,0,0,0,0,0,False,False
canvas_sfm,richmond:6,False,False,596722539812294,False,False,0.199443,0,0,0,0,0,False,False
stretch,richmond:6,True,False,596722539812294,False,False,0.53988,2,0,0,1,0,False,False
canvas_level,richmond:40,False,False,596732583323737,False,False,0.198261,0,0,0,0,0,False,False
canvas_sfm,richmond:40,False,False,596732583323737,False,False,0.201539,0,0,0,0,0,False,False
stretch,richmond:40,False,False,596732583323737,False,False,0.0,0,0,0,0,0,False,False
canvas_level,richmond:0,True,False,599482122832295,False,False,0.326048,1,0,0,1,0,False,False
canvas_sfm,richmond:0,True,False,599482122832295,False,False,0.321084,1,0,0,1,0,False,False
stretch,richmond:0,True,False,599482122832295,False,False,0.34866,1,0,0,0,0,False,False
canvas_level,richmond:25,False,False,599680712820982,False,False,0.0,0,0,0,0,0,False,False
canvas_sfm,richmond:25,False,False,599680712820982,False,False,0.0,0,0,0,0,0,False,False
stretch,richmond:25,False,False,599680712820982,False,False,0.251347,0,0,0,0,0,False,False
canvas_level,richmond:132,False,False,599747162768949,False,False,0.105939,0,0,0,0,0,False,False
canvas_sfm,richmond:132,False,False,599747162768949,False,False,0.114168,0,0,0,0,0,False,False
stretch,richmond:132,False,False,599747162768949,False,False,0.0,0,0,0,0,0,False,False
canvas_level,richmond:149,False,False,599995070899520,False,False,0.0,0,0,0,0,0,False,False
canvas_sfm,richmond:149,False,False,599995070899520,False,False,0.0,0,0,0,0,0,False,False
stretch,richmond:149,False,False,599995070899520,False,False,0.0,0,0,0,0,0,False,False
canvas_level,richmond:24,False,False,601358182782350,False,False,0.0,0,0,0,0,0,True,False
canvas_sfm,richmond:24,False,False,601358182782350,False,False,0.0,0,0,0,0,0,True,False
stretch,richmond:24,False,False,601358182782350,False,False,0.0,0,0,0,0,0,True,False
canvas_level,richmond:25,False,False,602143855939706,False,False,0.180472,0,0,0,0,0,False,False
canvas_sfm,richmond:25,False,False,602143855939706,False,False,0.2111,0,0,0,0,0,False,False
stretch,richmond:25,True,False,602143855939706,False,False,0.315107,1,0,0,0,0,False,False
canvas_level,richmond:132,False,False,602283249331919,False,False,0.0,0,0,1,0,0,False,True
canvas_sfm,richmond:132,False,False,602283249331919,False,False,0.0,0,0,1,0,0,False,True
stretch,richmond:132,False,False,602283249331919,False,False,0.134536,0,0,1,0,0,False,True
canvas_level,richmond:132,False,False,602642195723619,False,False,0.124991,0,0,0,0,0,False,False
canvas_sfm,richmond:132,False,False,602642195723619,False,False,0.113328,0,0,0,0,0,False,False
stretch,richmond:132,False,False,602642195723619,False,False,0.123915,0,0,0,0,0,False,False
canvas_level,richmond:169,False,False,6027603250590561,False,False,0.165203,0,0,0,0,0,True,False
canvas_sfm,richmond:169,False,False,6027603250590561,False,False,0.0,0,0,0,0,0,True,False
stretch,richmond:169,False,False,6027603250590561,False,False,0.185034,0,0,0,0,0,True,False
canvas_level,richmond:170,False,False,604624955621439,False,False,0.0,0,0,0,0,0,False,False
canvas_sfm,richmond:170,False,False,604624955621439,False,False,0.0,0,0,0,0,0,False,False
stretch,richmond:170,False,False,604624955621439,False,False,0.0,0,0,0,0,0,False,False
canvas_level,richmond:188,True,False,605737248488630,False,False,0.317596,1,0,0,0,0,True,False
canvas_sfm,richmond:188,False,False,605737248488630,False,False,0.252548,0,0,0,0,0,True,False
stretch,richmond:188,False,False,605737248488630,False,False,0.0,0,0,0,0,0,True,False
canvas_level,richmond:95,False,False,605988675695070,False,False,0.0,0,0,0,0,0,True,False
canvas_sfm,richmond:95,False,False,605988675695070,False,False,0.0,0,0,0,0,0,True,False
stretch,richmond:95,False,False,605988675695070,False,False,0.121216,0,0,0,0,0,True,False
canvas_level,richmond:96,False,False,605988805399558,False,False,0.18174,0,0,0,0,0,False,False
canvas_sfm,richmond:96,False,False,605988805399558,False,False,0.180485,0,0,0,0,0,False,False
stretch,richmond:96,False,False,605988805399558,False,False,0.235929,0,0,0,0,0,False,False
canvas_level,richmond:188,False,False,606951732273406,False,False,0.0,0,0,0,0,0,False,False
canvas_sfm,richmond:188,False,False,606951732273406,False,False,0.0,0,0,0,0,0,False,False
stretch,richmond:188,False,False,606951732273406,False,False,0.0,0,0,0,0,0,False,False
canvas_level,richmond:40,False,False,607176968699681,False,False,0.24232,0,0,1,0,0,False,True
canvas_sfm,richmond:40,False,False,607176968699681,False,False,0.258102,0,0,1,0,0,False,True
stretch,richmond:40,False,False,607176968699681,False,False,0.156352,0,0,1,0,0,False,True
canvas_level,richmond:0,False,False,607277428685616,False,False,0.155376,0,0,1,0,0,False,True
canvas_sfm,richmond:0,False,False,607277428685616,False,False,0.195308,0,0,1,0,0,False,True
stretch,richmond:0,False,False,607277428685616,False,False,0.287583,0,0,1,0,0,False,True
canvas_level,richmond:235,False,False,607460023552540,False,False,0.0,0,0,0,0,0,True,False
canvas_sfm,richmond:235,False,False,607460023552540,False,False,0.0,0,0,0,0,0,True,False
stretch,richmond:235,True,False,607460023552540,False,False,0.418096,1,0,0,0,0,True,False
canvas_level,richmond:33,False,False,608328828595809,False,False,0.0,0,0,0,0,0,True,False
canvas_sfm,richmond:33,False,False,608328828595809,False,False,0.0,0,0,0,0,0,True,False
stretch,richmond:33,False,False,608328828595809,False,False,0.0,0,0,0,0,0,True,False
canvas_level,richmond:201,False,False,608433437236019,False,False,0.0,0,0,0,0,0,True,False
canvas_sfm,richmond:201,False,False,608433437236019,False,False,0.0,0,0,0,0,0,True,False
stretch,richmond:201,False,False,608433437236019,False,False,0.16513,0,0,0,0,0,True,False
canvas_level,richmond:30,False,False,610796803228928,False,False,0.0,0,0,0,0,0,True,False
canvas_sfm,richmond:30,False,False,610796803228928,False,False,0.0,0,0,0,0,0,True,False
stretch,richmond:30,False,False,610796803228928,False,False,0.0,0,0,0,0,0,True,False
canvas_level,richmond:99,False,False,611160664888954,False,False,0.0,0,0,0,0,0,True,False
canvas_sfm,richmond:99,False,False,611160664888954,False,False,0.105331,0,0,0,0,0,True,False
stretch,richmond:99,False,False,611160664888954,False,False,0.113458,0,0,0,0,0,True,False
canvas_level,richmond:195,False,False,6114010278696849,False,False,0.0,0,0,0,0,0,True,False
canvas_sfm,richmond:195,False,False,6114010278696849,False,False,0.0,0,0,0,0,0,True,False
stretch,richmond:195,False,False,6114010278696849,False,False,0.0,0,0,0,0,0,True,False
canvas_level,richmond:134,False,False,614523969949590,False,False,0.132209,0,0,0,0,0,True,False
canvas_sfm,richmond:134,False,False,614523969949590,False,False,0.136521,0,0,0,0,0,True,False
stretch,richmond:134,False,False,614523969949590,False,False,0.116704,0,0,0,0,0,True,False
canvas_level,richmond:108,False,False,615588672733930,False,False,0.0,0,0,0,0,0,True,False
canvas_sfm,richmond:108,False,False,615588672733930,False,False,0.0,0,0,0,0,0,True,False
stretch,richmond:108,False,False,615588672733930,False,False,0.0,0,0,0,0,0,True,False
canvas_level,richmond:40,False,False,616472451333568,False,False,0.154516,0,0,0,0,0,False,False
canvas_sfm,richmond:40,False,False,616472451333568,False,False,0.157942,0,0,0,0,0,False,False
stretch,richmond:40,True,False,616472451333568,False,False,0.419,1,0,0,1,0,False,False
canvas_level,richmond:0,False,False,616489887834571,False,False,0.123836,0,0,1,0,0,False,True
canvas_sfm,richmond:0,False,False,616489887834571,False,False,0.0,0,0,1,0,0,False,True
stretch,richmond:0,False,False,616489887834571,False,False,0.111451,0,0,1,0,0,False,True
canvas_level,richmond:115,False,False,616517941166174,False,False,0.101167,0,0,0,0,0,False,False
canvas_sfm,richmond:115,False,False,616517941166174,False,False,0.0,0,0,0,0,0,False,False
stretch,richmond:115,False,False,616517941166174,False,False,0.272062,0,0,0,0,0,False,False
canvas_level,richmond:11,False,False,617453504762313,False,False,0.144644,0,0,0,0,0,True,False
canvas_sfm,richmond:11,False,False,617453504762313,False,False,0.131813,0,0,0,0,0,True,False
stretch,richmond:11,False,False,617453504762313,False,False,0.214563,0,0,0,0,0,True,False
canvas_level,richmond:19,False,False,618579065785655,False,False,0.0,0,0,0,0,0,True,False
canvas_sfm,richmond:19,False,False,618579065785655,False,False,0.0,0,0,0,0,0,True,False
stretch,richmond:19,False,False,618579065785655,False,False,0.0,0,0,0,0,0,True,False
canvas_level,richmond:191,False,False,620057110076391,False,False,0.0,0,0,1,0,0,False,True
canvas_sfm,richmond:191,False,False,620057110076391,False,False,0.0,0,0,1,0,0,False,True
stretch,richmond:191,False,False,620057110076391,False,False,0.11621,0,0,1,0,0,False,True
canvas_level,richmond:11,False,False,623090123918594,False,False,0.128578,0,0,1,0,0,False,True
canvas_sfm,richmond:11,False,False,623090123918594,False,False,0.14208,0,0,1,0,0,False,True
stretch,richmond:11,True,False,623090123918594,True,False,0.319416,2,0,1,1,0,False,True
canvas_level,richmond:24,False,False,624807653295596,False,False,0.0,0,0,0,0,0,True,False
canvas_sfm,richmond:24,False,False,624807653295596,False,False,0.0,0,0,0,0,0,True,False
stretch,richmond:24,False,False,624807653295596,False,False,0.119007,0,0,0,0,0,True,False
canvas_level,richmond:0,False,False,625416953284050,False,False,0.0,0,0,0,0,0,True,False
canvas_sfm,richmond:0,False,False,625416953284050,False,False,0.0,0,0,0,0,0,True,False
stretch,richmond:0,False,False,625416953284050,False,False,0.165408,0,0,0,0,0,True,False
canvas_level,richmond:222,False,False,626992056720108,False,False,0.0,0,0,1,0,0,False,True
canvas_sfm,richmond:222,False,False,626992056720108,False,False,0.0,0,0,1,0,0,False,True
stretch,richmond:222,True,False,626992056720108,False,False,0.409862,1,0,1,0,0,False,True
canvas_level,richmond:144,False,False,627535626339035,False,False,0.113759,0,0,0,0,0,False,False
canvas_sfm,richmond:144,False,False,627535626339035,False,False,0.125372,0,0,0,0,0,False,False
stretch,richmond:144,False,False,627535626339035,False,False,0.0,0,0,0,0,0,False,False
canvas_level,richmond:146,False,False,627555469928266,False,False,0.0,0,0,0,0,0,True,False
canvas_sfm,richmond:146,False,False,627555469928266,False,False,0.123213,0,0,0,0,0,True,False
stretch,richmond:146,False,False,627555469928266,False,False,0.0,0,0,0,0,0,True,False
canvas_level,richmond:8,False,False,628638379967401,False,False,0.131231,0,0,0,0,0,True,False
canvas_sfm,richmond:8,False,False,628638379967401,False,False,0.150622,0,0,0,0,0,True,False
stretch,richmond:8,False,False,628638379967401,False,False,0.240556,0,0,0,0,0,True,False
canvas_level,richmond:127,False,False,628753096311786,False,False,0.0,0,0,0,0,0,True,False
canvas_sfm,richmond:127,False,False,628753096311786,False,False,0.0,0,0,0,0,0,True,False
stretch,richmond:127,False,False,628753096311786,False,False,0.0,0,0,0,0,0,True,False
canvas_level,richmond:8,True,True,628911003620537,True,True,0.635027,1,1,1,1,1,False,True
canvas_sfm,richmond:8,True,False,628911003620537,True,False,0.543407,1,0,1,1,0,False,True
stretch,richmond:8,True,True,628911003620537,False,False,0.594733,1,1,1,1,1,False,True
canvas_level,richmond:7,False,False,629964359435116,False,False,0.138889,0,0,0,0,0,True,False
canvas_sfm,richmond:7,False,False,629964359435116,False,False,0.115775,0,0,0,0,0,True,False
stretch,richmond:7,False,False,629964359435116,False,False,0.0,0,0,0,0,0,True,False
canvas_level,richmond:93,False,False,630432926307236,False,False,0.162355,0,0,1,0,0,False,True
canvas_sfm,richmond:93,False,False,630432926307236,False,False,0.162355,0,0,1,0,0,False,True
stretch,richmond:93,False,False,630432926307236,False,False,0.17174,0,0,1,0,0,False,True
canvas_level,richmond:38,False,False,630693253048439,False,False,0.225193,0,0,0,0,0,True,False
canvas_sfm,richmond:38,False,False,630693253048439,False,False,0.247428,0,0,0,0,0,True,False
stretch,richmond:38,False,False,630693253048439,False,False,0.245053,0,0,0,0,0,True,False
canvas_level,richmond:93,False,False,634001899295030,False,False,0.170346,0,0,1,0,0,False,True
canvas_sfm,richmond:93,False,False,634001899295030,False,False,0.170346,0,0,1,0,0,False,True
stretch,richmond:93,True,False,634001899295030,False,False,0.446008,1,0,1,0,0,False,True
canvas_level,richmond:144,False,False,635390978850513,False,False,0.0,0,0,0,0,0,False,False
canvas_sfm,richmond:144,False,False,635390978850513,False,False,0.0,0,0,0,0,0,False,False
stretch,richmond:144,False,False,635390978850513,False,False,0.174,0,0,0,0,0,False,False
canvas_level,richmond:38,False,False,636847065582186,False,False,0.235815,0,0,0,0,0,True,False
canvas_sfm,richmond:38,False,False,636847065582186,False,False,0.134986,0,0,0,0,0,True,False
stretch,richmond:38,True,False,636847065582186,False,False,0.488389,1,0,0,0,0,True,False
canvas_level,richmond:93,False,False,638673561935184,False,False,0.143023,0,0,0,0,0,False,False
canvas_sfm,richmond:93,False,False,638673561935184,False,False,0.173977,0,0,0,0,0,False,False
stretch,richmond:93,True,True,638673561935184,False,False,0.861405,1,1,0,1,1,False,False
canvas_level,richmond:99,False,False,640649371961483,False,False,0.0,0,0,0,0,0,False,False
canvas_sfm,richmond:99,False,False,640649371961483,False,False,0.0,0,0,0,0,0,False,False
stretch,richmond:99,False,False,640649371961483,False,False,0.0,0,0,0,0,0,False,False
canvas_level,richmond:195,False,False,642759560740159,False,False,0.0,0,0,0,0,0,True,False
canvas_sfm,richmond:195,False,False,642759560740159,False,False,0.0,0,0,0,0,0,True,False
stretch,richmond:195,False,False,642759560740159,False,False,0.0,0,0,0,0,0,True,False
canvas_level,richmond:132,False,False,646989834517523,False,False,0.128578,0,0,0,0,0,False,False
canvas_sfm,richmond:132,False,False,646989834517523,False,False,0.131408,0,0,0,0,0,False,False
stretch,richmond:132,False,False,646989834517523,False,False,0.0,0,0,0,0,0,False,False
canvas_level,richmond:144,False,False,647566361047059,False,False,0.0,0,0,0,0,0,False,False
canvas_sfm,richmond:144,False,False,647566361047059,False,False,0.0,0,0,0,0,0,False,False
stretch,richmond:144,False,False,647566361047059,False,False,0.153118,0,0,0,0,0,False,False
canvas_level,richmond:95,False,False,648000357684532,False,False,0.0,0,0,0,0,0,True,False
canvas_sfm,richmond:95,False,False,648000357684532,False,False,0.0,0,0,0,0,0,True,False
stretch,richmond:95,False,False,648000357684532,False,False,0.0,0,0,0,0,0,True,False
canvas_level,richmond:191,False,False,648022270132445,False,False,0.0,0,0,1,0,0,False,True
canvas_sfm,richmond:191,False,False,648022270132445,False,False,0.0,0,0,1,0,0,False,True
stretch,richmond:191,False,False,648022270132445,False,False,0.0,0,0,1,0,0,False,True
canvas_level,richmond:25,True,False,651125554034992,True,False,0.518355,1,0,1,1,0,False,True
canvas_sfm,richmond:25,True,False,651125554034992,True,False,0.499586,1,0,1,1,0,False,True
stretch,richmond:25,True,True,651125554034992,True,True,0.633289,3,1,1,1,1,False,True
canvas_level,richmond:99,False,False,651385987330657,False,False,0.0,0,0,0,0,0,True,False
canvas_sfm,richmond:99,False,False,651385987330657,False,False,0.0,0,0,0,0,0,True,False
stretch,richmond:99,False,False,651385987330657,False,False,0.120671,0,0,0,0,0,True,False
canvas_level,richmond:24,False,False,653896946987244,False,False,0.0,0,0,0,0,0,True,False
canvas_sfm,richmond:24,False,False,653896946987244,False,False,0.0,0,0,0,0,0,True,False
stretch,richmond:24,False,False,653896946987244,False,False,0.0,0,0,0,0,0,True,False
canvas_level,richmond:11,False,False,655289177030611,False,False,0.129535,0,0,0,0,0,True,False
canvas_sfm,richmond:11,False,False,655289177030611,False,False,0.149471,0,0,0,0,0,True,False
stretch,richmond:11,False,False,655289177030611,False,False,0.0,0,0,0,0,0,True,False
canvas_level,richmond:7,False,False,655917426949976,False,False,0.181291,0,0,0,0,0,True,False
canvas_sfm,richmond:7,False,False,655917426949976,False,False,0.141576,0,0,0,0,0,True,False
stretch,richmond:7,False,False,655917426949976,False,False,0.101977,0,0,0,0,0,True,False
canvas_level,richmond:151,True,False,656920603296882,False,False,0.416298,1,0,0,1,0,False,False
canvas_sfm,richmond:151,True,False,656920603296882,False,False,0.3561,1,0,0,1,0,False,False
stretch,richmond:151,True,True,656920603296882,False,False,0.681429,2,2,0,2,2,False,False
canvas_level,richmond:188,False,False,658627384976396,False,False,0.0,0,0,0,0,0,False,False
canvas_sfm,richmond:188,False,False,658627384976396,False,False,0.0,0,0,0,0,0,False,False
stretch,richmond:188,False,False,658627384976396,False,False,0.0,0,0,0,0,0,False,False
canvas_level,richmond:99,False,False,664649845889220,False,False,0.143317,0,0,0,0,0,True,False
canvas_sfm,richmond:99,False,False,664649845889220,False,False,0.13196,0,0,0,0,0,True,False
stretch,richmond:99,False,False,664649845889220,False,False,0.0,0,0,0,0,0,True,False
canvas_level,richmond:18,False,False,665728046588341,False,False,0.145526,0,0,0,0,0,True,False
canvas_sfm,richmond:18,False,False,665728046588341,False,False,0.137682,0,0,0,0,0,True,False
stretch,richmond:18,False,False,665728046588341,False,False,0.0,0,0,0,0,0,True,False
canvas_level,richmond:19,False,False,665775474286615,False,False,0.0,0,0,0,0,0,False,False
canvas_sfm,richmond:19,False,False,665775474286615,False,False,0.0,0,0,0,0,0,False,False
stretch,richmond:19,False,False,665775474286615,False,False,0.0,0,0,0,0,0,False,False
canvas_level,richmond:221,False,False,671330303688404,False,False,0.0,0,0,0,0,0,True,False
canvas_sfm,richmond:221,False,False,671330303688404,False,False,0.0,0,0,0,0,0,True,False
stretch,richmond:221,False,False,671330303688404,False,False,0.12191,0,0,0,0,0,True,False
canvas_level,richmond:136,False,False,672071710236522,False,False,0.0,0,0,0,0,0,True,False
canvas_sfm,richmond:136,False,False,672071710236522,False,False,0.104019,0,0,0,0,0,True,False
stretch,richmond:136,True,False,672071710236522,False,False,0.402204,1,0,0,0,0,True,False
canvas_level,richmond:8,False,False,674463958249003,False,False,0.0,0,0,0,0,0,True,False
canvas_sfm,richmond:8,False,False,674463958249003,False,False,0.10147,0,0,0,0,0,True,False
stretch,richmond:8,False,False,674463958249003,False,False,0.166866,0,0,0,0,0,True,False
canvas_level,richmond:144,False,False,679515489496849,False,False,0.171417,0,0,0,0,0,False,False
canvas_sfm,richmond:144,False,False,679515489496849,False,False,0.141447,0,0,0,0,0,False,False
stretch,richmond:144,True,True,679515489496849,False,False,0.58389,1,1,0,0,0,False,False
canvas_level,richmond:158,False,False,680938589379519,False,False,0.193585,0,0,0,0,0,False,False
canvas_sfm,richmond:158,False,False,680938589379519,False,False,0.20169,0,0,0,0,0,False,False
stretch,richmond:158,False,False,680938589379519,False,False,0.147037,0,0,0,0,0,False,False
canvas_level,richmond:8,False,False,694422990317307,False,False,0.0,0,0,1,0,0,False,True
canvas_sfm,richmond:8,False,False,694422990317307,False,False,0.0,0,0,1,0,0,False,True
stretch,richmond:8,False,False,694422990317307,False,False,0.0,0,0,1,0,0,False,True
canvas_level,richmond:11,False,False,704957742573492,False,False,0.120591,0,0,1,0,0,False,True
canvas_sfm,richmond:11,False,False,704957742573492,False,False,0.158991,0,0,1,0,0,False,True
stretch,richmond:11,False,False,704957742573492,False,False,0.149666,0,0,1,0,0,False,True
canvas_level,richmond:242,True,True,709471477938713,False,False,0.774962,3,1,0,1,1,False,False
canvas_sfm,richmond:242,True,True,709471477938713,False,False,0.788281,3,1,0,1,1,False,False
stretch,richmond:242,True,True,709471477938713,False,False,0.849706,2,2,0,1,1,False,False
canvas_level,richmond:8,False,False,709913845342496,False,False,0.0,0,0,0,0,0,True,False
canvas_sfm,richmond:8,False,False,709913845342496,False,False,0.0,0,0,0,0,0,True,False
stretch,richmond:8,True,True,709913845342496,False,False,0.670194,1,1,0,0,0,True,False
canvas_level,richmond:242,True,True,722591029930801,True,True,0.873465,3,3,2,3,3,False,True
canvas_sfm,richmond:242,True,True,722591029930801,True,True,0.954346,3,3,2,3,3,False,True
stretch,richmond:242,True,True,722591029930801,True,True,0.877426,3,2,2,2,1,False,True
canvas_level,richmond:191,False,False,735166221942561,False,False,0.0,0,0,1,0,0,False,True
canvas_sfm,richmond:191,False,False,735166221942561,False,False,0.0,0,0,1,0,0,False,True
stretch,richmond:191,False,False,735166221942561,False,False,0.0,0,0,1,0,0,False,True
canvas_level,richmond:52,False,False,737863610242413,False,False,0.127003,0,0,0,0,0,True,False
canvas_sfm,richmond:52,False,False,737863610242413,False,False,0.124025,0,0,0,0,0,True,False
stretch,richmond:52,False,False,737863610242413,False,False,0.137036,0,0,0,0,0,True,False
canvas_level,richmond:203,True,False,740736493267530,False,False,0.362536,1,0,0,0,0,True,False
canvas_sfm,richmond:203,False,False,740736493267530,False,False,0.17477,0,0,0,0,0,True,False
stretch,richmond:203,False,False,740736493267530,False,False,0.206338,0,0,0,0,0,True,False
canvas_level,richmond:11,False,False,741016392096721,False,False,0.0,0,0,1,0,0,False,True
canvas_sfm,richmond:11,False,False,741016392096721,False,False,0.103715,0,0,1,0,0,False,True
stretch,richmond:11,False,False,741016392096721,False,False,0.181276,0,0,1,0,0,False,True
canvas_level,richmond:11,False,False,742040828675315,False,False,0.0,0,0,0,0,0,True,False
canvas_sfm,richmond:11,False,False,742040828675315,False,False,0.100993,0,0,0,0,0,True,False
stretch,richmond:11,True,False,742040828675315,False,False,0.322139,1,0,0,0,0,True,False
canvas_level,richmond:8,False,False,743280015172281,False,False,0.0,0,0,0,0,0,True,False
canvas_sfm,richmond:8,False,False,743280015172281,False,False,0.0,0,0,0,0,0,True,False
stretch,richmond:8,True,True,743280015172281,False,False,0.933563,2,2,0,0,0,True,False
canvas_level,richmond:51,False,False,743844122949729,False,False,0.1234,0,0,0,0,0,True,False
canvas_sfm,richmond:51,False,False,743844122949729,False,False,0.118577,0,0,0,0,0,True,False
stretch,richmond:51,False,False,743844122949729,False,False,0.0,0,0,0,0,0,True,False
canvas_level,richmond:252,False,False,745659849645413,False,False,0.117204,0,0,0,0,0,True,False
canvas_sfm,richmond:252,False,False,745659849645413,False,False,0.108182,0,0,0,0,0,True,False
stretch,richmond:252,False,False,745659849645413,False,False,0.179886,0,0,0,0,0,True,False
canvas_level,richmond:11,False,False,746250658224188,False,False,0.170797,0,0,0,0,0,False,False
canvas_sfm,richmond:11,True,False,746250658224188,False,False,0.361483,1,0,0,0,0,False,False
stretch,richmond:11,False,False,746250658224188,False,False,0.237738,0,0,0,0,0,False,False
canvas_level,richmond:8,False,False,747528024846087,False,False,0.0,0,0,2,0,0,False,True
canvas_sfm,richmond:8,False,False,747528024846087,False,False,0.0,0,0,2,0,0,False,True
stretch,richmond:8,False,False,747528024846087,False,False,0.0,0,0,2,0,0,False,True
canvas_level,richmond:8,False,False,748155134522939,False,False,0.0,0,0,1,0,0,False,True
canvas_sfm,richmond:8,False,False,748155134522939,False,False,0.0,0,0,1,0,0,False,True
stretch,richmond:8,False,False,748155134522939,False,False,0.119705,0,0,1,0,0,False,True
canvas_level,richmond:8,False,False,750990634198538,False,False,0.153956,0,0,0,0,0,True,False
canvas_sfm,richmond:8,False,False,750990634198538,False,False,0.144547,0,0,0,0,0,True,False
stretch,richmond:8,False,False,750990634198538,False,False,0.143581,0,0,0,0,0,True,False
canvas_level,richmond:8,False,False,751353077499708,False,False,0.279763,0,0,1,0,0,False,True
canvas_sfm,richmond:8,True,False,751353077499708,False,False,0.384684,1,0,1,0,0,False,True
stretch,richmond:8,True,True,751353077499708,False,False,0.860626,1,1,1,1,1,False,True
canvas_level,richmond:11,False,False,752068774132248,False,False,0.0,0,0,1,0,0,False,True
canvas_sfm,richmond:11,False,False,752068774132248,False,False,0.145454,0,0,1,0,0,False,True
stretch,richmond:11,False,False,752068774132248,False,False,0.106925,0,0,1,0,0,False,True
canvas_level,richmond:9,False,False,752098661124381,False,False,0.0,0,0,0,0,0,True,False
canvas_sfm,richmond:9,False,False,752098661124381,False,False,0.146318,0,0,0,0,0,True,False
stretch,richmond:9,True,True,752098661124381,False,False,0.905389,1,1,0,0,0,True,False
canvas_level,richmond:227,False,False,752975553576074,False,False,0.0,0,0,0,0,0,True,False
canvas_sfm,richmond:227,False,False,752975553576074,False,False,0.0,0,0,0,0,0,True,False
stretch,richmond:227,False,False,752975553576074,False,False,0.148609,0,0,0,0,0,True,False
canvas_level,richmond:8,False,False,755245984130267,False,False,0.190722,0,0,1,0,0,False,True
canvas_sfm,richmond:8,False,False,755245984130267,False,False,0.154157,0,0,1,0,0,False,True
stretch,richmond:8,False,False,755245984130267,False,False,0.0,0,0,1,0,0,False,True
canvas_level,richmond:11,False,False,759513040267001,False,False,0.179801,0,0,0,0,0,True,False
canvas_sfm,richmond:11,False,False,759513040267001,False,False,0.199165,0,0,0,0,0,True,False
stretch,richmond:11,False,False,759513040267001,False,False,0.139707,0,0,0,0,0,True,False
canvas_level,richmond:11,False,False,760675463351032,False,False,0.108274,0,0,0,0,0,True,False
canvas_sfm,richmond:11,False,False,760675463351032,False,False,0.108541,0,0,0,0,0,True,False
stretch,richmond:11,False,False,760675463351032,False,False,0.0,0,0,0,0,0,True,False
canvas_level,richmond:51,False,False,763353534383506,False,False,0.181619,0,0,0,0,0,False,False
canvas_sfm,richmond:51,False,False,763353534383506,False,False,0.214359,0,0,0,0,0,False,False
stretch,richmond:51,True,False,763353534383506,False,False,0.523286,2,0,0,0,0,False,False
canvas_level,richmond:191,False,False,763396698843311,False,False,0.0,0,0,0,0,0,False,False
canvas_sfm,richmond:191,False,False,763396698843311,False,False,0.0,0,0,0,0,0,False,False
stretch,richmond:191,False,False,763396698843311,False,False,0.0,0,0,0,0,0,False,False
canvas_level,richmond:203,False,False,763672539312499,False,False,0.132572,0,0,0,0,0,True,False
canvas_sfm,richmond:203,False,False,763672539312499,False,False,0.109502,0,0,0,0,0,True,False
stretch,richmond:203,True,True,763672539312499,False,False,0.837491,2,2,0,0,0,True,False
canvas_level,richmond:8,False,False,764754166177301,False,False,0.0,0,0,0,0,0,True,False
canvas_sfm,richmond:8,False,False,764754166177301,False,False,0.0,0,0,0,0,0,True,False
stretch,richmond:8,False,False,764754166177301,False,False,0.249373,0,0,0,0,0,True,False
canvas_level,richmond:152,False,False,766018190763145,False,False,0.0,0,0,0,0,0,True,False
canvas_sfm,richmond:152,False,False,766018190763145,False,False,0.0,0,0,0,0,0,True,False
stretch,richmond:152,False,False,766018190763145,False,False,0.0,0,0,0,0,0,True,False
canvas_level,richmond:8,False,False,766274949323931,False,False,0.106883,0,0,0,0,0,True,False
canvas_sfm,richmond:8,False,False,766274949323931,False,False,0.139329,0,0,0,0,0,True,False
stretch,richmond:8,True,False,766274949323931,False,False,0.34415,1,0,0,0,0,True,False
canvas_level,richmond:189,False,False,768150140511420,False,False,0.100401,0,0,1,0,0,False,True
canvas_sfm,richmond:189,False,False,768150140511420,False,False,0.128596,0,0,1,0,0,False,True
stretch,richmond:189,False,False,768150140511420,False,False,0.0,0,0,1,0,0,False,True
canvas_level,richmond:26,False,False,768573950528487,False,False,0.0,0,0,0,0,0,False,False
canvas_sfm,richmond:26,False,False,768573950528487,False,False,0.0,0,0,0,0,0,False,False
stretch,richmond:26,False,False,768573950528487,False,False,0.0,0,0,0,0,0,False,False
canvas_level,richmond:19,False,False,769476047064573,False,False,0.178069,0,0,0,0,0,True,False
canvas_sfm,richmond:19,False,False,769476047064573,False,False,0.25211,0,0,0,0,0,True,False
stretch,richmond:19,True,False,769476047064573,False,False,0.371082,2,0,0,0,0,True,False
canvas_level,richmond:35,False,False,7699360250133150,False,False,0.0,0,0,0,0,0,False,False
canvas_sfm,richmond:35,False,False,7699360250133150,False,False,0.0,0,0,0,0,0,False,False
stretch,richmond:35,False,False,7699360250133150,False,False,0.201079,0,0,0,0,0,False,False
canvas_level,richmond:169,False,False,770560386904977,False,False,0.141778,0,0,0,0,0,True,False
canvas_sfm,richmond:169,False,False,770560386904977,False,False,0.181753,0,0,0,0,0,True,False
stretch,richmond:169,False,False,770560386904977,False,False,0.123924,0,0,0,0,0,True,False
canvas_level,richmond:134,True,True,774080750146533,False,False,0.627398,1,1,0,0,0,True,False
canvas_sfm,richmond:134,True,True,774080750146533,False,False,0.58234,1,1,0,0,0,True,False
stretch,richmond:134,False,False,774080750146533,False,False,0.272482,0,0,0,0,0,True,False
canvas_level,richmond:8,False,False,774444241623188,False,False,0.0,0,0,0,0,0,True,False
canvas_sfm,richmond:8,False,False,774444241623188,False,False,0.0,0,0,0,0,0,True,False
stretch,richmond:8,True,True,774444241623188,False,False,0.840392,2,2,0,0,0,True,False
canvas_level,richmond:11,False,False,774468908504618,False,False,0.250577,0,0,0,0,0,True,False
canvas_sfm,richmond:11,True,False,774468908504618,False,False,0.426384,1,0,0,0,0,True,False
stretch,richmond:11,False,False,774468908504618,False,False,0.0,0,0,0,0,0,True,False
canvas_level,richmond:236,False,False,7746047722098225,False,False,0.122255,0,0,0,0,0,False,False
canvas_sfm,richmond:236,False,False,7746047722098225,False,False,0.0,0,0,0,0,0,False,False
stretch,richmond:236,True,False,7746047722098225,False,False,0.509836,1,0,0,0,0,False,False
canvas_level,richmond:8,False,False,776890651400742,False,False,0.0,0,0,0,0,0,False,False
canvas_sfm,richmond:8,False,False,776890651400742,False,False,0.0,0,0,0,0,0,False,False
stretch,richmond:8,False,False,776890651400742,False,False,0.256495,0,0,0,0,0,False,False
canvas_level,richmond:11,False,False,778930494517679,False,False,0.0,0,0,0,0,0,False,False
canvas_sfm,richmond:11,False,False,778930494517679,False,False,0.232675,0,0,0,0,0,False,False
stretch,richmond:11,False,False,778930494517679,False,False,0.21559,0,0,0,0,0,False,False
canvas_level,richmond:134,False,False,781781429364056,False,False,0.0,0,0,0,0,0,True,False
canvas_sfm,richmond:134,False,False,781781429364056,False,False,0.0,0,0,0,0,0,True,False
stretch,richmond:134,False,False,781781429364056,False,False,0.202025,0,0,0,0,0,True,False
canvas_level,richmond:52,False,False,782047475768000,False,False,0.104296,0,0,0,0,0,True,False
canvas_sfm,richmond:52,False,False,782047475768000,False,False,0.0,0,0,0,0,0,True,False
stretch,richmond:52,False,False,782047475768000,False,False,0.134328,0,0,0,0,0,True,False
canvas_level,richmond:8,False,False,782918030903814,False,False,0.0,0,0,1,0,0,False,True
canvas_sfm,richmond:8,False,False,782918030903814,False,False,0.0,0,0,1,0,0,False,True
stretch,richmond:8,False,False,782918030903814,False,False,0.142566,0,0,1,0,0,False,True
canvas_level,richmond:9,False,False,784035820831393,False,False,0.136887,0,0,0,0,0,False,False
canvas_sfm,richmond:9,False,False,784035820831393,False,False,0.11714,0,0,0,0,0,False,False
stretch,richmond:9,True,False,784035820831393,False,False,0.54441,2,0,0,1,0,False,False
canvas_level,richmond:8,False,False,784166997396122,False,False,0.0,0,0,0,0,0,True,False
canvas_sfm,richmond:8,False,False,784166997396122,False,False,0.0,0,0,0,0,0,True,False
stretch,richmond:8,True,True,784166997396122,False,False,0.71103,2,2,0,0,0,True,False
canvas_level,richmond:149,False,False,784173308930801,False,False,0.0,0,0,0,0,0,False,False
canvas_sfm,richmond:149,False,False,784173308930801,False,False,0.0,0,0,0,0,0,False,False
stretch,richmond:149,False,False,784173308930801,False,False,0.0,0,0,0,0,0,False,False
canvas_level,richmond:11,False,False,784208764114181,False,False,0.152928,0,0,0,0,0,True,False
canvas_sfm,richmond:11,False,False,784208764114181,False,False,0.120764,0,0,0,0,0,True,False
stretch,richmond:11,False,False,784208764114181,False,False,0.100352,0,0,0,0,0,True,False
canvas_level,richmond:158,False,False,784591122194559,False,False,0.180532,0,0,0,0,0,False,False
canvas_sfm,richmond:158,False,False,784591122194559,False,False,0.194764,0,0,0,0,0,False,False
stretch,richmond:158,False,False,784591122194559,False,False,0.122192,0,0,0,0,0,False,False
canvas_level,richmond:201,False,False,785127465540392,False,False,0.133342,0,0,0,0,0,True,False
canvas_sfm,richmond:201,False,False,785127465540392,False,False,0.129959,0,0,0,0,0,True,False
stretch,richmond:201,True,False,785127465540392,False,False,0.310277,1,0,0,0,0,True,False
canvas_level,richmond:11,False,False,785419217351621,False,False,0.0,0,0,0,0,0,True,False
canvas_sfm,richmond:11,False,False,785419217351621,False,False,0.0,0,0,0,0,0,True,False
stretch,richmond:11,False,False,785419217351621,False,False,0.0,0,0,0,0,0,True,False
canvas_level,richmond:185,False,False,785853622132069,False,False,0.0,0,0,0,0,0,False,False
canvas_sfm,richmond:185,False,False,785853622132069,False,False,0.0,0,0,0,0,0,False,False
stretch,richmond:185,False,False,785853622132069,False,False,0.258011,0,0,0,0,0,False,False
canvas_level,richmond:201,False,False,786217902037624,False,False,0.0,0,0,0,0,0,True,False
canvas_sfm,richmond:201,False,False,786217902037624,False,False,0.0,0,0,0,0,0,True,False
stretch,richmond:201,False,False,786217902037624,False,False,0.120146,0,0,0,0,0,True,False
canvas_level,richmond:8,False,False,786690713912399,False,False,0.0,0,0,0,0,0,True,False
canvas_sfm,richmond:8,False,False,786690713912399,False,False,0.0,0,0,0,0,0,True,False
stretch,richmond:8,True,True,786690713912399,False,False,0.837796,1,1,0,0,0,True,False
canvas_level,richmond:18,False,False,787446785238240,False,False,0.0,0,0,0,0,0,True,False
canvas_sfm,richmond:18,False,False,787446785238240,False,False,0.0,0,0,0,0,0,True,False
stretch,richmond:18,False,False,787446785238240,False,False,0.0,0,0,0,0,0,True,False
canvas_level,richmond:8,False,False,790533600098326,False,False,0.0,0,0,2,0,0,False,True
canvas_sfm,richmond:8,False,False,790533600098326,False,False,0.0,0,0,2,0,0,False,True
stretch,richmond:8,False,False,790533600098326,False,False,0.127307,0,0,2,0,0,False,True
canvas_level,richmond:11,False,False,790642156682228,False,False,0.186361,0,0,1,0,0,False,True
canvas_sfm,richmond:11,False,False,790642156682228,False,False,0.186361,0,0,1,0,0,False,True
stretch,richmond:11,False,False,790642156682228,False,False,0.13187,0,0,1,0,0,False,True
canvas_level,richmond:75,False,False,791242295118083,False,False,0.0,0,0,0,0,0,True,False
canvas_sfm,richmond:75,False,False,791242295118083,False,False,0.0,0,0,0,0,0,True,False
stretch,richmond:75,False,False,791242295118083,False,False,0.0,0,0,0,0,0,True,False
canvas_level,richmond:162,False,False,791251289743568,False,False,0.0,0,0,0,0,0,True,False
canvas_sfm,richmond:162,False,False,791251289743568,False,False,0.0,0,0,0,0,0,True,False
stretch,richmond:162,False,False,791251289743568,False,False,0.21535,0,0,0,0,0,True,False
canvas_level,richmond:182,False,False,7942155252545179,False,False,0.0,0,0,0,0,0,True,False
canvas_sfm,richmond:182,False,False,7942155252545179,False,False,0.0,0,0,0,0,0,True,False
stretch,richmond:182,False,False,7942155252545179,False,False,0.100954,0,0,0,0,0,True,False
canvas_level,richmond:221,False,False,797119800995524,False,False,0.14729,0,0,2,0,0,False,True
canvas_sfm,richmond:221,False,False,797119800995524,False,False,0.156625,0,0,2,0,0,False,True
stretch,richmond:221,False,False,797119800995524,False,False,0.151851,0,0,2,0,0,False,True
canvas_level,richmond:11,False,False,797877753179730,False,False,0.103553,0,0,0,0,0,False,False
canvas_sfm,richmond:11,False,False,797877753179730,False,False,0.116322,0,0,0,0,0,False,False
stretch,richmond:11,False,False,797877753179730,False,False,0.0,0,0,0,0,0,False,False
canvas_level,richmond:84,False,False,799073058872429,False,False,0.0,0,0,0,0,0,True,False
canvas_sfm,richmond:84,False,False,799073058872429,False,False,0.0,0,0,0,0,0,True,False
stretch,richmond:84,False,False,799073058872429,False,False,0.0,0,0,0,0,0,True,False
canvas_level,richmond:44,True,True,799276018862562,False,False,0.954623,1,1,1,0,0,False,True
canvas_sfm,richmond:44,True,True,799276018862562,False,False,0.942924,1,1,1,0,0,False,True
stretch,richmond:44,True,True,799276018862562,False,False,0.745575,3,2,1,0,0,False,True
canvas_level,richmond:184,False,False,799458197629779,False,False,0.0,0,0,0,0,0,False,False
canvas_sfm,richmond:184,False,False,799458197629779,False,False,0.0,0,0,0,0,0,False,False
stretch,richmond:184,False,False,799458197629779,False,False,0.0,0,0,0,0,0,False,False
canvas_level,richmond:229,False,False,799899768952403,False,False,0.0,0,0,1,0,0,False,True
canvas_sfm,richmond:229,False,False,799899768952403,False,False,0.0,0,0,1,0,0,False,True
stretch,richmond:229,False,False,799899768952403,False,False,0.141025,0,0,1,0,0,False,True
canvas_level,richmond:219,False,False,801913224083721,False,False,0.0,0,0,0,0,0,True,False
canvas_sfm,richmond:219,False,False,801913224083721,False,False,0.0,0,0,0,0,0,True,False
stretch,richmond:219,True,False,801913224083721,False,False,0.459993,1,0,0,0,0,True,False
canvas_level,richmond:195,False,False,803209467981497,False,False,0.0,0,0,0,0,0,True,False
canvas_sfm,richmond:195,False,False,803209467981497,False,False,0.0,0,0,0,0,0,True,False
stretch,richmond:195,False,False,803209467981497,False,False,0.0,0,0,0,0,0,True,False
canvas_level,richmond:188,False,False,803461426948902,False,False,0.0,0,0,0,0,0,True,False
canvas_sfm,richmond:188,False,False,803461426948902,False,False,0.101772,0,0,0,0,0,True,False
stretch,richmond:188,False,False,803461426948902,False,False,0.0,0,0,0,0,0,True,False
canvas_level,richmond:159,False,False,806259841612047,False,False,0.0,0,0,0,0,0,True,False
canvas_sfm,richmond:159,False,False,806259841612047,False,False,0.0,0,0,0,0,0,True,False
stretch,richmond:159,False,False,806259841612047,False,False,0.0,0,0,0,0,0,True,False
canvas_level,richmond:137,False,False,806390256961320,False,False,0.136093,0,0,2,0,0,False,True
canvas_sfm,richmond:137,False,False,806390256961320,False,False,0.135153,0,0,2,0,0,False,True
stretch,richmond:137,True,False,806390256961320,False,False,0.403594,2,0,2,2,0,False,True
canvas_level,richmond:169,False,False,808938983064117,False,False,0.176895,0,0,0,0,0,True,False
canvas_sfm,richmond:169,False,False,808938983064117,False,False,0.158432,0,0,0,0,0,True,False
stretch,richmond:169,False,False,808938983064117,False,False,0.0,0,0,0,0,0,True,False
canvas_level,richmond:22,False,False,810518306525531,False,False,0.113372,0,0,0,0,0,True,False
canvas_sfm,richmond:22,False,False,810518306525531,False,False,0.124348,0,0,0,0,0,True,False
stretch,richmond:22,False,False,810518306525531,False,False,0.0,0,0,0,0,0,True,False
canvas_level,richmond:18,False,False,811666829470518,False,False,0.0,0,0,0,0,0,True,False
canvas_sfm,richmond:18,False,False,811666829470518,False,False,0.0,0,0,0,0,0,True,False
stretch,richmond:18,False,False,811666829470518,False,False,0.0,0,0,0,0,0,True,False
canvas_level,richmond:144,False,False,811789776123210,False,False,0.128453,0,0,0,0,0,False,False
canvas_sfm,richmond:144,False,False,811789776123210,False,False,0.101602,0,0,0,0,0,False,False
stretch,richmond:144,False,False,811789776123210,False,False,0.0,0,0,0,0,0,False,False
canvas_level,richmond:75,False,False,812031956086764,False,False,0.0,0,0,0,0,0,True,False
canvas_sfm,richmond:75,False,False,812031956086764,False,False,0.0,0,0,0,0,0,True,False
stretch,richmond:75,False,False,812031956086764,False,False,0.0,0,0,0,0,0,True,False
canvas_level,richmond:34,True,True,812055340862220,False,False,0.670271,1,1,0,0,0,False,False
canvas_sfm,richmond:34,True,True,812055340862220,False,False,0.685501,1,1,0,0,0,False,False
stretch,richmond:34,True,True,812055340862220,False,False,0.727637,3,1,0,0,0,False,False
canvas_level,richmond:8,False,False,812837378096313,False,False,0.0,0,0,0,0,0,True,False
canvas_sfm,richmond:8,False,False,812837378096313,False,False,0.0,0,0,0,0,0,True,False
stretch,richmond:8,True,True,812837378096313,False,False,0.575141,1,1,0,0,0,True,False
canvas_level,richmond:188,True,False,813290819591771,False,False,0.313,1,0,0,0,0,True,False
canvas_sfm,richmond:188,False,False,813290819591771,False,False,0.292867,0,0,0,0,0,True,False
stretch,richmond:188,False,False,813290819591771,False,False,0.233772,0,0,0,0,0,True,False
canvas_level,richmond:166,True,False,813398235932199,True,False,0.352963,1,0,1,1,0,False,True
canvas_sfm,richmond:166,True,False,813398235932199,True,False,0.319516,1,0,1,1,0,False,True
stretch,richmond:166,False,False,813398235932199,False,False,0.0,0,0,1,0,0,False,True
canvas_level,richmond:230,True,True,814448087498002,False,False,1.018929,2,2,1,2,2,False,True
canvas_sfm,richmond:230,True,True,814448087498002,False,False,1.006697,2,2,1,2,2,False,True
stretch,richmond:230,True,True,814448087498002,True,True,0.677267,2,2,1,2,2,False,True
canvas_level,richmond:34,True,False,814502502493831,False,False,0.306794,1,0,0,0,0,True,False
canvas_sfm,richmond:34,False,False,814502502493831,False,False,0.29955,0,0,0,0,0,True,False
stretch,richmond:34,False,False,814502502493831,False,False,0.291943,0,0,0,0,0,True,False
canvas_level,richmond:51,False,False,8149737401759211,False,False,0.176676,0,0,0,0,0,True,False
canvas_sfm,richmond:51,False,False,8149737401759211,False,False,0.185626,0,0,0,0,0,True,False
stretch,richmond:51,False,False,8149737401759211,False,False,0.0,0,0,0,0,0,True,False
canvas_level,richmond:19,False,False,815433982693341,False,False,0.0,0,0,0,0,0,False,False
canvas_sfm,richmond:19,False,False,815433982693341,False,False,0.0,0,0,0,0,0,False,False
stretch,richmond:19,False,False,815433982693341,False,False,0.0,0,0,0,0,0,False,False
canvas_level,richmond:11,False,False,816895207574801,False,False,0.187209,0,0,0,0,0,True,False
canvas_sfm,richmond:11,False,False,816895207574801,False,False,0.214412,0,0,0,0,0,True,False
stretch,richmond:11,False,False,816895207574801,False,False,0.186376,0,0,0,0,0,True,False
canvas_level,richmond:11,False,False,817917330572056,False,False,0.0,0,0,0,0,0,True,False
canvas_sfm,richmond:11,False,False,817917330572056,False,False,0.210426,0,0,0,0,0,True,False
stretch,richmond:11,True,False,817917330572056,False,False,0.411753,1,0,0,0,0,True,False
canvas_level,richmond:201,False,False,819289418972776,False,False,0.0,0,0,0,0,0,False,False
canvas_sfm,richmond:201,False,False,819289418972776,False,False,0.0,0,0,0,0,0,False,False
stretch,richmond:201,True,True,819289418972776,False,False,0.596154,2,1,0,0,0,False,False
canvas_level,richmond:149,True,False,827230724545534,False,False,0.364408,1,0,0,1,0,False,False
canvas_sfm,richmond:149,True,False,827230724545534,False,False,0.429875,1,0,0,1,0,False,False
stretch,richmond:149,True,True,827230724545534,False,False,0.696487,1,1,0,1,1,False,False
canvas_level,richmond:237,False,False,827273344812172,False,False,0.118781,0,0,0,0,0,True,False
canvas_sfm,richmond:237,False,False,827273344812172,False,False,0.0,0,0,0,0,0,True,False
stretch,richmond:237,False,False,827273344812172,False,False,0.0,0,0,0,0,0,True,False
canvas_level,richmond:6,False,False,827951161406421,False,False,0.125468,0,0,0,0,0,True,False
canvas_sfm,richmond:6,False,False,827951161406421,False,False,0.125194,0,0,0,0,0,True,False
stretch,richmond:6,False,False,827951161406421,False,False,0.114163,0,0,0,0,0,True,False
canvas_level,richmond:133,True,False,830298522402631,False,False,0.519644,1,0,0,0,0,False,False
canvas_sfm,richmond:133,True,True,830298522402631,False,False,0.556529,1,1,0,0,0,False,False
stretch,richmond:133,True,True,830298522402631,False,False,0.800811,1,1,0,0,0,False,False
canvas_level,richmond:18,False,False,831163334430241,False,False,0.205397,0,0,0,0,0,True,False
canvas_sfm,richmond:18,False,False,831163334430241,False,False,0.205403,0,0,0,0,0,True,False
stretch,richmond:18,True,False,831163334430241,False,False,0.420618,3,0,0,0,0,True,False
canvas_level,richmond:31,False,False,831209084411221,False,False,0.132115,0,0,1,0,0,False,True
canvas_sfm,richmond:31,False,False,831209084411221,False,False,0.126193,0,0,1,0,0,False,True
stretch,richmond:31,False,False,831209084411221,False,False,0.27807,0,0,1,0,0,False,True
canvas_level,richmond:19,False,False,832269200983284,False,False,0.0,0,0,0,0,0,True,False
canvas_sfm,richmond:19,False,False,832269200983284,False,False,0.0,0,0,0,0,0,True,False
stretch,richmond:19,False,False,832269200983284,False,False,0.10187,0,0,0,0,0,True,False
canvas_level,richmond:201,False,False,835242074007224,False,False,0.0,0,0,0,0,0,False,False
canvas_sfm,richmond:201,False,False,835242074007224,False,False,0.0,0,0,0,0,0,False,False
stretch,richmond:201,True,True,835242074007224,False,False,0.61824,2,1,0,0,0,False,False
canvas_level,richmond:182,False,False,837918907779406,False,False,0.0,0,0,0,0,0,True,False
canvas_sfm,richmond:182,False,False,837918907779406,False,False,0.0,0,0,0,0,0,True,False
stretch,richmond:182,False,False,837918907779406,False,False,0.0,0,0,0,0,0,True,False
canvas_level,richmond:19,False,False,839480943583321,False,False,0.200427,0,0,0,0,0,True,False
canvas_sfm,richmond:19,False,False,839480943583321,False,False,0.204157,0,0,0,0,0,True,False
stretch,richmond:19,False,False,839480943583321,False,False,0.0,0,0,0,0,0,True,False
canvas_level,richmond:237,False,False,840409833213661,False,False,0.110663,0,0,0,0,0,True,False
canvas_sfm,richmond:237,False,False,840409833213661,False,False,0.0,0,0,0,0,0,True,False
stretch,richmond:237,False,False,840409833213661,False,False,0.0,0,0,0,0,0,True,False
canvas_level,richmond:148,False,False,841987193364066,False,False,0.0,0,0,0,0,0,True,False
canvas_sfm,richmond:148,False,False,841987193364066,False,False,0.0,0,0,0,0,0,True,False
stretch,richmond:148,False,False,841987193364066,False,False,0.0,0,0,0,0,0,True,False
canvas_level,richmond:161,True,True,842273764629756,False,False,0.892728,1,1,0,0,0,False,False
canvas_sfm,richmond:161,True,True,842273764629756,False,False,0.890688,1,1,0,0,0,False,False
stretch,richmond:161,True,True,842273764629756,False,False,0.830956,2,1,0,0,0,False,False
canvas_level,richmond:18,False,False,842282856634772,False,False,0.0,0,0,0,0,0,True,False
canvas_sfm,richmond:18,False,False,842282856634772,False,False,0.0,0,0,0,0,0,True,False
stretch,richmond:18,False,False,842282856634772,False,False,0.199683,0,0,0,0,0,True,False
canvas_level,richmond:96,True,False,842624811333312,False,False,0.303521,1,0,0,0,0,False,False
canvas_sfm,richmond:96,True,False,842624811333312,False,False,0.322286,1,0,0,0,0,False,False
stretch,richmond:96,False,False,842624811333312,False,False,0.266145,0,0,0,0,0,False,False
canvas_level,richmond:29,False,False,844406554436706,False,False,0.0,0,0,0,0,0,True,False
canvas_sfm,richmond:29,False,False,844406554436706,False,False,0.0,0,0,0,0,0,True,False
stretch,richmond:29,False,False,844406554436706,False,False,0.0,0,0,0,0,0,True,False
canvas_level,richmond:201,False,False,845651379643027,False,False,0.0,0,0,0,0,0,False,False
canvas_sfm,richmond:201,False,False,845651379643027,False,False,0.0,0,0,0,0,0,False,False
stretch,richmond:201,True,True,845651379643027,False,False,0.666583,3,2,0,0,0,False,False
canvas_level,richmond:149,False,False,845974099461254,False,False,0.0,0,0,0,0,0,False,False
canvas_sfm,richmond:149,False,False,845974099461254,False,False,0.0,0,0,0,0,0,False,False
stretch,richmond:149,False,False,845974099461254,False,False,0.0,0,0,0,0,0,False,False
canvas_level,richmond:24,False,False,847263930807961,False,False,0.101029,0,0,0,0,0,True,False
canvas_sfm,richmond:24,False,False,847263930807961,False,False,0.0,0,0,0,0,0,True,False
stretch,richmond:24,False,False,847263930807961,False,False,0.0,0,0,0,0,0,True,False
canvas_level,richmond:44,True,True,847895210640529,True,True,0.876962,1,1,2,1,1,False,True
canvas_sfm,richmond:44,True,True,847895210640529,True,True,0.873429,2,1,2,2,1,False,True
stretch,richmond:44,True,True,847895210640529,True,True,0.71216,2,1,2,2,1,False,True
canvas_level,richmond:19,False,False,849573292349931,False,False,0.297476,0,0,1,0,0,True,True
canvas_sfm,richmond:19,False,False,849573292349931,False,False,0.293886,0,0,1,0,0,True,True
stretch,richmond:19,False,False,849573292349931,False,False,0.203125,0,0,1,0,0,True,True
canvas_level,richmond:149,False,False,849612088976956,False,False,0.0,0,0,0,0,0,False,False
canvas_sfm,richmond:149,False,False,849612088976956,False,False,0.0,0,0,0,0,0,False,False
stretch,richmond:149,False,False,849612088976956,False,False,0.0,0,0,0,0,0,False,False
canvas_level,richmond:32,False,False,850423718896728,False,False,0.120432,0,0,0,0,0,False,False
canvas_sfm,richmond:32,False,False,850423718896728,False,False,0.101006,0,0,0,0,0,False,False
stretch,richmond:32,False,False,850423718896728,False,False,0.0,0,0,0,0,0,False,False
canvas_level,richmond:221,False,False,851124765761291,False,False,0.0,0,0,0,0,0,False,False
canvas_sfm,richmond:221,False,False,851124765761291,False,False,0.0,0,0,0,0,0,False,False
stretch,richmond:221,False,False,851124765761291,False,False,0.0,0,0,0,0,0,False,False
canvas_level,richmond:128,False,False,853301725258742,False,False,0.242367,0,0,0,0,0,False,False
canvas_sfm,richmond:128,False,False,853301725258742,False,False,0.215628,0,0,0,0,0,False,False
stretch,richmond:128,False,False,853301725258742,False,False,0.24474,0,0,0,0,0,False,False
canvas_level,richmond:203,True,True,8539638549386239,True,True,0.897803,2,1,1,1,1,False,True
canvas_sfm,richmond:203,True,True,8539638549386239,True,True,0.924262,2,1,1,1,1,False,True
stretch,richmond:203,True,True,8539638549386239,True,False,0.703646,2,1,1,1,0,False,True
canvas_level,richmond:74,False,False,854297485434396,False,False,0.0,0,0,0,0,0,False,False
canvas_sfm,richmond:74,False,False,854297485434396,False,False,0.0,0,0,0,0,0,False,False
stretch,richmond:74,False,False,854297485434396,False,False,0.169459,0,0,0,0,0,False,False
canvas_level,richmond:237,True,False,855441452752793,False,False,0.549401,1,0,0,0,0,False,False
canvas_sfm,richmond:237,True,False,855441452752793,False,False,0.520613,1,0,0,0,0,False,False
stretch,richmond:237,True,True,855441452752793,False,False,0.824122,2,1,0,1,0,False,False
canvas_level,richmond:108,False,False,857117971679305,False,False,0.0,0,0,0,0,0,True,False
canvas_sfm,richmond:108,False,False,857117971679305,False,False,0.0,0,0,0,0,0,True,False
stretch,richmond:108,False,False,857117971679305,False,False,0.103751,0,0,0,0,0,True,False
canvas_level,richmond:185,False,False,858555861746912,False,False,0.113438,0,0,0,0,0,False,False
canvas_sfm,richmond:185,False,False,858555861746912,False,False,0.12741,0,0,0,0,0,False,False
stretch,richmond:185,True,False,858555861746912,False,False,0.372081,1,0,0,0,0,False,False
canvas_level,richmond:186,False,False,859219221296551,False,False,0.145014,0,0,0,0,0,False,False
canvas_sfm,richmond:186,False,False,859219221296551,False,False,0.138144,0,0,0,0,0,False,False
stretch,richmond:186,False,False,859219221296551,False,False,0.196623,0,0,0,0,0,False,False
canvas_level,richmond:19,False,False,860514331199360,False,False,0.0,0,0,0,0,0,False,False
canvas_sfm,richmond:19,False,False,860514331199360,False,False,0.0,0,0,0,0,0,False,False
stretch,richmond:19,False,False,860514331199360,False,False,0.0,0,0,0,0,0,False,False
canvas_level,richmond:183,True,True,864224125605217,True,True,0.901962,3,3,2,1,1,False,True
canvas_sfm,richmond:183,True,True,864224125605217,True,True,0.876588,3,3,2,1,1,False,True
stretch,richmond:183,True,True,864224125605217,False,False,0.721436,3,1,2,0,0,False,True
canvas_level,richmond:242,False,False,864692855523953,False,False,0.0,0,0,0,0,0,True,False
canvas_sfm,richmond:242,False,False,864692855523953,False,False,0.0,0,0,0,0,0,True,False
stretch,richmond:242,False,False,864692855523953,False,False,0.0,0,0,0,0,0,True,False
canvas_level,richmond:159,False,False,8649828918379549,False,False,0.0,0,0,0,0,0,False,False
canvas_sfm,richmond:159,False,False,8649828918379549,False,False,0.0,0,0,0,0,0,False,False
stretch,richmond:159,False,False,8649828918379549,False,False,0.0,0,0,0,0,0,False,False
canvas_level,richmond:148,False,False,866002530660877,False,False,0.0,0,0,0,0,0,True,False
canvas_sfm,richmond:148,False,False,866002530660877,False,False,0.129052,0,0,0,0,0,True,False
stretch,richmond:148,False,False,866002530660877,False,False,0.103041,0,0,0,0,0,True,False
canvas_level,richmond:201,False,False,871350760118694,False,False,0.0,0,0,0,0,0,True,False
canvas_sfm,richmond:201,False,False,871350760118694,False,False,0.0,0,0,0,0,0,True,False
stretch,richmond:201,False,False,871350760118694,False,False,0.0,0,0,0,0,0,True,False
canvas_level,richmond:34,False,False,871980691405198,False,False,0.289019,0,0,0,0,0,True,False
canvas_sfm,richmond:34,True,False,871980691405198,False,False,0.371534,1,0,0,0,0,True,False
stretch,richmond:34,True,False,871980691405198,False,False,0.543625,2,0,0,0,0,True,False
canvas_level,richmond:108,False,False,872054043668998,False,False,0.0,0,0,0,0,0,True,False
canvas_sfm,richmond:108,False,False,872054043668998,False,False,0.0,0,0,0,0,0,True,False
stretch,richmond:108,False,False,872054043668998,False,False,0.126362,0,0,0,0,0,True,False
canvas_level,richmond:168,True,False,872652813318927,False,False,0.362507,1,0,0,1,0,False,False
canvas_sfm,richmond:168,True,False,872652813318927,False,False,0.412606,1,0,0,1,0,False,False
stretch,richmond:168,True,False,872652813318927,False,False,0.511239,2,0,0,1,0,False,False
canvas_level,richmond:21,True,False,874273336769875,False,False,0.386793,1,0,0,0,0,False,False
canvas_sfm,richmond:21,True,True,874273336769875,False,False,0.698032,1,1,0,0,0,False,False
stretch,richmond:21,True,True,874273336769875,False,False,0.765101,2,1,0,0,0,False,False
canvas_level,richmond:18,False,False,875298073330054,False,False,0.0,0,0,0,0,0,True,False
canvas_sfm,richmond:18,False,False,875298073330054,False,False,0.0,0,0,0,0,0,True,False
stretch,richmond:18,False,False,875298073330054,False,False,0.134369,0,0,0,0,0,True,False
canvas_level,richmond:26,False,False,875625279666595,False,False,0.0,0,0,1,0,0,False,True
canvas_sfm,richmond:26,False,False,875625279666595,False,False,0.0,0,0,1,0,0,False,True
stretch,richmond:26,False,False,875625279666595,False,False,0.18138,0,0,1,0,0,False,True
canvas_level,richmond:23,True,False,877380402855289,False,False,0.335132,1,0,0,0,0,True,False
canvas_sfm,richmond:23,False,False,877380402855289,False,False,0.262676,0,0,0,0,0,True,False
stretch,richmond:23,True,False,877380402855289,False,False,0.350263,1,0,0,0,0,True,False
canvas_level,richmond:180,False,False,880564500562502,False,False,0.0,0,0,0,0,0,False,False
canvas_sfm,richmond:180,False,False,880564500562502,False,False,0.0,0,0,0,0,0,False,False
stretch,richmond:180,False,False,880564500562502,False,False,0.0,0,0,0,0,0,False,False
canvas_level,richmond:0,False,False,881778507242498,False,False,0.21888,0,0,1,0,0,False,True
canvas_sfm,richmond:0,False,False,881778507242498,False,False,0.0,0,0,1,0,0,False,True
stretch,richmond:0,False,False,881778507242498,False,False,0.0,0,0,1,0,0,False,True
canvas_level,richmond:201,False,False,892590841291324,False,False,0.0,0,0,0,0,0,True,False
canvas_sfm,richmond:201,False,False,892590841291324,False,False,0.0,0,0,0,0,0,True,False
stretch,richmond:201,True,False,892590841291324,False,False,0.503478,1,0,0,0,0,True,False
canvas_level,richmond:136,False,False,894661731116316,False,False,0.265015,0,0,1,0,0,False,True
canvas_sfm,richmond:136,True,False,894661731116316,False,False,0.36374,1,0,1,1,0,False,True
stretch,richmond:136,False,False,894661731116316,False,False,0.166668,0,0,1,0,0,False,True
canvas_level,richmond:93,False,False,8970272583025866,False,False,0.13866,0,0,0,0,0,False,False
canvas_sfm,richmond:93,False,False,8970272583025866,False,False,0.172351,0,0,0,0,0,False,False
stretch,richmond:93,True,True,8970272583025866,False,False,0.726137,1,1,0,1,1,False,False
canvas_level,richmond:162,True,False,898042105495930,False,False,0.339304,1,0,0,1,0,False,False
canvas_sfm,richmond:162,False,False,898042105495930,False,False,0.268595,0,0,0,0,0,False,False
stretch,richmond:162,True,False,898042105495930,False,False,0.543244,1,0,0,1,0,False,False
canvas_level,richmond:196,False,False,901294230445500,False,False,0.146611,0,0,0,0,0,False,False
canvas_sfm,richmond:196,False,False,901294230445500,False,False,0.112091,0,0,0,0,0,False,False
stretch,richmond:196,False,False,901294230445500,False,False,0.0,0,0,0,0,0,False,False
canvas_level,richmond:51,False,False,902238111748027,False,False,0.0,0,0,0,0,0,True,False
canvas_sfm,richmond:51,False,False,902238111748027,False,False,0.154415,0,0,0,0,0,True,False
stretch,richmond:51,False,False,902238111748027,False,False,0.164223,0,0,0,0,0,True,False
canvas_level,richmond:103,False,False,904075590166650,False,False,0.0,0,0,0,0,0,True,False
canvas_sfm,richmond:103,False,False,904075590166650,False,False,0.0,0,0,0,0,0,True,False
stretch,richmond:103,False,False,904075590166650,False,False,0.0,0,0,0,0,0,True,False
canvas_level,richmond:219,True,True,904245087084959,False,False,0.763194,1,1,0,0,0,True,False
canvas_sfm,richmond:219,True,True,904245087084959,False,False,0.747368,1,1,0,0,0,True,False
stretch,richmond:219,False,False,904245087084959,False,False,0.217097,0,0,0,0,0,True,False
canvas_level,richmond:188,False,False,9044720345595850,False,False,0.150822,0,0,0,0,0,False,False
canvas_sfm,richmond:188,False,False,9044720345595850,False,False,0.115249,0,0,0,0,0,False,False
stretch,richmond:188,True,False,9044720345595850,False,False,0.374973,2,0,0,0,0,False,False
canvas_level,richmond:144,False,False,907186674830087,False,False,0.129321,0,0,1,0,0,False,True
canvas_sfm,richmond:144,False,False,907186674830087,False,False,0.113485,0,0,1,0,0,False,True
stretch,richmond:144,False,False,907186674830087,False,False,0.0,0,0,1,0,0,False,True
canvas_level,richmond:18,False,False,907493709815002,False,False,0.192454,0,0,2,0,0,False,True
canvas_sfm,richmond:18,False,False,907493709815002,False,False,0.223223,0,0,2,0,0,False,True
stretch,richmond:18,True,False,907493709815002,True,False,0.473234,4,0,2,1,0,False,True
canvas_level,richmond:19,False,False,914489732704583,False,False,0.0,0,0,0,0,0,True,False
canvas_sfm,richmond:19,False,False,914489732704583,False,False,0.0,0,0,0,0,0,True,False
stretch,richmond:19,False,False,914489732704583,False,False,0.118291,0,0,0,0,0,True,False
canvas_level,richmond:149,False,False,916050802292864,False,False,0.262595,0,0,0,0,0,False,False
canvas_sfm,richmond:149,True,False,916050802292864,False,False,0.422208,1,0,0,1,0,False,False
stretch,richmond:149,True,True,916050802292864,False,False,0.72418,1,1,0,1,1,False,False
canvas_level,richmond:221,False,False,9185429294879421,False,False,0.0,0,0,0,0,0,True,False
canvas_sfm,richmond:221,False,False,9185429294879421,False,False,0.0,0,0,0,0,0,True,False
stretch,richmond:221,False,False,9185429294879421,False,False,0.0,0,0,0,0,0,True,False
canvas_level,richmond:152,False,False,919658425484323,False,False,0.0,0,0,0,0,0,True,False
canvas_sfm,richmond:152,False,False,919658425484323,False,False,0.0,0,0,0,0,0,True,False
stretch,richmond:152,False,False,919658425484323,False,False,0.0,0,0,0,0,0,True,False
canvas_level,richmond:149,True,False,920585975449136,False,False,0.352442,1,0,0,1,0,False,False
canvas_sfm,richmond:149,True,False,920585975449136,False,False,0.428437,1,0,0,1,0,False,False
stretch,richmond:149,True,True,920585975449136,False,False,0.673902,1,1,0,1,1,False,False
canvas_level,richmond:6,False,False,921539540065727,False,False,0.151886,0,0,0,0,0,False,False
canvas_sfm,richmond:6,False,False,921539540065727,False,False,0.17424,0,0,0,0,0,False,False
stretch,richmond:6,False,False,921539540065727,False,False,0.26714,0,0,0,0,0,False,False
canvas_level,richmond:99,False,False,922093646792607,False,False,0.0,0,0,0,0,0,True,False
canvas_sfm,richmond:99,False,False,922093646792607,False,False,0.0,0,0,0,0,0,True,False
stretch,richmond:99,False,False,922093646792607,False,False,0.0,0,0,0,0,0,True,False
canvas_level,richmond:31,False,False,922683088582071,False,False,0.130489,0,0,0,0,0,False,False
canvas_sfm,richmond:31,False,False,922683088582071,False,False,0.154373,0,0,0,0,0,False,False
stretch,richmond:31,False,False,922683088582071,False,False,0.133651,0,0,0,0,0,False,False
canvas_level,richmond:24,False,False,922742684953669,False,False,0.0,0,0,0,0,0,True,False
canvas_sfm,richmond:24,False,False,922742684953669,False,False,0.0,0,0,0,0,0,True,False
stretch,richmond:24,True,False,922742684953669,False,False,0.385416,1,0,0,0,0,True,False
canvas_level,richmond:195,False,False,923571238943285,False,False,0.0,0,0,1,0,0,False,True
canvas_sfm,richmond:195,False,False,923571238943285,False,False,0.0,0,0,1,0,0,False,True
stretch,richmond:195,True,False,923571238943285,False,False,0.467207,1,0,1,0,0,False,True
canvas_level,richmond:103,True,False,924588058305374,True,False,0.412895,1,0,1,1,0,False,True
canvas_sfm,richmond:103,True,False,924588058305374,True,False,0.50985,1,0,1,1,0,False,True
stretch,richmond:103,True,True,924588058305374,True,True,0.746418,5,1,1,1,1,False,True
canvas_level,richmond:103,False,False,924984358262419,False,False,0.0,0,0,0,0,0,True,False
canvas_sfm,richmond:103,False,False,924984358262419,False,False,0.0,0,0,0,0,0,True,False
stretch,richmond:103,True,False,924984358262419,False,False,0.416187,1,0,0,0,0,True,False
canvas_level,richmond:95,False,False,925035759816771,False,False,0.0,0,0,0,0,0,True,False
canvas_sfm,richmond:95,False,False,925035759816771,False,False,0.124139,0,0,0,0,0,True,False
stretch,richmond:95,False,False,925035759816771,False,False,0.154314,0,0,0,0,0,True,False
canvas_level,richmond:201,False,False,925142214717844,False,False,0.0,0,0,0,0,0,True,False
canvas_sfm,richmond:201,False,False,925142214717844,False,False,0.0,0,0,0,0,0,True,False
stretch,richmond:201,False,False,925142214717844,False,False,0.0,0,0,0,0,0,True,False
canvas_level,richmond:201,False,False,925755051609212,False,False,0.0,0,0,0,0,0,True,False
canvas_sfm,richmond:201,False,False,925755051609212,False,False,0.0,0,0,0,0,0,True,False
stretch,richmond:201,True,False,925755051609212,False,False,0.530057,2,0,0,0,0,True,False
canvas_level,richmond:190,False,False,925996624882475,False,False,0.181999,0,0,2,0,0,False,True
canvas_sfm,richmond:190,False,False,925996624882475,False,False,0.134772,0,0,2,0,0,False,True
stretch,richmond:190,True,True,925996624882475,True,True,0.879972,1,1,2,1,1,False,True
canvas_level,richmond:149,False,False,928312524567945,False,False,0.0,0,0,0,0,0,False,False
canvas_sfm,richmond:149,False,False,928312524567945,False,False,0.0,0,0,0,0,0,False,False
stretch,richmond:149,False,False,928312524567945,False,False,0.0,0,0,0,0,0,False,False
canvas_level,richmond:191,False,False,928812351681219,False,False,0.0,0,0,1,0,0,False,True
canvas_sfm,richmond:191,False,False,928812351681219,False,False,0.0,0,0,1,0,0,False,True
stretch,richmond:191,False,False,928812351681219,False,False,0.117804,0,0,1,0,0,False,True
canvas_level,richmond:201,False,False,929462851241773,False,False,0.0,0,0,0,0,0,True,False
canvas_sfm,richmond:201,False,False,929462851241773,False,False,0.0,0,0,0,0,0,True,False
stretch,richmond:201,False,False,929462851241773,False,False,0.229449,0,0,0,0,0,True,False
canvas_level,richmond:6,False,False,930174922506485,False,False,0.159088,0,0,1,0,0,False,True
canvas_sfm,richmond:6,False,False,930174922506485,False,False,0.153801,0,0,1,0,0,False,True
stretch,richmond:6,False,False,930174922506485,False,False,0.179047,0,0,1,0,0,False,True
canvas_level,richmond:7,False,False,931462550755225,False,False,0.0,0,0,0,0,0,True,False
canvas_sfm,richmond:7,False,False,931462550755225,False,False,0.0,0,0,0,0,0,True,False
stretch,richmond:7,True,False,931462550755225,False,False,0.300318,1,0,0,0,0,True,False
canvas_level,richmond:21,False,False,931613500948223,False,False,0.177773,0,0,0,0,0,False,False
canvas_sfm,richmond:21,False,False,931613500948223,False,False,0.205457,0,0,0,0,0,False,False
stretch,richmond:21,False,False,931613500948223,False,False,0.0,0,0,0,0,0,False,False
canvas_level,richmond:24,False,False,931637635403179,False,False,0.0,0,0,0,0,0,True,False
canvas_sfm,richmond:24,False,False,931637635403179,False,False,0.0,0,0,0,0,0,True,False
stretch,richmond:24,False,False,931637635403179,False,False,0.0,0,0,0,0,0,True,False
canvas_level,richmond:103,True,True,932283660645602,False,False,0.823777,1,1,1,0,0,False,True
canvas_sfm,richmond:103,True,True,932283660645602,False,False,0.792791,1,1,1,0,0,False,True
stretch,richmond:103,True,True,932283660645602,True,True,0.715596,3,2,1,1,1,False,True
canvas_level,richmond:144,False,False,932605178989113,False,False,0.0,0,0,1,0,0,False,True
canvas_sfm,richmond:144,False,False,932605178989113,False,False,0.129231,0,0,1,0,0,False,True
stretch,richmond:144,False,False,932605178989113,False,False,0.0,0,0,1,0,0,False,True
canvas_level,richmond:172,True,True,933471928464181,False,False,0.728211,1,1,0,0,0,False,False
canvas_sfm,richmond:172,True,True,933471928464181,False,False,0.766962,1,1,0,0,0,False,False
stretch,richmond:172,True,True,933471928464181,False,False,0.606625,1,1,0,0,0,False,False
canvas_level,richmond:116,False,False,933638968921351,False,False,0.134911,0,0,0,0,0,True,False
canvas_sfm,richmond:116,False,False,933638968921351,False,False,0.12836,0,0,0,0,0,True,False
stretch,richmond:116,False,False,933638968921351,False,False,0.0,0,0,0,0,0,True,False
canvas_level,richmond:152,False,False,935369037243161,False,False,0.0,0,0,0,0,0,True,False
canvas_sfm,richmond:152,False,False,935369037243161,False,False,0.0,0,0,0,0,0,True,False
stretch,richmond:152,False,False,935369037243161,False,False,0.225234,0,0,0,0,0,True,False
canvas_level,richmond:136,False,False,935564370602221,False,False,0.0,0,0,0,0,0,True,False
canvas_sfm,richmond:136,False,False,935564370602221,False,False,0.0,0,0,0,0,0,True,False
stretch,richmond:136,False,False,935564370602221,False,False,0.196249,0,0,0,0,0,True,False
canvas_level,richmond:220,False,False,936020320547376,False,False,0.0,0,0,0,0,0,True,False
canvas_sfm,richmond:220,False,False,936020320547376,False,False,0.0,0,0,0,0,0,True,False
stretch,richmond:220,False,False,936020320547376,False,False,0.109627,0,0,0,0,0,True,False
canvas_level,richmond:154,False,False,936034717233456,False,False,0.0,0,0,1,0,0,False,True
canvas_sfm,richmond:154,False,False,936034717233456,False,False,0.0,0,0,1,0,0,False,True
stretch,richmond:154,False,False,936034717233456,False,False,0.157061,0,0,1,0,0,False,True
canvas_level,richmond:19,False,False,936437550451427,False,False,0.0,0,0,0,0,0,True,False
canvas_sfm,richmond:19,False,False,936437550451427,False,False,0.0,0,0,0,0,0,True,False
stretch,richmond:19,False,False,936437550451427,False,False,0.0,0,0,0,0,0,True,False
canvas_level,richmond:149,False,False,939756596581761,False,False,0.0,0,0,0,0,0,False,False
canvas_sfm,richmond:149,False,False,939756596581761,False,False,0.132196,0,0,0,0,0,False,False
stretch,richmond:149,False,False,939756596581761,False,False,0.0,0,0,0,0,0,False,False
canvas_level,richmond:18,False,False,940707136764996,False,False,0.0,0,0,0,0,0,True,False
canvas_sfm,richmond:18,False,False,940707136764996,False,False,0.0,0,0,0,0,0,True,False
stretch,richmond:18,False,False,940707136764996,False,False,0.0,0,0,0,0,0,True,False
canvas_level,richmond:138,False,False,941402406403187,False,False,0.0,0,0,0,0,0,True,False
canvas_sfm,richmond:138,False,False,941402406403187,False,False,0.0,0,0,0,0,0,True,False
stretch,richmond:138,False,False,941402406403187,False,False,0.128964,0,0,0,0,0,True,False
canvas_level,richmond:197,False,False,941482646602126,False,False,0.15304,0,0,0,0,0,True,False
canvas_sfm,richmond:197,False,False,941482646602126,False,False,0.142814,0,0,0,0,0,True,False
stretch,richmond:197,False,False,941482646602126,False,False,0.0,0,0,0,0,0,True,False
canvas_level,richmond:231,False,False,942992740929551,False,False,0.0,0,0,0,0,0,True,False
canvas_sfm,richmond:231,False,False,942992740929551,False,False,0.0,0,0,0,0,0,True,False
stretch,richmond:231,False,False,942992740929551,False,False,0.0,0,0,0,0,0,True,False
canvas_level,richmond:159,True,False,943918820827490,False,False,0.520715,1,0,0,0,0,False,False
canvas_sfm,richmond:159,True,True,943918820827490,False,False,0.660968,1,1,0,0,0,False,False
stretch,richmond:159,True,True,943918820827490,False,False,0.82702,2,1,0,1,0,False,False
canvas_level,richmond:235,False,False,944723979675183,False,False,0.185308,0,0,0,0,0,True,False
canvas_sfm,richmond:235,False,False,944723979675183,False,False,0.162411,0,0,0,0,0,True,False
stretch,richmond:235,False,False,944723979675183,False,False,0.178613,0,0,0,0,0,True,False
canvas_level,richmond:8,False,False,945414691102181,False,False,0.0,0,0,0,0,0,False,False
canvas_sfm,richmond:8,False,False,945414691102181,False,False,0.0,0,0,0,0,0,False,False
stretch,richmond:8,False,False,945414691102181,False,False,0.118267,0,0,0,0,0,False,False
canvas_level,richmond:95,False,False,945614784342591,False,False,0.113877,0,0,0,0,0,True,False
canvas_sfm,richmond:95,False,False,945614784342591,False,False,0.113877,0,0,0,0,0,True,False
stretch,richmond:95,False,False,945614784342591,False,False,0.0,0,0,0,0,0,True,False
canvas_level,richmond:18,False,False,946967316064120,False,False,0.0,0,0,0,0,0,True,False
canvas_sfm,richmond:18,False,False,946967316064120,False,False,0.155111,0,0,0,0,0,True,False
stretch,richmond:18,False,False,946967316064120,False,False,0.110095,0,0,0,0,0,True,False
canvas_level,richmond:99,False,False,947003437571778,False,False,0.0,0,0,0,0,0,False,False
canvas_sfm,richmond:99,False,False,947003437571778,False,False,0.0,0,0,0,0,0,False,False
stretch,richmond:99,False,False,947003437571778,False,False,0.0,0,0,0,0,0,False,False
canvas_level,richmond:149,False,False,947380116075663,False,False,0.0,0,0,0,0,0,False,False
canvas_sfm,richmond:149,False,False,947380116075663,False,False,0.0,0,0,0,0,0,False,False
stretch,richmond:149,False,False,947380116075663,False,False,0.0,0,0,0,0,0,False,False
canvas_level,richmond:18,False,False,948705059304403,False,False,0.0,0,0,0,0,0,True,False
canvas_sfm,richmond:18,False,False,948705059304403,False,False,0.12403,0,0,0,0,0,True,False
stretch,richmond:18,False,False,948705059304403,False,False,0.0,0,0,0,0,0,True,False
canvas_level,richmond:222,True,False,9489922854360494,False,False,0.365543,1,0,0,0,0,False,False
canvas_sfm,richmond:222,True,False,9489922854360494,False,False,0.368689,1,0,0,0,0,False,False
stretch,richmond:222,True,True,9489922854360494,False,False,0.818566,2,1,0,0,0,False,False
canvas_level,richmond:25,True,False,950180990120896,False,False,0.357261,1,0,1,0,0,False,True
canvas_sfm,richmond:25,False,False,950180990120896,False,False,0.250419,0,0,1,0,0,False,True
stretch,richmond:25,True,False,950180990120896,False,False,0.404846,1,0,1,0,0,False,True
canvas_level,richmond:144,False,False,952482502230245,False,False,0.267163,0,0,1,0,0,False,True
canvas_sfm,richmond:144,False,False,952482502230245,False,False,0.275011,0,0,1,0,0,False,True
stretch,richmond:144,True,True,952482502230245,False,False,0.595843,1,1,1,0,0,False,True
canvas_level,richmond:149,False,False,952510422250561,False,False,0.0,0,0,0,0,0,False,False
canvas_sfm,richmond:149,False,False,952510422250561,False,False,0.144722,0,0,0,0,0,False,False
stretch,richmond:149,False,False,952510422250561,False,False,0.0,0,0,0,0,0,False,False
canvas_level,richmond:145,False,False,952660218846348,False,False,0.0,0,0,0,0,0,True,False
canvas_sfm,richmond:145,False,False,952660218846348,False,False,0.0,0,0,0,0,0,True,False
stretch,richmond:145,False,False,952660218846348,False,False,0.224115,0,0,0,0,0,True,False
canvas_level,richmond:222,False,False,9530226680350240,False,False,0.149809,0,0,0,0,0,False,False
canvas_sfm,richmond:222,False,False,9530226680350240,False,False,0.163209,0,0,0,0,0,False,False
stretch,richmond:222,True,False,9530226680350240,False,False,0.501228,1,0,0,0,0,False,False
canvas_level,richmond:195,False,False,953358925968828,False,False,0.107006,0,0,2,0,0,False,True
canvas_sfm,richmond:195,False,False,953358925968828,False,False,0.160873,0,0,2,0,0,False,True
stretch,richmond:195,False,False,953358925968828,False,False,0.0,0,0,2,0,0,False,True
canvas_level,richmond:149,False,False,953384952151861,False,False,0.0,0,0,0,0,0,False,False
canvas_sfm,richmond:149,False,False,953384952151861,False,False,0.146968,0,0,0,0,0,False,False
stretch,richmond:149,False,False,953384952151861,False,False,0.0,0,0,0,0,0,False,False
canvas_level,richmond:25,False,False,953800653080899,False,False,0.142736,0,0,1,0,0,False,True
canvas_sfm,richmond:25,False,False,953800653080899,False,False,0.198031,0,0,1,0,0,False,True
stretch,richmond:25,True,False,953800653080899,True,False,0.410595,2,0,1,1,0,False,True
canvas_level,richmond:0,True,False,9551528621570126,False,False,0.369861,1,0,0,0,0,False,False
canvas_sfm,richmond:0,True,False,9551528621570126,False,False,0.354331,1,0,0,0,0,False,False
stretch,richmond:0,False,False,9551528621570126,False,False,0.105824,0,0,0,0,0,False,False
canvas_level,richmond:148,True,True,956120775200748,False,False,0.556727,1,1,1,0,0,True,True
canvas_sfm,richmond:148,True,True,956120775200748,False,False,0.570328,1,1,1,0,0,True,True
stretch,richmond:148,False,False,956120775200748,False,False,0.157949,0,0,1,0,0,True,True
canvas_level,richmond:149,False,False,957383038163391,False,False,0.0,0,0,0,0,0,True,False
canvas_sfm,richmond:149,False,False,957383038163391,False,False,0.0,0,0,0,0,0,True,False
stretch,richmond:149,False,False,957383038163391,False,False,0.0,0,0,0,0,0,True,False
canvas_level,richmond:201,True,False,959901621499687,False,False,0.366652,1,0,0,0,0,True,False
canvas_sfm,richmond:201,True,False,959901621499687,False,False,0.361154,1,0,0,0,0,True,False
stretch,richmond:201,False,False,959901621499687,False,False,0.103972,0,0,0,0,0,True,False
canvas_level,richmond:221,False,False,9618759074810461,False,False,0.113337,0,0,0,0,0,True,False
canvas_sfm,richmond:221,False,False,9618759074810461,False,False,0.0,0,0,0,0,0,True,False
stretch,richmond:221,False,False,9618759074810461,False,False,0.138892,0,0,0,0,0,True,False
canvas_level,richmond:25,False,False,962993235928828,False,False,0.189385,0,0,1,0,0,False,True
canvas_sfm,richmond:25,False,False,962993235928828,False,False,0.267583,0,0,1,0,0,False,True
stretch,richmond:25,True,False,962993235928828,False,False,0.503254,1,0,1,0,0,False,True
canvas_level,richmond:6,True,True,963659057730836,False,False,0.62715,1,1,0,0,0,False,False
canvas_sfm,richmond:6,True,True,963659057730836,False,False,0.748716,1,1,0,0,0,False,False
stretch,richmond:6,True,True,963659057730836,False,False,0.741177,1,1,0,0,0,False,False
canvas_level,richmond:201,False,False,966461870773784,False,False,0.0,0,0,0,0,0,True,False
canvas_sfm,richmond:201,False,False,966461870773784,False,False,0.12333,0,0,0,0,0,True,False
stretch,richmond:201,False,False,966461870773784,False,False,0.0,0,0,0,0,0,True,False
canvas_level,richmond:7,False,False,967107142036236,False,False,0.101192,0,0,0,0,0,True,False
canvas_sfm,richmond:7,False,False,967107142036236,False,False,0.132611,0,0,0,0,0,True,False
stretch,richmond:7,False,False,967107142036236,False,False,0.0,0,0,0,0,0,True,False
canvas_level,richmond:6,False,False,9699627406714512,False,False,0.291435,0,0,0,0,0,False,False
canvas_sfm,richmond:6,False,False,9699627406714512,False,False,0.29827,0,0,0,0,0,False,False
stretch,richmond:6,True,True,9699627406714512,False,False,0.761828,2,1,0,1,0,False,False
canvas_level,richmond:40,False,False,970571581190222,False,False,0.13201,0,0,1,0,0,False,True
canvas_sfm,richmond:40,False,False,970571581190222,False,False,0.271581,0,0,1,0,0,False,True
stretch,richmond:40,False,False,970571581190222,False,False,0.0,0,0,1,0,0,False,True
canvas_level,richmond:30,False,False,970822175003533,False,False,0.0,0,0,0,0,0,True,False
canvas_sfm,richmond:30,False,False,970822175003533,False,False,0.0,0,0,0,0,0,True,False
stretch,richmond:30,False,False,970822175003533,False,False,0.0,0,0,0,0,0,True,False
canvas_level,richmond:0,False,False,973843374234909,False,False,0.208062,0,0,0,0,0,True,False
canvas_sfm,richmond:0,False,False,973843374234909,False,False,0.22165,0,0,0,0,0,True,False
stretch,richmond:0,False,False,973843374234909,False,False,0.112776,0,0,0,0,0,True,False
canvas_level,richmond:99,False,False,976826377139301,False,False,0.102456,0,0,0,0,0,True,False
canvas_sfm,richmond:99,False,False,976826377139301,False,False,0.103299,0,0,0,0,0,True,False
stretch,richmond:99,False,False,976826377139301,False,False,0.0,0,0,0,0,0,True,False
canvas_level,richmond:147,False,False,977017689789662,False,False,0.0,0,0,0,0,0,True,False
canvas_sfm,richmond:147,False,False,977017689789662,False,False,0.0,0,0,0,0,0,True,False
stretch,richmond:147,False,False,977017689789662,False,False,0.0,0,0,0,0,0,True,False
canvas_level,richmond:148,False,False,977097556382719,False,False,0.0,0,0,0,0,0,True,False
canvas_sfm,richmond:148,False,False,977097556382719,False,False,0.0,0,0,0,0,0,True,False
stretch,richmond:148,False,False,977097556382719,False,False,0.11903,0,0,0,0,0,True,False
canvas_level,richmond:242,False,False,979348263980800,False,False,0.267438,0,0,0,0,0,False,False
canvas_sfm,richmond:242,False,False,979348263980800,False,False,0.288184,0,0,0,0,0,False,False
stretch,richmond:242,False,False,979348263980800,False,False,0.289033,0,0,0,0,0,False,False
canvas_level,richmond:99,False,False,9817245544962434,False,False,0.0,0,0,0,0,0,True,False
canvas_sfm,richmond:99,False,False,9817245544962434,False,False,0.0,0,0,0,0,0,True,False
stretch,richmond:99,False,False,9817245544962434,False,False,0.152511,0,0,0,0,0,True,False
canvas_level,richmond:129,False,False,982170183806001,False,False,0.150055,0,0,0,0,0,False,False
canvas_sfm,richmond:129,False,False,982170183806001,False,False,0.122385,0,0,0,0,0,False,False
stretch,richmond:129,False,False,982170183806001,False,False,0.163076,0,0,0,0,0,False,False
canvas_level,richmond:96,True,False,982217823789394,False,False,0.351076,1,0,0,0,0,False,False
canvas_sfm,richmond:96,True,False,982217823789394,False,False,0.337765,1,0,0,0,0,False,False
stretch,richmond:96,True,True,982217823789394,False,False,0.632418,1,1,0,0,0,False,False
canvas_level,richmond:115,False,False,983928387129737,False,False,0.268339,0,0,1,0,0,False,True
canvas_sfm,richmond:115,False,False,983928387129737,False,False,0.269133,0,0,1,0,0,False,True
stretch,richmond:115,False,False,983928387129737,False,False,0.0,0,0,1,0,0,False,True
canvas_level,richmond:7,False,False,984317550224370,False,False,0.12643,0,0,0,0,0,True,False
canvas_sfm,richmond:7,False,False,984317550224370,False,False,0.118687,0,0,0,0,0,True,False
stretch,richmond:7,False,False,984317550224370,False,False,0.0,0,0,0,0,0,True,False
canvas_level,richmond:40,True,False,984856443101312,False,False,0.381179,1,0,0,1,0,False,False
canvas_sfm,richmond:40,True,False,984856443101312,False,False,0.323992,1,0,0,1,0,False,False
stretch,richmond:40,False,False,984856443101312,False,False,0.198034,0,0,0,0,0,False,False
canvas_level,richmond:162,True,True,985890353282764,True,True,0.948942,1,1,1,1,1,False,True
canvas_sfm,richmond:162,True,True,985890353282764,True,True,0.928751,1,1,1,1,1,False,True
stretch,richmond:162,True,True,985890353282764,True,True,1.004735,2,1,1,1,1,False,True
canvas_level,richmond:203,True,True,987177426444326,True,True,0.915922,1,1,1,1,1,False,True
canvas_sfm,richmond:203,True,True,987177426444326,True,True,0.927368,2,1,1,1,1,False,True
stretch,richmond:203,True,False,987177426444326,True,False,0.489439,2,0,1,1,0,False,True
canvas_level,richmond:18,False,False,987458638456101,False,False,0.0,0,0,0,0,0,True,False
canvas_sfm,richmond:18,False,False,987458638456101,False,False,0.0,0,0,0,0,0,True,False
stretch,richmond:18,False,False,987458638456101,False,False,0.0,0,0,0,0,0,True,False
canvas_level,richmond:147,True,True,989409672852840,False,False,0.754131,2,1,0,1,1,False,False
canvas_sfm,richmond:147,True,True,989409672852840,False,False,0.688375,2,1,0,1,1,False,False
stretch,richmond:147,True,True,989409672852840,False,False,0.917027,2,2,0,1,1,False,False
canvas_level,richmond:201,False,False,992478454851691,False,False,0.124013,0,0,0,0,0,True,False
canvas_sfm,richmond:201,False,False,992478454851691,False,False,0.111242,0,0,0,0,0,True,False
stretch,richmond:201,False,False,992478454851691,False,False,0.249517,0,0,0,0,0,True,False
canvas_level,richmond:240,True,True,995178445430341,False,False,0.902543,1,1,0,0,0,False,False
canvas_sfm,richmond:240,True,True,995178445430341,False,False,0.916045,1,1,0,0,0,False,False
stretch,richmond:240,True,True,995178445430341,False,False,0.797635,1,1,0,0,0,False,False
canvas_level,richmond:162,True,False,995197182309685,True,False,0.414966,1,0,1,1,0,False,True
canvas_sfm,richmond:162,True,False,995197182309685,True,False,0.451608,1,0,1,1,0,False,True
stretch,richmond:162,True,True,995197182309685,True,True,0.811885,1,1,1,1,1,False,True
canvas_level,richmond:144,False,False,995761439065232,False,False,0.0,0,0,1,0,0,False,True
canvas_sfm,richmond:144,False,False,995761439065232,False,False,0.0,0,0,1,0,0,False,True
stretch,richmond:144,False,False,995761439065232,False,False,0.112753,0,0,1,0,0,False,True
canvas_level,richmond:201,False,False,997964881011668,False,False,0.114333,0,0,0,0,0,True,False
canvas_sfm,richmond:201,False,False,997964881011668,False,False,0.118736,0,0,0,0,0,True,False
stretch,richmond:201,False,False,997964881011668,False,False,0.254263,0,0,0,0,0,True,False
canvas_level,richmond:151,False,False,998160938640339,False,False,0.147255,0,0,0,0,0,False,False
canvas_sfm,richmond:151,False,False,998160938640339,False,False,0.189259,0,0,0,0,0,False,False
stretch,richmond:151,True,False,998160938640339,False,False,0.533616,2,0,0,1,0,False,False
