image_id,sequence,capture_date,make,model,width,height,lat,lng,computed_compass_angle,computed_rotation,camera_parameters,nearest_ramp,nearest_ramp_m
1003399228232198,6e8jRXiFnPEAD5Ughx7CGV,2024-07-14,GoPro,HERO11 Black,5568,4872,37.541303618108,-77.434793819493,135.46687035446,"[0.80246883372079, -1.8527951484959, 1.7180777662461]","[0.42004717973406, -0.10377080581512, 0.0073001403287353]",richmond:197,29.14
1004586808353767,eiyGpjVTl8kWrZgBv3zISE,2025-01-01,Apple,iPhone 11,4032,3024,37.550376543199,-77.446034682242,47.136178842551,"[1.3971653462811, -0.62183322340363, 0.64861962827653]","[0.86765144169845, 0.0035481341479619, 0.00011096989215217]",richmond:75,24.12
1005564398106787,tL5wgUH4svzQiaBo0k7xSj,2025-02-03,none,none,4096,1874,37.535258553861,-77.437691170082,45.731179027296,"[1.4913800145424, -0.63784218047793, 0.61200741978687]","[0.56500489675861, 0.0032201556299409, 0.0032847174160562]",richmond:33,5.42
1006794020823323,GWdebvF1QOErCBnXNhtfVS,2024-06-29,GoPro,HERO11 Black,5568,4872,37.539993853373,-77.432326709994,309.74275371265,"[1.4521795108577, 0.69413047428489, -0.6740073574462]","[0.42735282358916, -0.10737370241525, 0.0079470567517577]",richmond:237,29.23
1008056609938416,w8hy0Wlz8tJRc2uxV5JqIM,2021-01-23,Garmin,VIRB,3264,2448,37.548978580628,-77.440220241092,121.16762573584,"[0.81333227420721, -1.4360744341716, 1.7070839625507]","[0.70310544623019, -0.095213924118172, -0.024453772793845]",richmond:149,6.28
1011298886069150,ATAIxHx8ob0G_E_MVoYe-g,2018-01-14,motorola,moto x4,4032,3024,37.543946695805,-77.443522401094,176.12645025557,"[0.044988967275537, -2.1868883055766, 2.161900729672]","[0.69899328697273, 0.033557204806678, -0.029463180637455]",richmond:29,5.89
1016860570312430,xVvkMDqlOaYeUTwIX2f40c,2025-02-03,none,none,4096,1874,37.541730724223,-77.439979114538,142.76632897259,"[0.64105394392859, -1.9407450309621, 1.7643475975038]","[0.86140466348728, -0.0060575537919208, -0.00086870246209996]",richmond:221,7.87
1017927653239283,lnkxu1XHUOfT3dBtobgM0Q,2024-06-29,GoPro,HERO11 Black,5568,4872,37.546452874001,-77.443144321561,312.10314223246,"[1.484381501274, 0.67415370929376, -0.63472797008046]","[0.32597700999527, -0.061868564567005, 0.0025987291806446]",richmond:46,25.90
1018538526981297,2vBlcK7NUmy9gsraEZ0OLR,2025-02-03,none,none,4096,1874,37.5395278,-77.4407417,251.54240060125,"[1.0392098808283, 1.4424276808138, -1.4424276808138]","[0.58, 0, 0]",richmond:95,5.65
1023991042016696,lnkxu1XHUOfT3dBtobgM0Q,2024-06-29,GoPro,HERO11 Black,5568,4872,37.546376651883,-77.443022716668,310.80518276741,"[1.4752367829684, 0.68662526750777, -0.65654851461271]","[0.32597700999527, -0.061868564567005, 0.0025987291806446]",richmond:46,12.28
1024590725437247,6e8jRXiFnPEAD5Ughx7CGV,2024-07-14,GoPro,HERO11 Black,5568,4872,37.539638662279,-77.432051109232,132.58551893526,"[0.82288330474277, -1.8546245648592, 1.6392108881062]","[0.51794130585331, -0.17113893631427, 0.020443199561747]",richmond:236,7.42
1028074265932094,G8IYvZHK2akQBCD9pAo5dR,2025-08-23,GoPro,GoPro Max,4096,1344,37.541418754744,-77.437476176475,32.023739494469,"[1.3948167684236, -0.56838938227053, 0.27666423598161]","[0.46291373185623, -0.018800683329087, -0.037417372355411]",richmond:8,9.25
1028683631954380,GWdebvF1QOErCBnXNhtfVS,2024-06-29,GoPro,HERO11 Black,5568,4872,37.539800220628,-77.432022830314,313.04185549434,"[1.4554914686457, 0.63632094731469, -0.64099434088157]","[0.42735282358916, -0.10737370241525, 0.0079470567517577]",richmond:236,18.48
1029256992574760,qVTQFIHbvh1wrWuZ7mAKoR,2025-02-03,none,none,4096,1874,37.546946153731,-77.43929092048,230.45292858408,"[0.89241127135397, 1.9588244800888, -1.4688480314356]","[0.61669470208105, -0.010398946808058, -0.001981698652351]",richmond:6,14.92
1029792658511819,lnkxu1XHUOfT3dBtobgM0Q,2024-06-29,GoPro,HERO11 Black,5568,4872,37.546701539449,-77.443535036338,310.19398167699,"[1.5027142770549, 0.71134416068963, -0.65425028661866]","[0.46607738994804, -0.035806758044037, -0.020504212199763]",richmond:229,12.81
1031587881655699,nue465Xfgv1VDJs8mW9TFU,2024-06-09,GoPro,HERO11 Black,5568,4872,37.543150316655,-77.430143657871,292.94112748026,"[1.2260752401729, 0.97452667625564, -0.79403759139654]","[0.47748621806084, -0.016467457493507, -0.01895092132761]",richmond:171,15.88
1034670767273296,ATAIxHx8ob0G_E_MVoYe-g,2018-01-14,motorola,moto x4,4032,3024,37.537957590097,-77.43820694513,132.41622448603,"[0.73767687620555, -1.8026726224904, 1.6441924227999]","[0.73496183766804, 0.03349823947023, -0.02910622363438]",richmond:21,25.18
1035301714770353,6e8jRXiFnPEAD5Ughx7CGV,2024-07-14,GoPro,HERO11 Black,5568,4872,37.541361851301,-77.434889885865,135.61387127353,"[0.78471621002931, -1.8532156110679, 1.7134399676054]","[0.42004717973406, -0.10377080581512, 0.0073001403287353]",richmond:197,26.29
1039229080957896,4pTSeDONrRqohUYIvbK8l5,2024-06-09,GoPro,HERO11 Black,5568,4872,37.54896030242,-77.439912043153,310.92904161062,"[1.4743565997967, 0.72831749304591, -0.61249511254785]","[0.4283172732332, -0.1130849763788, 0.0083354673436015]",richmond:151,15.71
1047584560597228,G8IYvZHK2akQBCD9pAo5dR,2025-08-23,GoPro,GoPro Max,4096,1344,37.541369008732,-77.437530198691,41.584233127443,"[1.4599119239249, -0.61181069878295, 0.51711568387025]","[0.85404545153588, -0.0001172747528559, 3.921317757606e-05]",richmond:8,13.40
1059497169304326,G8IYvZHK2akQBCD9pAo5dR,2025-08-23,GoPro,GoPro Max,4096,1344,37.541286171532,-77.437574732662,132.25214522706,"[0.90309932873467, -2.0602670740528, 1.4371562572612]","[0.96189101225344, -0.0049929592251723, -0.0027066365665191]",richmond:8,22.95
1059546952186882,6e8jRXiFnPEAD5Ughx7CGV,2024-07-14,GoPro,HERO11 Black,5568,4872,37.541970155933,-77.435893593801,133.93857538369,"[0.82784607058355, -1.8378536485297, 1.6996177841469]","[0.42004717973406, -0.10377080581512, 0.0073001403287353]",richmond:162,11.19
1060564174472046,Yyo2YprvMTjOcScG5Mi2mM,2021-01-23,Garmin,VIRB,3264,2448,37.548136110928,-77.441030562593,350.72579928769,"[1.5647057832827, 0.12451749062794, -0.12961413788718]","[0.694146527347, -0.062403390616, -0.0603994499556]",richmond:201,26.06
1061306644393484,7ei3xhrbj8vl21vyr5lzxv,2018-08-06,Apple,iPhone6S,1920,1080,37.535759948453,-77.429721184176,200.6033322355,"[0.26863872079328, 2.0268100142751, -1.9485755631285]","[1.0578230775592, 0.0041323145233245, 0.00071445265190373]",richmond:19,19.56
1066685191922972,G8IYvZHK2akQBCD9pAo5dR,2025-08-23,GoPro,GoPro Max,4096,1344,37.541261180897,-77.437559983681,108.71413115573,"[0.99553692776426, -1.4683251358702, 1.4042376735934]","[0.96189101225344, -0.0049929592251723, -0.0027066365665191]",richmond:8,25.53
1067497853775806,yhuH8uEftI_M2nv_TJ1BOA,2017-11-16,Apple,iPhone,3264,2448,37.542677643693,-77.437433441417,127.45559798069,"[0.7382618525425, -1.5518418020718, 1.737326971101]","[0.8492771594414, 0.082760794335256, -0.12987212415825]",richmond:51,22.64
1070295095247701,G8IYvZHK2akQBCD9pAo5dR,2025-08-23,GoPro,GoPro Max,4096,1344,37.541276897381,-77.437566714387,132.32838491774,"[0.65397731734752, -1.6691578583694, 1.7182711824776]","[0.96189101225344, -0.0049929592251723, -0.0027066365665191]",richmond:8,23.86
1071828018455014,G8IYvZHK2akQBCD9pAo5dR,2025-08-23,GoPro,GoPro Max,4096,1344,37.541260978908,-77.437557654781,107.66653000925,"[1.0008437095819, -1.3841173198119, 1.459276512672]","[0.96189101225344, -0.0049929592251723, -0.0027066365665191]",richmond:8,25.54
1077677217785628,G8IYvZHK2akQBCD9pAo5dR,2025-08-23,GoPro,GoPro Max,4096,1344,37.541366019931,-77.437533531554,39.519623239705,"[1.4958382198831, -0.54691913925509, 0.53156710585698]","[0.85575502164257, 5.528397103654e-05, 1.225284754071e-05]",richmond:8,13.74
1078525751150579,G8IYvZHK2akQBCD9pAo5dR,2025-08-23,GoPro,GoPro Max,4096,1344,37.541417910677,-77.437476558867,29.487717298525,"[1.5449668487324, -0.37250605781688, 0.43548105540092]","[0.46291373185623, -0.018800683329087, -0.037417372355411]",richmond:8,9.31
1080570085803809,m8qzbtvzktp4j269bqrz9q,2018-07-31,Apple,iPhone6S,1920,1080,37.549910852236,-77.446484247393,215.94778226355,"[0.6138112493495, 1.8349125047143, -1.8953502897631]","[0.89488391433421, 0.011814041565834, -0.0048548537264834]",richmond:185,26.78
1085756786899266,qVTQFIHbvh1wrWuZ7mAKoR,2025-02-03,none,none,4096,1874,37.5496417,-77.4368028,241.48950718774,"[0.93120738378072, 1.5655451104207, -1.5655451104207]","[0.58, 0, 0]",richmond:170,24.40
108629378925751,EsPJ7herbXIlGnm69cjqCW,2023-06-09,Apple,iPhone 13,4032,3024,37.537717343108,-77.439816922685,74.914208722213,"[1.3295964323098, -1.0880687060046, 0.94213184804611]","[0.404523526926, -0.00048672221672097, -0.00028403876791042]",richmond:195,2.83
1086439813286478,ZViT8LR5yaJnOk0QhCbm3I,2025-02-03,none,none,4096,1874,37.541868035207,-77.44020501125,142.59664810792,"[0.69556922477154, -1.998246014882, 1.7272623251026]","[0.98597005603244, -0.013481134618189, -0.001292382559396]",richmond:222,5.43
1092647941140892,s26m6zf69vcqamja9ntlpk,2019-01-06,Apple,iPhoneXS_Max,1920,1080,37.535526679656,-77.429724428729,22.937411656816,"[1.4819977133874, -0.33161801939262, 0.28872413450569]","[0.88123684448743, -0.013832500668883, -0.0072209248019195]",richmond:18,25.52
1092779572545829,YWwk2ulpE791bDAe0LnjCF,2024-12-31,Apple,iPhone 11,4032,3024,37.550753124298,-77.445607104531,226.35896622324,"[0.75809506864509, 1.6867835453935, -1.8087163826804]","[0.89460040017352, -0.001731777060295, -0.0013694808810796]",richmond:74,8.98
1096403074764319,nue465Xfgv1VDJs8mW9TFU,2024-06-09,GoPro,HERO11 Black,5568,4872,37.5435532,-77.4310578,314.01888495919,"[1.4782570122861, 0.62719537824776, -0.62719537824776]","[0.41666666666667, 0, 0]",richmond:35,17.62
1096427365387746,G8IYvZHK2akQBCD9pAo5dR,2025-08-23,GoPro,GoPro Max,4096,1344,37.541192400186,-77.43746199403,148.08694972899,"[0.47643640746951, -1.8820307174261, 1.882449800626]","[1.0625843446207, -0.0098939198681565, -0.0018362697353777]",richmond:11,28.31
1098047215242184,G8IYvZHK2akQBCD9pAo5dR,2025-08-23,GoPro,GoPro Max,4096,1344,37.541367513925,-77.43753185193,40.17814367728,"[1.4857140761807, -0.55713139365367, 0.53788909543918]","[0.85575502164257, 5.528397103654e-05, 1.225284754071e-05]",richmond:8,13.57
1098385138636381,G8IYvZHK2akQBCD9pAo5dR,2025-08-23,GoPro,GoPro Max,4096,1344,37.541195720993,-77.437464674133,147.73846228487,"[0.46759273936231, -1.8661701276307, 1.8800892022621]","[1.0625843446207, -0.0098939198681565, -0.0018362697353777]",richmond:11,28.03
1100660151753737,YWwk2ulpE791bDAe0LnjCF,2024-12-31,Apple,iPhone 11,4032,3024,37.550827646086,-77.445538934824,226.69423262688,"[0.7577238371463, 1.6688189786417, -1.816138821176]","[0.89460040017352, -0.001731777060295, -0.0013694808810796]",richmond:74,19.23
1101734711504541,G8IYvZHK2akQBCD9pAo5dR,2025-08-23,GoPro,GoPro Max,4096,1344,37.541467665635,-77.437317241426,192.92111602501,"[0.5189769092344, 2.3731541510915, -1.9717110736132]","[0.96459246257272, -0.00087517307472183, 0.00018115390885694]",richmond:11,5.33
1102522938225705,zFMP9uVOwjfLgNcEApxlBk,2025-02-03,none,none,4096,1874,37.539654511888,-77.440602348772,234.40690177477,"[0.89189088055236, 1.918171692381, -1.4003313779158]","[0.89538514411005, -0.0029271413571262, -0.0015467272379897]",richmond:93,11.68
1102988843523546,w8hy0Wlz8tJRc2uxV5JqIM,2021-01-23,Garmin,VIRB,3264,2448,37.548978585271,-77.440220257342,121.16829348758,"[0.81329882736218, -1.4360521447226, 1.7071044419921]","[0.70310544623019, -0.095213924118172, -0.024453772793845]",richmond:149,6.28
1105213509976522,aq2cb4xkntbib56wxwulgc,2018-09-08,Apple,iPhone,4032,3024,37.537801514077,-77.438141155603,200.10930267934,"[0.30457529786822, 1.904449163325, -2.1066815936187]","[0.83527288785031, 0.061936923544991, -0.096207779018105]",richmond:21,10.36
1105577067980514,2vBlcK7NUmy9gsraEZ0OLR,2025-02-03,none,none,4096,1874,37.5397417,-77.4405306,255.22587309924,"[1.0760090765892, 1.3965738572334, -1.3965738572334]","[0.58, 0, 0]",richmond:93,21.74
1106118344488534,G8IYvZHK2akQBCD9pAo5dR,2025-08-23,GoPro,GoPro Max,4096,1344,37.541418294914,-77.437477679274,36.670977877679,"[1.4666680162116, -0.50661686196395, 0.4883853220001]","[0.46291373185623, -0.018800683329087, -0.037417372355411]",richmond:8,9.22
1107182713120780,aq2cb4xkntbib56wxwulgc,2018-09-08,Apple,iPhone,4032,3024,37.537456191439,-77.438484867035,216.63405305015,"[0.58722021801987, 1.737798306198, -1.9507327435157]","[0.83527288785031, 0.061936923544991, -0.096207779018105]",richmond:22,29.61
110748877802469,Yyo2YprvMTjOcScG5Mi2mM,2021-01-23,Garmin,VIRB,3264,2448,37.549038449449,-77.440281445566,296.30796189157,"[1.385049862269, 0.72415029156607, -1.0105566209761]","[0.70407134294493, -0.081676421436449, -0.032388966450689]",richmond:148,2.37
1108649854257876,YWwk2ulpE791bDAe0LnjCF,2024-12-31,Apple,iPhone 11,4032,3024,37.545761140215,-77.44893453042,189.80313145179,"[0.21390658988457, 2.0495487787972, -2.2387681326834]","[0.88124319789899, 0.00055096017353093, 0.00049005568806544]",richmond:228,17.51
1111979870258136,G8IYvZHK2akQBCD9pAo5dR,2025-08-23,GoPro,GoPro Max,4096,1344,37.541443061451,-77.437338511272,191.05966471511,"[-0.5400636578381, -2.3419628277592, 1.9565822332741]","[0.96459246257272, -0.00087517307472183, 0.00018115390885694]",richmond:11,2.13
1116178962787492,lnkxu1XHUOfT3dBtobgM0Q,2024-06-29,GoPro,HERO11 Black,5568,4872,37.546338511737,-77.44295928307,310.58009150369,"[1.4705726338981, 0.68662793650489, -0.66188056893582]","[0.32597700999527, -0.061868564567005, 0.0025987291806446]",richmond:46,5.47
1118237783124497,pHbe8cyAdVnfhLMmaEFuWj,2025-02-03,none,none,4096,1874,37.5497278,-77.4367194,217.01,"[0.61925398329871, 1.8502184687839, -1.8502184687839]","[0.58, 0, 0]",richmond:170,12.77
112135867603879,hMfZ50zbiU94YK04ZPbAwr,2021-01-23,Garmin,VIRB,3264,2448,37.54898416184,-77.440228406963,38.133761423329,"[1.3893101861505, -0.43403245217989, 0.59578140079641]","[0.73255594613238, -0.069974959622302, -0.055812110428014]",richmond:149,6.91
1121507999619567,tyhOIMiG6C7uU4RVjScHbk,2025-02-03,none,none,4096,1874,37.543728079881,-77.44375720384,55.063561708624,"[1.5312457736289, -0.74146280945078, 0.77271505507392]","[0.85515079937334, -0.0046509269017086, -0.00087079086625475]",richmond:28,18.71
1122773632487164,MDYAX2KfQVCzbimEOl8WIk,2025-02-03,none,none,4096,1874,37.541692799381,-77.439804594049,151.94660880307,"[0.63257200959247, -2.2088486346158, 1.7437589562337]","[0.63195880414637, -0.0015131863596812, 0.00033254121949706]",richmond:221,21.83
1123471766388377,G8IYvZHK2akQBCD9pAo5dR,2025-08-23,GoPro,GoPro Max,4096,1344,37.541280829405,-77.437568681253,133.82042279057,"[0.69282478900815, -1.7531776418227, 1.7090437940226]","[0.96189101225344, -0.0049929592251723, -0.0027066365665191]",richmond:8,23.45
112417647590384,7ei3xhrbj8vl21vyr5lzxv,2018-08-06,Apple,iPhone6S,1920,1080,37.535836564568,-77.42968875463,201.98575181122,"[0.29541193987614, 2.0136406678475, -1.9375825321742]","[1.0578230775592, 0.0041323145233245, 0.00071445265190373]",richmond:19,23.55
1124786108865873,zFMP9uVOwjfLgNcEApxlBk,2025-02-03,none,none,4096,1874,37.539613577184,-77.440643670804,235.68203259422,"[0.89460610651755, 1.892388179102, -1.3920309149756]","[0.89538514411005, -0.0029271413571262, -0.0015467272379897]",richmond:93,7.78
1124789892710951,YWwk2ulpE791bDAe0LnjCF,2024-12-31,Apple,iPhone 11,4032,3024,37.550427910063,-77.445935749758,227.69155241444,"[0.77563404316045, 1.6707667838212, -1.7940251816506]","[0.89460040017352, -0.001731777060295, -0.0013694808810796]",richmond:75,14.02
1125061241321480,ek1x6s0ezix1so1cqrndmy,2018-08-19,Apple,iPhoneX,1920,1080,37.535675465102,-77.429665316679,7.8367179018057,"[1.5769114411825, -0.13702180012698, 0.078362821540625]","[0.7987701569412, -0.0046686949540444, -0.0034205373749227]",richmond:19,26.66
1126319315371952,sjF1xVORm0cTNU4yqIvL9W,2025-02-03,none,none,4096,1874,37.536682360896,-77.440537669039,144.48140425664,"[0.68878224616945, -2.0183011254571, 1.7596352373393]","[0.76639963173854, -0.0051997294123806, 0.00040805639653863]",richmond:0,17.42
1126993112308828,5EkNdnV0SDH6yzW4FKtqw7,2025-02-03,none,none,4096,1874,37.538640739539,-77.441635494661,236.10543522675,"[0.86294456484367, 1.8140301701543, -1.4454714879797]","[0.96436402353645, -0.013520894847123, -0.0020871129953137]",richmond:24,6.64
1128331001942012,hjp8IrnAG0fkNBKDOo6d51,2025-02-03,none,none,4096,1874,37.541916599635,-77.440301988499,141.29457866864,"[0.8261690680392, -2.1252598344825, 1.5979442817506]","[0.62368812883845, -0.006144797061278, -0.0025218863449247]",richmond:222,14.21
1129422790887904,aq2cb4xkntbib56wxwulgc,2018-09-08,Apple,iPhone,4032,3024,37.541876643746,-77.435534999789,305.63935218083,"[1.287152419489, 0.6955056755165, -0.74504132466982]","[0.84705467441372, 0.067764741178245, -0.09509002759296]",richmond:161,19.32
1129525677557785,Yyo2YprvMTjOcScG5Mi2mM,2021-01-23,Garmin,VIRB,3264,2448,37.549038433921,-77.440281449218,296.30532954263,"[1.3850603915785, 0.72416192070571, -1.0106222296363]","[0.70407134294493, -0.081676421436449, -0.032388966450689]",richmond:148,2.37
1129654614224698,7ei3xhrbj8vl21vyr5lzxv,2018-08-06,Apple,iPhone6S,1920,1080,37.535476370576,-77.429821845778,197.37640920604,"[0.22190187319616, 2.0671845223729, -1.9772479797495]","[1.0578230775592, 0.0041323145233245, 0.00071445265190373]",richmond:18,21.04
1131796614768943,6DXipIoGb3vYkWg0tm1lhE,2024-06-09,GoPro,HERO11 Black,5568,4872,37.543193254028,-77.43033552885,114.73054681747,"[1.0181227965827, -1.6083676237495, 1.4506496754252]","[0.39500659555971, -0.12247523282671, 0.010532741459659]",richmond:172,17.95
1131888901581365,1alQ0hE9HzitX83ATMBS7U,2025-02-03,none,none,4096,1874,37.538413389484,-77.441857630042,234.96419435616,"[0.90067265408634, 1.8256539920241, -1.4819865267169]","[0.6991516562391, -0.0049490866249833, -0.0018791934148298]",richmond:24,28.80
1131905335138060,qVTQFIHbvh1wrWuZ7mAKoR,2025-02-03,none,none,4096,1874,37.545798538751,-77.440509812455,230.74813111151,"[0.86510499183161, 1.8151315742367, -1.6003643269669]","[0.75564172821788, -0.0043657940442521, 0.00079827703175924]",richmond:38,23.32
1132103844555525,6e8jRXiFnPEAD5Ughx7CGV,2024-07-14,GoPro,HERO11 Black,5568,4872,37.542891470886,-77.437476395736,137.50095598203,"[0.71195629928323, -1.7972385696978, 1.7895117605944]","[0.42004717973406, -0.10377080581512, 0.0073001403287353]",richmond:51,8.02
1132718841350149,4pTSeDONrRqohUYIvbK8l5,2024-06-09,GoPro,HERO11 Black,5568,4872,37.55006996233,-77.44177018382,309.84208740176,"[1.4949534286467, 0.71953140701079, -0.65463290767548]","[0.4283172732332, -0.1130849763788, 0.0083354673436015]",richmond:84,12.37
1134236694478885,p7VOkMZeLKjPatCA1NvdxS,2025-02-03,none,none,4096,1874,37.539308461203,-77.440939928263,233.91792571493,"[0.83381728955499, 1.8544581325921, -1.455192591075]","[0.82210196390535, -0.0037566693348081, 1.3207993439e-07]",richmond:95,24.51
1134321657847877,7vtIk0S51EjN4LncKiaMfG,2025-02-03,none,none,4096,1874,37.5496472,-77.4368,0,"[1.5707963267949, 0, 0]","[0.58, 0, 0]",richmond:170,23.74
1134342851482779,tyhOIMiG6C7uU4RVjScHbk,2025-02-03,none,none,4096,1874,37.543842254647,-77.443623000356,74.192803479785,"[1.3696234779383, -1.0916054576216, 0.92998692430413]","[0.85515079937334, -0.0046509269017086, -0.00087079086625475]",richmond:28,5.26
1134521698537101,G8IYvZHK2akQBCD9pAo5dR,2025-08-23,GoPro,GoPro Max,4096,1344,37.541267760128,-77.437547024159,162.18995981672,"[0.34010575008559, -2.054357674902, 2.0670026974168]","[0.96189101225344, -0.0049929592251723, -0.0027066365665191]",richmond:8,24.71
1135081557703725,nue465Xfgv1VDJs8mW9TFU,2024-06-09,GoPro,HERO11 Black,5568,4872,37.543123089213,-77.430041889733,294.3452419739,"[1.234801876371, 0.96113807194647, -0.7710904290594]","[0.47748621806084, -0.016467457493507, -0.01895092132761]",richmond:171,21.08
1135745711253944,eiyGpjVTl8kWrZgBv3zISE,2025-01-01,Apple,iPhone 11,4032,3024,37.549860422104,-77.446521860926,47.430057192816,"[1.3609062851998, -0.60837262775301, 0.66265584440527]","[0.87097979127079, 0.011012468941935, 0.0013229605919906]",richmond:188,23.65
1135983761719622,G8IYvZHK2akQBCD9pAo5dR,2025-08-23,GoPro,GoPro Max,4096,1344,37.541241697011,-77.437499962883,148.17224366189,"[0.48517986692083, -1.8852815695428, 1.8882631084451]","[1.0625843446207, -0.0098939198681565, -0.0018362697353777]",richmond:11,24.68
1136303497654165,kXDAa9BdycP6YZReUzr7hb,2024-06-09,GoPro,HERO11 Black,5568,4872,37.551031133889,-77.443453539773,131.08973938688,"[0.81882591069921, -1.774051659727, 1.6756381236176]","[0.56673751962776, -0.10399693775073, -0.019834652196507]",richmond:227,16.35
1136460073511542,ATAIxHx8ob0G_E_MVoYe-g,2018-01-14,motorola,moto x4,4032,3024,37.535911609119,-77.437100458673,41.061129891322,"[1.5102891379365, -0.5723492038507, 0.55108991937251]","[0.72751690908005, 0.030011261356446, -0.027011850333202]",richmond:134,15.12
1136576558131979,j5OUtzRcSX0Qxav8iWewB4,2025-02-03,none,none,4096,1874,37.54375440052,-77.44329738494,148.05768095736,"[0.63165177796068, -2.0732047466783, 1.7802465210794]","[0.76917204203587, -0.00022352870483632, 0.0014742591207916]",richmond:29,24.14
1136772468150242,MDYAX2KfQVCzbimEOl8WIk,2025-02-03,none,none,4096,1874,37.541895367325,-77.440243788424,141.4809317749,"[0.83764833967998, -2.1230147562252, 1.6099508964078]","[0.63195880414637, -0.0015131863596812, 0.00033254121949706]",richmond:222,8.68
1136999824055699,6e8jRXiFnPEAD5Ughx7CGV,2024-07-14,GoPro,HERO11 Black,5568,4872,37.54189914349,-77.435765563561,133.85172553364,"[0.83976681616932, -1.8201921491901, 1.7212035154843]","[0.42004717973406, -0.10377080581512, 0.0073001403287353]",richmond:162,7.90
1137690103372428,hMfZ50zbiU94YK04ZPbAwr,2021-01-23,Garmin,VIRB,3264,2448,37.548987577026,-77.440225900873,38.015184312971,"[1.3902900112859, -0.43595075192267, 0.59031751991137]","[0.73255594613238, -0.069974959622302, -0.055812110428014]",richmond:149,6.67
1138639463858713,lnkxu1XHUOfT3dBtobgM0Q,2024-06-29,GoPro,HERO11 Black,5568,4872,37.548459213883,-77.446493413914,311.13891030741,"[1.491054997476, 0.68538057404572, -0.6514546685653]","[0.43884405123433, -0.1337088077997, 0.013528513586384]",richmond:182,24.39
1140144477983007,G8IYvZHK2akQBCD9pAo5dR,2025-08-23,GoPro,GoPro Max,4096,1344,37.541418036044,-77.437475882376,42.673056105127,"[1.636008695733, -0.55426960962012, 0.6236272472203]","[0.46291373185623, -0.018800683329087, -0.037417372355411]",richmond:8,9.33
1140320093058202,ATAIxHx8ob0G_E_MVoYe-g,2018-01-14,motorola,moto x4,4032,3024,37.539364067685,-77.436640285132,223.47523737969,"[0.79206746476626, 1.8624814717304, -1.734949059145]","[0.73213591925067, 0.036936395307895, -0.027530553870482]",richmond:200,27.07
1141007713883390,6DXipIoGb3vYkWg0tm1lhE,2024-06-09,GoPro,HERO11 Black,5568,4872,37.543131892662,-77.430118682136,117.2115977139,"[0.99961910753051, -1.6342157404639, 1.489129603986]","[0.39500659555971, -0.12247523282671, 0.010532741459659]",richmond:171,18.11
1141424284015286,NiZBKcmQ0IxrfyRSPptCbL,2025-02-03,none,none,4096,1874,37.542920333234,-77.44408383735,333.08397918916,"[1.6976102890639, 0.50233033563339, -0.26422904272866]","[0.63065991993093, -0.012404897580751, -0.0026126269023312]",richmond:115,23.69
1141687636332496,Yyo2YprvMTjOcScG5Mi2mM,2021-01-23,Garmin,VIRB,3264,2448,37.550813891173,-77.445647220274,218.14553922989,"[0.63533880142159, 1.8375729512441, -1.8375729512429]","[0.694146527347, -0.062403390616, -0.0603994499556]",richmond:74,14.19
1141847120909385,YKZkRJx4goEvyBTdpfb2qC,2025-02-03,none,none,4096,1874,37.537630608549,-77.442109114627,136.38635464345,"[0.7942432194885, -1.924975627635, 1.6653596198516]","[0.93125625909229, -0.0034606035836331, 0.0014601351046588]",richmond:99,29.07
1143623763403269,CXvYyuKQrnUPoe1NbS6djB,2025-02-03,none,none,4096,1874,37.540136992621,-77.44013224476,237.29621412809,"[0.9331819759899, 1.8362499740199, -1.4175627178779]","[0.8907346644166, -0.013209973177717, -0.0010554807079253]",richmond:146,29.68
1145197547049642,NiZBKcmQ0IxrfyRSPptCbL,2025-02-03,none,none,4096,1874,37.542980627933,-77.444182893126,333.78728130029,"[1.7268726823901, 0.49214225963803, -0.25799798154503]","[0.63065991993093, -0.012404897580751, -0.0026126269023312]",richmond:115,12.80
1145593567071590,hjp8IrnAG0fkNBKDOo6d51,2025-02-03,none,none,4096,1874,37.541947584952,-77.440383000177,143.74985977448,"[0.76013934007055, -2.1572664385126, 1.6093438750352]","[0.62368812883845, -0.006144797061278, -0.0025218863449247]",richmond:222,22.06
1147431010094819,r9cIPl6b7UnC42EYWs5zGX,2025-02-03,none,none,4096,1874,37.5385667,-77.4416583,176.56635225673,"[0.065670905569446, -2.1909874456031, 2.1909874456031]","[0.58, 0, 0]",richmond:24,9.80
1148093120039180,qVTQFIHbvh1wrWuZ7mAKoR,2025-02-03,none,none,4096,1874,37.5496833,-77.4367611,241.72840375845,"[0.93390487788977, 1.5626561874425, -1.5626561874425]","[0.58, 0, 0]",richmond:170,18.66
1148123762322952,w8hy0Wlz8tJRc2uxV5JqIM,2021-01-23,Garmin,VIRB,3264,2448,37.547933502424,-77.441194235295,21.011202226802,"[1.5512571144017, -0.28677267201895, 0.28865234565469]","[0.70777879597118, -0.062713138518394, -0.05937250519301]",richmond:201,8.49
1148159446506288,GWdebvF1QOErCBnXNhtfVS,2024-06-29,GoPro,HERO11 Black,5568,4872,37.541314376698,-77.434612238055,309.14562427818,"[1.4639541745289, 0.71580608384836, -0.67145932493931]","[0.42735282358916, -0.10737370241525, 0.0079470567517577]",richmond:196,17.80
1150545159545932,lnkxu1XHUOfT3dBtobgM0Q,2024-06-29,GoPro,HERO11 Black,5568,4872,37.546831397414,-77.443748297568,309.56485900379,"[1.4890547109577, 0.71536971894787, -0.66515027471348]","[0.46607738994804, -0.035806758044037, -0.020504212199763]",richmond:233,8.02
1150749229534362,mljMiuUB1obwPOeZxLyT5K,2025-02-03,none,none,4096,1874,37.546909456828,-77.439361048058,226.11334646089,"[0.79905014927255, 1.8418703296061, -1.6801656216683]","[1.4627224262008, -0.024658745958048, -0.00014739878905652]",richmond:6,7.62
1153348679867400,zFMP9uVOwjfLgNcEApxlBk,2025-02-03,none,none,4096,1874,37.539521647601,-77.440737290465,234.76979140514,"[0.83575206638896, 1.8033629478039, -1.4820373328925]","[0.89538514411005, -0.0029271413571262, -0.0015467272379897]",richmond:95,5.23
1153517363015365,C34usnDOXhTe5i1wJqMyFU,2025-02-03,none,none,4096,1874,37.543149820601,-77.444295257564,40.715444242409,"[1.5867737589441, -0.50496313761871, 0.61520999136477]","[0.65947676929054, -0.0057779890315322, -0.0016922990383168]",richmond:116,8.30
1153662303488123,G8IYvZHK2akQBCD9pAo5dR,2025-08-23,GoPro,GoPro Max,4096,1344,37.541266022783,-77.437546953201,161.2712782228,"[0.38909819627832, -2.0666469915426, 2.060114249651]","[0.96189101225344, -0.0049929592251723, -0.0027066365665191]",richmond:8,24.91
1153714343041186,n4SUj9xNWz2Yb8qAoaEXIs,2025-02-03,none,none,4096,1874,37.540355806876,-77.43989314638,235.75150411634,"[0.85467689182228, 1.812937573498, -1.4530293979277]","[0.82759957463973, -0.0028263288155389, 0.0010427715163951]",richmond:144,10.45
1153752752339323,6DXipIoGb3vYkWg0tm1lhE,2024-06-09,GoPro,HERO11 Black,5568,4872,37.549126142335,-77.440234558031,133.28235260832,"[0.76808187590989, -1.8042326358818, 1.6849219396351]","[0.31686562446907, -0.076161913317361, 0.0045627053081717]",richmond:148,8.88
1154856276289221,1alQ0hE9HzitX83ATMBS7U,2025-02-03,none,none,4096,1874,37.538459597468,-77.441816946661,235.14232027477,"[0.90082505838429, 1.8404972040441, -1.461924325784]","[0.6991516562391, -0.0049490866249833, -0.0018791934148298]",richmond:24,22.61
1155822455628266,dSo8DGcRjtYEmMgsvB72L5,2024-07-14,GoPro,HERO11 Black,5568,4872,37.546665160731,-77.443756581088,139.48947368147,"[0.70146334764143, -1.9176775349323, 1.7212616424504]","[0.40122485126348, -0.11858135315861, 0.010319427380999]",richmond:231,9.42
1157934549513308,G8IYvZHK2akQBCD9pAo5dR,2025-08-23,GoPro,GoPro Max,4096,1344,37.541418685238,-77.437476097667,49.11312001573,"[1.3150538093597, -0.73970578212, 0.55638935508005]","[0.46291373185623, -0.018800683329087, -0.037417372355411]",richmond:8,9.26
1160002565838339,bQcfxBVZdPNy7sn64X3lUo,2025-02-03,none,none,4096,1874,37.535488354466,-77.438368003407,151.81191161068,"[0.48861847997353, -1.9462726177655, 1.9462494396889]","[0.58437642996147, 0.00016551259239298, 0.00014275316263182]",richmond:132,26.69
1160732645911417,G8IYvZHK2akQBCD9pAo5dR,2025-08-23,GoPro,GoPro Max,4096,1344,37.541427200517,-77.437127010362,222.55072023518,"[0.84880566917719, 2.1808289965767, -1.4276084658298]","[0.96459246257272, -0.00087517307472183, 0.00018115390885694]",richmond:9,17.80
1161495762514384,G8IYvZHK2akQBCD9pAo5dR,2025-08-23,GoPro,GoPro Max,4096,1344,37.541181576422,-77.437453818356,147.46899278326,"[0.38420664920892, -1.8615697609443, 1.8132265389111]","[1.0625843446207, -0.0098939198681565, -0.0018362697353777]",richmond:11,29.24
1161888075521957,zFMP9uVOwjfLgNcEApxlBk,2025-02-03,none,none,4096,1874,37.539699456985,-77.440557722459,234.02189875907,"[0.87953826915197, 1.9195901630484, -1.4051455110365]","[0.89538514411005, -0.0029271413571262, -0.0015467272379897]",richmond:93,17.21
1163388711971624,qVTQFIHbvh1wrWuZ7mAKoR,2025-02-03,none,none,4096,1874,37.5461694,-77.4400861,246.65355740856,"[0.98808717611278, 1.50268797512, -1.50268797512]","[0.58, 0, 0]",richmond:40,18.45
1165582493882310,ATAIxHx8ob0G_E_MVoYe-g,2018-01-14,motorola,moto x4,4032,3024,37.536719793459,-77.436339399401,40.678806238504,"[1.5385767895581, -0.57363063241615, 0.5434814655798]","[0.75476197523472, 0.036528351596799, -0.025479480207584]",richmond:103,27.79
1165866728488987,mljMiuUB1obwPOeZxLyT5K,2025-02-03,none,none,4096,1874,37.5498722,-77.4367,225.46020506963,"[0.73509272896795, 1.7547056468056, -1.7547056468056]","[0.58, 0, 0]",richmond:170,4.15
1166679675022158,YWwk2ulpE791bDAe0LnjCF,2024-12-31,Apple,iPhone 11,4032,3024,37.549899056641,-77.446534871778,227.68383472245,"[0.77435791127827, 1.6781898164878, -1.7860296912841]","[0.89460040017352, -0.001731777060295, -0.0013694808810796]",richmond:188,26.66
1168168784714141,qVTQFIHbvh1wrWuZ7mAKoR,2025-02-03,none,none,4096,1874,37.545982794971,-77.440231886177,231.30017913087,"[0.88938226649611, 1.9409932139381, -1.4627688752086]","[0.6419152979586, -0.0011154273035746, 0.00075922181018828]",richmond:40,8.96
1169653327406613,4pTSeDONrRqohUYIvbK8l5,2024-06-09,GoPro,HERO11 Black,5568,4872,37.54924141423,-77.440388005188,311.66724610706,"[1.4825827499072, 0.70895901748325, -0.61257933046583]","[0.4283172732332, -0.1130849763788, 0.0083354673436015]",richmond:147,7.05
1170053980087179,w8hy0Wlz8tJRc2uxV5JqIM,2021-01-23,Garmin,VIRB,3264,2448,37.547933501414,-77.441194236945,21.01197838065,"[1.5512401149227, -0.28673943995845, 0.28870559940354]","[0.70777879597118, -0.062713138518394, -0.05937250519301]",richmond:201,8.49
1171064344344649,6DXipIoGb3vYkWg0tm1lhE,2024-06-09,GoPro,HERO11 Black,5568,4872,37.549215802444,-77.440385796137,133.25831676671,"[0.7737558872912, -1.7853090999032, 1.7063741264393]","[0.31686562446907, -0.076161913317361, 0.0045627053081717]",richmond:147,8.82
1171855736561079,RYRGV-ZWSOKWRdCw07o3wA,2018-09-09,Apple,iPhone,4032,3024,37.538480781037,-77.441314575267,305.14750485197,"[1.2164249851407, 0.67878950286333, -0.75223636884722]","[0.87200143110579, 0.054058629173679, -0.097685641560942]",richmond:26,23.37
1173066917275883,dSo8DGcRjtYEmMgsvB72L5,2024-07-14,GoPro,HERO11 Black,5568,4872,37.54614127713,-77.442905164407,133.35944362887,"[0.81821430157132, -1.8580490944025, 1.656559447488]","[0.40122485126348, -0.11858135315861, 0.010319427380999]",richmond:44,11.75
1173219014527746,2vBlcK7NUmy9gsraEZ0OLR,2025-02-03,none,none,4096,1874,37.5396139,-77.4406583,253.46444846579,"[1.0585944619148, 1.4185476958337, -1.4185476958337]","[0.58, 0, 0]",richmond:93,6.51
1174129643928198,lnkxu1XHUOfT3dBtobgM0Q,2024-06-29,GoPro,HERO11 Black,5568,4872,37.54840990004,-77.4464176204,312.68455014716,"[1.4994437076973, 0.66010924696701, -0.63510421051664]","[0.43884405123433, -0.1337088077997, 0.013528513586384]",richmond:182,16.13
1175968217219367,FRnoGPpvqCsVOMc0iWEDxA,2025-02-03,none,none,4096,1874,37.5377694,-77.4423139,166.26185318836,"[0.25226879255952, -2.0941137806732, 2.0941137806732]","[0.58, 0, 0]",richmond:96,9.27
1179075895855179,5rjl3l4r156llm82k1afrv,2018-08-07,Apple,iPhone7,1920,1080,37.550182785957,-77.436607134974,130.03749444713,"[0.92781605142373, -1.752316644208, 1.7170375078091]","[1.1140124588445, -0.021450933258753, -0.0097881899033667]",richmond:169,29.02
1179269906550644,6DXipIoGb3vYkWg0tm1lhE,2024-06-09,GoPro,HERO11 Black,5568,4872,37.549091018968,-77.440173617404,133.37486015024,"[0.79306080351961, -1.8098128192315, 1.6948988183611]","[0.31686562446907, -0.076161913317361, 0.0045627053081717]",richmond:148,10.77
1179505237075382,tL5wgUH4svzQiaBo0k7xSj,2025-02-03,none,none,4096,1874,37.535314267681,-77.438057081481,143.14128682385,"[0.70653361062518, -1.9893511566996, 1.7589854955021]","[0.98913944838179, -0.0068023243831157, -0.0012459649251761]",richmond:130,11.33
1180300979083152,jo2j9a0lafbb4mxlylp1lt,2018-08-08,Apple,iPhone6,1920,1080,37.547846430093,-77.435598053317,229.06934887702,"[0.80253298914756, 1.6805485647242, -1.7572125919338]","[1.0037267102616, 0.023010515998895, -0.00028184823693249]",richmond:23,10.93
1185462042501140,dSo8DGcRjtYEmMgsvB72L5,2024-07-14,GoPro,HERO11 Black,5568,4872,37.544598414043,-77.440289788272,135.63018893226,"[0.71224048444076, -1.8393028279084, 1.69029042094]","[0.40122485126348, -0.11858135315861, 0.010319427380999]",richmond:240,19.90
1188013879318358,lnkxu1XHUOfT3dBtobgM0Q,2024-06-29,GoPro,HERO11 Black,5568,4872,37.548255828791,-77.446195745519,313.26013989507,"[1.4968306730762, 0.65370040946631, -0.62512385423868]","[0.43884405123433, -0.1337088077997, 0.013528513586384]",richmond:182,12.08
1189249372968087,G8IYvZHK2akQBCD9pAo5dR,2025-08-23,GoPro,GoPro Max,4096,1344,37.541178736192,-77.437451657238,151.11396991223,"[0.36572105575405, -1.888460573552, 1.8887788014229]","[1.0625843446207, -0.0098939198681565, -0.0018362697353777]",richmond:11,29.49
1194026131019270,m8qzbtvzktp4j269bqrz9q,2018-07-31,Apple,iPhone6S,1920,1080,37.549574005767,-77.446804647228,216.07217367805,"[0.61535190840869, 1.8445845184541, -1.8827460916286]","[0.89488391433421, 0.011814041565834, -0.0048548537264834]",richmond:188,16.86
1195303458146825,4pTSeDONrRqohUYIvbK8l5,2024-06-09,GoPro,HERO11 Black,5568,4872,37.550010852387,-77.441663749465,309.83912108962,"[1.5077059768687, 0.71598689128494, -0.66032159004799]","[0.4283172732332, -0.1130849763788, 0.0083354673436015]",richmond:85,9.13
1195329198857725,7PckD56UEMwgrdLVeqYyON,2025-02-03,none,none,4096,1874,37.538674359163,-77.441600182001,240.64307440729,"[0.91188438766405, 1.8387512510485, -1.3145779286536]","[0.70720938027925, -0.0083799734600894, -0.0028089330615586]",richmond:24,10.30
1195750185156047,EsPJ7herbXIlGnm69cjqCW,2023-06-09,Apple,iPhone 13,4032,3024,37.537788150362,-77.440013276457,123.71600199107,"[0.8739867576628, -1.7718637844769, 1.4867418903881]","[0.404523526926, -0.00048672221672097, -0.00028403876791042]",richmond:191,12.01
1198262491615870,QPmCdRWHwZr3Bqcnpuxhsg,2024-06-09,GoPro,HERO11 Black,5568,4872,37.549275399897,-77.440486578044,133.34286597696,"[0.78275317688772, -1.800764077294, 1.6979301746673]","[0.39353576542118, -0.0090562232179504, -0.014173752260107]",richmond:147,14.57
1199655171230322,dSo8DGcRjtYEmMgsvB72L5,2024-07-14,GoPro,HERO11 Black,5568,4872,37.548166529325,-77.44612699143,133.84922541892,"[0.8091397647146, -1.8331422230843, 1.692994710198]","[0.40122485126348, -0.11858135315861, 0.010319427380999]",richmond:180,20.40
1199763884370777,lnkxu1XHUOfT3dBtobgM0Q,2024-06-29,GoPro,HERO11 Black,5568,4872,37.548205270197,-77.446120558283,312.30390149128,"[1.4928695776493, 0.67011093142086, -0.6346767050455]","[0.43884405123433, -0.1337088077997, 0.013528513586384]",richmond:182,20.28
1201392161344030,j5OUtzRcSX0Qxav8iWewB4,2025-02-03,none,none,4096,1874,37.543736234241,-77.443267955357,149.04541537887,"[0.60722726484341, -2.0799458312958, 1.7905796600907]","[0.76917204203587, -0.00022352870483632, 0.0014742591207916]",richmond:29,27.32
1202449806861880,aq2cb4xkntbib56wxwulgc,2018-09-08,Apple,iPhone,4032,3024,37.542380882649,-77.436685899514,215.21904383185,"[0.54674787492407, 1.7753470488156, -1.9302870097831]","[0.84705467441372, 0.067764741178245, -0.09509002759296]",richmond:133,6.18
1203378150092581,RYRGV-ZWSOKWRdCw07o3wA,2018-09-09,Apple,iPhone,4032,3024,37.539714261252,-77.443315155791,305.959886257,"[1.3238482839666, 0.72397721571773, -0.71676499104526]","[0.87200143110579, 0.054058629173679, -0.097685641560942]",richmond:219,11.53
1205533819900266,7ei3xhrbj8vl21vyr5lzxv,2018-08-06,Apple,iPhone6S,1920,1080,37.535734876339,-77.429730756222,200.38159058062,"[0.26432482287148, 2.0288566609353, -1.9503747220285]","[1.0578230775592, 0.0041323145233245, 0.00071445265190373]",richmond:19,19.10
1205665957420733,6e8jRXiFnPEAD5Ughx7CGV,2024-07-14,GoPro,HERO11 Black,5568,4872,37.541763490975,-77.435539455412,135.28571863349,"[0.80262424473335, -1.8424581289397, 1.7235389436728]","[0.42004717973406, -0.10377080581512, 0.0073001403287353]",richmond:161,15.15
1207659157653695,MDYAX2KfQVCzbimEOl8WIk,2025-02-03,none,none,4096,1874,37.541722566135,-77.439881042691,147.69453384174,"[0.68479115460838, -2.1609181479706, 1.6935816364276]","[0.63195880414637, -0.0015131863596812, 0.00033254121949706]",richmond:221,14.36
1208333842918819,-C6FxYTP0JyS-NEReC9DNQ,2018-01-14,motorola,moto x4,4032,3024,37.535439985168,-77.437651916969,223.12815937706,"[0.73083961623302, 1.8538890148656, -1.723183160844]","[0.7772121959424, 0.035674918404861, -0.027707520045243]",richmond:33,15.99
1208651903919459,6e8jRXiFnPEAD5Ughx7CGV,2024-07-14,GoPro,HERO11 Black,5568,4872,37.541869569248,-77.435714117135,134.04311188942,"[0.83445049422982, -1.8297422787717, 1.7144216950309]","[0.42004717973406, -0.10377080581512, 0.0073001403287353]",richmond:161,10.75
1209255356730484,6DXipIoGb3vYkWg0tm1lhE,2024-06-09,GoPro,HERO11 Black,5568,4872,37.549013814194,-77.440041716529,133.57515217166,"[0.78047795739309, -1.7973779278863, 1.7072318928535]","[0.31686562446907, -0.076161913317361, 0.0045627053081717]",richmond:151,7.04
1212262932560238,hMfZ50zbiU94YK04ZPbAwr,2021-01-23,Garmin,VIRB,3264,2448,37.547865813076,-77.441231982647,41.267579373666,"[1.3492363538944, -0.47726769651925, 0.62952939526626]","[0.72756885963756, -0.06987080674513, -0.0629948717421]",richmond:201,12.36
1214095962356513,ATAIxHx8ob0G_E_MVoYe-g,2018-01-14,motorola,moto x4,4032,3024,37.535049580322,-77.437953185157,44.13053211356,"[1.4422752995529, -0.60390686706345, 0.59238628141129]","[0.72751690908005, 0.030011261356446, -0.027011850333202]",richmond:128,9.85
1220618043076664,G8IYvZHK2akQBCD9pAo5dR,2025-08-23,GoPro,GoPro Max,4096,1344,37.541417806223,-77.437476050119,27.579378289452,"[1.5904173515266, -0.3154421543219, 0.44198616573487]","[0.46291373185623, -0.018800683329087, -0.037417372355411]",richmond:8,9.34
1225868392121852,lnkxu1XHUOfT3dBtobgM0Q,2024-06-29,GoPro,HERO11 Black,5568,4872,37.542930038181,-77.437396781415,310.17484483305,"[1.4818004141267, 0.73755156002562, -0.62580765662766]","[0.42287104387629, -0.021966235863759, -0.014660965934809]",richmond:50,14.05
1234274401831251,G8IYvZHK2akQBCD9pAo5dR,2025-08-23,GoPro,GoPro Max,4096,1344,37.541482110451,-77.437307690498,274.77355031371,"[1.2474397459172, 1.1476111556608, -1.1476111556608]","[0.85, 0, 0]",richmond:11,7.09
1238223753949485,YWwk2ulpE791bDAe0LnjCF,2024-12-31,Apple,iPhone 11,4032,3024,37.55064657219,-77.445917985795,224.2738216795,"[0.59608722537907, 1.7042857189797, -1.7495658327854]","[0.89460040017352, -0.001731777060295, -0.0013694808810796]",richmond:75,14.92
1238324429970828,ATAIxHx8ob0G_E_MVoYe-g,2018-01-14,motorola,moto x4,4032,3024,37.539414126196,-77.436588839152,223.49784717642,"[0.76940500137538, 1.8655170745145, -1.7198908546256]","[0.73213591925067, 0.036936395307895, -0.027530553870482]",richmond:200,20.44
1239796990523023,dSo8DGcRjtYEmMgsvB72L5,2024-07-14,GoPro,HERO11 Black,5568,4872,37.5482918112,-77.446353710818,132.98930408573,"[0.82647069379271, -1.8252851311797, 1.6835609717881]","[0.40122485126348, -0.11858135315861, 0.010319427380999]",richmond:182,2.44
1242674610036716,lnkxu1XHUOfT3dBtobgM0Q,2024-06-29,GoPro,HERO11 Black,5568,4872,37.546633845228,-77.443425674404,310.50462627966,"[1.5015253222863, 0.69636875704815, -0.65996905446077]","[0.46607738994804, -0.035806758044037, -0.020504212199763]",richmond:229,23.90
1243920046987094,GWdebvF1QOErCBnXNhtfVS,2024-06-29,GoPro,HERO11 Black,5568,4872,37.539456620286,-77.431496444603,310.2998714788,"[1.441486890652, 0.67386133323595, -0.67668838113926]","[0.42735282358916, -0.10737370241525, 0.0079470567517577]",richmond:159,27.63
1251250483465444,G8IYvZHK2akQBCD9pAo5dR,2025-08-23,GoPro,GoPro Max,4096,1344,37.541443076067,-77.43733850549,229.48038657085,"[0.92487803492532, 1.3785311440596, -2.1380504893696]","[0.98779758302594, -0.0083460971450409, -0.0021574304289263]",richmond:11,2.13
1253836802731176,G8IYvZHK2akQBCD9pAo5dR,2025-08-23,GoPro,GoPro Max,4096,1344,37.541271158807,-77.437566812711,121.05258049225,"[0.84390410741377, -1.553258036969, 1.6069646256432]","[0.96189101225344, -0.0049929592251723, -0.0027066365665191]",richmond:8,24.50
1258127678589751,mljMiuUB1obwPOeZxLyT5K,2025-02-03,none,none,4096,1874,37.546777030457,-77.439484522978,226.17227140579,"[0.80706958364836, 1.8544891219905, -1.6690958884804]","[1.4627224262008, -0.024658745958048, -0.00014739878905652]",richmond:7,4.74
1259482125856243,G8IYvZHK2akQBCD9pAo5dR,2025-08-23,GoPro,GoPro Max,4096,1344,37.541418053934,-77.437476598418,30.33054410035,"[1.4839040027464, -0.42102465410568, 0.40248458425217]","[0.46291373185623, -0.018800683329087, -0.037417372355411]",richmond:8,9.30
1259657941786135,7PckD56UEMwgrdLVeqYyON,2025-02-03,none,none,4096,1874,37.538917906954,-77.441355902064,240.02211144669,"[0.94035336336531, 1.8681078253023, -1.3130764455534]","[0.59254659531906, 0.0021065071715577, 0.0019677756875785]",richmond:25,24.24
1260252075057790,n4SUj9xNWz2Yb8qAoaEXIs,2025-02-03,none,none,4096,1874,37.540578694544,-77.43968200531,233.26484537688,"[0.82968910384934, 1.8840024109069, -1.4426230161252]","[0.82759957463973, -0.0028263288155389, 0.0010427715163951]",richmond:144,20.99
1261656671881540,6e8jRXiFnPEAD5Ughx7CGV,2024-07-14,GoPro,HERO11 Black,5568,4872,37.541943903548,-77.435844471134,134.15001417058,"[0.82044389124254, -1.8249164986219, 1.7161269295738]","[0.42004717973406, -0.10377080581512, 0.0073001403287353]",richmond:162,7.60
1262566074158868,jo2j9a0lafbb4mxlylp1lt,2018-08-08,Apple,iPhone6,1920,1080,37.547934556071,-77.435463622,236.97041540838,"[0.88313769783601, 1.5810009366788, -1.6610345763893]","[1.0037267102616, 0.023010515998895, -0.00028184823693249]",richmond:23,17.30
1262778631997621,G8IYvZHK2akQBCD9pAo5dR,2025-08-23,GoPro,GoPro Max,4096,1344,37.541419067715,-77.437475728579,30.442933975169,"[1.5389961711861, -0.41574407973239, 0.4180433907149]","[0.46291373185623, -0.018800683329087, -0.037417372355411]",richmond:8,9.24
1265142704561440,fCLD0eXEIQtTqbx3pYJynk,2025-02-03,none,none,4096,1874,37.538061384782,-77.44208486824,248.7125088877,"[1.0605499418055, 1.6949814299939, -1.2841587946634]","[0.51928438115172, -0.0067391407420203, -0.0092143655091313]",richmond:96,29.77
1265600621335232,MDYAX2KfQVCzbimEOl8WIk,2025-02-03,none,none,4096,1874,37.541784667595,-77.440005847057,147.32005642001,"[0.68910963384929, -2.1571352517846, 1.6885176734238]","[0.63195880414637, -0.0015131863596812, 0.00033254121949706]",richmond:221,1.45
1269558668184058,G8IYvZHK2akQBCD9pAo5dR,2025-08-23,GoPro,GoPro Max,4096,1344,37.5414188058,-77.437476902562,44.146480574598,"[1.2632858872834, -0.69618416652746, 0.43896828597336]","[0.46291373185623, -0.018800683329087, -0.037417372355411]",richmond:8,9.21
1271468953967182,No2AeOb4sxtDaLEZrnV3lC,2025-02-03,none,none,4096,1874,37.540282383712,-77.439983309275,238.00275152186,"[0.886915464197, 1.8055679141148, -1.410204322745]","[0.60998717242782, -0.0023037743949254, -0.0021017061431342]",richmond:146,14.56
1273950750544010,tyhOIMiG6C7uU4RVjScHbk,2025-02-03,none,none,4096,1874,37.543684056324,-77.443795033022,54.950520736175,"[1.5273920694728, -0.74191038352761, 0.76873281165217]","[0.85515079937334, -0.0046509269017086, -0.00087079086625475]",richmond:28,24.60
1274306453844895,FRnoGPpvqCsVOMc0iWEDxA,2025-02-03,none,none,4096,1874,37.538064406786,-77.442088476168,243.6832918223,"[0.9806519974518, 1.6216017957319, -1.4679673934109]","[1.0508950787596, -0.012639767251291, -0.0022372504726072]",richmond:96,29.84
1276011930028285,6DXipIoGb3vYkWg0tm1lhE,2024-06-09,GoPro,HERO11 Black,5568,4872,37.54356974586,-77.431193372943,133.29591652343,"[0.80036049539557, -1.8317860251173, 1.6735050482827]","[0.39500659555971, -0.12247523282671, 0.010532741459659]",richmond:35,17.43
1276214893339113,6DXipIoGb3vYkWg0tm1lhE,2024-06-09,GoPro,HERO11 Black,5568,4872,37.549054595566,-77.440111608383,133.8488857826,"[0.78552083014055, -1.7986243536515, 1.7168761885391]","[0.31686562446907, -0.076161913317361, 0.0045627053081717]",richmond:149,8.07
1278821350169117,kXDAa9BdycP6YZReUzr7hb,2024-06-09,GoPro,HERO11 Black,5568,4872,37.55005604143,-77.441786209392,132.71989935183,"[0.8074459767916, -1.7934417818455, 1.6992011348064]","[0.3815451096435, -0.036761335838536, -0.0060561575565738]",richmond:84,14.45
1279066819728821,6e8jRXiFnPEAD5Ughx7CGV,2024-07-14,GoPro,HERO11 Black,5568,4872,37.542963817961,-77.43758617349,137.72505996878,"[0.71786430000736, -1.7950834404987, 1.802050626638]","[0.42004717973406, -0.10377080581512, 0.0073001403287353]",richmond:51,12.25
1283346850199007,G8IYvZHK2akQBCD9pAo5dR,2025-08-23,GoPro,GoPro Max,4096,1344,37.541369299082,-77.437529859894,33.742763246013,"[1.7210948154162, -0.2242446579649, 0.68420134141776]","[0.85404545153588, -0.0001172747528559, 3.921317757606e-05]",richmond:8,13.37
1283885792700135,FRnoGPpvqCsVOMc0iWEDxA,2025-02-03,none,none,4096,1874,37.537687246194,-77.442212512978,141.09785867153,"[0.68356523076345, -1.8603827302535, 1.8199303177724]","[0.82509236283483, -0.0074207718107331, -0.0018404470556582]",richmond:99,18.34
1285737698991720,EsPJ7herbXIlGnm69cjqCW,2023-06-09,Apple,iPhone 13,4032,3024,37.537866123976,-77.440150042852,129.17098720338,"[0.87527949076786, -1.9177963483034, 1.495401396972]","[0.404523526926, -0.00048672221672097, -0.00028403876791042]",richmond:191,26.41
1287268355824758,YWwk2ulpE791bDAe0LnjCF,2024-12-31,Apple,iPhone 11,4032,3024,37.549713640647,-77.446692460813,224.0418062678,"[0.67714551083574, 1.6297052544264, -1.884976149637]","[0.72748417162685, -0.0058412445937661, -0.0077927331878829]",richmond:188,2.91
1287681815838258,tL5wgUH4svzQiaBo0k7xSj,2025-02-03,none,none,4096,1874,37.535228925662,-77.437774701664,88.761528305871,"[1.2144158497551, -1.2309301971879, 1.1542934267783]","[0.56500489675861, 0.0032201556299409, 0.0032847174160562]",richmond:127,9.45
1290594148034610,ATAIxHx8ob0G_E_MVoYe-g,2018-01-14,motorola,moto x4,4032,3024,37.53940007983,-77.438253821773,311.95704684817,"[1.4183262537534, 0.63348999121642, -0.66679545678858]","[0.7187390875934, 0.030479116829806, -0.027907214864533]",richmond:252,26.77
1290793538821257,C34usnDOXhTe5i1wJqMyFU,2025-02-03,none,none,4096,1874,37.543275744174,-77.444182109921,57.470232208874,"[1.4859391792071, -0.81715754089796, 0.75906083293759]","[0.65947676929054, -0.0057779890315322, -0.0016922990383168]",richmond:116,23.52
1291797102440636,G8IYvZHK2akQBCD9pAo5dR,2025-08-23,GoPro,GoPro Max,4096,1344,37.541347901079,-77.437585619317,132.14707393593,"[0.37661216638071, -1.4300794274129, 1.673017531729]","[0.75809459440663, 0.00061301808115075, 0.001042479104411]",richmond:8,16.47
1292888315798421,G8IYvZHK2akQBCD9pAo5dR,2025-08-23,GoPro,GoPro Max,4096,1344,37.541297805944,-77.437550402714,162.80002093819,"[0.44601477529004, -2.1576987170779, 2.0508383475243]","[0.96189101225344, -0.0049929592251723, -0.0027066365665191]",richmond:8,21.40
1293388144410928,w8hy0Wlz8tJRc2uxV5JqIM,2021-01-23,Garmin,VIRB,3264,2448,37.547933502447,-77.441194234336,21.010337529777,"[1.5513968923521, -0.28688358739652, 0.28852854524928]","[0.70777879597118, -0.062713138518394, -0.05937250519301]",richmond:201,8.49
1293703115051938,fOGlpY58IRPZL1gDdvwjMm,2025-02-03,none,none,4096,1874,37.539303512155,-77.440948644165,242.94773724161,"[0.94755139754457, 1.5477217171819, -1.5480318211177]","[0.58597142024505, 0.0011328528617757, 0.00069846332412203]",richmond:95,25.42
1293829911834894,ga68cVxh5C7LPBl1foIYJ9,2025-02-03,none,none,4096,1874,37.549859354086,-77.436696516723,148.0042154159,"[0.54621143621486, -1.9052926226167, 1.9052835601497]","[0.70762509404924, -0.0024195080407749, -0.00056274082813267]",richmond:170,2.74
1295798301571082,G8IYvZHK2akQBCD9pAo5dR,2025-08-23,GoPro,GoPro Max,4096,1344,37.541307012852,-77.437557186354,153.36655037383,"[0.70975542799258, -2.0116606115539, 2.061422666507]","[0.96189101225344, -0.0049929592251723, -0.0027066365665191]",richmond:8,20.43
1296065102099384,G8IYvZHK2akQBCD9pAo5dR,2025-08-23,GoPro,GoPro Max,4096,1344,37.541267047663,-77.437547272147,160.33575310833,"[0.33316564035572, -2.0430759495301, 2.0124300361675]","[0.96189101225344, -0.0049929592251723, -0.0027066365665191]",richmond:8,24.79
1299459555147485,G8IYvZHK2akQBCD9pAo5dR,2025-08-23,GoPro,GoPro Max,4096,1344,37.541418755163,-77.437476839773,42.03943963001,"[1.3267986132843, -0.70049439021688, 0.40026223773538]","[0.46291373185623, -0.018800683329087, -0.037417372355411]",richmond:8,9.22
1300970187361768,GWdebvF1QOErCBnXNhtfVS,2024-06-29,GoPro,HERO11 Black,5568,4872,37.541511338578,-77.434956001807,308.1903009404,"[1.4900724535535, 0.73110127750766, -0.68776121612654]","[0.42735282358916, -0.10737370241525, 0.0079470567517577]",richmond:197,20.85
1301363080261966,aq2cb4xkntbib56wxwulgc,2018-09-08,Apple,iPhone,4032,3024,37.541561080357,-77.437470215049,215.01523412435,"[0.51786309440183, 1.8073152273652, -1.8854249676022]","[1.2272975736592, 0.050955787590338, -0.09920689213265]",richmond:8,9.63
1303174054259350,tL5wgUH4svzQiaBo0k7xSj,2025-02-03,none,none,4096,1874,37.535350369139,-77.438113977947,142.89605897661,"[0.70886809171303, -2.0001709503121, 1.7408348915465]","[0.98913944838179, -0.0068023243831157, -0.0012459649251761]",richmond:132,11.24
130601609161913,w8hy0Wlz8tJRc2uxV5JqIM,2021-01-23,Garmin,VIRB,3264,2448,37.547933501798,-77.441194234973,21.00679697244,"[1.5513030444478, -0.28666595476128, 0.28864165062988]","[0.70777879597118, -0.062713138518394, -0.05937250519301]",richmond:201,8.49
1306150430635657,qVTQFIHbvh1wrWuZ7mAKoR,2025-02-03,none,none,4096,1874,37.545860515973,-77.44039127031,245.22652593919,"[0.9766288626627, 1.5233594893087, -1.518797769201]","[0.58003371915218, -0.0014042797713829, -0.0020434760876924]",richmond:38,12.04
1306538217131971,tL5wgUH4svzQiaBo0k7xSj,2025-02-03,none,none,4096,1874,37.535413886221,-77.438213838371,142.78111146858,"[0.69498769952687, -2.0035603145763, 1.7268322699188]","[0.98913944838179, -0.0068023243831157, -0.0012459649251761]",richmond:132,14.47
1307272477442266,G8IYvZHK2akQBCD9pAo5dR,2025-08-23,GoPro,GoPro Max,4096,1344,37.541426508926,-77.437476439379,49.410691249874,"[1.5317154065491, -0.65059746659666, 0.70634304597461]","[0.46291373185623, -0.018800683329087, -0.037417372355411]",richmond:8,8.51
1308148949586434,m8qzbtvzktp4j269bqrz9q,2018-07-31,Apple,iPhone6S,1920,1080,37.549812921316,-77.446576983443,215.8894312277,"[0.610720684827, 1.8353626209892, -1.894729691605]","[0.89488391433421, 0.011814041565834, -0.0048548537264834]",richmond:188,16.53
1308281953751053,No2AeOb4sxtDaLEZrnV3lC,2025-02-03,none,none,4096,1874,37.54013797086,-77.44011019736,279.84209428046,"[0.28397661136045, 0.0056526779978541, -2.7455664065417]","[0.60998717242782, -0.0023037743949254, -0.0021017061431342]",richmond:146,29.22
1309582310167410,G8IYvZHK2akQBCD9pAo5dR,2025-08-23,GoPro,GoPro Max,4096,1344,37.541425150051,-77.437476752263,50.377310374415,"[1.429692414123, -0.68501749586771, 0.68179328115699]","[0.46291373185623, -0.018800683329087, -0.037417372355411]",richmond:8,8.62
1310416050722235,G8IYvZHK2akQBCD9pAo5dR,2025-08-23,GoPro,GoPro Max,4096,1344,37.541417512908,-77.43747663236,28.492476378889,"[1.6243509952801, -0.32520841479446, 0.4578154453413]","[0.46291373185623, -0.018800683329087, -0.037417372355411]",richmond:8,9.35
1310932146770763,mljMiuUB1obwPOeZxLyT5K,2025-02-03,none,none,4096,1874,37.5499361,-77.4368889,219.07684741391,"[0.64840934408213, 1.827156445339, -1.827156445339]","[0.58, 0, 0]",richmond:170,21.37
1311137846829536,qVTQFIHbvh1wrWuZ7mAKoR,2025-02-03,none,none,4096,1874,37.549735077287,-77.436718661586,239.67701952881,"[0.92320658176388, 1.5897209670944, -1.5913878066493]","[0.58476042010203, -0.0013351274346466, 0.0013970761405069]",richmond:170,11.97
131413285752181,Yyo2YprvMTjOcScG5Mi2mM,2021-01-23,Garmin,VIRB,3264,2448,37.549160551668,-77.440304782003,229.81477919036,"[0.84379513759835, 1.5408010162299, -1.9017641585812]","[0.70407134294493, -0.081676421436449, -0.032388966450689]",richmond:148,11.40
131521542353456,hMfZ50zbiU94YK04ZPbAwr,2021-01-23,Garmin,VIRB,3264,2448,37.547882133739,-77.441149571953,323.71670133112,"[1.336835653638, 0.45721292774261, -0.50460455761273]","[0.70469690962322, -0.06366184884463, -0.061893589824885]",richmond:201,5.09
1316623272889674,nUmhfFoyDXHeBwVAtzNEdP,2025-02-03,none,none,4096,1874,37.535447675565,-77.438266403755,142.69556047728,"[0.70289970236911, -2.0013943072093, 1.730471568872]","[0.89504740971185, -0.001432366364184, 0.0025942746845095]",richmond:132,18.89
1317828570008802,G8IYvZHK2akQBCD9pAo5dR,2025-08-23,GoPro,GoPro Max,4096,1344,37.541426454013,-77.437476298121,53.973545969708,"[1.4887655171642, -0.7236408994688, 0.754231441717]","[0.46291373185623, -0.018800683329087, -0.037417372355411]",richmond:8,8.53
1318070995638577,dSo8DGcRjtYEmMgsvB72L5,2024-07-14,GoPro,HERO11 Black,5568,4872,37.54633299041,-77.443239887774,135.92762566665,"[0.76185646527266, -1.8625730019756, 1.7017735324112]","[0.40122485126348, -0.11858135315861, 0.010319427380999]",richmond:44,25.04
1318292042541820,62a5gnQzJiIu7FflGk80eM,2025-02-03,none,none,4096,1874,37.537640244224,-77.442186658365,148.14484631942,"[0.60325763053225, -1.9845042856399, 1.8636991556081]","[0.63195850761633, 0.0011365172256817, -9.237675046102e-05]",richmond:99,22.42
1320862844977878,cehmiyw9mc6148w4lr2ghn,2018-07-31,Apple,iPhone6S,1920,1080,37.545628295418,-77.448900852315,0.56475562081505,"[1.5302151563536, -0.014304622638643, 0.00081113621177609]","[1.0365807084191, -0.00011117605757323, -0.002661248382426]",richmond:228,24.92
1324754042039215,qVTQFIHbvh1wrWuZ7mAKoR,2025-02-03,none,none,4096,1874,37.546885511851,-77.439325432621,231.36833074558,"[0.90647238680253, 1.9466947990462, -1.4606708637657]","[0.61669470208105, -0.010398946808058, -0.001981698652351]",richmond:6,10.33
1325670938748103,0z1qCAk9QHtwGfKceJVj6X,2025-02-03,none,none,4096,1874,37.536885237174,-77.440885605653,150.93722651897,"[0.73159295122837, -2.3053834177357, 1.6290429365745]","[0.57915256832162, 0.00032445697669958, 0.0012462713630676]",richmond:0,24.35
1327183455258583,mljMiuUB1obwPOeZxLyT5K,2025-02-03,none,none,4096,1874,37.5499194,-77.4368222,222.36079744184,"[0.6936329626908, 1.790108718477, -1.790108718477]","[0.58, 0, 0]",richmond:170,15.43
1329640444696448,KHsFQ3Jf0bxvzCV7tmML8a,2025-02-03,none,none,4096,1874,37.53767292492,-77.442487067597,241.88321461382,"[0.91842672086081, 1.6274814143091, -1.4865258880653]","[0.58862408633568, 0.00087131642517179, 0.00035096527756947]",richmond:99,9.40
1331850197791831,6e8jRXiFnPEAD5Ughx7CGV,2024-07-14,GoPro,HERO11 Black,5568,4872,37.541837663159,-77.435660668134,134.79905246124,"[0.81783089139687, -1.843212575287, 1.7152786486593]","[0.42004717973406, -0.10377080581512, 0.0073001403287353]",richmond:161,8.44
1332157318142824,fCLD0eXEIQtTqbx3pYJynk,2025-02-03,none,none,4096,1874,37.5379056,-77.4422806,243.22466493875,"[0.95065319811443, 1.5445197155663, -1.5445197155663]","[0.58, 0, 0]",richmond:96,6.17
1332407627947611,sjF1xVORm0cTNU4yqIvL9W,2025-02-03,none,none,4096,1874,37.536853394183,-77.440818523706,146.56749051237,"[0.69419495029358, -2.1042386778808, 1.7295392161915]","[0.76639963173854, -0.0051997294123806, 0.00040805639653863]",richmond:0,18.36
1333291788017228,hjp8IrnAG0fkNBKDOo6d51,2025-02-03,none,none,4096,1874,37.541972174187,-77.440439477806,145.40644538661,"[0.73343150567755, -2.1697206610989, 1.6338109887789]","[0.62368812883845, -0.006144797061278, -0.0025218863449247]",richmond:222,27.68
133649818758169,ATAIxHx8ob0G_E_MVoYe-g,2018-01-14,motorola,moto x4,4032,3024,37.541891658588,-77.439906307214,39.951376958949,"[1.5304642156444, -0.5294553818773, 0.56563751582863]","[0.71467290666609, 0.035559707884072, -0.026153791541817]",richmond:220,5.57
1337285590735871,sjF1xVORm0cTNU4yqIvL9W,2025-02-03,none,none,4096,1874,37.536781239975,-77.440703426187,145.9803570385,"[0.68434772497145, -2.0792099081556, 1.7355771341629]","[0.76639963173854, -0.0051997294123806, 0.00040805639653863]",richmond:0,9.11
1338545010961472,G8IYvZHK2akQBCD9pAo5dR,2025-08-23,GoPro,GoPro Max,4096,1344,37.541419136334,-77.437476646688,48.185023055933,"[1.3405587641598, -0.69236361614758, 0.58811788001985]","[0.46291373185623, -0.018800683329087, -0.037417372355411]",richmond:8,9.19
1340391219687791,m8qzbtvzktp4j269bqrz9q,2018-07-31,Apple,iPhone6S,1920,1080,37.549663920892,-77.446718535826,216.27886245588,"[0.61715386019502, 1.839420252808, -1.8825823973318]","[0.89488391433421, 0.011814041565834, -0.0048548537264834]",richmond:188,4.38
1341145677312522,n4SUj9xNWz2Yb8qAoaEXIs,2025-02-03,none,none,4096,1874,37.540307887025,-77.43994209165,237.00701516533,"[0.87848722424392, 1.8163779779139, -1.4241953105094]","[0.82759957463973, -0.0028263288155389, 0.0010427715163951]",richmond:146,14.51
134215412098149,7ei3xhrbj8vl21vyr5lzxv,2018-08-06,Apple,iPhone6S,1920,1080,37.535620906838,-77.429773406109,198.74446080167,"[0.24182521705295, 2.0515717714119, -1.9637621232344]","[1.0578230775592, 0.0041323145233245, 0.00071445265190373]",richmond:18,19.70
1342385703896663,G8IYvZHK2akQBCD9pAo5dR,2025-08-23,GoPro,GoPro Max,4096,1344,37.541418654278,-77.4374770644,36.533171460262,"[1.416168075069, -0.57436998428619, 0.40352177654963]","[0.46291373185623, -0.018800683329087, -0.037417372355411]",richmond:8,9.22
1345793153929953,G8IYvZHK2akQBCD9pAo5dR,2025-08-23,GoPro,GoPro Max,4096,1344,37.541417844853,-77.437476306768,32.108779620266,"[1.5597371383058, -0.40022097520678, 0.4809788647152]","[0.46291373185623, -0.018800683329087, -0.037417372355411]",richmond:8,9.33
134818052010517,ATAIxHx8ob0G_E_MVoYe-g,2018-01-14,motorola,moto x4,4032,3024,37.543794097101,-77.443405447765,134.31021089721,"[0.6913244078013, -1.7792826118988, 1.6976432686618]","[0.72101114992456, 0.034891180577958, -0.028233297846017]",richmond:30,13.99
1348570226141529,qVTQFIHbvh1wrWuZ7mAKoR,2025-02-03,none,none,4096,1874,37.546130713595,-77.440132505505,230.73225331849,"[0.89952504032564, 1.9462547601327, -1.4767725570135]","[0.6419152979586, -0.0011154273035746, 0.00075922181018828]",richmond:40,12.56
134942038574526,aq2cb4xkntbib56wxwulgc,2018-09-08,Apple,iPhone,4032,3024,37.54233768376,-77.436726893799,214.49626995369,"[0.54913029377222, 1.7796732533754, -1.950855978848]","[0.84705467441372, 0.067764741178245, -0.09509002759296]",richmond:133,5.37
135387508534101,hMfZ50zbiU94YK04ZPbAwr,2021-01-23,Garmin,VIRB,3264,2448,37.548984189867,-77.440228473701,38.166743939177,"[1.3888158535914, -0.43417389396861, 0.59649437843413]","[0.73255594613238, -0.069974959622302, -0.055812110428014]",richmond:149,6.92
135437431876108,s26m6zf69vcqamja9ntlpk,2019-01-06,Apple,iPhoneXS_Max,1920,1080,37.535763700665,-77.429637168441,26.553778581403,"[1.4711490198648, -0.38298993750985, 0.33449768775574]","[0.88123684448743, -0.013832500668883, -0.0072209248019195]",richmond:19,26.95
1355521888934555,7PckD56UEMwgrdLVeqYyON,2025-02-03,none,none,4096,1874,37.5387806,-77.4414472,242.12725199991,"[0.93839406957146, 1.5578288157362, -1.5578288157362]","[0.58, 0, 0]",richmond:27,9.25
1361244388624793,xVvkMDqlOaYeUTwIX2f40c,2025-02-03,none,none,4096,1874,37.541794384297,-77.440084266329,143.17724010158,"[0.66990028487853, -1.9860779320135, 1.7449719267521]","[0.86140466348728, -0.0060575537919208, -0.00086870246209996]",richmond:221,6.07
136549218519540,5rjl3l4r156llm82k1afrv,2018-08-07,Apple,iPhone7,1920,1080,37.550043899197,-77.436305294975,130.59051185645,"[0.92008487054037, -1.7427673649613, 1.7407548774925]","[1.1140124588445, -0.021450933258753, -0.0097881899033667]",richmond:169,17.62
136680768454561,hMfZ50zbiU94YK04ZPbAwr,2021-01-23,Garmin,VIRB,3264,2448,37.547803598113,-77.441284448074,42.528975794535,"[1.3569979877512, -0.51389942937863, 0.62571043202135]","[0.72756885963756, -0.06987080674513, -0.0629948717421]",richmond:201,19.86
136829618479864,7ei3xhrbj8vl21vyr5lzxv,2018-08-06,Apple,iPhone6S,1920,1080,37.535581606713,-77.42978687712,198.28446462457,"[0.23563394363126, 2.0566807721478, -1.968830978807]","[1.0578230775592, 0.0041323145233245, 0.00071445265190373]",richmond:18,18.63
1369240834247274,ZViT8LR5yaJnOk0QhCbm3I,2025-02-03,none,none,4096,1874,37.54196987181,-77.440371927439,141.1319227041,"[0.71301980090083, -1.9844701231743, 1.7062685382003]","[0.98597005603244, -0.013481134618189, -0.001292382559396]",richmond:222,22.10
1370736446639207,ATAIxHx8ob0G_E_MVoYe-g,2018-01-14,motorola,moto x4,4032,3024,37.540574631374,-77.440078564241,312.31885161857,"[1.5200385299831, 0.63219515967021, -0.67548929315336]","[0.72857201731379, 0.035253984274993, -0.026342441150742]",richmond:145,12.42
1371611426539625,hMfZ50zbiU94YK04ZPbAwr,2021-01-23,Garmin,VIRB,3264,2448,37.548984174261,-77.440228475089,38.167242466426,"[1.3888571970169, -0.43410399500338, 0.59659552901863]","[0.73255594613238, -0.069974959622302, -0.055812110428014]",richmond:149,6.92
1372909957435121,nue465Xfgv1VDJs8mW9TFU,2024-06-09,GoPro,HERO11 Black,5568,4872,37.543177184606,-77.430239112654,293.34564507899,"[1.2318022571072, 0.97601873660267, -0.78355957642682]","[0.47748621806084, -0.016467457493507, -0.01895092132761]",richmond:172,14.96
137328831753080,-C6FxYTP0JyS-NEReC9DNQ,2018-01-14,motorola,moto x4,4032,3024,37.535898974976,-77.437204033412,219.49441082501,"[0.65419452663875, 1.8624616065778, -1.7823288762213]","[0.7772121959424, 0.035674918404861, -0.027707520045243]",richmond:134,20.63
137391331710348,SoP4HxZEBcZoevJCb7r76D,2021-01-23,Garmin,VIRB,3264,2448,37.533523677336,-77.431306772599,228.55888870559,"[0.72295863346419, 1.5345058483609, -1.8681866755562]","[0.77542284207461, -0.063202954866467, -0.062835258428093]",richmond:15,15.29
1378159409220771,ATAIxHx8ob0G_E_MVoYe-g,2018-01-14,motorola,moto x4,4032,3024,37.539735823766,-77.436584349142,132.08539638927,"[0.72139230274764, -1.7562861491272, 1.6705471907917]","[0.72862927703519, 0.03343929915214, -0.029178735325423]",richmond:198,13.64
1380713029274038,GWdebvF1QOErCBnXNhtfVS,2024-06-29,GoPro,HERO11 Black,5568,4872,37.541934632105,-77.435708604789,308.15329912492,"[1.4857947494936, 0.75732890448758, -0.66285168260268]","[0.42735282358916, -0.10737370241525, 0.0079470567517577]",richmond:162,14.10
1382408655472103,ATAIxHx8ob0G_E_MVoYe-g,2018-01-14,motorola,moto x4,4032,3024,37.54376253982,-77.443354774859,132.32784465228,"[0.71365015274662, -1.7524974691503, 1.6769948254315]","[0.72101114992456, 0.034891180577958, -0.028233297846017]",richmond:30,19.47
1384346825900699,qVTQFIHbvh1wrWuZ7mAKoR,2025-02-03,none,none,4096,1874,37.545760077901,-77.440541219586,230.88158107587,"[0.87124134457287, 1.814819700448, -1.5994268994032]","[0.75564172821788, -0.0043657940442521, 0.00079827703175924]",richmond:38,28.40
139208214862870,tg3gvla5ond4rnncs74dho,2018-08-11,Apple,iPhone7,1920,1080,37.535530191498,-77.429715322019,18.0287011585,"[1.6064478269046, -0.2361498818156, 0.26018497991457]","[1.0228056488975, -0.0079517362802837, -0.0070883585705851]",richmond:18,26.14
1400648417312316,6DXipIoGb3vYkWg0tm1lhE,2024-06-09,GoPro,HERO11 Black,5568,4872,37.543633571402,-77.431297509596,133.49064548625,"[0.7998915485287, -1.8314842554772, 1.6794365082777]","[0.39500659555971, -0.12247523282671, 0.010532741459659]",richmond:34,18.08
1400705906958605,aq2cb4xkntbib56wxwulgc,2018-09-08,Apple,iPhone,4032,3024,37.542475265523,-77.436580405448,272.18892150959,"[1.1083491650796, 1.1096647425813, -1.2042285051245]","[0.84705467441372, 0.067764741178245, -0.09509002759296]",richmond:133,18.77
1405043806540626,-C6FxYTP0JyS-NEReC9DNQ,2018-01-14,motorola,moto x4,4032,3024,37.536210629211,-77.436916181161,219.48671727093,"[0.65201015830668, 1.8528336849723, -1.7909416706935]","[0.7772121959424, 0.035674918404861, -0.027707520045243]",richmond:134,22.42
1408551253718132,GyZTDWxc72Q9nYBiSsV3qI,2025-02-03,none,none,4096,1874,37.5497722,-77.4366806,216.738,"[0.61537689705518, 1.8532383740246, -1.8532383740246]","[0.58, 0, 0]",richmond:170,7.35
1411964876539308,G8IYvZHK2akQBCD9pAo5dR,2025-08-23,GoPro,GoPro Max,4096,1344,37.541314502781,-77.437563622932,144.20375300607,"[0.61230549050181, -1.8730923244384, 1.8608042093057]","[0.96189101225344, -0.0049929592251723, -0.0027066365665191]",richmond:8,19.68
1412999892413476,Yyo2YprvMTjOcScG5Mi2mM,2021-01-23,Garmin,VIRB,3264,2448,37.548024991874,-77.441161124443,2.7377532379206,"[1.5713559791103, -0.03640955344061, 0.038654314679192]","[0.694146527347, -0.062403390616, -0.0603994499556]",richmond:201,13.87
1413331816294264,j5OUtzRcSX0Qxav8iWewB4,2025-02-03,none,none,4096,1874,37.543810758464,-77.443412671229,123.75245271457,"[1.0647116922979, -1.768030161545, 1.5621255782674]","[0.76917204203587, -0.00022352870483632, 0.0014742591207916]",richmond:30,12.86
1423968904787446,4pTSeDONrRqohUYIvbK8l5,2024-06-09,GoPro,HERO11 Black,5568,4872,37.550980179158,-77.443370390246,312.16867191344,"[1.4727258436615, 0.65817760693423, -0.64655097743476]","[0.53957416448854, -0.0581996679325, -0.0238325579725]",richmond:227,19.83
1425561187806121,hMfZ50zbiU94YK04ZPbAwr,2021-01-23,Garmin,VIRB,3264,2448,37.550155614899,-77.441857091258,315.7623864048,"[1.339674050984, 0.53337048447328, -0.64906226025407]","[0.69547660566168, -0.063713146392855, -0.060396831810035]",richmond:84,15.01
1426480208576910,G8IYvZHK2akQBCD9pAo5dR,2025-08-23,GoPro,GoPro Max,4096,1344,37.541311785828,-77.437561384836,138.04899422267,"[0.8295461108306, -1.763801111033, 1.9063922788814]","[0.96189101225344, -0.0049929592251723, -0.0027066365665191]",richmond:8,19.95
1427217835163827,G8IYvZHK2akQBCD9pAo5dR,2025-08-23,GoPro,GoPro Max,4096,1344,37.541185081968,-77.437456527243,146.95939135701,"[0.40302853911031, -1.8627729825479, 1.8107922149468]","[1.0625843446207, -0.0098939198681565, -0.0018362697353777]",richmond:11,28.93
1433329977939319,G8IYvZHK2akQBCD9pAo5dR,2025-08-23,GoPro,GoPro Max,4096,1344,37.541443063707,-77.437338522132,280.00548280717,"[1.027028215063, 0.55741869005522, -1.6183728322888]","[0.98779758302594, -0.0083460971450409, -0.0021574304289263]",richmond:11,2.13
1433540997038167,hMfZ50zbiU94YK04ZPbAwr,2021-01-23,Garmin,VIRB,3264,2448,37.54799118117,-77.441140697215,34.155869629845,"[1.3758095157493, -0.39926429621339, 0.51818246015538]","[0.70725733441289, -0.071516028878493, -0.049158716999201]",richmond:201,9.71
1433785700306302,aq2cb4xkntbib56wxwulgc,2018-09-08,Apple,iPhone,4032,3024,37.541945643023,-77.43564414527,305.69258435333,"[1.3099048076269, 0.70358148608115, -0.74208629100651]","[0.84705467441372, 0.067764741178245, -0.09509002759296]",richmond:162,19.77
143429147696659,ATAIxHx8ob0G_E_MVoYe-g,2018-01-14,motorola,moto x4,4032,3024,37.536719560628,-77.436339590841,40.623956297847,"[1.5385433290353, -0.57268833762079, 0.54289141865589]","[0.75476197523472, 0.036528351596799, -0.025479480207584]",richmond:103,27.82
143898557647787,hMfZ50zbiU94YK04ZPbAwr,2021-01-23,Garmin,VIRB,3264,2448,37.547803561547,-77.441284486422,42.525386381443,"[1.3569563408285, -0.51391835714218, 0.62557519933001]","[0.72756885963756, -0.06987080674513, -0.0629948717421]",richmond:201,19.87
143950584377382,ATAIxHx8ob0G_E_MVoYe-g,2018-01-14,motorola,moto x4,4032,3024,37.5378306998,-77.435553514327,319.23603128969,"[1.500445773008, 0.55479534143136, -0.55881036411122]","[0.71877179886727, 0.036985778837151, -0.029110522702459]",richmond:138,11.52
1441037746229570,m8qzbtvzktp4j269bqrz9q,2018-07-31,Apple,iPhone6S,1920,1080,37.54996136939,-77.446436213864,216.02885399983,"[0.6136408664285, 1.8323131979063, -1.895284527015]","[0.89488391433421, 0.011814041565834, -0.0048548537264834]",richmond:185,29.82
1442957119371638,s26m6zf69vcqamja9ntlpk,2019-01-06,Apple,iPhoneXS_Max,1920,1080,37.53579827703,-77.429623331408,27.119065630464,"[1.4703418606785, -0.39147919278818, 0.34130730476812]","[0.88123684448743, -0.013832500668883, -0.0072209248019195]",richmond:19,28.33
1443045906139616,0z898fVbaVM3JujnwYzvtq_v00,2021-01-22,Garmin,VIRB,3264,2448,37.535587804698,-77.429797478943,206.34381853227,"[-0.090964809678443, 1.6332155171557, -1.7079291205442]","[0.70702353430343, -0.062269651738884, -0.06017179690169]",richmond:18,17.62
1444560950203489,G8IYvZHK2akQBCD9pAo5dR,2025-08-23,GoPro,GoPro Max,4096,1344,37.541270590849,-77.437547448478,162.27774206725,"[0.2980142970377, -2.0444907744589, 2.0475985623114]","[0.96189101225344, -0.0049929592251723, -0.0027066365665191]",richmond:8,24.40
1445036959179973,aq2cb4xkntbib56wxwulgc,2018-09-08,Apple,iPhone,4032,3024,37.542017418559,-77.435757261306,305.94847704153,"[1.3019418442507, 0.68677159962908, -0.75064130545318]","[0.84705467441372, 0.067764741178245, -0.09509002759296]",richmond:162,17.77
1445371996614605,G8IYvZHK2akQBCD9pAo5dR,2025-08-23,GoPro,GoPro Max,4096,1344,37.541421493383,-77.437476577554,34.816089289368,"[1.4716758186412, -0.48306872690784, 0.4616939907918]","[0.46291373185623, -0.018800683329087, -0.037417372355411]",richmond:8,8.97
1449917859741978,GWdebvF1QOErCBnXNhtfVS,2024-06-29,GoPro,HERO11 Black,5568,4872,37.539190885394,-77.431061959978,310.4371053502,"[1.4187409327861, 0.64946655151183, -0.69314493472488]","[0.42735282358916, -0.10737370241525, 0.0079470567517577]",richmond:160,20.79
1452164021795202,hMfZ50zbiU94YK04ZPbAwr,2021-01-23,Garmin,VIRB,3264,2448,37.548109910929,-77.44102752176,44.870217017653,"[1.3502426516915, -0.55311831395319, 0.64753554892048]","[0.72756885963756, -0.06987080674513, -0.0629948717421]",richmond:201,23.32
1452575555485739,EsPJ7herbXIlGnm69cjqCW,2023-06-09,Apple,iPhone 13,4032,3024,37.537773767454,-77.439723950063,43.820314985204,"[1.4994514943901, -0.62930649374656, 0.56927018839694]","[0.404523526926, -0.00048672221672097, -0.00028403876791042]",richmond:195,9.99
1455812864751521,Yyo2YprvMTjOcScG5Mi2mM,2021-01-23,Garmin,VIRB,3264,2448,37.549588910686,-77.446288929763,124.77217099791,"[0.85817766343712, -1.6405719506473, 1.6405719506415]","[0.694146527347, -0.062403390616, -0.0603994499556]",richmond:184,12.61
1457008551300737,m8qzbtvzktp4j269bqrz9q,2018-07-31,Apple,iPhone6S,1920,1080,37.550344534047,-77.446072347428,215.58926838979,"[0.59681023805789, 1.8266019952337, -1.9037460734309]","[0.89488391433421, 0.011814041565834, -0.0048548537264834]",richmond:75,28.99
1457379451282821,Yyo2YprvMTjOcScG5Mi2mM,2021-01-23,Garmin,VIRB,3264,2448,37.549034527556,-77.440284409247,296.45450330972,"[1.3887070731707, 0.72578092341758, -1.0052311031468]","[0.70407134294493, -0.081676421436449, -0.032388966450689]",richmond:148,2.75
1461489498603681,G8IYvZHK2akQBCD9pAo5dR,2025-08-23,GoPro,GoPro Max,4096,1344,37.541310407365,-77.437557175206,149.61124158011,"[0.53017227281551, -1.9295760435932, 1.9211264746453]","[0.96189101225344, -0.0049929592251723, -0.0027066365665191]",richmond:8,20.06
1464826141307373,G8IYvZHK2akQBCD9pAo5dR,2025-08-23,GoPro,GoPro Max,4096,1344,37.541419359901,-77.437475186837,27.510118733768,"[1.5788945957818, -0.31224997233554, 0.44294328846894]","[0.46291373185623, -0.018800683329087, -0.037417372355411]",richmond:8,9.24
146540657375375,ATAIxHx8ob0G_E_MVoYe-g,2018-01-14,motorola,moto x4,4032,3024,37.539456235812,-77.436545620468,222.81908699824,"[0.77553453120929, 1.8681355594848, -1.740830837202]","[0.73213591925067, 0.036936395307895, -0.027530553870482]",richmond:200,15.27
1468088096870213,hMfZ50zbiU94YK04ZPbAwr,2021-01-23,Garmin,VIRB,3264,2448,37.548987740229,-77.440225778669,37.998603610901,"[1.3899111244878, -0.43606837139347, 0.58964088925741]","[0.73255594613238, -0.069974959622302, -0.055812110428014]",richmond:149,6.66
146874294171863,Yyo2YprvMTjOcScG5Mi2mM,2021-01-23,Garmin,VIRB,3264,2448,37.548108337067,-77.443730537705,124.2173951324,"[0.86483049403491, -1.6339803173665, 1.6339803181085]","[0.694146527347, -0.062403390616, -0.0603994499556]",richmond:108,6.25
1472399849765215,aq2cb4xkntbib56wxwulgc,2018-09-08,Apple,iPhone,4032,3024,37.537659600768,-77.438277504263,216.1677018266,"[0.54343024175774, 1.738491667551, -1.9325726180098]","[0.83527288785031, 0.061936923544991, -0.096207779018105]",richmond:22,0.69
1472599527030957,7PckD56UEMwgrdLVeqYyON,2025-02-03,none,none,4096,1874,37.538886453648,-77.441381029495,240.64232156795,"[0.94513903790094, 1.8550073951779, -1.3107041950097]","[0.59254659531906, 0.0021065071715577, 0.0019677756875785]",richmond:25,20.34
1477272553156363,GWdebvF1QOErCBnXNhtfVS,2024-06-29,GoPro,HERO11 Black,5568,4872,37.541252656263,-77.434506052796,308.78235810033,"[1.460119710367, 0.71183013859944, -0.68464853387591]","[0.42735282358916, -0.10737370241525, 0.0079470567517577]",richmond:196,22.89
1482284239162178,4pTSeDONrRqohUYIvbK8l5,2024-06-09,GoPro,HERO11 Black,5568,4872,37.550912968846,-77.443263660601,312.65043625519,"[1.4860419294376, 0.63839982063705, -0.65522666990737]","[0.53957416448854, -0.0581996679325, -0.0238325579725]",richmond:227,28.60
1484395252749298,G8IYvZHK2akQBCD9pAo5dR,2025-08-23,GoPro,GoPro Max,4096,1344,37.541175968543,-77.437450502643,153.08270830047,"[0.37858565762498, -1.9172177677621, 1.9346830422084]","[1.0625843446207, -0.0098939198681565, -0.0018362697353777]",richmond:11,29.75
1485408481812533,Yyo2YprvMTjOcScG5Mi2mM,2021-01-23,Garmin,VIRB,3264,2448,37.549131550928,-77.44025251239,257.82150625777,"[1.1515749215166, 1.1787981437603, -1.5797488902497]","[0.70407134294493, -0.081676421436449, -0.032388966450689]",richmond:148,8.69
1485874982857090,G8IYvZHK2akQBCD9pAo5dR,2025-08-23,GoPro,GoPro Max,4096,1344,37.541248010453,-77.43750480601,148.8448385418,"[0.38019557187884, -1.8936832212828, 1.824309686236]","[1.0625843446207, -0.0098939198681565, -0.0018362697353777]",richmond:11,24.30
1486126762412130,G8IYvZHK2akQBCD9pAo5dR,2025-08-23,GoPro,GoPro Max,4096,1344,37.541417742304,-77.43747602117,23.747244534229,"[1.7202990856825, -0.22709834961759, 0.41863951309173]","[0.46291373185623, -0.018800683329087, -0.037417372355411]",richmond:8,9.35
148715563929226,hMfZ50zbiU94YK04ZPbAwr,2021-01-23,Garmin,VIRB,3264,2448,37.546979426411,-77.439349531964,250.15999191885,"[0.93971169491606, 1.3287784538302, -1.5473654309741]","[0.75431909163283, -0.068209134777162, -0.061754878325471]",richmond:6,13.18
1497516337511086,4pTSeDONrRqohUYIvbK8l5,2024-06-09,GoPro,HERO11 Black,5568,4872,37.550132913898,-77.441875083835,310.56927741076,"[1.5039435028993, 0.70698467895587, -0.64840885536138]","[0.4283172732332, -0.1130849763788, 0.0083354673436015]",richmond:84,16.85
1498929704621581,G8IYvZHK2akQBCD9pAo5dR,2025-08-23,GoPro,GoPro Max,4096,1344,37.541250754411,-77.437506861333,151.87962385931,"[0.32884464782168, -1.9030921754638, 1.8708043929983]","[1.0625843446207, -0.0098939198681565, -0.0018362697353777]",richmond:11,24.14
149979937106826,cehmiyw9mc6148w4lr2ghn,2018-07-31,Apple,iPhone6S,1920,1080,37.545658452813,-77.448900166913,0.42117227872444,"[1.5277222322573, -0.012429255046587, -0.0012517007684279]","[1.0365807084191, -0.00011117605757323, -0.002661248382426]",richmond:228,22.13
1501222127428565,G8IYvZHK2akQBCD9pAo5dR,2025-08-23,GoPro,GoPro Max,4096,1344,37.54123884656,-77.437497769949,148.03880460827,"[0.55629661877867, -1.8864109919168, 1.9319868068604]","[1.0625843446207, -0.0098939198681565, -0.0018362697353777]",richmond:11,24.86
150156327073242,-C6FxYTP0JyS-NEReC9DNQ,2018-01-14,motorola,moto x4,4032,3024,37.536791187878,-77.436366911573,220.80910674841,"[0.68927162110094, 1.8495625214024, -1.7754058792611]","[0.7772121959424, 0.035674918404861, -0.027707520045243]",richmond:103,22.53
1501731490997758,G8IYvZHK2akQBCD9pAo5dR,2025-08-23,GoPro,GoPro Max,4096,1344,37.54142381573,-77.437476798252,52.126159495317,"[1.3990895083434, -0.74445008530801, 0.66322637067828]","[0.46291373185623, -0.018800683329087, -0.037417372355411]",richmond:8,8.74
1501949993809253,0z1qCAk9QHtwGfKceJVj6X,2025-02-03,none,none,4096,1874,37.5366528,-77.4404528,156.40665465855,"[0.41658317921567, -1.9946498696677, 1.9946498696677]","[0.58, 0, 0]",richmond:0,25.38
1507666099592509,ATAIxHx8ob0G_E_MVoYe-g,2018-01-14,motorola,moto x4,4032,3024,37.541874458271,-77.440181785914,130.03551247887,"[0.76140407114905, -1.7396692711603, 1.6479873852421]","[0.87246733319825, 0.035810413522294, -0.027798957705872]",richmond:222,3.26
1509683490173114,G8IYvZHK2akQBCD9pAo5dR,2025-08-23,GoPro,GoPro Max,4096,1344,37.54134658831,-77.437577428844,149.44646610342,"[0.32291333343805, -1.7591935573572, 1.9116879333665]","[0.75809459440663, 0.00061301808115075, 0.001042479104411]",richmond:8,16.41
1514005992834898,6DXipIoGb3vYkWg0tm1lhE,2024-06-09,GoPro,HERO11 Black,5568,4872,37.546267778313,-77.435630414931,137.23689715543,"[0.75915986724743, -1.8467204926643, 1.7566558584844]","[0.50440633749344, -0.048110176072182, -0.021388203032486]",richmond:203,26.58
1515326075737133,6e8jRXiFnPEAD5Ughx7CGV,2024-07-14,GoPro,HERO11 Black,5568,4872,37.539566614623,-77.43192744047,132.52650570224,"[0.83079715314451, -1.8561140241469, 1.6394860146512]","[0.51794130585331, -0.17113893631427, 0.020443199561747]",richmond:236,20.70
151695337010978,Yyo2YprvMTjOcScG5Mi2mM,2021-01-23,Garmin,VIRB,3264,2448,37.549034419222,-77.440284527902,296.45280914878,"[1.3886912271648, 0.72571965111264, -1.005344138187]","[0.70407134294493, -0.081676421436449, -0.032388966450689]",richmond:148,2.76
1520693621691190,ATAIxHx8ob0G_E_MVoYe-g,2018-01-14,motorola,moto x4,4032,3024,37.534884505838,-77.438114642009,40.809527105605,"[1.4455751420244, -0.54643765810275, 0.55930230252661]","[0.72751690908005, 0.030011261356446, -0.027011850333202]",richmond:128,28.87
1522351468665028,4pTSeDONrRqohUYIvbK8l5,2024-06-09,GoPro,HERO11 Black,5568,4872,37.549192739392,-77.44030682064,311.98729226338,"[1.4698180051579, 0.71189726318309, -0.59834013615947]","[0.4283172732332, -0.1130849763788, 0.0083354673436015]",richmond:147,9.41
1524418115214834,G8IYvZHK2akQBCD9pAo5dR,2025-08-23,GoPro,GoPro Max,4096,1344,37.541269967395,-77.437547707408,161.51078933298,"[0.34557165899332, -2.0372886351787, 2.0659433204466]","[0.96189101225344, -0.0049929592251723, -0.0027066365665191]",richmond:8,24.47
1525896098082350,fBJpEdlaWrLg98ZQwbi5Sy,2025-02-03,none,none,4096,1874,37.5403417,-77.439925,245.91344876293,"[0.98011820241724, 1.5117482246665, -1.5117482246665]","[0.58, 0, 0]",richmond:146,13.55
1525999791428346,C34usnDOXhTe5i1wJqMyFU,2025-02-03,none,none,4096,1874,37.5430972,-77.4443194,40.851033004637,"[1.4978604072983, -0.55780874577897, 0.55780874577897]","[0.58, 0, 0]",richmond:115,4.96
1526219370881881,jo2j9a0lafbb4mxlylp1lt,2018-08-08,Apple,iPhone6,1920,1080,37.547822355903,-77.435628859394,227.06860565189,"[0.77493562370959, 1.702285519269, -1.781056525236]","[1.0037267102616, 0.023010515998895, -0.00028184823693249]",richmond:23,11.87
1527464780949155,hMfZ50zbiU94YK04ZPbAwr,2021-01-23,Garmin,VIRB,3264,2448,37.547850499434,-77.441108885134,316.9143847104,"[1.3258411668826, 0.55061953007844, -0.59210671059493]","[0.70469690962322, -0.06366184884463, -0.061893589824885]",richmond:201,6.55
1528907210992666,4pTSeDONrRqohUYIvbK8l5,2024-06-09,GoPro,HERO11 Black,5568,4872,37.546493237324,-77.435833436837,314.60953451188,"[1.5285437461596, 0.61683893817421, -0.62884637843815]","[0.40553806604161, -0.014433663681154, -0.015186181245641]",richmond:203,13.40
1530368331471381,G8IYvZHK2akQBCD9pAo5dR,2025-08-23,GoPro,GoPro Max,4096,1344,37.541443064083,-77.437338501313,269.71771063092,"[1.2294928190448, 0.78695333431412, -1.7054960980195]","[0.98779758302594, -0.0083460971450409, -0.0021574304289263]",richmond:11,2.13
153067276778129,aq2cb4xkntbib56wxwulgc,2018-09-08,Apple,iPhone,4032,3024,37.539842004156,-77.432183433323,303.99893503128,"[1.2900892005204, 0.71305251224536, -0.77433367881992]","[0.84705467441372, 0.067764741178245, -0.09509002759296]",richmond:237,13.33
1534469650752070,QPmCdRWHwZr3Bqcnpuxhsg,2024-06-09,GoPro,HERO11 Black,5568,4872,37.54925369378,-77.440450015977,133.25230159424,"[0.78131057441712, -1.7992572701378, 1.6959833473187]","[0.39353576542118, -0.0090562232179504, -0.014173752260107]",richmond:147,11.62
1534701763790124,6DXipIoGb3vYkWg0tm1lhE,2024-06-09,GoPro,HERO11 Black,5568,4872,37.543695943594,-77.431399298057,133.76309837836,"[0.79575818046353, -1.8314813130156, 1.685607089357]","[0.39500659555971, -0.12247523282671, 0.010532741459659]",richmond:34,21.67
153682680087411,w8hy0Wlz8tJRc2uxV5JqIM,2021-01-23,Garmin,VIRB,3264,2448,37.549069490466,-77.440190264359,56.660861037987,"[1.3341794998993, -0.73272370427153, 0.7858852902224]","[0.76147893530221, -0.056106694508678, -0.057746068421835]",richmond:148,8.77
1537955236536184,w8hy0Wlz8tJRc2uxV5JqIM,2021-01-23,Garmin,VIRB,3264,2448,37.547974613155,-77.441144512777,43.717966110585,"[1.4871943182748, -0.59652601066959, 0.59670001783792]","[0.694146527347, -0.062403390616, -0.0603994499556]",richmond:201,8.15
154087610061749,m8qzbtvzktp4j269bqrz9q,2018-07-31,Apple,iPhone6S,1920,1080,37.549733948298,-77.446651434588,215.99401038062,"[0.60802535172337, 1.836616401914, -1.8884320249507]","[0.89488391433421, 0.011814041565834, -0.0048548537264834]",richmond:188,5.60
1541301923087257,4pTSeDONrRqohUYIvbK8l5,2024-06-09,GoPro,HERO11 Black,5568,4872,37.549009703359,-77.439998432759,310.86753655905,"[1.4749472835524, 0.70473022764752, -0.63706417196899]","[0.4283172732332, -0.1130849763788, 0.0083354673436015]",richmond:151,7.35
154279903407149,hsw6xgVCPw2V6CWflHr317,2021-01-22,Garmin,VIRB,3264,2448,37.535472221653,-77.429716664964,9.8559952213159,"[1.5665724243155, -0.13507379767059, 0.13507379767059]","[0.694146527347, -0.062403390616, -0.0603994499556]",richmond:18,28.77
1556764708362584,fCLD0eXEIQtTqbx3pYJynk,2025-02-03,none,none,4096,1874,37.5378139,-77.4423583,244.91082932018,"[0.96922550014448, 1.5239950137863, -1.5239950137863]","[0.58, 0, 0]",richmond:96,7.08
1557062395255545,G8IYvZHK2akQBCD9pAo5dR,2025-08-23,GoPro,GoPro Max,4096,1344,37.541418497764,-77.437477077383,33.081476738629,"[1.7220982807393, -0.37552413860373, 0.53141889254444]","[0.46291373185623, -0.018800683329087, -0.037417372355411]",richmond:8,9.23
1560475527994486,FRnoGPpvqCsVOMc0iWEDxA,2025-02-03,none,none,4096,1874,37.537669275092,-77.442175184855,138.44878582075,"[0.72809209323711, -1.8201076654596, 1.8046831531374]","[0.82509236283483, -0.0074207718107331, -0.0018404470556582]",richmond:99,22.08
156088549881283,Yyo2YprvMTjOcScG5Mi2mM,2021-01-23,Garmin,VIRB,3264,2448,37.549034417404,-77.440284531019,296.45214724833,"[1.3886815688224, 0.72577074300066, -1.0053055480038]","[0.70407134294493, -0.081676421436449, -0.032388966450689]",richmond:148,2.76
1562842008010746,G8IYvZHK2akQBCD9pAo5dR,2025-08-23,GoPro,GoPro Max,4096,1344,37.541417639289,-77.4374759708,26.379310210944,"[1.6330139132792, -0.24784770371083, 0.47428959483381]","[0.46291373185623, -0.018800683329087, -0.037417372355411]",richmond:8,9.36
1565703574069352,YWwk2ulpE791bDAe0LnjCF,2024-12-31,Apple,iPhone 11,4032,3024,37.545663369341,-77.448943565906,189.86690907879,"[0.23789305026378, 2.0573528296693, -2.2492969110957]","[0.88124319789899, 0.00055096017353093, 0.00049005568806544]",richmond:228,24.24
1569063343799544,qVTQFIHbvh1wrWuZ7mAKoR,2025-02-03,none,none,4096,1874,37.546654421092,-77.439652123829,228.18672724128,"[0.83521633663608, 1.909162940909, -1.5648322320887]","[0.63176933874014, 0.0085171305721773, 0.0031851009953534]",richmond:7,19.44
1569768263582410,6DXipIoGb3vYkWg0tm1lhE,2024-06-09,GoPro,HERO11 Black,5568,4872,37.548968517871,-77.439964175092,133.38160169257,"[0.77979318599972, -1.8060009517913, 1.6922246468445]","[0.31686562446907, -0.076161913317361, 0.0045627053081717]",richmond:151,12.65
157080446366567,ATAIxHx8ob0G_E_MVoYe-g,2018-01-14,motorola,moto x4,4032,3024,37.541649064095,-77.439805472017,129.71192648889,"[0.75980088212454, -1.7165340386684, 1.6600044211019]","[0.87246733319825, 0.035810413522294, -0.027798957705872]",richmond:221,24.67
1572304473329848,GWdebvF1QOErCBnXNhtfVS,2024-06-29,GoPro,HERO11 Black,5568,4872,37.53986934912,-77.432127065452,312.12415223917,"[1.4581962356263, 0.66406529793493, -0.63912558897526]","[0.42735282358916, -0.10737370241525, 0.0079470567517577]",richmond:237,18.63
157700292893255,-C6FxYTP0JyS-NEReC9DNQ,2018-01-14,motorola,moto x4,4032,3024,37.535098958174,-77.437960872736,218.62290863505,"[0.63587609935372, 1.9114244678611, -1.7488883286482]","[0.8048830583639, 0.033683286485047, -0.029130853161899]",richmond:128,5.01
158083073034912,w8hy0Wlz8tJRc2uxV5JqIM,2021-01-23,Garmin,VIRB,3264,2448,37.548133400352,-77.443852862203,124.47068967526,"[0.86179744512655, -1.6369912483564, 1.6369912483594]","[0.694146527347, -0.062403390616, -0.0603994499556]",richmond:107,6.61
1581777605802472,qVTQFIHbvh1wrWuZ7mAKoR,2025-02-03,none,none,4096,1874,37.546027803123,-77.440199979938,231.60378418208,"[0.89320824352353, 1.8986428318343, -1.5000052248297]","[0.6419152979586, -0.0011154273035746, 0.00075922181018828]",richmond:40,5.59
1582880115235047,ATAIxHx8ob0G_E_MVoYe-g,2018-01-14,motorola,moto x4,4032,3024,37.541992671701,-77.439816021693,39.768583412879,"[1.4995637624383, -0.50814788909922, 0.57819278530325]","[0.71467290666609, 0.035559707884072, -0.026153791541817]",richmond:220,9.86
158372319484735,ATAIxHx8ob0G_E_MVoYe-g,2018-01-14,motorola,moto x4,4032,3024,37.537567590647,-77.435553890038,40.246677606014,"[1.4344720091603, -0.56344138224757, 0.52352975125406]","[0.75476197523472, 0.036528351596799, -0.025479480207584]",richmond:135,16.67
158510766324986,w8hy0Wlz8tJRc2uxV5JqIM,2021-01-23,Garmin,VIRB,3264,2448,37.549074963502,-77.44546387238,127.91314501606,"[0.81983585950629, -1.6776787565874, 1.6776787466523]","[0.694146527347, -0.062403390616, -0.0603994499556]",richmond:154,7.54
1588161758373992,EsPJ7herbXIlGnm69cjqCW,2023-06-09,Apple,iPhone 13,4032,3024,37.537751259201,-77.439941626761,116.24993234715,"[0.99167887187455, -1.6366197709334, 1.4557121197519]","[0.404523526926, -0.00048672221672097, -0.00028403876791042]",richmond:191,5.99
158935139514074,jo2j9a0lafbb4mxlylp1lt,2018-08-08,Apple,iPhone6,1920,1080,37.543704466439,-77.431468500164,130.31120741327,"[0.76760611302708, -1.7047079068423, 1.6942316959838]","[1.0033563119864, 0.0077174251835807, 0.0012807222370526]",richmond:34,27.30
1595426794181098,aq2cb4xkntbib56wxwulgc,2018-09-08,Apple,iPhone,4032,3024,37.537771090619,-77.43816654205,210.3990116757,"[0.4645669421452, 1.800651289719, -1.99811880004]","[0.83527288785031, 0.061936923544991, -0.096207779018105]",richmond:21,6.36
1596642677201885,ATAIxHx8ob0G_E_MVoYe-g,2018-01-14,motorola,moto x4,4032,3024,37.537843422999,-77.438128113526,176.15136379667,"[0.083474335718501, -2.265834145966, 2.1142898562377]","[0.73496183766804, 0.03349823947023, -0.02910622363438]",richmond:21,14.79
1596733811301883,G8IYvZHK2akQBCD9pAo5dR,2025-08-23,GoPro,GoPro Max,4096,1344,37.541366731252,-77.437532740588,39.863361469602,"[1.4863402897668, -0.5527870234143, 0.53363774260469]","[0.85575502164257, 5.528397103654e-05, 1.225284754071e-05]",richmond:8,13.66
1601308723773957,6DXipIoGb3vYkWg0tm1lhE,2024-06-09,GoPro,HERO11 Black,5568,4872,37.543096970536,-77.430013139954,121.65623218259,"[0.95725720069275, -1.6954225370508, 1.5393541981555]","[0.39500659555971, -0.12247523282671, 0.010532741459659]",richmond:171,24.83
1602240327336024,eiyGpjVTl8kWrZgBv3zISE,2025-01-01,Apple,iPhone 11,4032,3024,37.55072749103,-77.445705058628,47.426348587746,"[1.472304922552, -0.64670048417221, 0.64670048417221]","[0.85, 0, 0]",richmond:77,5.07
1603695231032326,qVTQFIHbvh1wrWuZ7mAKoR,2025-02-03,none,none,4096,1874,37.545825399168,-77.440422589494,245.34981208414,"[0.97381332627104, 1.5184775866101, -1.5187032522659]","[0.58003371915218, -0.0014042797713829, -0.0020434760876924]",richmond:38,16.70
1607354350052611,4pTSeDONrRqohUYIvbK8l5,2024-06-09,GoPro,HERO11 Black,5568,4872,37.549073922109,-77.440113609335,310.86654399014,"[1.4641776044312, 0.73513931040921, -0.60545244648836]","[0.4283172732332, -0.1130849763788, 0.0083354673436015]",richmond:150,7.75
1610870005969360,s26m6zf69vcqamja9ntlpk,2019-01-06,Apple,iPhoneXS_Max,1920,1080,37.535589357169,-77.429703075714,23.833087178474,"[1.4785322346208, -0.34369082761259, 0.30064384835565]","[0.88123684448743, -0.013832500668883, -0.0072209248019195]",richmond:18,25.90
161257542596168,-C6FxYTP0JyS-NEReC9DNQ,2018-01-14,motorola,moto x4,4032,3024,37.535192783416,-77.437876422916,217.67949315053,"[0.62923546167253, 1.9277556026297, -1.7572930379662]","[0.8048830583639, 0.033683286485047, -0.029130853161899]",richmond:127,11.55
1614850176027756,4pTSeDONrRqohUYIvbK8l5,2024-06-09,GoPro,HERO11 Black,5568,4872,37.549295263341,-77.440478460863,311.76243087738,"[1.494833242535, 0.70187452078041, -0.619143892395]","[0.4283172732332, -0.1130849763788, 0.0083354673436015]",richmond:147,14.01
1616885235542948,6e8jRXiFnPEAD5Ughx7CGV,2024-07-14,GoPro,HERO11 Black,5568,4872,37.542547852426,-77.43692719334,134.93379215067,"[0.76641682826629, -1.8018111577859, 1.7365526969273]","[0.42004717973406, -0.10377080581512, 0.0073001403287353]",richmond:133,24.03
1618774552246346,QPmCdRWHwZr3Bqcnpuxhsg,2024-06-09,GoPro,HERO11 Black,5568,4872,37.549343481838,-77.44059966106,133.61744155843,"[0.77692800338872, -1.7998579304907, 1.7041263602769]","[0.39353576542118, -0.0090562232179504, -0.014173752260107]",richmond:147,25.66
1619966785211386,4pTSeDONrRqohUYIvbK8l5,2024-06-09,GoPro,HERO11 Black,5568,4872,37.549039036698,-77.440051282634,310.2394795825,"[1.4645950723447, 0.71786052624108, -0.63944413119676]","[0.4283172732332, -0.1130849763788, 0.0083354673436015]",richmond:151,4.91
1622549861641299,dSo8DGcRjtYEmMgsvB72L5,2024-07-14,GoPro,HERO11 Black,5568,4872,37.544731128776,-77.440502670667,136.6101931441,"[0.70529616724414, -1.8562520994872, 1.6990156810599]","[0.40122485126348, -0.11858135315861, 0.010319427380999]",richmond:240,28.27
162362502485655,hMfZ50zbiU94YK04ZPbAwr,2021-01-23,Garmin,VIRB,3264,2448,37.548984170696,-77.440228444058,38.150422376485,"[1.3890174960528, -0.43409922795346, 0.59613990241055]","[0.73255594613238, -0.069974959622302, -0.055812110428014]",richmond:149,6.92
162370519153417,aq2cb4xkntbib56wxwulgc,2018-09-08,Apple,iPhone,4032,3024,37.541801944418,-77.435416677573,305.69416826897,"[1.3031697441644, 0.69483959178227, -0.749489516305]","[0.84705467441372, 0.067764741178245, -0.09509002759296]",richmond:161,26.15
1628279754044808,SoP4HxZEBcZoevJCb7r76D,2021-01-23,Garmin,VIRB,3264,2448,37.53556326257,-77.430200739801,200.567065961,"[0.47592005829777, 1.8968055220554, -2.236547002796]","[0.67351525255187, -0.061745104260283, -0.057204935229661]",richmond:20,15.33
1629580807657981,xVvkMDqlOaYeUTwIX2f40c,2025-02-03,none,none,4096,1874,37.541835496887,-77.440152041781,143.42202105526,"[0.67879615873151, -2.0085595281488, 1.7328547882002]","[0.86140466348728, -0.0060575537919208, -0.00086870246209996]",richmond:222,5.34
1630073407900448,5EkNdnV0SDH6yzW4FKtqw7,2025-02-03,none,none,4096,1874,37.53889916305,-77.441354389939,236.85970798524,"[0.89424018887016, 1.7759679169104, -1.4749289732793]","[0.96436402353645, -0.013520894847123, -0.0020871129953137]",richmond:25,23.07
1635097843992597,lnkxu1XHUOfT3dBtobgM0Q,2024-06-29,GoPro,HERO11 Black,5568,4872,37.546299364176,-77.442892301555,311.08208322285,"[1.4671283046833, 0.68109887027343, -0.65281112465698]","[0.32597700999527, -0.061868564567005, 0.0025987291806446]",richmond:46,3.06
1641048616505772,xVvkMDqlOaYeUTwIX2f40c,2025-02-03,none,none,4096,1874,37.541698829913,-77.439924498022,142.03372328937,"[0.68956276087801, -1.9547809441425, 1.7535665341349]","[0.86140466348728, -0.0060575537919208, -0.00086870246209996]",richmond:221,13.41
1641664316724726,2vBlcK7NUmy9gsraEZ0OLR,2025-02-03,none,none,4096,1874,37.5394861,-77.4407806,251.54240060125,"[1.0392098808283, 1.4424276808138, -1.4424276808138]","[0.58, 0, 0]",richmond:95,1.15
1642412263220267,6e8jRXiFnPEAD5Ughx7CGV,2024-07-14,GoPro,HERO11 Black,5568,4872,37.541803700781,-77.43560475016,135.20939894595,"[0.80624427848075, -1.8457107204488, 1.7195518775373]","[0.42004717973406, -0.10377080581512, 0.0073001403287353]",richmond:161,9.95
1647056855464955,r9TGDbQhC2qkGD3Jabj0JQ,2017-11-16,Apple,iPhone,3264,2448,37.542904434248,-77.437794013214,126.74079970673,"[0.78491694343656, -1.6273616437371, 1.6719029401305]","[0.846565783289, 0.088793315607153, -0.11335355419525]",richmond:51,21.70
1649272832501402,lnkxu1XHUOfT3dBtobgM0Q,2024-06-29,GoPro,HERO11 Black,5568,4872,37.544665424984,-77.440135535334,308.97001754287,"[1.5250209644579, 0.70827130474906, -0.69399447466728]","[0.42320122866209, -0.016175467322768, -0.017602069672974]",richmond:241,10.06
164995082143800,lcbevtvbb9pwp9f82mstww,2018-07-31,Apple,iPhone6S,1920,1080,37.549539960517,-77.446649143966,34.526073898762,"[1.4935253838503, -0.46591099043721, 0.47465268488292]","[1.1534280346573, 0.00089101659510542, -4.1083323736882e-05]",richmond:186,13.03
1652286875523929,4pTSeDONrRqohUYIvbK8l5,2024-06-09,GoPro,HERO11 Black,5568,4872,37.551175786189,-77.443681684952,312.29574892942,"[1.4648197206041, 0.65767349373186, -0.64204801950701]","[0.53957416448854, -0.0581996679325, -0.0238325579725]",richmond:227,28.41
1652664808910027,6e8jRXiFnPEAD5Ughx7CGV,2024-07-14,GoPro,HERO11 Black,5568,4872,37.544477868881,-77.44010651146,136.25949647847,"[0.70816090978455, -1.7889865614658, 1.7574240910298]","[0.39440235098443, -0.0043492901775567, -0.012681820326759]",richmond:242,20.65
165330635612157,Yyo2YprvMTjOcScG5Mi2mM,2021-01-23,Garmin,VIRB,3264,2448,37.549036986857,-77.440282522672,296.37779952338,"[1.3864615231521, 0.72434275812105, -1.0085948381459]","[0.70407134294493, -0.081676421436449, -0.032388966450689]",richmond:148,2.51
1653436008827111,kXDAa9BdycP6YZReUzr7hb,2024-06-09,GoPro,HERO11 Black,5568,4872,37.549998110916,-77.441687974522,133.02065638522,"[0.79825831981093, -1.7860409807644, 1.7112454054847]","[0.3815451096435, -0.036761335838536, -0.0060561575565738]",richmond:85,11.67
1660779120777450,Yyo2YprvMTjOcScG5Mi2mM,2021-01-23,Garmin,VIRB,3264,2448,37.549040954964,-77.440279606305,296.13864767343,"[1.3843901317815, 0.72516480590949, -1.0142245005706]","[0.70407134294493, -0.081676421436449, -0.032388966450689]",richmond:148,2.16
166380282105814,hMfZ50zbiU94YK04ZPbAwr,2021-01-23,Garmin,VIRB,3264,2448,37.548984493666,-77.440228122994,38.154515036404,"[1.3887176770491, -0.43429066726253, 0.59599052404013]","[0.73255594613238, -0.069974959622302, -0.055812110428014]",richmond:149,6.89
166944422022941,hMfZ50zbiU94YK04ZPbAwr,2021-01-23,Garmin,VIRB,3264,2448,37.547803480145,-77.441284575931,42.523163537436,"[1.3569917722758, -0.513912143109, 0.62552571417527]","[0.72756885963756, -0.06987080674513, -0.0629948717421]",richmond:201,19.88
167007665405832,w8hy0Wlz8tJRc2uxV5JqIM,2021-01-23,Garmin,VIRB,3264,2448,37.54759445981,-77.442983394458,121.82126674068,"[0.89318311389001, -1.6053941996713, 1.6053883597787]","[0.694146527347, -0.062403390616, -0.0603994499556]",richmond:234,5.21
1670755870401075,lnkxu1XHUOfT3dBtobgM0Q,2024-06-29,GoPro,HERO11 Black,5568,4872,37.546416156949,-77.443084948366,312.00749773592,"[1.4842581056497, 0.6682926519886, -0.64308792031566]","[0.32597700999527, -0.061868564567005, 0.0025987291806446]",richmond:46,19.28
167084005418816,s26m6zf69vcqamja9ntlpk,2019-01-06,Apple,iPhoneXS_Max,1920,1080,37.535617544752,-77.429692957817,24.208072882182,"[1.4794363431549, -0.3485216073796, 0.30619962302209]","[0.88123684448743, -0.013832500668883, -0.0072209248019195]",richmond:18,26.76
167302248647245,aq2cb4xkntbib56wxwulgc,2018-09-08,Apple,iPhone,4032,3024,37.541316397494,-77.437695091715,214.78671925359,"[0.53748419092578, 1.8163573840002, -1.8981617625277]","[1.2272975736592, 0.050955787590338, -0.09920689213265]",richmond:8,24.08
1675911766608119,0z1qCAk9QHtwGfKceJVj6X,2025-02-03,none,none,4096,1874,37.5366861,-77.4405111,154.51189529085,"[0.4466465252517, -1.9748459554804, 1.9748459554804]","[0.58, 0, 0]",richmond:0,19.70
167662242047483,w8hy0Wlz8tJRc2uxV5JqIM,2021-01-23,Garmin,VIRB,3264,2448,37.547853358102,-77.441093216334,43.799559309516,"[1.4370350250606, -0.6106743472537, 0.57506160187701]","[0.69828541546586, -0.056669520871862, -0.052603428654987]",richmond:201,6.28
1677043793094855,6DXipIoGb3vYkWg0tm1lhE,2024-06-09,GoPro,HERO11 Black,5568,4872,37.549161271843,-77.440294882169,133.51338123705,"[0.76525958312582, -1.7996617582014, 1.6950276459388]","[0.31686562446907, -0.076161913317361, 0.0045627053081717]",richmond:148,11.40
1678603335662162,Yyo2YprvMTjOcScG5Mi2mM,2021-01-23,Garmin,VIRB,3264,2448,37.549061840498,-77.440265748448,292.82466027544,"[1.3662608269882, 0.77180322869683, -1.0555389421778]","[0.70407134294493, -0.081676421436449, -0.032388966450689]",richmond:148,2.05
1679429215975257,fBJpEdlaWrLg98ZQwbi5Sy,2025-02-03,none,none,4096,1874,37.540625749432,-77.439626464825,237.91190536283,"[0.89886415756201, 1.9690165568508, -1.2565428584719]","[0.58542253473547, -0.0074417851108055, -0.0014017078554005]",richmond:144,28.03
1688806622047895,No2AeOb4sxtDaLEZrnV3lC,2025-02-03,none,none,4096,1874,37.54015982106,-77.440097078084,187.62527737672,"[-0.3968810800171, -2.4775801271084, 1.8393620692004]","[0.60998717242782, -0.0023037743949254, -0.0021017061431342]",richmond:146,26.65
1688847388337239,n4SUj9xNWz2Yb8qAoaEXIs,2025-02-03,none,none,4096,1874,37.540272982564,-77.439979373494,237.56178114411,"[0.90561658830625, 1.8244790559815, -1.4115014280829]","[0.82759957463973, -0.0028263288155389, 0.0010427715163951]",richmond:146,15.65
1691451204577392,yhuH8uEftI_M2nv_TJ1BOA,2017-11-16,Apple,iPhone,3264,2448,37.542364167405,-77.436891635824,131.98575802784,"[0.77352277195345, -1.7164367621935, 1.7369530643071]","[0.8492771594414, 0.082760794335256, -0.12987212415825]",richmond:133,12.11
169146518359788,hMfZ50zbiU94YK04ZPbAwr,2021-01-23,Garmin,VIRB,3264,2448,37.547438661999,-77.442697304308,130.11166463022,"[0.74283612696156, -1.5700216985348, 1.8052292409165]","[0.76996583927269, -0.06054577728249, -0.060216690882064]",richmond:235,20.38
1691895534771419,G8IYvZHK2akQBCD9pAo5dR,2025-08-23,GoPro,GoPro Max,4096,1344,37.541426087817,-77.437476372769,54.997302818638,"[1.432160574813, -0.76348409871287, 0.73237724637026]","[0.46291373185623, -0.018800683329087, -0.037417372355411]",richmond:8,8.56
1698256827773165,C34usnDOXhTe5i1wJqMyFU,2025-02-03,none,none,4096,1874,37.543231658425,-77.444218292342,57.757517143885,"[1.4852585130818, -0.82137349567798, 0.76274800405585]","[0.65947676929054, -0.0057779890315322, -0.0016922990383168]",richmond:116,18.04
1699165694114842,G8IYvZHK2akQBCD9pAo5dR,2025-08-23,GoPro,GoPro Max,4096,1344,37.541318695123,-77.437622480359,123.58870964898,"[0.84553226559666, -1.6015088951747, 1.6369121059238]","[0.96189101225344, -0.0049929592251723, -0.0027066365665191]",richmond:8,20.64
1704514216750092,nue465Xfgv1VDJs8mW9TFU,2024-06-09,GoPro,HERO11 Black,5568,4872,37.546311673174,-77.435548885354,313.52054424552,"[1.4894878227874, 0.65283565211209, -0.61754208307315]","[0.31482823792874, -0.07405889352424, 0.0041439844633844]",richmond:203,24.33
170824531621071,ATAIxHx8ob0G_E_MVoYe-g,2018-01-14,motorola,moto x4,4032,3024,37.544623781751,-77.442952236381,221.45016138084,"[0.72865434797742, 1.8042189410015, -1.8244798741665]","[0.69899328697273, 0.033557204806678, -0.029463180637455]",richmond:166,18.14
170882604853564,4dq0z862qjjx7kup91zmak,2018-07-23,Apple,iPhone7,1920,1080,37.535649412787,-77.429667807462,24.035445609097,"[1.4716599000108, -0.271930927729, 0.38260233223714]","[1.2041868197891, 0.016015818141062, -0.00044006215581538]",richmond:19,27.75
1711654416047482,sjF1xVORm0cTNU4yqIvL9W,2025-02-03,none,none,4096,1874,37.536754455265,-77.440660089425,145.70037276396,"[0.67975988894595, -2.0732594560996, 1.7315458923185]","[0.76639963173854, -0.0051997294123806, 0.00040805639653863]",richmond:0,8.64
1716253215573595,6DXipIoGb3vYkWg0tm1lhE,2024-06-09,GoPro,HERO11 Black,5568,4872,37.543507194632,-77.431089295974,132.62942790268,"[0.78199545475982, -1.7994548557803, 1.6773606489217]","[0.39500659555971, -0.12247523282671, 0.010532741459659]",richmond:35,22.35
172356311449732,-C6FxYTP0JyS-NEReC9DNQ,2018-01-14,motorola,moto x4,4032,3024,37.535050503846,-77.438004988318,218.63107811403,"[0.67452636962815, 1.9273307342881, -1.7540305585725]","[0.8048830583639, 0.033683286485047, -0.029130853161899]",richmond:128,8.68
172508584749260,Yyo2YprvMTjOcScG5Mi2mM,2021-01-23,Garmin,VIRB,3264,2448,37.550405558191,-77.445988892451,214.76633231317,"[0.58699126476009, 1.8750217658029, -1.8750217658029]","[0.694146527347, -0.062403390616, -0.0603994499556]",richmond:75,18.98
1725956181384961,G8IYvZHK2akQBCD9pAo5dR,2025-08-23,GoPro,GoPro Max,4096,1344,37.54132931647,-77.437561525795,248.80693774508,"[1.3058062880166, 1.5164228213603, -1.5252419469771]","[0.75809459440663, 0.00061301808115075, 0.001042479104411]",richmond:8,18.02
172984288118725,Yyo2YprvMTjOcScG5Mi2mM,2021-01-23,Garmin,VIRB,3264,2448,37.549932142306,-77.441650756307,207.66891766051,"[0.61222296476021, 1.9216735234091, -2.0704121735949]","[0.71622227178411, -0.062410529838457, -0.058872472497488]",richmond:85,14.44
1745796925990274,No2AeOb4sxtDaLEZrnV3lC,2025-02-03,none,none,4096,1874,37.540211760407,-77.44004984895,231.12332334771,"[0.7277020831275, 1.4878551746904, -1.8366358427454]","[0.60998717242782, -0.0023037743949254, -0.0021017061431342]",richmond:146,20.71
175288151163846,ATAIxHx8ob0G_E_MVoYe-g,2018-01-14,motorola,moto x4,4032,3024,37.536202745226,-77.436829318184,40.725115137966,"[1.5157218729263, -0.56562667431861, 0.54929020439632]","[0.72751690908005, 0.030011261356446, -0.027011850333202]",richmond:134,26.83
1758600001596264,qVTQFIHbvh1wrWuZ7mAKoR,2025-02-03,none,none,4096,1874,37.545890875187,-77.440296141502,231.15477799943,"[0.90558092586144, 1.9670371502354, -1.4447044117385]","[0.6419152979586, -0.0011154273035746, 0.00075922181018828]",richmond:38,9.02
1758735788258007,bQcfxBVZdPNy7sn64X3lUo,2025-02-03,none,none,4096,1874,37.5354583,-77.4383028,155.23412447956,"[0.43524426532422, -1.9824191194363, 1.9824191194363]","[0.58, 0, 0]",richmond:132,21.06
1763324877407508,dSo8DGcRjtYEmMgsvB72L5,2024-07-14,GoPro,HERO11 Black,5568,4872,37.546596215849,-77.443659645025,139.30559280818,"[0.68737673327116, -1.913699587035, 1.7123142685642]","[0.40122485126348, -0.11858135315861, 0.010319427380999]",richmond:231,7.09
176342610941375,RYRGV-ZWSOKWRdCw07o3wA,2018-09-09,Apple,iPhone,4032,3024,37.538579086306,-77.441474082266,304.94807692743,"[1.2425438006127, 0.71404971896848, -0.72809928665995]","[0.87200143110579, 0.054058629173679, -0.097685641560942]",richmond:26,10.56
177174000985184,7ei3xhrbj8vl21vyr5lzxv,2018-08-06,Apple,iPhone6S,1920,1080,37.535398469278,-77.429846238221,196.60573240465,"[0.21077077298426, 2.0755939799224, -1.9852852499646]","[1.0578230775592, 0.0041323145233245, 0.00071445265190373]",richmond:18,26.57
1772333986626613,nue465Xfgv1VDJs8mW9TFU,2024-06-09,GoPro,HERO11 Black,5568,4872,37.543092752744,-77.429942103848,297.18068373728,"[1.2504673320453, 0.91141944595644, -0.74644054360025]","[0.47748621806084, -0.016467457493507, -0.01895092132761]",richmond:171,28.72
177410190904995,Yyo2YprvMTjOcScG5Mi2mM,2021-01-23,Garmin,VIRB,3264,2448,37.54903453577,-77.44028440819,296.45363602295,"[1.3887330540743, 0.72573595605758, -1.005310404519]","[0.70407134294493, -0.081676421436449, -0.032388966450689]",richmond:148,2.74
177468757593473,hMfZ50zbiU94YK04ZPbAwr,2021-01-23,Garmin,VIRB,3264,2448,37.549743924619,-77.446521202654,171.00457409737,"[0.18907707630326, -1.9512421045585, 2.335262642293]","[0.68546552727373, -0.067571758881725, -0.06330855399534]",richmond:186,13.16
1776451036454626,fOGlpY58IRPZL1gDdvwjMm,2025-02-03,none,none,4096,1874,37.5394389,-77.4408222,245.05694018174,"[0.97081986098229, 1.5222122537222, -1.5222122537222]","[0.58, 0, 0]",richmond:95,6.71
1779499796234961,fCLD0eXEIQtTqbx3pYJynk,2025-02-03,none,none,4096,1874,37.5378583,-77.4423194,244.97118825698,"[0.96988442542977, 1.523258630214, -1.523258630214]","[0.58, 0, 0]",richmond:96,2.45
1784637835657909,mljMiuUB1obwPOeZxLyT5K,2025-02-03,none,none,4096,1874,37.546029159734,-77.440192129426,227.4666955962,"[0.81782673694412, 1.8112850196766, -1.6802753047879]","[1.4627224262008, -0.024658745958048, -0.00014739878905652]",richmond:40,6.02
1784719012308151,MDYAX2KfQVCzbimEOl8WIk,2025-02-03,none,none,4096,1874,37.541657911849,-77.439786297766,155.86096512232,"[0.42851891102747, -1.9957156800031, 1.9845015911264]","[0.58344167612572, -2.669211700038e-05, -1.488386086897e-05]",richmond:221,25.36
1786000425490207,YUM8A0FGN61ldTrah5VgWI,2025-02-03,none,none,4096,1874,37.5499528,-77.4369528,203.351,"[0.41270301733517, 1.9971677770904, -1.9971677770904]","[0.58, 0, 0]",richmond:170,27.20
1789487341826466,j5OUtzRcSX0Qxav8iWewB4,2025-02-03,none,none,4096,1874,37.543788839912,-77.443357371497,141.77980485111,"[0.74667335169337, -1.9929102922193, 1.7327242893083]","[0.76917204203587, -0.00022352870483632, 0.0014742591207916]",richmond:29,18.02
179059510885677,w8hy0Wlz8tJRc2uxV5JqIM,2021-01-23,Garmin,VIRB,3264,2448,37.546925523828,-77.439667180664,21.846001023817,"[1.4783554883397, -0.32572625310495, 0.26381659907365]","[0.71939332555797, -0.062523220141035, -0.060516163611398]",richmond:7,18.51
1791267528389167,eiyGpjVTl8kWrZgBv3zISE,2025-01-01,Apple,iPhone 11,4032,3024,37.550626997229,-77.44580437726,46.952247083068,"[1.3996004062544, -0.61941190955373, 0.64652834715408]","[0.86765144169845, 0.0035481341479619, 0.00011096989215217]",richmond:75,11.45
179238247310866,Y2R1D9MENx43jgMhj1hZnt,2021-01-22,Garmin,VIRB,3264,2448,37.535889015748,-77.429779365776,112.63660320208,"[1.0651396854694, -1.7893223007987, 1.2309280980774]","[0.63034449014465, -0.064043273557798, -0.063458547270398]",richmond:19,19.49
1797121881040118,qVTQFIHbvh1wrWuZ7mAKoR,2025-02-03,none,none,4096,1874,37.546692388567,-77.439631498929,227.76173508501,"[0.82448902055477, 1.9129455784315, -1.5687626585213]","[0.63176933874014, 0.0085171305721773, 0.0031851009953534]",richmond:7,14.93
1801436130486631,G8IYvZHK2akQBCD9pAo5dR,2025-08-23,GoPro,GoPro Max,4096,1344,37.541418692213,-77.437476855635,39.750385481597,"[1.4452823881314, -0.64184218860107, 0.43321177787025]","[0.46291373185623, -0.018800683329087, -0.037417372355411]",richmond:8,9.22
180191634040281,5rjl3l4r156llm82k1afrv,2018-08-07,Apple,iPhone7,1920,1080,37.55009573026,-77.436414871557,130.49022582685,"[0.9254922208502, -1.7450752880792, 1.7375696677599]","[1.1140124588445, -0.021450933258753, -0.0097881899033667]",richmond:169,17.01
180278393885513,jo2j9a0lafbb4mxlylp1lt,2018-08-08,Apple,iPhone6,1920,1080,37.547868952552,-77.435566796336,231.0445352553,"[0.82357758044927, 1.660198244875, -1.7290231764773]","[1.0037267102616, 0.023010515998895, -0.00028184823693249]",richmond:23,11.10
1803414303744536,CXvYyuKQrnUPoe1NbS6djB,2025-02-03,none,none,4096,1874,37.540178642166,-77.440086096192,238.41686767629,"[0.94130082332602, 1.8163559105854, -1.409079478464]","[0.8907346644166, -0.013209973177717, -0.0010554807079253]",richmond:146,24.47
1806444526563121,tyhOIMiG6C7uU4RVjScHbk,2025-02-03,none,none,4096,1874,37.543808991051,-77.443677414557,61.411538006617,"[1.4905126928553, -0.86469747343979, 0.82184274962874]","[0.85515079937334, -0.0046509269017086, -0.00087079086625475]",richmond:28,7.82
1811366042956182,zFMP9uVOwjfLgNcEApxlBk,2025-02-03,none,none,4096,1874,37.539483069513,-77.440774832936,234.19897617293,"[0.82558996126741, 1.8205707899471, -1.4768866658509]","[0.89538514411005, -0.0029271413571262, -0.0015467272379897]",richmond:95,0.56
181531360473035,w8hy0Wlz8tJRc2uxV5JqIM,2021-01-23,Garmin,VIRB,3264,2448,37.548975233408,-77.440222407118,121.32253608472,"[0.80806850079406, -1.4341499381537, 1.7102560302339]","[0.70310544623019, -0.095213924118172, -0.024453772793845]",richmond:149,6.54
1819434068654132,bBmO2TXKGUaACqw4gYRQrn,2025-10-03,samsung,SM-G960U,4032,3024,37.535424377392,-77.429826254966,200.4702450057,"[0.36470958444044, 1.9747397601626, -2.0772661974134]","[0.96818127215996, 0.0001461958378477, -0.00025618320059701]",richmond:18,25.12
1822240538368237,G8IYvZHK2akQBCD9pAo5dR,2025-08-23,GoPro,GoPro Max,4096,1344,37.541368033487,-77.43753126349,40.457580958326,"[1.4375993629321, -0.60140792756935, 0.49118607321744]","[0.85404545153588, -0.0001172747528559, 3.921317757606e-05]",richmond:8,13.51
1823703995022209,G8IYvZHK2akQBCD9pAo5dR,2025-08-23,GoPro,GoPro Max,4096,1344,37.541302062628,-77.437554982526,155.79031882018,"[0.76371228452526, -2.0728186428387, 2.0968805475725]","[0.96189101225344, -0.0049929592251723, -0.0027066365665191]",richmond:8,20.96
1832358457592252,n4SUj9xNWz2Yb8qAoaEXIs,2025-02-03,none,none,4096,1874,37.540398947657,-77.439849749795,235.55675571382,"[0.84542216205488, 1.8114680743586, -1.4559375248915]","[0.82759957463973, -0.0028263288155389, 0.0010427715163951]",richmond:144,4.59
1834665797083096,G8IYvZHK2akQBCD9pAo5dR,2025-08-23,GoPro,GoPro Max,4096,1344,37.541198710888,-77.437467274744,147.43148067237,"[0.49819756158041, -1.8972730683366, 1.8626188355288]","[1.0625843446207, -0.0098939198681565, -0.0018362697353777]",richmond:11,27.80
1834966537106951,G8IYvZHK2akQBCD9pAo5dR,2025-08-23,GoPro,GoPro Max,4096,1344,37.541342710469,-77.437574597192,157.10837877825,"[0.18924408571316, -1.857611495873, 1.9562244019824]","[0.75809459440663, 0.00061301808115075, 0.001042479104411]",richmond:8,16.77
1839858260209430,G8IYvZHK2akQBCD9pAo5dR,2025-08-23,GoPro,GoPro Max,4096,1344,37.541268716246,-77.437562629246,121.92245325036,"[0.79873076516152, -1.5559153880157, 1.6035394379048]","[0.96189101225344, -0.0049929592251723, -0.0027066365665191]",richmond:8,24.72
1844693719415807,G8IYvZHK2akQBCD9pAo5dR,2025-08-23,GoPro,GoPro Max,4096,1344,37.54141792378,-77.437476396725,31.613787989126,"[1.5060545502872, -0.42084559240258, 0.44143287133066]","[0.46291373185623, -0.018800683329087, -0.037417372355411]",richmond:8,9.32
184582386885822,RI6ajbSzaig6pFr7_k_pXA,2018-01-14,motorola,moto x4,4032,3024,37.535424961157,-77.431938597338,42.605801921408,"[1.4890209591966, -0.6044900932441, 0.55837068243675]","[0.7473414933533, 0.037233805694548, -0.02044753699854]",richmond:49,23.37
1846148985811744,lnkxu1XHUOfT3dBtobgM0Q,2024-06-29,GoPro,HERO11 Black,5568,4872,37.546176670761,-77.442696040723,312.44349459035,"[1.4463885937288, 0.68121035301079, -0.61066978650802]","[0.32597700999527, -0.061868564567005, 0.0025987291806446]",richmond:42,20.00
1847294725762261,dSo8DGcRjtYEmMgsvB72L5,2024-07-14,GoPro,HERO11 Black,5568,4872,37.546799288769,-77.443952720429,137.87232683448,"[0.71936299123121, -1.8860977716162, 1.7143457094102]","[0.40122485126348, -0.11858135315861, 0.010319427380999]",richmond:230,21.08
184988406827764,ek1x6s0ezix1so1cqrndmy,2018-08-19,Apple,iPhoneX,1920,1080,37.535483493042,-77.429726159325,5.0188949402298,"[1.5872555063991, -0.097193140796616, 0.041236530268407]","[0.7987701569412, -0.0046686949540444, -0.0034205373749227]",richmond:18,27.41
1857183321451737,6DXipIoGb3vYkWg0tm1lhE,2024-06-09,GoPro,HERO11 Black,5568,4872,37.543163312943,-77.43022884083,115.09217338814,"[1.0067140352116, -1.6061679468513, 1.4586991258485]","[0.39500659555971, -0.12247523282671, 0.010532741459659]",richmond:171,16.12
186384076745460,w8hy0Wlz8tJRc2uxV5JqIM,2021-01-23,Garmin,VIRB,3264,2448,37.548975235482,-77.440222404779,121.33646821867,"[0.8078655093633, -1.4343465787565, 1.7103546979236]","[0.70310544623019, -0.095213924118172, -0.024453772793845]",richmond:149,6.54
1864437384068873,6e8jRXiFnPEAD5Ughx7CGV,2024-07-14,GoPro,HERO11 Black,5568,4872,37.539710388165,-77.432173677842,132.54091807725,"[0.81568411384183, -1.8431457579742, 1.6464863192902]","[0.51794130585331, -0.17113893631427, 0.020443199561747]",richmond:238,3.70
1871884426323064,ATAIxHx8ob0G_E_MVoYe-g,2018-01-14,motorola,moto x4,4032,3024,37.53930290062,-77.438017503363,311.65767462448,"[1.4125277899427, 0.61800452629531, -0.69035300980091]","[0.72769479818988, 0.03472032918424, -0.028396080599113]",richmond:252,7.65
1875650213061519,Av4IQLVTGqaMjsU6r1yHpB,2025-10-03,samsung,SM-G960U,4032,3024,37.535789751215,-77.429671392641,24.533168540154,"[1.4815372163964, -0.37830905755578, 0.28446376283347]","[0.86225168366537, 0.0060219000261865, -0.0066565528079918]",richmond:19,24.01
187866253184340,aq2cb4xkntbib56wxwulgc,2018-09-08,Apple,iPhone,4032,3024,37.537970956213,-77.438188100301,129.34348256739,"[0.73897136080644, -1.614591225253, 1.7353022737024]","[0.83527288785031, 0.061936923544991, -0.096207779018105]",richmond:21,26.78
1879824815866619,lnkxu1XHUOfT3dBtobgM0Q,2024-06-29,GoPro,HERO11 Black,5568,4872,37.544752171761,-77.440286838248,308.83147612455,"[1.5253203846132, 0.71426737307806, -0.69207985713116]","[0.42320122866209, -0.016175467322768, -0.017602069672974]",richmond:240,9.10
1882758141891055,hMfZ50zbiU94YK04ZPbAwr,2021-01-23,Garmin,VIRB,3264,2448,37.549922954301,-77.441472309262,315.87433929667,"[1.3382306196603, 0.53087177443046, -0.64832003192376]","[0.69547660566168, -0.063713146392855, -0.060396831810035]",richmond:85,16.04
190637286310985,w8hy0Wlz8tJRc2uxV5JqIM,2021-01-23,Garmin,VIRB,3264,2448,37.5469944373,-77.439360998253,257.57792581927,"[1.0985539348475, 1.3654999886558, -1.3686262390973]","[0.694146527347, -0.062403390616, -0.0603994499556]",richmond:6,13.98
1923447648446205,G8IYvZHK2akQBCD9pAo5dR,2025-08-23,GoPro,GoPro Max,4096,1344,37.541189401325,-77.437459627176,147.85242391845,"[0.4018550190459, -1.8325648071483, 1.8645502579312]","[1.0625843446207, -0.0098939198681565, -0.0018362697353777]",richmond:11,28.56
192993379338263,jo2j9a0lafbb4mxlylp1lt,2018-08-08,Apple,iPhone6,1920,1080,37.543590976704,-77.431292748402,130.8555943869,"[0.75871294723042, -1.7185879791274, 1.6919323703155]","[1.0033563119864, 0.0077174251835807, 0.0012807222370526]",richmond:35,21.40
1931467807693606,G8IYvZHK2akQBCD9pAo5dR,2025-08-23,GoPro,GoPro Max,4096,1344,37.54141765782,-77.437476587574,27.421427271045,"[1.6074009200125, -0.32752492640156, 0.42643670610471]","[0.46291373185623, -0.018800683329087, -0.037417372355411]",richmond:8,9.33
1935568633267940,Yyo2YprvMTjOcScG5Mi2mM,2021-01-23,Garmin,VIRB,3264,2448,37.549034524307,-77.440284418328,296.45432733574,"[1.3886071896494, 0.7257723294322, -1.0052263805682]","[0.70407134294493, -0.081676421436449, -0.032388966450689]",richmond:148,2.75
1944318122375617,Yyo2YprvMTjOcScG5Mi2mM,2021-01-23,Garmin,VIRB,3264,2448,37.549034488128,-77.440284450974,296.45703019024,"[1.3886533637523, 0.72568579585265, -1.0052516822407]","[0.70407134294493, -0.081676421436449, -0.032388966450689]",richmond:148,2.75
195500612295578,aq2cb4xkntbib56wxwulgc,2018-09-08,Apple,iPhone,4032,3024,37.542415630182,-77.436652603627,217.44058779545,"[0.58215960912, 1.7621387833727, -1.8981328128699]","[0.84705467441372, 0.067764741178245, -0.09509002759296]",richmond:133,9.95
195628519129604,w8hy0Wlz8tJRc2uxV5JqIM,2021-01-23,Garmin,VIRB,3264,2448,37.548975596351,-77.440222201312,121.29753866773,"[0.80877198589623, -1.4339756995111, 1.7101308395897]","[0.70310544623019, -0.095213924118172, -0.024453772793845]",richmond:149,6.52
1961327220688132,w8hy0Wlz8tJRc2uxV5JqIM,2021-01-23,Garmin,VIRB,3264,2448,37.548917111188,-77.440258400006,121.14581100998,"[0.81078709961468, -1.4352706032644, 1.7054959449374]","[0.70310544623019, -0.095213924118172, -0.024453772793845]",richmond:149,12.45
1965656483852879,GWdebvF1QOErCBnXNhtfVS,2024-06-29,GoPro,HERO11 Black,5568,4872,37.541436170986,-77.434823223878,308.10384447154,"[1.4927807391942, 0.73908327368652, -0.68292786217596]","[0.42735282358916, -0.10737370241525, 0.0079470567517577]",richmond:197,16.16
196666652236261,Yyo2YprvMTjOcScG5Mi2mM,2021-01-23,Garmin,VIRB,3264,2448,37.547829200806,-77.441297602902,301.2766932999,"[1.2352386527257, 0.60848192628742, -0.9598692913303]","[0.72194937334099, -0.067466814928941, -0.058615989495167]",richmond:201,19.34
196810818826071,RI6ajbSzaig6pFr7_k_pXA,2018-01-14,motorola,moto x4,4032,3024,37.534477319014,-77.432437053964,24.027686578709,"[1.5578102266374, -0.33418872112433, 0.3247936308608]","[0.7473414933533, 0.037233805694548, -0.02044753699854]",richmond:52,17.66
197060732261888,hMfZ50zbiU94YK04ZPbAwr,2021-01-23,Garmin,VIRB,3264,2448,37.548045048193,-77.443654384302,133.27242479236,"[0.67229794695581, -1.5854225474445, 1.8397776098394]","[0.76996583927269, -0.06054577728249, -0.060216690882064]",richmond:108,15.89
1975294002647831,aq2cb4xkntbib56wxwulgc,2018-09-08,Apple,iPhone,4032,3024,37.537932227644,-77.43814482918,136.50456858315,"[0.6547718800405, -1.696825735774, 1.8215925112917]","[0.83527288785031, 0.061936923544991, -0.096207779018105]",richmond:21,23.26
198430435435597,lcbevtvbb9pwp9f82mstww,2018-07-31,Apple,iPhone6S,1920,1080,37.549610903636,-77.446585861567,34.965343162205,"[1.4943942016675, -0.47380963968038, 0.47892753449355]","[1.1534280346573, 0.00089101659510542, -4.1083323736882e-05]",richmond:186,5.66
1987156702075135,G8IYvZHK2akQBCD9pAo5dR,2025-08-23,GoPro,GoPro Max,4096,1344,37.54120256243,-77.437470495883,147.79751193318,"[0.47538484601221, -1.8864770535316, 1.8683945423595]","[1.0625843446207, -0.0098939198681565, -0.0018362697353777]",richmond:11,27.50
199317045363259,aq2cb4xkntbib56wxwulgc,2018-09-08,Apple,iPhone,4032,3024,37.539940055177,-77.432350506432,303.95314332569,"[1.2946720393709, 0.71201416453304, -0.77834182818953]","[0.84705467441372, 0.067764741178245, -0.09509002759296]",richmond:237,24.05
1996023837546750,qVTQFIHbvh1wrWuZ7mAKoR,2025-02-03,none,none,4096,1874,37.546841411813,-77.439352385816,231.65925292424,"[0.89161727132357, 1.9228674695374, -1.4724572275223]","[0.61669470208105, -0.010398946808058, -0.001981698652351]",richmond:6,9.42
1997210961095275,G8IYvZHK2akQBCD9pAo5dR,2025-08-23,GoPro,GoPro Max,4096,1344,37.541443060626,-77.437338490525,272.03973908894,"[1.3541303144034, 0.96624090481437, -1.4493899058199]","[0.98779758302594, -0.0083460971450409, -0.0021574304289263]",richmond:11,2.13
201418085184455,Yyo2YprvMTjOcScG5Mi2mM,2021-01-23,Garmin,VIRB,3264,2448,37.548872492264,-77.440404905591,297.42106682118,"[1.3701682169348, 0.70768419564026, -0.99339822765606]","[0.70407134294493, -0.081676421436449, -0.032388966450689]",richmond:148,23.15
2016795095453937,2vBlcK7NUmy9gsraEZ0OLR,2025-02-03,none,none,4096,1874,37.5397889,-77.4404917,248.21685380368,"[1.0047202673158, 1.4834955992609, -1.4834955992609]","[0.58, 0, 0]",richmond:93,27.69
201872648358795,Yyo2YprvMTjOcScG5Mi2mM,2021-01-23,Garmin,VIRB,3264,2448,37.547829194068,-77.441297629226,301.30563048447,"[1.2348163099476, 0.60788792680958, -0.95959990934631]","[0.72194937334099, -0.067466814928941, -0.058615989495167]",richmond:201,19.34
2019997534805914,w8hy0Wlz8tJRc2uxV5JqIM,2021-01-23,Garmin,VIRB,3264,2448,37.54897523399,-77.440222400829,121.33510107109,"[0.80790115264274, -1.4345294984357, 1.7101541134147]","[0.70310544623019, -0.095213924118172, -0.024453772793845]",richmond:149,6.54
202972758322773,4dq0z862qjjx7kup91zmak,2018-07-23,Apple,iPhone7,1920,1080,37.535702474354,-77.429649473599,24.986785762757,"[1.4699412351871, -0.2844415407171, 0.39580057475808]","[1.2041868197891, 0.016015818141062, -0.00044006215581538]",richmond:19,26.95
2038445402962916,ATAIxHx8ob0G_E_MVoYe-g,2018-01-14,motorola,moto x4,4032,3024,37.535360972059,-77.43762226918,42.033203467015,"[1.4574863611342, -0.57984689946642, 0.56137939025561]","[0.72751690908005, 0.030011261356446, -0.027011850333202]",richmond:33,7.67
207401527673158,hMfZ50zbiU94YK04ZPbAwr,2021-01-23,Garmin,VIRB,3264,2448,37.548987575509,-77.44022586019,38.0286670567,"[1.3903245621359, -0.43605883385499, 0.59059009805747]","[0.73255594613238, -0.069974959622302, -0.055812110428014]",richmond:149,6.67
2083122762096053,G8IYvZHK2akQBCD9pAo5dR,2025-08-23,GoPro,GoPro Max,4096,1344,37.541416911636,-77.43747746183,11.473270336895,"[1.7416706527301, -0.044762188624899, 0.25645658927426]","[0.46291373185623, -0.018800683329087, -0.037417372355411]",richmond:8,9.37
2083491465430293,FRnoGPpvqCsVOMc0iWEDxA,2025-02-03,none,none,4096,1874,37.537956785855,-77.44220672794,212.42987737203,"[0.49039388195413, 2.0335257480225, -1.7275372697047]","[1.0508950787596, -0.012639767251291, -0.0022372504726072]",richmond:96,14.03
209258377459453,ATAIxHx8ob0G_E_MVoYe-g,2018-01-14,motorola,moto x4,4032,3024,37.544698628587,-77.442877298057,228.28756194383,"[0.80355283939228, 1.7214829880229, -1.7401778821479]","[0.69899328697273, 0.033557204806678, -0.029463180637455]",richmond:166,8.01
209530174350493,w8hy0Wlz8tJRc2uxV5JqIM,2021-01-23,Garmin,VIRB,3264,2448,37.547694441777,-77.44315829799,123.28704342172,"[0.87590443460657, -1.6229003272884, 1.6229010797365]","[0.694146527347, -0.062403390616, -0.0603994499556]",richmond:234,22.29
2098992803575341,lcbevtvbb9pwp9f82mstww,2018-07-31,Apple,iPhone6S,1920,1080,37.549414827257,-77.446757476745,33.730260607475,"[1.4933436867964, -0.45480962839694, 0.46384426749908]","[1.1534280346573, 0.00089101659510542, -4.1083323736882e-05]",richmond:186,29.36
2099004910480748,4pTSeDONrRqohUYIvbK8l5,2024-06-09,GoPro,HERO11 Black,5568,4872,37.55111034846,-77.44357802029,311.62643002885,"[1.4609509209457, 0.66097719273993, -0.65658635468424]","[0.53957416448854, -0.0581996679325, -0.0238325579725]",richmond:227,19.92
210219077645274,w8hy0Wlz8tJRc2uxV5JqIM,2021-01-23,Garmin,VIRB,3264,2448,37.547105552883,-77.439252781777,220.59877607485,"[0.66967244348178, 1.8106469259329, -1.8095321101578]","[0.694146527347, -0.062403390616, -0.0603994499556]",richmond:6,29.55
2102849506897344,n4SUj9xNWz2Yb8qAoaEXIs,2025-02-03,none,none,4096,1874,37.540447719701,-77.439801671913,234.43464654909,"[0.81948950571956, 1.8437749656945, -1.4447040764732]","[0.82759957463973, -0.0028263288155389, 0.0010427715163951]",richmond:144,3.51
211307668410392,EsPJ7herbXIlGnm69cjqCW,2023-06-09,Apple,iPhone 13,4032,3024,37.53788466986,-77.439610106131,45.462983112076,"[1.5310051855408, -0.67032859840631, 0.58005514420908]","[0.404523526926, -0.00048672221672097, -0.00028403876791042]",richmond:195,25.91
212240708414951,EsPJ7herbXIlGnm69cjqCW,2023-06-09,Apple,iPhone 13,4032,3024,37.537833890258,-77.439661058045,46.564127077618,"[1.4685686525929, -0.68515686819636, 0.58420968421681]","[0.404523526926, -0.00048672221672097, -0.00028403876791042]",richmond:195,18.68
213099703870768,w8hy0Wlz8tJRc2uxV5JqIM,2021-01-23,Garmin,VIRB,3264,2448,37.548072147453,-77.440924960469,55.978584767191,"[1.4331830380589, -0.76169333721731, 0.76169349460025]","[0.694146527347, -0.062403390616, -0.0603994499556]",richmond:201,24.00
213177640616899,m8qzbtvzktp4j269bqrz9q,2018-07-31,Apple,iPhone6S,1920,1080,37.549861265902,-77.446531160855,215.91305174261,"[0.61456851352529, 1.8359501574145, -1.895897025214]","[0.89488391433421, 0.011814041565834, -0.0048548537264834]",richmond:188,23.25
213872433606614,aq2cb4xkntbib56wxwulgc,2018-09-08,Apple,iPhone,4032,3024,37.537892040061,-77.438119743401,152.40704226726,"[0.45782172449791, -1.8492310090114, 2.0376224216658]","[0.83527288785031, 0.061936923544991, -0.096207779018105]",richmond:21,19.88
215767766728468,RYRGV-ZWSOKWRdCw07o3wA,2018-09-09,Apple,iPhone,4032,3024,37.538769481265,-77.441776731801,305.40983800384,"[1.2910553054627, 0.70213156961606, -0.74568821291187]","[0.87200143110579, 0.054058629173679, -0.097685641560942]",richmond:24,15.11
216226446720058,jo2j9a0lafbb4mxlylp1lt,2018-08-08,Apple,iPhone6,1920,1080,37.543546388831,-77.431222584279,130.28690132425,"[0.76667213463064, -1.7092815553822, 1.6884440096725]","[1.0033563119864, 0.0077174251835807, 0.0012807222370526]",richmond:35,20.96
217048493573694,Yyo2YprvMTjOcScG5Mi2mM,2021-01-23,Garmin,VIRB,3264,2448,37.547855197686,-77.441145746594,216.93978333769,"[0.62052760640078, 1.5993741638303, -2.1003530483319]","[0.68602786347941, -0.062622204852209, -0.064403848764375]",richmond:201,7.09
217372963265291,5rjl3l4r156llm82k1afrv,2018-08-07,Apple,iPhone7,1920,1080,37.550028878626,-77.436273053245,130.61594035637,"[0.91887241621694, -1.7418190011547, 1.7420156966027]","[1.1140124588445, -0.021450933258753, -0.0097881899033667]",richmond:169,19.12
217636536562665,s26m6zf69vcqamja9ntlpk,2019-01-06,Apple,iPhoneXS_Max,1920,1080,37.535675481118,-77.429672375349,25.25081871407,"[1.4755673039708, -0.36408280497274, 0.3185071921621]","[0.88123684448743, -0.013832500668883, -0.0072209248019195]",richmond:19,26.09
217902949799443,RYRGV-ZWSOKWRdCw07o3wA,2018-09-09,Apple,iPhone,4032,3024,37.539599096789,-77.44313367115,305.46898810498,"[1.2342452108785, 0.6785891546133, -0.75002646499344]","[0.87200143110579, 0.054058629173679, -0.097685641560942]",richmond:219,19.36
218218093322162,w8hy0Wlz8tJRc2uxV5JqIM,2021-01-23,Garmin,VIRB,3264,2448,37.54982505691,-77.446547257504,330.45959701512,"[1.5101586903205, 0.41069468842805, -0.39475968062676]","[0.6901056969299, -0.061569409375975, -0.059618878102864]",richmond:188,19.16
2185773948571841,G8IYvZHK2akQBCD9pAo5dR,2025-08-23,GoPro,GoPro Max,4096,1344,37.541419251952,-77.437474915734,17.851515135842,"[1.4847347837752, -0.1311351965911, 0.36173019614059]","[0.46291373185623, -0.018800683329087, -0.037417372355411]",richmond:8,9.26
2191374140992707,7ei3xhrbj8vl21vyr5lzxv,2018-08-06,Apple,iPhone6S,1920,1080,37.535502968706,-77.429813282799,197.56204553828,"[0.22478750497136, 2.0649092186161, -1.9757118143823]","[1.0578230775592, 0.0041323145233245, 0.00071445265190373]",richmond:18,19.75
219568809596945,ATAIxHx8ob0G_E_MVoYe-g,2018-01-14,motorola,moto x4,4032,3024,37.542048978335,-77.439765069242,40.232595625673,"[1.5070782282249, -0.51651163196105, 0.58352406515806]","[0.71467290666609, 0.035559707884072, -0.026153791541817]",richmond:220,17.33
219626299607074,hMfZ50zbiU94YK04ZPbAwr,2021-01-23,Garmin,VIRB,3264,2448,37.547787595837,-77.441007719166,315.61985949596,"[1.3204994417945, 0.56630491727451, -0.61039245935634]","[0.70469690962322, -0.06366184884463, -0.061893589824885]",richmond:201,15.94
220124369538238,-C6FxYTP0JyS-NEReC9DNQ,2018-01-14,motorola,moto x4,4032,3024,37.537564432671,-77.435587408448,223.24503823734,"[0.7329632801996, 1.8823551721755, -1.6915454657801]","[0.75081721641382, 0.034753623546086, -0.028462964806855]",richmond:136,17.88
220464136230334,hMfZ50zbiU94YK04ZPbAwr,2021-01-23,Garmin,VIRB,3264,2448,37.548984166755,-77.440228445363,38.152559745988,"[1.3890792684364, -0.43415372194678, 0.59614955063839]","[0.73255594613238, -0.069974959622302, -0.055812110428014]",richmond:149,6.92
221246599477830,jo2j9a0lafbb4mxlylp1lt,2018-08-08,Apple,iPhone6,1920,1080,37.547718417957,-77.435740729675,219.72315316443,"[0.66194544973814, 1.7720556663744, -1.8705098161759]","[1.0037267102616, 0.023010515998895, -0.00028184823693249]",richmond:23,22.07
222183979295977,hMfZ50zbiU94YK04ZPbAwr,2021-01-23,Garmin,VIRB,3264,2448,37.548984119339,-77.440228319881,38.09761068862,"[1.389931068356, -0.43378461857981, 0.5951188067924]","[0.73255594613238, -0.069974959622302, -0.055812110428014]",richmond:149,6.91
222433125988725,mam7ks3645hh92h9cni078,2018-08-03,Apple,iPhone5,1920,1080,37.535863295383,-77.429699607187,193.87229610863,"[0.21094115591173, 2.1404253448329, -2.0107800615082]","[1.1539066212445, 0.0048340330207346, 0.00029367076059309]",richmond:19,23.77
222733233960374,EsPJ7herbXIlGnm69cjqCW,2023-06-09,Apple,iPhone 13,4032,3024,37.537902091666,-77.439593710788,40.421195642071,"[1.4851217135545, -0.60128931174276, 0.50061931009381]","[0.404523526926, -0.00048672221672097, -0.00028403876791042]",richmond:195,28.32
2228043154004467,ATAIxHx8ob0G_E_MVoYe-g,2018-01-14,motorola,moto x4,4032,3024,37.537025020962,-77.436057597188,40.243370051781,"[1.4349197501168, -0.5609563281278, 0.5261151172789]","[0.75476197523472, 0.036528351596799, -0.025479480207584]",richmond:103,15.39
2228562780826445,GWdebvF1QOErCBnXNhtfVS,2024-06-29,GoPro,HERO11 Black,5568,4872,37.539324110924,-77.431279475608,310.145502665,"[1.4306000946427, 0.68408377145842, -0.66830656884728]","[0.42735282358916, -0.10737370241525, 0.0079470567517577]",richmond:160,14.09
2230982227368247,G8IYvZHK2akQBCD9pAo5dR,2025-08-23,GoPro,GoPro Max,4096,1344,37.541316870851,-77.437576518152,138.90338158538,"[0.59836235829077, -1.7867277899738, 1.771885988914]","[0.96189101225344, -0.0049929592251723, -0.0027066365665191]",richmond:8,19.62
223604235862861,5rjl3l4r156llm82k1afrv,2018-08-07,Apple,iPhone7,1920,1080,37.550128850019,-77.436489876453,130.29821522456,"[0.92757708173805, -1.749312506712, 1.7280726952135]","[1.1140124588445, -0.021450933258753, -0.0097881899033667]",richmond:169,20.26
223889526011361,w8hy0Wlz8tJRc2uxV5JqIM,2021-01-23,Garmin,VIRB,3264,2448,37.548197210958,-77.443952811878,124.62114621071,"[0.85999228774352, -1.6387786371595, 1.6387786371602]","[0.694146527347, -0.062403390616, -0.0603994499556]",richmond:107,15.87
224490382775721,ATAIxHx8ob0G_E_MVoYe-g,2018-01-14,motorola,moto x4,4032,3024,37.537591037157,-77.43553213517,40.075019652999,"[1.4329480637834, -0.57149648063179, 0.51002564455517]","[0.75476197523472, 0.036528351596799, -0.025479480207584]",richmond:135,13.44
224784132391898,m8qzbtvzktp4j269bqrz9q,2018-07-31,Apple,iPhone6S,1920,1080,37.549640788649,-77.44674075369,216.30185469667,"[0.61846406819417, 1.8392533067508, -1.882868813219]","[0.89488391433421, 0.011814041565834, -0.0048548537264834]",richmond:188,7.57
2248125848655429,-C6FxYTP0JyS-NEReC9DNQ,2018-01-14,motorola,moto x4,4032,3024,37.535396924428,-77.437695949425,221.72171239797,"[0.7172686285484, 1.882100234495, -1.7296742777618]","[0.7772121959424, 0.035674918404861, -0.027707520045243]",richmond:33,11.83
2255861827879516,ATAIxHx8ob0G_E_MVoYe-g,2018-01-14,motorola,moto x4,4032,3024,37.543727228185,-77.443297981486,131.69260250241,"[0.72412783219868, -1.7475068533896, 1.6688432858491]","[0.72101114992456, 0.034891180577958, -0.028233297846017]",richmond:30,25.71
225786975590858,m8qzbtvzktp4j269bqrz9q,2018-07-31,Apple,iPhone6S,1920,1080,37.549544332845,-77.446830814171,216.07581398045,"[0.61887865017825, 1.845935652012, -1.8835332287064]","[0.89488391433421, 0.011814041565834, -0.0048548537264834]",richmond:188,20.88
2258802041221241,G8IYvZHK2akQBCD9pAo5dR,2025-08-23,GoPro,GoPro Max,4096,1344,37.541227613072,-77.437488958521,146.65608480943,"[0.49805414076604, -1.8433901615684, 1.8896280476937]","[1.0625843446207, -0.0098939198681565, -0.0018362697353777]",richmond:11,25.60
226532809059000,Yyo2YprvMTjOcScG5Mi2mM,2021-01-23,Garmin,VIRB,3264,2448,37.547688886978,-77.443022251435,127.65874263979,"[0.8229817466312, -1.6746863144035, 1.6746863144035]","[0.694146527347, -0.062403390616, -0.0603994499556]",richmond:234,16.03
226688129274243,w8hy0Wlz8tJRc2uxV5JqIM,2021-01-23,Garmin,VIRB,3264,2448,37.548983511725,-77.440217080732,120.66974596707,"[0.81716659317315, -1.4325090750226, 1.6977854423742]","[0.70310544623019, -0.095213924118172, -0.024453772793845]",richmond:149,5.92
226947425905838,w8hy0Wlz8tJRc2uxV5JqIM,2021-01-23,Garmin,VIRB,3264,2448,37.547933502561,-77.44119423452,21.009637416011,"[1.5513879590272, -0.28674893864528, 0.28864331743765]","[0.70777879597118, -0.062713138518394, -0.05937250519301]",richmond:201,8.49
227280229237032,w8hy0Wlz8tJRc2uxV5JqIM,2021-01-23,Garmin,VIRB,3264,2448,37.550886128003,-77.445630536514,218.87620238101,"[0.64561261657408, 1.8294028619664, -1.8294114482251]","[0.694146527347, -0.062403390616, -0.0603994499556]",richmond:74,22.36
2275406682916442,G8IYvZHK2akQBCD9pAo5dR,2025-08-23,GoPro,GoPro Max,4096,1344,37.541417348615,-77.437476831072,26.128019776742,"[1.6221976580604, -0.30900226646924, 0.40952583434964]","[0.46291373185623, -0.018800683329087, -0.037417372355411]",richmond:8,9.35
229114765677969,ATAIxHx8ob0G_E_MVoYe-g,2018-01-14,motorola,moto x4,4032,3024,37.536916303289,-77.436156685697,40.36874676266,"[1.4430668324352, -0.59354348060576, 0.49794894852464]","[0.75476197523472, 0.036528351596799, -0.025479480207584]",richmond:103,4.65
229377658991317,s26m6zf69vcqamja9ntlpk,2019-01-06,Apple,iPhoneXS_Max,1920,1080,37.535501372643,-77.429731524618,22.465447751438,"[1.4842904233228, -0.32493303225908, 0.28284025189089]","[0.88123684448743, -0.013832500668883, -0.0072209248019195]",richmond:18,26.05
2294763577536953,GWdebvF1QOErCBnXNhtfVS,2024-06-29,GoPro,HERO11 Black,5568,4872,37.541866129463,-77.43558720703,308.384474593,"[1.4670633095209, 0.75021583253928, -0.65956409329652]","[0.42735282358916, -0.10737370241525, 0.0079470567517577]",richmond:161,15.04
229680098959084,mam7ks3645hh92h9cni078,2018-08-03,Apple,iPhone5,1920,1080,37.535534632891,-77.429784853848,190.85145461632,"[0.16172467987803, 2.1676032710483, -2.0440664828768]","[1.1539066212445, 0.0048340330207346, 0.00029367076059309]",richmond:18,20.23
2300726087050621,G8IYvZHK2akQBCD9pAo5dR,2025-08-23,GoPro,GoPro Max,4096,1344,37.541272365626,-77.437548447808,151.06081774881,"[0.89389782191403, -2.0140938588129, 2.0678273595197]","[0.96189101225344, -0.0049929592251723, -0.0027066365665191]",richmond:8,24.21
2307114232983700,tyhOIMiG6C7uU4RVjScHbk,2025-02-03,none,none,4096,1874,37.54376997822,-77.443719566847,55.846744185901,"[1.524065296127, -0.76255856032295, 0.7729023182436]","[0.85515079937334, -0.0046509269017086, -0.00087079086625475]",richmond:28,13.07
2308718896003554,lnkxu1XHUOfT3dBtobgM0Q,2024-06-29,GoPro,HERO11 Black,5568,4872,37.544577601288,-77.439985868444,309.05604967407,"[1.5267623515906, 0.71181904617968, -0.68852233784305]","[0.42320122866209, -0.016175467322768, -0.017602069672974]",richmond:242,6.03
2309890646075323,fOGlpY58IRPZL1gDdvwjMm,2025-02-03,none,none,4096,1874,37.53935,-77.4409028,246.78823289594,"[0.98953073137902, 1.5010374997492, -1.5010374997492]","[0.58, 0, 0]",richmond:95,18.85
2311190069012930,lcbevtvbb9pwp9f82mstww,2018-07-31,Apple,iPhone6S,1920,1080,37.549633940044,-77.446565102015,35.018910348883,"[1.4945949293262, -0.47493640974337, 0.47929673866911]","[1.1534280346573, 0.00089101659510542, -4.1083323736882e-05]",richmond:186,5.26
231691455228225,Yyo2YprvMTjOcScG5Mi2mM,2021-01-23,Garmin,VIRB,3264,2448,37.547827017465,-77.441299495041,301.58029869527,"[1.2346629164269, 0.60245043277603, -0.95802990561634]","[0.72194937334099, -0.067466814928941, -0.058615989495167]",richmond:201,19.60
232128322011298,h8jxxy9ix8w0yewhnn5805,2018-07-31,Apple,iPhone6S,1920,1080,37.550846568757,-77.445571663464,213.91184684142,"[0.55198476792973, 1.8282223558026, -1.9245864337401]","[0.94273030134138, 0.0063721168785336, 0.00047739478758077]",richmond:74,19.59
2327779777365582,ATAIxHx8ob0G_E_MVoYe-g,2018-01-14,motorola,moto x4,4032,3024,37.535010255143,-77.437994087943,42.918517944886,"[1.4353020861492, -0.57875168107229, 0.58294368422527]","[0.72751690908005, 0.030011261356446, -0.027011850333202]",richmond:128,13.19
232876985009386,w8hy0Wlz8tJRc2uxV5JqIM,2021-01-23,Garmin,VIRB,3264,2448,37.547828241579,-77.441085460873,43.271022247377,"[1.4259697559921, -0.60615386003395, 0.56242545556621]","[0.69828541546586, -0.056669520871862, -0.052603428654987]",richmond:201,9.14
2342131065931829,aq2cb4xkntbib56wxwulgc,2018-09-08,Apple,iPhone,4032,3024,37.539297282516,-77.431307877818,303.60972704162,"[1.2683023873506, 0.71095902712058, -0.78049191449974]","[0.84705467441372, 0.067764741178245, -0.09509002759296]",richmond:159,11.68
235671705062261,Yyo2YprvMTjOcScG5Mi2mM,2021-01-23,Garmin,VIRB,3264,2448,37.549502770601,-77.446111090907,123.25533979705,"[0.87628268774612, -1.6225232877192, 1.6225232878361]","[0.694146527347, -0.062403390616, -0.0603994499556]",richmond:185,29.35
237129704512609,nwcIrE3mm1NknNaXT2MjrY,2021-01-21,Garmin,VIRB,3264,2448,37.535825005814,-77.429611105599,14.948460604777,"[1.5610759283329, -0.20480529875371, 0.20480529875365]","[0.694146527347, -0.062403390616, -0.0603994499556]",richmond:19,29.86
237325824495391,Yyo2YprvMTjOcScG5Mi2mM,2021-01-23,Garmin,VIRB,3264,2448,37.547917333884,-77.44119455601,258.71693716709,"[1.0048627455318, 1.1027575716565, -1.5647357916037]","[0.68602786347941, -0.062622204852209, -0.064403848764375]",richmond:201,8.13
238153057737464,w8hy0Wlz8tJRc2uxV5JqIM,2021-01-23,Garmin,VIRB,3264,2448,37.549416673407,-77.440602785193,307.03404068383,"[1.4477289090153, 0.72127411636065, -0.72127411636065]","[0.694146527347, -0.062403390616, -0.0603994499556]",richmond:147,29.33
2398762933856934,bQcfxBVZdPNy7sn64X3lUo,2025-02-03,none,none,4096,1874,37.535398952164,-77.438200422144,156.59426812089,"[0.41350948723291, -1.9966091972302, 1.9965388853463]","[0.59661873262303, -0.00029795660906602, -0.00063413459840903]",richmond:132,12.83
2400493880304362,eiyGpjVTl8kWrZgBv3zISE,2025-01-01,Apple,iPhone 11,4032,3024,37.549584744341,-77.446781258394,47.316278461148,"[1.3633349679506, -0.61164594274545, 0.65642586282782]","[0.87097979127079, 0.011012468941935, 0.0013229605919906]",richmond:188,14.64
2407653669367201,aq2cb4xkntbib56wxwulgc,2018-09-08,Apple,iPhone,4032,3024,37.539700496508,-77.431955966295,306.67806908033,"[1.2865016243413, 0.67288733992235, -0.73984589422969]","[0.84705467441372, 0.067764741178245, -0.09509002759296]",richmond:236,16.18
24109118812093135,G8IYvZHK2akQBCD9pAo5dR,2025-08-23,GoPro,GoPro Max,4096,1344,37.541476041858,-77.437355631886,258.09373857357,"[1.2092837302627, 1.3354017532216, -1.4245297316258]","[0.82498898574509, 0.0025351010690696, 0.00038278096763465]",richmond:11,4.77
241597807332167,w8hy0Wlz8tJRc2uxV5JqIM,2021-01-23,Garmin,VIRB,3264,2448,37.547969477232,-77.441169359201,87.495016186918,"[1.2275589064803, -1.1750854745441, 1.17809824253]","[0.694146527347, -0.062403390616, -0.0603994499556]",richmond:201,8.90
2419265524886844,ATAIxHx8ob0G_E_MVoYe-g,2018-01-14,motorola,moto x4,4032,3024,37.539324347959,-77.438125381115,311.03276665043,"[1.4056445206815, 0.64459470284524, -0.67850500741012]","[0.7187390875934, 0.030479116829806, -0.027907214864533]",richmond:251,14.28
242014197295798,Yyo2YprvMTjOcScG5Mi2mM,2021-01-23,Garmin,VIRB,3264,2448,37.549886142722,-77.446411188048,220.88632266978,"[0.67349387030687, 1.8068032642876, -1.8068032642876]","[0.694146527347, -0.062403390616, -0.0603994499556]",richmond:185,21.24
2420892064908825,5EkNdnV0SDH6yzW4FKtqw7,2025-02-03,none,none,4096,1874,37.538681025501,-77.441593470587,235.70474247595,"[0.83108506110974, 1.7581258875531, -1.4970086770757]","[0.96436402353645, -0.013520894847123, -0.0020871129953137]",richmond:25,11.09
24250779837913747,G8IYvZHK2akQBCD9pAo5dR,2025-08-23,GoPro,GoPro Max,4096,1344,37.5412649131,-77.437546309952,165.27986873889,"[0.2162586066965, -2.0680675263623, 2.0583941102848]","[0.96189101225344, -0.0049929592251723, -0.0027066365665191]",richmond:11,24.98
242525293875368,Yyo2YprvMTjOcScG5Mi2mM,2021-01-23,Garmin,VIRB,3264,2448,37.549034546105,-77.440284402146,296.45525945917,"[1.3887285845646, 0.72568298752443, -1.0053204909859]","[0.70407134294493, -0.081676421436449, -0.032388966450689]",richmond:148,2.74
242732783858824,Yyo2YprvMTjOcScG5Mi2mM,2021-01-23,Garmin,VIRB,3264,2448,37.54786042555,-77.441267646453,300.08561816536,"[1.2395003837557, 0.64403178939484, -0.95339470904056]","[0.71082989266215, -0.063851663367775, -0.057035055883508]",richmond:201,15.51
243067830903802,ATAIxHx8ob0G_E_MVoYe-g,2018-01-14,motorola,moto x4,4032,3024,37.54405097615,-77.44349765096,221.48082297998,"[0.72774058327117, 1.8065247127152, -1.8206363087966]","[0.69899328697273, 0.033557204806678, -0.029463180637455]",richmond:31,7.37
24665965626331392,G8IYvZHK2akQBCD9pAo5dR,2025-08-23,GoPro,GoPro Max,4096,1344,37.541474247845,-77.437384952426,268.68418005138,"[1.1447151831653, 1.2332999047005, -1.1979304748923]","[0.82498898574509, 0.0025351010690696, 0.00038278096763465]",richmond:11,5.09
249753530230451,jo2j9a0lafbb4mxlylp1lt,2018-08-08,Apple,iPhone6,1920,1080,37.547988304128,-77.43535892244,241.76318881929,"[0.9306491868574, 1.5120231499315, -1.610877889642]","[1.0037267102616, 0.023010515998895, -0.00028184823693249]",richmond:23,26.25
251980766674906,jo2j9a0lafbb4mxlylp1lt,2018-08-08,Apple,iPhone6,1920,1080,37.547689103943,-77.435768116249,218.32356748047,"[0.64184600273831, 1.7894852683657, -1.8841148749524]","[1.0037267102616, 0.023010515998895, -0.00028184823693249]",richmond:23,25.52
25214917521429160,G8IYvZHK2akQBCD9pAo5dR,2025-08-23,GoPro,GoPro Max,4096,1344,37.541471912201,-77.437397089897,260.38242128889,"[1.1250874835466, 1.3317755934644, -1.3317755934644]","[0.85, 0, 0]",richmond:11,5.45
253125486561473,5rjl3l4r156llm82k1afrv,2018-08-07,Apple,iPhone7,1920,1080,37.550156444611,-77.436549725824,130.17989992662,"[0.92829793456462, -1.7508414625298, 1.7231446816036]","[1.1140124588445, -0.021450933258753, -0.0097881899033667]",richmond:169,24.40
254117739842666,5rjl3l4r156llm82k1afrv,2018-08-07,Apple,iPhone7,1920,1080,37.550061779675,-77.436344156245,130.6026809082,"[0.92153203358298, -1.7446605546606, 1.7397273800719]","[1.1140124588445, -0.021450933258753, -0.0097881899033667]",richmond:169,16.51
2560692964225018,-C6FxYTP0JyS-NEReC9DNQ,2018-01-14,motorola,moto x4,4032,3024,37.537646121133,-77.435492227736,234.74481879014,"[0.86084113406117, 1.7487287990035, -1.548389772222]","[0.75081721641382, 0.034753623546086, -0.028462964806855]",richmond:135,6.71
256962862837439,RI6ajbSzaig6pFr7_k_pXA,2018-01-14,motorola,moto x4,4032,3024,37.533155919688,-77.43278399755,21.087081453465,"[1.5996489608618, -0.29389780002844, 0.28717619940216]","[0.7473414933533, 0.037233805694548, -0.02044753699854]",richmond:141,11.40
2572607313072368,G8IYvZHK2akQBCD9pAo5dR,2025-08-23,GoPro,GoPro Max,4096,1344,37.541470499491,-77.437409129677,107.07119561451,"[0.72273680623315, -1.1489658684231, 1.4815779995138]","[0.78026659517313, 0.0011895984153344, 0.00036315768271523]",richmond:11,6.05
2576013379255198,eiyGpjVTl8kWrZgBv3zISE,2025-01-01,Apple,iPhone 11,4032,3024,37.550527647174,-77.445895634405,46.520152530541,"[1.4042863388494, -0.60583855969175, 0.64973155351187]","[0.86765144169845, 0.0035481341479619, 0.00011096989215217]",richmond:75,4.98
2584801051862799,G8IYvZHK2akQBCD9pAo5dR,2025-08-23,GoPro,GoPro Max,4096,1344,37.541271795455,-77.437548064172,159.605724787,"[0.37248235673049, -2.0552449030119, 2.0053772288932]","[0.96189101225344, -0.0049929592251723, -0.0027066365665191]",richmond:8,24.27
2606492026326517,Yyo2YprvMTjOcScG5Mi2mM,2021-01-23,Garmin,VIRB,3264,2448,37.550619434426,-77.445822221721,217.13660543819,"[0.6210554174466, 1.8488116114435, -1.8488116114435]","[0.694146527347, -0.062403390616, -0.0603994499556]",richmond:75,10.29
2626545851027130,G8IYvZHK2akQBCD9pAo5dR,2025-08-23,GoPro,GoPro Max,4096,1344,37.541272624696,-77.437549541279,161.07668263698,"[0.41612691324457, -2.1236494239323, 2.0117850303232]","[0.96189101225344, -0.0049929592251723, -0.0027066365665191]",richmond:8,24.19
2635513960081698,7ei3xhrbj8vl21vyr5lzxv,2018-08-06,Apple,iPhone6S,1920,1080,37.535540667071,-77.429800638907,197.99982715208,"[0.23143417436679, 2.0603055224613, -1.9712364737797]","[1.0578230775592, 0.0041323145233245, 0.00071445265190373]",richmond:18,18.68
264496158692543,Ml6bzb6chmUJjx1XZhDqom,2021-01-21,Garmin,VIRB,3264,2448,37.535688884503,-77.429686102698,17.983366968456,"[1.5566081862582, -0.24603302360951, 0.24661760683523]","[0.694146527347, -0.062403390616, -0.0603994499556]",richmond:19,24.39
2647309602327732,G8IYvZHK2akQBCD9pAo5dR,2025-08-23,GoPro,GoPro Max,4096,1344,37.541418632907,-77.437476931847,37.024678192047,"[1.5003343588904, -0.5880287031074, 0.42347635266472]","[0.46291373185623, -0.018800683329087, -0.037417372355411]",richmond:8,9.23
265281715303796,RI6ajbSzaig6pFr7_k_pXA,2018-01-14,motorola,moto x4,4032,3024,37.533055461861,-77.432812119769,21.70701158304,"[1.5857183913106, -0.29360707799589, 0.30335993568767]","[0.7473414933533, 0.037233805694548, -0.02044753699854]",richmond:141,20.59
2655629174645646,G8IYvZHK2akQBCD9pAo5dR,2025-08-23,GoPro,GoPro Max,4096,1344,37.541474209399,-77.437379444283,266.62861392604,"[1.1496541769889, 1.2289856709228, -1.2637263011379]","[0.82498898574509, 0.0025351010690696, 0.00038278096763465]",richmond:11,4.89
2657110724499507,zFMP9uVOwjfLgNcEApxlBk,2025-02-03,none,none,4096,1874,37.539569345962,-77.440689272934,236.07085415889,"[0.86348882780593, 1.8408712246115, -1.4202844431186]","[0.89538514411005, -0.0029271413571262, -0.0015467272379897]",richmond:93,7.39
266652851823523,SoP4HxZEBcZoevJCb7r76D,2021-01-23,Garmin,VIRB,3264,2448,37.533818745218,-77.43104670483,228.65444139185,"[0.72525325571613, 1.5309069684075, -1.870361140516]","[0.77542284207461, -0.063202954866467, -0.062835258428093]",richmond:17,9.97
268415525023320,jo2j9a0lafbb4mxlylp1lt,2018-08-08,Apple,iPhone6,1920,1080,37.543478899146,-77.431112813672,128.87659669413,"[0.7803723052553, -1.6993724779939, 1.6633602712013]","[1.0033563119864, 0.0077174251835807, 0.0012807222370526]",richmond:35,25.51
26866431072948013,6e8jRXiFnPEAD5Ughx7CGV,2024-07-14,GoPro,HERO11 Black,5568,4872,37.539154403173,-77.431211618849,132.20707000757,"[0.86567290679834, -1.8998064705392, 1.5986654233789]","[0.51794130585331, -0.17113893631427, 0.020443199561747]",richmond:158,11.11
2688443581453082,Yyo2YprvMTjOcScG5Mi2mM,2021-01-23,Garmin,VIRB,3264,2448,37.547829192372,-77.441297631523,301.34302303801,"[1.2349202695141, 0.6072350918211, -0.95931636197416]","[0.72194937334099, -0.067466814928941, -0.058615989495167]",richmond:201,19.34
269201621622973,yhuH8uEftI_M2nv_TJ1BOA,2017-11-16,Apple,iPhone,3264,2448,37.542745652737,-77.437542705637,126.55940963816,"[0.77568801987655, -1.5899287512476, 1.6972542785095]","[0.8492771594414, 0.082760794335256, -0.12987212415825]",richmond:51,12.38
2692659617690790,Yyo2YprvMTjOcScG5Mi2mM,2021-01-23,Garmin,VIRB,3264,2448,37.549038451818,-77.440281439986,296.3072764159,"[1.3851355558307, 0.72418178475501, -1.0105585867799]","[0.70407134294493, -0.081676421436449, -0.032388966450689]",richmond:148,2.37
2693466164187273,fCLD0eXEIQtTqbx3pYJynk,2025-02-03,none,none,4096,1874,37.538029185117,-77.442117501836,248.26366112211,"[1.0637911011191, 1.7170837474936, -1.27610218152]","[0.51928438115172, -0.0067391407420203, -0.0092143655091313]",richmond:96,25.17
269350818261187,s26m6zf69vcqamja9ntlpk,2019-01-06,Apple,iPhoneXS_Max,1920,1080,37.535701718559,-77.429662793554,25.665161285423,"[1.4746868291065, -0.36992950014596, 0.32384708716653]","[0.88123684448743, -0.013832500668883, -0.0072209248019195]",richmond:19,25.85
270671098118254,aq2cb4xkntbib56wxwulgc,2018-09-08,Apple,iPhone,4032,3024,37.542092209182,-77.435874435048,305.98801172113,"[1.3093726572143, 0.69211139314513, -0.74595242471322]","[0.84705467441372, 0.067764741178245, -0.09509002759296]",richmond:162,24.19
270883158052464,RYRGV-ZWSOKWRdCw07o3wA,2018-09-09,Apple,iPhone,4032,3024,37.539538781292,-77.443036891947,304.409956725,"[1.2201139705876, 0.69369908390864, -0.75823413659826]","[0.87200143110579, 0.054058629173679, -0.097685641560942]",richmond:219,29.01
271541614653055,ATAIxHx8ob0G_E_MVoYe-g,2018-01-14,motorola,moto x4,4032,3024,37.541737542849,-77.440061056363,41.360272101577,"[1.4953638966059, -0.55694089359539, 0.57238915928807]","[0.71467290666609, 0.035559707884072, -0.026153791541817]",richmond:221,7.58
2730756857106899,MDYAX2KfQVCzbimEOl8WIk,2025-02-03,none,none,4096,1874,37.541815303093,-77.44006609214,146.42216344283,"[0.74006505270449, -2.1503702918121, 1.6903653363559]","[0.63195880414637, -0.0015131863596812, 0.00033254121949706]",richmond:221,4.99
2735667979921714,6e8jRXiFnPEAD5Ughx7CGV,2024-07-14,GoPro,HERO11 Black,5568,4872,37.539288914938,-77.43144483434,132.82494949296,"[0.87042671829223, -1.8520513423946, 1.6700011843253]","[0.51794130585331, -0.17113893631427, 0.020443199561747]",richmond:159,8.60
274118108433705,EsPJ7herbXIlGnm69cjqCW,2023-06-09,Apple,iPhone 13,4032,3024,37.537725798464,-77.439879492518,126.30910783725,"[0.89029019725305, -1.7350179038311, 1.60687203131]","[0.404523526926, -0.00048672221672097, -0.00028403876791042]",richmond:191,6.17
2744338412440009,ecP6Alp2g4V1vWKw5HiLU8,2025-02-03,none,none,4096,1874,37.5498194,-77.4366611,215.678,"[0.60017795299135, 1.864973055245, -1.864973055245]","[0.58, 0, 0]",richmond:170,2.71
275974714239047,RI6ajbSzaig6pFr7_k_pXA,2018-01-14,motorola,moto x4,4032,3024,37.534618460662,-77.432388262711,24.462894664878,"[1.5468045848405, -0.3372025559782, 0.33273349472896]","[0.7473414933533, 0.037233805694548, -0.02044753699854]",richmond:52,1.50
2764612313735096,mljMiuUB1obwPOeZxLyT5K,2025-02-03,none,none,4096,1874,37.546686969035,-77.439568388041,226.09751699194,"[0.80770798206577, 1.8480179517109, -1.6783941945472]","[1.4627224262008, -0.024658745958048, -0.00014739878905652]",richmond:7,13.00
276839720788409,-C6FxYTP0JyS-NEReC9DNQ,2018-01-14,motorola,moto x4,4032,3024,37.537680924585,-77.435427455262,252.53393711398,"[1.0018670607403, 1.5121184472565, -1.3289735064998]","[0.75081721641382, 0.034753623546086, -0.028462964806855]",richmond:135,0.20
276975734135798,aq2cb4xkntbib56wxwulgc,2018-09-08,Apple,iPhone,4032,3024,37.542148733145,-77.436914676045,215.10153243893,"[0.54997775649023, 1.7642184628778, -1.9469863459386]","[0.84705467441372, 0.067764741178245, -0.09509002759296]",richmond:133,29.31
2779675405630454,yhuH8uEftI_M2nv_TJ1BOA,2017-11-16,Apple,iPhone,3264,2448,37.542652265562,-77.43738151731,132.45756784572,"[0.7040060486903, -1.6616097042534, 1.7629623993211]","[0.8492771594414, 0.082760794335256, -0.12987212415825]",richmond:51,27.44
278167227379286,Yyo2YprvMTjOcScG5Mi2mM,2021-01-23,Garmin,VIRB,3264,2448,37.546911089866,-77.439336162808,230.8918851654,"[0.8049397212258, 1.6916969205859, -1.6916969207006]","[0.694146527347, -0.062403390616, -0.0603994499556]",richmond:6,9.76
2785059225078256,ATAIxHx8ob0G_E_MVoYe-g,2018-01-14,motorola,moto x4,4032,3024,37.53918078769,-77.43788257971,312.48567363459,"[1.4350302244134, 0.62685337178719, -0.66226643221207]","[0.7187390875934, 0.030479116829806, -0.027907214864533]",richmond:251,16.77
279257393923687,-C6FxYTP0JyS-NEReC9DNQ,2018-01-14,motorola,moto x4,4032,3024,37.534992442366,-77.438057922858,218.92034449235,"[0.69049754720412, 1.9370507466052, -1.7436196558325]","[0.8048830583639, 0.033683286485047, -0.029130853161899]",richmond:128,15.88
2796631170651601,w8hy0Wlz8tJRc2uxV5JqIM,2021-01-23,Garmin,VIRB,3264,2448,37.546916897903,-77.439429709969,328.50563897078,"[1.5041824986352, 0.35106848056339, -0.51040255103918]","[0.71939332555797, -0.062523220141035, -0.060516163611398]",richmond:6,3.54
2800225306809886,6e8jRXiFnPEAD5Ughx7CGV,2024-07-14,GoPro,HERO11 Black,5568,4872,37.541924016395,-77.435809445405,133.8979325398,"[0.82585366174283, -1.8170490276508, 1.7193408388624]","[0.42004717973406, -0.10377080581512, 0.0073001403287353]",richmond:162,6.45
281173863651648,yhuH8uEftI_M2nv_TJ1BOA,2017-11-16,Apple,iPhone,3264,2448,37.542741287715,-77.437534080042,128.22175668652,"[0.76152179186505, -1.6026835883309, 1.7268568215157]","[0.8492771594414, 0.082760794335256, -0.12987212415825]",richmond:51,12.96
282323916966810,jo2j9a0lafbb4mxlylp1lt,2018-08-08,Apple,iPhone6,1920,1080,37.547772213698,-77.435686259937,223.22068523018,"[0.71294645693055, 1.7338191844298, -1.8315301882636]","[1.0037267102616, 0.023010515998895, -0.00028184823693249]",richmond:23,16.12
2827596340825206,ATAIxHx8ob0G_E_MVoYe-g,2018-01-14,motorola,moto x4,4032,3024,37.537523789277,-77.43559404737,40.569806617188,"[1.4413831797116, -0.57078619666777, 0.52647306908184]","[0.75476197523472, 0.036528351596799, -0.025479480207584]",richmond:136,22.38
282805233564028,ATAIxHx8ob0G_E_MVoYe-g,2018-01-14,motorola,moto x4,4032,3024,37.541672249696,-77.440121866621,39.900390427323,"[1.4963479944852, -0.53400456262649, 0.55517231631433]","[0.71467290666609, 0.035559707884072, -0.026153791541817]",richmond:221,16.61
283809380059023,yhuH8uEftI_M2nv_TJ1BOA,2017-11-16,Apple,iPhone,3264,2448,37.542726596163,-77.437511678743,131.63961331996,"[0.7469635860169, -1.6375862350897, 1.7888311510626]","[0.8492771594414, 0.082760794335256, -0.12987212415825]",richmond:51,14.97
284045876726227,aq2cb4xkntbib56wxwulgc,2018-09-08,Apple,iPhone,4032,3024,37.537791139835,-77.438148788046,203.94330631389,"[0.35847687613219, 1.8714268342063, -2.0563891777639]","[0.83527288785031, 0.061936923544991, -0.096207779018105]",richmond:21,9.05
2843654289184071,5rjl3l4r156llm82k1afrv,2018-08-07,Apple,iPhone7,1920,1080,37.550009728645,-77.436232309169,130.62271836898,"[0.91856096935231, -1.7406067860126, 1.7433840080581]","[1.1140124588445, -0.021450933258753, -0.0097881899033667]",richmond:169,21.59
2847212605542010,yhuH8uEftI_M2nv_TJ1BOA,2017-11-16,Apple,iPhone,3264,2448,37.542417385765,-77.436973851359,126.01332156608,"[0.81657290090224, -1.6398742434748, 1.6559754236559]","[0.8492771594414, 0.082760794335256, -0.12987212415825]",richmond:133,19.68
285393713253010,hMfZ50zbiU94YK04ZPbAwr,2021-01-23,Garmin,VIRB,3264,2448,37.550488880786,-77.44592222434,215.60713600713,"[0.59933260782412, 1.8660016325878, -1.8656221774822]","[0.694146527347, -0.062403390616, -0.0603994499556]",richmond:75,8.52
2856706047846590,G8IYvZHK2akQBCD9pAo5dR,2025-08-23,GoPro,GoPro Max,4096,1344,37.541425084739,-77.437476481149,59.412257557584,"[1.3577661863309, -0.85563228126845, 0.74446727953774]","[0.46291373185623, -0.018800683329087, -0.037417372355411]",richmond:8,8.64
2858095731109745,w8hy0Wlz8tJRc2uxV5JqIM,2021-01-23,Garmin,VIRB,3264,2448,37.548975246196,-77.440222407421,121.33118199941,"[0.80797802414504, -1.4342366934414, 1.7103764934188]","[0.70310544623019, -0.095213924118172, -0.024453772793845]",richmond:149,6.54
2863248953926114,ATAIxHx8ob0G_E_MVoYe-g,2018-01-14,motorola,moto x4,4032,3024,37.537593344088,-77.435529778989,40.084670581574,"[1.4296321867684, -0.57261228519921, 0.50839756432651]","[0.75476197523472, 0.036528351596799, -0.025479480207584]",richmond:135,13.11
2866156600289465,NP3u8WS9YSj46hVhGfOb1G,2021-01-16,Garmin,VIRB,3264,2448,37.535636109418,-77.429769440028,11.569252573091,"[1.5649755789583, -0.15854015590031, 0.15854021965977]","[0.694146527347, -0.062403390616, -0.0603994499556]",richmond:18,20.27
286821949826070,hMfZ50zbiU94YK04ZPbAwr,2021-01-23,Garmin,VIRB,3264,2448,37.546908450641,-77.439505422497,272.4667122624,"[1.2284352414265, 1.1762272884937, -1.1783554883989]","[0.694146527347, -0.062403390616, -0.0603994499556]",richmond:6,6.06
287182266441517,Yyo2YprvMTjOcScG5Mi2mM,2021-01-23,Garmin,VIRB,3264,2448,37.547797612995,-77.441327678978,304.3687161084,"[1.2427108992789, 0.5665126590751, -0.92129897779102]","[0.72194937334099, -0.067466814928941, -0.058615989495167]",richmond:201,23.39
28741994155414379,mljMiuUB1obwPOeZxLyT5K,2025-02-03,none,none,4096,1874,37.545978178982,-77.440240643562,228.1309969207,"[0.82960426489087, 1.82288529389, -1.6539474957814]","[1.4627224262008, -0.024658745958048, -0.00014739878905652]",richmond:38,9.36
2878671945795070,aq2cb4xkntbib56wxwulgc,2018-09-08,Apple,iPhone,4032,3024,37.541501875008,-77.437524477234,213.94428562744,"[0.51001158780413, 1.8163919648882, -1.9048902871163]","[1.2272975736592, 0.050955787590338, -0.09920689213265]",richmond:8,1.51
287869026401677,jo2j9a0lafbb4mxlylp1lt,2018-08-08,Apple,iPhone6,1920,1080,37.543614012646,-77.431328588683,130.98589284672,"[0.7563664994081, -1.7154023767537, 1.6976710233718]","[1.0033563119864, 0.0077174251835807, 0.0012807222370526]",richmond:34,21.52
2884124231804960,ATAIxHx8ob0G_E_MVoYe-g,2018-01-14,motorola,moto x4,4032,3024,37.537593293443,-77.43552982865,40.12922187494,"[1.4293339938181, -0.57356812496954, 0.50859217583658]","[0.75476197523472, 0.036528351596799, -0.025479480207584]",richmond:135,13.12
288546403631361,EsPJ7herbXIlGnm69cjqCW,2023-06-09,Apple,iPhone 13,4032,3024,37.537860648512,-77.439635209418,42.305271193734,"[1.4654369057459, -0.60841693904698, 0.54165398072908]","[0.404523526926, -0.00048672221672097, -0.00028403876791042]",richmond:195,22.43
288945259540349,MoAxGaFhkzIRRLbQbzZVeA,2019-05-13,Apple,iPhone 6s back camera 4.15mm f/2.2,4032,3024,37.535483748041,-77.429783497036,197.75962763586,"[0.24325778732327, 1.8825697111659, -2.1502085797652]","[0.88232152961609, -0.00011220679693169, 0.00059571883093642]",richmond:18,23.14
289394172910169,mam7ks3645hh92h9cni078,2018-08-03,Apple,iPhone5,1920,1080,37.535445624567,-77.429820988748,189.47582567738,"[0.14026565740538, 2.1848707392781, -2.0549943896894]","[1.1539066212445, 0.0048340330207346, 0.00029367076059309]",richmond:18,23.57
289486187491862,4pTSeDONrRqohUYIvbK8l5,2024-06-09,GoPro,HERO11 Black,5568,4872,37.549349168408,-77.44056809442,312.06287226428,"[1.4888893587416, 0.71156022130503, -0.60054944789471]","[0.4283172732332, -0.1130849763788, 0.0083354673436015]",richmond:147,23.22
289785939539762,aq2cb4xkntbib56wxwulgc,2018-09-08,Apple,iPhone,4032,3024,37.542464954483,-77.436524574322,289.59907975604,"[1.2223258763528, 0.90988639624135, -0.95476834339135]","[0.84705467441372, 0.067764741178245, -0.09509002759296]",richmond:133,22.50
2905869379671546,s26m6zf69vcqamja9ntlpk,2019-01-06,Apple,iPhoneXS_Max,1920,1080,37.535646757574,-77.42968274628,24.867371032537,"[1.4764403847954, -0.35879858914705, 0.31344152375332]","[0.88123684448743, -0.013832500668883, -0.0072209248019195]",richmond:19,26.76
2907449746136160,SoP4HxZEBcZoevJCb7r76D,2021-01-23,Garmin,VIRB,3264,2448,37.535830575373,-77.429891619544,219.11347204872,"[0.6493385717244, 1.8263037317201, -1.8274467475471]","[0.694146527347, -0.062403390616, -0.0603994499556]",richmond:19,8.02
2909484672600063,SoP4HxZEBcZoevJCb7r76D,2021-01-23,Garmin,VIRB,3264,2448,37.533797656895,-77.43106540239,227.6664777211,"[0.69705924189129, 1.5194266451213, -1.8923281109351]","[0.77542284207461, -0.063202954866467, -0.062835258428093]",richmond:17,7.48
2910196349255375,s26m6zf69vcqamja9ntlpk,2019-01-06,Apple,iPhoneXS_Max,1920,1080,37.535560571534,-77.429713158984,23.445893108015,"[1.4796555775235, -0.33830873571432, 0.29561293101444]","[0.88123684448743, -0.013832500668883, -0.0072209248019195]",richmond:18,25.45
291204802484017,-C6FxYTP0JyS-NEReC9DNQ,2018-01-14,motorola,moto x4,4032,3024,37.536963882469,-77.436197302559,220.75049660383,"[0.69413817352311, 1.9047660556156, -1.7234388930406]","[0.7772121959424, 0.035674918404861, -0.027707520045243]",richmond:103,2.36
291675665775158,5rjl3l4r156llm82k1afrv,2018-08-07,Apple,iPhone7,1920,1080,37.550112511988,-77.436454616999,130.43672746216,"[0.92425116327711, -1.7511159546998, 1.7289265445723]","[1.1140124588445, -0.021450933258753, -0.0097881899033667]",richmond:169,18.33
291799819076797,yhuH8uEftI_M2nv_TJ1BOA,2017-11-16,Apple,iPhone,3264,2448,37.542457761567,-77.437043555027,125.00016152048,"[0.83806049458439, -1.5900471342439, 1.6869049385003]","[0.8492771594414, 0.082760794335256, -0.12987212415825]",richmond:133,26.82
292455032584192,ATAIxHx8ob0G_E_MVoYe-g,2018-01-14,motorola,moto x4,4032,3024,37.539216284602,-77.437939940166,312.65811743968,"[1.4285994849547, 0.62843969596876, -0.65445340122753]","[0.7187390875934, 0.030479116829806, -0.027907214864533]",richmond:251,11.59
292945189123436,aq2cb4xkntbib56wxwulgc,2018-09-08,Apple,iPhone,4032,3024,37.541682474892,-77.437355714493,214.88783548782,"[0.52208867416206, 1.7897622297285, -1.9090394184781]","[1.2272975736592, 0.050955787590338, -0.09920689213265]",richmond:10,5.96
292950102475751,aq2cb4xkntbib56wxwulgc,2018-09-08,Apple,iPhone,4032,3024,37.537685418424,-77.439887194385,312.20541585336,"[1.3194044998443, 0.60206603059386, -0.66888696665462]","[0.83527288785031, 0.061936923544991, -0.096207779018105]",richmond:191,4.82
2934890606751053,w8hy0Wlz8tJRc2uxV5JqIM,2021-01-23,Garmin,VIRB,3264,2448,37.548133301359,-77.440991603416,39.41186089872,"[1.5029468548939, -0.53829111830598, 0.53831866916829]","[0.694146527347, -0.062403390616, -0.0603994499556]",richmond:201,26.82
2940724772763419,eiyGpjVTl8kWrZgBv3zISE,2025-01-01,Apple,iPhone 11,4032,3024,37.550822948454,-77.445615846754,47.912322208053,"[1.4702608840999, -0.65325483772791, 0.65325483772791]","[0.85, 0, 0]",richmond:74,15.74
294810905655086,ATAIxHx8ob0G_E_MVoYe-g,2018-01-14,motorola,moto x4,4032,3024,37.539156883949,-77.437782408163,317.78562895203,"[1.4761498889388, 0.5148057472774, -0.63672463431186]","[0.72769479818988, 0.03472032918424, -0.028396080599113]",richmond:251,25.95
295051568765680,h8jxxy9ix8w0yewhnn5805,2018-07-31,Apple,iPhone6S,1920,1080,37.550821857353,-77.44559331142,213.9331768078,"[0.55233248442429, 1.8283247098918, -1.9240542666944]","[0.94273030134138, 0.0063721168785336, 0.00047739478758077]",richmond:74,16.29
295480675448393,ek1x6s0ezix1so1cqrndmy,2018-08-19,Apple,iPhoneX,1920,1080,37.535645598608,-77.429674922157,7.3826045287526,"[1.5779730863386, -0.13088019096492, 0.072085384936322]","[0.7987701569412, -0.0046686949540444, -0.0034205373749227]",richmond:19,27.42
2967770406825783,-C6FxYTP0JyS-NEReC9DNQ,2018-01-14,motorola,moto x4,4032,3024,37.536071059132,-77.43704531979,219.6266233164,"[0.63519868668717, 1.8329017991268, -1.7962125377966]","[0.7772121959424, 0.035674918404861, -0.027707520045243]",richmond:134,3.29
297173798785076,hMfZ50zbiU94YK04ZPbAwr,2021-01-23,Garmin,VIRB,3264,2448,37.548964794978,-77.440243222478,38.45335229653,"[1.3912922498268, -0.43780316854165, 0.60104986741172]","[0.73255594613238, -0.069974959622302, -0.055812110428014]",richmond:149,8.63
297423435245714,yhuH8uEftI_M2nv_TJ1BOA,2017-11-16,Apple,iPhone,3264,2448,37.542676265461,-77.437429476156,127.4039485477,"[0.74198465844199, -1.528308497962, 1.7611139056444]","[0.8492771594414, 0.082760794335256, -0.12987212415825]",richmond:51,22.95
2979414378999256,aq2cb4xkntbib56wxwulgc,2018-09-08,Apple,iPhone,4032,3024,37.541442224479,-77.437579018554,214.24480922506,"[0.52962702833048, 1.8246107761648, -1.9017621085199]","[1.2272975736592, 0.050955787590338, -0.09920689213265]",richmond:8,6.73
2980797732176894,aq2cb4xkntbib56wxwulgc,2018-09-08,Apple,iPhone,4032,3024,37.539337842903,-77.431376398331,303.76273051575,"[1.269358185998, 0.70190045076074, -0.78658346126885]","[0.84705467441372, 0.067764741178245, -0.09509002759296]",richmond:159,13.16
298164698695638,ATAIxHx8ob0G_E_MVoYe-g,2018-01-14,motorola,moto x4,4032,3024,37.541925649942,-77.439876487522,39.63972732778,"[1.5083303792539, -0.51487797504412, 0.56889273410389]","[0.71467290666609, 0.035559707884072, -0.026153791541817]",richmond:220,3.26
2982764418531468,MDYAX2KfQVCzbimEOl8WIk,2025-02-03,none,none,4096,1874,37.541752842642,-77.43994129414,147.32505788233,"[0.68113328806992, -2.1250777489618, 1.7227118763971]","[0.63195880414637, -0.0015131863596812, 0.00033254121949706]",richmond:221,8.07
298446198667285,Yyo2YprvMTjOcScG5Mi2mM,2021-01-23,Garmin,VIRB,3264,2448,37.549034409736,-77.440284559965,296.46101648237,"[1.3889395595517, 0.72516152564203, -1.0057648798567]","[0.70407134294493, -0.081676421436449, -0.032388966450689]",richmond:148,2.76
298527811951416,-C6FxYTP0JyS-NEReC9DNQ,2018-01-14,motorola,moto x4,4032,3024,37.535471318652,-77.437618760834,223.64048227344,"[0.73772658991837, 1.8420976506113, -1.7233768452689]","[0.7772121959424, 0.035674918404861, -0.027707520045243]",richmond:33,19.70
298760821803782,jo2j9a0lafbb4mxlylp1lt,2018-08-08,Apple,iPhone6,1920,1080,37.54795340917,-77.435429435341,238.63406619594,"[0.90163464605892, 1.5580521635357, -1.643658068224]","[1.0037267102616, 0.023010515998895, -0.00028184823693249]",richmond:23,20.13
2988645138078712,jo2j9a0lafbb4mxlylp1lt,2018-08-08,Apple,iPhone6,1920,1080,37.546447814254,-77.435998366165,135.19989602367,"[0.70238837456731, -1.7412296815456, 1.7687759828943]","[1.0037267102616, 0.023010515998895, -0.00028184823693249]",richmond:203,28.58
2991208381151006,yhuH8uEftI_M2nv_TJ1BOA,2017-11-16,Apple,iPhone,3264,2448,37.542651702407,-77.437378374909,128.76653359076,"[0.72739579104782, -1.6337348870424, 1.6916798446262]","[0.8492771594414, 0.082760794335256, -0.12987212415825]",richmond:51,27.65
299178275000273,jo2j9a0lafbb4mxlylp1lt,2018-08-08,Apple,iPhone6,1920,1080,37.547971277483,-77.435394207032,240.26556421887,"[0.91655499694771, 1.5336267631494, -1.6268739416342]","[1.0037267102616, 0.023010515998895, -0.00028184823693249]",richmond:23,23.15
299314221828075,ATAIxHx8ob0G_E_MVoYe-g,2018-01-14,motorola,moto x4,4032,3024,37.541631492147,-77.440158571003,39.756069827192,"[1.4970417837403, -0.5306078741927, 0.55470083386084]","[0.71467290666609, 0.035559707884072, -0.026153791541817]",richmond:221,22.18
299772628473656,7ei3xhrbj8vl21vyr5lzxv,2018-08-06,Apple,iPhone6S,1920,1080,37.535785367248,-77.429710344857,201.11432465395,"[0.28078933259168, 2.0243343826171, -1.9440104085927]","[1.0578230775592, 0.0041323145233245, 0.00071445265190373]",richmond:19,20.54
300216065076104,hMfZ50zbiU94YK04ZPbAwr,2021-01-23,Garmin,VIRB,3264,2448,37.547803639978,-77.44128440681,42.51672692079,"[1.3569123943158, -0.5136942821716, 0.6255694705008]","[0.72756885963756, -0.06987080674513, -0.0629948717421]",richmond:201,19.85
3003180530009319,w8hy0Wlz8tJRc2uxV5JqIM,2021-01-23,Garmin,VIRB,3264,2448,37.547452752583,-77.442716684433,161.0929980342,"[0.33730187114482, -2.0414475833993, 2.0418501752801]","[0.694146527347, -0.062403390616, -0.0603994499556]",richmond:235,18.29
300332371802477,ATAIxHx8ob0G_E_MVoYe-g,2018-01-14,motorola,moto x4,4032,3024,37.544573186153,-77.442999573081,221.32317037477,"[0.7272296096811, 1.8101371812107, -1.8215214866244]","[0.69899328697273, 0.033557204806678, -0.029463180637455]",richmond:167,24.93
300402185037104,ek1x6s0ezix1so1cqrndmy,2018-08-19,Apple,iPhoneX,1920,1080,37.535453606104,-77.429734609278,4.5870368969858,"[1.5884837857438, -0.089663979781596, 0.036910398966288]","[0.7987701569412, -0.0046686949540444, -0.0034205373749227]",richmond:18,28.60
300589478260888,Yyo2YprvMTjOcScG5Mi2mM,2021-01-23,Garmin,VIRB,3264,2448,37.549034450185,-77.44028450102,296.45250782313,"[1.3886807640253, 0.72577487863238, -1.0052904291284]","[0.70407134294493, -0.081676421436449, -0.032388966450689]",richmond:148,2.75
3007049422860336,RYRGV-ZWSOKWRdCw07o3wA,2018-09-09,Apple,iPhone,4032,3024,37.538447360104,-77.441260830726,304.88770195079,"[1.2271058608659, 0.69572818973379, -0.74458289504915]","[0.87200143110579, 0.054058629173679, -0.097685641560942]",richmond:26,28.93
300848274852331,mam7ks3645hh92h9cni078,2018-08-03,Apple,iPhone5,1920,1080,37.535728582843,-77.42973012859,192.88600611738,"[0.1930434161014, 2.1504719077455, -2.0190360188021]","[1.1539066212445, 0.0048340330207346, 0.00029367076059309]",richmond:19,19.32
301202145041155,w8hy0Wlz8tJRc2uxV5JqIM,2021-01-23,Garmin,VIRB,3264,2448,37.549594432873,-77.446416675475,89.949475253966,"[1.2421942817341, -1.2166008477803, 1.2115767805684]","[0.694146527347, -0.062403390616, -0.0603994499556]",richmond:184,1.51
301315184774353,ATAIxHx8ob0G_E_MVoYe-g,2018-01-14,motorola,moto x4,4032,3024,37.544078815435,-77.443471621119,222.00504277618,"[0.74082896183511, 1.8040791460431, -1.8142983640943]","[0.69899328697273, 0.033557204806678, -0.029463180637455]",richmond:31,11.20
301684138251921,h8jxxy9ix8w0yewhnn5805,2018-07-31,Apple,iPhone6S,1920,1080,37.550793357148,-77.44561848904,213.97883699009,"[0.55237767184278, 1.8281404944701, -1.9228190576268]","[0.94273030134138, 0.0063721168785336, 0.00047739478758077]",richmond:74,12.53
3016953138460686,6e8jRXiFnPEAD5Ughx7CGV,2024-07-14,GoPro,HERO11 Black,5568,4872,37.542356332592,-77.436588443532,133.64145639171,"[0.81224356219826, -1.8268234138728, 1.6948131181667]","[0.42004717973406, -0.10377080581512, 0.0073001403287353]",richmond:133,15.02
302171294969325,aq2cb4xkntbib56wxwulgc,2018-09-08,Apple,iPhone,4032,3024,37.537746386424,-77.439966541469,311.29416888097,"[1.303925273052, 0.61635460987405, -0.67460423525266]","[0.83527288785031, 0.061936923544991, -0.096207779018105]",richmond:191,5.94
3026282824284326,ek1x6s0ezix1so1cqrndmy,2018-08-19,Apple,iPhoneX,1920,1080,37.535750865258,-77.429634945838,8.9068302331346,"[1.5751026585546, -0.15172860878548, 0.092958399808388]","[0.7987701569412, -0.0046686949540444, -0.0034205373749227]",richmond:19,27.23
302897961389079,ATAIxHx8ob0G_E_MVoYe-g,2018-01-14,motorola,moto x4,4032,3024,37.53983946129,-77.436747665119,131.11886587264,"[0.73382640645863, -1.7452887718786, 1.6593646028462]","[0.72862927703519, 0.03343929915214, -0.029178735325423]",richmond:199,29.65
303227891326714,aq2cb4xkntbib56wxwulgc,2018-09-08,Apple,iPhone,4032,3024,37.537840400301,-77.4381192779,179.35509126981,"[0.040421021562175, -2.1269287555098, 2.3272570543223]","[0.83527288785031, 0.061936923544991, -0.096207779018105]",richmond:21,14.96
303644601266785,lcbevtvbb9pwp9f82mstww,2018-07-31,Apple,iPhone6S,1920,1080,37.549562690752,-77.446629058676,34.722531266247,"[1.4936908110956, -0.46936387274868, 0.47661218611079]","[1.1534280346573, 0.00089101659510542, -4.1083323736882e-05]",richmond:186,10.26
303927394522989,RYRGV-ZWSOKWRdCw07o3wA,2018-09-09,Apple,iPhone,4032,3024,37.538661150047,-77.441605914034,305.92604256147,"[1.2930183486336, 0.6961132276359, -0.73799898095653]","[0.87200143110579, 0.054058629173679, -0.097685641560942]",richmond:24,9.43
304035498099361,aq2cb4xkntbib56wxwulgc,2018-09-08,Apple,iPhone,4032,3024,37.541622704401,-77.437412430455,214.76110603992,"[0.53556946868649, 1.8025577249475, -1.9107644920216]","[1.2272975736592, 0.050955787590338, -0.09920689213265]",richmond:10,2.42
304379594742017,tg3gvla5ond4rnncs74dho,2018-08-11,Apple,iPhone7,1920,1080,37.535787216072,-77.429615229594,22.584162655337,"[1.594320944904, -0.30982395363322, 0.31203924368091]","[1.0228056488975, -0.0079517362802837, -0.0070883585705851]",richmond:19,28.93
304442827926051,tg3gvla5ond4rnncs74dho,2018-08-11,Apple,iPhone7,1920,1080,37.535680534305,-77.429657922678,20.792857661784,"[1.6007671384417, -0.27984615526646, 0.29273549549935]","[1.0228056488975, -0.0079517362802837, -0.0070883585705851]",richmond:19,27.05
305085917812274,hMfZ50zbiU94YK04ZPbAwr,2021-01-23,Garmin,VIRB,3264,2448,37.548235737469,-77.443989839997,133.16876190768,"[0.67651659772906, -1.5934612974649, 1.8318653180832]","[0.76996583927269, -0.06054577728249, -0.060216690882064]",richmond:107,21.23
305370437628006,yhuH8uEftI_M2nv_TJ1BOA,2017-11-16,Apple,iPhone,3264,2448,37.542670296198,-77.437417401652,130.69828247022,"[0.68551111315071, -1.5989767012773, 1.756010153126]","[0.8492771594414, 0.082760794335256, -0.12987212415825]",richmond:51,24.05
305401054323896,8HQtKxHN6AWWWu4s8AzYDA,2018-01-13,motorola,moto x4,4032,3024,37.535736792233,-77.429727566,206.5839084642,"[0.42799167114532, 2.0322883042636, -1.8694417336109]","[0.75404686464611, 0.033624004484459, -0.02878827797621]",richmond:19,19.34
305544111081287,ATAIxHx8ob0G_E_MVoYe-g,2018-01-14,motorola,moto x4,4032,3024,37.540399834695,-77.439797829651,312.92209960529,"[1.4395768161958, 0.60378785012029, -0.67484915990622]","[0.72857201731379, 0.035253984274993, -0.026342441150742]",richmond:144,1.86
306291107722898,4dq0z862qjjx7kup91zmak,2018-07-23,Apple,iPhone7,1920,1080,37.535445939748,-77.429733191822,21.31702930578,"[1.4817419416264, -0.23540356121396, 0.34602017140884]","[1.2041868197891, 0.016015818141062, -0.00044006215581538]",richmond:18,29.21
306591010904601,hMfZ50zbiU94YK04ZPbAwr,2021-01-23,Garmin,VIRB,3264,2448,37.548987562723,-77.44022589038,38.022108224984,"[1.3902613216497, -0.43592627778166, 0.59054111628854]","[0.73255594613238, -0.069974959622302, -0.055812110428014]",richmond:149,6.67
307116604311292,aq2cb4xkntbib56wxwulgc,2018-09-08,Apple,iPhone,4032,3024,37.542472704723,-77.436586918377,265.29977665948,"[1.0603128046959, 1.1916307368308, -1.299516435289]","[0.84705467441372, 0.067764741178245, -0.09509002759296]",richmond:133,18.14
307293217652158,7ei3xhrbj8vl21vyr5lzxv,2018-08-06,Apple,iPhone6S,1920,1080,37.535424909028,-77.429838102652,196.88470503549,"[0.21465793558919, 2.0724536513433, -1.9823546906711]","[1.0578230775592, 0.0041323145233245, 0.00071445265190373]",richmond:18,24.46
307355150968042,hMfZ50zbiU94YK04ZPbAwr,2021-01-23,Garmin,VIRB,3264,2448,37.549600000454,-77.446363905617,68.275630534671,"[1.3649643450818, -0.92610710975184, 0.92491778286364]","[0.694146527347, -0.062403390616, -0.0603994499556]",richmond:184,5.91
307449257640232,RYRGV-ZWSOKWRdCw07o3wA,2018-09-09,Apple,iPhone,4032,3024,37.538827781519,-77.441869455856,305.69505907686,"[1.2896451436654, 0.70070823449091, -0.73848747611635]","[0.87200143110579, 0.054058629173679, -0.097685641560942]",richmond:24,24.77
308032360895031,7ei3xhrbj8vl21vyr5lzxv,2018-08-06,Apple,iPhone6S,1920,1080,37.535709967681,-77.429739963971,199.98615441913,"[0.25799232495739, 2.0349957144509, -1.9522939290304]","[1.0578230775592, 0.0041323145233245, 0.00071445265190373]",richmond:19,19.11
308139764130899,Yyo2YprvMTjOcScG5Mi2mM,2021-01-23,Garmin,VIRB,3264,2448,37.547829157126,-77.441297676067,301.30396553851,"[1.2349785175869, 0.60798581685975, -0.9595801194921]","[0.72194937334099, -0.067466814928941, -0.058615989495167]",richmond:201,19.35
308523300799584,aq2cb4xkntbib56wxwulgc,2018-09-08,Apple,iPhone,4032,3024,37.537803186308,-77.440041129549,310.78313306769,"[1.2947230455568, 0.62881480922166, -0.67245810114315]","[0.83527288785031, 0.061936923544991, -0.096207779018105]",richmond:191,14.79
308904957306661,r9TGDbQhC2qkGD3Jabj0JQ,2017-11-16,Apple,iPhone,3264,2448,37.5429337787,-77.437840189071,132.19642167432,"[0.76210737587755, -1.7355464093629, 1.717781165493]","[0.846565783289, 0.088793315607153, -0.11335355419525]",richmond:51,26.54
309010000746116,RYRGV-ZWSOKWRdCw07o3wA,2018-09-09,Apple,iPhone,4032,3024,37.539827666632,-77.443493833194,306.10156142958,"[1.3363378390279, 0.73402147284695, -0.70597351125632]","[0.87200143110579, 0.054058629173679, -0.097685641560942]",richmond:219,26.79
309115277520163,ATAIxHx8ob0G_E_MVoYe-g,2018-01-14,motorola,moto x4,4032,3024,37.537476137006,-77.438387800999,221.89455439311,"[0.72630626255788, 1.8247305630336, -1.7883335428654]","[0.70662627429786, 0.036774029869961, -0.02851019053845]",richmond:22,23.00
3095460380688097,-C6FxYTP0JyS-NEReC9DNQ,2018-01-14,motorola,moto x4,4032,3024,37.53531688651,-77.437769988662,218.41335179559,"[0.66982281885123, 1.9260942922022, -1.759400102855]","[0.7772121959424, 0.035674918404861, -0.027707520045243]",richmond:127,7.07
309689603947051,ATAIxHx8ob0G_E_MVoYe-g,2018-01-14,motorola,moto x4,4032,3024,37.539260252537,-77.437946834858,311.89591137219,"[1.4408878322881, 0.60290650301717, -0.70497966050391]","[0.72769479818988, 0.03472032918424, -0.028396080599113]",richmond:252,10.24
310198020648335,w8hy0Wlz8tJRc2uxV5JqIM,2021-01-23,Garmin,VIRB,3264,2448,37.549272204232,-77.440397258296,341.76816546324,"[1.5554902998837, 0.2495741287529, -0.24982313214382]","[0.694146527347, -0.062403390616, -0.0603994499556]",richmond:147,6.71
310339940810312,jo2j9a0lafbb4mxlylp1lt,2018-08-08,Apple,iPhone6,1920,1080,37.546281942754,-77.435775356278,133.76511980888,"[0.73196047853078, -1.7188443038717, 1.7647727058793]","[1.0037267102616, 0.023010515998895, -0.00028184823693249]",richmond:203,25.95
310886797309211,jo2j9a0lafbb4mxlylp1lt,2018-08-08,Apple,iPhone6,1920,1080,37.546325307051,-77.435835084529,134.57359434613,"[0.72116240401064, -1.7320209108104, 1.7700594502009]","[1.0037267102616, 0.023010515998895, -0.00028184823693249]",richmond:203,23.95
311585633976816,hMfZ50zbiU94YK04ZPbAwr,2021-01-23,Garmin,VIRB,3264,2448,37.547918761829,-77.441168497574,347.74962026073,"[1.404061052954, 0.15278511007201, -0.17464099988014]","[0.70725733441289, -0.071516028878493, -0.049158716999201]",richmond:201,5.87
312233143643173,ATAIxHx8ob0G_E_MVoYe-g,2018-01-14,motorola,moto x4,4032,3024,37.539681896858,-77.436501256543,134.97210761136,"[0.68471380673535, -1.7909494413511, 1.7023850394104]","[0.72862927703519, 0.03343929915214, -0.029178735325423]",richmond:198,8.77
3133560350144157,bBmO2TXKGUaACqw4gYRQrn,2025-10-03,samsung,SM-G960U,4032,3024,37.535897537616,-77.429728670709,203.69055575792,"[0.41305352577132, 1.9559151173368, -2.0272749739374]","[0.96818127215996, 0.0001461958378477, -0.00025618320059701]",richmond:19,23.55
313510556878004,-C6FxYTP0JyS-NEReC9DNQ,2018-01-14,motorola,moto x4,4032,3024,37.537573564969,-77.435163551006,310.86128643046,"[1.4793874250516, 0.71574906270191, -0.62745457845666]","[0.76520922470426, 0.033086764574219, -0.029271702905844]",richmond:137,23.75
313845727060311,lcbevtvbb9pwp9f82mstww,2018-07-31,Apple,iPhone6S,1920,1080,37.549473222273,-77.446707467476,33.927320231876,"[1.4932852984322, -0.45704097239612, 0.46703526387213]","[1.1534280346573, 0.00089101659510542, -4.1083323736882e-05]",richmond:186,21.65
314064400129533,ATAIxHx8ob0G_E_MVoYe-g,2018-01-14,motorola,moto x4,4032,3024,37.539241762091,-77.43798358794,311.59284034006,"[1.4099352486727, 0.63711512472274, -0.67146182043253]","[0.7187390875934, 0.030479116829806, -0.027907214864533]",richmond:251,8.75
314110000309048,RI6ajbSzaig6pFr7_k_pXA,2018-01-14,motorola,moto x4,4032,3024,37.533268837969,-77.432753529898,20.674717093217,"[1.6045224747868, -0.30787172810799, 0.26312705359194]","[0.7473414933533, 0.037233805694548, -0.02044753699854]",richmond:141,10.70
314903200187899,Yyo2YprvMTjOcScG5Mi2mM,2021-01-23,Garmin,VIRB,3264,2448,37.549799981701,-77.446516623299,204.54817596622,"[0.43179355149437, 1.9846959941988, -1.9846959941988]","[0.694146527347, -0.062403390616, -0.0603994499556]",richmond:186,18.53
315560080135163,ATAIxHx8ob0G_E_MVoYe-g,2018-01-14,motorola,moto x4,4032,3024,37.539501129653,-77.436502550755,215.86820821198,"[0.65965085034371, 1.9553166097305, -1.8015003844742]","[0.73213591925067, 0.036936395307895, -0.027530553870482]",richmond:200,11.07
3162406950559529,GWdebvF1QOErCBnXNhtfVS,2024-06-29,GoPro,HERO11 Black,5568,4872,37.542074713746,-77.435956109081,308.45703081189,"[1.4806986481629, 0.74990192713055, -0.66065535485477]","[0.42735282358916, -0.10737370241525, 0.0079470567517577]",richmond:162,24.04
317311613132652,hMfZ50zbiU94YK04ZPbAwr,2021-01-23,Garmin,VIRB,3264,2448,37.548789363266,-77.440377862069,41.222971335817,"[1.3677922121576, -0.50487230191761, 0.60049345660738]","[0.73255594613238, -0.069974959622302, -0.055812110428014]",richmond:149,29.95
317852156409110,7ei3xhrbj8vl21vyr5lzxv,2018-08-06,Apple,iPhone6S,1920,1080,37.53537289543,-77.429853993866,196.26030207736,"[0.20589757567551, 2.0792596817575, -1.9890796434557]","[1.0578230775592, 0.0041323145233245, 0.00071445265190373]",richmond:18,28.77
3183744381784246,G8IYvZHK2akQBCD9pAo5dR,2025-08-23,GoPro,GoPro Max,4096,1344,37.541230371868,-77.437491173043,147.31499660931,"[0.47490867080263, -1.8617171265053, 1.8762988010769]","[1.0625843446207, -0.0098939198681565, -0.0018362697353777]",richmond:11,25.41
318616946313799,s26m6zf69vcqamja9ntlpk,2019-01-06,Apple,iPhoneXS_Max,1920,1080,37.535440788752,-77.429751169093,21.482357272949,"[1.4862091446806, -0.31091704315011, 0.27029866521554]","[0.88123684448743, -0.013832500668883, -0.0072209248019195]",richmond:18,28.34
318787153206190,w8hy0Wlz8tJRc2uxV5JqIM,2021-01-23,Garmin,VIRB,3264,2448,37.547924378056,-77.441154919493,79.767739027208,"[1.2543118296728, -1.0784268659713, 1.0635454749972]","[0.69828541546586, -0.056669520871862, -0.052603428654987]",richmond:201,4.88
319029342959208,ATAIxHx8ob0G_E_MVoYe-g,2018-01-14,motorola,moto x4,4032,3024,37.539200676738,-77.437914859716,312.68701557614,"[1.4311604106197, 0.62734153997644, -0.65530871506777]","[0.7187390875934, 0.030479116829806, -0.027907214864533]",richmond:251,13.73
319443939739101,hMfZ50zbiU94YK04ZPbAwr,2021-01-23,Garmin,VIRB,3264,2448,37.548984152554,-77.440228375566,38.118753787862,"[1.3896116429034, -0.43397943236486, 0.59545645688393]","[0.73255594613238, -0.069974959622302, -0.055812110428014]",richmond:149,6.91
3196129163852754,lnkxu1XHUOfT3dBtobgM0Q,2024-06-29,GoPro,HERO11 Black,5568,4872,37.546218145818,-77.442761681803,312.129081406,"[1.4580199603774, 0.68998859709716, -0.61323640188478]","[0.32597700999527, -0.061868564567005, 0.0025987291806446]",richmond:42,13.00
320533466155073,aq2cb4xkntbib56wxwulgc,2018-09-08,Apple,iPhone,4032,3024,37.537720915385,-77.438215956022,215.70120349073,"[0.54178739659982, 1.7470753145398, -1.9380798983202]","[0.83527288785031, 0.061936923544991, -0.096207779018105]",richmond:21,1.22
321156949574396,lcbevtvbb9pwp9f82mstww,2018-07-31,Apple,iPhone6S,1920,1080,37.546021702005,-77.448896063942,0.41912309498173,"[1.5402286821601, -0.013344681045432, -0.0021419045356955]","[0.99082736250489, 0.0035186040625115, -0.0031254607120739]",richmond:228,26.20
321911542850570,Y2R1D9MENx43jgMhj1hZnt,2021-01-22,Garmin,VIRB,3264,2448,37.535468535072,-77.429817302858,106.60612666822,"[1.0965018398542, -1.7083989751517, 1.1567115885416]","[0.63034449014465, -0.064043273557798, -0.063458547270398]",richmond:18,21.94
322362286197607,hMfZ50zbiU94YK04ZPbAwr,2021-01-23,Garmin,VIRB,3264,2448,37.548996651006,-77.440219690835,36.995789538842,"[1.3912694021513, -0.42241251668699, 0.57643606572328]","[0.73255594613238, -0.069974959622302, -0.055812110428014]",richmond:149,6.18
322562866134372,Yyo2YprvMTjOcScG5Mi2mM,2021-01-23,Garmin,VIRB,3264,2448,37.549341663845,-77.440588891007,320.15915210262,"[1.5013705722968, 0.54397259830616, -0.54425600100299]","[0.694146527347, -0.062403390616, -0.0603994499556]",richmond:147,24.69
3226393234181791,G8IYvZHK2akQBCD9pAo5dR,2025-08-23,GoPro,GoPro Max,4096,1344,37.541470501661,-77.437409136864,98.251357719543,"[1.0273180418556, -1.2372244637299, 1.3412002757648]","[0.78026659517313, 0.0011895984153344, 0.00036315768271523]",richmond:11,6.05
323087166017993,Yyo2YprvMTjOcScG5Mi2mM,2021-01-23,Garmin,VIRB,3264,2448,37.549021957644,-77.440293931332,296.67507646944,"[1.391638733704, 0.72328722982395, -1.0021333089956]","[0.70407134294493, -0.081676421436449, -0.032388966450689]",richmond:148,4.14
323444739168862,7ei3xhrbj8vl21vyr5lzxv,2018-08-06,Apple,iPhone6S,1920,1080,37.535684490413,-77.42974948958,199.6464428163,"[0.25333792550515, 2.039741669861, -1.9550518014402]","[1.0578230775592, 0.0041323145233245, 0.00071445265190373]",richmond:19,19.55
323753172499410,ATAIxHx8ob0G_E_MVoYe-g,2018-01-14,motorola,moto x4,4032,3024,37.540346959124,-77.439715119342,313.30284843913,"[1.4516346132021, 0.5860277014579, -0.68479104547965]","[0.72857201731379, 0.035253984274993, -0.026342441150742]",richmond:144,10.90
324131259319247,-C6FxYTP0JyS-NEReC9DNQ,2018-01-14,motorola,moto x4,4032,3024,37.536966843688,-77.436194413037,220.91160487215,"[0.70226154651516, 1.9097283266321, -1.7177630676177]","[0.75081721641382, 0.034753623546086, -0.028462964806855]",richmond:103,2.71
3255928234510535,ATAIxHx8ob0G_E_MVoYe-g,2018-01-14,motorola,moto x4,4032,3024,37.544752249666,-77.442674965085,303.7622106451,"[1.4546711243378, 0.74764000351492, -0.78726461993828]","[0.72520234678363, 0.034141842157253, -0.026671136619913]",richmond:168,6.64
3261780250623590,4pTSeDONrRqohUYIvbK8l5,2024-06-09,GoPro,HERO11 Black,5568,4872,37.549149180872,-77.440235549043,312.20075160417,"[1.4658280240326, 0.71210095177094, -0.59142204372809]","[0.4283172732332, -0.1130849763788, 0.0083354673436015]",richmond:148,11.09
326691425553934,ATAIxHx8ob0G_E_MVoYe-g,2018-01-14,motorola,moto x4,4032,3024,37.536047763645,-77.436972363614,40.615724216243,"[1.5272140382072, -0.61321713435503, 0.50219671805791]","[0.72751690908005, 0.030011261356446, -0.027011850333202]",richmond:134,7.49
3268654790096722,6DXipIoGb3vYkWg0tm1lhE,2024-06-09,GoPro,HERO11 Black,5568,4872,37.549191920553,-77.440346312803,133.48608374527,"[0.76771467701774, -1.7941113816584, 1.7011291375106]","[0.31686562446907, -0.076161913317361, 0.0045627053081717]",richmond:147,9.66
327792465618680,ATAIxHx8ob0G_E_MVoYe-g,2018-01-14,motorola,moto x4,4032,3024,37.537909285572,-77.43567000092,313.97931217814,"[1.4703683188704, 0.63498173716417, -0.61908084502026]","[0.71877179886727, 0.036985778837151, -0.029110522702459]",richmond:138,23.80
330865895129288,hMfZ50zbiU94YK04ZPbAwr,2021-01-23,Garmin,VIRB,3264,2448,37.547584475517,-77.442982181869,128.37869009581,"[0.73690385878273, -1.5332173820734, 1.7831580223112]","[0.76996583927269, -0.06054577728249, -0.060216690882064]",richmond:234,4.11
331857318494957,jo2j9a0lafbb4mxlylp1lt,2018-08-08,Apple,iPhone6,1920,1080,37.546422090147,-77.43596395884,135.25469306316,"[0.7065635365785, -1.7385160475171, 1.7757055339329]","[1.0037267102616, 0.023010515998895, -0.00028184823693249]",richmond:203,26.46
332086718338606,ATAIxHx8ob0G_E_MVoYe-g,2018-01-14,motorola,moto x4,4032,3024,37.541686573135,-77.439871713151,129.72709456142,"[0.77686160127925, -1.7205213804867, 1.6661913770669]","[0.87246733319825, 0.035810413522294, -0.027798957705872]",richmond:221,17.53
332881353034791,4pTSeDONrRqohUYIvbK8l5,2024-06-09,GoPro,HERO11 Black,5568,4872,37.548973554929,-77.439937823484,311.66081342974,"[1.4881657801032, 0.71384179397765, -0.60918806477765]","[0.4283172732332, -0.1130849763788, 0.0083354673436015]",richmond:151,13.21
333579643130544,GWdebvF1QOErCBnXNhtfVS,2024-06-29,GoPro,HERO11 Black,5568,4872,37.542422921315,-77.436554063322,309.82424904412,"[1.4703503343637, 0.73399892792113, -0.63642364718249]","[0.42735282358916, -0.10737370241525, 0.0079470567517577]",richmond:133,18.45
334297498042316,7ei3xhrbj8vl21vyr5lzxv,2018-08-06,Apple,iPhone6S,1920,1080,37.535874288647,-77.429672099982,202.67073299744,"[0.30568943917585, 2.0055734675678, -1.931264243457]","[1.0578230775592, 0.0041323145233245, 0.00071445265190373]",richmond:19,26.49
335645471617353,w8hy0Wlz8tJRc2uxV5JqIM,2021-01-23,Garmin,VIRB,3264,2448,37.549752718315,-77.446608235593,283.10238727588,"[1.3385640484183, 0.96307160266942, -1.125225631229]","[0.6901056969299, -0.061569409375975, -0.059618878102864]",richmond:188,9.52
336420297900726,jo2j9a0lafbb4mxlylp1lt,2018-08-08,Apple,iPhone6,1920,1080,37.547893635295,-77.435531007989,233.17412174745,"[0.84384854443549, 1.6336413883047, -1.7020122924916]","[1.0037267102616, 0.023010515998895, -0.00028184823693249]",richmond:23,12.60
3409808189120290,hMfZ50zbiU94YK04ZPbAwr,2021-01-23,Garmin,VIRB,3264,2448,37.547810737685,-77.441278213717,42.209669981438,"[1.3462470398044, -0.50816469106368, 0.62053629610374]","[0.72756885963756, -0.06987080674513, -0.0629948717421]",richmond:201,18.95
341163530727265,Yyo2YprvMTjOcScG5Mi2mM,2021-01-23,Garmin,VIRB,3264,2448,37.549041488785,-77.440279224602,296.08573621854,"[1.3848218281746, 0.72587867844819, -1.0150590877698]","[0.70407134294493, -0.081676421436449, -0.032388966450689]",richmond:148,2.12
341565597334128,w8hy0Wlz8tJRc2uxV5JqIM,2021-01-23,Garmin,VIRB,3264,2448,37.547969655656,-77.441061167682,57.713297318344,"[1.4244258030683, -0.78488876975538, 0.78495191880233]","[0.694146527347, -0.062403390616, -0.0603994499556]",richmond:201,7.68
3434733906818401,4pTSeDONrRqohUYIvbK8l5,2024-06-09,GoPro,HERO11 Black,5568,4872,37.549111596989,-77.440174061692,312.09760989018,"[1.4683593377349, 0.71286614419043, -0.59406708774884]","[0.4283172732332, -0.1130849763788, 0.0083354673436015]",richmond:150,10.41
343784693979213,aq2cb4xkntbib56wxwulgc,2018-09-08,Apple,iPhone,4032,3024,37.542196301817,-77.43686763067,215.65120824369,"[0.56478120081659, 1.7589368599879, -1.945388719981]","[0.84705467441372, 0.067764741178245, -0.09509002759296]",richmond:133,22.70
344157893894848,Yyo2YprvMTjOcScG5Mi2mM,2021-01-23,Garmin,VIRB,3264,2448,37.549038460051,-77.440281452146,296.30671174422,"[1.3849732911796, 0.72415464384143, -1.0105731980681]","[0.70407134294493, -0.081676421436449, -0.032388966450689]",richmond:148,2.37
345710876901526,K3269cdVQNI7owSqfRjmc5,2021-01-22,Garmin,VIRB,3264,2448,37.535439409712,-77.42990852948,286.15019383972,"[1.2258066231767, 0.95357472989493, -1.0103822523154]","[0.72371702888564, -0.080758769226953, -0.058246076555833]",richmond:18,20.04
346645756976857,GelZXAiE24oTUGo9H6cScG,2021-01-20,Garmin,VIRB,3264,2448,37.550166667123,-77.436522223852,119.98697648761,"[0.91439196878999, -1.5833577413989, 1.5833577413989]","[0.694146527347, -0.062403390616, -0.0603994499556]",richmond:169,24.88
3466732356918954,EsPJ7herbXIlGnm69cjqCW,2023-06-09,Apple,iPhone 13,4032,3024,37.537845874011,-77.440117001526,125.32099831966,"[0.92947424039997, -1.8207819167419, 1.5063076693434]","[0.404523526926, -0.00048672221672097, -0.00028403876791042]",richmond:191,22.76
347127738251341,lnkxu1XHUOfT3dBtobgM0Q,2024-06-29,GoPro,HERO11 Black,5568,4872,37.548306683477,-77.446269496383,313.78355627067,"[1.4977547895101, 0.65138816683111, -0.61317215199053]","[0.43884405123433, -0.1337088077997, 0.013528513586384]",richmond:182,5.76
351429516378865,w8hy0Wlz8tJRc2uxV5JqIM,2021-01-23,Garmin,VIRB,3264,2448,37.548978589007,-77.440220225103,121.17042199251,"[0.81334431436029, -1.4360283520684, 1.7072247414117]","[0.70310544623019, -0.095213924118172, -0.024453772793845]",richmond:149,6.28
351613276389056,w8hy0Wlz8tJRc2uxV5JqIM,2021-01-23,Garmin,VIRB,3264,2448,37.548975233505,-77.44022240624,121.33025171241,"[0.8080332133963, -1.4343454927061, 1.7102765882185]","[0.70310544623019, -0.095213924118172, -0.024453772793845]",richmond:149,6.54
352156779581929,Yyo2YprvMTjOcScG5Mi2mM,2021-01-23,Garmin,VIRB,3264,2448,37.549034524453,-77.440284415705,296.45399950556,"[1.3887047752991, 0.72572236208959, -1.0053093140074]","[0.70407134294493, -0.081676421436449, -0.032388966450689]",richmond:148,2.75
353995512812712,4dq0z862qjjx7kup91zmak,2018-07-23,Apple,iPhone7,1920,1080,37.535580929988,-77.429692052204,23.158235797569,"[1.4743284090249, -0.26011276830626, 0.37081232486097]","[1.2041868197891, 0.016015818141062, -0.00044006215581538]",richmond:18,26.95
3551178408508029,eiyGpjVTl8kWrZgBv3zISE,2025-01-01,Apple,iPhone 11,4032,3024,37.550918588558,-77.445524869046,47.952409752335,"[1.4700913149541, -0.65379539969954, 0.65379539969954]","[0.85, 0, 0]",richmond:74,28.60
3556856934611894,0z1qCAk9QHtwGfKceJVj6X,2025-02-03,none,none,4096,1874,37.5367528,-77.4406222,156.73178556975,"[0.41137572345491, -1.9980271062605, 1.9980271062605]","[0.58, 0, 0]",richmond:0,11.27
361469098745047,jo2j9a0lafbb4mxlylp1lt,2018-08-08,Apple,iPhone6,1920,1080,37.546303743147,-77.435805437944,134.22838620552,"[0.72768854975476, -1.7268425741465, 1.768514438963]","[1.0037267102616, 0.023010515998895, -0.00028184823693249]",richmond:203,24.71
3641216079464563,kXDAa9BdycP6YZReUzr7hb,2024-06-09,GoPro,HERO11 Black,5568,4872,37.549830863281,-77.441405727387,132.73488567035,"[0.79548200976303, -1.780937608258, 1.7063817979946]","[0.3815451096435, -0.036761335838536, -0.0060561575565738]",richmond:85,27.85
3646599715632682,fBJpEdlaWrLg98ZQwbi5Sy,2025-02-03,none,none,4096,1874,37.540533589637,-77.43968862608,237.53347985469,"[0.88943226046893, 1.9703436940632, -1.2622204451216]","[0.58542253473547, -0.0074417851108055, -0.0014017078554005]",richmond:144,16.49
3660158514197918,4pTSeDONrRqohUYIvbK8l5,2024-06-09,GoPro,HERO11 Black,5568,4872,37.548936402318,-77.439870435506,310.73639413635,"[1.4835479248099, 0.72099949366318, -0.62665272029458]","[0.4283172732332, -0.1130849763788, 0.0083354673436015]",richmond:151,20.07
367600634684166,-C6FxYTP0JyS-NEReC9DNQ,2018-01-14,motorola,moto x4,4032,3024,37.537550102545,-77.435124815636,311.04022193285,"[1.4830088991493, 0.70712169335863, -0.63158941844258]","[0.76520922470426, 0.033086764574219, -0.029271702905844]",richmond:137,27.86
369171597867368,aq2cb4xkntbib56wxwulgc,2018-09-08,Apple,iPhone,4032,3024,37.537849901927,-77.438116898667,174.18389332083,"[0.14135496016078, -2.0794450044954, 2.2837962311218]","[0.83527288785031, 0.061936923544991, -0.096207779018105]",richmond:21,15.94
3697655103884612,lnkxu1XHUOfT3dBtobgM0Q,2024-06-29,GoPro,HERO11 Black,5568,4872,37.543001725544,-77.437514267252,310.62281295298,"[1.4744602868946, 0.73569473577142, -0.61382858953019]","[0.42287104387629, -0.021966235863759, -0.014660965934809]",richmond:50,16.06
369800152342352,4pTSeDONrRqohUYIvbK8l5,2024-06-09,GoPro,HERO11 Black,5568,4872,37.551046454464,-77.443475852655,311.77504778105,"[1.4709116656977, 0.65472720915771, -0.66057346576385]","[0.53957416448854, -0.0581996679325, -0.0238325579725]",richmond:227,16.07
369845724787566,ATAIxHx8ob0G_E_MVoYe-g,2018-01-14,motorola,moto x4,4032,3024,37.54184121893,-77.440125734224,130.09516599096,"[0.7602783965898, -1.7368770110682, 1.6518864048891]","[0.87246733319825, 0.035810413522294, -0.027798957705872]",richmond:222,5.03
372029717519786,ATAIxHx8ob0G_E_MVoYe-g,2018-01-14,motorola,moto x4,4032,3024,37.537488176833,-77.435627177524,40.882385835427,"[1.4418619041987, -0.57674024701026, 0.52920538807175]","[0.75476197523472, 0.036528351596799, -0.025479480207584]",richmond:136,27.05
3733549106751575,Yyo2YprvMTjOcScG5Mi2mM,2021-01-23,Garmin,VIRB,3264,2448,37.549034490812,-77.440284446385,296.4550186759,"[1.3886120699805, 0.72578990422152, -1.0051880762549]","[0.70407134294493, -0.081676421436449, -0.032388966450689]",richmond:148,2.75
3741889362782674,bBmO2TXKGUaACqw4gYRQrn,2025-10-03,samsung,SM-G960U,4032,3024,37.535666061884,-77.429780502643,201.83940043465,"[0.37932715627124, 1.9702565610932, -2.0480823676748]","[0.96818127215996, 0.0001461958378477, -0.00025618320059701]",richmond:19,18.44
3748552325463317,6e8jRXiFnPEAD5Ughx7CGV,2024-07-14,GoPro,HERO11 Black,5568,4872,37.542420712505,-77.436704808806,133.74430575249,"[0.81050216970284, -1.8177191354564, 1.7065556030943]","[0.42004717973406, -0.10377080581512, 0.0073001403287353]",richmond:133,6.39
374902490522983,-C6FxYTP0JyS-NEReC9DNQ,2018-01-14,motorola,moto x4,4032,3024,37.536968946912,-77.436192126975,221.03095898768,"[0.70194277547356, 1.910229708938, -1.713461166491]","[0.75081721641382, 0.034753623546086, -0.028462964806855]",richmond:103,2.97
375381940464775,ATAIxHx8ob0G_E_MVoYe-g,2018-01-14,motorola,moto x4,4032,3024,37.541934185175,-77.440282927716,130.06130756156,"[0.75932476377452, -1.7397488898718, 1.6475191080193]","[0.87246733319825, 0.035810413522294, -0.027798957705872]",richmond:222,13.30
3760262370970699,mljMiuUB1obwPOeZxLyT5K,2025-02-03,none,none,4096,1874,37.5499,-77.4367611,224.16813758813,"[0.71795230033709, 1.7695146218161, -1.7695146218161]","[0.58, 0, 0]",richmond:170,9.89
3762343720742551,j5OUtzRcSX0Qxav8iWewB4,2025-02-03,none,none,4096,1874,37.5438583,-77.4435583,122.7367835373,"[0.88241108939131, -1.6163341729652, 1.6163341729652]","[0.58, 0, 0]",richmond:30,2.49
376665247003229,ATAIxHx8ob0G_E_MVoYe-g,2018-01-14,motorola,moto x4,4032,3024,37.54174445389,-77.440054402009,41.377769748741,"[1.4943523465668, -0.56147385786197, 0.56816737336621]","[0.71467290666609, 0.035559707884072, -0.026153791541817]",richmond:221,6.62
3785592465055349,lnkxu1XHUOfT3dBtobgM0Q,2024-06-29,GoPro,HERO11 Black,5568,4872,37.546257946779,-77.442825686094,311.65130750163,"[1.4656268519245, 0.69463719394906, -0.62345982467999]","[0.32597700999527, -0.061868564567005, 0.0025987291806446]",richmond:42,7.11
379515585107979,4pTSeDONrRqohUYIvbK8l5,2024-06-09,GoPro,HERO11 Black,5568,4872,37.549951272421,-77.441557323813,311.22390333715,"[1.5137724624936, 0.69229857418781, -0.64626998748633]","[0.4283172732332, -0.1130849763788, 0.0083354673436015]",richmond:85,10.46
3797816713844635,G8IYvZHK2akQBCD9pAo5dR,2025-08-23,GoPro,GoPro Max,4096,1344,37.541443062533,-77.437338508955,275.54493219906,"[1.1782748483053, 0.69772091528096, -1.6217426520793]","[0.98779758302594, -0.0083460971450409, -0.0021574304289263]",richmond:11,2.13
380367763225906,RI6ajbSzaig6pFr7_k_pXA,2018-01-14,motorola,moto x4,4032,3024,37.535753665451,-77.431640230773,47.022587167445,"[1.435151962495, -0.63335989609372, 0.6417523084199]","[0.7473414933533, 0.037233805694548, -0.02044753699854]",richmond:47,20.38
3811148079194866,G8IYvZHK2akQBCD9pAo5dR,2025-08-23,GoPro,GoPro Max,4096,1344,37.541233183458,-77.437493410679,147.34258509866,"[0.51767085408509, -1.8559975465083, 1.9132537646616]","[1.0625843446207, -0.0098939198681565, -0.0018362697353777]",richmond:11,25.23
381295366455009,ATAIxHx8ob0G_E_MVoYe-g,2018-01-14,motorola,moto x4,4032,3024,37.537637177569,-77.438236773147,219.82309737733,"[0.67112031807602, 1.8479079267872, -1.7968967398943]","[0.70662627429786, 0.036774029869961, -0.02851019053845]",richmond:22,3.89
3813617995566820,5EkNdnV0SDH6yzW4FKtqw7,2025-02-03,none,none,4096,1874,37.538933608553,-77.441315791386,237.32030122001,"[0.89785592068879, 1.7743450921251, -1.4648780227643]","[0.96436402353645, -0.013520894847123, -0.0020871129953137]",richmond:25,28.10
381786704623479,6e8jRXiFnPEAD5Ughx7CGV,2024-07-14,GoPro,HERO11 Black,5568,4872,37.539087159773,-77.431093006693,132.59730890526,"[0.86894062108265, -1.9037770310759, 1.6071925911963]","[0.51794130585331, -0.17113893631427, 0.020443199561747]",richmond:158,22.96
3832392626873397,cehmiyw9mc6148w4lr2ghn,2018-07-31,Apple,iPhone6S,1920,1080,37.545598419142,-77.448901683502,0.68765847626264,"[1.5301230265402, -0.016179712008147, 0.0022759545499461]","[1.0365807084191, -0.00011117605757323, -0.002661248382426]",richmond:228,27.82
3833576456897577,qVTQFIHbvh1wrWuZ7mAKoR,2025-02-03,none,none,4096,1874,37.549692718458,-77.436756337602,238.29277372309,"[0.8943974478109, 1.6040021467808, -1.6039883712696]","[0.58476042010203, -0.0013351274346466, 0.0013970761405069]",richmond:170,17.53
3844539032261524,-C6FxYTP0JyS-NEReC9DNQ,2018-01-14,motorola,moto x4,4032,3024,37.535933500684,-77.437172264482,219.4557867873,"[0.64264135308893, 1.8660333681281, -1.7730505436467]","[0.7772121959424, 0.035674918404861, -0.027707520045243]",richmond:134,15.88
386049186178396,w8hy0Wlz8tJRc2uxV5JqIM,2021-01-23,Garmin,VIRB,3264,2448,37.54788360237,-77.441130883823,51.506760333895,"[1.407428197415, -0.73162512579381, 0.66096495874804]","[0.69828541546586, -0.056669520871862, -0.052603428654987]",richmond:201,3.76
386400549226049,-C6FxYTP0JyS-NEReC9DNQ,2018-01-14,motorola,moto x4,4032,3024,37.536845064793,-77.436314760414,220.87503283755,"[0.69015073660397, 1.8664203384783, -1.7567296227827]","[0.7772121959424, 0.035674918404861, -0.027707520045243]",richmond:103,15.00
386925822736431,fqdVQ1vTUyEVYTbBxULK1U,2021-01-21,Garmin,VIRB,3264,2448,37.535730556283,-77.429655561772,15.16684238911,"[1.5607896477404, -0.20779416122575, 0.20779414990399]","[0.694146527347, -0.062403390616, -0.0603994499556]",richmond:19,25.71
388031843778758,lnkxu1XHUOfT3dBtobgM0Q,2024-06-29,GoPro,HERO11 Black,5568,4872,37.543078499514,-77.437638688669,310.30007420978,"[1.4981524513485, 0.71782027547612, -0.64436068239523]","[0.42287104387629, -0.021966235863759, -0.014660965934809]",richmond:51,25.78
3886886648100084,cFD6g0YgrCCc0EZQdNyt20,2021-01-22,Garmin,VIRB,3264,2448,37.535791564665,-77.429777772017,209.18289113879,"[0.34063073399241, 1.7860620394391, -1.9481883410472]","[0.694146527347, -0.062403390616, -0.0603994499556]",richmond:19,14.71
3888779141402126,YWwk2ulpE791bDAe0LnjCF,2024-12-31,Apple,iPhone 11,4032,3024,37.545698246469,-77.448940733713,189.92652993939,"[0.23826088065008, 2.0566396443936, -2.2482659847412]","[0.88124319789899, 0.00055096017353093, 0.00049005568806544]",richmond:228,21.47
3897664810449484,qVTQFIHbvh1wrWuZ7mAKoR,2025-02-03,none,none,4096,1874,37.546739131447,-77.439419565739,232.27251793219,"[0.91480211001875, 1.9352577636675, -1.4501110866474]","[0.61669470208105, -0.010398946808058, -0.001981698652351]",richmond:5,5.42
3898425123558320,hMfZ50zbiU94YK04ZPbAwr,2021-01-23,Garmin,VIRB,3264,2448,37.549130490642,-77.440244484855,351.47798871216,"[1.5669517201014, 0.117290535543, -0.11628409522997]","[0.694146527347, -0.062403390616, -0.0603994499556]",richmond:148,8.87
390019702124300,ATAIxHx8ob0G_E_MVoYe-g,2018-01-14,motorola,moto x4,4032,3024,37.53929316013,-77.438072077114,310.67001586748,"[1.4036614350563, 0.65883155766378, -0.67340165697678]","[0.7187390875934, 0.030479116829806, -0.027907214864533]",richmond:251,9.96
390071218810468,jo2j9a0lafbb4mxlylp1lt,2018-08-08,Apple,iPhone6,1920,1080,37.547660815896,-77.435793281982,217.26170219806,"[0.62893765920515, 1.8030972554011, -1.8955657138943]","[1.0037267102616, 0.023010515998895, -0.00028184823693249]",richmond:23,28.89
3916760708373901,w8hy0Wlz8tJRc2uxV5JqIM,2021-01-23,Garmin,VIRB,3264,2448,37.548258300376,-77.444061017573,124.64504871588,"[0.85970526624983, -1.6390625178273, 1.6390625178273]","[0.694146527347, -0.062403390616, -0.0603994499556]",richmond:107,27.00
3929100253837001,ATAIxHx8ob0G_E_MVoYe-g,2018-01-14,motorola,moto x4,4032,3024,37.53970392585,-77.436533438758,132.26249331672,"[0.71988143846943, -1.7610121964068, 1.6704025582256]","[0.72862927703519, 0.03343929915214, -0.029178735325423]",richmond:198,10.02
3948648745184078,Yyo2YprvMTjOcScG5Mi2mM,2021-01-23,Garmin,VIRB,3264,2448,37.550062823057,-77.441834866597,207.70319769181,"[0.61221725717336, 1.9213390401419, -2.0696426283633]","[0.71622227178411, -0.062410529838457, -0.058872472497488]",richmond:84,16.90
3956503924632436,qVTQFIHbvh1wrWuZ7mAKoR,2025-02-03,none,none,4096,1874,37.546606031011,-77.439679435532,228.87623149242,"[0.84238816329741, 1.9002234213918, -1.5571012573121]","[0.63176933874014, 0.0085171305721773, 0.0031851009953534]",richmond:7,25.27
3969392403097423,m8qzbtvzktp4j269bqrz9q,2018-07-31,Apple,iPhone6S,1920,1080,37.549936619681,-77.446459687514,215.99331084658,"[0.61353354301571, 1.8332564019338, -1.8953917377471]","[0.89488391433421, 0.011814041565834, -0.0048548537264834]",richmond:185,28.15
3987936644818427,mljMiuUB1obwPOeZxLyT5K,2025-02-03,none,none,4096,1874,37.545853542999,-77.440361601668,226.88923674472,"[0.82699445603137, 1.8462305264949, -1.665537115221]","[1.4627224262008, -0.024658745958048, -0.00014739878905652]",richmond:38,12.18
3994600487289344,jo2j9a0lafbb4mxlylp1lt,2018-08-08,Apple,iPhone6,1920,1080,37.543637361367,-77.431364203624,131.07273912978,"[0.75489173897612, -1.7131258916861, 1.701696161853]","[1.0033563119864, 0.0077174251835807, 0.0012807222370526]",richmond:34,22.04
3994891990628669,Yyo2YprvMTjOcScG5Mi2mM,2021-01-23,Garmin,VIRB,3264,2448,37.547829167791,-77.441297638266,301.34978137291,"[1.235417791009, 0.60751790263278, -0.95891899715577]","[0.72194937334099, -0.067466814928941, -0.058615989495167]",richmond:201,19.35
4001501406737045,fBJpEdlaWrLg98ZQwbi5Sy,2025-02-03,none,none,4096,1874,37.54038688923,-77.439879064542,242.55991258001,"[0.95647689854965, 1.5631677573911, -1.548348893749]","[0.58492958610748, -0.0014857880757221, -0.0013579965032896]",richmond:144,7.50
400437261160120,Yyo2YprvMTjOcScG5Mi2mM,2021-01-23,Garmin,VIRB,3264,2448,37.549672168704,-77.446447248336,140.22698613082,"[0.65810864813089, -1.8193436409886, 1.8193436409881]","[0.694146527347, -0.062403390616, -0.0603994499556]",richmond:184,7.94
400806580924716,tg3gvla5ond4rnncs74dho,2018-08-11,Apple,iPhone7,1920,1080,37.535573949961,-77.429693531575,18.76753657066,"[1.6074814417688, -0.24465477634957, 0.27203368986432]","[1.0228056488975, -0.0079517362802837, -0.0070883585705851]",richmond:18,26.91
4021850037852104,Yyo2YprvMTjOcScG5Mi2mM,2021-01-23,Garmin,VIRB,3264,2448,37.549169474264,-77.445494447944,126.49061048072,"[0.83734205788085, -1.6609190741201, 1.6609173963276]","[0.694146527347, -0.062403390616, -0.0603994499556]",richmond:154,11.32
4035710119800355,5rjl3l4r156llm82k1afrv,2018-08-07,Apple,iPhone7,1920,1080,37.549994592952,-77.436199836528,130.66811605902,"[0.91848057917411, -1.7404514345555, 1.7449004919632]","[1.1140124588445, -0.021450933258753, -0.0097881899033667]",richmond:169,23.90
4036788266578925,C34usnDOXhTe5i1wJqMyFU,2025-02-03,none,none,4096,1874,37.543022470677,-77.444253969391,326.21998601304,"[1.5184212725449, 0.53996643967351, -0.38475092836336]","[0.64214925015267, -0.0030989526715712, -0.0010554222567786]",richmond:115,5.50
4057165047904131,fCLD0eXEIQtTqbx3pYJynk,2025-02-03,none,none,4096,1874,37.5377694,-77.4423972,244.97122026446,"[0.96988477474051, 1.52325823969, -1.52325823969]","[0.58, 0, 0]",richmond:99,4.26
4063843150373673,w8hy0Wlz8tJRc2uxV5JqIM,2021-01-23,Garmin,VIRB,3264,2448,37.547933500639,-77.44119423787,21.013024091808,"[1.5512764294553, -0.28675959327956, 0.28871701124384]","[0.70777879597118, -0.062713138518394, -0.05937250519301]",richmond:201,8.49
4069040379854062,Yyo2YprvMTjOcScG5Mi2mM,2021-01-23,Garmin,VIRB,3264,2448,37.547597228245,-77.442886068168,128.02493726383,"[0.81844675370747, -1.6789917725349, 1.6789917725349]","[0.694146527347, -0.062403390616, -0.0603994499556]",richmond:234,10.44
407194979040832,6e8jRXiFnPEAD5Ughx7CGV,2024-07-14,GoPro,HERO11 Black,5568,4872,37.542290953172,-77.436470390802,133.53357760871,"[0.81132651456254, -1.8125307525362, 1.7059825718252]","[0.42004717973406, -0.10377080581512, 0.0073001403287353]",richmond:133,27.09
4075275842578745,hMfZ50zbiU94YK04ZPbAwr,2021-01-23,Garmin,VIRB,3264,2448,37.549399982936,-77.440597193352,313.55836724213,"[1.4763129578142, 0.63326881513706, -0.63354460833615]","[0.694146527347, -0.062403390616, -0.0603994499556]",richmond:147,27.95
4089719137759029,ATAIxHx8ob0G_E_MVoYe-g,2018-01-14,motorola,moto x4,4032,3024,37.53936054649,-77.438187167271,311.65040810429,"[1.4165455344616, 0.64065898769158, -0.66758485160201]","[0.7187390875934, 0.030479116829806, -0.027907214864533]",richmond:251,20.28
4094231157266085,ATAIxHx8ob0G_E_MVoYe-g,2018-01-14,motorola,moto x4,4032,3024,37.539790870162,-77.436673297676,131.58434495216,"[0.72615750145879, -1.745853366085, 1.668374750404]","[0.72862927703519, 0.03343929915214, -0.029178735325423]",richmond:198,22.14
4128247303873400,ATAIxHx8ob0G_E_MVoYe-g,2018-01-14,motorola,moto x4,4032,3024,37.544659546648,-77.442513558011,311.93716898434,"[1.4895463964631, 0.64821053858239, -0.66576355910156]","[0.72520234678363, 0.034141842157253, -0.026671136619913]",richmond:168,19.00
412874276436335,Yyo2YprvMTjOcScG5Mi2mM,2021-01-23,Garmin,VIRB,3264,2448,37.548972218329,-77.445136111101,121.13804570136,"[0.90126358878464, -1.5968968628773, 1.5975679457905]","[0.694146527347, -0.062403390616, -0.0603994499556]",richmond:153,27.34
4130076673739668,Yyo2YprvMTjOcScG5Mi2mM,2021-01-23,Garmin,VIRB,3264,2448,37.549038429289,-77.44028145278,296.30478268969,"[1.3850435846218, 0.7242095789126, -1.0105824985009]","[0.70407134294493, -0.081676421436449, -0.032388966450689]",richmond:148,2.37
413557931709256,6e8jRXiFnPEAD5Ughx7CGV,2024-07-14,GoPro,HERO11 Black,5568,4872,37.541957043402,-77.435867511765,134.27243055692,"[0.81123925312836, -1.8288795763706, 1.711245656046]","[0.42004717973406, -0.10377080581512, 0.0073001403287353]",richmond:162,9.18
4158087767547231,Yyo2YprvMTjOcScG5Mi2mM,2021-01-23,Garmin,VIRB,3264,2448,37.547829185712,-77.441297612623,301.30242384978,"[1.2343772310637, 0.60779722981636, -0.9596694781096]","[0.72194937334099, -0.067466814928941, -0.058615989495167]",richmond:201,19.34
415859161445987,6DXipIoGb3vYkWg0tm1lhE,2024-06-09,GoPro,HERO11 Black,5568,4872,37.546354553633,-77.435745892638,139.07546372776,"[0.73709712542217, -1.8786863687715, 1.7680318579907]","[0.50440633749344, -0.048110176072182, -0.021388203032486]",richmond:203,17.46
418344322514924,w8hy0Wlz8tJRc2uxV5JqIM,2021-01-23,Garmin,VIRB,3264,2448,37.548978589081,-77.440220239876,121.17141544856,"[0.81329488499503, -1.4360432610878, 1.7072074567283]","[0.70310544623019, -0.095213924118172, -0.024453772793845]",richmond:149,6.28
4206547212714370,w8hy0Wlz8tJRc2uxV5JqIM,2021-01-23,Garmin,VIRB,3264,2448,37.548978589243,-77.440220225574,121.17338714909,"[0.81328657437824, -1.4361511800746, 1.7071553004929]","[0.70310544623019, -0.095213924118172, -0.024453772793845]",richmond:149,6.28
4230344973678481,aq2cb4xkntbib56wxwulgc,2018-09-08,Apple,iPhone,4032,3024,37.539223335546,-77.431181050698,303.0964458044,"[1.2550262316381, 0.72409257273144, -0.77593169892874]","[0.84705467441372, 0.067764741178245, -0.09509002759296]",richmond:158,15.62
423768243815631,kXDAa9BdycP6YZReUzr7hb,2024-06-09,GoPro,HERO11 Black,5568,4872,37.549941686046,-77.441591763548,133.08750682885,"[0.79269030794512, -1.7901932873756, 1.7061482794609]","[0.3815451096435, -0.036761335838536, -0.0060561575565738]",richmond:85,11.63
4245127945543430,ATAIxHx8ob0G_E_MVoYe-g,2018-01-14,motorola,moto x4,4032,3024,37.541776765792,-77.440015970122,130.12055285684,"[0.75159269951233, -1.7263600052203, 1.658004893203]","[0.87246733319825, 0.035810413522294, -0.027798957705872]",richmond:221,2.06
426385880386684,lnkxu1XHUOfT3dBtobgM0Q,2024-06-29,GoPro,HERO11 Black,5568,4872,37.546893903952,-77.443851333978,309.18372402622,"[1.4896794493653, 0.72485932582375, -0.66653797949146]","[0.46607738994804, -0.035806758044037, -0.020504212199763]",richmond:233,18.36
4297630960560993,G8IYvZHK2akQBCD9pAo5dR,2025-08-23,GoPro,GoPro Max,4096,1344,37.541256813365,-77.437563186948,84.002311463664,"[1.2667527829874, -0.99843572370543, 1.2740011425587]","[0.96189101225344, -0.0049929592251723, -0.0027066365665191]",richmond:8,26.05
430966386766273,r9cIPl6b7UnC42EYWs5zGX,2025-02-03,none,none,4096,1874,37.538413918633,-77.441859071904,239.49431496579,"[0.98559515197218, 1.9203411675217, -1.2890582960093]","[0.5830217595286, -0.0004355785715294, 0.00035324898678271]",richmond:24,28.80
4310023952349458,ATAIxHx8ob0G_E_MVoYe-g,2018-01-14,motorola,moto x4,4032,3024,37.535481089519,-77.43750643401,41.577061753366,"[1.482849367934, -0.58272292069869, 0.55048565499726]","[0.72751690908005, 0.030011261356446, -0.027011850333202]",richmond:33,24.27
431070876442697,QPmCdRWHwZr3Bqcnpuxhsg,2024-06-09,GoPro,HERO11 Black,5568,4872,37.549238363905,-77.440423363046,133.18313673972,"[0.78240763790136, -1.796510177042, 1.6972638042626]","[0.39353576542118, -0.0090562232179504, -0.014173752260107]",richmond:147,9.94
431634096308322,kXDAa9BdycP6YZReUzr7hb,2024-06-09,GoPro,HERO11 Black,5568,4872,37.550175189256,-77.441989156171,132.31405883982,"[0.82437090789945, -1.7859553369579, 1.7030758558855]","[0.3815451096435, -0.036761335838536, -0.0060561575565738]",richmond:84,26.71
433932209636037,lnkxu1XHUOfT3dBtobgM0Q,2024-06-29,GoPro,HERO11 Black,5568,4872,37.542856152417,-77.437273747705,309.74712536653,"[1.4863246443108, 0.73582386870803, -0.64001689584497]","[0.42287104387629, -0.021966235863759, -0.014660965934809]",richmond:50,22.25
434988760939402,tg3gvla5ond4rnncs74dho,2018-08-11,Apple,iPhone7,1920,1080,37.535731266423,-77.429638368788,21.765424221442,"[1.5971295397808, -0.29462906513863, 0.30464875242185]","[1.0228056488975, -0.0079517362802837, -0.0070883585705851]",richmond:19,27.19
4368414226523230,w8hy0Wlz8tJRc2uxV5JqIM,2021-01-23,Garmin,VIRB,3264,2448,37.549936103683,-77.446438915824,271.8983567896,"[1.2241935615707, 1.1851671827817, -1.1841877552057]","[0.694146527347, -0.062403390616, -0.0603994499556]",richmond:185,27.31
437539559255307,lnkxu1XHUOfT3dBtobgM0Q,2024-06-29,GoPro,HERO11 Black,5568,4872,37.546133487441,-77.442628252438,313.06054854665,"[1.4457264018172, 0.65761642809237, -0.61697335086246]","[0.32597700999527, -0.061868564567005, 0.0025987291806446]",richmond:42,27.49
439946725575300,GWdebvF1QOErCBnXNhtfVS,2024-06-29,GoPro,HERO11 Black,5568,4872,37.539729980806,-77.431919890401,313.43707785269,"[1.4527724266896, 0.6397872472468, -0.62592882521772]","[0.42735282358916, -0.10737370241525, 0.0079470567517577]",richmond:236,20.30
4413076915377478,w8hy0Wlz8tJRc2uxV5JqIM,2021-01-23,Garmin,VIRB,3264,2448,37.549032596502,-77.440201023176,102.71609121575,"[1.0108145312007, -1.2474461679936, 1.455625413043]","[0.70310544623019, -0.095213924118172, -0.024453772793845]",richmond:149,6.61
443655951945659,nue465Xfgv1VDJs8mW9TFU,2024-06-09,GoPro,HERO11 Black,5568,4872,37.546441095959,-77.435756092684,314.55719233626,"[1.5343987629661, 0.6360121167459, -0.61257613481299]","[0.31482823792874, -0.07405889352424, 0.0041439844633844]",richmond:203,9.49
444382835266852,GWdebvF1QOErCBnXNhtfVS,2024-06-29,GoPro,HERO11 Black,5568,4872,37.542560128044,-77.436782997119,309.89349229731,"[1.4802456319869, 0.7443734425382, -0.62666400588288]","[0.42735282358916, -0.10737370241525, 0.0079470567517577]",richmond:133,20.19
446684773070135,Yyo2YprvMTjOcScG5Mi2mM,2021-01-23,Garmin,VIRB,3264,2448,37.548002919125,-77.441191621881,39.255231017451,"[1.5044432642154, -0.53533873143871, 0.53716482170143]","[0.694146527347, -0.062403390616, -0.0603994499556]",richmond:201,13.04
449903271132859,4pTSeDONrRqohUYIvbK8l5,2024-06-09,GoPro,HERO11 Black,5568,4872,37.548986537921,-77.439959319384,311.52758179452,"[1.4778093988206, 0.70220990691674, -0.62196147326992]","[0.4283172732332, -0.1130849763788, 0.0083354673436015]",richmond:151,11.01
450459221273355,GWdebvF1QOErCBnXNhtfVS,2024-06-29,GoPro,HERO11 Black,5568,4872,37.539936344183,-77.432231598219,310.43890192743,"[1.4592421358202, 0.68058103887904, -0.66961735098333]","[0.42735282358916, -0.10737370241525, 0.0079470567517577]",richmond:237,22.27
450970092661730,ATAIxHx8ob0G_E_MVoYe-g,2018-01-14,motorola,moto x4,4032,3024,37.537931309118,-77.438168542079,134.77547247594,"[0.70002740940533, -1.8214236762407, 1.6754796619099]","[0.73496183766804, 0.03349823947023, -0.02910622363438]",richmond:21,22.67
454036363929467,GWdebvF1QOErCBnXNhtfVS,2024-06-29,GoPro,HERO11 Black,5568,4872,37.542491584871,-77.43666813425,309.80866025183,"[1.4697238939509, 0.72527031515426, -0.64515109261131]","[0.42735282358916, -0.10737370241525, 0.0079470567517577]",richmond:133,14.64
456230187245971,dSo8DGcRjtYEmMgsvB72L5,2024-07-14,GoPro,HERO11 Black,5568,4872,37.546079264396,-77.442797613195,134.21696531573,"[0.76493713467217, -1.8473735644919, 1.6675091597144]","[0.40122485126348, -0.11858135315861, 0.010319427380999]",richmond:41,21.09
456677245397441,jo2j9a0lafbb4mxlylp1lt,2018-08-08,Apple,iPhone6,1920,1080,37.543568393385,-77.431257578149,130.51681186286,"[0.76257058174829, -1.7150951131651, 1.6873251684018]","[1.0033563119864, 0.0077174251835807, 0.0012807222370526]",richmond:35,20.83
459614693341740,4pTSeDONrRqohUYIvbK8l5,2024-06-09,GoPro,HERO11 Black,5568,4872,37.549888204329,-77.441453463984,312.56506737932,"[1.5161668086095, 0.67881171497808, -0.62306122497828]","[0.4283172732332, -0.1130849763788, 0.0083354673436015]",richmond:85,20.21
459804980403131,62a5gnQzJiIu7FflGk80eM,2025-02-03,none,none,4096,1874,37.5375722,-77.4425,63.233386256657,"[1.3947031546187, -0.85858734539371, 0.85858734539371]","[0.58, 0, 0]",richmond:99,19.51
461327321601872,hMfZ50zbiU94YK04ZPbAwr,2021-01-23,Garmin,VIRB,3264,2448,37.54780355684,-77.441284508096,42.529029120778,"[1.3570315839896, -0.51395726721583, 0.62565355964843]","[0.72756885963756, -0.06987080674513, -0.0629948717421]",richmond:201,19.87
463141774985826,mam7ks3645hh92h9cni078,2018-08-03,Apple,iPhone5,1920,1080,37.535661725034,-77.4297504196,192.20643599454,"[0.18302580528277, 2.1533495183797, -2.0306184821079]","[1.1539066212445, 0.0048340330207346, 0.00029367076059309]",richmond:19,20.85
463214238308332,jo2j9a0lafbb4mxlylp1lt,2018-08-08,Apple,iPhone6,1920,1080,37.547797961488,-77.435657901694,225.07595648607,"[0.74158147090279, 1.7172928420658, -1.8079002201772]","[1.0037267102616, 0.023010515998895, -0.00028184823693249]",richmond:23,13.68
463659801584351,-C6FxYTP0JyS-NEReC9DNQ,2018-01-14,motorola,moto x4,4032,3024,37.5369668244,-77.436194308196,220.9566456314,"[0.70273034375198, 1.9091595774801, -1.7172343516506]","[0.75081721641382, 0.034753623546086, -0.028462964806855]",richmond:103,2.71
464003978217379,8HQtKxHN6AWWWu4s8AzYDA,2018-01-13,motorola,moto x4,4032,3024,37.535471394019,-77.429825371005,203.22726083682,"[0.37744216527941, 2.0763303661181, -1.8963453671155]","[0.75404686464611, 0.033624004484459, -0.02878827797621]",richmond:18,21.20
465476821189471,4dq0z862qjjx7kup91zmak,2018-07-23,Apple,iPhone7,1920,1080,37.535511199109,-77.429714089778,22.218758753125,"[1.477561197358, -0.24642987731647, 0.3593095298209]","[1.2041868197891, 0.016015818141062, -0.00044006215581538]",richmond:18,27.00
466250747789546,hMfZ50zbiU94YK04ZPbAwr,2021-01-23,Garmin,VIRB,3264,2448,37.549505555719,-77.446172252214,109.05764534442,"[1.0330746228942, -1.4498611897396, 1.4498610817139]","[0.694146527347, -0.062403390616, -0.0603994499556]",richmond:184,25.22
466313124472470,RI6ajbSzaig6pFr7_k_pXA,2018-01-14,motorola,moto x4,4032,3024,37.535513880711,-77.431861566004,43.407618875327,"[1.5451069290503, -0.61893994583481, 0.57512940094715]","[0.7473414933533, 0.037233805694548, -0.02044753699854]",richmond:47,12.98
466679964422783,lcbevtvbb9pwp9f82mstww,2018-07-31,Apple,iPhone6S,1920,1080,37.549444139336,-77.446732433381,33.792975306342,"[1.493357252177, -0.45560021214004, 0.46478181385692]","[1.1534280346573, 0.00089101659510542, -4.1083323736882e-05]",richmond:186,25.48
466913744560447,yhuH8uEftI_M2nv_TJ1BOA,2017-11-16,Apple,iPhone,3264,2448,37.542693101325,-77.437459420088,131.08192050867,"[0.72780301230909, -1.6158746411724, 1.780466181652]","[0.8492771594414, 0.082760794335256, -0.12987212415825]",richmond:51,20.07
467754234311167,jo2j9a0lafbb4mxlylp1lt,2018-08-08,Apple,iPhone6,1920,1080,37.546372334027,-77.435898640546,135.21630092419,"[0.70181157450248, -1.7386126401791, 1.7715022844095]","[1.0037267102616, 0.023010515998895, -0.00028184823693249]",richmond:203,24.02
467951159036195,kXDAa9BdycP6YZReUzr7hb,2024-06-09,GoPro,HERO11 Black,5568,4872,37.550915923088,-77.443262191462,131.58787138091,"[0.78939045383286, -1.7735190993927, 1.6761110760929]","[0.56673751962776, -0.10399693775073, -0.019834652196507]",richmond:227,28.33
468053224415480,jo2j9a0lafbb4mxlylp1lt,2018-08-08,Apple,iPhone6,1920,1080,37.546397766718,-77.435931739806,135.31941923099,"[0.70362715707315, -1.7375873136895, 1.7768094192787]","[1.0037267102616, 0.023010515998895, -0.00028184823693249]",richmond:203,24.95
468130026115425,6e8jRXiFnPEAD5Ughx7CGV,2024-07-14,GoPro,HERO11 Black,5568,4872,37.5412467295,-77.434700036885,134.98549752476,"[0.79717489414276, -1.8645189475787, 1.6886788196584]","[0.42004717973406, -0.10377080581512, 0.0073001403287353]",richmond:196,28.21
468209597752315,yhuH8uEftI_M2nv_TJ1BOA,2017-11-16,Apple,iPhone,3264,2448,37.542319586726,-77.436831399631,130.82319175244,"[0.7878962836119, -1.7443494215951, 1.681603020356]","[0.8492771594414, 0.082760794335256, -0.12987212415825]",richmond:133,9.47
468347330938135,aq2cb4xkntbib56wxwulgc,2018-09-08,Apple,iPhone,4032,3024,37.537526881846,-77.438413063355,216.60043170821,"[0.58220031456724, 1.7388624722508, -1.9471386025561]","[0.83527288785031, 0.061936923544991, -0.096207779018105]",richmond:22,19.51
468595264390221,yhuH8uEftI_M2nv_TJ1BOA,2017-11-16,Apple,iPhone,3264,2448,37.542695960869,-77.437463670843,130.25805833009,"[0.70698410168673, -1.5697082301116, 1.785419965386]","[0.8492771594414, 0.082760794335256, -0.12987212415825]",richmond:51,19.63
469612600779519,hMfZ50zbiU94YK04ZPbAwr,2021-01-23,Garmin,VIRB,3264,2448,37.548984155111,-77.440228367871,38.119096321259,"[1.3896699843151, -0.43387227038922, 0.59559837701787]","[0.73255594613238, -0.069974959622302, -0.055812110428014]",richmond:149,6.91
469981710947669,hMfZ50zbiU94YK04ZPbAwr,2021-01-23,Garmin,VIRB,3264,2448,37.5489841581,-77.440228366732,38.117790615762,"[1.3896062053118, -0.43390632280358, 0.59551126253249]","[0.73255594613238, -0.069974959622302, -0.055812110428014]",richmond:149,6.91
470048704228013,-C6FxYTP0JyS-NEReC9DNQ,2018-01-14,motorola,moto x4,4032,3024,37.535269236325,-77.437810659784,217.68247144971,"[0.65225212138963, 1.9252688580262, -1.7728768471977]","[0.8048830583639, 0.033683286485047, -0.029130853161899]",richmond:127,4.01
4705403999510163,ATAIxHx8ob0G_E_MVoYe-g,2018-01-14,motorola,moto x4,4032,3024,37.544140509167,-77.443410642131,222.61691682222,"[0.75572659415655, 1.7900210195136, -1.8181693729336]","[0.69899328697273, 0.033557204806678, -0.029463180637455]",richmond:31,19.91
470717474194893,ATAIxHx8ob0G_E_MVoYe-g,2018-01-14,motorola,moto x4,4032,3024,37.541988291225,-77.440376182735,129.96340370931,"[0.76249419389348, -1.7357571940046, 1.6502700441001]","[0.87246733319825, 0.035810413522294, -0.027798957705872]",richmond:222,23.40
470862587470014,-C6FxYTP0JyS-NEReC9DNQ,2018-01-14,motorola,moto x4,4032,3024,37.53696679715,-77.436194363474,220.93895078863,"[0.70272763739004, 1.9097794427331, -1.7171279398136]","[0.7772121959424, 0.035674918404861, -0.027707520045243]",richmond:103,2.70
471022233995063,hMfZ50zbiU94YK04ZPbAwr,2021-01-23,Garmin,VIRB,3264,2448,37.550875001867,-77.445569438906,217.964930458,"[0.63279114899797, 1.8395879905691, -1.8395884994656]","[0.694146527347, -0.062403390616, -0.0603994499556]",richmond:74,22.57
471546317438590,-C6FxYTP0JyS-NEReC9DNQ,2018-01-14,motorola,moto x4,4032,3024,37.535361371201,-77.437730055928,220.3278730328,"[0.69992458476419, 1.9036246010432, -1.7405753200068]","[0.7772121959424, 0.035674918404861, -0.027707520045243]",richmond:33,9.96
472052407419479,hMfZ50zbiU94YK04ZPbAwr,2021-01-23,Garmin,VIRB,3264,2448,37.550037955043,-77.441662457557,315.92488503008,"[1.3361086869721, 0.53623299827186, -0.64015047497478]","[0.69547660566168, -0.063713146392855, -0.060396831810035]",richmond:85,8.23
472582504074055,aq2cb4xkntbib56wxwulgc,2018-09-08,Apple,iPhone,4032,3024,37.539430735617,-77.431535942981,303.83796425987,"[1.2643816997393, 0.70535040882841, -0.77871467550674]","[0.84705467441372, 0.067764741178245, -0.09509002759296]",richmond:159,26.32
472812627342213,aq2cb4xkntbib56wxwulgc,2018-09-08,Apple,iPhone,4032,3024,37.541492576568,-77.434926188428,305.68216579408,"[1.3078818663106, 0.68475969572723, -0.76249949322595]","[0.84705467441372, 0.067764741178245, -0.09509002759296]",richmond:197,19.05
472858693783752,mam7ks3645hh92h9cni078,2018-08-03,Apple,iPhone5,1920,1080,37.535787937301,-77.42970756205,193.6959104472,"[0.207662422109, 2.1410542790678, -2.0133768005413]","[1.1539066212445, 0.0048340330207346, 0.00029367076059309]",richmond:19,20.81
473641117212240,RI6ajbSzaig6pFr7_k_pXA,2018-01-14,motorola,moto x4,4032,3024,37.534392040197,-77.432464927093,23.206160769809,"[1.5551344141242, -0.31859696739584, 0.31749707571887]","[0.7473414933533, 0.037233805694548, -0.02044753699854]",richmond:52,27.47
475322190228153,Yyo2YprvMTjOcScG5Mi2mM,2021-01-23,Garmin,VIRB,3264,2448,37.548113846487,-77.441038929752,47.722730565934,"[1.4711698130208, -0.65051107315818, 0.65090485847875]","[0.694146527347, -0.062403390616, -0.0603994499556]",richmond:201,23.48
476356130285578,hMfZ50zbiU94YK04ZPbAwr,2021-01-23,Garmin,VIRB,3264,2448,37.550683335095,-77.445747225243,217.24560730611,"[0.62260652453955, 1.8476021952233, -1.8475984323142]","[0.694146527347, -0.062403390616, -0.0603994499556]",richmond:77,4.71
476626623549823,hMfZ50zbiU94YK04ZPbAwr,2021-01-23,Garmin,VIRB,3264,2448,37.548984155377,-77.440228379506,38.114501072365,"[1.3895277348898, -0.43389955524996, 0.59541096807363]","[0.73255594613238, -0.069974959622302, -0.055812110428014]",richmond:149,6.91
4766596610022239,Yyo2YprvMTjOcScG5Mi2mM,2021-01-23,Garmin,VIRB,3264,2448,37.549297199013,-77.445691664417,126.01423016943,"[0.84315290341131, -1.6552889163949, 1.6552888724936]","[0.694146527347, -0.062403390616, -0.0603994499556]",richmond:154,27.50
476949784726944,kXDAa9BdycP6YZReUzr7hb,2024-06-09,GoPro,HERO11 Black,5568,4872,37.550114713153,-77.44188534369,132.47486188547,"[0.81488572154206, -1.7856462890023, 1.7035519212324]","[0.3815451096435, -0.036761335838536, -0.0060561575565738]",richmond:84,18.19
477077001708586,YWwk2ulpE791bDAe0LnjCF,2024-12-31,Apple,iPhone 11,4032,3024,37.55052379597,-77.445826132504,227.50266694538,"[0.76360145855894, 1.6697345729366, -1.7937029664423]","[0.89460040017352, -0.001731777060295, -0.0013694808810796]",richmond:75,1.24
477110430204383,ATAIxHx8ob0G_E_MVoYe-g,2018-01-14,motorola,moto x4,4032,3024,37.541841343499,-77.439950858442,39.861603229668,"[1.493573399114, -0.52743536198404, 0.56034009961494]","[0.71467290666609, 0.035559707884072, -0.026153791541817]",richmond:221,7.67
477592687979441,4pTSeDONrRqohUYIvbK8l5,2024-06-09,GoPro,HERO11 Black,5568,4872,37.546551675417,-77.435919579971,314.60871638072,"[1.5280684564307, 0.61981357190043, -0.62591860198259]","[0.40553806604161, -0.014433663681154, -0.015186181245641]",richmond:203,21.65
477911040083348,m8qzbtvzktp4j269bqrz9q,2018-07-31,Apple,iPhone6S,1920,1080,37.549759294928,-77.446627375591,215.94776871145,"[0.60778936842479, 1.837886677449, -1.8884665009681]","[0.89488391433421, 0.011814041565834, -0.0048548537264834]",richmond:188,9.10
477952166990067,hMfZ50zbiU94YK04ZPbAwr,2021-01-23,Garmin,VIRB,3264,2448,37.54765823381,-77.443133630755,129.40915964784,"[0.72104983819867, -1.5443402047309, 1.7933806184496]","[0.76996583927269, -0.06054577728249, -0.060216690882064]",richmond:234,17.89
478395328221535,kXDAa9BdycP6YZReUzr7hb,2024-06-09,GoPro,HERO11 Black,5568,4872,37.550973203273,-77.443357082829,131.57018967283,"[0.80113440236343, -1.771640930983, 1.6835812407324]","[0.56673751962776, -0.10399693775073, -0.019834652196507]",richmond:227,20.59
478429795319965,mljMiuUB1obwPOeZxLyT5K,2025-02-03,none,none,4096,1874,37.5497806,-77.4366778,226.6139930442,"[0.7502269283976, 1.741422060363, -1.741422060363]","[0.58, 0, 0]",richmond:170,6.42
479023656553231,-C6FxYTP0JyS-NEReC9DNQ,2018-01-14,motorola,moto x4,4032,3024,37.537600003478,-77.435206772725,310.86071495671,"[1.4835012837248, 0.70763966320812, -0.63610004267219]","[0.76520922470426, 0.033086764574219, -0.029271702905844]",richmond:137,19.24
479337626852985,yhuH8uEftI_M2nv_TJ1BOA,2017-11-16,Apple,iPhone,3264,2448,37.54232213995,-77.436833999717,132.96358924947,"[0.78238959998828, -1.7485890364906, 1.7393289110679]","[0.8492771594414, 0.082760794335256, -0.12987212415825]",richmond:133,9.43
479518273325456,Yyo2YprvMTjOcScG5Mi2mM,2021-01-23,Garmin,VIRB,3264,2448,37.549034468429,-77.44028446629,296.45703985987,"[1.3887030137203, 0.72571953435643, -1.0052240426231]","[0.70407134294493, -0.081676421436449, -0.032388966450689]",richmond:148,2.75
479774503299353,m8qzbtvzktp4j269bqrz9q,2018-07-31,Apple,iPhone6S,1920,1080,37.549836616979,-77.446554475785,215.91412488058,"[0.61309096413892, 1.8352998967826, -1.8955554620784]","[0.89488391433421, 0.011814041565834, -0.0048548537264834]",richmond:188,19.83
479977511633820,0z1qCAk9QHtwGfKceJVj6X,2025-02-03,none,none,4096,1874,37.5367167,-77.4405639,154.90771807789,"[0.44040611803132, -1.9790001856397, 1.9790001856397]","[0.58, 0, 0]",richmond:0,15.03
480218679911727,aq2cb4xkntbib56wxwulgc,2018-09-08,Apple,iPhone,4032,3024,37.541381829691,-77.437634461312,214.44710168386,"[0.53147134879498, 1.8188512808177, -1.9022001956038]","[1.2272975736592, 0.050955787590338, -0.09920689213265]",richmond:8,15.05
480984466353328,aq2cb4xkntbib56wxwulgc,2018-09-08,Apple,iPhone,4032,3024,37.541742440488,-77.437299477102,214.65964512536,"[0.5121403146673, 1.781155931492, -1.9169245712908]","[1.2272975736592, 0.050955787590338, -0.09920689213265]",richmond:10,14.27
481329094656831,6e8jRXiFnPEAD5Ughx7CGV,2024-07-14,GoPro,HERO11 Black,5568,4872,37.543037988252,-77.437698655171,137.84430958639,"[0.69622213730111, -1.7914595001907, 1.7966381071869]","[0.42004717973406, -0.10377080581512, 0.0073001403287353]",richmond:51,23.82
481433499731343,SoP4HxZEBcZoevJCb7r76D,2021-01-23,Garmin,VIRB,3264,2448,37.533864021295,-77.431004122848,228.59259883836,"[0.72669109475018, 1.5441570781187, -1.8602478770905]","[0.77542284207461, -0.063202954866467, -0.062835258428093]",richmond:17,15.82
481716024383369,kXDAa9BdycP6YZReUzr7hb,2024-06-09,GoPro,HERO11 Black,5568,4872,37.549884951819,-77.44149719755,132.95304736822,"[0.79512706802906, -1.7883847066868, 1.705184719042]","[0.3815451096435, -0.036761335838536, -0.0060561575565738]",richmond:85,18.89
481747873054969,aq2cb4xkntbib56wxwulgc,2018-09-08,Apple,iPhone,4032,3024,37.539751497286,-77.4320354756,306.00542252242,"[1.2981167765688, 0.69270691715333, -0.74115860571619]","[0.84705467441372, 0.067764741178245, -0.09509002759296]",richmond:236,13.39
482213593001277,aq2cb4xkntbib56wxwulgc,2018-09-08,Apple,iPhone,4032,3024,37.541343786464,-77.434687163426,305.40157691082,"[1.2999929532856, 0.702396378344, -0.74861224232578]","[0.84705467441372, 0.067764741178245, -0.09509002759296]",richmond:196,19.25
483054199570051,hMfZ50zbiU94YK04ZPbAwr,2021-01-23,Garmin,VIRB,3264,2448,37.548911781753,-77.440283178507,38.589901168214,"[1.3864564438204, -0.4462228520879, 0.59458685893989]","[0.73255594613238, -0.069974959622302, -0.055812110428014]",richmond:149,14.54
483305716216054,aq2cb4xkntbib56wxwulgc,2018-09-08,Apple,iPhone,4032,3024,37.542291304137,-77.436772990855,215.74030150139,"[0.57975368983326, 1.7535475748114, -1.9585948716161]","[0.84705467441372, 0.067764741178245, -0.09509002759296]",richmond:133,9.99
484254949559656,ATAIxHx8ob0G_E_MVoYe-g,2018-01-14,motorola,moto x4,4032,3024,37.540487215289,-77.439938364884,312.30786839526,"[1.5071682142279, 0.63373774577151, -0.67253326880869]","[0.72857201731379, 0.035253984274993, -0.026342441150742]",richmond:145,3.39
484792357611347,6e8jRXiFnPEAD5Ughx7CGV,2024-07-14,GoPro,HERO11 Black,5568,4872,37.541717294584,-77.435464363018,135.21376726602,"[0.79817883628094, -1.8444091747505, 1.7171440304869]","[0.42004717973406, -0.10377080581512, 0.0073001403287353]",richmond:161,22.61
485905689503652,hMfZ50zbiU94YK04ZPbAwr,2021-01-23,Garmin,VIRB,3264,2448,37.547803130982,-77.441284834339,42.541911943712,"[1.3584444211109, -0.51505626321568, 0.62509276618232]","[0.72756885963756, -0.06987080674513, -0.0629948717421]",richmond:201,19.92
486033882715690,ek1x6s0ezix1so1cqrndmy,2018-08-19,Apple,iPhoneX,1920,1080,37.535699158706,-77.42965594093,8.2804564818345,"[1.5765235219665, -0.14295146174443, 0.084603525090615]","[0.7987701569412, -0.0046686949540444, -0.0034205373749227]",richmond:19,26.51
486059949365171,aq2cb4xkntbib56wxwulgc,2018-09-08,Apple,iPhone,4032,3024,37.54156981207,-77.435050381208,305.84620304989,"[1.3058010267913, 0.68666280167906, -0.75496515437724]","[0.84705467441372, 0.067764741178245, -0.09509002759296]",richmond:197,28.48
486751265711687,jo2j9a0lafbb4mxlylp1lt,2018-08-08,Apple,iPhone6,1920,1080,37.543501677668,-77.431150332609,129.33421794962,"[0.77491181989536, -1.7011530708909, 1.6723283552842]","[1.0033563119864, 0.0077174251835807, 0.0012807222370526]",richmond:35,23.37
486761749236423,aq2cb4xkntbib56wxwulgc,2018-09-08,Apple,iPhone,4032,3024,37.537595202402,-77.438343168271,216.33437473326,"[0.55476460421271, 1.7398912179777, -1.9344438195928]","[0.83527288785031, 0.061936923544991, -0.096207779018105]",richmond:22,9.72
486836689221736,aq2cb4xkntbib56wxwulgc,2018-09-08,Apple,iPhone,4032,3024,37.539913783245,-77.432306129171,303.61890238058,"[1.2915123097155, 0.71776106941157, -0.78066386954052]","[0.84705467441372, 0.067764741178245, -0.09509002759296]",richmond:237,20.13
487289356043152,-C6FxYTP0JyS-NEReC9DNQ,2018-01-14,motorola,moto x4,4032,3024,37.534940024491,-77.438106196826,219.05712189802,"[0.68534279828927, 1.9297840387786, -1.7443090041604]","[0.8048830583639, 0.033683286485047, -0.029130853161899]",richmond:128,22.85
487484782462251,jo2j9a0lafbb4mxlylp1lt,2018-08-08,Apple,iPhone6,1920,1080,37.546346719499,-77.435864175952,134.95133737099,"[0.70951757400647, -1.7354810272128, 1.7711713299449]","[1.0037267102616, 0.023010515998895, -0.00028184823693249]",richmond:203,23.68
487666842468457,-C6FxYTP0JyS-NEReC9DNQ,2018-01-14,motorola,moto x4,4032,3024,37.53767595589,-77.435359362661,291.03909111294,"[1.381499972205, 0.98078188204953, -0.89465438355942]","[0.721032835849, 0.0341335090275, -0.0288695757288]",richmond:135,6.22
488125292270865,Yyo2YprvMTjOcScG5Mi2mM,2021-01-23,Garmin,VIRB,3264,2448,37.549038444553,-77.440281446812,296.30745696706,"[1.3850003896301, 0.72416425775733, -1.0105463067213]","[0.70407134294493, -0.081676421436449, -0.032388966450689]",richmond:148,2.37
488778213743518,dSo8DGcRjtYEmMgsvB72L5,2024-07-14,GoPro,HERO11 Black,5568,4872,37.548423594516,-77.446582223104,136.17465572184,"[0.78405471926771, -1.8682692059013, 1.7143170194591]","[0.40122485126348, -0.11858135315861, 0.010319427380999]",richmond:183,27.17
489246078794805,jo2j9a0lafbb4mxlylp1lt,2018-08-08,Apple,iPhone6,1920,1080,37.546238470807,-77.435713036047,132.60160932488,"[0.74588009467107, -1.7017557442943, 1.7543256819666]","[1.0037267102616, 0.023010515998895, -0.00028184823693249]",richmond:203,29.57
489629735516034,lcbevtvbb9pwp9f82mstww,2018-07-31,Apple,iPhone6S,1920,1080,37.546053133866,-77.448895192631,0.3173698680398,"[1.5389160109494, -0.014771571914769, -0.0064490718391247]","[0.99082736250489, 0.0035186040625115, -0.0031254607120739]",richmond:228,29.26
490054792310125,aq2cb4xkntbib56wxwulgc,2018-09-08,Apple,iPhone,4032,3024,37.537553020145,-77.439719884788,313.47694725705,"[1.3610983914281, 0.58896410668483, -0.65795121552515]","[0.83527288785031, 0.061936923544991, -0.096207779018105]",richmond:190,0.81
490468112161118,ATAIxHx8ob0G_E_MVoYe-g,2018-01-14,motorola,moto x4,4032,3024,37.537673186679,-77.438205933535,218.43393950481,"[0.6516997559764, 1.8635231554058, -1.8125059598511]","[0.70662627429786, 0.036774029869961, -0.02851019053845]",richmond:22,5.81
491052732013755,aq2cb4xkntbib56wxwulgc,2018-09-08,Apple,iPhone,4032,3024,37.537413661838,-77.439549564512,312.81058733687,"[1.3693205071424, 0.58844099928396, -0.67973440024785]","[0.83527288785031, 0.061936923544991, -0.096207779018105]",richmond:190,21.45
491397563356296,GWdebvF1QOErCBnXNhtfVS,2024-06-29,GoPro,HERO11 Black,5568,4872,37.541374470557,-77.43471532313,308.60087573984,"[1.4802526628475, 0.73055381381113, -0.67524444914527]","[0.42735282358916, -0.10737370241525, 0.0079470567517577]",richmond:196,19.33
491677885408539,tg3gvla5ond4rnncs74dho,2018-08-11,Apple,iPhone7,1920,1080,37.53562149939,-77.429679827564,19.842447296589,"[1.604544635281, -0.26228153983913, 0.28406686760047]","[1.0228056488975, -0.0079517362802837, -0.0070883585705851]",richmond:18,27.95
491785798831887,RI6ajbSzaig6pFr7_k_pXA,2018-01-14,motorola,moto x4,4032,3024,37.53339049611,-77.432722430328,20.583982135924,"[1.6031656740171, -0.32558556287997, 0.2438644819567]","[0.7473414933533, 0.037233805694548, -0.02044753699854]",richmond:142,9.55
492033823538264,6e8jRXiFnPEAD5Ughx7CGV,2024-07-14,GoPro,HERO11 Black,5568,4872,37.544537240507,-77.440210693079,136.68961252568,"[0.70647439001774, -1.7792550258966, 1.779365478707]","[0.39440235098443, -0.0043492901775567, -0.012681820326759]",richmond:242,23.32
492447525127128,ATAIxHx8ob0G_E_MVoYe-g,2018-01-14,motorola,moto x4,4032,3024,37.544636080601,-77.442475012684,311.94198053073,"[1.4899951657384, 0.64725938868368, -0.66664696031823]","[0.72520234678363, 0.034141842157253, -0.026671136619913]",richmond:168,23.03
492538375510406,aq2cb4xkntbib56wxwulgc,2018-09-08,Apple,iPhone,4032,3024,37.53925844231,-77.431241776771,303.1759466031,"[1.2407593954472, 0.7184705251084, -0.77448538421828]","[0.84705467441372, 0.067764741178245, -0.09509002759296]",richmond:158,14.04
492564781966105,Yyo2YprvMTjOcScG5Mi2mM,2021-01-23,Garmin,VIRB,3264,2448,37.546866713759,-77.43946668786,255.84159879867,"[1.0820180296284, 1.3888729130235, -1.3888729130269]","[0.694146527347, -0.062403390616, -0.0603994499556]",richmond:6,3.09
492666856619790,4pTSeDONrRqohUYIvbK8l5,2024-06-09,GoPro,HERO11 Black,5568,4872,37.548951660198,-77.439897089745,310.85710889751,"[1.4756966465815, 0.72720695752608, -0.61580664203954]","[0.4283172732332, -0.1130849763788, 0.0083354673436015]",richmond:151,17.27
492810945396997,h8jxxy9ix8w0yewhnn5805,2018-07-31,Apple,iPhone6S,1920,1080,37.550870792656,-77.445550375835,213.93223229347,"[0.55248592978984, 1.8281709278244, -1.9243409930936]","[0.94273030134138, 0.0063721168785336, 0.00047739478758077]",richmond:74,22.83
492868885357902,7ei3xhrbj8vl21vyr5lzxv,2018-08-06,Apple,iPhone6S,1920,1080,37.535657798665,-77.42975966427,199.28110658281,"[0.2484313348861, 2.0446083151397, -1.9583180273575]","[1.0578230775592, 0.0041323145233245, 0.00071445265190373]",richmond:19,20.46
493038769850146,GWdebvF1QOErCBnXNhtfVS,2024-06-29,GoPro,HERO11 Black,5568,4872,37.539258418874,-77.431171549392,310.18559334199,"[1.421349373382, 0.65864443816961, -0.69125790263984]","[0.42735282358916, -0.10737370241525, 0.0079470567517577]",richmond:160,12.90
493436015192933,ATAIxHx8ob0G_E_MVoYe-g,2018-01-14,motorola,moto x4,4032,3024,37.537426868177,-77.438434530632,221.97235860266,"[0.75190196057016, 1.8369497023182, -1.7872829791217]","[0.70662627429786, 0.036774029869961, -0.02851019053845]",richmond:22,29.78
493756698641757,ATAIxHx8ob0G_E_MVoYe-g,2018-01-14,motorola,moto x4,4032,3024,37.535110349303,-77.437886157217,45.986401626551,"[1.4427381005438, -0.65122629517902, 0.59620851760252]","[0.72751690908005, 0.030011261356446, -0.027011850333202]",richmond:32,6.96
493854561821685,w8hy0Wlz8tJRc2uxV5JqIM,2021-01-23,Garmin,VIRB,3264,2448,37.548981086387,-77.440218633355,120.95266125484,"[0.81626510410286, -1.433587689741, 1.7048705232308]","[0.70310544623019, -0.095213924118172, -0.024453772793845]",richmond:149,6.09
494155375068407,-C6FxYTP0JyS-NEReC9DNQ,2018-01-14,motorola,moto x4,4032,3024,37.537648224529,-77.435285257991,311.35906722066,"[1.4897979249205, 0.69761696532488, -0.63332575723755]","[0.76520922470426, 0.033086764574219, -0.029271702905844]",richmond:137,11.68
494344691847404,Yyo2YprvMTjOcScG5Mi2mM,2021-01-23,Garmin,VIRB,3264,2448,37.547927934599,-77.441260847728,320.21162622577,"[1.4979430988253, 0.53763868616612, -0.54864225753499]","[0.694146527347, -0.062403390616, -0.0603994499556]",richmond:201,14.08
494452063240172,lnkxu1XHUOfT3dBtobgM0Q,2024-06-29,GoPro,HERO11 Black,5568,4872,37.544611030509,-77.440099245477,313.30966844294,"[1.5071456540672, 0.68131412968878, -0.5988876979308]","[0.31614226551806, -0.052953733458825, 0.0020357978107395]",richmond:242,11.24
495257733596391,mljMiuUB1obwPOeZxLyT5K,2025-02-03,none,none,4096,1874,37.547045476583,-77.439234538752,226.52038402478,"[0.81649107062613, 1.835750473021, -1.6826606355947]","[1.4627224262008, -0.024658745958048, -0.00014739878905652]",richmond:6,25.47
495494768399774,Yyo2YprvMTjOcScG5Mi2mM,2021-01-23,Garmin,VIRB,3264,2448,37.549034505479,-77.440284434857,296.45627102712,"[1.3886487414911, 0.72572377908695, -1.0052312173648]","[0.70407134294493, -0.081676421436449, -0.032388966450689]",richmond:148,2.75
495730795110804,aq2cb4xkntbib56wxwulgc,2018-09-08,Apple,iPhone,4032,3024,37.539139520836,-77.431035026591,302.59298991525,"[1.2364142927342, 0.69925787206571, -0.8120144639648]","[0.84348811801801, 0.058228537920456, -0.096559923129151]",richmond:158,26.77
495942976532615,MDYAX2KfQVCzbimEOl8WIk,2025-02-03,none,none,4096,1874,37.541870575228,-77.440184399854,143.26469990826,"[0.81837547361443, -2.132266498747, 1.6456487818272]","[0.63195880414637, -0.0015131863596812, 0.00033254121949706]",richmond:222,3.62
495968981529844,ATAIxHx8ob0G_E_MVoYe-g,2018-01-14,motorola,moto x4,4032,3024,37.540531975416,-77.440010139136,312.18225938518,"[1.5081780466612, 0.63536848693826, -0.67452431837757]","[0.72857201731379, 0.035253984274993, -0.026342441150742]",richmond:145,4.76
496014231835922,hMfZ50zbiU94YK04ZPbAwr,2021-01-23,Garmin,VIRB,3264,2448,37.548984143309,-77.44022837319,38.116020097857,"[1.3896359664963, -0.43393027826041, 0.59543744188753]","[0.73255594613238, -0.069974959622302, -0.055812110428014]",richmond:149,6.91
496296311587433,Yyo2YprvMTjOcScG5Mi2mM,2021-01-23,Garmin,VIRB,3264,2448,37.548208341768,-77.44388336382,125.38199318721,"[0.85082337209641, -1.6478047003217, 1.6478047121271]","[0.694146527347, -0.062403390616, -0.0603994499556]",richmond:108,11.78
496608491447932,w8hy0Wlz8tJRc2uxV5JqIM,2021-01-23,Garmin,VIRB,3264,2448,37.549166701797,-77.445638903098,127.63055115347,"[0.82334726317903, -1.6743590013238, 1.6743595530159]","[0.694146527347, -0.062403390616, -0.0603994499556]",richmond:154,12.70
496676031657985,w8hy0Wlz8tJRc2uxV5JqIM,2021-01-23,Garmin,VIRB,3264,2448,37.5489752322,-77.440222402206,121.33593044538,"[0.80786585327152, -1.434279626588, 1.7104049817486]","[0.70310544623019, -0.095213924118172, -0.024453772793845]",richmond:149,6.54
497522431601099,aq2cb4xkntbib56wxwulgc,2018-09-08,Apple,iPhone,4032,3024,37.539190814724,-77.431124700238,303.082250604,"[1.2264609668661, 0.70263604330355, -0.78975936731053]","[0.84705467441372, 0.067764741178245, -0.09509002759296]",richmond:158,19.14
497726518147086,Yyo2YprvMTjOcScG5Mi2mM,2021-01-23,Garmin,VIRB,3264,2448,37.549727815893,-77.446538795214,172.3338284747,"[0.14419411941323, -2.1521525770141, 2.1521525770141]","[0.694146527347, -0.062403390616, -0.0603994499556]",richmond:186,10.79
498208082935208,5EkNdnV0SDH6yzW4FKtqw7,2025-02-03,none,none,4096,1874,37.538811934905,-77.441453032058,237.18228265014,"[0.89319907630598, 1.7784079434899, -1.4628310080691]","[0.96436402353645, -0.013520894847123, -0.0020871129953137]",richmond:25,10.71
499119232453345,6DXipIoGb3vYkWg0tm1lhE,2024-06-09,GoPro,HERO11 Black,5568,4872,37.548918768166,-77.439879069093,133.99134930915,"[0.75367507821005, -1.8000085076257, 1.7029196627439]","[0.31686562446907, -0.076161913317361, 0.0045627053081717]",richmond:151,21.16
499631668133339,aq2cb4xkntbib56wxwulgc,2018-09-08,Apple,iPhone,4032,3024,37.542243517171,-77.436820762494,216.13088212509,"[0.57232541814588, 1.7496164830741, -1.9445645127053]","[0.84705467441372, 0.067764741178245, -0.09509002759296]",richmond:133,16.24
499920207944827,w8hy0Wlz8tJRc2uxV5JqIM,2021-01-23,Garmin,VIRB,3264,2448,37.548975248078,-77.440222424179,121.32064594777,"[0.80806665332201, -1.4340283129074, 1.7103173715507]","[0.70310544623019, -0.095213924118172, -0.024453772793845]",richmond:149,6.55
500564164517687,tg3gvla5ond4rnncs74dho,2018-08-11,Apple,iPhone7,1920,1080,37.535478142019,-77.429723965614,16.913486778132,"[1.6117600473108, -0.21755287715511, 0.24806050467849]","[1.0228056488975, -0.0079517362802837, -0.0070883585705851]",richmond:18,27.88
500881054584371,w8hy0Wlz8tJRc2uxV5JqIM,2021-01-23,Garmin,VIRB,3264,2448,37.547933494156,-77.44119420661,21.029143534829,"[1.5519796917813, -0.28628813223269, 0.28968626289158]","[0.70777879597118, -0.062713138518394, -0.05937250519301]",richmond:201,8.49
502372347750444,Yyo2YprvMTjOcScG5Mi2mM,2021-01-23,Garmin,VIRB,3264,2448,37.549839607774,-77.441477592236,207.17396361844,"[0.60407404156401, 1.9250089803156, -2.0778701476055]","[0.71622227178411, -0.062410529838457, -0.058872472497488]",richmond:85,24.23
502962360751261,ATAIxHx8ob0G_E_MVoYe-g,2018-01-14,motorola,moto x4,4032,3024,37.541704072411,-77.440092852237,40.463385641921,"[1.4945982661627, -0.54135293588606, 0.56311108566954]","[0.71467290666609, 0.035559707884072, -0.026153791541817]",richmond:221,12.24
503631747638523,w8hy0Wlz8tJRc2uxV5JqIM,2021-01-23,Garmin,VIRB,3264,2448,37.54897422758,-77.440223072238,121.37065832695,"[0.80721080248397, -1.4344589553956, 1.7108595256091]","[0.70310544623019, -0.095213924118172, -0.024453772793845]",richmond:149,6.63
503842794164636,w8hy0Wlz8tJRc2uxV5JqIM,2021-01-23,Garmin,VIRB,3264,2448,37.548978596884,-77.440220255352,121.17280712628,"[0.81327334414229, -1.43595919828, 1.7073200336429]","[0.70310544623019, -0.095213924118172, -0.024453772793845]",richmond:149,6.28
504478307273687,w8hy0Wlz8tJRc2uxV5JqIM,2021-01-23,Garmin,VIRB,3264,2448,37.548975242104,-77.440222411572,121.32758413034,"[0.80802541075246, -1.4341834082491, 1.7103500958004]","[0.70310544623019, -0.095213924118172, -0.024453772793845]",richmond:149,6.54
504700785972469,eiyGpjVTl8kWrZgBv3zISE,2025-01-01,Apple,iPhone 11,4032,3024,37.549663050025,-77.446708108627,47.234228466202,"[1.3749392212019, -0.59722458432841, 0.672704089402]","[0.87097979127079, 0.011012468941935, 0.0013229605919906]",richmond:188,3.79
505254460600486,jo2j9a0lafbb4mxlylp1lt,2018-08-08,Apple,iPhone6,1920,1080,37.548004720248,-77.435323457463,243.11889180267,"[0.9420481616214, 1.4926538678427, -1.5955275044728]","[1.0037267102616, 0.023010515998895, -0.00028184823693249]",richmond:23,29.43
505345517484388,RI6ajbSzaig6pFr7_k_pXA,2018-01-14,motorola,moto x4,4032,3024,37.535605887608,-77.43178029539,44.705922892146,"[1.4385622308307, -0.60520429998809, 0.60643104789975]","[0.7473414933533, 0.037233805694548, -0.02044753699854]",richmond:47,1.89
506289307231897,m8qzbtvzktp4j269bqrz9q,2018-07-31,Apple,iPhone6S,1920,1080,37.549711402228,-77.446673089169,216.13499054131,"[0.61173174347107, 1.8337758116752, -1.8892416467766]","[0.89488391433421, 0.011814041565834, -0.0048548537264834]",richmond:188,2.55
506393203883018,aq2cb4xkntbib56wxwulgc,2018-09-08,Apple,iPhone,4032,3024,37.539648543692,-77.43187658892,306.84272781274,"[1.2803156874684, 0.67433296703508, -0.73130869208562]","[0.84705467441372, 0.067764741178245, -0.09509002759296]",richmond:236,22.52
506478052478453,r9cIPl6b7UnC42EYWs5zGX,2025-02-03,none,none,4096,1874,37.5385222,-77.4417,174.48429652513,"[0.10462974858733, -2.1720575134945, 2.1720575134945]","[0.58, 0, 0]",richmond:24,13.63
508109960328163,ATAIxHx8ob0G_E_MVoYe-g,2018-01-14,motorola,moto x4,4032,3024,37.539443524093,-77.438248812322,312.85254932111,"[1.4436347528471, 0.59374688641639, -0.68805300288145]","[0.72769479818988, 0.03472032918424, -0.028396080599113]",richmond:252,27.73
509200910328550,w8hy0Wlz8tJRc2uxV5JqIM,2021-01-23,Garmin,VIRB,3264,2448,37.547933501991,-77.441194235554,21.013582005271,"[1.5514491184018, -0.28703295635687, 0.28847236603567]","[0.70777879597118, -0.062713138518394, -0.05937250519301]",richmond:201,8.49
509279963427650,mam7ks3645hh92h9cni078,2018-08-03,Apple,iPhone5,1920,1080,37.535924519392,-77.429679045334,194.81212517906,"[0.23998512648135, 2.1379300641776, -2.0048991602949]","[1.1539066212445, 0.0048340330207346, 0.00029367076059309]",richmond:19,28.86
509680102165535,KHsFQ3Jf0bxvzCV7tmML8a,2025-02-03,none,none,4096,1874,37.537598722448,-77.442556147632,243.0694996608,"[0.9684165514373, 1.6144482049552, -1.487622876377]","[0.58862408633568, 0.00087131642517179, 0.00035096527756947]",richmond:99,19.62
510282742079891,qVTQFIHbvh1wrWuZ7mAKoR,2025-02-03,none,none,4096,1874,37.545934068901,-77.440268166342,231.17057228389,"[0.91637315707689, 1.9839660473434, -1.4295207225893]","[0.6419152979586, -0.0011154273035746, 0.00075922181018828]",richmond:38,7.45
510923676771873,5rjl3l4r156llm82k1afrv,2018-08-07,Apple,iPhone7,1920,1080,37.550163866797,-77.436565907193,130.16991032033,"[0.92812182581063, -1.7519565509791, 1.7215707597792]","[1.1140124588445, -0.021450933258753, -0.0097881899033667]",richmond:169,25.66
510970788013383,6e8jRXiFnPEAD5Ughx7CGV,2024-07-14,GoPro,HERO11 Black,5568,4872,37.539781513,-77.43229516577,132.68613704435,"[0.8206258272351, -1.8318502460324, 1.664868703955]","[0.51794130585331, -0.17113893631427, 0.020443199561747]",richmond:237,5.99
511258449910418,ATAIxHx8ob0G_E_MVoYe-g,2018-01-14,motorola,moto x4,4032,3024,37.539580765161,-77.436465370005,171.29085677516,"[0.073539259448819, -2.1460856549222, 2.0633870309342]","[0.73213591925067, 0.036936395307895, -0.027530553870482]",richmond:198,8.80
512596873242847,m8qzbtvzktp4j269bqrz9q,2018-07-31,Apple,iPhone6S,1920,1080,37.549783705075,-77.446604354958,215.91711147772,"[0.60867119846023, 1.8373536241967, -1.8905367207869]","[0.89488391433421, 0.011814041565834, -0.0048548537264834]",richmond:188,12.48
513781553283392,w8hy0Wlz8tJRc2uxV5JqIM,2021-01-23,Garmin,VIRB,3264,2448,37.54966947051,-77.446569437278,104.46923744572,"[1.5486666935939, -1.3204928652554, 1.5609659041137]","[0.694146527347, -0.062403390616, -0.0603994499556]",richmond:186,4.66
514127663057525,aq2cb4xkntbib56wxwulgc,2018-09-08,Apple,iPhone,4032,3024,37.541801109628,-77.437245105038,214.75415992323,"[0.51628209385725, 1.7781993178926, -1.9197979081199]","[1.2272975736592, 0.050955787590338, -0.09920689213265]",richmond:10,22.37
514401336592814,lcbevtvbb9pwp9f82mstww,2018-07-31,Apple,iPhone6S,1920,1080,37.549588700834,-77.446605693766,34.86718796711,"[1.4943354210109, -0.47219247061982, 0.47783979808182]","[1.1534280346573, 0.00089101659510542, -4.1083323736882e-05]",richmond:186,7.42
514565989696257,Yyo2YprvMTjOcScG5Mi2mM,2021-01-23,Garmin,VIRB,3264,2448,37.549038446016,-77.440281427078,296.30598855255,"[1.3850272617136, 0.72421916775146, -1.0105338320252]","[0.70407134294493, -0.081676421436449, -0.032388966450689]",richmond:148,2.37
514914892852794,ATAIxHx8ob0G_E_MVoYe-g,2018-01-14,motorola,moto x4,4032,3024,37.539148955257,-77.437830934128,312.21484413439,"[1.4365546223664, 0.63158733679951, -0.66529019721368]","[0.7187390875934, 0.030479116829806, -0.027907214864533]",richmond:251,21.99
515194603185406,m8qzbtvzktp4j269bqrz9q,2018-07-31,Apple,iPhone6S,1920,1080,37.550368970128,-77.446049490491,215.5497428809,"[0.59476965226897, 1.8275354840698, -1.9027088684183]","[0.89488391433421, 0.011814041565834, -0.0048548537264834]",richmond:75,25.64
515345049505618,aq2cb4xkntbib56wxwulgc,2018-09-08,Apple,iPhone,4032,3024,37.537859918669,-77.440116286708,310.44888873734,"[1.2963697840856, 0.62955371335573, -0.68191420988523]","[0.83527288785031, 0.061936923544991, -0.096207779018105]",richmond:191,23.88
516006799767166,m8qzbtvzktp4j269bqrz9q,2018-07-31,Apple,iPhone6S,1920,1080,37.549517151705,-77.446856398287,215.91426900955,"[0.61763770032386, 1.848692860938, -1.8850471589445]","[0.89488391433421, 0.011814041565834, -0.0048548537264834]",richmond:188,24.65
517103139316780,m8qzbtvzktp4j269bqrz9q,2018-07-31,Apple,iPhone6S,1920,1080,37.549594905959,-77.446784304238,216.28808015649,"[0.62027104293179, 1.8422415162572, -1.8814627981527]","[0.89488391433421, 0.011814041565834, -0.0048548537264834]",richmond:188,13.93
518287313987054,6e8jRXiFnPEAD5Ughx7CGV,2024-07-14,GoPro,HERO11 Black,5568,4872,37.54248422577,-77.436817955862,133.81960296194,"[0.79214769548241, -1.7964151728999, 1.7216811753719]","[0.42004717973406, -0.10377080581512, 0.0073001403287353]",richmond:133,12.83
518442282496950,aq2cb4xkntbib56wxwulgc,2018-09-08,Apple,iPhone,4032,3024,37.542459672268,-77.436607067246,242.97524951314,"[0.86618865792814, 1.4720036733327, -1.578130070286]","[0.84705467441372, 0.067764741178245, -0.09509002759296]",richmond:133,15.85
518800239456018,vfI6js5LLakpOE2bpTScfg,2021-01-22,Garmin,VIRB,3264,2448,37.535494440545,-77.429908341556,201.92400600788,"[0.38969333591092, 2.0119232757473, -2.0119229870357]","[0.694146527347, -0.062403390616, -0.0603994499556]",richmond:18,14.59
519235042432382,aq2cb4xkntbib56wxwulgc,2018-09-08,Apple,iPhone,4032,3024,37.537886756548,-77.438118229952,155.1456630452,"[0.42132001252016, -1.8747943365679, 2.07396218822]","[0.83527288785031, 0.061936923544991, -0.096207779018105]",richmond:21,19.41
519379565870501,w8hy0Wlz8tJRc2uxV5JqIM,2021-01-23,Garmin,VIRB,3264,2448,37.550155557944,-77.441847243151,307.48020599616,"[1.4498121746197, 0.7152796063158, -0.71527960631581]","[0.694146527347, -0.062403390616, -0.0603994499556]",richmond:84,14.14
519833419042280,aq2cb4xkntbib56wxwulgc,2018-09-08,Apple,iPhone,4032,3024,37.542454875073,-77.436613112772,237.67494255185,"[0.81983859743965, 1.5387780367212, -1.6453633331809]","[0.84705467441372, 0.067764741178245, -0.09509002759296]",richmond:133,15.11
519880992504793,ATAIxHx8ob0G_E_MVoYe-g,2018-01-14,motorola,moto x4,4032,3024,37.534944649894,-77.438057617926,41.51601516151,"[1.4421111591689, -0.55994577974357, 0.56442561948423]","[0.72751690908005, 0.030011261356446, -0.027011850333202]",richmond:128,21.01
520275202336619,RI6ajbSzaig6pFr7_k_pXA,2018-01-14,motorola,moto x4,4032,3024,37.535667878668,-77.431722994738,45.75333593591,"[1.4369999450612, -0.61835902687449, 0.62194981412777]","[0.7473414933533, 0.037233805694548, -0.02044753699854]",richmond:47,8.46
521314145679243,Yyo2YprvMTjOcScG5Mi2mM,2021-01-23,Garmin,VIRB,3264,2448,37.5490384548,-77.440281447398,296.30783588028,"[1.3850358358592, 0.72414603170499, -1.0105622233703]","[0.70407134294493, -0.081676421436449, -0.032388966450689]",richmond:148,2.37
521342772224903,jo2j9a0lafbb4mxlylp1lt,2018-08-08,Apple,iPhone6,1920,1080,37.543660081567,-77.431399304213,130.84150918966,"[0.76204580086503, -1.7102417672148, 1.7016644143359]","[1.0033563119864, 0.0077174251835807, 0.0012807222370526]",richmond:34,23.26
522943398728320,ATAIxHx8ob0G_E_MVoYe-g,2018-01-14,motorola,moto x4,4032,3024,37.535423532427,-77.437561740614,41.641162058933,"[1.471701943811, -0.58196356271557, 0.55099986924444]","[0.72751690908005, 0.030011261356446, -0.027011850333202]",richmond:33,16.26
523659162409609,1iW7QCm0tv4xYC46Ho8uwF,2021-01-22,Garmin,VIRB,3264,2448,37.535844443484,-77.429641667095,17.157938068348,"[1.5579871328607, -0.23503848685369, 0.23503847370298]","[0.694146527347, -0.062403390616, -0.0603994499556]",richmond:19,27.78
524988298658094,m8qzbtvzktp4j269bqrz9q,2018-07-31,Apple,iPhone6S,1920,1080,37.549617561702,-77.446763104964,216.28394885713,"[0.6192759680081, 1.8397578368908, -1.8834467997844]","[0.89488391433421, 0.011814041565834, -0.0048548537264834]",richmond:188,10.80
525094965168386,5rjl3l4r156llm82k1afrv,2018-08-07,Apple,iPhone7,1920,1080,37.550149480181,-77.436533860404,130.227879406,"[0.92744326653721, -1.7500842370281, 1.7250502091532]","[1.1140124588445, -0.021450933258753, -0.0097881899033667]",richmond:169,23.26
525622091946850,-C6FxYTP0JyS-NEReC9DNQ,2018-01-14,motorola,moto x4,4032,3024,37.536138924805,-77.436981917573,219.39261350005,"[0.6325406734626, 1.8287355295504, -1.8059037590041]","[0.7772121959424, 0.035674918404861, -0.027707520045243]",richmond:134,12.56
525662995126293,hMfZ50zbiU94YK04ZPbAwr,2021-01-23,Garmin,VIRB,3264,2448,37.547780062602,-77.441305018455,44.047374916082,"[1.3521652854578, -0.53171221361615, 0.64840361299743]","[0.72756885963756, -0.06987080674513, -0.0629948717421]",richmond:201,22.90
525745223187456,6e8jRXiFnPEAD5Ughx7CGV,2024-07-14,GoPro,HERO11 Black,5568,4872,37.541421271153,-77.434987613463,135.55531107465,"[0.77365573091938, -1.8593830835303, 1.6997595757613]","[0.42004717973406, -0.10377080581512, 0.0073001403287353]",richmond:197,27.64
526052985094695,w8hy0Wlz8tJRc2uxV5JqIM,2021-01-23,Garmin,VIRB,3264,2448,37.547519456143,-77.442855511321,130.45141517999,"[0.78887952696218, -1.7077636124648, 1.7075096048098]","[0.694146527347, -0.062403390616, -0.0603994499556]",richmond:235,5.93
526803438728952,ATAIxHx8ob0G_E_MVoYe-g,2018-01-14,motorola,moto x4,4032,3024,37.535835861129,-77.437172174145,41.455629733674,"[1.4940524455499, -0.58424969097301, 0.54756410646611]","[0.72751690908005, 0.030011261356446, -0.027011850333202]",richmond:134,25.20
528604798335433,Yyo2YprvMTjOcScG5Mi2mM,2021-01-23,Garmin,VIRB,3264,2448,37.546980573032,-77.439238821069,219.8268143699,"[0.65885569737814, 1.8187389306149, -1.8187389303563]","[0.694146527347, -0.062403390616, -0.0603994499556]",richmond:6,20.79
531334204917563,SoP4HxZEBcZoevJCb7r76D,2021-01-23,Garmin,VIRB,3264,2448,37.533640034523,-77.431198701366,226.86435961288,"[0.7165210711748, 1.547980679094, -1.9039080869514]","[0.77542284207461, -0.063202954866467, -0.062835258428093]",richmond:15,6.09
531684438179913,w8hy0Wlz8tJRc2uxV5JqIM,2021-01-23,Garmin,VIRB,3264,2448,37.548978571255,-77.440220226979,121.16715073563,"[0.81332256272778, -1.4358739401177, 1.7072628147287]","[0.70310544623019, -0.095213924118172, -0.024453772793845]",richmond:149,6.28
532090671543391,JqMUFyOYHjKOGT10PqWGLJ,2021-01-22,Garmin,VIRB,3264,2448,37.535716657869,-77.429838879563,203.82114051923,"[0.42024429327312, 1.9923290793064, -1.9922460785497]","[0.694146527347, -0.062403390616, -0.0603994499556]",richmond:19,10.95
532146831289058,RI6ajbSzaig6pFr7_k_pXA,2018-01-14,motorola,moto x4,4032,3024,37.534560776932,-77.432407719163,24.583842237463,"[1.5527834214409, -0.33681229737636, 0.33698427426015]","[0.7473414933533, 0.037233805694548, -0.02044753699854]",richmond:52,8.04
532552524570795,ATAIxHx8ob0G_E_MVoYe-g,2018-01-14,motorola,moto x4,4032,3024,37.544694035971,-77.442570152385,311.94004454326,"[1.490215776852, 0.64955265932768, -0.66446132563126]","[0.72520234678363, 0.034141842157253, -0.026671136619913]",richmond:168,13.37
532765224746294,w8hy0Wlz8tJRc2uxV5JqIM,2021-01-23,Garmin,VIRB,3264,2448,37.547730681205,-77.441230586781,30.159259344653,"[1.5311452488427, -0.41253615262034, 0.41256353727676]","[0.694146527347, -0.062403390616, -0.0603994499556]",richmond:201,22.84
533022494773313,ATAIxHx8ob0G_E_MVoYe-g,2018-01-14,motorola,moto x4,4032,3024,37.539222594015,-77.437885390443,311.87432540599,"[1.4474493684726, 0.60668212495821, -0.70277220526689]","[0.72769479818988, 0.03472032918424, -0.028396080599113]",richmond:252,15.71
533326739359946,dSo8DGcRjtYEmMgsvB72L5,2024-07-14,GoPro,HERO11 Black,5568,4872,37.546528479724,-77.443558771749,137.50661844776,"[0.71716454459474, -1.8849663159589, 1.7032886188983]","[0.40122485126348, -0.11858135315861, 0.010319427380999]",richmond:231,16.89
534028659033255,No2AeOb4sxtDaLEZrnV3lC,2025-02-03,none,none,4096,1874,37.540244065896,-77.440015027706,237.40839559672,"[0.8167049749908, 1.7102846258143, -1.4863258133817]","[0.60998717242782, -0.0023037743949254, -0.0021017061431342]",richmond:146,17.57
536149964052673,ek1x6s0ezix1so1cqrndmy,2018-08-19,Apple,iPhoneX,1920,1080,37.535511145337,-77.429717686352,5.4248341717848,"[1.5854984374569, -0.10248534448063, 0.047021182455328]","[0.7987701569412, -0.0046686949540444, -0.0034205373749227]",richmond:18,26.71
537305115425176,p7VOkMZeLKjPatCA1NvdxS,2025-02-03,none,none,4096,1874,37.539350189554,-77.440901152098,233.56463955399,"[0.83189195242372, 1.8607172864481, -1.4581982598253]","[0.82210196390535, -0.0037566693348081, 1.3207993439e-07]",richmond:95,18.74
537927514033260,w8hy0Wlz8tJRc2uxV5JqIM,2021-01-23,Garmin,VIRB,3264,2448,37.550036124262,-77.441649978092,307.22934084285,"[1.448643065627, 0.71865039935272, -0.71865039935272]","[0.694146527347, -0.062403390616, -0.0603994499556]",richmond:85,7.16
538106882613336,mljMiuUB1obwPOeZxLyT5K,2025-02-03,none,none,4096,1874,37.546202726126,-77.440026054295,226.67101354506,"[0.8292332334864, 1.8442739293067, -1.6751590233934]","[1.4627224262008, -0.024658745958048, -0.00014739878905652]",richmond:40,24.90
542840144530130,EsPJ7herbXIlGnm69cjqCW,2023-06-09,Apple,iPhone 13,4032,3024,37.537714466494,-77.439835176309,94.478004111069,"[1.1273460049585, -1.2310919376607, 1.2844302775754]","[0.404523526926, -0.00048672221672097, -0.00028403876791042]",richmond:195,4.10
542857857089759,Yyo2YprvMTjOcScG5Mi2mM,2021-01-23,Garmin,VIRB,3264,2448,37.549038441768,-77.440281446358,296.30678829378,"[1.384948537181, 0.72426994272737, -1.0104395846638]","[0.70407134294493, -0.081676421436449, -0.032388966450689]",richmond:148,2.37
547382379577718,7GmqmSLHgfZcUsy0rGafaU,2021-01-22,Garmin,VIRB,3264,2448,37.535533338814,-77.429738903233,10.509452004049,"[1.5659409412191, -0.14398066245213, 0.14406697684429]","[0.694146527347, -0.062403390616, -0.0603994499556]",richmond:18,24.06
547618691654178,mljMiuUB1obwPOeZxLyT5K,2025-02-03,none,none,4096,1874,37.546866263154,-77.439401088854,226.21792871821,"[0.788511137493, 1.8300719742219, -1.6840437857105]","[1.4627224262008, -0.024658745958048, -0.00014739878905652]",richmond:6,4.30
547950462897013,jo2j9a0lafbb4mxlylp1lt,2018-08-08,Apple,iPhone6,1920,1080,37.543523648226,-77.431186434644,129.78688775251,"[0.77064195806607, -1.7069850391392, 1.6778388922718]","[1.0033563119864, 0.0077174251835807, 0.0012807222370526]",richmond:35,21.87
548845268178360,mljMiuUB1obwPOeZxLyT5K,2025-02-03,none,none,4096,1874,37.546824111922,-77.439440337623,226.24788097164,"[0.79233240555328, 1.8420586769097, -1.6726625989375]","[1.4627224262008, -0.024658745958048, -0.00014739878905652]",richmond:6,6.98
549454501461897,62a5gnQzJiIu7FflGk80eM,2025-02-03,none,none,4096,1874,37.5376167,-77.4424556,58.048531561852,"[1.422703093362, -0.78940506279611, 0.78940506279611]","[0.58, 0, 0]",richmond:99,13.50
551524915886779,w8hy0Wlz8tJRc2uxV5JqIM,2021-01-23,Garmin,VIRB,3264,2448,37.55050001172,-77.445983321738,215.59141008195,"[0.59894037815173, 1.8659280746243, -1.865937006819]","[0.694146527347, -0.062403390616, -0.0603994499556]",richmond:75,13.09
552545184612554,mljMiuUB1obwPOeZxLyT5K,2025-02-03,none,none,4096,1874,37.5498306,-77.4366639,226.33558145462,"[0.7465898020867, 1.7446325016026, -1.7446325016026]","[0.58, 0, 0]",richmond:170,1.70
552604772420260,w8hy0Wlz8tJRc2uxV5JqIM,2021-01-23,Garmin,VIRB,3264,2448,37.535699998059,-77.42966388589,14.791997232409,"[1.561278485688, -0.20266379692222, 0.20266379937144]","[0.694146527347, -0.062403390616, -0.0603994499556]",richmond:19,25.82
5530200120355246,ATAIxHx8ob0G_E_MVoYe-g,2018-01-14,motorola,moto x4,4032,3024,37.537745696076,-77.438150344614,208.58118062378,"[0.49373104858097, 1.974739692319, -1.9085826779361]","[0.70662627429786, 0.036774029869961, -0.02851019053845]",richmond:21,6.23
553537929356370,w8hy0Wlz8tJRc2uxV5JqIM,2021-01-23,Garmin,VIRB,3264,2448,37.549505555144,-77.446211156618,111.92363279788,"[1.0207862940544, -1.4925284293507, 1.4858246133767]","[0.694146527347, -0.062403390616, -0.0603994499556]",richmond:184,22.16
553978668919249,ATAIxHx8ob0G_E_MVoYe-g,2018-01-14,motorola,moto x4,4032,3024,37.536716759948,-77.436342242058,40.810438990438,"[1.5410532020571, -0.57712066037248, 0.54404300461595]","[0.75476197523472, 0.036528351596799, -0.025479480207584]",richmond:103,28.20
556483017259001,YWwk2ulpE791bDAe0LnjCF,2024-12-31,Apple,iPhone 11,4032,3024,37.549570633752,-77.446827466509,223.06418420807,"[0.67314350168368, 1.6567241418063, -1.8866384656584]","[0.72748417162685, -0.0058412445937661, -0.0077927331878829]",richmond:188,18.50
559849678317840,ATAIxHx8ob0G_E_MVoYe-g,2018-01-14,motorola,moto x4,4032,3024,37.540620789786,-77.440151578109,312.72042768847,"[1.5209939778447, 0.62753308935396, -0.66916240586675]","[0.72857201731379, 0.035253984274993, -0.026342441150742]",richmond:145,20.66
562864058026328,RYRGV-ZWSOKWRdCw07o3wA,2018-09-09,Apple,iPhone,4032,3024,37.538542989107,-77.44141470378,305.04575845999,"[1.2380888920279, 0.68959475381177, -0.75131266635505]","[0.87200143110579, 0.054058629173679, -0.097685641560942]",richmond:26,14.05
563295056671521,fCLD0eXEIQtTqbx3pYJynk,2025-02-03,none,none,4096,1874,37.537725,-77.4424361,244.97122026446,"[0.96988477474051, 1.52325823969, -1.52325823969]","[0.58, 0, 0]",richmond:99,2.29
563978535008138,w8hy0Wlz8tJRc2uxV5JqIM,2021-01-23,Garmin,VIRB,3264,2448,37.549930538642,-77.441441695912,308.68083543001,"[1.4553276148525, 0.69913790594551, -0.69913790594551]","[0.694146527347, -0.062403390616, -0.0603994499556]",richmond:85,16.99
565523682960669,eiyGpjVTl8kWrZgBv3zISE,2025-01-01,Apple,iPhone 11,4032,3024,37.549741654744,-77.446633828444,47.397315993762,"[1.360488725849, -0.60611480011314, 0.66408462851128]","[0.87097979127079, 0.011012468941935, 0.0013229605919906]",richmond:188,7.15
567463884237962,ATAIxHx8ob0G_E_MVoYe-g,2018-01-14,motorola,moto x4,4032,3024,37.535292627322,-77.437687115501,42.336179243436,"[1.4495288279074, -0.58622650920315, 0.56175582841158]","[0.72751690908005, 0.030011261356446, -0.027011850333202]",richmond:33,3.09
568586114105536,SoP4HxZEBcZoevJCb7r76D,2021-01-23,Garmin,VIRB,3264,2448,37.533738236587,-77.431115962307,225.30909348947,"[0.67229754664929, 1.5502549945105, -1.9185808054439]","[0.77542284207461, -0.063202954866467, -0.062835258428093]",richmond:17,4.55
568930472815993,mljMiuUB1obwPOeZxLyT5K,2025-02-03,none,none,4096,1874,37.545942091514,-77.440275742502,228.36801819546,"[0.85774519930945, 1.8421400084959, -1.6394672993134]","[1.4627224262008, -0.024658745958048, -0.00014739878905652]",richmond:38,6.49
571690315867898,xVvkMDqlOaYeUTwIX2f40c,2025-02-03,none,none,4096,1874,37.541667864115,-77.439871598309,142.27821526464,"[0.67879632765175, -1.948634380514, 1.7618632115497]","[0.86140466348728, -0.0060575537919208, -0.00086870246209996]",richmond:221,19.04
573853116918502,Yyo2YprvMTjOcScG5Mi2mM,2021-01-23,Garmin,VIRB,3264,2448,37.549072210388,-77.445311110922,126.64562131933,"[0.83544913131296, -1.6627422969648, 1.6627559707433]","[0.694146527347, -0.062403390616, -0.0603994499556]",richmond:153,9.28
574019055506714,eiyGpjVTl8kWrZgBv3zISE,2025-01-01,Apple,iPhone 11,4032,3024,37.550423435012,-77.445991337795,47.021771833269,"[1.3982125861938, -0.62131440848432, 0.6461632183171]","[0.86765144169845, 0.0035481341479619, 0.00011096989215217]",richmond:75,17.77
577513659891696,ATAIxHx8ob0G_E_MVoYe-g,2018-01-14,motorola,moto x4,4032,3024,37.53939102441,-77.438164618525,312.58216018518,"[1.4404726961775, 0.60654504730648, -0.68172023058935]","[0.72769479818988, 0.03472032918424, -0.028396080599113]",richmond:252,18.86
578230651699892,r9cIPl6b7UnC42EYWs5zGX,2025-02-03,none,none,4096,1874,37.53847867852,-77.441808236053,239.34509975885,"[0.96076118211842, 1.9398200673782, -1.2663854766692]","[0.5830217595286, -0.0004355785715294, 0.00035324898678271]",richmond:24,20.35
581003024936836,KHsFQ3Jf0bxvzCV7tmML8a,2025-02-03,none,none,4096,1874,37.537631220086,-77.442526446908,243.32261221012,"[0.96058751529673, 1.6072451525526, -1.4839207927043]","[0.58862408633568, 0.00087131642517179, 0.00035096527756947]",richmond:99,15.17
582000361332461,ZViT8LR5yaJnOk0QhCbm3I,2025-02-03,none,none,4096,1874,37.541930268851,-77.440306663603,141.76289401046,"[0.70307384303011, -1.996218809725, 1.7078513768688]","[0.98597005603244, -0.013481134618189, -0.001292382559396]",richmond:222,15.07
582513409381894,w8hy0Wlz8tJRc2uxV5JqIM,2021-01-23,Garmin,VIRB,3264,2448,37.546905212832,-77.439585698907,13.594360720194,"[1.5157458027596, -0.22893758129617, 0.13913369974516]","[0.71939332555797, -0.062523220141035, -0.060516163611398]",richmond:7,12.73
582692262715409,Yyo2YprvMTjOcScG5Mi2mM,2021-01-23,Garmin,VIRB,3264,2448,37.547513883719,-77.44273893315,127.58395250156,"[0.82390600953487, -1.673806357397, 1.6738063573971]","[0.694146527347, -0.062403390616, -0.0603994499556]",richmond:235,15.77
582729877307383,EsPJ7herbXIlGnm69cjqCW,2023-06-09,Apple,iPhone 13,4032,3024,37.537743335602,-77.439760441713,47.53688548506,"[1.5363939114354, -0.67669618907768, 0.63092093494715]","[0.404523526926, -0.00048672221672097, -0.00028403876791042]",richmond:195,5.38
583357798185288,ga68cVxh5C7LPBl1foIYJ9,2025-02-03,none,none,4096,1874,37.549873787956,-77.436722546217,143.40275435873,"[0.63719630731776, -1.8609609496009, 1.863489641417]","[0.70762509404924, -0.0024195080407749, -0.00056274082813267]",richmond:170,5.42
583443069209962,aq2cb4xkntbib56wxwulgc,2018-09-08,Apple,iPhone,4032,3024,37.539382625907,-77.431453493625,303.45416967029,"[1.2692701767638, 0.70854103609621, -0.78811025251474]","[0.84705467441372, 0.067764741178245, -0.09509002759296]",richmond:159,18.64
584015242584085,ATAIxHx8ob0G_E_MVoYe-g,2018-01-14,motorola,moto x4,4032,3024,37.535229327219,-77.437753456158,44.505852799884,"[1.4292725347967, -0.62306213574297, 0.58043974862794]","[0.72751690908005, 0.030011261356446, -0.027011850333202]",richmond:127,10.74
586305262331073,lcbevtvbb9pwp9f82mstww,2018-07-31,Apple,iPhone6S,1920,1080,37.54951425107,-77.446671946133,34.281818590324,"[1.4933532840454, -0.4617826234609, 0.47205566570964]","[1.1534280346573, 0.00089101659510542, -4.1083323736882e-05]",richmond:186,16.31
588097662155324,QrHG0PDzYWh6MC3tkGYyLa,2021-01-16,Garmin,VIRB,3264,2448,37.535605552597,-77.429686107121,12.031972583034,"[1.5645004855542, -0.16487697885143, 0.16487697885143]","[0.694146527347, -0.062403390616, -0.0603994499556]",richmond:18,27.34
588265717352858,qVTQFIHbvh1wrWuZ7mAKoR,2025-02-03,none,none,4096,1874,37.545812550056,-77.440481604786,236.11392118382,"[0.98125790767223, 1.9074950435411, -1.3929635744255]","[0.75564172821788, -0.0043657940442521, 0.00079827703175924]",richmond:38,20.57
589504982444020,hMfZ50zbiU94YK04ZPbAwr,2021-01-23,Garmin,VIRB,3264,2448,37.548987571136,-77.440225890324,38.022411785739,"[1.3902430552924, -0.43612700893108, 0.59031783698393]","[0.73255594613238, -0.069974959622302, -0.055812110428014]",richmond:149,6.67
590217661860214,jo2j9a0lafbb4mxlylp1lt,2018-08-08,Apple,iPhone6,1920,1080,37.547744937171,-77.435714857446,221.43599198502,"[0.68619126630824, 1.7524234060105, -1.8519021724135]","[1.0037267102616, 0.023010515998895, -0.00028184823693249]",richmond:23,19.06
590984823847247,2vBlcK7NUmy9gsraEZ0OLR,2025-02-03,none,none,4096,1874,37.5396583,-77.4406167,251.66207189703,"[1.0404285018405, 1.4409438851177, -1.4409438851177]","[0.58, 0, 0]",richmond:93,10.59
593623820312578,9y1e3u7vVNOEqrtKRsoldG,2025-02-03,none,none,4096,1874,37.536656369655,-77.440490895249,144.26130693179,"[0.70031521984661, -2.0137912479799, 1.7635329498609]","[0.70675866007038, -0.003125249858105, -0.00051831027294128]",richmond:0,22.02
594614346548598,YWwk2ulpE791bDAe0LnjCF,2024-12-31,Apple,iPhone 11,4032,3024,37.549643571298,-77.446758286011,223.53133392416,"[0.68082300518633, 1.6540707962739, -1.8798162431661]","[0.72748417162685, -0.0058412445937661, -0.0077927331878829]",richmond:188,8.54
595952743455272,G8IYvZHK2akQBCD9pAo5dR,2025-08-23,GoPro,GoPro Max,4096,1344,37.541472812029,-77.437388589954,259.02971619966,"[1.1124853655267, 1.3488398482385, -1.3488398482385]","[0.85, 0, 0]",richmond:11,5.11
596369286629135,tL5wgUH4svzQiaBo0k7xSj,2025-02-03,none,none,4096,1874,37.535252790147,-77.437958718005,140.60189211582,"[0.72402258125701, -1.9829469497394, 1.697207596333]","[0.98913944838179, -0.0068023243831157, -0.0012459649251761]",richmond:127,11.06
596585386542112,qVTQFIHbvh1wrWuZ7mAKoR,2025-02-03,none,none,4096,1874,37.546796429465,-77.43937965387,231.76966796042,"[0.89624641797633, 1.9441201204412, -1.4486277606315]","[0.61669470208105, -0.010398946808058, -0.001981698652351]",richmond:5,10.08
596722539812294,mljMiuUB1obwPOeZxLyT5K,2025-02-03,none,none,4096,1874,37.547000385494,-77.439276308999,226.42945030832,"[0.8103192459266, 1.8339504430677, -1.6843282670469]","[1.4627224262008, -0.024658745958048, -0.00014739878905652]",richmond:6,19.37
596732583323737,qVTQFIHbvh1wrWuZ7mAKoR,2025-02-03,none,none,4096,1874,37.546211868776,-77.440019201103,230.20722284892,"[0.90334527989337, 1.9767206471784, -1.4602176598967]","[0.58308820201952, -0.00016799830003177, -0.00044517339388309]",richmond:40,26.01
599482122832295,sjF1xVORm0cTNU4yqIvL9W,2025-02-03,none,none,4096,1874,37.536880462748,-77.440861483812,146.46425401479,"[0.69915183789026, -2.1029313191272, 1.7301275316192]","[0.76639963173854, -0.0051997294123806, 0.00040805639653863]",richmond:0,22.77
599680712820982,7PckD56UEMwgrdLVeqYyON,2025-02-03,none,none,4096,1874,37.538761063884,-77.441517596879,241.72777850384,"[0.95636753252421, 1.84368569763, -1.2961061895885]","[0.70720938027925, -0.0083799734600894, -0.0028089330615586]",richmond:25,4.76
599747162768949,tL5wgUH4svzQiaBo0k7xSj,2025-02-03,none,none,4096,1874,37.535384575941,-77.438168254045,142.91045109488,"[0.69658965435504, -2.0085785587989, 1.7261063144146]","[0.98913944838179, -0.0068023243831157, -0.0012459649251761]",richmond:132,11.79
599995070899520,w8hy0Wlz8tJRc2uxV5JqIM,2021-01-23,Garmin,VIRB,3264,2448,37.548978589079,-77.440220254517,121.17157270148,"[0.81330500202617, -1.4360422372645, 1.7072201511635]","[0.70310544623019, -0.095213924118172, -0.024453772793845]",richmond:149,6.28
601358182782350,1alQ0hE9HzitX83ATMBS7U,2025-02-03,none,none,4096,1874,37.538504633104,-77.441776952362,235.31471907307,"[0.88470493676055, 1.831944562813, -1.4592446264831]","[0.6991516562391, -0.0049490866249833, -0.0018791934148298]",richmond:24,16.62
602143855939706,5EkNdnV0SDH6yzW4FKtqw7,2025-02-03,none,none,4096,1874,37.538767482934,-77.441502088779,236.32892605448,"[0.87296095677636, 1.7748986165537, -1.4819969821776]","[0.96436402353645, -0.013520894847123, -0.0020871129953137]",richmond:25,5.84
602283249331919,bQcfxBVZdPNy7sn64X3lUo,2025-02-03,none,none,4096,1874,37.535425938793,-77.43824125469,155.60678602318,"[0.44265460958319, -1.9846178175319, 1.99748259046]","[0.59661873262303, -0.00029795660906602, -0.00063413459840903]",richmond:132,16.04
602642195723619,nUmhfFoyDXHeBwVAtzNEdP,2025-02-03,none,none,4096,1874,37.535506635993,-77.438364024413,141.27051332195,"[0.72863266064026, -2.0018963162979, 1.6990241547066]","[0.89504740971185, -0.001432366364184, 0.0025942746845095]",richmond:132,28.27
6027603250590561,5rjl3l4r156llm82k1afrv,2018-08-07,Apple,iPhone7,1920,1080,37.550079389541,-77.436379878243,130.57370251768,"[0.92343130804904, -1.7451502732247, 1.7391427447879]","[1.1140124588445, -0.021450933258753, -0.0097881899033667]",richmond:169,16.41
604624955621439,5rYs8QnXEc6AGVBk9RM2Jf,2025-02-03,none,none,4096,1874,37.5496056,-77.4368389,0,"[1.5707963267949, 0, 0]","[0.58, 0, 0]",richmond:170,29.43
605737248488630,eiyGpjVTl8kWrZgBv3zISE,2025-01-01,Apple,iPhone 11,4032,3024,37.549822455014,-77.446557304588,47.644842750334,"[1.3607858900278, -0.62108832270481, 0.65490354320334]","[0.87097979127079, 0.011012468941935, 0.0013229605919906]",richmond:188,18.39
605988675695070,zFMP9uVOwjfLgNcEApxlBk,2025-02-03,none,none,4096,1874,37.539395296594,-77.440859184391,233.496888315,"[0.83573642102489, 1.8440338833726, -1.4783637121014]","[0.89538514411005, -0.0029271413571262, -0.0015467272379897]",richmond:95,12.51
605988805399558,FRnoGPpvqCsVOMc0iWEDxA,2025-02-03,none,none,4096,1874,37.537994991806,-77.442186453471,235.66099664078,"[0.88107608940089, 1.7412207970898, -1.5384429242484]","[1.0508950787596, -0.012639767251291, -0.0022372504726072]",richmond:96,18.59
606951732273406,eiyGpjVTl8kWrZgBv3zISE,2025-01-01,Apple,iPhone 11,4032,3024,37.549499782821,-77.446859908031,46.697946062394,"[1.3629868535019, -0.60125554100712, 0.64993006074244]","[0.87097979127079, 0.011012468941935, 0.0013229605919906]",richmond:188,26.37
607176968699681,mljMiuUB1obwPOeZxLyT5K,2025-02-03,none,none,4096,1874,37.54611801727,-77.440107232638,226.9662245462,"[0.83074618183307, 1.8450242410464, -1.6662171992992]","[1.4627224262008, -0.024658745958048, -0.00014739878905652]",richmond:40,13.71
607277428685616,sjF1xVORm0cTNU4yqIvL9W,2025-02-03,none,none,4096,1874,37.53682481872,-77.440773011797,146.43522179401,"[0.6949409135223, -2.100750651616, 1.7298423948364]","[0.76639963173854, -0.0051997294123806, 0.00040805639653863]",richmond:0,14.02
607460023552540,Yyo2YprvMTjOcScG5Mi2mM,2021-01-23,Garmin,VIRB,3264,2448,37.547430564557,-77.442611084496,127.81518376181,"[0.82104630012196, -1.6765262636377, 1.6765262636378]","[0.694146527347, -0.062403390616, -0.0603994499556]",richmond:235,27.93
608328828595809,tL5wgUH4svzQiaBo0k7xSj,2025-02-03,none,none,4096,1874,37.535295819945,-77.437686843619,35.827843056525,"[1.5574388180765, -0.4596496113869, 0.52406989826204]","[0.56500489675861, 0.0032201556299409, 0.0032847174160562]",richmond:33,3.03
608433437236019,hMfZ50zbiU94YK04ZPbAwr,2021-01-23,Garmin,VIRB,3264,2448,37.54796910291,-77.441147793498,40.361303626765,"[1.3720520674082, -0.48918599728175, 0.59423622516267]","[0.72756885963756, -0.06987080674513, -0.0629948717421]",richmond:201,7.75
610796803228928,ATAIxHx8ob0G_E_MVoYe-g,2018-01-14,motorola,moto x4,4032,3024,37.543833643275,-77.44346306361,141.55369503857,"[0.59827022388953, -1.8593886643938, 1.7833411487391]","[0.72101114992456, 0.034891180577958, -0.028233297846017]",richmond:30,8.11
611160664888954,FRnoGPpvqCsVOMc0iWEDxA,2025-02-03,none,none,4096,1874,37.537724065363,-77.442278953834,156.77290636084,"[0.3718826037144, -2.0143285170735, 1.9545373580982]","[0.82509236283483, -0.0074207718107331, -0.0018404470556582]",richmond:99,11.80
6114010278696849,EsPJ7herbXIlGnm69cjqCW,2023-06-09,Apple,iPhone 13,4032,3024,37.537734931101,-77.439774497246,54.695854457779,"[1.4648529147231, -0.81665770489594, 0.67989611312995]","[0.404523526926, -0.00048672221672097, -0.00028403876791042]",richmond:195,3.99
614523969949590,ATAIxHx8ob0G_E_MVoYe-g,2018-01-14,motorola,moto x4,4032,3024,37.535981992599,-77.437034106005,41.05192241575,"[1.5227406554488, -0.58653201396074, 0.53890318168292]","[0.72751690908005, 0.030011261356446, -0.027011850333202]",richmond:134,7.09
615588672733930,hMfZ50zbiU94YK04ZPbAwr,2021-01-23,Garmin,VIRB,3264,2448,37.548141660227,-77.443824197677,133.71274924705,"[0.66999133961831, -1.6022534246483, 1.8357889276254]","[0.76996583927269, -0.06054577728249, -0.060216690882064]",richmond:108,5.30
616472451333568,mljMiuUB1obwPOeZxLyT5K,2025-02-03,none,none,4096,1874,37.546160327994,-77.440066415343,226.80165585779,"[0.82588998108177, 1.847251647762, -1.6665810873405]","[1.4627224262008, -0.024658745958048, -0.00014739878905652]",richmond:40,19.22
616489887834571,0z1qCAk9QHtwGfKceJVj6X,2025-02-03,none,none,4096,1874,37.536823622525,-77.440774017069,150.24030680224,"[0.7401239815237, -2.3024840247708, 1.6144400910013]","[0.57915256832162, 0.00032445697669958, 0.0012462713630676]",richmond:0,13.91
616517941166174,NiZBKcmQ0IxrfyRSPptCbL,2025-02-03,none,none,4096,1874,37.542946605583,-77.444127551043,333.44317708959,"[1.7133460160425, 0.49660180760027, -0.26161332199035]","[0.63065991993093, -0.012404897580751, -0.0026126269023312]",richmond:115,18.89
617453504762313,G8IYvZHK2akQBCD9pAo5dR,2025-08-23,GoPro,GoPro Max,4096,1344,37.541223101628,-77.437485233583,146.35560748119,"[0.62806258763037, -1.8825764113509, 1.9287754973479]","[1.0625843446207, -0.0098939198681565, -0.0018362697353777]",richmond:11,25.91
618579065785655,4dq0z862qjjx7kup91zmak,2018-07-23,Apple,iPhone7,1920,1080,37.535755053722,-77.429629924169,25.921020862383,"[1.4694307125059, -0.29843718176124, 0.40699647336985]","[1.2041868197891, 0.016015818141062, -0.00044006215581538]",richmond:19,27.64
620057110076391,EsPJ7herbXIlGnm69cjqCW,2023-06-09,Apple,iPhone 13,4032,3024,37.537806567409,-77.440049095758,121.08770892672,"[0.98697349645194, -1.7677807701746, 1.4606056752106]","[0.404523526926, -0.00048672221672097, -0.00028403876791042]",richmond:191,15.52
623090123918594,G8IYvZHK2akQBCD9pAo5dR,2025-08-23,GoPro,GoPro Max,4096,1344,37.541474181044,-77.437370471066,252.75178727751,"[1.0370460166687, 1.4605536003682, -1.3882480764654]","[0.82498898574509, 0.0025351010690696, 0.00038278096763465]",richmond:11,4.66
624807653295596,r9cIPl6b7UnC42EYWs5zGX,2025-02-03,none,none,4096,1874,37.538440752546,-77.441837915718,239.74833899079,"[0.98042734639127, 1.9282063285962, -1.2729023245729]","[0.5830217595286, -0.0004355785715294, 0.00035324898678271]",richmond:24,25.30
625416953284050,sjF1xVORm0cTNU4yqIvL9W,2025-02-03,none,none,4096,1874,37.536710213616,-77.440585713633,144.81460887997,"[0.68817951208599, -2.0378019233965, 1.7480516436864]","[0.76639963173854, -0.0051997294123806, 0.00040805639653863]",richmond:0,13.05
626992056720108,MDYAX2KfQVCzbimEOl8WIk,2025-02-03,none,none,4096,1874,37.541844514278,-77.440127129988,144.98036313324,"[0.78417187263738, -2.1551648671592, 1.6575340748946]","[0.63195880414637, -0.0015131863596812, 0.00033254121949706]",richmond:222,4.64
627535626339035,fBJpEdlaWrLg98ZQwbi5Sy,2025-02-03,none,none,4096,1874,37.540580139918,-77.439657766053,237.51703277188,"[0.88961907259543, 1.970623174055, -1.262440065787]","[0.58542253473547, -0.0074417851108055, -0.0014017078554005]",richmond:144,22.28
627555469928266,CXvYyuKQrnUPoe1NbS6djB,2025-02-03,none,none,4096,1874,37.540233317317,-77.440023347238,238.19226306294,"[0.93096078616313, 1.8283080224846, -1.3996278724272]","[0.8907346644166, -0.013209973177717, -0.0010554807079253]",richmond:146,18.59
628638379967401,G8IYvZHK2akQBCD9pAo5dR,2025-08-23,GoPro,GoPro Max,4096,1344,37.541336744165,-77.437571391323,152.27617163277,"[0.32274615823303, -2.0332738471297, 1.7599842131449]","[0.96189101225344, -0.0049929592251723, -0.0027066365665191]",richmond:8,17.36
628753096311786,tL5wgUH4svzQiaBo0k7xSj,2025-02-03,none,none,4096,1874,37.535231120991,-77.437886260052,115.71162632105,"[1.0686904402364, -1.67703263383, 1.4278004912479]","[0.98913944838179, -0.0068023243831157, -0.0012459649251761]",richmond:127,7.86
628911003620537,G8IYvZHK2akQBCD9pAo5dR,2025-08-23,GoPro,GoPro Max,4096,1344,37.541417993527,-77.437476544362,30.993329829468,"[1.4766657559196, -0.41940783730002, 0.42164865400821]","[0.46291373185623, -0.018800683329087, -0.037417372355411]",richmond:8,9.30
629964359435116,qVTQFIHbvh1wrWuZ7mAKoR,2025-02-03,none,none,4096,1874,37.546747580924,-77.439604274809,227.00645150761,"[0.82212909463127, 1.9230950751189, -1.5791496085]","[0.63176933874014, 0.0085171305721773, 0.0031851009953534]",richmond:7,8.75
630432926307236,2vBlcK7NUmy9gsraEZ0OLR,2025-02-03,none,none,4096,1874,37.5395722,-77.4407,251.72797991746,"[1.0410989832751, 1.4401265230545, -1.4401265230545]","[0.58, 0, 0]",richmond:93,6.68
630693253048439,mljMiuUB1obwPOeZxLyT5K,2025-02-03,none,none,4096,1874,37.54589285928,-77.44032372706,227.60241812179,"[0.84608691461641, 1.8396056756884, -1.6598159765577]","[1.4627224262008, -0.024658745958048, -0.00014739878905652]",richmond:38,7.93
634001899295030,2vBlcK7NUmy9gsraEZ0OLR,2025-02-03,none,none,4096,1874,37.5397,-77.440575,253.46441625165,"[1.0585941403709, 1.4185480969315, -1.4185480969315]","[0.58, 0, 0]",richmond:93,15.91
635390978850513,n4SUj9xNWz2Yb8qAoaEXIs,2025-02-03,none,none,4096,1874,37.540631673845,-77.439633329739,233.39275410169,"[0.82893662335784, 1.876167145156, -1.4464757636505]","[0.82759957463973, -0.0028263288155389, 0.0010427715163951]",richmond:144,28.26
636847065582186,mljMiuUB1obwPOeZxLyT5K,2025-02-03,none,none,4096,1874,37.545814272237,-77.440398803629,226.45081940474,"[0.81343245623004, 1.8472607174705, -1.671288656295]","[1.4627224262008, -0.024658745958048, -0.00014739878905652]",richmond:38,17.14
638673561935184,zFMP9uVOwjfLgNcEApxlBk,2025-02-03,none,none,4096,1874,37.539747235343,-77.440512077399,233.27883795232,"[0.89066953029454, 1.9306763519617, -1.4184564312606]","[0.89538514411005, -0.0029271413571262, -0.0015467272379897]",richmond:93,23.43
640649371961483,62a5gnQzJiIu7FflGk80eM,2025-02-03,none,none,4096,1874,37.537666643076,-77.442411952597,37.296376032485,"[1.6896265301244, -0.29429380703164, 0.71955927029436]","[0.65521139221933, -0.0025747425069556, -0.00042009397953822]",richmond:99,7.38
642759560740159,EsPJ7herbXIlGnm69cjqCW,2023-06-09,Apple,iPhone 13,4032,3024,37.537798878041,-77.439697408805,48.204915846702,"[1.5054980417616, -0.69111287957525, 0.63047495499228]","[0.404523526926, -0.00048672221672097, -0.00028403876791042]",richmond:195,13.64
646989834517523,nUmhfFoyDXHeBwVAtzNEdP,2025-02-03,none,none,4096,1874,37.535476885834,-77.438313868524,142.10032321419,"[0.71792237269284, -2.0029025293638, 1.7179945372217]","[0.89504740971185, -0.001432366364184, 0.0025942746845095]",richmond:132,23.35
647566361047059,fBJpEdlaWrLg98ZQwbi5Sy,2025-02-03,none,none,4096,1874,37.540424210757,-77.439845935443,242.53739770296,"[0.94293206568693, 1.5528110180534, -1.5528783568853]","[0.58492958610748, -0.0014857880757221, -0.0013579965032896]",richmond:144,3.94
648000357684532,p7VOkMZeLKjPatCA1NvdxS,2025-02-03,none,none,4096,1874,37.539268997652,-77.440976814468,233.89630077692,"[0.84003000607842, 1.8564246006027, -1.4565306880257]","[0.82210196390535, -0.0037566693348081, 1.3207993439e-07]",richmond:95,29.97
648022270132445,EsPJ7herbXIlGnm69cjqCW,2023-06-09,Apple,iPhone 13,4032,3024,37.537740658847,-77.439913420492,113.01855077602,"[1.0285249218136, -1.5639015335027, 1.449670529285]","[0.404523526926, -0.00048672221672097, -0.00028403876791042]",richmond:191,5.33
651125554034992,5EkNdnV0SDH6yzW4FKtqw7,2025-02-03,none,none,4096,1874,37.538851512686,-77.441407632345,236.67857978872,"[0.88595745323285, 1.7792394236694, -1.473336475657]","[0.96436402353645, -0.013520894847123, -0.0020871129953137]",richmond:25,16.24
651385987330657,62a5gnQzJiIu7FflGk80eM,2025-02-03,none,none,4096,1874,37.5376778,-77.4422472,151.04527563776,"[0.50040658155539, -1.9380873185635, 1.9380873185635]","[0.58, 0, 0]",richmond:99,15.80
653896946987244,7PckD56UEMwgrdLVeqYyON,2025-02-03,none,none,4096,1874,37.538625612093,-77.441646599658,240.28913215204,"[0.91545357863432, 1.9088963804593, -1.2577142796255]","[0.70720938027925, -0.0083799734600894, -0.0028089330615586]",richmond:24,6.02
655289177030611,G8IYvZHK2akQBCD9pAo5dR,2025-08-23,GoPro,GoPro Max,4096,1344,37.541236055882,-77.437495618966,148.24231489897,"[0.51144699920559, -1.8576715026511, 1.9357209833299]","[1.0625843446207, -0.0098939198681565, -0.0018362697353777]",richmond:11,25.04
655917426949976,mljMiuUB1obwPOeZxLyT5K,2025-02-03,none,none,4096,1874,37.546731998061,-77.439526698513,226.03333630056,"[0.81276548607468, 1.8503866367588, -1.6802347036917]","[1.4627224262008, -0.024658745958048, -0.00014739878905652]",richmond:7,7.54
656920603296882,4pTSeDONrRqohUYIvbK8l5,2024-06-09,GoPro,HERO11 Black,5568,4872,37.548914941797,-77.439832802389,310.52544395997,"[1.4805072513755, 0.72119249643859, -0.63162857527707]","[0.4283172732332, -0.1130849763788, 0.0083354673436015]",richmond:151,24.06
658627384976396,hMfZ50zbiU94YK04ZPbAwr,2021-01-23,Garmin,VIRB,3264,2448,37.549847303548,-77.446514052149,224.26823296496,"[0.6295199443653, 1.5981461776884, -1.8732783845408]","[0.68546552727373, -0.067571758881725, -0.06330855399534]",richmond:188,22.93
664649845889220,KHsFQ3Jf0bxvzCV7tmML8a,2025-02-03,none,none,4096,1874,37.537552740377,-77.442597030484,242.30326149069,"[0.95899968586101, 1.627279833145, -1.4930622242937]","[0.58862408633568, 0.00087131642517179, 0.00035096527756947]",richmond:99,25.86
665728046588341,Av4IQLVTGqaMjsU6r1yHpB,2025-10-03,samsung,SM-G960U,4032,3024,37.535566673571,-77.429750940752,21.519832921276,"[1.4876890539034, -0.33324311495582, 0.24812632474423]","[0.86225168366537, 0.0060219000261865, -0.0066565528079918]",richmond:18,22.04
665775474286615,vfI6js5LLakpOE2bpTScfg,2021-01-22,Garmin,VIRB,3264,2448,37.535905556314,-77.429708324478,208.87571148061,"[0.49919906271321, 1.9389325111736, -1.9389325470678]","[0.694146527347, -0.062403390616, -0.0603994499556]",richmond:19,25.53
671330303688404,ATAIxHx8ob0G_E_MVoYe-g,2018-01-14,motorola,moto x4,4032,3024,37.541731786467,-77.43995299865,129.6864555161,"[0.76969655979489, -1.7323431096476, 1.6493275562122]","[0.87246733319825, 0.035810413522294, -0.027798957705872]",richmond:221,8.96
672071710236522,-C6FxYTP0JyS-NEReC9DNQ,2018-01-14,motorola,moto x4,4032,3024,37.537502109664,-77.435651875683,222.31369340469,"[0.72053051778946, 1.8926378362104, -1.7025925009795]","[0.75081721641382, 0.034753623546086, -0.028462964806855]",richmond:136,26.45
674463958249003,G8IYvZHK2akQBCD9pAo5dR,2025-08-23,GoPro,GoPro Max,4096,1344,37.541271301951,-77.437547799534,161.8859548488,"[0.30676616180965, -2.046363203767, 2.0396855811825]","[0.96189101225344, -0.0049929592251723, -0.0027066365665191]",richmond:8,24.32
679515489496849,ATAIxHx8ob0G_E_MVoYe-g,2018-01-14,motorola,moto x4,4032,3024,37.5402987707,-77.439639160065,312.86841377828,"[1.4493449122857, 0.58319963731715, -0.6996407027192]","[0.72857201731379, 0.035253984274993, -0.026342441150742]",richmond:144,19.46
680938589379519,aq2cb4xkntbib56wxwulgc,2018-09-08,Apple,iPhone,4032,3024,37.539139489812,-77.431034911697,302.59066468308,"[1.237138500102, 0.69943318177921, -0.81215582921054]","[0.84348811801801, 0.058228537920456, -0.096559923129151]",richmond:158,26.78
694422990317307,G8IYvZHK2akQBCD9pAo5dR,2025-08-23,GoPro,GoPro Max,4096,1344,37.54141920435,-77.437477668783,49.364689607604,"[1.5015109846616, -0.70436657788561, 0.64869924039578]","[0.46291373185623, -0.018800683329087, -0.037417372355411]",richmond:8,9.14
704957742573492,G8IYvZHK2akQBCD9pAo5dR,2025-08-23,GoPro,GoPro Max,4096,1344,37.541443061873,-77.437338504427,291.13385618152,"[2.3281605103362, 1.0212314388935, -0.68790922684398]","[0.98779758302594, -0.0083460971450409, -0.0021574304289263]",richmond:11,2.13
709471477938713,lnkxu1XHUOfT3dBtobgM0Q,2024-06-29,GoPro,HERO11 Black,5568,4872,37.544479200355,-77.439900287761,313.16417406331,"[1.5131953238888, 0.6771389187462, -0.60787500910008]","[0.31614226551806, -0.052953733458825, 0.0020357978107395]",richmond:242,18.12
709913845342496,G8IYvZHK2akQBCD9pAo5dR,2025-08-23,GoPro,GoPro Max,4096,1344,37.541269239888,-77.437547527754,161.66897371579,"[0.32085077967128, -2.0462496099134, 2.0434629913321]","[0.96189101225344, -0.0049929592251723, -0.0027066365665191]",richmond:8,24.55
722591029930801,lnkxu1XHUOfT3dBtobgM0Q,2024-06-29,GoPro,HERO11 Black,5568,4872,37.544545417123,-77.439999676509,313.28693658172,"[1.514468631507, 0.68175726837893, -0.60035744355887]","[0.31614226551806, -0.052953733458825, 0.0020357978107395]",richmond:242,9.79
735166221942561,EsPJ7herbXIlGnm69cjqCW,2023-06-09,Apple,iPhone 13,4032,3024,37.537769517842,-77.439976913555,116.19309723289,"[1.0167397149218, -1.6514289833748, 1.4491526371303]","[0.404523526926, -0.00048672221672097, -0.00028403876791042]",richmond:191,8.67
737863610242413,RI6ajbSzaig6pFr7_k_pXA,2018-01-14,motorola,moto x4,4032,3024,37.534798814062,-77.432323996351,25.712484343931,"[1.550430005366, -0.34914304982513, 0.35548554289272]","[0.7473414933533, 0.037233805694548, -0.02044753699854]",richmond:52,19.52
740736493267530,jo2j9a0lafbb4mxlylp1lt,2018-08-08,Apple,iPhone6,1920,1080,37.546260035849,-77.435744404142,133.19882711251,"[0.73755153798652, -1.7077508921838, 1.7617268926697]","[1.0037267102616, 0.023010515998895, -0.00028184823693249]",richmond:203,27.60
741016392096721,G8IYvZHK2akQBCD9pAo5dR,2025-08-23,GoPro,GoPro Max,4096,1344,37.541470483748,-77.43740913318,31.965487048774,"[1.8045035915396, -1.1250103242101, 0.00049912111450872]","[0.78026659517313, 0.0011895984153344, 0.00036315768271523]",richmond:11,6.04
742040828675315,G8IYvZHK2akQBCD9pAo5dR,2025-08-23,GoPro,GoPro Max,4096,1344,37.541264703179,-77.437546926305,160.17421703974,"[0.65713778487363, -2.1162578405385, 2.1379483550499]","[0.96189101225344, -0.0049929592251723, -0.0027066365665191]",richmond:11,25.03
743280015172281,G8IYvZHK2akQBCD9pAo5dR,2025-08-23,GoPro,GoPro Max,4096,1344,37.541279591815,-77.437573459596,126.08712591409,"[0.9278468426795, -1.988836681703, 1.3522630078063]","[0.96189101225344, -0.0049929592251723, -0.0027066365665191]",richmond:8,23.65
743844122949729,yhuH8uEftI_M2nv_TJ1BOA,2017-11-16,Apple,iPhone,3264,2448,37.542667317947,-77.437413215518,130.7159817767,"[0.68527337151666, -1.6369310341642, 1.7204518075797]","[0.8492771594414, 0.082760794335256, -0.12987212415825]",richmond:51,24.53
745659849645413,ATAIxHx8ob0G_E_MVoYe-g,2018-01-14,motorola,moto x4,4032,3024,37.539346102587,-77.438087573077,312.05937042942,"[1.4256314170033, 0.63422630820666, -0.66469391152771]","[0.72769479818988, 0.03472032918424, -0.028396080599113]",richmond:252,11.57
746250658224188,G8IYvZHK2akQBCD9pAo5dR,2025-08-23,GoPro,GoPro Max,4096,1344,37.541443061893,-77.437338514525,280.08562506894,"[1.1415428443639, 0.61699566801405, -1.5754727244792]","[0.98779758302594, -0.0083460971450409, -0.0021574304289263]",richmond:11,2.13
747528024846087,G8IYvZHK2akQBCD9pAo5dR,2025-08-23,GoPro,GoPro Max,4096,1344,37.541418576388,-77.437477084738,36.16694162209,"[1.5011438848211, -0.59795041758877, 0.39077150042458]","[0.46291373185623, -0.018800683329087, -0.037417372355411]",richmond:8,9.22
748155134522939,G8IYvZHK2akQBCD9pAo5dR,2025-08-23,GoPro,GoPro Max,4096,1344,37.541369466837,-77.437529665224,40.273318624347,"[1.5066764401829, -0.59830627791587, 0.50354937953014]","[0.85404545153588, -0.0001172747528559, 3.921317757606e-05]",richmond:8,13.35
750990634198538,G8IYvZHK2akQBCD9pAo5dR,2025-08-23,GoPro,GoPro Max,4096,1344,37.541325431661,-77.437609909994,130.1614250114,"[0.8009086083659, -1.7160166712039, 1.6970536540402]","[0.96189101225344, -0.0049929592251723, -0.0027066365665191]",richmond:8,19.53
751353077499708,G8IYvZHK2akQBCD9pAo5dR,2025-08-23,GoPro,GoPro Max,4096,1344,37.541418467859,-77.437476630384,37.526322814045,"[1.4765811943654, -0.62723421917536, 0.39419427196896]","[0.46291373185623, -0.018800683329087, -0.037417372355411]",richmond:8,9.26
752068774132248,G8IYvZHK2akQBCD9pAo5dR,2025-08-23,GoPro,GoPro Max,4096,1344,37.541443077934,-77.437338490497,260.57231321048,"[1.5407303565288, 1.1711928683733, -1.5790752131984]","[0.98779758302594, -0.0083460971450409, -0.0021574304289263]",richmond:11,2.13
752098661124381,G8IYvZHK2akQBCD9pAo5dR,2025-08-23,GoPro,GoPro Max,4096,1344,37.541351026472,-77.437050680732,238.29025964576,"[0.93788385257079, 1.9935805417669, -1.2336182516867]","[0.96459246257272, -0.00087517307472183, 0.00018115390885694]",richmond:9,28.61
752975553576074,kXDAa9BdycP6YZReUzr7hb,2024-06-09,GoPro,HERO11 Black,5568,4872,37.551090273384,-77.443552655485,130.54909962261,"[0.80924596855356, -1.7574746079668, 1.6713717938352]","[0.56673751962776, -0.10399693775073, -0.019834652196507]",richmond:227,18.56
755245984130267,G8IYvZHK2akQBCD9pAo5dR,2025-08-23,GoPro,GoPro Max,4096,1344,37.541368560422,-77.437530689942,41.150581911287,"[1.4564704332915, -0.58791815493138, 0.52835169279484]","[0.85404545153588, -0.0001172747528559, 3.921317757606e-05]",richmond:8,13.45
759513040267001,G8IYvZHK2akQBCD9pAo5dR,2025-08-23,GoPro,GoPro Max,4096,1344,37.541223588495,-77.437485776501,146.87384924885,"[0.39709726710495, -1.8579172502009, 1.8079240818104]","[1.0625843446207, -0.0098939198681565, -0.0018362697353777]",richmond:11,25.88
760675463351032,G8IYvZHK2akQBCD9pAo5dR,2025-08-23,GoPro,GoPro Max,4096,1344,37.541206136606,-77.437473415493,146.52306644454,"[0.41995108861824, -1.8743241270242, 1.7996535961663]","[1.0625843446207, -0.0098939198681565, -0.0018362697353777]",richmond:11,27.22
763353534383506,r9TGDbQhC2qkGD3Jabj0JQ,2017-11-16,Apple,iPhone,3264,2448,37.542857254588,-77.437711178469,128.00979579708,"[0.83938276367996, -1.6768230203297, 1.6919705694556]","[0.846565783289, 0.088793315607153, -0.11335355419525]",richmond:51,13.72
763396698843311,EsPJ7herbXIlGnm69cjqCW,2023-06-09,Apple,iPhone 13,4032,3024,37.537825727784,-77.440082013088,124.56556175606,"[0.83891554056093, -1.7922037907097, 1.4753250168995]","[0.404523526926, -0.00048672221672097, -0.00028403876791042]",richmond:191,19.02
763672539312499,6DXipIoGb3vYkWg0tm1lhE,2024-06-09,GoPro,HERO11 Black,5568,4872,37.546441462554,-77.435855959467,139.24941505042,"[0.7149461689046, -1.8777683745545, 1.762537977117]","[0.50440633749344, -0.048110176072182, -0.021388203032486]",richmond:203,16.81
764754166177301,G8IYvZHK2akQBCD9pAo5dR,2025-08-23,GoPro,GoPro Max,4096,1344,37.541349889399,-77.437582035406,135.00689157372,"[0.32324314307024, -1.4578810625437, 1.6855949057289]","[0.75809459440663, 0.00061301808115075, 0.001042479104411]",richmond:8,16.17
766018190763145,hMfZ50zbiU94YK04ZPbAwr,2021-01-23,Garmin,VIRB,3264,2448,37.548944456296,-77.445236103177,125.65309979482,"[0.84772005180437, -1.6513673906283, 1.650760006864]","[0.694146527347, -0.062403390616, -0.0603994499556]",richmond:152,21.63
766274949323931,G8IYvZHK2akQBCD9pAo5dR,2025-08-23,GoPro,GoPro Max,4096,1344,37.541340863496,-77.437569923272,169.0733850262,"[0.0047987070770718, -2.0189310306825, 2.0427925638887]","[0.75809459440663, 0.00061301808115075, 0.001042479104411]",richmond:8,16.89
768150140511420,aq2cb4xkntbib56wxwulgc,2018-09-08,Apple,iPhone,4032,3024,37.5376192338,-77.439802623395,313.15087732368,"[1.3557826497376, 0.58935162916819, -0.66559672082856]","[0.83527288785031, 0.061936923544991, -0.096207779018105]",richmond:189,6.05
768573950528487,RYRGV-ZWSOKWRdCw07o3wA,2018-09-09,Apple,iPhone,4032,3024,37.538510906841,-77.441362978868,304.94343351124,"[1.2317605826075, 0.70348290134848, -0.73591957335239]","[0.87200143110579, 0.054058629173679, -0.097685641560942]",richmond:26,18.60
769476047064573,fOETxQMJ2WqPb1VJZdT0k9,2021-01-16,Garmin,VIRB,3264,2448,37.535708317757,-77.42973059134,27.159462166089,"[1.5341934234052, -0.30385454371126, 0.44014991096209]","[0.694146527347, -0.062403390616, -0.0603994499556]",richmond:19,19.95
7699360250133150,nue465Xfgv1VDJs8mW9TFU,2024-06-09,GoPro,HERO11 Black,5568,4872,37.5434801,-77.4309356,312.38522532181,"[1.4715149363416, 0.64924206524089, -0.64924206524089]","[0.41666666666667, 0, 0]",richmond:35,29.22
770560386904977,5rjl3l4r156llm82k1afrv,2018-08-07,Apple,iPhone7,1920,1080,37.549964710212,-77.436135512648,130.74621191709,"[0.91950582220543, -1.7389254037357, 1.7493715479342]","[1.1140124588445, -0.021450933258753, -0.0097881899033667]",richmond:169,29.07
774080750146533,-C6FxYTP0JyS-NEReC9DNQ,2018-01-14,motorola,moto x4,4032,3024,37.536005738508,-77.43710599617,219.62285165757,"[0.63811938444769, 1.84276011725, -1.7883659979599]","[0.7772121959424, 0.035674918404861, -0.027707520045243]",richmond:134,6.00
774444241623188,G8IYvZHK2akQBCD9pAo5dR,2025-08-23,GoPro,GoPro Max,4096,1344,37.54127536568,-77.437579125901,113.09491797199,"[1.065994360545, -1.824821319961, 1.2089145181985]","[0.96189101225344, -0.0049929592251723, -0.0027066365665191]",richmond:8,24.20
774468908504618,G8IYvZHK2akQBCD9pAo5dR,2025-08-23,GoPro,GoPro Max,4096,1344,37.541213962691,-77.437478539637,146.86155770279,"[0.71827239086955, -1.911204493275, 1.967326623173]","[1.0625843446207, -0.0098939198681565, -0.0018362697353777]",richmond:11,26.59
7746047722098225,GWdebvF1QOErCBnXNhtfVS,2024-06-29,GoPro,HERO11 Black,5568,4872,37.539659570842,-77.431816786933,313.13514626973,"[1.4453861091022, 0.64950924237239, -0.62300135045006]","[0.42735282358916, -0.10737370241525, 0.0079470567517577]",richmond:236,27.77
776890651400742,G8IYvZHK2akQBCD9pAo5dR,2025-08-23,GoPro,GoPro Max,4096,1344,37.54142646929,-77.437476400576,35.020251477134,"[1.5146238536728, -0.41898032128799, 0.53902515152656]","[0.46291373185623, -0.018800683329087, -0.037417372355411]",richmond:8,8.52
778930494517679,G8IYvZHK2akQBCD9pAo5dR,2025-08-23,GoPro,GoPro Max,4096,1344,37.541443062575,-77.437338519771,282.21602443283,"[1.0272664567401, 0.4864984242769, -1.6590096808959]","[0.98779758302594, -0.0083460971450409, -0.0021574304289263]",richmond:11,2.13
781781429364056,ATAIxHx8ob0G_E_MVoYe-g,2018-01-14,motorola,moto x4,4032,3024,37.536127075487,-77.436899211109,40.89079727934,"[1.5269000189493, -0.57875763402153, 0.54265788225499]","[0.72751690908005, 0.030011261356446, -0.027011850333202]",richmond:134,16.78
782047475768000,RI6ajbSzaig6pFr7_k_pXA,2018-01-14,motorola,moto x4,4032,3024,37.534704800743,-77.432357872334,24.822482587155,"[1.5426591018348, -0.33724291931866, 0.34219741598557]","[0.7473414933533, 0.037233805694548, -0.02044753699854]",richmond:52,8.64
782918030903814,G8IYvZHK2akQBCD9pAo5dR,2025-08-23,GoPro,GoPro Max,4096,1344,37.541426125752,-77.437476255257,53.391142211635,"[1.3764452572286, -0.77406715286816, 0.66260573219508]","[0.46291373185623, -0.018800683329087, -0.037417372355411]",richmond:8,8.56
784035820831393,G8IYvZHK2akQBCD9pAo5dR,2025-08-23,GoPro,GoPro Max,4096,1344,37.541487710559,-77.43727825371,197.84195884125,"[0.59835169600822, 2.3862587615596, -1.8251011269581]","[0.96459246257272, -0.00087517307472183, 0.00018115390885694]",richmond:9,6.43
784166997396122,G8IYvZHK2akQBCD9pAo5dR,2025-08-23,GoPro,GoPro Max,4096,1344,37.541263174434,-77.437562676409,102.77908096399,"[1.3051001084718, -1.2226344486863, 1.5972187517864]","[0.96189101225344, -0.0049929592251723, -0.0027066365665191]",richmond:8,25.34
784173308930801,w8hy0Wlz8tJRc2uxV5JqIM,2021-01-23,Garmin,VIRB,3264,2448,37.548975233523,-77.440222409323,121.32461473454,"[0.80810741543539, -1.4342330186068, 1.7102640957585]","[0.70310544623019, -0.095213924118172, -0.024453772793845]",richmond:149,6.54
784208764114181,G8IYvZHK2akQBCD9pAo5dR,2025-08-23,GoPro,GoPro Max,4096,1344,37.541210620112,-77.437475649839,146.51084445972,"[0.63653590135893, -1.9058311072261, 1.9147192865111]","[1.0625843446207, -0.0098939198681565, -0.0018362697353777]",richmond:11,26.83
784591122194559,aq2cb4xkntbib56wxwulgc,2018-09-08,Apple,iPhone,4032,3024,37.539139622511,-77.431035043523,302.58087027335,"[1.236527109794, 0.69937607422075, -0.81227937438964]","[0.84348811801801, 0.058228537920456, -0.096559923129151]",richmond:158,26.77
785127465540392,w8hy0Wlz8tJRc2uxV5JqIM,2021-01-23,Garmin,VIRB,3264,2448,37.548047199812,-77.44110006515,61.875837004677,"[1.4025171300388, -0.84042814702754, 0.84064196717372]","[0.694146527347, -0.062403390616, -0.0603994499556]",richmond:201,15.37
785419217351621,G8IYvZHK2akQBCD9pAo5dR,2025-08-23,GoPro,GoPro Max,4096,1344,37.541217729388,-77.437481986573,145.44455025403,"[0.6578311922109, -1.9000605910821, 1.8997307006683]","[1.0625843446207, -0.0098939198681565, -0.0018362697353777]",richmond:11,26.33
785853622132069,hMfZ50zbiU94YK04ZPbAwr,2021-01-23,Garmin,VIRB,3264,2448,37.549946541573,-77.446401409415,232.7263056106,"[0.72036632099602, 1.513142333864, -1.756457849733]","[0.68546552727373, -0.067571758881725, -0.06330855399534]",richmond:185,27.27
786217902037624,w8hy0Wlz8tJRc2uxV5JqIM,2021-01-23,Garmin,VIRB,3264,2448,37.547941907248,-77.441191422844,29.278891068415,"[1.5335153959225, -0.40234136070364, 0.39878058522875]","[0.694146527347, -0.062403390616, -0.0603994499556]",richmond:201,8.61
786690713912399,G8IYvZHK2akQBCD9pAo5dR,2025-08-23,GoPro,GoPro Max,4096,1344,37.541261679912,-77.437558842694,110.31400293555,"[1.0717062249439, -1.3575408186708, 1.5995924513331]","[0.96189101225344, -0.0049929592251723, -0.0027066365665191]",richmond:8,25.47
787446785238240,ek1x6s0ezix1so1cqrndmy,2018-08-19,Apple,iPhoneX,1920,1080,37.53542907137,-77.429742555275,4.1042732042728,"[1.5905116145242, -0.082418357652233, 0.030947855839111]","[0.7987701569412, -0.0046686949540444, -0.0034205373749227]",richmond:18,29.77
790533600098326,G8IYvZHK2akQBCD9pAo5dR,2025-08-23,GoPro,GoPro Max,4096,1344,37.541418512516,-77.437477024092,32.984506504262,"[1.6342306281193, -0.42977128311755, 0.48047722145589]","[0.46291373185623, -0.018800683329087, -0.037417372355411]",richmond:8,9.23
790642156682228,G8IYvZHK2akQBCD9pAo5dR,2025-08-23,GoPro,GoPro Max,4096,1344,37.541469212671,-77.437419989748,259.0297165785,"[1.1124853690831, 1.3488398434659, -1.3488398434659]","[0.85, 0, 0]",richmond:11,6.69
791242295118083,m8qzbtvzktp4j269bqrz9q,2018-07-31,Apple,iPhone6S,1920,1080,37.550396736079,-77.44602359093,215.51303328416,"[0.59793576419446, 1.8335780512418, -1.8999794410286]","[0.89488391433421, 0.011814041565834, -0.0048548537264834]",richmond:75,21.87
791251289743568,GWdebvF1QOErCBnXNhtfVS,2024-06-29,GoPro,HERO11 Black,5568,4872,37.542004054274,-77.435831879297,308.14608430247,"[1.4815678249412, 0.7503924005168, -0.66884519180841]","[0.42735282358916, -0.10737370241525, 0.0079470567517577]",richmond:162,14.37
7942155252545179,dSo8DGcRjtYEmMgsvB72L5,2024-07-14,GoPro,HERO11 Black,5568,4872,37.548229144092,-77.446238380703,132.71793174701,"[0.83173980512187, -1.8208505626007, 1.6825091882777]","[0.40122485126348, -0.11858135315861, 0.010319427380999]",richmond:182,9.97
797119800995524,ATAIxHx8ob0G_E_MVoYe-g,2018-01-14,motorola,moto x4,4032,3024,37.541744382061,-77.440054468861,41.382617355834,"[1.4944886321291, -0.56135421924469, 0.56844280077089]","[0.71467290666609, 0.035559707884072, -0.026153791541817]",richmond:221,6.63
797877753179730,G8IYvZHK2akQBCD9pAo5dR,2025-08-23,GoPro,GoPro Max,4096,1344,37.541443072517,-77.437338496947,241.13290854119,"[1.357575472547, 1.7337652777289, -1.5084410233226]","[0.98779758302594, -0.0083460971450409, -0.0021574304289263]",richmond:11,2.13
799073058872429,4pTSeDONrRqohUYIvbK8l5,2024-06-09,GoPro,HERO11 Black,5568,4872,37.550195445622,-77.441983012341,310.56439042856,"[1.5048049097161, 0.70435181130171, -0.65121101722075]","[0.4283172732332, -0.1130849763788, 0.0083354673436015]",richmond:84,26.42
799276018862562,dSo8DGcRjtYEmMgsvB72L5,2024-07-14,GoPro,HERO11 Black,5568,4872,37.54620201463,-77.443016414981,133.80272841943,"[0.79342668355645, -1.8357293992613, 1.6812600553353]","[0.40122485126348, -0.11858135315861, 0.010319427380999]",richmond:44,2.08
799458197629779,hMfZ50zbiU94YK04ZPbAwr,2021-01-23,Garmin,VIRB,3264,2448,37.549680488805,-77.44649992109,36.291477849136,"[1.5134266660386, -0.49791854058631, 0.49401987446339]","[0.694146527347, -0.062403390616, -0.0603994499556]",richmond:184,10.65
799899768952403,lnkxu1XHUOfT3dBtobgM0Q,2024-06-29,GoPro,HERO11 Black,5568,4872,37.546767130065,-77.443641513143,309.82571710302,"[1.4955915302298, 0.70240055125897, -0.67170807208395]","[0.46607738994804, -0.035806758044037, -0.020504212199763]",richmond:229,7.51
801913224083721,RYRGV-ZWSOKWRdCw07o3wA,2018-09-09,Apple,iPhone,4032,3024,37.539772416036,-77.44340749955,305.73559754861,"[1.3262032822755, 0.73594695027342, -0.71120830931104]","[0.87200143110579, 0.054058629173679, -0.097685641560942]",richmond:219,18.25
803209467981497,EsPJ7herbXIlGnm69cjqCW,2023-06-09,Apple,iPhone 13,4032,3024,37.537720712714,-77.439807698593,65.294297218414,"[1.3764880664595, -0.962031718678, 0.81015820121198]","[0.404523526926, -0.00048672221672097, -0.00028403876791042]",richmond:195,2.54
803461426948902,m8qzbtvzktp4j269bqrz9q,2018-07-31,Apple,iPhone6S,1920,1080,37.549492123036,-77.446881042805,215.64896575348,"[0.61539346412597, 1.853758676346, -1.8868598192528]","[0.89488391433421, 0.011814041565834, -0.0048548537264834]",richmond:188,28.19
806259841612047,GWdebvF1QOErCBnXNhtfVS,2024-06-29,GoPro,HERO11 Black,5568,4872,37.539389979819,-77.431386749659,310.04581707764,"[1.4442823845837, 0.68140861481062, -0.67672226322357]","[0.42735282358916, -0.10737370241525, 0.0079470567517577]",richmond:159,18.85
806390256961320,-C6FxYTP0JyS-NEReC9DNQ,2018-01-14,motorola,moto x4,4032,3024,37.537636441437,-77.435265982216,311.2961067189,"[1.4887045625387, 0.69910745098793, -0.63340623738829]","[0.76520922470426, 0.033086764574219, -0.029271702905844]",richmond:137,13.40
808938983064117,5rjl3l4r156llm82k1afrv,2018-08-07,Apple,iPhone7,1920,1080,37.549980481446,-77.436168937287,130.69634491369,"[0.91830316470737, -1.7392872958179, 1.7469313358762]","[1.1140124588445, -0.021450933258753, -0.0097881899033667]",richmond:169,26.31
810518306525531,ATAIxHx8ob0G_E_MVoYe-g,2018-01-14,motorola,moto x4,4032,3024,37.537574742215,-77.438293405878,220.98856558297,"[0.69695953304446, 1.8303741119586, -1.7938086798398]","[0.70662627429786, 0.036774029869961, -0.02851019053845]",richmond:22,9.75
811666829470518,7ei3xhrbj8vl21vyr5lzxv,2018-08-06,Apple,iPhone6S,1920,1080,37.53545110118,-77.429829816606,197.14839458584,"[0.21864034992956, 2.0697621425355, -1.979565534996]","[1.0578230775592, 0.0041323145233245, 0.00071445265190373]",richmond:18,22.60
811789776123210,ATAIxHx8ob0G_E_MVoYe-g,2018-01-14,motorola,moto x4,4032,3024,37.540250221049,-77.439562020745,311.61000875262,"[1.4492083085496, 0.59622938200979, -0.72147096656305]","[0.72857201731379, 0.035253984274993, -0.026342441150742]",richmond:144,28.14
812031956086764,m8qzbtvzktp4j269bqrz9q,2018-07-31,Apple,iPhone6S,1920,1080,37.550422021881,-77.44600042889,215.50284273688,"[0.60400206738963, 1.8332987407161, -1.904580132322]","[0.89488391433421, 0.011814041565834, -0.0048548537264834]",richmond:75,18.48
812055340862220,6DXipIoGb3vYkWg0tm1lhE,2024-06-09,GoPro,HERO11 Black,5568,4872,37.543759737409,-77.431503133579,133.87251060283,"[0.80315955146351, -1.8314409599474, 1.6925693362168]","[0.39500659555971, -0.12247523282671, 0.010532741459659]",richmond:34,29.68
812837378096313,G8IYvZHK2akQBCD9pAo5dR,2025-08-23,GoPro,GoPro Max,4096,1344,37.541268507386,-77.437547243409,161.91638514977,"[0.32271795874713, -2.0527883110529, 2.0464707466741]","[0.96189101225344, -0.0049929592251723, -0.0027066365665191]",richmond:8,24.63
813290819591771,m8qzbtvzktp4j269bqrz9q,2018-07-31,Apple,iPhone6S,1920,1080,37.549687259948,-77.446696160609,216.20899367105,"[0.61592406026205, 1.8384832756151, -1.8849245426788]","[0.89488391433421, 0.011814041565834, -0.0048548537264834]",richmond:188,1.39
813398235932199,ATAIxHx8ob0G_E_MVoYe-g,2018-01-14,motorola,moto x4,4032,3024,37.544757015245,-77.442788245814,261.62400097098,"[1.1582229438467, 1.3340151806069, -1.3064881081728]","[0.69899328697273, 0.033557204806678, -0.029463180637455]",richmond:166,6.43
814448087498002,dSo8DGcRjtYEmMgsvB72L5,2024-07-14,GoPro,HERO11 Black,5568,4872,37.546732435142,-77.443852626933,139.04079889927,"[0.71285372085665, -1.895162397707, 1.7370132872386]","[0.40122485126348, -0.11858135315861, 0.010319427380999]",richmond:230,12.06
814502502493831,jo2j9a0lafbb4mxlylp1lt,2018-08-08,Apple,iPhone6,1920,1080,37.543683416081,-77.431435432888,130.55408729474,"[0.76702491250266, -1.7070126148367, 1.6989944433764]","[1.0033563119864, 0.0077174251835807, 0.0012807222370526]",richmond:34,25.14
8149737401759211,6e8jRXiFnPEAD5Ughx7CGV,2024-07-14,GoPro,HERO11 Black,5568,4872,37.542821185723,-77.437367652057,137.48959138807,"[0.70078767503241, -1.7917175615657, 1.7881524051701]","[0.42004717973406, -0.10377080581512, 0.0073001403287353]",richmond:51,17.06
815433982693341,7ei3xhrbj8vl21vyr5lzxv,2018-08-06,Apple,iPhone6S,1920,1080,37.53591119967,-77.429654952265,203.36024623666,"[0.31459064168313, 1.9972663562073, -1.9239737887666]","[1.0578230775592, 0.0041323145233245, 0.00071445265190373]",richmond:19,29.80
816895207574801,G8IYvZHK2akQBCD9pAo5dR,2025-08-23,GoPro,GoPro Max,4096,1344,37.54124441005,-77.437502070192,147.27820204368,"[0.42296296187598, -1.8716355839016, 1.8277349117147]","[1.0625843446207, -0.0098939198681565, -0.0018362697353777]",richmond:11,24.51
817917330572056,G8IYvZHK2akQBCD9pAo5dR,2025-08-23,GoPro,GoPro Max,4096,1344,37.541264267247,-77.437546807821,154.29058501929,"[0.81760010196767, -2.0473342332264, 2.1027672454361]","[0.96189101225344, -0.0049929592251723, -0.0027066365665191]",richmond:11,25.06
819289418972776,hMfZ50zbiU94YK04ZPbAwr,2021-01-23,Garmin,VIRB,3264,2448,37.547803522647,-77.441284547125,42.529484616002,"[1.3570886167881, -0.51388612639274, 0.62576080273761]","[0.72756885963756, -0.06987080674513, -0.0629948717421]",richmond:201,19.87
827230724545534,hMfZ50zbiU94YK04ZPbAwr,2021-01-23,Garmin,VIRB,3264,2448,37.548984146607,-77.440228328492,38.104114062443,"[1.3899435444694, -0.43379404673797, 0.59529837672393]","[0.73255594613238, -0.069974959622302, -0.055812110428014]",richmond:149,6.91
827273344812172,aq2cb4xkntbib56wxwulgc,2018-09-08,Apple,iPhone,4032,3024,37.539880881774,-77.432249770506,303.48635752277,"[1.286907561815, 0.72020147904315, -0.78027111686238]","[0.84705467441372, 0.067764741178245, -0.09509002759296]",richmond:237,16.00
827951161406421,hMfZ50zbiU94YK04ZPbAwr,2021-01-23,Garmin,VIRB,3264,2448,37.546952787278,-77.439636211264,297.71116167757,"[1.3989335135057, 0.84600457620556, -0.84576049628846]","[0.694146527347, -0.062403390616, -0.0603994499556]",richmond:6,18.61
830298522402631,GWdebvF1QOErCBnXNhtfVS,2024-06-29,GoPro,HERO11 Black,5568,4872,37.542354145244,-77.436438121491,309.59939175735,"[1.4872940699758, 0.7402356393949, -0.64002809313667]","[0.42735282358916, -0.10737370241525, 0.0079470567517577]",richmond:133,28.20
831163334430241,nwcIrE3mm1NknNaXT2MjrY,2021-01-21,Garmin,VIRB,3264,2448,37.535433327473,-77.429738891079,8.8751858267832,"[1.5673714739871, -0.12163718716614, 0.12163718715772]","[0.694146527347, -0.062403390616, -0.0603994499556]",richmond:18,29.70
831209084411221,ATAIxHx8ob0G_E_MVoYe-g,2018-01-14,motorola,moto x4,4032,3024,37.544052952596,-77.443495953548,221.56006575758,"[0.72954609907976, 1.8075457037165, -1.8181556362754]","[0.69899328697273, 0.033557204806678, -0.029463180637455]",richmond:31,7.64
832269200983284,s26m6zf69vcqamja9ntlpk,2019-01-06,Apple,iPhoneXS_Max,1920,1080,37.535729050877,-77.429652336188,26.143826068724,"[1.4731799849555, -0.37742516922595, 0.3291623345559]","[0.88123684448743, -0.013832500668883, -0.0072209248019195]",richmond:19,26.02
835242074007224,hMfZ50zbiU94YK04ZPbAwr,2021-01-23,Garmin,VIRB,3264,2448,37.547803469771,-77.441284579778,42.523601598428,"[1.3571336677639, -0.51383680917565, 0.62565635161428]","[0.72756885963756, -0.06987080674513, -0.0629948717421]",richmond:201,19.88
837918907779406,lnkxu1XHUOfT3dBtobgM0Q,2024-06-29,GoPro,HERO11 Black,5568,4872,37.548358313242,-77.446342715263,313.67332654334,"[1.5038198238184, 0.65212666642777, -0.61649736548077]","[0.43884405123433, -0.1337088077997, 0.013528513586384]",richmond:182,8.41
839480943583321,MoAxGaFhkzIRRLbQbzZVeA,2019-05-13,Apple,iPhone 6s back camera 4.15mm f/2.2,4032,3024,37.535729095859,-77.429718863144,199.33369457676,"[0.26990321727763, 1.8672125692612, -2.1353567671507]","[0.88232152961609, -0.00011220679693169, 0.00059571883093642]",richmond:19,20.27
840409833213661,aq2cb4xkntbib56wxwulgc,2018-09-08,Apple,iPhone,4032,3024,37.539798020623,-77.432110399927,305.26647710749,"[1.3001657223439, 0.70441120615381, -0.75037134407132]","[0.84705467441372, 0.067764741178245, -0.09509002759296]",richmond:237,14.57
841987193364066,Yyo2YprvMTjOcScG5Mi2mM,2021-01-23,Garmin,VIRB,3264,2448,37.549034471905,-77.440284469134,296.45341672883,"[1.3886066394511, 0.72575113272911, -1.0052758297899]","[0.70407134294493, -0.081676421436449, -0.032388966450689]",richmond:148,2.75
842273764629756,GWdebvF1QOErCBnXNhtfVS,2024-06-29,GoPro,HERO11 Black,5568,4872,37.54179779328,-77.435466126706,308.45583884967,"[1.4809624279114, 0.74583131933201, -0.66463668900922]","[0.42735282358916, -0.10737370241525, 0.0079470567517577]",richmond:161,21.76
842282856634772,ek1x6s0ezix1so1cqrndmy,2018-08-19,Apple,iPhoneX,1920,1080,37.535540297408,-77.429708957969,5.9224355739614,"[1.5849997942832, -0.10990013122893, 0.05327542237781]","[0.7987701569412, -0.0046686949540444, -0.0034205373749227]",richmond:18,26.34
842624811333312,FRnoGPpvqCsVOMc0iWEDxA,2025-02-03,none,none,4096,1874,37.538018643706,-77.44215775892,243.6277695509,"[0.9812846394022, 1.6372249927138, -1.4543609714479]","[1.0508950787596, -0.012639767251291, -0.0022372504726072]",richmond:96,22.16
844406554436706,j5OUtzRcSX0Qxav8iWewB4,2025-02-03,none,none,4096,1874,37.543770847065,-77.443325160726,146.55445424195,"[0.65540469695143, -2.0538379881372, 1.7674681648409]","[0.76917204203587, -0.00022352870483632, 0.0014742591207916]",richmond:29,21.23
845651379643027,hMfZ50zbiU94YK04ZPbAwr,2021-01-23,Garmin,VIRB,3264,2448,37.547803609132,-77.441284435396,42.526394766344,"[1.3569132224339, -0.51388814996239, 0.62562923645524]","[0.72756885963756, -0.06987080674513, -0.0629948717421]",richmond:201,19.86
845974099461254,w8hy0Wlz8tJRc2uxV5JqIM,2021-01-23,Garmin,VIRB,3264,2448,37.548975231736,-77.440222402532,121.3231462565,"[0.80811847314352, -1.4341168595157, 1.710341823993]","[0.70310544623019, -0.095213924118172, -0.024453772793845]",richmond:149,6.54
847263930807961,5EkNdnV0SDH6yzW4FKtqw7,2025-02-03,none,none,4096,1874,37.538545408629,-77.441737076283,235.72220830233,"[0.87179355261221, 1.8191329281633, -1.455094250878]","[0.96436402353645, -0.013520894847123, -0.0020871129953137]",richmond:24,11.26
847895210640529,dSo8DGcRjtYEmMgsvB72L5,2024-07-14,GoPro,HERO11 Black,5568,4872,37.5462666315,-77.44312845461,134.9005113681,"[0.7695771091295, -1.8518683060805, 1.6857637568132]","[0.40122485126348, -0.11858135315861, 0.010319427380999]",richmond:44,12.80
849573292349931,K3269cdVQNI7owSqfRjmc5,2021-01-22,Garmin,VIRB,3264,2448,37.535866957055,-77.429805817932,290.88773299071,"[1.2462926152648, 0.89899579878898, -0.93832992716442]","[0.72371702888564, -0.080758769226953, -0.058246076555833]",richmond:19,16.12
849612088976956,w8hy0Wlz8tJRc2uxV5JqIM,2021-01-23,Garmin,VIRB,3264,2448,37.548975255941,-77.440222424867,121.32368574789,"[0.80807254331196, -1.4340564308609, 1.7103876656418]","[0.70310544623019, -0.095213924118172, -0.024453772793845]",richmond:149,6.55
850423718896728,ATAIxHx8ob0G_E_MVoYe-g,2018-01-14,motorola,moto x4,4032,3024,37.535171212503,-77.437816539525,46.410103040667,"[1.4316180639668, -0.66199665100435, 0.59464394136906]","[0.72751690908005, 0.030011261356446, -0.027011850333202]",richmond:32,12.36
851124765761291,ATAIxHx8ob0G_E_MVoYe-g,2018-01-14,motorola,moto x4,4032,3024,37.541578713548,-77.440204524341,39.725974988791,"[1.4969546655174, -0.53214785363841, 0.55229866138401]","[0.71467290666609, 0.035559707884072, -0.026153791541817]",richmond:221,29.32
853301725258742,-C6FxYTP0JyS-NEReC9DNQ,2018-01-14,motorola,moto x4,4032,3024,37.535150904719,-77.437914219727,218.41441896102,"[0.62941271191637, 1.896830701406, -1.7662181077085]","[0.8048830583639, 0.033683286485047, -0.029130853161899]",richmond:128,8.28
8539638549386239,nue465Xfgv1VDJs8mW9TFU,2024-06-09,GoPro,HERO11 Black,5568,4872,37.546393767842,-77.435682837325,314.16339187623,"[1.5504590560206, 0.66104615205187, -0.60173834058081]","[0.31482823792874, -0.07405889352424, 0.0041439844633844]",richmond:203,12.16
854297485434396,h8jxxy9ix8w0yewhnn5805,2018-07-31,Apple,iPhone6S,1920,1080,37.550899490682,-77.445525077257,214.00623239092,"[0.5535407647008, 1.8269350764977, -1.9239364634531]","[0.94273030134138, 0.0063721168785336, 0.00047739478758077]",richmond:74,26.69
855441452752793,6e8jRXiFnPEAD5Ughx7CGV,2024-07-14,GoPro,HERO11 Black,5568,4872,37.539853017173,-77.432417117861,132.55369945658,"[0.7994198390541, -1.8379763774876, 1.6444735963886]","[0.51794130585331, -0.17113893631427, 0.020443199561747]",richmond:237,19.15
857117971679305,Yyo2YprvMTjOcScG5Mi2mM,2021-01-23,Garmin,VIRB,3264,2448,37.548011102332,-77.443563884608,125.2687468709,"[0.8521923695457, -1.6464625835076, 1.6464625834798]","[0.694146527347, -0.062403390616, -0.0603994499556]",richmond:108,24.15
858555861746912,m8qzbtvzktp4j269bqrz9q,2018-07-31,Apple,iPhone6S,1920,1080,37.549886218725,-77.446507424352,215.93228987409,"[0.61444424269565, 1.835270476766, -1.8958907682398]","[0.89488391433421, 0.011814041565834, -0.0048548537264834]",richmond:185,25.86
859219221296551,lcbevtvbb9pwp9f82mstww,2018-07-31,Apple,iPhone6S,1920,1080,37.549491751193,-77.446691538386,34.071294523884,"[1.4929774126098, -0.45901237734304, 0.46897968522549]","[1.1534280346573, 0.00089101659510542, -4.1083323736882e-05]",richmond:186,19.22
860514331199360,7ei3xhrbj8vl21vyr5lzxv,2018-08-06,Apple,iPhone6S,1920,1080,37.535811008021,-77.42969969646,201.56904477378,"[0.28800536059025, 2.0178541157435, -1.941190474444]","[1.0578230775592, 0.0041323145233245, 0.00071445265190373]",richmond:19,21.88
864224125605217,dSo8DGcRjtYEmMgsvB72L5,2024-07-14,GoPro,HERO11 Black,5568,4872,37.548357093353,-77.44646976315,134.2034981665,"[0.80086310686015, -1.8459623446523, 1.6863126825356]","[0.40122485126348, -0.11858135315861, 0.010319427380999]",richmond:183,14.80
864692855523953,6e8jRXiFnPEAD5Ughx7CGV,2024-07-14,GoPro,HERO11 Black,5568,4872,37.54439159701,-77.44001093571,132.08114535997,"[0.79299065227038, -1.8268755313778, 1.6386164836096]","[0.38737030542174, -0.01375277946995, -0.013268679966261]",richmond:242,26.85
8649828918379549,6e8jRXiFnPEAD5Ughx7CGV,2024-07-14,GoPro,HERO11 Black,5568,4872,37.539221560359,-77.431329086123,132.59725930652,"[0.86694976659636, -1.8894194287649, 1.6217902207183]","[0.51794130585331, -0.17113893631427, 0.020443199561747]",richmond:159,6.14
866002530660877,Yyo2YprvMTjOcScG5Mi2mM,2021-01-23,Garmin,VIRB,3264,2448,37.549038429586,-77.440281448449,296.30513231767,"[1.3849150396994, 0.7243344379891, -1.0104102790424]","[0.70407134294493, -0.081676421436449, -0.032388966450689]",richmond:148,2.37
871350760118694,Yyo2YprvMTjOcScG5Mi2mM,2021-01-23,Garmin,VIRB,3264,2448,37.547877670796,-77.441173777465,224.74471533461,"[0.68376947633944, 1.4938685613678, -2.000833149096]","[0.68602786347941, -0.062622204852209, -0.064403848764375]",richmond:201,7.16
871980691405198,nue465Xfgv1VDJs8mW9TFU,2024-06-09,GoPro,HERO11 Black,5568,4872,37.543793243109,-77.431489876159,316.86817991799,"[1.480308483778, 0.61793532368133, -0.55798140971394]","[0.34041814862093, -0.080436963162469, 0.0044955075507785]",richmond:34,28.77
872054043668998,w8hy0Wlz8tJRc2uxV5JqIM,2021-01-23,Garmin,VIRB,3264,2448,37.548033294682,-77.443694395986,123.96166073305,"[0.86788519832799, -1.6309380371438, 1.6309380370733]","[0.694146527347, -0.062403390616, -0.0603994499556]",richmond:108,15.13
872652813318927,ATAIxHx8ob0G_E_MVoYe-g,2018-01-14,motorola,moto x4,4032,3024,37.544727677173,-77.442624940089,311.7712579926,"[1.4878889515178, 0.64511489680449, -0.67316212540687]","[0.72520234678363, 0.034141842157253, -0.026671136619913]",richmond:168,8.84
874273336769875,ATAIxHx8ob0G_E_MVoYe-g,2018-01-14,motorola,moto x4,4032,3024,37.537985389003,-77.438251203384,133.33949886025,"[0.72538822653463, -1.8110587466791, 1.6567920129265]","[0.73496183766804, 0.03349823947023, -0.02910622363438]",richmond:21,28.39
875298073330054,s26m6zf69vcqamja9ntlpk,2019-01-06,Apple,iPhoneXS_Max,1920,1080,37.535470559186,-77.429741585057,21.972804162425,"[1.4872852209168, -0.31768981611302, 0.27704742314534]","[0.88123684448743, -0.013832500668883, -0.0072209248019195]",richmond:18,27.01
875625279666595,RYRGV-ZWSOKWRdCw07o3wA,2018-09-09,Apple,iPhone,4032,3024,37.538616669975,-77.441535668941,305.53314623564,"[1.2764954689096, 0.70290461062683, -0.73619428136365]","[0.87200143110579, 0.054058629173679, -0.097685641560942]",richmond:26,10.70
877380402855289,jo2j9a0lafbb4mxlylp1lt,2018-08-08,Apple,iPhone6,1920,1080,37.547914883027,-77.435497202965,235.11872028359,"[0.86404272686815, 1.60701704325, -1.6807052861273]","[1.0037267102616, 0.023010515998895, -0.00028184823693249]",richmond:23,14.75
880564500562502,lnkxu1XHUOfT3dBtobgM0Q,2024-06-29,GoPro,HERO11 Black,5568,4872,37.548154764092,-77.446042027886,311.08512645412,"[1.4857381312188, 0.68445436264173, -0.65289313702709]","[0.43884405123433, -0.1337088077997, 0.013528513586384]",richmond:180,27.26
881778507242498,0z1qCAk9QHtwGfKceJVj6X,2025-02-03,none,none,4096,1874,37.536795383387,-77.440717836021,149.82224760881,"[0.73773037221033, -2.2951169829701, 1.6107026573148]","[0.57915256832162, 0.00032445697669958, 0.0012462713630676]",richmond:0,10.38
892590841291324,Yyo2YprvMTjOcScG5Mi2mM,2021-01-23,Garmin,VIRB,3264,2448,37.547806721138,-77.441072093562,214.72605540734,"[0.58677913293989, 1.6262295826281, -2.1196674399719]","[0.68602786347941, -0.062622204852209, -0.064403848764375]",richmond:201,11.73
894661731116316,ATAIxHx8ob0G_E_MVoYe-g,2018-01-14,motorola,moto x4,4032,3024,37.537669410631,-77.435497828185,11.496233944332,"[1.5278716383211, -0.17711643869298, 0.1355085940897]","[0.75476197523472, 0.036528351596799, -0.025479480207584]",richmond:136,5.78
8970272583025866,zFMP9uVOwjfLgNcEApxlBk,2025-02-03,none,none,4096,1874,37.539780831079,-77.440480078237,233.22095944002,"[0.89011728948303, 1.9319188073013, -1.418593292187]","[0.89538514411005, -0.0029271413571262, -0.0015467272379897]",richmond:93,27.92
898042105495930,6e8jRXiFnPEAD5Ughx7CGV,2024-07-14,GoPro,HERO11 Black,5568,4872,37.542040878304,-77.436018284691,133.67386793438,"[0.82376892051875, -1.8334070254637, 1.6943998453665]","[0.42004717973406, -0.10377080581512, 0.0073001403287353]",richmond:162,23.63
901294230445500,aq2cb4xkntbib56wxwulgc,2018-09-08,Apple,iPhone,4032,3024,37.541265887019,-77.434560111531,304.97685892069,"[1.2797208444532, 0.69883241868171, -0.75811100349854]","[0.84705467441372, 0.067764741178245, -0.09509002759296]",richmond:196,21.61
902238111748027,6e8jRXiFnPEAD5Ughx7CGV,2024-07-14,GoPro,HERO11 Black,5568,4872,37.542750489803,-77.437257301518,136.83088119135,"[0.70985104112433, -1.7965246983643, 1.7683869309275]","[0.42004717973406, -0.10377080581512, 0.0073001403287353]",richmond:51,28.86
904075590166650,ATAIxHx8ob0G_E_MVoYe-g,2018-01-14,motorola,moto x4,4032,3024,37.536972298893,-77.436105953245,40.385187808892,"[1.4332122263546, -0.56437670082753, 0.52618222323347]","[0.75476197523472, 0.036528351596799, -0.025479480207584]",richmond:103,8.74
904245087084959,RYRGV-ZWSOKWRdCw07o3wA,2018-09-09,Apple,iPhone,4032,3024,37.539656690706,-77.443224671606,305.93971462015,"[1.2876498754844, 0.69346526516429, -0.73872910788123]","[0.87200143110579, 0.054058629173679, -0.097685641560942]",richmond:219,12.19
9044720345595850,YWwk2ulpE791bDAe0LnjCF,2024-12-31,Apple,iPhone 11,4032,3024,37.549852609808,-77.446588095678,227.78993007675,"[0.78088158084926, 1.6765497712488, -1.7882428005949]","[0.89460040017352, -0.001731777060295, -0.0013694808810796]",richmond:188,19.93
907186674830087,n4SUj9xNWz2Yb8qAoaEXIs,2025-02-03,none,none,4096,1874,37.540539309672,-77.439717201175,233.6126032254,"[0.8240470439142, 1.8851351871499, -1.4293121734974]","[0.82759957463973, -0.0028263288155389, 0.0010427715163951]",richmond:144,15.64
907493709815002,SoP4HxZEBcZoevJCb7r76D,2021-01-23,Garmin,VIRB,3264,2448,37.535665576876,-77.429977613292,218.01334849634,"[0.73302846608558, 1.7233044672075, -2.0197385269961]","[0.67351525255187, -0.061745104260283, -0.057204935229661]",richmond:18,6.86
914489732704583,ek1x6s0ezix1so1cqrndmy,2018-08-19,Apple,iPhoneX,1920,1080,37.535804932688,-77.429609440575,9.7047964126305,"[1.5762651199953, -0.1615712532712, 0.10510585618159]","[0.7987701569412, -0.0046686949540444, -0.0034205373749227]",richmond:19,29.63
916050802292864,hMfZ50zbiU94YK04ZPbAwr,2021-01-23,Garmin,VIRB,3264,2448,37.548981677738,-77.44023041501,38.275624553541,"[1.38885783508, -0.43493992648214, 0.59877886996953]","[0.73255594613238, -0.069974959622302, -0.055812110428014]",richmond:149,7.12
9185429294879421,xVvkMDqlOaYeUTwIX2f40c,2025-02-03,none,none,4096,1874,37.541761453304,-77.440030158574,143.04432231828,"[0.66131636513227, -1.9697005328629, 1.7537528764472]","[0.86140466348728, -0.0060575537919208, -0.00086870246209996]",richmond:221,3.98
919658425484323,hMfZ50zbiU94YK04ZPbAwr,2021-01-23,Garmin,VIRB,3264,2448,37.549055559778,-77.445416666964,126.89299912472,"[0.83241698029078, -1.6656731636806, 1.6656622291186]","[0.694146527347, -0.062403390616, -0.0603994499556]",richmond:152,7.06
920585975449136,hMfZ50zbiU94YK04ZPbAwr,2021-01-23,Garmin,VIRB,3264,2448,37.548984128864,-77.440228317017,38.099536171175,"[1.3898388498599, -0.43386635381557, 0.59506615469605]","[0.73255594613238, -0.069974959622302, -0.055812110428014]",richmond:149,6.91
921539540065727,qVTQFIHbvh1wrWuZ7mAKoR,2025-02-03,none,none,4096,1874,37.547036309944,-77.439232014042,231.03767522327,"[0.90471336536287, 1.9524409224912, -1.4632921589441]","[0.61669470208105, -0.010398946808058, -0.001981698652351]",richmond:6,24.94
922093646792607,62a5gnQzJiIu7FflGk80eM,2025-02-03,none,none,4096,1874,37.537607215545,-77.442125187114,150.23742749853,"[0.57257575700257, -2.0067946625768, 1.8878085865223]","[0.63195850761633, 0.0011365172256817, -9.237675046102e-05]",richmond:99,28.94
922683088582071,ATAIxHx8ob0G_E_MVoYe-g,2018-01-14,motorola,moto x4,4032,3024,37.544177481785,-77.443374228285,222.41258892447,"[0.75973743065464, 1.7957226540068, -1.8208157152665]","[0.69899328697273, 0.033557204806678, -0.029463180637455]",richmond:31,25.13
922742684953669,RYRGV-ZWSOKWRdCw07o3wA,2018-09-09,Apple,iPhone,4032,3024,37.538712911431,-77.441686638621,305.82898750459,"[1.2909904064036, 0.69990484516171, -0.73593793758711]","[0.87200143110579, 0.054058629173679, -0.097685641560942]",richmond:24,7.92
923571238943285,EsPJ7herbXIlGnm69cjqCW,2023-06-09,Apple,iPhone 13,4032,3024,37.537714795136,-77.439826715889,82.519421698478,"[1.2602469059083, -1.1214102121597, 1.1009931305464]","[0.404523526926, -0.00048672221672097, -0.00028403876791042]",richmond:195,3.42
924588058305374,-C6FxYTP0JyS-NEReC9DNQ,2018-01-14,motorola,moto x4,4032,3024,37.53701013334,-77.436151967735,220.82156889821,"[0.70726642356404, 1.9165238551612, -1.7160740865701]","[0.75081721641382, 0.034753623546086, -0.028462964806855]",richmond:103,8.52
924984358262419,ATAIxHx8ob0G_E_MVoYe-g,2018-01-14,motorola,moto x4,4032,3024,37.537089842788,-77.435998201284,40.547943369008,"[1.4352104046072, -0.56704479942502, 0.52841564641121]","[0.75476197523472, 0.036528351596799, -0.025479480207584]",richmond:103,24.05
925035759816771,zFMP9uVOwjfLgNcEApxlBk,2025-02-03,none,none,4096,1874,37.53943984553,-77.440816557979,233.55271582346,"[0.81189722503283, 1.8468126559656, -1.4633965903488]","[0.89538514411005, -0.0029271413571262, -0.0015467272379897]",richmond:95,6.29
925142214717844,w8hy0Wlz8tJRc2uxV5JqIM,2021-01-23,Garmin,VIRB,3264,2448,37.54793350151,-77.441194236644,21.013856150939,"[1.5513975588142, -0.28691573968251, 0.28859312491637]","[0.70777879597118, -0.062713138518394, -0.05937250519301]",richmond:201,8.49
925755051609212,hMfZ50zbiU94YK04ZPbAwr,2021-01-23,Garmin,VIRB,3264,2448,37.54808100439,-77.441053009629,45.931790117817,"[1.3466764048258, -0.56144299667708, 0.66805306276984]","[0.70725733441289, -0.071516028878493, -0.049158716999201]",richmond:201,19.63
925996624882475,aq2cb4xkntbib56wxwulgc,2018-09-08,Apple,iPhone,4032,3024,37.537482848107,-77.439633833587,313.62374842327,"[1.3759599836206, 0.58700512085388, -0.65948714514723]","[0.83527288785031, 0.061936923544991, -0.096207779018105]",richmond:190,10.76
928312524567945,w8hy0Wlz8tJRc2uxV5JqIM,2021-01-23,Garmin,VIRB,3264,2448,37.548975246627,-77.440222410235,121.33143978701,"[0.80796019472845, -1.434292998991, 1.7103162748103]","[0.70310544623019, -0.095213924118172, -0.024453772793845]",richmond:149,6.54
928812351681219,EsPJ7herbXIlGnm69cjqCW,2023-06-09,Apple,iPhone 13,4032,3024,37.537737217807,-77.439905729245,120.23304717691,"[0.92915785218424, -1.6641994848814, 1.5170609251911]","[0.404523526926, -0.00048672221672097, -0.00028403876791042]",richmond:191,5.34
929462851241773,w8hy0Wlz8tJRc2uxV5JqIM,2021-01-23,Garmin,VIRB,3264,2448,37.547934012281,-77.441196259925,20.727217330569,"[1.5524495267459, -0.29189208294846, 0.27583624902648]","[0.70777879597118, -0.062713138518394, -0.05937250519301]",richmond:201,8.68
930174922506485,mljMiuUB1obwPOeZxLyT5K,2025-02-03,none,none,4096,1874,37.546955832704,-77.439317469956,226.28861484147,"[0.81109046589169, 1.840210465619, -1.6824081727913]","[1.4627224262008, -0.024658745958048, -0.00014739878905652]",richmond:6,13.45
931462550755225,Yyo2YprvMTjOcScG5Mi2mM,2021-01-23,Garmin,VIRB,3264,2448,37.546927755917,-77.439666642594,290.55220683452,"[1.3578132517456, 0.94103254486035, -0.94103254485993]","[0.694146527347, -0.062403390616, -0.0603994499556]",richmond:7,18.67
931613500948223,ATAIxHx8ob0G_E_MVoYe-g,2018-01-14,motorola,moto x4,4032,3024,37.53778215144,-77.438131938132,198.37362174139,"[0.32718494992139, 2.0825844851724, -2.0102866208585]","[0.70662627429786, 0.036774029869961, -0.02851019053845]",richmond:21,9.50
931637635403179,5EkNdnV0SDH6yzW4FKtqw7,2025-02-03,none,none,4096,1874,37.538596893478,-77.441682987347,235.6052726524,"[0.89972995433438, 1.8473355824453, -1.4414753360839]","[0.96436402353645, -0.013520894847123, -0.0020871129953137]",richmond:24,5.82
932283660645602,ATAIxHx8ob0G_E_MVoYe-g,2018-01-14,motorola,moto x4,4032,3024,37.536815766656,-77.436249616792,40.653161855964,"[1.501543255798, -0.5715551220003, 0.53926497697861]","[0.75476197523472, 0.036528351596799, -0.025479480207584]",richmond:103,14.85
932605178989113,n4SUj9xNWz2Yb8qAoaEXIs,2025-02-03,none,none,4096,1874,37.540495189564,-77.439757738816,234.10802902757,"[0.837296970104, 1.891074259658, -1.4150417210448]","[0.82759957463973, -0.0028263288155389, 0.0010427715163951]",richmond:144,9.64
933471928464181,6DXipIoGb3vYkWg0tm1lhE,2024-06-09,GoPro,HERO11 Black,5568,4872,37.543223195174,-77.430441396467,115.2711455502,"[0.99897177810798, -1.5767440240813, 1.4900366673614]","[0.39500659555971, -0.12247523282671, 0.010532741459659]",richmond:172,24.02
933638968921351,C34usnDOXhTe5i1wJqMyFU,2025-02-03,none,none,4096,1874,37.54319823419,-77.444245910288,57.941757308429,"[1.4794217031058, -0.82871331804656, 0.75972175466294]","[0.65947676929054, -0.0057779890315322, -0.0016922990383168]",richmond:116,14.06
935369037243161,w8hy0Wlz8tJRc2uxV5JqIM,2021-01-23,Garmin,VIRB,3264,2448,37.548961137219,-77.445280565656,127.53869329117,"[0.82446506593449, -1.6732737656756, 1.6732737642917]","[0.694146527347, -0.062403390616, -0.0603994499556]",richmond:152,17.33
935564370602221,ATAIxHx8ob0G_E_MVoYe-g,2018-01-14,motorola,moto x4,4032,3024,37.537753901437,-77.435474611916,342.60687877678,"[1.5246043990609, 0.24511525516816, -0.22883014144669]","[0.71877179886727, 0.036985778837151, -0.029110522702459]",richmond:136,5.99
936020320547376,ATAIxHx8ob0G_E_MVoYe-g,2018-01-14,motorola,moto x4,4032,3024,37.542085647341,-77.439732160433,40.2466998512,"[1.5090299181699, -0.52252272285729, 0.57808573207917]","[0.71467290666609, 0.035559707884072, -0.026153791541817]",richmond:220,22.27
936034717233456,hMfZ50zbiU94YK04ZPbAwr,2021-01-23,Garmin,VIRB,3264,2448,37.549180552584,-77.445600004743,126.13195928299,"[0.841719047005, -1.6566801559477, 1.6566814393985]","[0.694146527347, -0.062403390616, -0.0603994499556]",richmond:154,12.31
936437550451427,ek1x6s0ezix1so1cqrndmy,2018-08-19,Apple,iPhoneX,1920,1080,37.535719352146,-77.429648144183,8.5408720802841,"[1.5748196087621, -0.14601733718858, 0.088587921113044]","[0.7987701569412, -0.0046686949540444, -0.0034205373749227]",richmond:19,26.60
939756596581761,w8hy0Wlz8tJRc2uxV5JqIM,2021-01-23,Garmin,VIRB,3264,2448,37.548978582645,-77.44022024344,121.16613764894,"[0.81337970268304, -1.4360253068153, 1.7071187164694]","[0.70310544623019, -0.095213924118172, -0.024453772793845]",richmond:149,6.28
940707136764996,VIO3yjV7Ue88Dc1rdJZ13m,2021-01-23,Garmin,VIRB,3264,2448,37.535575525539,-77.429670901528,23.790039117616,"[1.3782775775378, -0.2738454001367, 0.36421931499877]","[0.71166196496853, -0.060805840235683, -0.060073091447482]",richmond:18,28.87
941402406403187,ATAIxHx8ob0G_E_MVoYe-g,2018-01-14,motorola,moto x4,4032,3024,37.537866699267,-77.435605037665,314.7509285219,"[1.4783353639865, 0.6163271710829, -0.61779538582133]","[0.71877179886727, 0.036985778837151, -0.029110522702459]",richmond:138,16.76
941482646602126,aq2cb4xkntbib56wxwulgc,2018-09-08,Apple,iPhone,4032,3024,37.541418228065,-77.434807550652,305.73166231757,"[1.3127776737483, 0.69396339953128, -0.75241642237244]","[0.84705467441372, 0.067764741178245, -0.09509002759296]",richmond:197,17.29
942992740929551,dSo8DGcRjtYEmMgsvB72L5,2024-07-14,GoPro,HERO11 Black,5568,4872,37.546462026352,-77.4434526851,136.58285981534,"[0.74782736977557, -1.8727407580312, 1.7039090169936]","[0.40122485126348, -0.11858135315861, 0.010319427380999]",richmond:231,28.49
943918820827490,6e8jRXiFnPEAD5Ughx7CGV,2024-07-14,GoPro,HERO11 Black,5568,4872,37.5393562444,-77.431561881373,132.60370940459,"[0.84271255522261, -1.8565954943362, 1.646584736078]","[0.51794130585331, -0.17113893631427, 0.020443199561747]",richmond:159,20.85
944723979675183,hMfZ50zbiU94YK04ZPbAwr,2021-01-23,Garmin,VIRB,3264,2448,37.547515265551,-77.442844882216,130.52756659842,"[0.71629668834396, -1.5639853209422, 1.8059009718587]","[0.76996583927269, -0.06054577728249, -0.060216690882064]",richmond:235,6.63
945414691102181,G8IYvZHK2akQBCD9pAo5dR,2025-08-23,GoPro,GoPro Max,4096,1344,37.541416902955,-77.437476980606,25.225019406857,"[1.7889132969582, -0.21702915167468, 0.45906271230003]","[0.46291373185623, -0.018800683329087, -0.037417372355411]",richmond:8,9.39
945614784342591,fOGlpY58IRPZL1gDdvwjMm,2025-02-03,none,none,4096,1874,37.5393944,-77.4408639,243.23117580003,"[0.95072552570299, 1.5444406373203, -1.5444406373203]","[0.58, 0, 0]",richmond:95,12.85
946967316064120,mam7ks3645hh92h9cni078,2018-08-03,Apple,iPhone5,1920,1080,37.53558493927,-77.429775508303,191.41493988728,"[0.16839165868416, 2.1631319528272, -2.0352547255326]","[1.1539066212445, 0.0048340330207346, 0.00029367076059309]",richmond:18,19.58
947003437571778,LMvGA7l9gxow6Dyj5zcS4F,2025-02-03,none,none,4096,1874,37.537518961764,-77.442552334477,51.889264097016,"[1.4672391464103, -0.72762906066837, 0.68905729923741]","[0.7979761725884, -0.0027991810066117, 6.708182277341e-05]",richmond:99,26.85
947380116075663,w8hy0Wlz8tJRc2uxV5JqIM,2021-01-23,Garmin,VIRB,3264,2448,37.548975233482,-77.44022240135,121.33993107919,"[0.80785678713939, -1.4343711091606, 1.7104317895431]","[0.70310544623019, -0.095213924118172, -0.024453772793845]",richmond:149,6.54
948705059304403,ek1x6s0ezix1so1cqrndmy,2018-08-19,Apple,iPhoneX,1920,1080,37.535587407435,-77.429694196321,6.499711668008,"[1.5797455712068, -0.11849019915785, 0.060302674910905]","[0.7987701569412, -0.0046686949540444, -0.0034205373749227]",richmond:18,26.70
9489922854360494,ZViT8LR5yaJnOk0QhCbm3I,2025-02-03,none,none,4096,1874,37.541898300897,-77.440254241133,142.13238976615,"[0.70210830316354, -1.997041847635, 1.7176854874628]","[0.98597005603244, -0.013481134618189, -0.001292382559396]",richmond:222,9.65
950180990120896,7PckD56UEMwgrdLVeqYyON,2025-02-03,none,none,4096,1874,37.538846672303,-77.441414511415,240.85107967585,"[0.9475412368588, 1.8528491998064, -1.3079611330045]","[0.59254659531906, 0.0021065071715577, 0.0019677756875785]",richmond:25,15.44
952482502230245,ATAIxHx8ob0G_E_MVoYe-g,2018-01-14,motorola,moto x4,4032,3024,37.54044043295,-77.439862941706,312.40051255984,"[1.4639447258209, 0.6280550916232, -0.66884031272332]","[0.72857201731379, 0.035253984274993, -0.026342441150742]",richmond:144,5.98
952510422250561,w8hy0Wlz8tJRc2uxV5JqIM,2021-01-23,Garmin,VIRB,3264,2448,37.548978727187,-77.440220160134,121.15467605294,"[0.81396949575828, -1.4362553341451, 1.7069297528768]","[0.70310544623019, -0.095213924118172, -0.024453772793845]",richmond:149,6.27
952660218846348,ATAIxHx8ob0G_E_MVoYe-g,2018-01-14,motorola,moto x4,4032,3024,37.540652616571,-77.440201497902,312.56120476528,"[1.5185075802987, 0.6260049770674, -0.67471604889742]","[0.72857201731379, 0.035253984274993, -0.026342441150742]",richmond:145,26.31
9530226680350240,ZViT8LR5yaJnOk0QhCbm3I,2025-02-03,none,none,4096,1874,37.541999299318,-77.44042111835,140.90742104525,"[0.7112884062275, -1.9756483486392, 1.708097034422]","[0.98597005603244, -0.013481134618189, -0.001292382559396]",richmond:222,27.46
953358925968828,EsPJ7herbXIlGnm69cjqCW,2023-06-09,Apple,iPhone 13,4032,3024,37.537715116316,-77.439844088471,113.93280353889,"[0.94621760604186, -1.5323813967512, 1.4704353064378]","[0.404523526926, -0.00048672221672097, -0.00028403876791042]",richmond:195,4.87
953384952151861,w8hy0Wlz8tJRc2uxV5JqIM,2021-01-23,Garmin,VIRB,3264,2448,37.548978587919,-77.440220211821,121.17133621565,"[0.81332594953952, -1.43617845494, 1.707090941642]","[0.70310544623019, -0.095213924118172, -0.024453772793845]",richmond:149,6.28
953800653080899,7PckD56UEMwgrdLVeqYyON,2025-02-03,none,none,4096,1874,37.538719569232,-77.441556809117,241.11237430533,"[0.92242412634268, 1.81756455562, -1.3260815156993]","[0.70720938027925, -0.0083799734600894, -0.0028089330615586]",richmond:25,6.61
9551528621570126,0z1qCAk9QHtwGfKceJVj6X,2025-02-03,none,none,4096,1874,37.536855279227,-77.440830993946,150.56844629898,"[0.73604094139789, -2.3028387376455, 1.6226374789469]","[0.57915256832162, 0.00032445697669958, 0.0012462713630676]",richmond:0,19.03
956120775200748,w8hy0Wlz8tJRc2uxV5JqIM,2021-01-23,Garmin,VIRB,3264,2448,37.549147718727,-77.440283694606,47.360885272374,"[1.3738600123859, -0.63618308809563, 0.6339439073652]","[0.76147893530221, -0.056106694508678, -0.057746068421835]",richmond:148,9.89
957383038163391,w8hy0Wlz8tJRc2uxV5JqIM,2021-01-23,Garmin,VIRB,3264,2448,37.54895926795,-77.440232820686,121.39847474883,"[0.81033979832514, -1.4334265654012, 1.7148731778297]","[0.70310544623019, -0.095213924118172, -0.024453772793845]",richmond:149,8.00
959901621499687,Yyo2YprvMTjOcScG5Mi2mM,2021-01-23,Garmin,VIRB,3264,2448,37.547963566985,-77.441274851501,344.54324948278,"[1.556611838497, 0.20815950266894, -0.21515640570795]","[0.694146527347, -0.062403390616, -0.0603994499556]",richmond:201,16.32
9618759074810461,xVvkMDqlOaYeUTwIX2f40c,2025-02-03,none,none,4096,1874,37.541638253628,-77.439822452696,143.09549667164,"[0.66064869138471, -1.9556598051303, 1.7697507901924]","[0.86140466348728, -0.0060575537919208, -0.00086870246209996]",richmond:221,24.41
962993235928828,5EkNdnV0SDH6yzW4FKtqw7,2025-02-03,none,none,4096,1874,37.53872430616,-77.44154837107,236.09200729655,"[0.8430596351953, 1.7503499266568, -1.4991254146933]","[0.96436402353645, -0.013520894847123, -0.0020871129953137]",richmond:25,6.24
963659057730836,hMfZ50zbiU94YK04ZPbAwr,2021-01-23,Garmin,VIRB,3264,2448,37.547028998786,-77.439278467989,223.3162754061,"[0.67116372365661, 1.6157417748663, -1.9173021813688]","[0.75431909163283, -0.068209134777162, -0.061754878325471]",richmond:6,21.45
966461870773784,Yyo2YprvMTjOcScG5Mi2mM,2021-01-23,Garmin,VIRB,3264,2448,37.547830524045,-77.441296381376,301.25672079065,"[1.2339802324399, 0.61345775415791, -0.95389163751825]","[0.71082989266215, -0.063851663367775, -0.057035055883508]",richmond:201,19.18
967107142036236,mljMiuUB1obwPOeZxLyT5K,2025-02-03,none,none,4096,1874,37.546599965046,-77.439650178091,226.36995488708,"[0.81727801938641, 1.844510735144, -1.6783953680017]","[1.4627224262008, -0.024658745958048, -0.00014739878905652]",richmond:7,24.64
9699627406714512,qVTQFIHbvh1wrWuZ7mAKoR,2025-02-03,none,none,4096,1874,37.546991362213,-77.439262028213,230.83638981474,"[0.90298991729347, 1.9517486964301, -1.4691389174342]","[0.61669470208105, -0.010398946808058, -0.001981698652351]",richmond:6,19.73
970571581190222,qVTQFIHbvh1wrWuZ7mAKoR,2025-02-03,none,none,4096,1874,37.54607931348,-77.440165521036,230.46915545682,"[0.8842514623284, 1.9497278570459, -1.4752399493408]","[0.6419152979586, -0.0011154273035746, 0.00075922181018828]",richmond:40,7.33
970822175003533,j5OUtzRcSX0Qxav8iWewB4,2025-02-03,none,none,4096,1874,37.543799508171,-77.443380722751,136.25606507474,"[0.84994624759745, -1.9353556492671, 1.6739651415587]","[0.76917204203587, -0.00022352870483632, 0.0014742591207916]",richmond:30,15.90
973843374234909,9y1e3u7vVNOEqrtKRsoldG,2025-02-03,none,none,4096,1874,37.536613458593,-77.440413531649,143.87621331334,"[0.69821425811005, -1.9935187393178, 1.7728654250935]","[0.70675866007038, -0.003125249858105, -0.00051831027294128]",richmond:0,29.93
976826377139301,62a5gnQzJiIu7FflGk80eM,2025-02-03,none,none,4096,1874,37.537694506169,-77.44237413915,71.502597051251,"[1.3448069112342, -0.96817166292842, 0.96816675845359]","[0.65521139221933, -0.0025747425069556, -0.00042009397953822]",richmond:99,5.44
977017689789662,Yyo2YprvMTjOcScG5Mi2mM,2021-01-23,Garmin,VIRB,3264,2448,37.549249940219,-77.440388942784,273.99402350041,"[1.2420955456254, 1.1564077458833, -1.1592459183328]","[0.694146527347, -0.062403390616, -0.0603994499556]",richmond:147,6.65
977097556382719,Yyo2YprvMTjOcScG5Mi2mM,2021-01-23,Garmin,VIRB,3264,2448,37.548986688352,-77.440319267776,296.85150209315,"[1.3904034220693, 0.71508509496804, -1.0057748857004]","[0.70407134294493, -0.081676421436449, -0.032388966450689]",richmond:148,8.48
979348263980800,lnkxu1XHUOfT3dBtobgM0Q,2024-06-29,GoPro,HERO11 Black,5568,4872,37.544414033508,-77.439800782489,312.81188146126,"[1.5064211215777, 0.68461947427581, -0.60915205862565]","[0.31614226551806, -0.052953733458825, 0.0020357978107395]",richmond:242,28.61
9817245544962434,62a5gnQzJiIu7FflGk80eM,2025-02-03,none,none,4096,1874,37.5377,-77.4423056,140.49612196642,"[0.65436612503238, -1.8223666984582, 1.8223666984582]","[0.58, 0, 0]",richmond:99,10.09
982170183806001,tL5wgUH4svzQiaBo0k7xSj,2025-02-03,none,none,4096,1874,37.535283213641,-77.438008482481,142.98752352661,"[0.70478335365227, -1.9963291020724, 1.7458150337517]","[0.98913944838179, -0.0068023243831157, -0.0012459649251761]",richmond:129,12.76
982217823789394,FRnoGPpvqCsVOMc0iWEDxA,2025-02-03,none,none,4096,1874,37.538041899452,-77.4421225559,244.03608573587,"[0.99258195757953, 1.633891020224, -1.4505492555862]","[1.0508950787596, -0.012639767251291, -0.0022372504726072]",richmond:96,26.04
983928387129737,C34usnDOXhTe5i1wJqMyFU,2025-02-03,none,none,4096,1874,37.543049716533,-77.444296043577,337.37620963128,"[1.5485116876457, 0.30974929912111, -0.30976533323369]","[0.64214925015267, -0.0030989526715712, -0.0010554222567786]",richmond:115,2.72
984317550224370,mljMiuUB1obwPOeZxLyT5K,2025-02-03,none,none,4096,1874,37.546642235096,-77.439610550115,226.17260625823,"[0.814739932338, 1.8487247033494, -1.6787195527638]","[1.4627224262008, -0.024658745958048, -0.00014739878905652]",richmond:7,18.92
984856443101312,mljMiuUB1obwPOeZxLyT5K,2025-02-03,none,none,4096,1874,37.5460730092,-77.44015048348,227.10229703151,"[0.8272016422873, 1.8298672405659, -1.6763652148445]","[1.4627224262008, -0.024658745958048, -0.00014739878905652]",richmond:40,8.50
985890353282764,6e8jRXiFnPEAD5Ughx7CGV,2024-07-14,GoPro,HERO11 Black,5568,4872,37.541984729246,-77.435919186906,133.78912107858,"[0.8312228486061, -1.840688627085, 1.693686848605]","[0.42004717973406, -0.10377080581512, 0.0073001403287353]",richmond:162,13.58
987177426444326,nue465Xfgv1VDJs8mW9TFU,2024-06-09,GoPro,HERO11 Black,5568,4872,37.546351275383,-77.435614242963,313.77267773557,"[1.5086947764716, 0.64537167193039, -0.621131763602]","[0.31482823792874, -0.07405889352424, 0.0041439844633844]",richmond:203,17.92
987458638456101,mam7ks3645hh92h9cni078,2018-08-03,Apple,iPhone5,1920,1080,37.535378014381,-77.429845771283,188.32831278033,"[0.11649256188167, 2.1908466552378, -2.067874963196]","[1.1539066212445, 0.0048340330207346, 0.00029367076059309]",richmond:18,28.59
989409672852840,QPmCdRWHwZr3Bqcnpuxhsg,2024-06-09,GoPro,HERO11 Black,5568,4872,37.549305630087,-77.440536556181,133.34061654777,"[0.78126172321879, -1.7992489681546, 1.6986348915839]","[0.39353576542118, -0.0090562232179504, -0.014173752260107]",richmond:147,19.26
992478454851691,Yyo2YprvMTjOcScG5Mi2mM,2021-01-23,Garmin,VIRB,3264,2448,37.547829167192,-77.441297633081,301.30729157398,"[1.2347548095658, 0.60800185130843, -0.95938850378569]","[0.72194937334099, -0.067466814928941, -0.058615989495167]",richmond:201,19.35
995178445430341,dSo8DGcRjtYEmMgsvB72L5,2024-07-14,GoPro,HERO11 Black,5568,4872,37.544663507435,-77.440395420004,136.18953508201,"[0.71513735167016, -1.8479731951223, 1.7000472043799]","[0.40122485126348, -0.11858135315861, 0.010319427380999]",richmond:240,21.33
995197182309685,6e8jRXiFnPEAD5Ughx7CGV,2024-07-14,GoPro,HERO11 Black,5568,4872,37.54200909641,-77.435962215664,133.68539923245,"[0.82607051464675, -1.8347795455126, 1.6943868625723]","[0.42004717973406, -0.10377080581512, 0.0073001403287353]",richmond:162,17.84
995761439065232,fBJpEdlaWrLg98ZQwbi5Sy,2025-02-03,none,none,4096,1874,37.5404778,-77.4397917,245.84642763789,"[0.97939356049682, 1.5125678489454, -1.5125678489454]","[0.58, 0, 0]",richmond:144,6.93
997964881011668,Yyo2YprvMTjOcScG5Mi2mM,2021-01-23,Garmin,VIRB,3264,2448,37.54782916862,-77.441297635271,301.32752329489,"[1.2344193979075, 0.60759099041566, -0.95918187282953]","[0.72194937334099, -0.067466814928941, -0.058615989495167]",richmond:201,19.35
998160938640339,4pTSeDONrRqohUYIvbK8l5,2024-06-09,GoPro,HERO11 Black,5568,4872,37.548887137509,-77.439783788862,310.2970493124,"[1.4864374838308, 0.72596287136244, -0.6344614338748]","[0.4283172732332, -0.1130849763788, 0.0083354673436015]",richmond:151,29.29
