stratum,label_uid,city,pano_id,checkpoint,T_deg,d_x_b100,d_y_b100,stored_hm_x,stored_hm_y,peak_hm_x,peak_hm_y,peak_value,peak2_hm_x,peak2_hm_y,peak2_value,peak_minus_stored_x,peak_minus_stored_y,peak2_minus_stored_x,peak2_minus_stored_y
lt1,chicago-il:3415,chicago-il,-KOBCrMP-06tO4fSwQZ5sQ,round1,-0.8065,7.0861,15.4737,68.604,120.0469,74.7366,116.2816,0.8817,74.7366,116.2816,0.8817,49.0609,-30.1221,49.0609,-30.1221
lt1,chicago-il:3415,chicago-il,-KOBCrMP-06tO4fSwQZ5sQ,round2,-0.8065,7.0861,15.4737,68.604,120.0469,74.5904,116.4375,0.9346,74.5904,116.4375,0.9346,47.8915,-28.8746,47.8915,-28.8746
lt1,chicago-il:6802,chicago-il,0sngsKc7nOBejO3RbV4CgQ,round1,0.8098,1.3684,-16.8118,64.8078,79.9871,67.1778,76.4936,0.99,67.1778,76.4936,0.99,18.9599,-27.9483,18.9599,-27.9483
lt1,chicago-il:6802,chicago-il,0sngsKc7nOBejO3RbV4CgQ,round2,0.8098,1.3684,-16.8118,64.8078,79.9871,67.2447,76.481,1.0,67.2447,76.481,1.0,19.4949,-28.0489,19.4949,-28.0489
lt1,chicago-il:7473,chicago-il,0x31lnzwlKyQPMkIEJdIDA,round1,0.9744,-17.4949,-17.6746,42.2945,125.7748,43.077,124.1403,0.9744,43.077,124.1403,0.9744,6.2596,-13.0761,6.2596,-13.0761
lt1,chicago-il:7473,chicago-il,0x31lnzwlKyQPMkIEJdIDA,round2,0.9744,-17.4949,-17.6746,42.2945,125.7748,43.2527,123.5,1.0,43.2527,123.5,1.0,7.6655,-18.1982,7.6655,-18.1982
lt1,chicago-il:9170,chicago-il,1E55Z7uZvGzQ9kjYt5SoRw,round1,-0.0684,6.6034,1.1263,35.1147,94.2536,36.0609,91.9969,0.9752,36.0609,91.9969,0.9752,7.5693,-18.0533,7.5693,-18.0533
lt1,chicago-il:9170,chicago-il,1E55Z7uZvGzQ9kjYt5SoRw,round2,-0.0684,6.6034,1.1263,35.1147,94.2536,36.0943,98.5,1.0,36.0943,98.5,1.0,7.8369,33.9713,7.8369,33.9713
lt1,chicago-il:10224,chicago-il,2JhJ9GdlI7MBRosvtV2lOw,round1,-0.2449,1.6861,4.8869,28.5139,83.6012,28.0349,82.8501,0.9986,28.0349,82.8501,0.9986,-3.8326,-6.0088,-3.8326,-6.0088
lt1,chicago-il:10224,chicago-il,2JhJ9GdlI7MBRosvtV2lOw,round2,-0.2449,1.6861,4.8869,28.5139,83.6012,27.5,79.5,1.0,27.5,79.5,1.0,-8.1115,-32.8094,-8.1115,-32.8094
lt1,chicago-il:159544,chicago-il,6ndR6EFzRacIBzhpx3xncg,round1,-0.6164,-1.2358,11.5103,15.7711,132.4841,19.766,138.7784,0.9097,19.766,138.7784,0.9097,31.9588,50.354,31.9588,50.354
lt1,chicago-il:159544,chicago-il,6ndR6EFzRacIBzhpx3xncg,round2,-0.6164,-1.2358,11.5103,15.7711,132.4841,19.925,138.6335,0.9463,19.925,138.6335,0.9463,33.2306,49.1954,33.2306,49.1954
lt1,chicago-il:163827,chicago-il,9gCsZ84a9mXMpkmbOvQ0iw,round1,-0.7796,0.9377,15.2036,56.1034,90.1248,59.6098,91.0404,0.9539,59.6098,91.0404,0.9539,28.0513,7.3248,28.0513,7.3248
lt1,chicago-il:163827,chicago-il,9gCsZ84a9mXMpkmbOvQ0iw,round2,-0.7796,0.9377,15.2036,56.1034,90.1248,59.9598,91.5,1.0,59.9598,91.5,1.0,30.8514,11.0017,30.8514,11.0017
lt1,chicago-il:10470,chicago-il,9t3Ne7l5pI2LpVgvLg1Yuw,round1,0.3946,-6.6703,-8.0588,70.4546,105.5718,74.6143,106.5922,0.9254,74.6143,106.5922,0.9254,33.2775,8.1629,33.2775,8.1629
lt1,chicago-il:10470,chicago-il,9t3Ne7l5pI2LpVgvLg1Yuw,round2,0.3946,-6.6703,-8.0588,70.4546,105.5718,74.9978,100.5,1.0,74.9978,100.5,1.0,36.3458,-40.5743,36.3458,-40.5743
lt1,chicago-il:2263,chicago-il,BBNHcO362FDPQp6YULCgCQ,round1,-0.4865,0.2454,9.14,15.9675,106.6833,12.0354,115.2898,0.9998,12.0354,115.2898,0.9998,-31.457,68.8514,-31.457,68.8514
lt1,chicago-il:2263,chicago-il,BBNHcO362FDPQp6YULCgCQ,round2,-0.4865,0.2454,9.14,15.9675,106.6833,11.5,115.5,1.0,11.5,115.5,1.0,-35.7404,70.5333,-35.7404,70.5333
lt1,chicago-il:77716,chicago-il,FTl2XZYL4_n8u2ahj-72tQ,round1,0.5158,-1.6544,-10.335,38.8633,84.1225,36.1885,84.0036,0.7049,36.1885,84.0036,0.7049,-21.3985,-0.9514,-21.3985,-0.9514
lt1,chicago-il:77716,chicago-il,FTl2XZYL4_n8u2ahj-72tQ,round2,0.5158,-1.6544,-10.335,38.8633,84.1225,43.4571,83.9019,0.9624,43.4571,83.9019,0.9624,36.7508,-1.7645,36.7508,-1.7645
lt1,chicago-il:6156,chicago-il,FjYKR3dK7k9Hop8Xs5c25Q,round1,-0.0346,3.4641,0.4827,12.0373,89.8337,11.5,90.5,1.0,11.5,90.5,1.0,-4.2982,5.3308,-4.2982,5.3308
lt1,chicago-il:6156,chicago-il,FjYKR3dK7k9Hop8Xs5c25Q,round2,-0.0346,3.4641,0.4827,12.0373,89.8337,11.5,89.5,1.0,11.5,89.5,1.0,-4.2982,-2.6692,-4.2982,-2.6692
lt1,chicago-il:3477,chicago-il,PJlXqFBABl1ZZAypDQQkPA,round1,-0.5651,-1.2707,11.0649,64.3203,90.2838,59.8047,87.5,1.0,59.8047,87.5,1.0,-36.1247,-22.2704,-36.1247,-22.2704
lt1,chicago-il:3477,chicago-il,PJlXqFBABl1ZZAypDQQkPA,round2,-0.5651,-1.2707,11.0649,64.3203,90.2838,59.876,89.5,1.0,59.876,89.5,1.0,-35.5541,-6.2704,-35.5541,-6.2704
lt1,chicago-il:3140,chicago-il,SdVcUhIx6Z1vI6bqCEDpJw,round1,0.7443,2.1648,-15.142,66.7651,84.0502,67.5,83.5,1.0,67.5,83.5,1.0,5.8796,-4.4015,5.8796,-4.4015
lt1,chicago-il:3140,chicago-il,SdVcUhIx6Z1vI6bqCEDpJw,round2,0.7443,2.1648,-15.142,66.7651,84.0502,68.1544,83.1956,0.9906,68.1544,83.1956,0.9906,11.1151,-6.8365,11.1151,-6.8365
lt1,chicago-il:246,chicago-il,VJBk3px8ycAVCzaJ11bx2w,round1,0.5241,2.3109,-10.8064,32.7007,79.9631,35.3465,76.4811,0.9918,35.3465,76.4811,0.9918,21.1657,-27.8562,21.1657,-27.8562
lt1,chicago-il:246,chicago-il,VJBk3px8ycAVCzaJ11bx2w,round2,0.5241,2.3109,-10.8064,32.7007,79.9631,35.51,76.0175,0.9899,35.51,76.0175,0.9899,22.474,-31.5649,22.474,-31.5649
lt1,chicago-il:7495,chicago-il,Vb1Jg2jjJ_ke619_uBeaPQ,round1,-0.1438,-0.6123,3.0946,30.4309,70.95,28.0742,68.245,0.6048,28.0742,68.245,0.6048,-18.8542,-21.64,-18.8542,-21.64
lt1,chicago-il:7495,chicago-il,Vb1Jg2jjJ_ke619_uBeaPQ,round2,-0.1438,-0.6123,3.0946,30.4309,70.95,27.9857,68.1708,0.9037,27.9857,68.1708,0.9037,-19.562,-22.2339,-19.562,-22.2339
lt1,chicago-il:8036,chicago-il,WdWfqCps0GL8ZxokAQpR8g,round1,-0.2651,-4.9303,5.008,47.9184,92.2703,50.6181,92.0472,0.9338,50.6181,92.0472,0.9338,21.5974,-1.7849,21.5974,-1.7849
lt1,chicago-il:8036,chicago-il,WdWfqCps0GL8ZxokAQpR8g,round2,-0.2651,-4.9303,5.008,47.9184,92.2703,44.3794,92.2936,0.9395,44.3794,92.2936,0.9395,-28.3123,0.1864,-28.3123,0.1864
lt1,chicago-il:754,chicago-il,YI-tC3-lA8mBRfUIrQ12nw,round1,-0.113,5.6915,2.599,71.6249,112.1848,74.952,115.5122,0.9911,74.952,115.5122,0.9911,26.6167,26.6195,26.6167,26.6195
lt1,chicago-il:754,chicago-il,YI-tC3-lA8mBRfUIrQ12nw,round2,-0.113,5.6915,2.599,71.6249,112.1848,75.5,115.5,1.0,75.5,115.5,1.0,31.0008,26.5217,31.0008,26.5217
lt1,chicago-il:414,chicago-il,ffm9E4O1p3xpdTAT0nAcsg,round1,-0.9446,4.6023,19.0545,20.2154,82.2012,20.0221,83.8177,0.9911,20.0221,83.8177,0.9911,-1.546,12.9316,-1.546,12.9316
lt1,chicago-il:414,chicago-il,ffm9E4O1p3xpdTAT0nAcsg,round2,-0.9446,4.6023,19.0545,20.2154,82.2012,19.8083,84.0604,1.0,19.8083,84.0604,1.0,-3.2565,14.8737,-3.2565,14.8737
lt1,chicago-il:11471,chicago-il,hxRbvvKjQEVbWxuAFlToDQ,round1,-0.2912,-0.3218,5.9735,26.5349,80.1796,26.8834,84.2783,0.4311,26.8834,84.2783,0.4311,2.7881,32.7898,2.7881,32.7898
lt1,chicago-il:11471,chicago-il,hxRbvvKjQEVbWxuAFlToDQ,round2,-0.2912,-0.3218,5.9735,26.5349,80.1796,26.8412,83.8969,0.9099,26.8412,83.8969,0.9099,2.4503,29.7384,2.4503,29.7384
lt1,chicago-il:1528,chicago-il,jlFOhg6lmAq72hNs6SriOA,round1,-0.2216,-1.7233,4.3869,48.4078,84.904,51.151,83.9373,0.9749,51.151,83.9373,0.9749,21.9457,-7.7333,21.9457,-7.7333
lt1,chicago-il:1528,chicago-il,jlFOhg6lmAq72hNs6SriOA,round2,-0.2216,-1.7233,4.3869,48.4078,84.904,51.2113,84.4574,0.9645,51.2113,84.4574,0.9645,22.4283,-3.5725,22.4283,-3.5725
lt1,chicago-il:777,chicago-il,kviB93B1uCihm-0g5x7jKw,round1,0.0151,-0.4279,-0.3066,59.4071,131.494,59.1368,131.2736,0.9173,59.1368,131.2736,0.9173,-2.1625,-1.7636,-2.1625,-1.7636
lt1,chicago-il:777,chicago-il,kviB93B1uCihm-0g5x7jKw,round2,0.0151,-0.4279,-0.3066,59.4071,131.494,59.7407,131.3942,0.9481,59.7407,131.3942,0.9481,2.6694,-0.7987,2.6694,-0.7987
lt1,chicago-il:5389,chicago-il,lAL0G6lVfOyeYKRom3JFFg,round1,0.4866,-0.4567,-9.2537,38.5506,96.2522,35.8298,99.1021,0.9607,35.8298,99.1021,0.9607,-21.7659,22.7992,-21.7659,22.7992
lt1,chicago-il:5389,chicago-il,lAL0G6lVfOyeYKRom3JFFg,round2,0.4866,-0.4567,-9.2537,38.5506,96.2522,35.6026,98.5294,0.9858,35.6026,98.5294,0.9858,-23.5839,18.2181,-23.5839,18.2181
lt1,chicago-il:10210,chicago-il,l_ojVy71fPquQ35byOFzbw,round1,-0.933,-3.601,18.5201,73.688,88.7496,68.0838,90.8378,0.9797,68.0838,90.8378,0.9797,-44.8337,16.706,-44.8337,16.706
lt1,chicago-il:10210,chicago-il,l_ojVy71fPquQ35byOFzbw,round2,-0.933,-3.601,18.5201,73.688,88.7496,68.3181,91.0096,0.9864,68.3181,91.0096,0.9864,-42.9594,18.0804,-42.9594,18.0804
lt1,chicago-il:19569,chicago-il,m9PvMAS2WIaRDNL1j8uCcA,round1,0.521,1.5066,-9.7737,46.2917,99.9254,55.0,93.0,0.8745,59.1787,91.5348,0.9413,69.6666,-55.4029,103.0961,-67.1241
lt1,chicago-il:19569,chicago-il,m9PvMAS2WIaRDNL1j8uCcA,round2,0.521,1.5066,-9.7737,46.2917,99.9254,52.0343,99.5512,0.8897,59.5,83.5,1.0,45.9412,-2.9936,105.6666,-131.4029
lt1,chicago-il:5004,chicago-il,s1Be3ltxDaMazOF3QeVAog,round1,0.5067,1.7455,-9.6901,37.3709,95.6903,35.4908,91.9,1.0,35.4908,91.9,1.0,-15.0403,-30.3229,-15.0403,-30.3229
lt1,chicago-il:5004,chicago-il,s1Be3ltxDaMazOF3QeVAog,round2,0.5067,1.7455,-9.6901,37.3709,95.6903,35.4233,92.0389,0.9901,35.4233,92.0389,0.9901,-15.5805,-29.2115,-15.5805,-29.2115
lt1,chicago-il:4882,chicago-il,tBcvXwR43u8NpXGOUNuRbg,round1,0.835,7.3653,-16.7475,26.126,91.0177,35.5,92.5,1.0,35.5,92.5,1.0,74.9921,11.8581,74.9921,11.8581
lt1,chicago-il:4882,chicago-il,tBcvXwR43u8NpXGOUNuRbg,round2,0.835,7.3653,-16.7475,26.126,91.0177,35.5,91.5,1.0,35.5,91.5,1.0,74.9921,3.8581,74.9921,3.8581
lt1,chicago-il:6058,chicago-il,xa_MQ7pn9ayCa7hgL1xDnw,round1,-0.4144,2.905,7.7432,55.6361,107.0294,59.7341,107.0711,0.9661,59.7341,107.0711,0.9661,32.7838,0.3337,32.7838,0.3337
lt1,chicago-il:6058,chicago-il,xa_MQ7pn9ayCa7hgL1xDnw,round2,-0.4144,2.905,7.7432,55.6361,107.0294,59.8858,107.3653,0.9825,59.8858,107.3653,0.9825,33.9976,2.6871,33.9976,2.6871
lt1,chicago-il:503,chicago-il,xkD1f4c5uDmseeEAbYruag,round1,0.9635,-0.1874,-19.1777,29.57,87.1987,34.5954,90.5822,0.9229,34.5954,90.5822,0.9229,40.2027,27.0682,40.2027,27.0682
lt1,chicago-il:503,chicago-il,xkD1f4c5uDmseeEAbYruag,round2,0.9635,-0.1874,-19.1777,29.57,87.1987,28.2216,83.9546,0.9839,28.2216,83.9546,0.9839,-10.7875,-25.9522,-10.7875,-25.9522
lt1,cliffside-park-nj:24930,cliffside-park-nj,AUCy8tiDO9rrwi9LEVKW-A,round1,0.5053,63.9524,-14.3927,37.3804,120.1248,36.2713,116.0558,0.8525,36.2713,116.0558,0.8525,-8.8727,-32.5518,-8.8727,-32.5518
lt1,cliffside-park-nj:24930,cliffside-park-nj,AUCy8tiDO9rrwi9LEVKW-A,round2,0.5053,63.9524,-14.3927,37.3804,120.1248,43.9132,115.6721,0.9152,43.9132,115.6721,0.9152,52.2625,-35.6212,52.2625,-35.6212
lt1,columbus-oh:750,columbus-oh,-zems9A79lp_ZegEx202bA,round1,0.0086,2.1064,-0.0658,74.2239,89.2768,74.8087,91.0187,0.9866,74.8087,91.0187,0.9866,4.6781,13.935,4.6781,13.935
lt1,columbus-oh:750,columbus-oh,-zems9A79lp_ZegEx202bA,round2,0.0086,2.1064,-0.0658,74.2239,89.2768,75.2057,90.5,1.0,75.2057,90.5,1.0,7.8543,9.7853,7.8543,9.7853
lt1,columbus-oh:281,columbus-oh,0tx2VJMWMhlP9igSpUEMeg,round1,-0.7535,-0.2588,14.9672,24.4321,86.7707,20.0226,84.2132,0.9844,20.0226,84.2132,0.9844,-35.2765,-20.4603,-35.2765,-20.4603
lt1,columbus-oh:281,columbus-oh,0tx2VJMWMhlP9igSpUEMeg,round2,-0.7535,-0.2588,14.9672,24.4321,86.7707,20.3362,90.6134,0.9361,20.3362,90.6134,0.9361,-32.7677,30.7418,-32.7677,30.7418
lt1,columbus-oh:7785,columbus-oh,1PcfHXCpBP3yigxodlaqUw,round1,-0.2172,-1.8303,4.5549,23.7709,77.4522,20.4002,75.8009,0.9678,20.4002,75.8009,0.9678,-26.9655,-13.2099,-26.9655,-13.2099
lt1,columbus-oh:7785,columbus-oh,1PcfHXCpBP3yigxodlaqUw,round2,-0.2172,-1.8303,4.5549,23.7709,77.4522,24.5,76.1635,1.0,24.5,76.1635,1.0,5.8329,-10.3095,5.8329,-10.3095
lt1,columbus-oh:22278,columbus-oh,6SJDLx_mxmxeL1pVcvH5RA,round1,-0.239,2.5968,5.2458,71.086,70.8544,62.5,78.5,0.0145,57.0,88.0,0.0451,-68.6881,61.1646,-112.6881,137.1646
lt1,columbus-oh:22278,columbus-oh,6SJDLx_mxmxeL1pVcvH5RA,round2,-0.239,2.5968,5.2458,71.086,70.8544,59.5,72.5,0.0207,59.5,90.0,0.0346,-92.6881,13.1646,-92.6881,153.1646
lt1,columbus-oh:15054,columbus-oh,DL0xRzTO_O3O5DD_vBKBcw,round1,-0.2518,0.6731,4.6717,56.9047,107.8916,59.2485,99.9513,0.9698,59.2485,99.9513,0.9698,18.7509,-63.5223,18.7509,-63.5223
lt1,columbus-oh:15054,columbus-oh,DL0xRzTO_O3O5DD_vBKBcw,round2,-0.2518,0.6731,4.6717,56.9047,107.8916,59.219,106.6713,0.9848,59.219,106.6713,0.9848,18.5143,-9.7624,18.5143,-9.7624
lt1,columbus-oh:24341,columbus-oh,JB1y4hePC5vROG77uZ9NHw,round1,0.4107,-0.3877,-8.1178,10.568,94.2439,21.5,98.5,0.0121,29.5,107.0,0.0201,87.4559,34.0489,151.4559,102.0489
lt1,columbus-oh:24341,columbus-oh,JB1y4hePC5vROG77uZ9NHw,round2,0.4107,-0.3877,-8.1178,10.568,94.2439,19.1223,99.274,0.0049,19.1223,99.274,0.0049,68.4345,40.2405,68.4345,40.2405
lt1,columbus-oh:27300,columbus-oh,LsQe2t5C9jHYJGVU4xHuQA,round1,-0.0141,2.6275,0.2008,17.4361,77.322,28.5,75.8594,0.0117,31.0,95.0,0.0388,88.5112,-11.7006,108.5112,141.4239
lt1,columbus-oh:27300,columbus-oh,LsQe2t5C9jHYJGVU4xHuQA,round2,-0.0141,2.6275,0.2008,17.4361,77.322,20.3933,76.3578,0.0022,11.1765,91.7024,0.0026,23.6574,-7.7137,-50.0768,115.0432
lt1,columbus-oh:14142,columbus-oh,MYZWvUncW5lS7F4Kjd-G2w,round1,0.2265,1.298,-4.7518,31.9717,76.3995,28.2098,75.7864,0.9835,28.2098,75.7864,0.9835,-30.0958,-4.9049,-30.0958,-4.9049
lt1,columbus-oh:14142,columbus-oh,MYZWvUncW5lS7F4Kjd-G2w,round2,0.2265,1.298,-4.7518,31.9717,76.3995,28.2928,76.0522,0.985,28.2928,76.0522,0.985,-29.4318,-2.7784,-29.4318,-2.7784
lt1,columbus-oh:28544,columbus-oh,MemLZBOgswZwKZ0-Eq2ZKA,round1,0.3396,15.5822,-10.0129,21.6434,174.4475,27.3324,171.8736,0.587,27.3324,171.8736,0.587,45.5119,-20.5905,45.5119,-20.5905
lt1,columbus-oh:28544,columbus-oh,MemLZBOgswZwKZ0-Eq2ZKA,round2,0.3396,15.5822,-10.0129,21.6434,174.4475,32.5,170.9364,0.431,43.0,171.0452,0.4751,86.853,-28.0886,170.853,-27.2177
lt1,columbus-oh:6992,columbus-oh,MgvoVm_knzGN6GUVKu6B1A,round1,0.949,-2.7516,-18.3547,22.2214,94.5284,20.3681,91.5994,0.883,20.3681,91.5994,0.883,-14.8266,-23.4324,-14.8266,-23.4324
lt1,columbus-oh:6992,columbus-oh,MgvoVm_knzGN6GUVKu6B1A,round2,0.949,-2.7516,-18.3547,22.2214,94.5284,20.4598,91.2943,0.9887,20.4598,91.2943,0.9887,-14.093,-25.8734,-14.093,-25.8734
lt1,columbus-oh:6119,columbus-oh,PTiege5H6Pfgf3Q8efN27A,round1,0.2614,0.4176,-5.511,33.6195,74.7151,36.1347,75.7407,0.9657,36.1347,75.7407,0.9657,20.1209,8.2048,20.1209,8.2048
lt1,columbus-oh:6119,columbus-oh,PTiege5H6Pfgf3Q8efN27A,round2,0.2614,0.4176,-5.511,33.6195,74.7151,35.5,75.5,1.0,35.5,75.5,1.0,15.0436,6.2794,15.0436,6.2794
lt1,columbus-oh:9254,columbus-oh,PbJoUCenMWMEPrFsoy2gTA,round1,-0.3044,-0.3739,6.0358,70.4206,90.2871,68.3586,91.205,0.9852,68.3586,91.205,0.9852,-16.4966,7.3428,-16.4966,7.3428
lt1,columbus-oh:9254,columbus-oh,PbJoUCenMWMEPrFsoy2gTA,round2,-0.3044,-0.3739,6.0358,70.4206,90.2871,68.5,91.5,1.0,68.5,91.5,1.0,-15.3651,9.7032,-15.3651,9.7032
lt1,columbus-oh:19841,columbus-oh,R66XueqpNtkx-mT5tUBM4g,round1,0.1097,5.4236,-1.6034,57.7464,133.6512,59.941,131.9943,0.9395,59.941,131.9943,0.9395,17.5572,-13.255,17.5572,-13.255
lt1,columbus-oh:19841,columbus-oh,R66XueqpNtkx-mT5tUBM4g,round2,0.1097,5.4236,-1.6034,57.7464,133.6512,59.924,131.5,1.0,59.924,131.5,1.0,17.4211,-17.2097,17.4211,-17.2097
lt1,columbus-oh:14125,columbus-oh,Rr94147-gPLl-NCF2pes6A,round1,-0.5393,1.6995,10.616,54.3835,88.1454,59.2894,91.718,0.9679,59.2894,91.718,0.9679,39.2475,28.5808,39.2475,28.5808
lt1,columbus-oh:14125,columbus-oh,Rr94147-gPLl-NCF2pes6A,round2,-0.5393,1.6995,10.616,54.3835,88.1454,59.5,90.5,1.0,59.5,90.5,1.0,40.932,18.8366,40.932,18.8366
lt1,columbus-oh:29786,columbus-oh,T_s-1IjD-7S1K5Hnd6rG4w,round1,-0.1111,2.0164,2.2441,11.0852,79.9032,12.4049,83.7302,0.9754,12.4049,83.7302,0.9754,10.5578,30.6157,10.5578,30.6157
lt1,columbus-oh:29786,columbus-oh,T_s-1IjD-7S1K5Hnd6rG4w,round2,-0.1111,2.0164,2.2441,11.0852,79.9032,12.4578,82.9818,0.9396,12.4578,82.9818,0.9396,10.981,24.6288,10.981,24.6288
lt1,columbus-oh:839,columbus-oh,TpgR1_CFiayYv_D28W6GNg,round1,-0.5543,-10.931,10.9627,33.9818,82.0694,34.8903,83.7656,0.9827,34.8903,83.7656,0.9827,7.2684,13.5694,7.2684,13.5694
lt1,columbus-oh:839,columbus-oh,TpgR1_CFiayYv_D28W6GNg,round2,-0.5543,-10.931,10.9627,33.9818,82.0694,35.0178,83.4578,1.0,35.0178,83.4578,1.0,8.2881,11.1073,8.2881,11.1073
lt1,columbus-oh:28969,columbus-oh,V54WwF74toU3YzF3SZCYCA,round1,-0.9763,-1.419,18.9828,57.481,90.1072,60.1884,92.0602,0.9915,60.1884,92.0602,0.9915,21.6588,15.6243,21.6588,15.6243
lt1,columbus-oh:28969,columbus-oh,V54WwF74toU3YzF3SZCYCA,round2,-0.9763,-1.419,18.9828,57.481,90.1072,60.1758,91.5,1.0,60.1758,91.5,1.0,21.5583,11.1425,21.5583,11.1425
lt1,columbus-oh:1259,columbus-oh,V_fuilau4r5y2N_jC-bVyw,round1,-0.035,-2.8434,0.7707,22.3064,76.3905,20.3815,75.3763,0.9924,20.3815,75.3763,0.9924,-15.399,-8.1139,-15.399,-8.1139
lt1,columbus-oh:1259,columbus-oh,V_fuilau4r5y2N_jC-bVyw,round2,-0.035,-2.8434,0.7707,22.3064,76.3905,19.5,75.5,1.0,19.5,75.5,1.0,-22.4511,-7.1242,-22.4511,-7.1242
lt1,columbus-oh:26989,columbus-oh,YgkS_KDEuMqJ_PP9l-wAfw,round1,0.989,5.0922,-18.7274,42.3137,98.6718,50.5,106.5,0.2884,51.2928,107.082,0.292,65.4906,62.6253,71.8326,67.2817
lt1,columbus-oh:26989,columbus-oh,YgkS_KDEuMqJ_PP9l-wAfw,round2,0.989,5.0922,-18.7274,42.3137,98.6718,42.8642,109.5,0.169,25.0,113.0,0.2075,4.4041,86.6253,-138.5094,114.6253
lt1,columbus-oh:14806,columbus-oh,bYSrXEOX9Z9mxazkqD_p2w,round1,0.2497,-1.7078,-4.6187,25.969,102.633,27.1447,99.8205,0.9579,27.1447,99.8205,0.9579,9.405,-22.5004,9.405,-22.5004
lt1,columbus-oh:14806,columbus-oh,bYSrXEOX9Z9mxazkqD_p2w,round2,0.2497,-1.7078,-4.6187,25.969,102.633,27.7656,100.0958,0.9128,27.7656,100.0958,0.9128,14.3724,-20.2978,14.3724,-20.2978
lt1,columbus-oh:6996,columbus-oh,cxW3t3bjBpnfMN3LZBMwMw,round1,-0.6699,3.6674,13.3954,29.6726,82.6912,27.8673,84.1188,0.9651,27.8673,84.1188,0.9651,-14.4424,11.4209,-14.4424,11.4209
lt1,columbus-oh:6996,columbus-oh,cxW3t3bjBpnfMN3LZBMwMw,round2,-0.6699,3.6674,13.3954,29.6726,82.6912,27.5882,83.5,1.0,27.5882,83.5,1.0,-16.6748,6.4704,-16.6748,6.4704
lt1,columbus-oh:22961,columbus-oh,dPWvtNIwLMxHBZHbGJ4aig,round1,0.8473,-6.2555,-16.2532,21.7551,94.7615,19.9072,99.2732,0.8633,19.9072,99.2732,0.8633,-14.7829,36.0937,-14.7829,36.0937
lt1,columbus-oh:22961,columbus-oh,dPWvtNIwLMxHBZHbGJ4aig,round2,0.8473,-6.2555,-16.2532,21.7551,94.7615,26.9544,92.3109,0.9152,26.9544,92.3109,0.9152,41.5949,-19.6049,41.5949,-19.6049
lt1,columbus-oh:600,columbus-oh,dPxiciN_3IgZ5Bq3FiAY0w,round1,0.9497,-0.1959,-17.318,36.5385,111.4092,43.4094,114.5016,0.8663,43.4094,114.5016,0.8663,54.9671,24.7395,54.9671,24.7395
lt1,columbus-oh:600,columbus-oh,dPxiciN_3IgZ5Bq3FiAY0w,round2,0.9497,-0.1959,-17.318,36.5385,111.4092,35.4373,107.6855,0.9589,35.4373,107.6855,0.9589,-8.8095,-29.7898,-8.8095,-29.7898
lt1,columbus-oh:8685,columbus-oh,dgyLiF-Fhvt1PToueRKxbA,round1,0.2967,5.1361,-6.3676,35.7127,75.4067,36.2158,75.56,0.9515,36.2158,75.56,0.9515,4.0248,1.2265,4.0248,1.2265
lt1,columbus-oh:8685,columbus-oh,dgyLiF-Fhvt1PToueRKxbA,round2,0.2967,5.1361,-6.3676,35.7127,75.4067,36.0059,75.2208,0.9991,36.0059,75.2208,0.9991,2.3459,-1.4871,2.3459,-1.4871
lt1,columbus-oh:26965,columbus-oh,dwIMrxJ2Kr00PYmkrl8QdA,round1,-0.9561,2.9563,19.7556,29.8314,76.5418,28.2753,75.7614,0.96,28.2753,75.7614,0.96,-12.4492,-6.2432,-12.4492,-6.2432
lt1,columbus-oh:26965,columbus-oh,dwIMrxJ2Kr00PYmkrl8QdA,round2,-0.9561,2.9563,19.7556,29.8314,76.5418,28.0931,76.0721,0.9925,28.0931,76.0721,0.9925,-13.9068,-3.7577,-13.9068,-3.7577
lt1,columbus-oh:28237,columbus-oh,eJLb5mvYpB1cvVPjM3hdbg,round1,-0.7044,-19.7008,12.2252,46.7155,106.1505,43.8998,96.0,0.1684,44.1385,91.9265,0.1719,-22.526,-81.2043,-20.6165,-113.7926
lt1,columbus-oh:28237,columbus-oh,eJLb5mvYpB1cvVPjM3hdbg,round2,-0.7044,-19.7008,12.2252,46.7155,106.1505,43.5711,117.0,0.1212,62.5,122.0,0.1661,-25.1554,86.7957,126.2757,126.7957
lt1,columbus-oh:25294,columbus-oh,esHQ24P-NIM_yx4_mjuatQ,round1,0.6301,2.1432,-12.039,37.0085,96.2169,30.0,105.0,0.3315,21.0,112.5,0.7082,-56.068,70.2644,-128.068,130.2644
lt1,columbus-oh:25294,columbus-oh,esHQ24P-NIM_yx4_mjuatQ,round2,0.6301,2.1432,-12.039,37.0085,96.2169,30.0,105.0,0.0842,24.5,115.5,0.412,-56.068,70.2644,-100.068,154.2644
lt1,columbus-oh:13432,columbus-oh,hJvKEayUKlX4pZtZq-ssSw,round1,0.7652,-1.0072,-15.7827,17.0253,82.2509,19.3945,83.8521,0.9819,19.3945,83.8521,0.9819,18.9537,12.81,18.9537,12.81
lt1,columbus-oh:13432,columbus-oh,hJvKEayUKlX4pZtZq-ssSw,round2,0.7652,-1.0072,-15.7827,17.0253,82.2509,19.5,81.5,1.0,19.5,81.5,1.0,19.7978,-6.0071,19.7978,-6.0071
lt1,columbus-oh:27290,columbus-oh,huysi3on1_eloGrI0AwJYg,round1,-0.0633,3.3085,1.3819,65.2903,105.9879,67.5,95.0,0.1332,49.0,90.5,0.1609,17.678,-87.9032,-130.322,-123.9032
lt1,columbus-oh:27290,columbus-oh,huysi3on1_eloGrI0AwJYg,round2,-0.0633,3.3085,1.3819,65.2903,105.9879,74.0,98.7223,0.0186,83.5,92.5,0.0231,69.678,-58.1247,145.678,-107.9032
lt1,columbus-oh:29493,columbus-oh,ixozFdxhnwhinYGtIPmn3g,round1,-0.9746,-1.3133,19.0788,68.0636,91.5868,57.0,93.0,0.0268,46.0,96.0,0.048,-88.5086,11.3055,-176.5086,35.3055
lt1,columbus-oh:29493,columbus-oh,ixozFdxhnwhinYGtIPmn3g,round2,-0.9746,-1.3133,19.0788,68.0636,91.5868,56.5,93.5,0.0116,46.0,91.0528,0.0213,-92.5086,15.3055,-176.5086,-4.2723
lt1,columbus-oh:24393,columbus-oh,jQWxwjjPa5odkdKumtVw2g,round1,-0.378,-2.0078,7.6222,23.0286,85.6216,26.9063,83.1898,0.017,32.0,106.0,0.0195,31.0221,-19.4547,71.7715,163.027
lt1,columbus-oh:24393,columbus-oh,jQWxwjjPa5odkdKumtVw2g,round2,-0.378,-2.0078,7.6222,23.0286,85.6216,12.5,81.0,0.0021,11.6399,99.653,0.0046,-84.2285,-36.973,-91.1096,112.2513
lt1,columbus-oh:15761,columbus-oh,ly_-zVu5_pIv7hlj1BHJSw,round1,-0.8145,0.9588,16.5676,19.2999,82.3991,19.5,83.5,1.0,19.5,83.5,1.0,1.6011,8.807,1.6011,8.807
lt1,columbus-oh:15761,columbus-oh,ly_-zVu5_pIv7hlj1BHJSw,round2,-0.8145,0.9588,16.5676,19.2999,82.3991,19.5,83.5,1.0,19.5,83.5,1.0,1.6011,8.807,1.6011,8.807
lt1,columbus-oh:33055,columbus-oh,oZ5vtDkt_WKz_qF_UoN9xA,round1,0.1009,-4.9335,-1.869,40.1354,103.7535,36.087,106.8674,0.9132,36.087,106.8674,0.9132,-32.3867,24.9112,-32.3867,24.9112
lt1,columbus-oh:33055,columbus-oh,oZ5vtDkt_WKz_qF_UoN9xA,round2,0.1009,-4.9335,-1.869,40.1354,103.7535,35.879,106.5574,0.9624,35.879,106.5574,0.9624,-34.0513,22.4313,-34.0513,22.4313
lt1,columbus-oh:21306,columbus-oh,p7pFDvbXFE0dtCELRW1CBA,round1,0.8025,8.1923,-14.6218,54.4344,160.6729,65.0,162.9753,0.0162,40.0,143.5,0.0468,84.5251,18.419,-115.4749,-137.3832
lt1,columbus-oh:21306,columbus-oh,p7pFDvbXFE0dtCELRW1CBA,round2,0.8025,8.1923,-14.6218,54.4344,160.6729,49.0,151.0,0.008,39.5,144.0,0.0818,-43.4749,-77.3832,-119.4749,-133.3832
lt1,columbus-oh:6392,columbus-oh,r5l-09FQwX3p18VKXr1wIA,round1,-0.0159,-3.7822,0.2249,50.1975,91.6094,51.5,91.5,1.0,51.5,91.5,1.0,10.4201,-0.8756,10.4201,-0.8756
lt1,columbus-oh:6392,columbus-oh,r5l-09FQwX3p18VKXr1wIA,round2,-0.0159,-3.7822,0.2249,50.1975,91.6094,50.5,90.5,1.0,50.5,90.5,1.0,2.4201,-8.8756,2.4201,-8.8756
lt1,columbus-oh:33180,columbus-oh,sSOcDIBryDH2wO2f2x6VIg,round1,-0.9298,2.2045,19.5684,10.1221,77.791,11.6363,76.0954,0.9899,11.6363,76.0954,0.9899,12.1133,-13.5653,12.1133,-13.5653
lt1,columbus-oh:33180,columbus-oh,sSOcDIBryDH2wO2f2x6VIg,round2,-0.9298,2.2045,19.5684,10.1221,77.791,11.4164,76.4392,0.9558,11.4164,76.4392,0.9558,10.354,-10.8146,10.354,-10.8146
lt1,columbus-oh:33372,columbus-oh,tXHKm38jZUx0jWaV78_siA,round1,0.3467,-1.4469,-6.638,42.9441,94.4031,43.6881,92.4503,0.9404,43.6881,92.4503,0.9404,5.952,-15.6224,5.952,-15.6224
lt1,columbus-oh:33372,columbus-oh,tXHKm38jZUx0jWaV78_siA,round2,0.3467,-1.4469,-6.638,42.9441,94.4031,43.5,91.5,1.0,43.5,91.5,1.0,4.4475,-23.225,4.4475,-23.225
lt1,columbus-oh:16891,columbus-oh,thCPj8wT0gz5HoSwMtREUw,round1,0.9702,-2.2211,-18.412,55.4656,100.2671,52.2633,99.5259,0.9413,52.2633,99.5259,0.9413,-25.6183,-5.9291,-25.6183,-5.9291
lt1,columbus-oh:16891,columbus-oh,thCPj8wT0gz5HoSwMtREUw,round2,0.9702,-2.2211,-18.412,55.4656,100.2671,52.4354,98.8153,0.9361,52.4354,98.8153,0.9361,-24.2416,-11.6146,-24.2416,-11.6146
lt1,columbus-oh:31914,columbus-oh,typejsuVwj-PGxDav9pC8Q,round1,0.3479,-3.3349,-7.1811,10.8021,80.8935,11.4952,83.0271,0.9957,11.4952,83.0271,0.9957,5.5447,17.0684,5.5447,17.0684
lt1,columbus-oh:31914,columbus-oh,typejsuVwj-PGxDav9pC8Q,round2,0.3479,-3.3349,-7.1811,10.8021,80.8935,11.5,75.5,1.0,11.5,75.5,1.0,5.5829,-43.1483,5.5829,-43.1483
lt1,columbus-oh:96,columbus-oh,uP-iV_zyoAUeMX-hSwJD_Q,round1,-0.5079,6.4514,10.3792,6.7671,79.6747,12.2577,75.8788,0.9704,12.2577,75.8788,0.9704,43.9241,-30.3673,43.9241,-30.3673
lt1,columbus-oh:96,columbus-oh,uP-iV_zyoAUeMX-hSwJD_Q,round2,-0.5079,6.4514,10.3792,6.7671,79.6747,17.5,75.3666,0.9489,19.3722,75.3752,0.9833,85.8629,-34.4646,100.8401,-34.3964
lt1,columbus-oh:8021,columbus-oh,w990Akck0Gq2phBM1VitnA,round1,-0.1054,-3.2551,1.9871,61.0115,86.1327,66.8026,84.0046,0.9514,66.8026,84.0046,0.9514,46.3289,-17.0251,46.3289,-17.0251
lt1,columbus-oh:8021,columbus-oh,w990Akck0Gq2phBM1VitnA,round2,-0.1054,-3.2551,1.9871,61.0115,86.1327,66.9725,89.5,1.0,66.9725,89.5,1.0,47.6879,26.9384,47.6879,26.9384
lt1,columbus-oh:17397,columbus-oh,ynV90am_zGbTs3p2xHFulg,round1,0.2871,-3.8419,-5.4993,32.5048,92.5583,35.6814,92.2027,0.9489,35.6814,92.2027,0.9489,25.4129,-2.8452,25.4129,-2.8452
lt1,columbus-oh:17397,columbus-oh,ynV90am_zGbTs3p2xHFulg,round2,0.2871,-3.8419,-5.4993,32.5048,92.5583,35.5,91.5,1.0,35.5,91.5,1.0,23.9614,-8.4667,23.9614,-8.4667
lt1,columbus-oh:31662,columbus-oh,z_l33_Dksxl18m8hTYIwyg,round1,0.7117,1.7624,-13.5895,64.0844,98.0647,68.378,98.767,0.297,46.0,85.0,0.3848,34.3494,5.6183,-144.6748,-104.5177
lt1,columbus-oh:31662,columbus-oh,z_l33_Dksxl18m8hTYIwyg,round2,0.7117,1.7624,-13.5895,64.0844,98.0647,67.6264,99.1973,0.1362,45.5,85.0,0.3855,28.3362,9.0604,-148.6748,-104.5177
lt1,knox-oh:27253,knox-oh,sgwN5vpKCOkmbPwofyD9MQ,round1,0.2855,9.5884,-4.5507,70.4924,113.6206,67.2499,116.335,0.9272,67.2499,116.335,0.9272,-25.9405,21.7155,-25.9405,21.7155
lt1,knox-oh:27253,knox-oh,sgwN5vpKCOkmbPwofyD9MQ,round2,0.2855,9.5884,-4.5507,70.4924,113.6206,67.5,115.5,1.0,67.5,115.5,1.0,-23.9393,15.0354,-23.9393,15.0354
lt1,knox-oh:28175,knox-oh,vjnu5yjG1TUNBNavLfNMWw,round1,0.6539,1.4453,-12.3548,26.0825,102.8856,35.2094,106.6187,0.9087,35.2094,106.6187,0.9087,73.0151,29.8642,73.0151,29.8642
lt1,knox-oh:28175,knox-oh,vjnu5yjG1TUNBNavLfNMWw,round2,0.6539,1.4453,-12.3548,26.0825,102.8856,35.7177,106.7256,0.993,35.7177,106.7256,0.993,77.0818,30.7195,77.0818,30.7195
lt1,newberg-or:11046,newberg-or,03eQ9Tv3TkIZDxujOQEgYw,round1,-0.393,-3.5549,7.6429,16.3563,106.4353,26.7648,108.0818,0.9094,26.7648,108.0818,0.9094,83.2682,13.1716,83.2682,13.1716
lt1,newberg-or:11046,newberg-or,03eQ9Tv3TkIZDxujOQEgYw,round2,-0.393,-3.5549,7.6429,16.3563,106.4353,20.0324,108.0366,1.0,20.0324,108.0366,1.0,29.4089,12.81,29.4089,12.81
lt1,newberg-or:9616,newberg-or,0jguLUXJYQGcCRkigMxGPA,round1,-0.3458,-1.3653,6.8168,45.1748,86.2328,44.2089,84.4976,0.952,44.2089,84.4976,0.952,-7.7276,-13.8814,-7.7276,-13.8814
lt1,newberg-or:9616,newberg-or,0jguLUXJYQGcCRkigMxGPA,round2,-0.3458,-1.3653,6.8168,45.1748,86.2328,50.5565,83.9947,0.964,50.5565,83.9947,0.964,43.0535,-17.9049,43.0535,-17.9049
lt1,newberg-or:17371,newberg-or,3FfxnFag6HxTg_g1ZwlUfA,round1,0.9493,-5.1391,-17.1697,48.3551,123.211,43.9905,123.348,0.9699,43.9905,123.348,0.9699,-34.9164,1.0958,-34.9164,1.0958
lt1,newberg-or:17371,newberg-or,3FfxnFag6HxTg_g1ZwlUfA,round2,0.9493,-5.1391,-17.1697,48.3551,123.211,44.161,116.2406,0.9866,44.161,116.2406,0.9866,-33.5525,-55.7636,-33.5525,-55.7636
lt1,newberg-or:12640,newberg-or,5ZvPfkFQZkAisEqWzWvPmw,round1,-0.3424,6.4828,6.0844,30.2858,104.2328,27.9801,107.7099,0.8982,27.9801,107.7099,0.8982,-18.4458,27.8168,-18.4458,27.8168
lt1,newberg-or:12640,newberg-or,5ZvPfkFQZkAisEqWzWvPmw,round2,-0.3424,6.4828,6.0844,30.2858,104.2328,41.0,107.0885,0.9116,42.9198,107.1435,0.9246,85.7135,22.846,101.0722,23.2859
lt1,newberg-or:2645,newberg-or,6fLjgoQ6IoOGarc5u_Qm4Q,round1,-0.2417,11.1367,3.8578,33.088,116.5135,36.064,115.5112,0.9505,36.064,115.5112,0.9505,23.8079,-8.0189,23.8079,-8.0189
lt1,newberg-or:2645,newberg-or,6fLjgoQ6IoOGarc5u_Qm4Q,round2,-0.2417,11.1367,3.8578,33.088,116.5135,36.4261,115.5046,0.9934,36.4261,115.5046,0.9934,26.7045,-8.0717,26.7045,-8.0717
lt1,newberg-or:7603,newberg-or,7wUau7AFvKOVDi3ZPOaGkw,round1,0.4666,-12.1977,-8.6848,42.0806,109.3633,42.7646,115.6148,0.8829,42.7646,115.6148,0.8829,5.4719,50.0121,5.4719,50.0121
lt1,newberg-or:7603,newberg-or,7wUau7AFvKOVDi3ZPOaGkw,round2,0.4666,-12.1977,-8.6848,42.0806,109.3633,43.02,114.8866,0.9184,43.02,114.8866,0.9184,7.5154,44.1864,7.5154,44.1864
lt1,newberg-or:6350,newberg-or,B3RGMDgppYIFc9kiDiE4DA,round1,0.6148,-0.6945,-11.3857,47.6167,104.9936,43.5,99.7074,1.0,43.5,99.7074,1.0,-32.9333,-42.2895,-32.9333,-42.2895
lt1,newberg-or:6350,newberg-or,B3RGMDgppYIFc9kiDiE4DA,round2,0.6148,-0.6945,-11.3857,47.6167,104.9936,43.5,99.5,1.0,43.5,99.5,1.0,-32.9333,-43.949,-32.9333,-43.949
lt1,newberg-or:10814,newberg-or,Dg4EUAwdAq0J2kUU7RscHw,round1,0.016,-4.0221,-0.373,20.1971,68.7157,19.5,74.8597,1.0,19.5,74.8597,1.0,-5.577,49.1517,-5.577,49.1517
lt1,newberg-or:10814,newberg-or,Dg4EUAwdAq0J2kUU7RscHw,round2,0.016,-4.0221,-0.373,20.1971,68.7157,19.8211,68.2796,0.9816,19.8211,68.2796,0.9816,-3.0086,-3.489,-3.0086,-3.489
lt1,newberg-or:13250,newberg-or,Dl9w0CKHanbKEo2BrthRQA,round1,-0.7223,-11.3932,15.2174,29.477,164.0247,26.9233,163.975,0.9167,26.9233,163.975,0.9167,-20.4293,-0.3976,-20.4293,-0.3976
lt1,newberg-or:13250,newberg-or,Dl9w0CKHanbKEo2BrthRQA,round2,-0.7223,-11.3932,15.2174,29.477,164.0247,27.0547,163.1024,0.9007,27.0547,163.1024,0.9007,-19.3781,-7.3785,-19.3781,-7.3785
lt1,newberg-or:7567,newberg-or,FKJWQQ6pgiEtjfdfI_yE9w,round1,-0.0178,4.4277,0.1053,29.8202,114.9888,28.0746,115.1582,0.9338,28.0746,115.1582,0.9338,-13.9653,1.3551,-13.9653,1.3551
lt1,newberg-or:7567,newberg-or,FKJWQQ6pgiEtjfdfI_yE9w,round2,-0.0178,4.4277,0.1053,29.8202,114.9888,28.022,114.9125,0.978,28.022,114.9125,0.978,-14.3858,-0.6102,-14.3858,-0.6102
lt1,newberg-or:3117,newberg-or,HKTVIiP4w9w3s0TIWO2ncw,round1,-0.2013,5.4254,3.4701,24.3597,103.405,27.1796,106.6831,0.9545,27.1796,106.6831,0.9545,22.5595,26.2246,22.5595,26.2246
lt1,newberg-or:3117,newberg-or,HKTVIiP4w9w3s0TIWO2ncw,round2,-0.2013,5.4254,3.4701,24.3597,103.405,26.5,100.2489,1.0,26.5,100.2489,1.0,17.1226,-25.2486,17.1226,-25.2486
lt1,newberg-or:18248,newberg-or,MhyS-pBArPKwWJXcF1o9IA,round1,-0.434,7.7186,7.2008,23.7035,125.4776,27.1457,131.9334,0.9223,27.1457,131.9334,0.9223,27.5372,51.6464,27.5372,51.6464
lt1,newberg-or:18248,newberg-or,MhyS-pBArPKwWJXcF1o9IA,round2,-0.434,7.7186,7.2008,23.7035,125.4776,27.424,131.7249,0.9624,27.424,131.7249,0.9624,29.7636,49.979,29.7636,49.979
lt1,newberg-or:6381,newberg-or,Ols2g4Vr10fYBMmLwNrCBA,round1,0.2111,-5.6837,-3.7749,15.5252,98.3681,12.4472,100.1239,0.9733,12.4472,100.1239,0.9733,-24.6233,14.047,-24.6233,14.047
lt1,newberg-or:6381,newberg-or,Ols2g4Vr10fYBMmLwNrCBA,round2,0.2111,-5.6837,-3.7749,15.5252,98.3681,13.5,99.5,1.0,13.5,99.5,1.0,-16.2014,9.0554,-16.2014,9.0554
lt1,newberg-or:2381,newberg-or,Pd61lMxkjwqPD8_0bOyqEw,round1,-0.1625,1.5501,3.2334,70.4727,98.5406,68.0841,98.5751,0.9289,68.0841,98.5751,0.9289,-19.1088,0.2758,-19.1088,0.2758
lt1,newberg-or:2381,newberg-or,Pd61lMxkjwqPD8_0bOyqEw,round2,-0.1625,1.5501,3.2334,70.4727,98.5406,68.4939,98.9525,0.9337,68.4939,98.9525,0.9337,-15.8305,3.2949,-15.8305,3.2949
lt1,newberg-or:5102,newberg-or,Y2Z86EnItG3rPDImpIOGnA,round1,-0.4015,-3.5716,8.3374,18.7802,80.9124,19.6271,83.3643,0.9566,19.6271,83.3643,0.9566,6.7757,19.6159,6.7757,19.6159
lt1,newberg-or:5102,newberg-or,Y2Z86EnItG3rPDImpIOGnA,round2,-0.4015,-3.5716,8.3374,18.7802,80.9124,19.2075,83.3013,0.9798,19.2075,83.3013,0.9798,3.4189,19.1116,3.4189,19.1116
lt1,newberg-or:14051,newberg-or,bUMnbjxqCQU_hV1xjoJyJA,round1,-0.6851,8.4116,11.9312,27.8255,116.0075,27.4519,122.5239,0.9083,27.4519,122.5239,0.9083,-2.9888,52.1317,-2.9888,52.1317
lt1,newberg-or:14051,newberg-or,bUMnbjxqCQU_hV1xjoJyJA,round2,-0.6851,8.4116,11.9312,27.8255,116.0075,27.6866,122.5629,0.9212,27.6866,122.5629,0.9212,-1.1108,52.4431,-1.1108,52.4431
lt1,newberg-or:4941,newberg-or,e1kdgKeRxJiPPPz9ukI1Tg,round1,-0.0722,8.9659,1.2888,45.894,86.7705,50.8691,84.1946,0.9589,50.8691,84.1946,0.9589,39.8009,-20.6073,39.8009,-20.6073
lt1,newberg-or:4941,newberg-or,e1kdgKeRxJiPPPz9ukI1Tg,round2,-0.0722,8.9659,1.2888,45.894,86.7705,50.5188,83.5,1.0,50.5188,83.5,1.0,36.9984,-26.1642,36.9984,-26.1642
lt1,newberg-or:11200,newberg-or,gps7D_nVoLhSl3y8VDHP-A,round1,0.2996,-0.4403,-6.0272,60.6638,85.615,66.9406,91.0001,0.9264,66.9406,91.0001,0.9264,50.2145,43.0807,50.2145,43.0807
lt1,newberg-or:11200,newberg-or,gps7D_nVoLhSl3y8VDHP-A,round2,0.2996,-0.4403,-6.0272,60.6638,85.615,67.0846,84.1542,0.903,67.0846,84.1542,0.903,51.3658,-11.6867,51.3658,-11.6867
lt1,newberg-or:756,newberg-or,kyxrahc77w2z75TAQU9doA,round1,-0.6361,16.5598,11.9342,20.9615,80.9862,27.279,83.4843,0.9954,27.279,83.4843,0.9954,50.5398,19.9846,50.5398,19.9846
lt1,newberg-or:756,newberg-or,kyxrahc77w2z75TAQU9doA,round2,-0.6361,16.5598,11.9342,20.9615,80.9862,27.5,82.5,1.0,27.5,82.5,1.0,52.308,12.1102,52.308,12.1102
lt1,newberg-or:10597,newberg-or,pV6ygdJjUolRf7F9prg6hA,round1,0.6289,10.1774,-12.6011,24.2117,99.5209,28.2384,99.8454,0.7999,28.2384,99.8454,0.7999,32.2136,2.5966,32.2136,2.5966
lt1,newberg-or:10597,newberg-or,pV6ygdJjUolRf7F9prg6hA,round2,0.6289,10.1774,-12.6011,24.2117,99.5209,28.1929,99.7039,0.9876,28.1929,99.7039,0.9876,31.8494,1.4641,31.8494,1.4641
lt1,newberg-or:9338,newberg-or,qvk2YRvbPro0ZNV2OL1Y7Q,round1,0.2485,-4.1856,-4.9465,31.0833,84.5863,35.1522,84.3807,0.9378,35.1522,84.3807,0.9378,32.551,-1.6451,32.551,-1.6451
lt1,newberg-or:9338,newberg-or,qvk2YRvbPro0ZNV2OL1Y7Q,round2,0.2485,-4.1856,-4.9465,31.0833,84.5863,35.1025,84.0767,0.9752,35.1025,84.0767,0.9752,32.1532,-4.077,32.1532,-4.077
lt1,newberg-or:568,newberg-or,x_T1fIAvBLICfimLoiwKdw,round1,-0.6528,-6.1937,12.3096,32.8075,100.5611,28.4888,99.0295,0.9378,28.4888,99.0295,0.9378,-34.5502,-12.253,-34.5502,-12.253
lt1,newberg-or:568,newberg-or,x_T1fIAvBLICfimLoiwKdw,round2,-0.6528,-6.1937,12.3096,32.8075,100.5611,34.7204,99.419,0.9693,34.7204,99.419,0.9693,15.3027,-9.1366,15.3027,-9.1366
lt1,oradell-nj:6043,oradell-nj,-NrlMcGdyyP8v7-PDD8rMw,round1,0.0923,1.9092,-1.5566,54.2643,132.4342,63.0,139.3429,0.8637,66.8076,139.3669,0.886,69.8854,55.2695,100.3464,55.4617
lt1,oradell-nj:6043,oradell-nj,-NrlMcGdyyP8v7-PDD8rMw,round2,0.0923,1.9092,-1.5566,54.2643,132.4342,63.5,139.0097,0.8248,66.6664,139.0253,0.839,73.8854,52.6036,99.217,52.7286
lt1,oradell-nj:11665,oradell-nj,49cbvrRSrObGF9sIDL2Z_w,round1,0.4272,5.1127,-7.631,50.5209,114.6406,58.9673,115.4982,0.9313,58.9673,115.4982,0.9313,67.571,6.8604,67.571,6.8604
lt1,oradell-nj:11665,oradell-nj,49cbvrRSrObGF9sIDL2Z_w,round2,0.4272,5.1127,-7.631,50.5209,114.6406,60.0794,115.4961,0.9212,60.0794,115.4961,0.9212,76.4676,6.844,76.4676,6.844
lt1,oradell-nj:13540,oradell-nj,DO2zCsMVHkAsMWgTb-bQLA,round1,-0.8079,10.8258,16.3183,75.2154,97.6261,68.1239,99.2184,0.9656,68.1239,99.2184,0.9656,-56.7318,12.7388,-56.7318,12.7388
lt1,oradell-nj:13540,oradell-nj,DO2zCsMVHkAsMWgTb-bQLA,round2,-0.8079,10.8258,16.3183,75.2154,97.6261,74.6811,99.5,1.0,74.6811,99.5,1.0,-4.2746,14.9915,-4.2746,14.9915
lt1,oradell-nj:12717,oradell-nj,MPrrQBdmii4bX5hAEB-f0Q,round1,-0.8853,-4.4176,17.8364,47.7443,80.5313,43.5,81.5,1.0,43.5,81.5,1.0,-33.9548,7.7498,-33.9548,7.7498
lt1,oradell-nj:12717,oradell-nj,MPrrQBdmii4bX5hAEB-f0Q,round2,-0.8853,-4.4176,17.8364,47.7443,80.5313,44.112,80.5,1.0,44.112,80.5,1.0,-29.0584,-0.2502,-29.0584,-0.2502
lt1,oradell-nj:3795,oradell-nj,Nc2LRFgtCRQs6r0fml2oAw,round1,-0.2895,-9.5531,5.2051,42.5888,106.1774,43.4237,106.5549,0.9793,43.4237,106.5549,0.9793,6.679,3.02,6.679,3.02
lt1,oradell-nj:3795,oradell-nj,Nc2LRFgtCRQs6r0fml2oAw,round2,-0.2895,-9.5531,5.2051,42.5888,106.1774,43.5,106.5,1.0,43.5,106.5,1.0,7.2893,2.581,7.2893,2.581
lt1,oradell-nj:9450,oradell-nj,bvb0bjV-cDOVt7_fOtlUAA,round1,0.0266,2.1815,-0.5063,49.7925,87.6376,51.409,84.214,0.9938,51.409,84.214,0.9938,12.9324,-27.3892,12.9324,-27.3892
lt1,oradell-nj:9450,oradell-nj,bvb0bjV-cDOVt7_fOtlUAA,round2,0.0266,2.1815,-0.5063,49.7925,87.6376,50.5,83.5,1.0,50.5,83.5,1.0,5.6602,-33.1012,5.6602,-33.1012
lt1,oradell-nj:6794,oradell-nj,gSaR8uyJzEFT8fXsGuYEFg,round1,0.3588,6.0048,-7.5799,17.7317,86.5286,19.4999,84.2021,0.9778,19.4999,84.2021,0.9778,14.145,-18.612,14.145,-18.612
lt1,oradell-nj:6794,oradell-nj,gSaR8uyJzEFT8fXsGuYEFg,round2,0.3588,6.0048,-7.5799,17.7317,86.5286,19.5504,83.5,1.0,19.5504,83.5,1.0,14.5493,-24.2287,14.5493,-24.2287
lt1,oradell-nj:998,oradell-nj,ix6cVDDzxbgAcmBR4X0ghQ,round1,-0.4978,-2.5226,11.3101,15.8805,62.578,11.5,65.5,1.0,11.5,65.5,1.0,-35.044,23.3758,-35.044,23.3758
lt1,oradell-nj:998,oradell-nj,ix6cVDDzxbgAcmBR4X0ghQ,round2,-0.4978,-2.5226,11.3101,15.8805,62.578,11.4277,67.8054,0.959,11.4277,67.8054,0.959,-35.6226,41.8193,-35.6226,41.8193
lt1,oradell-nj:9947,oradell-nj,lHTT7MQsuMvOrdozvLk6dg,round1,-0.6692,4.7271,13.727,45.732,77.2532,44.3526,76.1701,0.7993,44.3526,76.1701,0.7993,-11.0355,-8.6643,-11.0355,-8.6643
lt1,oradell-nj:9947,oradell-nj,lHTT7MQsuMvOrdozvLk6dg,round2,-0.6692,4.7271,13.727,45.732,77.2532,50.7284,76.3243,0.9008,50.7284,76.3243,0.9008,39.9712,-7.4312,39.9712,-7.4312
lt1,oradell-nj:7823,oradell-nj,qHCckZgADzG0R7s28w-Akg,round1,-0.737,-4.0398,14.6473,70.5982,86.6564,67.9179,90.5,1.0,67.9179,90.5,1.0,-21.4418,30.7492,-21.4418,30.7492
lt1,oradell-nj:7823,oradell-nj,qHCckZgADzG0R7s28w-Akg,round2,-0.737,-4.0398,14.6473,70.5982,86.6564,68.3591,92.3611,0.9588,68.3591,92.3611,0.9588,-17.9127,45.6384,-17.9127,45.6384
lt1,oradell-nj:10717,oradell-nj,xDFQWkFNxnjzcVli4J9wOg,round1,0.0743,-1.4475,-1.5149,35.3726,79.5402,35.5,76.0182,1.0,35.5,76.0182,1.0,1.0189,-28.1764,1.0189,-28.1764
lt1,oradell-nj:10717,oradell-nj,xDFQWkFNxnjzcVli4J9wOg,round2,0.0743,-1.4475,-1.5149,35.3726,79.5402,35.5,75.5,1.0,35.5,75.5,1.0,1.0189,-32.3217,1.0189,-32.3217
lt1,pittsburgh-pa:7728,pittsburgh-pa,8l4DgRcEg861mI6AOohAFA,round1,0.5399,-0.3466,-10.6597,62.384,90.4801,60.2566,98.7357,0.9054,60.2566,98.7357,0.9054,-17.0195,66.0451,-17.0195,66.0451
lt1,pittsburgh-pa:7728,pittsburgh-pa,8l4DgRcEg861mI6AOohAFA,round2,0.5399,-0.3466,-10.6597,62.384,90.4801,60.3544,98.7794,0.9665,60.3544,98.7794,0.9665,-16.2365,66.3943,-16.2365,66.3943
lt1,pittsburgh-pa:4078,pittsburgh-pa,H7kZJpl7IGuYwareZCUiuA,round1,0.0158,4.2676,-0.5238,17.7727,83.2382,19.7794,83.087,0.9382,19.7794,83.087,0.9382,16.0536,-1.2099,16.0536,-1.2099
lt1,pittsburgh-pa:4078,pittsburgh-pa,H7kZJpl7IGuYwareZCUiuA,round2,0.0158,4.2676,-0.5238,17.7727,83.2382,19.1642,83.4983,0.9379,19.1642,83.4983,0.9379,11.1324,2.0803,11.1324,2.0803
lt1,pittsburgh-pa:14536,pittsburgh-pa,HycRp-PCVOgiwXhzFShbOg,round1,0.9371,-6.009,-20.2945,6.7474,75.4364,10.9067,75.7303,0.9234,10.9067,75.7303,0.9234,33.2739,2.3509,33.2739,2.3509
lt1,pittsburgh-pa:14536,pittsburgh-pa,HycRp-PCVOgiwXhzFShbOg,round2,0.9371,-6.009,-20.2945,6.7474,75.4364,11.4775,75.4544,0.9933,11.4775,75.4544,0.9933,37.8404,0.1437,37.8404,0.1437
lt1,pittsburgh-pa:11274,pittsburgh-pa,J7Cv3LU5naNcdMze91HmTw,round1,0.6764,-2.8529,-12.3695,54.0836,117.8673,65.5,116.4216,0.8042,67.6895,116.4464,0.8473,91.3316,-11.5659,108.8479,-11.3671
lt1,pittsburgh-pa:11274,pittsburgh-pa,J7Cv3LU5naNcdMze91HmTw,round2,0.6764,-2.8529,-12.3695,54.0836,117.8673,64.0,123.0663,0.6295,66.658,123.076,0.6359,79.3316,41.5921,100.5955,41.6697
lt1,pittsburgh-pa:14317,pittsburgh-pa,LqT3kmievks2ncNUfzD2LA,round1,-0.0248,3.435,0.4435,41.0691,92.0335,42.8031,91.7683,0.931,42.8031,91.7683,0.931,13.8725,-2.1213,13.8725,-2.1213
lt1,pittsburgh-pa:14317,pittsburgh-pa,LqT3kmievks2ncNUfzD2LA,round2,-0.0248,3.435,0.4435,41.0691,92.0335,42.9117,91.2988,0.9826,42.9117,91.2988,0.9826,14.7413,-5.8772,14.7413,-5.8772
lt1,pittsburgh-pa:15729,pittsburgh-pa,NGZ2y0cDHhIEJXrW0a4xAA,round1,-0.0657,-2.3374,1.2484,38.1834,100.1913,26.5,100.2625,0.8385,20.2517,106.5057,0.8426,-93.4674,0.5692,-143.4539,50.5148
lt1,pittsburgh-pa:15729,pittsburgh-pa,NGZ2y0cDHhIEJXrW0a4xAA,round2,-0.0657,-2.3374,1.2484,38.1834,100.1913,42.7741,99.9409,0.8956,42.7741,99.9409,0.8956,36.7253,-2.0029,36.7253,-2.0029
lt1,pittsburgh-pa:7292,pittsburgh-pa,SklPhCliXP8klcs0DYgONQ,round1,0.6028,-4.772,-12.2617,27.2596,81.8482,27.9269,83.368,0.9498,27.9269,83.368,0.9498,5.3388,12.1581,5.3388,12.1581
lt1,pittsburgh-pa:7292,pittsburgh-pa,SklPhCliXP8klcs0DYgONQ,round2,0.6028,-4.772,-12.2617,27.2596,81.8482,28.2588,82.6752,0.9787,28.2588,82.6752,0.9787,7.9933,6.6155,7.9933,6.6155
lt1,pittsburgh-pa:2427,pittsburgh-pa,TG3rl6D0m-RvnzsX4kdizA,round1,-0.7834,8.2897,15.4513,37.4313,83.0315,35.305,83.0157,0.9561,35.305,83.0157,0.9561,-17.0105,-0.126,-17.0105,-0.126
lt1,pittsburgh-pa:2427,pittsburgh-pa,TG3rl6D0m-RvnzsX4kdizA,round2,-0.7834,8.2897,15.4513,37.4313,83.0315,35.5,83.5,1.0,35.5,83.5,1.0,-15.4505,3.7483,-15.4505,3.7483
lt1,pittsburgh-pa:11285,pittsburgh-pa,YV06m-8BMbj_8CAgEZhsDQ,round1,0.4315,-8.3003,-6.8631,15.0136,139.0609,12.3349,147.183,0.9223,12.3349,147.183,0.9223,-21.4293,64.9767,-21.4293,64.9767
lt1,pittsburgh-pa:11285,pittsburgh-pa,YV06m-8BMbj_8CAgEZhsDQ,round2,0.4315,-8.3003,-6.8631,15.0136,139.0609,12.4822,147.1361,0.9265,12.4822,147.1361,0.9265,-20.251,64.6016,-20.251,64.6016
lt1,pittsburgh-pa:9961,pittsburgh-pa,ZZy7HSWqg7Ie9q1b7AB7Dg,round1,-0.4342,6.8668,8.1918,11.6758,91.0637,12.0265,91.8056,0.9134,12.0265,91.8056,0.9134,2.8062,5.9354,2.8062,5.9354
lt1,pittsburgh-pa:9961,pittsburgh-pa,ZZy7HSWqg7Ie9q1b7AB7Dg,round2,-0.4342,6.8668,8.1918,11.6758,91.0637,18.728,91.6406,0.9509,18.728,91.6406,0.9509,56.4179,4.6156,56.4179,4.6156
lt1,pittsburgh-pa:12092,pittsburgh-pa,ayc3aJ0nYvK_3qXjJeudpQ,round1,0.7341,32.1505,-14.4843,71.8373,93.5756,75.2176,92.3889,0.8049,75.2176,92.3889,0.8049,27.0428,-9.4938,27.0428,-9.4938
lt1,pittsburgh-pa:12092,pittsburgh-pa,ayc3aJ0nYvK_3qXjJeudpQ,round2,0.7341,32.1505,-14.4843,71.8373,93.5756,76.1955,91.5944,0.9498,76.1955,91.5944,0.9498,34.8661,-15.8495,34.8661,-15.8495
lt1,pittsburgh-pa:7792,pittsburgh-pa,e9xkxlLID73vJO5gpSzGBQ,round1,-0.2605,2.3638,4.7456,34.6484,105.5102,43.2519,99.7283,0.9301,43.2519,99.7283,0.9301,68.8284,-46.2554,68.8284,-46.2554
lt1,pittsburgh-pa:7792,pittsburgh-pa,e9xkxlLID73vJO5gpSzGBQ,round2,-0.2605,2.3638,4.7456,34.6484,105.5102,43.777,100.0982,0.9875,43.777,100.0982,0.9875,73.0292,-43.2966,73.0292,-43.2966
lt1,pittsburgh-pa:14887,pittsburgh-pa,fR8wVE3N1ARL5uq0J-HQaA,round1,0.278,13.2514,-5.9602,34.7726,90.7217,23.5,91.3326,0.7271,12.5,91.2204,0.8054,-90.1808,4.887,-178.1808,3.9891
lt1,pittsburgh-pa:14887,pittsburgh-pa,fR8wVE3N1ARL5uq0J-HQaA,round2,0.278,13.2514,-5.9602,34.7726,90.7217,35.2871,90.888,0.8968,35.2871,90.888,0.8968,4.1156,1.3298,4.1156,1.3298
lt1,pittsburgh-pa:4043,pittsburgh-pa,giGZN4nw8wyTWHonrFDVhQ,round1,-0.5886,-8.7759,11.6477,70.8306,81.759,67.2855,82.9767,0.9776,67.2855,82.9767,0.9776,-28.3603,9.7414,-28.3603,9.7414
lt1,pittsburgh-pa:4043,pittsburgh-pa,giGZN4nw8wyTWHonrFDVhQ,round2,-0.5886,-8.7759,11.6477,70.8306,81.759,66.5,82.5,1.0,66.5,82.5,1.0,-34.6444,5.9277,-34.6444,5.9277
lt1,pittsburgh-pa:9382,pittsburgh-pa,ieXuG4PK1ZPNE7q-zQxHkg,round1,0.9417,-9.5801,-17.3516,47.7138,114.1304,53.0,124.3783,0.7935,59.2294,124.3811,0.8684,42.2898,81.9829,92.1248,82.0053
lt1,pittsburgh-pa:9382,pittsburgh-pa,ieXuG4PK1ZPNE7q-zQxHkg,round2,0.9417,-9.5801,-17.3516,47.7138,114.1304,54.5,123.5,0.8641,59.2964,123.6356,0.9501,54.2898,74.9564,92.6612,76.0413
lt1,pittsburgh-pa:8840,pittsburgh-pa,jK4oatadgvsvkQ5XZxXuYw,round1,0.9273,9.2298,-19.3172,29.7043,82.6351,20.1495,82.7074,0.9618,20.1495,82.7074,0.9618,-76.4386,0.5784,-76.4386,0.5784
lt1,pittsburgh-pa:8840,pittsburgh-pa,jK4oatadgvsvkQ5XZxXuYw,round2,0.9273,9.2298,-19.3172,29.7043,82.6351,20.3652,82.6911,0.9392,20.3652,82.6911,0.9392,-74.7132,0.4485,-74.7132,0.4485
lt1,pittsburgh-pa:13540,pittsburgh-pa,jwtks8IP3MMcx3mb5uGtHg,round1,0.1664,-23.6955,-1.2567,24.8343,136.5674,19.7495,139.5466,0.9006,19.7495,139.5466,0.9006,-40.6787,23.8334,-40.6787,23.8334
lt1,pittsburgh-pa:13540,pittsburgh-pa,jwtks8IP3MMcx3mb5uGtHg,round2,0.1664,-23.6955,-1.2567,24.8343,136.5674,19.1363,139.2201,0.8292,19.1363,139.2201,0.8292,-45.5838,21.2213,-45.5838,21.2213
lt1,pittsburgh-pa:15743,pittsburgh-pa,k3n5BnazguVkMgmUeRrQSg,round1,0.8523,-5.4599,-16.3653,65.8382,139.4623,67.1966,138.8094,0.9581,67.1966,138.8094,0.9581,10.8671,-5.2228,10.8671,-5.2228
lt1,pittsburgh-pa:15743,pittsburgh-pa,k3n5BnazguVkMgmUeRrQSg,round2,0.8523,-5.4599,-16.3653,65.8382,139.4623,67.6344,131.8726,0.9797,67.6344,131.8726,0.9797,14.3696,-60.7174,14.3696,-60.7174
lt1,pittsburgh-pa:7903,pittsburgh-pa,k4W1LfHCI1bbWg_T22Vy2g,round1,-0.359,19.62,7.1745,60.9949,104.099,67.1308,99.6732,0.9068,67.1308,99.6732,0.9068,49.0875,-35.4062,49.0875,-35.4062
lt1,pittsburgh-pa:7903,pittsburgh-pa,k4W1LfHCI1bbWg_T22Vy2g,round2,-0.359,19.62,7.1745,60.9949,104.099,67.8459,100.3272,0.96,67.8459,100.3272,0.96,54.8081,-30.1747,54.8081,-30.1747
lt1,pittsburgh-pa:3155,pittsburgh-pa,lepktR6J7TIBH3wLFCNkTQ,round1,-0.53,2.7395,11.2859,6.4839,76.2776,17.0,76.2458,0.2381,28.0,76.4974,0.2565,84.1292,-0.2544,172.1292,1.7582
lt1,pittsburgh-pa:3155,pittsburgh-pa,lepktR6J7TIBH3wLFCNkTQ,round2,-0.53,2.7395,11.2859,6.4839,76.2776,11.3576,76.1273,0.7655,11.3576,76.1273,0.7655,38.9901,-1.2021,38.9901,-1.2021
lt1,pittsburgh-pa:13533,pittsburgh-pa,mWvrZzGsi54mg4bd7khx4w,round1,0.0922,-4.3764,-2.1165,72.2636,97.5833,74.5111,100.1438,0.8853,74.5111,100.1438,0.8853,17.9798,20.4842,17.9798,20.4842
lt1,pittsburgh-pa:13533,pittsburgh-pa,mWvrZzGsi54mg4bd7khx4w,round2,0.0922,-4.3764,-2.1165,72.2636,97.5833,74.7547,99.7741,0.9681,74.7547,99.7741,0.9681,19.9286,17.5265,19.9286,17.5265
lt1,pittsburgh-pa:108,pittsburgh-pa,q46QZSS5mY1rD6sagDUFPg,round1,0.3659,12.3973,-5.7488,65.8124,120.9552,68.1346,123.0771,0.7343,68.1346,123.0771,0.7343,18.5771,16.9756,18.5771,16.9756
lt1,pittsburgh-pa:108,pittsburgh-pa,q46QZSS5mY1rD6sagDUFPg,round2,0.3659,12.3973,-5.7488,65.8124,120.9552,68.3202,122.6192,0.881,68.3202,122.6192,0.881,20.0622,13.3126,20.0622,13.3126
lt1,pittsburgh-pa:12694,pittsburgh-pa,r2YY8rIRYDGwAzZMo2Dvxw,round1,0.1742,2.2097,-2.9435,65.9188,145.6623,68.4546,154.5957,0.6864,68.4546,154.5957,0.6864,20.2864,71.467,20.2864,71.467
lt1,pittsburgh-pa:12694,pittsburgh-pa,r2YY8rIRYDGwAzZMo2Dvxw,round2,0.1742,2.2097,-2.9435,65.9188,145.6623,75.9005,147.7182,0.892,75.9005,147.7182,0.892,79.8541,16.4467,79.8541,16.4467
lt1,seattle-wa:142529,seattle-wa,0Hvd83JtJGgUw43In579lA,round1,-0.5355,-6.1724,10.5585,49.5655,83.4325,51.5,83.5,1.0,51.5,83.5,1.0,15.4762,0.5403,15.4762,0.5403
lt1,seattle-wa:142529,seattle-wa,0Hvd83JtJGgUw43In579lA,round2,-0.5355,-6.1724,10.5585,49.5655,83.4325,51.5,82.5,1.0,51.5,82.5,1.0,15.4762,-7.4597,15.4762,-7.4597
lt1,seattle-wa:174981,seattle-wa,0NKtatBYzwTtWpLknIM3AQ,round1,-0.1832,-10.0827,3.98,14.1349,91.4201,12.2651,90.9036,0.9386,12.2651,90.9036,0.9386,-14.9583,-4.1318,-14.9583,-4.1318
lt1,seattle-wa:174981,seattle-wa,0NKtatBYzwTtWpLknIM3AQ,round2,-0.1832,-10.0827,3.98,14.1349,91.4201,12.4494,91.4177,0.9736,12.4494,91.4177,0.9736,-13.4843,-0.0196,-13.4843,-0.0196
lt1,seattle-wa:49137,seattle-wa,4dxjAWcF8o75f4PCiqKYyg,round1,-0.947,0.4685,19.3854,15.4857,82.3069,12.4828,84.2042,0.9347,12.4828,84.2042,0.9347,-24.0233,15.1783,-24.0233,15.1783
lt1,seattle-wa:49137,seattle-wa,4dxjAWcF8o75f4PCiqKYyg,round2,-0.947,0.4685,19.3854,15.4857,82.3069,18.5604,84.2575,0.9662,18.5604,84.2575,0.9662,24.5977,15.605,24.5977,15.605
lt1,seattle-wa:76236,seattle-wa,5sv71LvpTHD5wwI8CFCF_g,round1,0.9907,-5.7185,-17.8616,13.3316,118.3662,19.2642,108.5,0.9119,19.2702,107.814,0.9237,47.4609,-78.9298,47.5085,-84.4179
lt1,seattle-wa:76236,seattle-wa,5sv71LvpTHD5wwI8CFCF_g,round2,0.9907,-5.7185,-17.8616,13.3316,118.3662,19.4033,108.5,0.9936,19.5,107.5,1.0,48.5736,-78.9298,49.347,-86.93
lt1,seattle-wa:206103,seattle-wa,7Jtm1ZoAV1Iv9kU7BVMniw,round1,-0.1059,2.8069,1.831,12.1992,100.36,12.1719,100.3125,0.8969,12.1719,100.3125,0.8969,-0.2181,-0.3797,-0.2181,-0.3797
lt1,seattle-wa:206103,seattle-wa,7Jtm1ZoAV1Iv9kU7BVMniw,round2,-0.1059,2.8069,1.831,12.1992,100.36,11.8031,107.0092,0.9986,11.8031,107.0092,0.9986,-3.1689,53.1936,-3.1689,53.1936
lt1,seattle-wa:236845,seattle-wa,8IkAZdbzoBQ2uLgsAppj0A,round1,-0.5408,-11.2648,11.1304,11.2072,112.2163,12.5,100.5,0.5772,18.6793,91.7564,0.7128,10.3425,-93.7302,59.7771,-163.6787
lt1,seattle-wa:236845,seattle-wa,8IkAZdbzoBQ2uLgsAppj0A,round2,-0.5408,-11.2648,11.1304,11.2072,112.2163,11.3635,115.0861,0.6807,18.655,91.5,0.7966,1.2501,22.9584,59.5827,-165.7302
lt1,seattle-wa:158172,seattle-wa,8s7ej1W_cI9Y6SwnDFBO2g,round1,0.2875,-2.6675,-5.8091,48.2954,83.8059,51.7445,83.8997,0.9598,51.7445,83.8997,0.9598,27.5934,0.7501,27.5934,0.7501
lt1,seattle-wa:158172,seattle-wa,8s7ej1W_cI9Y6SwnDFBO2g,round2,0.2875,-2.6675,-5.8091,48.2954,83.8059,51.6151,84.2232,0.9693,51.6151,84.2232,0.9693,26.5574,3.3382,26.5574,3.3382
lt1,seattle-wa:152060,seattle-wa,Ac42T5qPBZT149GS_bXydg,round1,-0.3259,-3.4987,6.2973,67.7044,89.4473,67.5,83.5,1.0,67.5,83.5,1.0,-1.6349,-47.5786,-1.6349,-47.5786
lt1,seattle-wa:152060,seattle-wa,Ac42T5qPBZT149GS_bXydg,round2,-0.3259,-3.4987,6.2973,67.7044,89.4473,67.5,83.5,1.0,67.5,83.5,1.0,-1.6349,-47.5786,-1.6349,-47.5786
lt1,seattle-wa:14879,seattle-wa,EwxYkOdXoVwlsIJODNGjqQ,round1,-0.0191,5.4009,0.1926,31.8326,94.2648,34.7278,91.673,0.958,34.7278,91.673,0.958,23.1615,-20.7347,23.1615,-20.7347
lt1,seattle-wa:14879,seattle-wa,EwxYkOdXoVwlsIJODNGjqQ,round2,-0.0191,5.4009,0.1926,31.8326,94.2648,34.6091,98.7843,0.9257,34.6091,98.7843,0.9257,22.2119,36.1556,22.2119,36.1556
lt1,seattle-wa:191075,seattle-wa,F3KZuo5acrDs-1LVdd2h6Q,round1,0.0422,-3.8027,-0.9626,53.6495,79.6956,51.4728,75.9077,0.7294,51.4728,75.9077,0.7294,-17.4131,-30.3032,-17.4131,-30.3032
lt1,seattle-wa:191075,seattle-wa,F3KZuo5acrDs-1LVdd2h6Q,round2,0.0422,-3.8027,-0.9626,53.6495,79.6956,52.1439,82.6918,0.8791,52.1439,82.6918,0.8791,-12.0445,23.9697,-12.0445,23.9697
lt1,seattle-wa:188140,seattle-wa,FUdKvlGbdj7eg7pXBLZu2g,round1,-0.1945,-1.7757,3.7717,49.2006,89.1389,51.7103,90.5593,0.9482,51.7103,90.5593,0.9482,20.0779,11.3635,20.0779,11.3635
lt1,seattle-wa:188140,seattle-wa,FUdKvlGbdj7eg7pXBLZu2g,round2,-0.1945,-1.7757,3.7717,49.2006,89.1389,51.8453,90.5,1.0,51.8453,90.5,1.0,21.1582,10.8887,21.1582,10.8887
lt1,seattle-wa:38459,seattle-wa,FlwkAL1Z6KLZAVmB42MOdA,round1,0.7976,-11.4803,-15.8142,9.4071,88.5386,10.6272,83.7825,0.4834,10.6272,83.7825,0.4834,9.7608,-38.0484,9.7608,-38.0484
lt1,seattle-wa:38459,seattle-wa,FlwkAL1Z6KLZAVmB42MOdA,round2,0.7976,-11.4803,-15.8142,9.4071,88.5386,10.8915,84.2113,0.7593,10.8915,84.2113,0.7593,11.8751,-34.6182,11.8751,-34.6182
lt1,seattle-wa:14057,seattle-wa,GK1ACrc3BnbVlHQ6I1pXng,round1,0.5524,8.6783,-11.1255,21.8749,99.0314,26.7563,99.1583,0.9166,26.7563,99.1583,0.9166,39.051,1.0152,39.051,1.0152
lt1,seattle-wa:14057,seattle-wa,GK1ACrc3BnbVlHQ6I1pXng,round2,0.5524,8.6783,-11.1255,21.8749,99.0314,26.9173,98.8451,0.9463,26.9173,98.8451,0.9463,40.3392,-1.4906,40.3392,-1.4906
lt1,seattle-wa:3073,seattle-wa,GUHLeza3_msRdKpZNbPIIQ,round1,-0.3918,-6.9134,7.843,66.3803,78.432,67.165,83.2029,0.9336,67.165,83.2029,0.9336,6.2783,38.1675,6.2783,38.1675
lt1,seattle-wa:3073,seattle-wa,GUHLeza3_msRdKpZNbPIIQ,round2,-0.3918,-6.9134,7.843,66.3803,78.432,67.5,81.5,1.0,67.5,81.5,1.0,8.9579,24.5443,8.9579,24.5443
lt1,seattle-wa:148239,seattle-wa,HQicvpW9LWhBpdxcSw-Tnw,round1,-0.7131,-5.1574,14.4515,20.9594,84.6365,19.6305,83.6141,0.8902,19.6305,83.6141,0.8902,-10.6313,-8.1795,-10.6313,-8.1795
lt1,seattle-wa:148239,seattle-wa,HQicvpW9LWhBpdxcSw-Tnw,round2,-0.7131,-5.1574,14.4515,20.9594,84.6365,19.5,85.5,1.0,19.5,85.5,1.0,-11.675,6.9079,-11.675,6.9079
lt1,seattle-wa:8143,seattle-wa,HTTQ99phjiolLzTpA-LDDQ,round1,-0.1018,2.3876,2.0308,13.9944,79.68,18.8445,82.5,1.0,18.8445,82.5,1.0,38.8006,22.5599,38.8006,22.5599
lt1,seattle-wa:8143,seattle-wa,HTTQ99phjiolLzTpA-LDDQ,round2,-0.1018,2.3876,2.0308,13.9944,79.68,18.5,83.5,1.0,18.5,83.5,1.0,36.0448,30.5599,36.0448,30.5599
lt1,seattle-wa:184220,seattle-wa,I0GuiszNr9MUB9m5s18weA,round1,-0.4112,-7.1013,8.1535,37.2377,83.5842,36.0008,83.4821,0.8722,36.0008,83.4821,0.8722,-9.8952,-0.8167,-9.8952,-0.8167
lt1,seattle-wa:184220,seattle-wa,I0GuiszNr9MUB9m5s18weA,round2,-0.4112,-7.1013,8.1535,37.2377,83.5842,36.4504,83.9758,0.987,36.4504,83.9758,0.987,-6.2983,3.1325,-6.2983,3.1325
lt1,seattle-wa:59632,seattle-wa,P_CJqXDAen51hQ3jvV8XGg,round1,-0.292,3.0135,6.0927,57.5598,76.9745,60.115,75.4291,0.9243,60.115,75.4291,0.9243,20.4416,-12.363,20.4416,-12.363
lt1,seattle-wa:59632,seattle-wa,P_CJqXDAen51hQ3jvV8XGg,round2,-0.292,3.0135,6.0927,57.5598,76.9745,59.5,83.3913,1.0,59.5,83.3913,1.0,15.5217,51.3344,15.5217,51.3344
lt1,seattle-wa:191107,seattle-wa,Q2EEPCX5oRWm-flgwbnNGg,round1,0.7603,-2.6709,-16.2897,77.2013,80.2552,75.7682,83.3828,0.8669,75.7682,83.3828,0.8669,-11.4647,25.0216,-11.4647,25.0216
lt1,seattle-wa:191107,seattle-wa,Q2EEPCX5oRWm-flgwbnNGg,round2,0.7603,-2.6709,-16.2897,77.2013,80.2552,75.7534,76.0533,0.9892,75.7534,76.0533,0.9892,-11.5829,-33.6148,-11.5829,-33.6148
lt1,seattle-wa:18028,seattle-wa,QpzIaIrvtBSk-26soy5iEA,round1,0.2218,15.9267,-3.7703,75.8519,94.3154,75.7116,98.8302,0.9077,75.7116,98.8302,0.9077,-1.1224,36.1184,-1.1224,36.1184
lt1,seattle-wa:18028,seattle-wa,QpzIaIrvtBSk-26soy5iEA,round2,0.2218,15.9267,-3.7703,75.8519,94.3154,76.2472,98.6578,0.8821,76.2472,98.6578,0.8821,3.1622,34.7397,3.1622,34.7397
lt1,seattle-wa:16666,seattle-wa,R9v6VPhrBEMiwOAiK6f5_A,round1,0.358,0.193,-6.6444,17.2825,139.6339,21.0,150.0,0.4873,24.0,161.0,0.7403,29.7397,82.9287,53.7397,170.9287
lt1,seattle-wa:16666,seattle-wa,R9v6VPhrBEMiwOAiK6f5_A,round2,0.358,0.193,-6.6444,17.2825,139.6339,21.5,150.0,0.2171,26.5,160.5,0.3283,33.7397,82.9287,73.7397,166.9287
lt1,seattle-wa:138506,seattle-wa,RA0QfDScEGktnROl9GskCA,round1,0.831,10.0411,-16.5569,34.3546,91.5152,35.5828,91.2524,0.8423,35.5828,91.2524,0.8423,9.8257,-2.1027,9.8257,-2.1027
lt1,seattle-wa:138506,seattle-wa,RA0QfDScEGktnROl9GskCA,round2,0.831,10.0411,-16.5569,34.3546,91.5152,35.8807,91.3315,0.9824,35.8807,91.3315,0.9824,12.2089,-1.47,12.2089,-1.47
lt1,seattle-wa:13859,seattle-wa,RO0C24MgKKXC74a2Y6j5zw,round1,-0.0906,-4.0,1.5073,68.3103,96.4352,68.0146,91.8435,0.9544,68.0146,91.8435,0.9544,-2.3662,-36.7332,-2.3662,-36.7332
lt1,seattle-wa:13859,seattle-wa,RO0C24MgKKXC74a2Y6j5zw,round2,-0.0906,-4.0,1.5073,68.3103,96.4352,67.9526,98.9166,0.9743,67.9526,98.9166,0.9743,-2.8622,19.851,-2.8622,19.851
lt1,seattle-wa:174921,seattle-wa,Rd9xHgzlk83-YrJU2AO9Jw,round1,0.9061,1.2512,-16.5379,51.9046,110.8856,52.2783,107.1228,0.9162,52.2783,107.1228,0.9162,2.9897,-30.1019,2.9897,-30.1019
lt1,seattle-wa:174921,seattle-wa,Rd9xHgzlk83-YrJU2AO9Jw,round2,0.9061,1.2512,-16.5379,51.9046,110.8856,58.5831,108.028,0.933,58.5831,108.028,0.933,53.4277,-22.8605,53.4277,-22.8605
lt1,seattle-wa:71597,seattle-wa,Tms0w93nAYmK0vrcnnrNvQ,round1,-0.8777,1.5741,15.9791,25.6494,112.3213,26.57,114.8228,0.8707,26.57,114.8228,0.8707,7.3649,20.0119,7.3649,20.0119
lt1,seattle-wa:71597,seattle-wa,Tms0w93nAYmK0vrcnnrNvQ,round2,-0.8777,1.5741,15.9791,25.6494,112.3213,26.9694,115.1834,0.9611,26.9694,115.1834,0.9611,10.5601,22.8968,10.5601,22.8968
lt1,seattle-wa:67405,seattle-wa,UAwJEc56g9W0yRe-yepkbQ,round1,-0.3937,-4.8025,7.8231,59.6519,82.1632,59.7317,83.6971,0.9641,59.7317,83.6971,0.9641,0.6384,12.271,0.6384,12.271
lt1,seattle-wa:67405,seattle-wa,UAwJEc56g9W0yRe-yepkbQ,round2,-0.3937,-4.8025,7.8231,59.6519,82.1632,59.5939,83.708,0.9895,59.5939,83.708,0.9895,-0.4639,12.3582,-0.4639,12.3582
lt1,seattle-wa:204918,seattle-wa,VPDYv-gRwI0GOuVA1lzJeg,round1,0.407,-8.8616,-7.6381,46.3537,109.4186,37.0,115.0674,0.8839,36.3088,115.0641,0.8873,-74.8299,45.1903,-80.3597,45.1642
lt1,seattle-wa:204918,seattle-wa,VPDYv-gRwI0GOuVA1lzJeg,round2,0.407,-8.8616,-7.6381,46.3537,109.4186,36.4937,108.3502,0.8523,36.4937,108.3502,0.8523,-78.8804,-8.5476,-78.8804,-8.5476
lt1,seattle-wa:178710,seattle-wa,X4TctdVqdMOfTZbD4HmxpA,round1,-0.806,11.621,15.4212,17.6954,86.696,19.0977,84.3106,0.9536,19.0977,84.3106,0.9536,11.2189,-19.0829,11.2189,-19.0829
lt1,seattle-wa:178710,seattle-wa,X4TctdVqdMOfTZbD4HmxpA,round2,-0.806,11.621,15.4212,17.6954,86.696,19.1271,91.0944,0.9925,19.1271,91.0944,0.9925,11.4537,35.187,11.4537,35.187
lt1,seattle-wa:1287,seattle-wa,YYH9cDkRPNoI1y55Clawqg,round1,0.813,7.9261,-16.0292,30.8409,93.8134,35.2908,91.7218,0.9755,35.2908,91.7218,0.9755,35.5992,-16.7334,35.5992,-16.7334
lt1,seattle-wa:1287,seattle-wa,YYH9cDkRPNoI1y55Clawqg,round2,0.813,7.9261,-16.0292,30.8409,93.8134,35.5892,91.2645,0.9964,35.5892,91.2645,0.9964,37.9864,-20.3918,37.9864,-20.3918
lt1,seattle-wa:52214,seattle-wa,ZbG5976EwBawB7tQRYTmmg,round1,-0.1555,3.7079,2.8301,8.4966,93.3434,11.0163,98.511,0.6656,11.0163,98.511,0.6656,20.1573,41.3411,20.1573,41.3411
lt1,seattle-wa:52214,seattle-wa,ZbG5976EwBawB7tQRYTmmg,round2,-0.1555,3.7079,2.8301,8.4966,93.3434,10.5819,98.5967,0.8882,10.5819,98.5967,0.8882,16.6819,42.0267,16.6819,42.0267
lt1,seattle-wa:129040,seattle-wa,_5RZh2BpuB5HRxnAdjdvIw,round1,0.6693,7.3108,-13.6274,21.0139,91.3111,18.841,90.7153,0.9002,18.841,90.7153,0.9002,-17.3829,-4.767,-17.3829,-4.767
lt1,seattle-wa:129040,seattle-wa,_5RZh2BpuB5HRxnAdjdvIw,round2,0.6693,7.3108,-13.6274,21.0139,91.3111,19.109,91.4642,0.9946,19.109,91.4642,0.9946,-15.2389,1.2248,-15.2389,1.2248
lt1,seattle-wa:141405,seattle-wa,_zWzn0vCo5Z8qxJgEdp4zA,round1,0.0402,-0.2738,-0.8017,72.5966,97.0701,75.4169,98.8973,0.9077,75.4169,98.8973,0.9077,22.5628,14.6179,22.5628,14.6179
lt1,seattle-wa:141405,seattle-wa,_zWzn0vCo5Z8qxJgEdp4zA,round2,0.0402,-0.2738,-0.8017,72.5966,97.0701,75.5,92.5,1.0,75.5,92.5,1.0,23.2274,-36.5605,23.2274,-36.5605
lt1,seattle-wa:18708,seattle-wa,a-B8dOBQlJJKN1Jm5kibXA,round1,-0.7582,-14.2479,13.5779,68.0979,96.3701,68.0105,99.6566,0.9426,68.0105,99.6566,0.9426,-0.6988,26.2923,-0.6988,26.2923
lt1,seattle-wa:18708,seattle-wa,a-B8dOBQlJJKN1Jm5kibXA,round2,-0.7582,-14.2479,13.5779,68.0979,96.3701,68.0528,99.3264,0.9953,68.0528,99.3264,0.9953,-0.3604,23.6508,-0.3604,23.6508
lt1,seattle-wa:119677,seattle-wa,a00_9xCXtCPSnM3onfxQlQ,round1,0.4756,-2.6139,-9.3887,57.1311,90.9564,58.6358,90.7769,0.9501,58.6358,90.7769,0.9501,12.0376,-1.4362,12.0376,-1.4362
lt1,seattle-wa:119677,seattle-wa,a00_9xCXtCPSnM3onfxQlQ,round2,0.4756,-2.6139,-9.3887,57.1311,90.9564,59.0479,90.5635,0.995,59.0479,90.5635,0.995,15.3347,-3.1435,15.3347,-3.1435
lt1,seattle-wa:263667,seattle-wa,a1UvHcyRtTxLFYfUGBZEBg,round1,0.2487,-6.8313,-5.2086,58.2419,88.3459,51.952,83.2475,0.9323,51.952,83.2475,0.9323,-50.3188,-40.7872,-50.3188,-40.7872
lt1,seattle-wa:263667,seattle-wa,a1UvHcyRtTxLFYfUGBZEBg,round2,0.2487,-6.8313,-5.2086,58.2419,88.3459,51.8199,81.5,1.0,51.8199,81.5,1.0,-51.3762,-54.7672,-51.3762,-54.7672
lt1,seattle-wa:181799,seattle-wa,aFJ80HjRg9NP6f6q0J5Mkw,round1,0.6166,0.7178,-11.2991,28.1126,113.6995,27.8713,115.3319,0.89,27.8713,115.3319,0.89,-1.9298,13.0597,-1.9298,13.0597
lt1,seattle-wa:181799,seattle-wa,aFJ80HjRg9NP6f6q0J5Mkw,round2,0.6166,0.7178,-11.2991,28.1126,113.6995,27.3285,114.8416,0.9714,27.3285,114.8416,0.9714,-6.2728,9.1366,-6.2728,9.1366
lt1,seattle-wa:11488,seattle-wa,axmjmYX75vaXoEFZd0ztSA,round1,-0.7087,-3.3251,13.67,47.359,90.4043,44.0705,91.3871,0.9238,44.0705,91.3871,0.9238,-26.3077,7.8622,-26.3077,7.8622
lt1,seattle-wa:11488,seattle-wa,axmjmYX75vaXoEFZd0ztSA,round2,-0.7087,-3.3251,13.67,47.359,90.4043,44.2386,91.8437,0.9948,44.2386,91.8437,0.9948,-24.9625,11.5149,-24.9625,11.5149
lt1,seattle-wa:75600,seattle-wa,eVwyZG4y2gmzwidr5dlqqA,round1,-0.4499,-0.3717,9.1726,54.6544,80.1604,52.3996,83.9488,0.9087,52.3996,83.9488,0.9087,-18.0384,30.3077,-18.0384,30.3077
lt1,seattle-wa:75600,seattle-wa,eVwyZG4y2gmzwidr5dlqqA,round2,-0.4499,-0.3717,9.1726,54.6544,80.1604,58.5821,83.5,1.0,58.5821,83.5,1.0,31.422,26.7169,31.422,26.7169
lt1,seattle-wa:304192,seattle-wa,ehZOs1Et3GI1xgpy69d1oA,round1,-0.1002,-2.2297,1.8766,43.9402,97.4828,44.2613,99.1649,0.935,44.2613,99.1649,0.935,2.568,13.4567,2.568,13.4567
lt1,seattle-wa:304192,seattle-wa,ehZOs1Et3GI1xgpy69d1oA,round2,-0.1002,-2.2297,1.8766,43.9402,97.4828,44.2668,99.6116,0.9784,44.2668,99.6116,0.9784,2.6124,17.0302,2.6124,17.0302
lt1,seattle-wa:85904,seattle-wa,fFvXyiwAbT3izDfwv86-7A,round1,-0.4459,0.2256,9.4125,12.719,77.5747,11.2977,75.9759,0.9418,11.2977,75.9759,0.9418,-11.3704,-12.7898,-11.3704,-12.7898
lt1,seattle-wa:85904,seattle-wa,fFvXyiwAbT3izDfwv86-7A,round2,-0.4459,0.2256,9.4125,12.719,77.5747,11.8971,75.535,0.9406,11.8971,75.535,0.9406,-6.5755,-16.3175,-6.5755,-16.3175
lt1,seattle-wa:102679,seattle-wa,gCyTr52qHewdybgYFuU0kQ,round1,0.3988,3.4521,-7.1173,70.6617,114.608,67.2124,115.9745,0.8032,67.2124,115.9745,0.8032,-27.5945,10.9321,-27.5945,10.9321
lt1,seattle-wa:102679,seattle-wa,gCyTr52qHewdybgYFuU0kQ,round2,0.3988,3.4521,-7.1173,70.6617,114.608,59.8668,114.9716,0.8411,59.8668,114.9716,0.8411,-86.3591,2.9084,-86.3591,2.9084
lt1,seattle-wa:100487,seattle-wa,hrW0LrLaAhG76GPN-Y0VCg,round1,-0.2862,-4.1309,5.5194,22.8741,110.4071,26.9004,107.0422,0.9533,26.9004,107.0422,0.9533,32.2102,-26.9195,32.2102,-26.9195
lt1,seattle-wa:100487,seattle-wa,hrW0LrLaAhG76GPN-Y0VCg,round2,-0.2862,-4.1309,5.5194,22.8741,110.4071,27.5023,107.9374,0.9795,27.5023,107.9374,0.9795,37.0254,-19.758,37.0254,-19.758
lt1,seattle-wa:36759,seattle-wa,iPbpFY1-2KL173GGVtcUqw,round1,-0.5371,-3.0613,10.9415,31.7113,80.3695,34.8961,76.1456,0.9472,34.8961,76.1456,0.9472,25.4788,-33.791,25.4788,-33.791
lt1,seattle-wa:36759,seattle-wa,iPbpFY1-2KL173GGVtcUqw,round2,-0.5371,-3.0613,10.9415,31.7113,80.3695,35.3415,80.5,1.0,35.3415,80.5,1.0,29.0414,1.044,29.0414,1.044
lt1,seattle-wa:14389,seattle-wa,kS0nzS6kzXt4u32W_LQnVg,round1,0.3271,-1.5138,-7.108,76.514,76.4881,75.2559,83.1595,0.9397,75.2559,83.1595,0.9397,-10.0649,53.3705,-10.0649,53.3705
lt1,seattle-wa:14389,seattle-wa,kS0nzS6kzXt4u32W_LQnVg,round2,0.3271,-1.5138,-7.108,76.514,76.4881,75.5,76.0327,1.0,75.5,76.0327,1.0,-8.1124,-3.6432,-8.1124,-3.6432
lt1,seattle-wa:55904,seattle-wa,kcbASrfXX_P7MN82kGDWFQ,round1,0.0616,5.9073,-1.4056,40.1208,76.9103,31.0,83.4637,0.8303,26.6031,83.4743,0.9705,-72.966,52.4269,-108.1416,52.5122
lt1,seattle-wa:55904,seattle-wa,kcbASrfXX_P7MN82kGDWFQ,round2,0.0616,5.9073,-1.4056,40.1208,76.9103,30.5,83.5,0.8741,24.5,83.5,1.0,-76.966,52.7177,-124.9661,52.7177
lt1,seattle-wa:196881,seattle-wa,l2cQS0V2B6e_aeWMFslaEg,round1,0.4768,1.2069,-9.6548,70.1312,85.7452,74.9282,83.8908,0.9778,74.9282,83.8908,0.9778,38.376,-14.8354,38.376,-14.8354
lt1,seattle-wa:196881,seattle-wa,l2cQS0V2B6e_aeWMFslaEg,round2,0.4768,1.2069,-9.6548,70.1312,85.7452,74.5,83.5,1.0,74.5,83.5,1.0,34.9506,-17.9615,34.9506,-17.9615
lt1,seattle-wa:173296,seattle-wa,mQOxRrF_44CCD1novJVbOA,round1,-0.2955,12.8714,6.2336,71.7922,88.7623,65.0,80.0,0.0246,58.0,71.0,0.069,-54.338,-70.0987,-110.338,-142.0987
lt1,seattle-wa:173296,seattle-wa,mQOxRrF_44CCD1novJVbOA,round2,-0.2955,12.8714,6.2336,71.7922,88.7623,68.5,77.5,0.0089,57.5,70.5,0.0147,-26.338,-90.0987,-114.338,-146.0987
lt1,seattle-wa:151357,seattle-wa,myLWf61OKpPUPMLkHZCUIw,round1,-0.9737,3.4327,20.4382,47.6727,73.065,58.5,75.5541,0.4516,68.4107,75.4372,0.8071,86.6182,19.9126,165.9036,18.9774
lt1,seattle-wa:151357,seattle-wa,myLWf61OKpPUPMLkHZCUIw,round2,-0.9737,3.4327,20.4382,47.6727,73.065,52.1798,75.8071,0.9143,52.1798,75.8071,0.9143,36.0566,21.9368,36.0566,21.9368
lt1,seattle-wa:99497,seattle-wa,oHm6vdWuAoj_rDewtyayeA,round1,-0.4584,-4.2016,9.3419,16.1581,87.2031,18.7288,84.4476,0.9097,18.7288,84.4476,0.9097,20.5659,-22.0444,20.5659,-22.0444
lt1,seattle-wa:99497,seattle-wa,oHm6vdWuAoj_rDewtyayeA,round2,-0.4584,-4.2016,9.3419,16.1581,87.2031,18.8982,91.1172,0.969,18.8982,91.1172,0.969,21.9209,31.3127,21.9209,31.3127
lt1,seattle-wa:28976,seattle-wa,qaufc0Jd1kfob33oVXIZ2g,round1,0.703,5.8445,-14.5358,25.1518,83.6246,19.4423,82.6673,0.8738,19.4423,82.6673,0.8738,-45.676,-7.6582,-45.676,-7.6582
lt1,seattle-wa:28976,seattle-wa,qaufc0Jd1kfob33oVXIZ2g,round2,0.703,5.8445,-14.5358,25.1518,83.6246,19.5,76.5,1.0,19.5,76.5,1.0,-45.2141,-56.997,-45.2141,-56.997
lt1,seattle-wa:187239,seattle-wa,rr9Q5Kb9QIcdS4BSmXFOQQ,round1,-0.0059,-0.2091,0.1209,26.9244,92.8101,26.5513,91.2941,0.9513,26.5513,91.2941,0.9513,-2.9843,-12.1281,-2.9843,-12.1281
lt1,seattle-wa:187239,seattle-wa,rr9Q5Kb9QIcdS4BSmXFOQQ,round2,-0.0059,-0.2091,0.1209,26.9244,92.8101,20.2419,91.6155,0.9745,20.2419,91.6155,0.9745,-53.4595,-9.5569,-53.4595,-9.5569
lt1,seattle-wa:182103,seattle-wa,sKQweIu_qwN7hd70HfsUWQ,round1,-0.2062,0.5965,3.8886,38.5199,97.3452,34.629,98.6715,0.8894,34.629,98.6715,0.8894,-31.1271,10.6106,-31.1271,10.6106
lt1,seattle-wa:182103,seattle-wa,sKQweIu_qwN7hd70HfsUWQ,round2,-0.2062,0.5965,3.8886,38.5199,97.3452,34.9572,99.1086,0.9713,34.9572,99.1086,0.9713,-28.5016,14.1074,-28.5016,14.1074
lt1,seattle-wa:67838,seattle-wa,tPTl0NV__QlWLvvT_Hlm2g,round1,0.2033,2.0279,-4.3994,7.0853,80.8224,13.5,90.5,0.5871,19.5154,99.5,0.8786,51.3178,77.4206,99.4411,149.4206
lt1,seattle-wa:67838,seattle-wa,tPTl0NV__QlWLvvT_Hlm2g,round2,0.2033,2.0279,-4.3994,7.0853,80.8224,17.0,86.0,0.8266,19.4308,99.1725,0.9509,79.3178,41.4206,98.7641,146.8003
lt1,seattle-wa:191780,seattle-wa,tkyvK5hGMqJ_6qZdva4SuQ,round1,0.4549,-6.3421,-8.6179,23.4197,94.691,20.2546,92.3803,0.8974,20.2546,92.3803,0.8974,-25.3207,-18.4848,-25.3207,-18.4848
lt1,seattle-wa:191780,seattle-wa,tkyvK5hGMqJ_6qZdva4SuQ,round2,0.4549,-6.3421,-8.6179,23.4197,94.691,20.1198,92.4531,0.9761,20.1198,92.4531,0.9761,-26.3995,-17.9024,-26.3995,-17.9024
lt1,seattle-wa:125855,seattle-wa,w78s7Ly63JtfcGuE7ifCFg,round1,-0.0076,14.0893,0.2818,61.4161,90.9843,59.88,91.2415,0.9604,59.88,91.2415,0.9604,-12.2886,2.0582,-12.2886,2.0582
lt1,seattle-wa:125855,seattle-wa,w78s7Ly63JtfcGuE7ifCFg,round2,-0.0076,14.0893,0.2818,61.4161,90.9843,60.2301,91.5196,0.995,60.2301,91.5196,0.995,-9.488,4.2831,-9.488,4.2831
lt1,seattle-wa:9316,seattle-wa,wK6xSFTdbYpEoEWlBC1TZw,round1,-0.6713,-1.8602,12.8514,38.6349,93.3684,42.907,91.6726,0.9303,42.907,91.6726,0.9303,34.1764,-13.5656,34.1764,-13.5656
lt1,seattle-wa:9316,seattle-wa,wK6xSFTdbYpEoEWlBC1TZw,round2,-0.6713,-1.8602,12.8514,38.6349,93.3684,42.9788,92.0958,0.9467,42.9788,92.0958,0.9467,34.7513,-10.1808,34.7513,-10.1808
lt1,seattle-wa:273521,seattle-wa,wKlODHg_ChTB4zLKw2HXEg,round1,0.264,-12.0245,-3.9757,17.7449,116.4683,19.9408,122.8792,0.8722,19.9408,122.8792,0.8722,17.5667,51.2871,17.5667,51.2871
lt1,seattle-wa:273521,seattle-wa,wKlODHg_ChTB4zLKw2HXEg,round2,0.264,-12.0245,-3.9757,17.7449,116.4683,20.3191,122.736,0.8231,20.3191,122.736,0.8231,20.5936,50.1413,20.5936,50.1413
lt1,seattle-wa:24608,seattle-wa,wW3tGszLMnmhYPnt64DtYw,round1,-0.0213,0.1958,0.3999,54.9502,139.4668,51.8285,147.7143,0.3367,34.0,147.5,0.3651,-24.9732,65.9801,-167.6012,64.2656
lt1,seattle-wa:24608,seattle-wa,wW3tGszLMnmhYPnt64DtYw,round2,-0.0213,0.1958,0.3999,54.9502,139.4668,59.1415,147.3164,0.8297,59.1415,147.3164,0.8297,33.5307,62.7965,33.5307,62.7965
lt1,seattle-wa:191102,seattle-wa,wWisIRti4dKs031wcl9xKg,round1,-0.9949,-5.2744,20.6428,21.8014,77.7265,26.738,83.2509,0.9258,26.738,83.2509,0.9258,39.4928,44.1953,39.4928,44.1953
lt1,seattle-wa:191102,seattle-wa,wWisIRti4dKs031wcl9xKg,round2,-0.9949,-5.2744,20.6428,21.8014,77.7265,26.844,82.663,0.9458,26.844,82.663,0.9458,40.3408,39.4914,40.3408,39.4914
lt1,seattle-wa:169252,seattle-wa,x2oAkkDJvgIe1oejtoLsnw,round1,-0.9841,1.0308,18.784,20.08,97.5966,20.3492,99.2292,0.9174,20.3492,99.2292,0.9174,2.1536,13.0606,2.1536,13.0606
lt1,seattle-wa:169252,seattle-wa,x2oAkkDJvgIe1oejtoLsnw,round2,-0.9841,1.0308,18.784,20.08,97.5966,20.384,99.788,0.9754,20.384,99.788,0.9754,2.4323,17.5312,2.4323,17.5312
lt1,seattle-wa:41930,seattle-wa,xZMCk6CZa4XbJ3p4SbsNyw,round1,-0.0617,-4.1327,1.1923,51.7871,75.6946,51.6887,83.9866,0.9062,51.6887,83.9866,0.9062,-0.7868,66.3362,-0.7868,66.3362
lt1,seattle-wa:41930,seattle-wa,xZMCk6CZa4XbJ3p4SbsNyw,round2,-0.0617,-4.1327,1.1923,51.7871,75.6946,51.3056,83.233,0.9817,51.3056,83.233,0.9817,-3.852,60.3073,-3.852,60.3073
lt1,st-louis-mo:547,st-louis-mo,j5QLBwp5_wrG3O1oqe_dXA,round1,0.685,-3.0233,-13.178,26.1377,94.0583,36.118,91.4195,0.9268,36.118,91.4195,0.9268,79.8428,-21.1101,79.8428,-21.1101
lt1,st-louis-mo:547,st-louis-mo,j5QLBwp5_wrG3O1oqe_dXA,round2,0.685,-3.0233,-13.178,26.1377,94.0583,35.915,91.6299,0.9386,35.915,91.6299,0.9386,78.2188,-19.4277,78.2188,-19.4277
lt1,teaneck-nj:295,teaneck-nj,6u-hVjLN68B-n73fcNHHpA,round1,-0.618,4.9934,11.7193,32.9809,93.3429,36.1922,92.4515,0.9106,36.1922,92.4515,0.9106,25.6907,-7.1312,25.6907,-7.1312
lt1,teaneck-nj:295,teaneck-nj,6u-hVjLN68B-n73fcNHHpA,round2,-0.618,4.9934,11.7193,32.9809,93.3429,36.3044,99.4124,1.0,36.3044,99.4124,1.0,26.5879,48.5563,26.5879,48.5563
lt1,teaneck-nj:7129,teaneck-nj,7D3UAfiz2wPtoD_1q3UlPQ,round1,-0.2473,-4.4688,5.0145,13.5814,107.6499,12.1051,114.6791,0.9288,12.1051,114.6791,0.9288,-11.81,56.2336,-11.81,56.2336
lt1,teaneck-nj:7129,teaneck-nj,7D3UAfiz2wPtoD_1q3UlPQ,round2,-0.2473,-4.4688,5.0145,13.5814,107.6499,11.6768,107.1783,0.973,11.6768,107.1783,0.973,-15.2368,-3.7728,-15.2368,-3.7728
lt1,teaneck-nj:308,teaneck-nj,K6hyr62aPuBq7Z82VSfuRw,round1,-0.0376,1.1775,0.7048,42.4692,98.7274,43.2386,98.9161,0.9704,43.2386,98.9161,0.9704,6.1548,1.5098,6.1548,1.5098
lt1,teaneck-nj:308,teaneck-nj,K6hyr62aPuBq7Z82VSfuRw,round2,-0.0376,1.1775,0.7048,42.4692,98.7274,43.3029,98.5,1.0,43.3029,98.5,1.0,6.669,-1.8189,6.669,-1.8189
lt1,teaneck-nj:8549,teaneck-nj,RzvbniXOchPAiiA3x2RA2w,round1,-0.2622,-0.9545,5.6309,9.6883,76.6342,11.6213,76.5,1.0,11.6213,76.5,1.0,15.4641,-1.0733,15.4641,-1.0733
lt1,teaneck-nj:8549,teaneck-nj,RzvbniXOchPAiiA3x2RA2w,round2,-0.2622,-0.9545,5.6309,9.6883,76.6342,11.8612,75.5,1.0,11.8612,75.5,1.0,17.3836,-9.0733,17.3836,-9.0733
lt1,teaneck-nj:12037,teaneck-nj,TqGk4mSvGAytzCkvPKbfpQ,round1,-0.3023,-2.0056,6.6612,20.5263,67.8394,20.0998,65.5,1.0,20.0998,65.5,1.0,-3.4118,-18.7156,-3.4118,-18.7156
lt1,teaneck-nj:12037,teaneck-nj,TqGk4mSvGAytzCkvPKbfpQ,round2,-0.3023,-2.0056,6.6612,20.5263,67.8394,19.5,64.5,1.0,19.5,64.5,1.0,-8.21,-26.7156,-8.21,-26.7156
lt1,teaneck-nj:20064,teaneck-nj,X44CxHR1GVSm6irZqoUz3g,round1,0.2066,-6.1522,-4.4538,69.2024,94.3442,67.5483,90.7462,0.9321,67.5483,90.7462,0.9321,-13.2329,-28.784,-13.2329,-28.784
lt1,teaneck-nj:20064,teaneck-nj,X44CxHR1GVSm6irZqoUz3g,round2,0.2066,-6.1522,-4.4538,69.2024,94.3442,67.5,84.0,1.0,67.5,83.5,1.0,-13.6192,-82.7539,-13.6192,-86.7539
lt1,teaneck-nj:15670,teaneck-nj,hkXv1WqBwgk9d8ng2lgZEA,round1,-0.8023,12.8587,14.8627,46.0284,99.3048,50.8713,106.6748,0.877,50.8713,106.6748,0.877,38.7429,58.9599,38.7429,58.9599
lt1,teaneck-nj:15670,teaneck-nj,hkXv1WqBwgk9d8ng2lgZEA,round2,-0.8023,12.8587,14.8627,46.0284,99.3048,51.6042,99.5351,0.9574,51.6042,99.5351,0.9574,44.6061,1.8425,44.6061,1.8425
lt1,teaneck-nj:18027,teaneck-nj,loA0F7HYa2uear0Kw8Wjew,round1,0.0665,-25.272,-1.7342,41.6498,119.1357,43.4409,107.5,0.8772,51.1889,99.5392,0.9537,14.3291,-93.0859,76.3124,-156.7724
lt1,teaneck-nj:18027,teaneck-nj,loA0F7HYa2uear0Kw8Wjew,round2,0.0665,-25.272,-1.7342,41.6498,119.1357,36.5,108.5,0.9202,50.5,98.5,1.0,-41.1984,-85.0859,70.8016,-165.0859
1to3,chicago-il:79454,chicago-il,1biuslwd5dZXRTafe3Fbpg,round1,1.9222,5.6127,-36.2342,60.3983,101.9048,66.6791,99.086,0.8686,66.6791,99.086,0.8686,50.246,-22.5507,50.246,-22.5507
1to3,chicago-il:79454,chicago-il,1biuslwd5dZXRTafe3Fbpg,round2,1.9222,5.6127,-36.2342,60.3983,101.9048,67.5,93.0,0.519,74.5,83.5,0.8494,56.8133,-71.2387,112.8133,-147.2387
1to3,chicago-il:6380,chicago-il,1wq2w4gEYNhxrEEAqAAisw,round1,1.8468,-6.7633,-35.6732,56.801,98.026,67.5,93.5,0.8359,68.1733,91.6899,0.8653,85.5919,-36.2079,90.9782,-50.6885
1to3,chicago-il:6380,chicago-il,1wq2w4gEYNhxrEEAqAAisw,round2,1.8468,-6.7633,-35.6732,56.801,98.026,67.7272,96.5,0.859,68.4977,83.9572,0.9544,87.4097,-12.2079,93.5731,-112.5503
1to3,chicago-il:8261,chicago-il,3jReGfIqY8mDKicxOIvwkw,round1,-1.3524,-8.9185,24.3848,40.7067,113.8448,50.9888,115.7148,0.6415,50.9888,115.7148,0.6415,82.2562,14.9604,82.2562,14.9604
1to3,chicago-il:8261,chicago-il,3jReGfIqY8mDKicxOIvwkw,round2,-1.3524,-8.9185,24.3848,40.7067,113.8448,51.5,109.5,0.215,59.5,100.5,0.2612,86.3462,-34.7582,150.3462,-106.7582
1to3,chicago-il:8257,chicago-il,4Ej9XrWcfJvnKG-FqAsQvw,round1,2.3059,8.5951,-42.1993,54.0046,110.7036,59.7101,107.7799,0.9167,59.7101,107.7799,0.9167,45.6438,-23.3902,45.6438,-23.3902
1to3,chicago-il:8257,chicago-il,4Ej9XrWcfJvnKG-FqAsQvw,round2,2.3059,8.5951,-42.1993,54.0046,110.7036,59.5,106.5,1.0,59.5,106.5,1.0,43.9631,-33.6291,43.9631,-33.6291
1to3,chicago-il:10801,chicago-il,4Y3p_OIalv3-LLHJKkdCWw,round1,-1.8562,7.041,33.6145,50.0021,134.3086,59.5,141.0,0.4141,60.381,154.0,0.4715,75.9834,53.5311,83.0316,157.5311
1to3,chicago-il:10801,chicago-il,4Y3p_OIalv3-LLHJKkdCWw,round2,-1.8562,7.041,33.6145,50.0021,134.3086,60.5,139.1415,0.4136,66.7583,139.0112,0.4267,83.9834,38.6635,134.0495,37.6208
1to3,chicago-il:9981,chicago-il,ALd8umyuJxu9sl1VCQvl8Q,round1,2.9116,3.9594,-53.6903,19.0518,129.9367,19.733,123.8913,0.9271,19.733,123.8913,0.9271,5.4492,-48.3635,5.4492,-48.3635
1to3,chicago-il:9981,chicago-il,ALd8umyuJxu9sl1VCQvl8Q,round2,2.9116,3.9594,-53.6903,19.0518,129.9367,19.9851,123.1713,0.6623,19.9851,123.1713,0.6623,7.4663,-54.1231,7.4663,-54.1231
1to3,chicago-il:9574,chicago-il,CyrZ18tuXmiPlzj-qj5MOw,round1,2.0458,-4.9368,-40.0317,37.7913,91.2583,36.0013,84.3918,0.8507,36.0013,84.3918,0.8507,-14.3206,-54.9323,-14.3206,-54.9323
1to3,chicago-il:9574,chicago-il,CyrZ18tuXmiPlzj-qj5MOw,round2,2.0458,-4.9368,-40.0317,37.7913,91.2583,36.204,84.0751,0.9631,36.204,84.0751,0.9631,-12.6987,-57.4652,-12.6987,-57.4652
1to3,chicago-il:175451,chicago-il,D3MW4DMSOSR-VdgpJOmOkg,round1,-1.023,1.4967,20.1618,18.6826,89.2922,19.1521,92.0644,0.9429,19.1521,92.0644,0.9429,3.7564,22.1776,3.7564,22.1776
1to3,chicago-il:175451,chicago-il,D3MW4DMSOSR-VdgpJOmOkg,round2,-1.023,1.4967,20.1618,18.6826,89.2922,17.5,91.5,1.0,17.5,91.5,1.0,-9.4607,17.6627,-9.4607,17.6627
1to3,chicago-il:112,chicago-il,IFFP-cK62xPaorPKguuOkg,round1,-1.7962,0.408,35.1625,51.9519,86.9637,59.0475,84.0809,0.9884,59.0475,84.0809,0.9884,56.7649,-23.0617,56.7649,-23.0617
1to3,chicago-il:112,chicago-il,IFFP-cK62xPaorPKguuOkg,round2,-1.7962,0.408,35.1625,51.9519,86.9637,59.5,89.5,1.0,59.5,89.5,1.0,60.3847,20.2908,60.3847,20.2908
1to3,chicago-il:70049,chicago-il,Ihuc4QwRD3oSgSp61HyUFQ,round1,-1.5021,-5.2875,29.1,50.8541,88.6231,43.7481,91.5483,0.9725,43.7481,91.5483,0.9725,-56.8475,23.4019,-56.8475,23.4019
1to3,chicago-il:70049,chicago-il,Ihuc4QwRD3oSgSp61HyUFQ,round2,-1.5021,-5.2875,29.1,50.8541,88.6231,50.7346,92.0152,0.9397,50.7346,92.0152,0.9397,-0.9554,27.1367,-0.9554,27.1367
1to3,chicago-il:130370,chicago-il,IvP0Iz0RFhrQzg6SBNWhaQ,round1,1.3317,-0.7778,-27.4555,53.4489,80.367,51.5493,83.3277,0.8178,51.5493,83.3277,0.8178,-15.1967,23.6855,-15.1967,23.6855
1to3,chicago-il:130370,chicago-il,IvP0Iz0RFhrQzg6SBNWhaQ,round2,1.3317,-0.7778,-27.4555,53.4489,80.367,44.1061,83.0061,0.9655,44.1061,83.0061,0.9655,-74.7423,21.1129,-74.7423,21.1129
1to3,chicago-il:7793,chicago-il,MH6MmARI45yN7QVrTRcA6g,round1,-1.1897,-1.4995,23.7402,24.5089,85.3569,20.4136,90.5788,0.7968,20.4136,90.5788,0.7968,-32.7623,41.7752,-32.7623,41.7752
1to3,chicago-il:7793,chicago-il,MH6MmARI45yN7QVrTRcA6g,round2,-1.1897,-1.4995,23.7402,24.5089,85.3569,26.8499,85.5,1.0,26.8499,85.5,1.0,18.7283,1.1445,18.7283,1.1445
1to3,chicago-il:195946,chicago-il,NYlUKS9PkrXQr_2Nn1WjWg,round1,-1.6401,-2.7589,32.2298,40.32,85.5919,42.9551,83.843,0.983,42.9551,83.843,0.983,21.0812,-13.991,21.0812,-13.991
1to3,chicago-il:195946,chicago-il,NYlUKS9PkrXQr_2Nn1WjWg,round2,-1.6401,-2.7589,32.2298,40.32,85.5919,43.1028,90.5746,0.9912,43.1028,90.5746,0.9912,22.2629,39.8618,22.2629,39.8618
1to3,chicago-il:9891,chicago-il,O02jd9YHnx-6Z3K_yGF-qg,round1,1.7531,1.0554,-32.2954,58.5913,110.8518,60.3719,114.7695,0.879,60.3719,114.7695,0.879,14.2449,31.3411,14.2449,31.3411
1to3,chicago-il:9891,chicago-il,O02jd9YHnx-6Z3K_yGF-qg,round2,1.7531,1.0554,-32.2954,58.5913,110.8518,67.1179,115.8174,0.9334,67.1179,115.8174,0.9334,68.213,39.7245,68.213,39.7245
1to3,chicago-il:8098,chicago-il,RjaYSOjnW4_b_Pa6f--uBQ,round1,-1.7313,-0.8252,33.1347,26.7374,94.3559,27.5082,99.441,0.988,27.5082,99.441,0.988,6.1664,40.6811,6.1664,40.6811
1to3,chicago-il:8098,chicago-il,RjaYSOjnW4_b_Pa6f--uBQ,round2,-1.7313,-0.8252,33.1347,26.7374,94.3559,27.2857,99.5847,0.9899,27.2857,99.5847,0.9899,4.3867,41.831,4.3867,41.831
1to3,chicago-il:24,chicago-il,XVObJ1fFXW5V_dR99Bw4ZA,round1,-1.495,-8.0554,26.9372,38.6167,116.8423,42.5943,115.0509,0.8155,42.5943,115.0509,0.8155,31.8209,-14.3314,31.8209,-14.3314
1to3,chicago-il:24,chicago-il,XVObJ1fFXW5V_dR99Bw4ZA,round2,-1.495,-8.0554,26.9372,38.6167,116.8423,42.5189,115.3629,0.9627,42.5189,115.3629,0.9627,31.2174,-11.835,31.2174,-11.835
1to3,chicago-il:4126,chicago-il,YmII0FmJZ5NfeJMvBQCTuw,round1,-1.1523,-9.6826,21.1101,37.2312,107.583,35.8181,107.3015,0.9897,35.8181,107.3015,0.9897,-11.3052,-2.2522,-11.3052,-2.2522
1to3,chicago-il:4126,chicago-il,YmII0FmJZ5NfeJMvBQCTuw,round2,-1.1523,-9.6826,21.1101,37.2312,107.583,35.5,106.5,1.0,35.5,106.5,1.0,-13.8496,-8.6639,-13.8496,-8.6639
1to3,chicago-il:271,chicago-il,ZZINMIpOcIwIDzrWq_as6A,round1,-1.9544,2.4344,36.1608,30.3363,102.8772,35.9563,107.042,0.8717,35.9563,107.042,0.8717,44.96,33.3183,44.96,33.3183
1to3,chicago-il:271,chicago-il,ZZINMIpOcIwIDzrWq_as6A,round2,-1.9544,2.4344,36.1608,30.3363,102.8772,36.3069,107.2309,0.9785,12.0,90.5,1.0,47.7641,34.8299,-146.6907,-99.0177
1to3,chicago-il:2840,chicago-il,c1sHMH8u_Sj_KksHr1DXCA,round1,-2.88,-7.5422,56.2108,10.307,96.7388,11.5,99.5,1.0,11.5,99.5,1.0,9.5439,22.0897,9.5439,22.0897
1to3,chicago-il:2840,chicago-il,c1sHMH8u_Sj_KksHr1DXCA,round2,-2.88,-7.5422,56.2108,10.307,96.7388,11.879,106.8204,0.9789,11.879,106.8204,0.9789,12.5757,80.6528,12.5757,80.6528
1to3,chicago-il:18164,chicago-il,h1EK45PZ0TEpQy8CBRJ2Uw,round1,1.1312,-2.6776,-21.9061,69.1153,101.5584,67.4672,99.3537,0.9962,67.4672,99.3537,0.9962,-13.1842,-17.6379,-13.1842,-17.6379
1to3,chicago-il:18164,chicago-il,h1EK45PZ0TEpQy8CBRJ2Uw,round2,1.1312,-2.6776,-21.9061,69.1153,101.5584,67.5,92.5,1.0,67.5,92.5,1.0,-12.922,-72.4675,-12.922,-72.4675
1to3,chicago-il:2975,chicago-il,hx_72iv_HuATCmrBtpR-XA,round1,-1.296,-0.6885,25.932,41.4524,82.1281,42.809,83.6426,0.9446,42.809,83.6426,0.9446,10.8527,12.1165,10.8527,12.1165
1to3,chicago-il:2975,chicago-il,hx_72iv_HuATCmrBtpR-XA,round2,-1.296,-0.6885,25.932,41.4524,82.1281,41.5,83.5,1.0,41.5,83.5,1.0,0.381,10.9754,0.381,10.9754
1to3,chicago-il:178,chicago-il,jhthqtrv9inKLTzCvmCd1g,round1,1.1978,10.537,-20.954,69.1339,126.1705,68.4391,130.7339,0.6487,68.4391,130.7339,0.6487,-5.5582,36.5073,-5.5582,36.5073
1to3,chicago-il:178,chicago-il,jhthqtrv9inKLTzCvmCd1g,round2,1.1978,10.537,-20.954,69.1339,126.1705,75.0201,123.8531,0.8828,75.0201,123.8531,0.8828,47.0893,-18.5386,47.0893,-18.5386
1to3,chicago-il:6175,chicago-il,lQTGygdTPRFpF7kFnlQuzg,round1,-2.1115,-0.8146,40.1964,61.4339,95.9948,59.107,91.1462,0.8694,59.107,91.1462,0.8694,-18.6159,-38.7892,-18.6159,-38.7892
1to3,chicago-il:6175,chicago-il,lQTGygdTPRFpF7kFnlQuzg,round2,-2.1115,-0.8146,40.1964,61.4339,95.9948,59.1614,92.3197,0.9071,59.1614,92.3197,0.9071,-18.1803,-29.4009,-18.1803,-29.4009
1to3,chicago-il:361,chicago-il,mPpV286zWPK8ehmRHTJvSg,round1,-1.3466,-2.3048,27.2502,20.3046,83.2642,31.0,86.0,0.0183,41.0,91.6824,0.0324,85.5635,21.8862,165.5635,67.3452
1to3,chicago-il:361,chicago-il,mPpV286zWPK8ehmRHTJvSg,round2,-1.3466,-2.3048,27.2502,20.3046,83.2642,19.3005,83.5001,0.1933,19.3005,83.5001,0.1933,-8.0328,1.8873,-8.0328,1.8873
1to3,chicago-il:154174,chicago-il,nEhCFw48FQ107hmzmYEvyg,round1,-1.0008,2.1993,19.4105,31.3591,89.8075,35.5,90.5,1.0,35.5,90.5,1.0,33.1272,5.5403,33.1272,5.5403
1to3,chicago-il:154174,chicago-il,nEhCFw48FQ107hmzmYEvyg,round2,-1.0008,2.1993,19.4105,31.3591,89.8075,35.5,89.5,1.0,35.5,89.5,1.0,33.1272,-2.4597,33.1272,-2.4597
1to3,chicago-il:28144,chicago-il,wSUVtCrV1q6i1foemojmIA,round1,1.0306,0.9443,-19.4488,32.3059,100.5064,34.8279,99.598,0.8668,34.8279,99.598,0.8668,20.1765,-7.2669,20.1765,-7.2669
1to3,chicago-il:28144,chicago-il,wSUVtCrV1q6i1foemojmIA,round2,1.0306,0.9443,-19.4488,32.3059,100.5064,34.7558,99.7906,0.8431,34.7558,99.7906,0.8431,19.5993,-5.7263,19.5993,-5.7263
1to3,chicago-il:13888,chicago-il,yI6vLao7iu5ovsffkhDWOw,round1,1.4482,-4.8844,-27.6122,44.3447,97.2766,42.9996,92.3808,0.9493,42.9996,92.3808,0.9493,-10.7607,-39.1665,-10.7607,-39.1665
1to3,chicago-il:13888,chicago-il,yI6vLao7iu5ovsffkhDWOw,round2,1.4482,-4.8844,-27.6122,44.3447,97.2766,43.2697,91.9438,0.9967,43.2697,91.9438,0.9967,-8.6004,-42.6628,-8.6004,-42.6628
1to3,chicago-il:20938,chicago-il,zwANMgAk3y_Vlq13PwV_wg,round1,1.1236,8.252,-19.8792,61.3999,122.0476,60.1245,115.2989,0.9513,60.1245,115.2989,0.9513,-10.2032,-53.9897,-10.2032,-53.9897
1to3,chicago-il:20938,chicago-il,zwANMgAk3y_Vlq13PwV_wg,round2,1.1236,8.252,-19.8792,61.3999,122.0476,66.5199,115.1286,0.9246,66.5199,115.1286,0.9246,40.96,-55.3523,40.96,-55.3523
1to3,columbus-oh:33265,columbus-oh,0Td17HVV-8cBqSJKC9MUWw,round1,1.125,0.3456,-23.0769,40.0145,80.2953,43.3127,82.8996,0.9466,43.3127,82.8996,0.9466,26.3853,20.8342,26.3853,20.8342
1to3,columbus-oh:33265,columbus-oh,0Td17HVV-8cBqSJKC9MUWw,round2,1.125,0.3456,-23.0769,40.0145,80.2953,43.7881,76.3273,0.9595,43.7881,76.3273,0.9595,30.1883,-31.7438,30.1883,-31.7438
1to3,columbus-oh:21420,columbus-oh,2DnFbVt70tHEuPx0GA1xZw,round1,2.0212,0.8175,-44.6122,59.4227,70.052,60.3738,81.0,0.0137,64.0,92.0,0.0572,7.6089,87.5837,36.6182,175.5837
1to3,columbus-oh:21420,columbus-oh,2DnFbVt70tHEuPx0GA1xZw,round2,2.0212,0.8175,-44.6122,59.4227,70.052,70.0,73.0,0.0076,81.0,76.5,0.0123,84.6182,23.5837,172.6182,51.5837
1to3,columbus-oh:25697,columbus-oh,64fBdAzTVhlAH_74dj43IA,round1,-1.0128,16.6939,16.5114,19.4223,151.0121,20.3396,155.8679,0.0567,24.0,129.0,0.0983,7.339,38.8463,36.6219,-176.0969
1to3,columbus-oh:25697,columbus-oh,64fBdAzTVhlAH_74dj43IA,round2,-1.0128,16.6939,16.5114,19.4223,151.0121,21.5,140.0,0.0152,24.5,128.5,0.0594,16.6219,-88.0969,40.6219,-180.0969
1to3,columbus-oh:191,columbus-oh,7vXda3GEzpQ63ish4HuIkg,round1,-1.4805,-3.9655,30.065,55.8416,79.3344,58.9913,82.8527,0.9626,58.9913,82.8527,0.9626,25.1982,28.1461,25.1982,28.1461
1to3,columbus-oh:191,columbus-oh,7vXda3GEzpQ63ish4HuIkg,round2,-1.4805,-3.9655,30.065,55.8416,79.3344,59.5711,82.6456,0.9822,59.5711,82.6456,0.9822,29.8366,26.4898,29.8366,26.4898
1to3,columbus-oh:17413,columbus-oh,G5BxhQWVCpJVxp5WvhNidw,round1,2.2611,-2.4901,-40.4475,41.2379,134.7692,42.5453,131.9116,0.8382,42.5453,131.9116,0.8382,10.4594,-22.8604,10.4594,-22.8604
1to3,columbus-oh:17413,columbus-oh,G5BxhQWVCpJVxp5WvhNidw,round2,2.2611,-2.4901,-40.4475,41.2379,134.7692,42.9182,131.6254,0.8602,42.9182,131.6254,0.8602,13.443,-25.1498,13.443,-25.1498
1to3,columbus-oh:23177,columbus-oh,IYuknG-k2LnTihlfmmiIiA,round1,-1.1505,-15.6571,20.4623,49.4724,107.4063,60.0,111.5,0.4314,70.0,115.5307,0.7896,84.2207,32.7498,164.2207,64.9958
1to3,columbus-oh:23177,columbus-oh,IYuknG-k2LnTihlfmmiIiA,round2,-1.1505,-15.6571,20.4623,49.4724,107.4063,57.5,115.5,0.5195,60.135,122.6874,0.5902,64.2207,64.7498,85.3004,122.2491
1to3,columbus-oh:17830,columbus-oh,LT6GxEtHYhKMqitmwH_VLA,round1,1.5612,-8.602,-29.0365,46.4426,152.2184,50.8948,147.6166,0.7557,50.8948,147.6166,0.7557,35.6178,-36.8146,35.6178,-36.8146
1to3,columbus-oh:17830,columbus-oh,LT6GxEtHYhKMqitmwH_VLA,round2,1.5612,-8.602,-29.0365,46.4426,152.2184,42.7965,141.5,0.6327,42.5666,132.3546,0.7271,-29.169,-85.747,-31.0077,-158.91
1to3,columbus-oh:30008,columbus-oh,MjlbUBXSsoZDnVeoH40MNA,round1,-1.0708,6.0453,21.1541,61.5607,88.9894,60.3232,91.2909,0.9439,60.3232,91.2909,0.9439,-9.8993,18.4119,-9.8993,18.4119
1to3,columbus-oh:30008,columbus-oh,MjlbUBXSsoZDnVeoH40MNA,round2,-1.0708,6.0453,21.1541,61.5607,88.9894,60.4485,91.4316,0.951,60.4485,91.4316,0.951,-8.8971,19.5375,-8.8971,19.5375
1to3,columbus-oh:16349,columbus-oh,Qt_CSzuA2bSxNNqo0dIYDg,round1,-1.043,2.8627,20.1958,26.4277,90.7399,27.5967,91.5,1.0,27.5967,91.5,1.0,9.3513,6.0811,9.3513,6.0811
1to3,columbus-oh:16349,columbus-oh,Qt_CSzuA2bSxNNqo0dIYDg,round2,-1.043,2.8627,20.1958,26.4277,90.7399,27.5,91.5,1.0,27.5,91.5,1.0,8.5781,6.0811,8.5781,6.0811
1to3,columbus-oh:13662,columbus-oh,SNkSOslLnVkFqKWJg4J89w,round1,-1.8972,-7.28,36.2486,47.7912,91.2075,44.204,101.5,0.943,44.3342,106.584,0.9533,-28.6971,82.3398,-27.6554,123.0115
1to3,columbus-oh:13662,columbus-oh,SNkSOslLnVkFqKWJg4J89w,round2,-1.8972,-7.28,36.2486,47.7912,91.2075,44.1624,101.0,0.9458,44.2946,106.65,0.9662,-29.0298,78.3398,-27.9724,123.5395
1to3,columbus-oh:9345,columbus-oh,YOr7PmAswe4MsgpFtFszmw,round1,-1.5402,0.7543,31.7595,55.3073,76.7373,52.4137,75.8818,0.9708,52.4137,75.8818,0.9708,-23.1485,-6.8439,-23.1485,-6.8439
1to3,columbus-oh:9345,columbus-oh,YOr7PmAswe4MsgpFtFszmw,round2,-1.5402,0.7543,31.7595,55.3073,76.7373,58.811,82.5569,1.0,58.811,82.5569,1.0,28.0294,46.5574,28.0294,46.5574
1to3,columbus-oh:31701,columbus-oh,dcs_2ncEN_v6_Ga_Vv39YQ,round1,1.2459,-2.9007,-23.881,55.4335,97.7224,51.9817,99.156,0.8394,51.9817,99.156,0.8394,-27.6139,11.4684,-27.6139,11.4684
1to3,columbus-oh:31701,columbus-oh,dcs_2ncEN_v6_Ga_Vv39YQ,round2,1.2459,-2.9007,-23.881,55.4335,97.7224,58.7799,98.7474,0.9342,58.7799,98.7474,0.9342,26.7715,8.1999,26.7715,8.1999
1to3,columbus-oh:6498,columbus-oh,ksur2nNOc13USmAJIk6fOA,round1,2.6016,0.2732,-51.4015,73.2411,97.3439,75.0132,91.5,1.0,75.0132,91.5,1.0,14.1766,-46.7508,14.1766,-46.7508
1to3,columbus-oh:6498,columbus-oh,ksur2nNOc13USmAJIk6fOA,round2,2.6016,0.2732,-51.4015,73.2411,97.3439,74.5,91.5,1.0,74.5,91.5,1.0,10.0709,-46.7508,10.0709,-46.7508
1to3,columbus-oh:5307,columbus-oh,pLcbBcb0Hq18WHnnSkM5_Q,round1,1.7071,0.5725,-34.7853,55.9403,83.3066,58.6482,75.8618,0.6495,58.6482,75.8618,0.6495,21.6636,-59.5582,21.6636,-59.5582
1to3,columbus-oh:5307,columbus-oh,pLcbBcb0Hq18WHnnSkM5_Q,round2,1.7071,0.5725,-34.7853,55.9403,83.3066,58.8926,76.1385,0.9828,58.8926,76.1385,0.9828,23.6183,-57.3441,23.6183,-57.3441
1to3,columbus-oh:1668,columbus-oh,ukhzNQA2AGyivN3CfniZYA,round1,-2.6591,4.1684,54.2997,40.7294,76.0882,35.5593,76.4314,0.9219,35.5593,76.4314,0.9219,-41.3603,2.7453,-41.3603,2.7453
1to3,columbus-oh:1668,columbus-oh,ukhzNQA2AGyivN3CfniZYA,round2,-2.6591,4.1684,54.2997,40.7294,76.0882,43.1237,83.0023,0.9831,43.1237,83.0023,0.9831,19.1545,55.3122,19.1545,55.3122
1to3,columbus-oh:6687,columbus-oh,vxBZau2nIhy-tICp4lo9Pg,round1,1.3889,0.2221,-28.4843,32.6793,81.2511,34.9295,83.1395,0.9121,34.9295,83.1395,0.9121,18.0017,15.1073,18.0017,15.1073
1to3,columbus-oh:6687,columbus-oh,vxBZau2nIhy-tICp4lo9Pg,round2,1.3889,0.2221,-28.4843,32.6793,81.2511,34.7613,76.3228,0.9832,34.7613,76.3228,0.9832,16.6557,-39.4263,16.6557,-39.4263
1to3,columbus-oh:14379,columbus-oh,yVxL8B41pMsiLRud3zkHhQ,round1,1.286,9.0919,-22.5721,62.3832,134.5468,60.0186,131.9092,0.9149,60.0186,131.9092,0.9149,-18.9172,-21.1005,-18.9172,-21.1005
1to3,columbus-oh:14379,columbus-oh,yVxL8B41pMsiLRud3zkHhQ,round2,1.286,9.0919,-22.5721,62.3832,134.5468,60.1373,131.0513,0.9356,60.1373,131.0513,0.9356,-17.9671,-27.9636,-17.9671,-27.9636
1to3,columbus-oh:6085,columbus-oh,yxg-6e1PcmWMJlzIoAShgw,round1,-1.3557,0.5995,28.5248,20.7081,74.7413,26.6661,76.1311,0.9354,26.6661,76.1311,0.9354,47.664,11.1183,47.664,11.1183
1to3,columbus-oh:6085,columbus-oh,yxg-6e1PcmWMJlzIoAShgw,round2,-1.3557,0.5995,28.5248,20.7081,74.7413,26.9941,82.8539,0.9875,26.9941,82.8539,0.9875,50.2883,64.9011,50.2883,64.9011
1to3,knox-oh:26042,knox-oh,IlteMBA_1ltQFIVlc54mSQ,round1,-1.2515,-2.9334,22.6277,53.7641,112.5498,52.2214,114.7436,0.9147,52.2214,114.7436,0.9147,-12.3414,17.5506,-12.3414,17.5506
1to3,knox-oh:26042,knox-oh,IlteMBA_1ltQFIVlc54mSQ,round2,-1.2515,-2.9334,22.6277,53.7641,112.5498,58.795,115.2731,0.9553,58.795,115.2731,0.9553,40.2471,21.7863,40.2471,21.7863
1to3,knox-oh:26951,knox-oh,jaAU1gM8W-na4_GClABZbA,round1,-2.2603,27.1134,40.0429,13.2428,103.0289,19.3259,106.9829,0.9694,19.3259,106.9829,0.9694,48.6645,31.6326,48.6645,31.6326
1to3,knox-oh:26951,knox-oh,jaAU1gM8W-na4_GClABZbA,round2,-2.2603,27.1134,40.0429,13.2428,103.0289,19.2992,107.033,0.9773,19.2992,107.033,0.9773,48.4511,32.033,48.4511,32.033
1to3,newberg-or:15106,newberg-or,-4VZ4bLnTqvyRQDcO76kGQ,round1,1.2928,-0.6733,-23.1157,43.767,127.6805,42.6419,123.3063,0.6994,42.6419,123.3063,0.6994,-9.0007,-34.9938,-9.0007,-34.9938
1to3,newberg-or:15106,newberg-or,-4VZ4bLnTqvyRQDcO76kGQ,round2,1.2928,-0.6733,-23.1157,43.767,127.6805,42.6857,123.5778,0.9567,42.6857,123.5778,0.9567,-8.6507,-32.8219,-8.6507,-32.8219
1to3,newberg-or:6652,newberg-or,-rfE4abAjE1diXRTqgmpSw,round1,-1.7554,-2.3096,32.4979,40.1906,101.8976,42.6804,107.0472,0.9766,42.6804,107.0472,0.9766,19.9181,41.1969,19.9181,41.1969
1to3,newberg-or:6652,newberg-or,-rfE4abAjE1diXRTqgmpSw,round2,-1.7554,-2.3096,32.4979,40.1906,101.8976,43.0377,107.1139,0.9693,43.0377,107.1139,0.9693,22.7763,41.7304,22.7763,41.7304
1to3,newberg-or:120,newberg-or,1xaPcAQBEOd9o_JqalvfxA,round1,-2.598,-4.1571,52.3856,63.9173,81.2512,67.043,84.4846,0.9887,67.043,84.4846,0.9887,25.0059,25.8673,25.0059,25.8673
1to3,newberg-or:120,newberg-or,1xaPcAQBEOd9o_JqalvfxA,round2,-2.598,-4.1571,52.3856,63.9173,81.2512,67.5,87.5,1.0,67.5,87.5,1.0,28.6619,49.9902,28.6619,49.9902
1to3,newberg-or:5404,newberg-or,4TjtZHjSfNp1ma-mSmYOoA,round1,-1.6043,-0.8578,31.5615,45.6608,85.4311,43.6167,90.6747,0.9677,43.6167,90.6747,0.9677,-16.3526,41.9488,-16.3526,41.9488
1to3,newberg-or:5404,newberg-or,4TjtZHjSfNp1ma-mSmYOoA,round2,-1.6043,-0.8578,31.5615,45.6608,85.4311,43.7016,90.5,1.0,43.7016,90.5,1.0,-15.6737,40.5507,-15.6737,40.5507
1to3,newberg-or:4744,newberg-or,5oOuZbyCarnN_Nr7xkx2JQ,round1,-1.1475,16.3471,20.6718,11.2648,99.3105,22.0,100.2126,0.8523,26.7366,100.1553,0.8691,85.8813,7.2164,123.7743,6.758
1to3,newberg-or:4744,newberg-or,5oOuZbyCarnN_Nr7xkx2JQ,round2,-1.1475,16.3471,20.6718,11.2648,99.3105,22.0,99.047,0.8999,26.9586,98.9818,0.9513,85.8813,-2.1083,125.5505,-2.63
1to3,newberg-or:8298,newberg-or,7Hq4wiRpEUpLClGyThZmCQ,round1,1.1342,-2.8607,-22.5565,49.6493,87.3363,50.7562,84.0333,0.936,50.7562,84.0333,0.936,8.8553,-26.4243,8.8553,-26.4243
1to3,newberg-or:8298,newberg-or,7Hq4wiRpEUpLClGyThZmCQ,round2,1.1342,-2.8607,-22.5565,49.6493,87.3363,51.2534,83.5437,1.0,51.2534,83.5437,1.0,12.8327,-30.3413,12.8327,-30.3413
1to3,newberg-or:5312,newberg-or,G-JGjkcSgQkSxCFqqoZv0w,round1,1.5783,-5.1231,-31.6096,11.8429,90.4796,11.5,82.5,1.0,11.5,82.5,1.0,-2.743,-63.8364,-2.743,-63.8364
1to3,newberg-or:5312,newberg-or,G-JGjkcSgQkSxCFqqoZv0w,round2,1.5783,-5.1231,-31.6096,11.8429,90.4796,11.8066,82.5,1.0,11.8066,82.5,1.0,-0.2901,-63.8364,-0.2901,-63.8364
1to3,newberg-or:9443,newberg-or,JoHnR-18qrp3vkqOmB6jOw,round1,2.1419,-0.3367,-39.7691,65.3505,113.4761,66.9808,115.8999,0.8889,66.9808,115.8999,0.8889,13.0423,19.3905,13.0423,19.3905
1to3,newberg-or:9443,newberg-or,JoHnR-18qrp3vkqOmB6jOw,round2,2.1419,-0.3367,-39.7691,65.3505,113.4761,67.3741,114.5549,0.9468,67.3741,114.5549,0.9468,16.1887,8.6305,16.1887,8.6305
1to3,newberg-or:6253,newberg-or,K-9SliD1MGjKnFQw3CxgjA,round1,-1.4366,-29.5183,24.8258,43.1533,120.6014,43.518,122.7968,0.9638,43.518,122.7968,0.9638,2.9177,17.5633,2.9177,17.5633
1to3,newberg-or:6253,newberg-or,K-9SliD1MGjKnFQw3CxgjA,round2,-1.4366,-29.5183,24.8258,43.1533,120.6014,43.5,122.5,1.0,43.5,122.5,1.0,2.7738,15.1885,2.7738,15.1885
1to3,newberg-or:3201,newberg-or,LBExk3L9N5zgQEBxeT6RzA,round1,1.5664,1.982,-29.5011,37.9049,100.7204,43.2373,99.571,0.8002,43.2373,99.571,0.8002,42.6598,-9.1953,42.6598,-9.1953
1to3,newberg-or:3201,newberg-or,LBExk3L9N5zgQEBxeT6RzA,round2,1.5664,1.982,-29.5011,37.9049,100.7204,35.6608,98.9042,0.717,35.6608,98.9042,0.717,-17.9528,-14.5295,-17.9528,-14.5295
1to3,newberg-or:12754,newberg-or,SKu-2cp6OOSJXo6H4NBURA,round1,2.5971,-1.1136,-52.983,23.7413,85.3708,20.4922,83.631,0.8798,20.4922,83.631,0.8798,-25.9922,-13.9191,-25.9922,-13.9191
1to3,newberg-or:12754,newberg-or,SKu-2cp6OOSJXo6H4NBURA,round2,2.5971,-1.1136,-52.983,23.7413,85.3708,26.5462,76.3333,0.943,26.5462,76.3333,0.943,22.4399,-72.2999,22.4399,-72.2999
1to3,newberg-or:11151,newberg-or,VOn3WptaLXgc1jDI2__ODg,round1,-1.9873,-38.135,32.6696,58.5966,154.2434,64.0,164.5,0.4654,68.2486,171.6615,0.5915,43.2271,82.0528,77.216,139.3448
1to3,newberg-or:11151,newberg-or,VOn3WptaLXgc1jDI2__ODg,round2,-1.9873,-38.135,32.6696,58.5966,154.2434,64.0,164.5,0.5483,73.0,171.2245,0.6796,43.2271,82.0528,115.2271,135.8487
1to3,newberg-or:10873,newberg-or,YaU9DX4htfSkdfChP2c9mg,round1,-1.2195,2.279,23.3199,31.0942,93.2132,28.1676,99.6199,0.9575,28.1676,99.6199,0.9575,-23.4131,51.2536,-23.4131,51.2536
1to3,newberg-or:10873,newberg-or,YaU9DX4htfSkdfChP2c9mg,round2,-1.2195,2.279,23.3199,31.0942,93.2132,34.7976,99.0147,0.9488,34.7976,99.0147,0.9488,29.6268,46.4121,29.6268,46.4121
1to3,newberg-or:5138,newberg-or,fRJHxFf-Rv1vFI6a4Kz7hQ,round1,-1.0765,-2.9592,23.6297,8.6097,70.5194,11.5,75.7416,1.0,11.5,75.7416,1.0,23.1226,41.7781,23.1226,41.7781
1to3,newberg-or:5138,newberg-or,fRJHxFf-Rv1vFI6a4Kz7hQ,round2,-1.0765,-2.9592,23.6297,8.6097,70.5194,11.3341,73.5,1.0,11.3341,73.5,1.0,21.7952,23.845,21.7952,23.845
1to3,newberg-or:976,newberg-or,hldWrF9ILi-v7sJP69avzQ,round1,-1.8219,-7.3765,32.8927,59.0386,111.1465,68.4191,107.6201,0.9861,68.4191,107.6201,0.9861,75.0441,-28.211,75.0441,-28.211
1to3,newberg-or:976,newberg-or,hldWrF9ILi-v7sJP69avzQ,round2,-1.8219,-7.3765,32.8927,59.0386,111.1465,68.5,107.5,1.0,68.5,107.5,1.0,75.6911,-29.1717,75.6911,-29.1717
1to3,newberg-or:8890,newberg-or,is8bK66xUKpVlUmyRxxqbQ,round1,-2.8236,9.04,50.6564,45.298,117.4565,44.3197,123.9924,0.9841,44.3197,123.9924,0.9841,-7.826,52.287,-7.826,52.287
1to3,newberg-or:8890,newberg-or,is8bK66xUKpVlUmyRxxqbQ,round2,-2.8236,9.04,50.6564,45.298,117.4565,44.3452,124.1043,0.9346,44.3452,124.1043,0.9346,-7.6225,53.1823,-7.6225,53.1823
1to3,newberg-or:12822,newberg-or,o7IZp6QECoTjapg7Whejqw,round1,-1.1428,1.8052,22.2465,23.1648,90.6922,27.2711,98.7758,0.9629,27.2711,98.7758,0.9629,32.8504,64.6684,32.8504,64.6684
1to3,newberg-or:12822,newberg-or,o7IZp6QECoTjapg7Whejqw,round2,-1.1428,1.8052,22.2465,23.1648,90.6922,27.5126,98.7021,0.9747,27.5126,98.7021,0.9747,34.7822,64.0793,34.7822,64.0793
1to3,newberg-or:8380,newberg-or,vM0Vn7j5nA1SOtY5_KDE1Q,round1,-1.7602,11.5491,32.7063,28.4903,97.3004,28.1294,99.697,0.9739,28.1294,99.697,0.9739,-2.887,19.1726,-2.887,19.1726
1to3,newberg-or:8380,newberg-or,vM0Vn7j5nA1SOtY5_KDE1Q,round2,-1.7602,11.5491,32.7063,28.4903,97.3004,28.2386,100.1388,0.9725,28.2386,100.1388,0.9725,-2.0137,22.7069,-2.0137,22.7069
1to3,newberg-or:1795,newberg-or,vgtRnElhUioL6pGtQGsaFw,round1,-1.4931,-10.4223,26.2439,71.1644,124.8674,67.9505,116.1848,0.8414,67.9505,116.1848,0.8414,-25.711,-69.4603,-25.711,-69.4603
1to3,newberg-or:1795,newberg-or,vgtRnElhUioL6pGtQGsaFw,round2,-1.4931,-10.4223,26.2439,71.1644,124.8674,67.2064,116.2894,0.9591,67.2064,116.2894,0.9591,-31.6635,-68.624,-31.6635,-68.624
1to3,newberg-or:207,newberg-or,vhd4KteG1jZlG9MRKqnTFw,round1,-2.1028,-1.4779,38.5905,50.3907,105.168,51.4129,107.6802,0.9215,51.4129,107.6802,0.9215,8.1775,20.098,8.1775,20.098
1to3,newberg-or:207,newberg-or,vhd4KteG1jZlG9MRKqnTFw,round2,-2.1028,-1.4779,38.5905,50.3907,105.168,51.6036,107.5964,0.9708,51.6036,107.5964,0.9708,9.7028,19.4276,9.7028,19.4276
1to3,newberg-or:6981,newberg-or,wh24OLPvK1piW5mxLynpMw,round1,1.1639,-4.3214,-22.4625,18.7148,95.9631,20.1665,98.7252,0.9307,20.1665,98.7252,0.9307,11.6135,22.0972,11.6135,22.0972
1to3,newberg-or:6981,newberg-or,wh24OLPvK1piW5mxLynpMw,round2,1.1639,-4.3214,-22.4625,18.7148,95.9631,26.9849,98.5905,0.9202,26.9849,98.5905,0.9202,66.1607,21.0193,66.1607,21.0193
1to3,newberg-or:18062,newberg-or,wqC3ox1TWUp1dH9EfzOEUw,round1,-1.7095,-0.757,31.4927,28.6054,106.928,27.9275,114.9093,0.9516,27.9275,114.9093,0.9516,-5.4236,63.85,-5.4236,63.85
1to3,newberg-or:18062,newberg-or,wqC3ox1TWUp1dH9EfzOEUw,round2,-1.7095,-0.757,31.4927,28.6054,106.928,27.9035,114.9173,1.0,27.9035,114.9173,1.0,-5.615,63.9141,-5.615,63.9141
1to3,oradell-nj:3866,oradell-nj,2da8-JK9IcnoqbyPHO0mVw,round1,-1.9583,10.5453,37.4702,32.6187,89.9435,35.918,92.0758,0.9714,35.918,92.0758,0.9714,26.3951,17.0587,26.3951,17.0587
1to3,oradell-nj:3866,oradell-nj,2da8-JK9IcnoqbyPHO0mVw,round2,-1.9583,10.5453,37.4702,32.6187,89.9435,35.5,92.5,1.0,35.5,92.5,1.0,23.0508,20.452,23.0508,20.452
1to3,oradell-nj:13087,oradell-nj,Bmm75UR8cmNIeKt2cAARxQ,round1,2.2152,20.3774,-42.9735,19.4869,118.4917,19.4956,115.6297,0.9296,19.4956,115.6297,0.9296,0.0697,-22.8958,0.0697,-22.8958
1to3,oradell-nj:13087,oradell-nj,Bmm75UR8cmNIeKt2cAARxQ,round2,2.2152,20.3774,-42.9735,19.4869,118.4917,19.6151,115.0381,0.9626,19.6151,115.0381,0.9626,1.0257,-27.6288,1.0257,-27.6288
1to3,oradell-nj:3438,oradell-nj,E2EdmJeKb0lcXE9K-RXHGw,round1,-1.6396,-5.9724,34.7396,42.2733,69.9448,42.8744,75.225,0.9653,42.8744,75.225,0.9653,4.8085,42.2412,4.8085,42.2412
1to3,oradell-nj:3438,oradell-nj,E2EdmJeKb0lcXE9K-RXHGw,round2,-1.6396,-5.9724,34.7396,42.2733,69.9448,36.1814,75.4965,0.9675,36.1814,75.4965,0.9675,-48.735,44.4133,-48.735,44.4133
1to3,oradell-nj:1067,oradell-nj,G--KVyYZD3qSGIDi49AIOg,round1,-1.1633,1.0124,25.7395,10.9264,68.1895,11.1879,67.118,0.5188,11.1879,67.118,0.5188,2.0921,-8.572,2.0921,-8.572
1to3,oradell-nj:1067,oradell-nj,G--KVyYZD3qSGIDi49AIOg,round2,-1.1633,1.0124,25.7395,10.9264,68.1895,11.1468,74.5242,0.8407,11.1468,74.5242,0.8407,1.7631,50.6776,1.7631,50.6776
1to3,oradell-nj:4549,oradell-nj,KUbfGTaO14UZirrgbuRA5g,round1,-1.1518,0.0998,24.2762,41.0886,72.2971,35.4459,75.5007,0.9671,35.4459,75.5007,0.9671,-45.1413,25.6285,-45.1413,25.6285
1to3,oradell-nj:4549,oradell-nj,KUbfGTaO14UZirrgbuRA5g,round2,-1.1518,0.0998,24.2762,41.0886,72.2971,35.606,74.9446,0.9373,35.606,74.9446,0.9373,-43.8603,21.1795,-43.8603,21.1795
1to3,oradell-nj:11478,oradell-nj,RqzOXjIj2iMSjR3hGnK_RA,round1,-1.8141,-5.0385,39.012,70.0812,70.8926,74.7556,76.0833,0.9726,74.7556,76.0833,0.9726,37.3947,41.526,37.3947,41.526
1to3,oradell-nj:11478,oradell-nj,RqzOXjIj2iMSjR3hGnK_RA,round2,-1.8141,-5.0385,39.012,70.0812,70.8926,74.9568,74.5,1.0,74.9568,74.5,1.0,39.0047,28.8595,39.0047,28.8595
1to3,oradell-nj:1031,oradell-nj,UlpVpt7FGipkP9DuBrnYPg,round1,1.4382,2.1047,-27.63,32.0823,96.3067,35.6541,92.3638,0.8669,35.6541,92.3638,0.8669,28.5736,-31.5427,28.5736,-31.5427
1to3,oradell-nj:1031,oradell-nj,UlpVpt7FGipkP9DuBrnYPg,round2,1.4382,2.1047,-27.63,32.0823,96.3067,35.9742,91.731,0.9716,35.9742,91.731,0.9716,31.1348,-36.6052,31.1348,-36.6052
1to3,oradell-nj:915,oradell-nj,Vm_2E9Z1p4LZke6DR-No7A,round1,-1.1544,-4.1776,22.611,23.5556,90.8895,20.3559,90.9262,0.9503,20.3559,90.9262,0.9503,-25.5973,0.2938,-25.5973,0.2938
1to3,oradell-nj:915,oradell-nj,Vm_2E9Z1p4LZke6DR-No7A,round2,-1.1544,-4.1776,22.611,23.5556,90.8895,26.5,91.5,1.0,26.5,91.5,1.0,23.5556,4.8839,23.5556,4.8839
1to3,oradell-nj:115,oradell-nj,YQScv7YhLpOcw9a0FLsygA,round1,-1.816,8.1834,34.2769,15.1979,98.2987,11.7574,98.8493,0.9788,11.7574,98.8493,0.9788,-27.5243,4.4052,-27.5243,4.4052
1to3,oradell-nj:115,oradell-nj,YQScv7YhLpOcw9a0FLsygA,round2,-1.816,8.1834,34.2769,15.1979,98.2987,12.3083,99.7452,0.8736,12.3083,99.7452,0.8736,-23.1169,11.5723,-23.1169,11.5723
1to3,oradell-nj:13580,oradell-nj,cbg-u3N8l1cqROvEEc0lbg,round1,-1.531,-7.4644,32.0119,68.6397,75.1883,67.2895,82.9234,0.9671,67.2895,82.9234,0.9671,-10.8016,61.8807,-10.8016,61.8807
1to3,oradell-nj:13580,oradell-nj,cbg-u3N8l1cqROvEEc0lbg,round2,-1.531,-7.4644,32.0119,68.6397,75.1883,67.6679,79.5,1.0,67.6679,79.5,1.0,-7.7743,34.4932,-7.7743,34.4932
1to3,oradell-nj:3403,oradell-nj,jYnDXCxGpG3fepeeSO8fTg,round1,-2.7616,8.3001,54.7255,12.6034,86.9787,12.4473,90.5,1.0,12.4473,90.5,1.0,-1.2487,28.1703,-1.2487,28.1703
1to3,oradell-nj:3403,oradell-nj,jYnDXCxGpG3fepeeSO8fTg,round2,-2.7616,8.3001,54.7255,12.6034,86.9787,12.351,92.2,1.0,12.351,92.2,1.0,-2.0194,41.7706,-2.0194,41.7706
1to3,oradell-nj:7100,oradell-nj,v0CjnfdBjlRXFP-aI--sHA,round1,-1.7432,9.0495,34.575,49.3774,82.7681,51.8474,91.3204,0.9911,51.8474,91.3204,0.9911,19.76,68.4188,19.76,68.4188
1to3,oradell-nj:7100,oradell-nj,v0CjnfdBjlRXFP-aI--sHA,round2,-1.7432,9.0495,34.575,49.3774,82.7681,52.2419,91.2285,0.9465,52.2419,91.2285,0.9465,22.9154,67.6832,22.9154,67.6832
1to3,pittsburgh-pa:8379,pittsburgh-pa,0dK4spznox2ovJG6k52eIA,round1,-1.3913,-0.1588,26.5905,69.9956,100.0372,68.3926,99.6587,0.8944,68.3926,99.6587,0.8944,-12.8238,-3.0277,-12.8238,-3.0277
1to3,pittsburgh-pa:8379,pittsburgh-pa,0dK4spznox2ovJG6k52eIA,round2,-1.3913,-0.1588,26.5905,69.9956,100.0372,67.7367,100.3245,0.9084,67.7367,100.3245,0.9084,-18.0712,2.2985,-18.0712,2.2985
1to3,pittsburgh-pa:3004,pittsburgh-pa,57zIC51BQ0rVrAY_PvQC0g,round1,2.918,8.3196,-55.3956,56.0531,100.4095,51.9341,99.2987,0.8709,51.9341,99.2987,0.8709,-32.9522,-8.8865,-32.9522,-8.8865
1to3,pittsburgh-pa:3004,pittsburgh-pa,57zIC51BQ0rVrAY_PvQC0g,round2,2.918,8.3196,-55.3956,56.0531,100.4095,51.9789,99.4761,0.9433,51.9789,99.4761,0.9433,-32.5937,-7.4672,-32.5937,-7.4672
1to3,pittsburgh-pa:16473,pittsburgh-pa,5wXJOu_Z5fdKHrPgk-Yzmw,round1,2.047,0.1542,-41.2502,54.9784,85.8736,52.4461,82.9013,0.8591,52.4461,82.9013,0.8591,-20.2587,-23.7786,-20.2587,-23.7786
1to3,pittsburgh-pa:16473,pittsburgh-pa,5wXJOu_Z5fdKHrPgk-Yzmw,round2,2.047,0.1542,-41.2502,54.9784,85.8736,59.0528,82.9084,0.9655,59.0528,82.9084,0.9655,32.5954,-23.721,32.5954,-23.721
1to3,pittsburgh-pa:15294,pittsburgh-pa,7cm5Gdu4ijGM699tNOGmHA,round1,2.4261,0.4144,-49.4339,16.4611,87.9627,18.5703,84.4719,0.753,18.5703,84.4719,0.753,16.874,-27.9262,16.874,-27.9262
1to3,pittsburgh-pa:15294,pittsburgh-pa,7cm5Gdu4ijGM699tNOGmHA,round2,2.4261,0.4144,-49.4339,16.4611,87.9627,18.9242,83.8181,0.9165,18.9242,83.8181,0.9165,19.7053,-33.1569,19.7053,-33.1569
1to3,pittsburgh-pa:7973,pittsburgh-pa,Bif6JQhdmG0d870_AAS3iQ,round1,-1.8493,-0.1407,36.4014,41.7022,84.9881,31.0,83.5141,0.8571,28.1675,83.5519,0.8737,-85.6179,-11.7922,-108.2776,-11.4898
1to3,pittsburgh-pa:7973,pittsburgh-pa,Bif6JQhdmG0d870_AAS3iQ,round2,-1.8493,-0.1407,36.4014,41.7022,84.9881,34.6589,91.6249,0.8945,34.6589,91.6249,0.8945,-56.3466,53.0944,-56.3466,53.0944
1to3,pittsburgh-pa:14838,pittsburgh-pa,UK_tZYSY7vjI3zUYP4rn5Q,round1,1.8775,-14.1079,-38.7272,71.0,93.5276,75.0375,91.7912,0.9658,75.0375,91.7912,0.9658,32.3003,-13.8908,32.3003,-13.8908
1to3,pittsburgh-pa:14838,pittsburgh-pa,UK_tZYSY7vjI3zUYP4rn5Q,round2,1.8775,-14.1079,-38.7272,71.0,93.5276,75.5,91.5,1.0,75.5,91.5,1.0,36.0,-16.2204,36.0,-16.2204
1to3,pittsburgh-pa:43,pittsburgh-pa,W2s0jSMbgTuPTPxaM8X0jQ,round1,-2.8535,28.4276,52.1498,52.5768,106.0658,58.969,114.5026,0.87,58.969,114.5026,0.87,51.1377,67.4946,51.1377,67.4946
1to3,pittsburgh-pa:43,pittsburgh-pa,W2s0jSMbgTuPTPxaM8X0jQ,round2,-2.8535,28.4276,52.1498,52.5768,106.0658,59.0212,108.4502,0.9136,59.0212,108.4502,0.9136,51.5549,19.0752,51.5549,19.0752
1to3,pittsburgh-pa:3178,pittsburgh-pa,XdW2ZjukAYfscF96XYnyGw,round1,-2.0504,-8.2854,40.7609,32.6773,82.8631,43.0,87.0,0.1198,55.0,84.4339,0.3363,82.5817,33.0949,178.5817,12.5661
1to3,pittsburgh-pa:3178,pittsburgh-pa,XdW2ZjukAYfscF96XYnyGw,round2,-2.0504,-8.2854,40.7609,32.6773,82.8631,34.6924,90.9564,0.7004,34.6924,90.9564,0.7004,16.1213,64.7463,16.1213,64.7463
1to3,pittsburgh-pa:111,pittsburgh-pa,ZOZX3rDfIAkp2ciSGkcP4Q,round1,-1.9669,27.2592,35.9965,30.6603,90.6268,36.0735,100.404,0.8901,36.0735,100.404,0.8901,43.3056,78.2177,43.3056,78.2177
1to3,pittsburgh-pa:111,pittsburgh-pa,ZOZX3rDfIAkp2ciSGkcP4Q,round2,-1.9669,27.2592,35.9965,30.6603,90.6268,36.5,100.5,0.8516,42.7436,106.9196,0.9383,46.7178,78.9854,96.6665,130.3426
1to3,pittsburgh-pa:16465,pittsburgh-pa,cXUvWktp6a9vKcD6pqau3w,round1,1.2176,-1.3384,-25.7907,17.9059,77.54,26.928,76.4077,0.9007,26.928,76.4077,0.9007,72.1774,-9.059,72.1774,-9.059
1to3,pittsburgh-pa:16465,pittsburgh-pa,cXUvWktp6a9vKcD6pqau3w,round2,1.2176,-1.3384,-25.7907,17.9059,77.54,26.5497,75.5,1.0,26.5497,75.5,1.0,69.151,-16.3203,69.151,-16.3203
1to3,pittsburgh-pa:3172,pittsburgh-pa,d0bZ8RBFs2ZTM4orrQaw_g,round1,1.2305,-0.4874,-24.8046,42.4797,83.7821,42.5192,83.2034,0.9373,42.5192,83.2034,0.9373,0.3159,-4.6296,0.3159,-4.6296
1to3,pittsburgh-pa:3172,pittsburgh-pa,d0bZ8RBFs2ZTM4orrQaw_g,round2,1.2305,-0.4874,-24.8046,42.4797,83.7821,43.3678,90.5195,0.9709,43.3678,90.5195,0.9709,7.1049,53.8995,7.1049,53.8995
1to3,pittsburgh-pa:10650,pittsburgh-pa,ea--PR7aLO_mrs-qZTQwUg,round1,2.8606,5.9302,-54.2849,38.6497,100.392,49.0,99.9268,0.8466,50.5778,99.9541,0.8488,82.8025,-3.7215,95.4248,-3.5031
1to3,pittsburgh-pa:10650,pittsburgh-pa,ea--PR7aLO_mrs-qZTQwUg,round2,2.8606,5.9302,-54.2849,38.6497,100.392,43.8701,92.1773,0.8951,43.8701,92.1773,0.8951,41.7637,-65.7181,41.7637,-65.7181
1to3,pittsburgh-pa:16509,pittsburgh-pa,r3VR2o_xisjg-dTl_OPlLg,round1,-1.5981,-0.17,32.4266,36.194,79.1393,35.502,82.6052,0.9947,35.502,82.6052,0.9947,-5.5366,27.7273,-5.5366,27.7273
1to3,pittsburgh-pa:16509,pittsburgh-pa,r3VR2o_xisjg-dTl_OPlLg,round2,-1.5981,-0.17,32.4266,36.194,79.1393,35.507,81.5,1.0,35.507,81.5,1.0,-5.4966,18.886,-5.4966,18.886
1to3,pittsburgh-pa:15037,pittsburgh-pa,vA07hp5GQz82iLYysIepJQ,round1,2.8553,-2.4115,-58.0221,50.9868,84.9325,58.9241,83.8955,0.9169,58.9241,83.8955,0.9169,63.4981,-8.2959,63.4981,-8.2959
1to3,pittsburgh-pa:15037,pittsburgh-pa,vA07hp5GQz82iLYysIepJQ,round2,2.8553,-2.4115,-58.0221,50.9868,84.9325,58.6258,77.5,0.9666,58.6622,76.3922,0.9716,61.1124,-59.4596,61.4031,-68.322
1to3,pittsburgh-pa:4545,pittsburgh-pa,vq0kRmOQOYgTSMlbfVx5Hg,round1,-2.1204,-1.2504,41.3693,75.2838,95.2261,74.6567,99.0453,0.8699,74.6567,99.0453,0.8699,-5.0167,30.5542,-5.0167,30.5542
1to3,pittsburgh-pa:4545,pittsburgh-pa,vq0kRmOQOYgTSMlbfVx5Hg,round2,-2.1204,-1.2504,41.3693,75.2838,95.2261,75.5,98.5,1.0,75.5,98.5,1.0,1.7294,26.1915,1.7294,26.1915
1to3,pittsburgh-pa:16501,pittsburgh-pa,x5AA4h9GJHult2zJsFghCg,round1,-1.1654,0.3944,24.2245,27.1219,76.0667,28.0891,76.4462,0.7197,28.0891,76.4462,0.7197,7.7375,3.0364,7.7375,3.0364
1to3,pittsburgh-pa:16501,pittsburgh-pa,x5AA4h9GJHult2zJsFghCg,round2,-1.1654,0.3944,24.2245,27.1219,76.0667,38.0,73.5,0.3446,48.0,67.6714,0.3886,87.0245,-20.5335,167.0245,-67.1621
1to3,pittsburgh-pa:2818,pittsburgh-pa,xvB9QAWUZ_7E5lk0ntoAFw,round1,-1.3222,-1.5685,25.8912,44.7006,86.7319,36.4071,90.9113,0.4681,36.4071,90.9113,0.4681,-66.3477,33.4352,-66.3477,33.4352
1to3,pittsburgh-pa:2818,pittsburgh-pa,xvB9QAWUZ_7E5lk0ntoAFw,round2,-1.3222,-1.5685,25.8912,44.7006,86.7319,43.2286,84.3127,0.7498,43.2286,84.3127,0.7498,-11.7762,-19.3533,-11.7762,-19.3533
1to3,seattle-wa:18266,seattle-wa,-3U8A-IJ0SPGQd379GCfMA,round1,-1.3813,-4.5593,27.3134,17.5334,90.5968,19.6603,90.8711,0.8194,19.6603,90.8711,0.8194,17.0155,2.1947,17.0155,2.1947
1to3,seattle-wa:18266,seattle-wa,-3U8A-IJ0SPGQd379GCfMA,round2,-1.3813,-4.5593,27.3134,17.5334,90.5968,19.5443,92.4818,0.9255,19.5443,92.4818,0.9255,16.0874,15.0805,16.0874,15.0805
1to3,seattle-wa:90338,seattle-wa,-DVH0UABq5nCFvjF86P0-Q,round1,-1.1317,-0.1749,23.4928,67.8337,78.5888,67.3415,83.7308,0.9668,67.3415,83.7308,0.9668,-3.9375,41.1356,-3.9375,41.1356
1to3,seattle-wa:90338,seattle-wa,-DVH0UABq5nCFvjF86P0-Q,round2,-1.1317,-0.1749,23.4928,67.8337,78.5888,67.4117,87.5,1.0,67.4117,87.5,1.0,-3.3754,71.2892,-3.3754,71.2892
1to3,seattle-wa:216719,seattle-wa,-bvHZ-GO4DiyTpYkNg0Qtg,round1,1.6555,7.4932,-30.7698,57.9584,104.5754,60.3903,99.7199,0.9477,60.3903,99.7199,0.9477,19.4545,-38.8437,19.4545,-38.8437
1to3,seattle-wa:216719,seattle-wa,-bvHZ-GO4DiyTpYkNg0Qtg,round2,1.6555,7.4932,-30.7698,57.9584,104.5754,66.6402,99.5808,0.961,66.6402,99.5808,0.961,69.4545,-39.9569,69.4545,-39.9569
1to3,seattle-wa:95765,seattle-wa,-oGBix0CaeAEH-DuZIX9Hw,round1,1.0393,0.2546,-22.5365,36.5594,70.4914,35.7511,74.5079,0.9233,35.7511,74.5079,0.9233,-6.4671,32.1319,-6.4671,32.1319
1to3,seattle-wa:95765,seattle-wa,-oGBix0CaeAEH-DuZIX9Hw,round2,1.0393,0.2546,-22.5365,36.5594,70.4914,35.5303,67.5,1.0,35.5303,67.5,1.0,-8.2335,-23.9313,-8.2335,-23.9313
1to3,seattle-wa:146345,seattle-wa,1VuVshvQEMo695cVFd98CQ,round1,-1.3509,-8.1626,26.6734,77.2617,88.9497,74.8856,91.115,0.2472,74.8856,91.115,0.2472,-19.0091,17.3221,-19.0091,17.3221
1to3,seattle-wa:146345,seattle-wa,1VuVshvQEMo695cVFd98CQ,round2,-1.3509,-8.1626,26.6734,77.2617,88.9497,75.5,91.5,1.0,75.5,91.5,1.0,-14.0939,20.402,-14.0939,20.402
1to3,seattle-wa:147619,seattle-wa,26hsZEO2lizs6YuhIjna7A,round1,1.7852,-0.9617,-35.1973,72.658,97.1277,75.3176,99.0663,0.8888,75.3176,99.0663,0.8888,21.2773,15.509,21.2773,15.509
1to3,seattle-wa:147619,seattle-wa,26hsZEO2lizs6YuhIjna7A,round2,1.7852,-0.9617,-35.1973,72.658,97.1277,76.1281,92.328,0.938,76.1281,92.328,0.938,27.7609,-38.3976,27.7609,-38.3976
1to3,seattle-wa:97603,seattle-wa,2CK77W-5PZdg1fHJdgyYaQ,round1,-1.4613,-3.335,29.7992,51.8604,78.205,51.0621,82.5475,0.97,51.0621,82.5475,0.97,-6.3866,34.7393,-6.3866,34.7393
1to3,seattle-wa:97603,seattle-wa,2CK77W-5PZdg1fHJdgyYaQ,round2,-1.4613,-3.335,29.7992,51.8604,78.205,51.5,82.5,1.0,51.5,82.5,1.0,-2.8834,34.3596,-2.8834,34.3596
1to3,seattle-wa:72947,seattle-wa,2V5hIxtngknFon4x5GzutA,round1,1.8199,-15.2259,-32.6457,23.5527,157.7741,20.2721,155.1873,0.8069,20.2721,155.1873,0.8069,-26.2448,-20.6942,-26.2448,-20.6942
1to3,seattle-wa:72947,seattle-wa,2V5hIxtngknFon4x5GzutA,round2,1.8199,-15.2259,-32.6457,23.5527,157.7741,26.7055,148.1466,0.7106,26.7055,148.1466,0.7106,25.2224,-77.02,25.2224,-77.02
1to3,seattle-wa:139095,seattle-wa,2zFfUsLSlbwAyE2w0uXR5w,round1,2.5039,-10.5852,-50.4589,11.6099,90.1538,11.6391,83.3709,1.0,11.6391,83.3709,1.0,0.2334,-54.2634,0.2334,-54.2634
1to3,seattle-wa:139095,seattle-wa,2zFfUsLSlbwAyE2w0uXR5w,round2,2.5039,-10.5852,-50.4589,11.6099,90.1538,11.7388,83.872,0.9517,11.7388,83.872,0.9517,1.031,-50.2543,1.031,-50.2543
1to3,seattle-wa:282048,seattle-wa,3Ng_ug9oqbvJh8AMWf1g_Q,round1,-1.1289,7.6768,23.0596,72.0374,85.2698,74.9979,90.7774,0.9351,74.9979,90.7774,0.9351,23.6839,44.0612,23.6839,44.0612
1to3,seattle-wa:282048,seattle-wa,3Ng_ug9oqbvJh8AMWf1g_Q,round2,-1.1289,7.6768,23.0596,72.0374,85.2698,75.2026,84.1755,0.9866,75.2026,84.1755,0.9866,25.3213,-8.7546,25.3213,-8.7546
1to3,seattle-wa:17671,seattle-wa,4AmSAIA-Er5A9TB4Dwww5A,round1,2.7531,5.8186,-54.9966,47.9273,87.7257,51.1578,84.2512,0.9306,51.1578,84.2512,0.9306,25.8445,-27.7961,25.8445,-27.7961
1to3,seattle-wa:17671,seattle-wa,4AmSAIA-Er5A9TB4Dwww5A,round2,2.7531,5.8186,-54.9966,47.9273,87.7257,51.3637,83.5,1.0,51.3637,83.5,1.0,27.4915,-33.8057,27.4915,-33.8057
1to3,seattle-wa:70218,seattle-wa,4yVWMH6lYChzaQMJoFDy1w,round1,-1.3954,-3.1551,27.3749,24.8969,89.2778,27.5013,91.6984,0.967,27.5013,91.6984,0.967,20.835,19.3646,20.835,19.3646
1to3,seattle-wa:70218,seattle-wa,4yVWMH6lYChzaQMJoFDy1w,round2,-1.3954,-3.1551,27.3749,24.8969,89.2778,27.5264,88.5,1.0,27.5264,88.5,1.0,21.0354,-6.2224,21.0354,-6.2224
1to3,seattle-wa:24135,seattle-wa,5-0I_Q6i75cF19dsYqWKKQ,round1,-1.1989,-1.6748,23.7575,76.4866,92.0034,75.4404,92.0296,0.9688,75.4404,92.0296,0.9688,-8.3702,0.2099,-8.3702,0.2099
1to3,seattle-wa:24135,seattle-wa,5-0I_Q6i75cF19dsYqWKKQ,round2,-1.1989,-1.6748,23.7575,76.4866,92.0034,75.6715,92.3732,0.9704,75.6715,92.3732,0.9704,-6.5212,2.9584,-6.5212,2.9584
1to3,seattle-wa:20550,seattle-wa,5whi_CQNbmO-WUDB0k-kHA,round1,-1.6192,-1.2546,32.9033,42.8573,78.5498,51.3642,83.1369,0.9932,51.3642,83.1369,0.9932,68.0547,36.6973,68.0547,36.6973
1to3,seattle-wa:20550,seattle-wa,5whi_CQNbmO-WUDB0k-kHA,round2,-1.6192,-1.2546,32.9033,42.8573,78.5498,51.5,77.5,1.0,51.5,77.5,1.0,69.1415,-8.3982,69.1415,-8.3982
1to3,seattle-wa:26038,seattle-wa,6k6ARBmtZd_CUSJhLWW8Wg,round1,2.7025,5.6424,-49.3775,50.7752,112.055,51.3371,107.6157,0.9542,51.3371,107.6157,0.9542,4.4957,-35.5145,4.4957,-35.5145
1to3,seattle-wa:26038,seattle-wa,6k6ARBmtZd_CUSJhLWW8Wg,round2,2.7025,5.6424,-49.3775,50.7752,112.055,51.3193,107.5,1.0,51.3193,107.5,1.0,4.3525,-36.4401,4.3525,-36.4401
1to3,seattle-wa:100258,seattle-wa,6pvkpzEo6kIFowuTxN9PLQ,round1,1.1091,-44.9588,-23.5514,49.6655,116.5051,43.8073,115.4729,0.9646,43.8073,115.4729,0.9646,-46.8658,-8.2578,-46.8658,-8.2578
1to3,seattle-wa:100258,seattle-wa,6pvkpzEo6kIFowuTxN9PLQ,round2,1.1091,-44.9588,-23.5514,49.6655,116.5051,44.2672,115.032,0.9427,44.2672,115.032,0.9427,-43.1863,-11.7852,-43.1863,-11.7852
1to3,seattle-wa:134121,seattle-wa,8dDFwBGPvYRhYGDMx_fydw,round1,-2.2148,-7.469,43.9423,67.9975,85.4903,66.9694,91.3129,0.9316,66.9694,91.3129,0.9316,-8.225,46.581,-8.225,46.581
1to3,seattle-wa:134121,seattle-wa,8dDFwBGPvYRhYGDMx_fydw,round2,-2.2148,-7.469,43.9423,67.9975,85.4903,66.7575,91.9224,0.9758,66.7575,91.9224,0.9758,-9.92,51.4567,-9.92,51.4567
1to3,seattle-wa:134512,seattle-wa,9Oz_FFhw7hgJfKkb6JP7kg,round1,1.5391,3.0838,-29.9534,66.016,95.0885,67.7593,91.4905,0.9761,67.7593,91.4905,0.9761,13.947,-28.7842,13.947,-28.7842
1to3,seattle-wa:134512,seattle-wa,9Oz_FFhw7hgJfKkb6JP7kg,round2,1.5391,3.0838,-29.9534,66.016,95.0885,67.9786,91.1109,1.0,67.9786,91.1109,1.0,15.7014,-31.8211,15.7014,-31.8211
1to3,seattle-wa:39051,seattle-wa,9_4MIUwfTOrLSmc_RNJQqQ,round1,1.0386,-29.4917,-20.1365,47.01,117.0943,44.2291,116.0585,0.9276,44.2291,116.0585,0.9276,-22.247,-8.2863,-22.247,-8.2863
1to3,seattle-wa:39051,seattle-wa,9_4MIUwfTOrLSmc_RNJQqQ,round2,1.0386,-29.4917,-20.1365,47.01,117.0943,44.2049,115.6949,0.9736,44.2049,115.6949,0.9736,-22.44,-11.1947,-22.44,-11.1947
1to3,seattle-wa:157540,seattle-wa,9mEno1NXg3bag0HUwhyOsA,round1,-1.2306,-5.1868,25.2473,75.4712,81.6795,75.5,83.5,1.0,75.5,83.5,1.0,0.2306,14.5642,0.2306,14.5642
1to3,seattle-wa:157540,seattle-wa,9mEno1NXg3bag0HUwhyOsA,round2,-1.2306,-5.1868,25.2473,75.4712,81.6795,75.5,82.5,1.0,75.5,82.5,1.0,0.2306,6.5642,0.2306,6.5642
1to3,seattle-wa:2296,seattle-wa,C1tpNsu1e9mDb7MtLpCQEA,round1,-2.6931,-3.6465,55.3498,24.2062,76.8113,27.0157,83.3183,0.96,27.0157,83.3183,0.96,22.4765,52.0564,22.4765,52.0564
1to3,seattle-wa:2296,seattle-wa,C1tpNsu1e9mDb7MtLpCQEA,round2,-2.6931,-3.6465,55.3498,24.2062,76.8113,27.5,86.5,1.0,27.5,86.5,1.0,26.3505,77.5096,26.3505,77.5096
1to3,seattle-wa:134441,seattle-wa,CCmGP8cDrg3RUUab3yzKPg,round1,2.2458,5.41,-43.2257,11.2246,110.8687,11.8452,107.4077,0.9435,11.8452,107.4077,0.9435,4.9648,-27.6877,4.9648,-27.6877
1to3,seattle-wa:134441,seattle-wa,CCmGP8cDrg3RUUab3yzKPg,round2,2.2458,5.41,-43.2257,11.2246,110.8687,11.5,107.5,1.0,11.5,107.5,1.0,2.2029,-26.9492,2.2029,-26.9492
1to3,seattle-wa:13625,seattle-wa,CXRLrL3RcRwkuiGKaFB2Jg,round1,1.4839,-4.5084,-28.4628,25.2263,96.5215,27.8073,91.1489,0.9625,27.8073,91.1489,0.9625,20.6474,-42.98,20.6474,-42.98
1to3,seattle-wa:13625,seattle-wa,CXRLrL3RcRwkuiGKaFB2Jg,round2,1.4839,-4.5084,-28.4628,25.2263,96.5215,27.5053,92.0922,0.976,27.5053,92.0922,0.976,18.2318,-35.4336,18.2318,-35.4336
1to3,seattle-wa:70328,seattle-wa,CvcD8tX-Ns0hbjRnrCea7Q,round1,-2.0157,-2.4902,40.2777,50.3484,81.7245,51.6363,83.4398,0.8586,51.6363,83.4398,0.8586,10.303,13.7231,10.303,13.7231
1to3,seattle-wa:70328,seattle-wa,CvcD8tX-Ns0hbjRnrCea7Q,round2,-2.0157,-2.4902,40.2777,50.3484,81.7245,52.2791,90.6984,0.9395,52.2791,90.6984,0.9395,15.445,71.7916,15.445,71.7916
1to3,seattle-wa:6356,seattle-wa,DNKpwgLgO8nrAiqkRrlosA,round1,-1.3749,26.2538,23.8631,15.1895,97.4483,25.0,91.5,0.5712,33.5,83.6975,0.8196,78.4842,-47.5862,146.4842,-110.0061
1to3,seattle-wa:6356,seattle-wa,DNKpwgLgO8nrAiqkRrlosA,round2,-1.3749,26.2538,23.8631,15.1895,97.4483,11.9054,107.3536,0.8765,11.9054,107.3536,0.8765,-26.2726,79.2424,-26.2726,79.2424
1to3,seattle-wa:147133,seattle-wa,FOJCD1wuDZRGvBgNpMVZmQ,round1,-1.6013,-7.2975,28.8603,69.4685,143.7656,68.1179,148.0947,0.5754,68.1179,148.0947,0.5754,-10.804,34.6328,-10.804,34.6328
1to3,seattle-wa:147133,seattle-wa,FOJCD1wuDZRGvBgNpMVZmQ,round2,-1.6013,-7.2975,28.8603,69.4685,143.7656,68.2051,147.3709,0.6902,68.2051,147.3709,0.6902,-10.1072,28.8424,-10.1072,28.8424
1to3,seattle-wa:41920,seattle-wa,F_GEOu0sSb8QWsq0RuWyjA,round1,-2.66,0.0337,55.2553,75.4074,78.9056,75.1576,84.4146,0.9669,75.1576,84.4146,0.9669,-1.998,44.0719,-1.998,44.0719
1to3,seattle-wa:41920,seattle-wa,F_GEOu0sSb8QWsq0RuWyjA,round2,-2.66,0.0337,55.2553,75.4074,78.9056,75.5,83.5,1.0,75.5,83.5,1.0,0.741,36.7555,0.741,36.7555
1to3,seattle-wa:151203,seattle-wa,GBggQb-z4NYLyfnkukMVZg,round1,-1.3859,3.8741,29.2955,51.5402,71.5597,41.0,75.5,0.0702,35.7984,82.521,0.0726,-84.3216,31.5225,-125.9343,87.6904
1to3,seattle-wa:151203,seattle-wa,GBggQb-z4NYLyfnkukMVZg,round2,-1.3859,3.8741,29.2955,51.5402,71.5597,43.5,64.0,0.0184,45.5,49.5,0.0355,-64.3216,-60.4775,-48.3216,-176.4775
1to3,seattle-wa:40085,seattle-wa,I-An9wAdaTUGC0Wsl3eLbw,round1,-1.1086,1.2736,21.6841,50.7739,164.4625,51.2896,162.9032,0.8213,51.2896,162.9032,0.8213,4.1264,-12.4741,4.1264,-12.4741
1to3,seattle-wa:40085,seattle-wa,I-An9wAdaTUGC0Wsl3eLbw,round2,-1.1086,1.2736,21.6841,50.7739,164.4625,51.4216,154.6903,0.6883,51.4216,154.6903,0.6883,5.1818,-78.1771,5.1818,-78.1771
1to3,seattle-wa:46950,seattle-wa,IvEfO25gO1s_edIq7FXfQw,round1,-1.3944,0.8179,27.1902,47.3543,87.8827,50.5852,91.1148,0.9543,50.5852,91.1148,0.9543,25.847,25.8569,25.847,25.8569
1to3,seattle-wa:46950,seattle-wa,IvEfO25gO1s_edIq7FXfQw,round2,-1.3944,0.8179,27.1902,47.3543,87.8827,51.0265,92.4728,0.9714,51.0265,92.4728,0.9714,29.3776,36.7208,29.3776,36.7208
1to3,seattle-wa:176124,seattle-wa,JKO_5L6i_CtO7CidIkJIWg,round1,-1.6949,2.0403,34.1248,35.0549,80.5526,35.5101,83.6098,0.9381,35.5101,83.6098,0.9381,3.6422,24.458,3.6422,24.458
1to3,seattle-wa:176124,seattle-wa,JKO_5L6i_CtO7CidIkJIWg,round2,-1.6949,2.0403,34.1248,35.0549,80.5526,36.074,83.7527,0.985,36.074,83.7527,0.985,8.1533,25.6007,8.1533,25.6007
1to3,seattle-wa:53724,seattle-wa,JwpYbUq2uUsBUfX8WtRAGw,round1,2.388,-4.6847,-43.0281,48.3372,122.991,50.9895,116.4046,0.8746,50.9895,116.4046,0.8746,21.2185,-52.691,21.2185,-52.691
1to3,seattle-wa:53724,seattle-wa,JwpYbUq2uUsBUfX8WtRAGw,round2,2.388,-4.6847,-43.0281,48.3372,122.991,51.322,115.5329,0.9517,51.322,115.5329,0.9517,23.8784,-59.6645,23.8784,-59.6645
1to3,seattle-wa:69563,seattle-wa,Kaw-IXClNJXt-deZoRl0vw,round1,-1.7489,8.398,34.3003,25.6907,85.8191,28.239,90.6075,0.8814,28.239,90.6075,0.8814,20.3865,38.3065,20.3865,38.3065
1to3,seattle-wa:69563,seattle-wa,Kaw-IXClNJXt-deZoRl0vw,round2,-1.7489,8.398,34.3003,25.6907,85.8191,34.538,91.3757,0.944,34.538,91.3757,0.944,70.7787,44.4527,70.7787,44.4527
1to3,seattle-wa:175062,seattle-wa,LjvolDxVKhatHDunuUIwGQ,round1,-2.2423,-1.3216,44.8544,49.8967,81.2745,44.3488,82.9421,0.8623,44.3488,82.9421,0.8623,-44.3831,13.3404,-44.3831,13.3404
1to3,seattle-wa:175062,seattle-wa,LjvolDxVKhatHDunuUIwGQ,round2,-2.2423,-1.3216,44.8544,49.8967,81.2745,51.9336,84.1295,0.999,51.9336,84.1295,0.999,16.2955,22.8395,16.2955,22.8395
1to3,seattle-wa:117912,seattle-wa,LomxALAaOfm7ohTrjHPoBQ,round1,1.8365,-10.1071,-33.6104,44.3031,112.6489,48.5,123.5,0.8856,50.5647,124.0279,0.8998,33.575,86.8088,50.0924,91.0324
1to3,seattle-wa:117912,seattle-wa,LomxALAaOfm7ohTrjHPoBQ,round2,1.8365,-10.1071,-33.6104,44.3031,112.6489,48.5,123.5,0.8309,51.1022,130.6972,0.9222,33.575,86.8088,54.3925,144.3865
1to3,seattle-wa:13476,seattle-wa,MZ1h_Mreaj0Z6Afy_wabYA,round1,1.2698,-3.8199,-26.2039,22.8603,80.9991,20.2421,82.6492,0.8965,20.2421,82.6492,0.8965,-20.9457,13.2006,-20.9457,13.2006
1to3,seattle-wa:13476,seattle-wa,MZ1h_Mreaj0Z6Afy_wabYA,round2,1.2698,-3.8199,-26.2039,22.8603,80.9991,19.9808,82.6853,0.7469,19.9808,82.6853,0.7469,-23.0364,13.4895,-23.0364,13.4895
1to3,seattle-wa:31528,seattle-wa,NanQdSr_4vHlMYg76wodyQ,round1,-2.2988,8.9656,42.1306,59.349,118.4665,55.5,129.5,0.8511,52.4235,130.708,0.86,-30.792,88.2682,-55.4037,97.9325
1to3,seattle-wa:31528,seattle-wa,NanQdSr_4vHlMYg76wodyQ,round2,-2.2988,8.9656,42.1306,59.349,118.4665,52.3213,124.2521,0.8741,52.3213,124.2521,0.8741,-56.2219,46.2849,-56.2219,46.2849
1to3,seattle-wa:100722,seattle-wa,NeLKNj_dJofZQKlX7UG_uA,round1,1.002,-5.6363,-18.7009,60.3173,135.2035,60.4972,123.5,0.4802,66.988,115.8487,0.5249,1.4395,-93.6279,53.3657,-154.8382
1to3,seattle-wa:100722,seattle-wa,NeLKNj_dJofZQKlX7UG_uA,round2,1.002,-5.6363,-18.7009,60.3173,135.2035,66.9178,139.4821,0.6511,66.9178,139.4821,0.6511,52.8038,34.2286,52.8038,34.2286
1to3,seattle-wa:24437,seattle-wa,OQK0K2s5bzI6gFfHp0dzgg,round1,-1.1818,-0.4959,22.3695,56.3912,97.1774,59.5619,99.9469,0.7801,59.5619,99.9469,0.7801,25.3654,22.1564,25.3654,22.1564
1to3,seattle-wa:24437,seattle-wa,OQK0K2s5bzI6gFfHp0dzgg,round2,-1.1818,-0.4959,22.3695,56.3912,97.1774,59.5,99.5,1.0,59.5,99.5,1.0,24.8702,18.5809,24.8702,18.5809
1to3,seattle-wa:232075,seattle-wa,SXGk5nrg0jbwXq7IjZKY-Q,round1,-2.1905,16.9985,39.4888,31.8546,104.8219,34.6121,108.419,0.8647,34.6121,108.419,0.8647,22.06,28.7772,22.06,28.7772
1to3,seattle-wa:232075,seattle-wa,SXGk5nrg0jbwXq7IjZKY-Q,round2,-2.1905,16.9985,39.4888,31.8546,104.8219,34.7056,115.2373,0.9426,34.7056,115.2373,0.9426,22.8079,83.3237,22.8079,83.3237
1to3,seattle-wa:134681,seattle-wa,SsIQwhg_N45Wl3VYYrnvUQ,round1,-2.5838,7.6572,54.2088,16.5771,73.9571,19.7152,75.5064,0.9544,19.7152,75.5064,0.9544,25.1049,12.3938,25.1049,12.3938
1to3,seattle-wa:134681,seattle-wa,SsIQwhg_N45Wl3VYYrnvUQ,round2,-2.5838,7.6572,54.2088,16.5771,73.9571,19.5339,82.663,0.9923,19.5339,82.663,0.9923,23.6544,69.6468,23.6544,69.6468
1to3,seattle-wa:23695,seattle-wa,TBFLxLQmpR52ysB7erSVVA,round1,2.3146,13.4208,-44.4599,34.9867,99.6886,36.3623,99.4868,0.8613,36.3623,99.4868,0.8613,11.0049,-1.6147,11.0049,-1.6147
1to3,seattle-wa:23695,seattle-wa,TBFLxLQmpR52ysB7erSVVA,round2,2.3146,13.4208,-44.4599,34.9867,99.6886,36.4687,98.6147,0.9117,36.4687,98.6147,0.9117,11.8556,-8.5915,11.8556,-8.5915
1to3,seattle-wa:160605,seattle-wa,TmnkUZVLc8KFzCpQ-Vnhgw,round1,-2.3311,5.6238,45.9128,40.101,83.8969,51.5,82.8115,0.8111,58.8325,82.7372,0.8759,91.1922,-8.6835,149.8519,-9.2779
1to3,seattle-wa:160605,seattle-wa,TmnkUZVLc8KFzCpQ-Vnhgw,round2,-2.3311,5.6238,45.9128,40.101,83.8969,51.5,82.8737,0.7395,59.6071,82.9246,0.9792,91.1922,-8.1853,156.0488,-7.7786
1to3,seattle-wa:49365,seattle-wa,USBBzXc1wI3NFIqtg_ZDpw,round1,1.2817,7.0085,-27.4522,68.3532,75.5319,68.2615,74.8078,0.9792,68.2615,74.8078,0.9792,-0.733,-5.7928,-0.733,-5.7928
1to3,seattle-wa:49365,seattle-wa,USBBzXc1wI3NFIqtg_ZDpw,round2,1.2817,7.0085,-27.4522,68.3532,75.5319,68.3719,74.6691,0.9413,68.3719,74.6691,0.9413,0.1503,-6.9022,0.1503,-6.9022
1to3,seattle-wa:191785,seattle-wa,VKOkWQUydEUJJTTZVeqqAA,round1,-2.0873,12.3677,43.6861,20.0908,72.6983,20.2586,75.2502,0.9925,20.2586,75.2502,0.9925,1.3425,20.4154,1.3425,20.4154
1to3,seattle-wa:191785,seattle-wa,VKOkWQUydEUJJTTZVeqqAA,round2,-2.0873,12.3677,43.6861,20.0908,72.6983,26.5155,76.1873,0.9714,26.5155,76.1873,0.9714,51.3979,27.9121,51.3979,27.9121
1to3,seattle-wa:152994,seattle-wa,VbaApLCaH7qcL2j30fIAdA,round1,-2.2077,0.557,45.5491,29.723,75.7393,28.3839,75.6707,0.954,28.3839,75.6707,0.954,-10.7132,-0.5487,-10.7132,-0.5487
1to3,seattle-wa:152994,seattle-wa,VbaApLCaH7qcL2j30fIAdA,round2,-2.2077,0.557,45.5491,29.723,75.7393,27.5,79.5,1.0,27.5,79.5,1.0,-17.7843,30.0853,-17.7843,30.0853
1to3,seattle-wa:126553,seattle-wa,VjY5aCtWve-La_AQrlTN0Q,round1,-1.543,-3.3032,33.7276,45.431,65.2045,44.0603,67.0759,0.9824,44.0603,67.0759,0.9824,-10.9657,14.9705,-10.9657,14.9705
1to3,seattle-wa:126553,seattle-wa,VjY5aCtWve-La_AQrlTN0Q,round2,-1.543,-3.3032,33.7276,45.431,65.2045,44.3775,68.1053,0.9919,44.3775,68.1053,0.9919,-8.4281,23.2065,-8.4281,23.2065
1to3,seattle-wa:181652,seattle-wa,XdSJTmiNm1Sco_vUlmxB8w,round1,1.2383,12.7447,-22.3904,59.9946,110.1672,60.1801,108.0216,0.9297,60.1801,108.0216,0.9297,1.484,-17.1643,1.484,-17.1643
1to3,seattle-wa:181652,seattle-wa,XdSJTmiNm1Sco_vUlmxB8w,round2,1.2383,12.7447,-22.3904,59.9946,110.1672,60.3981,107.9764,0.9502,60.3981,107.9764,0.9502,3.2274,-17.5261,3.2274,-17.5261
1to3,seattle-wa:9392,seattle-wa,Xys2jiLaMl3L70UCXtN4lw,round1,-1.9485,3.7894,37.1911,30.0881,92.9322,28.4724,99.2746,0.8906,28.4724,99.2746,0.8906,-12.9255,50.7396,-12.9255,50.7396
1to3,seattle-wa:9392,seattle-wa,Xys2jiLaMl3L70UCXtN4lw,round2,-1.9485,3.7894,37.1911,30.0881,92.9322,35.0245,99.8799,0.9867,35.0245,99.8799,0.9867,39.4908,55.5817,39.4908,55.5817
1to3,seattle-wa:169234,seattle-wa,Y3-pwnmAKP-r1tGqQAtI-w,round1,-2.0798,-6.0831,41.5657,50.1766,81.1101,50.7136,82.9671,0.9252,50.7136,82.9671,0.9252,4.2961,14.8559,4.2961,14.8559
1to3,seattle-wa:169234,seattle-wa,Y3-pwnmAKP-r1tGqQAtI-w,round2,-2.0798,-6.0831,41.5657,50.1766,81.1101,49.5,84.119,1.0,49.5,84.119,1.0,-5.4129,24.0715,-5.4129,24.0715
1to3,seattle-wa:1218,seattle-wa,YA0PXYFdpLl93NCVBvJd0w,round1,-1.4096,7.8094,27.6335,38.8089,85.0537,50.0,83.5,0.5201,61.5,82.7898,0.8675,89.5288,-12.43,181.5288,-18.1113
1to3,seattle-wa:1218,seattle-wa,YA0PXYFdpLl93NCVBvJd0w,round2,-1.4096,7.8094,27.6335,38.8089,85.0537,43.6356,90.8541,0.8176,61.0,83.4232,0.9227,38.6133,46.403,177.5288,-13.0447
1to3,seattle-wa:35409,seattle-wa,YE-F6wdxBQ717seO7L9_qg,round1,1.3574,1.8596,-26.2947,23.1542,96.8704,27.522,91.9715,0.9243,27.522,91.9715,0.9243,34.9424,-39.1909,34.9424,-39.1909
1to3,seattle-wa:35409,seattle-wa,YE-F6wdxBQ717seO7L9_qg,round2,1.3574,1.8596,-26.2947,23.1542,96.8704,27.8282,91.0716,0.9937,27.8282,91.0716,0.9937,37.3915,-46.3902,37.3915,-46.3902
1to3,seattle-wa:187548,seattle-wa,YPJGUQaQjEp0PJckrRea4Q,round1,2.7729,-21.0312,-55.5535,12.416,91.5695,11.5959,90.7522,0.9551,11.5959,90.7522,0.9551,-6.5605,-6.5383,-6.5605,-6.5383
1to3,seattle-wa:187548,seattle-wa,YPJGUQaQjEp0PJckrRea4Q,round2,2.7729,-21.0312,-55.5535,12.416,91.5695,11.5,83.5,1.0,11.5,83.5,1.0,-7.3278,-64.5557,-7.3278,-64.5557
1to3,seattle-wa:35920,seattle-wa,Z1AOAHC6SOkSJJiV_-ioTA,round1,2.434,-7.2308,-49.5251,13.0784,87.9002,12.0104,76.5,0.9819,12.0285,76.1837,0.9881,-8.5445,-91.2019,-8.3996,-93.7326
1to3,seattle-wa:35920,seattle-wa,Z1AOAHC6SOkSJJiV_-ioTA,round2,2.434,-7.2308,-49.5251,13.0784,87.9002,18.6555,83.0192,0.9455,18.6555,83.0192,0.9455,44.6167,-39.0485,44.6167,-39.0485
1to3,seattle-wa:133431,seattle-wa,ZMXxwAkCLhvlDFyNzvT_5g,round1,1.3708,-4.5939,-26.5018,59.7772,97.9776,66.8911,98.7942,0.8948,66.8911,98.7942,0.8948,56.911,6.5332,56.911,6.5332
1to3,seattle-wa:133431,seattle-wa,ZMXxwAkCLhvlDFyNzvT_5g,round2,1.3708,-4.5939,-26.5018,59.7772,97.9776,66.8286,91.7813,0.9773,66.8286,91.7813,0.9773,56.4112,-49.5702,56.4112,-49.5702
1to3,seattle-wa:113036,seattle-wa,Zc26YRXvkgf6xrSPxn_MKw,round1,1.6162,4.8249,-30.616,37.5336,99.8387,36.0605,98.7521,0.9181,36.0605,98.7521,0.9181,-11.785,-8.6929,-11.785,-8.6929
1to3,seattle-wa:113036,seattle-wa,Zc26YRXvkgf6xrSPxn_MKw,round2,1.6162,4.8249,-30.616,37.5336,99.8387,42.7153,92.1471,0.9497,42.7153,92.1471,0.9497,41.4534,-61.533,41.4534,-61.533
1to3,seattle-wa:86159,seattle-wa,_-1t29u46Qe_MF1oJA3PIQ,round1,-2.4003,-10.3257,48.3346,24.4844,81.1831,26.7192,83.56,0.9582,26.7192,83.56,0.9582,17.8784,19.0149,17.8784,19.0149
1to3,seattle-wa:86159,seattle-wa,_-1t29u46Qe_MF1oJA3PIQ,round2,-2.4003,-10.3257,48.3346,24.4844,81.1831,27.0319,90.5245,0.9849,27.0319,90.5245,0.9849,20.3799,74.7311,20.3799,74.7311
1to3,seattle-wa:142429,seattle-wa,__zYRtSHSIM7Ok8NlVrlww,round1,-2.9397,3.5787,59.8211,50.3664,76.8261,51.8944,82.5115,0.898,51.8944,82.5115,0.898,12.2245,45.4828,12.2245,45.4828
1to3,seattle-wa:142429,seattle-wa,__zYRtSHSIM7Ok8NlVrlww,round2,-2.9397,3.5787,59.8211,50.3664,76.8261,50.5,83.5,1.0,50.5,83.5,1.0,1.0691,53.3912,1.0691,53.3912
1to3,seattle-wa:45663,seattle-wa,_djkojurjiEliUAodiaaAg,round1,1.0183,-3.3643,-18.265,29.2385,119.8744,40.0,123.3969,0.7879,44.3535,123.3933,0.91,86.0924,28.1798,120.9201,28.1515
1to3,seattle-wa:45663,seattle-wa,_djkojurjiEliUAodiaaAg,round2,1.0183,-3.3643,-18.265,29.2385,119.8744,40.5,122.9967,0.796,44.2449,123.0228,0.9425,90.0924,24.9782,120.0513,25.1872
1to3,seattle-wa:100049,seattle-wa,_zecNFcxAgsMM6hrRZ_3nQ,round1,1.7579,2.6291,-32.9938,51.5707,101.8076,43.8651,98.6735,0.955,43.8651,98.6735,0.955,-61.6441,-25.0726,-61.6441,-25.0726
1to3,seattle-wa:100049,seattle-wa,_zecNFcxAgsMM6hrRZ_3nQ,round2,1.7579,2.6291,-32.9938,51.5707,101.8076,43.8689,94.0,0.9379,43.8475,92.3534,0.9454,-61.6136,-62.4605,-61.7849,-75.6334
1to3,seattle-wa:104446,seattle-wa,aLv6A1HjTwmDzLz0c1mXpg,round1,-2.0456,-4.5981,41.7998,75.8209,82.6682,75.2094,83.0138,0.9442,75.2094,83.0138,0.9442,-4.8925,2.765,-4.8925,2.765
1to3,seattle-wa:104446,seattle-wa,aLv6A1HjTwmDzLz0c1mXpg,round2,-2.0456,-4.5981,41.7998,75.8209,82.6682,75.3489,84.3757,0.9985,75.3489,84.3757,0.9985,-3.7764,13.6603,-3.7764,13.6603
1to3,seattle-wa:56998,seattle-wa,bM4eRS4m3FtFQgBZPWGh5Q,round1,2.7926,-6.0271,-54.1277,12.6532,100.4862,12.026,99.5584,0.6977,12.026,99.5584,0.6977,-5.0174,-7.4222,-5.0174,-7.4222
1to3,seattle-wa:56998,seattle-wa,bM4eRS4m3FtFQgBZPWGh5Q,round2,2.7926,-6.0271,-54.1277,12.6532,100.4862,11.7758,97.4998,1.0,11.7758,97.4998,1.0,-7.0188,-23.8913,-7.0188,-23.8913
1to3,seattle-wa:858,seattle-wa,bddiBALUyj6NRhXGsEQcJw,round1,1.1547,12.6686,-21.4125,61.2708,102.5661,60.1281,99.1198,0.9227,60.1281,99.1198,0.9227,-9.1415,-27.5705,-9.1415,-27.5705
1to3,seattle-wa:858,seattle-wa,bddiBALUyj6NRhXGsEQcJw,round2,1.1547,12.6686,-21.4125,61.2708,102.5661,60.3555,99.4232,0.9462,60.3555,99.4232,0.9462,-7.3224,-25.1433,-7.3224,-25.1433
1to3,seattle-wa:14479,seattle-wa,byvPTqAm01CK-A1yuWQRLQ,round1,-1.6893,6.0464,31.5334,22.4882,100.3078,27.3764,99.5461,0.8183,27.3764,99.5461,0.8183,39.1056,-6.0929,39.1056,-6.0929
1to3,seattle-wa:14479,seattle-wa,byvPTqAm01CK-A1yuWQRLQ,round2,-1.6893,6.0464,31.5334,22.4882,100.3078,26.5334,107.3531,0.8832,26.5334,107.3531,0.8832,32.3619,56.3623,32.3619,56.3623
1to3,seattle-wa:47828,seattle-wa,dHs9axHbNE5dJW20a8-qBw,round1,-1.0044,-0.3206,21.7168,19.9203,70.3816,19.2793,75.1394,1.0,19.2793,75.1394,1.0,-5.1278,38.0625,-5.1278,38.0625
1to3,seattle-wa:47828,seattle-wa,dHs9axHbNE5dJW20a8-qBw,round2,-1.0044,-0.3206,21.7168,19.9203,70.3816,19.6489,75.3251,0.9907,19.6489,75.3251,0.9907,-2.1709,39.5484,-2.1709,39.5484
1to3,seattle-wa:60074,seattle-wa,dIXw3h6JwHj1Wd6gr4ht0A,round1,-1.067,-4.8302,21.7797,73.7117,82.1763,75.4409,83.335,0.9369,75.4409,83.335,0.9369,13.8338,9.2697,13.8338,9.2697
1to3,seattle-wa:60074,seattle-wa,dIXw3h6JwHj1Wd6gr4ht0A,round2,-1.067,-4.8302,21.7797,73.7117,82.1763,76.3678,83.5399,0.9682,76.3678,83.5399,0.9682,21.2489,10.9085,21.2489,10.9085
1to3,seattle-wa:99041,seattle-wa,eTfaNISO4a7sWOsWXNHUcA,round1,-1.9707,-8.7973,36.5355,29.4036,105.6685,27.6945,107.3564,0.8976,27.6945,107.3564,0.8976,-13.6725,13.5033,-13.6725,13.5033
1to3,seattle-wa:99041,seattle-wa,eTfaNISO4a7sWOsWXNHUcA,round2,-1.9707,-8.7973,36.5355,29.4036,105.6685,27.7015,107.8123,0.9818,27.7015,107.8123,0.9818,-13.6164,17.1508,-13.6164,17.1508
1to3,seattle-wa:233520,seattle-wa,fAa1dSIvDl1GAoW781pA_w,round1,-1.3637,-14.8112,24.1631,66.8097,107.5499,68.1752,108.2516,0.8505,68.1752,108.2516,0.8505,10.9246,5.6134,10.9246,5.6134
1to3,seattle-wa:233520,seattle-wa,fAa1dSIvDl1GAoW781pA_w,round2,-1.3637,-14.8112,24.1631,66.8097,107.5499,74.6413,108.4829,0.8884,74.6413,108.4829,0.8884,62.6536,7.4641,62.6536,7.4641
1to3,seattle-wa:7224,seattle-wa,gQkq82maPnWGzP2eDCjObw,round1,1.3446,6.4397,-25.7127,24.0831,103.9059,19.5033,99.4078,0.9578,19.5033,99.4078,0.9578,-36.6381,-35.9849,-36.6381,-35.9849
1to3,seattle-wa:7224,seattle-wa,gQkq82maPnWGzP2eDCjObw,round2,1.3446,6.4397,-25.7127,24.0831,103.9059,19.5,98.5,1.0,19.5,98.5,1.0,-36.6644,-43.2474,-36.6644,-43.2474
1to3,seattle-wa:67515,seattle-wa,h8YipwX-8eUl1X1HQIMDhw,round1,-1.1872,-12.362,23.1634,38.7428,85.1634,42.6128,84.4086,0.9205,42.6128,84.4086,0.9205,30.9601,-6.0385,30.9601,-6.0385
1to3,seattle-wa:67515,seattle-wa,h8YipwX-8eUl1X1HQIMDhw,round2,-1.1872,-12.362,23.1634,38.7428,85.1634,42.8885,90.8467,0.9899,42.8885,90.8467,0.9899,33.1656,45.4662,33.1656,45.4662
1to3,seattle-wa:156468,seattle-wa,hI5abCA_GUx2NDqUxgo1_A,round1,1.2942,12.8763,-25.2234,19.8058,111.5824,26.537,107.4813,0.9449,26.537,107.4813,0.9449,53.8497,-32.8087,53.8497,-32.8087
1to3,seattle-wa:156468,seattle-wa,hI5abCA_GUx2NDqUxgo1_A,round2,1.2942,12.8763,-25.2234,19.8058,111.5824,18.9745,107.4995,0.898,18.9745,107.4995,0.898,-6.6508,-32.6636,-6.6508,-32.6636
1to3,seattle-wa:157261,seattle-wa,icy6y-z6SpEVDesB0ZJxBg,round1,-2.1958,3.03,44.3065,27.1791,80.448,20.1027,83.798,0.8862,20.1027,83.798,0.8862,-56.6107,26.8001,-56.6107,26.8001
1to3,seattle-wa:157261,seattle-wa,icy6y-z6SpEVDesB0ZJxBg,round2,-2.1958,3.03,44.3065,27.1791,80.448,27.5,83.5,1.0,27.5,83.5,1.0,2.5676,24.4159,2.5676,24.4159
1to3,seattle-wa:17889,seattle-wa,j_t2W4bfkc8IFoWA0j_A2g,round1,-1.3004,-8.9365,26.8369,7.7489,85.4279,11.0836,90.6143,0.4878,11.0836,90.6143,0.4878,26.6776,41.4916,26.6776,41.4916
1to3,seattle-wa:17889,seattle-wa,j_t2W4bfkc8IFoWA0j_A2g,round2,-1.3004,-8.9365,26.8369,7.7489,85.4279,0.0,91.48,0.7602,0.0,91.48,0.7602,-61.9915,48.4169,-61.9915,48.4169
1to3,seattle-wa:190800,seattle-wa,kEJUpvvY3DR_ZJKV6Jrd9A,round1,2.0273,-4.5306,-36.5252,29.8479,119.5957,28.4278,122.9597,0.8413,28.4278,122.9597,0.8413,-11.3614,26.9122,-11.3614,26.9122
1to3,seattle-wa:190800,seattle-wa,kEJUpvvY3DR_ZJKV6Jrd9A,round2,2.0273,-4.5306,-36.5252,29.8479,119.5957,34.5592,116.0202,0.8851,34.5592,116.0202,0.8851,37.6906,-28.6043,37.6906,-28.6043
1to3,seattle-wa:152865,seattle-wa,kHKhbetPOMoWONrX6fuNHw,round1,-1.9674,-12.7129,39.0228,54.3676,81.1647,51.9079,75.7259,0.9508,51.9079,75.7259,0.9508,-19.677,-43.51,-19.677,-43.51
1to3,seattle-wa:152865,seattle-wa,kHKhbetPOMoWONrX6fuNHw,round2,-1.9674,-12.7129,39.0228,54.3676,81.1647,51.5,83.5,1.0,51.5,83.5,1.0,-22.9404,18.6827,-22.9404,18.6827
1to3,seattle-wa:107286,seattle-wa,nGXpyeQgGQhdPp3lk0t4sw,round1,-1.2341,5.9957,24.8748,20.503,81.8547,19.7214,82.8015,0.9143,19.7214,82.8015,0.9143,-6.2527,7.5743,-6.2527,7.5743
1to3,seattle-wa:107286,seattle-wa,nGXpyeQgGQhdPp3lk0t4sw,round2,-1.2341,5.9957,24.8748,20.503,81.8547,22.5,83.5,1.0,22.5,83.5,1.0,15.9762,13.1624,15.9762,13.1624
1to3,seattle-wa:114634,seattle-wa,nchjOJS7Gl-aQ4gxuqr7Wg,round1,-1.7695,8.5498,36.0488,8.4654,82.4301,11.5,83.5,1.0,11.5,83.5,1.0,24.2767,8.5592,24.2767,8.5592
1to3,seattle-wa:114634,seattle-wa,nchjOJS7Gl-aQ4gxuqr7Wg,round2,-1.7695,8.5498,36.0488,8.4654,82.4301,11.5,83.5,1.0,11.5,83.5,1.0,24.2767,8.5592,24.2767,8.5592
1to3,seattle-wa:53910,seattle-wa,qEoSNMTbi8zfPTC5OVj5EQ,round1,-1.2618,6.7751,25.023,28.3018,83.4949,27.6403,91.0013,0.9321,27.6403,91.0013,0.9321,-5.2916,60.0512,-5.2916,60.0512
1to3,seattle-wa:53910,seattle-wa,qEoSNMTbi8zfPTC5OVj5EQ,round2,-1.2618,6.7751,25.023,28.3018,83.4949,27.5,87.5,1.0,27.5,87.5,1.0,-6.4141,32.0406,-6.4141,32.0406
1to3,seattle-wa:162448,seattle-wa,qbTZWKmOieHxDQIwJn9nuQ,round1,-1.138,-5.1306,22.2401,27.2879,90.2306,27.2172,84.2377,0.9037,27.2172,84.2377,0.9037,-0.5651,-47.9432,-0.5651,-47.9432
1to3,seattle-wa:162448,seattle-wa,qbTZWKmOieHxDQIwJn9nuQ,round2,-1.138,-5.1306,22.2401,27.2879,90.2306,27.5,91.5,1.0,27.5,91.5,1.0,1.6971,10.1552,1.6971,10.1552
1to3,seattle-wa:136642,seattle-wa,qgOvCpLphrSMvGUpebyHKA,round1,1.3601,6.7276,-27.2672,59.2455,86.1376,59.248,83.9413,0.9855,59.248,83.9413,0.9855,0.0195,-17.5712,0.0195,-17.5712
1to3,seattle-wa:136642,seattle-wa,qgOvCpLphrSMvGUpebyHKA,round2,1.3601,6.7276,-27.2672,59.2455,86.1376,59.6285,84.0444,1.0,59.6285,84.0444,1.0,3.064,-16.7461,3.064,-16.7461
1to3,seattle-wa:147375,seattle-wa,qkWKQN_k7mGOSOEswKutrQ,round1,1.0451,15.6567,-20.08,43.404,98.9305,43.1412,91.91,0.9471,43.1412,91.91,0.9471,-2.1022,-56.1645,-2.1022,-56.1645
1to3,seattle-wa:147375,seattle-wa,qkWKQN_k7mGOSOEswKutrQ,round2,1.0451,15.6567,-20.08,43.404,98.9305,43.3077,92.4074,0.9797,43.3077,92.4074,0.9797,-0.7703,-52.1856,-0.7703,-52.1856
1to3,seattle-wa:144906,seattle-wa,sQMSNUFbg5FG_4dme9EFpQ,round1,-1.1857,-5.1996,22.621,27.7507,150.5356,38.5,147.0576,0.0148,42.8316,146.6016,0.015,85.9943,-27.8239,120.6474,-31.4719
1to3,seattle-wa:144906,seattle-wa,sQMSNUFbg5FG_4dme9EFpQ,round2,-1.1857,-5.1996,22.621,27.7507,150.5356,38.0,155.5,0.0172,39.0,170.5,0.0244,81.9943,39.7154,89.9943,159.7154
1to3,seattle-wa:204077,seattle-wa,sTBV9sD_piC-bTmGWOJeeQ,round1,1.0705,-7.3187,-21.7563,39.4281,83.0742,42.6101,76.2949,0.8246,42.6101,76.2949,0.8246,25.4558,-54.2348,25.4558,-54.2348
1to3,seattle-wa:204077,seattle-wa,sTBV9sD_piC-bTmGWOJeeQ,round2,1.0705,-7.3187,-21.7563,39.4281,83.0742,36.3002,82.9941,0.9556,36.3002,82.9941,0.9556,-25.0231,-0.6408,-25.0231,-0.6408
1to3,seattle-wa:261446,seattle-wa,soblqlfPacxmSFwsEWWz6A,round1,-1.3016,3.5224,25.322,73.8264,99.8258,67.4944,99.4258,0.9117,67.4944,99.4258,0.9117,-50.6553,-3.1999,-50.6553,-3.1999
1to3,seattle-wa:261446,seattle-wa,soblqlfPacxmSFwsEWWz6A,round2,-1.3016,3.5224,25.322,73.8264,99.8258,74.7872,100.4783,0.9454,74.7872,100.4783,0.9454,7.6872,5.2199,7.6872,5.2199
1to3,seattle-wa:10286,seattle-wa,tiIXVym-KKYAqzuP_iRsGg,round1,1.9147,-0.2894,-35.0577,31.9282,148.2869,43.4706,147.4631,0.8844,43.4706,147.4631,0.8844,92.339,-6.5899,92.339,-6.5899
1to3,seattle-wa:10286,seattle-wa,tiIXVym-KKYAqzuP_iRsGg,round2,1.9147,-0.2894,-35.0577,31.9282,148.2869,42.9875,147.7074,0.8558,42.9875,147.7074,0.8558,88.4741,-4.6356,88.4741,-4.6356
1to3,seattle-wa:21216,seattle-wa,wZ1tq9VBSs4bE2KQJzO-pg,round1,-1.7351,4.1841,33.7778,75.609,100.1203,75.5,98.5,1.0,75.5,98.5,1.0,-0.872,-12.9625,-0.872,-12.9625
1to3,seattle-wa:21216,seattle-wa,wZ1tq9VBSs4bE2KQJzO-pg,round2,-1.7351,4.1841,33.7778,75.609,100.1203,75.5,99.5,1.0,75.5,99.5,1.0,-0.872,-4.9623,-0.872,-4.9623
1to3,seattle-wa:51417,seattle-wa,xAAUhWrHGYdgAMz-rYcczQ,round1,1.3856,-51.9534,-23.5746,30.6904,138.402,34.9043,139.8981,0.8134,34.9043,139.8981,0.8134,33.711,11.9684,33.711,11.9684
1to3,seattle-wa:51417,seattle-wa,xAAUhWrHGYdgAMz-rYcczQ,round2,1.3856,-51.9534,-23.5746,30.6904,138.402,34.752,139.7459,0.9141,34.752,139.7459,0.9141,32.4921,10.7513,32.4921,10.7513
1to3,seattle-wa:145966,seattle-wa,xAPPpr0NJwc0HhRBFLFLCg,round1,-1.6527,1.9337,32.4571,43.7298,85.6973,44.1263,83.8684,0.9455,44.1263,83.8684,0.9455,3.1724,-14.6314,3.1724,-14.6314
1to3,seattle-wa:145966,seattle-wa,xAPPpr0NJwc0HhRBFLFLCg,round2,-1.6527,1.9337,32.4571,43.7298,85.6973,44.1525,90.9959,0.9838,44.1525,90.9959,0.9838,3.382,42.3888,3.382,42.3888
1to3,seattle-wa:132048,seattle-wa,xWIhhtZTyczvGXX9Nk4reQ,round1,-1.8418,7.607,33.6896,33.6042,104.4173,27.8793,106.6718,0.944,27.8793,106.6718,0.944,-45.7994,18.0365,-45.7994,18.0365
1to3,seattle-wa:132048,seattle-wa,xWIhhtZTyczvGXX9Nk4reQ,round2,-1.8418,7.607,33.6896,33.6042,104.4173,28.2133,107.8962,0.9827,28.2133,107.8962,0.9827,-43.1275,27.8316,-43.1275,27.8316
1to3,seattle-wa:74604,seattle-wa,yHe_2s4yNzlM6EOrcx7KKw,round1,-2.9108,5.348,60.0658,33.7047,74.0782,35.9307,85.5,0.7532,35.9128,91.3922,0.7948,17.8079,91.3747,17.6646,138.5126
1to3,seattle-wa:74604,seattle-wa,yHe_2s4yNzlM6EOrcx7KKw,round2,-2.9108,5.348,60.0658,33.7047,74.0782,36.3136,83.56,0.9409,36.3136,83.56,0.9409,20.8711,75.8548,20.8711,75.8548
1to3,st-louis-mo:5107,st-louis-mo,-_7-wK2rjpZva9O5Z0jGLQ,round1,1.7196,7.396,-30.5829,61.8584,131.8014,60.077,139.3976,0.8526,60.077,139.3976,0.8526,-14.2518,60.7699,-14.2518,60.7699
1to3,st-louis-mo:5107,st-louis-mo,-_7-wK2rjpZva9O5Z0jGLQ,round2,1.7196,7.396,-30.5829,61.8584,131.8014,59.5274,139.1773,0.9036,59.5274,139.1773,0.9036,-18.6486,59.0076,-18.6486,59.0076
1to3,st-louis-mo:24513,st-louis-mo,7MOktT8rNHgj9uDkTAuLqQ,round1,-1.3967,5.2602,27.7611,17.6864,85.8654,19.1511,90.7297,0.9414,19.1511,90.7297,0.9414,11.7178,38.9143,11.7178,38.9143
1to3,st-louis-mo:24513,st-louis-mo,7MOktT8rNHgj9uDkTAuLqQ,round2,-1.3967,5.2602,27.7611,17.6864,85.8654,19.1871,90.6512,0.9788,19.1871,90.6512,0.9788,12.0055,38.2861,12.0055,38.2861
1to3,st-louis-mo:1185,st-louis-mo,f6m--Ow9D_4I8LFLjdE1Uw,round1,1.6654,17.1027,-31.9825,23.0007,120.7692,19.6085,130.8174,0.7372,19.6085,130.8174,0.7372,-27.1375,80.3858,-27.1375,80.3858
1to3,st-louis-mo:1185,st-louis-mo,f6m--Ow9D_4I8LFLjdE1Uw,round2,1.6654,17.1027,-31.9825,23.0007,120.7692,32.0,127.5,0.6142,42.7983,131.5,0.8471,71.9943,53.8466,158.3805,85.8466
1to3,st-louis-mo:22048,st-louis-mo,xn7UB8rp21Z3bVQgQjngzw,round1,-1.8111,11.4474,33.4106,29.9276,99.4968,28.0131,99.7724,0.9331,28.0131,99.7724,0.9331,-15.3161,2.2053,-15.3161,2.2053
1to3,st-louis-mo:22048,st-louis-mo,xn7UB8rp21Z3bVQgQjngzw,round2,-1.8111,11.4474,33.4106,29.9276,99.4968,34.8705,99.6041,0.9728,34.8705,99.6041,0.9728,39.5429,0.8582,39.5429,0.8582
1to3,teaneck-nj:23198,teaneck-nj,AdOQXF-K3g6HD9kT0XghlA,round1,1.7291,5.0158,-33.0625,41.3894,96.7556,36.419,99.0368,0.8946,36.419,99.0368,0.8946,-39.7631,18.25,-39.7631,18.25
1to3,teaneck-nj:23198,teaneck-nj,AdOQXF-K3g6HD9kT0XghlA,round2,1.7291,5.0158,-33.0625,41.3894,96.7556,42.5,91.5,1.0,42.5,91.5,1.0,8.8848,-42.0448,8.8848,-42.0448
1to3,teaneck-nj:19452,teaneck-nj,POX8RU4Y80ppXeUFTQFkxQ,round1,1.2091,18.9394,-24.4067,17.7127,116.1669,24.0,106.7408,0.9022,27.205,106.7219,0.9472,50.2983,-75.4089,75.938,-75.5604
1to3,teaneck-nj:19452,teaneck-nj,POX8RU4Y80ppXeUFTQFkxQ,round2,1.2091,18.9394,-24.4067,17.7127,116.1669,25.0,107.5,0.9068,27.4621,106.5653,0.9783,58.2983,-69.3356,77.9951,-76.8131
1to3,teaneck-nj:2028,teaneck-nj,hEzvdZ282LTpZmRAwS6kkg,round1,-1.7275,9.6926,34.6266,50.5266,80.3313,51.5,83.5,1.0,51.5,83.5,1.0,7.7875,25.3499,7.7875,25.3499
1to3,teaneck-nj:2028,teaneck-nj,hEzvdZ282LTpZmRAwS6kkg,round2,-1.7275,9.6926,34.6266,50.5266,80.3313,51.5,80.5,1.0,51.5,80.5,1.0,7.7875,1.3499,7.7875,1.3499
1to3,teaneck-nj:7928,teaneck-nj,rrs0N7QBQmmTnegFq2gvzA,round1,-1.9271,-3.6694,38.8352,30.7558,80.7203,35.6329,83.6729,1.0,35.6329,83.6729,1.0,39.0168,23.621,39.0168,23.621
1to3,teaneck-nj:7928,teaneck-nj,rrs0N7QBQmmTnegFq2gvzA,round2,-1.9271,-3.6694,38.8352,30.7558,80.7203,35.5,84.5,1.0,35.5,84.5,1.0,37.9533,30.2377,37.9533,30.2377
1to3,teaneck-nj:2394,teaneck-nj,vAmzdqb3r_bgUniBVQhhPQ,round1,-2.4053,-6.5658,45.7957,52.8721,92.2939,51.7237,100.008,0.9833,51.7237,100.008,0.9833,-9.1869,61.7129,-9.1869,61.7129
1to3,teaneck-nj:2394,teaneck-nj,vAmzdqb3r_bgUniBVQhhPQ,round2,-2.4053,-6.5658,45.7957,52.8721,92.2939,51.7757,99.5,1.0,51.7757,99.5,1.0,-8.7706,57.6488,-8.7706,57.6488
1to3,teaneck-nj:12040,teaneck-nj,wnkTM-FNv6kP2YNVHCKCcg,round1,1.1093,-11.3833,-20.4571,32.0053,105.021,34.8904,100.0177,0.8917,34.8904,100.0177,0.8917,23.0814,-40.0264,23.0814,-40.0264
1to3,teaneck-nj:12040,teaneck-nj,wnkTM-FNv6kP2YNVHCKCcg,round2,1.1093,-11.3833,-20.4571,32.0053,105.021,34.6026,98.5,1.0,34.6026,98.5,1.0,20.7785,-52.1677,20.7785,-52.1677
1to3,teaneck-nj:4616,teaneck-nj,yOq0Tgsyq6C_PB2Ip1LOnw,round1,1.8621,5.5204,-35.3746,51.1963,98.2926,51.8528,98.8013,0.9418,51.8528,98.8013,0.9418,5.2519,4.0698,5.2519,4.0698
1to3,teaneck-nj:4616,teaneck-nj,yOq0Tgsyq6C_PB2Ip1LOnw,round2,1.8621,5.5204,-35.3746,51.1963,98.2926,51.8398,92.4143,0.9761,51.8398,92.4143,0.9761,5.1474,-47.0262,5.1474,-47.0262
ge3,chicago-il:9076,chicago-il,-Thut7rdJefZTgOhcoUy0g,round1,-3.4258,-12.2923,71.0671,78.9863,78.0538,75.3795,82.5,1.0,75.3795,82.5,1.0,-28.8543,35.5696,-28.8543,35.5696
ge3,chicago-il:9076,chicago-il,-Thut7rdJefZTgOhcoUy0g,round2,-3.4258,-12.2923,71.0671,78.9863,78.0538,75.5165,84.5,1.0,75.5165,84.5,1.0,-27.7583,51.5696,-27.7583,51.5696
ge3,chicago-il:1508,chicago-il,SAU8zodKw8f0R9890j0-UA,round1,-3.3905,-2.5626,66.6522,27.3587,85.0618,27.5942,90.7206,0.9757,27.5942,90.7206,0.9757,1.884,45.2703,1.884,45.2703
ge3,chicago-il:1508,chicago-il,SAU8zodKw8f0R9890j0-UA,round2,-3.3905,-2.5626,66.6522,27.3587,85.0618,27.5,91.5,1.0,27.5,91.5,1.0,1.1301,51.5053,1.1301,51.5053
ge3,chicago-il:171619,chicago-il,mm0HU6SsvG3_UY57Uqlmng,round1,-3.4163,45.6764,63.9457,42.5465,81.1275,51.0512,84.2033,0.9322,51.0512,84.2033,0.9322,68.0375,24.6069,68.0375,24.6069
ge3,chicago-il:171619,chicago-il,mm0HU6SsvG3_UY57Uqlmng,round2,-3.4163,45.6764,63.9457,42.5465,81.1275,51.6322,84.4154,0.9252,51.6322,84.4154,0.9252,72.6854,26.3036,72.6854,26.3036
ge3,columbus-oh:22455,columbus-oh,1hYTHQWXgrqR3WFALiSScw,round1,5.1479,-0.1507,-109.7398,26.7509,80.2878,32.0,90.0,0.1508,37.5,100.5,0.2506,41.9925,77.6973,85.9925,161.6973
ge3,columbus-oh:22455,columbus-oh,1hYTHQWXgrqR3WFALiSScw,round2,5.1479,-0.1507,-109.7398,26.7509,80.2878,32.5,90.5,0.0203,40.5,98.5,0.0661,45.9925,81.6973,109.9925,145.6973
ge3,columbus-oh:4671,columbus-oh,ZKZoiWmcfTYHvhBLRndgbQ,round1,3.7959,14.9869,-71.8675,56.5384,102.4171,59.2264,100.0836,0.9082,59.2264,100.0836,0.9082,21.5037,-18.6678,21.5037,-18.6678
ge3,columbus-oh:4671,columbus-oh,ZKZoiWmcfTYHvhBLRndgbQ,round2,3.7959,14.9869,-71.8675,56.5384,102.4171,59.3329,98.92,0.96,59.3329,98.92,0.96,22.3559,-27.9762,22.3559,-27.9762
ge3,columbus-oh:22203,columbus-oh,f8wNCIFw246Stz6Xxj7UJg,round1,4.7671,-103.6698,-92.91,41.2043,147.6528,34.5621,139.1038,0.5512,34.5621,139.1038,0.5512,-53.1373,-68.3925,-53.1373,-68.3925
ge3,columbus-oh:22203,columbus-oh,f8wNCIFw246Stz6Xxj7UJg,round2,4.7671,-103.6698,-92.91,41.2043,147.6528,43.0832,139.7508,0.6233,43.0832,139.7508,0.6233,15.031,-63.216,15.031,-63.216
ge3,columbus-oh:30236,columbus-oh,py3Y8sPw5YBDuzzqtdigEQ,round1,3.5503,10.5905,-75.1653,74.8771,82.5556,75.4537,75.303,0.7821,75.4537,75.303,0.7821,4.613,-58.021,4.613,-58.021
ge3,columbus-oh:30236,columbus-oh,py3Y8sPw5YBDuzzqtdigEQ,round2,3.5503,10.5905,-75.1653,74.8771,82.5556,75.9121,71.5,0.8644,75.9195,67.7509,0.9525,8.2797,-88.445,8.339,-118.4375
ge3,columbus-oh:17288,columbus-oh,r2W7saKt5JCpO4K_GVg5BA,round1,-3.0247,-1.5549,63.0023,40.2348,72.0064,42.5652,75.1333,0.9298,42.5652,75.1333,0.9298,18.6431,25.0149,18.6431,25.0149
ge3,columbus-oh:17288,columbus-oh,r2W7saKt5JCpO4K_GVg5BA,round2,-3.0247,-1.5549,63.0023,40.2348,72.0064,42.88,82.0,0.9594,42.8857,82.7464,0.9656,21.1618,79.9485,21.2077,85.9201
ge3,knox-oh:26679,knox-oh,M7ewtUrhI3W6LsI_lauFXA,round1,3.4828,4.7069,-71.227,17.0102,89.4752,19.2413,91.7486,0.9491,19.2413,91.7486,0.9491,17.8487,18.1873,17.8487,18.1873
ge3,knox-oh:26679,knox-oh,M7ewtUrhI3W6LsI_lauFXA,round2,3.4828,4.7069,-71.227,17.0102,89.4752,12.4168,83.2562,0.9676,12.4168,83.2562,0.9676,-36.7468,-49.7523,-36.7468,-49.7523
ge3,newberg-or:15611,newberg-or,2okfGSb31bxgM-fdI9bqHQ,round1,5.9475,-9.5352,-118.5435,73.6842,103.1967,75.1922,93.0,0.6751,75.2014,91.8131,0.6856,12.0642,-81.574,12.1374,-91.0694
ge3,newberg-or:15611,newberg-or,2okfGSb31bxgM-fdI9bqHQ,round2,5.9475,-9.5352,-118.5435,73.6842,103.1967,76.2325,93.0,0.9166,76.2693,91.199,0.9588,20.3861,-81.574,20.681,-95.9821
ge3,newberg-or:6240,newberg-or,59KK_4oFFAk_kYL4wIuPHA,round1,-3.4173,28.2263,63.4235,9.8011,96.1095,12.2539,99.2212,0.9453,12.2539,99.2212,0.9453,19.6229,24.8931,19.6229,24.8931
ge3,newberg-or:6240,newberg-or,59KK_4oFFAk_kYL4wIuPHA,round2,-3.4173,28.2263,63.4235,9.8011,96.1095,18.8359,100.1761,0.9036,18.8359,100.1761,0.9036,72.2788,32.5327,72.2788,32.5327
ge3,newberg-or:5105,newberg-or,LgzQQJGmH9seYx-fmKIG0Q,round1,-3.6036,14.6541,64.8688,14.5161,117.8292,12.4445,123.6158,0.8686,12.4445,123.6158,0.8686,-16.5732,46.2929,-16.5732,46.2929
ge3,newberg-or:5105,newberg-or,LgzQQJGmH9seYx-fmKIG0Q,round2,-3.6036,14.6541,64.8688,14.5161,117.8292,12.2897,124.1281,0.9744,12.2897,124.1281,0.9744,-17.8118,50.3917,-17.8118,50.3917
ge3,newberg-or:5869,newberg-or,MrjjdvM5mEdzVVfTQgOZuA,round1,3.9091,22.6622,-74.6577,66.9103,102.074,74.0,94.0,0.9068,74.6978,92.2726,0.9206,56.7174,-64.5917,62.2995,-78.4108
ge3,newberg-or:5869,newberg-or,MrjjdvM5mEdzVVfTQgOZuA,round2,3.9091,22.6622,-74.6577,66.9103,102.074,71.5,91.6376,0.995,73.5,91.5,1.0,36.7174,-83.4908,52.7174,-84.5917
ge3,newberg-or:7425,newberg-or,Rd_fCCsHwtOT3FwMIe4Bog,round1,-4.0182,9.1522,71.8247,42.3949,119.3881,42.7909,130.0,0.9116,42.8041,130.8913,0.9198,3.1683,84.8954,3.274,92.0254
ge3,newberg-or:7425,newberg-or,Rd_fCCsHwtOT3FwMIe4Bog,round2,-4.0182,9.1522,71.8247,42.3949,119.3881,42.9743,130.5,0.9575,42.9778,130.8493,0.9656,4.6355,88.8954,4.6635,91.6898
ge3,newberg-or:14026,newberg-or,RdqmQgvQDfJKEtB0EbqwuQ,round1,3.3083,-4.139,-59.7927,24.5531,125.2274,27.1886,124.1009,0.8903,27.1886,124.1009,0.8903,21.0838,-9.0123,21.0838,-9.0123
ge3,newberg-or:14026,newberg-or,RdqmQgvQDfJKEtB0EbqwuQ,round2,3.3083,-4.139,-59.7927,24.5531,125.2274,27.1769,122.9727,0.9751,27.1769,122.9727,0.9751,20.99,-18.0378,20.99,-18.0378
ge3,newberg-or:9409,newberg-or,S8TzFTJ8_J2OL7-eyQ_jAw,round1,-3.8105,2.9956,69.8819,49.0029,142.9028,59.2024,148.5,0.8148,59.2312,155.0201,0.8835,81.5965,44.7775,81.8265,96.9383
ge3,newberg-or:9409,newberg-or,S8TzFTJ8_J2OL7-eyQ_jAw,round2,-3.8105,2.9956,69.8819,49.0029,142.9028,53.0,153.0,0.8218,58.6966,155.1099,0.8676,31.9772,80.7775,77.5496,97.6569
ge3,newberg-or:920,newberg-or,YPLZ_z3fBAQx6QNM6ZddRg,round1,3.1652,9.0433,-57.2393,68.8638,128.4609,68.1008,118.0,0.7378,68.1277,115.4105,0.7792,-6.1046,-83.6876,-5.8889,-104.4033
ge3,newberg-or:920,newberg-or,YPLZ_z3fBAQx6QNM6ZddRg,round2,3.1652,9.0433,-57.2393,68.8638,128.4609,68.1198,118.0,0.8045,68.1089,114.7487,0.9008,-5.9525,-83.6876,-6.0397,-109.698
ge3,newberg-or:2096,newberg-or,_UfzmudNgr_llS9j17eyFQ,round1,-4.4299,-2.0655,87.2279,45.1751,81.7732,44.3368,90.8488,0.9234,44.3368,90.8488,0.9234,-6.7068,72.6046,-6.7068,72.6046
ge3,newberg-or:2096,newberg-or,_UfzmudNgr_llS9j17eyFQ,round2,-4.4299,-2.0655,87.2279,45.1751,81.7732,44.2254,91.8872,0.991,44.2254,91.8872,0.991,-7.5978,80.912,-7.5978,80.912
ge3,newberg-or:5705,newberg-or,mh_YiF1XBYbv1GcavN5jKg,round1,4.2967,0.5167,-81.1197,64.1985,108.0703,67.555,99.6174,0.9933,67.555,99.6174,0.9933,26.8517,-67.6233,26.8517,-67.6233
ge3,newberg-or:5705,newberg-or,mh_YiF1XBYbv1GcavN5jKg,round2,4.2967,0.5167,-81.1197,64.1985,108.0703,66.5,98.5,1.0,67.5647,95.5,1.0,18.4117,-76.5623,26.9292,-100.5623
ge3,newberg-or:7505,newberg-or,oWei3EKEcmpLhrDhSiNSMg,round1,-3.7572,4.6958,77.6356,45.0441,72.4646,44.1492,82.7849,0.9712,44.1492,82.7849,0.9712,-7.1588,82.5623,-7.1588,82.5623
ge3,newberg-or:7505,newberg-or,oWei3EKEcmpLhrDhSiNSMg,round2,-3.7572,4.6958,77.6356,45.0441,72.4646,44.3953,83.3124,0.998,44.3953,83.3124,0.998,-5.19,86.7821,-5.19,86.7821
ge3,newberg-or:55,newberg-or,uenD-_VZrSvWF6jetDL3Yw,round1,5.008,-33.6746,-91.205,22.458,117.2057,19.3478,107.4091,0.9524,19.3478,107.4091,0.9524,-24.881,-78.3724,-24.881,-78.3724
ge3,newberg-or:55,newberg-or,uenD-_VZrSvWF6jetDL3Yw,round2,5.008,-33.6746,-91.205,22.458,117.2057,18.5,107.4121,1.0,19.5,106.5,1.0,-31.6638,-78.3482,-23.6638,-85.6453
ge3,newberg-or:8232,newberg-or,uuDIxZdudJTGuk4AevwGBg,round1,-3.5475,-15.8386,78.4644,73.7509,63.6033,68.1705,67.0864,0.0909,68.1705,67.0864,0.0909,-44.6433,27.864,-44.6433,27.864
ge3,newberg-or:8232,newberg-or,uuDIxZdudJTGuk4AevwGBg,round2,-3.5475,-15.8386,78.4644,73.7509,63.6033,75.0584,74.5,0.9426,75.0549,74.9058,0.9528,10.4597,87.1732,10.432,90.4193
ge3,newberg-or:11353,newberg-or,wljL67fHv0bKWhwIjR0YlQ,round1,3.1883,3.3327,-62.3795,40.4835,92.7559,43.5514,92.1996,0.9469,43.5514,92.1996,0.9469,24.5436,-4.4499,24.5436,-4.4499
ge3,newberg-or:11353,newberg-or,wljL67fHv0bKWhwIjR0YlQ,round2,3.1883,3.3327,-62.3795,40.4835,92.7559,43.5,84.5,1.0,43.5,84.5,1.0,24.1323,-66.0469,24.1323,-66.0469
ge3,newberg-or:4604,newberg-or,xIyFNC9OxoNw9peqM9f_JQ,round1,-4.1565,18.485,78.3326,18.9855,93.9784,20.1124,99.7087,0.9305,20.1124,99.7087,0.9305,9.0155,45.8431,9.0155,45.8431
ge3,newberg-or:4604,newberg-or,xIyFNC9OxoNw9peqM9f_JQ,round2,-4.1565,18.485,78.3326,18.9855,93.9784,26.0,102.5,0.7898,27.655,107.2752,0.9098,56.1162,68.1732,69.3564,106.3751
ge3,newberg-or:11913,newberg-or,yfn53HcxHa1GhfT-c3lL5Q,round1,3.6267,-6.1739,-65.9749,57.9288,134.3639,59.0513,131.6063,0.9089,59.0513,131.6063,0.9089,8.9802,-22.0612,8.9802,-22.0612
ge3,newberg-or:11913,newberg-or,yfn53HcxHa1GhfT-c3lL5Q,round2,3.6267,-6.1739,-65.9749,57.9288,134.3639,59.1976,130.9611,0.9711,59.1976,130.9611,0.9711,10.151,-27.2226,10.151,-27.2226
ge3,oradell-nj:7101,oradell-nj,0XKwM6W_uxNQgqBEtoNMsg,round1,-3.7341,8.3679,77.0008,24.9926,74.1329,30.0,83.6517,0.9297,34.5533,83.6949,0.9339,40.0589,76.1505,76.4853,76.496
ge3,oradell-nj:7101,oradell-nj,0XKwM6W_uxNQgqBEtoNMsg,round2,-3.7341,8.3679,77.0008,24.9926,74.1329,30.5,83.8953,0.9275,34.7299,83.8206,0.9487,44.0589,78.0992,77.8978,77.5013
ge3,oradell-nj:7464,oradell-nj,1ABuIDf8TYLcUIsLfVPJnQ,round1,-5.0035,36.117,94.925,22.0817,85.6263,19.6143,96.0,0.9331,19.5989,99.2357,0.9872,-19.739,82.9897,-19.8623,108.875
ge3,oradell-nj:7464,oradell-nj,1ABuIDf8TYLcUIsLfVPJnQ,round2,-5.0035,36.117,94.925,22.0817,85.6263,20.4145,96.0,0.8981,20.5,99.7183,1.0,-13.3372,82.9897,-12.6536,112.7363
ge3,oradell-nj:7421,oradell-nj,1w6_iEuJ4PUCSthCaiFq2A,round1,-3.6786,5.1208,76.1773,63.3442,74.3056,59.5,83.5,1.0,59.5,83.5,1.0,-30.7538,73.5554,-30.7538,73.5554
ge3,oradell-nj:7421,oradell-nj,1w6_iEuJ4PUCSthCaiFq2A,round2,-3.6786,5.1208,76.1773,63.3442,74.3056,59.7275,84.5,1.0,59.7275,84.5,1.0,-28.9336,81.5554,-28.9336,81.5554
ge3,oradell-nj:985,oradell-nj,Ko964t_Cng7uh9vTpFmIgw,round1,-5.0745,2.5005,107.3837,47.376,66.4226,43.8346,76.2003,0.9583,43.8346,76.2003,0.9583,-28.3309,78.2217,-28.3309,78.2217
ge3,oradell-nj:985,oradell-nj,Ko964t_Cng7uh9vTpFmIgw,round2,-5.0745,2.5005,107.3837,47.376,66.4226,44.1149,76.4321,0.9672,44.1149,76.4321,0.9672,-26.0885,80.0766,-26.0885,80.0766
ge3,oradell-nj:9269,oradell-nj,Lv59DQ_FbT37mcgtEIHUXA,round1,-3.1828,0.1937,66.7355,60.3641,72.081,59.8898,75.2891,0.9429,59.8898,75.2891,0.9429,-3.7946,25.6649,-3.7946,25.6649
ge3,oradell-nj:9269,oradell-nj,Lv59DQ_FbT37mcgtEIHUXA,round2,-3.1828,0.1937,66.7355,60.3641,72.081,66.6741,76.422,0.97,66.6741,76.422,0.97,50.4798,34.7278,50.4798,34.7278
ge3,oradell-nj:7460,oradell-nj,SXxwS7nOLQz6qElb24P_kA,round1,-6.0336,-17.3302,120.7469,36.0025,74.8115,35.6348,83.8418,0.881,35.6348,83.8418,0.881,-2.9413,72.2428,-2.9413,72.2428
ge3,oradell-nj:7460,oradell-nj,SXxwS7nOLQz6qElb24P_kA,round2,-6.0336,-17.3302,120.7469,36.0025,74.8115,35.8406,86.5,0.8325,35.937,91.8016,0.9761,-1.2951,93.5083,-0.5237,135.9212
ge3,oradell-nj:995,oradell-nj,VvBqFhuEBYI8UIFLLbUnUQ,round1,-3.2036,-14.4987,70.9968,75.3718,64.2271,74.9062,67.095,0.8009,74.9062,67.095,0.8009,-3.7247,22.9428,-3.7247,22.9428
ge3,oradell-nj:995,oradell-nj,VvBqFhuEBYI8UIFLLbUnUQ,round2,-3.2036,-14.4987,70.9968,75.3718,64.2271,75.1144,74.6044,0.9821,75.1144,74.6044,0.9821,-2.0593,83.018,-2.0593,83.018
ge3,oradell-nj:7115,oradell-nj,Vw2f6PqIIC16P6oua6iCgQ,round1,-3.3424,4.9953,71.0814,26.8356,68.7851,31.5,79.5,0.7423,34.9269,89.5,0.9381,37.3154,85.7189,64.7306,165.7189
ge3,oradell-nj:7115,oradell-nj,Vw2f6PqIIC16P6oua6iCgQ,round2,-3.3424,4.9953,71.0814,26.8356,68.7851,31.5,79.5,0.836,34.558,84.3208,1.0,37.3154,85.7189,61.7795,124.2851
ge3,oradell-nj:3538,oradell-nj,cg3ea-CYaNp8Mf3p082fUg,round1,3.5888,-4.8865,-70.6494,72.5228,101.3745,75.0508,99.2155,0.9103,75.0508,99.2155,0.9103,20.2242,-17.2725,20.2242,-17.2725
ge3,oradell-nj:3538,oradell-nj,cg3ea-CYaNp8Mf3p082fUg,round2,3.5888,-4.8865,-70.6494,72.5228,101.3745,75.2973,91.6623,0.9503,75.2973,91.6623,0.9503,22.1957,-77.6979,22.1957,-77.6979
ge3,oradell-nj:3789,oradell-nj,fUQv2ShPRhxCrnXMXmBJ9w,round1,3.0305,-5.6624,-55.6089,45.547,151.2333,43.7363,147.1247,0.8178,43.7363,147.1247,0.8178,-14.4859,-32.8691,-14.4859,-32.8691
ge3,oradell-nj:3789,oradell-nj,fUQv2ShPRhxCrnXMXmBJ9w,round2,3.0305,-5.6624,-55.6089,45.547,151.2333,43.3937,140.5,0.8898,43.3994,140.3203,0.8925,-17.227,-85.8667,-17.1812,-87.3043
ge3,oradell-nj:8132,oradell-nj,revpOXARsqNuvT1YDFPHAw,round1,5.633,-11.8699,-100.996,29.8088,129.1465,19.5,123.5,0.7119,12.0368,124.2366,0.8003,-82.4701,-45.1717,-142.1755,-39.2786
ge3,oradell-nj:8132,oradell-nj,revpOXARsqNuvT1YDFPHAw,round2,5.633,-11.8699,-100.996,29.8088,129.1465,19.5,123.5,0.6571,18.7689,115.1968,0.781,-82.4701,-45.1717,-88.319,-111.5973
ge3,oradell-nj:7658,oradell-nj,vdhfu1iWMR_r7gBt9qFKVQ,round1,4.0616,8.6843,-76.4089,65.7308,107.6658,66.75,107.8242,0.8721,66.75,107.8242,0.8721,8.1536,1.2671,8.1536,1.2671
ge3,oradell-nj:7658,oradell-nj,vdhfu1iWMR_r7gBt9qFKVQ,round2,4.0616,8.6843,-76.4089,65.7308,107.6658,67.401,106.9099,0.8735,67.401,106.9099,0.8735,13.3615,-6.0473,13.3615,-6.0473
ge3,oradell-nj:1961,oradell-nj,ynYcrmgD-JtF5xkOoBczRQ,round1,4.3062,31.3342,-84.2263,74.3576,99.3851,75.7118,91.4358,0.8927,75.7118,91.4358,0.8927,10.8336,-63.5936,10.8336,-63.5936
ge3,oradell-nj:1961,oradell-nj,ynYcrmgD-JtF5xkOoBczRQ,round2,4.3062,31.3342,-84.2263,74.3576,99.3851,76.4502,90.8788,0.9289,76.4502,90.8788,0.9289,16.7413,-68.0499,16.7413,-68.0499
ge3,oradell-nj:7465,oradell-nj,zWp_XNJt6qxMroM3fmZIEQ,round1,-8.0567,-11.2453,161.4773,61.0402,75.1923,64.0,86.0,0.8123,60.4374,91.9251,0.9464,23.6786,86.4617,-4.8223,133.8627
ge3,oradell-nj:7465,oradell-nj,zWp_XNJt6qxMroM3fmZIEQ,round2,-8.0567,-11.2453,161.4773,61.0402,75.1923,64.5,86.0,0.6531,66.743,96.0,0.9591,27.6786,86.4617,45.6227,166.4617
ge3,pittsburgh-pa:8654,pittsburgh-pa,0V7hgt5E7RsOwFzRSqkGIA,round1,3.9993,-8.7621,-71.8531,44.9389,138.8947,43.4253,131.6985,0.8485,43.4253,131.6985,0.8485,-12.109,-57.5699,-12.109,-57.5699
ge3,pittsburgh-pa:8654,pittsburgh-pa,0V7hgt5E7RsOwFzRSqkGIA,round2,3.9993,-8.7621,-71.8531,44.9389,138.8947,43.6438,131.2122,0.8838,43.6438,131.2122,0.8838,-10.3613,-61.4604,-10.3613,-61.4604
ge3,pittsburgh-pa:12674,pittsburgh-pa,0nKpkRKjX8JHAC4jrl8m_Q,round1,-6.4466,-43.8753,113.9953,70.9054,109.7046,67.4052,120.0,0.7957,67.432,123.8963,0.8858,-28.0018,82.3633,-27.7872,113.5336
ge3,pittsburgh-pa:12674,pittsburgh-pa,0nKpkRKjX8JHAC4jrl8m_Q,round2,-6.4466,-43.8753,113.9953,70.9054,109.7046,67.5832,120.5,0.7732,67.6307,124.338,0.9023,-26.5774,86.3633,-26.1977,117.0676
ge3,pittsburgh-pa:10264,pittsburgh-pa,2AHLF8XnlQM2ARizEqgBOw,round1,5.8304,-18.9574,-119.6816,10.8884,91.4936,18.5491,83.7272,0.8312,18.5491,83.7272,0.8312,61.2857,-62.1308,61.2857,-62.1308
ge3,pittsburgh-pa:10264,pittsburgh-pa,2AHLF8XnlQM2ARizEqgBOw,round2,5.8304,-18.9574,-119.6816,10.8884,91.4936,12.4297,80.5,0.9211,12.3826,76.2086,0.9662,12.3306,-87.9488,11.9537,-122.28
ge3,pittsburgh-pa:1684,pittsburgh-pa,4Qs-pNNQAjr5d4vYb2u0Og,round1,6.2422,-41.9886,-116.2777,44.2132,117.0641,52.443,123.4706,0.8414,52.443,123.4706,0.8414,65.8389,51.2517,65.8389,51.2517
ge3,pittsburgh-pa:1684,pittsburgh-pa,4Qs-pNNQAjr5d4vYb2u0Og,round2,6.2422,-41.9886,-116.2777,44.2132,117.0641,51.8647,116.0586,0.9057,51.8647,116.0586,0.9057,61.2123,-8.044,61.2123,-8.044
ge3,pittsburgh-pa:10132,pittsburgh-pa,8IbutR0hMkCMru5ST4WP7g,round1,3.0627,-15.8241,-55.1465,27.5757,118.6217,28.0939,115.4021,0.8872,28.0939,115.4021,0.8872,4.1454,-25.7571,4.1454,-25.7571
ge3,pittsburgh-pa:10132,pittsburgh-pa,8IbutR0hMkCMru5ST4WP7g,round2,3.0627,-15.8241,-55.1465,27.5757,118.6217,28.3073,107.6974,0.9638,28.3073,107.6974,0.9638,5.8533,-87.395,5.8533,-87.395
ge3,pittsburgh-pa:3417,pittsburgh-pa,9fo3pTgGmfqnweTQcmyQ_Q,round1,7.0238,-37.9923,-125.1503,21.2323,141.567,18.8029,130.8458,0.8321,18.8029,130.8458,0.8321,-19.4354,-85.7698,-19.4354,-85.7698
ge3,pittsburgh-pa:3417,pittsburgh-pa,9fo3pTgGmfqnweTQcmyQ_Q,round2,7.0238,-37.9923,-125.1503,21.2323,141.567,18.0,130.5,0.713,12.3505,124.2488,0.7819,-25.8587,-88.5358,-71.0544,-138.5454
ge3,pittsburgh-pa:3793,pittsburgh-pa,E8owDGOAEv5xRDzrkpL3Yg,round1,3.6294,1.8667,-74.5099,45.4931,83.3479,50.6454,82.9533,0.5951,50.6454,82.9533,0.5951,41.218,-3.1571,41.218,-3.1571
ge3,pittsburgh-pa:3793,pittsburgh-pa,E8owDGOAEv5xRDzrkpL3Yg,round2,3.6294,1.8667,-74.5099,45.4931,83.3479,50.5307,82.7066,0.9705,50.5307,82.7066,0.9705,40.3004,-5.1308,40.3004,-5.1308
ge3,pittsburgh-pa:1741,pittsburgh-pa,Gu6zQxnXrIupqMdlWPqWhA,round1,-3.6842,-6.5356,70.6898,72.9693,95.8051,74.8935,99.197,0.9755,74.8935,99.197,0.9755,15.3935,27.1348,15.3935,27.1348
ge3,pittsburgh-pa:1741,pittsburgh-pa,Gu6zQxnXrIupqMdlWPqWhA,round2,-3.6842,-6.5356,70.6898,72.9693,95.8051,75.3041,100.0963,1.0,75.3041,100.0963,1.0,18.6782,34.3296,18.6782,34.3296
ge3,pittsburgh-pa:9559,pittsburgh-pa,I8DepwuZSolKQ7QSVmWTfg,round1,3.1214,4.5478,-55.7825,47.3172,134.08,44.2708,132.2721,0.8371,44.2708,132.2721,0.8371,-24.3713,-14.4634,-24.3713,-14.4634
ge3,pittsburgh-pa:9559,pittsburgh-pa,I8DepwuZSolKQ7QSVmWTfg,round2,3.1214,4.5478,-55.7825,47.3172,134.08,51.374,131.0148,0.9482,51.374,131.0148,0.9482,32.4545,-24.5223,32.4545,-24.5223
ge3,pittsburgh-pa:23692,pittsburgh-pa,IXzQ5AhAcdG-wY_lYToUkg,round1,3.9578,11.572,-78.255,57.8958,92.4746,51.9308,82.6046,0.9805,51.9308,82.6046,0.9805,-47.7201,-78.96,-47.7201,-78.96
ge3,pittsburgh-pa:23692,pittsburgh-pa,IXzQ5AhAcdG-wY_lYToUkg,round2,3.9578,11.572,-78.255,57.8958,92.4746,52.1844,83.0307,0.9635,52.1844,83.0307,0.9635,-45.6913,-75.5515,-45.6913,-75.5515
ge3,pittsburgh-pa:11619,pittsburgh-pa,Kt9_aJYTCtMPO--E-UwpHQ,round1,-3.87,-21.3124,70.9361,48.3323,98.7619,50.6952,99.988,0.8823,50.6952,99.988,0.8823,18.9028,9.8088,18.9028,9.8088
ge3,pittsburgh-pa:11619,pittsburgh-pa,Kt9_aJYTCtMPO--E-UwpHQ,round2,-3.87,-21.3124,70.9361,48.3323,98.7619,51.3773,107.5268,0.9497,51.3773,107.5268,0.9497,24.3596,70.1191,24.3596,70.1191
ge3,pittsburgh-pa:8538,pittsburgh-pa,Q2tKQvBDmE85b69PAu3Iwg,round1,4.982,-1.3085,-90.8164,53.0936,148.772,58.917,147.3408,0.8463,58.917,147.3408,0.8463,46.5872,-11.4489,46.5872,-11.4489
ge3,pittsburgh-pa:8538,pittsburgh-pa,Q2tKQvBDmE85b69PAu3Iwg,round2,4.982,-1.3085,-90.8164,53.0936,148.772,59.1537,146.7948,0.7674,59.1537,146.7948,0.7674,48.4811,-15.8172,48.4811,-15.8172
ge3,pittsburgh-pa:14483,pittsburgh-pa,RAeHDDfwt0T5nLrEPhN-ew,round1,3.4137,-3.5514,-68.983,60.1138,88.7799,58.761,83.4082,0.9761,58.761,83.4082,0.9761,-10.8217,-42.9738,-10.8217,-42.9738
ge3,pittsburgh-pa:14483,pittsburgh-pa,RAeHDDfwt0T5nLrEPhN-ew,round2,3.4137,-3.5514,-68.983,60.1138,88.7799,59.4913,82.9666,0.9933,59.4913,82.9666,0.9933,-4.9794,-46.5069,-4.9794,-46.5069
ge3,pittsburgh-pa:12801,pittsburgh-pa,REDISiGZyp0M-CWi2dQ_iw,round1,3.4996,-16.1592,-68.1924,55.6022,99.495,51.1876,91.9184,0.9144,51.1876,91.9184,0.9144,-35.3173,-60.6122,-35.3173,-60.6122
ge3,pittsburgh-pa:12801,pittsburgh-pa,REDISiGZyp0M-CWi2dQ_iw,round2,3.4996,-16.1592,-68.1924,55.6022,99.495,51.1716,91.1646,0.9822,51.1716,91.1646,0.9822,-35.4449,-66.6431,-35.4449,-66.6431
ge3,pittsburgh-pa:12019,pittsburgh-pa,SUzSOIAGnjyCowqkpU9amA,round1,3.9414,-10.2865,-83.4121,18.801,80.9466,19.4139,75.3568,0.9564,19.4139,75.3568,0.9564,4.9035,-44.7186,4.9035,-44.7186
ge3,pittsburgh-pa:12019,pittsburgh-pa,SUzSOIAGnjyCowqkpU9amA,round2,3.9414,-10.2865,-83.4121,18.801,80.9466,19.8788,75.0372,0.9185,19.8788,75.0372,0.9185,8.6225,-47.2751,8.6225,-47.2751
ge3,pittsburgh-pa:22767,pittsburgh-pa,Sr74HJqL3LLER9MlCtN2ZQ,round1,-4.4867,-12.0772,94.8822,77.9519,72.7807,75.5,82.5,1.0,75.5,82.5,1.0,-19.6149,77.7544,-19.6149,77.7544
ge3,pittsburgh-pa:22767,pittsburgh-pa,Sr74HJqL3LLER9MlCtN2ZQ,round2,-4.4867,-12.0772,94.8822,77.9519,72.7807,75.5,82.5,1.0,75.5,82.5,1.0,-19.6149,77.7544,-19.6149,77.7544
ge3,pittsburgh-pa:15429,pittsburgh-pa,UO7dJBEOyESMrWx_2QDMgg,round1,5.3799,-10.213,-102.9901,21.4433,103.582,19.8726,92.5,0.8866,19.8667,91.2642,0.9168,-12.5654,-88.6562,-12.6131,-98.5427
ge3,pittsburgh-pa:15429,pittsburgh-pa,UO7dJBEOyESMrWx_2QDMgg,round2,5.3799,-10.213,-102.9901,21.4433,103.582,20.0186,93.0,0.856,19.9339,84.2638,0.9483,-11.3976,-84.6562,-12.0753,-154.5461
ge3,pittsburgh-pa:3024,pittsburgh-pa,Ulh4qg46fOCf7k8Bmu9KgA,round1,-3.9631,16.2054,75.3349,12.3941,95.0483,12.1729,91.8709,0.9451,12.1729,91.8709,0.9451,-1.7695,-25.4192,-1.7695,-25.4192
ge3,pittsburgh-pa:3024,pittsburgh-pa,Ulh4qg46fOCf7k8Bmu9KgA,round2,-3.9631,16.2054,75.3349,12.3941,95.0483,12.1676,99.5,1.0,12.1676,99.5,1.0,-1.8114,35.6135,-1.8114,35.6135
ge3,pittsburgh-pa:6454,pittsburgh-pa,VCQ2aQ28rHRmePQnzGdPNQ,round1,7.3485,31.4019,-148.0968,76.2671,98.1337,74.7387,86.5,0.2228,74.6287,75.5,0.4636,-12.2272,-93.0695,-13.1071,-181.0695
ge3,pittsburgh-pa:6454,pittsburgh-pa,VCQ2aQ28rHRmePQnzGdPNQ,round2,7.3485,31.4019,-148.0968,76.2671,98.1337,74.5111,99.0129,0.5999,74.5111,99.0129,0.5999,-14.0478,7.0338,-14.0478,7.0338
ge3,pittsburgh-pa:2230,pittsburgh-pa,Y4tE-o1F920Fkp1GALsSmg,round1,-4.5305,-0.7665,84.4231,32.1595,97.7654,27.983,99.0462,0.9355,27.983,99.0462,0.9355,-33.4119,10.2463,-33.4119,10.2463
ge3,pittsburgh-pa:2230,pittsburgh-pa,Y4tE-o1F920Fkp1GALsSmg,round2,-4.5305,-0.7665,84.4231,32.1595,97.7654,28.1505,100.2782,0.9418,28.1505,100.2782,0.9418,-32.0721,20.1024,-32.0721,20.1024
ge3,pittsburgh-pa:6293,pittsburgh-pa,YHFw54MhI6Xh9QV3QQC8SA,round1,-3.4909,-9.4301,67.4872,74.7566,93.6532,75.0319,99.7887,0.9213,75.0319,99.7887,0.9213,2.2022,49.0841,2.2022,49.0841
ge3,pittsburgh-pa:6293,pittsburgh-pa,YHFw54MhI6Xh9QV3QQC8SA,round2,-3.4909,-9.4301,67.4872,74.7566,93.6532,75.3598,100.2881,1.0,75.3598,100.2881,1.0,4.8255,53.079,4.8255,53.079
ge3,pittsburgh-pa:12196,pittsburgh-pa,ZgE-yqvneG4Toy7JS8PWbA,round1,5.1354,-20.1274,-104.3484,27.1484,89.3018,36.4828,82.9843,0.6799,36.4828,82.9843,0.6799,74.6747,-50.5394,74.6747,-50.5394
ge3,pittsburgh-pa:12196,pittsburgh-pa,ZgE-yqvneG4Toy7JS8PWbA,round2,5.1354,-20.1274,-104.3484,27.1484,89.3018,37.0,83.5,0.829,43.1129,83.5379,0.9094,78.8127,-46.4141,127.7159,-46.1107
ge3,pittsburgh-pa:8055,pittsburgh-pa,a7jFzjkcwhoTog4Hg89c8g,round1,-4.9273,-20.2079,93.7751,41.1272,87.9195,42.5139,91.8996,0.9175,42.5139,91.8996,0.9175,11.0935,31.8411,11.0935,31.8411
ge3,pittsburgh-pa:8055,pittsburgh-pa,a7jFzjkcwhoTog4Hg89c8g,round2,-4.9273,-20.2079,93.7751,41.1272,87.9195,42.9023,99.2117,0.9726,42.9023,99.2117,0.9726,14.2006,90.3378,14.2006,90.3378
ge3,pittsburgh-pa:8198,pittsburgh-pa,bxkgH6OK9XDyUjx-OSVhQw,round1,3.5812,14.4716,-63.8934,54.251,127.2987,52.4113,123.9611,0.696,52.4113,123.9611,0.696,-14.7175,-26.7006,-14.7175,-26.7006
ge3,pittsburgh-pa:8198,pittsburgh-pa,bxkgH6OK9XDyUjx-OSVhQw,round2,3.5812,14.4716,-63.8934,54.251,127.2987,59.0306,123.4903,0.8491,59.0306,123.4903,0.8491,38.2371,-30.4669,38.2371,-30.4669
ge3,pittsburgh-pa:10714,pittsburgh-pa,cR-ifz8UBEUGUDzjEKw5ww,round1,3.1916,-13.575,-59.8039,10.9072,110.0847,12.2069,107.5339,0.8917,12.2069,107.5339,0.8917,10.3975,-20.4068,10.3975,-20.4068
ge3,pittsburgh-pa:10714,pittsburgh-pa,cR-ifz8UBEUGUDzjEKw5ww,round2,3.1916,-13.575,-59.8039,10.9072,110.0847,11.9169,100.2908,0.9703,11.9169,100.2908,0.9703,8.0779,-78.351,8.0779,-78.351
ge3,pittsburgh-pa:7899,pittsburgh-pa,dyyMyGoKzXMgU63f6uUXGQ,round1,4.1743,10.8174,-83.9256,24.9736,92.6088,27.9226,90.6294,0.8936,27.9226,90.6294,0.8936,23.5925,-15.8353,23.5925,-15.8353
ge3,pittsburgh-pa:7899,pittsburgh-pa,dyyMyGoKzXMgU63f6uUXGQ,round2,4.1743,10.8174,-83.9256,24.9736,92.6088,27.6684,83.0632,0.9981,27.6684,83.0632,0.9981,21.5589,-76.3652,21.5589,-76.3652
ge3,pittsburgh-pa:11810,pittsburgh-pa,j4u5A5AF0ygW4oixEI7Y-g,round1,3.2172,-15.827,-63.3394,46.1331,93.943,44.3494,83.6459,0.9521,44.3494,83.6459,0.9521,-14.2698,-82.3769,-14.2698,-82.3769
ge3,pittsburgh-pa:11810,pittsburgh-pa,j4u5A5AF0ygW4oixEI7Y-g,round2,3.2172,-15.827,-63.3394,46.1331,93.943,44.4743,84.1581,0.9292,44.4743,84.1581,0.9292,-13.2701,-78.2794,-13.2701,-78.2794
ge3,pittsburgh-pa:11848,pittsburgh-pa,lwaDaoMyPG5WH13VsDyOQQ,round1,-3.9864,-49.6945,72.6517,27.2237,110.3739,28.1079,121.0,0.9008,28.1593,123.5386,0.9428,7.0736,85.0092,7.4851,105.3177
ge3,pittsburgh-pa:11848,pittsburgh-pa,lwaDaoMyPG5WH13VsDyOQQ,round2,-3.9864,-49.6945,72.6517,27.2237,110.3739,28.0003,121.0,0.9318,28.0555,122.9388,0.9503,6.213,85.0092,6.6545,100.5197
ge3,pittsburgh-pa:8545,pittsburgh-pa,oCH8pJwpCcM4JNWnU3bpyg,round1,-3.4492,24.3064,64.6358,27.1945,91.1996,27.7464,98.8557,0.9076,27.7464,98.8557,0.9076,4.4156,61.2495,4.4156,61.2495
ge3,pittsburgh-pa:8545,pittsburgh-pa,oCH8pJwpCcM4JNWnU3bpyg,round2,-3.4492,24.3064,64.6358,27.1945,91.1996,27.9605,99.169,1.0,27.9605,99.169,1.0,6.1284,63.7557,6.1284,63.7557
ge3,pittsburgh-pa:16221,pittsburgh-pa,p1uD9vvTWu-THGaiX8jnPg,round1,-3.325,-1.8883,65.1056,13.967,91.1562,18.6481,91.2828,0.9202,18.6481,91.2828,0.9202,37.4489,1.0131,37.4489,1.0131
ge3,pittsburgh-pa:16221,pittsburgh-pa,p1uD9vvTWu-THGaiX8jnPg,round2,-3.325,-1.8883,65.1056,13.967,91.1562,19.0393,98.8691,0.96,19.0393,98.8691,0.96,40.5779,61.7036,40.5779,61.7036
ge3,pittsburgh-pa:16432,pittsburgh-pa,qMllhgN6jdHbbSmqPky1IQ,round1,3.9258,43.0951,-73.4974,35.8345,139.5796,42.6458,139.0514,0.7964,42.6458,139.0514,0.7964,54.49,-4.2253,54.49,-4.2253
ge3,pittsburgh-pa:16432,pittsburgh-pa,qMllhgN6jdHbbSmqPky1IQ,round2,3.9258,43.0951,-73.4974,35.8345,139.5796,36.0297,138.9936,0.826,36.0297,138.9936,0.826,1.5613,-4.6873,1.5613,-4.6873
ge3,pittsburgh-pa:16453,pittsburgh-pa,rHhnFlTiO98GOSKyAD7tkw,round1,3.0946,-1.0826,-61.1666,68.3808,95.9059,67.5798,92.2094,0.9224,67.5798,92.2094,0.9224,-6.408,-29.5717,-6.408,-29.5717
ge3,pittsburgh-pa:16453,pittsburgh-pa,rHhnFlTiO98GOSKyAD7tkw,round2,3.0946,-1.0826,-61.1666,68.3808,95.9059,67.5,90.5,1.0,67.5,90.5,1.0,-7.0466,-43.2472,-7.0466,-43.2472
ge3,pittsburgh-pa:16154,pittsburgh-pa,vIjiwIPrZxRqMj_Dk6fFYQ,round1,-3.0293,-1.6387,63.7503,77.8901,76.4788,75.5668,82.7834,0.9646,75.5668,82.7834,0.9646,-18.5862,50.4367,-18.5862,50.4367
ge3,pittsburgh-pa:16154,pittsburgh-pa,vIjiwIPrZxRqMj_Dk6fFYQ,round2,-3.0293,-1.6387,63.7503,77.8901,76.4788,75.7436,81.5,1.0,75.7436,81.5,1.0,-17.1722,40.1692,-17.1722,40.1692
ge3,pittsburgh-pa:15755,pittsburgh-pa,xJDjO2XdfhoOuEg4Q4APHw,round1,-3.2853,15.6673,60.1835,12.0355,107.6255,20.5,115.5,0.7634,27.0189,116.1375,0.8295,67.7161,62.9962,119.867,68.0964
ge3,pittsburgh-pa:15755,pittsburgh-pa,xJDjO2XdfhoOuEg4Q4APHw,round2,-3.2853,15.6673,60.1835,12.0355,107.6255,19.5,116.5,0.7335,27.2776,122.8365,0.8592,59.7161,70.9962,121.9368,121.6885
ge3,seattle-wa:120539,seattle-wa,-93L30S30mKNosy0SdrEuA,round1,-6.5458,29.3303,122.0965,51.957,91.0525,52.3164,91.9835,0.9548,52.3164,91.9835,0.9548,2.8754,7.4478,2.8754,7.4478
ge3,seattle-wa:120539,seattle-wa,-93L30S30mKNosy0SdrEuA,round2,-6.5458,29.3303,122.0965,51.957,91.0525,52.0258,99.2101,0.9945,52.0258,99.2101,0.9945,0.5504,65.2609,0.5504,65.2609
ge3,seattle-wa:163194,seattle-wa,0QxT5DXXpRJdk-iHAPIClA,round1,-5.399,-15.4704,102.1272,49.616,89.841,51.1857,91.4017,0.959,51.1857,91.4017,0.959,12.5582,12.4858,12.5582,12.4858
ge3,seattle-wa:163194,seattle-wa,0QxT5DXXpRJdk-iHAPIClA,round2,-5.399,-15.4704,102.1272,49.616,89.841,51.5,91.5,1.0,51.5,91.5,1.0,15.0723,13.2719,15.0723,13.2719
ge3,seattle-wa:141993,seattle-wa,0lOC1jLGuVjZxZb5aHoTKw,round1,-7.2271,11.1252,144.5425,48.1703,74.7467,52.2958,85.0,0.7641,52.382,90.8403,0.8032,33.0041,82.0267,33.694,128.7491
ge3,seattle-wa:141993,seattle-wa,0lOC1jLGuVjZxZb5aHoTKw,round2,-7.2271,11.1252,144.5425,48.1703,74.7467,52.5,85.5,0.7519,58.7276,91.6373,0.9904,34.6378,86.0267,84.4583,135.1253
ge3,seattle-wa:165608,seattle-wa,0pHeijWumMEUUL3sVQsDww,round1,-3.945,4.2109,79.2608,50.972,78.1958,51.9925,83.4339,0.9558,51.9925,83.4339,0.9558,8.1636,41.9053,8.1636,41.9053
ge3,seattle-wa:165608,seattle-wa,0pHeijWumMEUUL3sVQsDww,round2,-3.945,4.2109,79.2608,50.972,78.1958,51.5302,89.5,0.9755,51.5254,90.5232,0.9765,4.4657,90.434,4.4268,98.6193
ge3,seattle-wa:102821,seattle-wa,1uV_ToJ-I4oxf_sU5mlIjw,round1,-3.6509,-5.3706,76.0103,73.6257,76.0961,74.8025,75.4814,0.957,74.8025,75.4814,0.957,9.4141,-4.9181,9.4141,-4.9181
ge3,seattle-wa:102821,seattle-wa,1uV_ToJ-I4oxf_sU5mlIjw,round2,-3.6509,-5.3706,76.0103,73.6257,76.0961,74.5,82.5,1.0,74.5,82.5,1.0,6.9941,51.2309,6.9941,51.2309
ge3,seattle-wa:195803,seattle-wa,2DBXLpd5IaK9QaLB5zW5fA,round1,-4.8128,7.7885,95.4722,55.3251,80.5038,52.3297,84.195,0.1235,33.0,82.6675,0.1796,-23.9635,29.5292,-178.6008,17.309
ge3,seattle-wa:195803,seattle-wa,2DBXLpd5IaK9QaLB5zW5fA,round2,-4.8128,7.7885,95.4722,55.3251,80.5038,59.1528,90.5,1.0,59.1528,90.5,1.0,30.622,79.9694,30.622,79.9694
ge3,seattle-wa:61018,seattle-wa,2UMsWCq9ZX7HDxyG4WQx2w,round1,4.3899,-10.0263,-82.6777,50.1838,105.4992,51.2917,99.3535,0.8725,51.2917,99.3535,0.8725,8.8628,-49.1653,8.8628,-49.1653
ge3,seattle-wa:61018,seattle-wa,2UMsWCq9ZX7HDxyG4WQx2w,round2,4.3899,-10.0263,-82.6777,50.1838,105.4992,51.4037,98.826,0.9464,51.4037,98.826,0.9464,9.7593,-53.3855,9.7593,-53.3855
ge3,seattle-wa:200457,seattle-wa,2hPpLvSJHokPtcCI5cF7YQ,round1,4.3758,8.9398,-95.0806,65.9784,76.8654,67.4007,74.7454,0.9326,67.4007,74.7454,0.9326,11.3781,-16.9599,11.3781,-16.9599
ge3,seattle-wa:200457,seattle-wa,2hPpLvSJHokPtcCI5cF7YQ,round2,4.3758,8.9398,-95.0806,65.9784,76.8654,67.6729,67.159,0.9805,67.6729,67.159,0.9805,13.5559,-77.6517,13.5559,-77.6517
ge3,seattle-wa:194340,seattle-wa,2sKUSZq1AJECvk8Pw2_onQ,round1,-3.7344,2.1924,72.2481,57.2326,88.5359,58.922,91.239,0.9349,58.922,91.239,0.9349,13.5155,21.6247,13.5155,21.6247
ge3,seattle-wa:194340,seattle-wa,2sKUSZq1AJECvk8Pw2_onQ,round2,-3.7344,2.1924,72.2481,57.2326,88.5359,59.0264,98.7346,0.9721,59.0264,98.7346,0.9721,14.3504,81.5896,14.3504,81.5896
ge3,seattle-wa:201026,seattle-wa,3QQt7JgQ5iEFeTLiv3Sn_g,round1,-3.7146,36.1602,68.7035,45.5026,92.2386,51.2113,99.143,0.9325,51.2113,99.143,0.9325,45.6694,55.2355,45.6694,55.2355
ge3,seattle-wa:201026,seattle-wa,3QQt7JgQ5iEFeTLiv3Sn_g,round2,-3.7146,36.1602,68.7035,45.5026,92.2386,51.4799,99.6217,0.9156,51.4799,99.6217,0.9156,47.8185,59.0649,47.8185,59.0649
ge3,seattle-wa:4342,seattle-wa,3jo9effBj2LY8YhhN-cM1g,round1,3.0616,5.5014,-57.8302,49.7856,101.3603,44.3694,98.5642,0.8938,44.3694,98.5642,0.8938,-43.3295,-22.3687,-43.3295,-22.3687
ge3,seattle-wa:4342,seattle-wa,3jo9effBj2LY8YhhN-cM1g,round2,3.0616,5.5014,-57.8302,49.7856,101.3603,50.7228,92.2708,0.9549,50.7228,92.2708,0.9549,7.498,-72.7156,7.498,-72.7156
ge3,seattle-wa:46740,seattle-wa,4DDcJjAJJCL9BvGe_xTwRQ,round1,3.1399,-6.4471,-63.5845,15.2748,89.4473,18.7137,91.2989,0.9228,18.7137,91.2989,0.9228,27.5107,14.813,27.5107,14.813
ge3,seattle-wa:46740,seattle-wa,4DDcJjAJJCL9BvGe_xTwRQ,round2,3.1399,-6.4471,-63.5845,15.2748,89.4473,12.3448,83.8853,0.9887,12.3448,83.8853,0.9887,-23.4398,-44.4959,-23.4398,-44.4959
ge3,seattle-wa:71496,seattle-wa,4bi9Srx_zTTg8hzOaV0llQ,round1,4.4714,13.3381,-93.465,52.0967,81.9677,58.6446,76.1652,0.9143,58.6446,76.1652,0.9143,52.383,-46.4207,52.383,-46.4207
ge3,seattle-wa:71496,seattle-wa,4bi9Srx_zTTg8hzOaV0llQ,round2,4.4714,13.3381,-93.465,52.0967,81.9677,58.7486,74.8495,0.9587,58.7486,74.8495,0.9587,53.2151,-56.946,53.2151,-56.946
ge3,seattle-wa:106440,seattle-wa,5-KnzHK-7iEMNAxKAkH0GQ,round1,-3.4515,6.793,67.816,46.313,83.1866,50.605,84.413,0.9473,50.605,84.413,0.9473,34.336,9.8116,34.336,9.8116
ge3,seattle-wa:106440,seattle-wa,5-KnzHK-7iEMNAxKAkH0GQ,round2,-3.4515,6.793,67.816,46.313,83.1866,50.671,91.5364,0.997,50.671,91.5364,0.997,34.8646,66.7984,34.8646,66.7984
ge3,seattle-wa:80,seattle-wa,53PJ9NuERcvfRvPwoRIkUQ,round1,3.2304,-2.5559,-65.3395,46.0906,85.8692,43.8507,75.8795,0.9186,43.8507,75.8795,0.9186,-17.9194,-79.9175,-17.9194,-79.9175
ge3,seattle-wa:80,seattle-wa,53PJ9NuERcvfRvPwoRIkUQ,round2,3.2304,-2.5559,-65.3395,46.0906,85.8692,43.9809,75.934,0.9811,43.9809,75.934,0.9811,-16.8783,-79.4815,-16.8783,-79.4815
ge3,seattle-wa:161160,seattle-wa,67zadUx17Z3VJij7R75FLQ,round1,-3.4976,-4.1642,72.3684,18.0237,75.8548,18.6387,75.0222,0.87,18.6387,75.0222,0.87,4.9205,-6.6606,4.9205,-6.6606
ge3,seattle-wa:161160,seattle-wa,67zadUx17Z3VJij7R75FLQ,round2,-3.4976,-4.1642,72.3684,18.0237,75.8548,19.491,83.8119,0.994,19.491,83.8119,0.994,11.7387,63.6566,11.7387,63.6566
ge3,seattle-wa:279832,seattle-wa,6_6fsRW-wqB-GigMv0JA6A,round1,-4.2206,5.6403,78.0794,36.9863,99.1477,36.4351,107.0687,0.918,36.4351,107.0687,0.918,-4.4091,63.3674,-4.4091,63.3674
ge3,seattle-wa:279832,seattle-wa,6_6fsRW-wqB-GigMv0JA6A,round2,-4.2206,5.6403,78.0794,36.9863,99.1477,36.2718,107.8906,0.9491,36.2718,107.8906,0.9491,-5.7159,69.9433,-5.7159,69.9433
ge3,seattle-wa:67522,seattle-wa,7qUydH_0wdixfOHTdDZbgQ,round1,-3.8412,2.6408,75.9169,60.7157,83.9162,51.9213,91.0712,0.9742,51.9213,91.0712,0.9742,-70.355,57.2395,-70.355,57.2395
ge3,seattle-wa:67522,seattle-wa,7qUydH_0wdixfOHTdDZbgQ,round2,-3.8412,2.6408,75.9169,60.7157,83.9162,52.5,92.3695,0.9406,52.0535,92.3472,0.9477,-65.7257,67.6257,-69.2977,67.448
ge3,seattle-wa:240777,seattle-wa,7uGejz2kiLPPVk1TcO0Vag,round1,5.858,-7.1158,-109.532,29.4891,108.9608,27.3724,99.7321,0.8947,27.3724,99.7321,0.8947,-16.9335,-73.8294,-16.9335,-73.8294
ge3,seattle-wa:240777,seattle-wa,7uGejz2kiLPPVk1TcO0Vag,round2,5.858,-7.1158,-109.532,29.4891,108.9608,27.8055,99.3603,0.9699,27.8055,99.3603,0.9699,-13.4688,-76.8039,-13.4688,-76.8039
ge3,seattle-wa:5545,seattle-wa,8RFHjb3s5XdUtrxzPbwS9Q,round1,-3.6418,9.1657,76.1968,12.7109,74.3553,12.0143,83.6046,0.9798,12.0143,83.6046,0.9798,-5.5726,73.9947,-5.5726,73.9947
ge3,seattle-wa:5545,seattle-wa,8RFHjb3s5XdUtrxzPbwS9Q,round2,-3.6418,9.1657,76.1968,12.7109,74.3553,12.403,82.5,1.0,12.403,82.5,1.0,-2.4631,65.1577,-2.4631,65.1577
ge3,seattle-wa:35195,seattle-wa,93_w-XOHfDTknLz48aXNlw,round1,3.9478,-13.3871,-78.2787,26.5616,92.0749,27.3696,82.6746,0.9204,27.3696,82.6746,0.9204,6.4635,-75.2025,6.4635,-75.2025
ge3,seattle-wa:35195,seattle-wa,93_w-XOHfDTknLz48aXNlw,round2,3.9478,-13.3871,-78.2787,26.5616,92.0749,27.5094,82.8507,0.9998,27.5094,82.8507,0.9998,7.582,-73.7935,7.582,-73.7935
ge3,seattle-wa:129603,seattle-wa,98Xp7hRxPgLsyZj1wheHqg,round1,-3.1877,-5.0983,70.6067,57.2384,61.7307,67.5,67.5,0.7281,74.5335,67.5658,0.7527,82.0926,46.1546,138.3605,46.681
ge3,seattle-wa:129603,seattle-wa,98Xp7hRxPgLsyZj1wheHqg,round2,-3.1877,-5.0983,70.6067,57.2384,61.7307,67.5,67.5,0.4007,75.5,75.5,0.56,82.0926,46.1546,146.0926,110.1546
ge3,seattle-wa:1405,seattle-wa,9AzQqt9lgxYwi6AT79IY0w,round1,3.0868,-4.2065,-61.6098,52.2899,89.238,59.4056,83.7975,0.9801,59.4056,83.7975,0.9801,56.9253,-43.5235,56.9253,-43.5235
ge3,seattle-wa:1405,seattle-wa,9AzQqt9lgxYwi6AT79IY0w,round2,3.0868,-4.2065,-61.6098,52.2899,89.238,59.1164,83.5412,0.955,59.1164,83.5412,0.955,54.6116,-45.5741,54.6116,-45.5741
ge3,seattle-wa:154546,seattle-wa,9LnA3TctWuElqrLRDnQo5A,round1,3.4764,-3.1571,-65.8251,61.087,105.6434,67.2749,106.8957,0.9165,67.2749,106.8957,0.9165,49.5032,10.0181,49.5032,10.0181
ge3,seattle-wa:154546,seattle-wa,9LnA3TctWuElqrLRDnQo5A,round2,3.4764,-3.1571,-65.8251,61.087,105.6434,67.5,98.5,1.0,67.5,98.5,1.0,51.3039,-57.1471,51.3039,-57.1471
ge3,seattle-wa:209777,seattle-wa,AgNlLepo2u0wfjmpytEMNg,round1,-3.2837,-15.8825,64.2596,53.822,83.0472,51.8274,91.2379,0.9668,51.8274,91.2379,0.9668,-15.9566,65.5258,-15.9566,65.5258
ge3,seattle-wa:209777,seattle-wa,AgNlLepo2u0wfjmpytEMNg,round2,-3.2837,-15.8825,64.2596,53.822,83.0472,51.5,89.5,1.0,51.5,89.5,1.0,-18.576,51.6227,-18.576,51.6227
ge3,seattle-wa:6093,seattle-wa,B8PFDxPTiRP7jFxpiS1loA,round1,-3.5531,-3.3282,70.6395,8.2107,89.9985,11.7251,92.139,0.9627,11.7251,92.139,0.9627,28.1148,17.1246,28.1148,17.1246
ge3,seattle-wa:6093,seattle-wa,B8PFDxPTiRP7jFxpiS1loA,round2,-3.5531,-3.3282,70.6395,8.2107,89.9985,11.7044,99.2918,0.9985,11.7044,99.2918,0.9985,27.9494,74.3467,27.9494,74.3467
ge3,seattle-wa:190774,seattle-wa,BPYBShE9oNqhaaxVx-_aHw,round1,6.0599,-3.1557,-114.4051,64.451,111.8109,60.3177,107.2446,0.8637,60.3177,107.2446,0.8637,-33.0662,-36.53,-33.0662,-36.53
ge3,seattle-wa:190774,seattle-wa,BPYBShE9oNqhaaxVx-_aHw,round2,6.0599,-3.1557,-114.4051,64.451,111.8109,61.5,100.5,0.8714,60.1225,98.8048,0.9382,-23.608,-90.4871,-34.6279,-104.0491
ge3,seattle-wa:190172,seattle-wa,BqvUfXM3zJrL3KhX6FL6kQ,round1,3.255,-11.1058,-66.55,35.0234,84.5277,27.7674,83.0375,0.9001,27.7674,83.0375,0.9001,-58.0479,-11.9216,-58.0479,-11.9216
ge3,seattle-wa:190172,seattle-wa,BqvUfXM3zJrL3KhX6FL6kQ,round2,3.255,-11.1058,-66.55,35.0234,84.5277,27.5,75.7381,0.8871,27.1098,75.7485,0.8943,-60.1872,-70.3172,-63.3087,-70.2333
ge3,seattle-wa:214759,seattle-wa,D4pZ5KMosLPkL0VHnnxJ3w,round1,-3.7363,-27.6822,69.7607,28.7762,98.018,27.6844,107.2594,0.8927,27.6844,107.2594,0.8927,-8.734,73.9314,-8.734,73.9314
ge3,seattle-wa:214759,seattle-wa,D4pZ5KMosLPkL0VHnnxJ3w,round2,-3.7363,-27.6822,69.7607,28.7762,98.018,27.7858,107.6372,0.9607,27.7858,107.6372,0.9607,-7.9226,76.9536,-7.9226,76.9536
ge3,seattle-wa:98081,seattle-wa,DIeZNSZF11DHYFn0sSxfcw,round1,7.0552,-12.2012,-135.6958,19.5585,105.2968,19.063,95.0,0.8621,19.0986,91.6995,0.9135,-3.9637,-82.3742,-3.6792,-108.7785
ge3,seattle-wa:98081,seattle-wa,DIeZNSZF11DHYFn0sSxfcw,round2,7.0552,-12.2012,-135.6958,19.5585,105.2968,19.2914,95.0,0.848,19.2966,90.8399,0.9937,-2.137,-82.3742,-2.0955,-115.6553
ge3,seattle-wa:226450,seattle-wa,F5kLh3O9d_l2ehGHwLBPVQ,round1,-8.021,3.8133,149.9775,33.9142,92.2133,35.4677,103.0,0.7168,35.4489,114.0,0.9673,12.4283,86.2934,12.2778,174.2934
ge3,seattle-wa:226450,seattle-wa,F5kLh3O9d_l2ehGHwLBPVQ,round2,-8.021,3.8133,149.9775,33.9142,92.2133,35.3552,103.0,0.6089,35.4236,114.5,0.9465,11.5278,86.2934,12.0748,178.2934
ge3,seattle-wa:201175,seattle-wa,FJ6qL7c6dFCBQCCqWcqjAA,round1,-3.5189,-36.8288,60.0476,60.5418,138.8722,58.5885,139.3809,0.8828,58.5885,139.3809,0.8828,-15.6265,4.0692,-15.6265,4.0692
ge3,seattle-wa:201175,seattle-wa,FJ6qL7c6dFCBQCCqWcqjAA,round2,-3.5189,-36.8288,60.0476,60.5418,138.8722,58.9249,140.0034,0.8913,58.9249,140.0034,0.8913,-12.9354,9.0496,-12.9354,9.0496
ge3,seattle-wa:135110,seattle-wa,GBwQkCM-YuN5wPf99FHJ3w,round1,-5.7196,-36.2492,109.6274,56.6601,82.0426,52.0714,90.7502,0.9078,52.0714,90.7502,0.9078,-36.7095,69.6612,-36.7095,69.6612
ge3,seattle-wa:135110,seattle-wa,GBwQkCM-YuN5wPf99FHJ3w,round2,-5.7196,-36.2492,109.6274,56.6601,82.0426,51.9612,91.5,1.0,51.9612,91.5,1.0,-37.5912,75.6592,-37.5912,75.6592
ge3,seattle-wa:38951,seattle-wa,H8mEU3bMB4fMOEaSS13hiw,round1,-3.2734,16.9866,60.1287,16.3244,103.174,19.5,114.0,0.9101,19.7024,115.5497,0.9362,25.405,86.6078,27.0238,99.0055
ge3,seattle-wa:38951,seattle-wa,H8mEU3bMB4fMOEaSS13hiw,round2,-3.2734,16.9866,60.1287,16.3244,103.174,19.5,114.0,0.915,19.561,115.5607,0.9432,25.405,86.6078,25.8934,99.0934
ge3,seattle-wa:118,seattle-wa,HTZEaw8gPnRj6ltd83FYaQ,round1,3.9352,-15.8095,-76.004,73.4336,117.8034,68.1514,107.5,0.6168,67.3984,98.589,0.6668,-42.2578,-82.427,-48.282,-153.7146
ge3,seattle-wa:118,seattle-wa,HTZEaw8gPnRj6ltd83FYaQ,round2,3.9352,-15.8095,-76.004,73.4336,117.8034,74.8884,106.938,0.7433,74.8884,106.938,0.7433,11.638,-86.9229,11.638,-86.9229
ge3,seattle-wa:195172,seattle-wa,HZALjcb33Vnh1tfvd7KnDQ,round1,-3.6954,28.6767,69.0711,65.1344,113.2299,74.5763,115.2201,0.8271,74.5763,115.2201,0.8271,75.5351,15.9219,75.5351,15.9219
ge3,seattle-wa:195172,seattle-wa,HZALjcb33Vnh1tfvd7KnDQ,round2,-3.6954,28.6767,69.0711,65.1344,113.2299,68.4195,115.8407,0.8966,68.4195,115.8407,0.8966,26.2814,20.8863,26.2814,20.8863
ge3,seattle-wa:170991,seattle-wa,HfSErYpUJUgW2FpPCp4wyQ,round1,-3.2499,-0.7483,58.4065,43.9872,114.9334,42.6705,123.1809,0.9228,42.6705,123.1809,0.9228,-10.5338,65.98,-10.5338,65.98
ge3,seattle-wa:170991,seattle-wa,HfSErYpUJUgW2FpPCp4wyQ,round2,-3.2499,-0.7483,58.4065,43.9872,114.9334,43.4053,124.388,0.915,43.4053,124.388,0.915,-4.6555,75.6367,-4.6555,75.6367
ge3,seattle-wa:96733,seattle-wa,HozGe30tYiMUWTFYsNyJyg,round1,4.0257,19.6221,-75.1119,33.818,112.6753,27.9987,107.7169,0.9241,27.9987,107.7169,0.9241,-46.5538,-39.6669,-46.5538,-39.6669
ge3,seattle-wa:96733,seattle-wa,HozGe30tYiMUWTFYsNyJyg,round2,4.0257,19.6221,-75.1119,33.818,112.6753,28.0063,107.6446,0.9218,28.0063,107.6446,0.9218,-46.4931,-40.2458,-46.4931,-40.2458
ge3,seattle-wa:13692,seattle-wa,IB5q1cCKTfzasgQBjObQTA,round1,4.4158,-22.122,-95.5583,11.4162,80.1165,11.5038,74.756,0.3172,11.5038,74.756,0.3172,0.7011,-42.884,0.7011,-42.884
ge3,seattle-wa:13692,seattle-wa,IB5q1cCKTfzasgQBjObQTA,round2,4.4158,-22.122,-95.5583,11.4162,80.1165,11.7512,69.0,0.7325,11.7502,68.1516,0.7381,2.6803,-88.9323,2.6719,-95.7191
ge3,seattle-wa:239022,seattle-wa,INNQ9CPQ79iXJE9uAQehlA,round1,-4.6339,-4.9774,86.4643,43.4946,95.7123,43.9441,100.2533,0.9005,43.9441,100.2533,0.9005,3.5957,36.3282,3.5957,36.3282
ge3,seattle-wa:239022,seattle-wa,INNQ9CPQ79iXJE9uAQehlA,round2,-4.6339,-4.9774,86.4643,43.4946,95.7123,43.6263,106.5,0.9655,43.6296,106.9248,0.9771,1.0539,86.3018,1.0798,89.7005
ge3,seattle-wa:170790,seattle-wa,JVHtKF8PaGSPXu2xvUtoYw,round1,-5.4146,0.3075,114.8725,18.3531,68.176,11.9559,76.0112,0.9619,11.9559,76.0112,0.9619,-51.1776,62.6811,-51.1776,62.6811
ge3,seattle-wa:170790,seattle-wa,JVHtKF8PaGSPXu2xvUtoYw,round2,-5.4146,0.3075,114.8725,18.3531,68.176,11.6383,77.0,0.8421,11.7104,83.2451,0.9758,-53.7182,70.5917,-53.1422,120.5522
ge3,seattle-wa:132577,seattle-wa,Jvz0YZ3novX-wH3-m4P6Wg,round1,3.0249,7.8403,-60.1818,54.3088,89.4384,59.2009,83.731,0.9243,59.2009,83.731,0.9243,39.1371,-45.6588,39.1371,-45.6588
ge3,seattle-wa:132577,seattle-wa,Jvz0YZ3novX-wH3-m4P6Wg,round2,3.0249,7.8403,-60.1818,54.3088,89.4384,59.5,83.5,1.0,59.5,83.5,1.0,41.5295,-47.5069,41.5295,-47.5069
ge3,seattle-wa:124624,seattle-wa,KF6DTT-PYNfRPj_zb_khfA,round1,4.5362,20.5239,-89.6353,69.9285,96.1546,74.0,86.0,0.8735,75.1438,83.3024,0.9412,32.5719,-81.2365,41.7225,-102.817
ge3,seattle-wa:124624,seattle-wa,KF6DTT-PYNfRPj_zb_khfA,round2,4.5362,20.5239,-89.6353,69.9285,96.1546,74.0,86.0,0.7941,75.11,76.2953,0.9483,32.5719,-81.2365,41.4522,-158.8737
ge3,seattle-wa:25760,seattle-wa,Kps5a0DmBtCPbOINdaOwpg,round1,-5.0658,14.2992,95.7502,54.6628,92.2804,51.0759,91.7079,0.9094,51.0759,91.7079,0.9094,-28.6955,-4.5802,-28.6955,-4.5802
ge3,seattle-wa:25760,seattle-wa,Kps5a0DmBtCPbOINdaOwpg,round2,-5.0658,14.2992,95.7502,54.6628,92.2804,58.0,103.0,0.9287,58.7836,106.7718,0.9593,26.6975,85.7567,32.9666,115.9309
ge3,seattle-wa:124866,seattle-wa,L1Oh--OCKZmWnMlrWbWvtQ,round1,3.6554,3.3453,-70.3468,58.3344,98.8096,59.5988,91.2352,0.9538,59.5988,91.2352,0.9538,10.1151,-60.5947,10.1151,-60.5947
ge3,seattle-wa:124866,seattle-wa,L1Oh--OCKZmWnMlrWbWvtQ,round2,3.6554,3.3453,-70.3468,58.3344,98.8096,59.8646,90.5323,0.9443,59.8646,90.5323,0.9443,12.2414,-66.218,12.2414,-66.218
ge3,seattle-wa:159486,seattle-wa,L6snBidMT-KfSHPmYo_82g,round1,3.6643,-14.1037,-70.8828,46.2279,97.6514,43.2249,98.5576,0.9076,43.2249,98.5576,0.9076,-24.0243,7.2498,-24.0243,7.2498
ge3,seattle-wa:159486,seattle-wa,L6snBidMT-KfSHPmYo_82g,round2,3.6643,-14.1037,-70.8828,46.2279,97.6514,42.9148,91.3967,0.9007,42.9148,91.3967,0.9007,-26.5054,-50.0371,-26.5054,-50.0371
ge3,seattle-wa:24611,seattle-wa,LDAC-PcKF-PmTMswQJp7Gw,round1,3.3286,2.3193,-60.0946,59.55,127.9293,66.7113,123.4853,0.8962,66.7113,123.4853,0.8962,57.2909,-35.5518,57.2909,-35.5518
ge3,seattle-wa:24611,seattle-wa,LDAC-PcKF-PmTMswQJp7Gw,round2,3.3286,2.3193,-60.0946,59.55,127.9293,66.7403,122.8916,0.9092,66.7403,122.8916,0.9092,57.5228,-40.3016,57.5228,-40.3016
ge3,seattle-wa:265272,seattle-wa,MBjC8PjiKVvDq354l9XXpA,round1,3.1237,15.3682,-58.5828,25.9093,115.5213,20.466,116.0648,0.824,20.466,116.0648,0.824,-43.547,4.348,-43.547,4.348
ge3,seattle-wa:265272,seattle-wa,MBjC8PjiKVvDq354l9XXpA,round2,3.1237,15.3682,-58.5828,25.9093,115.5213,19.8296,114.9504,0.9497,19.8296,114.9504,0.9497,-48.6378,-4.5676,-48.6378,-4.5676
ge3,seattle-wa:195231,seattle-wa,MQy68LgWmmy5VwWfNPQT9g,round1,-9.8065,3.6343,183.9533,40.5274,88.2446,43.5,99.5,0.8955,43.4981,100.0089,0.9041,23.7806,90.0429,23.7656,94.1141
ge3,seattle-wa:195231,seattle-wa,MQy68LgWmmy5VwWfNPQT9g,round2,-9.8065,3.6343,183.9533,40.5274,88.2446,43.4473,99.5,0.7611,43.6206,107.3969,0.9478,23.359,90.0429,24.7451,153.2179
ge3,seattle-wa:193987,seattle-wa,PC95_Pe7Ed2ULst-NTkBIg,round1,5.2468,19.2235,-100.2008,22.5079,111.7525,19.8039,100.5,0.8775,19.8215,99.544,0.8952,-21.6321,-90.02,-21.4913,-97.668
ge3,seattle-wa:193987,seattle-wa,PC95_Pe7Ed2ULst-NTkBIg,round2,5.2468,19.2235,-100.2008,22.5079,111.7525,19.5863,100.5,0.8813,19.6128,98.5592,0.9381,-23.3727,-90.02,-23.1607,-105.5461
ge3,seattle-wa:131211,seattle-wa,QWtanPxOp_M7ZYDkxm2zIw,round1,5.9703,4.3841,-113.7261,53.7364,103.2987,51.528,93.0,0.9005,51.5323,92.3327,0.9039,-17.6673,-82.3896,-17.6331,-87.7279
ge3,seattle-wa:131211,seattle-wa,QWtanPxOp_M7ZYDkxm2zIw,round2,5.9703,4.3841,-113.7261,53.7364,103.2987,52.072,92.5,0.9848,52.1155,91.7896,1.0,-13.3159,-86.3896,-12.9672,-92.073
ge3,seattle-wa:22508,seattle-wa,SamfjSTjMR-VJGSwFBgKjQ,round1,-3.368,-24.2361,65.4455,55.3324,82.3518,58.7304,91.2062,0.9604,58.7304,91.2062,0.9604,27.1841,70.8356,27.1841,70.8356
ge3,seattle-wa:22508,seattle-wa,SamfjSTjMR-VJGSwFBgKjQ,round2,-3.368,-24.2361,65.4455,55.3324,82.3518,59.1129,89.5,1.0,59.1129,89.5,1.0,30.244,57.1859,30.244,57.1859
ge3,seattle-wa:4601,seattle-wa,SqcjV-JU3shzLv3c70Oxng,round1,5.0808,28.5402,-102.3031,69.9037,93.1965,67.7797,83.1649,0.9342,67.7797,83.1649,0.9342,-16.9918,-80.2529,-16.9918,-80.2529
ge3,seattle-wa:4601,seattle-wa,SqcjV-JU3shzLv3c70Oxng,round2,5.0808,28.5402,-102.3031,69.9037,93.1965,74.5,83.3545,0.9156,74.5984,83.3676,0.9181,36.7705,-78.7362,37.5573,-78.6315
ge3,seattle-wa:18963,seattle-wa,SzQWJSj8XtzcW9TgtoB-Pg,round1,3.079,14.7636,-61.6134,27.5739,93.3746,33.0,83.8525,0.9668,34.7644,83.8494,0.9785,43.409,-76.1773,57.5245,-76.2022
ge3,seattle-wa:18963,seattle-wa,SzQWJSj8XtzcW9TgtoB-Pg,round2,3.079,14.7636,-61.6134,27.5739,93.3746,34.753,90.5398,0.9712,34.753,90.5398,0.9712,57.4326,-22.6785,57.4326,-22.6785
ge3,seattle-wa:112573,seattle-wa,TLBBoUjrUKWQskJ6sxvRwg,round1,5.4517,-11.4012,-107.8653,52.5792,95.1386,50.8933,91.0845,0.8926,50.8933,91.0845,0.8926,-13.4874,-32.4331,-13.4874,-32.4331
ge3,seattle-wa:112573,seattle-wa,TLBBoUjrUKWQskJ6sxvRwg,round2,5.4517,-11.4012,-107.8653,52.5792,95.1386,50.8742,83.516,0.9986,50.8742,83.516,0.9986,-13.6402,-92.9816,-13.6402,-92.9816
ge3,seattle-wa:99096,seattle-wa,UZ7rR_vEvGKzx_TdjA52-Q,round1,-3.9577,20.2044,76.2863,69.4643,138.1493,66.5,149.5,0.7962,66.5842,155.3005,0.8973,-23.7144,90.8058,-23.0409,137.2097
ge3,seattle-wa:99096,seattle-wa,UZ7rR_vEvGKzx_TdjA52-Q,round2,-3.9577,20.2044,76.2863,69.4643,138.1493,66.7613,149.0,0.8196,66.8513,155.354,0.9428,-21.6243,86.8058,-20.9041,137.6382
ge3,seattle-wa:28419,seattle-wa,Utvu8N-BeLGgLsZ8TmLsDA,round1,4.6973,6.3775,-90.5361,42.924,98.0511,36.1101,91.1975,0.8543,36.1101,91.1975,0.8543,-54.5118,-54.8294,-54.5118,-54.8294
ge3,seattle-wa:28419,seattle-wa,Utvu8N-BeLGgLsZ8TmLsDA,round2,4.6973,6.3775,-90.5361,42.924,98.0511,43.5,91.1195,1.0,43.5,91.1195,1.0,4.6078,-55.4533,4.6078,-55.4533
ge3,seattle-wa:288921,seattle-wa,V-8xB1DYLXcBf4b0urlgWg,round1,-4.7446,0.5553,86.9438,34.8262,103.2167,43.9534,107.493,0.854,43.9534,107.493,0.854,73.0177,34.2107,73.0177,34.2107
ge3,seattle-wa:288921,seattle-wa,V-8xB1DYLXcBf4b0urlgWg,round2,-4.7446,0.5553,86.9438,34.8262,103.2167,44.3745,109.0,0.8565,44.4419,115.0071,0.9328,76.3865,46.2665,76.9258,94.3231
ge3,seattle-wa:12319,seattle-wa,VJT-DipuX5IcHfjV_jPCZA,round1,4.1617,-6.0364,-75.9958,52.9963,146.3436,44.5,154.5,0.4614,35.5,161.0,0.7169,-67.9703,65.251,-139.9703,117.251
ge3,seattle-wa:12319,seattle-wa,VJT-DipuX5IcHfjV_jPCZA,round2,4.1617,-6.0364,-75.9958,52.9963,146.3436,43.5,153.0,0.5298,35.3567,155.9372,0.7493,-75.9703,53.251,-141.1167,76.7487
ge3,seattle-wa:123279,seattle-wa,WEkdLqKAL7AJruCPUrOiCQ,round1,5.7277,0.2411,-119.7335,54.7307,83.8366,58.7093,75.3677,0.8906,58.7093,75.3677,0.8906,31.8288,-67.7512,31.8288,-67.7512
ge3,seattle-wa:123279,seattle-wa,WEkdLqKAL7AJruCPUrOiCQ,round2,5.7277,0.2411,-119.7335,54.7307,83.8366,57.0,73.0,0.8164,59.1421,66.5,1.0,18.1544,-86.6927,35.2915,-138.6927
ge3,seattle-wa:103053,seattle-wa,XMNDc0CLg1YbgV4IV-1xLw,round1,-3.1713,27.6454,60.7499,18.659,85.0504,27.6918,91.0178,0.9444,27.6918,91.0178,0.9444,72.2625,47.7388,72.2625,47.7388
ge3,seattle-wa:103053,seattle-wa,XMNDc0CLg1YbgV4IV-1xLw,round2,-3.1713,27.6454,60.7499,18.659,85.0504,27.5,92.0711,0.9692,27.7385,92.0546,0.9753,70.7278,56.1655,72.6357,56.0331
ge3,seattle-wa:104063,seattle-wa,YsdeWZYwv9P7wSDUEXvN7Q,round1,3.3293,-10.0259,-61.4242,43.9539,109.9511,44.4164,107.5726,0.9378,44.4164,107.5726,0.9378,3.6998,-19.0277,3.6998,-19.0277
ge3,seattle-wa:104063,seattle-wa,YsdeWZYwv9P7wSDUEXvN7Q,round2,3.3293,-10.0259,-61.4242,43.9539,109.9511,50.943,107.1655,0.9549,50.943,107.1655,0.9549,55.9123,-22.2846,55.9123,-22.2846
ge3,seattle-wa:3407,seattle-wa,ZOnhx4CKT_8HuCDg7PldCg,round1,-3.3894,-0.7049,68.8565,32.7476,76.9622,24.0,83.7647,0.8588,18.8521,83.8356,0.9977,-69.9809,54.4201,-111.1644,54.9873
ge3,seattle-wa:3407,seattle-wa,ZOnhx4CKT_8HuCDg7PldCg,round2,-3.3894,-0.7049,68.8565,32.7476,76.9622,24.0,84.5,0.8104,19.0166,90.7407,0.9448,-69.9809,60.3023,-109.8478,110.2281
ge3,seattle-wa:131638,seattle-wa,ZtLX516pOvkqoZ9IS9xvrA,round1,4.1698,12.6187,-74.8278,64.0679,136.3736,67.3285,139.0787,0.8236,67.3285,139.0787,0.8236,26.0849,21.6402,26.0849,21.6402
ge3,seattle-wa:131638,seattle-wa,ZtLX516pOvkqoZ9IS9xvrA,round2,4.1698,12.6187,-74.8278,64.0679,136.3736,67.6279,131.1864,0.8513,67.6279,131.1864,0.8513,28.4802,-41.4976,28.4802,-41.4976
ge3,seattle-wa:108363,seattle-wa,_KF3CcDtFu7MRDNP9Kq1-A,round1,-3.1641,14.7481,57.9259,42.5695,102.5811,50.7373,107.9435,0.9021,50.7373,107.9435,0.9021,65.3427,42.8991,65.3427,42.8991
ge3,seattle-wa:108363,seattle-wa,_KF3CcDtFu7MRDNP9Kq1-A,round2,-3.1641,14.7481,57.9259,42.5695,102.5811,50.7542,110.5,0.9129,50.7681,114.5515,0.9183,65.4778,63.3512,65.5889,95.763
ge3,seattle-wa:71212,seattle-wa,aCKX-f79XlYRYTQEtI4nNw,round1,4.0662,13.3204,-92.5005,76.0703,71.3986,66.0,75.3928,0.1556,53.5,75.5,0.204,-80.5626,31.9533,-180.5626,32.811
ge3,seattle-wa:71212,seattle-wa,aCKX-f79XlYRYTQEtI4nNw,round2,4.0662,13.3204,-92.5005,76.0703,71.3986,75.6692,60.5,0.7076,75.7012,59.9654,0.7174,-3.2087,-87.189,-2.953,-91.4659
ge3,seattle-wa:151918,seattle-wa,au1qSZpnXZD_pWTO5nKWvQ,round1,3.5099,6.3635,-68.7813,70.7238,97.8572,75.4047,91.9983,0.9328,75.4047,91.9983,0.9328,37.4472,-46.8711,37.4472,-46.8711
ge3,seattle-wa:151918,seattle-wa,au1qSZpnXZD_pWTO5nKWvQ,round2,3.5099,6.3635,-68.7813,70.7238,97.8572,75.5,89.5,1.0,75.5,89.5,1.0,38.2095,-66.8576,38.2095,-66.8576
ge3,seattle-wa:401,seattle-wa,b8uMSrUFLW_ZOlvDrmXCdw,round1,-3.7057,7.3443,76.6266,15.5581,76.0382,19.0008,82.6831,0.9297,19.0008,82.6831,0.9297,27.5415,53.1599,27.5415,53.1599
ge3,seattle-wa:401,seattle-wa,b8uMSrUFLW_ZOlvDrmXCdw,round2,-3.7057,7.3443,76.6266,15.5581,76.0382,19.2568,82.5,1.0,19.2568,82.5,1.0,29.5893,51.6948,29.5893,51.6948
ge3,seattle-wa:43888,seattle-wa,bfa110lMdxKlg7KC7BLIUw,round1,3.9876,8.3689,-88.4744,76.6531,75.6658,75.052,68.2782,0.7463,56.0,68.3305,0.7596,-12.8086,-59.1008,-165.2249,-58.6823
ge3,seattle-wa:43888,seattle-wa,bfa110lMdxKlg7KC7BLIUw,round2,3.9876,8.3689,-88.4744,76.6531,75.6658,76.0893,67.2047,0.9962,76.0893,67.2047,0.9962,-4.5104,-67.6889,-4.5104,-67.6889
ge3,seattle-wa:18213,seattle-wa,blj62MGuieFvcKsFT2xTwA,round1,-3.5089,-8.5848,72.0459,77.4461,80.2077,74.5731,82.9959,0.1174,74.5731,82.9959,0.1174,-22.9843,22.3053,-22.9843,22.3053
ge3,seattle-wa:18213,seattle-wa,blj62MGuieFvcKsFT2xTwA,round2,-3.5089,-8.5848,72.0459,77.4461,80.2077,76.1583,91.5,0.5823,76.1661,91.5922,0.5837,-10.3028,90.3385,-10.2402,91.0759
ge3,seattle-wa:109488,seattle-wa,c4inBHVqOYcJG1VOOJODqw,round1,-6.39,40.9997,119.2085,26.8864,87.7541,20.2146,91.4136,0.8272,20.2146,91.4136,0.8272,-53.3742,29.2757,-53.3742,29.2757
ge3,seattle-wa:109488,seattle-wa,c4inBHVqOYcJG1VOOJODqw,round2,-6.39,40.9997,119.2085,26.8864,87.7541,27.2036,99.5,0.8827,27.8559,106.8073,0.9569,2.5381,93.9672,7.7563,152.4255
ge3,seattle-wa:182785,seattle-wa,cMAZmwBXVtx58v34ow3T6A,round1,7.0057,5.7219,-139.1396,38.4228,94.4223,42.0,83.5,0.8996,42.8973,82.6733,0.9236,28.6174,-87.3782,35.7956,-93.9922
ge3,seattle-wa:182785,seattle-wa,cMAZmwBXVtx58v34ow3T6A,round2,7.0057,5.7219,-139.1396,38.4228,94.4223,42.5,83.5,0.869,42.8798,76.1756,0.9692,32.6174,-87.3782,35.6561,-145.9733
ge3,seattle-wa:314588,seattle-wa,cPrmqFXKq9t9UtbLZbVRcw,round1,3.221,-10.1733,-60.1249,19.3352,108.3469,18.6456,99.3216,0.9303,18.6456,99.3216,0.9303,-5.5164,-72.2027,-5.5164,-72.2027
ge3,seattle-wa:314588,seattle-wa,cPrmqFXKq9t9UtbLZbVRcw,round2,3.221,-10.1733,-60.1249,19.3352,108.3469,18.6105,99.0939,0.9375,18.6105,99.0939,0.9375,-5.7974,-74.0243,-5.7974,-74.0243
ge3,seattle-wa:143880,seattle-wa,ck7in2AeD4xWAten05Ih8A,round1,6.5505,-28.3837,-139.9763,19.4851,83.5151,27.4777,83.0645,0.8449,27.4777,83.0645,0.8449,63.9413,-3.6048,63.9413,-3.6048
ge3,seattle-wa:143880,seattle-wa,ck7in2AeD4xWAten05Ih8A,round2,6.5505,-28.3837,-139.9763,19.4851,83.5151,28.2426,82.7864,0.8575,28.2426,82.7864,0.8575,70.0602,-5.8299,70.0602,-5.8299
ge3,seattle-wa:67400,seattle-wa,d4C8_zTmOYHEa6ynFKV4TA,round1,-3.0782,38.4859,53.2396,13.1802,105.5481,20.5,114.5,0.7875,26.6055,114.7645,0.8054,58.5583,71.6151,107.4024,73.7312
ge3,seattle-wa:67400,seattle-wa,d4C8_zTmOYHEa6ynFKV4TA,round2,-3.0782,38.4859,53.2396,13.1802,105.5481,24.5,108.4285,0.8042,26.8199,108.442,0.8242,90.5583,23.043,109.1177,23.1514
ge3,seattle-wa:47604,seattle-wa,dLYzOsRYIv0u0Hnmcf793Q,round1,3.2869,1.9009,-58.9888,35.959,135.3715,43.6364,132.0025,0.8603,43.6364,132.0025,0.8603,61.4185,-26.9516,61.4185,-26.9516
ge3,seattle-wa:47604,seattle-wa,dLYzOsRYIv0u0Hnmcf793Q,round2,3.2869,1.9009,-58.9888,35.959,135.3715,43.1676,131.3748,0.9119,43.1676,131.3748,0.9119,57.6684,-31.9733,57.6684,-31.9733
ge3,seattle-wa:22427,seattle-wa,dOtrDS4J2aaT-ow8utWmcQ,round1,-3.4285,1.3104,68.0785,32.9197,81.6938,34.919,83.9169,0.9371,34.919,83.9169,0.9371,15.9946,17.7845,15.9946,17.7845
ge3,seattle-wa:22427,seattle-wa,dOtrDS4J2aaT-ow8utWmcQ,round2,-3.4285,1.3104,68.0785,32.9197,81.6938,35.4769,90.741,1.0,35.4769,90.741,1.0,20.4574,72.3775,20.4574,72.3775
ge3,seattle-wa:104034,seattle-wa,fljbsopK8Vbxb3GA_kyowA,round1,6.3385,-29.4352,-123.9761,65.1384,110.6891,59.5,100.5,0.8201,59.4973,98.9403,0.8608,-45.1074,-81.5129,-45.1286,-93.9908
ge3,seattle-wa:104034,seattle-wa,fljbsopK8Vbxb3GA_kyowA,round2,6.3385,-29.4352,-123.9761,65.1384,110.6891,61.5,99.5,0.7767,60.0353,91.8222,0.93,-29.1074,-89.5129,-40.8247,-150.9355
ge3,seattle-wa:113994,seattle-wa,gQitzmlL9APfYw9liRbIJA,round1,-3.1629,-5.0894,60.4692,68.1256,95.2509,74.8583,91.7616,0.5375,74.8583,91.7616,0.5375,53.8616,-27.9145,53.8616,-27.9145
ge3,seattle-wa:113994,seattle-wa,gQitzmlL9APfYw9liRbIJA,round2,-3.1629,-5.0894,60.4692,68.1256,95.2509,76.0089,90.6,0.6673,76.0089,90.6,0.6673,63.0663,-37.2069,63.0663,-37.2069
ge3,seattle-wa:157303,seattle-wa,hY1fdti0VV-tZ5xTAixlJA,round1,-5.1021,-19.7744,97.6365,10.8986,102.3667,12.4937,99.3721,0.9148,12.4937,99.3721,0.9148,12.7605,-23.9569,12.7605,-23.9569
ge3,seattle-wa:157303,seattle-wa,hY1fdti0VV-tZ5xTAixlJA,round2,-5.1021,-19.7744,97.6365,10.8986,102.3667,11.7852,108.113,0.9932,11.7852,108.113,0.9932,7.0926,45.9698,7.0926,45.9698
ge3,seattle-wa:180789,seattle-wa,hu9RAjlfM5IefFMyJ2tqBA,round1,-3.69,7.2927,71.9536,33.1741,84.9488,34.8654,91.8758,0.9137,34.8654,91.8758,0.9137,13.5301,55.4155,13.5301,55.4155
ge3,seattle-wa:180789,seattle-wa,hu9RAjlfM5IefFMyJ2tqBA,round2,-3.69,7.2927,71.9536,33.1741,84.9488,35.3566,92.4298,0.971,35.3566,92.4298,0.971,17.4598,59.8477,17.4598,59.8477
ge3,seattle-wa:264879,seattle-wa,ihbr7WzVChPSRglbRTgngw,round1,-3.6329,-14.8361,80.4196,78.0734,64.8372,73.5,75.5,0.6262,66.5,83.8741,0.8963,-36.5873,85.3027,-92.5873,152.2955
ge3,seattle-wa:264879,seattle-wa,ihbr7WzVChPSRglbRTgngw,round2,-3.6329,-14.8361,80.4196,78.0734,64.8372,75.6725,75.5,0.7973,64.5,83.5,0.8906,-19.2076,85.3027,-108.5873,149.3027
ge3,seattle-wa:17185,seattle-wa,jjFJXC5Bi5bNio_dc4zsfA,round1,-3.0105,-5.2493,55.3532,23.9947,111.3993,20.1909,114.8841,0.9106,20.1909,114.8841,0.9106,-30.4303,27.8782,-30.4303,27.8782
ge3,seattle-wa:17185,seattle-wa,jjFJXC5Bi5bNio_dc4zsfA,round2,-3.0105,-5.2493,55.3532,23.9947,111.3993,20.4902,115.9156,0.9173,20.4902,115.9156,0.9173,-28.0362,36.1302,-28.0362,36.1302
ge3,seattle-wa:61441,seattle-wa,kDM-DkkOPyBoTzAwfuuLpw,round1,-3.3543,2.0227,68.5201,29.5184,76.2595,27.7009,82.7701,0.9733,27.7009,82.7701,0.9733,-14.5399,52.0847,-14.5399,52.0847
ge3,seattle-wa:61441,seattle-wa,kDM-DkkOPyBoTzAwfuuLpw,round2,-3.3543,2.0227,68.5201,29.5184,76.2595,27.6053,82.5,1.0,27.6053,82.5,1.0,-15.3041,49.924,-15.3041,49.924
ge3,seattle-wa:40298,seattle-wa,kF54Iz70IN6v69lASmgZQA,round1,-4.6749,24.2121,92.8188,75.5468,87.4575,75.1944,98.5,0.685,75.1938,99.126,0.6958,-2.819,88.3396,-2.8238,93.3477
ge3,seattle-wa:40298,seattle-wa,kF54Iz70IN6v69lASmgZQA,round2,-4.6749,24.2121,92.8188,75.5468,87.4575,75.5,98.5,1.0,75.5,98.5,1.0,-0.3741,88.3396,-0.3741,88.3396
ge3,seattle-wa:190624,seattle-wa,kI86WNSDMaE0dOijaXRH-g,round1,5.4516,3.2986,-100.7184,67.7848,121.4595,67.9194,115.5803,0.9255,67.9194,115.5803,0.9255,1.0767,-47.034,1.0767,-47.034
ge3,seattle-wa:190624,seattle-wa,kI86WNSDMaE0dOijaXRH-g,round2,5.4516,3.2986,-100.7184,67.7848,121.4595,68.3046,110.5,0.8833,68.3491,107.7216,0.9253,4.159,-87.6762,4.5149,-109.9033
ge3,seattle-wa:141417,seattle-wa,l52Ha6Q5wEmiSEAEoCiTTg,round1,-4.063,25.0965,77.1365,12.8123,91.9756,22.5,85.5,0.0481,28.5,76.0,0.0818,77.502,-51.805,125.502,-127.805
ge3,seattle-wa:141417,seattle-wa,l52Ha6Q5wEmiSEAEoCiTTg,round2,-4.063,25.0965,77.1365,12.8123,91.9756,11.4929,91.2192,0.0018,23.0,72.0,0.0086,-10.5547,-6.0515,81.502,-159.805
ge3,seattle-wa:135615,seattle-wa,lYhtU1lE6pf5JDU6ej8TlQ,round1,3.5503,-10.7625,-67.8491,72.3039,117.4787,74.7018,115.3023,0.9027,74.7018,115.3023,0.9027,19.1832,-17.4112,19.1832,-17.4112
ge3,seattle-wa:135615,seattle-wa,lYhtU1lE6pf5JDU6ej8TlQ,round2,3.5503,-10.7625,-67.8491,72.3039,117.4787,75.1007,115.032,0.9712,75.1007,115.032,0.9712,22.3745,-19.5739,22.3745,-19.5739
ge3,seattle-wa:30356,seattle-wa,l_q7uUE11-oVaPOKSvg5iQ,round1,3.4359,18.6599,-73.6484,68.5825,79.0139,67.7647,75.3694,0.9783,67.7647,75.3694,0.9783,-6.5424,-29.1555,-6.5424,-29.1555
ge3,seattle-wa:30356,seattle-wa,l_q7uUE11-oVaPOKSvg5iQ,round2,3.4359,18.6599,-73.6484,68.5825,79.0139,67.8909,74.5973,0.951,67.8909,74.5973,0.951,-5.5328,-35.3328,-5.5328,-35.3328
ge3,seattle-wa:96976,seattle-wa,lwRXHiw3nc8X4LcD1xs-gg,round1,4.6506,16.0143,-91.5249,41.412,94.7718,42.8025,90.5794,0.883,42.8025,90.5794,0.883,11.1241,-33.5387,11.1241,-33.5387
ge3,seattle-wa:96976,seattle-wa,lwRXHiw3nc8X4LcD1xs-gg,round2,4.6506,16.0143,-91.5249,41.412,94.7718,42.9798,83.5,0.9256,42.9903,82.7894,0.9405,12.5424,-90.1741,12.6266,-95.8589
ge3,seattle-wa:35521,seattle-wa,m93Hqe3EyGyalxjfovL_0g,round1,7.3875,-17.3637,-170.6997,10.8078,73.3992,11.7756,66.6026,0.8388,11.7756,66.6026,0.8388,7.7422,-54.3728,7.7422,-54.3728
ge3,seattle-wa:35521,seattle-wa,m93Hqe3EyGyalxjfovL_0g,round2,7.3875,-17.3637,-170.6997,10.8078,73.3992,11.5961,62.5,0.7998,11.6348,58.5909,0.9472,6.3064,-87.1936,6.6156,-118.4663
ge3,seattle-wa:122155,seattle-wa,mHj_NkTN9oBeUwgF46_hDw,round1,-3.1059,6.3276,56.8665,56.4198,109.7922,57.5,121.0,0.6652,59.0779,131.1757,0.8654,8.6417,89.6622,21.2647,171.0681
ge3,seattle-wa:122155,seattle-wa,mHj_NkTN9oBeUwgF46_hDw,round2,-3.1059,6.3276,56.8665,56.4198,109.7922,57.0,121.0,0.6576,58.8609,131.1573,0.879,4.6417,89.6622,19.5292,170.9204
ge3,seattle-wa:67634,seattle-wa,mtWXDZVtYJ6Jht2fOAYvKw,round1,4.1827,7.5649,-82.752,59.2412,92.8372,60.05,91.1387,0.9368,60.05,91.1387,0.9368,6.4704,-13.5875,6.4704,-13.5875
ge3,seattle-wa:67634,seattle-wa,mtWXDZVtYJ6Jht2fOAYvKw,round2,4.1827,7.5649,-82.752,59.2412,92.8372,60.5,83.5,1.0,60.5,83.5,1.0,10.0703,-74.6973,10.0703,-74.6973
ge3,seattle-wa:269,seattle-wa,mvNsvSd_0EIJdbIu-HoqDA,round1,3.4488,-2.752,-63.5071,60.4403,116.6352,59.1521,108.3344,0.8451,59.1521,108.3344,0.8451,-10.3054,-66.4059,-10.3054,-66.4059
ge3,seattle-wa:269,seattle-wa,mvNsvSd_0EIJdbIu-HoqDA,round2,3.4488,-2.752,-63.5071,60.4403,116.6352,58.906,107.8747,0.8805,58.906,107.8747,0.8805,-12.2742,-70.0836,-12.2742,-70.0836
ge3,seattle-wa:134106,seattle-wa,nKUaqo9NrGzF7B8aMtSR4A,round1,4.653,78.9809,-95.1185,33.3233,157.4548,35.0039,156.0304,0.7966,35.0039,156.0304,0.7966,13.4441,-11.3949,13.4441,-11.3949
ge3,seattle-wa:134106,seattle-wa,nKUaqo9NrGzF7B8aMtSR4A,round2,4.653,78.9809,-95.1185,33.3233,157.4548,35.393,156.0424,0.7478,35.393,156.0424,0.7478,16.5574,-11.2993,16.5574,-11.2993
ge3,seattle-wa:28940,seattle-wa,nhaD_lO1LkeVFbSpoKY__w,round1,4.2838,5.3197,-77.0937,34.7364,128.1253,35.5305,122.861,0.9126,35.5305,122.861,0.9126,6.3528,-42.1146,6.3528,-42.1146
ge3,seattle-wa:28940,seattle-wa,nhaD_lO1LkeVFbSpoKY__w,round2,4.2838,5.3197,-77.0937,34.7364,128.1253,35.6084,122.6905,0.9681,35.6084,122.6905,0.9681,6.9753,-43.4787,6.9753,-43.4787
ge3,seattle-wa:113838,seattle-wa,nuFLR5iCVUGy3F9PnemGZQ,round1,4.9329,35.8069,-91.0312,60.5763,113.2289,67.234,107.1118,0.9309,67.234,107.1118,0.9309,53.2613,-48.937,53.2613,-48.937
ge3,seattle-wa:113838,seattle-wa,nuFLR5iCVUGy3F9PnemGZQ,round2,4.9329,35.8069,-91.0312,60.5763,113.2289,67.5,104.0,0.8808,67.5656,99.6102,0.9812,55.3893,-73.8313,55.9144,-108.9496
ge3,seattle-wa:61992,seattle-wa,pCo7u_1enrQcLs2HO-01Sg,round1,-3.6276,-2.1782,70.6383,25.6161,87.572,26.5562,90.7989,0.8407,26.5562,90.7989,0.8407,7.5209,25.815,7.5209,25.815
ge3,seattle-wa:61992,seattle-wa,pCo7u_1enrQcLs2HO-01Sg,round2,-3.6276,-2.1782,70.6383,25.6161,87.572,27.3066,98.5,0.9701,27.3148,99.3859,0.9942,13.5239,87.4241,13.5899,94.5109
ge3,seattle-wa:18015,seattle-wa,pLAKpnuajjxzLakRTht9Pg,round1,-5.2923,24.2873,99.8,34.317,88.787,39.0,98.8181,0.8767,42.5127,98.8413,0.8776,37.4642,80.249,65.5658,80.4346
ge3,seattle-wa:18015,seattle-wa,pLAKpnuajjxzLakRTht9Pg,round2,-5.2923,24.2873,99.8,34.317,88.787,39.5,99.5,0.8839,42.7956,100.1162,0.9147,41.4642,85.7038,67.8291,90.6332
ge3,seattle-wa:178160,seattle-wa,pco10DSvb2CW9KuBS9ASew,round1,3.9772,4.4718,-72.0024,33.2943,122.1676,34.798,111.5,0.925,34.9054,108.297,0.9426,12.0295,-85.3408,12.8886,-110.9647
ge3,seattle-wa:178160,seattle-wa,pco10DSvb2CW9KuBS9ASew,round2,3.9772,4.4718,-72.0024,33.2943,122.1676,34.0,111.0,0.928,35.1205,107.8257,0.9979,5.6453,-89.3408,14.6089,-114.7351
ge3,seattle-wa:211707,seattle-wa,q0fq8sXs54LIeZA6Yk-xYg,round1,-3.84,1.4571,75.1882,44.3324,83.7841,43.7264,90.8824,0.9394,43.7264,90.8824,0.9394,-4.8483,56.7862,-4.8483,56.7862
ge3,seattle-wa:211707,seattle-wa,q0fq8sXs54LIeZA6Yk-xYg,round2,-3.84,1.4571,75.1882,44.3324,83.7841,43.6918,92.1308,1.0,43.6918,92.1308,1.0,-5.1246,66.7736,-5.1246,66.7736
ge3,seattle-wa:102186,seattle-wa,qcmLkAalR8iyG8Y0VDK6NQ,round1,3.9846,-2.1063,-77.287,54.4909,97.0175,58.7185,91.0069,0.8861,58.7185,91.0069,0.8861,33.8209,-48.0849,33.8209,-48.0849
ge3,seattle-wa:102186,seattle-wa,qcmLkAalR8iyG8Y0VDK6NQ,round2,3.9846,-2.1063,-77.287,54.4909,97.0175,58.7397,87.0,0.9229,58.5852,84.3955,0.9275,33.9902,-80.1397,32.7544,-100.9755
ge3,seattle-wa:47683,seattle-wa,sQnt49cRvyfSxspimCiWmw,round1,3.5746,3.8796,-67.7128,66.9937,158.9067,67.0863,155.4521,0.8612,67.0863,155.4521,0.8612,0.7403,-27.6371,0.7403,-27.6371
ge3,seattle-wa:47683,seattle-wa,sQnt49cRvyfSxspimCiWmw,round2,3.5746,3.8796,-67.7128,66.9937,158.9067,67.6179,148.2008,0.9337,67.6179,148.2008,0.9337,4.9931,-85.6477,4.9931,-85.6477
ge3,seattle-wa:165923,seattle-wa,syHEd6eYqHdlsg2CRWcj2Q,round1,-3.5791,17.2714,69.7772,55.6315,85.3941,60.388,91.5339,0.9367,60.388,91.5339,0.9367,38.0512,49.1187,38.0512,49.1187
ge3,seattle-wa:165923,seattle-wa,syHEd6eYqHdlsg2CRWcj2Q,round2,-3.5791,17.2714,69.7772,55.6315,85.3941,60.3447,91.9315,0.9162,60.3447,91.9315,0.9162,37.7053,52.2991,37.7053,52.2991
ge3,seattle-wa:156083,seattle-wa,tJR9SSMsXDap4TEvrPovDg,round1,4.0026,9.1271,-77.6679,33.911,97.362,42.5099,92.0874,0.8723,42.5099,92.0874,0.8723,68.7912,-42.1972,68.7912,-42.1972
ge3,seattle-wa:156083,seattle-wa,tJR9SSMsXDap4TEvrPovDg,round2,4.0026,9.1271,-77.6679,33.911,97.362,36.1069,90.5235,0.9068,36.1069,90.5235,0.9068,17.5677,-54.7079,17.5677,-54.7079
ge3,seattle-wa:145518,seattle-wa,taNhnJHqN3tz0wyf6wOzSQ,round1,-3.8926,-24.5075,83.3288,72.8876,67.0524,75.0602,76.0072,0.9251,75.0602,76.0072,0.9251,17.381,71.6379,17.381,71.6379
ge3,seattle-wa:145518,seattle-wa,taNhnJHqN3tz0wyf6wOzSQ,round2,-3.8926,-24.5075,83.3288,72.8876,67.0524,75.264,78.5,0.9617,75.4673,82.7164,1.0,19.0114,91.5806,20.6379,125.3117
ge3,seattle-wa:97192,seattle-wa,u24QuNIU5EIa4fixftSggQ,round1,3.542,5.9659,-71.6736,40.815,86.3516,42.7753,83.173,0.8584,42.7753,83.173,0.8584,15.6824,-25.4285,15.6824,-25.4285
ge3,seattle-wa:97192,seattle-wa,u24QuNIU5EIa4fixftSggQ,round2,3.542,5.9659,-71.6736,40.815,86.3516,42.7264,76.1811,0.993,42.7264,76.1811,0.993,15.291,-81.3638,15.291,-81.3638
ge3,seattle-wa:109051,seattle-wa,u7MmyN4NAduwETq1IkFGag,round1,-3.166,27.5659,59.7581,50.8943,88.4082,52.4123,91.1808,0.7627,52.4123,91.1808,0.7627,12.1438,22.1809,12.1438,22.1809
ge3,seattle-wa:109051,seattle-wa,u7MmyN4NAduwETq1IkFGag,round2,-3.166,27.5659,59.7581,50.8943,88.4082,52.3958,98.7316,0.9143,52.3958,98.7316,0.9143,12.012,82.5872,12.012,82.5872
ge3,seattle-wa:259406,seattle-wa,vJyjxFQISh64oqwqCBzRKg,round1,-3.6597,-12.5826,72.5957,42.7702,79.6747,36.2275,76.4323,0.9287,36.2275,76.4323,0.9287,-52.3419,-25.939,-52.3419,-25.939
ge3,seattle-wa:259406,seattle-wa,vJyjxFQISh64oqwqCBzRKg,round2,-3.6597,-12.5826,72.5957,42.7702,79.6747,42.7066,83.9059,0.9683,42.7066,83.9059,0.9683,-0.5086,33.8494,-0.5086,33.8494
ge3,seattle-wa:192518,seattle-wa,vzYkKGyBaw5A2JGtE5nPLA,round1,-3.8039,-4.4632,74.6674,50.4529,83.4422,51.0202,84.468,0.8929,51.0202,84.468,0.8929,4.5385,8.2065,4.5385,8.2065
ge3,seattle-wa:192518,seattle-wa,vzYkKGyBaw5A2JGtE5nPLA,round2,-3.8039,-4.4632,74.6674,50.4529,83.4422,51.4046,91.9449,1.0,51.4046,91.9449,1.0,7.6136,68.0216,7.6136,68.0216
ge3,seattle-wa:292569,seattle-wa,wC2ysoBE-TdYsmBTd2kwEA,round1,-8.6889,5.3438,169.5496,17.2017,83.5397,12.0214,91.6263,0.8955,12.0214,91.6263,0.8955,-41.443,64.6928,-41.443,64.6928
ge3,seattle-wa:292569,seattle-wa,wC2ysoBE-TdYsmBTd2kwEA,round2,-8.6889,5.3438,169.5496,17.2017,83.5397,14.0,94.0,0.6847,11.8909,100.1941,0.9413,-25.6139,83.6823,-42.4867,133.2349
ge3,seattle-wa:4232,seattle-wa,xFIzQk7txG3DXudeCF4aRQ,round1,3.5099,-6.7988,-73.0153,22.8931,82.6268,26.6712,75.8979,0.9226,26.6712,75.8979,0.9226,30.225,-53.831,30.225,-53.831
ge3,seattle-wa:4232,seattle-wa,xFIzQk7txG3DXudeCF4aRQ,round2,3.5099,-6.7988,-73.0153,22.8931,82.6268,27.5,75.5,1.0,27.5,75.5,1.0,36.8553,-57.0141,36.8553,-57.0141
ge3,seattle-wa:3468,seattle-wa,xO4rABS5mghwNrTbLlxBQg,round1,-3.3379,15.3927,64.3988,37.2725,86.1178,28.2209,84.4562,0.3866,59.5,91.1683,0.4871,-72.4133,-13.2928,177.8197,40.4043
ge3,seattle-wa:3468,seattle-wa,xO4rABS5mghwNrTbLlxBQg,round2,-3.3379,15.3927,64.3988,37.2725,86.1178,27.5,91.2019,0.8076,27.2066,91.1988,0.8123,-78.1803,40.6727,-80.5276,40.6479
ge3,seattle-wa:67348,seattle-wa,xQWLqMQCFL2fGi6mGaISdA,round1,3.0165,-2.9316,-59.4758,40.9612,90.6527,36.4,91.9668,0.9116,36.4,91.9668,0.9116,-36.4895,10.5121,-36.4895,10.5121
ge3,seattle-wa:67348,seattle-wa,xQWLqMQCFL2fGi6mGaISdA,round2,3.0165,-2.9316,-59.4758,40.9612,90.6527,35.5,90.5,1.0,35.5,90.5,1.0,-43.6893,-1.222,-43.6893,-1.222
ge3,seattle-wa:31888,seattle-wa,y7PTEM7NwAHfnQKVxELlmA,round1,3.8384,-14.0697,-71.562,21.8647,108.2841,19.7563,99.9451,0.942,19.7563,99.9451,0.942,-16.867,-66.7118,-16.867,-66.7118
ge3,seattle-wa:31888,seattle-wa,y7PTEM7NwAHfnQKVxELlmA,round2,3.8384,-14.0697,-71.562,21.8647,108.2841,19.9242,99.3495,0.9954,19.9242,99.3495,0.9954,-15.524,-71.4768,-15.524,-71.4768
ge3,seattle-wa:123529,seattle-wa,z0sle7POEoxaUaHU2eFnkg,round1,-6.2777,1.9129,129.2185,34.7689,70.4423,28.3682,75.1757,0.9024,28.3682,75.1757,0.9024,-51.206,37.8673,-51.206,37.8673
ge3,seattle-wa:123529,seattle-wa,z0sle7POEoxaUaHU2eFnkg,round2,-6.2777,1.9129,129.2185,34.7689,70.4423,35.2879,81.0,0.97,35.5,83.5,1.0,4.1514,84.462,5.8485,104.462
ge3,seattle-wa:99945,seattle-wa,z2v535-8X542mHkdvM2f3g,round1,-6.9783,-34.938,126.5586,70.7814,103.7179,67.5372,108.412,0.855,67.5372,108.412,0.855,-25.9533,37.5527,-25.9533,37.5527
ge3,seattle-wa:99945,seattle-wa,z2v535-8X542mHkdvM2f3g,round2,-6.9783,-34.938,126.5586,70.7814,103.7179,68.0049,114.5,0.9686,68.033,115.5,1.0,-22.2117,86.2567,-21.9872,94.2567
ge3,seattle-wa:28978,seattle-wa,z6SoRqjYyaXXiOXYQknMkA,round1,-3.2199,29.3098,59.1222,51.7476,101.7604,62.0,100.3654,0.7192,67.3203,99.93,0.7743,82.0193,-11.16,124.5819,-14.6431
ge3,seattle-wa:28978,seattle-wa,z6SoRqjYyaXXiOXYQknMkA,round2,-3.2199,29.3098,59.1222,51.7476,101.7604,60.0705,107.8345,0.8751,60.0705,107.8345,0.8751,66.583,48.5931,66.583,48.5931
ge3,st-louis-mo:37320,st-louis-mo,EvxCxoeCPbDY1R_H5ABAFg,round1,-3.0025,-0.4985,57.0984,69.7703,99.4942,75.0147,91.4238,0.9629,75.0147,91.4238,0.9629,41.9553,-64.5634,41.9553,-64.5634
ge3,st-louis-mo:37320,st-louis-mo,EvxCxoeCPbDY1R_H5ABAFg,round2,-3.0025,-0.4985,57.0984,69.7703,99.4942,75.4236,99.1569,0.984,75.4236,99.1569,0.984,45.2266,-2.6992,45.2266,-2.6992
ge3,teaneck-nj:9563,teaneck-nj,9kjFjEtBLazBlyM9oNKbhw,round1,3.584,-15.9438,-69.6789,29.0372,95.6018,27.5835,106.5,0.3268,27.4898,118.5,0.7,-11.6296,87.1859,-12.3791,183.1859
ge3,teaneck-nj:9563,teaneck-nj,9kjFjEtBLazBlyM9oNKbhw,round2,3.584,-15.9438,-69.6789,29.0372,95.6018,28.1675,84.5,0.6559,27.6248,118.5,0.9205,-6.9574,-88.8141,-11.2994,183.1859
ge3,teaneck-nj:12562,teaneck-nj,I25AD16ltn9URZ6FVcrUpQ,round1,5.0935,8.1254,-110.2752,54.0175,76.6937,51.7241,75.1408,0.9029,51.7241,75.1408,0.9029,-18.3475,-12.423,-18.3475,-12.423
ge3,teaneck-nj:12562,teaneck-nj,I25AD16ltn9URZ6FVcrUpQ,round2,5.0935,8.1254,-110.2752,54.0175,76.6937,52.262,66.5,1.0,52.262,66.5,1.0,-14.0442,-81.5492,-14.0442,-81.5492
ge3,teaneck-nj:8860,teaneck-nj,Mbi2E64Ob2SSC6-gqrSb8w,round1,-3.1899,1.9937,61.1892,48.4164,89.8804,43.784,91.5072,1.0,43.784,91.5072,1.0,-37.0584,13.0148,-37.0584,13.0148
ge3,teaneck-nj:8860,teaneck-nj,Mbi2E64Ob2SSC6-gqrSb8w,round2,-3.1899,1.9937,61.1892,48.4164,89.8804,44.0896,90.5,1.0,44.0896,90.5,1.0,-34.6143,4.957,-34.6143,4.957
ge3,teaneck-nj:6551,teaneck-nj,R1OdVR7e7T3yCGs3NhHexg,round1,-3.3779,17.9593,66.2939,34.9581,81.3908,43.5029,82.9213,0.9809,43.5029,82.9213,0.9809,68.3582,12.2435,68.3582,12.2435
ge3,teaneck-nj:6551,teaneck-nj,R1OdVR7e7T3yCGs3NhHexg,round2,-3.3779,17.9593,66.2939,34.9581,81.3908,43.5,83.5,1.0,43.5,83.5,1.0,68.3349,16.8733,68.3349,16.8733
ge3,teaneck-nj:22450,teaneck-nj,RORilibGfg_BPfX2FVeS7Q,round1,-5.2149,-6.0572,97.7915,59.9877,96.0957,51.9925,98.5,1.0,51.9925,98.5,1.0,-63.9619,19.2347,-63.9619,19.2347
ge3,teaneck-nj:22450,teaneck-nj,RORilibGfg_BPfX2FVeS7Q,round2,-5.2149,-6.0572,97.7915,59.9877,96.0957,51.5,98.5,1.0,51.5,98.5,1.0,-67.9016,19.2347,-67.9016,19.2347
ge3,teaneck-nj:4246,teaneck-nj,gu3t0tLXwHn60KYuFYzgFw,round1,3.0218,-4.8685,-56.0059,24.6541,109.7994,27.3416,107.6231,0.8995,27.3416,107.6231,0.8995,21.5,-17.4104,21.5,-17.4104
ge3,teaneck-nj:4246,teaneck-nj,gu3t0tLXwHn60KYuFYzgFw,round2,3.0218,-4.8685,-56.0059,24.6541,109.7994,19.5449,100.0194,0.9591,19.5449,100.0194,0.9591,-40.8739,-78.2404,-40.8739,-78.2404
ge3,teaneck-nj:8090,teaneck-nj,ry7OGErr6kWAyqOZJMX6KA,round1,-3.1983,10.9021,66.5582,20.217,73.5799,18.5,75.5,1.0,18.5,75.5,1.0,-13.7358,15.3608,-13.7358,15.3608
ge3,teaneck-nj:8090,teaneck-nj,ry7OGErr6kWAyqOZJMX6KA,round2,-3.1983,10.9021,66.5582,20.217,73.5799,19.603,81.5,1.0,19.603,81.5,1.0,-4.9118,63.3608,-4.9118,63.3608
ge3,teaneck-nj:1435,teaneck-nj,x5Ur00epMsfo8w5PsQK81w,round1,3.3837,-5.6166,-65.7141,43.2371,94.718,42.8053,98.5882,0.8398,42.8053,98.5882,0.8398,-3.4541,30.9616,-3.4541,30.9616
ge3,teaneck-nj:1435,teaneck-nj,x5Ur00epMsfo8w5PsQK81w,round2,3.3837,-5.6166,-65.7141,43.2371,94.718,43.2363,90.8812,0.9396,43.2363,90.8812,0.9396,-0.0066,-30.6944,-0.0066,-30.6944
