stratum,label_uid,city,pano_id,checkpoint,T_deg,strip_x,strip_y,d_x_b100,d_y_b100,d_y_pitch_b100,d_y_roll_b100,stored_dx,stored_dy,stored_value,stored_raw_value,stored_edge,stored_x2_dx,stored_x2_dy,stored_x2_value,stored_x2_raw_value,stored_x2_edge,mid_dx,mid_dy,mid_value,mid_raw_value,mid_edge
lt1,chicago-il:3415,chicago-il,-KOBCrMP-06tO4fSwQZ5sQ,round1,-0.8065,548.8318,960.3749,7.0861,15.4737,-2.819,18.3077,49.0609,-30.1221,0.8817,0.8817,0,49.0609,-30.1221,0.8817,0.8817,0,49.0609,-30.1221,0.8817,0.8817,0
lt1,chicago-il:3415,chicago-il,-KOBCrMP-06tO4fSwQZ5sQ,round2,-0.8065,548.8318,960.3749,7.0861,15.4737,-2.819,18.3077,47.8915,-28.8746,0.9346,0.9346,0,47.8915,-28.8746,0.9346,0.9346,0,47.8915,-28.8746,0.9346,0.9346,0
lt1,chicago-il:6802,chicago-il,0sngsKc7nOBejO3RbV4CgQ,round1,0.8098,518.4625,639.8971,1.3684,-16.8118,-14.5729,-2.2251,18.9599,-27.9483,0.99,0.99,0,18.9599,-27.9483,0.99,0.99,0,18.9599,-27.9483,0.99,0.99,0
lt1,chicago-il:6802,chicago-il,0sngsKc7nOBejO3RbV4CgQ,round2,0.8098,518.4625,639.8971,1.3684,-16.8118,-14.5729,-2.2251,19.3391,-28.3758,1.0,1.0011,0,19.3391,-28.3758,1.0,1.0011,0,19.3391,-28.3758,1.0,1.0011,0
lt1,chicago-il:7473,chicago-il,0x31lnzwlKyQPMkIEJdIDA,round1,0.9744,338.3563,1006.1982,-17.4949,-17.6746,2.8318,-20.4847,6.2596,-13.0761,0.9744,0.9744,0,6.2596,-13.0761,0.9744,0.9744,0,6.2596,-13.0761,0.9744,0.9744,0
lt1,chicago-il:7473,chicago-il,0x31lnzwlKyQPMkIEJdIDA,round2,0.9744,338.3563,1006.1982,-17.4949,-17.6746,2.8318,-20.4847,6.1922,-16.1459,1.0,1.0154,0,6.1922,-16.1459,1.0,1.0154,0,6.1922,-16.1459,1.0,1.0154,0
lt1,chicago-il:9170,chicago-il,1E55Z7uZvGzQ9kjYt5SoRw,round1,-0.0684,280.9176,754.0287,6.6034,1.1263,1.3423,-0.2162,7.5693,-18.0533,0.9752,0.9752,0,7.5693,-18.0533,0.9752,0.9752,0,7.5693,-18.0533,0.9752,0.9752,0
lt1,chicago-il:9170,chicago-il,1E55Z7uZvGzQ9kjYt5SoRw,round2,-0.0684,280.9176,754.0287,6.6034,1.1263,1.3423,-0.2162,7.7018,38.4028,1.0,1.0167,0,7.7018,38.4028,1.0,1.0167,0,7.7018,38.4028,1.0,1.0167,0
lt1,chicago-il:10224,chicago-il,2JhJ9GdlI7MBRosvtV2lOw,round1,-0.2449,228.1115,668.8094,1.6861,4.8869,6.9964,-2.115,-3.8326,-6.0088,0.9986,0.9986,0,-3.8326,-6.0088,0.9986,0.9986,0,-3.8326,-6.0088,0.9986,0.9986,0
lt1,chicago-il:10224,chicago-il,2JhJ9GdlI7MBRosvtV2lOw,round2,-0.2449,228.1115,668.8094,1.6861,4.8869,6.9964,-2.115,-5.4471,-2.9017,1.0,1.1115,0,-5.4471,-2.9017,1.0,1.1115,0,-5.4471,-2.9017,1.0,1.1115,0
lt1,chicago-il:159544,chicago-il,6ndR6EFzRacIBzhpx3xncg,round1,-0.6164,126.169,1059.8729,-1.2358,11.5103,-0.3671,11.8778,31.9588,50.354,0.9097,0.9097,0,31.9588,50.354,0.9097,0.9097,0,31.9588,50.354,0.9097,0.9097,0
lt1,chicago-il:159544,chicago-il,6ndR6EFzRacIBzhpx3xncg,round2,-0.6164,126.169,1059.8729,-1.2358,11.5103,-0.3671,11.8778,33.2306,49.1954,0.9463,0.9463,0,33.2306,49.1954,0.9463,0.9463,0,33.2306,49.1954,0.9463,0.9463,0
lt1,chicago-il:163827,chicago-il,9gCsZ84a9mXMpkmbOvQ0iw,round1,-0.7796,448.8273,720.9983,0.9377,15.2036,-0.5956,15.7943,28.0513,7.3248,0.9539,0.9539,0,28.0513,7.3248,0.9539,0.9539,0,28.0513,7.3248,0.9539,0.9539,0
lt1,chicago-il:163827,chicago-il,9gCsZ84a9mXMpkmbOvQ0iw,round2,-0.7796,448.8273,720.9983,0.9377,15.2036,-0.5956,15.7943,31.0219,14.169,1.0,1.0191,0,31.0219,14.169,1.0,1.0191,0,31.0219,14.169,1.0,1.0191,0
lt1,chicago-il:10470,chicago-il,9t3Ne7l5pI2LpVgvLg1Yuw,round1,0.3946,563.6368,844.5743,-6.6703,-8.0588,-15.8084,7.7289,33.2775,8.1629,0.9254,0.9254,0,33.2775,8.1629,0.9254,0.9254,0,33.2775,8.1629,0.9254,0.9254,0
lt1,chicago-il:10470,chicago-il,9t3Ne7l5pI2LpVgvLg1Yuw,round2,0.3946,563.6368,844.5743,-6.6703,-8.0588,-15.8084,7.7289,36.3522,-41.2157,1.0,1.0066,0,36.3522,-41.2157,1.0,1.0066,0,36.3522,-41.2157,1.0,1.0066,0
lt1,chicago-il:2263,chicago-il,BBNHcO362FDPQp6YULCgCQ,round1,-0.4865,127.7404,853.4667,0.2454,9.14,-0.0297,9.1695,-31.457,68.8514,0.9998,0.9998,0,-31.457,68.8514,0.9998,0.9998,0,-31.457,68.8514,0.9998,0.9998,0
lt1,chicago-il:2263,chicago-il,BBNHcO362FDPQp6YULCgCQ,round2,-0.4865,127.7404,853.4667,0.2454,9.14,-0.0297,9.1695,-33.3645,68.6855,1.0,1.0195,0,-33.3645,68.6855,1.0,1.0195,0,-33.3645,68.6855,1.0,1.0195,0
lt1,chicago-il:77716,chicago-il,FTl2XZYL4_n8u2ahj-72tQ,round1,0.5158,310.9062,672.98,-1.6544,-10.335,-3.6443,-6.6798,-21.3985,-0.9514,0.7049,0.7049,0,-21.3985,-0.9514,0.7049,0.7049,0,-21.3985,-0.9514,0.7049,0.7049,0
lt1,chicago-il:77716,chicago-il,FTl2XZYL4_n8u2ahj-72tQ,round2,0.5158,310.9062,672.98,-1.6544,-10.335,-3.6443,-6.6798,36.7508,-1.7645,0.9624,0.9624,0,36.7508,-1.7645,0.9624,0.9624,0,36.7508,-1.7645,0.9624,0.9624,0
lt1,chicago-il:6156,chicago-il,FjYKR3dK7k9Hop8Xs5c25Q,round1,-0.0346,96.2982,718.6692,3.4641,0.4827,-7.4803,7.9378,-0.2444,15.3705,1.0,1.0615,0,-0.2444,15.3705,1.0,1.0615,0,-0.2444,15.3705,1.0,1.0615,0
lt1,chicago-il:6156,chicago-il,FjYKR3dK7k9Hop8Xs5c25Q,round2,-0.0346,96.2982,718.6692,3.4641,0.4827,-7.4803,7.9378,-1.5337,12.7101,1.0,1.0695,0,-1.5337,12.7101,1.0,1.0695,0,-1.5337,12.7101,1.0,1.0695,0
lt1,chicago-il:3477,chicago-il,PJlXqFBABl1ZZAypDQQkPA,round1,-0.5651,514.5624,722.2704,-1.2707,11.0649,0.9064,10.161,-35.7332,3.0895,1.0,1.0168,0,-35.7332,3.0895,1.0,1.0168,0,-35.7332,3.0895,1.0,1.0168,0
lt1,chicago-il:3477,chicago-il,PJlXqFBABl1ZZAypDQQkPA,round2,-0.5651,514.5624,722.2704,-1.2707,11.0649,0.9064,10.161,-34.9821,7.3943,1.0,1.0563,0,-34.9821,7.3943,1.0,1.0563,0,-34.9821,7.3943,1.0,1.0563,0
lt1,chicago-il:3140,chicago-il,SdVcUhIx6Z1vI6bqCEDpJw,round1,0.7443,534.1204,672.4015,2.1648,-15.142,-13.8583,-1.2702,8.1621,-4.3464,1.0,1.0175,0,8.1621,-4.3464,1.0,1.0175,0,8.1621,-4.3464,1.0,1.0175,0
lt1,chicago-il:3140,chicago-il,SdVcUhIx6Z1vI6bqCEDpJw,round2,0.7443,534.1204,672.4015,2.1648,-15.142,-13.8583,-1.2702,11.1151,-6.8365,0.9906,0.9906,0,11.1151,-6.8365,0.9906,0.9906,0,11.1151,-6.8365,0.9906,0.9906,0
lt1,chicago-il:246,chicago-il,VJBk3px8ycAVCzaJ11bx2w,round1,0.5241,261.606,639.7048,2.3109,-10.8064,-1.559,-9.2407,21.1657,-27.8562,0.9918,0.9918,0,21.1657,-27.8562,0.9918,0.9918,0,21.1657,-27.8562,0.9918,0.9918,0
lt1,chicago-il:246,chicago-il,VJBk3px8ycAVCzaJ11bx2w,round2,0.5241,261.606,639.7048,2.3109,-10.8064,-1.559,-9.2407,22.474,-31.5649,0.9899,0.9899,0,22.474,-31.5649,0.9899,0.9899,0,22.474,-31.5649,0.9899,0.9899,0
lt1,chicago-il:7495,chicago-il,Vb1Jg2jjJ_ke619_uBeaPQ,round1,-0.1438,243.4475,567.6002,-0.6123,3.0946,-0.4428,3.5364,-18.8542,-21.64,0.6048,0.6048,0,-18.8542,-21.64,0.6048,0.6048,0,-18.8542,-21.64,0.6048,0.6048,0
lt1,chicago-il:7495,chicago-il,Vb1Jg2jjJ_ke619_uBeaPQ,round2,-0.1438,243.4475,567.6002,-0.6123,3.0946,-0.4428,3.5364,-19.562,-22.2339,0.9037,0.9037,0,-19.562,-22.2339,0.9037,0.9037,0,-19.562,-22.2339,0.9037,0.9037,0
lt1,chicago-il:8036,chicago-il,WdWfqCps0GL8ZxokAQpR8g,round1,-0.2651,383.3472,738.1628,-4.9303,5.008,-7.3482,12.3306,21.5974,-1.7849,0.9338,0.9338,0,21.5974,-1.7849,0.9338,0.9338,0,21.5974,-1.7849,0.9338,0.9338,0
lt1,chicago-il:8036,chicago-il,WdWfqCps0GL8ZxokAQpR8g,round2,-0.2651,383.3472,738.1628,-4.9303,5.008,-7.3482,12.3306,-28.3123,0.1864,0.9395,0.9395,0,-28.3123,0.1864,0.9395,0.9395,0,-28.3123,0.1864,0.9395,0.9395,0
lt1,chicago-il:754,chicago-il,YI-tC3-lA8mBRfUIrQ12nw,round1,-0.113,572.9991,897.4783,5.6915,2.599,-6.5015,9.1076,26.6167,26.6195,0.9911,0.9911,0,26.6167,26.6195,0.9911,0.9911,0,26.6167,26.6195,0.9911,0.9911,0
lt1,chicago-il:754,chicago-il,YI-tC3-lA8mBRfUIrQ12nw,round2,-0.113,572.9991,897.4783,5.6915,2.599,-6.5015,9.1076,28.253,26.2071,1.0,1.018,0,28.253,26.2071,1.0,1.018,0,28.253,26.2071,1.0,1.018,0
lt1,chicago-il:414,chicago-il,ffm9E4O1p3xpdTAT0nAcsg,round1,-0.9446,161.7228,657.6097,4.6023,19.0545,3.1957,15.8849,-1.546,12.9316,0.9911,0.9911,0,-1.546,12.9316,0.9911,0.9911,0,-1.546,12.9316,0.9911,0.9911,0
lt1,chicago-il:414,chicago-il,ffm9E4O1p3xpdTAT0nAcsg,round2,-0.9446,161.7228,657.6097,4.6023,19.0545,3.1957,15.8849,-2.9331,14.7897,1.0,1.0024,0,-2.9331,14.7897,1.0,1.0024,0,-2.9331,14.7897,1.0,1.0024,0
lt1,chicago-il:11471,chicago-il,hxRbvvKjQEVbWxuAFlToDQ,round1,-0.2912,212.2792,641.4368,-0.3218,5.9735,0.0697,5.9039,2.7881,32.7898,0.4311,0.4311,0,2.7881,32.7898,0.4311,0.4311,0,2.7881,32.7898,0.4311,0.4311,0
lt1,chicago-il:11471,chicago-il,hxRbvvKjQEVbWxuAFlToDQ,round2,-0.2912,212.2792,641.4368,-0.3218,5.9735,0.0697,5.9039,2.4503,29.7384,0.9099,0.9099,0,2.4503,29.7384,0.9099,0.9099,0,2.4503,29.7384,0.9099,0.9099,0
lt1,chicago-il:1528,chicago-il,jlFOhg6lmAq72hNs6SriOA,round1,-0.2216,387.2622,679.2318,-1.7233,4.3869,0.3632,4.0246,21.9457,-7.7333,0.9749,0.9749,0,21.9457,-7.7333,0.9749,0.9749,0,21.9457,-7.7333,0.9749,0.9749,0
lt1,chicago-il:1528,chicago-il,jlFOhg6lmAq72hNs6SriOA,round2,-0.2216,387.2622,679.2318,-1.7233,4.3869,0.3632,4.0246,22.4283,-3.5725,0.9645,0.9645,0,22.4283,-3.5725,0.9645,0.9645,0,22.4283,-3.5725,0.9645,0.9645,0
lt1,chicago-il:777,chicago-il,kviB93B1uCihm-0g5x7jKw,round1,0.0151,475.2565,1051.9522,-0.4279,-0.3066,0.0892,-0.3958,-2.1625,-1.7636,0.9173,0.9173,0,-2.1625,-1.7636,0.9173,0.9173,0,-2.1625,-1.7636,0.9173,0.9173,0
lt1,chicago-il:777,chicago-il,kviB93B1uCihm-0g5x7jKw,round2,0.0151,475.2565,1051.9522,-0.4279,-0.3066,0.0892,-0.3958,2.6694,-0.7987,0.9481,0.9481,0,2.6694,-0.7987,0.9481,0.9481,0,2.6694,-0.7987,0.9481,0.9481,0
lt1,chicago-il:5389,chicago-il,lAL0G6lVfOyeYKRom3JFFg,round1,0.4866,308.4044,770.0174,-0.4567,-9.2537,-3.0537,-6.1957,-21.7659,22.7992,0.9607,0.9607,0,-21.7659,22.7992,0.9607,0.9607,0,-21.7659,22.7992,0.9607,0.9607,0
lt1,chicago-il:5389,chicago-il,lAL0G6lVfOyeYKRom3JFFg,round2,0.4866,308.4044,770.0174,-0.4567,-9.2537,-3.0537,-6.1957,-23.5839,18.2181,0.9858,0.9858,0,-23.5839,18.2181,0.9858,0.9858,0,-23.5839,18.2181,0.9858,0.9858,0
lt1,chicago-il:10210,chicago-il,l_ojVy71fPquQ35byOFzbw,round1,-0.933,589.5043,709.9968,-3.601,18.5201,6.9376,11.6168,-44.8337,16.706,0.9797,0.9797,0,-44.8337,16.706,0.9797,0.9797,0,-44.8337,16.706,0.9797,0.9797,0
lt1,chicago-il:10210,chicago-il,l_ojVy71fPquQ35byOFzbw,round2,-0.933,589.5043,709.9968,-3.601,18.5201,6.9376,11.6168,-42.9594,18.0804,0.9864,0.9864,0,-42.9594,18.0804,0.9864,0.9864,0,-42.9594,18.0804,0.9864,0.9864,0
lt1,chicago-il:19569,chicago-il,m9PvMAS2WIaRDNL1j8uCcA,round1,0.521,370.3334,799.4029,1.5066,-9.7737,-4.7338,-5.0362,69.6666,-55.4029,0.8745,0.8745,1,103.0961,-67.1241,0.9413,0.9413,0,81.6666,-47.4029,0.8792,0.8792,1
lt1,chicago-il:19569,chicago-il,m9PvMAS2WIaRDNL1j8uCcA,round2,0.521,370.3334,799.4029,1.5066,-9.7737,-4.7338,-5.0362,45.9412,-2.9936,0.8897,0.8897,0,105.549,-130.1444,1.0,1.032,0,45.9412,-2.9936,0.8897,0.8897,0
lt1,chicago-il:5004,chicago-il,s1Be3ltxDaMazOF3QeVAog,round1,0.5067,298.9669,765.5227,1.7455,-9.6901,0.5959,-10.2874,-17.3662,-29.8713,1.0,1.0066,0,-17.3662,-29.8713,1.0,1.0066,0,-17.3662,-29.8713,1.0,1.0066,0
lt1,chicago-il:5004,chicago-il,s1Be3ltxDaMazOF3QeVAog,round2,0.5067,298.9669,765.5227,1.7455,-9.6901,0.5959,-10.2874,-15.5805,-29.2115,0.9901,0.9901,0,-15.5805,-29.2115,0.9901,0.9901,0,-15.5805,-29.2115,0.9901,0.9901,0
lt1,chicago-il:4882,chicago-il,tBcvXwR43u8NpXGOUNuRbg,round1,0.835,209.0079,728.1419,7.3653,-16.7475,11.3456,-28.1957,71.9862,8.7291,1.0,1.0103,0,71.9862,8.7291,1.0,1.0103,0,71.9862,8.7291,1.0,1.0103,0
lt1,chicago-il:4882,chicago-il,tBcvXwR43u8NpXGOUNuRbg,round2,0.835,209.0079,728.1419,7.3653,-16.7475,11.3456,-28.1957,72.2719,6.5648,1.0,1.0204,0,72.2719,6.5648,1.0,1.0204,0,72.2719,6.5648,1.0,1.0204,0
lt1,chicago-il:6058,chicago-il,xa_MQ7pn9ayCa7hgL1xDnw,round1,-0.4144,445.0888,856.2354,2.905,7.7432,-1.8232,9.5664,32.7838,0.3337,0.9661,0.9661,0,32.7838,0.3337,0.9661,0.9661,0,32.7838,0.3337,0.9661,0.9661,0
lt1,chicago-il:6058,chicago-il,xa_MQ7pn9ayCa7hgL1xDnw,round2,-0.4144,445.0888,856.2354,2.905,7.7432,-1.8232,9.5664,33.9976,2.6871,0.9825,0.9825,0,33.9976,2.6871,0.9825,0.9825,0,33.9976,2.6871,0.9825,0.9825,0
lt1,chicago-il:503,chicago-il,xkD1f4c5uDmseeEAbYruag,round1,0.9635,236.5604,697.5893,-0.1874,-19.1777,-4.6151,-14.5372,40.2027,27.0682,0.9229,0.9229,0,40.2027,27.0682,0.9229,0.9229,0,40.2027,27.0682,0.9229,0.9229,0
lt1,chicago-il:503,chicago-il,xkD1f4c5uDmseeEAbYruag,round2,0.9635,236.5604,697.5893,-0.1874,-19.1777,-4.6151,-14.5372,-10.7875,-25.9522,0.9839,0.9839,0,-10.7875,-25.9522,0.9839,0.9839,0,-10.7875,-25.9522,0.9839,0.9839,0
lt1,cliffside-park-nj:24930,cliffside-park-nj,AUCy8tiDO9rrwi9LEVKW-A,round1,0.5053,299.0433,960.998,63.9524,-14.3927,1.2905,-15.6858,-8.8727,-32.5518,0.8525,0.8525,0,-8.8727,-32.5518,0.8525,0.8525,0,-8.8727,-32.5518,0.8525,0.8525,0
lt1,cliffside-park-nj:24930,cliffside-park-nj,AUCy8tiDO9rrwi9LEVKW-A,round2,0.5053,299.0433,960.998,63.9524,-14.3927,1.2905,-15.6858,52.2625,-35.6212,0.9152,0.9152,0,52.2625,-35.6212,0.9152,0.9152,0,52.2625,-35.6212,0.9152,0.9152,0
lt1,columbus-oh:750,columbus-oh,-zems9A79lp_ZegEx202bA,round1,0.0086,593.7913,714.2147,2.1064,-0.0658,-2.1161,2.048,4.6781,13.935,0.9866,0.9866,0,4.6781,13.935,0.9866,0.9866,0,4.6781,13.935,0.9866,0.9866,0
lt1,columbus-oh:750,columbus-oh,-zems9A79lp_ZegEx202bA,round2,0.0086,593.7913,714.2147,2.1064,-0.0658,-2.1161,2.048,7.8039,14.2135,1.0,1.0135,0,7.8039,14.2135,1.0,1.0135,0,7.8039,14.2135,1.0,1.0135,0
lt1,columbus-oh:281,columbus-oh,0tx2VJMWMhlP9igSpUEMeg,round1,-0.7535,195.4571,694.1658,-0.2588,14.9672,-0.5691,15.5313,-35.2765,-20.4603,0.9844,0.9844,0,-35.2765,-20.4603,0.9844,0.9844,0,-35.2765,-20.4603,0.9844,0.9844,0
lt1,columbus-oh:281,columbus-oh,0tx2VJMWMhlP9igSpUEMeg,round2,-0.7535,195.4571,694.1658,-0.2588,14.9672,-0.5691,15.5313,-32.7677,30.7418,0.9361,0.9361,0,-32.7677,30.7418,0.9361,0.9361,0,-32.7677,30.7418,0.9361,0.9361,0
lt1,columbus-oh:7785,columbus-oh,1PcfHXCpBP3yigxodlaqUw,round1,-0.2172,190.1671,619.6175,-1.8303,4.5549,10.1668,-5.6447,-26.9655,-13.2099,0.9678,0.9678,0,-26.9655,-13.2099,0.9678,0.9678,0,-26.9655,-13.2099,0.9678,0.9678,0
lt1,columbus-oh:7785,columbus-oh,1PcfHXCpBP3yigxodlaqUw,round2,-0.2172,190.1671,619.6175,-1.8303,4.5549,10.1668,-5.6447,22.5925,-10.1218,1.0,1.0078,0,22.5925,-10.1218,1.0,1.0078,0,22.5925,-10.1218,1.0,1.0078,0
lt1,columbus-oh:22278,columbus-oh,6SJDLx_mxmxeL1pVcvH5RA,round1,-0.239,568.6881,566.8354,2.5968,5.2458,10.1015,-4.8857,-68.6881,61.1646,0.0145,0.0145,1,-112.6881,137.1646,0.0451,0.0451,1,-68.6881,61.1646,0.0145,0.0145,1
lt1,columbus-oh:22278,columbus-oh,6SJDLx_mxmxeL1pVcvH5RA,round2,-0.239,568.6881,566.8354,2.5968,5.2458,10.1015,-4.8857,-92.6881,13.1646,0.0207,0.0207,1,-92.6881,153.1646,0.0346,0.0346,1,-92.6881,1.1646,0.0206,0.0206,1
lt1,columbus-oh:15054,columbus-oh,DL0xRzTO_O3O5DD_vBKBcw,round1,-0.2518,455.2375,863.1327,0.6731,4.6717,0.3805,4.2912,18.7509,-63.5223,0.9698,0.9698,0,18.7509,-63.5223,0.9698,0.9698,0,18.7509,-63.5223,0.9698,0.9698,0
lt1,columbus-oh:15054,columbus-oh,DL0xRzTO_O3O5DD_vBKBcw,round2,-0.2518,455.2375,863.1327,0.6731,4.6717,0.3805,4.2912,18.5143,-9.7624,0.9848,0.9848,0,18.5143,-9.7624,0.9848,0.9848,0,18.5143,-9.7624,0.9848,0.9848,0
lt1,columbus-oh:24341,columbus-oh,JB1y4hePC5vROG77uZ9NHw,round1,0.4107,84.5441,753.9511,-0.3877,-8.1178,0.1053,-8.2236,87.4559,34.0489,0.0121,0.0121,1,151.4559,102.0489,0.0201,0.0201,1,75.4559,39.2123,0.012,0.012,1
lt1,columbus-oh:24341,columbus-oh,JB1y4hePC5vROG77uZ9NHw,round2,0.4107,84.5441,753.9511,-0.3877,-8.1178,0.1053,-8.2236,68.4345,40.2405,0.0049,0.0049,0,68.4345,40.2405,0.0049,0.0049,0,68.4345,40.2405,0.0049,0.0049,0
lt1,columbus-oh:27300,columbus-oh,LsQe2t5C9jHYJGVU4xHuQA,round1,-0.0141,139.4888,618.5761,2.6275,0.2008,9.2763,-9.1214,88.5112,-11.7006,0.0117,0.0117,1,108.5112,141.4239,0.0388,0.0388,1,88.5112,-11.7006,0.0117,0.0117,1
lt1,columbus-oh:27300,columbus-oh,LsQe2t5C9jHYJGVU4xHuQA,round2,-0.0141,139.4888,618.5761,2.6275,0.2008,9.2763,-9.1214,23.6574,-7.7137,0.0022,0.0022,0,-50.0768,115.0432,0.0026,0.0026,0,23.6574,-7.7137,0.0022,0.0022,0
lt1,columbus-oh:14142,columbus-oh,MYZWvUncW5lS7F4Kjd-G2w,round1,0.2265,255.7738,611.1963,1.298,-4.7518,-8.7512,3.9787,-30.0958,-4.9049,0.9835,0.9835,0,-30.0958,-4.9049,0.9835,0.9835,0,-30.0958,-4.9049,0.9835,0.9835,0
lt1,columbus-oh:14142,columbus-oh,MYZWvUncW5lS7F4Kjd-G2w,round2,0.2265,255.7738,611.1963,1.298,-4.7518,-8.7512,3.9787,-29.4318,-2.7784,0.985,0.985,0,-29.4318,-2.7784,0.985,0.985,0,-29.4318,-2.7784,0.985,0.985,0
lt1,columbus-oh:28544,columbus-oh,MemLZBOgswZwKZ0-Eq2ZKA,round1,0.3396,173.147,1395.5796,15.5822,-10.0129,1.9479,-11.9465,45.5119,-20.5905,0.587,0.587,0,45.5119,-20.5905,0.587,0.587,0,45.5119,-20.5905,0.587,0.587,0
lt1,columbus-oh:28544,columbus-oh,MemLZBOgswZwKZ0-Eq2ZKA,round2,0.3396,173.147,1395.5796,15.5822,-10.0129,1.9479,-11.9465,86.853,-28.0886,0.431,0.431,1,170.853,-27.2177,0.4751,0.4751,1,90.853,-27.9533,0.4315,0.4315,1
lt1,columbus-oh:6992,columbus-oh,MgvoVm_knzGN6GUVKu6B1A,round1,0.949,177.7711,756.2275,-2.7516,-18.3547,-0.6211,-17.7312,-14.8266,-23.4324,0.883,0.883,0,-14.8266,-23.4324,0.883,0.883,0,-14.8266,-23.4324,0.883,0.883,0
lt1,columbus-oh:6992,columbus-oh,MgvoVm_knzGN6GUVKu6B1A,round2,0.949,177.7711,756.2275,-2.7516,-18.3547,-0.6211,-17.7312,-14.093,-25.8734,0.9887,0.9887,0,-14.093,-25.8734,0.9887,0.9887,0,-14.093,-25.8734,0.9887,0.9887,0
lt1,columbus-oh:6119,columbus-oh,PTiege5H6Pfgf3Q8efN27A,round1,0.2614,268.9564,597.7206,0.4176,-5.511,-2.3673,-3.1395,20.1209,8.2048,0.9657,0.9657,0,20.1209,8.2048,0.9657,0.9657,0,20.1209,8.2048,0.9657,0.9657,0
lt1,columbus-oh:6119,columbus-oh,PTiege5H6Pfgf3Q8efN27A,round2,0.2614,268.9564,597.7206,0.4176,-5.511,-2.3673,-3.1395,20.2516,7.7015,1.0,1.0406,0,20.2516,7.7015,1.0,1.0406,0,20.2516,7.7015,1.0,1.0406,0
lt1,columbus-oh:9254,columbus-oh,PbJoUCenMWMEPrFsoy2gTA,round1,-0.3044,563.3651,722.2968,-0.3739,6.0358,2.1024,3.936,-16.4966,7.3428,0.9852,0.9852,0,-16.4966,7.3428,0.9852,0.9852,0,-16.4966,7.3428,0.9852,0.9852,0
lt1,columbus-oh:9254,columbus-oh,PbJoUCenMWMEPrFsoy2gTA,round2,-0.3044,563.3651,722.2968,-0.3739,6.0358,2.1024,3.936,-15.8182,9.125,1.0,1.0159,0,-15.8182,9.125,1.0,1.0159,0,-15.8182,9.125,1.0,1.0159,0
lt1,columbus-oh:19841,columbus-oh,R66XueqpNtkx-mT5tUBM4g,round1,0.1097,461.9709,1069.2097,5.4236,-1.6034,-5.2651,3.6719,17.5572,-13.255,0.9395,0.9395,0,17.5572,-13.255,0.9395,0.9395,0,17.5572,-13.255,0.9395,0.9395,0
lt1,columbus-oh:19841,columbus-oh,R66XueqpNtkx-mT5tUBM4g,round2,0.1097,461.9709,1069.2097,5.4236,-1.6034,-5.2651,3.6719,17.4797,-17.4241,1.0,1.0011,0,17.4797,-17.4241,1.0,1.0011,0,17.4797,-17.4241,1.0,1.0011,0
lt1,columbus-oh:14125,columbus-oh,Rr94147-gPLl-NCF2pes6A,round1,-0.5393,435.068,705.1634,1.6995,10.616,11.3809,-0.7711,39.2475,28.5808,0.9679,0.9679,0,39.2475,28.5808,0.9679,0.9679,0,39.2475,28.5808,0.9679,0.9679,0
lt1,columbus-oh:14125,columbus-oh,Rr94147-gPLl-NCF2pes6A,round2,-0.5393,435.068,705.1634,1.6995,10.616,11.3809,-0.7711,39.5395,26.1075,1.0,1.0336,0,39.5395,26.1075,1.0,1.0336,0,39.5395,26.1075,1.0,1.0336,0
lt1,columbus-oh:29786,columbus-oh,T_s-1IjD-7S1K5Hnd6rG4w,round1,-0.1111,88.6814,639.2255,2.0164,2.2441,6.6343,-4.4047,10.5578,30.6157,0.9754,0.9754,0,10.5578,30.6157,0.9754,0.9754,0,10.5578,30.6157,0.9754,0.9754,0
lt1,columbus-oh:29786,columbus-oh,T_s-1IjD-7S1K5Hnd6rG4w,round2,-0.1111,88.6814,639.2255,2.0164,2.2441,6.6343,-4.4047,10.981,24.6288,0.9396,0.9396,0,10.981,24.6288,0.9396,0.9396,0,10.981,24.6288,0.9396,0.9396,0
lt1,columbus-oh:839,columbus-oh,TpgR1_CFiayYv_D28W6GNg,round1,-0.5543,271.8541,656.5551,-10.931,10.9627,-4.5737,15.493,7.2684,13.5694,0.9827,0.9827,0,7.2684,13.5694,0.9827,0.9827,0,7.2684,13.5694,0.9827,0.9827,0
lt1,columbus-oh:839,columbus-oh,TpgR1_CFiayYv_D28W6GNg,round2,-0.5543,271.8541,656.5551,-10.931,10.9627,-4.5737,15.493,8.2678,10.5968,1.0,1.0019,0,8.2678,10.5968,1.0,1.0019,0,8.2678,10.5968,1.0,1.0019,0
lt1,columbus-oh:28969,columbus-oh,V54WwF74toU3YzF3SZCYCA,round1,-0.9763,459.8481,720.8575,-1.419,18.9828,16.5337,2.4582,21.6588,15.6243,0.9915,0.9915,0,21.6588,15.6243,0.9915,0.9915,0,21.6588,15.6243,0.9915,0.9915,0
lt1,columbus-oh:28969,columbus-oh,V54WwF74toU3YzF3SZCYCA,round2,-0.9763,459.8481,720.8575,-1.419,18.9828,16.5337,2.4582,21.4532,14.3572,1.0,1.0139,0,21.4532,14.3572,1.0,1.0139,0,21.4532,14.3572,1.0,1.0139,0
lt1,columbus-oh:1259,columbus-oh,V_fuilau4r5y2N_jC-bVyw,round1,-0.035,178.4511,611.1242,-2.8434,0.7707,10.9608,-10.2561,-15.399,-8.1139,0.9924,0.9924,0,-15.399,-8.1139,0.9924,0.9924,0,-15.399,-8.1139,0.9924,0.9924,0
lt1,columbus-oh:1259,columbus-oh,V_fuilau4r5y2N_jC-bVyw,round2,-0.035,178.4511,611.1242,-2.8434,0.7707,10.9608,-10.2561,-14.6837,-7.1692,1.0,1.0297,0,-14.6837,-7.1692,1.0,1.0297,0,-14.6837,-7.1692,1.0,1.0297,0
lt1,columbus-oh:26989,columbus-oh,YgkS_KDEuMqJ_PP9l-wAfw,round1,0.989,338.5094,789.3747,5.0922,-18.7274,-5.9881,-12.7265,65.4906,62.6253,0.2884,0.2884,1,71.8326,67.2817,0.292,0.292,0,65.4906,62.6253,0.2884,0.2884,1
lt1,columbus-oh:26989,columbus-oh,YgkS_KDEuMqJ_PP9l-wAfw,round2,0.989,338.5094,789.3747,5.0922,-18.7274,-5.9881,-12.7265,4.4041,86.6253,0.169,0.169,1,-138.5094,114.6253,0.2075,0.2075,1,3.7101,74.6253,0.1664,0.1664,1
lt1,columbus-oh:14806,columbus-oh,bYSrXEOX9Z9mxazkqD_p2w,round1,0.2497,207.7524,821.0644,-1.7078,-4.6187,-5.5382,0.9197,9.405,-22.5004,0.9579,0.9579,0,9.405,-22.5004,0.9579,0.9579,0,9.405,-22.5004,0.9579,0.9579,0
lt1,columbus-oh:14806,columbus-oh,bYSrXEOX9Z9mxazkqD_p2w,round2,0.2497,207.7524,821.0644,-1.7078,-4.6187,-5.5382,0.9197,14.3724,-20.2978,0.9128,0.9128,0,14.3724,-20.2978,0.9128,0.9128,0,14.3724,-20.2978,0.9128,0.9128,0
lt1,columbus-oh:6996,columbus-oh,cxW3t3bjBpnfMN3LZBMwMw,round1,-0.6699,237.3806,661.5296,3.6674,13.3954,11.7674,1.6441,-14.4424,11.4209,0.9651,0.9651,0,-14.4424,11.4209,0.9651,0.9651,0,-14.4424,11.4209,0.9651,0.9651,0
lt1,columbus-oh:6996,columbus-oh,cxW3t3bjBpnfMN3LZBMwMw,round2,-0.6699,237.3806,661.5296,3.6674,13.3954,11.7674,1.6441,-16.1679,12.5246,1.0,1.0229,0,-16.1679,12.5246,1.0,1.0229,0,-16.1679,12.5246,1.0,1.0229,0
lt1,columbus-oh:22961,columbus-oh,dPWvtNIwLMxHBZHbGJ4aig,round1,0.8473,174.0407,758.092,-6.2555,-16.2532,-3.2856,-12.9468,-14.7829,36.0937,0.8633,0.8633,0,-14.7829,36.0937,0.8633,0.8633,0,-14.7829,36.0937,0.8633,0.8633,0
lt1,columbus-oh:22961,columbus-oh,dPWvtNIwLMxHBZHbGJ4aig,round2,0.8473,174.0407,758.092,-6.2555,-16.2532,-3.2856,-12.9468,41.5949,-19.6049,0.9152,0.9152,0,41.5949,-19.6049,0.9152,0.9152,0,41.5949,-19.6049,0.9152,0.9152,0
lt1,columbus-oh:600,columbus-oh,dPxiciN_3IgZ5Bq3FiAY0w,round1,0.9497,292.3082,891.2736,-0.1959,-17.318,-0.0096,-17.3084,54.9671,24.7395,0.8663,0.8663,0,54.9671,24.7395,0.8663,0.8663,0,54.9671,24.7395,0.8663,0.8663,0
lt1,columbus-oh:600,columbus-oh,dPxiciN_3IgZ5Bq3FiAY0w,round2,0.9497,292.3082,891.2736,-0.1959,-17.318,-0.0096,-17.3084,-8.8095,-29.7898,0.9589,0.9589,0,-8.8095,-29.7898,0.9589,0.9589,0,-8.8095,-29.7898,0.9589,0.9589,0
lt1,columbus-oh:8685,columbus-oh,dgyLiF-Fhvt1PToueRKxbA,round1,0.2967,285.7017,603.2535,5.1361,-6.3676,-20.125,13.5971,4.0248,1.2265,0.9515,0.9515,0,4.0248,1.2265,0.9515,0.9515,0,4.0248,1.2265,0.9515,0.9515,0
lt1,columbus-oh:8685,columbus-oh,dgyLiF-Fhvt1PToueRKxbA,round2,0.2967,285.7017,603.2535,5.1361,-6.3676,-20.125,13.5971,2.3459,-1.4871,0.9991,0.9991,0,2.3459,-1.4871,0.9991,0.9991,0,2.3459,-1.4871,0.9991,0.9991,0
lt1,columbus-oh:26965,columbus-oh,dwIMrxJ2Kr00PYmkrl8QdA,round1,-0.9561,238.6513,612.3344,2.9563,19.7556,-2.2778,22.0065,-12.4492,-6.2432,0.96,0.96,0,-12.4492,-6.2432,0.96,0.96,0,-12.4492,-6.2432,0.96,0.96,0
lt1,columbus-oh:26965,columbus-oh,dwIMrxJ2Kr00PYmkrl8QdA,round2,-0.9561,238.6513,612.3344,2.9563,19.7556,-2.2778,22.0065,-13.9068,-3.7577,0.9925,0.9925,0,-13.9068,-3.7577,0.9925,0.9925,0,-13.9068,-3.7577,0.9925,0.9925,0
lt1,columbus-oh:28237,columbus-oh,eJLb5mvYpB1cvVPjM3hdbg,round1,-0.7044,373.7243,849.2043,-19.7008,12.2252,27.6449,-15.4173,-22.526,-81.2043,0.1684,0.1684,1,-20.6165,-113.7926,0.1719,0.1719,0,-22.526,-81.2043,0.1684,0.1684,1
lt1,columbus-oh:28237,columbus-oh,eJLb5mvYpB1cvVPjM3hdbg,round2,-0.7044,373.7243,849.2043,-19.7008,12.2252,27.6449,-15.4173,-25.1554,86.7957,0.1212,0.1212,1,126.2757,126.7957,0.1661,0.1661,1,-24.5691,98.7957,0.1261,0.1261,1
lt1,columbus-oh:25294,columbus-oh,esHQ24P-NIM_yx4_mjuatQ,round1,0.6301,296.068,769.7356,2.1432,-12.039,-5.6282,-6.4042,-56.068,70.2644,0.3315,0.3315,1,-128.068,130.2644,0.7082,0.7082,1,-60.068,66.2644,0.303,0.303,1
lt1,columbus-oh:25294,columbus-oh,esHQ24P-NIM_yx4_mjuatQ,round2,0.6301,296.068,769.7356,2.1432,-12.039,-5.6282,-6.4042,-56.068,70.2644,0.0842,0.0842,1,-100.068,154.2644,0.412,0.412,1,-56.068,62.2644,0.0745,0.0745,1
lt1,columbus-oh:13432,columbus-oh,hJvKEayUKlX4pZtZq-ssSw,round1,0.7652,136.2022,658.0071,-1.0072,-15.7827,-15.7987,0.0158,18.9537,12.81,0.9819,0.9819,0,18.9537,12.81,0.9819,0.9819,0,18.9537,12.81,0.9819,0.9819,0
lt1,columbus-oh:13432,columbus-oh,hJvKEayUKlX4pZtZq-ssSw,round2,0.7652,136.2022,658.0071,-1.0072,-15.7827,-15.7987,0.0158,19.3708,9.1983,1.0,1.0812,0,19.3708,9.1983,1.0,1.0812,0,19.3708,9.1983,1.0,1.0812,0
lt1,columbus-oh:27290,columbus-oh,huysi3on1_eloGrI0AwJYg,round1,-0.0633,522.322,847.9032,3.3085,1.3819,-4.3799,5.7613,17.678,-87.9032,0.1332,0.1332,1,-130.322,-123.9032,0.1609,0.1609,1,17.678,-87.9032,0.1332,0.1332,1
lt1,columbus-oh:27290,columbus-oh,huysi3on1_eloGrI0AwJYg,round2,-0.0633,522.322,847.9032,3.3085,1.3819,-4.3799,5.7613,69.678,-58.1247,0.0186,0.0186,1,145.678,-107.9032,0.0231,0.0231,1,69.678,-58.1247,0.0186,0.0186,1
lt1,columbus-oh:29493,columbus-oh,ixozFdxhnwhinYGtIPmn3g,round1,-0.9746,544.5086,732.6945,-1.3133,19.0788,7.1616,11.9412,-88.5086,11.3055,0.0268,0.0268,1,-176.5086,35.3055,0.048,0.048,1,-88.5086,27.3055,0.0275,0.0275,1
lt1,columbus-oh:29493,columbus-oh,ixozFdxhnwhinYGtIPmn3g,round2,-0.9746,544.5086,732.6945,-1.3133,19.0788,7.1616,11.9412,-92.5086,15.3055,0.0116,0.0116,1,-176.5086,-4.2723,0.0213,0.0213,1,-92.5086,31.3055,0.0124,0.0124,1
lt1,columbus-oh:24393,columbus-oh,jQWxwjjPa5odkdKumtVw2g,round1,-0.378,184.2285,684.973,-2.0078,7.6222,-1.7336,9.3464,31.0221,-19.4547,0.017,0.017,0,71.7715,163.027,0.0195,0.0195,1,31.0221,-19.4547,0.017,0.017,0
lt1,columbus-oh:24393,columbus-oh,jQWxwjjPa5odkdKumtVw2g,round2,-0.378,184.2285,684.973,-2.0078,7.6222,-1.7336,9.3464,-84.2285,-36.973,0.0021,0.0021,1,-91.1096,112.2513,0.0046,0.0046,0,-84.2285,-36.973,0.0021,0.0021,1
lt1,columbus-oh:15761,columbus-oh,ly_-zVu5_pIv7hlj1BHJSw,round1,-0.8145,154.3989,659.193,0.9588,16.5676,2.989,13.5955,2.2382,11.8899,1.0,1.038,0,2.2382,11.8899,1.0,1.038,0,2.2382,11.8899,1.0,1.038,0
lt1,columbus-oh:15761,columbus-oh,ly_-zVu5_pIv7hlj1BHJSw,round2,-0.8145,154.3989,659.193,0.9588,16.5676,2.989,13.5955,3.3491,15.2204,1.0,1.0449,0,3.3491,15.2204,1.0,1.0449,0,3.3491,15.2204,1.0,1.0449,0
lt1,columbus-oh:33055,columbus-oh,oZ5vtDkt_WKz_qF_UoN9xA,round1,0.1009,321.0831,830.0282,-4.9335,-1.869,5.3073,-7.1791,-32.3867,24.9112,0.9132,0.9132,0,-32.3867,24.9112,0.9132,0.9132,0,-32.3867,24.9112,0.9132,0.9132,0
lt1,columbus-oh:33055,columbus-oh,oZ5vtDkt_WKz_qF_UoN9xA,round2,0.1009,321.0831,830.0282,-4.9335,-1.869,5.3073,-7.1791,-34.0513,22.4313,0.9624,0.9624,0,-34.0513,22.4313,0.9624,0.9624,0,-34.0513,22.4313,0.9624,0.9624,0
lt1,columbus-oh:21306,columbus-oh,p7pFDvbXFE0dtCELRW1CBA,round1,0.8025,435.4749,1285.3832,8.1923,-14.6218,-0.8331,-13.7939,84.5251,18.419,0.0162,0.0162,1,-115.4749,-137.3832,0.0468,0.0468,1,96.5251,6.6168,0.0172,0.0172,1
lt1,columbus-oh:21306,columbus-oh,p7pFDvbXFE0dtCELRW1CBA,round2,0.8025,435.4749,1285.3832,8.1923,-14.6218,-0.8331,-13.7939,-43.4749,-77.3832,0.008,0.008,1,-119.4749,-133.3832,0.0818,0.0818,1,-55.4749,-77.3832,0.0089,0.0089,1
lt1,columbus-oh:6392,columbus-oh,r5l-09FQwX3p18VKXr1wIA,round1,-0.0159,401.5799,732.8756,-3.7822,0.2249,0.8514,-0.6268,9.9425,-1.0169,1.0,1.0047,0,9.9425,-1.0169,1.0,1.0047,0,9.9425,-1.0169,1.0,1.0047,0
lt1,columbus-oh:6392,columbus-oh,r5l-09FQwX3p18VKXr1wIA,round2,-0.0159,401.5799,732.8756,-3.7822,0.2249,0.8514,-0.6268,9.7706,-0.7693,1.0,1.0658,0,9.7706,-0.7693,1.0,1.0658,0,9.7706,-0.7693,1.0,1.0658,0
lt1,columbus-oh:33180,columbus-oh,sSOcDIBryDH2wO2f2x6VIg,round1,-0.9298,80.9772,622.3283,2.2045,19.5684,9.0174,10.6004,12.1133,-13.5653,0.9899,0.9899,0,12.1133,-13.5653,0.9899,0.9899,0,12.1133,-13.5653,0.9899,0.9899,0
lt1,columbus-oh:33180,columbus-oh,sSOcDIBryDH2wO2f2x6VIg,round2,-0.9298,80.9772,622.3283,2.2045,19.5684,9.0174,10.6004,10.354,-10.8146,0.9558,0.9558,0,10.354,-10.8146,0.9558,0.9558,0,10.354,-10.8146,0.9558,0.9558,0
lt1,columbus-oh:33372,columbus-oh,tXHKm38jZUx0jWaV78_siA,round1,0.3467,343.5525,755.225,-1.4469,-6.638,-7.4794,0.8397,5.952,-15.6224,0.9404,0.9404,0,5.952,-15.6224,0.9404,0.9404,0,5.952,-15.6224,0.9404,0.9404,0
lt1,columbus-oh:33372,columbus-oh,tXHKm38jZUx0jWaV78_siA,round2,0.3467,343.5525,755.225,-1.4469,-6.638,-7.4794,0.8397,7.2278,-21.484,1.0,1.02,0,7.2278,-21.484,1.0,1.02,0,7.2278,-21.484,1.0,1.02,0
lt1,columbus-oh:16891,columbus-oh,thCPj8wT0gz5HoSwMtREUw,round1,0.9702,443.725,802.1366,-2.2211,-18.412,-1.0631,-17.3461,-25.6183,-5.9291,0.9413,0.9413,0,-25.6183,-5.9291,0.9413,0.9413,0,-25.6183,-5.9291,0.9413,0.9413,0
lt1,columbus-oh:16891,columbus-oh,thCPj8wT0gz5HoSwMtREUw,round2,0.9702,443.725,802.1366,-2.2211,-18.412,-1.0631,-17.3461,-24.2416,-11.6146,0.9361,0.9361,0,-24.2416,-11.6146,0.9361,0.9361,0,-24.2416,-11.6146,0.9361,0.9361,0
lt1,columbus-oh:31914,columbus-oh,typejsuVwj-PGxDav9pC8Q,round1,0.3479,86.4171,647.1483,-3.3349,-7.1811,-3.2939,-3.8775,5.5447,17.0684,0.9957,0.9957,0,5.5447,17.0684,0.9957,0.9957,0,5.5447,17.0684,0.9957,0.9957,0
lt1,columbus-oh:31914,columbus-oh,typejsuVwj-PGxDav9pC8Q,round2,0.3479,86.4171,647.1483,-3.3349,-7.1811,-3.2939,-3.8775,6.2168,-35.3985,1.0,1.0359,0,6.2168,-35.3985,1.0,1.0359,0,6.2168,-35.3985,1.0,1.0359,0
lt1,columbus-oh:96,columbus-oh,uP-iV_zyoAUeMX-hSwJD_Q,round1,-0.5079,54.1371,637.3978,6.4514,10.3792,20.7808,-10.5076,43.9241,-30.3673,0.9704,0.9704,0,43.9241,-30.3673,0.9704,0.9704,0,43.9241,-30.3673,0.9704,0.9704,0
lt1,columbus-oh:96,columbus-oh,uP-iV_zyoAUeMX-hSwJD_Q,round2,-0.5079,54.1371,637.3978,6.4514,10.3792,20.7808,-10.5076,85.8629,-34.4646,0.9489,0.9489,1,100.8401,-34.3964,0.9833,0.9833,0,85.8629,-34.4646,0.9489,0.9489,1
lt1,columbus-oh:8021,columbus-oh,w990Akck0Gq2phBM1VitnA,round1,-0.1054,488.0919,689.0616,-3.2551,1.9871,8.275,-6.3086,46.3289,-17.0251,0.9514,0.9514,0,46.3289,-17.0251,0.9514,0.9514,0,46.3289,-17.0251,0.9514,0.9514,0
lt1,columbus-oh:8021,columbus-oh,w990Akck0Gq2phBM1VitnA,round2,-0.1054,488.0919,689.0616,-3.2551,1.9871,8.275,-6.3086,47.7746,38.3375,1.0,1.0247,0,47.7746,38.3375,1.0,1.0247,0,47.7746,38.3375,1.0,1.0247,0
lt1,columbus-oh:17397,columbus-oh,ynV90am_zGbTs3p2xHFulg,round1,0.2871,260.0386,740.4667,-3.8419,-5.4993,3.2539,-8.7622,25.4129,-2.8452,0.9489,0.9489,0,25.4129,-2.8452,0.9489,0.9489,0,25.4129,-2.8452,0.9489,0.9489,0
lt1,columbus-oh:17397,columbus-oh,ynV90am_zGbTs3p2xHFulg,round2,0.2871,260.0386,740.4667,-3.8419,-5.4993,3.2539,-8.7622,24.3635,-2.7927,1.0,1.0196,0,24.3635,-2.7927,1.0,1.0196,0,24.3635,-2.7927,1.0,1.0196,0
lt1,columbus-oh:31662,columbus-oh,z_l33_Dksxl18m8hTYIwyg,round1,0.7117,512.6748,784.5177,1.7624,-13.5895,-6.9937,-6.5833,34.3494,5.6183,0.297,0.297,0,-144.6748,-104.5177,0.3848,0.3848,1,34.3494,5.6183,0.297,0.297,0
lt1,columbus-oh:31662,columbus-oh,z_l33_Dksxl18m8hTYIwyg,round2,0.7117,512.6748,784.5177,1.7624,-13.5895,-6.9937,-6.5833,28.3362,9.0604,0.1362,0.1362,0,-148.6748,-104.5177,0.3855,0.3855,1,28.3362,9.0604,0.1362,0.1362,0
lt1,knox-oh:27253,knox-oh,sgwN5vpKCOkmbPwofyD9MQ,round1,0.2855,563.9393,908.9646,9.5884,-4.5507,-13.4629,8.9289,-25.9405,21.7155,0.9272,0.9272,0,-25.9405,21.7155,0.9272,0.9272,0,-25.9405,21.7155,0.9272,0.9272,0
lt1,knox-oh:27253,knox-oh,sgwN5vpKCOkmbPwofyD9MQ,round2,0.2855,563.9393,908.9646,9.5884,-4.5507,-13.4629,8.9289,-25.3043,16.815,1.0,1.0195,0,-25.3043,16.815,1.0,1.0195,0,-25.3043,16.815,1.0,1.0195,0
lt1,knox-oh:28175,knox-oh,vjnu5yjG1TUNBNavLfNMWw,round1,0.6539,208.6599,823.0852,1.4453,-12.3548,-7.8269,-4.5298,73.0151,29.8642,0.9087,0.9087,0,73.0151,29.8642,0.9087,0.9087,0,73.0151,29.8642,0.9087,0.9087,0
lt1,knox-oh:28175,knox-oh,vjnu5yjG1TUNBNavLfNMWw,round2,0.6539,208.6599,823.0852,1.4453,-12.3548,-7.8269,-4.5298,77.0818,30.7195,0.993,0.993,1,77.0818,30.7195,0.993,0.993,0,77.0818,30.7195,0.993,0.993,1
lt1,newberg-or:11046,newberg-or,03eQ9Tv3TkIZDxujOQEgYw,round1,-0.393,130.8501,851.4826,-3.5549,7.6429,4.6712,2.9705,83.2682,13.1716,0.9094,0.9094,1,83.2682,13.1716,0.9094,0.9094,0,83.2682,13.1716,0.9094,0.9094,1
lt1,newberg-or:11046,newberg-or,03eQ9Tv3TkIZDxujOQEgYw,round2,-0.393,130.8501,851.4826,-3.5549,7.6429,4.6712,2.9705,29.36,12.7604,1.0,1.0025,0,29.36,12.7604,1.0,1.0025,0,29.36,12.7604,1.0,1.0025,0
lt1,newberg-or:9616,newberg-or,0jguLUXJYQGcCRkigMxGPA,round1,-0.3458,361.3985,689.8626,-1.3653,6.8168,-1.1904,8.0035,-7.7276,-13.8814,0.952,0.952,0,-7.7276,-13.8814,0.952,0.952,0,-7.7276,-13.8814,0.952,0.952,0
lt1,newberg-or:9616,newberg-or,0jguLUXJYQGcCRkigMxGPA,round2,-0.3458,361.3985,689.8626,-1.3653,6.8168,-1.1904,8.0035,43.0535,-17.9049,0.964,0.964,0,43.0535,-17.9049,0.964,0.964,0,43.0535,-17.9049,0.964,0.964,0
lt1,newberg-or:17371,newberg-or,3FfxnFag6HxTg_g1ZwlUfA,round1,0.9493,386.8408,985.6881,-5.1391,-17.1697,-8.6104,-8.5829,-34.9164,1.0958,0.9699,0.9699,0,-34.9164,1.0958,0.9699,0.9699,0,-34.9164,1.0958,0.9699,0.9699,0
lt1,newberg-or:17371,newberg-or,3FfxnFag6HxTg_g1ZwlUfA,round2,0.9493,386.8408,985.6881,-5.1391,-17.1697,-8.6104,-8.5829,-33.5525,-55.7636,0.9866,0.9866,0,-33.5525,-55.7636,0.9866,0.9866,0,-33.5525,-55.7636,0.9866,0.9866,0
lt1,newberg-or:12640,newberg-or,5ZvPfkFQZkAisEqWzWvPmw,round1,-0.3424,242.2865,833.8622,6.4828,6.0844,1.6708,4.4161,-18.4458,27.8168,0.8982,0.8982,0,-18.4458,27.8168,0.8982,0.8982,0,-18.4458,27.8168,0.8982,0.8982,0
lt1,newberg-or:12640,newberg-or,5ZvPfkFQZkAisEqWzWvPmw,round2,-0.3424,242.2865,833.8622,6.4828,6.0844,1.6708,4.4161,85.7135,22.846,0.9116,0.9116,1,101.0722,23.2859,0.9246,0.9246,0,85.7135,22.846,0.9116,0.9116,1
lt1,newberg-or:2645,newberg-or,6fLjgoQ6IoOGarc5u_Qm4Q,round1,-0.2417,264.704,932.1083,11.1367,3.8578,13.1168,-9.2348,23.8079,-8.0189,0.9505,0.9505,0,23.8079,-8.0189,0.9505,0.9505,0,23.8079,-8.0189,0.9505,0.9505,0
lt1,newberg-or:2645,newberg-or,6fLjgoQ6IoOGarc5u_Qm4Q,round2,-0.2417,264.704,932.1083,11.1367,3.8578,13.1168,-9.2348,26.7045,-8.0717,0.9934,0.9934,0,26.7045,-8.0717,0.9934,0.9934,0,26.7045,-8.0717,0.9934,0.9934,0
lt1,newberg-or:7603,newberg-or,7wUau7AFvKOVDi3ZPOaGkw,round1,0.4666,336.6445,874.9062,-12.1977,-8.6848,11.9767,-20.6487,5.4719,50.0121,0.8829,0.8829,0,5.4719,50.0121,0.8829,0.8829,0,5.4719,50.0121,0.8829,0.8829,0
lt1,newberg-or:7603,newberg-or,7wUau7AFvKOVDi3ZPOaGkw,round2,0.4666,336.6445,874.9062,-12.1977,-8.6848,11.9767,-20.6487,7.5154,44.1864,0.9184,0.9184,0,7.5154,44.1864,0.9184,0.9184,0,7.5154,44.1864,0.9184,0.9184,0
lt1,newberg-or:6350,newberg-or,B3RGMDgppYIFc9kiDiE4DA,round1,0.6148,380.9333,839.949,-0.6945,-11.3857,-1.9383,-9.4465,-32.3466,-41.8769,1.0,1.004,0,-32.3466,-41.8769,1.0,1.004,0,-32.3466,-41.8769,1.0,1.004,0
lt1,newberg-or:6350,newberg-or,B3RGMDgppYIFc9kiDiE4DA,round2,0.6148,380.9333,839.949,-0.6945,-11.3857,-1.9383,-9.4465,-30.7231,-42.4077,1.0,1.0172,0,-30.7231,-42.4077,1.0,1.0172,0,-30.7231,-42.4077,1.0,1.0172,0
lt1,newberg-or:10814,newberg-or,Dg4EUAwdAq0J2kUU7RscHw,round1,0.016,161.577,549.726,-4.0221,-0.373,7.0579,-7.4689,-6.0976,49.3256,1.0,1.0018,0,-6.0976,49.3256,1.0,1.0018,0,-6.0976,49.3256,1.0,1.0018,0
lt1,newberg-or:10814,newberg-or,Dg4EUAwdAq0J2kUU7RscHw,round2,0.016,161.577,549.726,-4.0221,-0.373,7.0579,-7.4689,-3.0086,-3.489,0.9816,0.9816,0,-3.0086,-3.489,0.9816,0.9816,0,-3.0086,-3.489,0.9816,0.9816,0
lt1,newberg-or:13250,newberg-or,Dl9w0CKHanbKEo2BrthRQA,round1,-0.7223,235.8158,1312.1973,-11.3932,15.2174,-1.1437,16.3709,-20.4293,-0.3976,0.9167,0.9167,0,-20.4293,-0.3976,0.9167,0.9167,0,-20.4293,-0.3976,0.9167,0.9167,0
lt1,newberg-or:13250,newberg-or,Dl9w0CKHanbKEo2BrthRQA,round2,-0.7223,235.8158,1312.1973,-11.3932,15.2174,-1.1437,16.3709,-19.3781,-7.3785,0.9007,0.9007,0,-19.3781,-7.3785,0.9007,0.9007,0,-19.3781,-7.3785,0.9007,0.9007,0
lt1,newberg-or:7567,newberg-or,FKJWQQ6pgiEtjfdfI_yE9w,round1,-0.0178,238.5618,919.9105,4.4277,0.1053,0.957,-0.8519,-13.9653,1.3551,0.9338,0.9338,0,-13.9653,1.3551,0.9338,0.9338,0,-13.9653,1.3551,0.9338,0.9338,0
lt1,newberg-or:7567,newberg-or,FKJWQQ6pgiEtjfdfI_yE9w,round2,-0.0178,238.5618,919.9105,4.4277,0.1053,0.957,-0.8519,-14.3858,-0.6102,0.978,0.978,0,-14.3858,-0.6102,0.978,0.978,0,-14.3858,-0.6102,0.978,0.978,0
lt1,newberg-or:3117,newberg-or,HKTVIiP4w9w3s0TIWO2ncw,round1,-0.2013,194.8774,827.2401,5.4254,3.4701,8.9419,-5.475,22.5595,26.2246,0.9545,0.9545,0,22.5595,26.2246,0.9545,0.9545,0,22.5595,26.2246,0.9545,0.9545,0
lt1,newberg-or:3117,newberg-or,HKTVIiP4w9w3s0TIWO2ncw,round2,-0.2013,194.8774,827.2401,5.4254,3.4701,8.9419,-5.475,22.1242,-25.2524,1.0,1.0206,0,22.1242,-25.2524,1.0,1.0206,0,22.1242,-25.2524,1.0,1.0206,0
lt1,newberg-or:18248,newberg-or,MhyS-pBArPKwWJXcF1o9IA,round1,-0.434,189.6283,1003.8205,7.7186,7.2008,1.9712,5.2299,27.5372,51.6464,0.9223,0.9223,0,27.5372,51.6464,0.9223,0.9223,0,27.5372,51.6464,0.9223,0.9223,0
lt1,newberg-or:18248,newberg-or,MhyS-pBArPKwWJXcF1o9IA,round2,-0.434,189.6283,1003.8205,7.7186,7.2008,1.9712,5.2299,29.7636,49.979,0.9624,0.9624,0,29.7636,49.979,0.9624,0.9624,0,29.7636,49.979,0.9624,0.9624,0
lt1,newberg-or:6381,newberg-or,Ols2g4Vr10fYBMmLwNrCBA,round1,0.2111,124.2012,786.9446,-5.6837,-3.7749,6.9983,-10.7935,-24.6233,14.047,0.9733,0.9733,0,-24.6233,14.047,0.9733,0.9733,0,-24.6233,14.047,0.9733,0.9733,0
lt1,newberg-or:6381,newberg-or,Ols2g4Vr10fYBMmLwNrCBA,round2,0.2111,124.2012,786.9446,-5.6837,-3.7749,6.9983,-10.7935,25.2061,10.979,1.0,1.0265,0,25.2061,10.979,1.0,1.0265,0,25.2061,10.979,1.0,1.0265,0
lt1,newberg-or:2381,newberg-or,Pd61lMxkjwqPD8_0bOyqEw,round1,-0.1625,563.7819,788.3252,1.5501,3.2334,-1.8559,5.0878,-19.1088,0.2758,0.9289,0.9289,0,-19.1088,0.2758,0.9289,0.9289,0,-19.1088,0.2758,0.9289,0.9289,0
lt1,newberg-or:2381,newberg-or,Pd61lMxkjwqPD8_0bOyqEw,round2,-0.1625,563.7819,788.3252,1.5501,3.2334,-1.8559,5.0878,-15.8305,3.2949,0.9337,0.9337,0,-15.8305,3.2949,0.9337,0.9337,0,-15.8305,3.2949,0.9337,0.9337,0
lt1,newberg-or:5102,newberg-or,Y2Z86EnItG3rPDImpIOGnA,round1,-0.4015,150.2415,647.2989,-3.5716,8.3374,17.4604,-9.207,6.7757,19.6159,0.9566,0.9566,0,6.7757,19.6159,0.9566,0.9566,0,6.7757,19.6159,0.9566,0.9566,0
lt1,newberg-or:5102,newberg-or,Y2Z86EnItG3rPDImpIOGnA,round2,-0.4015,150.2415,647.2989,-3.5716,8.3374,17.4604,-9.207,3.4189,19.1116,0.9798,0.9798,0,3.4189,19.1116,0.9798,0.9798,0,3.4189,19.1116,0.9798,0.9798,0
lt1,newberg-or:14051,newberg-or,bUMnbjxqCQU_hV1xjoJyJA,round1,-0.6851,222.6036,928.0597,8.4116,11.9312,-0.9165,12.8487,-2.9888,52.1317,0.9083,0.9083,0,-2.9888,52.1317,0.9083,0.9083,0,-2.9888,52.1317,0.9083,0.9083,0
lt1,newberg-or:14051,newberg-or,bUMnbjxqCQU_hV1xjoJyJA,round2,-0.6851,222.6036,928.0597,8.4116,11.9312,-0.9165,12.8487,-1.1108,52.4431,0.9212,0.9212,0,-1.1108,52.4431,0.9212,0.9212,0,-1.1108,52.4431,0.9212,0.9212,0
lt1,newberg-or:4941,newberg-or,e1kdgKeRxJiPPPz9ukI1Tg,round1,-0.0722,367.1518,694.1642,8.9659,1.2888,-1.2375,2.5245,39.8009,-20.6073,0.9589,0.9589,0,39.8009,-20.6073,0.9589,0.9589,0,39.8009,-20.6073,0.9589,0.9589,0
lt1,newberg-or:4941,newberg-or,e1kdgKeRxJiPPPz9ukI1Tg,round2,-0.0722,367.1518,694.1642,8.9659,1.2888,-1.2375,2.5245,37.0977,-23.1919,1.0,1.011,0,37.0977,-23.1919,1.0,1.011,0,37.0977,-23.1919,1.0,1.011,0
lt1,newberg-or:11200,newberg-or,gps7D_nVoLhSl3y8VDHP-A,round1,0.2996,485.3107,684.9202,-0.4403,-6.0272,0.4622,-6.4912,50.2145,43.0807,0.9264,0.9264,0,50.2145,43.0807,0.9264,0.9264,0,50.2145,43.0807,0.9264,0.9264,0
lt1,newberg-or:11200,newberg-or,gps7D_nVoLhSl3y8VDHP-A,round2,0.2996,485.3107,684.9202,-0.4403,-6.0272,0.4622,-6.4912,51.3658,-11.6867,0.903,0.903,0,51.3658,-11.6867,0.903,0.903,0,51.3658,-11.6867,0.903,0.903,0
lt1,newberg-or:756,newberg-or,kyxrahc77w2z75TAQU9doA,round1,-0.6361,167.692,647.8898,16.5598,11.9342,39.6772,-28.0881,50.5398,19.9846,0.9954,0.9954,0,50.5398,19.9846,0.9954,0.9954,0,50.5398,19.9846,0.9954,0.9954,0
lt1,newberg-or:756,newberg-or,kyxrahc77w2z75TAQU9doA,round2,-0.6361,167.692,647.8898,16.5598,11.9342,39.6772,-28.0881,52.3041,20.3687,1.0,1.0516,0,52.3041,20.3687,1.0,1.0516,0,52.3041,20.3687,1.0,1.0516,0
lt1,newberg-or:10597,newberg-or,pV6ygdJjUolRf7F9prg6hA,round1,0.6289,193.694,796.1669,10.1774,-12.6011,2.8125,-15.4129,32.2136,2.5966,0.7999,0.7999,0,32.2136,2.5966,0.7999,0.7999,0,32.2136,2.5966,0.7999,0.7999,0
lt1,newberg-or:10597,newberg-or,pV6ygdJjUolRf7F9prg6hA,round2,0.6289,193.694,796.1669,10.1774,-12.6011,2.8125,-15.4129,31.8494,1.4641,0.9876,0.9876,0,31.8494,1.4641,0.9876,0.9876,0,31.8494,1.4641,0.9876,0.9876,0
lt1,newberg-or:9338,newberg-or,qvk2YRvbPro0ZNV2OL1Y7Q,round1,0.2485,248.6668,676.6904,-4.1856,-4.9465,6.6649,-11.6466,32.551,-1.6451,0.9378,0.9378,0,32.551,-1.6451,0.9378,0.9378,0,32.551,-1.6451,0.9378,0.9378,0
lt1,newberg-or:9338,newberg-or,qvk2YRvbPro0ZNV2OL1Y7Q,round2,0.2485,248.6668,676.6904,-4.1856,-4.9465,6.6649,-11.6466,32.1532,-4.077,0.9752,0.9752,0,32.1532,-4.077,0.9752,0.9752,0,32.1532,-4.077,0.9752,0.9752,0
lt1,newberg-or:568,newberg-or,x_T1fIAvBLICfimLoiwKdw,round1,-0.6528,262.4602,804.4887,-6.1937,12.3096,10.8617,1.4495,-34.5502,-12.253,0.9378,0.9378,0,-34.5502,-12.253,0.9378,0.9378,0,-34.5502,-12.253,0.9378,0.9378,0
lt1,newberg-or:568,newberg-or,x_T1fIAvBLICfimLoiwKdw,round2,-0.6528,262.4602,804.4887,-6.1937,12.3096,10.8617,1.4495,15.3027,-9.1366,0.9693,0.9693,0,15.3027,-9.1366,0.9693,0.9693,0,15.3027,-9.1366,0.9693,0.9693,0
lt1,oradell-nj:6043,oradell-nj,-NrlMcGdyyP8v7-PDD8rMw,round1,0.0923,434.1146,1059.4737,1.9092,-1.5566,1.0677,-2.6227,69.8854,55.2695,0.8637,0.8637,1,100.3464,55.4617,0.886,0.886,0,69.8854,55.2695,0.8637,0.8637,1
lt1,oradell-nj:6043,oradell-nj,-NrlMcGdyyP8v7-PDD8rMw,round2,0.0923,434.1146,1059.4737,1.9092,-1.5566,1.0677,-2.6227,73.8854,52.6036,0.8248,0.8248,1,99.217,52.7286,0.839,0.839,0,73.8854,52.6036,0.8248,0.8248,1
lt1,oradell-nj:11665,oradell-nj,49cbvrRSrObGF9sIDL2Z_w,round1,0.4272,404.1676,917.1249,5.1127,-7.631,-0.7216,-6.9083,67.571,6.8604,0.9313,0.9313,0,67.571,6.8604,0.9313,0.9313,0,67.571,6.8604,0.9313,0.9313,0
lt1,oradell-nj:11665,oradell-nj,49cbvrRSrObGF9sIDL2Z_w,round2,0.4272,404.1676,917.1249,5.1127,-7.631,-0.7216,-6.9083,76.4676,6.844,0.9212,0.9212,0,76.4676,6.844,0.9212,0.9212,0,76.4676,6.844,0.9212,0.9212,0
lt1,oradell-nj:13540,oradell-nj,DO2zCsMVHkAsMWgTb-bQLA,round1,-0.8079,601.7231,781.0085,10.8258,16.3183,-9.7986,26.0089,-56.7318,12.7388,0.9656,0.9656,0,-56.7318,12.7388,0.9656,0.9656,0,-56.7318,12.7388,0.9656,0.9656,0
lt1,oradell-nj:13540,oradell-nj,DO2zCsMVHkAsMWgTb-bQLA,round2,-0.8079,601.7231,781.0085,10.8258,16.3183,-9.7986,26.0089,-3.3686,15.2125,1.0,1.005,0,-3.3686,15.2125,1.0,1.005,0,-3.3686,15.2125,1.0,1.005,0
lt1,oradell-nj:12717,oradell-nj,MPrrQBdmii4bX5hAEB-f0Q,round1,-0.8853,381.9548,644.2502,-4.4176,17.8364,23.8395,-6.068,-31.6997,23.9641,1.0,1.0541,0,-31.6997,23.9641,1.0,1.0541,0,-31.6997,23.9641,1.0,1.0541,0
lt1,oradell-nj:12717,oradell-nj,MPrrQBdmii4bX5hAEB-f0Q,round2,-0.8853,381.9548,644.2502,-4.4176,17.8364,23.8395,-6.068,-29.1084,22.9796,1.0,1.0833,0,-29.1084,22.9796,1.0,1.0833,0,-29.1084,22.9796,1.0,1.0833,0
lt1,oradell-nj:3795,oradell-nj,Nc2LRFgtCRQs6r0fml2oAw,round1,-0.2895,340.7107,849.419,-9.5531,5.2051,15.75,-10.5443,6.679,3.02,0.9793,0.9793,0,6.679,3.02,0.9793,0.9793,0,6.679,3.02,0.9793,0.9793,0
lt1,oradell-nj:3795,oradell-nj,Nc2LRFgtCRQs6r0fml2oAw,round2,-0.2895,340.7107,849.419,-9.5531,5.2051,15.75,-10.5443,6.9999,6.3071,1.0,1.0181,0,6.9999,6.3071,1.0,1.0181,0,6.9999,6.3071,1.0,1.0181,0
lt1,oradell-nj:9450,oradell-nj,bvb0bjV-cDOVt7_fOtlUAA,round1,0.0266,398.3398,701.1012,2.1815,-0.5063,4.4002,-4.915,12.9324,-27.3892,0.9938,0.9938,0,12.9324,-27.3892,0.9938,0.9938,0,12.9324,-27.3892,0.9938,0.9938,0
lt1,oradell-nj:9450,oradell-nj,bvb0bjV-cDOVt7_fOtlUAA,round2,0.0266,398.3398,701.1012,2.1815,-0.5063,4.4002,-4.915,13.1517,-27.1632,1.0,1.0688,0,13.1517,-27.1632,1.0,1.0688,0,13.1517,-27.1632,1.0,1.0688,0
lt1,oradell-nj:6794,oradell-nj,gSaR8uyJzEFT8fXsGuYEFg,round1,0.3588,141.8539,692.2287,6.0048,-7.5799,4.1474,-11.738,14.145,-18.612,0.9778,0.9778,0,14.145,-18.612,0.9778,0.9778,0,14.145,-18.612,0.9778,0.9778,0
lt1,oradell-nj:6794,oradell-nj,gSaR8uyJzEFT8fXsGuYEFg,round2,0.3588,141.8539,692.2287,6.0048,-7.5799,4.1474,-11.738,14.9572,-21.4129,1.0,1.0107,0,14.9572,-21.4129,1.0,1.0107,0,14.9572,-21.4129,1.0,1.0107,0
lt1,oradell-nj:998,oradell-nj,ix6cVDDzxbgAcmBR4X0ghQ,round1,-0.4978,127.044,500.6242,-2.5226,11.3101,22.2278,-11.0974,-34.9993,38.2233,1.0,1.0388,0,-34.9993,38.2233,1.0,1.0388,0,-34.9993,38.2233,1.0,1.0388,0
lt1,oradell-nj:998,oradell-nj,ix6cVDDzxbgAcmBR4X0ghQ,round2,-0.4978,127.044,500.6242,-2.5226,11.3101,22.2278,-11.0974,-35.6226,41.8193,0.959,0.959,0,-35.6226,41.8193,0.959,0.959,0,-35.6226,41.8193,0.959,0.959,0
lt1,oradell-nj:9947,oradell-nj,lHTT7MQsuMvOrdozvLk6dg,round1,-0.6692,365.8562,618.0253,4.7271,13.727,24.6158,-11.0317,-11.0355,-8.6643,0.7993,0.7993,0,-11.0355,-8.6643,0.7993,0.7993,0,-11.0355,-8.6643,0.7993,0.7993,0
lt1,oradell-nj:9947,oradell-nj,lHTT7MQsuMvOrdozvLk6dg,round2,-0.6692,365.8562,618.0253,4.7271,13.727,24.6158,-11.0317,39.9712,-7.4312,0.9008,0.9008,0,39.9712,-7.4312,0.9008,0.9008,0,39.9712,-7.4312,0.9008,0.9008,0
lt1,oradell-nj:7823,oradell-nj,qHCckZgADzG0R7s28w-Akg,round1,-0.737,564.7853,693.2508,-4.0398,14.6473,12.5227,2.1345,-21.077,37.8569,1.0,1.0289,0,-21.077,37.8569,1.0,1.0289,0,-21.077,37.8569,1.0,1.0289,0
lt1,oradell-nj:7823,oradell-nj,qHCckZgADzG0R7s28w-Akg,round2,-0.737,564.7853,693.2508,-4.0398,14.6473,12.5227,2.1345,-17.9127,45.6384,0.9588,0.9588,0,-17.9127,45.6384,0.9588,0.9588,0,-17.9127,45.6384,0.9588,0.9588,0
lt1,oradell-nj:10717,oradell-nj,xDFQWkFNxnjzcVli4J9wOg,round1,0.0743,282.9811,636.3217,-1.4475,-1.5149,3.1805,-4.7033,3.2422,-28.3386,1.0,1.0102,0,3.2422,-28.3386,1.0,1.0102,0,3.2422,-28.3386,1.0,1.0102,0
lt1,oradell-nj:10717,oradell-nj,xDFQWkFNxnjzcVli4J9wOg,round2,0.0743,282.9811,636.3217,-1.4475,-1.5149,3.1805,-4.7033,3.118,-26.8053,1.0,1.0452,0,3.118,-26.8053,1.0,1.0452,0,3.118,-26.8053,1.0,1.0452,0
lt1,pittsburgh-pa:7728,pittsburgh-pa,8l4DgRcEg861mI6AOohAFA,round1,0.5399,499.072,723.8407,-0.3466,-10.6597,-9.0431,-1.6109,-17.0195,66.0451,0.9054,0.9054,0,-17.0195,66.0451,0.9054,0.9054,0,-17.0195,66.0451,0.9054,0.9054,0
lt1,pittsburgh-pa:7728,pittsburgh-pa,8l4DgRcEg861mI6AOohAFA,round2,0.5399,499.072,723.8407,-0.3466,-10.6597,-9.0431,-1.6109,-16.2365,66.3943,0.9665,0.9665,0,-16.2365,66.3943,0.9665,0.9665,0,-16.2365,66.3943,0.9665,0.9665,0
lt1,pittsburgh-pa:4078,pittsburgh-pa,H7kZJpl7IGuYwareZCUiuA,round1,0.0158,142.1814,665.9059,4.2676,-0.5238,-12.8124,12.2073,16.0536,-1.2099,0.9382,0.9382,0,16.0536,-1.2099,0.9382,0.9382,0,16.0536,-1.2099,0.9382,0.9382,0
lt1,pittsburgh-pa:4078,pittsburgh-pa,H7kZJpl7IGuYwareZCUiuA,round2,0.0158,142.1814,665.9059,4.2676,-0.5238,-12.8124,12.2073,11.1324,2.0803,0.9379,0.9379,0,11.1324,2.0803,0.9379,0.9379,0,11.1324,2.0803,0.9379,0.9379,0
lt1,pittsburgh-pa:14536,pittsburgh-pa,HycRp-PCVOgiwXhzFShbOg,round1,0.9371,53.9795,603.4915,-6.009,-20.2945,-11.6095,-8.6088,33.2739,2.3509,0.9234,0.9234,0,33.2739,2.3509,0.9234,0.9234,0,33.2739,2.3509,0.9234,0.9234,0
lt1,pittsburgh-pa:14536,pittsburgh-pa,HycRp-PCVOgiwXhzFShbOg,round2,0.9371,53.9795,603.4915,-6.009,-20.2945,-11.6095,-8.6088,37.8404,0.1437,0.9933,0.9933,0,37.8404,0.1437,0.9933,0.9933,0,37.8404,0.1437,0.9933,0.9933,0
lt1,pittsburgh-pa:11274,pittsburgh-pa,J7Cv3LU5naNcdMze91HmTw,round1,0.6764,432.6684,942.9384,-2.8529,-12.3695,0.5377,-12.9083,91.3316,-11.5659,0.8042,0.8042,1,108.8479,-11.3671,0.8473,0.8473,0,91.3316,-11.5659,0.8042,0.8042,1
lt1,pittsburgh-pa:11274,pittsburgh-pa,J7Cv3LU5naNcdMze91HmTw,round2,0.6764,432.6684,942.9384,-2.8529,-12.3695,0.5377,-12.9083,79.3316,41.5921,0.6295,0.6295,1,100.5955,41.6697,0.6359,0.6359,0,75.3316,41.5609,0.6273,0.6273,1
lt1,pittsburgh-pa:14317,pittsburgh-pa,LqT3kmievks2ncNUfzD2LA,round1,-0.0248,328.5526,736.2679,3.435,0.4435,-6.1398,6.5715,13.8725,-2.1213,0.931,0.931,0,13.8725,-2.1213,0.931,0.931,0,13.8725,-2.1213,0.931,0.931,0
lt1,pittsburgh-pa:14317,pittsburgh-pa,LqT3kmievks2ncNUfzD2LA,round2,-0.0248,328.5526,736.2679,3.435,0.4435,-6.1398,6.5715,14.7413,-5.8772,0.9826,0.9826,0,14.7413,-5.8772,0.9826,0.9826,0,14.7413,-5.8772,0.9826,0.9826,0
lt1,pittsburgh-pa:15729,pittsburgh-pa,NGZ2y0cDHhIEJXrW0a4xAA,round1,-0.0657,305.4674,801.5305,-2.3374,1.2484,-3.2216,4.468,-93.4674,0.5692,0.8385,0.8385,1,-143.4539,50.5148,0.8426,0.8426,0,-93.4674,0.5692,0.8385,0.8385,1
lt1,pittsburgh-pa:15729,pittsburgh-pa,NGZ2y0cDHhIEJXrW0a4xAA,round2,-0.0657,305.4674,801.5305,-2.3374,1.2484,-3.2216,4.468,36.7253,-2.0029,0.8956,0.8956,0,36.7253,-2.0029,0.8956,0.8956,0,36.7253,-2.0029,0.8956,0.8956,0
lt1,pittsburgh-pa:7292,pittsburgh-pa,SklPhCliXP8klcs0DYgONQ,round1,0.6028,218.0767,654.786,-4.772,-12.2617,3.955,-16.2494,5.3388,12.1581,0.9498,0.9498,0,5.3388,12.1581,0.9498,0.9498,0,5.3388,12.1581,0.9498,0.9498,0
lt1,pittsburgh-pa:7292,pittsburgh-pa,SklPhCliXP8klcs0DYgONQ,round2,0.6028,218.0767,654.786,-4.772,-12.2617,3.955,-16.2494,7.9933,6.6155,0.9787,0.9787,0,7.9933,6.6155,0.9787,0.9787,0,7.9933,6.6155,0.9787,0.9787,0
lt1,pittsburgh-pa:2427,pittsburgh-pa,TG3rl6D0m-RvnzsX4kdizA,round1,-0.7834,299.4505,664.2517,8.2897,15.4513,29.4145,-14.127,-17.0105,-0.126,0.9561,0.9561,0,-17.0105,-0.126,0.9561,0.9561,0,-17.0105,-0.126,0.9561,0.9561,0
lt1,pittsburgh-pa:2427,pittsburgh-pa,TG3rl6D0m-RvnzsX4kdizA,round2,-0.7834,299.4505,664.2517,8.2897,15.4513,29.4145,-14.127,-17.6339,3.956,1.0,1.0182,0,-17.6339,3.956,1.0,1.0182,0,-17.6339,3.956,1.0,1.0182,0
lt1,pittsburgh-pa:11285,pittsburgh-pa,YV06m-8BMbj_8CAgEZhsDQ,round1,0.4315,120.1088,1112.487,-8.3003,-6.8631,-2.5398,-4.3251,-21.4293,64.9767,0.9223,0.9223,0,-21.4293,64.9767,0.9223,0.9223,0,-21.4293,64.9767,0.9223,0.9223,0
lt1,pittsburgh-pa:11285,pittsburgh-pa,YV06m-8BMbj_8CAgEZhsDQ,round2,0.4315,120.1088,1112.487,-8.3003,-6.8631,-2.5398,-4.3251,-20.251,64.6016,0.9265,0.9265,0,-20.251,64.6016,0.9265,0.9265,0,-20.251,64.6016,0.9265,0.9265,0
lt1,pittsburgh-pa:9961,pittsburgh-pa,ZZy7HSWqg7Ie9q1b7AB7Dg,round1,-0.4342,93.4061,728.5096,6.8668,8.1918,14.4883,-6.2986,2.8062,5.9354,0.9134,0.9134,0,2.8062,5.9354,0.9134,0.9134,0,2.8062,5.9354,0.9134,0.9134,0
lt1,pittsburgh-pa:9961,pittsburgh-pa,ZZy7HSWqg7Ie9q1b7AB7Dg,round2,-0.4342,93.4061,728.5096,6.8668,8.1918,14.4883,-6.2986,56.4179,4.6156,0.9509,0.9509,0,56.4179,4.6156,0.9509,0.9509,0,56.4179,4.6156,0.9509,0.9509,0
lt1,pittsburgh-pa:12092,pittsburgh-pa,ayc3aJ0nYvK_3qXjJeudpQ,round1,0.7341,574.6981,748.605,32.1505,-14.4843,-28.5857,13.9016,27.0428,-9.4938,0.8049,0.8049,0,27.0428,-9.4938,0.8049,0.8049,0,27.0428,-9.4938,0.8049,0.8049,0
lt1,pittsburgh-pa:12092,pittsburgh-pa,ayc3aJ0nYvK_3qXjJeudpQ,round2,0.7341,574.6981,748.605,32.1505,-14.4843,-28.5857,13.9016,34.8661,-15.8495,0.9498,0.9498,0,34.8661,-15.8495,0.9498,0.9498,0,34.8661,-15.8495,0.9498,0.9498,0
lt1,pittsburgh-pa:7792,pittsburgh-pa,e9xkxlLID73vJO5gpSzGBQ,round1,-0.2605,277.1871,844.0818,2.3638,4.7456,0.3889,4.3573,68.8284,-46.2554,0.9301,0.9301,0,68.8284,-46.2554,0.9301,0.9301,0,68.8284,-46.2554,0.9301,0.9301,0
lt1,pittsburgh-pa:7792,pittsburgh-pa,e9xkxlLID73vJO5gpSzGBQ,round2,-0.2605,277.1871,844.0818,2.3638,4.7456,0.3889,4.3573,73.0292,-43.2966,0.9875,0.9875,1,73.0292,-43.2966,0.9875,0.9875,0,73.0292,-43.2966,0.9875,0.9875,1
lt1,pittsburgh-pa:14887,pittsburgh-pa,fR8wVE3N1ARL5uq0J-HQaA,round1,0.278,278.1808,725.7739,13.2514,-5.9602,2.9741,-8.9485,-90.1808,4.887,0.7271,0.7271,1,-178.1808,3.9891,0.8054,0.8054,1,-78.1808,4.913,0.7188,0.7188,1
lt1,pittsburgh-pa:14887,pittsburgh-pa,fR8wVE3N1ARL5uq0J-HQaA,round2,0.278,278.1808,725.7739,13.2514,-5.9602,2.9741,-8.9485,4.1156,1.3298,0.8968,0.8968,0,4.1156,1.3298,0.8968,0.8968,0,4.1156,1.3298,0.8968,0.8968,0
lt1,pittsburgh-pa:4043,pittsburgh-pa,giGZN4nw8wyTWHonrFDVhQ,round1,-0.5886,566.6444,654.0723,-8.7759,11.6477,2.7272,8.9414,-28.3603,9.7414,0.9776,0.9776,0,-28.3603,9.7414,0.9776,0.9776,0,-28.3603,9.7414,0.9776,0.9776,0
lt1,pittsburgh-pa:4043,pittsburgh-pa,giGZN4nw8wyTWHonrFDVhQ,round2,-0.5886,566.6444,654.0723,-8.7759,11.6477,2.7272,8.9414,-27.4723,13.2858,1.0,1.0531,0,-27.4723,13.2858,1.0,1.0531,0,-27.4723,13.2858,1.0,1.0531,0
lt1,pittsburgh-pa:9382,pittsburgh-pa,ieXuG4PK1ZPNE7q-zQxHkg,round1,0.9417,381.7102,913.0436,-9.5801,-17.3516,-23.929,6.5905,42.2898,81.9829,0.7935,0.7935,1,92.1248,82.0053,0.8684,0.8684,0,38.2898,74.9564,0.7673,0.7673,1
lt1,pittsburgh-pa:9382,pittsburgh-pa,ieXuG4PK1ZPNE7q-zQxHkg,round2,0.9417,381.7102,913.0436,-9.5801,-17.3516,-23.929,6.5905,54.2898,74.9564,0.8641,0.8641,1,92.6612,76.0413,0.9501,0.9501,0,38.2898,74.9564,0.8311,0.8311,1
lt1,pittsburgh-pa:8840,pittsburgh-pa,jK4oatadgvsvkQ5XZxXuYw,round1,0.9273,237.6345,661.0805,9.2298,-19.3172,-27.6628,8.2376,-76.4386,0.5784,0.9618,0.9618,0,-76.4386,0.5784,0.9618,0.9618,0,-76.4386,0.5784,0.9618,0.9618,1
lt1,pittsburgh-pa:8840,pittsburgh-pa,jK4oatadgvsvkQ5XZxXuYw,round2,0.9273,237.6345,661.0805,9.2298,-19.3172,-27.6628,8.2376,-74.7132,0.4485,0.9392,0.9392,0,-74.7132,0.4485,0.9392,0.9392,0,-74.7132,0.4485,0.9392,0.9392,1
lt1,pittsburgh-pa:13540,pittsburgh-pa,jwtks8IP3MMcx3mb5uGtHg,round1,0.1664,198.6745,1092.5393,-23.6955,-1.2567,14.871,-15.9759,-40.6787,23.8334,0.9006,0.9006,0,-40.6787,23.8334,0.9006,0.9006,0,-40.6787,23.8334,0.9006,0.9006,0
lt1,pittsburgh-pa:13540,pittsburgh-pa,jwtks8IP3MMcx3mb5uGtHg,round2,0.1664,198.6745,1092.5393,-23.6955,-1.2567,14.871,-15.9759,-45.5838,21.2213,0.8292,0.8292,0,-45.5838,21.2213,0.8292,0.8292,0,-45.5838,21.2213,0.8292,0.8292,0
lt1,pittsburgh-pa:15743,pittsburgh-pa,k3n5BnazguVkMgmUeRrQSg,round1,0.8523,526.7059,1115.6981,-5.4599,-16.3653,-15.671,-0.699,10.8671,-5.2228,0.9581,0.9581,0,10.8671,-5.2228,0.9581,0.9581,0,10.8671,-5.2228,0.9581,0.9581,0
lt1,pittsburgh-pa:15743,pittsburgh-pa,k3n5BnazguVkMgmUeRrQSg,round2,0.8523,526.7059,1115.6981,-5.4599,-16.3653,-15.671,-0.699,14.3696,-60.7174,0.9797,0.9797,0,14.3696,-60.7174,0.9797,0.9797,0,14.3696,-60.7174,0.9797,0.9797,0
lt1,pittsburgh-pa:7903,pittsburgh-pa,k4W1LfHCI1bbWg_T22Vy2g,round1,-0.359,487.9592,832.7921,19.62,7.1745,21.7023,-14.5243,49.0875,-35.4062,0.9068,0.9068,0,49.0875,-35.4062,0.9068,0.9068,0,49.0875,-35.4062,0.9068,0.9068,0
lt1,pittsburgh-pa:7903,pittsburgh-pa,k4W1LfHCI1bbWg_T22Vy2g,round2,-0.359,487.9592,832.7921,19.62,7.1745,21.7023,-14.5243,54.8081,-30.1747,0.96,0.96,0,54.8081,-30.1747,0.96,0.96,0,54.8081,-30.1747,0.96,0.96,0
lt1,pittsburgh-pa:3155,pittsburgh-pa,lepktR6J7TIBH3wLFCNkTQ,round1,-0.53,51.8708,610.2207,2.7395,11.2859,1.0795,10.2132,84.1292,-0.2544,0.2381,0.2381,1,172.1292,1.7582,0.2565,0.2565,1,84.1292,-0.2544,0.2381,0.2381,1
lt1,pittsburgh-pa:3155,pittsburgh-pa,lepktR6J7TIBH3wLFCNkTQ,round2,-0.53,51.8708,610.2207,2.7395,11.2859,1.0795,10.2132,38.9901,-1.2021,0.7655,0.7655,0,38.9901,-1.2021,0.7655,0.7655,0,38.9901,-1.2021,0.7655,0.7655,0
lt1,pittsburgh-pa:13533,pittsburgh-pa,mWvrZzGsi54mg4bd7khx4w,round1,0.0922,578.1088,780.6663,-4.3764,-2.1165,2.9146,-5.0294,17.9798,20.4842,0.8853,0.8853,0,17.9798,20.4842,0.8853,0.8853,0,17.9798,20.4842,0.8853,0.8853,0
lt1,pittsburgh-pa:13533,pittsburgh-pa,mWvrZzGsi54mg4bd7khx4w,round2,0.0922,578.1088,780.6663,-4.3764,-2.1165,2.9146,-5.0294,19.9286,17.5265,0.9681,0.9681,0,19.9286,17.5265,0.9681,0.9681,0,19.9286,17.5265,0.9681,0.9681,0
lt1,pittsburgh-pa:108,pittsburgh-pa,q46QZSS5mY1rD6sagDUFPg,round1,0.3659,526.4995,967.6412,12.3973,-5.7488,-15.3906,9.6837,18.5771,16.9756,0.7343,0.7343,0,18.5771,16.9756,0.7343,0.7343,0,18.5771,16.9756,0.7343,0.7343,0
lt1,pittsburgh-pa:108,pittsburgh-pa,q46QZSS5mY1rD6sagDUFPg,round2,0.3659,526.4995,967.6412,12.3973,-5.7488,-15.3906,9.6837,20.0622,13.3126,0.881,0.881,0,20.0622,13.3126,0.881,0.881,0,20.0622,13.3126,0.881,0.881,0
lt1,pittsburgh-pa:12694,pittsburgh-pa,r2YY8rIRYDGwAzZMo2Dvxw,round1,0.1742,527.3501,1165.2986,2.2097,-2.9435,0.7298,-3.6711,20.2864,71.467,0.6864,0.6864,0,20.2864,71.467,0.6864,0.6864,0,20.2864,71.467,0.6864,0.6864,0
lt1,pittsburgh-pa:12694,pittsburgh-pa,r2YY8rIRYDGwAzZMo2Dvxw,round2,0.1742,527.3501,1165.2986,2.2097,-2.9435,0.7298,-3.6711,79.8541,16.4467,0.892,0.892,1,79.8541,16.4467,0.892,0.892,0,79.8541,16.4467,0.892,0.892,1
lt1,seattle-wa:142529,seattle-wa,0Hvd83JtJGgUw43In579lA,round1,-0.5355,396.5238,667.4597,-6.1724,10.5585,1.5964,8.9707,16.7258,-1.3247,1.0,1.0169,0,16.7258,-1.3247,1.0,1.0169,0,16.7258,-1.3247,1.0,1.0169,0
lt1,seattle-wa:142529,seattle-wa,0Hvd83JtJGgUw43In579lA,round2,-0.5355,396.5238,667.4597,-6.1724,10.5585,1.5964,8.9707,18.1638,2.4432,1.0,1.0818,0,18.1638,2.4432,1.0,1.0818,0,18.1638,2.4432,1.0,1.0818,0
lt1,seattle-wa:174981,seattle-wa,0NKtatBYzwTtWpLknIM3AQ,round1,-0.1832,113.0791,731.361,-10.0827,3.98,12.6386,-8.7317,-14.9583,-4.1318,0.9386,0.9386,0,-14.9583,-4.1318,0.9386,0.9386,0,-14.9583,-4.1318,0.9386,0.9386,0
lt1,seattle-wa:174981,seattle-wa,0NKtatBYzwTtWpLknIM3AQ,round2,-0.1832,113.0791,731.361,-10.0827,3.98,12.6386,-8.7317,-13.4843,-0.0196,0.9736,0.9736,0,-13.4843,-0.0196,0.9736,0.9736,0,-13.4843,-0.0196,0.9736,0.9736,0
lt1,seattle-wa:49137,seattle-wa,4dxjAWcF8o75f4PCiqKYyg,round1,-0.947,123.8857,658.4551,0.4685,19.3854,20.2003,-0.8276,-24.0233,15.1783,0.9347,0.9347,0,-24.0233,15.1783,0.9347,0.9347,0,-24.0233,15.1783,0.9347,0.9347,0
lt1,seattle-wa:49137,seattle-wa,4dxjAWcF8o75f4PCiqKYyg,round2,-0.947,123.8857,658.4551,0.4685,19.3854,20.2003,-0.8276,24.5977,15.605,0.9662,0.9662,0,24.5977,15.605,0.9662,0.9662,0,24.5977,15.605,0.9662,0.9662,0
lt1,seattle-wa:76236,seattle-wa,5sv71LvpTHD5wwI8CFCF_g,round1,0.9907,106.653,946.9298,-5.7185,-17.8616,-12.2506,-5.627,47.4609,-78.9298,0.9119,0.9119,1,47.5085,-84.4179,0.9237,0.9237,0,47.5085,-84.4179,0.9237,0.9237,1
lt1,seattle-wa:76236,seattle-wa,5sv71LvpTHD5wwI8CFCF_g,round2,0.9907,106.653,946.9298,-5.7185,-17.8616,-12.2506,-5.627,48.5736,-78.9298,0.9936,0.9936,1,48.4363,-87.8395,1.0,1.0129,0,48.5097,-86.9298,1.0,1.0111,1
lt1,seattle-wa:206103,seattle-wa,7Jtm1ZoAV1Iv9kU7BVMniw,round1,-0.1059,97.5937,802.8797,2.8069,1.831,1.894,-0.0631,-0.2181,-0.3797,0.8969,0.8969,0,-0.2181,-0.3797,0.8969,0.8969,0,-0.2181,-0.3797,0.8969,0.8969,0
lt1,seattle-wa:206103,seattle-wa,7Jtm1ZoAV1Iv9kU7BVMniw,round2,-0.1059,97.5937,802.8797,2.8069,1.831,1.894,-0.0631,-3.1689,53.1936,0.9986,0.9986,0,-3.1689,53.1936,0.9986,0.9986,0,-3.1689,53.1936,0.9986,0.9986,0
lt1,seattle-wa:236845,seattle-wa,8IkAZdbzoBQ2uLgsAppj0A,round1,-0.5408,89.6575,897.7302,-11.2648,11.1304,9.907,1.2202,10.3425,-93.7302,0.5772,0.5772,1,59.7771,-163.6787,0.7128,0.7128,1,14.3425,-81.7302,0.5558,0.5558,1
lt1,seattle-wa:236845,seattle-wa,8IkAZdbzoBQ2uLgsAppj0A,round2,-0.5408,89.6575,897.7302,-11.2648,11.1304,9.907,1.2202,1.2501,22.9584,0.6807,0.6807,0,59.5827,-165.7302,0.7966,0.7966,1,1.2501,22.9584,0.6807,0.6807,0
lt1,seattle-wa:158172,seattle-wa,8s7ej1W_cI9Y6SwnDFBO2g,round1,0.2875,386.363,670.4476,-2.6675,-5.8091,-7.7741,1.9583,27.5934,0.7501,0.9598,0.9598,0,27.5934,0.7501,0.9598,0.9598,0,27.5934,0.7501,0.9598,0.9598,0
lt1,seattle-wa:158172,seattle-wa,8s7ej1W_cI9Y6SwnDFBO2g,round2,0.2875,386.363,670.4476,-2.6675,-5.8091,-7.7741,1.9583,26.5574,3.3382,0.9693,0.9693,0,26.5574,3.3382,0.9693,0.9693,0,26.5574,3.3382,0.9693,0.9693,0
lt1,seattle-wa:152060,seattle-wa,Ac42T5qPBZT149GS_bXydg,round1,-0.3259,541.6349,715.5786,-3.4987,6.2973,9.0299,-2.7407,-1.5507,-47.3544,1.0,1.0215,0,-1.5507,-47.3544,1.0,1.0215,0,-1.5507,-47.3544,1.0,1.0215,0
lt1,seattle-wa:152060,seattle-wa,Ac42T5qPBZT149GS_bXydg,round2,-0.3259,541.6349,715.5786,-3.4987,6.2973,9.0299,-2.7407,-1.7636,-43.1161,1.0,1.0439,0,-1.7636,-43.1161,1.0,1.0439,0,-1.7636,-43.1161,1.0,1.0439,0
lt1,seattle-wa:14879,seattle-wa,EwxYkOdXoVwlsIJODNGjqQ,round1,-0.0191,254.6611,754.1186,5.4009,0.1926,9.7742,-9.605,23.1615,-20.7347,0.958,0.958,0,23.1615,-20.7347,0.958,0.958,0,23.1615,-20.7347,0.958,0.958,0
lt1,seattle-wa:14879,seattle-wa,EwxYkOdXoVwlsIJODNGjqQ,round2,-0.0191,254.6611,754.1186,5.4009,0.1926,9.7742,-9.605,22.2119,36.1556,0.9257,0.9257,0,22.2119,36.1556,0.9257,0.9257,0,22.2119,36.1556,0.9257,0.9257,0
lt1,seattle-wa:191075,seattle-wa,F3KZuo5acrDs-1LVdd2h6Q,round1,0.0422,429.1956,637.565,-3.8027,-0.9626,-12.9434,11.8962,-17.4131,-30.3032,0.7294,0.7294,0,-17.4131,-30.3032,0.7294,0.7294,0,-17.4131,-30.3032,0.7294,0.7294,0
lt1,seattle-wa:191075,seattle-wa,F3KZuo5acrDs-1LVdd2h6Q,round2,0.0422,429.1956,637.565,-3.8027,-0.9626,-12.9434,11.8962,-12.0445,23.9697,0.8791,0.8791,0,-12.0445,23.9697,0.8791,0.8791,0,-12.0445,23.9697,0.8791,0.8791,0
lt1,seattle-wa:188140,seattle-wa,FUdKvlGbdj7eg7pXBLZu2g,round1,-0.1945,393.6045,713.1113,-1.7757,3.7717,-0.8354,4.6057,20.0779,11.3635,0.9482,0.9482,0,20.0779,11.3635,0.9482,0.9482,0,20.0779,11.3635,0.9482,0.9482,0
lt1,seattle-wa:188140,seattle-wa,FUdKvlGbdj7eg7pXBLZu2g,round2,-0.1945,393.6045,713.1113,-1.7757,3.7717,-0.8354,4.6057,21.4872,15.9779,1.0,1.0202,0,21.4872,15.9779,1.0,1.0202,0,21.4872,15.9779,1.0,1.0202,0
lt1,seattle-wa:38459,seattle-wa,FlwkAL1Z6KLZAVmB42MOdA,round1,0.7976,75.2568,708.3086,-11.4803,-15.8142,10.4486,-26.3353,9.7608,-38.0484,0.4834,0.4834,0,9.7608,-38.0484,0.4834,0.4834,0,9.7608,-38.0484,0.4834,0.4834,0
lt1,seattle-wa:38459,seattle-wa,FlwkAL1Z6KLZAVmB42MOdA,round2,0.7976,75.2568,708.3086,-11.4803,-15.8142,10.4486,-26.3353,11.8751,-34.6182,0.7593,0.7593,0,11.8751,-34.6182,0.7593,0.7593,0,11.8751,-34.6182,0.7593,0.7593,0
lt1,seattle-wa:14057,seattle-wa,GK1ACrc3BnbVlHQ6I1pXng,round1,0.5524,174.9994,792.2512,8.6783,-11.1255,-23.62,12.415,39.051,1.0152,0.9166,0.9166,0,39.051,1.0152,0.9166,0.9166,0,39.051,1.0152,0.9166,0.9166,0
lt1,seattle-wa:14057,seattle-wa,GK1ACrc3BnbVlHQ6I1pXng,round2,0.5524,174.9994,792.2512,8.6783,-11.1255,-23.62,12.415,40.3392,-1.4906,0.9463,0.9463,0,40.3392,-1.4906,0.9463,0.9463,0,40.3392,-1.4906,0.9463,0.9463,0
lt1,seattle-wa:3073,seattle-wa,GUHLeza3_msRdKpZNbPIIQ,round1,-0.3918,531.0421,627.4557,-6.9134,7.843,-13.8745,21.5674,6.2783,38.1675,0.9336,0.9336,0,6.2783,38.1675,0.9336,0.9336,0,6.2783,38.1675,0.9336,0.9336,0
lt1,seattle-wa:3073,seattle-wa,GUHLeza3_msRdKpZNbPIIQ,round2,-0.3918,531.0421,627.4557,-6.9134,7.843,-13.8745,21.5674,9.0535,38.344,1.0,1.0606,0,9.0535,38.344,1.0,1.0606,0,9.0535,38.344,1.0,1.0606,0
lt1,seattle-wa:148239,seattle-wa,HQicvpW9LWhBpdxcSw-Tnw,round1,-0.7131,167.675,677.0921,-5.1574,14.4515,1.6333,12.8249,-10.6313,-8.1795,0.8902,0.8902,0,-10.6313,-8.1795,0.8902,0.8902,0,-10.6313,-8.1795,0.8902,0.8902,0
lt1,seattle-wa:148239,seattle-wa,HQicvpW9LWhBpdxcSw-Tnw,round2,-0.7131,167.675,677.0921,-5.1574,14.4515,1.6333,12.8249,-11.1735,49.4941,1.0,1.0588,0,-11.1735,49.4941,1.0,1.0588,0,-11.1735,49.4941,1.0,1.0588,0
lt1,seattle-wa:8143,seattle-wa,HTTQ99phjiolLzTpA-LDDQ,round1,-0.1018,111.9552,637.4401,2.3876,2.0308,7.8455,-5.8377,39.317,28.1383,1.0,1.0221,0,39.317,28.1383,1.0,1.0221,0,39.317,28.1383,1.0,1.0221,0
lt1,seattle-wa:8143,seattle-wa,HTTQ99phjiolLzTpA-LDDQ,round2,-0.1018,111.9552,637.4401,2.3876,2.0308,7.8455,-5.8377,40.0851,30.2482,1.0,1.0249,0,40.0851,30.2482,1.0,1.0249,0,40.0851,30.2482,1.0,1.0249,0
lt1,seattle-wa:184220,seattle-wa,I0GuiszNr9MUB9m5s18weA,round1,-0.4112,297.9018,668.6737,-7.1013,8.1535,17.7695,-9.6891,-9.8952,-0.8167,0.8722,0.8722,0,-9.8952,-0.8167,0.8722,0.8722,0,-9.8952,-0.8167,0.8722,0.8722,0
lt1,seattle-wa:184220,seattle-wa,I0GuiszNr9MUB9m5s18weA,round2,-0.4112,297.9018,668.6737,-7.1013,8.1535,17.7695,-9.6891,-6.2983,3.1325,0.987,0.987,0,-6.2983,3.1325,0.987,0.987,0,-6.2983,3.1325,0.987,0.987,0
lt1,seattle-wa:59632,seattle-wa,P_CJqXDAen51hQ3jvV8XGg,round1,-0.292,460.4783,615.7962,3.0135,6.0927,15.2546,-9.2417,20.4416,-12.363,0.9243,0.9243,0,20.4416,-12.363,0.9243,0.9243,0,20.4416,-12.363,0.9243,0.9243,0
lt1,seattle-wa:59632,seattle-wa,P_CJqXDAen51hQ3jvV8XGg,round2,-0.292,460.4783,615.7962,3.0135,6.0927,15.2546,-9.2417,16.4448,50.0527,1.0,1.0092,0,16.4448,50.0527,1.0,1.0092,0,16.4448,50.0527,1.0,1.0092,0
lt1,seattle-wa:191107,seattle-wa,Q2EEPCX5oRWm-flgwbnNGg,round1,0.7603,617.6103,642.0412,-2.6709,-16.2897,-6.4016,-9.8699,-11.4647,25.0216,0.8669,0.8669,0,-11.4647,25.0216,0.8669,0.8669,0,-11.4647,25.0216,0.8669,0.8669,0
lt1,seattle-wa:191107,seattle-wa,Q2EEPCX5oRWm-flgwbnNGg,round2,0.7603,617.6103,642.0412,-2.6709,-16.2897,-6.4016,-9.8699,-11.5829,-33.6148,0.9892,0.9892,0,-11.5829,-33.6148,0.9892,0.9892,0,-11.5829,-33.6148,0.9892,0.9892,0
lt1,seattle-wa:18028,seattle-wa,QpzIaIrvtBSk-26soy5iEA,round1,0.2218,606.8152,754.5229,15.9267,-3.7703,-14.8212,10.9722,-1.1224,36.1184,0.9077,0.9077,0,-1.1224,36.1184,0.9077,0.9077,0,-1.1224,36.1184,0.9077,0.9077,0
lt1,seattle-wa:18028,seattle-wa,QpzIaIrvtBSk-26soy5iEA,round2,0.2218,606.8152,754.5229,15.9267,-3.7703,-14.8212,10.9722,3.1622,34.7397,0.8821,0.8821,0,3.1622,34.7397,0.8821,0.8821,0,3.1622,34.7397,0.8821,0.8821,0
lt1,seattle-wa:16666,seattle-wa,R9v6VPhrBEMiwOAiK6f5_A,round1,0.358,138.2603,1117.0713,0.193,-6.6444,-1.2395,-5.4097,29.7397,82.9287,0.4873,0.4873,1,53.7397,170.9287,0.7403,0.7403,1,25.7397,82.9287,0.486,0.486,1
lt1,seattle-wa:16666,seattle-wa,R9v6VPhrBEMiwOAiK6f5_A,round2,0.358,138.2603,1117.0713,0.193,-6.6444,-1.2395,-5.4097,33.7397,82.9287,0.2171,0.2171,1,73.7397,166.9287,0.3283,0.3283,1,25.7397,86.9287,0.2147,0.2147,1
lt1,seattle-wa:138506,seattle-wa,RA0QfDScEGktnROl9GskCA,round1,0.831,274.8366,732.1216,10.0411,-16.5569,-34.0503,17.2727,9.8257,-2.1027,0.8423,0.8423,0,9.8257,-2.1027,0.8423,0.8423,0,9.8257,-2.1027,0.8423,0.8423,0
lt1,seattle-wa:138506,seattle-wa,RA0QfDScEGktnROl9GskCA,round2,0.831,274.8366,732.1216,10.0411,-16.5569,-34.0503,17.2727,12.2089,-1.47,0.9824,0.9824,0,12.2089,-1.47,0.9824,0.9824,0,12.2089,-1.47,0.9824,0.9824,0
lt1,seattle-wa:13859,seattle-wa,RO0C24MgKKXC74a2Y6j5zw,round1,-0.0906,546.4828,771.4815,-4.0,1.5073,2.5848,-1.0787,-2.3662,-36.7332,0.9544,0.9544,0,-2.3662,-36.7332,0.9544,0.9544,0,-2.3662,-36.7332,0.9544,0.9544,0
lt1,seattle-wa:13859,seattle-wa,RO0C24MgKKXC74a2Y6j5zw,round2,-0.0906,546.4828,771.4815,-4.0,1.5073,2.5848,-1.0787,-2.8622,19.851,0.9743,0.9743,0,-2.8622,19.851,0.9743,0.9743,0,-2.8622,19.851,0.9743,0.9743,0
lt1,seattle-wa:174921,seattle-wa,Rd9xHgzlk83-YrJU2AO9Jw,round1,0.9061,415.2368,887.0846,1.2512,-16.5379,-14.0016,-2.5415,2.9897,-30.1019,0.9162,0.9162,0,2.9897,-30.1019,0.9162,0.9162,0,2.9897,-30.1019,0.9162,0.9162,0
lt1,seattle-wa:174921,seattle-wa,Rd9xHgzlk83-YrJU2AO9Jw,round2,0.9061,415.2368,887.0846,1.2512,-16.5379,-14.0016,-2.5415,53.4277,-22.8605,0.933,0.933,0,53.4277,-22.8605,0.933,0.933,0,53.4277,-22.8605,0.933,0.933,0
lt1,seattle-wa:71597,seattle-wa,Tms0w93nAYmK0vrcnnrNvQ,round1,-0.8777,205.1952,898.5707,1.5741,15.9791,14.06,1.9108,7.3649,20.0119,0.8707,0.8707,0,7.3649,20.0119,0.8707,0.8707,0,7.3649,20.0119,0.8707,0.8707,0
lt1,seattle-wa:71597,seattle-wa,Tms0w93nAYmK0vrcnnrNvQ,round2,-0.8777,205.1952,898.5707,1.5741,15.9791,14.06,1.9108,10.5601,22.8968,0.9611,0.9611,0,10.5601,22.8968,0.9611,0.9611,0,10.5601,22.8968,0.9611,0.9611,0
lt1,seattle-wa:67405,seattle-wa,UAwJEc56g9W0yRe-yepkbQ,round1,-0.3937,477.215,657.3059,-4.8025,7.8231,-8.2079,15.9725,0.6384,12.271,0.9641,0.9641,0,0.6384,12.271,0.9641,0.9641,0,0.6384,12.271,0.9641,0.9641,0
lt1,seattle-wa:67405,seattle-wa,UAwJEc56g9W0yRe-yepkbQ,round2,-0.3937,477.215,657.3059,-4.8025,7.8231,-8.2079,15.9725,-0.4639,12.3582,0.9895,0.9895,0,-0.4639,12.3582,0.9895,0.9895,0,-0.4639,12.3582,0.9895,0.9895,0
lt1,seattle-wa:204918,seattle-wa,VPDYv-gRwI0GOuVA1lzJeg,round1,0.407,370.8299,875.3489,-8.8616,-7.6381,0.5443,-8.1837,-74.8299,45.1903,0.8839,0.8839,1,-80.3597,45.1642,0.8873,0.8873,0,-74.8299,45.1903,0.8839,0.8839,1
lt1,seattle-wa:204918,seattle-wa,VPDYv-gRwI0GOuVA1lzJeg,round2,0.407,370.8299,875.3489,-8.8616,-7.6381,0.5443,-8.1837,-78.8804,-8.5476,0.8523,0.8523,1,-78.8804,-8.5476,0.8523,0.8523,0,-78.8804,-8.5476,0.8523,0.8523,0
lt1,seattle-wa:178710,seattle-wa,X4TctdVqdMOfTZbD4HmxpA,round1,-0.806,141.5628,693.568,11.621,15.4212,-15.0455,30.3107,11.2189,-19.0829,0.9536,0.9536,0,11.2189,-19.0829,0.9536,0.9536,0,11.2189,-19.0829,0.9536,0.9536,0
lt1,seattle-wa:178710,seattle-wa,X4TctdVqdMOfTZbD4HmxpA,round2,-0.806,141.5628,693.568,11.621,15.4212,-15.0455,30.3107,11.4537,35.187,0.9925,0.9925,0,11.4537,35.187,0.9925,0.9925,0,11.4537,35.187,0.9925,0.9925,0
lt1,seattle-wa:1287,seattle-wa,YYH9cDkRPNoI1y55Clawqg,round1,0.813,246.7275,750.5074,7.9261,-16.0292,0.5251,-16.5558,35.5992,-16.7334,0.9755,0.9755,0,35.5992,-16.7334,0.9755,0.9755,0,35.5992,-16.7334,0.9755,0.9755,0
lt1,seattle-wa:1287,seattle-wa,YYH9cDkRPNoI1y55Clawqg,round2,0.813,246.7275,750.5074,7.9261,-16.0292,0.5251,-16.5558,37.9864,-20.3918,0.9964,0.9964,0,37.9864,-20.3918,0.9964,0.9964,0,37.9864,-20.3918,0.9964,0.9964,0
lt1,seattle-wa:52214,seattle-wa,ZbG5976EwBawB7tQRYTmmg,round1,-0.1555,67.9729,746.7472,3.7079,2.8301,-3.3879,6.2147,20.1573,41.3411,0.6656,0.6656,0,20.1573,41.3411,0.6656,0.6656,0,20.1573,41.3411,0.6656,0.6656,0
lt1,seattle-wa:52214,seattle-wa,ZbG5976EwBawB7tQRYTmmg,round2,-0.1555,67.9729,746.7472,3.7079,2.8301,-3.3879,6.2147,16.6819,42.0267,0.8882,0.8882,0,16.6819,42.0267,0.8882,0.8882,0,16.6819,42.0267,0.8882,0.8882,0
lt1,seattle-wa:129040,seattle-wa,_5RZh2BpuB5HRxnAdjdvIw,round1,0.6693,168.1112,730.4892,7.3108,-13.6274,-19.1253,5.4109,-17.3829,-4.767,0.9002,0.9002,0,-17.3829,-4.767,0.9002,0.9002,0,-17.3829,-4.767,0.9002,0.9002,0
lt1,seattle-wa:129040,seattle-wa,_5RZh2BpuB5HRxnAdjdvIw,round2,0.6693,168.1112,730.4892,7.3108,-13.6274,-19.1253,5.4109,-15.2389,1.2248,0.9946,0.9946,0,-15.2389,1.2248,0.9946,0.9946,0,-15.2389,1.2248,0.9946,0.9946,0
lt1,seattle-wa:141405,seattle-wa,_zWzn0vCo5Z8qxJgEdp4zA,round1,0.0402,580.7726,776.5605,-0.2738,-0.8017,-1.0985,0.2967,22.5628,14.6179,0.9077,0.9077,0,22.5628,14.6179,0.9077,0.9077,0,22.5628,14.6179,0.9077,0.9077,0
lt1,seattle-wa:141405,seattle-wa,_zWzn0vCo5Z8qxJgEdp4zA,round2,0.0402,580.7726,776.5605,-0.2738,-0.8017,-1.0985,0.2967,25.4235,-37.7468,1.0,1.0167,0,25.4235,-37.7468,1.0,1.0167,0,25.4235,-37.7468,1.0,1.0167,0
lt1,seattle-wa:18708,seattle-wa,a-B8dOBQlJJKN1Jm5kibXA,round1,-0.7582,544.7831,770.9606,-14.2479,13.5779,28.0918,-14.5891,-0.6988,26.2923,0.9426,0.9426,0,-0.6988,26.2923,0.9426,0.9426,0,-0.6988,26.2923,0.9426,0.9426,0
lt1,seattle-wa:18708,seattle-wa,a-B8dOBQlJJKN1Jm5kibXA,round2,-0.7582,544.7831,770.9606,-14.2479,13.5779,28.0918,-14.5891,-0.3604,23.6508,0.9953,0.9953,0,-0.3604,23.6508,0.9953,0.9953,0,-0.3604,23.6508,0.9953,0.9953,0
lt1,seattle-wa:119677,seattle-wa,a00_9xCXtCPSnM3onfxQlQ,round1,0.4756,457.0486,727.6513,-2.6139,-9.3887,-2.658,-6.7266,12.0376,-1.4362,0.9501,0.9501,0,12.0376,-1.4362,0.9501,0.9501,0,12.0376,-1.4362,0.9501,0.9501,0
lt1,seattle-wa:119677,seattle-wa,a00_9xCXtCPSnM3onfxQlQ,round2,0.4756,457.0486,727.6513,-2.6139,-9.3887,-2.658,-6.7266,15.3347,-3.1435,0.995,0.995,0,15.3347,-3.1435,0.995,0.995,0,15.3347,-3.1435,0.995,0.995,0
lt1,seattle-wa:263667,seattle-wa,a1UvHcyRtTxLFYfUGBZEBg,round1,0.2487,465.9351,706.7672,-6.8313,-5.2086,7.9509,-13.1864,-50.3188,-40.7872,0.9323,0.9323,0,-50.3188,-40.7872,0.9323,0.9323,0,-50.3188,-40.7872,0.9323,0.9323,0
lt1,seattle-wa:263667,seattle-wa,a1UvHcyRtTxLFYfUGBZEBg,round2,0.2487,465.9351,706.7672,-6.8313,-5.2086,7.9509,-13.1864,-50.6969,-42.6695,1.0,1.0308,0,-50.6969,-42.6695,1.0,1.0308,0,-50.6969,-42.6695,1.0,1.0308,0
lt1,seattle-wa:181799,seattle-wa,aFJ80HjRg9NP6f6q0J5Mkw,round1,0.6166,224.9006,909.5959,0.7178,-11.2991,0.2212,-11.5209,-1.9298,13.0597,0.89,0.89,0,-1.9298,13.0597,0.89,0.89,0,-1.9298,13.0597,0.89,0.89,0
lt1,seattle-wa:181799,seattle-wa,aFJ80HjRg9NP6f6q0J5Mkw,round2,0.6166,224.9006,909.5959,0.7178,-11.2991,0.2212,-11.5209,-6.2728,9.1366,0.9714,0.9714,0,-6.2728,9.1366,0.9714,0.9714,0,-6.2728,9.1366,0.9714,0.9714,0
lt1,seattle-wa:11488,seattle-wa,axmjmYX75vaXoEFZd0ztSA,round1,-0.7087,378.8716,723.2346,-3.3251,13.67,16.0934,-2.4344,-26.3077,7.8622,0.9238,0.9238,0,-26.3077,7.8622,0.9238,0.9238,0,-26.3077,7.8622,0.9238,0.9238,0
lt1,seattle-wa:11488,seattle-wa,axmjmYX75vaXoEFZd0ztSA,round2,-0.7087,378.8716,723.2346,-3.3251,13.67,16.0934,-2.4344,-24.9625,11.5149,0.9948,0.9948,0,-24.9625,11.5149,0.9948,0.9948,0,-24.9625,11.5149,0.9948,0.9948,0
lt1,seattle-wa:75600,seattle-wa,eVwyZG4y2gmzwidr5dlqqA,round1,-0.4499,437.235,641.2831,-0.3717,9.1726,7.4825,1.6958,-18.0384,30.3077,0.9087,0.9087,0,-18.0384,30.3077,0.9087,0.9087,0,-18.0384,30.3077,0.9087,0.9087,0
lt1,seattle-wa:75600,seattle-wa,eVwyZG4y2gmzwidr5dlqqA,round2,-0.4499,437.235,641.2831,-0.3717,9.1726,7.4825,1.6958,31.6432,27.3498,1.0,1.0032,0,31.6432,27.3498,1.0,1.0032,0,31.6432,27.3498,1.0,1.0032,0
lt1,seattle-wa:304192,seattle-wa,ehZOs1Et3GI1xgpy69d1oA,round1,-0.1002,351.522,779.8628,-2.2297,1.8766,-2.9875,4.8614,2.568,13.4567,0.935,0.935,0,2.568,13.4567,0.935,0.935,0,2.568,13.4567,0.935,0.935,0
lt1,seattle-wa:304192,seattle-wa,ehZOs1Et3GI1xgpy69d1oA,round2,-0.1002,351.522,779.8628,-2.2297,1.8766,-2.9875,4.8614,2.6124,17.0302,0.9784,0.9784,0,2.6124,17.0302,0.9784,0.9784,0,2.6124,17.0302,0.9784,0.9784,0
lt1,seattle-wa:85904,seattle-wa,fFvXyiwAbT3izDfwv86-7A,round1,-0.4459,101.7524,620.5972,0.2256,9.4125,10.1433,-0.7367,-11.3704,-12.7898,0.9418,0.9418,0,-11.3704,-12.7898,0.9418,0.9418,0,-11.3704,-12.7898,0.9418,0.9418,0
lt1,seattle-wa:85904,seattle-wa,fFvXyiwAbT3izDfwv86-7A,round2,-0.4459,101.7524,620.5972,0.2256,9.4125,10.1433,-0.7367,-6.5755,-16.3175,0.9406,0.9406,0,-6.5755,-16.3175,0.9406,0.9406,0,-6.5755,-16.3175,0.9406,0.9406,0
lt1,seattle-wa:102679,seattle-wa,gCyTr52qHewdybgYFuU0kQ,round1,0.3988,565.2935,916.8642,3.4521,-7.1173,-0.691,-6.4263,-27.5945,10.9321,0.8032,0.8032,0,-27.5945,10.9321,0.8032,0.8032,0,-27.5945,10.9321,0.8032,0.8032,0
lt1,seattle-wa:102679,seattle-wa,gCyTr52qHewdybgYFuU0kQ,round2,0.3988,565.2935,916.8642,3.4521,-7.1173,-0.691,-6.4263,-86.3591,2.9084,0.8411,0.8411,1,-86.3591,2.9084,0.8411,0.8411,0,-86.3591,2.9084,0.8411,0.8411,1
lt1,seattle-wa:100487,seattle-wa,hrW0LrLaAhG76GPN-Y0VCg,round1,-0.2862,182.9926,883.2571,-4.1309,5.5194,4.9187,0.6003,32.2102,-26.9195,0.9533,0.9533,0,32.2102,-26.9195,0.9533,0.9533,0,32.2102,-26.9195,0.9533,0.9533,0
lt1,seattle-wa:100487,seattle-wa,hrW0LrLaAhG76GPN-Y0VCg,round2,-0.2862,182.9926,883.2571,-4.1309,5.5194,4.9187,0.6003,37.0254,-19.758,0.9795,0.9795,0,37.0254,-19.758,0.9795,0.9795,0,37.0254,-19.758,0.9795,0.9795,0
lt1,seattle-wa:36759,seattle-wa,iPbpFY1-2KL173GGVtcUqw,round1,-0.5371,253.6903,642.956,-3.0613,10.9415,-7.0215,17.9006,25.4788,-33.791,0.9472,0.9472,0,25.4788,-33.791,0.9472,0.9472,0,25.4788,-33.791,0.9472,0.9472,0
lt1,seattle-wa:36759,seattle-wa,iPbpFY1-2KL173GGVtcUqw,round2,-0.5371,253.6903,642.956,-3.0613,10.9415,-7.0215,17.9006,28.6075,24.0489,1.0,1.0922,0,28.6075,24.0489,1.0,1.0922,0,28.6075,24.0489,1.0,1.0922,0
lt1,seattle-wa:14389,seattle-wa,kS0nzS6kzXt4u32W_LQnVg,round1,0.3271,612.1124,611.9051,-1.5138,-7.108,-5.6032,-1.5004,-10.0649,53.3705,0.9397,0.9397,0,-10.0649,53.3705,0.9397,0.9397,0,-10.0649,53.3705,0.9397,0.9397,0
lt1,seattle-wa:14389,seattle-wa,kS0nzS6kzXt4u32W_LQnVg,round2,0.3271,612.1124,611.9051,-1.5138,-7.108,-5.6032,-1.5004,-6.1152,-3.7528,1.0,1.0156,0,-6.1152,-3.7528,1.0,1.0156,0,-6.1152,-3.7528,1.0,1.0156,0
lt1,seattle-wa:55904,seattle-wa,kcbASrfXX_P7MN82kGDWFQ,round1,0.0616,320.966,615.2823,5.9073,-1.4056,18.1576,-19.7593,-72.966,52.4269,0.8303,0.8303,1,-108.1416,52.5122,0.9705,0.9705,0,-72.966,40.7177,0.8092,0.8092,1
lt1,seattle-wa:55904,seattle-wa,kcbASrfXX_P7MN82kGDWFQ,round2,0.0616,320.966,615.2823,5.9073,-1.4056,18.1576,-19.7593,-76.966,52.7177,0.8741,0.8741,1,-106.7584,52.9283,1.0,1.0246,0,-72.966,40.7177,0.8476,0.8476,1
lt1,seattle-wa:196881,seattle-wa,l2cQS0V2B6e_aeWMFslaEg,round1,0.4768,561.0494,685.9615,1.2069,-9.6548,-9.05,-0.6007,38.376,-14.8354,0.9778,0.9778,0,38.376,-14.8354,0.9778,0.9778,0,38.376,-14.8354,0.9778,0.9778,0
lt1,seattle-wa:196881,seattle-wa,l2cQS0V2B6e_aeWMFslaEg,round2,0.4768,561.0494,685.9615,1.2069,-9.6548,-9.05,-0.6007,38.2472,-17.3994,1.0,1.0148,0,38.2472,-17.3994,1.0,1.0148,0,38.2472,-17.3994,1.0,1.0148,0
lt1,seattle-wa:173296,seattle-wa,mQOxRrF_44CCD1novJVbOA,round1,-0.2955,574.338,710.0987,12.8714,6.2336,18.2068,-12.0306,-54.338,-70.0987,0.0246,0.0246,1,-110.338,-142.0987,0.069,0.069,1,-54.338,-62.0987,0.0231,0.0231,1
lt1,seattle-wa:173296,seattle-wa,mQOxRrF_44CCD1novJVbOA,round2,-0.2955,574.338,710.0987,12.8714,6.2336,18.2068,-12.0306,-26.338,-90.0987,0.0089,0.0089,1,-114.338,-146.0987,0.0147,0.0147,1,-33.1875,-82.0987,0.0086,0.0086,1
lt1,seattle-wa:151357,seattle-wa,myLWf61OKpPUPMLkHZCUIw,round1,-0.9737,381.3818,584.5199,3.4327,20.4382,18.1532,2.3096,86.6182,19.9126,0.4516,0.4516,1,165.9036,18.9774,0.8071,0.8071,0,90.6182,19.8991,0.4862,0.4862,1
lt1,seattle-wa:151357,seattle-wa,myLWf61OKpPUPMLkHZCUIw,round2,-0.9737,381.3818,584.5199,3.4327,20.4382,18.1532,2.3096,36.0566,21.9368,0.9143,0.9143,0,36.0566,21.9368,0.9143,0.9143,0,36.0566,21.9368,0.9143,0.9143,0
lt1,seattle-wa:99497,seattle-wa,oHm6vdWuAoj_rDewtyayeA,round1,-0.4584,129.2647,697.6252,-4.2016,9.3419,-8.5549,17.8394,20.5659,-22.0444,0.9097,0.9097,0,20.5659,-22.0444,0.9097,0.9097,0,20.5659,-22.0444,0.9097,0.9097,0
lt1,seattle-wa:99497,seattle-wa,oHm6vdWuAoj_rDewtyayeA,round2,-0.4584,129.2647,697.6252,-4.2016,9.3419,-8.5549,17.8394,21.9209,31.3127,0.969,0.969,0,21.9209,31.3127,0.969,0.969,0,21.9209,31.3127,0.969,0.969,0
lt1,seattle-wa:28976,seattle-wa,qaufc0Jd1kfob33oVXIZ2g,round1,0.703,201.2141,668.997,5.8445,-14.5358,1.6981,-16.2434,-45.676,-7.6582,0.8738,0.8738,0,-45.676,-7.6582,0.8738,0.8738,0,-45.676,-7.6582,0.8738,0.8738,0
lt1,seattle-wa:28976,seattle-wa,qaufc0Jd1kfob33oVXIZ2g,round2,0.703,201.2141,668.997,5.8445,-14.5358,1.6981,-16.2434,-46.7407,-7.6537,1.0,1.041,0,-46.7407,-7.6537,1.0,1.041,0,-46.7407,-7.6537,1.0,1.041,0
lt1,seattle-wa:187239,seattle-wa,rr9Q5Kb9QIcdS4BSmXFOQQ,round1,-0.0059,215.3948,742.4809,-0.2091,0.1209,-0.099,0.2199,-2.9843,-12.1281,0.9513,0.9513,0,-2.9843,-12.1281,0.9513,0.9513,0,-2.9843,-12.1281,0.9513,0.9513,0
lt1,seattle-wa:187239,seattle-wa,rr9Q5Kb9QIcdS4BSmXFOQQ,round2,-0.0059,215.3948,742.4809,-0.2091,0.1209,-0.099,0.2199,-53.4595,-9.5569,0.9745,0.9745,0,-53.4595,-9.5569,0.9745,0.9745,0,-53.4595,-9.5569,0.9745,0.9745,0
lt1,seattle-wa:182103,seattle-wa,sKQweIu_qwN7hd70HfsUWQ,round1,-0.2062,308.1589,778.7617,0.5965,3.8886,1.9414,1.9479,-31.1271,10.6106,0.8894,0.8894,0,-31.1271,10.6106,0.8894,0.8894,0,-31.1271,10.6106,0.8894,0.8894,0
lt1,seattle-wa:182103,seattle-wa,sKQweIu_qwN7hd70HfsUWQ,round2,-0.2062,308.1589,778.7617,0.5965,3.8886,1.9414,1.9479,-28.5016,14.1074,0.9713,0.9713,0,-28.5016,14.1074,0.9713,0.9713,0,-28.5016,14.1074,0.9713,0.9713,0
lt1,seattle-wa:67838,seattle-wa,tPTl0NV__QlWLvvT_Hlm2g,round1,0.2033,56.6822,646.5794,2.0279,-4.3994,-10.6902,6.2531,51.3178,77.4206,0.5871,0.5871,1,99.4411,149.4206,0.8786,0.8786,1,51.3178,77.4206,0.5871,0.5871,1
lt1,seattle-wa:67838,seattle-wa,tPTl0NV__QlWLvvT_Hlm2g,round2,0.2033,56.6822,646.5794,2.0279,-4.3994,-10.6902,6.2531,79.3178,41.4206,0.8266,0.8266,1,98.7641,146.8003,0.9509,0.9509,1,79.3178,41.4206,0.8266,0.8266,1
lt1,seattle-wa:191780,seattle-wa,tkyvK5hGMqJ_6qZdva4SuQ,round1,0.4549,187.3575,757.5276,-6.3421,-8.6179,-14.359,5.7199,-25.3207,-18.4848,0.8974,0.8974,0,-25.3207,-18.4848,0.8974,0.8974,0,-25.3207,-18.4848,0.8974,0.8974,0
lt1,seattle-wa:191780,seattle-wa,tkyvK5hGMqJ_6qZdva4SuQ,round2,0.4549,187.3575,757.5276,-6.3421,-8.6179,-14.359,5.7199,-26.3995,-17.9024,0.9761,0.9761,0,-26.3995,-17.9024,0.9761,0.9761,0,-26.3995,-17.9024,0.9761,0.9761,0
lt1,seattle-wa:125855,seattle-wa,w78s7Ly63JtfcGuE7ifCFg,round1,-0.0076,491.3288,727.874,14.0893,0.2818,20.3858,-20.2125,-12.2886,2.0582,0.9604,0.9604,0,-12.2886,2.0582,0.9604,0.9604,0,-12.2886,2.0582,0.9604,0.9604,0
lt1,seattle-wa:125855,seattle-wa,w78s7Ly63JtfcGuE7ifCFg,round2,-0.0076,491.3288,727.874,14.0893,0.2818,20.3858,-20.2125,-9.488,4.2831,0.995,0.995,0,-9.488,4.2831,0.995,0.995,0,-9.488,4.2831,0.995,0.995,0
lt1,seattle-wa:9316,seattle-wa,wK6xSFTdbYpEoEWlBC1TZw,round1,-0.6713,309.0793,746.9468,-1.8602,12.8514,-0.2404,13.0903,34.1764,-13.5656,0.9303,0.9303,0,34.1764,-13.5656,0.9303,0.9303,0,34.1764,-13.5656,0.9303,0.9303,0
lt1,seattle-wa:9316,seattle-wa,wK6xSFTdbYpEoEWlBC1TZw,round2,-0.6713,309.0793,746.9468,-1.8602,12.8514,-0.2404,13.0903,34.7513,-10.1808,0.9467,0.9467,0,34.7513,-10.1808,0.9467,0.9467,0,34.7513,-10.1808,0.9467,0.9467,0
lt1,seattle-wa:273521,seattle-wa,wKlODHg_ChTB4zLKw2HXEg,round1,0.264,141.9593,931.7464,-12.0245,-3.9757,-5.0092,1.0325,17.5667,51.2871,0.8722,0.8722,0,17.5667,51.2871,0.8722,0.8722,0,17.5667,51.2871,0.8722,0.8722,0
lt1,seattle-wa:273521,seattle-wa,wKlODHg_ChTB4zLKw2HXEg,round2,0.264,141.9593,931.7464,-12.0245,-3.9757,-5.0092,1.0325,20.5936,50.1413,0.8231,0.8231,0,20.5936,50.1413,0.8231,0.8231,0,20.5936,50.1413,0.8231,0.8231,0
lt1,seattle-wa:24608,seattle-wa,wW3tGszLMnmhYPnt64DtYw,round1,-0.0213,439.6012,1115.7344,0.1958,0.3999,0.2166,0.1833,-24.9732,65.9801,0.3367,0.3367,0,-167.6012,64.2656,0.3651,0.3651,1,-24.9732,65.9801,0.3367,0.3367,0
lt1,seattle-wa:24608,seattle-wa,wW3tGszLMnmhYPnt64DtYw,round2,-0.0213,439.6012,1115.7344,0.1958,0.3999,0.2166,0.1833,33.5307,62.7965,0.8297,0.8297,0,33.5307,62.7965,0.8297,0.8297,0,33.5307,62.7965,0.8297,0.8297,0
lt1,seattle-wa:191102,seattle-wa,wWisIRti4dKs031wcl9xKg,round1,-0.9949,174.4109,621.8123,-5.2744,20.6428,-7.1029,27.6187,39.4928,44.1953,0.9258,0.9258,0,39.4928,44.1953,0.9258,0.9258,0,39.4928,44.1953,0.9258,0.9258,0
lt1,seattle-wa:191102,seattle-wa,wWisIRti4dKs031wcl9xKg,round2,-0.9949,174.4109,621.8123,-5.2744,20.6428,-7.1029,27.6187,40.3408,39.4914,0.9458,0.9458,0,40.3408,39.4914,0.9458,0.9458,0,40.3408,39.4914,0.9458,0.9458,0
lt1,seattle-wa:169252,seattle-wa,x2oAkkDJvgIe1oejtoLsnw,round1,-0.9841,160.6398,780.7727,1.0308,18.784,15.8508,2.9321,2.1536,13.0606,0.9174,0.9174,0,2.1536,13.0606,0.9174,0.9174,0,2.1536,13.0606,0.9174,0.9174,0
lt1,seattle-wa:169252,seattle-wa,x2oAkkDJvgIe1oejtoLsnw,round2,-0.9841,160.6398,780.7727,1.0308,18.784,15.8508,2.9321,2.4323,17.5312,0.9754,0.9754,0,2.4323,17.5312,0.9754,0.9754,0,2.4323,17.5312,0.9754,0.9754,0
lt1,seattle-wa:41930,seattle-wa,xZMCk6CZa4XbJ3p4SbsNyw,round1,-0.0617,414.2968,605.5567,-4.1327,1.1923,13.3727,-12.2667,-0.7868,66.3362,0.9062,0.9062,0,-0.7868,66.3362,0.9062,0.9062,0,-0.7868,66.3362,0.9062,0.9062,0
lt1,seattle-wa:41930,seattle-wa,xZMCk6CZa4XbJ3p4SbsNyw,round2,-0.0617,414.2968,605.5567,-4.1327,1.1923,13.3727,-12.2667,-3.852,60.3073,0.9817,0.9817,0,-3.852,60.3073,0.9817,0.9817,0,-3.852,60.3073,0.9817,0.9817,0
lt1,st-louis-mo:547,st-louis-mo,j5QLBwp5_wrG3O1oqe_dXA,round1,0.685,209.1015,752.4665,-3.0233,-13.178,-14.3877,1.2069,79.8428,-21.1101,0.9268,0.9268,1,79.8428,-21.1101,0.9268,0.9268,0,79.8428,-21.1101,0.9268,0.9268,1
lt1,st-louis-mo:547,st-louis-mo,j5QLBwp5_wrG3O1oqe_dXA,round2,0.685,209.1015,752.4665,-3.0233,-13.178,-14.3877,1.2069,78.2188,-19.4277,0.9386,0.9386,0,78.2188,-19.4277,0.9386,0.9386,0,78.2188,-19.4277,0.9386,0.9386,0
lt1,teaneck-nj:295,teaneck-nj,6u-hVjLN68B-n73fcNHHpA,round1,-0.618,263.8471,746.7433,4.9934,11.7193,-0.3197,12.0378,25.6907,-7.1312,0.9106,0.9106,0,25.6907,-7.1312,0.9106,0.9106,0,25.6907,-7.1312,0.9106,0.9106,0
lt1,teaneck-nj:295,teaneck-nj,6u-hVjLN68B-n73fcNHHpA,round2,-0.618,263.8471,746.7433,4.9934,11.7193,-0.3197,12.0378,26.0309,47.8998,1.0,1.0032,0,26.0309,47.8998,1.0,1.0032,0,26.0309,47.8998,1.0,1.0032,0
lt1,teaneck-nj:7129,teaneck-nj,7D3UAfiz2wPtoD_1q3UlPQ,round1,-0.2473,108.6509,861.1992,-4.4688,5.0145,-2.6579,7.6663,-11.81,56.2336,0.9288,0.9288,0,-11.81,56.2336,0.9288,0.9288,0,-11.81,56.2336,0.9288,0.9288,0
lt1,teaneck-nj:7129,teaneck-nj,7D3UAfiz2wPtoD_1q3UlPQ,round2,-0.2473,108.6509,861.1992,-4.4688,5.0145,-2.6579,7.6663,-15.2368,-3.7728,0.973,0.973,0,-15.2368,-3.7728,0.973,0.973,0,-15.2368,-3.7728,0.973,0.973,0
lt1,teaneck-nj:308,teaneck-nj,K6hyr62aPuBq7Z82VSfuRw,round1,-0.0376,339.7539,789.8189,1.1775,0.7048,-1.6028,2.307,6.1548,1.5098,0.9704,0.9704,0,6.1548,1.5098,0.9704,0.9704,0,6.1548,1.5098,0.9704,0.9704,0
lt1,teaneck-nj:308,teaneck-nj,K6hyr62aPuBq7Z82VSfuRw,round2,-0.0376,339.7539,789.8189,1.1775,0.7048,-1.6028,2.307,5.2024,4.3449,1.0,1.0255,0,5.2024,4.3449,1.0,1.0255,0,5.2024,4.3449,1.0,1.0255,0
lt1,teaneck-nj:8549,teaneck-nj,RzvbniXOchPAiiA3x2RA2w,round1,-0.2622,77.5063,613.0733,-0.9545,5.6309,-2.5091,8.1264,17.5383,48.662,1.0,1.0361,0,17.5383,48.662,1.0,1.0361,0,17.5383,48.662,1.0,1.0361,0
lt1,teaneck-nj:8549,teaneck-nj,RzvbniXOchPAiiA3x2RA2w,round2,-0.2622,77.5063,613.0733,-0.9545,5.6309,-2.5091,8.1264,18.2386,-3.4856,1.0,1.0292,0,18.2386,-3.4856,1.0,1.0292,0,18.2386,-3.4856,1.0,1.0292,0
lt1,teaneck-nj:12037,teaneck-nj,TqGk4mSvGAytzCkvPKbfpQ,round1,-0.3023,164.21,542.7156,-2.0056,6.6612,-5.3117,11.9311,-3.4573,-3.7438,1.0,1.0501,0,-3.4573,-3.7438,1.0,1.0501,0,-3.4573,-3.7438,1.0,1.0501,0
lt1,teaneck-nj:12037,teaneck-nj,TqGk4mSvGAytzCkvPKbfpQ,round2,-0.3023,164.21,542.7156,-2.0056,6.6612,-5.3117,11.9311,-2.5328,-2.8222,1.0,1.1175,0,-2.5328,-2.8222,1.0,1.1175,0,-2.5328,-2.8222,1.0,1.1175,0
lt1,teaneck-nj:20064,teaneck-nj,X44CxHR1GVSm6irZqoUz3g,round1,0.2066,553.6192,754.7539,-6.1522,-4.4538,4.0552,-8.5094,-13.2329,-28.784,0.9321,0.9321,0,-13.2329,-28.784,0.9321,0.9321,0,-13.2329,-28.784,0.9321,0.9321,0
lt1,teaneck-nj:20064,teaneck-nj,X44CxHR1GVSm6irZqoUz3g,round2,0.2066,553.6192,754.7539,-6.1522,-4.4538,4.0552,-8.5094,-12.2473,-83.1038,1.0,1.0199,1,-12.2473,-83.1038,1.0,1.0199,0,-12.2473,-83.1038,1.0,1.0199,0
lt1,teaneck-nj:15670,teaneck-nj,hkXv1WqBwgk9d8ng2lgZEA,round1,-0.8023,368.2272,794.4385,12.8587,14.8627,-1.355,16.2088,38.7429,58.9599,0.877,0.877,0,38.7429,58.9599,0.877,0.877,0,38.7429,58.9599,0.877,0.877,0
lt1,teaneck-nj:15670,teaneck-nj,hkXv1WqBwgk9d8ng2lgZEA,round2,-0.8023,368.2272,794.4385,12.8587,14.8627,-1.355,16.2088,44.6061,1.8425,0.9574,0.9574,0,44.6061,1.8425,0.9574,0.9574,0,44.6061,1.8425,0.9574,0.9574,0
lt1,teaneck-nj:18027,teaneck-nj,loA0F7HYa2uear0Kw8Wjew,round1,0.0665,333.1984,953.0859,-25.272,-1.7342,-1.0498,-0.6843,14.3291,-93.0859,0.8772,0.8772,1,76.3124,-156.7724,0.9537,0.9537,0,2.8016,-93.0859,0.8752,0.8752,1
lt1,teaneck-nj:18027,teaneck-nj,loA0F7HYa2uear0Kw8Wjew,round2,0.0665,333.1984,953.0859,-25.272,-1.7342,-1.0498,-0.6843,-41.1984,-85.0859,0.9202,0.9202,1,77.388,-165.0859,1.0,1.0282,1,-52.343,-81.0859,0.9569,0.9569,1
1to3,chicago-il:79454,chicago-il,1biuslwd5dZXRTafe3Fbpg,round1,1.9222,483.1867,815.2387,5.6127,-36.2342,-17.159,-19.008,50.246,-22.5507,0.8686,0.8686,0,50.246,-22.5507,0.8686,0.8686,0,50.246,-22.5507,0.8686,0.8686,0
1to3,chicago-il:79454,chicago-il,1biuslwd5dZXRTafe3Fbpg,round2,1.9222,483.1867,815.2387,5.6127,-36.2342,-17.159,-19.008,56.8133,-71.2387,0.519,0.519,1,112.8133,-147.2387,0.8494,0.8494,1,72.8133,-83.2387,0.5792,0.5792,1
1to3,chicago-il:6380,chicago-il,1wq2w4gEYNhxrEEAqAAisw,round1,1.8468,454.4081,784.2079,-6.7633,-35.6732,3.0156,-38.7129,85.5919,-36.2079,0.8359,0.8359,1,90.9782,-50.6885,0.8653,0.8653,0,85.5919,-40.2079,0.844,0.844,1
1to3,chicago-il:6380,chicago-il,1wq2w4gEYNhxrEEAqAAisw,round2,1.8468,454.4081,784.2079,-6.7633,-35.6732,3.0156,-38.7129,87.4097,-12.2079,0.859,0.859,1,93.5731,-112.5503,0.9544,0.9544,0,85.4502,6.5153,0.8579,0.8579,1
1to3,chicago-il:8261,chicago-il,3jReGfIqY8mDKicxOIvwkw,round1,-1.3524,325.6538,910.7582,-8.9185,24.3848,9.3594,15.0015,82.2562,14.9604,0.6415,0.6415,1,82.2562,14.9604,0.6415,0.6415,0,82.2562,14.9604,0.6415,0.6415,1
1to3,chicago-il:8261,chicago-il,3jReGfIqY8mDKicxOIvwkw,round2,-1.3524,325.6538,910.7582,-8.9185,24.3848,9.3594,15.0015,86.3462,-34.7582,0.215,0.215,1,150.3462,-106.7582,0.2612,0.2612,1,78.3462,-34.7582,0.2112,0.2112,1
1to3,chicago-il:8257,chicago-il,4Ej9XrWcfJvnKG-FqAsQvw,round1,2.3059,432.0369,885.6291,8.5951,-42.1993,-19.0235,-23.1674,45.6438,-23.3902,0.9167,0.9167,0,45.6438,-23.3902,0.9167,0.9167,0,45.6438,-23.3902,0.9167,0.9167,0
1to3,chicago-il:8257,chicago-il,4Ej9XrWcfJvnKG-FqAsQvw,round2,2.3059,432.0369,885.6291,8.5951,-42.1993,-19.0235,-23.1674,44.1688,-27.952,1.0,1.0423,0,44.1688,-27.952,1.0,1.0423,0,44.1688,-27.952,1.0,1.0423,0
1to3,chicago-il:10801,chicago-il,4Y3p_OIalv3-LLHJKkdCWw,round1,-1.8562,400.0166,1074.4689,7.041,33.6145,12.8262,20.6332,75.9834,53.5311,0.4141,0.4141,1,83.0316,157.5311,0.4715,0.4715,1,75.9834,69.5311,0.4244,0.4244,1
1to3,chicago-il:10801,chicago-il,4Y3p_OIalv3-LLHJKkdCWw,round2,-1.8562,400.0166,1074.4689,7.041,33.6145,12.8262,20.6332,83.9834,38.6635,0.4136,0.4136,1,134.0495,37.6208,0.4267,0.4267,0,87.9834,38.5034,0.4155,0.4155,1
1to3,chicago-il:9981,chicago-il,ALd8umyuJxu9sl1VCQvl8Q,round1,2.9116,152.4146,1039.4936,3.9594,-53.6903,1.2002,-54.8919,5.4492,-48.3635,0.9271,0.9271,0,5.4492,-48.3635,0.9271,0.9271,0,5.4492,-48.3635,0.9271,0.9271,0
1to3,chicago-il:9981,chicago-il,ALd8umyuJxu9sl1VCQvl8Q,round2,2.9116,152.4146,1039.4936,3.9594,-53.6903,1.2002,-54.8919,7.4663,-54.1231,0.6623,0.6623,0,7.4663,-54.1231,0.6623,0.6623,0,7.4663,-54.1231,0.6623,0.6623,0
1to3,chicago-il:9574,chicago-il,CyrZ18tuXmiPlzj-qj5MOw,round1,2.0458,302.3307,730.0664,-4.9368,-40.0317,-39.2447,-0.777,-14.3206,-54.9323,0.8507,0.8507,0,-14.3206,-54.9323,0.8507,0.8507,0,-14.3206,-54.9323,0.8507,0.8507,0
1to3,chicago-il:9574,chicago-il,CyrZ18tuXmiPlzj-qj5MOw,round2,2.0458,302.3307,730.0664,-4.9368,-40.0317,-39.2447,-0.777,-12.6987,-57.4652,0.9631,0.9631,0,-12.6987,-57.4652,0.9631,0.9631,0,-12.6987,-57.4652,0.9631,0.9631,0
1to3,chicago-il:175451,chicago-il,D3MW4DMSOSR-VdgpJOmOkg,round1,-1.023,149.4607,714.3373,1.4967,20.1618,0.3746,19.7911,3.7564,22.1776,0.9429,0.9429,0,3.7564,22.1776,0.9429,0.9429,0,3.7564,22.1776,0.9429,0.9429,0
1to3,chicago-il:175451,chicago-il,D3MW4DMSOSR-VdgpJOmOkg,round2,-1.023,149.4607,714.3373,1.4967,20.1618,0.3746,19.7911,3.5684,20.5834,1.0,1.0595,0,3.5684,20.5834,1.0,1.0595,0,3.5684,20.5834,1.0,1.0595,0
1to3,chicago-il:112,chicago-il,IFFP-cK62xPaorPKguuOkg,round1,-1.7962,415.6153,695.7092,0.408,35.1625,-0.3776,35.5329,56.7649,-23.0617,0.9884,0.9884,0,56.7649,-23.0617,0.9884,0.9884,0,56.7649,-23.0617,0.9884,0.9884,0
1to3,chicago-il:112,chicago-il,IFFP-cK62xPaorPKguuOkg,round2,-1.7962,415.6153,695.7092,0.408,35.1625,-0.3776,35.5329,57.9172,34.3538,1.0,1.0636,0,57.9172,34.3538,1.0,1.0636,0,57.9172,34.3538,1.0,1.0636,0
1to3,chicago-il:70049,chicago-il,Ihuc4QwRD3oSgSp61HyUFQ,round1,-1.5021,406.8325,708.9849,-5.2875,29.1,-2.0979,31.1766,-56.8475,23.4019,0.9725,0.9725,0,-56.8475,23.4019,0.9725,0.9725,0,-56.8475,23.4019,0.9725,0.9725,0
1to3,chicago-il:70049,chicago-il,Ihuc4QwRD3oSgSp61HyUFQ,round2,-1.5021,406.8325,708.9849,-5.2875,29.1,-2.0979,31.1766,-0.9554,27.1367,0.9397,0.9397,0,-0.9554,27.1367,0.9397,0.9397,0,-0.9554,27.1367,0.9397,0.9397,0
1to3,chicago-il:130370,chicago-il,IvP0Iz0RFhrQzg6SBNWhaQ,round1,1.3317,427.591,642.9362,-0.7778,-27.4555,-16.8088,-10.5626,-15.1967,23.6855,0.8178,0.8178,0,-15.1967,23.6855,0.8178,0.8178,0,-15.1967,23.6855,0.8178,0.8178,0
1to3,chicago-il:130370,chicago-il,IvP0Iz0RFhrQzg6SBNWhaQ,round2,1.3317,427.591,642.9362,-0.7778,-27.4555,-16.8088,-10.5626,-74.7423,21.1129,0.9655,0.9655,0,-74.7423,21.1129,0.9655,0.9655,0,-74.7423,21.1129,0.9655,0.9655,1
1to3,chicago-il:7793,chicago-il,MH6MmARI45yN7QVrTRcA6g,round1,-1.1897,196.0713,682.8555,-1.4995,23.7402,25.2591,-1.5471,-32.7623,41.7752,0.7968,0.7968,0,-32.7623,41.7752,0.7968,0.7968,0,-32.7623,41.7752,0.7968,0.7968,0
1to3,chicago-il:7793,chicago-il,MH6MmARI45yN7QVrTRcA6g,round2,-1.1897,196.0713,682.8555,-1.4995,23.7402,25.2591,-1.5471,18.9494,44.0572,1.0,1.0644,0,18.9494,44.0572,1.0,1.0644,0,18.9494,44.0572,1.0,1.0644,0
1to3,chicago-il:195946,chicago-il,NYlUKS9PkrXQr_2Nn1WjWg,round1,-1.6401,322.5598,684.735,-2.7589,32.2298,18.939,13.3875,21.0812,-13.991,0.983,0.983,0,21.0812,-13.991,0.983,0.983,0,21.0812,-13.991,0.983,0.983,0
1to3,chicago-il:195946,chicago-il,NYlUKS9PkrXQr_2Nn1WjWg,round2,-1.6401,322.5598,684.735,-2.7589,32.2298,18.939,13.3875,22.2629,39.8618,0.9912,0.9912,0,22.2629,39.8618,0.9912,0.9912,0,22.2629,39.8618,0.9912,0.9912,0
1to3,chicago-il:9891,chicago-il,O02jd9YHnx-6Z3K_yGF-qg,round1,1.7531,468.7301,886.8148,1.0554,-32.2954,-21.7195,-10.5665,14.2449,31.3411,0.879,0.879,0,14.2449,31.3411,0.879,0.879,0,14.2449,31.3411,0.879,0.879,0
1to3,chicago-il:9891,chicago-il,O02jd9YHnx-6Z3K_yGF-qg,round2,1.7531,468.7301,886.8148,1.0554,-32.2954,-21.7195,-10.5665,68.213,39.7245,0.9334,0.9334,0,68.213,39.7245,0.9334,0.9334,0,68.213,39.7245,0.9334,0.9334,1
1to3,chicago-il:8098,chicago-il,RjaYSOjnW4_b_Pa6f--uBQ,round1,-1.7313,213.899,754.8468,-0.8252,33.1347,26.6435,6.5404,6.1664,40.6811,0.988,0.988,0,6.1664,40.6811,0.988,0.988,0,6.1664,40.6811,0.988,0.988,0
1to3,chicago-il:8098,chicago-il,RjaYSOjnW4_b_Pa6f--uBQ,round2,-1.7313,213.899,754.8468,-0.8252,33.1347,26.6435,6.5404,4.3867,41.831,0.9899,0.9899,0,4.3867,41.831,0.9899,0.9899,0,4.3867,41.831,0.9899,0.9899,0
1to3,chicago-il:24,chicago-il,XVObJ1fFXW5V_dR99Bw4ZA,round1,-1.495,308.9339,934.7386,-8.0554,26.9372,-1.3238,28.2692,31.8209,-14.3314,0.8155,0.8155,0,31.8209,-14.3314,0.8155,0.8155,0,31.8209,-14.3314,0.8155,0.8155,0
1to3,chicago-il:24,chicago-il,XVObJ1fFXW5V_dR99Bw4ZA,round2,-1.495,308.9339,934.7386,-8.0554,26.9372,-1.3238,28.2692,31.2174,-11.835,0.9627,0.9627,0,31.2174,-11.835,0.9627,0.9627,0,31.2174,-11.835,0.9627,0.9627,0
1to3,chicago-il:4126,chicago-il,YmII0FmJZ5NfeJMvBQCTuw,round1,-1.1523,297.8496,860.6639,-9.6826,21.1101,-1.2157,22.3181,-11.3052,-2.2522,0.9897,0.9897,0,-11.3052,-2.2522,0.9897,0.9897,0,-11.3052,-2.2522,0.9897,0.9897,0
1to3,chicago-il:4126,chicago-il,YmII0FmJZ5NfeJMvBQCTuw,round2,-1.1523,297.8496,860.6639,-9.6826,21.1101,-1.2157,22.3181,-11.7981,-1.9742,1.0,1.0375,0,-11.7981,-1.9742,1.0,1.0375,0,-11.7981,-1.9742,1.0,1.0375,0
1to3,chicago-il:271,chicago-il,ZZINMIpOcIwIDzrWq_as6A,round1,-1.9544,242.6907,823.0177,2.4344,36.1608,13.4119,22.7649,44.96,33.3183,0.8717,0.8717,0,44.96,33.3183,0.8717,0.8717,0,44.96,33.3183,0.8717,0.8717,0
1to3,chicago-il:271,chicago-il,ZZINMIpOcIwIDzrWq_as6A,round2,-1.9544,242.6907,823.0177,2.4344,36.1608,13.4119,22.7649,47.7641,34.8299,0.9785,0.9785,0,-148.6553,-90.1795,1.0,1.0773,0,47.7641,34.8299,0.9785,0.9785,0
1to3,chicago-il:2840,chicago-il,c1sHMH8u_Sj_KksHr1DXCA,round1,-2.88,82.4561,773.9103,-7.5422,56.2108,54.0461,2.1949,9.7441,27.4252,1.0,1.0202,0,9.7441,27.4252,1.0,1.0202,0,9.7441,27.4252,1.0,1.0202,0
1to3,chicago-il:2840,chicago-il,c1sHMH8u_Sj_KksHr1DXCA,round2,-2.88,82.4561,773.9103,-7.5422,56.2108,54.0461,2.1949,12.5757,80.6528,0.9789,0.9789,1,12.5757,80.6528,0.9789,0.9789,0,12.5757,80.6528,0.9789,0.9789,0
1to3,chicago-il:18164,chicago-il,h1EK45PZ0TEpQy8CBRJ2Uw,round1,1.1312,552.922,812.4675,-2.6776,-21.9061,-1.272,-20.631,-13.1842,-17.6379,0.9962,0.9962,0,-13.1842,-17.6379,0.9962,0.9962,0,-13.1842,-17.6379,0.9962,0.9962,0
1to3,chicago-il:18164,chicago-il,h1EK45PZ0TEpQy8CBRJ2Uw,round2,1.1312,552.922,812.4675,-2.6776,-21.9061,-1.272,-20.631,-14.5627,-23.8582,1.0,1.023,0,-14.5627,-23.8582,1.0,1.023,0,-14.5627,-23.8582,1.0,1.023,0
1to3,chicago-il:2975,chicago-il,hx_72iv_HuATCmrBtpR-XA,round1,-1.296,331.619,657.0246,-0.6885,25.932,21.4579,4.5177,10.8527,12.1165,0.9446,0.9446,0,10.8527,12.1165,0.9446,0.9446,0,10.8527,12.1165,0.9446,0.9446,0
1to3,chicago-il:2975,chicago-il,hx_72iv_HuATCmrBtpR-XA,round2,-1.296,331.619,657.0246,-0.6885,25.932,21.4579,4.5177,13.4505,15.6334,1.0,1.0558,0,13.4505,15.6334,1.0,1.0558,0,13.4505,15.6334,1.0,1.0558,0
1to3,chicago-il:178,chicago-il,jhthqtrv9inKLTzCvmCd1g,round1,1.1978,553.0712,1009.3637,10.537,-20.954,3.1886,-24.1055,-5.5582,36.5073,0.6487,0.6487,0,-5.5582,36.5073,0.6487,0.6487,0,-5.5582,36.5073,0.6487,0.6487,0
1to3,chicago-il:178,chicago-il,jhthqtrv9inKLTzCvmCd1g,round2,1.1978,553.0712,1009.3637,10.537,-20.954,3.1886,-24.1055,47.0893,-18.5386,0.8828,0.8828,0,47.0893,-18.5386,0.8828,0.8828,0,47.0893,-18.5386,0.8828,0.8828,0
1to3,chicago-il:6175,chicago-il,lQTGygdTPRFpF7kFnlQuzg,round1,-2.1115,491.4715,767.9587,-0.8146,40.1964,-0.2381,40.4304,-18.6159,-38.7892,0.8694,0.8694,0,-18.6159,-38.7892,0.8694,0.8694,0,-18.6159,-38.7892,0.8694,0.8694,0
1to3,chicago-il:6175,chicago-il,lQTGygdTPRFpF7kFnlQuzg,round2,-2.1115,491.4715,767.9587,-0.8146,40.1964,-0.2381,40.4304,-18.1803,-29.4009,0.9071,0.9071,0,-18.1803,-29.4009,0.9071,0.9071,0,-18.1803,-29.4009,0.9071,0.9071,0
1to3,chicago-il:361,chicago-il,mPpV286zWPK8ehmRHTJvSg,round1,-1.3466,162.4365,666.1138,-2.3048,27.2502,-1.122,28.3584,85.5635,21.8862,0.0183,0.0183,1,165.5635,67.3452,0.0324,0.0324,1,85.5635,29.8862,0.0185,0.0185,1
1to3,chicago-il:361,chicago-il,mPpV286zWPK8ehmRHTJvSg,round2,-1.3466,162.4365,666.1138,-2.3048,27.2502,-1.122,28.3584,-8.0328,1.8873,0.1933,0.1933,0,-8.0328,1.8873,0.1933,0.1933,0,-8.0328,1.8873,0.1933,0.1933,0
1to3,chicago-il:154174,chicago-il,nEhCFw48FQ107hmzmYEvyg,round1,-1.0008,250.8728,718.4597,2.1993,19.4105,1.2827,18.1348,30.3142,11.3585,1.0,1.0273,0,30.3142,11.3585,1.0,1.0273,0,30.3142,11.3585,1.0,1.0273,0
1to3,chicago-il:154174,chicago-il,nEhCFw48FQ107hmzmYEvyg,round2,-1.0008,250.8728,718.4597,2.1993,19.4105,1.2827,18.1348,34.7295,14.5777,1.0,1.0829,0,34.7295,14.5777,1.0,1.0829,0,34.7295,14.5777,1.0,1.0829,0
1to3,chicago-il:28144,chicago-il,wSUVtCrV1q6i1foemojmIA,round1,1.0306,258.4471,804.0512,0.9443,-19.4488,-5.8252,-13.6135,20.1765,-7.2669,0.8668,0.8668,0,20.1765,-7.2669,0.8668,0.8668,0,20.1765,-7.2669,0.8668,0.8668,0
1to3,chicago-il:28144,chicago-il,wSUVtCrV1q6i1foemojmIA,round2,1.0306,258.4471,804.0512,0.9443,-19.4488,-5.8252,-13.6135,19.5993,-5.7263,0.8431,0.8431,0,19.5993,-5.7263,0.8431,0.8431,0,19.5993,-5.7263,0.8431,0.8431,0
1to3,chicago-il:13888,chicago-il,yI6vLao7iu5ovsffkhDWOw,round1,1.4482,354.7576,778.2131,-4.8844,-27.6122,-28.8866,1.2658,-10.7607,-39.1665,0.9493,0.9493,0,-10.7607,-39.1665,0.9493,0.9493,0,-10.7607,-39.1665,0.9493,0.9493,0
1to3,chicago-il:13888,chicago-il,yI6vLao7iu5ovsffkhDWOw,round2,1.4482,354.7576,778.2131,-4.8844,-27.6122,-28.8866,1.2658,-8.6004,-42.6628,0.9967,0.9967,0,-8.6004,-42.6628,0.9967,0.9967,0,-8.6004,-42.6628,0.9967,0.9967,0
1to3,chicago-il:20938,chicago-il,zwANMgAk3y_Vlq13PwV_wg,round1,1.1236,491.199,976.3807,8.252,-19.8792,2.4403,-22.3004,-10.2032,-53.9897,0.9513,0.9513,0,-10.2032,-53.9897,0.9513,0.9513,0,-10.2032,-53.9897,0.9513,0.9513,0
1to3,chicago-il:20938,chicago-il,zwANMgAk3y_Vlq13PwV_wg,round2,1.1236,491.199,976.3807,8.252,-19.8792,2.4403,-22.3004,40.96,-55.3523,0.9246,0.9246,0,40.96,-55.3523,0.9246,0.9246,0,40.96,-55.3523,0.9246,0.9246,0
1to3,columbus-oh:33265,columbus-oh,0Td17HVV-8cBqSJKC9MUWw,round1,1.125,320.1163,642.3623,0.3456,-23.0769,-15.6944,-7.3243,26.3853,20.8342,0.9466,0.9466,0,26.3853,20.8342,0.9466,0.9466,0,26.3853,20.8342,0.9466,0.9466,0
1to3,columbus-oh:33265,columbus-oh,0Td17HVV-8cBqSJKC9MUWw,round2,1.125,320.1163,642.3623,0.3456,-23.0769,-15.6944,-7.3243,30.1883,-31.7438,0.9595,0.9595,0,30.1883,-31.7438,0.9595,0.9595,0,30.1883,-31.7438,0.9595,0.9595,0
1to3,columbus-oh:21420,columbus-oh,2DnFbVt70tHEuPx0GA1xZw,round1,2.0212,475.3818,560.4163,0.8175,-44.6122,-47.7072,2.9664,7.6089,87.5837,0.0137,0.0137,1,36.6182,175.5837,0.0572,0.0572,1,2.6491,67.5837,0.0126,0.0126,1
1to3,columbus-oh:21420,columbus-oh,2DnFbVt70tHEuPx0GA1xZw,round2,2.0212,475.3818,560.4163,0.8175,-44.6122,-47.7072,2.9664,84.6182,23.5837,0.0076,0.0076,1,172.6182,51.5837,0.0123,0.0123,1,84.6182,7.5837,0.0075,0.0075,1
1to3,columbus-oh:25697,columbus-oh,64fBdAzTVhlAH_74dj43IA,round1,-1.0128,155.3781,1208.0969,16.6939,16.5114,-6.2337,22.8695,7.339,38.8463,0.0567,0.0567,0,36.6219,-176.0969,0.0983,0.0983,1,7.339,38.8463,0.0567,0.0567,0
1to3,columbus-oh:25697,columbus-oh,64fBdAzTVhlAH_74dj43IA,round2,-1.0128,155.3781,1208.0969,16.6939,16.5114,-6.2337,22.8695,16.6219,-88.0969,0.0152,0.0152,1,40.6219,-180.0969,0.0594,0.0594,1,24.6219,-84.0969,0.0144,0.0144,1
1to3,columbus-oh:191,columbus-oh,7vXda3GEzpQ63ish4HuIkg,round1,-1.4805,446.7325,634.6752,-3.9655,30.065,-0.7564,30.8102,25.1982,28.1461,0.9626,0.9626,0,25.1982,28.1461,0.9626,0.9626,0,25.1982,28.1461,0.9626,0.9626,0
1to3,columbus-oh:191,columbus-oh,7vXda3GEzpQ63ish4HuIkg,round2,-1.4805,446.7325,634.6752,-3.9655,30.065,-0.7564,30.8102,29.8366,26.4898,0.9822,0.9822,0,29.8366,26.4898,0.9822,0.9822,0,29.8366,26.4898,0.9822,0.9822,0
1to3,columbus-oh:17413,columbus-oh,G5BxhQWVCpJVxp5WvhNidw,round1,2.2611,329.9029,1078.1533,-2.4901,-40.4475,-12.1916,-28.4321,10.4594,-22.8604,0.8382,0.8382,0,10.4594,-22.8604,0.8382,0.8382,0,10.4594,-22.8604,0.8382,0.8382,0
1to3,columbus-oh:17413,columbus-oh,G5BxhQWVCpJVxp5WvhNidw,round2,2.2611,329.9029,1078.1533,-2.4901,-40.4475,-12.1916,-28.4321,13.443,-25.1498,0.8602,0.8602,0,13.443,-25.1498,0.8602,0.8602,0,13.443,-25.1498,0.8602,0.8602,0
1to3,columbus-oh:23177,columbus-oh,IYuknG-k2LnTihlfmmiIiA,round1,-1.1505,395.7793,859.2502,-15.6571,20.4623,32.8817,-12.3762,84.2207,32.7498,0.4314,0.4314,1,164.2207,64.9958,0.7896,0.7896,1,76.2207,36.7498,0.4081,0.4081,1
1to3,columbus-oh:23177,columbus-oh,IYuknG-k2LnTihlfmmiIiA,round2,-1.1505,395.7793,859.2502,-15.6571,20.4623,32.8817,-12.3762,64.2207,64.7498,0.5195,0.5195,1,85.3004,122.2491,0.5902,0.5902,0,64.2207,72.7498,0.5298,0.5298,1
1to3,columbus-oh:17830,columbus-oh,LT6GxEtHYhKMqitmwH_VLA,round1,1.5612,371.5408,1217.747,-8.602,-29.0365,-1.5631,-27.5077,35.6178,-36.8146,0.7557,0.7557,0,35.6178,-36.8146,0.7557,0.7557,0,35.6178,-36.8146,0.7557,0.7557,0
1to3,columbus-oh:17830,columbus-oh,LT6GxEtHYhKMqitmwH_VLA,round2,1.5612,371.5408,1217.747,-8.602,-29.0365,-1.5631,-27.5077,-29.169,-85.747,0.6327,0.6327,1,-31.0077,-158.91,0.7271,0.7271,0,-29.8111,-101.747,0.6935,0.6935,1
1to3,columbus-oh:30008,columbus-oh,MjlbUBXSsoZDnVeoH40MNA,round1,-1.0708,492.4853,711.9151,6.0453,21.1541,6.7096,14.4677,-9.8993,18.4119,0.9439,0.9439,0,-9.8993,18.4119,0.9439,0.9439,0,-9.8993,18.4119,0.9439,0.9439,0
1to3,columbus-oh:30008,columbus-oh,MjlbUBXSsoZDnVeoH40MNA,round2,-1.0708,492.4853,711.9151,6.0453,21.1541,6.7096,14.4677,-8.8971,19.5375,0.951,0.951,0,-8.8971,19.5375,0.951,0.951,0,-8.8971,19.5375,0.951,0.951,0
1to3,columbus-oh:16349,columbus-oh,Qt_CSzuA2bSxNNqo0dIYDg,round1,-1.043,211.4219,725.9189,2.8627,20.1958,19.5599,0.6383,9.7199,8.4338,1.0,1.0088,0,9.7199,8.4338,1.0,1.0088,0,9.7199,8.4338,1.0,1.0088,0
1to3,columbus-oh:16349,columbus-oh,Qt_CSzuA2bSxNNqo0dIYDg,round2,-1.043,211.4219,725.9189,2.8627,20.1958,19.5599,0.6383,11.9736,9.8276,1.0,1.0274,0,11.9736,9.8276,1.0,1.0274,0,11.9736,9.8276,1.0,1.0274,0
1to3,columbus-oh:13662,columbus-oh,SNkSOslLnVkFqKWJg4J89w,round1,-1.8972,382.3292,729.6602,-7.28,36.2486,-3.3192,39.5312,-28.6971,82.3398,0.943,0.943,1,-27.6554,123.0115,0.9533,0.9533,0,-28.2026,106.3398,0.9482,0.9482,1
1to3,columbus-oh:13662,columbus-oh,SNkSOslLnVkFqKWJg4J89w,round2,-1.8972,382.3292,729.6602,-7.28,36.2486,-3.3192,39.5312,-29.0298,78.3398,0.9458,0.9458,1,-27.9724,123.5395,0.9662,0.9662,0,-28.5177,102.3398,0.956,0.956,1
1to3,columbus-oh:9345,columbus-oh,YOr7PmAswe4MsgpFtFszmw,round1,-1.5402,442.4582,613.8982,0.7543,31.7595,3.6257,28.1885,-23.1485,-6.8439,0.9708,0.9708,0,-23.1485,-6.8439,0.9708,0.9708,0,-23.1485,-6.8439,0.9708,0.9708,0
1to3,columbus-oh:9345,columbus-oh,YOr7PmAswe4MsgpFtFszmw,round2,-1.5402,442.4582,613.8982,0.7543,31.7595,3.6257,28.1885,28.5003,47.6105,1.0,1.0035,0,28.5003,47.6105,1.0,1.0035,0,28.5003,47.6105,1.0,1.0035,0
1to3,columbus-oh:31701,columbus-oh,dcs_2ncEN_v6_Ga_Vv39YQ,round1,1.2459,443.4677,781.7795,-2.9007,-23.881,-9.6751,-14.1807,-27.6139,11.4684,0.8394,0.8394,0,-27.6139,11.4684,0.8394,0.8394,0,-27.6139,11.4684,0.8394,0.8394,0
1to3,columbus-oh:31701,columbus-oh,dcs_2ncEN_v6_Ga_Vv39YQ,round2,1.2459,443.4677,781.7795,-2.9007,-23.881,-9.6751,-14.1807,26.7715,8.1999,0.9342,0.9342,0,26.7715,8.1999,0.9342,0.9342,0,26.7715,8.1999,0.9342,0.9342,0
1to3,columbus-oh:6498,columbus-oh,ksur2nNOc13USmAJIk6fOA,round1,2.6016,585.9291,778.7508,0.2732,-51.4015,-11.5479,-39.7502,14.1527,-46.226,1.0,1.0048,0,14.1527,-46.226,1.0,1.0048,0,14.1527,-46.226,1.0,1.0048,0
1to3,columbus-oh:6498,columbus-oh,ksur2nNOc13USmAJIk6fOA,round2,2.6016,585.9291,778.7508,0.2732,-51.4015,-11.5479,-39.7502,15.4388,-45.145,1.0,1.0435,0,15.4388,-45.145,1.0,1.0435,0,15.4388,-45.145,1.0,1.0435,0
1to3,columbus-oh:5307,columbus-oh,pLcbBcb0Hq18WHnnSkM5_Q,round1,1.7071,447.5222,666.4524,0.5725,-34.7853,0.319,-35.1114,21.6636,-59.5582,0.6495,0.6495,0,21.6636,-59.5582,0.6495,0.6495,0,21.6636,-59.5582,0.6495,0.6495,0
1to3,columbus-oh:5307,columbus-oh,pLcbBcb0Hq18WHnnSkM5_Q,round2,1.7071,447.5222,666.4524,0.5725,-34.7853,0.319,-35.1114,23.6183,-57.3441,0.9828,0.9828,0,23.6183,-57.3441,0.9828,0.9828,0,23.6183,-57.3441,0.9828,0.9828,0
1to3,columbus-oh:1668,columbus-oh,ukhzNQA2AGyivN3CfniZYA,round1,-2.6591,325.835,608.7059,4.1684,54.2997,0.3756,53.9369,-41.3603,2.7453,0.9219,0.9219,0,-41.3603,2.7453,0.9219,0.9219,0,-41.3603,2.7453,0.9219,0.9219,0
1to3,columbus-oh:1668,columbus-oh,ukhzNQA2AGyivN3CfniZYA,round2,-2.6591,325.835,608.7059,4.1684,54.2997,0.3756,53.9369,19.1545,55.3122,0.9831,0.9831,0,19.1545,55.3122,0.9831,0.9831,0,19.1545,55.3122,0.9831,0.9831,0
1to3,columbus-oh:6687,columbus-oh,vxBZau2nIhy-tICp4lo9Pg,round1,1.3889,261.4346,650.0091,0.2221,-28.4843,-23.0787,-5.3398,18.0017,15.1073,0.9121,0.9121,0,18.0017,15.1073,0.9121,0.9121,0,18.0017,15.1073,0.9121,0.9121,0
1to3,columbus-oh:6687,columbus-oh,vxBZau2nIhy-tICp4lo9Pg,round2,1.3889,261.4346,650.0091,0.2221,-28.4843,-23.0787,-5.3398,16.6557,-39.4263,0.9832,0.9832,0,16.6557,-39.4263,0.9832,0.9832,0,16.6557,-39.4263,0.9832,0.9832,0
1to3,columbus-oh:14379,columbus-oh,yVxL8B41pMsiLRud3zkHhQ,round1,1.286,499.0658,1076.3741,9.0919,-22.5721,-7.253,-15.3606,-18.9172,-21.1005,0.9149,0.9149,0,-18.9172,-21.1005,0.9149,0.9149,0,-18.9172,-21.1005,0.9149,0.9149,0
1to3,columbus-oh:14379,columbus-oh,yVxL8B41pMsiLRud3zkHhQ,round2,1.286,499.0658,1076.3741,9.0919,-22.5721,-7.253,-15.3606,-17.9671,-27.9636,0.9356,0.9356,0,-17.9671,-27.9636,0.9356,0.9356,0,-17.9671,-27.9636,0.9356,0.9356,0
1to3,columbus-oh:6085,columbus-oh,yxg-6e1PcmWMJlzIoAShgw,round1,-1.3557,165.6647,597.9305,0.5995,28.5248,-1.4228,29.9191,47.664,11.1183,0.9354,0.9354,0,47.664,11.1183,0.9354,0.9354,0,47.664,11.1183,0.9354,0.9354,0
1to3,columbus-oh:6085,columbus-oh,yxg-6e1PcmWMJlzIoAShgw,round2,-1.3557,165.6647,597.9305,0.5995,28.5248,-1.4228,29.9191,50.2883,64.9011,0.9875,0.9875,1,50.2883,64.9011,0.9875,0.9875,0,50.2883,64.9011,0.9875,0.9875,0
1to3,knox-oh:26042,knox-oh,IlteMBA_1ltQFIVlc54mSQ,round1,-1.2515,430.1129,900.3983,-2.9334,22.6277,2.2962,20.3242,-12.3414,17.5506,0.9147,0.9147,0,-12.3414,17.5506,0.9147,0.9147,0,-12.3414,17.5506,0.9147,0.9147,0
1to3,knox-oh:26042,knox-oh,IlteMBA_1ltQFIVlc54mSQ,round2,-1.2515,430.1129,900.3983,-2.9334,22.6277,2.2962,20.3242,40.2471,21.7863,0.9553,0.9553,0,40.2471,21.7863,0.9553,0.9553,0,40.2471,21.7863,0.9553,0.9553,0
1to3,knox-oh:26951,knox-oh,jaAU1gM8W-na4_GClABZbA,round1,-2.2603,105.9425,824.2309,27.1134,40.0429,-11.7255,51.6443,48.6645,31.6326,0.9694,0.9694,0,48.6645,31.6326,0.9694,0.9694,0,48.6645,31.6326,0.9694,0.9694,0
1to3,knox-oh:26951,knox-oh,jaAU1gM8W-na4_GClABZbA,round2,-2.2603,105.9425,824.2309,27.1134,40.0429,-11.7255,51.6443,48.4511,32.033,0.9773,0.9773,0,48.4511,32.033,0.9773,0.9773,0,48.4511,32.033,0.9773,0.9773,0
1to3,newberg-or:15106,newberg-or,-4VZ4bLnTqvyRQDcO76kGQ,round1,1.2928,350.1362,1021.444,-0.6733,-23.1157,0.0097,-23.1254,-9.0007,-34.9938,0.6994,0.6994,0,-9.0007,-34.9938,0.6994,0.6994,0,-9.0007,-34.9938,0.6994,0.6994,0
1to3,newberg-or:15106,newberg-or,-4VZ4bLnTqvyRQDcO76kGQ,round2,1.2928,350.1362,1021.444,-0.6733,-23.1157,0.0097,-23.1254,-8.6507,-32.8219,0.9567,0.9567,0,-8.6507,-32.8219,0.9567,0.9567,0,-8.6507,-32.8219,0.9567,0.9567,0
1to3,newberg-or:6652,newberg-or,-rfE4abAjE1diXRTqgmpSw,round1,-1.7554,321.5251,815.1807,-2.3096,32.4979,21.8002,10.7116,19.9181,41.1969,0.9766,0.9766,0,19.9181,41.1969,0.9766,0.9766,0,19.9181,41.1969,0.9766,0.9766,0
1to3,newberg-or:6652,newberg-or,-rfE4abAjE1diXRTqgmpSw,round2,-1.7554,321.5251,815.1807,-2.3096,32.4979,21.8002,10.7116,22.7763,41.7304,0.9693,0.9693,0,22.7763,41.7304,0.9693,0.9693,0,22.7763,41.7304,0.9693,0.9693,0
1to3,newberg-or:120,newberg-or,1xaPcAQBEOd9o_JqalvfxA,round1,-2.598,511.3381,650.0098,-4.1571,52.3856,33.3165,19.3891,25.0059,25.8673,0.9887,0.9887,0,25.0059,25.8673,0.9887,0.9887,0,25.0059,25.8673,0.9887,0.9887,0
1to3,newberg-or:120,newberg-or,1xaPcAQBEOd9o_JqalvfxA,round2,-2.598,511.3381,650.0098,-4.1571,52.3856,33.3165,19.3891,26.7895,77.3286,1.0,1.0539,0,26.7895,77.3286,1.0,1.0539,0,26.7895,77.3286,1.0,1.0539,0
1to3,newberg-or:5404,newberg-or,4TjtZHjSfNp1ma-mSmYOoA,round1,-1.6043,365.2865,683.4491,-0.8578,31.5615,0.0732,31.4896,-16.3526,41.9488,0.9677,0.9677,0,-16.3526,41.9488,0.9677,0.9677,0,-16.3526,41.9488,0.9677,0.9677,0
1to3,newberg-or:5404,newberg-or,4TjtZHjSfNp1ma-mSmYOoA,round2,-1.6043,365.2865,683.4491,-0.8578,31.5615,0.0732,31.4896,-14.3723,43.5405,1.0,1.0172,0,-14.3723,43.5405,1.0,1.0172,0,-14.3723,43.5405,1.0,1.0172,0
1to3,newberg-or:4744,newberg-or,5oOuZbyCarnN_Nr7xkx2JQ,round1,-1.1475,90.1187,794.4842,16.3471,20.6718,31.868,-11.2357,85.8813,7.2164,0.8523,0.8523,1,123.7743,6.758,0.8691,0.8691,0,97.8813,7.1234,0.8557,0.8557,1
1to3,newberg-or:4744,newberg-or,5oOuZbyCarnN_Nr7xkx2JQ,round2,-1.1475,90.1187,794.4842,16.3471,20.6718,31.868,-11.2357,85.8813,-2.1083,0.8999,0.8999,1,125.5505,-2.63,0.9513,0.9513,0,97.8813,-2.2134,0.9102,0.9102,1
1to3,newberg-or:8298,newberg-or,7Hq4wiRpEUpLClGyThZmCQ,round1,1.1342,397.1944,698.6906,-2.8607,-22.5565,-24.0555,1.4837,8.8553,-26.4243,0.936,0.936,0,8.8553,-26.4243,0.936,0.936,0,8.8553,-26.4243,0.936,0.936,0
1to3,newberg-or:8298,newberg-or,7Hq4wiRpEUpLClGyThZmCQ,round2,1.1342,397.1944,698.6906,-2.8607,-22.5565,-24.0555,1.4837,11.9897,-29.0387,1.0,1.0048,0,11.9897,-29.0387,1.0,1.0048,0,11.9897,-29.0387,1.0,1.0048,0
1to3,newberg-or:5312,newberg-or,G-JGjkcSgQkSxCFqqoZv0w,round1,1.5783,94.743,723.8364,-5.1231,-31.6096,-13.166,-18.341,-0.511,-52.1394,1.0,1.0625,0,-0.511,-52.1394,1.0,1.0625,0,-0.511,-52.1394,1.0,1.0625,0
1to3,newberg-or:5312,newberg-or,G-JGjkcSgQkSxCFqqoZv0w,round2,1.5783,94.743,723.8364,-5.1231,-31.6096,-13.166,-18.341,0.1428,-51.9221,1.0,1.0627,0,0.1428,-51.9221,1.0,1.0627,0,0.1428,-51.9221,1.0,1.0627,0
1to3,newberg-or:9443,newberg-or,JoHnR-18qrp3vkqOmB6jOw,round1,2.1419,522.8043,907.8089,-0.3367,-39.7691,0.4926,-40.2668,13.0423,19.3905,0.8889,0.8889,0,13.0423,19.3905,0.8889,0.8889,0,13.0423,19.3905,0.8889,0.8889,0
1to3,newberg-or:9443,newberg-or,JoHnR-18qrp3vkqOmB6jOw,round2,2.1419,522.8043,907.8089,-0.3367,-39.7691,0.4926,-40.2668,16.1887,8.6305,0.9468,0.9468,0,16.1887,8.6305,0.9468,0.9468,0,16.1887,8.6305,0.9468,0.9468,0
1to3,newberg-or:6253,newberg-or,K-9SliD1MGjKnFQw3CxgjA,round1,-1.4366,345.2262,964.8115,-29.5183,24.8258,-0.6247,25.4491,2.9177,17.5633,0.9638,0.9638,0,2.9177,17.5633,0.9638,0.9638,0,2.9177,17.5633,0.9638,0.9638,0
1to3,newberg-or:6253,newberg-or,K-9SliD1MGjKnFQw3CxgjA,round2,-1.4366,345.2262,964.8115,-29.5183,24.8258,-0.6247,25.4491,3.054,20.3851,1.0,1.0326,0,3.054,20.3851,1.0,1.0326,0,3.054,20.3851,1.0,1.0326,0
1to3,newberg-or:3201,newberg-or,LBExk3L9N5zgQEBxeT6RzA,round1,1.5664,303.2389,805.7633,1.982,-29.5011,0.2453,-29.7495,42.6598,-9.1953,0.8002,0.8002,0,42.6598,-9.1953,0.8002,0.8002,0,42.6598,-9.1953,0.8002,0.8002,0
1to3,newberg-or:3201,newberg-or,LBExk3L9N5zgQEBxeT6RzA,round2,1.5664,303.2389,805.7633,1.982,-29.5011,0.2453,-29.7495,-17.9528,-14.5295,0.717,0.717,0,-17.9528,-14.5295,0.717,0.717,0,-17.9528,-14.5295,0.717,0.717,0
1to3,newberg-or:12754,newberg-or,SKu-2cp6OOSJXo6H4NBURA,round1,2.5971,189.9301,682.9667,-1.1136,-52.983,-38.5718,-14.2173,-25.9922,-13.9191,0.8798,0.8798,0,-25.9922,-13.9191,0.8798,0.8798,0,-25.9922,-13.9191,0.8798,0.8798,0
1to3,newberg-or:12754,newberg-or,SKu-2cp6OOSJXo6H4NBURA,round2,2.5971,189.9301,682.9667,-1.1136,-52.983,-38.5718,-14.2173,22.4399,-72.2999,0.943,0.943,0,22.4399,-72.2999,0.943,0.943,0,22.4399,-72.2999,0.943,0.943,0
1to3,newberg-or:11151,newberg-or,VOn3WptaLXgc1jDI2__ODg,round1,-1.9873,468.7729,1233.9472,-38.135,32.6696,-15.8087,49.1712,43.2271,82.0528,0.4654,0.4654,1,77.216,139.3448,0.5915,0.5915,0,39.2271,90.0528,0.4673,0.4673,1
1to3,newberg-or:11151,newberg-or,VOn3WptaLXgc1jDI2__ODg,round2,-1.9873,468.7729,1233.9472,-38.135,32.6696,-15.8087,49.1712,43.2271,82.0528,0.5483,0.5483,1,115.2271,135.8487,0.6796,0.6796,1,43.2271,82.0528,0.5483,0.5483,1
1to3,newberg-or:10873,newberg-or,YaU9DX4htfSkdfChP2c9mg,round1,-1.2195,248.7537,745.7056,2.279,23.3199,10.1369,13.2169,-23.4131,51.2536,0.9575,0.9575,0,-23.4131,51.2536,0.9575,0.9575,0,-23.4131,51.2536,0.9575,0.9575,0
1to3,newberg-or:10873,newberg-or,YaU9DX4htfSkdfChP2c9mg,round2,-1.2195,248.7537,745.7056,2.279,23.3199,10.1369,13.2169,29.6268,46.4121,0.9488,0.9488,0,29.6268,46.4121,0.9488,0.9488,0,29.6268,46.4121,0.9488,0.9488,0
1to3,newberg-or:5138,newberg-or,fRJHxFf-Rv1vFI6a4Kz7hQ,round1,-1.0765,68.8774,564.155,-2.9592,23.6297,34.0876,-10.7283,21.9307,42.8298,1.0,1.006,0,21.9307,42.8298,1.0,1.006,0,21.9307,42.8298,1.0,1.006,0
1to3,newberg-or:5138,newberg-or,fRJHxFf-Rv1vFI6a4Kz7hQ,round2,-1.0765,68.8774,564.155,-2.9592,23.6297,34.0876,-10.7283,21.6252,36.5958,1.0,1.0338,0,21.6252,36.5958,1.0,1.0338,0,21.6252,36.5958,1.0,1.0338,0
1to3,newberg-or:976,newberg-or,hldWrF9ILi-v7sJP69avzQ,round1,-1.8219,472.3089,889.1717,-7.3765,32.8927,2.0438,30.8629,75.0441,-28.211,0.9861,0.9861,0,75.0441,-28.211,0.9861,0.9861,0,75.0441,-28.211,0.9861,0.9861,1
1to3,newberg-or:976,newberg-or,hldWrF9ILi-v7sJP69avzQ,round2,-1.8219,472.3089,889.1717,-7.3765,32.8927,2.0438,30.8629,75.2071,-26.371,1.0,1.0136,0,75.2071,-26.371,1.0,1.0136,0,75.2071,-26.371,1.0,1.0136,1
1to3,newberg-or:8890,newberg-or,is8bK66xUKpVlUmyRxxqbQ,round1,-2.8236,362.3837,939.6524,9.04,50.6564,-0.4831,51.1367,-7.826,52.287,0.9841,0.9841,0,-7.826,52.287,0.9841,0.9841,0,-7.826,52.287,0.9841,0.9841,0
1to3,newberg-or:8890,newberg-or,is8bK66xUKpVlUmyRxxqbQ,round2,-2.8236,362.3837,939.6524,9.04,50.6564,-0.4831,51.1367,-7.6225,53.1823,0.9346,0.9346,0,-7.6225,53.1823,0.9346,0.9346,0,-7.6225,53.1823,0.9346,0.9346,0
1to3,newberg-or:12822,newberg-or,o7IZp6QECoTjapg7Whejqw,round1,-1.1428,185.3182,725.5378,1.8052,22.2465,13.6622,8.6276,32.8504,64.6684,0.9629,0.9629,0,32.8504,64.6684,0.9629,0.9629,0,32.8504,64.6684,0.9629,0.9629,0
1to3,newberg-or:12822,newberg-or,o7IZp6QECoTjapg7Whejqw,round2,-1.1428,185.3182,725.5378,1.8052,22.2465,13.6622,8.6276,34.7822,64.0793,0.9747,0.9747,0,34.7822,64.0793,0.9747,0.9747,0,34.7822,64.0793,0.9747,0.9747,0
1to3,newberg-or:8380,newberg-or,vM0Vn7j5nA1SOtY5_KDE1Q,round1,-1.7602,227.9225,778.4032,11.5491,32.7063,3.7927,28.9589,-2.887,19.1726,0.9739,0.9739,0,-2.887,19.1726,0.9739,0.9739,0,-2.887,19.1726,0.9739,0.9739,0
1to3,newberg-or:8380,newberg-or,vM0Vn7j5nA1SOtY5_KDE1Q,round2,-1.7602,227.9225,778.4032,11.5491,32.7063,3.7927,28.9589,-2.0137,22.7069,0.9725,0.9725,0,-2.0137,22.7069,0.9725,0.9725,0,-2.0137,22.7069,0.9725,0.9725,0
1to3,newberg-or:1795,newberg-or,vgtRnElhUioL6pGtQGsaFw,round1,-1.4931,569.315,998.9389,-10.4223,26.2439,3.9285,22.3174,-25.711,-69.4603,0.8414,0.8414,0,-25.711,-69.4603,0.8414,0.8414,0,-25.711,-69.4603,0.8414,0.8414,1
1to3,newberg-or:1795,newberg-or,vgtRnElhUioL6pGtQGsaFw,round2,-1.4931,569.315,998.9389,-10.4223,26.2439,3.9285,22.3174,-31.6635,-68.624,0.9591,0.9591,0,-31.6635,-68.624,0.9591,0.9591,0,-31.6635,-68.624,0.9591,0.9591,1
1to3,newberg-or:207,newberg-or,vhd4KteG1jZlG9MRKqnTFw,round1,-2.1028,403.1259,841.3439,-1.4779,38.5905,12.4277,26.1644,8.1775,20.098,0.9215,0.9215,0,8.1775,20.098,0.9215,0.9215,0,8.1775,20.098,0.9215,0.9215,0
1to3,newberg-or:207,newberg-or,vhd4KteG1jZlG9MRKqnTFw,round2,-2.1028,403.1259,841.3439,-1.4779,38.5905,12.4277,26.1644,9.7028,19.4276,0.9708,0.9708,0,9.7028,19.4276,0.9708,0.9708,0,9.7028,19.4276,0.9708,0.9708,0
1to3,newberg-or:6981,newberg-or,wh24OLPvK1piW5mxLynpMw,round1,1.1639,149.7182,767.7045,-4.3214,-22.4625,0.1983,-22.6615,11.6135,22.0972,0.9307,0.9307,0,11.6135,22.0972,0.9307,0.9307,0,11.6135,22.0972,0.9307,0.9307,0
1to3,newberg-or:6981,newberg-or,wh24OLPvK1piW5mxLynpMw,round2,1.1639,149.7182,767.7045,-4.3214,-22.4625,0.1983,-22.6615,66.1607,21.0193,0.9202,0.9202,0,66.1607,21.0193,0.9202,0.9202,0,66.1607,21.0193,0.9202,0.9202,0
1to3,newberg-or:18062,newberg-or,wqC3ox1TWUp1dH9EfzOEUw,round1,-1.7095,228.8434,855.4242,-0.757,31.4927,8.0057,23.4759,-5.4236,63.85,0.9516,0.9516,0,-5.4236,63.85,0.9516,0.9516,0,-5.4236,63.85,0.9516,0.9516,0
1to3,newberg-or:18062,newberg-or,wqC3ox1TWUp1dH9EfzOEUw,round2,-1.7095,228.8434,855.4242,-0.757,31.4927,8.0057,23.4759,-5.3047,64.1925,1.0,1.0055,0,-5.3047,64.1925,1.0,1.0055,0,-5.3047,64.1925,1.0,1.0055,0
1to3,oradell-nj:3866,oradell-nj,2da8-JK9IcnoqbyPHO0mVw,round1,-1.9583,260.9492,719.5479,10.5453,37.4702,-8.6898,46.0408,26.3951,17.0587,0.9714,0.9714,0,26.3951,17.0587,0.9714,0.9714,0,26.3951,17.0587,0.9714,0.9714,0
1to3,oradell-nj:3866,oradell-nj,2da8-JK9IcnoqbyPHO0mVw,round2,-1.9583,260.9492,719.5479,10.5453,37.4702,-8.6898,46.0408,22.0043,18.8949,1.0,1.0183,0,22.0043,18.8949,1.0,1.0183,0,22.0043,18.8949,1.0,1.0183,0
1to3,oradell-nj:13087,oradell-nj,Bmm75UR8cmNIeKt2cAARxQ,round1,2.2152,155.8953,947.9335,20.3774,-42.9735,7.1689,-50.209,0.0697,-22.8958,0.9296,0.9296,0,0.0697,-22.8958,0.9296,0.9296,0,0.0697,-22.8958,0.9296,0.9296,0
1to3,oradell-nj:13087,oradell-nj,Bmm75UR8cmNIeKt2cAARxQ,round2,2.2152,155.8953,947.9335,20.3774,-42.9735,7.1689,-50.209,1.0257,-27.6288,0.9626,0.9626,0,1.0257,-27.6288,0.9626,0.9626,0,1.0257,-27.6288,0.9626,0.9626,0
1to3,oradell-nj:3438,oradell-nj,E2EdmJeKb0lcXE9K-RXHGw,round1,-1.6396,338.1863,559.5587,-5.9724,34.7396,0.8514,33.9073,4.8085,42.2412,0.9653,0.9653,0,4.8085,42.2412,0.9653,0.9653,0,4.8085,42.2412,0.9653,0.9653,0
1to3,oradell-nj:3438,oradell-nj,E2EdmJeKb0lcXE9K-RXHGw,round2,-1.6396,338.1863,559.5587,-5.9724,34.7396,0.8514,33.9073,-48.735,44.4133,0.9675,0.9675,0,-48.735,44.4133,0.9675,0.9675,0,-48.735,44.4133,0.9675,0.9675,0
1to3,oradell-nj:1067,oradell-nj,G--KVyYZD3qSGIDi49AIOg,round1,-1.1633,87.4113,545.5164,1.0124,25.7395,17.942,7.8807,2.0921,-8.572,0.5188,0.5188,0,2.0921,-8.572,0.5188,0.5188,0,2.0921,-8.572,0.5188,0.5188,0
1to3,oradell-nj:1067,oradell-nj,G--KVyYZD3qSGIDi49AIOg,round2,-1.1633,87.4113,545.5164,1.0124,25.7395,17.942,7.8807,1.7631,50.6776,0.8407,0.8407,0,1.7631,50.6776,0.8407,0.8407,0,1.7631,50.6776,0.8407,0.8407,0
1to3,oradell-nj:4549,oradell-nj,KUbfGTaO14UZirrgbuRA5g,round1,-1.1518,328.7086,578.377,0.0998,24.2762,18.5074,5.8343,-45.1413,25.6285,0.9671,0.9671,0,-45.1413,25.6285,0.9671,0.9671,0,-45.1413,25.6285,0.9671,0.9671,0
1to3,oradell-nj:4549,oradell-nj,KUbfGTaO14UZirrgbuRA5g,round2,-1.1518,328.7086,578.377,0.0998,24.2762,18.5074,5.8343,-43.8603,21.1795,0.9373,0.9373,0,-43.8603,21.1795,0.9373,0.9373,0,-43.8603,21.1795,0.9373,0.9373,0
1to3,oradell-nj:11478,oradell-nj,RqzOXjIj2iMSjR3hGnK_RA,round1,-1.8141,560.6499,567.1405,-5.0385,39.012,38.3732,0.6517,37.3947,41.526,0.9726,0.9726,0,37.3947,41.526,0.9726,0.9726,0,37.3947,41.526,0.9726,0.9726,0
1to3,oradell-nj:11478,oradell-nj,RqzOXjIj2iMSjR3hGnK_RA,round2,-1.8141,560.6499,567.1405,-5.0385,39.012,38.3732,0.6517,39.2997,38.8413,1.0,1.0562,0,39.2997,38.8413,1.0,1.0562,0,39.2997,38.8413,1.0,1.0562,0
1to3,oradell-nj:1031,oradell-nj,UlpVpt7FGipkP9DuBrnYPg,round1,1.4382,256.6588,770.4533,2.1047,-27.63,-17.2802,-10.3213,28.5736,-31.5427,0.8669,0.8669,0,28.5736,-31.5427,0.8669,0.8669,0,28.5736,-31.5427,0.8669,0.8669,0
1to3,oradell-nj:1031,oradell-nj,UlpVpt7FGipkP9DuBrnYPg,round2,1.4382,256.6588,770.4533,2.1047,-27.63,-17.2802,-10.3213,31.1348,-36.6052,0.9716,0.9716,0,31.1348,-36.6052,0.9716,0.9716,0,31.1348,-36.6052,0.9716,0.9716,0
1to3,oradell-nj:915,oradell-nj,Vm_2E9Z1p4LZke6DR-No7A,round1,-1.1544,188.4444,727.1161,-4.1776,22.611,11.819,10.8247,-25.5973,0.2938,0.9503,0.9503,0,-25.5973,0.2938,0.9503,0.9503,0,-25.5973,0.2938,0.9503,0.9503,0
1to3,oradell-nj:915,oradell-nj,Vm_2E9Z1p4LZke6DR-No7A,round2,-1.1544,188.4444,727.1161,-4.1776,22.611,11.819,10.8247,27.248,5.9524,1.0,1.0252,0,27.248,5.9524,1.0,1.0252,0,27.248,5.9524,1.0,1.0252,0
1to3,oradell-nj:115,oradell-nj,YQScv7YhLpOcw9a0FLsygA,round1,-1.816,121.5835,786.3895,8.1834,34.2769,4.4377,29.8921,-27.5243,4.4052,0.9788,0.9788,0,-27.5243,4.4052,0.9788,0.9788,0,-27.5243,4.4052,0.9788,0.9788,0
1to3,oradell-nj:115,oradell-nj,YQScv7YhLpOcw9a0FLsygA,round2,-1.816,121.5835,786.3895,8.1834,34.2769,4.4377,29.8921,-23.1169,11.5723,0.8736,0.8736,0,-23.1169,11.5723,0.8736,0.8736,0,-23.1169,11.5723,0.8736,0.8736,0
1to3,oradell-nj:13580,oradell-nj,cbg-u3N8l1cqROvEEc0lbg,round1,-1.531,549.1176,601.5068,-7.4644,32.0119,2.4192,29.6368,-10.8016,61.8807,0.9671,0.9671,0,-10.8016,61.8807,0.9671,0.9671,0,-10.8016,61.8807,0.9671,0.9671,0
1to3,oradell-nj:13580,oradell-nj,cbg-u3N8l1cqROvEEc0lbg,round2,-1.531,549.1176,601.5068,-7.4644,32.0119,2.4192,29.6368,-7.6739,63.2328,1.0,1.0692,0,-7.6739,63.2328,1.0,1.0692,0,-7.6739,63.2328,1.0,1.0692,0
1to3,oradell-nj:3403,oradell-nj,jYnDXCxGpG3fepeeSO8fTg,round1,-2.7616,100.8272,695.8297,8.3001,54.7255,26.7583,28.2921,-2.7008,37.471,1.0,1.0389,0,-2.7008,37.471,1.0,1.0389,0,-2.7008,37.471,1.0,1.0389,0
1to3,oradell-nj:3403,oradell-nj,jYnDXCxGpG3fepeeSO8fTg,round2,-2.7616,100.8272,695.8297,8.3001,54.7255,26.7583,28.2921,-2.1506,41.6895,1.0,1.0007,0,-2.1506,41.6895,1.0,1.0007,0,-2.1506,41.6895,1.0,1.0007,0
1to3,oradell-nj:7100,oradell-nj,v0CjnfdBjlRXFP-aI--sHA,round1,-1.7432,395.0194,662.1447,9.0495,34.575,-2.9941,37.5035,19.76,68.4188,0.9911,0.9911,0,19.76,68.4188,0.9911,0.9911,0,19.76,68.4188,0.9911,0.9911,0
1to3,oradell-nj:7100,oradell-nj,v0CjnfdBjlRXFP-aI--sHA,round2,-1.7432,395.0194,662.1447,9.0495,34.575,-2.9941,37.5035,22.9154,67.6832,0.9465,0.9465,0,22.9154,67.6832,0.9465,0.9465,0,22.9154,67.6832,0.9465,0.9465,0
1to3,pittsburgh-pa:8379,pittsburgh-pa,0dK4spznox2ovJG6k52eIA,round1,-1.3913,559.9648,800.2974,-0.1588,26.5905,-0.6198,27.2039,-12.8238,-3.0277,0.8944,0.8944,0,-12.8238,-3.0277,0.8944,0.8944,0,-12.8238,-3.0277,0.8944,0.8944,0
1to3,pittsburgh-pa:8379,pittsburgh-pa,0dK4spznox2ovJG6k52eIA,round2,-1.3913,559.9648,800.2974,-0.1588,26.5905,-0.6198,27.2039,-18.0712,2.2985,0.9084,0.9084,0,-18.0712,2.2985,0.9084,0.9084,0,-18.0712,2.2985,0.9084,0.9084,0
1to3,pittsburgh-pa:3004,pittsburgh-pa,57zIC51BQ0rVrAY_PvQC0g,round1,2.918,448.425,803.2758,8.3196,-55.3956,-25.8184,-29.4058,-32.9522,-8.8865,0.8709,0.8709,0,-32.9522,-8.8865,0.8709,0.8709,0,-32.9522,-8.8865,0.8709,0.8709,0
1to3,pittsburgh-pa:3004,pittsburgh-pa,57zIC51BQ0rVrAY_PvQC0g,round2,2.918,448.425,803.2758,8.3196,-55.3956,-25.8184,-29.4058,-32.5937,-7.4672,0.9433,0.9433,0,-32.5937,-7.4672,0.9433,0.9433,0,-32.5937,-7.4672,0.9433,0.9433,0
1to3,pittsburgh-pa:16473,pittsburgh-pa,5wXJOu_Z5fdKHrPgk-Yzmw,round1,2.047,439.8271,686.9886,0.1542,-41.2502,-31.4539,-9.6516,-20.2587,-23.7786,0.8591,0.8591,0,-20.2587,-23.7786,0.8591,0.8591,0,-20.2587,-23.7786,0.8591,0.8591,0
1to3,pittsburgh-pa:16473,pittsburgh-pa,5wXJOu_Z5fdKHrPgk-Yzmw,round2,2.047,439.8271,686.9886,0.1542,-41.2502,-31.4539,-9.6516,32.5954,-23.721,0.9655,0.9655,0,32.5954,-23.721,0.9655,0.9655,0,32.5954,-23.721,0.9655,0.9655,0
1to3,pittsburgh-pa:15294,pittsburgh-pa,7cm5Gdu4ijGM699tNOGmHA,round1,2.4261,131.6885,703.7016,0.4144,-49.4339,-34.1664,-15.1524,16.874,-27.9262,0.753,0.753,0,16.874,-27.9262,0.753,0.753,0,16.874,-27.9262,0.753,0.753,0
1to3,pittsburgh-pa:15294,pittsburgh-pa,7cm5Gdu4ijGM699tNOGmHA,round2,2.4261,131.6885,703.7016,0.4144,-49.4339,-34.1664,-15.1524,19.7053,-33.1569,0.9165,0.9165,0,19.7053,-33.1569,0.9165,0.9165,0,19.7053,-33.1569,0.9165,0.9165,0
1to3,pittsburgh-pa:7973,pittsburgh-pa,Bif6JQhdmG0d870_AAS3iQ,round1,-1.8493,333.6179,679.9047,-0.1407,36.4014,-0.0084,36.4096,-85.6179,-11.7922,0.8571,0.8571,1,-108.2776,-11.4898,0.8737,0.8737,0,-85.6179,-11.7922,0.8571,0.8571,1
1to3,pittsburgh-pa:7973,pittsburgh-pa,Bif6JQhdmG0d870_AAS3iQ,round2,-1.8493,333.6179,679.9047,-0.1407,36.4014,-0.0084,36.4096,-56.3466,53.0944,0.8945,0.8945,0,-56.3466,53.0944,0.8945,0.8945,0,-56.3466,53.0944,0.8945,0.8945,0
1to3,pittsburgh-pa:14838,pittsburgh-pa,UK_tZYSY7vjI3zUYP4rn5Q,round1,1.8775,568.0,748.2204,-14.1079,-38.7272,-63.7612,24.3805,32.3003,-13.8908,0.9658,0.9658,0,32.3003,-13.8908,0.9658,0.9658,0,32.3003,-13.8908,0.9658,0.9658,0
1to3,pittsburgh-pa:14838,pittsburgh-pa,UK_tZYSY7vjI3zUYP4rn5Q,round2,1.8775,568.0,748.2204,-14.1079,-38.7272,-63.7612,24.3805,36.6595,-15.8417,1.0,1.0321,0,36.6595,-15.8417,1.0,1.0321,0,36.6595,-15.8417,1.0,1.0321,0
1to3,pittsburgh-pa:43,pittsburgh-pa,W2s0jSMbgTuPTPxaM8X0jQ,round1,-2.8535,420.6146,848.5266,28.4276,52.1498,72.6834,-20.5291,51.1377,67.4946,0.87,0.87,1,51.1377,67.4946,0.87,0.87,0,51.1377,67.4946,0.87,0.87,0
1to3,pittsburgh-pa:43,pittsburgh-pa,W2s0jSMbgTuPTPxaM8X0jQ,round2,-2.8535,420.6146,848.5266,28.4276,52.1498,72.6834,-20.5291,51.5549,19.0752,0.9136,0.9136,0,51.5549,19.0752,0.9136,0.9136,0,51.5549,19.0752,0.9136,0.9136,0
1to3,pittsburgh-pa:3178,pittsburgh-pa,XdW2ZjukAYfscF96XYnyGw,round1,-2.0504,261.4183,662.9051,-8.2854,40.7609,13.8029,27.1125,82.5817,33.0949,0.1198,0.1198,1,178.5817,12.5661,0.3363,0.3363,1,82.5817,41.0949,0.1204,0.1204,1
1to3,pittsburgh-pa:3178,pittsburgh-pa,XdW2ZjukAYfscF96XYnyGw,round2,-2.0504,261.4183,662.9051,-8.2854,40.7609,13.8029,27.1125,16.1213,64.7463,0.7004,0.7004,0,16.1213,64.7463,0.7004,0.7004,0,16.1213,64.7463,0.7004,0.7004,0
1to3,pittsburgh-pa:111,pittsburgh-pa,ZOZX3rDfIAkp2ciSGkcP4Q,round1,-1.9669,245.2822,725.0146,27.2592,35.9965,8.595,27.5183,43.3056,78.2177,0.8901,0.8901,1,43.3056,78.2177,0.8901,0.8901,0,43.3056,78.2177,0.8901,0.8901,0
1to3,pittsburgh-pa:111,pittsburgh-pa,ZOZX3rDfIAkp2ciSGkcP4Q,round2,-1.9669,245.2822,725.0146,27.2592,35.9965,8.595,27.5183,46.7178,78.9854,0.8516,0.8516,1,96.6665,130.3426,0.9383,0.9383,0,78.7178,86.9854,0.8802,0.8802,1
1to3,pittsburgh-pa:16465,pittsburgh-pa,cXUvWktp6a9vKcD6pqau3w,round1,1.2176,143.2468,620.3203,-1.3384,-25.7907,-19.9181,-5.819,72.1774,-9.059,0.9007,0.9007,0,72.1774,-9.059,0.9007,0.9007,0,72.1774,-9.059,0.9007,0.9007,0
1to3,pittsburgh-pa:16465,pittsburgh-pa,cXUvWktp6a9vKcD6pqau3w,round2,1.2176,143.2468,620.3203,-1.3384,-25.7907,-19.9181,-5.819,71.7881,-15.5503,1.0,1.0128,0,71.7881,-15.5503,1.0,1.0128,0,71.7881,-15.5503,1.0,1.0128,0
1to3,pittsburgh-pa:3172,pittsburgh-pa,d0bZ8RBFs2ZTM4orrQaw_g,round1,1.2305,339.8376,670.2565,-0.4874,-24.8046,-7.1076,-17.6393,0.3159,-4.6296,0.9373,0.9373,0,0.3159,-4.6296,0.9373,0.9373,0,0.3159,-4.6296,0.9373,0.9373,0
1to3,pittsburgh-pa:3172,pittsburgh-pa,d0bZ8RBFs2ZTM4orrQaw_g,round2,1.2305,339.8376,670.2565,-0.4874,-24.8046,-7.1076,-17.6393,7.1049,53.8995,0.9709,0.9709,0,7.1049,53.8995,0.9709,0.9709,0,7.1049,53.8995,0.9709,0.9709,0
1to3,pittsburgh-pa:10650,pittsburgh-pa,ea--PR7aLO_mrs-qZTQwUg,round1,2.8606,309.1975,803.1363,5.9302,-54.2849,0.5493,-54.8478,82.8025,-3.7215,0.8466,0.8466,1,95.4248,-3.5031,0.8488,0.8488,0,82.8025,-3.7215,0.8466,0.8466,1
1to3,pittsburgh-pa:10650,pittsburgh-pa,ea--PR7aLO_mrs-qZTQwUg,round2,2.8606,309.1975,803.1363,5.9302,-54.2849,0.5493,-54.8478,41.7637,-65.7181,0.8951,0.8951,0,41.7637,-65.7181,0.8951,0.8951,0,41.7637,-65.7181,0.8951,0.8951,0
1to3,pittsburgh-pa:16509,pittsburgh-pa,r3VR2o_xisjg-dTl_OPlLg,round1,-1.5981,289.5524,633.114,-0.17,32.4266,26.0815,6.43,-5.5366,27.7273,0.9947,0.9947,0,-5.5366,27.7273,0.9947,0.9947,0,-5.5366,27.7273,0.9947,0.9947,0
1to3,pittsburgh-pa:16509,pittsburgh-pa,r3VR2o_xisjg-dTl_OPlLg,round2,-1.5981,289.5524,633.114,-0.17,32.4266,26.0815,6.43,-3.2538,34.4897,1.0,1.0679,0,-3.2538,34.4897,1.0,1.0679,0,-3.2538,34.4897,1.0,1.0679,0
1to3,pittsburgh-pa:15037,pittsburgh-pa,vA07hp5GQz82iLYysIepJQ,round1,2.8553,407.8943,679.4596,-2.4115,-58.0221,-51.282,-6.5705,63.4981,-8.2959,0.9169,0.9169,0,63.4981,-8.2959,0.9169,0.9169,0,63.4981,-8.2959,0.9169,0.9169,0
1to3,pittsburgh-pa:15037,pittsburgh-pa,vA07hp5GQz82iLYysIepJQ,round2,2.8553,407.8943,679.4596,-2.4115,-58.0221,-51.282,-6.5705,61.1124,-59.4596,0.9666,0.9666,1,61.4031,-68.322,0.9716,0.9716,0,61.4031,-68.322,0.9716,0.9716,0
1to3,pittsburgh-pa:4545,pittsburgh-pa,vq0kRmOQOYgTSMlbfVx5Hg,round1,-2.1204,602.2706,761.8085,-1.2504,41.3693,29.3187,12.1592,-5.0167,30.5542,0.8699,0.8699,0,-5.0167,30.5542,0.8699,0.8699,0,-5.0167,30.5542,0.8699,0.8699,0
1to3,pittsburgh-pa:4545,pittsburgh-pa,vq0kRmOQOYgTSMlbfVx5Hg,round2,-2.1204,602.2706,761.8085,-1.2504,41.3693,29.3187,12.1592,-0.7109,35.3119,1.0,1.0691,0,-0.7109,35.3119,1.0,1.0691,0,-0.7109,35.3119,1.0,1.0691,0
1to3,pittsburgh-pa:16501,pittsburgh-pa,x5AA4h9GJHult2zJsFghCg,round1,-1.1654,216.9755,608.5335,0.3944,24.2245,-0.5279,24.7438,7.7375,3.0364,0.7197,0.7197,0,7.7375,3.0364,0.7197,0.7197,0,7.7375,3.0364,0.7197,0.7197,0
1to3,pittsburgh-pa:16501,pittsburgh-pa,x5AA4h9GJHult2zJsFghCg,round2,-1.1654,216.9755,608.5335,0.3944,24.2245,-0.5279,24.7438,87.0245,-20.5335,0.3446,0.3446,1,167.0245,-67.1621,0.3886,0.3886,1,87.0245,-12.5335,0.344,0.344,1
1to3,pittsburgh-pa:2818,pittsburgh-pa,xvB9QAWUZ_7E5lk0ntoAFw,round1,-1.3222,357.6048,693.8552,-1.5685,25.8912,22.6679,3.2495,-66.3477,33.4352,0.4681,0.4681,0,-66.3477,33.4352,0.4681,0.4681,0,-66.3477,33.4352,0.4681,0.4681,0
1to3,pittsburgh-pa:2818,pittsburgh-pa,xvB9QAWUZ_7E5lk0ntoAFw,round2,-1.3222,357.6048,693.8552,-1.5685,25.8912,22.6679,3.2495,-11.7762,-19.3533,0.7498,0.7498,0,-11.7762,-19.3533,0.7498,0.7498,0,-11.7762,-19.3533,0.7498,0.7498,0
1to3,seattle-wa:18266,seattle-wa,-3U8A-IJ0SPGQd379GCfMA,round1,-1.3813,140.2672,724.7742,-4.5593,27.3134,-3.4326,30.7143,17.0155,2.1947,0.8194,0.8194,0,17.0155,2.1947,0.8194,0.8194,0,17.0155,2.1947,0.8194,0.8194,0
1to3,seattle-wa:18266,seattle-wa,-3U8A-IJ0SPGQd379GCfMA,round2,-1.3813,140.2672,724.7742,-4.5593,27.3134,-3.4326,30.7143,16.0874,15.0805,0.9255,0.9255,0,16.0874,15.0805,0.9255,0.9255,0,16.0874,15.0805,0.9255,0.9255,0
1to3,seattle-wa:90338,seattle-wa,-DVH0UABq5nCFvjF86P0-Q,round1,-1.1317,542.6693,628.7108,-0.1749,23.4928,20.2514,3.2782,-3.9375,41.1356,0.9668,0.9668,0,-3.9375,41.1356,0.9668,0.9668,0,-3.9375,41.1356,0.9668,0.9668,0
1to3,seattle-wa:90338,seattle-wa,-DVH0UABq5nCFvjF86P0-Q,round2,-1.1317,542.6693,628.7108,-0.1749,23.4928,20.2514,3.2782,-3.9554,83.2892,1.0,1.0386,1,-4.1511,100.8188,1.0,1.0755,0,-4.1511,100.8188,1.0,1.0755,1
1to3,seattle-wa:216719,seattle-wa,-bvHZ-GO4DiyTpYkNg0Qtg,round1,1.6555,463.6675,836.6029,7.4932,-30.7698,-11.0104,-19.7286,19.4545,-38.8437,0.9477,0.9477,0,19.4545,-38.8437,0.9477,0.9477,0,19.4545,-38.8437,0.9477,0.9477,0
1to3,seattle-wa:216719,seattle-wa,-bvHZ-GO4DiyTpYkNg0Qtg,round2,1.6555,463.6675,836.6029,7.4932,-30.7698,-11.0104,-19.7286,69.4545,-39.9569,0.961,0.961,0,69.4545,-39.9569,0.961,0.961,0,69.4545,-39.9569,0.961,0.961,0
1to3,seattle-wa:95765,seattle-wa,-oGBix0CaeAEH-DuZIX9Hw,round1,1.0393,292.4755,563.9313,0.2546,-22.5365,-22.9175,0.3734,-6.4671,32.1319,0.9233,0.9233,0,-6.4671,32.1319,0.9233,0.9233,0,-6.4671,32.1319,0.9233,0.9233,0
1to3,seattle-wa:95765,seattle-wa,-oGBix0CaeAEH-DuZIX9Hw,round2,1.0393,292.4755,563.9313,0.2546,-22.5365,-22.9175,0.3734,-5.571,-18.6153,1.0,1.0275,0,-5.571,-18.6153,1.0,1.0275,0,-5.571,-18.6153,1.0,1.0275,0
1to3,seattle-wa:146345,seattle-wa,1VuVshvQEMo695cVFd98CQ,round1,-1.3509,618.0939,711.598,-8.1626,26.6734,29.9617,-3.2889,-19.0091,17.3221,0.2472,0.2472,0,-19.0091,17.3221,0.2472,0.2472,0,-19.0091,17.3221,0.2472,0.2472,0
1to3,seattle-wa:146345,seattle-wa,1VuVshvQEMo695cVFd98CQ,round2,-1.3509,618.0939,711.598,-8.1626,26.6734,29.9617,-3.2889,-13.0895,21.6787,1.0,1.0234,0,-13.0895,21.6787,1.0,1.0234,0,-13.0895,21.6787,1.0,1.0234,0
1to3,seattle-wa:147619,seattle-wa,26hsZEO2lizs6YuhIjna7A,round1,1.7852,581.2637,777.0215,-0.9617,-35.1973,-37.7565,2.488,21.2773,15.509,0.8888,0.8888,0,21.2773,15.509,0.8888,0.8888,0,21.2773,15.509,0.8888,0.8888,0
1to3,seattle-wa:147619,seattle-wa,26hsZEO2lizs6YuhIjna7A,round2,1.7852,581.2637,777.0215,-0.9617,-35.1973,-37.7565,2.488,27.7609,-38.3976,0.938,0.938,0,27.7609,-38.3976,0.938,0.938,0,27.7609,-38.3976,0.938,0.938,0
1to3,seattle-wa:97603,seattle-wa,2CK77W-5PZdg1fHJdgyYaQ,round1,-1.4613,414.8834,625.6404,-3.335,29.7992,-0.2269,30.0227,-6.3866,34.7393,0.97,0.97,0,-6.3866,34.7393,0.97,0.97,0,-6.3866,34.7393,0.97,0.97,0
1to3,seattle-wa:97603,seattle-wa,2CK77W-5PZdg1fHJdgyYaQ,round2,-1.4613,414.8834,625.6404,-3.335,29.7992,-0.2269,30.0227,-2.9829,40.7383,1.0,1.0302,0,-2.9829,40.7383,1.0,1.0302,0,-2.9829,40.7383,1.0,1.0302,0
1to3,seattle-wa:72947,seattle-wa,2V5hIxtngknFon4x5GzutA,round1,1.8199,188.4215,1262.1927,-15.2259,-32.6457,-21.4608,-11.4,-26.2448,-20.6942,0.8069,0.8069,0,-26.2448,-20.6942,0.8069,0.8069,0,-26.2448,-20.6942,0.8069,0.8069,0
1to3,seattle-wa:72947,seattle-wa,2V5hIxtngknFon4x5GzutA,round2,1.8199,188.4215,1262.1927,-15.2259,-32.6457,-21.4608,-11.4,25.2224,-77.02,0.7106,0.7106,1,25.2224,-77.02,0.7106,0.7106,0,25.2224,-77.02,0.7106,0.7106,0
1to3,seattle-wa:139095,seattle-wa,2zFfUsLSlbwAyE2w0uXR5w,round1,2.5039,92.8794,721.2306,-10.5852,-50.4589,-14.5015,-35.7326,0.946,-55.0726,1.0,1.0038,0,0.946,-55.0726,1.0,1.0038,0,0.946,-55.0726,1.0,1.0038,0
1to3,seattle-wa:139095,seattle-wa,2zFfUsLSlbwAyE2w0uXR5w,round2,2.5039,92.8794,721.2306,-10.5852,-50.4589,-14.5015,-35.7326,1.031,-50.2543,0.9517,0.9517,0,1.031,-50.2543,0.9517,0.9517,0,1.031,-50.2543,0.9517,0.9517,0
1to3,seattle-wa:282048,seattle-wa,3Ng_ug9oqbvJh8AMWf1g_Q,round1,-1.1289,576.2995,682.1583,7.6768,23.0596,31.929,-9.0664,23.6839,44.0612,0.9351,0.9351,0,23.6839,44.0612,0.9351,0.9351,0,23.6839,44.0612,0.9351,0.9351,0
1to3,seattle-wa:282048,seattle-wa,3Ng_ug9oqbvJh8AMWf1g_Q,round2,-1.1289,576.2995,682.1583,7.6768,23.0596,31.929,-9.0664,25.3213,-8.7546,0.9866,0.9866,0,25.3213,-8.7546,0.9866,0.9866,0,25.3213,-8.7546,0.9866,0.9866,0
1to3,seattle-wa:17671,seattle-wa,4AmSAIA-Er5A9TB4Dwww5A,round1,2.7531,383.4181,701.8057,5.8186,-54.9966,-25.421,-29.2598,25.8445,-27.7961,0.9306,0.9306,0,25.8445,-27.7961,0.9306,0.9306,0,25.8445,-27.7961,0.9306,0.9306,0
1to3,seattle-wa:17671,seattle-wa,4AmSAIA-Er5A9TB4Dwww5A,round2,2.7531,383.4181,701.8057,5.8186,-54.9966,-25.421,-29.2598,26.6835,-34.2153,1.0,1.0037,0,26.6835,-34.2153,1.0,1.0037,0,26.6835,-34.2153,1.0,1.0037,0
1to3,seattle-wa:70218,seattle-wa,4yVWMH6lYChzaQMJoFDy1w,round1,-1.3954,199.1755,714.2224,-3.1551,27.3749,-0.3768,27.7483,20.835,19.3646,0.967,0.967,0,20.835,19.3646,0.967,0.967,0,20.835,19.3646,0.967,0.967,0
1to3,seattle-wa:70218,seattle-wa,4yVWMH6lYChzaQMJoFDy1w,round2,-1.3954,199.1755,714.2224,-3.1551,27.3749,-0.3768,27.7483,22.1539,14.9993,1.0,1.0666,0,22.1539,14.9993,1.0,1.0666,0,22.1539,14.9993,1.0,1.0666,0
1to3,seattle-wa:24135,seattle-wa,5-0I_Q6i75cF19dsYqWKKQ,round1,-1.1989,611.893,736.0269,-1.6748,23.7575,3.4201,20.3491,-8.3702,0.2099,0.9688,0.9688,0,-8.3702,0.2099,0.9688,0.9688,0,-8.3702,0.2099,0.9688,0.9688,0
1to3,seattle-wa:24135,seattle-wa,5-0I_Q6i75cF19dsYqWKKQ,round2,-1.1989,611.893,736.0269,-1.6748,23.7575,3.4201,20.3491,-6.5212,2.9584,0.9704,0.9704,0,-6.5212,2.9584,0.9704,0.9704,0,-6.5212,2.9584,0.9704,0.9704,0
1to3,seattle-wa:20550,seattle-wa,5whi_CQNbmO-WUDB0k-kHA,round1,-1.6192,342.8585,628.3982,-1.2546,32.9033,21.9122,11.1142,68.0547,36.6973,0.9932,0.9932,0,68.0547,36.6973,0.9932,0.9932,0,68.0547,36.6973,0.9932,0.9932,0
1to3,seattle-wa:20550,seattle-wa,5whi_CQNbmO-WUDB0k-kHA,round2,-1.6192,342.8585,628.3982,-1.2546,32.9033,21.9122,11.1142,69.1886,36.8661,1.0,1.1206,0,69.1886,36.8661,1.0,1.1206,0,69.1886,36.8661,1.0,1.1206,0
1to3,seattle-wa:26038,seattle-wa,6k6ARBmtZd_CUSJhLWW8Wg,round1,2.7025,406.2015,896.4401,5.6424,-49.3775,-19.4821,-29.9261,4.4957,-35.5145,0.9542,0.9542,0,4.4957,-35.5145,0.9542,0.9542,0,4.4957,-35.5145,0.9542,0.9542,0
1to3,seattle-wa:26038,seattle-wa,6k6ARBmtZd_CUSJhLWW8Wg,round2,2.7025,406.2015,896.4401,5.6424,-49.3775,-19.4821,-29.9261,3.901,-35.3271,1.0,1.006,0,3.901,-35.3271,1.0,1.006,0,3.901,-35.3271,1.0,1.006,0
1to3,seattle-wa:100258,seattle-wa,6pvkpzEo6kIFowuTxN9PLQ,round1,1.1091,397.324,932.041,-44.9588,-23.5514,-53.2181,29.9156,-46.8658,-8.2578,0.9646,0.9646,0,-46.8658,-8.2578,0.9646,0.9646,0,-46.8658,-8.2578,0.9646,0.9646,0
1to3,seattle-wa:100258,seattle-wa,6pvkpzEo6kIFowuTxN9PLQ,round2,1.1091,397.324,932.041,-44.9588,-23.5514,-53.2181,29.9156,-43.1863,-11.7852,0.9427,0.9427,0,-43.1863,-11.7852,0.9427,0.9427,0,-43.1863,-11.7852,0.9427,0.9427,0
1to3,seattle-wa:134121,seattle-wa,8dDFwBGPvYRhYGDMx_fydw,round1,-2.2148,543.9799,683.9224,-7.469,43.9423,4.6122,39.4295,-8.225,46.581,0.9316,0.9316,0,-8.225,46.581,0.9316,0.9316,0,-8.225,46.581,0.9316,0.9316,0
1to3,seattle-wa:134121,seattle-wa,8dDFwBGPvYRhYGDMx_fydw,round2,-2.2148,543.9799,683.9224,-7.469,43.9423,4.6122,39.4295,-9.92,51.4567,0.9758,0.9758,0,-9.92,51.4567,0.9758,0.9758,0,-9.92,51.4567,0.9758,0.9758,0
1to3,seattle-wa:134512,seattle-wa,9Oz_FFhw7hgJfKkb6JP7kg,round1,1.5391,528.1276,760.7082,3.0838,-29.9534,-1.075,-28.863,13.947,-28.7842,0.9761,0.9761,0,13.947,-28.7842,0.9761,0.9761,0,13.947,-28.7842,0.9761,0.9761,0
1to3,seattle-wa:134512,seattle-wa,9Oz_FFhw7hgJfKkb6JP7kg,round2,1.5391,528.1276,760.7082,3.0838,-29.9534,-1.075,-28.863,15.715,-31.8855,1.0,1.001,0,15.715,-31.8855,1.0,1.001,0,15.715,-31.8855,1.0,1.001,0
1to3,seattle-wa:39051,seattle-wa,9_4MIUwfTOrLSmc_RNJQqQ,round1,1.0386,376.0796,936.754,-29.4917,-20.1365,14.5039,-34.51,-22.247,-8.2863,0.9276,0.9276,0,-22.247,-8.2863,0.9276,0.9276,0,-22.247,-8.2863,0.9276,0.9276,0
1to3,seattle-wa:39051,seattle-wa,9_4MIUwfTOrLSmc_RNJQqQ,round2,1.0386,376.0796,936.754,-29.4917,-20.1365,14.5039,-34.51,-22.44,-11.1947,0.9736,0.9736,0,-22.44,-11.1947,0.9736,0.9736,0,-22.44,-11.1947,0.9736,0.9736,0
1to3,seattle-wa:157540,seattle-wa,9mEno1NXg3bag0HUwhyOsA,round1,-1.2306,603.7694,653.4358,-5.1868,25.2473,4.2786,21.023,-0.3393,12.5934,1.0,1.0123,0,-0.3393,12.5934,1.0,1.0123,0,-0.3393,12.5934,1.0,1.0123,0
1to3,seattle-wa:157540,seattle-wa,9mEno1NXg3bag0HUwhyOsA,round2,-1.2306,603.7694,653.4358,-5.1868,25.2473,4.2786,21.023,0.1452,13.0649,1.0,1.0389,0,0.1452,13.0649,1.0,1.0389,0,0.1452,13.0649,1.0,1.0389,0
1to3,seattle-wa:2296,seattle-wa,C1tpNsu1e9mDb7MtLpCQEA,round1,-2.6931,193.6495,614.4904,-3.6465,55.3498,-2.9487,58.2092,22.4765,52.0564,0.96,0.96,0,22.4765,52.0564,0.96,0.96,0,22.4765,52.0564,0.96,0.96,0
1to3,seattle-wa:2296,seattle-wa,C1tpNsu1e9mDb7MtLpCQEA,round2,-2.6931,193.6495,614.4904,-3.6465,55.3498,-2.9487,58.2092,26.2763,81.5096,1.0,1.0089,1,25.806,111.9795,1.0,1.043,0,25.806,111.9795,1.0,1.043,1
1to3,seattle-wa:134441,seattle-wa,CCmGP8cDrg3RUUab3yzKPg,round1,2.2458,89.7971,886.9492,5.41,-43.2257,-11.7813,-31.5088,4.9648,-27.6877,0.9435,0.9435,0,4.9648,-27.6877,0.9435,0.9435,0,4.9648,-27.6877,0.9435,0.9435,0
1to3,seattle-wa:134441,seattle-wa,CCmGP8cDrg3RUUab3yzKPg,round2,2.2458,89.7971,886.9492,5.41,-43.2257,-11.7813,-31.5088,2.9817,-28.6272,1.0,1.0125,0,2.9817,-28.6272,1.0,1.0125,0,2.9817,-28.6272,1.0,1.0125,0
1to3,seattle-wa:13625,seattle-wa,CXRLrL3RcRwkuiGKaFB2Jg,round1,1.4839,201.8107,772.1716,-4.5084,-28.4628,-1.6575,-26.7841,20.6474,-42.98,0.9625,0.9625,0,20.6474,-42.98,0.9625,0.9625,0,20.6474,-42.98,0.9625,0.9625,0
1to3,seattle-wa:13625,seattle-wa,CXRLrL3RcRwkuiGKaFB2Jg,round2,1.4839,201.8107,772.1716,-4.5084,-28.4628,-1.6575,-26.7841,18.2318,-35.4336,0.976,0.976,0,18.2318,-35.4336,0.976,0.976,0,18.2318,-35.4336,0.976,0.976,0
1to3,seattle-wa:70328,seattle-wa,CvcD8tX-Ns0hbjRnrCea7Q,round1,-2.0157,402.7875,653.7957,-2.4902,40.2777,5.6975,34.6669,10.303,13.7231,0.8586,0.8586,0,10.303,13.7231,0.8586,0.8586,0,10.303,13.7231,0.8586,0.8586,0
1to3,seattle-wa:70328,seattle-wa,CvcD8tX-Ns0hbjRnrCea7Q,round2,-2.0157,402.7875,653.7957,-2.4902,40.2777,5.6975,34.6669,15.445,71.7916,0.9395,0.9395,0,15.445,71.7916,0.9395,0.9395,0,15.445,71.7916,0.9395,0.9395,0
1to3,seattle-wa:6356,seattle-wa,DNKpwgLgO8nrAiqkRrlosA,round1,-1.3749,121.5158,779.5862,26.2538,23.8631,-25.0307,48.7529,78.4842,-47.5862,0.5712,0.5712,1,146.4842,-110.0061,0.8196,0.8196,1,90.4842,-39.5862,0.5715,0.5715,1
1to3,seattle-wa:6356,seattle-wa,DNKpwgLgO8nrAiqkRrlosA,round2,-1.3749,121.5158,779.5862,26.2538,23.8631,-25.0307,48.7529,-26.2726,79.2424,0.8765,0.8765,0,-26.2726,79.2424,0.8765,0.8765,0,-26.2726,79.2424,0.8765,0.8765,0
1to3,seattle-wa:147133,seattle-wa,FOJCD1wuDZRGvBgNpMVZmQ,round1,-1.6013,555.7476,1150.1245,-7.2975,28.8603,2.1099,26.7355,-10.804,34.6328,0.5754,0.5754,0,-10.804,34.6328,0.5754,0.5754,0,-10.804,34.6328,0.5754,0.5754,0
1to3,seattle-wa:147133,seattle-wa,FOJCD1wuDZRGvBgNpMVZmQ,round2,-1.6013,555.7476,1150.1245,-7.2975,28.8603,2.1099,26.7355,-10.1072,28.8424,0.6902,0.6902,0,-10.1072,28.8424,0.6902,0.6902,0,-10.1072,28.8424,0.6902,0.6902,0
1to3,seattle-wa:41920,seattle-wa,F_GEOu0sSb8QWsq0RuWyjA,round1,-2.66,603.259,631.2445,0.0337,55.2553,49.7102,5.6944,-1.998,44.0719,0.9669,0.9669,0,-1.998,44.0719,0.9669,0.9669,0,-1.998,44.0719,0.9669,0.9669,0
1to3,seattle-wa:41920,seattle-wa,F_GEOu0sSb8QWsq0RuWyjA,round2,-2.66,603.259,631.2445,0.0337,55.2553,49.7102,5.6944,-0.7383,40.5455,1.0,1.0302,0,-0.7383,40.5455,1.0,1.0302,0,-0.7383,40.5455,1.0,1.0302,0
1to3,seattle-wa:151203,seattle-wa,GBggQb-z4NYLyfnkukMVZg,round1,-1.3859,412.3216,572.4775,3.8741,29.2955,31.7116,-2.4633,-84.3216,31.5225,0.0702,0.0702,1,-125.9343,87.6904,0.0726,0.0726,0,-88.3216,33.3912,0.0702,0.0702,1
1to3,seattle-wa:151203,seattle-wa,GBggQb-z4NYLyfnkukMVZg,round2,-1.3859,412.3216,572.4775,3.8741,29.2955,31.7116,-2.4633,-64.3216,-60.4775,0.0184,0.0184,1,-48.3216,-176.4775,0.0355,0.0355,1,-64.3216,-48.4775,0.0179,0.0179,1
1to3,seattle-wa:40085,seattle-wa,I-An9wAdaTUGC0Wsl3eLbw,round1,-1.1086,406.1908,1315.6998,1.2736,21.6841,5.2324,16.3668,4.1264,-12.4741,0.8213,0.8213,0,4.1264,-12.4741,0.8213,0.8213,0,4.1264,-12.4741,0.8213,0.8213,0
1to3,seattle-wa:40085,seattle-wa,I-An9wAdaTUGC0Wsl3eLbw,round2,-1.1086,406.1908,1315.6998,1.2736,21.6841,5.2324,16.3668,5.1818,-78.1771,0.6883,0.6883,0,5.1818,-78.1771,0.6883,0.6883,0,5.1818,-78.1771,0.6883,0.6883,1
1to3,seattle-wa:46950,seattle-wa,IvEfO25gO1s_edIq7FXfQw,round1,-1.3944,378.8345,703.0614,0.8179,27.1902,19.0561,8.1852,25.847,25.8569,0.9543,0.9543,0,25.847,25.8569,0.9543,0.9543,0,25.847,25.8569,0.9543,0.9543,0
1to3,seattle-wa:46950,seattle-wa,IvEfO25gO1s_edIq7FXfQw,round2,-1.3944,378.8345,703.0614,0.8179,27.1902,19.0561,8.1852,29.3776,36.7208,0.9714,0.9714,0,29.3776,36.7208,0.9714,0.9714,0,29.3776,36.7208,0.9714,0.9714,0
1to3,seattle-wa:176124,seattle-wa,JKO_5L6i_CtO7CidIkJIWg,round1,-1.6949,280.4389,644.4208,2.0403,34.1248,30.0247,4.1542,3.6422,24.458,0.9381,0.9381,0,3.6422,24.458,0.9381,0.9381,0,3.6422,24.458,0.9381,0.9381,0
1to3,seattle-wa:176124,seattle-wa,JKO_5L6i_CtO7CidIkJIWg,round2,-1.6949,280.4389,644.4208,2.0403,34.1248,30.0247,4.1542,8.1533,25.6007,0.985,0.985,0,8.1533,25.6007,0.985,0.985,0,8.1533,25.6007,0.985,0.985,0
1to3,seattle-wa:53724,seattle-wa,JwpYbUq2uUsBUfX8WtRAGw,round1,2.388,386.6973,983.9279,-4.6847,-43.0281,-28.1925,-14.9823,21.2185,-52.691,0.8746,0.8746,0,21.2185,-52.691,0.8746,0.8746,0,21.2185,-52.691,0.8746,0.8746,0
1to3,seattle-wa:53724,seattle-wa,JwpYbUq2uUsBUfX8WtRAGw,round2,2.388,386.6973,983.9279,-4.6847,-43.0281,-28.1925,-14.9823,23.8784,-59.6645,0.9517,0.9517,0,23.8784,-59.6645,0.9517,0.9517,0,23.8784,-59.6645,0.9517,0.9517,0
1to3,seattle-wa:69563,seattle-wa,Kaw-IXClNJXt-deZoRl0vw,round1,-1.7489,205.5257,686.5532,8.398,34.3003,8.0052,26.3891,20.3865,38.3065,0.8814,0.8814,0,20.3865,38.3065,0.8814,0.8814,0,20.3865,38.3065,0.8814,0.8814,0
1to3,seattle-wa:69563,seattle-wa,Kaw-IXClNJXt-deZoRl0vw,round2,-1.7489,205.5257,686.5532,8.398,34.3003,8.0052,26.3891,70.7787,44.4527,0.944,0.944,1,70.7787,44.4527,0.944,0.944,0,70.7787,44.4527,0.944,0.944,0
1to3,seattle-wa:175062,seattle-wa,LjvolDxVKhatHDunuUIwGQ,round1,-2.2423,399.1733,650.1962,-1.3216,44.8544,36.6179,8.3642,-44.3831,13.3404,0.8623,0.8623,0,-44.3831,13.3404,0.8623,0.8623,0,-44.3831,13.3404,0.8623,0.8623,0
1to3,seattle-wa:175062,seattle-wa,LjvolDxVKhatHDunuUIwGQ,round2,-2.2423,399.1733,650.1962,-1.3216,44.8544,36.6179,8.3642,16.2955,22.8395,0.999,0.999,0,16.2955,22.8395,0.999,0.999,0,16.2955,22.8395,0.999,0.999,0
1to3,seattle-wa:117912,seattle-wa,LomxALAaOfm7ohTrjHPoBQ,round1,1.8365,354.425,901.1912,-10.1071,-33.6104,0.1855,-33.7975,33.575,86.8088,0.8856,0.8856,1,50.0924,91.0324,0.8998,0.8998,0,25.575,70.8088,0.8258,0.8258,1
1to3,seattle-wa:117912,seattle-wa,LomxALAaOfm7ohTrjHPoBQ,round2,1.8365,354.425,901.1912,-10.1071,-33.6104,0.1855,-33.7975,33.575,86.8088,0.8309,0.8309,1,54.3925,144.3865,0.9222,0.9222,0,21.575,66.8088,0.7446,0.7446,1
1to3,seattle-wa:13476,seattle-wa,MZ1h_Mreaj0Z6Afy_wabYA,round1,1.2698,182.8826,647.9929,-3.8199,-26.2039,-15.7028,-10.417,-20.9457,13.2006,0.8965,0.8965,0,-20.9457,13.2006,0.8965,0.8965,0,-20.9457,13.2006,0.8965,0.8965,0
1to3,seattle-wa:13476,seattle-wa,MZ1h_Mreaj0Z6Afy_wabYA,round2,1.2698,182.8826,647.9929,-3.8199,-26.2039,-15.7028,-10.417,-23.0364,13.4895,0.7469,0.7469,0,-23.0364,13.4895,0.7469,0.7469,0,-23.0364,13.4895,0.7469,0.7469,0
1to3,seattle-wa:31528,seattle-wa,NanQdSr_4vHlMYg76wodyQ,round1,-2.2988,474.792,947.7318,8.9656,42.1306,3.0171,39.0817,-30.792,88.2682,0.8511,0.8511,1,-55.4037,97.9325,0.86,0.86,0,-34.792,97.4096,0.8564,0.8564,1
1to3,seattle-wa:31528,seattle-wa,NanQdSr_4vHlMYg76wodyQ,round2,-2.2988,474.792,947.7318,8.9656,42.1306,3.0171,39.0817,-56.2219,46.2849,0.8741,0.8741,0,-56.2219,46.2849,0.8741,0.8741,0,-56.2219,46.2849,0.8741,0.8741,0
1to3,seattle-wa:100722,seattle-wa,NeLKNj_dJofZQKlX7UG_uA,round1,1.002,482.5384,1081.6279,-5.6363,-18.7009,-7.4443,-11.3055,1.4395,-93.6279,0.4802,0.4802,1,53.3657,-154.8382,0.5249,0.5249,0,13.4616,-101.6279,0.486,0.486,1
1to3,seattle-wa:100722,seattle-wa,NeLKNj_dJofZQKlX7UG_uA,round2,1.002,482.5384,1081.6279,-5.6363,-18.7009,-7.4443,-11.3055,52.8038,34.2286,0.6511,0.6511,0,52.8038,34.2286,0.6511,0.6511,0,52.8038,34.2286,0.6511,0.6511,0
1to3,seattle-wa:24437,seattle-wa,OQK0K2s5bzI6gFfHp0dzgg,round1,-1.1818,451.1298,777.4191,-0.4959,22.3695,4.7927,17.5896,25.3654,22.1564,0.7801,0.7801,0,25.3654,22.1564,0.7801,0.7801,0,25.3654,22.1564,0.7801,0.7801,0
1to3,seattle-wa:24437,seattle-wa,OQK0K2s5bzI6gFfHp0dzgg,round2,-1.1818,451.1298,777.4191,-0.4959,22.3695,4.7927,17.5896,26.3651,20.5869,1.0,1.0356,0,26.3651,20.5869,1.0,1.0356,0,26.3651,20.5869,1.0,1.0356,0
1to3,seattle-wa:232075,seattle-wa,SXGk5nrg0jbwXq7IjZKY-Q,round1,-2.1905,254.8371,838.575,16.9985,39.4888,33.1688,6.3202,22.06,28.7772,0.8647,0.8647,0,22.06,28.7772,0.8647,0.8647,0,22.06,28.7772,0.8647,0.8647,0
1to3,seattle-wa:232075,seattle-wa,SXGk5nrg0jbwXq7IjZKY-Q,round2,-2.1905,254.8371,838.575,16.9985,39.4888,33.1688,6.3202,22.8079,83.3237,0.9426,0.9426,1,22.8079,83.3237,0.9426,0.9426,0,22.8079,83.3237,0.9426,0.9426,0
1to3,seattle-wa:134681,seattle-wa,SsIQwhg_N45Wl3VYYrnvUQ,round1,-2.5838,132.6171,591.657,7.6572,54.2088,34.3203,20.2688,25.1049,12.3938,0.9544,0.9544,0,25.1049,12.3938,0.9544,0.9544,0,25.1049,12.3938,0.9544,0.9544,0
1to3,seattle-wa:134681,seattle-wa,SsIQwhg_N45Wl3VYYrnvUQ,round2,-2.5838,132.6171,591.657,7.6572,54.2088,34.3203,20.2688,23.6544,69.6468,0.9923,0.9923,0,23.6544,69.6468,0.9923,0.9923,0,23.6544,69.6468,0.9923,0.9923,0
1to3,seattle-wa:23695,seattle-wa,TBFLxLQmpR52ysB7erSVVA,round1,2.3146,279.8936,797.509,13.4208,-44.4599,2.3251,-46.8342,11.0049,-1.6147,0.8613,0.8613,0,11.0049,-1.6147,0.8613,0.8613,0,11.0049,-1.6147,0.8613,0.8613,0
1to3,seattle-wa:23695,seattle-wa,TBFLxLQmpR52ysB7erSVVA,round2,2.3146,279.8936,797.509,13.4208,-44.4599,2.3251,-46.8342,11.8556,-8.5915,0.9117,0.9117,0,11.8556,-8.5915,0.9117,0.9117,0,11.8556,-8.5915,0.9117,0.9117,0
1to3,seattle-wa:160605,seattle-wa,TmnkUZVLc8KFzCpQ-Vnhgw,round1,-2.3311,320.8078,671.1751,5.6238,45.9128,-0.3032,46.2104,91.1922,-8.6835,0.8111,0.8111,1,149.8519,-9.2779,0.8759,0.8759,0,91.1922,-8.6835,0.8111,0.8111,1
1to3,seattle-wa:160605,seattle-wa,TmnkUZVLc8KFzCpQ-Vnhgw,round2,-2.3311,320.8078,671.1751,5.6238,45.9128,-0.3032,46.2104,91.1922,-8.1853,0.7395,0.7395,1,156.0488,-7.7786,0.9792,0.9792,0,91.1922,-8.1853,0.7395,0.7395,1
1to3,seattle-wa:49365,seattle-wa,USBBzXc1wI3NFIqtg_ZDpw,round1,1.2817,546.8253,604.255,7.0085,-27.4522,-18.8951,-8.4414,-0.733,-5.7928,0.9792,0.9792,0,-0.733,-5.7928,0.9792,0.9792,0,-0.733,-5.7928,0.9792,0.9792,0
1to3,seattle-wa:49365,seattle-wa,USBBzXc1wI3NFIqtg_ZDpw,round2,1.2817,546.8253,604.255,7.0085,-27.4522,-18.8951,-8.4414,0.1503,-6.9022,0.9413,0.9413,0,0.1503,-6.9022,0.9413,0.9413,0,0.1503,-6.9022,0.9413,0.9413,0
1to3,seattle-wa:191785,seattle-wa,VKOkWQUydEUJJTTZVeqqAA,round1,-2.0873,160.7262,581.5863,12.3677,43.6861,59.1312,-15.8759,1.3425,20.4154,0.9925,0.9925,0,1.3425,20.4154,0.9925,0.9925,0,1.3425,20.4154,0.9925,0.9925,0
1to3,seattle-wa:191785,seattle-wa,VKOkWQUydEUJJTTZVeqqAA,round2,-2.0873,160.7262,581.5863,12.3677,43.6861,59.1312,-15.8759,51.3979,27.9121,0.9714,0.9714,0,51.3979,27.9121,0.9714,0.9714,0,51.3979,27.9121,0.9714,0.9714,0
1to3,seattle-wa:152994,seattle-wa,VbaApLCaH7qcL2j30fIAdA,round1,-2.2077,237.7843,605.9147,0.557,45.5491,36.5391,9.1975,-10.7132,-0.5487,0.954,0.954,0,-10.7132,-0.5487,0.954,0.954,0,-10.7132,-0.5487,0.954,0.954,0
1to3,seattle-wa:152994,seattle-wa,VbaApLCaH7qcL2j30fIAdA,round2,-2.2077,237.7843,605.9147,0.557,45.5491,36.5391,9.1975,-16.0822,59.9514,1.0,1.1074,0,-16.0822,59.9514,1.0,1.1074,0,-16.0822,59.9514,1.0,1.1074,0
1to3,seattle-wa:126553,seattle-wa,VjY5aCtWve-La_AQrlTN0Q,round1,-1.543,363.4478,521.6363,-3.3032,33.7276,7.6883,26.1838,-10.9657,14.9705,0.9824,0.9824,0,-10.9657,14.9705,0.9824,0.9824,0,-10.9657,14.9705,0.9824,0.9824,0
1to3,seattle-wa:126553,seattle-wa,VjY5aCtWve-La_AQrlTN0Q,round2,-1.543,363.4478,521.6363,-3.3032,33.7276,7.6883,26.1838,-8.4281,23.2065,0.9919,0.9919,0,-8.4281,23.2065,0.9919,0.9919,0,-8.4281,23.2065,0.9919,0.9919,0
1to3,seattle-wa:181652,seattle-wa,XdSJTmiNm1Sco_vUlmxB8w,round1,1.2383,479.9571,881.3374,12.7447,-22.3904,0.7882,-23.1793,1.484,-17.1643,0.9297,0.9297,0,1.484,-17.1643,0.9297,0.9297,0,1.484,-17.1643,0.9297,0.9297,0
1to3,seattle-wa:181652,seattle-wa,XdSJTmiNm1Sco_vUlmxB8w,round2,1.2383,479.9571,881.3374,12.7447,-22.3904,0.7882,-23.1793,3.2274,-17.5261,0.9502,0.9502,0,3.2274,-17.5261,0.9502,0.9502,0,3.2274,-17.5261,0.9502,0.9502,0
1to3,seattle-wa:9392,seattle-wa,Xys2jiLaMl3L70UCXtN4lw,round1,-1.9485,240.7049,743.4573,3.7894,37.1911,16.6202,20.6549,-12.9255,50.7396,0.8906,0.8906,0,-12.9255,50.7396,0.8906,0.8906,0,-12.9255,50.7396,0.8906,0.8906,0
1to3,seattle-wa:9392,seattle-wa,Xys2jiLaMl3L70UCXtN4lw,round2,-1.9485,240.7049,743.4573,3.7894,37.1911,16.6202,20.6549,39.4908,55.5817,0.9867,0.9867,0,39.4908,55.5817,0.9867,0.9867,0,39.4908,55.5817,0.9867,0.9867,0
1to3,seattle-wa:169234,seattle-wa,Y3-pwnmAKP-r1tGqQAtI-w,round1,-2.0798,401.4128,648.8807,-6.0831,41.5657,17.6075,24.1662,4.2961,14.8559,0.9252,0.9252,0,4.2961,14.8559,0.9252,0.9252,0,4.2961,14.8559,0.9252,0.9252,0
1to3,seattle-wa:169234,seattle-wa,Y3-pwnmAKP-r1tGqQAtI-w,round2,-2.0798,401.4128,648.8807,-6.0831,41.5657,17.6075,24.1662,4.3867,24.0802,1.0,1.017,0,4.3867,24.0802,1.0,1.017,0,4.3867,24.0802,1.0,1.017,0
1to3,seattle-wa:1218,seattle-wa,YA0PXYFdpLl93NCVBvJd0w,round1,-1.4096,310.4712,680.43,7.8094,27.6335,0.9913,26.6571,89.5288,-12.43,0.5201,0.5201,1,181.5288,-18.1113,0.8675,0.8675,1,89.5288,-12.43,0.5201,0.5201,1
1to3,seattle-wa:1218,seattle-wa,YA0PXYFdpLl93NCVBvJd0w,round2,-1.4096,310.4712,680.43,7.8094,27.6335,0.9913,26.6571,38.6133,46.403,0.8176,0.8176,0,177.5288,-13.0447,0.9227,0.9227,1,38.6133,46.403,0.8176,0.8176,0
1to3,seattle-wa:35409,seattle-wa,YE-F6wdxBQ717seO7L9_qg,round1,1.3574,185.2338,774.9628,1.8596,-26.2947,-17.3334,-8.9511,34.9424,-39.1909,0.9243,0.9243,0,34.9424,-39.1909,0.9243,0.9243,0,34.9424,-39.1909,0.9243,0.9243,0
1to3,seattle-wa:35409,seattle-wa,YE-F6wdxBQ717seO7L9_qg,round2,1.3574,185.2338,774.9628,1.8596,-26.2947,-17.3334,-8.9511,37.3915,-46.3902,0.9937,0.9937,0,37.3915,-46.3902,0.9937,0.9937,0,37.3915,-46.3902,0.9937,0.9937,0
1to3,seattle-wa:187548,seattle-wa,YPJGUQaQjEp0PJckrRea4Q,round1,2.7729,99.3278,732.5557,-21.0312,-55.5535,-72.5908,16.8022,-6.5605,-6.5383,0.9551,0.9551,0,-6.5605,-6.5383,0.9551,0.9551,0,-6.5605,-6.5383,0.9551,0.9551,0
1to3,seattle-wa:187548,seattle-wa,YPJGUQaQjEp0PJckrRea4Q,round2,2.7729,99.3278,732.5557,-21.0312,-55.5535,-72.5908,16.8022,-5.2478,-61.6172,1.0,1.0265,0,-5.2478,-61.6172,1.0,1.0265,0,-5.2478,-61.6172,1.0,1.0265,0
1to3,seattle-wa:35920,seattle-wa,Z1AOAHC6SOkSJJiV_-ioTA,round1,2.434,104.6274,703.2019,-7.2308,-49.5251,-25.4531,-23.8229,-8.5445,-91.2019,0.9819,0.9819,1,-8.3996,-93.7326,0.9881,0.9881,0,-8.3996,-93.7326,0.9881,0.9881,0
1to3,seattle-wa:35920,seattle-wa,Z1AOAHC6SOkSJJiV_-ioTA,round2,2.434,104.6274,703.2019,-7.2308,-49.5251,-25.4531,-23.8229,44.6167,-39.0485,0.9455,0.9455,0,44.6167,-39.0485,0.9455,0.9455,0,44.6167,-39.0485,0.9455,0.9455,0
1to3,seattle-wa:133431,seattle-wa,ZMXxwAkCLhvlDFyNzvT_5g,round1,1.3708,478.2178,783.8207,-4.5939,-26.5018,-12.1483,-14.3239,56.911,6.5332,0.8948,0.8948,0,56.911,6.5332,0.8948,0.8948,0,56.911,6.5332,0.8948,0.8948,0
1to3,seattle-wa:133431,seattle-wa,ZMXxwAkCLhvlDFyNzvT_5g,round2,1.3708,478.2178,783.8207,-4.5939,-26.5018,-12.1483,-14.3239,56.4112,-49.5702,0.9773,0.9773,0,56.4112,-49.5702,0.9773,0.9773,0,56.4112,-49.5702,0.9773,0.9773,0
1to3,seattle-wa:113036,seattle-wa,Zc26YRXvkgf6xrSPxn_MKw,round1,1.6162,300.2691,798.7099,4.8249,-30.616,-31.2909,0.6557,-11.785,-8.6929,0.9181,0.9181,0,-11.785,-8.6929,0.9181,0.9181,0,-11.785,-8.6929,0.9181,0.9181,0
1to3,seattle-wa:113036,seattle-wa,Zc26YRXvkgf6xrSPxn_MKw,round2,1.6162,300.2691,798.7099,4.8249,-30.616,-31.2909,0.6557,41.4534,-61.533,0.9497,0.9497,0,41.4534,-61.533,0.9497,0.9497,0,41.4534,-61.533,0.9497,0.9497,0
1to3,seattle-wa:86159,seattle-wa,_-1t29u46Qe_MF1oJA3PIQ,round1,-2.4003,195.8756,649.4651,-10.3257,48.3346,56.3173,-8.2601,17.8784,19.0149,0.9582,0.9582,0,17.8784,19.0149,0.9582,0.9582,0,17.8784,19.0149,0.9582,0.9582,0
1to3,seattle-wa:86159,seattle-wa,_-1t29u46Qe_MF1oJA3PIQ,round2,-2.4003,195.8756,649.4651,-10.3257,48.3346,56.3173,-8.2601,20.3799,74.7311,0.9849,0.9849,0,20.3799,74.7311,0.9849,0.9849,0,20.3799,74.7311,0.9849,0.9849,0
1to3,seattle-wa:142429,seattle-wa,__zYRtSHSIM7Ok8NlVrlww,round1,-2.9397,402.9309,614.6088,3.5787,59.8211,-2.1008,61.8408,12.2245,45.4828,0.898,0.898,0,12.2245,45.4828,0.898,0.898,0,12.2245,45.4828,0.898,0.898,0
1to3,seattle-wa:142429,seattle-wa,__zYRtSHSIM7Ok8NlVrlww,round2,-2.9397,402.9309,614.6088,3.5787,59.8211,-2.1008,61.8408,9.032,55.8144,1.0,1.0424,0,9.032,55.8144,1.0,1.0424,0,9.032,55.8144,1.0,1.0424,0
1to3,seattle-wa:45663,seattle-wa,_djkojurjiEliUAodiaaAg,round1,1.0183,233.9076,958.9953,-3.3643,-18.265,-1.0019,-17.2679,86.0924,28.1798,0.7879,0.7879,1,120.9201,28.1515,0.91,0.91,0,86.0924,9.0047,0.755,0.755,1
1to3,seattle-wa:45663,seattle-wa,_djkojurjiEliUAodiaaAg,round2,1.0183,233.9076,958.9953,-3.3643,-18.265,-1.0019,-17.2679,90.0924,24.9782,0.796,0.796,1,120.0513,25.1872,0.9425,0.9425,0,90.0924,13.0047,0.7756,0.7756,1
1to3,seattle-wa:100049,seattle-wa,_zecNFcxAgsMM6hrRZ_3nQ,round1,1.7579,412.5652,814.4605,2.6291,-32.9938,-32.4878,-0.4952,-61.6441,-25.0726,0.955,0.955,0,-61.6441,-25.0726,0.955,0.955,0,-61.6441,-25.0726,0.955,0.955,0
1to3,seattle-wa:100049,seattle-wa,_zecNFcxAgsMM6hrRZ_3nQ,round2,1.7579,412.5652,814.4605,2.6291,-32.9938,-32.4878,-0.4952,-61.6136,-62.4605,0.9379,0.9379,1,-61.7849,-75.6334,0.9454,0.9454,0,-61.7849,-75.6334,0.9454,0.9454,1
1to3,seattle-wa:104446,seattle-wa,aLv6A1HjTwmDzLz0c1mXpg,round1,-2.0456,606.5673,661.3453,-4.5981,41.7998,24.434,17.5803,-4.8925,2.765,0.9442,0.9442,0,-4.8925,2.765,0.9442,0.9442,0,-4.8925,2.765,0.9442,0.9442,0
1to3,seattle-wa:104446,seattle-wa,aLv6A1HjTwmDzLz0c1mXpg,round2,-2.0456,606.5673,661.3453,-4.5981,41.7998,24.434,17.5803,-3.7764,13.6603,0.9985,0.9985,0,-3.7764,13.6603,0.9985,0.9985,0,-3.7764,13.6603,0.9985,0.9985,0
1to3,seattle-wa:56998,seattle-wa,bM4eRS4m3FtFQgBZPWGh5Q,round1,2.7926,101.2253,803.8896,-6.0271,-54.1277,-48.5877,-5.5734,-5.0174,-7.4222,0.6977,0.6977,0,-5.0174,-7.4222,0.6977,0.6977,0,-5.0174,-7.4222,0.6977,0.6977,0
1to3,seattle-wa:56998,seattle-wa,bM4eRS4m3FtFQgBZPWGh5Q,round2,2.7926,101.2253,803.8896,-6.0271,-54.1277,-48.5877,-5.5734,-5.9804,-12.7448,1.0,1.0322,0,-5.9804,-12.7448,1.0,1.0322,0,-5.9804,-12.7448,1.0,1.0322,0
1to3,seattle-wa:858,seattle-wa,bddiBALUyj6NRhXGsEQcJw,round1,1.1547,490.1664,820.5289,12.6686,-21.4125,4.1352,-25.5661,-9.1415,-27.5705,0.9227,0.9227,0,-9.1415,-27.5705,0.9227,0.9227,0,-9.1415,-27.5705,0.9227,0.9227,0
1to3,seattle-wa:858,seattle-wa,bddiBALUyj6NRhXGsEQcJw,round2,1.1547,490.1664,820.5289,12.6686,-21.4125,4.1352,-25.5661,-7.3224,-25.1433,0.9462,0.9462,0,-7.3224,-25.1433,0.9462,0.9462,0,-7.3224,-25.1433,0.9462,0.9462,0
1to3,seattle-wa:14479,seattle-wa,byvPTqAm01CK-A1yuWQRLQ,round1,-1.6893,179.9056,802.4621,6.0464,31.5334,0.3268,31.2072,39.1056,-6.0929,0.8183,0.8183,0,39.1056,-6.0929,0.8183,0.8183,0,39.1056,-6.0929,0.8183,0.8183,0
1to3,seattle-wa:14479,seattle-wa,byvPTqAm01CK-A1yuWQRLQ,round2,-1.6893,179.9056,802.4621,6.0464,31.5334,0.3268,31.2072,32.3619,56.3623,0.8832,0.8832,0,32.3619,56.3623,0.8832,0.8832,0,32.3619,56.3623,0.8832,0.8832,0
1to3,seattle-wa:47828,seattle-wa,dHs9axHbNE5dJW20a8-qBw,round1,-1.0044,159.3624,563.0527,-0.3206,21.7168,-3.0567,24.7195,-6.1356,37.5997,1.0,1.0055,0,-6.1356,37.5997,1.0,1.0055,0,-6.1356,37.5997,1.0,1.0055,0
1to3,seattle-wa:47828,seattle-wa,dHs9axHbNE5dJW20a8-qBw,round2,-1.0044,159.3624,563.0527,-0.3206,21.7168,-3.0567,24.7195,-2.1709,39.5484,0.9907,0.9907,0,-2.1709,39.5484,0.9907,0.9907,0,-2.1709,39.5484,0.9907,0.9907,0
1to3,seattle-wa:60074,seattle-wa,dIXw3h6JwHj1Wd6gr4ht0A,round1,-1.067,589.6932,657.4105,-4.8302,21.7797,16.7367,5.0805,13.8338,9.2697,0.9369,0.9369,0,13.8338,9.2697,0.9369,0.9369,0,13.8338,9.2697,0.9369,0.9369,0
1to3,seattle-wa:60074,seattle-wa,dIXw3h6JwHj1Wd6gr4ht0A,round2,-1.067,589.6932,657.4105,-4.8302,21.7797,16.7367,5.0805,21.2489,10.9085,0.9682,0.9682,0,21.2489,10.9085,0.9682,0.9682,0,21.2489,10.9085,0.9682,0.9682,0
1to3,seattle-wa:99041,seattle-wa,eTfaNISO4a7sWOsWXNHUcA,round1,-1.9707,235.2287,845.3476,-8.7973,36.5355,17.855,18.6668,-13.6725,13.5033,0.8976,0.8976,0,-13.6725,13.5033,0.8976,0.8976,0,-13.6725,13.5033,0.8976,0.8976,0
1to3,seattle-wa:99041,seattle-wa,eTfaNISO4a7sWOsWXNHUcA,round2,-1.9707,235.2287,845.3476,-8.7973,36.5355,17.855,18.6668,-13.6164,17.1508,0.9818,0.9818,0,-13.6164,17.1508,0.9818,0.9818,0,-13.6164,17.1508,0.9818,0.9818,0
1to3,seattle-wa:233520,seattle-wa,fAa1dSIvDl1GAoW781pA_w,round1,-1.3637,534.4772,860.3993,-14.8112,24.1631,6.4715,17.7239,10.9246,5.6134,0.8505,0.8505,0,10.9246,5.6134,0.8505,0.8505,0,10.9246,5.6134,0.8505,0.8505,0
1to3,seattle-wa:233520,seattle-wa,fAa1dSIvDl1GAoW781pA_w,round2,-1.3637,534.4772,860.3993,-14.8112,24.1631,6.4715,17.7239,62.6536,7.4641,0.8884,0.8884,0,62.6536,7.4641,0.8884,0.8884,0,62.6536,7.4641,0.8884,0.8884,0
1to3,seattle-wa:7224,seattle-wa,gQkq82maPnWGzP2eDCjObw,round1,1.3446,192.6644,831.2474,6.4397,-25.7127,-12.77,-12.9356,-36.6381,-35.9849,0.9578,0.9578,0,-36.6381,-35.9849,0.9578,0.9578,0,-36.6381,-35.9849,0.9578,0.9578,0
1to3,seattle-wa:7224,seattle-wa,gQkq82maPnWGzP2eDCjObw,round2,1.3446,192.6644,831.2474,6.4397,-25.7127,-12.77,-12.9356,-35.9419,-33.4858,1.0,1.0452,0,-35.9419,-33.4858,1.0,1.0452,0,-35.9419,-33.4858,1.0,1.0452,0
1to3,seattle-wa:67515,seattle-wa,h8YipwX-8eUl1X1HQIMDhw,round1,-1.1872,309.9424,681.3072,-12.362,23.1634,-9.2253,32.2631,30.9601,-6.0385,0.9205,0.9205,0,30.9601,-6.0385,0.9205,0.9205,0,30.9601,-6.0385,0.9205,0.9205,0
1to3,seattle-wa:67515,seattle-wa,h8YipwX-8eUl1X1HQIMDhw,round2,-1.1872,309.9424,681.3072,-12.362,23.1634,-9.2253,32.2631,33.1656,45.4662,0.9899,0.9899,0,33.1656,45.4662,0.9899,0.9899,0,33.1656,45.4662,0.9899,0.9899,0
1to3,seattle-wa:156468,seattle-wa,hI5abCA_GUx2NDqUxgo1_A,round1,1.2942,158.4465,892.6593,12.8763,-25.2234,-35.3128,10.0653,53.8497,-32.8087,0.9449,0.9449,0,53.8497,-32.8087,0.9449,0.9449,0,53.8497,-32.8087,0.9449,0.9449,0
1to3,seattle-wa:156468,seattle-wa,hI5abCA_GUx2NDqUxgo1_A,round2,1.2942,158.4465,892.6593,12.8763,-25.2234,-35.3128,10.0653,-6.6508,-32.6636,0.898,0.898,0,-6.6508,-32.6636,0.898,0.898,0,-6.6508,-32.6636,0.898,0.898,0
1to3,seattle-wa:157261,seattle-wa,icy6y-z6SpEVDesB0ZJxBg,round1,-2.1958,217.4324,643.5841,3.03,44.3065,18.1531,26.374,-56.6107,26.8001,0.8862,0.8862,0,-56.6107,26.8001,0.8862,0.8862,0,-56.6107,26.8001,0.8862,0.8862,0
1to3,seattle-wa:157261,seattle-wa,icy6y-z6SpEVDesB0ZJxBg,round2,-2.1958,217.4324,643.5841,3.03,44.3065,18.1531,26.374,3.2034,27.3144,1.0,1.0293,0,3.2034,27.3144,1.0,1.0293,0,3.2034,27.3144,1.0,1.0293,0
1to3,seattle-wa:17889,seattle-wa,j_t2W4bfkc8IFoWA0j_A2g,round1,-1.3004,61.9915,683.4231,-8.9365,26.8369,42.8548,-16.3317,26.6776,41.4916,0.4878,0.4878,0,26.6776,41.4916,0.4878,0.4878,0,26.6776,41.4916,0.4878,0.4878,0
1to3,seattle-wa:17889,seattle-wa,j_t2W4bfkc8IFoWA0j_A2g,round2,-1.3004,61.9915,683.4231,-8.9365,26.8369,42.8548,-16.3317,-61.9915,48.4169,0.7602,0.7602,0,-61.9915,48.4169,0.7602,0.7602,0,-61.9915,48.4169,0.7602,0.7602,0
1to3,seattle-wa:190800,seattle-wa,kEJUpvvY3DR_ZJKV6Jrd9A,round1,2.0273,238.7834,956.7655,-4.5306,-36.5252,-32.5074,-4.0651,-11.3614,26.9122,0.8413,0.8413,0,-11.3614,26.9122,0.8413,0.8413,0,-11.3614,26.9122,0.8413,0.8413,0
1to3,seattle-wa:190800,seattle-wa,kEJUpvvY3DR_ZJKV6Jrd9A,round2,2.0273,238.7834,956.7655,-4.5306,-36.5252,-32.5074,-4.0651,37.6906,-28.6043,0.8851,0.8851,0,37.6906,-28.6043,0.8851,0.8851,0,37.6906,-28.6043,0.8851,0.8851,0
1to3,seattle-wa:152865,seattle-wa,kHKhbetPOMoWONrX6fuNHw,round1,-1.9674,434.9404,649.3173,-12.7129,39.0228,-2.9691,41.9272,-19.677,-43.51,0.9508,0.9508,0,-19.677,-43.51,0.9508,0.9508,0,-19.677,-43.51,0.9508,0.9508,0
1to3,seattle-wa:152865,seattle-wa,kHKhbetPOMoWONrX6fuNHw,round2,-1.9674,434.9404,649.3173,-12.7129,39.0228,-2.9691,41.9272,-20.6996,18.1679,1.0,1.0265,0,-20.6996,18.1679,1.0,1.0265,0,-20.6996,18.1679,1.0,1.0265,0
1to3,seattle-wa:107286,seattle-wa,nGXpyeQgGQhdPp3lk0t4sw,round1,-1.2341,164.0238,654.8376,5.9957,24.8748,4.2494,20.6709,-6.2527,7.5743,0.9143,0.9143,0,-6.2527,7.5743,0.9143,0.9143,0,-6.2527,7.5743,0.9143,0.9143,0
1to3,seattle-wa:107286,seattle-wa,nGXpyeQgGQhdPp3lk0t4sw,round2,-1.2341,164.0238,654.8376,5.9957,24.8748,4.2494,20.6709,49.7556,15.1892,1.0,1.0416,0,49.7556,15.1892,1.0,1.0416,0,49.7556,15.1892,1.0,1.0416,0
1to3,seattle-wa:114634,seattle-wa,nchjOJS7Gl-aQ4gxuqr7Wg,round1,-1.7695,67.7233,659.4408,8.5498,36.0488,-3.2932,39.2945,22.9543,5.044,1.0,1.0108,0,22.9543,5.044,1.0,1.0108,0,22.9543,5.044,1.0,1.0108,0
1to3,seattle-wa:114634,seattle-wa,nchjOJS7Gl-aQ4gxuqr7Wg,round2,-1.7695,67.7233,659.4408,8.5498,36.0488,-3.2932,39.2945,23.6184,13.2535,1.0,1.03,0,23.6184,13.2535,1.0,1.03,0,23.6184,13.2535,1.0,1.03,0
1to3,seattle-wa:53910,seattle-wa,qEoSNMTbi8zfPTC5OVj5EQ,round1,-1.2618,226.4141,667.9594,6.7751,25.023,-7.2071,32.1338,-5.2916,60.0512,0.9321,0.9321,0,-5.2916,60.0512,0.9321,0.9321,0,-5.2916,60.0512,0.9321,0.9321,0
1to3,seattle-wa:53910,seattle-wa,qEoSNMTbi8zfPTC5OVj5EQ,round2,-1.2618,226.4141,667.9594,6.7751,25.023,-7.2071,32.1338,-5.0146,60.156,1.0,1.0746,0,-5.0146,60.156,1.0,1.0746,0,-5.0146,60.156,1.0,1.0746,0
1to3,seattle-wa:162448,seattle-wa,qbTZWKmOieHxDQIwJn9nuQ,round1,-1.138,218.3029,721.8448,-5.1306,22.2401,27.2087,-5.0164,-0.5651,-47.9432,0.9037,0.9037,0,-0.5651,-47.9432,0.9037,0.9037,0,-0.5651,-47.9432,0.9037,0.9037,0
1to3,seattle-wa:162448,seattle-wa,qbTZWKmOieHxDQIwJn9nuQ,round2,-1.138,218.3029,721.8448,-5.1306,22.2401,27.2087,-5.0164,3.4492,11.6844,1.0,1.0219,0,3.4492,11.6844,1.0,1.0219,0,3.4492,11.6844,1.0,1.0219,0
1to3,seattle-wa:136642,seattle-wa,qgOvCpLphrSMvGUpebyHKA,round1,1.3601,473.9642,689.1012,6.7276,-27.2672,-33.3662,6.026,0.0195,-17.5712,0.9855,0.9855,0,0.0195,-17.5712,0.9855,0.9855,0,0.0195,-17.5712,0.9855,0.9855,0
1to3,seattle-wa:136642,seattle-wa,qgOvCpLphrSMvGUpebyHKA,round2,1.3601,473.9642,689.1012,6.7276,-27.2672,-33.3662,6.026,3.1439,-16.755,1.0,1.0003,0,3.1439,-16.755,1.0,1.0003,0,3.1439,-16.755,1.0,1.0003,0
1to3,seattle-wa:147375,seattle-wa,qkWKQN_k7mGOSOEswKutrQ,round1,1.0451,347.2318,791.4444,15.6567,-20.08,17.8225,-38.0124,-2.1022,-56.1645,0.9471,0.9471,0,-2.1022,-56.1645,0.9471,0.9471,0,-2.1022,-56.1645,0.9471,0.9471,0
1to3,seattle-wa:147375,seattle-wa,qkWKQN_k7mGOSOEswKutrQ,round2,1.0451,347.2318,791.4444,15.6567,-20.08,17.8225,-38.0124,-0.7703,-52.1856,0.9797,0.9797,0,-0.7703,-52.1856,0.9797,0.9797,0,-0.7703,-52.1856,0.9797,0.9797,0
1to3,seattle-wa:144906,seattle-wa,sQMSNUFbg5FG_4dme9EFpQ,round1,-1.1857,222.0057,1204.2846,-5.1996,22.621,-0.6577,23.2842,85.9943,-27.8239,0.0148,0.0148,1,120.6474,-31.4719,0.015,0.015,0,77.9943,-27.2296,0.0148,0.0148,1
1to3,seattle-wa:144906,seattle-wa,sQMSNUFbg5FG_4dme9EFpQ,round2,-1.1857,222.0057,1204.2846,-5.1996,22.621,-0.6577,23.2842,81.9943,39.7154,0.0172,0.0172,1,89.9943,159.7154,0.0244,0.0244,1,81.9943,39.7154,0.0172,0.0172,1
1to3,seattle-wa:204077,seattle-wa,sTBV9sD_piC-bTmGWOJeeQ,round1,1.0705,315.4247,664.5937,-7.3187,-21.7563,-35.9597,13.9589,25.4558,-54.2348,0.8246,0.8246,0,25.4558,-54.2348,0.8246,0.8246,0,25.4558,-54.2348,0.8246,0.8246,0
1to3,seattle-wa:204077,seattle-wa,sTBV9sD_piC-bTmGWOJeeQ,round2,1.0705,315.4247,664.5937,-7.3187,-21.7563,-35.9597,13.9589,-25.0231,-0.6408,0.9556,0.9556,0,-25.0231,-0.6408,0.9556,0.9556,0,-25.0231,-0.6408,0.9556,0.9556,0
1to3,seattle-wa:261446,seattle-wa,soblqlfPacxmSFwsEWWz6A,round1,-1.3016,590.6108,798.6064,3.5224,25.322,8.3666,16.9563,-50.6553,-3.1999,0.9117,0.9117,0,-50.6553,-3.1999,0.9117,0.9117,0,-50.6553,-3.1999,0.9117,0.9117,0
1to3,seattle-wa:261446,seattle-wa,soblqlfPacxmSFwsEWWz6A,round2,-1.3016,590.6108,798.6064,3.5224,25.322,8.3666,16.9563,7.6872,5.2199,0.9454,0.9454,0,7.6872,5.2199,0.9454,0.9454,0,7.6872,5.2199,0.9454,0.9454,0
1to3,seattle-wa:10286,seattle-wa,tiIXVym-KKYAqzuP_iRsGg,round1,1.9147,255.4259,1186.2951,-0.2894,-35.0577,-0.0722,-34.9862,92.339,-6.5899,0.8844,0.8844,1,92.339,-6.5899,0.8844,0.8844,0,92.339,-6.5899,0.8844,0.8844,1
1to3,seattle-wa:10286,seattle-wa,tiIXVym-KKYAqzuP_iRsGg,round2,1.9147,255.4259,1186.2951,-0.2894,-35.0577,-0.0722,-34.9862,88.4741,-4.6356,0.8558,0.8558,1,88.4741,-4.6356,0.8558,0.8558,0,88.4741,-4.6356,0.8558,0.8558,1
1to3,seattle-wa:21216,seattle-wa,wZ1tq9VBSs4bE2KQJzO-pg,round1,-1.7351,604.872,800.9623,4.1841,33.7778,-4.5513,38.2637,-3.3566,-8.8441,1.0,1.0245,0,-3.3566,-8.8441,1.0,1.0245,0,-3.3566,-8.8441,1.0,1.0245,0
1to3,seattle-wa:21216,seattle-wa,wZ1tq9VBSs4bE2KQJzO-pg,round2,-1.7351,604.872,800.9623,4.1841,33.7778,-4.5513,38.2637,-2.5237,-5.8432,1.0,1.0148,0,-2.5237,-5.8432,1.0,1.0148,0,-2.5237,-5.8432,1.0,1.0148,0
1to3,seattle-wa:51417,seattle-wa,xAAUhWrHGYdgAMz-rYcczQ,round1,1.3856,245.5236,1107.2162,-51.9534,-23.5746,29.6194,-52.2052,33.711,11.9684,0.8134,0.8134,0,33.711,11.9684,0.8134,0.8134,0,33.711,11.9684,0.8134,0.8134,0
1to3,seattle-wa:51417,seattle-wa,xAAUhWrHGYdgAMz-rYcczQ,round2,1.3856,245.5236,1107.2162,-51.9534,-23.5746,29.6194,-52.2052,32.4921,10.7513,0.9141,0.9141,0,32.4921,10.7513,0.9141,0.9141,0,32.4921,10.7513,0.9141,0.9141,0
1to3,seattle-wa:145966,seattle-wa,xAPPpr0NJwc0HhRBFLFLCg,round1,-1.6527,349.8381,685.5782,1.9337,32.4571,-0.091,32.5464,3.1724,-14.6314,0.9455,0.9455,0,3.1724,-14.6314,0.9455,0.9455,0,3.1724,-14.6314,0.9455,0.9455,0
1to3,seattle-wa:145966,seattle-wa,xAPPpr0NJwc0HhRBFLFLCg,round2,-1.6527,349.8381,685.5782,1.9337,32.4571,-0.091,32.5464,3.382,42.3888,0.9838,0.9838,0,3.382,42.3888,0.9838,0.9838,0,3.382,42.3888,0.9838,0.9838,0
1to3,seattle-wa:132048,seattle-wa,xWIhhtZTyczvGXX9Nk4reQ,round1,-1.8418,268.8339,835.3381,7.607,33.6896,-0.8826,34.5718,-45.7994,18.0365,0.944,0.944,0,-45.7994,18.0365,0.944,0.944,0,-45.7994,18.0365,0.944,0.944,0
1to3,seattle-wa:132048,seattle-wa,xWIhhtZTyczvGXX9Nk4reQ,round2,-1.8418,268.8339,835.3381,7.607,33.6896,-0.8826,34.5718,-43.1275,27.8316,0.9827,0.9827,0,-43.1275,27.8316,0.9827,0.9827,0,-43.1275,27.8316,0.9827,0.9827,0
1to3,seattle-wa:74604,seattle-wa,yHe_2s4yNzlM6EOrcx7KKw,round1,-2.9108,269.638,592.6253,5.348,60.0658,2.4687,57.6755,17.8079,91.3747,0.7532,0.7532,1,17.6646,138.5126,0.7948,0.7948,0,14.362,123.3747,0.7742,0.7742,1
1to3,seattle-wa:74604,seattle-wa,yHe_2s4yNzlM6EOrcx7KKw,round2,-2.9108,269.638,592.6253,5.348,60.0658,2.4687,57.6755,20.8711,75.8548,0.9409,0.9409,0,20.8711,75.8548,0.9409,0.9409,0,20.8711,75.8548,0.9409,0.9409,0
1to3,st-louis-mo:5107,st-louis-mo,-_7-wK2rjpZva9O5Z0jGLQ,round1,1.7196,494.8676,1054.4108,7.396,-30.5829,-16.2326,-14.4602,-14.2518,60.7699,0.8526,0.8526,0,-14.2518,60.7699,0.8526,0.8526,0,-14.2518,60.7699,0.8526,0.8526,0
1to3,st-louis-mo:5107,st-louis-mo,-_7-wK2rjpZva9O5Z0jGLQ,round2,1.7196,494.8676,1054.4108,7.396,-30.5829,-16.2326,-14.4602,-18.6486,59.0076,0.9036,0.9036,0,-18.6486,59.0076,0.9036,0.9036,0,-18.6486,59.0076,0.9036,0.9036,0
1to3,st-louis-mo:24513,st-louis-mo,7MOktT8rNHgj9uDkTAuLqQ,round1,-1.3967,141.4909,686.9232,5.2602,27.7611,3.3268,24.4796,11.7178,38.9143,0.9414,0.9414,0,11.7178,38.9143,0.9414,0.9414,0,11.7178,38.9143,0.9414,0.9414,0
1to3,st-louis-mo:24513,st-louis-mo,7MOktT8rNHgj9uDkTAuLqQ,round2,-1.3967,141.4909,686.9232,5.2602,27.7611,3.3268,24.4796,12.0055,38.2861,0.9788,0.9788,0,12.0055,38.2861,0.9788,0.9788,0,12.0055,38.2861,0.9788,0.9788,0
1to3,st-louis-mo:1185,st-louis-mo,f6m--Ow9D_4I8LFLjdE1Uw,round1,1.6654,184.0057,966.1534,17.1027,-31.9825,9.1138,-40.9983,-27.1375,80.3858,0.7372,0.7372,1,-27.1375,80.3858,0.7372,0.7372,0,-27.0432,65.8466,0.7286,0.7286,1
1to3,st-louis-mo:1185,st-louis-mo,f6m--Ow9D_4I8LFLjdE1Uw,round2,1.6654,184.0057,966.1534,17.1027,-31.9825,9.1138,-40.9983,71.9943,53.8466,0.6142,0.6142,1,158.3805,85.8466,0.8471,0.8471,1,91.9943,29.8466,0.5991,0.5991,1
1to3,st-louis-mo:22048,st-louis-mo,xn7UB8rp21Z3bVQgQjngzw,round1,-1.8111,239.421,795.9743,11.4474,33.4106,3.2101,30.2378,-15.3161,2.2053,0.9331,0.9331,0,-15.3161,2.2053,0.9331,0.9331,0,-15.3161,2.2053,0.9331,0.9331,0
1to3,st-louis-mo:22048,st-louis-mo,xn7UB8rp21Z3bVQgQjngzw,round2,-1.8111,239.421,795.9743,11.4474,33.4106,3.2101,30.2378,39.5429,0.8582,0.9728,0.9728,0,39.5429,0.8582,0.9728,0.9728,0,39.5429,0.8582,0.9728,0.9728,0
1to3,teaneck-nj:23198,teaneck-nj,AdOQXF-K3g6HD9kT0XghlA,round1,1.7291,331.1152,774.0448,5.0158,-33.0625,-15.9382,-17.0671,-39.7631,18.25,0.8946,0.8946,0,-39.7631,18.25,0.8946,0.8946,0,-39.7631,18.25,0.8946,0.8946,0
1to3,teaneck-nj:23198,teaneck-nj,AdOQXF-K3g6HD9kT0XghlA,round2,1.7291,331.1152,774.0448,5.0158,-33.0625,-15.9382,-17.0671,15.3422,-41.5518,1.0,1.023,0,15.3422,-41.5518,1.0,1.023,0,15.3422,-41.5518,1.0,1.023,0
1to3,teaneck-nj:19452,teaneck-nj,POX8RU4Y80ppXeUFTQFkxQ,round1,1.2091,141.7017,929.3356,18.9394,-24.4067,7.4758,-31.9307,50.2983,-75.4089,0.9022,0.9022,1,75.938,-75.5604,0.9472,0.9472,0,75.938,-75.5604,0.9472,0.9472,1
1to3,teaneck-nj:19452,teaneck-nj,POX8RU4Y80ppXeUFTQFkxQ,round2,1.2091,141.7017,929.3356,18.9394,-24.4067,7.4758,-31.9307,58.2983,-69.3356,0.9068,0.9068,1,77.9951,-76.8131,0.9783,0.9783,0,77.9951,-76.8131,0.9783,0.9783,1
1to3,teaneck-nj:2028,teaneck-nj,hEzvdZ282LTpZmRAwS6kkg,round1,-1.7275,404.2125,642.6501,9.6926,34.6266,-4.1641,38.6924,8.8139,25.118,1.0,1.0099,0,8.8139,25.118,1.0,1.0099,0,8.8139,25.118,1.0,1.0099,0
1to3,teaneck-nj:2028,teaneck-nj,hEzvdZ282LTpZmRAwS6kkg,round2,-1.7275,404.2125,642.6501,9.6926,34.6266,-4.1641,38.6924,9.6782,23.1948,1.0,1.0653,0,9.6782,23.1948,1.0,1.0653,0,9.6782,23.1948,1.0,1.0653,0
1to3,teaneck-nj:7928,teaneck-nj,rrs0N7QBQmmTnegFq2gvzA,round1,-1.9271,246.0467,645.7623,-3.6694,38.8352,19.7025,19.3015,40.0529,24.4621,1.0,1.0034,0,40.0529,24.4621,1.0,1.0034,0,40.0529,24.4621,1.0,1.0034,0
1to3,teaneck-nj:7928,teaneck-nj,rrs0N7QBQmmTnegFq2gvzA,round2,-1.9271,246.0467,645.7623,-3.6694,38.8352,19.7025,19.3015,39.2038,28.1154,1.0,1.0133,0,39.2038,28.1154,1.0,1.0133,0,39.2038,28.1154,1.0,1.0133,0
1to3,teaneck-nj:2394,teaneck-nj,vAmzdqb3r_bgUniBVQhhPQ,round1,-2.4053,422.9766,738.3512,-6.5658,45.7957,1.526,44.286,-9.1869,61.7129,0.9833,0.9833,0,-9.1869,61.7129,0.9833,0.9833,0,-9.1869,61.7129,0.9833,0.9833,0
1to3,teaneck-nj:2394,teaneck-nj,vAmzdqb3r_bgUniBVQhhPQ,round2,-2.4053,422.9766,738.3512,-6.5658,45.7957,1.526,44.286,-8.1188,60.2526,1.0,1.0129,0,-8.1188,60.2526,1.0,1.0129,0,-8.1188,60.2526,1.0,1.0129,0
1to3,teaneck-nj:12040,teaneck-nj,wnkTM-FNv6kP2YNVHCKCcg,round1,1.1093,256.0421,840.1677,-11.3833,-20.4571,1.2877,-21.7476,23.0814,-40.0264,0.8917,0.8917,0,23.0814,-40.0264,0.8917,0.8917,0,23.0814,-40.0264,0.8917,0.8917,0
1to3,teaneck-nj:12040,teaneck-nj,wnkTM-FNv6kP2YNVHCKCcg,round2,1.1093,256.0421,840.1677,-11.3833,-20.4571,1.2877,-21.7476,21.417,-48.473,1.0,1.0122,0,21.417,-48.473,1.0,1.0122,0,21.417,-48.473,1.0,1.0122,0
1to3,teaneck-nj:4616,teaneck-nj,yOq0Tgsyq6C_PB2Ip1LOnw,round1,1.8621,409.5707,786.3408,5.5204,-35.3746,-16.4729,-18.8295,5.2519,4.0698,0.9418,0.9418,0,5.2519,4.0698,0.9418,0.9418,0,5.2519,4.0698,0.9418,0.9418,0
1to3,teaneck-nj:4616,teaneck-nj,yOq0Tgsyq6C_PB2Ip1LOnw,round2,1.8621,409.5707,786.3408,5.5204,-35.3746,-16.4729,-18.8295,5.1474,-47.0262,0.9761,0.9761,0,5.1474,-47.0262,0.9761,0.9761,0,5.1474,-47.0262,0.9761,0.9761,0
ge3,chicago-il:9076,chicago-il,-Thut7rdJefZTgOhcoUy0g,round1,-3.4258,631.8901,624.4304,-12.2923,71.0671,0.8301,70.2614,-29.3889,43.455,1.0,1.0291,0,-29.3889,43.455,1.0,1.0291,0,-29.3889,43.455,1.0,1.0291,0
ge3,chicago-il:9076,chicago-il,-Thut7rdJefZTgOhcoUy0g,round2,-3.4258,631.8901,624.4304,-12.2923,71.0671,0.8301,70.2614,-26.0167,51.367,1.0,1.0079,0,-26.0167,51.367,1.0,1.0079,0,-26.0167,51.367,1.0,1.0079,0
ge3,chicago-il:1508,chicago-il,SAU8zodKw8f0R9890j0-UA,round1,-3.3905,218.8699,680.4947,-2.5626,66.6522,23.5521,43.448,1.884,45.2703,0.9757,0.9757,0,1.884,45.2703,0.9757,0.9757,0,1.884,45.2703,0.9757,0.9757,0
ge3,chicago-il:1508,chicago-il,SAU8zodKw8f0R9890j0-UA,round2,-3.3905,218.8699,680.4947,-2.5626,66.6522,23.5521,43.448,3.8811,52.7717,1.0,1.0168,0,3.8811,52.7717,1.0,1.0168,0,3.8811,52.7717,1.0,1.0168,0
ge3,chicago-il:171619,chicago-il,mm0HU6SsvG3_UY57Uqlmng,round1,-3.4163,340.372,649.0199,45.6764,63.9457,133.1186,-72.2597,68.0375,24.6069,0.9322,0.9322,0,68.0375,24.6069,0.9322,0.9322,0,68.0375,24.6069,0.9322,0.9322,0
ge3,chicago-il:171619,chicago-il,mm0HU6SsvG3_UY57Uqlmng,round2,-3.4163,340.372,649.0199,45.6764,63.9457,133.1186,-72.2597,72.6854,26.3036,0.9252,0.9252,0,72.6854,26.3036,0.9252,0.9252,0,72.6854,26.3036,0.9252,0.9252,0
ge3,columbus-oh:22455,columbus-oh,1hYTHQWXgrqR3WFALiSScw,round1,5.1479,214.0075,642.3027,-0.1507,-109.7398,-8.9773,-100.2406,41.9925,77.6973,0.1508,0.1508,1,85.9925,161.6973,0.2506,0.2506,1,57.9925,13.6973,0.1113,0.1113,1
ge3,columbus-oh:22455,columbus-oh,1hYTHQWXgrqR3WFALiSScw,round2,5.1479,214.0075,642.3027,-0.1507,-109.7398,-8.9773,-100.2406,45.9925,81.6973,0.0203,0.0203,1,109.9925,145.6973,0.0661,0.0661,1,69.9925,5.6973,0.0129,0.0129,1
ge3,columbus-oh:4671,columbus-oh,ZKZoiWmcfTYHvhBLRndgbQ,round1,3.7959,452.3073,819.3364,14.9869,-71.8675,-74.8658,2.981,21.5037,-18.6678,0.9082,0.9082,0,21.5037,-18.6678,0.9082,0.9082,0,21.5037,-18.6678,0.9082,0.9082,0
ge3,columbus-oh:4671,columbus-oh,ZKZoiWmcfTYHvhBLRndgbQ,round2,3.7959,452.3073,819.3364,14.9869,-71.8675,-74.8658,2.981,22.3559,-27.9762,0.96,0.96,0,22.3559,-27.9762,0.96,0.96,0,22.3559,-27.9762,0.96,0.96,0
ge3,columbus-oh:22203,columbus-oh,f8wNCIFw246Stz6Xxj7UJg,round1,4.7671,329.6343,1181.2225,-103.6698,-92.91,-106.7021,14.8044,-53.1373,-68.3925,0.5512,0.5512,1,-53.1373,-68.3925,0.5512,0.5512,0,-53.1373,-68.3925,0.5512,0.5512,0
ge3,columbus-oh:22203,columbus-oh,f8wNCIFw246Stz6Xxj7UJg,round2,4.7671,329.6343,1181.2225,-103.6698,-92.91,-106.7021,14.8044,15.031,-63.216,0.6233,0.6233,0,15.031,-63.216,0.6233,0.6233,0,15.031,-63.216,0.6233,0.6233,0
ge3,columbus-oh:30236,columbus-oh,py3Y8sPw5YBDuzzqtdigEQ,round1,3.5503,599.0168,660.445,10.5905,-75.1653,-71.177,-3.8869,4.613,-58.021,0.7821,0.7821,0,4.613,-58.021,0.7821,0.7821,0,4.613,-58.021,0.7821,0.7821,0
ge3,columbus-oh:30236,columbus-oh,py3Y8sPw5YBDuzzqtdigEQ,round2,3.5503,599.0168,660.445,10.5905,-75.1653,-71.177,-3.8869,8.2797,-88.445,0.8644,0.8644,1,8.339,-118.4375,0.9525,0.9525,0,8.339,-118.4375,0.9525,0.9525,0
ge3,columbus-oh:17288,columbus-oh,r2W7saKt5JCpO4K_GVg5BA,round1,-3.0247,321.8782,576.0515,-1.5549,63.0023,55.1243,8.135,18.6431,25.0149,0.9298,0.9298,0,18.6431,25.0149,0.9298,0.9298,0,18.6431,25.0149,0.9298,0.9298,0
ge3,columbus-oh:17288,columbus-oh,r2W7saKt5JCpO4K_GVg5BA,round2,-3.0247,321.8782,576.0515,-1.5549,63.0023,55.1243,8.135,21.1618,79.9485,0.9594,0.9594,1,21.2077,85.9201,0.9656,0.9656,0,21.2077,85.9201,0.9656,0.9656,0
ge3,knox-oh:26679,knox-oh,M7ewtUrhI3W6LsI_lauFXA,round1,3.4828,136.0813,715.8018,4.7069,-71.227,-71.1969,-0.0291,17.8487,18.1873,0.9491,0.9491,0,17.8487,18.1873,0.9491,0.9491,0,17.8487,18.1873,0.9491,0.9491,0
ge3,knox-oh:26679,knox-oh,M7ewtUrhI3W6LsI_lauFXA,round2,3.4828,136.0813,715.8018,4.7069,-71.227,-71.1969,-0.0291,-36.7468,-49.7523,0.9676,0.9676,0,-36.7468,-49.7523,0.9676,0.9676,0,-36.7468,-49.7523,0.9676,0.9676,0
ge3,newberg-or:15611,newberg-or,2okfGSb31bxgM-fdI9bqHQ,round1,5.9475,589.4736,825.574,-9.5352,-118.5435,-77.7795,-41.4669,12.0642,-81.574,0.6751,0.6751,1,12.1374,-91.0694,0.6856,0.6856,0,12.1374,-91.0694,0.6856,0.6856,0
ge3,newberg-or:15611,newberg-or,2okfGSb31bxgM-fdI9bqHQ,round2,5.9475,589.4736,825.574,-9.5352,-118.5435,-77.7795,-41.4669,20.3861,-81.574,0.9166,0.9166,1,20.681,-95.9821,0.9588,0.9588,0,20.681,-95.9821,0.9588,0.9588,0
ge3,newberg-or:6240,newberg-or,59KK_4oFFAk_kYL4wIuPHA,round1,-3.4173,78.4086,768.8762,28.2263,63.4235,-15.868,79.1925,19.6229,24.8931,0.9453,0.9453,0,19.6229,24.8931,0.9453,0.9453,0,19.6229,24.8931,0.9453,0.9453,0
ge3,newberg-or:6240,newberg-or,59KK_4oFFAk_kYL4wIuPHA,round2,-3.4173,78.4086,768.8762,28.2263,63.4235,-15.868,79.1925,72.2788,32.5327,0.9036,0.9036,0,72.2788,32.5327,0.9036,0.9036,0,72.2788,32.5327,0.9036,0.9036,0
ge3,newberg-or:5105,newberg-or,LgzQQJGmH9seYx-fmKIG0Q,round1,-3.6036,116.1292,942.6334,14.6541,64.8688,29.2522,35.513,-16.5732,46.2929,0.8686,0.8686,0,-16.5732,46.2929,0.8686,0.8686,0,-16.5732,46.2929,0.8686,0.8686,0
ge3,newberg-or:5105,newberg-or,LgzQQJGmH9seYx-fmKIG0Q,round2,-3.6036,116.1292,942.6334,14.6541,64.8688,29.2522,35.513,-17.8118,50.3917,0.9744,0.9744,0,-17.8118,50.3917,0.9744,0.9744,0,-17.8118,50.3917,0.9744,0.9744,0
ge3,newberg-or:5869,newberg-or,MrjjdvM5mEdzVVfTQgOZuA,round1,3.9091,535.2826,816.5917,22.6622,-74.6577,-57.2554,-17.2265,56.7174,-64.5917,0.9068,0.9068,1,62.2995,-78.4108,0.9206,0.9206,0,62.2995,-78.4108,0.9206,0.9206,0
ge3,newberg-or:5869,newberg-or,MrjjdvM5mEdzVVfTQgOZuA,round2,3.9091,535.2826,816.5917,22.6622,-74.6577,-57.2554,-17.2265,32.7174,-83.4908,0.995,0.995,1,62.4522,-83.503,1.0,1.0231,0,62.4522,-83.503,1.0,1.0231,0
ge3,newberg-or:7425,newberg-or,Rd_fCCsHwtOT3FwMIe4Bog,round1,-4.0182,339.1592,955.1046,9.1522,71.8247,-0.0439,71.8685,3.1683,84.8954,0.9116,0.9116,1,3.274,92.0254,0.9198,0.9198,0,3.274,92.0254,0.9198,0.9198,0
ge3,newberg-or:7425,newberg-or,Rd_fCCsHwtOT3FwMIe4Bog,round2,-4.0182,339.1592,955.1046,9.1522,71.8247,-0.0439,71.8685,4.6355,88.8954,0.9575,0.9575,1,4.6635,91.6898,0.9656,0.9656,0,4.6635,91.6898,0.9656,0.9656,0
ge3,newberg-or:14026,newberg-or,RdqmQgvQDfJKEtB0EbqwuQ,round1,3.3083,196.4251,1001.8194,-4.139,-59.7927,-0.9475,-58.8397,21.0838,-9.0123,0.8903,0.8903,0,21.0838,-9.0123,0.8903,0.8903,0,21.0838,-9.0123,0.8903,0.8903,0
ge3,newberg-or:14026,newberg-or,RdqmQgvQDfJKEtB0EbqwuQ,round2,3.3083,196.4251,1001.8194,-4.139,-59.7927,-0.9475,-58.8397,20.99,-18.0378,0.9751,0.9751,0,20.99,-18.0378,0.9751,0.9751,0,20.99,-18.0378,0.9751,0.9751,0
ge3,newberg-or:9409,newberg-or,S8TzFTJ8_J2OL7-eyQ_jAw,round1,-3.8105,392.0228,1143.2225,2.9956,69.8819,17.0854,52.1278,81.5965,44.7775,0.8148,0.8148,1,81.8265,96.9383,0.8835,0.8835,0,71.9772,88.7775,0.8606,0.8606,1
ge3,newberg-or:9409,newberg-or,S8TzFTJ8_J2OL7-eyQ_jAw,round2,-3.8105,392.0228,1143.2225,2.9956,69.8819,17.0854,52.1278,31.9772,80.7775,0.8218,0.8218,1,77.5496,97.6569,0.8676,0.8676,0,63.9772,97.5857,0.8606,0.8606,1
ge3,newberg-or:920,newberg-or,YPLZ_z3fBAQx6QNM6ZddRg,round1,3.1652,550.9108,1027.6876,9.0433,-57.2393,-27.165,-30.3963,-6.1046,-83.6876,0.7378,0.7378,1,-5.8889,-104.4033,0.7792,0.7792,0,-5.8889,-104.4033,0.7792,0.7792,0
ge3,newberg-or:920,newberg-or,YPLZ_z3fBAQx6QNM6ZddRg,round2,3.1652,550.9108,1027.6876,9.0433,-57.2393,-27.165,-30.3963,-5.9525,-83.6876,0.8045,0.8045,1,-6.0397,-109.698,0.9008,0.9008,0,-6.0397,-109.698,0.9008,0.9008,0
ge3,newberg-or:2096,newberg-or,_UfzmudNgr_llS9j17eyFQ,round1,-4.4299,361.4008,654.1855,-2.0655,87.2279,64.5675,23.2818,-6.7068,72.6046,0.9234,0.9234,0,-6.7068,72.6046,0.9234,0.9234,0,-6.7068,72.6046,0.9234,0.9234,0
ge3,newberg-or:2096,newberg-or,_UfzmudNgr_llS9j17eyFQ,round2,-4.4299,361.4008,654.1855,-2.0655,87.2279,64.5675,23.2818,-7.5978,80.912,0.991,0.991,1,-7.5978,80.912,0.991,0.991,0,-7.5978,80.912,0.991,0.991,0
ge3,newberg-or:5705,newberg-or,mh_YiF1XBYbv1GcavN5jKg,round1,4.2967,513.5883,864.5623,0.5167,-81.1197,-56.4759,-24.4321,26.8517,-67.6233,0.9933,0.9933,0,26.8517,-67.6233,0.9933,0.9933,0,26.8517,-67.6233,0.9933,0.9933,0
ge3,newberg-or:5705,newberg-or,mh_YiF1XBYbv1GcavN5jKg,round2,4.2967,513.5883,864.5623,0.5167,-81.1197,-56.4759,-24.4321,27.4069,-72.0435,1.0,1.0658,0,27.4069,-72.0435,1.0,1.0658,0,27.4069,-72.0435,1.0,1.0658,0
ge3,newberg-or:7505,newberg-or,oWei3EKEcmpLhrDhSiNSMg,round1,-3.7572,360.3527,579.7171,4.6958,77.6356,47.068,31.4122,-7.1588,82.5623,0.9712,0.9712,1,-7.1588,82.5623,0.9712,0.9712,0,-7.1588,82.5623,0.9712,0.9712,0
ge3,newberg-or:7505,newberg-or,oWei3EKEcmpLhrDhSiNSMg,round2,-3.7572,360.3527,579.7171,4.6958,77.6356,47.068,31.4122,-5.19,86.7821,0.998,0.998,1,-5.19,86.7821,0.998,0.998,0,-5.19,86.7821,0.998,0.998,0
ge3,newberg-or:55,newberg-or,uenD-_VZrSvWF6jetDL3Yw,round1,5.008,179.6638,937.6453,-33.6746,-91.205,-67.5906,-23.7891,-24.881,-78.3724,0.9524,0.9524,1,-24.881,-78.3724,0.9524,0.9524,0,-24.881,-78.3724,0.9524,0.9524,0
ge3,newberg-or:55,newberg-or,uenD-_VZrSvWF6jetDL3Yw,round2,5.008,179.6638,937.6453,-33.6746,-91.205,-67.5906,-23.7891,-24.2664,-79.3075,1.0,1.0341,1,-24.2664,-79.3075,1.0,1.0341,0,-24.2664,-79.3075,1.0,1.0341,0
ge3,newberg-or:8232,newberg-or,uuDIxZdudJTGuk4AevwGBg,round1,-3.5475,590.0073,508.8268,-15.8386,78.4644,92.0097,-14.2613,-44.6433,27.864,0.0909,0.0909,0,-44.6433,27.864,0.0909,0.0909,0,-44.6433,27.864,0.0909,0.0909,0
ge3,newberg-or:8232,newberg-or,uuDIxZdudJTGuk4AevwGBg,round2,-3.5475,590.0073,508.8268,-15.8386,78.4644,92.0097,-14.2613,10.4597,87.1732,0.9426,0.9426,1,10.432,90.4193,0.9528,0.9528,0,10.432,90.4193,0.9528,0.9528,0
ge3,newberg-or:11353,newberg-or,wljL67fHv0bKWhwIjR0YlQ,round1,3.1883,323.8677,742.0469,3.3327,-62.3795,-62.6598,0.2591,24.5436,-4.4499,0.9469,0.9469,0,24.5436,-4.4499,0.9469,0.9469,0,24.5436,-4.4499,0.9469,0.9469,0
ge3,newberg-or:11353,newberg-or,wljL67fHv0bKWhwIjR0YlQ,round2,3.1883,323.8677,742.0469,3.3327,-62.3795,-62.6598,0.2591,23.7278,-66.6253,1.0,1.01,0,23.7278,-66.6253,1.0,1.01,0,23.7278,-66.6253,1.0,1.01,0
ge3,newberg-or:4604,newberg-or,xIyFNC9OxoNw9peqM9f_JQ,round1,-4.1565,151.8838,751.8268,18.485,78.3326,9.7769,68.835,9.0155,45.8431,0.9305,0.9305,0,9.0155,45.8431,0.9305,0.9305,0,9.0155,45.8431,0.9305,0.9305,0
ge3,newberg-or:4604,newberg-or,xIyFNC9OxoNw9peqM9f_JQ,round2,-4.1565,151.8838,751.8268,18.485,78.3326,9.7769,68.835,56.1162,68.1732,0.7898,0.7898,1,69.3564,106.3751,0.9098,0.9098,0,68.1162,106.3825,0.9068,0.9068,1
ge3,newberg-or:11913,newberg-or,yfn53HcxHa1GhfT-c3lL5Q,round1,3.6267,463.43,1074.9115,-6.1739,-65.9749,-17.6181,-48.7998,8.9802,-22.0612,0.9089,0.9089,0,8.9802,-22.0612,0.9089,0.9089,0,8.9802,-22.0612,0.9089,0.9089,0
ge3,newberg-or:11913,newberg-or,yfn53HcxHa1GhfT-c3lL5Q,round2,3.6267,463.43,1074.9115,-6.1739,-65.9749,-17.6181,-48.7998,10.151,-27.2226,0.9711,0.9711,0,10.151,-27.2226,0.9711,0.9711,0,10.151,-27.2226,0.9711,0.9711,0
ge3,oradell-nj:7101,oradell-nj,0XKwM6W_uxNQgqBEtoNMsg,round1,-3.7341,199.9411,593.0634,8.3679,77.0008,43.7602,34.0251,40.0589,76.1505,0.9297,0.9297,1,76.4853,76.496,0.9339,0.9339,0,76.4853,76.496,0.9339,0.9339,1
ge3,oradell-nj:7101,oradell-nj,0XKwM6W_uxNQgqBEtoNMsg,round2,-3.7341,199.9411,593.0634,8.3679,77.0008,43.7602,34.0251,44.0589,78.0992,0.9275,0.9275,1,77.8978,77.5013,0.9487,0.9487,0,77.8978,77.5013,0.9487,0.9487,1
ge3,oradell-nj:7464,oradell-nj,1ABuIDf8TYLcUIsLfVPJnQ,round1,-5.0035,176.6536,685.0103,36.117,94.925,95.8943,-0.9978,-19.739,82.9897,0.9331,0.9331,1,-19.8623,108.875,0.9872,0.9872,0,-19.8623,108.875,0.9872,0.9872,0
ge3,oradell-nj:7464,oradell-nj,1ABuIDf8TYLcUIsLfVPJnQ,round2,-5.0035,176.6536,685.0103,36.117,94.925,95.8943,-0.9978,-13.3372,82.9897,0.8981,0.8981,1,-13.3487,113.0643,1.0,1.0019,0,-13.3487,113.0643,1.0,1.0019,0
ge3,oradell-nj:7421,oradell-nj,1w6_iEuJ4PUCSthCaiFq2A,round1,-3.6786,506.7538,594.4446,5.1208,76.1773,81.4771,-5.5455,-29.9989,75.6547,1.0,1.0111,1,-29.9989,75.6547,1.0,1.0111,0,-29.9989,75.6547,1.0,1.0111,0
ge3,oradell-nj:7421,oradell-nj,1w6_iEuJ4PUCSthCaiFq2A,round2,-3.6786,506.7538,594.4446,5.1208,76.1773,81.4771,-5.5455,-27.5349,85.5554,1.0,1.0097,1,-27.7271,129.6196,1.0,1.0108,0,-27.66,117.5554,1.0,1.0104,1
ge3,oradell-nj:985,oradell-nj,Ko964t_Cng7uh9vTpFmIgw,round1,-5.0745,379.0079,531.3804,2.5005,107.3837,98.5565,9.3897,-28.3309,78.2217,0.9583,0.9583,0,-28.3309,78.2217,0.9583,0.9583,0,-28.3309,78.2217,0.9583,0.9583,0
ge3,oradell-nj:985,oradell-nj,Ko964t_Cng7uh9vTpFmIgw,round2,-5.0745,379.0079,531.3804,2.5005,107.3837,98.5565,9.3897,-26.0885,80.0766,0.9672,0.9672,0,-26.0885,80.0766,0.9672,0.9672,0,-26.0885,80.0766,0.9672,0.9672,0
ge3,oradell-nj:9269,oradell-nj,Lv59DQ_FbT37mcgtEIHUXA,round1,-3.1828,482.9127,576.6482,0.1937,66.7355,60.3426,6.629,-3.7946,25.6649,0.9429,0.9429,0,-3.7946,25.6649,0.9429,0.9429,0,-3.7946,25.6649,0.9429,0.9429,0
ge3,oradell-nj:9269,oradell-nj,Lv59DQ_FbT37mcgtEIHUXA,round2,-3.1828,482.9127,576.6482,0.1937,66.7355,60.3426,6.629,50.4798,34.7278,0.97,0.97,0,50.4798,34.7278,0.97,0.97,0,50.4798,34.7278,0.97,0.97,0
ge3,oradell-nj:7460,oradell-nj,SXxwS7nOLQz6qElb24P_kA,round1,-6.0336,288.0197,598.4917,-17.3302,120.7469,81.8213,40.4552,-2.9413,72.2428,0.881,0.881,0,-2.9413,72.2428,0.881,0.881,0,-2.9413,72.2428,0.881,0.881,0
ge3,oradell-nj:7460,oradell-nj,SXxwS7nOLQz6qElb24P_kA,round2,-6.0336,288.0197,598.4917,-17.3302,120.7469,81.8213,40.4552,-1.2951,93.5083,0.8325,0.8325,1,-0.5237,135.9212,0.9761,0.9761,0,-0.5237,135.9212,0.9761,0.9761,0
ge3,oradell-nj:995,oradell-nj,VvBqFhuEBYI8UIFLLbUnUQ,round1,-3.2036,602.9743,513.817,-14.4987,70.9968,82.631,-12.1779,-3.7247,22.9428,0.8009,0.8009,0,-3.7247,22.9428,0.8009,0.8009,0,-3.7247,22.9428,0.8009,0.8009,0
ge3,oradell-nj:995,oradell-nj,VvBqFhuEBYI8UIFLLbUnUQ,round2,-3.2036,602.9743,513.817,-14.4987,70.9968,82.631,-12.1779,-2.0593,83.018,0.9821,0.9821,1,-2.0593,83.018,0.9821,0.9821,0,-2.0593,83.018,0.9821,0.9821,0
ge3,oradell-nj:7115,oradell-nj,Vw2f6PqIIC16P6oua6iCgQ,round1,-3.3424,214.6846,550.2811,4.9953,71.0814,34.0725,37.7982,37.3154,85.7189,0.7423,0.7423,1,64.7306,165.7189,0.9381,0.9381,1,25.3154,125.7189,0.8884,0.8884,1
ge3,oradell-nj:7115,oradell-nj,Vw2f6PqIIC16P6oua6iCgQ,round2,-3.3424,214.6846,550.2811,4.9953,71.0814,34.0725,37.7982,37.3154,85.7189,0.836,0.836,1,64.2032,122.9924,1.0,1.0049,0,29.3154,121.6578,0.9789,0.9789,1
ge3,oradell-nj:3538,oradell-nj,cg3ea-CYaNp8Mf3p082fUg,round1,3.5888,580.1825,810.9964,-4.8865,-70.6494,-48.7733,-22.054,20.2242,-17.2725,0.9103,0.9103,0,20.2242,-17.2725,0.9103,0.9103,0,20.2242,-17.2725,0.9103,0.9103,0
ge3,oradell-nj:3538,oradell-nj,cg3ea-CYaNp8Mf3p082fUg,round2,3.5888,580.1825,810.9964,-4.8865,-70.6494,-48.7733,-22.054,22.1957,-77.6979,0.9503,0.9503,0,22.1957,-77.6979,0.9503,0.9503,0,22.1957,-77.6979,0.9503,0.9503,0
ge3,oradell-nj:3789,oradell-nj,fUQv2ShPRhxCrnXMXmBJ9w,round1,3.0305,364.3764,1209.8667,-5.6624,-55.6089,-10.2567,-45.7082,-14.4859,-32.8691,0.8178,0.8178,0,-14.4859,-32.8691,0.8178,0.8178,0,-14.4859,-32.8691,0.8178,0.8178,0
ge3,oradell-nj:3789,oradell-nj,fUQv2ShPRhxCrnXMXmBJ9w,round2,3.0305,364.3764,1209.8667,-5.6624,-55.6089,-10.2567,-45.7082,-17.227,-85.8667,0.8898,0.8898,1,-17.1812,-87.3043,0.8925,0.8925,0,-17.1812,-87.3043,0.8925,0.8925,0
ge3,oradell-nj:8132,oradell-nj,revpOXARsqNuvT1YDFPHAw,round1,5.633,238.4701,1033.1717,-11.8699,-100.996,-39.0183,-62.8218,-82.4701,-45.1717,0.7119,0.7119,1,-142.1755,-39.2786,0.8003,0.8003,0,-98.4701,-43.8309,0.7439,0.7439,1
ge3,oradell-nj:8132,oradell-nj,revpOXARsqNuvT1YDFPHAw,round2,5.633,238.4701,1033.1717,-11.8699,-100.996,-39.0183,-62.8218,-82.4701,-45.1717,0.6571,0.6571,1,-88.319,-111.5973,0.781,0.781,0,-90.0251,-93.1717,0.7559,0.7559,1
ge3,oradell-nj:7658,oradell-nj,vdhfu1iWMR_r7gBt9qFKVQ,round1,4.0616,525.8467,861.3262,8.6843,-76.4089,-2.7799,-73.5526,8.1536,1.2671,0.8721,0.8721,0,8.1536,1.2671,0.8721,0.8721,0,8.1536,1.2671,0.8721,0.8721,0
ge3,oradell-nj:7658,oradell-nj,vdhfu1iWMR_r7gBt9qFKVQ,round2,4.0616,525.8467,861.3262,8.6843,-76.4089,-2.7799,-73.5526,13.3615,-6.0473,0.8735,0.8735,0,13.3615,-6.0473,0.8735,0.8735,0,13.3615,-6.0473,0.8735,0.8735,0
ge3,oradell-nj:1961,oradell-nj,ynYcrmgD-JtF5xkOoBczRQ,round1,4.3062,594.8606,795.0804,31.3342,-84.2263,-80.1536,-3.9955,10.8336,-63.5936,0.8927,0.8927,0,10.8336,-63.5936,0.8927,0.8927,0,10.8336,-63.5936,0.8927,0.8927,0
ge3,oradell-nj:1961,oradell-nj,ynYcrmgD-JtF5xkOoBczRQ,round2,4.3062,594.8606,795.0804,31.3342,-84.2263,-80.1536,-3.9955,16.7413,-68.0499,0.9289,0.9289,0,16.7413,-68.0499,0.9289,0.9289,0,16.7413,-68.0499,0.9289,0.9289,0
ge3,oradell-nj:7465,oradell-nj,zWp_XNJt6qxMroM3fmZIEQ,round1,-8.0567,488.3214,601.5383,-11.2453,161.4773,4.8177,157.0811,23.6786,86.4617,0.8123,0.8123,1,-4.8223,133.8627,0.9464,0.9464,0,-4.8223,133.8627,0.9464,0.9464,0
ge3,oradell-nj:7465,oradell-nj,zWp_XNJt6qxMroM3fmZIEQ,round2,-8.0567,488.3214,601.5383,-11.2453,161.4773,4.8177,157.0811,27.6786,86.4617,0.6531,0.6531,1,45.6227,166.4617,0.9591,0.9591,1,45.67,150.4617,0.9509,0.9509,1
ge3,pittsburgh-pa:8654,pittsburgh-pa,0V7hgt5E7RsOwFzRSqkGIA,round1,3.9993,359.5115,1111.158,-8.7621,-71.8531,-60.2364,-11.9982,-12.109,-57.5699,0.8485,0.8485,0,-12.109,-57.5699,0.8485,0.8485,0,-12.109,-57.5699,0.8485,0.8485,0
ge3,pittsburgh-pa:8654,pittsburgh-pa,0V7hgt5E7RsOwFzRSqkGIA,round2,3.9993,359.5115,1111.158,-8.7621,-71.8531,-60.2364,-11.9982,-10.3613,-61.4604,0.8838,0.8838,0,-10.3613,-61.4604,0.8838,0.8838,0,-10.3613,-61.4604,0.8838,0.8838,0
ge3,pittsburgh-pa:12674,pittsburgh-pa,0nKpkRKjX8JHAC4jrl8m_Q,round1,-6.4466,567.2432,877.6367,-43.8753,113.9953,88.2281,25.3207,-28.0018,82.3633,0.7957,0.7957,1,-27.7872,113.5336,0.8858,0.8858,0,-27.7872,113.5336,0.8858,0.8858,0
ge3,pittsburgh-pa:12674,pittsburgh-pa,0nKpkRKjX8JHAC4jrl8m_Q,round2,-6.4466,567.2432,877.6367,-43.8753,113.9953,88.2281,25.3207,-26.5774,86.3633,0.7732,0.7732,1,-26.1977,117.0676,0.9023,0.9023,0,-26.1977,117.0676,0.9023,0.9023,0
ge3,pittsburgh-pa:10264,pittsburgh-pa,2AHLF8XnlQM2ARizEqgBOw,round1,5.8304,87.1069,731.9488,-18.9574,-119.6816,-115.1834,-4.3955,61.2857,-62.1308,0.8312,0.8312,1,61.2857,-62.1308,0.8312,0.8312,0,61.2857,-62.1308,0.8312,0.8312,0
ge3,pittsburgh-pa:10264,pittsburgh-pa,2AHLF8XnlQM2ARizEqgBOw,round2,5.8304,87.1069,731.9488,-18.9574,-119.6816,-115.1834,-4.3955,12.3306,-87.9488,0.9211,0.9211,1,11.9537,-122.28,0.9662,0.9662,0,11.9537,-122.28,0.9662,0.9662,0
ge3,pittsburgh-pa:1684,pittsburgh-pa,4Qs-pNNQAjr5d4vYb2u0Og,round1,6.2422,353.7053,936.5127,-41.9886,-116.2777,17.3033,-133.2772,65.8389,51.2517,0.8414,0.8414,0,65.8389,51.2517,0.8414,0.8414,0,50.2947,-0.5127,0.6976,0.6976,1
ge3,pittsburgh-pa:1684,pittsburgh-pa,4Qs-pNNQAjr5d4vYb2u0Og,round2,6.2422,353.7053,936.5127,-41.9886,-116.2777,17.3033,-133.2772,61.2123,-8.044,0.9057,0.9057,0,61.2123,-8.044,0.9057,0.9057,0,58.2947,-12.5127,0.8859,0.8859,1
ge3,pittsburgh-pa:10132,pittsburgh-pa,8IbutR0hMkCMru5ST4WP7g,round1,3.0627,220.6054,948.9739,-15.8241,-55.1465,-33.4006,-21.8747,4.1454,-25.7571,0.8872,0.8872,0,4.1454,-25.7571,0.8872,0.8872,0,4.1454,-25.7571,0.8872,0.8872,0
ge3,pittsburgh-pa:10132,pittsburgh-pa,8IbutR0hMkCMru5ST4WP7g,round2,3.0627,220.6054,948.9739,-15.8241,-55.1465,-33.4006,-21.8747,5.8533,-87.395,0.9638,0.9638,1,5.8533,-87.395,0.9638,0.9638,0,5.8533,-87.395,0.9638,0.9638,0
ge3,pittsburgh-pa:3417,pittsburgh-pa,9fo3pTgGmfqnweTQcmyQ_Q,round1,7.0238,169.8587,1132.5358,-37.9923,-125.1503,-48.2402,-78.4587,-19.4354,-85.7698,0.8321,0.8321,1,-19.4354,-85.7698,0.8321,0.8321,0,-19.4354,-85.7698,0.8321,0.8321,0
ge3,pittsburgh-pa:3417,pittsburgh-pa,9fo3pTgGmfqnweTQcmyQ_Q,round2,7.0238,169.8587,1132.5358,-37.9923,-125.1503,-48.2402,-78.4587,-25.8587,-88.5358,0.713,0.713,1,-71.0544,-138.5454,0.7819,0.7819,0,-71.2286,-132.5358,0.7784,0.7784,1
ge3,pittsburgh-pa:3793,pittsburgh-pa,E8owDGOAEv5xRDzrkpL3Yg,round1,3.6294,363.945,666.7835,1.8667,-74.5099,-57.4451,-16.5889,41.218,-3.1571,0.5951,0.5951,0,41.218,-3.1571,0.5951,0.5951,0,41.218,-3.1571,0.5951,0.5951,0
ge3,pittsburgh-pa:3793,pittsburgh-pa,E8owDGOAEv5xRDzrkpL3Yg,round2,3.6294,363.945,666.7835,1.8667,-74.5099,-57.4451,-16.5889,40.3004,-5.1308,0.9705,0.9705,0,40.3004,-5.1308,0.9705,0.9705,0,40.3004,-5.1308,0.9705,0.9705,0
ge3,pittsburgh-pa:1741,pittsburgh-pa,Gu6zQxnXrIupqMdlWPqWhA,round1,-3.6842,583.7547,766.441,-6.5356,70.6898,2.4557,68.301,15.3935,27.1348,0.9755,0.9755,0,15.3935,27.1348,0.9755,0.9755,0,15.3935,27.1348,0.9755,0.9755,0
ge3,pittsburgh-pa:1741,pittsburgh-pa,Gu6zQxnXrIupqMdlWPqWhA,round2,-3.6842,583.7547,766.441,-6.5356,70.6898,2.4557,68.301,17.5403,33.8576,1.0,1.0077,0,17.5403,33.8576,1.0,1.0077,0,17.5403,33.8576,1.0,1.0077,0
ge3,pittsburgh-pa:9559,pittsburgh-pa,I8DepwuZSolKQ7QSVmWTfg,round1,3.1214,378.5373,1072.6404,4.5478,-55.7825,-9.2311,-46.7645,-24.3713,-14.4634,0.8371,0.8371,0,-24.3713,-14.4634,0.8371,0.8371,0,-24.3713,-14.4634,0.8371,0.8371,0
ge3,pittsburgh-pa:9559,pittsburgh-pa,I8DepwuZSolKQ7QSVmWTfg,round2,3.1214,378.5373,1072.6404,4.5478,-55.7825,-9.2311,-46.7645,32.4545,-24.5223,0.9482,0.9482,0,32.4545,-24.5223,0.9482,0.9482,0,32.4545,-24.5223,0.9482,0.9482,0
ge3,pittsburgh-pa:23692,pittsburgh-pa,IXzQ5AhAcdG-wY_lYToUkg,round1,3.9578,463.1664,739.7967,11.572,-78.255,-78.0701,-0.1808,-47.7201,-78.96,0.9805,0.9805,1,-47.7201,-78.96,0.9805,0.9805,0,-47.7201,-78.96,0.9805,0.9805,0
ge3,pittsburgh-pa:23692,pittsburgh-pa,IXzQ5AhAcdG-wY_lYToUkg,round2,3.9578,463.1664,739.7967,11.572,-78.255,-78.0701,-0.1808,-45.6913,-75.5515,0.9635,0.9635,1,-45.6913,-75.5515,0.9635,0.9635,0,-45.6913,-75.5515,0.9635,0.9635,0
ge3,pittsburgh-pa:11619,pittsburgh-pa,Kt9_aJYTCtMPO--E-UwpHQ,round1,-3.87,386.6585,790.0956,-21.3124,70.9361,49.3565,21.6747,18.9028,9.8088,0.8823,0.8823,0,18.9028,9.8088,0.8823,0.8823,0,18.9028,9.8088,0.8823,0.8823,0
ge3,pittsburgh-pa:11619,pittsburgh-pa,Kt9_aJYTCtMPO--E-UwpHQ,round2,-3.87,386.6585,790.0956,-21.3124,70.9361,49.3565,21.6747,24.3596,70.1191,0.9497,0.9497,0,24.3596,70.1191,0.9497,0.9497,0,24.3596,70.1191,0.9497,0.9497,0
ge3,pittsburgh-pa:8538,pittsburgh-pa,Q2tKQvBDmE85b69PAu3Iwg,round1,4.982,424.7486,1190.1756,-1.3085,-90.8164,-65.3592,-26.4904,46.5872,-11.4489,0.8463,0.8463,0,46.5872,-11.4489,0.8463,0.8463,0,46.5872,-11.4489,0.8463,0.8463,0
ge3,pittsburgh-pa:8538,pittsburgh-pa,Q2tKQvBDmE85b69PAu3Iwg,round2,4.982,424.7486,1190.1756,-1.3085,-90.8164,-65.3592,-26.4904,48.4811,-15.8172,0.7674,0.7674,0,48.4811,-15.8172,0.7674,0.7674,0,48.4811,-15.8172,0.7674,0.7674,0
ge3,pittsburgh-pa:14483,pittsburgh-pa,RAeHDDfwt0T5nLrEPhN-ew,round1,3.4137,480.91,710.2396,-3.5514,-68.983,-63.8451,-4.9859,-10.8217,-42.9738,0.9761,0.9761,0,-10.8217,-42.9738,0.9761,0.9761,0,-10.8217,-42.9738,0.9761,0.9761,0
ge3,pittsburgh-pa:14483,pittsburgh-pa,RAeHDDfwt0T5nLrEPhN-ew,round2,3.4137,480.91,710.2396,-3.5514,-68.983,-63.8451,-4.9859,-4.9794,-46.5069,0.9933,0.9933,0,-4.9794,-46.5069,0.9933,0.9933,0,-4.9794,-46.5069,0.9933,0.9933,0
ge3,pittsburgh-pa:12801,pittsburgh-pa,REDISiGZyp0M-CWi2dQ_iw,round1,3.4996,444.8177,795.9596,-16.1592,-68.1924,-82.3923,13.8538,-35.3173,-60.6122,0.9144,0.9144,0,-35.3173,-60.6122,0.9144,0.9144,0,-35.3173,-60.6122,0.9144,0.9144,0
ge3,pittsburgh-pa:12801,pittsburgh-pa,REDISiGZyp0M-CWi2dQ_iw,round2,3.4996,444.8177,795.9596,-16.1592,-68.1924,-82.3923,13.8538,-35.4449,-66.6431,0.9822,0.9822,0,-35.4449,-66.6431,0.9822,0.9822,0,-35.4449,-66.6431,0.9822,0.9822,0
ge3,pittsburgh-pa:12019,pittsburgh-pa,SUzSOIAGnjyCowqkpU9amA,round1,3.9414,150.4077,647.5729,-10.2865,-83.4121,-80.0442,-3.2428,4.9035,-44.7186,0.9564,0.9564,0,4.9035,-44.7186,0.9564,0.9564,0,4.9035,-44.7186,0.9564,0.9564,0
ge3,pittsburgh-pa:12019,pittsburgh-pa,SUzSOIAGnjyCowqkpU9amA,round2,3.9414,150.4077,647.5729,-10.2865,-83.4121,-80.0442,-3.2428,8.6225,-47.2751,0.9185,0.9185,0,8.6225,-47.2751,0.9185,0.9185,0,8.6225,-47.2751,0.9185,0.9185,0
ge3,pittsburgh-pa:22767,pittsburgh-pa,Sr74HJqL3LLER9MlCtN2ZQ,round1,-4.4867,623.6149,582.2456,-12.0772,94.8822,52.5624,43.5206,-20.3548,84.4962,1.0,1.0328,1,-20.3548,84.4962,1.0,1.0328,0,-20.3548,84.4962,1.0,1.0328,0
ge3,pittsburgh-pa:22767,pittsburgh-pa,Sr74HJqL3LLER9MlCtN2ZQ,round2,-4.4867,623.6149,582.2456,-12.0772,94.8822,52.5624,43.5206,-20.1506,85.7544,1.0,1.0431,1,-20.1639,87.6182,1.0,1.0501,0,-20.1639,87.6182,1.0,1.0501,0
ge3,pittsburgh-pa:15429,pittsburgh-pa,UO7dJBEOyESMrWx_2QDMgg,round1,5.3799,171.5464,828.6562,-10.213,-102.9901,-89.9833,-13.031,-12.5654,-88.6562,0.8866,0.8866,1,-12.6131,-98.5427,0.9168,0.9168,0,-12.6131,-98.5427,0.9168,0.9168,0
ge3,pittsburgh-pa:15429,pittsburgh-pa,UO7dJBEOyESMrWx_2QDMgg,round2,5.3799,171.5464,828.6562,-10.213,-102.9901,-89.9833,-13.031,-11.3976,-84.6562,0.856,0.856,1,-12.0753,-154.5461,0.9483,0.9483,0,-11.9465,-140.6562,0.9402,0.9402,1
ge3,pittsburgh-pa:3024,pittsburgh-pa,Ulh4qg46fOCf7k8Bmu9KgA,round1,-3.9631,99.1526,760.3865,16.2054,75.3349,48.9386,26.5895,-1.7695,-25.4192,0.9451,0.9451,0,-1.7695,-25.4192,0.9451,0.9451,0,-1.7695,-25.4192,0.9451,0.9451,0
ge3,pittsburgh-pa:3024,pittsburgh-pa,Ulh4qg46fOCf7k8Bmu9KgA,round2,-3.9631,99.1526,760.3865,16.2054,75.3349,48.9386,26.5895,-2.3082,37.7892,1.0,1.0148,0,-2.3082,37.7892,1.0,1.0148,0,-2.3082,37.7892,1.0,1.0148,0
ge3,pittsburgh-pa:6454,pittsburgh-pa,VCQ2aQ28rHRmePQnzGdPNQ,round1,7.3485,610.1369,785.0695,31.4019,-148.0968,-39.4873,-107.1353,-12.2272,-93.0695,0.2228,0.2228,1,-13.1071,-181.0695,0.4636,0.4636,1,-6.1369,-165.0695,0.4008,0.4008,1
ge3,pittsburgh-pa:6454,pittsburgh-pa,VCQ2aQ28rHRmePQnzGdPNQ,round2,7.3485,610.1369,785.0695,31.4019,-148.0968,-39.4873,-107.1353,-14.0478,7.0338,0.5999,0.5999,0,-14.0478,7.0338,0.5999,0.5999,0,-14.0478,7.0338,0.5999,0.5999,1
ge3,pittsburgh-pa:2230,pittsburgh-pa,Y4tE-o1F920Fkp1GALsSmg,round1,-4.5305,257.2759,782.1233,-0.7665,84.4231,-0.575,84.9804,-33.4119,10.2463,0.9355,0.9355,0,-33.4119,10.2463,0.9355,0.9355,0,-33.4119,10.2463,0.9355,0.9355,0
ge3,pittsburgh-pa:2230,pittsburgh-pa,Y4tE-o1F920Fkp1GALsSmg,round2,-4.5305,257.2759,782.1233,-0.7665,84.4231,-0.575,84.9804,-32.0721,20.1024,0.9418,0.9418,0,-32.0721,20.1024,0.9418,0.9418,0,-32.0721,20.1024,0.9418,0.9418,0
ge3,pittsburgh-pa:6293,pittsburgh-pa,YHFw54MhI6Xh9QV3QQC8SA,round1,-3.4909,598.0526,749.2257,-9.4301,67.4872,4.9299,62.5923,2.2022,49.0841,0.9213,0.9213,0,2.2022,49.0841,0.9213,0.9213,0,2.2022,49.0841,0.9213,0.9213,0
ge3,pittsburgh-pa:6293,pittsburgh-pa,YHFw54MhI6Xh9QV3QQC8SA,round2,-3.4909,598.0526,749.2257,-9.4301,67.4872,4.9299,62.5923,3.5611,52.0272,1.0,1.0062,0,3.5611,52.0272,1.0,1.0062,0,3.5611,52.0272,1.0,1.0062,0
ge3,pittsburgh-pa:12196,pittsburgh-pa,ZgE-yqvneG4Toy7JS8PWbA,round1,5.1354,217.1873,714.4141,-20.1274,-104.3484,-122.0567,16.8292,74.6747,-50.5394,0.6799,0.6799,1,74.6747,-50.5394,0.6799,0.6799,0,74.6747,-50.5394,0.6799,0.6799,0
ge3,pittsburgh-pa:12196,pittsburgh-pa,ZgE-yqvneG4Toy7JS8PWbA,round2,5.1354,217.1873,714.4141,-20.1274,-104.3484,-122.0567,16.8292,78.8127,-46.4141,0.829,0.829,1,127.7159,-46.1107,0.9094,0.9094,0,78.8127,-46.8419,0.8301,0.8301,1
ge3,pittsburgh-pa:8055,pittsburgh-pa,a7jFzjkcwhoTog4Hg89c8g,round1,-4.9273,329.0179,703.3559,-20.2079,93.7751,104.0898,-10.5937,11.0935,31.8411,0.9175,0.9175,0,11.0935,31.8411,0.9175,0.9175,0,11.0935,31.8411,0.9175,0.9175,0
ge3,pittsburgh-pa:8055,pittsburgh-pa,a7jFzjkcwhoTog4Hg89c8g,round2,-4.9273,329.0179,703.3559,-20.2079,93.7751,104.0898,-10.5937,14.2006,90.3378,0.9726,0.9726,1,14.2006,90.3378,0.9726,0.9726,0,14.2006,90.3378,0.9726,0.9726,0
ge3,pittsburgh-pa:8198,pittsburgh-pa,bxkgH6OK9XDyUjx-OSVhQw,round1,3.5812,434.0079,1018.3895,14.4716,-63.8934,-31.8154,-32.4293,-14.7175,-26.7006,0.696,0.696,0,-14.7175,-26.7006,0.696,0.696,0,-14.7175,-26.7006,0.696,0.696,0
ge3,pittsburgh-pa:8198,pittsburgh-pa,bxkgH6OK9XDyUjx-OSVhQw,round2,3.5812,434.0079,1018.3895,14.4716,-63.8934,-31.8154,-32.4293,38.2371,-30.4669,0.8491,0.8491,0,38.2371,-30.4669,0.8491,0.8491,0,38.2371,-30.4669,0.8491,0.8491,0
ge3,pittsburgh-pa:10714,pittsburgh-pa,cR-ifz8UBEUGUDzjEKw5ww,round1,3.1916,87.2574,880.6777,-13.575,-59.8039,-6.5577,-53.1333,10.3975,-20.4068,0.8917,0.8917,0,10.3975,-20.4068,0.8917,0.8917,0,10.3975,-20.4068,0.8917,0.8917,0
ge3,pittsburgh-pa:10714,pittsburgh-pa,cR-ifz8UBEUGUDzjEKw5ww,round2,3.1916,87.2574,880.6777,-13.575,-59.8039,-6.5577,-53.1333,8.0779,-78.351,0.9703,0.9703,0,8.0779,-78.351,0.9703,0.9703,0,8.0779,-78.351,0.9703,0.9703,0
ge3,pittsburgh-pa:7899,pittsburgh-pa,dyyMyGoKzXMgU63f6uUXGQ,round1,4.1743,199.7885,740.8705,10.8174,-83.9256,-93.2719,8.9717,23.5925,-15.8353,0.8936,0.8936,0,23.5925,-15.8353,0.8936,0.8936,0,23.5925,-15.8353,0.8936,0.8936,0
ge3,pittsburgh-pa:7899,pittsburgh-pa,dyyMyGoKzXMgU63f6uUXGQ,round2,4.1743,199.7885,740.8705,10.8174,-83.9256,-93.2719,8.9717,21.5589,-76.3652,0.9981,0.9981,0,21.5589,-76.3652,0.9981,0.9981,0,21.5589,-76.3652,0.9981,0.9981,0
ge3,pittsburgh-pa:11810,pittsburgh-pa,j4u5A5AF0ygW4oixEI7Y-g,round1,3.2172,369.0648,751.5444,-15.827,-63.3394,-82.0913,18.1982,-14.2698,-82.3769,0.9521,0.9521,0,-14.2698,-82.3769,0.9521,0.9521,0,-14.2698,-82.3769,0.9521,0.9521,0
ge3,pittsburgh-pa:11810,pittsburgh-pa,j4u5A5AF0ygW4oixEI7Y-g,round2,3.2172,369.0648,751.5444,-15.827,-63.3394,-82.0913,18.1982,-13.2701,-78.2794,0.9292,0.9292,0,-13.2701,-78.2794,0.9292,0.9292,0,-13.2701,-78.2794,0.9292,0.9292,0
ge3,pittsburgh-pa:11848,pittsburgh-pa,lwaDaoMyPG5WH13VsDyOQQ,round1,-3.9864,217.7896,882.9908,-49.6945,72.6517,106.6933,-33.7323,7.0736,85.0092,0.9008,0.9008,1,7.4851,105.3177,0.9428,0.9428,0,7.4851,105.3177,0.9428,0.9428,0
ge3,pittsburgh-pa:11848,pittsburgh-pa,lwaDaoMyPG5WH13VsDyOQQ,round2,-3.9864,217.7896,882.9908,-49.6945,72.6517,106.6933,-33.7323,6.213,85.0092,0.9318,0.9318,1,6.6545,100.5197,0.9503,0.9503,0,6.6545,100.5197,0.9503,0.9503,0
ge3,pittsburgh-pa:8545,pittsburgh-pa,oCH8pJwpCcM4JNWnU3bpyg,round1,-3.4492,217.5558,729.5964,24.3064,64.6358,60.4531,4.2431,4.4156,61.2495,0.9076,0.9076,0,4.4156,61.2495,0.9076,0.9076,0,4.4156,61.2495,0.9076,0.9076,0
ge3,pittsburgh-pa:8545,pittsburgh-pa,oCH8pJwpCcM4JNWnU3bpyg,round2,-3.4492,217.5558,729.5964,24.3064,64.6358,60.4531,4.2431,6.2145,63.4313,1.0,1.0035,0,6.2145,63.4313,1.0,1.0035,0,6.2145,63.4313,1.0,1.0035,0
ge3,pittsburgh-pa:16221,pittsburgh-pa,p1uD9vvTWu-THGaiX8jnPg,round1,-3.325,111.7363,729.2494,-1.8883,65.1056,54.2154,11.0926,37.4489,1.0131,0.9202,0.9202,0,37.4489,1.0131,0.9202,0.9202,0,37.4489,1.0131,0.9202,0.9202,0
ge3,pittsburgh-pa:16221,pittsburgh-pa,p1uD9vvTWu-THGaiX8jnPg,round2,-3.325,111.7363,729.2494,-1.8883,65.1056,54.2154,11.0926,40.5779,61.7036,0.96,0.96,0,40.5779,61.7036,0.96,0.96,0,40.5779,61.7036,0.96,0.96,0
ge3,pittsburgh-pa:16432,pittsburgh-pa,qMllhgN6jdHbbSmqPky1IQ,round1,3.9258,286.6762,1116.6364,43.0951,-73.4974,-49.9548,-24.2146,54.49,-4.2253,0.7964,0.7964,0,54.49,-4.2253,0.7964,0.7964,0,54.49,-4.2253,0.7964,0.7964,0
ge3,pittsburgh-pa:16432,pittsburgh-pa,qMllhgN6jdHbbSmqPky1IQ,round2,3.9258,286.6762,1116.6364,43.0951,-73.4974,-49.9548,-24.2146,1.5613,-4.6873,0.826,0.826,0,1.5613,-4.6873,0.826,0.826,0,1.5613,-4.6873,0.826,0.826,0
ge3,pittsburgh-pa:16453,pittsburgh-pa,rHhnFlTiO98GOSKyAD7tkw,round1,3.0946,547.0466,767.2472,-1.0826,-61.1666,-43.8293,-17.3052,-6.408,-29.5717,0.9224,0.9224,0,-6.408,-29.5717,0.9224,0.9224,0,-6.408,-29.5717,0.9224,0.9224,0
ge3,pittsburgh-pa:16453,pittsburgh-pa,rHhnFlTiO98GOSKyAD7tkw,round2,3.0946,547.0466,767.2472,-1.0826,-61.1666,-43.8293,-17.3052,-4.9235,-36.7506,1.0,1.0352,0,-4.9235,-36.7506,1.0,1.0352,0,-4.9235,-36.7506,1.0,1.0352,0
ge3,pittsburgh-pa:16154,pittsburgh-pa,vIjiwIPrZxRqMj_Dk6fFYQ,round1,-3.0293,623.1207,611.8308,-1.6387,63.7503,68.8571,-5.3786,-18.5862,50.4367,0.9646,0.9646,0,-18.5862,50.4367,0.9646,0.9646,0,-18.5862,50.4367,0.9646,0.9646,0
ge3,pittsburgh-pa:16154,pittsburgh-pa,vIjiwIPrZxRqMj_Dk6fFYQ,round2,-3.0293,623.1207,611.8308,-1.6387,63.7503,68.8571,-5.3786,-17.1615,53.2346,1.0,1.0369,0,-17.1615,53.2346,1.0,1.0369,0,-17.1615,53.2346,1.0,1.0369,0
ge3,pittsburgh-pa:15755,pittsburgh-pa,xJDjO2XdfhoOuEg4Q4APHw,round1,-3.2853,96.2839,861.0038,15.6673,60.1835,-1.1907,61.3869,67.7161,62.9962,0.7634,0.7634,1,119.867,68.0964,0.8295,0.8295,0,87.7161,67.4636,0.7961,0.7961,1
ge3,pittsburgh-pa:15755,pittsburgh-pa,xJDjO2XdfhoOuEg4Q4APHw,round2,-3.2853,96.2839,861.0038,15.6673,60.1835,-1.1907,61.3869,59.7161,70.9962,0.7335,0.7335,1,121.9368,121.6885,0.8592,0.8592,0,83.7161,86.9962,0.7741,0.7741,1
ge3,seattle-wa:120539,seattle-wa,-93L30S30mKNosy0SdrEuA,round1,-6.5458,415.6557,728.42,29.3303,122.0965,-11.637,133.0939,2.8754,7.4478,0.9548,0.9548,0,2.8754,7.4478,0.9548,0.9548,0,2.8754,7.4478,0.9548,0.9548,0
ge3,seattle-wa:120539,seattle-wa,-93L30S30mKNosy0SdrEuA,round2,-6.5458,415.6557,728.42,29.3303,122.0965,-11.637,133.0939,0.5504,65.2609,0.9945,0.9945,0,0.5504,65.2609,0.9945,0.9945,0,0.5504,65.2609,0.9945,0.9945,0
ge3,seattle-wa:163194,seattle-wa,0QxT5DXXpRJdk-iHAPIClA,round1,-5.399,396.9277,718.7281,-15.4704,102.1272,100.6333,1.521,12.5582,12.4858,0.959,0.959,0,12.5582,12.4858,0.959,0.959,0,12.5582,12.4858,0.959,0.959,0
ge3,seattle-wa:163194,seattle-wa,0QxT5DXXpRJdk-iHAPIClA,round2,-5.399,396.9277,718.7281,-15.4704,102.1272,100.6333,1.521,15.3314,12.3051,1.0,1.0138,0,15.3314,12.3051,1.0,1.0138,0,15.3314,12.3051,1.0,1.0138,0
ge3,seattle-wa:141993,seattle-wa,0lOC1jLGuVjZxZb5aHoTKw,round1,-7.2271,385.3622,597.9733,11.1252,144.5425,92.9769,53.9976,33.0041,82.0267,0.7641,0.7641,1,33.694,128.7491,0.8032,0.8032,0,33.694,128.7491,0.8032,0.8032,0
ge3,seattle-wa:141993,seattle-wa,0lOC1jLGuVjZxZb5aHoTKw,round2,-7.2271,385.3622,597.9733,11.1252,144.5425,92.9769,53.9976,34.6378,86.0267,0.7519,0.7519,1,84.4583,135.1253,0.9904,0.9904,0,70.6378,134.0267,0.9742,0.9742,1
ge3,seattle-wa:165608,seattle-wa,0pHeijWumMEUUL3sVQsDww,round1,-3.945,407.7762,625.566,4.2109,79.2608,34.8964,45.0824,8.1636,41.9053,0.9558,0.9558,0,8.1636,41.9053,0.9558,0.9558,0,8.1636,41.9053,0.9558,0.9558,0
ge3,seattle-wa:165608,seattle-wa,0pHeijWumMEUUL3sVQsDww,round2,-3.945,407.7762,625.566,4.2109,79.2608,34.8964,45.0824,4.4657,90.434,0.9755,0.9755,1,4.4268,98.6193,0.9765,0.9765,0,4.4268,98.6193,0.9765,0.9765,0
ge3,seattle-wa:102821,seattle-wa,1uV_ToJ-I4oxf_sU5mlIjw,round1,-3.6509,589.0059,608.7691,-5.3706,76.0103,65.2248,11.0428,9.4141,-4.9181,0.957,0.957,0,9.4141,-4.9181,0.957,0.957,0,9.4141,-4.9181,0.957,0.957,0
ge3,seattle-wa:102821,seattle-wa,1uV_ToJ-I4oxf_sU5mlIjw,round2,-3.6509,589.0059,608.7691,-5.3706,76.0103,65.2248,11.0428,12.5175,58.9807,1.0,1.0574,0,12.5175,58.9807,1.0,1.0574,0,12.5175,58.9807,1.0,1.0574,0
ge3,seattle-wa:195803,seattle-wa,2DBXLpd5IaK9QaLB5zW5fA,round1,-4.8128,442.6008,644.0306,7.7885,95.4722,3.1213,92.4754,-23.9635,29.5292,0.1235,0.1235,0,-178.6008,17.309,0.1796,0.1796,1,-23.9635,29.5292,0.1235,0.1235,0
ge3,seattle-wa:195803,seattle-wa,2DBXLpd5IaK9QaLB5zW5fA,round2,-4.8128,442.6008,644.0306,7.7885,95.4722,3.1213,92.4754,30.4452,85.6999,1.0,1.0234,1,30.4452,85.6999,1.0,1.0234,0,30.4452,85.6999,1.0,1.0234,0
ge3,seattle-wa:61018,seattle-wa,2UMsWCq9ZX7HDxyG4WQx2w,round1,4.3899,401.4705,843.9933,-10.0263,-82.6777,-31.3173,-51.2096,8.8628,-49.1653,0.8725,0.8725,0,8.8628,-49.1653,0.8725,0.8725,0,8.8628,-49.1653,0.8725,0.8725,0
ge3,seattle-wa:61018,seattle-wa,2UMsWCq9ZX7HDxyG4WQx2w,round2,4.3899,401.4705,843.9933,-10.0263,-82.6777,-31.3173,-51.2096,9.7593,-53.3855,0.9464,0.9464,0,9.7593,-53.3855,0.9464,0.9464,0,9.7593,-53.3855,0.9464,0.9464,0
ge3,seattle-wa:200457,seattle-wa,2hPpLvSJHokPtcCI5cF7YQ,round1,4.3758,527.8273,614.9234,8.9398,-95.0806,-81.9024,-12.5994,11.3781,-16.9599,0.9326,0.9326,0,11.3781,-16.9599,0.9326,0.9326,0,11.3781,-16.9599,0.9326,0.9326,0
ge3,seattle-wa:200457,seattle-wa,2hPpLvSJHokPtcCI5cF7YQ,round2,4.3758,527.8273,614.9234,8.9398,-95.0806,-81.9024,-12.5994,13.5559,-77.6517,0.9805,0.9805,0,13.5559,-77.6517,0.9805,0.9805,0,13.5559,-77.6517,0.9805,0.9805,0
ge3,seattle-wa:194340,seattle-wa,2sKUSZq1AJECvk8Pw2_onQ,round1,-3.7344,457.8606,708.287,2.1924,72.2481,60.5067,11.9877,13.5155,21.6247,0.9349,0.9349,0,13.5155,21.6247,0.9349,0.9349,0,13.5155,21.6247,0.9349,0.9349,0
ge3,seattle-wa:194340,seattle-wa,2sKUSZq1AJECvk8Pw2_onQ,round2,-3.7344,457.8606,708.287,2.1924,72.2481,60.5067,11.9877,14.3504,81.5896,0.9721,0.9721,1,14.3504,81.5896,0.9721,0.9721,0,14.3504,81.5896,0.9721,0.9721,0
ge3,seattle-wa:201026,seattle-wa,3QQt7JgQ5iEFeTLiv3Sn_g,round1,-3.7146,364.021,737.9084,36.1602,68.7035,105.103,-37.0908,45.6694,55.2355,0.9325,0.9325,0,45.6694,55.2355,0.9325,0.9325,0,45.6694,55.2355,0.9325,0.9325,0
ge3,seattle-wa:201026,seattle-wa,3QQt7JgQ5iEFeTLiv3Sn_g,round2,-3.7146,364.021,737.9084,36.1602,68.7035,105.103,-37.0908,47.8185,59.0649,0.9156,0.9156,0,47.8185,59.0649,0.9156,0.9156,0,47.8185,59.0649,0.9156,0.9156,0
ge3,seattle-wa:4342,seattle-wa,3jo9effBj2LY8YhhN-cM1g,round1,3.0616,398.2845,810.8821,5.5014,-57.8302,-5.7732,-52.0136,-43.3295,-22.3687,0.8938,0.8938,0,-43.3295,-22.3687,0.8938,0.8938,0,-43.3295,-22.3687,0.8938,0.8938,0
ge3,seattle-wa:4342,seattle-wa,3jo9effBj2LY8YhhN-cM1g,round2,3.0616,398.2845,810.8821,5.5014,-57.8302,-5.7732,-52.0136,7.498,-72.7156,0.9549,0.9549,0,7.498,-72.7156,0.9549,0.9549,0,7.498,-72.7156,0.9549,0.9549,0
ge3,seattle-wa:46740,seattle-wa,4DDcJjAJJCL9BvGe_xTwRQ,round1,3.1399,122.1986,715.5784,-6.4471,-63.5845,-60.825,-2.638,27.5107,14.813,0.9228,0.9228,0,27.5107,14.813,0.9228,0.9228,0,27.5107,14.813,0.9228,0.9228,0
ge3,seattle-wa:46740,seattle-wa,4DDcJjAJJCL9BvGe_xTwRQ,round2,3.1399,122.1986,715.5784,-6.4471,-63.5845,-60.825,-2.638,-23.4398,-44.4959,0.9887,0.9887,0,-23.4398,-44.4959,0.9887,0.9887,0,-23.4398,-44.4959,0.9887,0.9887,0
ge3,seattle-wa:71496,seattle-wa,4bi9Srx_zTTg8hzOaV0llQ,round1,4.4714,416.7738,655.742,13.3381,-93.465,-4.6547,-88.5215,52.383,-46.4207,0.9143,0.9143,0,52.383,-46.4207,0.9143,0.9143,0,52.383,-46.4207,0.9143,0.9143,0
ge3,seattle-wa:71496,seattle-wa,4bi9Srx_zTTg8hzOaV0llQ,round2,4.4714,416.7738,655.742,13.3381,-93.465,-4.6547,-88.5215,53.2151,-56.946,0.9587,0.9587,0,53.2151,-56.946,0.9587,0.9587,0,53.2151,-56.946,0.9587,0.9587,0
ge3,seattle-wa:106440,seattle-wa,5-KnzHK-7iEMNAxKAkH0GQ,round1,-3.4515,370.5038,665.4925,6.793,67.816,33.6921,34.5717,34.336,9.8116,0.9473,0.9473,0,34.336,9.8116,0.9473,0.9473,0,34.336,9.8116,0.9473,0.9473,0
ge3,seattle-wa:106440,seattle-wa,5-KnzHK-7iEMNAxKAkH0GQ,round2,-3.4515,370.5038,665.4925,6.793,67.816,33.6921,34.5717,34.8646,66.7984,0.997,0.997,0,34.8646,66.7984,0.997,0.997,0,34.8646,66.7984,0.997,0.997,0
ge3,seattle-wa:80,seattle-wa,53PJ9NuERcvfRvPwoRIkUQ,round1,3.2304,368.7252,686.9536,-2.5559,-65.3395,-7.5693,-57.5723,-17.9194,-79.9175,0.9186,0.9186,0,-17.9194,-79.9175,0.9186,0.9186,0,-17.9194,-79.9175,0.9186,0.9186,0
ge3,seattle-wa:80,seattle-wa,53PJ9NuERcvfRvPwoRIkUQ,round2,3.2304,368.7252,686.9536,-2.5559,-65.3395,-7.5693,-57.5723,-16.8783,-79.4815,0.9811,0.9811,0,-16.8783,-79.4815,0.9811,0.9811,0,-16.8783,-79.4815,0.9811,0.9811,0
ge3,seattle-wa:161160,seattle-wa,67zadUx17Z3VJij7R75FLQ,round1,-3.4976,144.1894,606.8384,-4.1642,72.3684,45.4198,27.5109,4.9205,-6.6606,0.87,0.87,0,4.9205,-6.6606,0.87,0.87,0,4.9205,-6.6606,0.87,0.87,0
ge3,seattle-wa:161160,seattle-wa,67zadUx17Z3VJij7R75FLQ,round2,-3.4976,144.1894,606.8384,-4.1642,72.3684,45.4198,27.5109,11.7387,63.6566,0.994,0.994,0,11.7387,63.6566,0.994,0.994,0,11.7387,63.6566,0.994,0.994,0
ge3,seattle-wa:279832,seattle-wa,6_6fsRW-wqB-GigMv0JA6A,round1,-4.2206,295.8902,793.1818,5.6403,78.0794,0.6825,77.4153,-4.4091,63.3674,0.918,0.918,0,-4.4091,63.3674,0.918,0.918,0,-4.4091,63.3674,0.918,0.918,0
ge3,seattle-wa:279832,seattle-wa,6_6fsRW-wqB-GigMv0JA6A,round2,-4.2206,295.8902,793.1818,5.6403,78.0794,0.6825,77.4153,-5.7159,69.9433,0.9491,0.9491,0,-5.7159,69.9433,0.9491,0.9491,0,-5.7159,69.9433,0.9491,0.9491,0
ge3,seattle-wa:67522,seattle-wa,7qUydH_0wdixfOHTdDZbgQ,round1,-3.8412,485.7257,671.3299,2.6408,75.9169,-4.2106,79.9469,-70.355,57.2395,0.9742,0.9742,1,-70.355,57.2395,0.9742,0.9742,0,-70.355,57.2395,0.9742,0.9742,0
ge3,seattle-wa:67522,seattle-wa,7qUydH_0wdixfOHTdDZbgQ,round2,-3.8412,485.7257,671.3299,2.6408,75.9169,-4.2106,79.9469,-65.7257,67.6257,0.9406,0.9406,1,-69.2977,67.448,0.9477,0.9477,0,-69.2977,67.448,0.9477,0.9477,0
ge3,seattle-wa:240777,seattle-wa,7uGejz2kiLPPVk1TcO0Vag,round1,5.858,235.9128,871.6864,-7.1158,-109.532,-14.9235,-94.5868,-16.9335,-73.8294,0.8947,0.8947,0,-16.9335,-73.8294,0.8947,0.8947,0,-16.9335,-73.8294,0.8947,0.8947,0
ge3,seattle-wa:240777,seattle-wa,7uGejz2kiLPPVk1TcO0Vag,round2,5.858,235.9128,871.6864,-7.1158,-109.532,-14.9235,-94.5868,-13.4688,-76.8039,0.9699,0.9699,0,-13.4688,-76.8039,0.9699,0.9699,0,-13.4688,-76.8039,0.9699,0.9699,0
ge3,seattle-wa:5545,seattle-wa,8RFHjb3s5XdUtrxzPbwS9Q,round1,-3.6418,101.6872,594.8423,9.1657,76.1968,41.4598,35.5039,-5.5726,73.9947,0.9798,0.9798,0,-5.5726,73.9947,0.9798,0.9798,0,-5.5726,73.9947,0.9798,0.9798,0
ge3,seattle-wa:5545,seattle-wa,8RFHjb3s5XdUtrxzPbwS9Q,round2,-3.6418,101.6872,594.8423,9.1657,76.1968,41.4598,35.5039,-4.9766,73.4659,1.0,1.0488,0,-4.9766,73.4659,1.0,1.0488,0,-4.9766,73.4659,1.0,1.0488,0
ge3,seattle-wa:35195,seattle-wa,93_w-XOHfDTknLz48aXNlw,round1,3.9478,212.4931,736.5995,-13.3871,-78.2787,-81.8541,3.4895,6.4635,-75.2025,0.9204,0.9204,0,6.4635,-75.2025,0.9204,0.9204,0,6.4635,-75.2025,0.9204,0.9204,0
ge3,seattle-wa:35195,seattle-wa,93_w-XOHfDTknLz48aXNlw,round2,3.9478,212.4931,736.5995,-13.3871,-78.2787,-81.8541,3.4895,7.582,-73.7935,0.9998,0.9998,0,7.582,-73.7935,0.9998,0.9998,0,7.582,-73.7935,0.9998,0.9998,0
ge3,seattle-wa:129603,seattle-wa,98Xp7hRxPgLsyZj1wheHqg,round1,-3.1877,457.9074,493.8454,-5.0983,70.6067,68.4635,2.2781,82.0926,46.1546,0.7281,0.7281,1,138.3605,46.681,0.7527,0.7527,0,90.0926,46.735,0.7487,0.7487,1
ge3,seattle-wa:129603,seattle-wa,98Xp7hRxPgLsyZj1wheHqg,round2,-3.1877,457.9074,493.8454,-5.0983,70.6067,68.4635,2.2781,82.0926,46.1546,0.4007,0.4007,1,146.0926,110.1546,0.56,0.56,1,90.0926,54.1546,0.4287,0.4287,1
ge3,seattle-wa:1405,seattle-wa,9AzQqt9lgxYwi6AT79IY0w,round1,3.0868,418.3193,713.9037,-4.2065,-61.6098,-23.0223,-38.247,56.9253,-43.5235,0.9801,0.9801,0,56.9253,-43.5235,0.9801,0.9801,0,56.9253,-43.5235,0.9801,0.9801,0
ge3,seattle-wa:1405,seattle-wa,9AzQqt9lgxYwi6AT79IY0w,round2,3.0868,418.3193,713.9037,-4.2065,-61.6098,-23.0223,-38.247,54.6116,-45.5741,0.955,0.955,0,54.6116,-45.5741,0.955,0.955,0,54.6116,-45.5741,0.955,0.955,0
ge3,seattle-wa:154546,seattle-wa,9LnA3TctWuElqrLRDnQo5A,round1,3.4764,488.6961,845.1471,-3.1571,-65.8251,-52.3954,-13.3043,49.5032,10.0181,0.9165,0.9165,0,49.5032,10.0181,0.9165,0.9165,0,49.5032,10.0181,0.9165,0.9165,0
ge3,seattle-wa:154546,seattle-wa,9LnA3TctWuElqrLRDnQo5A,round2,3.4764,488.6961,845.1471,-3.1571,-65.8251,-52.3954,-13.3043,51.1741,-52.1324,1.0,1.0172,0,51.1741,-52.1324,1.0,1.0172,0,51.1741,-52.1324,1.0,1.0172,0
ge3,seattle-wa:209777,seattle-wa,AgNlLepo2u0wfjmpytEMNg,round1,-3.2837,430.576,664.3773,-15.8825,64.2596,14.7134,49.8917,-15.9566,65.5258,0.9668,0.9668,0,-15.9566,65.5258,0.9668,0.9668,0,-15.9566,65.5258,0.9668,0.9668,0
ge3,seattle-wa:209777,seattle-wa,AgNlLepo2u0wfjmpytEMNg,round2,-3.2837,430.576,664.3773,-15.8825,64.2596,14.7134,49.8917,-17.3919,64.9387,1.0,1.0592,0,-17.3919,64.9387,1.0,1.0592,0,-17.3919,64.9387,1.0,1.0592,0
ge3,seattle-wa:6093,seattle-wa,B8PFDxPTiRP7jFxpiS1loA,round1,-3.5531,65.6859,719.9878,-3.3282,70.6395,53.9616,16.6575,28.1148,17.1246,0.9627,0.9627,0,28.1148,17.1246,0.9627,0.9627,0,28.1148,17.1246,0.9627,0.9627,0
ge3,seattle-wa:6093,seattle-wa,B8PFDxPTiRP7jFxpiS1loA,round2,-3.5531,65.6859,719.9878,-3.3282,70.6395,53.9616,16.6575,27.9494,74.3467,0.9985,0.9985,0,27.9494,74.3467,0.9985,0.9985,0,27.9494,74.3467,0.9985,0.9985,0
ge3,seattle-wa:190774,seattle-wa,BPYBShE9oNqhaaxVx-_aHw,round1,6.0599,515.608,894.4871,-3.1557,-114.4051,-83.6478,-31.4117,-33.0662,-36.53,0.8637,0.8637,0,-33.0662,-36.53,0.8637,0.8637,0,-33.0662,-36.53,0.8637,0.8637,0
ge3,seattle-wa:190774,seattle-wa,BPYBShE9oNqhaaxVx-_aHw,round2,6.0599,515.608,894.4871,-3.1557,-114.4051,-83.6478,-31.4117,-23.608,-90.4871,0.8714,0.8714,1,-34.6279,-104.0491,0.9382,0.9382,0,-34.6279,-104.0491,0.9382,0.9382,0
ge3,seattle-wa:190172,seattle-wa,BqvUfXM3zJrL3KhX6FL6kQ,round1,3.255,280.1872,676.2217,-11.1058,-66.55,-62.0358,-4.4168,-58.0479,-11.9216,0.9001,0.9001,0,-58.0479,-11.9216,0.9001,0.9001,0,-58.0479,-11.9216,0.9001,0.9001,0
ge3,seattle-wa:190172,seattle-wa,BqvUfXM3zJrL3KhX6FL6kQ,round2,3.255,280.1872,676.2217,-11.1058,-66.55,-62.0358,-4.4168,-60.1872,-70.3172,0.8871,0.8871,1,-63.3087,-70.2333,0.8943,0.8943,0,-63.3087,-70.2333,0.8943,0.8943,0
ge3,seattle-wa:214759,seattle-wa,D4pZ5KMosLPkL0VHnnxJ3w,round1,-3.7363,230.2093,784.144,-27.6822,69.7607,90.6783,-21.1926,-8.734,73.9314,0.8927,0.8927,0,-8.734,73.9314,0.8927,0.8927,0,-8.734,73.9314,0.8927,0.8927,0
ge3,seattle-wa:214759,seattle-wa,D4pZ5KMosLPkL0VHnnxJ3w,round2,-3.7363,230.2093,784.144,-27.6822,69.7607,90.6783,-21.1926,-7.9226,76.9536,0.9607,0.9607,0,-7.9226,76.9536,0.9607,0.9607,0,-7.9226,76.9536,0.9607,0.9607,0
ge3,seattle-wa:98081,seattle-wa,DIeZNSZF11DHYFn0sSxfcw,round1,7.0552,156.468,842.3742,-12.2012,-135.6958,-115.8348,-19.9976,-3.9637,-82.3742,0.8621,0.8621,1,-3.6792,-108.7785,0.9135,0.9135,0,-3.6792,-108.7785,0.9135,0.9135,0
ge3,seattle-wa:98081,seattle-wa,DIeZNSZF11DHYFn0sSxfcw,round2,7.0552,156.468,842.3742,-12.2012,-135.6958,-115.8348,-19.9976,-2.137,-82.3742,0.848,0.848,1,-2.0955,-115.6553,0.9937,0.9937,0,-2.0955,-115.6553,0.9937,0.9937,0
ge3,seattle-wa:226450,seattle-wa,F5kLh3O9d_l2ehGHwLBPVQ,round1,-8.021,271.3137,737.7066,3.8133,149.9775,0.4909,149.514,12.4283,86.2934,0.7168,0.7168,1,12.2778,174.2934,0.9673,0.9673,1,12.2601,162.2934,0.9501,0.9501,1
ge3,seattle-wa:226450,seattle-wa,F5kLh3O9d_l2ehGHwLBPVQ,round2,-8.021,271.3137,737.7066,3.8133,149.9775,0.4909,149.514,11.5278,86.2934,0.6089,0.6089,1,12.0748,178.2934,0.9465,0.9465,1,11.9747,158.2934,0.9132,0.9132,1
ge3,seattle-wa:201175,seattle-wa,FJ6qL7c6dFCBQCCqWcqjAA,round1,-3.5189,484.3342,1110.9778,-36.8288,60.0476,6.4024,53.5692,-15.6265,4.0692,0.8828,0.8828,0,-15.6265,4.0692,0.8828,0.8828,0,-15.6265,4.0692,0.8828,0.8828,0
ge3,seattle-wa:201175,seattle-wa,FJ6qL7c6dFCBQCCqWcqjAA,round2,-3.5189,484.3342,1110.9778,-36.8288,60.0476,6.4024,53.5692,-12.9354,9.0496,0.8913,0.8913,0,-12.9354,9.0496,0.8913,0.8913,0,-12.9354,9.0496,0.8913,0.8913,0
ge3,seattle-wa:135110,seattle-wa,GBwQkCM-YuN5wPf99FHJ3w,round1,-5.7196,453.281,656.3408,-36.2492,109.6274,7.1266,102.867,-36.7095,69.6612,0.9078,0.9078,0,-36.7095,69.6612,0.9078,0.9078,0,-36.7095,69.6612,0.9078,0.9078,0
ge3,seattle-wa:135110,seattle-wa,GBwQkCM-YuN5wPf99FHJ3w,round2,-5.7196,453.281,656.3408,-36.2492,109.6274,7.1266,102.867,-37.5558,79.5867,1.0,1.0146,1,-37.5558,79.5867,1.0,1.0146,0,-37.5558,79.5867,1.0,1.0146,0
ge3,seattle-wa:38951,seattle-wa,H8mEU3bMB4fMOEaSS13hiw,round1,-3.2734,130.595,825.3922,16.9866,60.1287,8.2844,51.9777,25.405,86.6078,0.9101,0.9101,1,27.0238,99.0055,0.9362,0.9362,0,27.0238,99.0055,0.9362,0.9362,0
ge3,seattle-wa:38951,seattle-wa,H8mEU3bMB4fMOEaSS13hiw,round2,-3.2734,130.595,825.3922,16.9866,60.1287,8.2844,51.9777,25.405,86.6078,0.915,0.915,1,25.8934,99.0934,0.9432,0.9432,0,25.8934,99.0934,0.9432,0.9432,0
ge3,seattle-wa:118,seattle-wa,HTZEaw8gPnRj6ltd83FYaQ,round1,3.9352,587.4689,942.427,-15.8095,-76.004,-24.184,-52.1715,-42.2578,-82.427,0.6168,0.6168,1,-48.282,-153.7146,0.6668,0.6668,0,-45.7852,-118.427,0.6472,0.6472,1
ge3,seattle-wa:118,seattle-wa,HTZEaw8gPnRj6ltd83FYaQ,round2,3.9352,587.4689,942.427,-15.8095,-76.004,-24.184,-52.1715,11.638,-86.9229,0.7433,0.7433,1,11.638,-86.9229,0.7433,0.7433,0,11.638,-86.9229,0.7433,0.7433,0
ge3,seattle-wa:195172,seattle-wa,HZALjcb33Vnh1tfvd7KnDQ,round1,-3.6954,521.0749,905.8392,28.6767,69.0711,79.9304,-10.7896,75.5351,15.9219,0.8271,0.8271,0,75.5351,15.9219,0.8271,0.8271,0,75.5351,15.9219,0.8271,0.8271,0
ge3,seattle-wa:195172,seattle-wa,HZALjcb33Vnh1tfvd7KnDQ,round2,-3.6954,521.0749,905.8392,28.6767,69.0711,79.9304,-10.7896,26.2814,20.8863,0.8966,0.8966,0,26.2814,20.8863,0.8966,0.8966,0,26.2814,20.8863,0.8966,0.8966,0
ge3,seattle-wa:170991,seattle-wa,HfSErYpUJUgW2FpPCp4wyQ,round1,-3.2499,351.8976,919.4672,-0.7483,58.4065,14.2387,44.0311,-10.5338,65.98,0.9228,0.9228,0,-10.5338,65.98,0.9228,0.9228,0,-10.5338,65.98,0.9228,0.9228,0
ge3,seattle-wa:170991,seattle-wa,HfSErYpUJUgW2FpPCp4wyQ,round2,-3.2499,351.8976,919.4672,-0.7483,58.4065,14.2387,44.0311,-4.6555,75.6367,0.915,0.915,0,-4.6555,75.6367,0.915,0.915,0,-4.6555,75.6367,0.915,0.915,0
ge3,seattle-wa:96733,seattle-wa,HozGe30tYiMUWTFYsNyJyg,round1,4.0257,270.5436,901.4022,19.6221,-75.1119,-33.4768,-41.8624,-46.5538,-39.6669,0.9241,0.9241,0,-46.5538,-39.6669,0.9241,0.9241,0,-46.5538,-39.6669,0.9241,0.9241,0
ge3,seattle-wa:96733,seattle-wa,HozGe30tYiMUWTFYsNyJyg,round2,4.0257,270.5436,901.4022,19.6221,-75.1119,-33.4768,-41.8624,-46.4931,-40.2458,0.9218,0.9218,0,-46.4931,-40.2458,0.9218,0.9218,0,-46.4931,-40.2458,0.9218,0.9218,0
ge3,seattle-wa:13692,seattle-wa,IB5q1cCKTfzasgQBjObQTA,round1,4.4158,91.3294,640.9323,-22.122,-95.5583,-3.1835,-92.2059,0.7011,-42.884,0.3172,0.3172,0,0.7011,-42.884,0.3172,0.3172,0,0.7011,-42.884,0.3172,0.3172,0
ge3,seattle-wa:13692,seattle-wa,IB5q1cCKTfzasgQBjObQTA,round2,4.4158,91.3294,640.9323,-22.122,-95.5583,-3.1835,-92.2059,2.6803,-88.9323,0.7325,0.7325,1,2.6719,-95.7191,0.7381,0.7381,0,2.6719,-95.7191,0.7381,0.7381,0
ge3,seattle-wa:239022,seattle-wa,INNQ9CPQ79iXJE9uAQehlA,round1,-4.6339,347.9569,765.6982,-4.9774,86.4643,0.0707,86.396,3.5957,36.3282,0.9005,0.9005,0,3.5957,36.3282,0.9005,0.9005,0,3.5957,36.3282,0.9005,0.9005,0
ge3,seattle-wa:239022,seattle-wa,INNQ9CPQ79iXJE9uAQehlA,round2,-4.6339,347.9569,765.6982,-4.9774,86.4643,0.0707,86.396,1.0539,86.3018,0.9655,0.9655,1,1.0798,89.7005,0.9771,0.9771,0,1.0798,89.7005,0.9771,0.9771,0
ge3,seattle-wa:170790,seattle-wa,JVHtKF8PaGSPXu2xvUtoYw,round1,-5.4146,146.825,545.4083,0.3075,114.8725,121.796,-7.5535,-51.1776,62.6811,0.9619,0.9619,0,-51.1776,62.6811,0.9619,0.9619,0,-51.1776,62.6811,0.9619,0.9619,0
ge3,seattle-wa:170790,seattle-wa,JVHtKF8PaGSPXu2xvUtoYw,round2,-5.4146,146.825,545.4083,0.3075,114.8725,121.796,-7.5535,-53.7182,70.5917,0.8421,0.8421,1,-53.1422,120.5522,0.9758,0.9758,0,-53.1422,120.5522,0.9758,0.9758,0
ge3,seattle-wa:132577,seattle-wa,Jvz0YZ3novX-wH3-m4P6Wg,round1,3.0249,434.4705,715.5069,7.8403,-60.1818,-25.7984,-34.0243,39.1371,-45.6588,0.9243,0.9243,0,39.1371,-45.6588,0.9243,0.9243,0,39.1371,-45.6588,0.9243,0.9243,0
ge3,seattle-wa:132577,seattle-wa,Jvz0YZ3novX-wH3-m4P6Wg,round2,3.0249,434.4705,715.5069,7.8403,-60.1818,-25.7984,-34.0243,38.6518,-48.4236,1.0,1.0158,0,38.6518,-48.4236,1.0,1.0158,0,38.6518,-48.4236,1.0,1.0158,0
ge3,seattle-wa:124624,seattle-wa,KF6DTT-PYNfRPj_zb_khfA,round1,4.5362,559.4281,769.2365,20.5239,-89.6353,-96.2596,6.5464,32.5719,-81.2365,0.8735,0.8735,1,41.7225,-102.817,0.9412,0.9412,0,41.7225,-102.817,0.9412,0.9412,0
ge3,seattle-wa:124624,seattle-wa,KF6DTT-PYNfRPj_zb_khfA,round2,4.5362,559.4281,769.2365,20.5239,-89.6353,-96.2596,6.5464,32.5719,-81.2365,0.7941,0.7941,1,41.4522,-158.8737,0.9483,0.9483,0,41.3795,-133.2365,0.9308,0.9308,1
ge3,seattle-wa:25760,seattle-wa,Kps5a0DmBtCPbOINdaOwpg,round1,-5.0658,437.3025,738.2433,14.2992,95.7502,45.5374,50.6177,-28.6955,-4.5802,0.9094,0.9094,0,-28.6955,-4.5802,0.9094,0.9094,0,-28.6955,-4.5802,0.9094,0.9094,0
ge3,seattle-wa:25760,seattle-wa,Kps5a0DmBtCPbOINdaOwpg,round2,-5.0658,437.3025,738.2433,14.2992,95.7502,45.5374,50.6177,26.6975,85.7567,0.9287,0.9287,1,32.9666,115.9309,0.9593,0.9593,0,32.9666,115.9309,0.9593,0.9593,0
ge3,seattle-wa:124866,seattle-wa,L1Oh--OCKZmWnMlrWbWvtQ,round1,3.6554,466.6753,790.4764,3.3453,-70.3468,-0.4699,-69.8609,10.1151,-60.5947,0.9538,0.9538,0,10.1151,-60.5947,0.9538,0.9538,0,10.1151,-60.5947,0.9538,0.9538,0
ge3,seattle-wa:124866,seattle-wa,L1Oh--OCKZmWnMlrWbWvtQ,round2,3.6554,466.6753,790.4764,3.3453,-70.3468,-0.4699,-69.8609,12.2414,-66.218,0.9443,0.9443,0,12.2414,-66.218,0.9443,0.9443,0,12.2414,-66.218,0.9443,0.9443,0
ge3,seattle-wa:159486,seattle-wa,L6snBidMT-KfSHPmYo_82g,round1,3.6643,369.8235,781.211,-14.1037,-70.8828,6.6759,-77.6796,-24.0243,7.2498,0.9076,0.9076,0,-24.0243,7.2498,0.9076,0.9076,0,-24.0243,7.2498,0.9076,0.9076,0
ge3,seattle-wa:159486,seattle-wa,L6snBidMT-KfSHPmYo_82g,round2,3.6643,369.8235,781.211,-14.1037,-70.8828,6.6759,-77.6796,-26.5054,-50.0371,0.9007,0.9007,0,-26.5054,-50.0371,0.9007,0.9007,0,-26.5054,-50.0371,0.9007,0.9007,0
ge3,seattle-wa:24611,seattle-wa,LDAC-PcKF-PmTMswQJp7Gw,round1,3.3286,476.3999,1023.4344,2.3193,-60.0946,-0.4711,-59.6219,57.2909,-35.5518,0.8962,0.8962,0,57.2909,-35.5518,0.8962,0.8962,0,57.2909,-35.5518,0.8962,0.8962,0
ge3,seattle-wa:24611,seattle-wa,LDAC-PcKF-PmTMswQJp7Gw,round2,3.3286,476.3999,1023.4344,2.3193,-60.0946,-0.4711,-59.6219,57.5228,-40.3016,0.9092,0.9092,0,57.5228,-40.3016,0.9092,0.9092,0,57.5228,-40.3016,0.9092,0.9092,0
ge3,seattle-wa:265272,seattle-wa,MBjC8PjiKVvDq354l9XXpA,round1,3.1237,207.2748,924.1708,15.3682,-58.5828,-61.428,2.8452,-43.547,4.348,0.824,0.824,0,-43.547,4.348,0.824,0.824,0,-43.547,4.348,0.824,0.824,0
ge3,seattle-wa:265272,seattle-wa,MBjC8PjiKVvDq354l9XXpA,round2,3.1237,207.2748,924.1708,15.3682,-58.5828,-61.428,2.8452,-48.6378,-4.5676,0.9497,0.9497,0,-48.6378,-4.5676,0.9497,0.9497,0,-48.6378,-4.5676,0.9497,0.9497,0
ge3,seattle-wa:195231,seattle-wa,MQy68LgWmmy5VwWfNPQT9g,round1,-9.8065,324.2194,705.9571,3.6343,183.9533,63.4228,122.0883,23.7806,90.0429,0.8955,0.8955,1,23.7656,94.1141,0.9041,0.9041,0,23.7656,94.1141,0.9041,0.9041,0
ge3,seattle-wa:195231,seattle-wa,MQy68LgWmmy5VwWfNPQT9g,round2,-9.8065,324.2194,705.9571,3.6343,183.9533,63.4228,122.0883,23.359,90.0429,0.7611,0.7611,1,24.7451,153.2179,0.9478,0.9478,0,24.7451,153.2179,0.9478,0.9478,0
ge3,seattle-wa:193987,seattle-wa,PC95_Pe7Ed2ULst-NTkBIg,round1,5.2468,180.0631,894.02,19.2235,-100.2008,-100.3519,0.1492,-21.6321,-90.02,0.8775,0.8775,1,-21.4913,-97.668,0.8952,0.8952,0,-21.4913,-97.668,0.8952,0.8952,0
ge3,seattle-wa:193987,seattle-wa,PC95_Pe7Ed2ULst-NTkBIg,round2,5.2468,180.0631,894.02,19.2235,-100.2008,-100.3519,0.1492,-23.3727,-90.02,0.8813,0.8813,1,-23.1607,-105.5461,0.9381,0.9381,0,-23.1607,-105.5461,0.9381,0.9381,0
ge3,seattle-wa:131211,seattle-wa,QWtanPxOp_M7ZYDkxm2zIw,round1,5.9703,429.8915,826.3896,4.3841,-113.7261,-72.566,-40.5287,-17.6673,-82.3896,0.9005,0.9005,1,-17.6331,-87.7279,0.9039,0.9039,0,-17.6331,-87.7279,0.9039,0.9039,0
ge3,seattle-wa:131211,seattle-wa,QWtanPxOp_M7ZYDkxm2zIw,round2,5.9703,429.8915,826.3896,4.3841,-113.7261,-72.566,-40.5287,-13.3159,-86.3896,0.9848,0.9848,1,-13.2802,-91.5825,1.0,1.0044,0,-13.2802,-91.5825,1.0,1.0044,0
ge3,seattle-wa:22508,seattle-wa,SamfjSTjMR-VJGSwFBgKjQ,round1,-3.368,442.6589,658.8141,-24.2361,65.4455,90.3435,-25.564,27.1841,70.8356,0.9604,0.9604,0,27.1841,70.8356,0.9604,0.9604,0,27.1841,70.8356,0.9604,0.9604,0
ge3,seattle-wa:22508,seattle-wa,SamfjSTjMR-VJGSwFBgKjQ,round2,-3.368,442.6589,658.8141,-24.2361,65.4455,90.3435,-25.564,30.2878,72.6383,1.0,1.0567,0,30.2878,72.6383,1.0,1.0567,0,30.2878,72.6383,1.0,1.0567,0
ge3,seattle-wa:4601,seattle-wa,SqcjV-JU3shzLv3c70Oxng,round1,5.0808,559.2295,745.5723,28.5402,-102.3031,-85.3969,-16.3724,-16.9918,-80.2529,0.9342,0.9342,1,-16.9918,-80.2529,0.9342,0.9342,0,-16.9918,-80.2529,0.9342,0.9342,0
ge3,seattle-wa:4601,seattle-wa,SqcjV-JU3shzLv3c70Oxng,round2,5.0808,559.2295,745.5723,28.5402,-102.3031,-85.3969,-16.3724,36.7705,-78.7362,0.9156,0.9156,1,37.5573,-78.6315,0.9181,0.9181,0,37.5573,-78.6315,0.9181,0.9181,0
ge3,seattle-wa:18963,seattle-wa,SzQWJSj8XtzcW9TgtoB-Pg,round1,3.079,220.591,746.997,14.7636,-61.6134,-83.0235,20.6934,43.409,-76.1773,0.9668,0.9668,1,57.5245,-76.2022,0.9785,0.9785,0,57.5245,-76.2022,0.9785,0.9785,0
ge3,seattle-wa:18963,seattle-wa,SzQWJSj8XtzcW9TgtoB-Pg,round2,3.079,220.591,746.997,14.7636,-61.6134,-83.0235,20.6934,57.4326,-22.6785,0.9712,0.9712,0,57.4326,-22.6785,0.9712,0.9712,0,57.4326,-22.6785,0.9712,0.9712,0
ge3,seattle-wa:112573,seattle-wa,TLBBoUjrUKWQskJ6sxvRwg,round1,5.4517,420.6336,761.1092,-11.4012,-107.8653,-107.1859,-0.6515,-13.4874,-32.4331,0.8926,0.8926,0,-13.4874,-32.4331,0.8926,0.8926,0,-13.4874,-32.4331,0.8926,0.8926,0
ge3,seattle-wa:112573,seattle-wa,TLBBoUjrUKWQskJ6sxvRwg,round2,5.4517,420.6336,761.1092,-11.4012,-107.8653,-107.1859,-0.6515,-13.6402,-92.9816,0.9986,0.9986,1,-13.6402,-92.9816,0.9986,0.9986,0,-13.6402,-92.9816,0.9986,0.9986,0
ge3,seattle-wa:99096,seattle-wa,UZ7rR_vEvGKzx_TdjA52-Q,round1,-3.9577,555.7144,1105.1942,20.2044,76.2863,-5.5424,81.9314,-23.7144,90.8058,0.7962,0.7962,1,-23.0409,137.2097,0.8973,0.8973,0,-23.3226,118.8058,0.8636,0.8636,1
ge3,seattle-wa:99096,seattle-wa,UZ7rR_vEvGKzx_TdjA52-Q,round2,-3.9577,555.7144,1105.1942,20.2044,76.2863,-5.5424,81.9314,-21.6243,86.8058,0.8196,0.8196,1,-20.9041,137.6382,0.9428,0.9428,0,-21.1167,118.8058,0.9017,0.9017,1
ge3,seattle-wa:28419,seattle-wa,Utvu8N-BeLGgLsZ8TmLsDA,round1,4.6973,343.3922,784.4091,6.3775,-90.5361,-77.3454,-12.9265,-54.5118,-54.8294,0.8543,0.8543,0,-54.5118,-54.8294,0.8543,0.8543,0,-54.5118,-54.8294,0.8543,0.8543,0
ge3,seattle-wa:28419,seattle-wa,Utvu8N-BeLGgLsZ8TmLsDA,round2,4.6973,343.3922,784.4091,6.3775,-90.5361,-77.3454,-12.9265,5.7893,-55.9445,1.0,1.0111,0,5.7893,-55.9445,1.0,1.0111,0,5.7893,-55.9445,1.0,1.0111,0
ge3,seattle-wa:288921,seattle-wa,V-8xB1DYLXcBf4b0urlgWg,round1,-4.7446,278.6096,825.7335,0.5553,86.9438,25.4756,61.4698,73.0177,34.2107,0.854,0.854,0,73.0177,34.2107,0.854,0.854,0,73.0177,34.2107,0.854,0.854,0
ge3,seattle-wa:288921,seattle-wa,V-8xB1DYLXcBf4b0urlgWg,round2,-4.7446,278.6096,825.7335,0.5553,86.9438,25.4756,61.4698,76.3865,46.2665,0.8565,0.8565,1,76.9258,94.3231,0.9328,0.9328,0,76.9258,94.3231,0.9328,0.9328,1
ge3,seattle-wa:12319,seattle-wa,VJT-DipuX5IcHfjV_jPCZA,round1,4.1617,423.9703,1170.749,-6.0364,-75.9958,0.5367,-76.5242,-67.9703,65.251,0.4614,0.4614,1,-139.9703,117.251,0.7169,0.7169,1,-51.9703,41.251,0.3542,0.3542,1
ge3,seattle-wa:12319,seattle-wa,VJT-DipuX5IcHfjV_jPCZA,round2,4.1617,423.9703,1170.749,-6.0364,-75.9958,0.5367,-76.5242,-75.9703,53.251,0.5298,0.5298,1,-141.1167,76.7487,0.7493,0.7493,0,-75.9703,17.251,0.4333,0.4333,1
ge3,seattle-wa:123279,seattle-wa,WEkdLqKAL7AJruCPUrOiCQ,round1,5.7277,437.8456,670.6927,0.2411,-119.7335,-123.7407,3.5528,31.8288,-67.7512,0.8906,0.8906,0,31.8288,-67.7512,0.8906,0.8906,0,31.8288,-67.7512,0.8906,0.8906,0
ge3,seattle-wa:123279,seattle-wa,WEkdLqKAL7AJruCPUrOiCQ,round2,5.7277,437.8456,670.6927,0.2411,-119.7335,-123.7407,3.5528,18.1544,-86.6927,0.8164,0.8164,1,34.9441,-132.8124,1.0,1.0234,0,34.9441,-132.8124,1.0,1.0234,1
ge3,seattle-wa:103053,seattle-wa,XMNDc0CLg1YbgV4IV-1xLw,round1,-3.1713,149.2722,680.4036,27.6454,60.7499,19.9492,41.2426,72.2625,47.7388,0.9444,0.9444,1,72.2625,47.7388,0.9444,0.9444,0,72.2625,47.7388,0.9444,0.9444,0
ge3,seattle-wa:103053,seattle-wa,XMNDc0CLg1YbgV4IV-1xLw,round2,-3.1713,149.2722,680.4036,27.6454,60.7499,19.9492,41.2426,70.7278,56.1655,0.9692,0.9692,1,72.6357,56.0331,0.9753,0.9753,0,72.6357,56.0331,0.9753,0.9753,0
ge3,seattle-wa:104063,seattle-wa,YsdeWZYwv9P7wSDUEXvN7Q,round1,3.3293,351.6314,879.6087,-10.0259,-61.4242,0.1282,-61.555,3.6998,-19.0277,0.9378,0.9378,0,3.6998,-19.0277,0.9378,0.9378,0,3.6998,-19.0277,0.9378,0.9378,0
ge3,seattle-wa:104063,seattle-wa,YsdeWZYwv9P7wSDUEXvN7Q,round2,3.3293,351.6314,879.6087,-10.0259,-61.4242,0.1282,-61.555,55.9123,-22.2846,0.9549,0.9549,0,55.9123,-22.2846,0.9549,0.9549,0,55.9123,-22.2846,0.9549,0.9549,0
ge3,seattle-wa:3407,seattle-wa,ZOnhx4CKT_8HuCDg7PldCg,round1,-3.3894,261.9809,615.6977,-0.7049,68.8565,50.4173,18.8882,-69.9809,54.4201,0.8588,0.8588,1,-111.1644,54.9873,0.9977,0.9977,0,-85.9809,54.6516,0.922,0.922,1
ge3,seattle-wa:3407,seattle-wa,ZOnhx4CKT_8HuCDg7PldCg,round2,-3.3894,261.9809,615.6977,-0.7049,68.8565,50.4173,18.8882,-69.9809,60.3023,0.8104,0.8104,1,-109.8478,110.2281,0.9448,0.9448,0,-89.9809,60.3023,0.8561,0.8561,1
ge3,seattle-wa:131638,seattle-wa,ZtLX516pOvkqoZ9IS9xvrA,round1,4.1698,512.543,1090.9891,12.6187,-74.8278,-5.3735,-69.673,26.0849,21.6402,0.8236,0.8236,0,26.0849,21.6402,0.8236,0.8236,0,26.0849,21.6402,0.8236,0.8236,0
ge3,seattle-wa:131638,seattle-wa,ZtLX516pOvkqoZ9IS9xvrA,round2,4.1698,512.543,1090.9891,12.6187,-74.8278,-5.3735,-69.673,28.4802,-41.4976,0.8513,0.8513,0,28.4802,-41.4976,0.8513,0.8513,0,28.4802,-41.4976,0.8513,0.8513,0
ge3,seattle-wa:108363,seattle-wa,_KF3CcDtFu7MRDNP9Kq1-A,round1,-3.1641,340.5557,820.6488,14.7481,57.9259,26.08,31.8953,65.3427,42.8991,0.9021,0.9021,0,65.3427,42.8991,0.9021,0.9021,0,65.3427,42.8991,0.9021,0.9021,0
ge3,seattle-wa:108363,seattle-wa,_KF3CcDtFu7MRDNP9Kq1-A,round2,-3.1641,340.5557,820.6488,14.7481,57.9259,26.08,31.8953,65.4778,63.3512,0.9129,0.9129,1,65.5889,95.763,0.9183,0.9183,0,65.5672,95.3512,0.9172,0.9172,1
ge3,seattle-wa:71212,seattle-wa,aCKX-f79XlYRYTQEtI4nNw,round1,4.0662,608.5626,571.189,13.3204,-92.5005,-96.6788,3.9227,-80.5626,31.9533,0.1556,0.1556,1,-180.5626,32.811,0.204,0.204,1,-68.5626,8.811,0.1383,0.1383,1
ge3,seattle-wa:71212,seattle-wa,aCKX-f79XlYRYTQEtI4nNw,round2,4.0662,608.5626,571.189,13.3204,-92.5005,-96.6788,3.9227,-3.2087,-87.189,0.7076,0.7076,1,-2.953,-91.4659,0.7174,0.7174,0,-2.953,-91.4659,0.7174,0.7174,0
ge3,seattle-wa:151918,seattle-wa,au1qSZpnXZD_pWTO5nKWvQ,round1,3.5099,565.7905,782.8576,6.3635,-68.7813,-26.3091,-42.2079,37.4472,-46.8711,0.9328,0.9328,0,37.4472,-46.8711,0.9328,0.9328,0,37.4472,-46.8711,0.9328,0.9328,0
ge3,seattle-wa:151918,seattle-wa,au1qSZpnXZD_pWTO5nKWvQ,round2,3.5099,565.7905,782.8576,6.3635,-68.7813,-26.3091,-42.2079,38.0924,-56.8501,1.0,1.0165,0,38.0924,-56.8501,1.0,1.0165,0,38.0924,-56.8501,1.0,1.0165,0
ge3,seattle-wa:401,seattle-wa,b8uMSrUFLW_ZOlvDrmXCdw,round1,-3.7057,124.4651,608.3052,7.3443,76.6266,74.5578,2.1963,27.5415,53.1599,0.9297,0.9297,0,27.5415,53.1599,0.9297,0.9297,0,27.5415,53.1599,0.9297,0.9297,0
ge3,seattle-wa:401,seattle-wa,b8uMSrUFLW_ZOlvDrmXCdw,round2,-3.7057,124.4651,608.3052,7.3443,76.6266,74.5578,2.1963,29.1413,60.6697,1.0,1.0418,0,29.1413,60.6697,1.0,1.0418,0,29.1413,60.6697,1.0,1.0418,0
ge3,seattle-wa:43888,seattle-wa,bfa110lMdxKlg7KC7BLIUw,round1,3.9876,613.2249,605.3264,8.3689,-88.4744,-90.8695,2.2219,-12.8086,-59.1008,0.7463,0.7463,0,-165.2249,-58.6823,0.7596,0.7596,1,-12.8086,-59.1008,0.7463,0.7463,0
ge3,seattle-wa:43888,seattle-wa,bfa110lMdxKlg7KC7BLIUw,round2,3.9876,613.2249,605.3264,8.3689,-88.4744,-90.8695,2.2219,-4.5104,-67.6889,0.9962,0.9962,0,-4.5104,-67.6889,0.9962,0.9962,0,-4.5104,-67.6889,0.9962,0.9962,0
ge3,seattle-wa:18213,seattle-wa,blj62MGuieFvcKsFT2xTwA,round1,-3.5089,619.5689,641.6615,-8.5848,72.0459,36.2364,36.3733,-22.9843,22.3053,0.1174,0.1174,0,-22.9843,22.3053,0.1174,0.1174,0,-22.9843,22.3053,0.1174,0.1174,0
ge3,seattle-wa:18213,seattle-wa,blj62MGuieFvcKsFT2xTwA,round2,-3.5089,619.5689,641.6615,-8.5848,72.0459,36.2364,36.3733,-10.3028,90.3385,0.5823,0.5823,1,-10.2402,91.0759,0.5837,0.5837,0,-10.2402,91.0759,0.5837,0.5837,0
ge3,seattle-wa:109488,seattle-wa,c4inBHVqOYcJG1VOOJODqw,round1,-6.39,215.0908,702.0328,40.9997,119.2085,105.9009,13.6525,-53.3742,29.2757,0.8272,0.8272,0,-53.3742,29.2757,0.8272,0.8272,0,-53.3742,29.2757,0.8272,0.8272,1
ge3,seattle-wa:109488,seattle-wa,c4inBHVqOYcJG1VOOJODqw,round2,-6.39,215.0908,702.0328,40.9997,119.2085,105.9009,13.6525,2.5381,93.9672,0.8827,0.8827,1,7.7563,152.4255,0.9569,0.9569,0,7.4339,149.9672,0.9487,0.9487,1
ge3,seattle-wa:182785,seattle-wa,cMAZmwBXVtx58v34ow3T6A,round1,7.0057,307.3826,755.3782,5.7219,-139.1396,-111.6738,-26.3144,28.6174,-87.3782,0.8996,0.8996,1,35.7956,-93.9922,0.9236,0.9236,0,35.7956,-93.9922,0.9236,0.9236,0
ge3,seattle-wa:182785,seattle-wa,cMAZmwBXVtx58v34ow3T6A,round2,7.0057,307.3826,755.3782,5.7219,-139.1396,-111.6738,-26.3144,32.6174,-87.3782,0.869,0.869,1,35.6561,-145.9733,0.9692,0.9692,0,35.6561,-145.9733,0.9692,0.9692,1
ge3,seattle-wa:314588,seattle-wa,cPrmqFXKq9t9UtbLZbVRcw,round1,3.221,154.6815,866.7751,-10.1733,-60.1249,-3.7891,-56.2614,-5.5164,-72.2027,0.9303,0.9303,0,-5.5164,-72.2027,0.9303,0.9303,0,-5.5164,-72.2027,0.9303,0.9303,0
ge3,seattle-wa:314588,seattle-wa,cPrmqFXKq9t9UtbLZbVRcw,round2,3.221,154.6815,866.7751,-10.1733,-60.1249,-3.7891,-56.2614,-5.7974,-74.0243,0.9375,0.9375,0,-5.7974,-74.0243,0.9375,0.9375,0,-5.7974,-74.0243,0.9375,0.9375,0
ge3,seattle-wa:143880,seattle-wa,ck7in2AeD4xWAten05Ih8A,round1,6.5505,155.8806,668.1208,-28.3837,-139.9763,-111.5661,-26.643,63.9413,-3.6048,0.8449,0.8449,0,63.9413,-3.6048,0.8449,0.8449,0,63.654,-16.1208,0.8227,0.8227,1
ge3,seattle-wa:143880,seattle-wa,ck7in2AeD4xWAten05Ih8A,round2,6.5505,155.8806,668.1208,-28.3837,-139.9763,-111.5661,-26.643,70.0602,-5.8299,0.8575,0.8575,0,70.0602,-5.8299,0.8575,0.8575,0,69.6941,-36.1208,0.8319,0.8319,1
ge3,seattle-wa:67400,seattle-wa,d4C8_zTmOYHEa6ynFKV4TA,round1,-3.0782,105.4417,844.3849,38.4859,53.2396,19.9486,33.4801,58.5583,71.6151,0.7875,0.7875,1,107.4024,73.7312,0.8054,0.8054,0,94.5583,73.9786,0.8019,0.8019,1
ge3,seattle-wa:67400,seattle-wa,d4C8_zTmOYHEa6ynFKV4TA,round2,-3.0782,105.4417,844.3849,38.4859,53.2396,19.9486,33.4801,90.5583,23.043,0.8042,0.8042,1,109.1177,23.1514,0.8242,0.8242,0,102.5583,23.1158,0.8175,0.8175,1
ge3,seattle-wa:47604,seattle-wa,dLYzOsRYIv0u0Hnmcf793Q,round1,3.2869,287.6723,1082.9719,1.9009,-58.9888,0.142,-59.1303,61.4185,-26.9516,0.8603,0.8603,0,61.4185,-26.9516,0.8603,0.8603,0,61.4185,-26.9516,0.8603,0.8603,0
ge3,seattle-wa:47604,seattle-wa,dLYzOsRYIv0u0Hnmcf793Q,round2,3.2869,287.6723,1082.9719,1.9009,-58.9888,0.142,-59.1303,57.6684,-31.9733,0.9119,0.9119,0,57.6684,-31.9733,0.9119,0.9119,0,57.6684,-31.9733,0.9119,0.9119,0
ge3,seattle-wa:22427,seattle-wa,dOtrDS4J2aaT-ow8utWmcQ,round1,-3.4285,263.3575,653.5505,1.3104,68.0785,54.4051,13.9618,15.9946,17.7845,0.9371,0.9371,0,15.9946,17.7845,0.9371,0.9371,0,15.9946,17.7845,0.9371,0.9371,0
ge3,seattle-wa:22427,seattle-wa,dOtrDS4J2aaT-ow8utWmcQ,round2,-3.4285,263.3575,653.5505,1.3104,68.0785,54.4051,13.9618,16.9732,73.7489,1.0,1.0084,0,16.9732,73.7489,1.0,1.0084,0,16.9732,73.7489,1.0,1.0084,0
ge3,seattle-wa:104034,seattle-wa,fljbsopK8Vbxb3GA_kyowA,round1,6.3385,521.1074,885.5129,-29.4352,-123.9761,-138.446,14.0908,-45.1074,-81.5129,0.8201,0.8201,1,-45.1286,-93.9908,0.8608,0.8608,0,-45.1286,-93.9908,0.8608,0.8608,0
ge3,seattle-wa:104034,seattle-wa,fljbsopK8Vbxb3GA_kyowA,round2,6.3385,521.1074,885.5129,-29.4352,-123.9761,-138.446,14.0908,-29.1074,-89.5129,0.7767,0.7767,1,-40.8247,-150.9355,0.93,0.93,0,-33.1074,-150.8382,0.9199,0.9199,1
ge3,seattle-wa:113994,seattle-wa,gQitzmlL9APfYw9liRbIJA,round1,-3.1629,545.0052,762.0071,-5.0894,60.4692,59.0785,1.4516,53.8616,-27.9145,0.5375,0.5375,0,53.8616,-27.9145,0.5375,0.5375,0,53.8616,-27.9145,0.5375,0.5375,0
ge3,seattle-wa:113994,seattle-wa,gQitzmlL9APfYw9liRbIJA,round2,-3.1629,545.0052,762.0071,-5.0894,60.4692,59.0785,1.4516,63.0663,-37.2069,0.6673,0.6673,0,63.0663,-37.2069,0.6673,0.6673,0,58.9948,-37.4203,0.6607,0.6607,1
ge3,seattle-wa:157303,seattle-wa,hY1fdti0VV-tZ5xTAixlJA,round1,-5.1021,87.1892,818.9339,-19.7744,97.6365,95.7909,1.8666,12.7605,-23.9569,0.9148,0.9148,0,12.7605,-23.9569,0.9148,0.9148,0,12.7605,-23.9569,0.9148,0.9148,0
ge3,seattle-wa:157303,seattle-wa,hY1fdti0VV-tZ5xTAixlJA,round2,-5.1021,87.1892,818.9339,-19.7744,97.6365,95.7909,1.8666,7.0926,45.9698,0.9932,0.9932,0,7.0926,45.9698,0.9932,0.9932,0,7.0926,45.9698,0.9932,0.9932,0
ge3,seattle-wa:180789,seattle-wa,hu9RAjlfM5IefFMyJ2tqBA,round1,-3.69,265.3932,679.5908,7.2927,71.9536,35.124,37.2973,13.5301,55.4155,0.9137,0.9137,0,13.5301,55.4155,0.9137,0.9137,0,13.5301,55.4155,0.9137,0.9137,0
ge3,seattle-wa:180789,seattle-wa,hu9RAjlfM5IefFMyJ2tqBA,round2,-3.69,265.3932,679.5908,7.2927,71.9536,35.124,37.2973,17.4598,59.8477,0.971,0.971,0,17.4598,59.8477,0.971,0.971,0,17.4598,59.8477,0.971,0.971,0
ge3,seattle-wa:264879,seattle-wa,ihbr7WzVChPSRglbRTgngw,round1,-3.6329,624.5873,518.6973,-14.8361,80.4196,86.6422,-6.5138,-36.5873,85.3027,0.6262,0.6262,1,-92.5873,152.2955,0.8963,0.8963,1,-60.5873,117.3027,0.7164,0.7164,1
ge3,seattle-wa:264879,seattle-wa,ihbr7WzVChPSRglbRTgngw,round2,-3.6329,624.5873,518.6973,-14.8361,80.4196,86.6422,-6.5138,-19.2076,85.3027,0.7973,0.7973,1,-108.5873,149.3027,0.8906,0.8906,1,-19.9106,87.6513,0.801,0.801,0
ge3,seattle-wa:17185,seattle-wa,jjFJXC5Bi5bNio_dc4zsfA,round1,-3.0105,191.9577,891.1946,-5.2493,55.3532,16.4291,38.7993,-30.4303,27.8782,0.9106,0.9106,0,-30.4303,27.8782,0.9106,0.9106,0,-30.4303,27.8782,0.9106,0.9106,0
ge3,seattle-wa:17185,seattle-wa,jjFJXC5Bi5bNio_dc4zsfA,round2,-3.0105,191.9577,891.1946,-5.2493,55.3532,16.4291,38.7993,-28.0362,36.1302,0.9173,0.9173,0,-28.0362,36.1302,0.9173,0.9173,0,-28.0362,36.1302,0.9173,0.9173,0
ge3,seattle-wa:61441,seattle-wa,kDM-DkkOPyBoTzAwfuuLpw,round1,-3.3543,236.1468,610.076,2.0227,68.5201,-0.1818,68.6942,-14.5399,52.0847,0.9733,0.9733,0,-14.5399,52.0847,0.9733,0.9733,0,-14.5399,52.0847,0.9733,0.9733,0
ge3,seattle-wa:61441,seattle-wa,kDM-DkkOPyBoTzAwfuuLpw,round2,-3.3543,236.1468,610.076,2.0227,68.5201,-0.1818,68.6942,-15.0178,56.9148,1.0,1.0253,0,-15.0178,56.9148,1.0,1.0253,0,-15.0178,56.9148,1.0,1.0253,0
ge3,seattle-wa:40298,seattle-wa,kF54Iz70IN6v69lASmgZQA,round1,-4.6749,604.3741,699.6604,24.2121,92.8188,115.9016,-24.0372,-2.819,88.3396,0.685,0.685,1,-2.8238,93.3477,0.6958,0.6958,0,-2.8238,93.3477,0.6958,0.6958,0
ge3,seattle-wa:40298,seattle-wa,kF54Iz70IN6v69lASmgZQA,round2,-4.6749,604.3741,699.6604,24.2121,92.8188,115.9016,-24.0372,-0.5474,84.3396,1.0,1.0269,1,-0.5029,96.1072,1.0,1.0611,0,-0.5029,96.1072,1.0,1.0611,0
ge3,seattle-wa:190624,seattle-wa,kI86WNSDMaE0dOijaXRH-g,round1,5.4516,542.2781,971.6762,3.2986,-100.7184,-0.4893,-100.2195,1.0767,-47.034,0.9255,0.9255,0,1.0767,-47.034,0.9255,0.9255,0,1.0767,-47.034,0.9255,0.9255,0
ge3,seattle-wa:190624,seattle-wa,kI86WNSDMaE0dOijaXRH-g,round2,5.4516,542.2781,971.6762,3.2986,-100.7184,-0.4893,-100.2195,4.159,-87.6762,0.8833,0.8833,1,4.5149,-109.9033,0.9253,0.9253,0,4.5149,-109.9033,0.9253,0.9253,0
ge3,seattle-wa:141417,seattle-wa,l52Ha6Q5wEmiSEAEoCiTTg,round1,-4.063,102.498,735.805,25.0965,77.1365,86.5948,-9.38,77.502,-51.805,0.0481,0.0481,1,125.502,-127.805,0.0818,0.0818,1,93.502,-7.805,0.0463,0.0463,1
ge3,seattle-wa:141417,seattle-wa,l52Ha6Q5wEmiSEAEoCiTTg,round2,-4.063,102.498,735.805,25.0965,77.1365,86.5948,-9.38,-10.5547,-6.0515,0.0018,0.0018,0,81.502,-159.805,0.0086,0.0086,1,-10.5547,-6.0515,0.0018,0.0018,0
ge3,seattle-wa:135615,seattle-wa,lYhtU1lE6pf5JDU6ej8TlQ,round1,3.5503,578.4312,939.8297,-10.7625,-67.8491,-59.9117,-7.9301,19.1832,-17.4112,0.9027,0.9027,0,19.1832,-17.4112,0.9027,0.9027,0,19.1832,-17.4112,0.9027,0.9027,0
ge3,seattle-wa:135615,seattle-wa,lYhtU1lE6pf5JDU6ej8TlQ,round2,3.5503,578.4312,939.8297,-10.7625,-67.8491,-59.9117,-7.9301,22.3745,-19.5739,0.9712,0.9712,0,22.3745,-19.5739,0.9712,0.9712,0,22.3745,-19.5739,0.9712,0.9712,0
ge3,seattle-wa:30356,seattle-wa,l_q7uUE11-oVaPOKSvg5iQ,round1,3.4359,548.6603,632.1109,18.6599,-73.6484,16.8207,-91.2622,-6.5424,-29.1555,0.9783,0.9783,0,-6.5424,-29.1555,0.9783,0.9783,0,-6.5424,-29.1555,0.9783,0.9783,0
ge3,seattle-wa:30356,seattle-wa,l_q7uUE11-oVaPOKSvg5iQ,round2,3.4359,548.6603,632.1109,18.6599,-73.6484,16.8207,-91.2622,-5.5328,-35.3328,0.951,0.951,0,-5.5328,-35.3328,0.951,0.951,0,-5.5328,-35.3328,0.951,0.951,0
ge3,seattle-wa:96976,seattle-wa,lwRXHiw3nc8X4LcD1xs-gg,round1,4.6506,331.2958,758.1741,16.0143,-91.5249,-103.2022,11.2476,11.1241,-33.5387,0.883,0.883,0,11.1241,-33.5387,0.883,0.883,0,11.1241,-33.5387,0.883,0.883,0
ge3,seattle-wa:96976,seattle-wa,lwRXHiw3nc8X4LcD1xs-gg,round2,4.6506,331.2958,758.1741,16.0143,-91.5249,-103.2022,11.2476,12.5424,-90.1741,0.9256,0.9256,1,12.6266,-95.8589,0.9405,0.9405,0,12.6266,-95.8589,0.9405,0.9405,0
ge3,seattle-wa:35521,seattle-wa,m93Hqe3EyGyalxjfovL_0g,round1,7.3875,86.4624,587.1936,-17.3637,-170.6997,-159.2662,-10.1164,7.7422,-54.3728,0.8388,0.8388,0,7.7422,-54.3728,0.8388,0.8388,0,7.7422,-54.3728,0.8388,0.8388,0
ge3,seattle-wa:35521,seattle-wa,m93Hqe3EyGyalxjfovL_0g,round2,7.3875,86.4624,587.1936,-17.3637,-170.6997,-159.2662,-10.1164,6.3064,-87.1936,0.7998,0.7998,1,6.6156,-118.4663,0.9472,0.9472,0,6.6156,-118.4663,0.9472,0.9472,0
ge3,seattle-wa:122155,seattle-wa,mHj_NkTN9oBeUwgF46_hDw,round1,-3.1059,451.3583,878.3378,6.3276,56.8665,8.7364,48.0869,8.6417,89.6622,0.6652,0.6652,1,21.2647,171.0681,0.8654,0.8654,0,21.6595,117.6622,0.7729,0.7729,1
ge3,seattle-wa:122155,seattle-wa,mHj_NkTN9oBeUwgF46_hDw,round2,-3.1059,451.3583,878.3378,6.3276,56.8665,8.7364,48.0869,4.6417,89.6622,0.6576,0.6576,1,19.5292,170.9204,0.879,0.879,0,19.4205,117.6622,0.7749,0.7749,1
ge3,seattle-wa:67634,seattle-wa,mtWXDZVtYJ6Jht2fOAYvKw,round1,4.1827,473.9297,742.6973,7.5649,-82.752,-31.787,-50.3968,6.4704,-13.5875,0.9368,0.9368,0,6.4704,-13.5875,0.9368,0.9368,0,6.4704,-13.5875,0.9368,0.9368,0
ge3,seattle-wa:67634,seattle-wa,mtWXDZVtYJ6Jht2fOAYvKw,round2,4.1827,473.9297,742.6973,7.5649,-82.752,-31.787,-50.3968,6.7068,-73.4293,1.0,1.0177,0,6.7068,-73.4293,1.0,1.0177,0,6.7068,-73.4293,1.0,1.0177,0
ge3,seattle-wa:269,seattle-wa,mvNsvSd_0EIJdbIu-HoqDA,round1,3.4488,483.5223,933.0813,-2.752,-63.5071,-48.0013,-15.5264,-10.3054,-66.4059,0.8451,0.8451,0,-10.3054,-66.4059,0.8451,0.8451,0,-10.3054,-66.4059,0.8451,0.8451,0
ge3,seattle-wa:269,seattle-wa,mvNsvSd_0EIJdbIu-HoqDA,round2,3.4488,483.5223,933.0813,-2.752,-63.5071,-48.0013,-15.5264,-12.2742,-70.0836,0.8805,0.8805,0,-12.2742,-70.0836,0.8805,0.8805,0,-12.2742,-70.0836,0.8805,0.8805,0
ge3,seattle-wa:134106,seattle-wa,nKUaqo9NrGzF7B8aMtSR4A,round1,4.653,266.5868,1259.6381,78.9809,-95.1185,29.4389,-121.6122,13.4441,-11.3949,0.7966,0.7966,0,13.4441,-11.3949,0.7966,0.7966,0,13.4441,-11.3949,0.7966,0.7966,0
ge3,seattle-wa:134106,seattle-wa,nKUaqo9NrGzF7B8aMtSR4A,round2,4.653,266.5868,1259.6381,78.9809,-95.1185,29.4389,-121.6122,16.5574,-11.2993,0.7478,0.7478,0,16.5574,-11.2993,0.7478,0.7478,0,16.5574,-11.2993,0.7478,0.7478,0
ge3,seattle-wa:28940,seattle-wa,nhaD_lO1LkeVFbSpoKY__w,round1,4.2838,277.8915,1025.0027,5.3197,-77.0937,-21.4196,-56.1162,6.3528,-42.1146,0.9126,0.9126,0,6.3528,-42.1146,0.9126,0.9126,0,6.3528,-42.1146,0.9126,0.9126,0
ge3,seattle-wa:28940,seattle-wa,nhaD_lO1LkeVFbSpoKY__w,round2,4.2838,277.8915,1025.0027,5.3197,-77.0937,-21.4196,-56.1162,6.9753,-43.4787,0.9681,0.9681,0,6.9753,-43.4787,0.9681,0.9681,0,6.9753,-43.4787,0.9681,0.9681,0
ge3,seattle-wa:113838,seattle-wa,nuFLR5iCVUGy3F9PnemGZQ,round1,4.9329,484.6107,905.8313,35.8069,-91.0312,-75.7751,-14.8167,53.2613,-48.937,0.9309,0.9309,0,53.2613,-48.937,0.9309,0.9309,0,53.2613,-48.937,0.9309,0.9309,0
ge3,seattle-wa:113838,seattle-wa,nuFLR5iCVUGy3F9PnemGZQ,round2,4.9329,484.6107,905.8313,35.8069,-91.0312,-75.7751,-14.8167,55.3893,-73.8313,0.8808,0.8808,1,55.9144,-108.9496,0.9812,0.9812,0,55.9144,-108.9496,0.9812,0.9812,0
ge3,seattle-wa:61992,seattle-wa,pCo7u_1enrQcLs2HO-01Sg,round1,-3.6276,204.9287,700.5759,-2.1782,70.6383,22.8708,48.0824,7.5209,25.815,0.8407,0.8407,0,7.5209,25.815,0.8407,0.8407,0,7.5209,25.815,0.8407,0.8407,0
ge3,seattle-wa:61992,seattle-wa,pCo7u_1enrQcLs2HO-01Sg,round2,-3.6276,204.9287,700.5759,-2.1782,70.6383,22.8708,48.0824,13.5239,87.4241,0.9701,0.9701,1,13.5899,94.5109,0.9942,0.9942,0,13.5899,94.5109,0.9942,0.9942,0
ge3,seattle-wa:18015,seattle-wa,pLAKpnuajjxzLakRTht9Pg,round1,-5.2923,274.5358,710.2962,24.2873,99.8,70.992,29.3289,37.4642,80.249,0.8767,0.8767,1,65.5658,80.4346,0.8776,0.8776,0,65.5658,80.4346,0.8776,0.8776,0
ge3,seattle-wa:18015,seattle-wa,pLAKpnuajjxzLakRTht9Pg,round2,-5.2923,274.5358,710.2962,24.2873,99.8,70.992,29.3289,41.4642,85.7038,0.8839,0.8839,1,67.8291,90.6332,0.9147,0.9147,0,67.8291,90.6332,0.9147,0.9147,0
ge3,seattle-wa:178160,seattle-wa,pco10DSvb2CW9KuBS9ASew,round1,3.9772,266.3547,977.3408,4.4718,-72.0024,-19.6558,-52.6171,12.0295,-85.3408,0.925,0.925,1,12.8886,-110.9647,0.9426,0.9426,0,12.8886,-110.9647,0.9426,0.9426,0
ge3,seattle-wa:178160,seattle-wa,pco10DSvb2CW9KuBS9ASew,round2,3.9772,266.3547,977.3408,4.4718,-72.0024,-19.6558,-52.6171,5.6453,-89.3408,0.928,0.928,1,14.6089,-114.7351,0.9979,0.9979,0,14.6089,-114.7351,0.9979,0.9979,0
ge3,seattle-wa:211707,seattle-wa,q0fq8sXs54LIeZA6Yk-xYg,round1,-3.84,354.6592,670.2731,1.4571,75.1882,17.7734,57.8062,-4.8483,56.7862,0.9394,0.9394,0,-4.8483,56.7862,0.9394,0.9394,0,-4.8483,56.7862,0.9394,0.9394,0
ge3,seattle-wa:211707,seattle-wa,q0fq8sXs54LIeZA6Yk-xYg,round2,-3.84,354.6592,670.2731,1.4571,75.1882,17.7734,57.8062,-4.3892,66.4978,1.0,1.0038,0,-4.3892,66.4978,1.0,1.0038,0,-4.3892,66.4978,1.0,1.0038,0
ge3,seattle-wa:102186,seattle-wa,qcmLkAalR8iyG8Y0VDK6NQ,round1,3.9846,435.9275,776.1397,-2.1063,-77.287,-52.0217,-25.0425,33.8209,-48.0849,0.8861,0.8861,0,33.8209,-48.0849,0.8861,0.8861,0,33.8209,-48.0849,0.8861,0.8861,0
ge3,seattle-wa:102186,seattle-wa,qcmLkAalR8iyG8Y0VDK6NQ,round2,3.9846,435.9275,776.1397,-2.1063,-77.287,-52.0217,-25.0425,33.9902,-80.1397,0.9229,0.9229,1,32.7544,-100.9755,0.9275,0.9275,0,32.7544,-100.9755,0.9275,0.9275,0
ge3,seattle-wa:47683,seattle-wa,sQnt49cRvyfSxspimCiWmw,round1,3.5746,535.9498,1271.2538,3.8796,-67.7128,-1.2794,-66.4661,0.7403,-27.6371,0.8612,0.8612,0,0.7403,-27.6371,0.8612,0.8612,0,0.7403,-27.6371,0.8612,0.8612,0
ge3,seattle-wa:47683,seattle-wa,sQnt49cRvyfSxspimCiWmw,round2,3.5746,535.9498,1271.2538,3.8796,-67.7128,-1.2794,-66.4661,4.9931,-85.6477,0.9337,0.9337,1,4.9931,-85.6477,0.9337,0.9337,0,4.9931,-85.6477,0.9337,0.9337,0
ge3,seattle-wa:165923,seattle-wa,syHEd6eYqHdlsg2CRWcj2Q,round1,-3.5791,445.0524,683.1527,17.2714,69.7772,77.2749,-7.7707,38.0512,49.1187,0.9367,0.9367,0,38.0512,49.1187,0.9367,0.9367,0,38.0512,49.1187,0.9367,0.9367,0
ge3,seattle-wa:165923,seattle-wa,syHEd6eYqHdlsg2CRWcj2Q,round2,-3.5791,445.0524,683.1527,17.2714,69.7772,77.2749,-7.7707,37.7053,52.2991,0.9162,0.9162,0,37.7053,52.2991,0.9162,0.9162,0,37.7053,52.2991,0.9162,0.9162,0
ge3,seattle-wa:156083,seattle-wa,tJR9SSMsXDap4TEvrPovDg,round1,4.0026,271.2878,778.8961,9.1271,-77.6679,-75.7585,-1.8644,68.7912,-42.1972,0.8723,0.8723,1,68.7912,-42.1972,0.8723,0.8723,0,68.7912,-42.1972,0.8723,0.8723,0
ge3,seattle-wa:156083,seattle-wa,tJR9SSMsXDap4TEvrPovDg,round2,4.0026,271.2878,778.8961,9.1271,-77.6679,-75.7585,-1.8644,17.5677,-54.7079,0.9068,0.9068,0,17.5677,-54.7079,0.9068,0.9068,0,17.5677,-54.7079,0.9068,0.9068,0
ge3,seattle-wa:145518,seattle-wa,taNhnJHqN3tz0wyf6wOzSQ,round1,-3.8926,583.1004,536.4194,-24.5075,83.3288,109.5936,-27.5965,17.381,71.6379,0.9251,0.9251,0,17.381,71.6379,0.9251,0.9251,0,17.381,71.6379,0.9251,0.9251,0
ge3,seattle-wa:145518,seattle-wa,taNhnJHqN3tz0wyf6wOzSQ,round2,-3.8926,583.1004,536.4194,-24.5075,83.3288,109.5936,-27.5965,19.0114,91.5806,0.9617,0.9617,1,18.9863,126.4761,1.0,1.0063,0,18.9911,119.5806,0.9974,0.9974,1
ge3,seattle-wa:97192,seattle-wa,u24QuNIU5EIa4fixftSggQ,round1,3.542,326.5199,690.8128,5.9659,-71.6736,-69.3957,-2.2042,15.6824,-25.4285,0.8584,0.8584,0,15.6824,-25.4285,0.8584,0.8584,0,15.6824,-25.4285,0.8584,0.8584,0
ge3,seattle-wa:97192,seattle-wa,u24QuNIU5EIa4fixftSggQ,round2,3.542,326.5199,690.8128,5.9659,-71.6736,-69.3957,-2.2042,15.291,-81.3638,0.993,0.993,1,15.291,-81.3638,0.993,0.993,0,15.291,-81.3638,0.993,0.993,0
ge3,seattle-wa:109051,seattle-wa,u7MmyN4NAduwETq1IkFGag,round1,-3.166,407.1547,707.2655,27.5659,59.7581,-10.1818,69.5861,12.1438,22.1809,0.7627,0.7627,0,12.1438,22.1809,0.7627,0.7627,0,12.1438,22.1809,0.7627,0.7627,0
ge3,seattle-wa:109051,seattle-wa,u7MmyN4NAduwETq1IkFGag,round2,-3.166,407.1547,707.2655,27.5659,59.7581,-10.1818,69.5861,12.012,82.5872,0.9143,0.9143,1,12.012,82.5872,0.9143,0.9143,0,12.012,82.5872,0.9143,0.9143,0
ge3,seattle-wa:259406,seattle-wa,vJyjxFQISh64oqwqCBzRKg,round1,-3.6597,342.1618,637.3977,-12.5826,72.5957,-0.4279,73.0054,-52.3419,-25.939,0.9287,0.9287,0,-52.3419,-25.939,0.9287,0.9287,0,-52.3419,-25.939,0.9287,0.9287,0
ge3,seattle-wa:259406,seattle-wa,vJyjxFQISh64oqwqCBzRKg,round2,-3.6597,342.1618,637.3977,-12.5826,72.5957,-0.4279,73.0054,-0.5086,33.8494,0.9683,0.9683,0,-0.5086,33.8494,0.9683,0.9683,0,-0.5086,33.8494,0.9683,0.9683,0
ge3,seattle-wa:192518,seattle-wa,vzYkKGyBaw5A2JGtE5nPLA,round1,-3.8039,403.623,667.5373,-4.4632,74.6674,65.2645,9.617,4.5385,8.2065,0.8929,0.8929,0,4.5385,8.2065,0.8929,0.8929,0,4.5385,8.2065,0.8929,0.8929,0
ge3,seattle-wa:192518,seattle-wa,vzYkKGyBaw5A2JGtE5nPLA,round2,-3.8039,403.623,667.5373,-4.4632,74.6674,65.2645,9.617,5.8961,68.2655,1.0,1.0081,0,5.8961,68.2655,1.0,1.0081,0,5.8961,68.2655,1.0,1.0081,0
ge3,seattle-wa:292569,seattle-wa,wC2ysoBE-TdYsmBTd2kwEA,round1,-8.6889,137.6139,668.3177,5.3438,169.5496,170.989,-1.6255,-41.443,64.6928,0.8955,0.8955,0,-41.443,64.6928,0.8955,0.8955,0,-41.443,64.6928,0.8955,0.8955,0
ge3,seattle-wa:292569,seattle-wa,wC2ysoBE-TdYsmBTd2kwEA,round2,-8.6889,137.6139,668.3177,5.3438,169.5496,170.989,-1.6255,-25.6139,83.6823,0.6847,0.6847,1,-42.4867,133.2349,0.9413,0.9413,0,-42.4867,133.2349,0.9413,0.9413,0
ge3,seattle-wa:4232,seattle-wa,xFIzQk7txG3DXudeCF4aRQ,round1,3.5099,183.1447,661.0141,-6.7988,-73.0153,-64.8507,-7.9353,30.225,-53.831,0.9226,0.9226,0,30.225,-53.831,0.9226,0.9226,0,30.225,-53.831,0.9226,0.9226,0
ge3,seattle-wa:4232,seattle-wa,xFIzQk7txG3DXudeCF4aRQ,round2,3.5099,183.1447,661.0141,-6.7988,-73.0153,-64.8507,-7.9353,34.4371,-58.3645,1.0,1.0138,0,34.4371,-58.3645,1.0,1.0138,0,34.4371,-58.3645,1.0,1.0138,0
ge3,seattle-wa:3468,seattle-wa,xO4rABS5mghwNrTbLlxBQg,round1,-3.3379,298.1803,688.9422,15.3927,64.3988,19.6667,45.0885,-72.4133,-13.2928,0.3866,0.3866,0,177.8197,40.4043,0.4871,0.4871,1,-73.6394,-4.9422,0.3861,0.3861,1
ge3,seattle-wa:3468,seattle-wa,xO4rABS5mghwNrTbLlxBQg,round2,-3.3379,298.1803,688.9422,15.3927,64.3988,19.6667,45.0885,-78.1803,40.6727,0.8076,0.8076,1,-80.5276,40.6479,0.8123,0.8123,0,-78.1803,40.6727,0.8076,0.8076,1
ge3,seattle-wa:67348,seattle-wa,xQWLqMQCFL2fGi6mGaISdA,round1,3.0165,327.6893,725.222,-2.9316,-59.4758,-49.5181,-9.7806,-36.4895,10.5121,0.9116,0.9116,0,-36.4895,10.5121,0.9116,0.9116,0,-36.4895,10.5121,0.9116,0.9116,0
ge3,seattle-wa:67348,seattle-wa,xQWLqMQCFL2fGi6mGaISdA,round2,3.0165,327.6893,725.222,-2.9316,-59.4758,-49.5181,-9.7806,-43.232,4.5888,1.0,1.0306,0,-43.232,4.5888,1.0,1.0306,0,-43.232,4.5888,1.0,1.0306,0
ge3,seattle-wa:31888,seattle-wa,y7PTEM7NwAHfnQKVxELlmA,round1,3.8384,174.9173,866.2729,-14.0697,-71.562,-5.0029,-66.4392,-16.867,-66.7118,0.942,0.942,0,-16.867,-66.7118,0.942,0.942,0,-16.867,-66.7118,0.942,0.942,0
ge3,seattle-wa:31888,seattle-wa,y7PTEM7NwAHfnQKVxELlmA,round2,3.8384,174.9173,866.2729,-14.0697,-71.562,-5.0029,-66.4392,-15.524,-71.4768,0.9954,0.9954,0,-15.524,-71.4768,0.9954,0.9954,0,-15.524,-71.4768,0.9954,0.9954,0
ge3,seattle-wa:123529,seattle-wa,z0sle7POEoxaUaHU2eFnkg,round1,-6.2777,278.1515,563.538,1.9129,129.2185,105.5316,25.0717,-51.206,37.8673,0.9024,0.9024,0,-51.206,37.8673,0.9024,0.9024,0,-51.206,37.8673,0.9024,0.9024,0
ge3,seattle-wa:123529,seattle-wa,z0sle7POEoxaUaHU2eFnkg,round2,-6.2777,278.1515,563.538,1.9129,129.2185,105.5316,25.0717,4.1514,84.462,0.97,0.97,1,4.2562,102.3016,1.0,1.0121,0,4.2562,102.3016,1.0,1.0121,0
ge3,seattle-wa:99945,seattle-wa,z2v535-8X542mHkdvM2f3g,round1,-6.9783,566.2511,829.7433,-34.938,126.5586,17.4284,109.5908,-25.9533,37.5527,0.855,0.855,0,-25.9533,37.5527,0.855,0.855,0,-25.9533,37.5527,0.855,0.855,0
ge3,seattle-wa:99945,seattle-wa,z2v535-8X542mHkdvM2f3g,round2,-6.9783,566.2511,829.7433,-34.938,126.5586,17.4284,109.5908,-22.2117,82.2567,0.9686,0.9686,1,-22.0714,95.79,1.0,1.0118,0,-22.0714,95.79,1.0,1.0118,0
ge3,seattle-wa:28978,seattle-wa,z6SoRqjYyaXXiOXYQknMkA,round1,-3.2199,413.9807,814.0831,29.3098,59.1222,81.6385,-22.632,82.0193,-11.16,0.7192,0.7192,1,124.5819,-14.6431,0.7743,0.7743,0,98.0193,1.9169,0.735,0.735,1
ge3,seattle-wa:28978,seattle-wa,z6SoRqjYyaXXiOXYQknMkA,round2,-3.2199,413.9807,814.0831,29.3098,59.1222,81.6385,-22.632,66.583,48.5931,0.8751,0.8751,1,66.583,48.5931,0.8751,0.8751,0,66.583,48.5931,0.8751,0.8751,0
ge3,st-louis-mo:37320,st-louis-mo,EvxCxoeCPbDY1R_H5ABAFg,round1,-3.0025,558.1622,795.954,-0.4985,57.0984,11.8003,45.3073,41.9553,-64.5634,0.9629,0.9629,0,41.9553,-64.5634,0.9629,0.9629,0,37.8378,-55.954,0.9237,0.9237,1
ge3,st-louis-mo:37320,st-louis-mo,EvxCxoeCPbDY1R_H5ABAFg,round2,-3.0025,558.1622,795.954,-0.4985,57.0984,11.8003,45.3073,45.2266,-2.6992,0.984,0.984,0,45.2266,-2.6992,0.984,0.984,0,45.2266,-2.6992,0.984,0.984,0
ge3,teaneck-nj:9563,teaneck-nj,9kjFjEtBLazBlyM9oNKbhw,round1,3.584,232.2977,764.8141,-15.9438,-69.6789,-46.815,-22.5451,-11.6296,87.1859,0.3268,0.3268,1,-12.3791,183.1859,0.7,0.7,1,-11.8539,51.1859,0.2277,0.2277,1
ge3,teaneck-nj:9563,teaneck-nj,9kjFjEtBLazBlyM9oNKbhw,round2,3.584,232.2977,764.8141,-15.9438,-69.6789,-46.815,-22.5451,-6.9574,-88.8141,0.6559,0.6559,1,-11.2994,183.1859,0.9205,0.9205,1,-7.2447,-90.217,0.6585,0.6585,0
ge3,teaneck-nj:12562,teaneck-nj,I25AD16ltn9URZ6FVcrUpQ,round1,5.0935,432.1401,613.5492,8.1254,-110.2752,-101.3767,-8.3564,-18.3475,-12.423,0.9029,0.9029,0,-18.3475,-12.423,0.9029,0.9029,0,-18.3475,-12.423,0.9029,0.9029,0
ge3,teaneck-nj:12562,teaneck-nj,I25AD16ltn9URZ6FVcrUpQ,round2,5.0935,432.1401,613.5492,8.1254,-110.2752,-101.3767,-8.3564,-15.4778,-75.0621,1.0,1.0319,0,-15.4778,-75.0621,1.0,1.0319,0,-15.4778,-75.0621,1.0,1.0319,0
ge3,teaneck-nj:8860,teaneck-nj,Mbi2E64Ob2SSC6-gqrSb8w,round1,-3.1899,387.3308,719.043,1.9937,61.1892,43.9835,17.402,-36.5654,14.1568,1.0,1.0032,0,-36.5654,14.1568,1.0,1.0032,0,-36.5654,14.1568,1.0,1.0032,0
ge3,teaneck-nj:8860,teaneck-nj,Mbi2E64Ob2SSC6-gqrSb8w,round2,-3.1899,387.3308,719.043,1.9937,61.1892,43.9835,17.402,-35.0238,12.7089,1.0,1.0345,0,-35.0238,12.7089,1.0,1.0345,0,-35.0238,12.7089,1.0,1.0345,0
ge3,teaneck-nj:6551,teaneck-nj,R1OdVR7e7T3yCGs3NhHexg,round1,-3.3779,279.6651,651.1267,17.9593,66.2939,59.1036,7.369,68.3582,12.2435,0.9809,0.9809,0,68.3582,12.2435,0.9809,0.9809,0,68.3582,12.2435,0.9809,0.9809,0
ge3,teaneck-nj:6551,teaneck-nj,R1OdVR7e7T3yCGs3NhHexg,round2,-3.3779,279.6651,651.1267,17.9593,66.2939,59.1036,7.369,71.8576,17.9203,1.0,1.0178,0,71.8576,17.9203,1.0,1.0178,0,71.8576,17.9203,1.0,1.0178,0
ge3,teaneck-nj:22450,teaneck-nj,RORilibGfg_BPfX2FVeS7Q,round1,-5.2149,479.9016,768.7653,-6.0572,97.7915,1.6385,96.2114,-64.1427,20.7235,1.0,1.0058,0,-64.1427,20.7235,1.0,1.0058,0,-64.1427,20.7235,1.0,1.0058,0
ge3,teaneck-nj:22450,teaneck-nj,RORilibGfg_BPfX2FVeS7Q,round2,-5.2149,479.9016,768.7653,-6.0572,97.7915,1.6385,96.2114,-64.6279,27.6344,1.0,1.0568,0,-64.6279,27.6344,1.0,1.0568,0,-64.6279,27.6344,1.0,1.0568,0
ge3,teaneck-nj:4246,teaneck-nj,gu3t0tLXwHn60KYuFYzgFw,round1,3.0218,197.2327,878.3956,-4.8685,-56.0059,-32.8159,-23.1271,21.5,-17.4104,0.8995,0.8995,0,21.5,-17.4104,0.8995,0.8995,0,21.5,-17.4104,0.8995,0.8995,0
ge3,teaneck-nj:4246,teaneck-nj,gu3t0tLXwHn60KYuFYzgFw,round2,3.0218,197.2327,878.3956,-4.8685,-56.0059,-32.8159,-23.1271,-40.8739,-78.2404,0.9591,0.9591,1,-40.8739,-78.2404,0.9591,0.9591,0,-40.8739,-78.2404,0.9591,0.9591,0
ge3,teaneck-nj:8090,teaneck-nj,ry7OGErr6kWAyqOZJMX6KA,round1,-3.1983,161.7358,588.6392,10.9021,66.5582,70.6067,-4.178,-5.9986,16.2262,1.0,1.0256,0,-5.9986,16.2262,1.0,1.0256,0,-5.9986,16.2262,1.0,1.0256,0
ge3,teaneck-nj:8090,teaneck-nj,ry7OGErr6kWAyqOZJMX6KA,round2,-3.1983,161.7358,588.6392,10.9021,66.5582,70.6067,-4.178,-4.3949,74.1966,1.0,1.0192,0,-4.3949,74.1966,1.0,1.0192,0,-4.3949,74.1966,1.0,1.0192,0
ge3,teaneck-nj:1435,teaneck-nj,x5Ur00epMsfo8w5PsQK81w,round1,3.3837,345.8967,757.7441,-5.6166,-65.7141,-59.2251,-6.3712,-3.4541,30.9616,0.8398,0.8398,0,-3.4541,30.9616,0.8398,0.8398,0,-3.4541,30.9616,0.8398,0.8398,0
ge3,teaneck-nj:1435,teaneck-nj,x5Ur00epMsfo8w5PsQK81w,round2,3.3837,345.8967,757.7441,-5.6166,-65.7141,-59.2251,-6.3712,-0.0066,-30.6944,0.9396,0.9396,0,-0.0066,-30.6944,0.9396,0.9396,0,-0.0066,-30.6944,0.9396,0.9396,0
