split,crop_id
test,00396ww3_-_140_810
test,00h271sr_-_514_1326_-_568_1329
test,00qiu0hf_-_103_943
test,01l6zvl8_-_425_647_-_250_681
test,01w15lyb_-_434_758
test,020fvjtr_-_140_761
test,02je01ek_-_393_757
test,032fs91m_-_152_905
test,03qea5vp_-_388_741
test,03rnde82_-_181_757_-_345_743
test,04a74bv2_-_504_777
test,04f7ur6n_-_216_841
test,04kqk6cp_-_138_876_-_94_925
test,04uef37h_-_564_964
test,059sqj92_-_175_963
test,05ce6pn7_-_244_670
test,05fx2g3d_-_608_720
test,05xxcff8_-_533_687
test,060ywd8y_-_460_677_-_350_714
test,061s53vy_-_383_591
test,065i56th_-_413_717_-_413_726
test,067v1ncy_-_69_752_-_8_765_-_159_762
test,06u5gphv_-_204_753
test,06z8nm33_-_236_703
test,07gd5625_-_115_665
test,07q13pj9_-_586_706
test,0823hadw_-_129_812
test,08ats274_-_132_579
test,08mv29ty_-_332_656
test,093o0o3s_-_526_681_-_542_681
test,09d22kz8_-_283_668_-_110_659
test,09ljl4h1_-_228_924
test,0a5x11f7_-_378_693
test,0afnziq1_-_238_659
test,0al6vb00_-_266_736
test,0b3rlv1h_-_615_673
test,0b5zw4fp_-_560_618
test,0bm56we6_-_117_814
test,0bvlxqpp_-_566_711
test,0ci5kvj8_-_135_772
test,0ctu4hqi_-_184_597
test,0czj8cuo_-_186_870
test,0d8m4gr7_-_471_847
test,0dbq2my7_-_515_1135
test,0dei1771_-_601_598
test,0dn7c2oa_-_380_785
test,0e0qtxyg_-_497_804
test,0eg71cdu_-_529_1322
test,0en4l91k_-_402_637_-_439_624_-_266_665
test,0esxilw2_-_323_1210
test,0eybecfe_-_407_973
test,0foe9kam_-_417_636
test,0g0j24ze_-_137_720_-_285_654
test,0gaaouk1_-_167_664
test,0gigz3f0_-_388_709
test,0gtbvmjv_-_55_653
test,0gvkazyy_-_505_790
test,0h5zv9qi_-_533_1105
test,0i08kw5w_-_264_612
test,0ibu7czc_-_90_746_-_91_741_-_91_750_-_407_742_-_360_736
test,0j5f1fsi_-_416_678
test,0jhufo9b_-_315_749
test,0jniru4s_-_586_616_-_5_770
test,0jxn499l_-_499_522
test,0kcnshf1_-_302_600
test,0lessfel_-_421_809_-_406_823_-_387_842_-_430_820
test,0lxb06lw_-_187_704
test,0m6udq2j_-_518_753
test,0m8mkuu4_-_216_767
test,0mf58pub_-_135_733_-_125_778
test,0mqz37fl_-_501_597_-_65_587_-_55_591_-_60_595
test,0mxwmp3w_-_288_554_-_200_612
test,0n5dimiu_-_78_668
test,0nmpeww2_-_581_889_-_556_951
test,0o2ye56k_-_74_746
test,0oon98sm_-_573_894
test,0p51m762_-_481_770
test,0p9gi9m0_-_570_818
test,0p9qdav4_-_580_908
test,0pb3lpkf_-_432_752_-_496_817
test,0qctf58y_-_494_1051
test,0qmfgkds_-_411_696
test,0rcbfxcd_-_479_1046
test,0rd1s1sv_-_97_784
test,0rdf2rao_-_385_890
test,0rl6se4k_-_246_1101
test,0rzank0b_-_132_672_-_151_658_-_108_656_-_365_701_-_339_678_-_357_686
test,0rzqitg2_-_163_631_-_208_660
test,0s0ed4ex_-_341_604_-_91_631_-_320_644
test,0s71cu89_-_180_656_-_436_625
test,0sb1pzhg_-_467_797_-_148_724_-_151_727
test,0sfu1dud_-_230_674
test,0t95l0mz_-_84_685
test,0t9if828_-_540_629_-_150_706
test,0tjrncnc_-_505_969
test,0tmd869q_-_134_696
test,0tqnih96_-_314_856_-_322_857_-_156_826
test,0urcux1s_-_379_647
test,0urs1ggu_-_255_789
test,0uumt064_-_337_697
test,0v9kyz49_-_284_782
test,0vr04q8n_-_294_667_-_284_658_-_288_680
test,0vxnva8h_-_171_639
test,0wf6e1it_-_460_739
test,0x2v6g8l_-_217_636
test,0x7z4fbj_-_180_704
test,0xh6xptn_-_585_901
test,0xlu6nat_-_105_691
test,0y1xepof_-_361_703
test,0y3jo66e_-_532_692_-_81_712
test,0z13puve_-_463_676_-_384_687
test,0z7znn36_-_379_902_-_640_827
test,0zfbgchu_-_366_799_-_331_793
test,0ztsxhbu_-_141_893
test,103yhel8_-_535_834
test,10bnhcjs_-_488_917_-_587_772
test,10ecw31d_-_421_869
test,10fvlj74_-_77_814
test,113sawzp_-_377_851
test,11gfop8v_-_300_727
test,11kieznk_-_125_765
test,11luyhbv_-_340_695
test,11qhguth_-_482_739
test,11rq09r3_-_256_703_-_681_657
test,135tsxgh_-_393_712
test,13qxa9da_-_567_876
test,14s3v62d_-_555_665
test,14zeu3ig_-_289_564
test,152nwk77_-_386_890
test,15beoo7b_-_197_748
test,15can2jj_-_602_683
test,15d0wi5u_-_489_822
test,15hkjjln_-_456_732
test,16eh24k8_-_524_812_-_116_755
test,171dweu4_-_291_1168
test,173ipq2s_-_478_844_-_25_793
test,196ok877_-_495_1091
test,1acsu34c_-_476_636
test,1ag3eayr_-_516_840
test,1agrvxjc_-_377_990
test,1c34op4x_-_348_640
test,1cbk994q_-_315_896_-_329_972
test,1cbudmz4_-_83_797
test,1cf826dx_-_589_768
test,1cwocwxu_-_494_1391
test,1cz0wg9l_-_268_862
test,1d91yoe9_-_289_741
test,1ddn1di4_-_317_772
test,1do5vws3_-_606_750
test,1dzk79zr_-_379_692
test,1e70uyj0_-_427_632
test,1e71de8s_-_285_736_-_565_783
test,1e9zf77u_-_460_718
test,1ej44quz_-_216_684
test,1f0yirfo_-_438_861_-_441_864_-_478_870_-_396_826
test,1f6hgncn_-_570_527
test,1fd9fnae_-_252_826
test,1fiw5py6_-_347_686
test,1fy4req9_-_552_1167
test,1g04j0r7_-_544_1107
test,1g2zty8c_-_211_875
test,1gb06oxz_-_385_744_-_389_808
test,1goal0ki_-_409_639_-_400_642
test,1gq9ibhh_-_321_733
test,1gqc43w7_-_263_731
test,1gqctrmy_-_309_740
test,1gujzovi_-_614_689
test,1hq8tjwq_-_588_760
test,1hydetih_-_101_703_-_259_673
test,1i96klln_-_566_913
test,1itlv19m_-_184_1153
test,1japfggn_-_87_590
test,1jbuh8lh_-_184_1135
test,1jj59twx_-_338_778
test,1jyzdtmv_-_477_525_-_8_639
test,1khrt1nf_-_627_623_-_623_761
test,1kjdquan_-_522_612
test,1lnazivm_-_636_586
test,1m69bdrv_-_429_684
test,1mu5t1tj_-_445_763
test,1n0c08ni_-_564_668
test,1nhrerfg_-_573_929
test,1o5pk830_-_403_1014
test,1o9zahhi_-_396_672_-_446_718
test,1oayo0lq_-_389_826
test,1oqitjnz_-_415_646_-_480_690_-_447_673
test,1oqm4vyu_-_524_701
test,1orcaucf_-_358_895
test,1p12vy73_-_568_1047
test,1p4bql2t_-_299_1073
test,1pe2ds7r_-_532_561
test,1pj0vv8z_-_258_649
test,1plcqqsj_-_438_688
test,1pqhjbht_-_328_1042
test,1q1e43y9_-_72_766_-_373_742
test,1qmtdqnu_-_261_1050
test,1qyf5irg_-_270_772
test,1r2g4kxz_-_133_659_-_139_680
test,1rtpv48q_-_77_643
test,1rv06r5u_-_551_790
test,1s8pxo1s_-_418_613
test,1t00wg3t_-_566_801
test,1t2z39jy_-_196_816
test,1t436nhu_-_124_802
test,1tx3osub_-_558_776
test,1txsa82g_-_60_607
test,1tz69erm_-_95_678
test,1tzk98x3_-_383_707
test,1u28dni2_-_306_716
test,1u5ehm9n_-_505_779
test,1v4slen4_-_85_635
test,1wbaa71z_-_175_602_-_365_689
test,1wc9ptx4_-_516_745
test,1wpbtzeh_-_286_653
test,1wzevnte_-_573_924
test,1x7gigpn_-_398_666
test,1xlcczou_-_219_786_-_218_788
test,1xw1zmpb_-_117_981
test,1y3pdy0g_-_396_838
test,1y7dncs4_-_585_830
test,1y7nk884_-_324_612_-_15_609
test,1yml2uzr_-_416_668
test,1ypnkenb_-_456_665
test,1yrnuy5z_-_62_620
test,1yvpn46c_-_430_756
test,1yx2h89g_-_337_583
test,1yzlhir8_-_473_960
test,1zb49ano_-_570_725
test,1zeok6v3_-_475_869
test,1ziartds_-_265_640_-_637_638
test,1zvor0v7_-_585_598_-_222_519_-_594_752
test,1zw3ak7m_-_245_742
test,1zxgddfv_-_541_651
test,20aesffy_-_221_739
test,20nfns35_-_451_897
test,20ofaggt_-_551_756
test,212ljmtu_-_499_816
test,218jjh7z_-_540_845
test,21q0ck2d_-_120_746
test,223hg2y5_-_453_810
test,22462ye5_-_627_617
test,24c9jq0g_-_326_787
test,24cjzo0r_-_445_889_-_39_1072
test,25cjzxc2_-_481_605
test,25i1ktsa_-_197_696
test,25oo8v0s_-_476_816_-_504_804_-_468_785
test,25p6ksdq_-_520_610_-_280_751
test,25v0kukj_-_251_823_-_31_840_-_229_747_-_60_749
test,2614k9m2_-_268_800
test,26k9wn6b_-_175_624
test,26ktbsg3_-_188_714
test,26vy8zwq_-_462_780
test,26z9pjbt_-_432_744_-_419_742
test,27vjqhrw_-_615_704
test,27xve9g5_-_101_687
test,28e0jiq3_-_476_531_-_311_592
test,28t5z02v_-_142_696_-_141_690
test,28yf5lqy_-_130_1053
test,29099s3w_-_541_702
test,299ptk7b_-_373_692
test,29d47ntl_-_158_698
test,29hf83vk_-_617_695
test,29n96if4_-_297_648
test,29qgsqc8_-_133_700
test,2a474i9c_-_565_738_-_558_735
test,2acdnbn1_-_396_724
test,2aerppe9_-_268_1304
test,2au6w9rp_-_278_624
test,2bntu5fj_-_545_1040
test,2bukctyc_-_135_843
test,2cdbft6d_-_412_875_-_321_812
test,2chpy678_-_613_680
test,2d6qrvwo_-_586_871
test,2d7a9awg_-_573_815
test,2dmlqz4x_-_501_919_-_512_967
test,2ekj3i6y_-_459_730
test,2erswhcr_-_294_906
test,2evkyy21_-_545_1174
test,2f1qwva7_-_290_854
test,2fbsgty2_-_146_615
test,2fsma1lu_-_145_754
test,2gfpulgb_-_221_781
test,2h189kl6_-_606_661
test,2h4kzwen_-_544_712
test,2hsn2svu_-_211_763_-_149_718
test,2i30ahg7_-_398_650
test,2iazl3qk_-_105_894
test,2ij8974e_-_145_652
test,2j4o73x3_-_167_830
test,2j61bbp4_-_85_643
test,2jc23y6c_-_308_990
test,2jo2qe0f_-_168_700_-_470_628
test,2jplycmv_-_454_642
test,2jshw3vc_-_460_597
test,2jspy9o4_-_438_930
test,2k1vpx2q_-_175_643_-_341_639
test,2kf07i0b_-_160_1168
test,2l65b7j6_-_475_866
test,2m3lvler_-_497_664
test,2ma6ifqo_-_611_637
test,2mk3ay88_-_557_741
test,2mlv34yr_-_495_795
test,2mv6kgmq_-_539_878
test,2n1x59kl_-_460_875
test,2n28egan_-_379_714
test,2nmkkm3r_-_548_788
test,2nrgreoo_-_607_697
test,2nteoq8l_-_137_742
test,2o3uzx65_-_588_670
test,2od5b8mr_-_165_778
test,2pm2k6np_-_167_717
test,2pn5p4i9_-_211_712
test,2pw0npu3_-_431_799
test,2qforu8r_-_218_730
test,2qlz9izg_-_103_815_-_109_1031
test,2re0o19w_-_173_1317_-_121_1335_-_559_1148
test,2rfjjuu0_-_502_811_-_511_812
test,2s0eia5e_-_276_731
test,2s1ycl83_-_146_716
test,2s3bwc4g_-_237_1057
test,2snpt8jp_-_303_728_-_306_720
test,2spj7qnk_-_399_620
test,2sw2clkm_-_535_692
test,2t8svuk3_-_157_857
test,2tg7eg0m_-_434_667
test,2tu2c3bq_-_313_736
test,2tyslcma_-_305_624
test,2u4jx6nl_-_564_779
test,2u5f1461_-_94_687
test,2ujadp2u_-_438_872
test,2umuk6qd_-_566_681
test,2w90b5ii_-_538_773
test,2w9umwuu_-_139_902
test,2worylsx_-_229_731_-_260_732
test,2wy7qs09_-_530_752
test,2x6laazr_-_485_691
test,2x6t5q3p_-_115_612
test,2yd5fla0_-_324_859
test,2yiw6jec_-_590_622
test,2z2no380_-_223_676_-_259_686_-_421_674
test,30d3j6ag_-_212_979
test,30i0g81d_-_242_1248
test,30jclfjk_-_439_781
test,30q6iaiz_-_451_725_-_487_744
test,30r8tjg5_-_498_897
test,314ir1j5_-_128_769
test,319bumnj_-_121_785
test,31wr6xu2_-_307_679
test,31zo6jme_-_394_663_-_431_653
test,324jzdvv_-_501_1050_-_490_1050
test,32625trh_-_539_745
test,32utbgjy_-_242_559
test,33jn040v_-_499_660
test,33ook5y8_-_485_680_-_74_696
test,342n3kng_-_138_748
test,346atucn_-_72_655_-_582_612_-_111_631_-_119_625
test,34l1jvg7_-_284_759
test,3579pau2_-_212_756
test,35l44gav_-_276_759_-_259_744
test,36ftamb0_-_268_625
test,36is77u5_-_235_774
test,36mizsbc_-_410_863
test,36uvwx89_-_237_784
test,371vr5y5_-_516_866_-_496_999
test,37adg4wy_-_552_822_-_568_779
test,37e31j50_-_110_750
test,37j2ipfh_-_248_772
test,37wzjxys_-_416_691
test,3814d72g_-_450_611
test,38n2gd4h_-_273_713
test,38wxmqbt_-_165_769
test,38yuty15_-_411_739
test,39ix5s9b_-_154_783
test,39ls6rxi_-_378_705_-_378_693
test,39mopvw8_-_104_725
test,3axm8mwi_-_421_784
test,3b78kqe5_-_405_842
test,3bd7l3vk_-_247_690
test,3c8th5if_-_473_837_-_215_850
test,3cjghe1d_-_372_837
test,3czbaxqg_-_590_847
test,3dg1s303_-_544_812
test,3e04gc2c_-_127_687
test,3e0twrfl_-_613_648
test,3eh4vh2f_-_154_853
test,3em8bsum_-_454_628
test,3eu0nhek_-_75_689
test,3fchq80x_-_314_773
test,3g1s4v0n_-_470_832
test,3g3i60wz_-_388_878
test,3ghavfpb_-_237_879
test,3gmckmwx_-_291_614_-_590_746
test,3gntb16d_-_579_881_-_607_865_-_569_822
test,3gwc38tn_-_477_637_-_327_643
test,3h2orqjm_-_581_664
test,3h2wet1r_-_420_902
test,3hy21udp_-_523_677
test,3iu14hu1_-_460_615
test,3juezm5h_-_599_702
test,3jvfk64j_-_198_1238
test,3k5yqtfw_-_490_730
test,3kf2gdh7_-_189_748
test,3l0xejq4_-_198_731
test,3lfb6qp6_-_108_736
test,3lk4ou0j_-_292_765
test,3lqzczwa_-_240_782
test,3lzx3v0b_-_80_649
test,3mltdcza_-_227_675
test,3mo0rj5d_-_573_756
test,3n2d65u2_-_415_899_-_437_840
test,3ncchhhh_-_141_637
test,3nm3e38s_-_403_862
test,3nyjrk6s_-_281_765
test,3o2dlxdo_-_477_648
test,3oqorae6_-_93_798
test,3p74v8oa_-_119_899_-_109_837
test,3pck97k6_-_53_639_-_86_642
test,3qa9npx1_-_587_862
test,3qwu5641_-_292_782
test,3rbtr5iu_-_499_926_-_190_800_-_470_802
test,3rg8jpr5_-_381_772
test,3rk9lfk2_-_315_706
test,3rlettsu_-_245_1203_-_246_1214
test,3roplvn3_-_545_759
test,3rruf4zq_-_544_844
test,3ryyis5w_-_415_763_-_292_854
test,3s918ua4_-_67_589
test,3sjza4q8_-_201_683_-_490_686
test,3thnof37_-_495_1246
test,3tjqsnl8_-_118_752
test,3tmaoxq3_-_111_728
test,3tmrsu10_-_138_921_-_465_923_-_97_915_-_479_920_-_472_923
test,3tuq9ibc_-_169_669_-_578_784
test,3txp8sbf_-_210_1031
test,3uink17g_-_213_702
test,3un751fz_-_534_814_-_14_869
test,3uq4xy2c_-_247_810_-_302_874
test,3uxtlm3h_-_197_809_-_166_811
test,3uxuaccs_-_288_731
test,3v54nf3x_-_556_656
test,3vn4nyvv_-_534_955
test,3vntb0mc_-_147_632
test,3vvei1di_-_108_586_-_397_583
test,3wf49yhe_-_578_588
test,3wn1emvh_-_626_603
test,3x7r09hd_-_411_739
test,3xcow9gp_-_402_838
test,3xekpu2v_-_187_748
test,3xhs018e_-_333_696_-_321_703
test,3xuj1u3n_-_146_705
test,3xydaezs_-_417_771
test,3yatfay5_-_148_687
test,3ydffsqn_-_511_1027_-_554_734
test,3ypj86sv_-_436_657
test,3yspz5b6_-_377_737
test,3yzw13x0_-_86_744_-_494_934_-_446_883_-_89_703
test,3z1j1khw_-_408_793
test,40958k9f_-_557_953
test,409mcokm_-_353_740
test,40rhscq0_-_190_762
test,40zfbo96_-_588_752
test,41zz85ya_-_578_890
test,436hyew4_-_263_592
test,439g2liq_-_301_712
test,43dowfta_-_146_711
test,43qj6hg8_-_540_745
test,4442atsc_-_240_708
test,4473mr5m_-_205_649_-_81_688_-_19_586
test,44lj0f8p_-_315_653
test,44p6sey0_-_384_651_-_382_663
test,44xa4jjz_-_423_906
test,45f845x6_-_555_795_-_520_807_-_173_1147_-_540_791_-_157_1133
test,45xsl5p8_-_293_751_-_292_759_-_269_813_-_77_722
test,463cevce_-_597_732
test,46m6049p_-_608_763
test,46pwtxe7_-_431_704_-_366_694_-_420_692
test,471kb9gs_-_529_606
test,47jjayzz_-_155_677
test,47pyv5pq_-_300_602
test,47v8xhfn_-_537_708
test,4804pogl_-_561_851
test,48098zzi_-_206_769
test,4872f7x5_-_348_1511
test,48hrfxww_-_562_749
test,4905tjth_-_220_833_-_372_711_-_54_582
test,491l42t0_-_252_816
test,49e4a4w5_-_249_752
test,49h4k06d_-_451_820
test,4a3m9pm0_-_581_585_-_600_611
test,4a3nz4ox_-_299_815
test,4a6vu7a8_-_179_943_-_154_950_-_133_964_-_206_940_-_622_1005_-_674_1036
test,4aq3rvo6_-_356_707
test,4bp6vvow_-_274_855
test,4buai6ui_-_450_911
test,4cb43eze_-_547_754_-_547_743
test,4cewfb7y_-_415_751
test,4ckoz22t_-_198_766
test,4cyu1vqx_-_110_874
test,4do0qgzn_-_621_684
test,4dxl08kn_-_260_691
test,4dxxmtqm_-_364_878
test,4e69trtl_-_367_995_-_395_939_-_354_1003_-_345_1004_-_315_1015
test,4evvhw6l_-_369_862_-_179_970
test,4farrjxy_-_456_820_-_1_534
test,4fen6t6a_-_331_715
test,4g7qlu0n_-_69_677
test,4gkrun9k_-_371_601
test,4gxvufym_-_393_795
test,4i1oflrc_-_404_677
test,4i6i37z2_-_250_689_-_404_664
test,4ig7m21t_-_192_883
test,4ip6vnrf_-_433_794
test,4ir29ni5_-_369_600
test,4is7t722_-_258_872
test,4j0hmzcr_-_306_929
test,4j5g4ucv_-_500_714
test,4j82os0a_-_268_701
test,4je381h3_-_490_736
test,4jk8clw0_-_511_776
test,4jtw0q78_-_139_721
test,4kjefckc_-_592_727_-_594_721
test,4ky7kqyp_-_99_699
test,4l6f5dko_-_584_754
test,4lp6f3hm_-_568_661
test,4lsz8ork_-_495_978
test,4lvh5usv_-_403_1228
test,4m36yjtw_-_325_717
test,4m9fryhd_-_296_714
test,4mg70aqy_-_525_763
test,4mhjf8kh_-_179_1058_-_161_1051
test,4mqjtfeg_-_450_956_-_450_956
test,4mrcibzq_-_205_686_-_259_682
test,4n6h7p02_-_303_672
test,4nn7pzxq_-_517_828
test,4no1ec4z_-_154_765
test,4nrsxl5o_-_548_743
test,4okmp2k3_-_112_556
test,4oqsufl1_-_554_720_-_276_795
test,4oxzobn9_-_341_844
test,4p20boli_-_162_534
test,4p2rytob_-_153_739
test,4pknenkv_-_508_672
test,4pu6b8ow_-_126_833_-_464_817
test,4q058yes_-_198_926
test,4qgjuadl_-_460_845
test,4qidbqv3_-_310_853
test,4qn7t2ms_-_111_876_-_565_920
test,4qq233nu_-_205_764
test,4qsqbos3_-_573_732_-_613_763
test,4qvanvpt_-_581_800_-_591_771
test,4qy8tus5_-_239_658
test,4ruamq12_-_576_888_-_599_915
test,4sfjo5tz_-_381_811
test,4sykn7eg_-_383_745
test,4tlmn41o_-_245_1234
test,4ubn9yh6_-_125_745
test,4uofdcmk_-_332_897
test,4v9cm8e4_-_150_562
test,4vawutww_-_135_767
test,4vdjupq8_-_189_769
test,4vluh9so_-_421_919
test,4vq0xo65_-_104_718
test,4vs5aucq_-_404_937
test,4vyg2ofa_-_492_784_-_0_740
test,4wewegjs_-_330_686
test,4x4zy3ws_-_499_634
test,4xfwuwhk_-_529_761
test,4xj3hjbz_-_426_796
test,4xzv6no1_-_74_609_-_300_584
test,4y4y09jn_-_122_681
test,4yb8d0y8_-_530_1025
test,4yckjs2c_-_282_669_-_510_663
test,4yo48a3v_-_377_865
test,4yte0qmw_-_520_941
test,4yuuvfhk_-_415_776
test,4zuv4vh9_-_188_691
test,508u1df9_-_163_656
test,50n1w56g_-_362_847
test,50rl58l6_-_188_878
test,50tiayg2_-_96_723
test,51316znx_-_420_641_-_421_690
test,51bjmi7g_-_457_500_-_506_500
test,51ktp39q_-_589_657
test,51npumqw_-_386_719_-_351_727
test,526nsert_-_476_756
test,527g2eak_-_130_724_-_177_789
test,52s3nhp8_-_206_835
test,537bpn93_-_399_776_-_401_793
test,53huurzr_-_359_600
test,53snlary_-_445_609
test,549bqavd_-_83_826
test,54bgwgl3_-_317_762
test,54dh2kcs_-_286_703_-_300_739
test,550dlsoj_-_178_793
test,5531vh7m_-_523_759
test,553kno1b_-_114_901
test,5560j7pp_-_88_871
test,55ji7682_-_255_705
test,55rg1qbm_-_423_700
test,55y0f5tb_-_545_648_-_236_649_-_239_661_-_236_657_-_555_661_-_556_655
test,560k1i90_-_570_792
test,56dc617k_-_369_739_-_17_723
test,56j9eobh_-_374_754_-_3_764
test,573xavz2_-_333_897
test,57c9u1gd_-_140_775_-_171_787
test,57jjtlh1_-_269_881
test,57ycd82o_-_246_883
test,580niduw_-_433_762
test,58ydfvce_-_291_1099
test,591o9g8o_-_425_717
test,594z5wrn_-_277_742_-_296_773
test,595jkugn_-_314_784
test,59scas2q_-_359_784_-_421_795
test,59xtxubt_-_184_740
test,5a5y8121_-_432_763_-_403_820_-_392_798
test,5aq76gn0_-_468_670
test,5b89ybm2_-_445_822
test,5b8mnfsn_-_533_837
test,5be2ew2z_-_285_695_-_651_771
test,5bj77gf6_-_131_668
test,5cfzlbwc_-_261_1093
test,5cgatu20_-_284_653
test,5ckdjled_-_443_681
test,5cluukf6_-_329_869
test,5ctf72m8_-_461_675_-_509_691_-_154_679_-_467_673
test,5cuhst1b_-_275_718
test,5cwu0i0v_-_204_600
test,5d3vsh57_-_135_1233
test,5dsuu9t3_-_557_674_-_580_752
test,5e1qjg1g_-_170_752
test,5eanld1y_-_155_657
test,5edz4jc2_-_161_1215
test,5eiuacu5_-_197_921
test,5ez11d5i_-_63_653
test,5f4k7fuf_-_183_837
test,5foizgrq_-_327_742
test,5g5a2is6_-_612_579
test,5guxg5ms_-_265_630
test,5h2txiyx_-_322_831
test,5hcwhaqh_-_578_692
test,5i5ygwml_-_392_728
test,5icvnp7y_-_384_779
test,5irqq81p_-_214_728
test,5j0qzxbd_-_245_764
test,5j3txtm9_-_296_587
test,5j5tksqb_-_366_1190
test,5ja1ne2r_-_390_925_-_411_957
test,5jktmu9c_-_451_1054_-_436_1102_-_457_945_-_434_1043
test,5jt7d7ji_-_371_775
test,5kdgez4s_-_272_579
test,5kkuhxc9_-_401_873_-_662_828
test,5kkuycz1_-_320_823_-_288_776_-_319_805_-_309_805_-_350_852
test,5knb00h9_-_269_712
test,5kvidoap_-_208_653
test,5l095rjn_-_391_1143
test,5leb1c0o_-_420_606
test,5liw91hv_-_378_723
test,5lndqypz_-_238_698
test,5m5zcjwq_-_60_621_-_23_654_-_41_642_-_27_641
test,5nh32ipk_-_129_766
test,5nwag25e_-_587_909_-_346_817_-_287_850
test,5o1pagef_-_288_748
test,5o7h1f9g_-_518_771_-_0_804
test,5oluq7yv_-_459_768
test,5oymjj98_-_332_793
test,5oz5sbqh_-_442_644
test,5pfmo581_-_441_864_-_438_861_-_478_870_-_396_826
test,5pgip3co_-_412_1372
test,5pobqnxr_-_454_1027_-_403_1002
test,5qjhghpn_-_492_716
test,5ql77ahb_-_294_684_-_315_666
test,5qpom2xv_-_382_666_-_394_661_-_352_665_-_369_670_-_323_621_-_391_666
test,5qrzhopn_-_233_738
test,5qy4bnqb_-_416_761
test,5r4ixbt8_-_572_736
test,5r7sd424_-_433_844
test,5rao5e06_-_131_725
test,5rffhcs9_-_403_1303
test,5rszmyn6_-_262_865
test,5rulytzw_-_251_732_-_255_734_-_240_734
test,5sdhwklr_-_550_771_-_506_829
test,5sjh9qq8_-_252_589
test,5sp18kyn_-_256_736
test,5t71lnse_-_241_802
test,5tboio0a_-_568_626
test,5tp67qt6_-_235_774_-_294_769
test,5utdj3xb_-_147_641
test,5uvcqlwk_-_140_701_-_620_724
test,5v6dz99r_-_218_678
test,5v8x9leb_-_468_835
test,5vbp8sd4_-_159_818
test,5vjjw5rr_-_206_974
test,5vvb5zqi_-_508_790
test,5vw9hiug_-_243_711_-_205_710
test,5wmk7lg6_-_566_652
test,5xkec0er_-_110_709
test,5xre4lvi_-_553_742
test,5y64a2uk_-_115_826
test,5ya2taee_-_569_602
test,5yqdw25c_-_313_698
test,5yt338co_-_278_685
test,5z3x00ft_-_141_662
test,600l39lx_-_79_687_-_87_636
test,60cvl4yy_-_155_742_-_136_887
test,60lu3c71_-_313_785_-_314_774
test,60pbgpy7_-_445_983
test,60xbtxue_-_598_629_-_609_652_-_608_597_-_591_651_-_589_629_-_606_642
test,610ppnij_-_492_729
test,621ykaky_-_126_636
test,622wppoi_-_572_657_-_555_652
test,62lzo3us_-_424_678
test,62sogl2r_-_378_735
test,62x5gv9g_-_515_721
test,63vilhqs_-_197_654_-_553_666
test,644sgux7_-_171_748
test,64p0l2a7_-_336_752
test,64q8klwn_-_552_678
test,64st0qp6_-_422_774
test,65l7xrgd_-_312_786
test,66llnddq_-_125_605
test,671lmg43_-_528_635
test,67nl2bpu_-_509_707
test,67qbikp1_-_266_665_-_439_624_-_402_637
test,6820yt3y_-_119_1019
test,682ofadx_-_251_704
test,693l4qpm_-_346_1258
test,69j18eeb_-_357_694
test,69k3l7dx_-_386_769
test,69kwrxbp_-_293_700_-_321_707
test,69oulnxa_-_402_625
test,69vzi4kl_-_86_610
test,69xkm225_-_84_661
test,6b3r28t3_-_124_923
test,6b4jrmpr_-_110_709
test,6b7im5t3_-_86_611
test,6bsmt1d2_-_359_615
test,6bwwhbur_-_520_667
test,6byfqerj_-_568_657
test,6c2goi84_-_621_621
test,6c577ov2_-_141_954
test,6c8zv2tj_-_505_687
test,6ce4xt28_-_327_857
test,6d2o8d79_-_462_742
test,6d5eee16_-_412_1145_-_671_1265
test,6deo6f7a_-_248_664_-_258_797
test,6dnqug8b_-_310_1074
test,6dy3yo15_-_212_1072
test,6e7qf6ky_-_328_578_-_227_543_-_219_565
test,6egl8srz_-_147_832
test,6exvit04_-_203_798
test,6fcgz163_-_95_695
test,6fi9rks8_-_406_932_-_8_645
test,6g7fftnj_-_440_772
test,6g8kzcu4_-_228_773
test,6h0zdwl6_-_255_751
test,6hl6nfk4_-_331_739
test,6hsbux1b_-_572_803
test,6iab7x0l_-_385_833
test,6ildhl8f_-_336_729
test,6jd8ad7v_-_240_974
test,6jhbf62d_-_89_697
test,6js7vc6f_-_548_570_-_322_537
test,6jsv5kff_-_168_815_-_116_911
test,6k2xkrv7_-_442_847_-_56_1038
test,6kd3f86x_-_96_804
test,6kizo2zw_-_186_741_-_227_762_-_169_754
test,6liae9tb_-_493_664_-_90_657
test,6lufhd8o_-_509_636_-_512_622
test,6lzlu9l5_-_230_648
test,6m0ad4pd_-_215_735
test,6mtmqtb9_-_387_765_-_410_745_-_400_751
test,6n2cr096_-_229_915
test,6n6ym0nj_-_145_772
test,6nc9nt1e_-_549_662_-_528_878
test,6nh4vq8m_-_149_256
test,6nrw46dp_-_472_798
test,6o0a2gdp_-_540_847_-_595_795
test,6odruhyl_-_611_750
test,6ozwmidf_-_401_754
test,6p58qpyv_-_114_782
test,6pwfb4qo_-_310_671
test,6qkd4865_-_85_627
test,6qnlvpm1_-_348_728
test,6rcar2wm_-_85_829
test,6rfhqj92_-_609_670
test,6rgd68va_-_130_814
test,6rgqhoei_-_83_756_-_593_714
test,6rmugmkc_-_197_606
test,6rz1bjji_-_303_928
test,6s2ssdun_-_511_714_-_48_818
test,6sj6n4e1_-_457_763
test,6sqwvbzi_-_334_618
test,6td2a94n_-_267_672
test,6tu6u8u3_-_392_674
test,6tv8rk0s_-_87_653
test,6twz0tq0_-_170_758_-_187_812
test,6ues5kev_-_215_808
test,6uhcyagq_-_398_832
test,6v0sykm3_-_373_1002
test,6vc68k2t_-_301_807
test,6vy18l4x_-_111_729
test,6wn29yt6_-_564_596_-_461_604
test,6wwpd2nd_-_94_685
test,6x6weyp5_-_90_822
test,6xc5xoyx_-_112_848_-_116_665
test,6xgtipe2_-_299_819
test,6xigxs1x_-_294_810
test,6xv8p4gh_-_335_976
test,6y5nejg0_-_242_767
test,6yy1cgsp_-_274_772
test,6z5nrghw_-_132_1107_-_62_1055
test,6z65esd9_-_308_804
test,6zjb8fhj_-_521_751
test,6zn2gqbe_-_118_674
test,6zuiiia9_-_546_1036
test,6zzozbss_-_281_710
test,7065ot3u_-_206_871
test,70hyeyc0_-_187_900
test,70mu34kb_-_429_725
test,70r4qxcv_-_562_717
test,70xz6blj_-_563_514
test,719rhrwy_-_326_971
test,71g3fzul_-_287_772
test,71rvqbsv_-_417_759
test,71xmx8y5_-_135_880
test,724empih_-_206_752_-_616_690
test,727fu4e6_-_118_676
test,738nlrsl_-_611_674
test,73hdavxw_-_289_682
test,73kh2l54_-_57_672
test,73olug1v_-_340_706
test,755zr831_-_451_768
test,756t881f_-_345_899_-_659_833
test,75o9dkb6_-_357_741
test,7699oijy_-_80_639
test,7735cm4x_-_524_931
test,7799keeq_-_326_675
test,77n21ijn_-_528_915
test,77nbqtae_-_303_767
test,77x34m97_-_369_687
test,78hpktm6_-_178_686_-_664_710
test,78l28ti0_-_279_721
test,78sa8iw7_-_478_923
test,79rod4qi_-_130_638
test,7a7yki14_-_283_807
test,7aba20m3_-_365_724
test,7alksn37_-_150_853_-_118_799
test,7arzxuhj_-_249_773
test,7bcb3gqs_-_553_729
test,7bf2pjf3_-_104_820
test,7bgg5wbt_-_109_612_-_115_664
test,7bh1tod5_-_124_827
test,7bymtsdn_-_237_507
test,7c0o290x_-_252_755
test,7cq0hisd_-_277_770
test,7cvo8r1g_-_401_1080_-_448_1011
test,7d9vnp81_-_472_1067
test,7dmgcvq2_-_150_750
test,7eb5w8cr_-_419_883
test,7eoam4pm_-_481_611
test,7f9y4o1h_-_422_769_-_447_751
test,7fkmvqx2_-_60_676
test,7fzsfp54_-_286_847_-_309_847
test,7gc4bvuv_-_258_536
test,7gtgndoq_-_372_675
test,7guc4431_-_291_865
test,7hr34u18_-_265_912_-_265_912
test,7ifwg6g2_-_387_920
test,7ih8twx8_-_405_722
test,7impq3n2_-_196_711
test,7iv5m0zn_-_317_714
test,7jiirhn0_-_245_838_-_263_809_-_250_851
test,7jke69lg_-_488_537
test,7jptf0e3_-_459_897
test,7k2kazto_-_418_639
test,7k7739fp_-_266_622
test,7lf2zqaz_-_252_846
test,7lh4lhzf_-_506_922_-_507_921
test,7lldg3yo_-_305_582
test,7lzv1dfa_-_359_768
test,7m2fktmp_-_143_793
test,7m2mr5qz_-_426_595_-_50_702
test,7mb7vfr5_-_104_650
test,7mgz1f47_-_117_845
test,7nlrd2qx_-_340_932
test,7nohhtj7_-_327_709_-_681_694
test,7nsv87d7_-_479_688
test,7nwnfbdc_-_294_1022
test,7nynwcqd_-_512_784
test,7o41li3l_-_162_704
test,7oc0zw8c_-_189_743
test,7owuwymr_-_299_806
test,7pe0xj7n_-_129_975_-_141_991_-_138_887
test,7pmsatzb_-_213_643
test,7pp37im8_-_211_839
test,7qgh939w_-_150_681_-_158_678
test,7qh42r4u_-_311_783
test,7qibdhji_-_472_771
test,7qvx0q8x_-_240_571
test,7r4unq1v_-_435_984_-_600_764
test,7rane94i_-_166_842
test,7rh82tiw_-_122_587
test,7rhneton_-_564_880
test,7rohanm0_-_293_768
test,7sp5du2f_-_589_627
test,7sui0lyc_-_188_540
test,7u78w55x_-_580_721
test,7uhzqmn3_-_483_720
test,7ui35fyb_-_324_600_-_111_549
test,7uubju1r_-_481_604
test,7ve0hgnz_-_166_597
test,7wgerydk_-_159_850
test,7whbsdis_-_232_593
test,7wmt9pva_-_299_531
test,7wnqsvio_-_363_974
test,7wu70pah_-_532_684_-_234_801
test,7wzwqxui_-_157_576
test,7x32oxz5_-_315_679
test,7xjbfcmn_-_354_893
test,7xxnb1yk_-_348_810
test,7xxrmedg_-_592_677_-_401_705
test,7y1joll6_-_76_748
test,7yegg5mx_-_329_751
test,7yrjnizm_-_84_860
test,7z8bays3_-_112_744
test,7zwa7k46_-_326_646
test,802qg4k5_-_394_845
test,807zgs4m_-_367_715
test,80gjf8j7_-_310_796
test,80hdzdfr_-_201_629
test,80m75sas_-_382_735
test,80mwyw2k_-_560_590_-_66_599
test,80zzfxkx_-_310_776
test,81a44n8m_-_141_929
test,81xytl65_-_140_886
test,82447v8a_-_576_565
test,82oa9ynn_-_102_618
test,82qbig1l_-_315_805
test,836tnlq4_-_472_796
test,83ejfzue_-_284_658_-_294_667_-_288_680
test,83k6cg8g_-_210_685
test,83scft1e_-_564_683
test,84940p19_-_203_675_-_195_681
test,84o5oxa7_-_594_830
test,84o96sqt_-_580_653
test,84r0t6vh_-_342_832
test,84th8n2n_-_446_902
test,84xt0wax_-_561_600
test,859ekdks_-_465_838_-_446_845_-_486_794_-_483_813
test,85afblbh_-_557_647
test,85vd03jd_-_527_717_-_534_712
test,85vtgmws_-_196_791
test,86brype8_-_373_827
test,86fzeiek_-_370_775
test,86v8mt3x_-_542_716_-_296_703
test,87cnokyi_-_498_732
test,87sl14ns_-_250_911
test,885fr36u_-_373_760
test,887kce2l_-_374_827
test,887sev1d_-_213_582_-_301_619
test,88pic6kw_-_408_891
test,88qgl4xd_-_299_904
test,89rn7l9e_-_443_665
test,89s3gidd_-_491_1024
test,8abzdrle_-_225_585
test,8aomvybw_-_434_586
test,8bflp5sn_-_72_711
test,8bhy3als_-_119_789
test,8btoozld_-_122_921
test,8bx50258_-_440_618_-_445_598_-_106_662_-_454_626_-_62_664
test,8co6zuae_-_112_715
test,8d5m3y6j_-_241_708
test,8dlramyc_-_330_1058
test,8dvxtvj7_-_271_737
test,8dxosuln_-_599_644
test,8ejei24a_-_102_778
test,8erq5h9i_-_571_736
test,8f0o0cee_-_341_690
test,8f23fmsg_-_577_780
test,8fm8leyz_-_227_625
test,8foov2cr_-_211_704
test,8fqa5svt_-_528_658_-_79_699
test,8fzrdxja_-_520_817
test,8g9ysie4_-_538_686_-_115_656
test,8giepaow_-_151_1265
test,8hloagg8_-_420_773_-_168_700
test,8hm6gz4n_-_506_827_-_494_838
test,8hw7q9f7_-_509_720_-_205_788
test,8iexd2fo_-_118_754
test,8ik8d4wg_-_424_687
test,8ipdwt3l_-_366_763
test,8iui1wny_-_302_887
test,8j2cpcuf_-_356_766
test,8jb37efm_-_94_712
test,8kp66xh4_-_447_885
test,8kv8nlsc_-_458_1077_-_406_963
test,8kw6uges_-_363_666
test,8lluedgc_-_564_806
test,8lylshj3_-_312_733
test,8mk6650x_-_100_749
test,8njkfpa9_-_598_803_-_600_806
test,8ns07h4z_-_118_689
test,8nu87rgq_-_327_1077
test,8oaaiplm_-_553_804_-_553_794
test,8oh2ojpv_-_418_696
test,8opwszs9_-_161_881
test,8q226szs_-_358_1056_-_364_1073
test,8q5jtl1p_-_243_1068
test,8qedirnf_-_591_666
test,8qv569rk_-_230_794
test,8qztaa4o_-_212_678
test,8rfv057s_-_474_745
test,8s81y9k5_-_209_1033
test,8svulpuu_-_515_663
test,8swlvys2_-_116_558
test,8tbl4l98_-_367_910
test,8tt800u0_-_196_635
test,8u0y5ash_-_365_784_-_376_782
test,8upabyn5_-_256_668
test,8upizjyt_-_389_735_-_345_730_-_378_746
test,8vajbbno_-_299_761_-_339_754
test,8w0v9ruk_-_499_821
test,8w6jorho_-_212_873
test,8w8y04r3_-_77_655
test,8wb31vve_-_177_844
test,8wim59q0_-_617_696
test,8woevvst_-_206_814
test,8ww9ddvr_-_515_833
test,8x0qwund_-_413_581
test,8x550dat_-_466_837
test,8xh5cfji_-_276_1040
test,8xhwmr5z_-_157_622
test,8y97fa0q_-_396_723
test,8ycxdzhs_-_196_500
test,8ywkjrur_-_100_706
test,8z46khnq_-_629_586
test,8z62yndj_-_309_675
test,9024mwad_-_602_729
test,908drlao_-_593_762
test,90dxt15p_-_260_833
test,90r7ompk_-_369_705
test,90zpz8sz_-_322_1315
test,91c4zxjd_-_444_673_-_461_676
test,929qtups_-_595_660
test,92jdunp2_-_553_913
test,93c1hbtt_-_370_693
test,93iq9d6w_-_298_577
test,93jp5zq5_-_551_529_-_428_547
test,93qp9ptq_-_250_874_-_187_738
test,94996af6_-_186_812
test,94bl19i7_-_141_859
test,95rnecgg_-_503_690
test,96jstlsv_-_62_613
test,96mj6fm4_-_113_660_-_117_649
test,97xl5y2t_-_138_606
test,97xx4ypq_-_328_718_-_607_745
test,97y1o6od_-_469_815_-_393_828
test,982s91h3_-_319_782
test,98eiohx2_-_507_817
test,98q1qdqo_-_602_631
test,99myc3re_-_586_781
test,9abkd3ew_-_476_821
test,9acv99g5_-_91_750_-_91_741_-_407_742_-_360_736_-_90_746
test,9am0tuqk_-_456_926_-_439_832
test,9axm3tlu_-_265_649_-_256_669
test,9bfwh3sn_-_449_718
test,9c15ckob_-_431_568
test,9cmf3yri_-_510_744
test,9cvxwvf9_-_253_715_-_257_718
test,9dd2of1g_-_287_786_-_598_557_-_373_648
test,9ejmcsng_-_285_657_-_273_672
test,9g2m3ibt_-_348_760
test,9go3r6er_-_96_618
test,9grjebi0_-_84_728_-_29_715_-_59_752
test,9ha2u15a_-_392_512
test,9hw85wvp_-_512_793
test,9hwx8auk_-_481_726_-_482_712
test,9hzsleqh_-_286_773
test,9hzz1g6e_-_73_723
test,9i5y1xwb_-_484_1107
test,9ib7jh9d_-_398_640
test,9iw5ha3b_-_289_766_-_275_762_-_297_786
test,9j3q2vtt_-_187_666
test,9j9bk0qs_-_184_730
test,9jisvv6k_-_207_713_-_193_697
test,9jqb130s_-_298_697
test,9k0s7o07_-_210_654_-_210_639
test,9k0wreal_-_388_1029
test,9k5pciqk_-_529_642
test,9k9ak7iu_-_556_636
test,9kcvhdy1_-_604_717
test,9khh51d7_-_157_644
test,9l7labkl_-_382_754
test,9lntlp2r_-_275_730_-_238_741
test,9lnybdux_-_237_839_-_243_842
test,9m0rd6us_-_280_856
test,9m294hf4_-_128_693_-_578_691
test,9mc515ao_-_184_772_-_160_780
test,9n2d2mz6_-_393_689
test,9nd19yio_-_93_724_-_54_813_-_9_928
test,9ndgrwih_-_569_777
test,9nhq5sa4_-_395_687
test,9o1zz4rk_-_578_639_-_635_753
test,9o78m1jw_-_213_748
test,9ocz7lmd_-_283_796
test,9q515xnp_-_157_585
test,9qh1kecn_-_271_804_-_300_813
test,9r0jl35o_-_393_840
test,9rozice8_-_583_695
test,9rt7zxcp_-_319_921_-_273_1004
test,9sby0gae_-_515_742_-_0_749
test,9tpmgxi0_-_471_801
test,9ukuztm3_-_257_654_-_567_716_-_605_731_-_596_699_-_213_661_-_240_662
test,9utwx4wk_-_233_711
test,9v1d8kiq_-_304_797
test,9vm30eud_-_173_769
test,9vty8429_-_76_649
test,9w8691ni_-_187_622
test,9wf2lxlh_-_79_770
test,9wkep3uy_-_392_645
test,9wxul446_-_174_760
test,9x14gkye_-_511_799
test,9xh5qqmy_-_451_714
test,9y0o9pmv_-_379_657_-_175_660_-_189_653
test,9yjfclex_-_558_701
test,9z3cutkn_-_368_654
test,9z498fd4_-_248_1047
test,9zbg3kc9_-_260_644
test,9zpd704m_-_589_830
test,9ztzr6wr_-_300_805
test,a00sq9om_-_110_670
test,a073h6bg_-_240_813
test,a0bz3ngp_-_503_875
test,a0dvro17_-_65_554
test,a0hfwj9g_-_244_829
test,a0r24q1i_-_384_826
test,a129jl56_-_349_706
test,a263gij3_-_141_690
test,a2xcqyt8_-_518_758
test,a330gnvp_-_263_729
test,a3bzlbk9_-_311_662_-_53_633
test,a3nkst5j_-_322_684
test,a4fla56u_-_100_788
test,a53yva9o_-_185_782
test,a60pqqkx_-_333_760
test,a6ddix7z_-_478_857
test,a6kxtf2c_-_384_597
test,a72ztwq1_-_420_1035
test,a7yiy2qi_-_416_761
test,a8bhcoou_-_394_688
test,a8srv82s_-_193_590
test,a92szoxc_-_485_687
test,a9vmi4l1_-_502_747
test,aaed6e9v_-_421_599
test,aarpdk4b_-_330_1169
test,abbk3528_-_486_761
test,abjnqv3p_-_256_843
test,abru1hye_-_177_647_-_31_798
test,acflbub2_-_166_872
test,adc1z48j_-_414_652
test,adhic6gj_-_426_639
test,adkyedx1_-_62_593_-_62_593
test,advv56i7_-_597_492
test,aepzpfaa_-_570_679
test,aesmq88x_-_282_786
test,aeye0dv9_-_216_805
test,afylg693_-_497_660_-_465_739
test,afzv7p59_-_127_721
test,ag4anh3c_-_219_807
test,agsp04zj_-_590_786
test,ah6r21dk_-_331_710
test,ahr6o69c_-_396_775_-_399_758
test,ahwh85qx_-_536_677
test,ai1vsi1f_-_193_793
test,aisgo08u_-_578_691_-_128_693
test,aj4xzavx_-_260_994
test,aj54gj7c_-_536_1036
test,ajc2ir8a_-_512_663
test,ajfqjijx_-_161_590
test,ajh72zc5_-_505_796
test,ajhwmaaj_-_217_950_-_237_948
test,ajk5ak5b_-_451_585_-_645_588
test,akruvve0_-_85_812
test,akuoggms_-_208_779
test,akvoauv3_-_347_715_-_640_731
test,al6mk84e_-_355_781
test,algg1xg7_-_562_652
test,alu2l0ow_-_76_741
test,amcqe1g5_-_170_693
test,amk1ooi4_-_392_707_-_358_703
test,an5587b5_-_211_800
test,ao6bxr90_-_220_699
test,ao7yyp5g_-_574_710
test,aoj7bbku_-_205_795
test,aoyfy69i_-_227_763
test,apiwozlj_-_468_825
test,aq71du7v_-_123_561_-_358_648
test,aqu8q4z7_-_450_816
test,ar05jdpt_-_303_751
test,ar9iuc2v_-_119_983
test,arp4dhjs_-_424_826
test,atli3emw_-_515_687
test,aueug70x_-_378_832
test,aujoxnou_-_438_738
test,aupoukrm_-_283_814
test,autlspx9_-_269_822
test,awh43qsb_-_540_659
test,awsfcfve_-_432_747
test,ax86qyl8_-_231_846
test,axci2yuu_-_541_1005
test,axt7gjcl_-_580_668_-_297_644_-_286_664
test,axu0igbx_-_370_787
test,ayfpco05_-_163_712
test,ayhnakea_-_322_615
test,az10nlgh_-_107_723
test,az3oa5q8_-_308_803
test,az7hf1kx_-_512_789
test,azj6kr3t_-_353_690_-_111_726
test,azou8b2i_-_398_584_-_262_600_-_274_560
test,azv65uwz_-_303_643
test,azx9kuhh_-_544_697
test,azxqwv1o_-_165_739_-_173_756_-_140_733
test,b077i6rv_-_578_544_-_423_561
test,b0971d8s_-_453_724
test,b0fzq5ut_-_428_919
test,b0nq02az_-_487_618
test,b0uj7p0i_-_192_725_-_207_736
test,b0vr1sa3_-_373_742_-_72_766
test,b1k1d070_-_285_595
test,b1xctyq9_-_378_605
test,b20qeqm3_-_169_958
test,b2fu7wcs_-_93_536
test,b2jx5j18_-_294_750
test,b2prjp1p_-_268_765_-_298_922
test,b3pr5zif_-_170_714
test,b3rkobk3_-_251_735
test,b3wcarn6_-_369_573
test,b3z8obhl_-_300_697_-_636_702
test,b49ndi28_-_528_813_-_343_767
test,b4bokmab_-_428_827
test,b4j9y8m5_-_467_667
test,b4pyaqhr_-_351_833_-_166_816
test,b53vfcrd_-_265_583_-_481_523_-_455_658
test,b58rykv6_-_186_712
test,b5egz0xd_-_260_812
test,b5imn62h_-_53_633_-_311_662
test,b5mmmmj0_-_532_645
test,b65btoca_-_234_734
test,b68gcxe0_-_209_721
test,b6cykg37_-_351_606
test,b6ma39q0_-_503_649
test,b72z2igu_-_451_624
test,b74usse2_-_597_821
test,b7eu0zyr_-_203_698
test,b7f0uwu2_-_497_822
test,b80lyraa_-_548_677
test,b8gmn1y5_-_391_935
test,b8owlo1o_-_230_723
test,b8r104vv_-_507_573
test,b9kyumii_-_339_767
test,b9ovtciy_-_379_719
test,b9suofbo_-_471_1030
test,baw2qqzr_-_312_663
test,bbglg3rt_-_67_599
test,bbl3yt81_-_90_686
test,bbp0yczs_-_613_702
test,bbrrpcis_-_142_553
test,bbx7517j_-_242_721
test,bc7x1ylb_-_517_724
test,bc7xvvpz_-_70_699
test,bcsysjvb_-_613_556
test,bd7kpicn_-_98_602
test,bddqrd1d_-_546_716
test,bdhkf4i5_-_424_790
test,bdjjl7xl_-_373_732
test,bdsrcrgi_-_305_562
test,bduhhe0i_-_450_696
test,be62wxw0_-_339_1061_-_406_1039
test,bec1i0oe_-_436_825
test,beezzum5_-_149_746
test,beg4kmj8_-_281_745
test,bejpeype_-_527_663
test,bezujwm5_-_434_633_-_230_623
test,bf9y2ved_-_138_754
test,bfhbe1cy_-_542_878
test,bfye9nq1_-_390_851
test,bg04rikb_-_354_778
test,bg13c81e_-_375_847
test,bgccnpkn_-_305_913_-_312_907
test,bgh9b4wc_-_137_585
test,bgr49wg4_-_142_630
test,bgucltga_-_168_711
test,bgycd5f1_-_394_640_-_57_635_-_392_635
test,bha9mtlp_-_488_824
test,bhbuxup5_-_574_654_-_194_659
test,bhsmio9t_-_566_764
test,bhux6a5m_-_340_707
test,bi03qu9z_-_554_731
test,bi1w7awg_-_96_821
test,bigwnf9v_-_122_703
test,bioykh98_-_487_621
test,bip5kqgy_-_302_705_-_339_730
test,biv7qio1_-_496_817_-_432_752
test,bj4vqkrb_-_291_1129
test,bj6z8bkl_-_184_707_-_177_692
test,bjciu1xq_-_367_762
test,bjn3upf6_-_179_685
test,bjv8s3wz_-_148_762
test,bk48se0a_-_573_808
test,bl4vgfn5_-_470_678_-_176_657_-_440_657_-_201_640
test,bl6v3g7c_-_462_785
test,blei1985_-_290_925
test,bll6ge4t_-_252_810
test,blulncm6_-_516_618_-_262_607
test,bm5ozzbv_-_89_742
test,bm9zgvff_-_323_729
test,bmbwk699_-_560_735
test,bmi0zmbb_-_436_820_-_396_864
test,bmw3mglm_-_425_831
test,bnrd56ra_-_217_710
test,boa9pmoi_-_227_1064
test,boj1r9cj_-_172_782
test,boqinu51_-_132_688
test,bos9i4jl_-_545_755
test,bov0m072_-_193_675
test,bovrck12_-_587_666_-_23_718
test,bpkhr274_-_565_702_-_449_695_-_409_701
test,bps7scz9_-_278_679
test,bquu0qam_-_211_991
test,bqv9xeng_-_479_773
test,br1bucm3_-_568_652
test,br60rlgb_-_121_863
test,br9250hy_-_119_858
test,brdjl2tz_-_228_609
test,brjvmkai_-_181_597
test,bs3ux3q0_-_616_685
test,bs71zqso_-_139_828
test,bsb2pc16_-_287_714
test,bseypq90_-_220_952_-_226_945
test,bsn2ij2l_-_235_567
test,bsp39ilo_-_458_754
test,bsqyucqg_-_380_1205_-_368_1208
test,bt9vo1ee_-_261_662
test,btnzuify_-_230_831_-_307_1017
test,bto871lx_-_240_872
test,btudtwz0_-_301_846
test,btw5tx4r_-_413_605
test,btzqv29u_-_284_714
test,buljwke3_-_618_635
test,buoa9jeg_-_273_1104
test,bv75c9r8_-_514_782
test,bv769kdy_-_355_787
test,bvagr7a8_-_396_840
test,bvgddird_-_465_729_-_402_717
test,bvivb6l0_-_485_491_-_318_487
test,bw3ezjr4_-_224_762_-_197_761
test,bx46zlw5_-_245_804
test,bxdzmnxp_-_86_888
test,bxslsbhy_-_407_721
test,bxyu2ybt_-_578_709
test,by519vp9_-_333_709
test,by77m2n9_-_76_622
test,by9jx80f_-_322_733
test,bynrdcl3_-_319_775
test,bz66wrvn_-_181_906
test,bz9nbxk9_-_316_642
test,bztseyiu_-_239_737
test,c037pagd_-_214_689
test,c0ak1cub_-_173_733
test,c0bxj8cs_-_454_788
test,c0hc185c_-_224_738
test,c0rmjcs1_-_536_875
test,c0sgm6s9_-_83_680
test,c0sixfpm_-_475_632
test,c0wj8ixv_-_309_730
test,c1jiq0ha_-_278_809
test,c22nvbjk_-_439_658
test,c23ckoih_-_427_957
test,c2949o2g_-_84_777
test,c2jvn8zu_-_270_621_-_388_626
test,c2s3f3l7_-_400_634
test,c2z530cs_-_88_803
test,c38k6x85_-_509_709_-_492_673
test,c3lp9yjj_-_460_658_-_176_693
test,c4ja69qn_-_249_591
test,c4kjoodb_-_238_659
test,c4mlk8xf_-_136_890
test,c4v8whtn_-_521_990
test,c4xoip9w_-_93_682
test,c5efv5sg_-_244_700_-_197_733
test,c5g74xbn_-_69_758
test,c5hyjlh6_-_223_731
test,c5i5x8k8_-_301_907
test,c5uuifuu_-_172_671
test,c61zn5fx_-_556_833
test,c625dv6o_-_536_956
test,c6vylztb_-_588_651
test,c7fee89m_-_548_967_-_542_955
test,c7kke0q8_-_453_695
test,c7p5mdnj_-_547_648_-_578_804
test,c7v2kinc_-_146_616
test,c892o86u_-_412_672
test,c8cknak1_-_422_701
test,c96oxcwk_-_514_691
test,c9qdp1wq_-_552_788
test,c9t7cowe_-_107_732_-_657_691
test,c9v2aprt_-_356_902
test,ca6b8j4l_-_83_650
test,cabjcxol_-_84_660
test,cb7yslku_-_205_649
test,cbhu01yv_-_302_687_-_3_656
test,cbrlspjv_-_100_723_-_106_744
test,cbsajhiz_-_451_658
test,cc3z7axn_-_222_675_-_211_755
test,cc5mksha_-_467_681_-_540_750
test,ccdvyh2m_-_97_715
test,ccj8j371_-_233_804
test,ccy5ujkw_-_278_939_-_247_926
test,ccyjnwjd_-_500_676
test,cdgkqkcl_-_474_855
test,cdl7q07s_-_520_702
test,cdljdd26_-_410_757
test,ce1plfxz_-_464_705_-_470_686
test,ce2ij8se_-_318_686_-_381_669_-_350_634
test,celhs1e4_-_465_677
test,cerajnu1_-_400_662
test,cfoizkkw_-_403_840
test,cfxykg98_-_227_778
test,cgdo0lsk_-_585_660_-_561_708
test,chgbh7u2_-_500_948
test,chuxe782_-_127_764
test,cie6z4vo_-_266_671
test,cir8na1n_-_471_900
test,civz4gqr_-_594_703_-_555_736
test,cj42a7si_-_487_954
test,cj5zrmh3_-_425_782
test,cjhvmhdg_-_321_1115
test,cjum4tgp_-_431_621_-_460_626_-_436_652
test,cjx2xxtj_-_117_768
test,cjzf8uk3_-_587_662
test,cjzjhyt4_-_496_802
test,ckkci0g4_-_557_832_-_609_749
test,ckuttypb_-_178_1221
test,cmt1cavz_-_243_699
test,cmy9308k_-_370_753_-_11_724
test,cn7mn1n1_-_327_646
test,cnezas52_-_165_612_-_575_755
test,cnhne92g_-_583_728
test,cnks1w5l_-_358_500
test,cnxq2xmi_-_395_634_-_647_655
test,co8iljwx_-_335_767
test,cop0xcr2_-_176_860
test,cp2nezgd_-_361_767
test,cpc029hm_-_143_812
test,cpnldsr8_-_490_581
test,cqwrvrpe_-_301_805
test,cr9cfn25_-_197_821
test,crhd91cs_-_77_650
test,crhp1ccz_-_610_686_-_606_697
test,cs7xdnxs_-_565_1064
test,cseakz0a_-_160_907_-_243_919
test,ct80fm3w_-_536_897
test,ctdhzjdh_-_98_820
test,cty1xil9_-_343_704
test,cueiygi5_-_425_743_-_393_732_-_107_806
test,cug9vhr6_-_320_622
test,cukwx4k9_-_490_891
test,cvliw5k3_-_285_613
test,cvyo9e73_-_154_614
test,cwdh00xv_-_346_880_-_351_865
test,cwmontye_-_114_667
test,cxjsyw3c_-_507_695
test,cyc3ccxb_-_437_870
test,cygokwux_-_205_613
test,cyjpiaus_-_84_736
test,cyn9nmht_-_153_864
test,cynoplue_-_373_754
test,cyrhgymm_-_289_784
test,cz1bhdmt_-_334_967_-_394_950
test,czde8cf9_-_63_720
test,czuv8xvu_-_180_837
test,czybwx73_-_268_687
test,d01mlg0h_-_614_709
test,d0clkuzd_-_311_803_-_406_697
test,d0ehcyn4_-_350_600
test,d0hd4vz7_-_234_573
test,d0unif2g_-_412_715
test,d0v1j8dx_-_95_809
test,d199w1yu_-_191_777_-_532_734
test,d1q8634j_-_493_754
test,d200qlrd_-_216_829
test,d2bmy3pb_-_337_848
test,d30f1arz_-_494_814
test,d37nb6kd_-_288_803_-_225_803
test,d398ag29_-_220_831
test,d3iduvy9_-_261_858
test,d3z2e8yv_-_97_736
test,d4bfky19_-_472_632
test,d4ewhv8z_-_287_632
test,d4jkp7gt_-_344_730
test,d4ya042x_-_197_791
test,d57r8bpg_-_84_776
test,d5hctqut_-_401_802
test,d64x4y45_-_471_818_-_496_824
test,d6pew4hr_-_124_722_-_116_692
test,d7atuido_-_377_675
test,d7vqa41p_-_504_920
test,d850r4s0_-_222_669
test,d887vfgi_-_505_716_-_429_896
test,d8ekfp5i_-_302_855_-_340_863
test,d92gyh6h_-_122_781
test,d9h9xdee_-_138_802_-_91_850
test,d9p1ja5s_-_282_839_-_491_644_-_162_746
test,d9rqfh8s_-_89_562
test,dabw8lx3_-_300_696
test,dad6rrv6_-_87_744
test,dadqrde1_-_490_976
test,daody3gr_-_572_662
test,dayllig1_-_614_543_-_582_553
test,dazq0tt2_-_134_899
test,dc3jz6ql_-_389_933
test,dc68vc64_-_511_753
test,dc7f0vub_-_291_717_-_284_691
test,dcjkq9yd_-_340_710
test,dcnxsvcl_-_186_621
test,dd5vsy4x_-_118_653
test,ddcu0a1l_-_408_709
test,ddeehq1r_-_551_637
test,ddho7av2_-_224_576
test,ddpevik8_-_94_858
test,de9f3dtv_-_273_891
test,degshg9r_-_447_793
test,dfakcq8c_-_315_847
test,dfxnu392_-_469_674
test,dg7xrvdm_-_123_816
test,dghpngkl_-_294_808
test,dghqqiwl_-_298_623
test,dgp4lz5r_-_395_740
test,dhp324j6_-_379_720
test,dhwfxwtp_-_133_936_-_140_928
test,di3zfr8w_-_598_839
test,di515nhq_-_603_731
test,divqkox6_-_180_720
test,dj2hl5it_-_226_598
test,dj5chpwn_-_175_660_-_379_657_-_189_653
test,djc14lec_-_111_683
test,djcz4tcg_-_177_843
test,djoccj60_-_405_841
test,djuebxam_-_225_710
test,djvayd1n_-_163_870
test,djwib4ga_-_431_844
test,djx871hf_-_80_660_-_43_706
test,dkvyhs5o_-_141_772_-_623_1019
test,dky9pm6g_-_269_794
test,dl7g40hu_-_334_768
test,dlka9jlz_-_82_610
test,dlpez9a7_-_114_844
test,dm4vcj31_-_447_672
test,dm9prwih_-_338_657
test,dmh6i40r_-_302_797
test,dmtxnjs9_-_417_733
test,dn063xrk_-_618_684
test,dn60v1ql_-_571_627
test,dn8wgszx_-_113_682
test,dncvpe1n_-_584_967
test,dnnruft7_-_223_1129
test,do21sa84_-_461_746
test,dob4i851_-_348_787
test,dorseq6m_-_209_862_-_390_956
test,dpd1g1np_-_299_805
test,dpg4icy3_-_140_746_-_128_764
test,dpsqi7py_-_224_648
test,dpx5zmqa_-_320_754
test,dq0y0pfy_-_134_811
test,dq8t1cat_-_468_670
test,dqauf7fn_-_540_665
test,dqmukrg8_-_175_781
test,dqo0p7ld_-_490_905
test,dqvwx19n_-_494_757
test,dr3hlgl8_-_427_643_-_171_653
test,drfivzc9_-_501_708
test,drkkmbn3_-_382_676_-_418_669
test,drlwqsbt_-_335_677
test,dshwq7xk_-_463_695
test,dsy8hmso_-_312_1093
test,dtev6ajp_-_361_719
test,dth3r7d9_-_180_738_-_201_755
test,dtmwk40z_-_75_758_-_60_769_-_643_660
test,dtpshpb8_-_158_697
test,duwyet4u_-_536_941
test,dvn0o2pn_-_318_829
test,dvwkjj8h_-_319_912
test,dw2qssoq_-_143_893
test,dwt3j7ug_-_456_795
test,dxnipkvn_-_124_792_-_177_836_-_202_819
test,dxo2i96m_-_318_840
test,dxo7wer6_-_331_729
test,dxptfrhw_-_439_864
test,dxszmjqe_-_543_1074
test,dy8d5ls3_-_149_781
test,dz2yd53e_-_453_667
test,dz7pybiq_-_97_860_-_439_688
test,dzkn6ava_-_50_620
test,dzoksco2_-_397_766
test,dzzoqzw2_-_334_1032
test,e06j3i5z_-_272_566
test,e169yjso_-_136_576_-_618_594
test,e18y4bsu_-_516_784
test,e1awvg48_-_379_652_-_648_653
test,e2ix0170_-_120_861
test,e2mt3ivg_-_421_640
test,e322dm13_-_479_1139
test,e3dwjhk9_-_283_575
test,e42sqjl7_-_81_799
test,e444nc0r_-_482_680_-_417_664
test,e4bionya_-_601_763
test,e4galrrc_-_325_771
test,e53i5tjv_-_468_719
test,e64or5p7_-_498_1195
test,e6eik02r_-_414_723
test,e6h3w9ni_-_483_682
test,e72yzsff_-_270_797
test,e7jnfss8_-_391_679
test,e7np79un_-_510_774
test,e8h8khrl_-_395_859
test,e8ji4mr7_-_244_634
test,e8lvume1_-_542_681
test,e90kub69_-_282_679
test,e99caylz_-_192_1017_-_147_1011
test,e9sybkel_-_332_836
test,eacexbl5_-_482_966
test,eafkbpsu_-_207_821
test,eafnhip7_-_316_681
test,eagdri8i_-_403_826
test,easo1fp5_-_544_888
test,ebdt6u1j_-_112_993
test,ebjq63nm_-_551_1020
test,ec032koh_-_226_716
test,ec9yhgcg_-_404_819
test,edfwnzbn_-_116_911_-_168_815
test,edn92yuh_-_113_963
test,eeesgtad_-_299_722
test,eei3cbr2_-_325_682_-_22_663_-_287_682
test,eenmqxqk_-_310_743
test,ef0uxh3g_-_464_609
test,ef1ht3pc_-_422_888
test,ef25l4d1_-_210_847_-_167_742
test,efdgnvmb_-_546_752
test,efvqt9yx_-_91_707
test,efz5gsfv_-_316_793
test,eg1xplby_-_203_679
test,egdffc7t_-_420_550
test,eghbj4ae_-_191_934
test,egjq35fh_-_185_824
test,eh0pgofa_-_368_898
test,ei4ea10m_-_504_781
test,ei4qb98q_-_347_675
test,eibeqjgn_-_286_1205
test,ej1kab5t_-_209_597
test,ejglf9en_-_546_617
test,ejmepuw9_-_235_706_-_195_723_-_535_715
test,ejtb74p0_-_412_557_-_475_554
test,ejtzgga1_-_118_641
test,ek1jf7h7_-_361_794
test,ek5wd2si_-_553_790
test,ekc9cszt_-_269_790
test,eklap4ps_-_130_764_-_485_776
test,el0zgjbu_-_223_752
test,el2xfash_-_452_663
test,elariygg_-_525_680
test,elf0un2l_-_563_588
test,elq0508t_-_196_722
test,elqg9vh4_-_142_762
test,em45cdjc_-_171_803
test,emgpu2o6_-_383_753_-_386_745
test,empdge36_-_530_678
test,emvktctt_-_496_769
test,enl9zcgv_-_144_784
test,ennyx9nu_-_432_1429_-_436_1311
test,eods5vmj_-_506_764_-_556_771
test,eokr4u7u_-_225_916
test,ep15so6g_-_174_936
test,epjx5ogr_-_320_827_-_588_777
test,epltfyn8_-_270_693
test,eposcn5j_-_308_701
test,eq944h6u_-_458_705
test,eqad693o_-_228_558
test,er0zje0e_-_582_680
test,er3qyqb7_-_107_819
test,eraq1xv1_-_471_724
test,erk16gwa_-_205_758
test,eroqbqr0_-_151_658_-_132_672_-_108_656_-_365_701_-_339_678_-_357_686
test,erxjpzlu_-_473_662
test,es0txwkm_-_222_779
test,esa0aaz1_-_171_736
test,esso0569_-_245_808_-_492_1041
test,etadanxx_-_179_911
test,etmat7zo_-_86_824
test,eto6b4uz_-_541_732
test,etsfxmx7_-_466_790
test,etwzlgeh_-_618_696_-_148_687
test,etxfaw5d_-_305_721
test,euetfgc5_-_431_693
test,euszzefj_-_483_653
test,evkv81de_-_269_643
test,ew5h8lu5_-_160_842
test,ewocgps0_-_426_849
test,ex1h0a3a_-_132_643
test,exbu80lc_-_237_576_-_360_564
test,exp1nkui_-_377_722_-_406_708
test,exxy2lun_-_575_902
test,eydmjuop_-_434_594_-_475_672_-_367_598
test,eygnozfc_-_127_874
test,eyml5cli_-_580_702
test,eyqpn7u1_-_147_863
test,ez0shjn2_-_446_728
test,ez8ttpzd_-_556_832
test,ezamb47d_-_101_913
test,f0c0xlzu_-_278_783
test,f0ehuquc_-_94_650
test,f0igelna_-_463_661_-_463_639_-_440_676
test,f18387cr_-_269_828
test,f1k28uzu_-_196_709
test,f22vfpri_-_371_645
test,f2hcvogy_-_420_1086_-_396_1184
test,f2juj9sb_-_257_732
test,f31niml5_-_364_683
test,f3dygmj0_-_229_776
test,f44sbrfb_-_623_682
test,f5nftx3v_-_405_738
test,f5o18ica_-_321_740
test,f64toh7b_-_492_932
test,f6fm2dow_-_410_826
test,f6mg4cc1_-_591_771_-_581_800
test,f727e3xv_-_467_769
test,f7aywa8i_-_435_1295
test,f7iadw0i_-_251_777
test,f86h8hqv_-_296_673
test,f875couj_-_499_750
test,f8es03gg_-_329_845
test,f8ianho3_-_177_600
test,f8q3v8uw_-_138_702
test,f8zb1s37_-_237_674
test,f9k5mqj0_-_278_785_-_307_778
test,f9pp0bgy_-_260_1234
test,f9rke23b_-_351_1029
test,fa3vhexz_-_512_611
test,faw83fwt_-_260_967
test,fbjk3e1l_-_296_773_-_277_742
test,fbkc42b1_-_560_749
test,fbvz887a_-_305_906
test,fbyhfi09_-_587_633
test,fd2nkifd_-_282_864_-_298_854
test,fd68u847_-_110_750_-_68_666
test,fd9ueo2a_-_609_747
test,fe77j3fl_-_426_806
test,fewifx5j_-_407_788
test,ff1cuwqy_-_132_612
test,fftxcgl6_-_179_1158
test,ffy2qr1f_-_147_810
test,fg9i83ws_-_341_754
test,fgfrw393_-_313_566
test,fh2bwibs_-_191_814_-_467_829_-_213_801
test,fh2t5g1u_-_477_1082
test,fhj1c6dq_-_247_795
test,fi45mlhv_-_404_506_-_581_630_-_3_519_-_518_517
test,fiavqom3_-_559_862
test,finckxda_-_523_682
test,fipl93ee_-_423_659
test,fjj1c47v_-_508_796
test,fjyuxfbx_-_121_785
test,fk2wrhdh_-_562_825
test,fkh6j6d8_-_594_594
test,fkpi992v_-_574_598_-_563_603
test,fkrzss0n_-_311_858
test,fl0d9n69_-_573_748_-_170_779
test,fl1z4pba_-_135_689
test,flhw8ey7_-_468_737
test,flioyzse_-_266_722
test,flwdq3ls_-_294_682
test,fmdpubln_-_300_789
test,fmdrhxwi_-_522_782
test,fmh0ggew_-_442_703
test,fmo0qswi_-_543_806
test,fms79qfj_-_326_789
test,fn0v0br2_-_411_545
test,fn2bjexl_-_575_1003
test,fn4le3wy_-_362_759
test,fn9iqgtj_-_218_767
test,fn9x6bag_-_373_784
test,fnc1c4qu_-_122_1147
test,fnvi3nue_-_374_734_-_15_734
test,fnwbldkk_-_335_717
test,fo46zopg_-_409_702
test,fo6nd0ms_-_238_627
test,fo99am5k_-_239_869
test,fp8kpzux_-_362_806
test,fpohh4js_-_166_874
test,fpqv21b9_-_327_726
test,fpsjc61k_-_222_629
test,fpsvpu9y_-_276_668
test,fq0pnx9j_-_316_641
test,fq3oeisu_-_485_699
test,fqa06dnz_-_529_838
test,fqbe6idu_-_237_855_-_190_899_-_219_882
test,fqhmo4h6_-_396_836
test,frbavjkr_-_147_686_-_519_741
test,fsn89wmx_-_481_749
test,ftd8hv65_-_218_918
test,ftmhapyq_-_347_776_-_382_813
test,ftmkctku_-_363_716_-_26_735
test,fuaxxewk_-_419_711
test,fuc4fxyr_-_193_805
test,fudpxl8s_-_503_628
test,fv8lc6wu_-_387_707
test,fvrdi5zq_-_594_730
test,fvy4x6um_-_207_804
test,fwe8y9f5_-_245_870
test,fwpkc2ro_-_103_698
test,fwsw05nt_-_65_627
test,fx2r5mpb_-_333_864
test,fx7pvmw4_-_218_806
test,fy02ytmg_-_207_696
test,fy9cv4ui_-_522_1093
test,fybo17xs_-_119_661
test,fyvpjbim_-_512_671
test,fz69oq83_-_84_601
test,g0919th2_-_450_776_-_445_850
test,g0bp5m0b_-_482_709
test,g0fhimpi_-_173_741
test,g0g3ddsy_-_305_708
test,g1a76gza_-_575_665
test,g1kabjkv_-_321_846_-_305_804_-_331_819_-_296_820_-_317_840
test,g1luspre_-_199_683
test,g2b0htv4_-_280_647
test,g2lmptsj_-_461_753
test,g2rjntkc_-_578_853
test,g2tp83v9_-_203_910
test,g2vxtu6n_-_208_597_-_217_571
test,g2xd94ly_-_201_947
test,g3cycf2g_-_460_1249
test,g3e97vsi_-_571_852
test,g3qpahpn_-_248_788_-_614_729_-_659_761
test,g3wmb5ji_-_551_731_-_538_741
test,g4byhyi9_-_169_836
test,g4ygswnp_-_557_713_-_261_716
test,g5c9j6ii_-_243_742
test,g5cw63wk_-_494_630
test,g5mkmpzr_-_396_789
test,g5sw7c1z_-_133_761_-_129_766
test,g5xfeot2_-_177_907
test,g63dw7y9_-_530_889
test,g68p8ycp_-_582_620
test,g6aujwly_-_251_809_-_217_816
test,g6fj28f9_-_460_774
test,g6gsy0c1_-_561_670
test,g6m7ivq9_-_172_1030
test,g6qh4y9g_-_537_759
test,g6wswfni_-_171_778
test,g6z4u7n2_-_344_729_-_489_739_-_506_762_-_502_759_-_316_726_-_481_739
test,g7qhfodm_-_460_666
test,g884uwby_-_145_705
test,g96x8wxe_-_311_840
test,g9hhnjc2_-_620_649_-_66_638_-_672_627
test,g9vbrz85_-_266_1161
test,ga7xxsys_-_412_807
test,gauhdhio_-_332_739
test,gavhwayc_-_139_762
test,gavqpz0m_-_492_711
test,gawnmf2u_-_320_903
test,gbtl4oui_-_313_590_-_562_581
test,gc0q0wgj_-_295_718
test,gc3mexvl_-_563_683
test,gc4k2ker_-_289_774
test,gcglfsnz_-_427_738
test,gckqn0jx_-_271_717
test,gdslw67s_-_572_817_-_520_797
test,geb4bx05_-_253_791
test,gep7u3ha_-_182_830
test,gfnw5c4q_-_218_727
test,gfuhorfm_-_116_758
test,gfw1a60b_-_374_764_-_368_782_-_616_982_-_625_1002_-_544_750_-_649_897_-_448_730
test,gg3sc1j7_-_419_651
test,ggb4v2ih_-_268_772
test,ggg00vcb_-_108_632
test,ggkpm7du_-_536_578
test,gh0bzg6s_-_406_665
test,gh5ych52_-_202_736
test,ghegc4a2_-_369_628
test,ghhk4q2q_-_244_1018_-_274_1021
test,gi3ndyop_-_208_759
test,gi4wpng7_-_326_877
test,gisxlgz2_-_246_668
test,giwau637_-_593_528_-_349_622
test,gj3win00_-_101_714_-_123_718_-_98_709
test,gj55z6zo_-_183_711
test,gj9lx4it_-_220_671
test,gjb1i7e2_-_592_728
test,gjdkd146_-_78_606
test,gk0uoazr_-_399_661
test,gk3oa903_-_524_764
test,gkdugnsh_-_454_837
test,gkhespl7_-_549_584
test,glhvg5b9_-_296_674
test,gm6itjtz_-_472_751_-_110_683
test,gma89ty0_-_236_657_-_545_648_-_236_649_-_239_661_-_555_661_-_556_655
test,gmpx1j2s_-_455_629
test,gn360155_-_273_631
test,gn4lgbb3_-_166_986
test,gnfpz915_-_115_893
test,gnhm6zw0_-_71_659
test,gnja6x3q_-_538_716
test,gnk5q2pa_-_431_820
test,gox2drti_-_201_652
test,gq03dti1_-_172_689
test,gqcjb9q9_-_511_929
test,gqd8b8un_-_487_611_-_317_613
test,gqgouunq_-_425_653
test,grcn1cwd_-_397_818
test,grk7t7ud_-_297_720
test,groeys6x_-_460_575
test,grxhb51q_-_156_816
test,gs6wy0bb_-_582_588
test,gsnx0sud_-_559_651
test,gszo7j7v_-_161_1248
test,gt1i47hh_-_107_788_-_588_734
test,gtav9xfw_-_354_752
test,gthjj10b_-_603_710_-_132_819
test,gttl7kf7_-_79_677
test,guae89y6_-_455_867
test,guxsjsi3_-_131_927
test,gvcy83py_-_435_833
test,gvicf7u7_-_200_604_-_187_639
test,gvx0natm_-_348_639
test,gw5uhlww_-_121_640
test,gwh3oxto_-_81_787_-_164_778
test,gwu2zkdz_-_464_607
test,gwvn3j76_-_195_850
test,gx15ztzu_-_101_997
test,gxfaaek6_-_217_976
test,gxl9z5gw_-_562_618
test,gxr7jvbq_-_443_670
test,gxu1b3ed_-_310_768
test,gy6o7lug_-_223_602_-_527_664
test,gyl8dqi8_-_432_743
test,gynsi11c_-_95_697_-_93_656
test,gyxdmvww_-_114_702
test,h0ipj28a_-_278_619
test,h1k888fq_-_571_583
test,h1t1gs6v_-_244_971
test,h223hetk_-_475_639
test,h2fq2tjx_-_147_659
test,h2i4yydg_-_489_763_-_474_780
test,h2x1w3yg_-_518_671
test,h36hbffj_-_277_736
test,h3a8pvtc_-_464_851
test,h3fsb7mp_-_230_736_-_184_759_-_265_715
test,h3gbyp4r_-_199_681
test,h3k7y5c0_-_97_705
test,h3pi9yun_-_385_741_-_309_847
test,h3qmn0vl_-_149_788
test,h3s8d8yj_-_371_730
test,h4c8gln5_-_318_743
test,h4nr8m1g_-_237_591_-_241_568
test,h5pk11fd_-_281_694_-_218_685
test,h66reo4u_-_475_572
test,h693kl4n_-_440_860
test,h6c9kssl_-_506_752_-_60_1014
test,h6d5qfkm_-_413_1247
test,h6sq83pc_-_505_664
test,h6ujzn22_-_220_832
test,h6ywvgs8_-_306_565
test,h70lq3jx_-_353_680
test,h73p3ch7_-_239_753
test,h7e5mwcr_-_73_567
test,h7kbyxi4_-_151_721
test,h8fju8ex_-_347_727
test,h8iadkf8_-_336_720
test,h8ln1tce_-_291_874
test,h8sds8sb_-_95_612
test,h9ty2bwx_-_247_1203
test,han86l9q_-_113_753
test,hb8l0ele_-_461_579_-_158_575
test,hc5tnd0v_-_506_837
test,hcoagex0_-_537_771
test,hd3ax543_-_298_674
test,hd7q71gx_-_462_766
test,hefhnkow_-_63_597
test,hembc5g6_-_71_687
test,hf3qn343_-_88_652
test,hg0zqa8c_-_562_882
test,hgonj5ls_-_554_775
test,hgy6ump1_-_95_952
test,hhoa74ye_-_114_887
test,hicbe57k_-_542_747
test,his5uspw_-_286_805_-_657_728
test,hj1q7gio_-_442_938_-_457_948
test,hjp5dh3f_-_95_848
test,hk01c0b1_-_148_928
test,hkn2a5v7_-_136_688
test,hkudlui0_-_139_790_-_325_732_-_365_772_-_352_763
test,hkvb893a_-_437_779
test,hlk7mgce_-_494_774
test,hlp47cni_-_344_759
test,hmibnsa6_-_515_721
test,hmt0igew_-_170_1012
test,hmymhnv7_-_448_730_-_368_782_-_616_982_-_625_1002_-_544_750_-_374_764_-_649_897
test,hncgtyxx_-_494_660
test,hnnjnff5_-_331_723
test,hojc4knu_-_117_627_-_121_618
test,hok5ii28_-_471_659_-_471_659
test,hop6pf71_-_313_792
test,horu5vm9_-_314_819_-_291_815
test,hou2jfd7_-_251_759
test,hpcjxaaf_-_339_789
test,hpoev9ox_-_179_868
test,hpu5f6h3_-_434_640_-_293_651
test,hq446zkd_-_417_877
test,hqcwspvz_-_376_724
test,hqgp0pf3_-_175_637
test,hqk5zifl_-_63_643
test,hqo9i3rj_-_137_962
test,hr64zbsw_-_585_877
test,hr9mk9z7_-_377_810
test,hrbpnn45_-_594_785
test,hrq7ag43_-_267_752
test,hrwg5r21_-_344_646
test,hs3kf0ul_-_503_726
test,hsahcxll_-_211_707
test,hsnkr3p8_-_433_776
test,hsq1hwt3_-_619_671
test,hsvxr1uy_-_367_579
test,htb2xg1z_-_184_784
test,hu3y4ujt_-_184_608
test,hulj47tn_-_591_676
test,hv0fkg3r_-_372_873
test,hv0vdhr5_-_553_595
test,hv984yq6_-_60_651
test,hvj4i4qo_-_278_703
test,hwbjl8dj_-_228_899_-_576_857
test,hwg5wefw_-_562_935
test,hwtru6mh_-_456_780
test,hwzj79kv_-_202_690_-_191_672
test,hx33u3ti_-_520_538
test,hxdpk4pf_-_630_622
test,hxxsydrx_-_234_634_-_229_652
test,hy02ep8w_-_223_734_-_481_708
test,hy9hrqiq_-_187_777
test,hyey066d_-_352_841
test,hyk1w4mo_-_414_800
test,hykteh7e_-_145_988
test,hylzf6fi_-_284_966
test,hyogk39x_-_562_669
test,hyr4e50m_-_342_1156_-_401_1114_-_319_1033
test,hyzk7dgx_-_505_801
test,hz4q5cm3_-_386_709
test,hz8x21v7_-_570_696
test,hze11lhi_-_532_743
test,hznofjs2_-_331_817
test,hzrcgl99_-_102_683
test,hzurwohq_-_603_768_-_621_759
test,i274huph_-_496_834
test,i29g8xur_-_281_549
test,i2adqcyp_-_617_679
test,i2eb641e_-_103_715
test,i2i071df_-_251_837_-_614_771
test,i2jj9gtc_-_354_753
test,i2kt0d3j_-_185_909
test,i3ruy8fm_-_304_733
test,i4kiuxkq_-_309_711
test,i4rlia7f_-_156_1043
test,i4vfk3r5_-_331_824
test,i59cdyy5_-_162_863
test,i5rl0sec_-_163_711
test,i6pax7b6_-_221_628
test,i7j50tpw_-_338_1178
test,i7simpev_-_317_714
test,i7zhnxgr_-_569_736
test,i8fn596c_-_484_737
test,i8ow6zlr_-_410_803
test,i8p34aw0_-_473_682
test,i905ruww_-_471_940
test,ia1epdse_-_507_1052
test,iafncfzb_-_506_906
test,iamhpvpb_-_461_697
test,iaoa4tra_-_584_903
test,iaosg4zc_-_292_758
test,iau54u8t_-_286_949_-_243_728
test,iawebqmj_-_274_692
test,iay318wp_-_251_935_-_343_932
test,ib92dd9p_-_535_720
test,ic3iefoj_-_151_1057
test,ic9ue2py_-_197_700
test,icsyvua4_-_341_857
test,iczjkzlm_-_185_673
test,id1cbp4k_-_608_708_-_616_686
test,idyb9tg7_-_381_1035
test,ietjirhl_-_342_678
test,ievo3l03_-_383_567
test,iewzc2jc_-_370_616
test,ifjpcbpm_-_218_599
test,ifknvp8h_-_358_825
test,ifqaatu4_-_96_762
test,igg4yvjk_-_86_757
test,igq1lwdw_-_202_843
test,ii42viej_-_292_691
test,ii9za178_-_309_1061
test,iilmi9bs_-_103_696_-_94_669
test,iivobrqq_-_258_706
test,ij3bhrji_-_431_794
test,ija66hi0_-_113_814
test,ijjos86u_-_366_685
test,ijsp43uz_-_215_744
test,ikbv0l79_-_528_1095_-_626_1096
test,ikk759v8_-_593_729
test,ikkl5l2q_-_142_596
test,ikmptxaa_-_51_631
test,ilf3thio_-_490_873
test,ilfpk9zq_-_421_783
test,im9uus13_-_249_621
test,imfg13mz_-_600_818_-_469_839
test,immrln15_-_71_727
test,imr2lyjm_-_255_699
test,in4f1ki9_-_221_678
test,inat50cl_-_146_654_-_157_669
test,inru1zgs_-_553_695
test,inry5alj_-_493_715
test,insux8zf_-_158_645_-_133_723_-_161_747_-_206_753_-_607_569
test,inz8itat_-_592_760
test,io4hkaaq_-_613_699
test,io669n6o_-_84_753
test,iocsrgr3_-_296_624_-_111_631
test,iohma5hc_-_463_850
test,iolys047_-_93_721
test,ioqh4x9g_-_228_605
test,ipj38e4s_-_177_814
test,ippsiat6_-_365_627
test,ipwm3t2t_-_174_684
test,iq0wfc3n_-_594_855
test,iq9oetc9_-_625_568
test,iqcig2a4_-_162_692
test,iqlj1ga0_-_304_604
test,irjrczmu_-_403_578_-_250_624
test,iroypt8d_-_295_612
test,is7zjj0y_-_390_823_-_404_811
test,it3beuag_-_316_676
test,itb86z7w_-_266_583_-_24_624
test,ity1tcrf_-_165_800_-_67_969_-_280_867
test,iu5f8hpn_-_154_608_-_502_690
test,iubnff0g_-_360_878_-_386_793
test,iuunbt9h_-_129_749
test,iwa69e1j_-_578_595
test,iwh2l4bj_-_340_624
test,iwkbxrj4_-_326_700
test,ix27vudh_-_187_944
test,iy48z46f_-_564_698
test,iy7h36xn_-_210_871
test,iymfjg1a_-_378_684
test,iyucoevo_-_224_837
test,iyv7qw6z_-_547_589
test,iz282obu_-_514_823_-_429_944
test,izfz1u13_-_527_818
test,j05yj9ig_-_500_860
test,j0av3ocd_-_286_682
test,j0iuz9k0_-_52_601
test,j0rx94k1_-_604_577
test,j15czth9_-_117_751
test,j1rgr6l6_-_282_714_-_302_691
test,j1u4zpbh_-_120_817
test,j27j84eq_-_534_884
test,j2hxl2p0_-_628_531
test,j2ou58yi_-_591_719
test,j2wbx1i3_-_615_682
test,j45486v4_-_560_599_-_600_724
test,j4iprbrb_-_457_725
test,j6bk7cro_-_246_617
test,j6w2tcmp_-_463_747
test,j6wt2t25_-_155_771
test,j80h1h4w_-_87_640_-_8_671
test,j8nfnq19_-_228_1332
test,j98utu3q_-_431_777
test,j9a6qghp_-_104_815
test,j9habd46_-_477_747_-_501_757
test,ja8q4ub1_-_309_950
test,jb3j3xjd_-_348_924
test,jbfx7wvr_-_620_621_-_634_628_-_9_544
test,jbnx00wb_-_251_985
test,jboh4t5r_-_167_602
test,jcl02wos_-_185_801
test,jcldqmm4_-_270_637
test,jcnsbyxx_-_290_738
test,jcotoaef_-_364_1148
test,jd5n03xv_-_371_658_-_351_653
test,je7fs63a_-_371_789
test,jebtrv3n_-_514_693
test,jedxbtte_-_180_991
test,jegyuge9_-_420_660_-_473_665_-_442_655_-_449_630
test,jf8lezys_-_302_897
test,jfl8zgar_-_573_697
test,jfoqeh7w_-_441_770
test,jg7yavc5_-_520_748
test,jh7k4rau_-_474_763_-_6_675_-_464_755
test,jhcfwwl5_-_190_864
test,jhyd727v_-_421_851
test,ji2fagvn_-_428_724_-_415_736
test,ji7t9btv_-_190_544_-_638_647_-_618_697
test,jib91tw7_-_371_668_-_364_671
test,jid758ah_-_414_727_-_404_763
test,jif3md7n_-_209_674
test,jiy9n0qr_-_542_678
test,jiyjzpw3_-_235_981
test,jjayfie8_-_359_858
test,jjsdbf33_-_581_697
test,jjy5aqdw_-_259_803
test,jk5eid6g_-_100_867
test,jkf6vf7b_-_508_588
test,jks0ojo3_-_428_929
test,jl1xvwds_-_77_658
test,jl9d2ujl_-_112_714
test,jlbvz83d_-_230_834
test,jlcqinzz_-_581_787
test,jlo4a5c8_-_273_672_-_285_657
test,jlx9mm0f_-_258_777
test,jmj85cmg_-_330_768
test,jmjnu3p4_-_153_693
test,jmledrhh_-_233_579
test,jmze12mb_-_338_789
test,jn4e0jm7_-_253_834
test,jnh6yz45_-_540_884
test,jokw9hbv_-_380_826
test,jol7kuwo_-_451_1134
test,josyb1ji_-_542_1018
test,joztxbhu_-_324_720
test,jp1pd6uh_-_345_731
test,jpalbyml_-_289_824
test,jpf9fec1_-_337_958
test,jpkp0m86_-_516_532_-_141_744
test,jq2a3ocy_-_386_734
test,jqbuj1pp_-_273_1005_-_343_837
test,jqz6y4sv_-_123_979_-_111_1132_-_109_1037_-_92_1047
test,jr3xelpw_-_188_625_-_208_679
test,jrvvndfa_-_242_780
test,jrwlsvqy_-_535_639
test,jry4pxir_-_213_612
test,jsov8o8m_-_620_551
test,jt5yleeg_-_214_710_-_102_782
test,jt65nllu_-_314_946
test,jtep8vzm_-_473_728
test,jthd3k9c_-_300_733
test,jtrc4at6_-_199_626_-_177_649
test,jtvrimn5_-_593_877
test,ju0uqiu9_-_400_714
test,jucdf28t_-_76_824
test,jugt8np5_-_462_622
test,juiowhdg_-_187_727_-_224_724
test,jun1y586_-_445_741
test,junmf4a1_-_487_787_-_500_794
test,jurt53s7_-_210_794
test,juvippd6_-_436_785_-_447_783
test,jvcpqznq_-_304_722
test,jvexqbnz_-_371_669_-_193_687
test,jvw67dfh_-_449_682
test,jvwojp2l_-_504_649
test,jwamh7bt_-_371_627
test,jwjwspij_-_264_843
test,jwuvhjo3_-_292_530_-_245_536
test,jwvkdoq7_-_538_741_-_551_731
test,jx1eyhrf_-_372_711_-_220_833_-_54_582
test,jx71gl0x_-_130_825
test,jxvezeqx_-_145_826
test,jyqt7iyh_-_584_707
test,jyszf7dh_-_251_745
test,jzcstubh_-_359_644_-_321_657
test,jzs0d16q_-_275_750
test,jzszg48h_-_209_694
test,k04ezg4w_-_378_691
test,k060nbia_-_543_821
test,k08a9rd6_-_493_611_-_317_571
test,k0n0j8q7_-_524_1010
test,k0yi4oyu_-_171_955
test,k19xhbm1_-_126_867
test,k21ehgt3_-_377_711
test,k28ejwid_-_596_873
test,k38nak40_-_546_797
test,k3f96bal_-_460_759
test,k4eos2z9_-_161_845
test,k4f3wf4c_-_213_1026
test,k4hainbu_-_201_600_-_513_617
test,k50ri6aw_-_449_611
test,k51jo4vc_-_393_761
test,k51p0esf_-_145_740
test,k51ulzm7_-_130_652_-_158_645
test,k62wm3jk_-_321_1022
test,k68lwzw2_-_428_751
test,k6bllt9q_-_482_868
test,k6bz2jdf_-_325_806
test,k75rtf3g_-_600_759
test,k86u9dbk_-_564_806
test,k8qaxj9b_-_317_613_-_487_611
test,k9cq9p2b_-_329_580
test,k9eczpwz_-_446_1090_-_562_809
test,k9n2bex2_-_599_776_-_231_819
test,k9xcqc69_-_340_730
test,ka1pmb91_-_363_636
test,ka45ordk_-_573_745
test,kaapwg2s_-_344_940
test,kat51ukr_-_516_717
test,kbscs480_-_525_961
test,kby49g8o_-_360_699
test,kc1pn5h0_-_103_819
test,kc549wtu_-_297_1113
test,kdmk1hs6_-_256_741
test,kdwm3l0b_-_574_708
test,keaqa6ra_-_216_738
test,kect8elj_-_408_739
test,kernw7y7_-_221_695_-_492_719_-_234_682
test,ketoksal_-_368_621_-_87_609
test,kew2vxzh_-_340_746_-_334_788
test,kf2q9dda_-_403_917
test,kfo6txsn_-_350_861
test,kfqbmjim_-_323_728
test,kfr7si2p_-_136_682
test,kfyv0d6w_-_330_747
test,kfzg18zo_-_357_672
test,kggo18ha_-_374_740_-_332_953_-_465_784_-_274_838
test,kgrlplf6_-_343_640_-_340_647
test,kgv7vx3d_-_304_1032_-_301_1048
test,kgxd0zi2_-_356_812_-_344_811
test,kh4zchvm_-_63_664
test,kh6s36sr_-_440_783
test,khvya1sb_-_545_717
test,kibruasl_-_268_739
test,kit6rpbn_-_536_921
test,kiw3uvce_-_544_1047
test,kiwze8jb_-_543_821
test,kixb4l75_-_600_728
test,kiyxwnv0_-_345_674
test,kj6yccbg_-_289_652
test,kjckxs7z_-_91_749
test,kjg07p7n_-_457_889
test,kjlyvjvs_-_421_584_-_30_676
test,kjmkhibc_-_397_1272
test,kjp2sbde_-_365_734
test,kjvpv5qy_-_371_743
test,kkaov9a5_-_315_952
test,kkcb9a3s_-_130_701
test,kkiaz9cq_-_256_815
test,kkzykpro_-_521_716
test,kln2iwef_-_553_707_-_614_698
test,kmabpmbh_-_569_700
test,kmoxrzhd_-_537_638
test,kmqdd2p9_-_113_690_-_103_703
test,kmqkyd6r_-_178_645
test,kn8n4ju4_-_477_679
test,knglvwr4_-_358_662
test,kny6mo2u_-_605_635
test,kny7w5q5_-_205_842
test,kocqrjkg_-_257_719
test,koih80py_-_216_798
test,kp5y5qve_-_590_736
test,kpi4ikwu_-_485_1092
test,kq3gxggk_-_599_578
test,kqbiooce_-_564_770
test,kqinnm2p_-_208_705
test,kqz6b9n4_-_198_725
test,krdy35ag_-_398_840
test,krjiuw5k_-_362_691
test,krp2p79v_-_580_752_-_557_674
test,krwi1u2x_-_440_726
test,ks1i0mhw_-_145_688
test,ks50cx77_-_403_820_-_432_763_-_392_798
test,ksb2t3p8_-_126_500_-_12_558
test,ksgjkll7_-_160_865
test,ksk7194e_-_548_677_-_511_779
test,kslmgo4p_-_144_877
test,ksx63lm9_-_494_598
test,kt6xb4zm_-_382_595
test,kt7ts486_-_539_901
test,ktorlace_-_442_600
test,kud4eera_-_210_965
test,kuycyzkb_-_235_690
test,kv3vyyre_-_560_589
test,kvfyiflb_-_326_725
test,kvs2bhl2_-_214_840
test,kwpslx02_-_245_844
test,kxlegefj_-_426_711
test,kxskybu9_-_577_975
test,kxsq739a_-_215_869
test,kxyzp3uv_-_400_754
test,ky1isx5q_-_289_562
test,kydfpbea_-_230_771_-_496_864
test,kykp1225_-_532_779_-_573_1013
test,kz6h8j8m_-_291_805
test,kzgd217e_-_89_754
test,kzz37986_-_235_675
test,l0tg0n62_-_583_766
test,l1629hab_-_130_723
test,l1jo8x2f_-_558_729
test,l1ul9xnr_-_454_742
test,l2k1pmd5_-_381_732
test,l2wbkhgu_-_489_736
test,l35m0e8c_-_558_963
test,l36zjodf_-_427_760
test,l3dhduoe_-_375_813
test,l3ov10kg_-_137_714_-_373_775_-_118_717
test,l4nh8uj5_-_422_736_-_199_751
test,l58rie9r_-_279_788
test,l5zl66y2_-_574_700
test,l6d6mlke_-_191_596
test,l6pkgb0a_-_557_833
test,l7f4vl7j_-_442_951
test,l7zmh7ug_-_550_568
test,l8b917n1_-_168_807
test,l8l86gga_-_341_754
test,l8p5678o_-_434_715
test,l8yq5wly_-_184_707_-_176_702
test,l9sdjgek_-_180_678
test,l9t374tj_-_110_565
test,la2jgor8_-_343_732_-_33_717
test,laf9jfbp_-_562_688
test,lb45x4eo_-_534_678
test,lbd0q1rd_-_280_730
test,lbeboth9_-_373_781
test,lbenozp0_-_187_880
test,lbiwsrhv_-_295_656
test,lc5fmr0j_-_296_624
test,lc9mrqvz_-_459_1164
test,lcdq04if_-_456_662
test,lcrm3epl_-_250_865
test,lcwk9q0r_-_125_1000
test,ld4wid7u_-_492_818
test,ldjy04lx_-_268_1089
test,ldmk9lbz_-_583_679
test,ldvy35p3_-_167_916
test,le99hsij_-_139_902_-_211_928
test,led160u8_-_565_649_-_14_664
test,lermi0z6_-_406_803
test,lf1j1w9b_-_374_919_-_380_923_-_341_934
test,lfaiuef0_-_218_685_-_281_694
test,lfsewgzo_-_527_846_-_78_866
test,lgi3vwv6_-_531_597
test,lglrglgk_-_457_709_-_74_724
test,lgtricf8_-_317_836_-_314_793
test,lgu44wmy_-_248_724
test,lhxkwu7q_-_552_700
test,lhyekbea_-_402_676
test,li2a4g1t_-_124_839
test,li4bshl1_-_185_903
test,li5buvy3_-_331_672
test,librg8ca_-_378_772
test,lioowpqn_-_614_714
test,lix3cw4o_-_548_886
test,lj2m7sc7_-_94_655
test,lj5kdoie_-_116_520
test,ljg952lk_-_414_615_-_600_617
test,ljkvcqlq_-_504_655
test,ljmm4kg9_-_66_613
test,ljmrgqzh_-_596_876_-_592_886
test,ljx5eh39_-_430_678_-_34_706_-_423_676_-_46_691_-_45_710
test,lk5ekwx2_-_382_778
test,lk840baa_-_169_814
test,lktzpfcf_-_349_958
test,ll0q6517_-_504_785
test,ll4428tw_-_93_588
test,llmaozkw_-_405_772
test,llmfpc3y_-_460_848
test,lm3z35om_-_579_716
test,ln9rhj3b_-_271_853
test,lneaqm1i_-_485_800
test,lol6n23j_-_298_511_-_620_520
test,lp4y27ro_-_193_945
test,lp7vd0g2_-_222_743_-_195_736
test,lpuj7vm9_-_552_765
test,lq406hx8_-_126_752
test,lqecg9sz_-_490_741
test,lqungwod_-_390_1074
test,lrr539f5_-_485_677
test,lrsr1le3_-_312_740
test,lsrzl5r7_-_290_836
test,lt5ciyku_-_115_734
test,lt8sv3zf_-_184_602
test,ltrrp4zw_-_305_743
test,ltrwt2l9_-_356_649
test,lu2cnclv_-_174_716
test,lubafnag_-_476_912
test,lv4vi5xg_-_496_782
test,lvc6p13b_-_114_719
test,lvj4cerj_-_114_722
test,lvn2ai4q_-_209_724
test,lvo8emh4_-_137_736_-_197_728
test,lw1st1tm_-_615_648
test,lw4kz3ho_-_209_996
test,lw94jbtq_-_325_796
test,lwsdstic_-_314_737
test,lwuvulj8_-_353_651
test,lxcm5py0_-_230_975
test,lxvhbaft_-_145_962
test,lxzv43d2_-_148_718
test,lybbqp97_-_265_890
test,lyl1pk5b_-_551_1061_-_496_1030
test,lyv206th_-_515_975
test,lz8k3ixm_-_322_559_-_25_757
test,lzbxdxec_-_153_820
test,lzd6r9v3_-_534_628_-_348_610
test,lzfa2orv_-_492_650
test,lzmltstq_-_463_586
test,m0qqha7s_-_125_795
test,m0zcglb4_-_278_908
test,m1q1tk1f_-_91_570
test,m1uhki1v_-_395_901_-_214_747
test,m25ynrgo_-_329_657
test,m26zn149_-_446_656_-_157_679
test,m2m1zfms_-_495_649
test,m2ohdnkm_-_330_1071
test,m30i2qqh_-_495_752
test,m30r1mu1_-_368_672
test,m3dorwum_-_164_787
test,m3ejiupl_-_599_550
test,m3f20boe_-_507_691
test,m3kqlft9_-_392_745
test,m3odqrz3_-_282_659
test,m3vu49fp_-_390_699
test,m461gzd6_-_290_688
test,m4kocl52_-_520_795
test,m5728clz_-_298_680_-_297_666
test,m5xst48f_-_120_691
test,m6a7vs69_-_115_713
test,m6kodiu7_-_560_657_-_575_846
test,m6lvod3j_-_424_674_-_418_700
test,m6wqapef_-_472_764_-_147_722
test,m71cjqxk_-_334_814
test,m7fxuz1f_-_368_740
test,m7i7voel_-_56_537
test,m7r9t5ti_-_544_759
test,m8j2xaa5_-_405_622
test,m8mx57ze_-_431_663
test,m8rhlda1_-_99_756
test,m9r9v7fk_-_366_794
test,m9ywg17v_-_578_852
test,man2iy4n_-_452_703
test,mb1co9r5_-_385_942
test,mbwq1cwa_-_532_789_-_528_780
test,mca1rbl1_-_409_764_-_436_714
test,mcl9tfhv_-_169_472
test,md03i14k_-_242_794_-_623_850
test,mdriy2pj_-_265_889
test,mdvg5zux_-_340_665
test,me3hxzd1_-_284_897
test,me4bu4e5_-_160_776
test,me75z7s6_-_161_1016
test,merc2pno_-_171_784
test,merho6hm_-_343_672
test,meshtwh9_-_497_805
test,mg43l4kp_-_228_768_-_518_785
test,mg758giu_-_93_764
test,mgw7ryh6_-_332_717
test,mh62cuaz_-_466_875
test,mhawxipx_-_215_1082
test,mhbfyogv_-_126_880
test,mhc1e56p_-_283_662
test,mi33r08p_-_84_757_-_97_757
test,mietnxnk_-_307_656_-_297_612_-_328_595_-_317_660
test,milrt5o8_-_564_763
test,milwvgtx_-_200_753
test,miwdf6b7_-_395_628
test,mj33kfji_-_79_649
test,mjhgwqyl_-_537_696
test,mjjdep5h_-_349_698
test,mjm9d6qy_-_563_898
test,mjsrnw64_-_345_740
test,mk0zmlfr_-_242_643
test,mlc4l42r_-_468_771_-_470_760
test,mlhg6xxz_-_258_592
test,mljdk2oj_-_241_742
test,mlnvm5vs_-_225_636
test,mloos79x_-_400_937
test,mlrdnzyb_-_78_587
test,mminefjg_-_480_814
test,mn33bamc_-_315_1052
test,mn5wz3x1_-_125_714
test,mnt50ost_-_190_732
test,mnv5ih3i_-_547_574
test,mnx6sj5v_-_160_667
test,mo2jexgl_-_493_790
test,mo585vhv_-_89_720
test,mobb03zq_-_528_759_-_113_736
test,mog8cswg_-_450_997
test,moojed6m_-_73_785
test,mop6b6vp_-_399_1108
test,mpeqkm28_-_128_797
test,mpwnzkix_-_475_1166
test,mq1i6yfx_-_213_719
test,mqfrtwzd_-_265_734
test,mqph71hq_-_103_751
test,mqzomtk7_-_356_699
test,mr1fbdxd_-_565_666
test,mr3q9aes_-_108_948_-_193_921
test,mr6i3nll_-_252_669
test,mriymoed_-_294_722
test,mrq0vb5h_-_298_831
test,mrv1h6ex_-_339_764
test,ms238jxh_-_366_602
test,msauzawt_-_305_696
test,msvievh6_-_288_740
test,mt1zime4_-_240_742_-_199_741
test,mt3fapng_-_618_712
test,mtjc5vtd_-_225_673
test,mtrqkolw_-_219_726
test,muqtovjg_-_596_651
test,mvcqv1v6_-_516_721
test,mvd38jwc_-_53_628_-_99_616_-_37_622
test,mvgud9zf_-_401_699
test,mvvo2u5t_-_443_776
test,mw2j39ns_-_453_682
test,mwd9kb52_-_248_1281
test,mwqq41q1_-_437_594
test,mwwbv56e_-_417_643
test,mx67h688_-_244_722_-_222_686_-_225_710
test,mx6imwln_-_158_695
test,mxcr44yf_-_242_672
test,mxdgumjw_-_348_1115
test,mxiu6j5e_-_324_606
test,mxpo1hzo_-_294_785
test,mxuo98q6_-_149_704
test,mybtzpnj_-_305_715_-_81_721_-_286_710_-_89_747
test,mycu5zr2_-_113_777
test,myljg2ld_-_465_800
test,myuzhval_-_300_876
test,myzmhav2_-_95_914_-_65_892
test,mzra2wb4_-_463_754
test,n05f28k8_-_309_700
test,n0kokvbh_-_293_705
test,n1pi750o_-_313_1004
test,n1u65zr7_-_139_758
test,n2v7a2fy_-_509_637_-_517_633_-_505_636
test,n377kawj_-_498_580
test,n3o9ntbf_-_275_577
test,n3t375qe_-_254_787
test,n3tniy11_-_504_690
test,n3uw6941_-_419_711
test,n3w3rx3g_-_229_716
test,n3wat8pc_-_480_978
test,n45dmud5_-_599_789
test,n4bhogxa_-_133_942
test,n4ceqqrq_-_528_650
test,n4x5flh1_-_378_833
test,n4zovq58_-_107_769
test,n5cyz9zo_-_477_846
test,n5qwfw5k_-_176_761
test,n5x2728m_-_532_873
test,n5xobkvn_-_567_666
test,n6uiq17d_-_435_846_-_387_780
test,n73nirhn_-_47_601
test,n7b1o542_-_546_757_-_443_920
test,n7obyqpe_-_186_818_-_567_741
test,n7wgjwpt_-_549_616
test,n7zampr7_-_87_674
test,n83r9hh6_-_335_680
test,n8fhpn7q_-_348_847
test,n8kutaix_-_224_1088
test,n8oygnp0_-_415_1021
test,n92rj4h9_-_275_727
test,n94qhfdi_-_278_750
test,n9wddptk_-_409_866_-_410_909_-_224_711_-_268_729
test,na2ns9dq_-_395_638
test,na4srojf_-_304_777_-_72_761_-_304_819_-_317_770
test,na6e54po_-_432_894
test,na6iqmxx_-_492_688
test,na8xi9bu_-_178_622
test,nagy7b8i_-_399_928
test,nahpzwa7_-_326_689
test,navlh03b_-_71_749
test,nayz1jb8_-_496_860
test,nbewx54y_-_326_645_-_464_656
test,nbma52aq_-_92_705_-_49_741
test,nbucqsg7_-_506_734
test,nc7i76g5_-_576_688
test,nci26uv9_-_504_974
test,nda3dvbb_-_349_632
test,ndeqr2jg_-_97_678
test,ndm63zlj_-_472_923_-_465_923_-_97_915_-_138_921_-_479_920
test,ndnjwxd2_-_63_590
test,ndywguy6_-_177_911
test,ne2egzpo_-_367_830_-_464_781
test,ne7fd0fm_-_441_837
test,nebv0b4x_-_331_865
test,nejlvzgy_-_379_1153
test,nes7y1kt_-_526_756
test,nf0fdcvz_-_394_808_-_431_776
test,nf4vf122_-_409_976
test,ng9a2tza_-_341_662
test,ng9z3x01_-_324_694_-_311_697
test,ngmiog4a_-_605_546
test,ngnklx7o_-_405_586
test,ngsw3edm_-_309_670
test,nhmhgtvq_-_537_1219
test,nhnr06hf_-_522_708
test,ni2vwyov_-_281_953
test,ni9l1vcf_-_509_719
test,nidav2h5_-_113_771
test,nijka5js_-_358_724
test,nip2fx4u_-_210_773
test,nixjn5r0_-_173_858
test,njq4i4n5_-_430_996
test,nl2rtlrz_-_307_1272_-_312_1289
test,nl60806z_-_157_679_-_446_656
test,nlbp2vr0_-_128_796
test,nliobdlp_-_314_615
test,nllqc4i5_-_442_655_-_473_665_-_420_660_-_449_630
test,nlp4o3ry_-_586_573
test,nm63bbpo_-_560_753
test,nm6wde2s_-_414_825
test,nm878q9k_-_547_782
test,nmewwngz_-_488_657
test,nmoqoyh5_-_120_876
test,nmy6t0en_-_305_741
test,nn3syeoz_-_532_809
test,nnepsm89_-_386_724_-_389_737
test,nnl1ptu7_-_109_717
test,nnnir7oz_-_185_833
test,np1ls2l0_-_149_706
test,np4vn4x3_-_359_784
test,nppn6c1b_-_553_735_-_565_781
test,npy1w3pc_-_174_687
test,nqkembhl_-_540_796
test,nr3qp6qm_-_244_820
test,nraus3bd_-_460_623_-_120_654
test,nrioan38_-_229_729_-_250_791
test,nrnd3ocb_-_280_732
test,nrs8fsjs_-_150_970
test,nt6vv9ls_-_163_650
test,ntnrt8do_-_257_684
test,ntut0bdr_-_487_650
test,nu1a0dbl_-_535_946
test,nuxfe6eb_-_478_605
test,nv2p28g8_-_161_1144
test,nv5kimo5_-_217_723
test,nv5zdu7l_-_209_691
test,nv6l3ydf_-_144_782_-_188_652
test,nvi5ple5_-_79_738
test,nvuxaujj_-_269_670
test,nw0iai6h_-_528_746
test,nw1k8v1r_-_119_908
test,nw61orhb_-_333_649
test,nwautp9s_-_377_703
test,nwebbm80_-_42_530_-_474_648
test,nwvc7ini_-_362_681
test,nxdwdr2o_-_365_865
test,ny2unjxv_-_317_663
test,nzhhwqyu_-_366_802
test,nzj92d6e_-_345_818
test,o033j3b4_-_568_654
test,o0a78u6i_-_554_665
test,o0do8xpu_-_447_1141
test,o0hu2clr_-_168_774
test,o0ivcxt0_-_435_806_-_428_836_-_367_796_-_442_840
test,o0s19df8_-_224_1057
test,o13l7m8s_-_243_655
test,o1c7zwu2_-_309_792
test,o20yx1gv_-_182_848
test,o2ideqjx_-_232_743
test,o2lio3kk_-_219_782
test,o2nvwum5_-_361_754
test,o314yrmd_-_102_775
test,o31dddv0_-_267_681
test,o32tfaun_-_262_815
test,o36xqwyu_-_289_716
test,o3h47oqd_-_393_991
test,o3mohm6w_-_585_706_-_100_685
test,o3wryeqb_-_574_675
test,o3x0tw8c_-_522_702
test,o3ycpjlk_-_459_605
test,o3zxy2ee_-_241_973
test,o4qdaz0m_-_515_652_-_622_788
test,o4w4oeit_-_112_699
test,o56153gp_-_346_681
test,o5o4ers4_-_583_752_-_663_709
test,o62hythm_-_518_709
test,o6541vrx_-_391_566
test,o6j05xr3_-_422_741_-_416_757
test,o7036eyn_-_387_698
test,o7drtppy_-_296_1459_-_294_1335
test,o7kb8qwx_-_89_747_-_305_715_-_81_721_-_286_710
test,o7ot270b_-_181_721_-_419_676_-_455_650_-_223_725_-_420_681
test,o7uaw2yd_-_209_790
test,o81uv6di_-_144_611
test,o845jc1z_-_456_716
test,o8awz9f1_-_345_748
test,o8chg5lt_-_281_777
test,o8dglp3y_-_379_614
test,o8lxmp97_-_441_770
test,o966fhyb_-_71_710
test,o9q88p67_-_460_656_-_291_639
test,oai77sc9_-_333_570_-_330_582_-_305_586
test,oavplo3u_-_408_1150
test,oawpb553_-_596_855
test,objjqj8d_-_98_969
test,obqtwjnl_-_429_750
test,obx0g1sb_-_449_606
test,ocfqqqfs_-_339_977
test,od91hvui_-_501_833
test,odf31h6i_-_424_621_-_434_622
test,odmr2ox7_-_208_741
test,odudk847_-_374_696_-_386_688
test,odvf7tfu_-_111_848_-_242_693
test,odwppx3x_-_450_986
test,oeup5ujk_-_600_553
test,ofx8zxr8_-_321_602
test,ofyql6ww_-_457_671
test,oglcdjda_-_171_593
test,ogmbap7j_-_424_798_-_435_786
test,ogsyd4tw_-_502_520
test,oh1bwz99_-_540_656
test,oicv1a4r_-_634_580_-_637_578
test,oiut3u82_-_194_704
test,oizulmq2_-_608_735
test,oj4azumf_-_381_814
test,oje8mbdo_-_88_577
test,ojmk8scj_-_285_829
test,okf1tf67_-_378_667
test,olez3647_-_303_577
test,olfliuwr_-_575_798
test,ollwehmq_-_458_595_-_628_584
test,olv0o3nw_-_274_705
test,olzcf9gb_-_236_973
test,om2uxj4q_-_471_698
test,omd8br0u_-_359_794
test,omkzybku_-_255_914
test,omqaiznk_-_150_941_-_504_905
test,on8n426s_-_334_598
test,onvp0rvi_-_518_724
test,onztnwym_-_365_771
test,oo0z9bak_-_478_1071
test,oocwgvqe_-_519_588
test,oofp70ux_-_430_516
test,oopq8bt8_-_346_732
test,ooq44elw_-_260_652
test,optntpad_-_556_854
test,oq6y5d5w_-_376_634
test,oqfl8oor_-_329_728
test,or6m40p5_-_71_672
test,orcw7qjx_-_475_1229_-_503_1215
test,os5qdro7_-_181_715_-_637_747
test,osryaylw_-_363_877
test,otdpagod_-_416_805
test,othm7a84_-_185_621
test,ourgu8jx_-_331_971
test,ovrdmov9_-_123_779
test,ovwgtwuj_-_388_856
test,owqa09o4_-_281_769
test,owsb4eo5_-_460_629_-_228_629
test,oxbwf094_-_139_741
test,oxi7mdu0_-_74_615
test,oyrwazoo_-_135_613
test,oz9iyigr_-_458_698
test,ozanfhyl_-_412_1038
test,ozlrwd39_-_548_908_-_565_940
test,ozprd9li_-_196_862
test,oztqsaw9_-_465_739_-_497_660
test,p0c51ddv_-_238_730_-_206_724
test,p0qnfzef_-_221_894
test,p1gg2dl1_-_434_802_-_282_600
test,p1h6uek5_-_407_1044
test,p1l8fp1g_-_491_809_-_484_802
test,p1nrtti8_-_265_697
test,p2j3k0kj_-_603_650
test,p2rjfti2_-_391_674
test,p2w4g734_-_239_682
test,p2yw07ew_-_361_756
test,p31pzq6i_-_211_747_-_472_680
test,p34cx5r3_-_353_1025
test,p3dbjr24_-_225_968_-_291_968
test,p4hdqdug_-_266_562_-_258_573_-_446_544_-_442_565_-_272_573_-_448_560
test,p4oshwzo_-_131_771_-_625_728
test,p4qv2ba9_-_442_1042
test,p4s07d79_-_292_757
test,p4ynrdz7_-_597_650_-_203_667
test,p56momqy_-_385_977
test,p5aoy1ya_-_181_673
test,p5v98i32_-_100_800_-_90_805
test,p5ypyp5m_-_142_978_-_520_1292
test,p608r8g4_-_320_777_-_316_773
test,p6cz1r69_-_197_665
test,p6fi7m25_-_425_582
test,p7411peh_-_147_781
test,p7r160g3_-_185_497
test,p7z602nl_-_380_666
test,p87dbp5g_-_536_910
test,p8aj1h1b_-_275_716
test,p8cqr5id_-_150_706_-_540_629
test,p8wuu0eu_-_70_768_-_61_746
test,p8yce4sb_-_344_914
test,p90mmzv4_-_426_768
test,p96kcii9_-_326_728
test,p9d6py2b_-_486_614_-_223_624
test,p9kdrfwh_-_147_760
test,p9kx4nzo_-_142_948
test,p9ydnx7p_-_568_592
test,pact6fxc_-_270_1075
test,pae1b13m_-_340_892
test,pagl94oh_-_427_734
test,pan03y78_-_441_629_-_352_674
test,pbbxs001_-_363_771
test,pblc6gsq_-_456_726
test,pblqjuzp_-_271_757
test,pby90gjy_-_139_857_-_167_937
test,pc469dv2_-_432_702
test,pc8xwvtd_-_477_1217
test,pch5rhgk_-_484_634
test,pdjh4ltb_-_560_723
test,peaocpy8_-_212_770_-_589_720
test,pepha9r7_-_243_697
test,pexza6ug_-_241_748
test,pfwrd49k_-_392_737
test,pgy26rex_-_434_976_-_477_1002
test,pgz7ycj3_-_176_746
test,ph2m164t_-_463_615
test,phbypwtj_-_549_585_-_340_574
test,phtvvgnw_-_154_912_-_646_804
test,pinp02bi_-_315_812
test,pioqnq18_-_289_698
test,pix59i6q_-_194_854
test,pjb36gjh_-_390_756
test,pjewkohy_-_412_768
test,pjpg1lzn_-_153_882
test,pk1mv1jp_-_122_756_-_548_702
test,plr9y7sw_-_253_735_-_554_678
test,plw90480_-_355_919
test,ply1sc5l_-_79_702_-_79_687
test,pncmpbyx_-_473_1289
test,pnm75bm9_-_283_919
test,pnmoq249_-_583_697
test,pnwutzeq_-_508_854
test,po8n3w3o_-_364_671_-_371_668
test,pogh3av0_-_204_594_-_604_720
test,pon2f4hl_-_524_799
test,pp686o8z_-_473_624
test,ppf7vb9x_-_333_645
test,ppyokbiy_-_221_675_-_353_609
test,pq2jnarr_-_265_696
test,pq6ggy1p_-_331_784
test,pqafq4k2_-_471_664
test,pqs88ja4_-_436_855
test,pqvwd1i7_-_169_892_-_225_871
test,pr29eoox_-_501_731_-_254_709
test,prrop0nk_-_343_736
test,ps0jzayq_-_175_1239
test,ps6m7dvx_-_586_669
test,psclecdw_-_406_882
test,psjksdsq_-_566_870
test,psp02ons_-_352_931
test,psrvu0o6_-_296_629
test,pst01cgk_-_605_589
test,pt2ok1x5_-_127_763_-_141_762
test,ptialg3j_-_108_634_-_539_905
test,ptl46ewu_-_463_1360
test,ptlzn94f_-_79_772
test,ptxwa4v4_-_321_1309_-_304_1346
test,ptzwzz4f_-_79_745_-_97_750
test,puese1s5_-_196_705
test,pvfs36ch_-_74_675
test,pvgwf72d_-_228_899
test,pwaz3bd3_-_222_949
test,pxm7g9qv_-_167_937_-_139_857
test,pxtbpqf5_-_183_693
test,pxzxyxoa_-_485_714
test,pytvcvvt_-_191_769
test,pz40fjsq_-_317_853
test,pz8p7gac_-_421_688
test,pzc71i77_-_131_736
test,pzhugp2b_-_223_833
test,q0ba1yyy_-_514_754
test,q0hv47e8_-_347_720_-_480_802
test,q0oxdpf3_-_125_812_-_103_824_-_113_802_-_102_817_-_105_820_-_112_824
test,q1bdufk8_-_303_849
test,q1qknpsm_-_477_855
test,q32pzq0d_-_219_704
test,q38h4oym_-_515_1002
test,q3a38mbs_-_617_637
test,q3ssc87s_-_374_872
test,q3wkpcqz_-_569_837
test,q43uow1q_-_528_938
test,q4aeuc2a_-_523_801
test,q4klh328_-_152_680
test,q58b5185_-_440_870
test,q58unmgt_-_569_642
test,q5dqf7qx_-_549_779
test,q5equwmj_-_457_700
test,q5qk7utt_-_402_806
test,q6703eiz_-_320_732
test,q6k6wqw2_-_138_605
test,q6nlotgv_-_308_830
test,q6tn3o2j_-_473_657_-_467_655_-_453_650
test,q6uajpcv_-_56_618
test,q75ua5xc_-_503_794
test,q7jv4jhn_-_354_861
test,q7v7txt7_-_328_764_-_270_699
test,q8h8vac6_-_285_1149
test,q8izrh5b_-_438_579
test,q8md09uk_-_560_763
test,q8nrjksa_-_423_676_-_430_678_-_34_706_-_46_691_-_45_710
test,q8pbs51w_-_295_700
test,q8zsg4r9_-_125_777
test,q972r0ix_-_171_1040_-_161_1020_-_482_759_-_471_759_-_175_1011
test,q976fstp_-_314_884
test,q98b5w8g_-_312_945
test,q9u8lx53_-_293_768
test,q9yj6517_-_303_739
test,qa22fmmh_-_121_693_-_99_696
test,qa4j06xf_-_501_996
test,qajvq9nn_-_98_746
test,qaptbvr9_-_397_628
test,qarusewz_-_527_896_-_484_905
test,qat8v7m6_-_243_728_-_286_949
test,qayut35p_-_141_698
test,qayx44wt_-_382_705
test,qb9gjkqb_-_194_810
test,qbavkrtm_-_417_791_-_525_771
test,qc2tav9p_-_578_718
test,qd7e0qww_-_321_769
test,qdf6jeby_-_300_983
test,qdv2o2gz_-_357_761
test,qdxsdbv5_-_230_1044
test,qe8pd9fl_-_355_676
test,qeafyr80_-_218_709
test,qem2i7ip_-_177_692_-_184_707
test,qem8uw74_-_401_583_-_636_584_-_16_670
test,qemppj0p_-_388_942
test,qfdps78i_-_246_1009
test,qg9jgste_-_273_931
test,qgfwdk0i_-_388_652
test,qgja3qne_-_442_820
test,qgl6be08_-_344_894
test,qglmp2mr_-_134_626
test,qgs74ti1_-_421_1016
test,qgv275wi_-_104_746
test,qgycqwbe_-_181_729
test,qh67n01e_-_345_784
test,qhav2q60_-_422_637_-_79_679
test,qhcmy0qe_-_389_808_-_385_744
test,qil4zeii_-_129_743_-_539_724
test,qionetq5_-_467_913
test,qj05ary9_-_339_603
test,qjvkk01c_-_170_670
test,qjx158bj_-_466_778
test,qkjz3qvd_-_418_734
test,qkpwjvim_-_379_693
test,qkt824ot_-_448_592_-_456_590_-_464_581
test,qkx5rhjx_-_108_843
test,qlaozp7z_-_272_648
test,qlrmx1jc_-_240_642
test,qluhu9t8_-_329_641
test,qm8vkm6i_-_562_809
test,qm9m9tlu_-_101_800
test,qmllynhu_-_579_690
test,qnghdrwm_-_376_800
test,qnpsm5vh_-_379_706_-_351_700
test,qof8kglm_-_337_699
test,qolzgorh_-_79_720
test,qooum4so_-_391_835
test,qps64u8z_-_586_657
test,qpttudx0_-_499_775_-_526_794
test,qqit2hhr_-_189_661
test,qqz2jxgb_-_327_726
test,qqz4lghz_-_495_726
test,qrt1jpf4_-_90_638
test,qshrmx6s_-_578_611
test,qstqj0qw_-_187_769
test,qt0nlgte_-_546_1130
test,qt6tdiv1_-_619_655
test,qtmf2tdi_-_55_591_-_65_587_-_501_597_-_60_595
test,qtt2cmxq_-_180_736
test,qttniewp_-_497_635
test,quevinv1_-_309_969_-_416_740
test,quiv7wgz_-_442_735
test,qum88g8a_-_604_593
test,qus4et1n_-_240_650
test,qv5g6km8_-_293_802
test,qv9ajenc_-_103_561
test,qvk84jaa_-_353_576
test,qw4o1ug0_-_176_717
test,qweyywb3_-_503_716
test,qwnosgnr_-_482_736
test,qxe9ns0a_-_210_832
test,qyc9non8_-_109_757_-_166_740
test,qyrnseph_-_118_709_-_571_762
test,qytz2240_-_277_787
test,qz2zllbg_-_466_869
test,qze3hrl6_-_606_719
test,qznhvr3p_-_325_596
test,r00bl936_-_517_577_-_519_587
test,r00l6xg2_-_426_590
test,r03vhzdh_-_530_843
test,r0isd6zf_-_195_729
test,r10ppqcl_-_93_728
test,r14kevte_-_505_643
test,r1pfq7mo_-_543_713_-_88_702
test,r1t39pgm_-_400_1271
test,r1v24157_-_211_879
test,r285k0k8_-_197_1259
test,r29blfsu_-_359_783
test,r2eb752c_-_305_661
test,r2hefwwy_-_550_711
test,r2l0apk4_-_166_762
test,r2n71dxd_-_562_730
test,r3l0bfx9_-_259_937
test,r3ofbiiv_-_159_1015
test,r3w04uat_-_175_669
test,r3w7g7qi_-_119_543
test,r412hm2w_-_96_859
test,r4wivgju_-_288_709
test,r5h4vsm5_-_587_681
test,r5v6xb0f_-_601_617
test,r67z0l3g_-_411_613
test,r6mor7cr_-_354_633_-_147_653
test,r6rv9tp6_-_566_698_-_8_740
test,r6tc1bhf_-_237_750
test,r6vbu6fp_-_106_691_-_611_700
test,r7ojozoz_-_300_900
test,r84dc8o0_-_280_645
test,r86ug6xh_-_281_854
test,r8j2d8nx_-_168_641_-_162_641_-_168_645
test,r8pizdk7_-_160_640_-_187_655
test,r8tga3gn_-_454_646
test,r99hos7v_-_436_697
test,r9nj7o2q_-_470_849_-_321_708
test,r9psu7s0_-_513_692
test,r9xyxsv9_-_223_650_-_194_649_-_253_644
test,rav8gsxe_-_510_811
test,rbekf67e_-_216_783
test,rbjuor5m_-_531_1013
test,rbro0e1x_-_109_671
test,rcmqb0du_-_553_761
test,rd2n7mqs_-_303_749
test,rd5uuets_-_583_806
test,re0wfmgr_-_278_957
test,re1cpgz2_-_340_699
test,re2wt00v_-_376_774
test,re3knpju_-_558_736_-_558_733
test,re5zzoan_-_341_805_-_332_792
test,rebo2omy_-_521_852
test,rebzqdzr_-_482_638
test,rf8ub6ou_-_559_725
test,rfd9baug_-_558_946
test,rfnjtz1r_-_305_631
test,rfqws6xe_-_152_800
test,rg838676_-_238_748
test,rh7rswtj_-_394_698
test,rhkh3jdh_-_128_708
test,rhsgx8gs_-_138_887
test,rhsu14qq_-_230_699
test,rhxzjsf1_-_211_801
test,ril204m0_-_283_683_-_300_838
test,rit2z2js_-_342_634
test,rj327rz0_-_511_725_-_9_857
test,rjsluqkf_-_320_733
test,rjxl9yj3_-_362_766
test,rk006ls0_-_464_749
test,rkf6i1b3_-_323_714
test,rkfvf393_-_440_901
test,rkhhik6n_-_539_680
test,rlaczivv_-_333_787
test,rle5e2zl_-_213_753
test,rle81mob_-_553_725
test,rm17db5p_-_158_906_-_126_882
test,rmjfrisj_-_184_940
test,rmtz1cbb_-_386_742
test,rn8eci7e_-_246_623
test,rnfzg4ix_-_215_736
test,rnkewoap_-_213_816
test,rnmtpsr7_-_407_765
test,rnslwp0v_-_198_679
test,robgj6f9_-_191_705
test,roc2e5c2_-_63_617
test,roecn53b_-_487_735
test,rog1bqiv_-_430_778_-_495_846_-_452_787
test,roghe8li_-_425_633
test,rps8nhga_-_495_740
test,rq2jatgf_-_365_576
test,rqnb3fws_-_489_941
test,rqooyegm_-_106_715
test,rqqgt3ms_-_64_645
test,rqr9n7qg_-_185_641_-_470_613
test,rqw3r49k_-_129_713
test,rqz07y58_-_139_1202
test,rqziy96s_-_76_657
test,rqzv2nlh_-_272_778
test,rris0hpg_-_233_730
test,rrkba6gc_-_476_817
test,rrmckdt6_-_80_756
test,rrml830w_-_215_703
test,rrqendqb_-_557_887_-_587_890
test,rsc9jkaq_-_109_619
test,rsk0hg74_-_237_691
test,rsmnstf3_-_337_745
test,rsymroxm_-_373_739
test,rt5kqave_-_431_666
test,rtxvdejs_-_255_751
test,rupxi008_-_464_999
test,rux4ad7n_-_454_705
test,rv0le4m4_-_235_741
test,rv15n8ak_-_495_756_-_589_736
test,rv38u435_-_527_743_-_497_752
test,rv9ao9xu_-_263_796
test,rvm1vdyg_-_147_875
test,rxfcanno_-_189_655
test,rxjofo3k_-_393_867
test,rxw3d4wh_-_141_585
test,rxy7tv3z_-_163_683
test,ryjgdof5_-_150_711_-_115_719
test,ryltzjv2_-_587_709
test,rz0b169v_-_306_719
test,rz53hd3x_-_100_792
test,rzj7ryg5_-_308_705
test,rzmdanl4_-_66_732
test,rzr4e74k_-_434_715
test,rzwkd8rd_-_173_853
test,s03xd7qj_-_430_719
test,s0e10yqv_-_245_635
test,s0f99rue_-_536_824
test,s0q1458b_-_596_715_-_605_722_-_604_710
test,s172rmo0_-_448_617
test,s17fm0yw_-_180_768
test,s1h5qgw6_-_253_805
test,s1muglcd_-_315_873
test,s2hf3cs1_-_287_612_-_336_668
test,s2wn06e3_-_151_616
test,s3l8y24k_-_283_781
test,s3r7g1ef_-_276_601
test,s3yq6ini_-_241_910
test,s437h5c0_-_459_722
test,s489zhl1_-_605_755_-_649_772_-_637_758
test,s4bghrdu_-_207_841
test,s4xa5wop_-_71_773_-_64_783_-_109_820
test,s58cpqvt_-_497_571
test,s6v60biu_-_192_674
test,s7bcz76u_-_409_783_-_435_787
test,s8vif348_-_258_797_-_217_762
test,s8ynf7d6_-_439_837_-_438_823
test,s91mv8dn_-_167_668
test,s93lhjnt_-_123_828
test,s95cpg7b_-_402_764
test,s9mb096s_-_572_783
test,s9na9bw7_-_603_571
test,s9osuwdn_-_369_741
test,s9sup63r_-_287_710
test,s9tklext_-_343_818_-_313_847
test,safopy7e_-_368_670_-_228_653_-_360_649
test,sala0oew_-_509_690
test,sb5lmcrn_-_210_881
test,sb6tf0mb_-_454_1432
test,sbct9f0y_-_398_634
test,sboncs88_-_235_650
test,sc4s6ive_-_469_676
test,scacvmnc_-_602_769
test,scj5jokz_-_517_888_-_526_843
test,screi3ll_-_81_714_-_88_705
test,sdaizgk6_-_416_593
test,sdrhn7g9_-_445_1007
test,se3mjbr1_-_330_784
test,sed2rueg_-_341_727
test,seiobazt_-_614_705_-_608_704_-_325_718
test,sesqmyx1_-_264_705_-_298_733
test,sfabkw38_-_265_714
test,sfpnaigm_-_155_898
test,sfrqloqg_-_132_913
test,sgk5clrs_-_416_575_-_463_595
test,sgsjave7_-_326_627
test,sgxn56m1_-_513_702
test,sgz4r1ax_-_441_865_-_447_847
test,shexdr1i_-_492_666
test,shn9bv9k_-_276_661
test,shnu6kvu_-_367_714
test,si7htmgq_-_205_710_-_243_711
test,siqrodw0_-_343_892_-_321_856
test,sj1c3g87_-_354_699
test,sj4bbf5l_-_209_582
test,sj4mjlg3_-_589_720_-_212_770
test,sj53mgc2_-_429_753
test,sj5svx27_-_172_893
test,sjl11kym_-_503_760
test,sjyfyxrn_-_395_680
test,sjz4ngyl_-_469_820
test,skcibnz3_-_391_562
test,skdsh0f4_-_565_627
test,skgjtlo7_-_498_711
test,sl5mp2sh_-_341_699
test,slc9cvqh_-_302_805
test,sllk1txo_-_590_689
test,sln5lv8g_-_589_779
test,sltnnehz_-_409_703
test,slumztn0_-_461_758
test,sm3d11cz_-_148_973
test,smalk9e4_-_555_1185
test,smy8bkyl_-_186_639
test,snbhtjyl_-_265_793
test,snep5xwp_-_411_728
test,snypy68f_-_469_680
test,sobkdiav_-_596_843
test,solu8sn6_-_393_734
test,son9e2gr_-_565_686_-_542_695
test,sozft7pa_-_430_557
test,sprndrhk_-_358_754
test,spw2o4w4_-_182_650
test,spxqdb3n_-_123_650
test,sq1sq55h_-_529_838
test,sq5fe44e_-_284_900
test,sqiw7y6c_-_217_721_-_227_718
test,sr1baeju_-_556_838
test,srpyxtq5_-_550_665
test,srr9igy0_-_243_703
test,srt232eh_-_91_613
test,ss2fnqxh_-_291_503
test,ssg592u4_-_143_894
test,st3ezr7y_-_178_1108
test,stfklh0l_-_140_803_-_422_926
test,stijpddo_-_356_715
test,stssjvco_-_564_768_-_567_646
test,styflr4x_-_296_746
test,su5e6rsi_-_216_1087_-_236_1039
test,su8utu10_-_460_760_-_471_766
test,susqkxfh_-_363_688
test,sv87v8qx_-_480_787
test,swal4tu7_-_373_782
test,swfumqxg_-_558_735_-_565_738
test,swlvpjwe_-_404_932
test,sx3q58wl_-_108_690
test,sxk3mo9i_-_92_684
test,sxpos9ui_-_569_728
test,sxrvv5jl_-_315_664
test,sxsny0id_-_211_687_-_647_563
test,sy07tg40_-_336_1087
test,sy0ue6aq_-_319_733
test,syr3ghrg_-_475_820
test,sz5cd031_-_329_688
test,sz8lhid6_-_132_775
test,szj4iosi_-_394_803
test,szqkr772_-_124_626_-_115_626
test,szqmwnc4_-_332_795
test,szti722n_-_590_746_-_291_614
test,t0rlt7qj_-_371_867
test,t0v586dh_-_125_797
test,t0v5ekz5_-_331_861
test,t14wvqno_-_180_837_-_216_814
test,t1sctqkg_-_284_746_-_281_752
test,t1z1h6nd_-_319_844
test,t261486r_-_226_763
test,t2nzc4j7_-_449_685_-_467_672_-_470_704
test,t37njr3v_-_339_788
test,t43keg7f_-_80_781
test,t48r3cjy_-_284_759
test,t4nrpoqi_-_305_756
test,t4rguvlx_-_254_708_-_229_701_-_238_696
test,t5q317kk_-_314_743
test,t615fp3s_-_166_621
test,t6cv465u_-_522_761_-_578_798
test,t6r7nzvt_-_157_706
test,t6ypv5cx_-_548_778
test,t7ekwtvo_-_98_736_-_330_692_-_317_707_-_362_697_-_97_733
test,t80h8sn7_-_240_916
test,t8hqq4tg_-_274_767
test,t8k9dkrk_-_535_781
test,t8osvcdp_-_470_716
test,t8pwrk5y_-_597_829
test,t8wxgfzd_-_129_753
test,t8yb8tge_-_238_554
test,t99dvbf5_-_463_593
test,t9mq214d_-_334_794
test,t9mvon4a_-_304_565
test,t9ny6qm0_-_283_664
test,t9yb5hio_-_510_1163_-_477_1147
test,ta6c1s0b_-_225_1003
test,tacjycvf_-_600_780
test,tak9eyjp_-_193_731_-_193_755_-_204_728_-_182_735_-_186_762
test,tawrxrgy_-_238_691
test,tbdbx2v7_-_487_808
test,tbnvtrvz_-_122_761
test,tbrxdzbd_-_486_754_-_542_710_-_477_623_-_503_705
test,tcxxp88m_-_118_926
test,tczfdxwp_-_57_648
test,tdgn7l2w_-_188_700
test,tdnfa58j_-_531_1044
test,tdp9zp05_-_242_623
test,tdrnc0ul_-_515_700
test,tegsq0ue_-_178_854
test,temq81dd_-_159_1200
test,teryvpy7_-_228_1027
test,tesloa6j_-_331_642
test,tfxrl034_-_67_588
test,tg83rk1f_-_120_892_-_118_924
test,tgj8wy8y_-_310_786
test,tguj6qiq_-_378_736
test,th61ca78_-_302_691_-_282_714
test,ti8cnyr2_-_567_721
test,tij63fwq_-_256_794
test,tikjscvs_-_442_717
test,tj6007g5_-_266_709_-_241_702
test,tjktemoi_-_490_801
test,tjn1qoua_-_241_841
test,tjtz34x3_-_305_610_-_535_649
test,tjxzz5pc_-_196_998_-_268_1035
test,tkeq0wba_-_418_669_-_382_676
test,tkt0hbrj_-_281_700
test,tku2tjmg_-_588_787
test,tl7th5gz_-_311_679
test,tlod3v1i_-_254_709_-_501_731
test,tlw9ev48_-_120_608_-_117_602
test,tm74ugxy_-_451_696
test,tmfe0bjz_-_433_643
test,tmuziao9_-_356_760
test,tn4z6nmw_-_294_690
test,tne7k8wf_-_519_745
test,tnf9osqx_-_494_910
test,tnslmquw_-_321_881_-_329_885
test,to09dvzk_-_73_580
test,to3iywyp_-_421_675
test,to51s2ez_-_67_666
test,to6twkqk_-_529_990
test,toiimk7z_-_358_730
test,tooihzou_-_360_796_-_380_736
test,toqnb6sr_-_591_663_-_570_701
test,tp2zzybx_-_596_746
test,tpfdopwk_-_337_1199
test,tq07gtvt_-_467_1037
test,tq5sh150_-_104_705
test,tq6ohw1q_-_594_901
test,tqo73yuj_-_79_794
test,tqx98rne_-_256_610
test,tr5kyimp_-_397_1055_-_425_1022_-_412_1025
test,trhp32tl_-_86_610
test,trs2t5l5_-_495_709
test,ts14wq3h_-_557_620_-_508_684
test,tsc3sfr4_-_424_599
test,tseib4ov_-_320_950
test,tsx0yp6s_-_535_902
test,tteyrmrs_-_186_1106
test,ttsmacrw_-_90_638
test,tu126xnt_-_576_692
test,tucjcs0e_-_547_806
test,tv1v5om5_-_284_807
test,tvj4tadw_-_259_703
test,tvnk7ajk_-_98_823
test,tvozrb7g_-_103_947_-_605_797
test,tvt5r2pb_-_224_759
test,tw20kc5g_-_265_914
test,tw30nhrf_-_417_574
test,twaue321_-_288_737
test,twi5j9on_-_342_527_-_32_575
test,twzoztfc_-_571_766
test,txeq4q9b_-_613_678
test,txez6uew_-_317_1058_-_336_1058
test,txhv4gp6_-_399_669
test,txscd16s_-_226_725
test,txw16dew_-_590_681
test,ty98kf3m_-_119_768_-_660_834
test,tyg45axz_-_512_593_-_639_596
test,tyqpasds_-_112_675
test,tyzyilum_-_518_780
test,tziwiwwy_-_314_762
test,tzmlg2ci_-_420_737
test,tzxackbt_-_422_924
test,u07tptge_-_293_739_-_7_744
test,u0oi8j58_-_424_804
test,u0w7oaoo_-_262_708
test,u0wgkimg_-_385_961
test,u1360pn5_-_314_892
test,u1odzzgj_-_479_859
test,u1scvdsz_-_440_772
test,u1vmwy32_-_472_732
test,u29irk93_-_559_764_-_455_620
test,u3vbhfbo_-_116_826
test,u456j8d9_-_168_679_-_578_664
test,u5410ci4_-_550_704
test,u58j9vtl_-_545_574_-_403_586
test,u5ysod8i_-_511_693
test,u64x1u08_-_170_688
test,u6f7w6g0_-_400_771_-_398_733
test,u6gyrnri_-_134_695_-_123_702_-_162_703_-_137_711
test,u6hkz6k5_-_255_785_-_299_786
test,u6mft6xo_-_534_1015
test,u6zlnh7j_-_223_624_-_486_614
test,u738i6cu_-_319_695
test,u7nt5uz1_-_182_755
test,u7tfywjp_-_316_654
test,u8a1k0uw_-_259_616
test,u8bfz7s0_-_494_728
test,u8wpev15_-_601_691
test,u8zjfego_-_538_703
test,u92m2dvm_-_78_712_-_501_696
test,u9ge7yzz_-_275_735
test,u9lzg5fh_-_449_1036
test,u9t3176g_-_144_1092
test,u9v3gd8m_-_405_927_-_357_911
test,u9z6t6pc_-_306_964
test,ua6ihx98_-_159_1136
test,uad26ugo_-_542_669
test,uahbvd1j_-_345_743
test,ub82g6cx_-_406_829_-_673_910
test,ubggn0s5_-_572_837
test,ubqg8wu5_-_270_745
test,ubqzlju4_-_489_803_-_485_901
test,uc692qoj_-_206_784
test,ucdcodzi_-_503_672
test,uddxjxc4_-_240_630
test,udmizotp_-_614_729_-_659_761_-_248_788
test,udn4c3x9_-_200_728_-_179_711
test,udwlctj8_-_369_754
test,ueh15kvr_-_513_732
test,uerthpc8_-_411_850
test,uetxmltq_-_199_982
test,ueulfj25_-_548_500
test,uf0x8z5k_-_489_737
test,ufu9o7lu_-_335_653
test,ugaedp24_-_548_726
test,ugdtyg0e_-_456_735
test,uge4a03p_-_502_677
test,ugm4jvgh_-_566_749_-_601_748_-_568_751_-_558_748
test,ugv3gdqo_-_209_817
test,uh8ubfw7_-_349_1160
test,uhc2kwwc_-_319_808
test,uhnaynx9_-_529_602_-_507_707
test,uhy74hue_-_220_1005_-_285_952_-_311_940_-_269_970
test,ui6q6ry9_-_470_694
test,uj9fbni6_-_100_581
test,ujl0qkns_-_574_723
test,uk54zlt8_-_142_768
test,ukmxf2q1_-_492_1041_-_245_808
test,ul254bab_-_606_603_-_28_588_-_167_609
test,um4miwx4_-_120_786
test,umhem6xh_-_113_730_-_294_706
test,umon5uij_-_187_690
test,umv32bp0_-_290_842
test,un7o388h_-_124_608
test,un9fwoin_-_245_748
test,unik1jwf_-_266_1204_-_56_1115
test,unn1mejk_-_148_644
test,unnn9prq_-_170_784
test,uns5tc0r_-_301_733_-_281_716
test,unw5fr7y_-_574_647_-_422_645
test,uo542y31_-_87_861
test,uomcj3bs_-_93_753
test,uorplk41_-_482_524
test,uowxew6f_-_549_656_-_46_545_-_280_554
test,upljmph3_-_347_824
test,uqctscsj_-_157_556
test,uqgy3bry_-_573_812
test,uqhdk3b4_-_188_657
test,uqr6p5vu_-_555_661_-_545_648_-_236_649_-_239_661_-_236_657_-_556_655
test,urapsk6q_-_495_994
test,uron3erm_-_612_585
test,urxlvbwu_-_187_768_-_569_751
test,usgo9m3k_-_179_867
test,usvww3nz_-_519_772
test,ut3dcfzo_-_204_1130
test,utwnzicb_-_288_667
test,uv60rrn6_-_290_766
test,uv6ple24_-_141_839_-_146_809
test,uv9loomh_-_407_801
test,uva7fryn_-_446_681
test,uvvspao3_-_293_687
test,uwbdmmfa_-_501_696_-_78_712
test,uwqzbjd6_-_534_910_-_460_937
test,ux666nax_-_309_616
test,uxajqayt_-_59_519
test,uxdumdwt_-_532_743
test,uxofknyu_-_289_674
test,uy2b4zc5_-_358_809
test,uy5kaee5_-_203_646
test,uyswzw7b_-_589_765
test,uyxsk43d_-_336_789_-_291_786
test,uz2k2ynb_-_326_696
test,uz2kx1ec_-_375_693
test,uzxx4u0b_-_155_911
test,v00v4ivn_-_394_661_-_352_665_-_369_670_-_323_621_-_382_666_-_391_666
test,v0flid2p_-_422_706
test,v0rriqol_-_386_757
test,v11xn88n_-_268_666_-_211_653_-_191_671_-_235_656
test,v13clj52_-_128_760
test,v1ae7vbs_-_517_917
test,v1obn048_-_521_660
test,v1pwfbaa_-_410_764
test,v1zidmqa_-_358_597
test,v27a7a2p_-_363_687
test,v2913gb0_-_375_1050
test,v2aidopn_-_216_663
test,v2prlde7_-_515_627
test,v2z1e4a2_-_107_620
test,v38coy4w_-_590_714
test,v3drqplz_-_392_826
test,v3pp8pdg_-_320_836
test,v4bzbgs7_-_108_958
test,v4hy3apq_-_215_849_-_666_823_-_624_824_-_255_823
test,v4jojjuk_-_628_575
test,v4qkkh2m_-_312_987
test,v4srbg0g_-_143_657
test,v4vxll56_-_304_1346_-_321_1309
test,v51z6c63_-_473_810
test,v5bezo96_-_393_713
test,v5dg6b7k_-_190_715
test,v5m0gqt5_-_223_952_-_352_863_-_366_839
test,v5xmxs1d_-_430_856_-_498_913
test,v6u7ah5t_-_384_872
test,v6w7zcbe_-_568_592_-_284_577
test,v7tkwmod_-_85_871
test,v86pfkg7_-_569_717
test,v9k8f16n_-_432_1028
test,va1v62gk_-_275_664
test,va5cpmb9_-_320_849_-_290_868
test,vaarmsq8_-_607_700
test,vagqxj7a_-_270_785
test,vaj1vt3d_-_446_878
test,vassjyx9_-_347_757_-_542_781
test,vbnteurz_-_381_628_-_398_623
test,vbsm3lwh_-_299_932_-_250_975
test,vca5rnd9_-_112_651_-_523_673
test,vcd0tvin_-_133_627
test,vcfkwocw_-_480_788
test,vco4wwqd_-_404_766
test,vd0e4f68_-_328_595_-_297_612_-_317_660_-_307_656
test,vd6luypl_-_468_798
test,vdmvfd69_-_177_1350
test,ve32985e_-_545_714
test,ve372wct_-_239_749
test,ve3fgmo3_-_271_705
test,velh9fzb_-_387_842_-_406_823_-_421_809_-_430_820
test,vex723so_-_95_718
test,veyi898u_-_384_719
test,vf9heom3_-_505_1017
test,vfd3onsx_-_69_591
test,vg3osoe6_-_503_819
test,vg70nqr4_-_544_878
test,vhbeiazx_-_338_804
test,vhefjkd9_-_185_1458_-_163_1365
test,vhlnlvuf_-_245_682
test,vhqhifff_-_544_785
test,vi1fvnu0_-_222_793
test,vib8muh1_-_325_763
test,vicz75bh_-_371_566
test,viscxak9_-_570_670
test,vix2w0gm_-_352_1050
test,vjce49op_-_372_765
test,vjfsfd6y_-_398_860_-_413_862
test,vjzdaciu_-_110_695
test,vk1lrxkl_-_87_877
test,vketw9qp_-_249_904
test,vl9d6wyl_-_193_576
test,vleowdaq_-_212_1227_-_222_1314
test,vlh68yfq_-_493_851
test,vlljjxzu_-_288_1345
test,vm1yq4bl_-_342_859_-_317_866_-_298_858
test,vm7l6ks8_-_417_656
test,vmga4kdh_-_404_965
test,vmokv4dq_-_265_764
test,vmsua6nd_-_328_789
test,vnjxfrz3_-_409_568
test,vnqc37l7_-_506_640
test,vo7xi0an_-_156_872
test,vo7zzgfi_-_505_636_-_517_633_-_509_637
test,vob439bh_-_252_587
test,voe5o1up_-_589_849_-_640_877
test,voo8p9db_-_214_789
test,vou56e08_-_617_644
test,vp56uxol_-_438_734
test,vpfgzy7t_-_399_656
test,vpylipx5_-_577_866
test,vq2ct9vd_-_350_634_-_318_686_-_381_669
test,vq8ejka1_-_224_711_-_410_909_-_409_866_-_268_729
test,vr15wy2y_-_277_810
test,vr8514tq_-_197_926
test,vrcatj7b_-_461_921
test,vrzh25v3_-_568_947
test,vsf0jyb5_-_343_755
test,vsgyy6gu_-_461_741_-_506_773_-_492_757_-_495_742
test,vswer5yc_-_449_824
test,vtya4qnq_-_71_739
test,vtznz00a_-_591_693
test,vu10omae_-_159_952_-_10_871
test,vu303war_-_513_647
test,vu6j0lac_-_258_662
test,vusvuurt_-_564_806
test,vv3miq8i_-_410_755
test,vv7fr1aq_-_235_662_-_203_668
test,vvea1e8h_-_587_660
test,vvigi0q2_-_503_636
test,vw5t8x5u_-_88_725
test,vwktywdz_-_352_793
test,vwxdz4kc_-_343_932_-_337_938_-_346_913_-_328_909_-_313_898_-_320_899
test,vxi0yt1u_-_238_668_-_673_686
test,vxilpr9o_-_271_702
test,vxnhj4z3_-_480_798_-_438_764
test,vyfys9nz_-_274_505
test,vz1vifag_-_311_724_-_260_730_-_267_734
test,vzbr37zk_-_565_833
test,vzjxi77i_-_90_753
test,w005xcdy_-_483_645
test,w01p9hpb_-_358_771
test,w0ltmegv_-_328_703_-_17_688_-_25_721_-_324_719
test,w0pyole4_-_474_726_-_291_709
test,w163vwja_-_483_909
test,w1ouxq5w_-_204_944
test,w292ifp9_-_602_625
test,w2olxky0_-_361_680
test,w308f3a2_-_345_678_-_103_715
test,w3k0p5r5_-_590_698
test,w3q9aozl_-_594_824_-_590_1012
test,w40fdx2g_-_357_758
test,w42bgg33_-_398_694
test,w463sv7b_-_129_666
test,w4fi4wv5_-_394_817
test,w4lfka8q_-_530_772
test,w4y9u0xd_-_328_703
test,w50096el_-_111_723
test,w5fq2dm3_-_171_869
test,w5gmok3n_-_603_823
test,w5r9clqy_-_119_757_-_323_1047
test,w5vj94i3_-_295_829
test,w751e7ha_-_280_775
test,w76f7mbx_-_466_782
test,w7qx4dk5_-_545_649
test,w8hm5n6s_-_98_854
test,w8o6yd8w_-_455_650_-_419_676_-_223_725_-_420_681_-_181_721
test,w9hztupy_-_445_781
test,wa0nipui_-_290_591
test,wae81rhr_-_137_767
test,watv82d7_-_226_1085
test,wbh13ucd_-_325_1244_-_303_1202
test,wbzp7cb7_-_479_565
test,wcchwhka_-_263_969
test,wcdt8x32_-_435_768
test,wd6bks0r_-_195_839
test,wd9xi3i2_-_281_653
test,wdrqvv69_-_148_739
test,wdvqlvok_-_150_700
test,we5w5kao_-_394_563
test,wei8ks3m_-_506_593
test,weudure5_-_233_744
test,wfk2xkew_-_157_772_-_164_765_-_187_761
test,wg446ptz_-_257_849
test,wh46uknh_-_290_660
test,whqidx4n_-_422_789
test,wiv15yku_-_308_908
test,wjrdnpd0_-_613_592
test,wjx6lrje_-_72_775
test,wk5fa1ob_-_537_1052
test,wkuw78ex_-_326_1057
test,wkzxywm0_-_580_570
test,wl1rac66_-_133_768
test,wlihooj2_-_517_773
test,wltptbz9_-_310_740_-_314_749
test,wlz3y329_-_624_558
test,wm60ia39_-_83_729
test,wn2y8drm_-_492_1171_-_456_1088_-_460_1144
test,wnq9oh8r_-_455_809
test,wnxi2mru_-_535_786
test,won1ywqi_-_505_813_-_480_811
test,wonwbnun_-_453_730
test,worwhbsk_-_434_726
test,wp4e4830_-_236_1399
test,wp74pf53_-_109_793
test,wpfnss4i_-_420_677
test,wpjv8f4j_-_458_628
test,wpv73axq_-_325_747
test,wr8yq8vq_-_579_651
test,wrejzu3m_-_521_911
test,ws66h8z0_-_353_650_-_508_651
test,ws7rtnbk_-_276_834
test,ws86l67r_-_251_830
test,wsf5fbw4_-_274_753
test,wsp39p22_-_152_673
test,wsqdebkn_-_447_774
test,wttqb9zy_-_108_832_-_105_951
test,wu422afr_-_267_929
test,wu63hy29_-_351_704
test,wu6fqgyp_-_128_581_-_438_623
test,wu96szo9_-_538_871_-_198_846
test,wubwvlsx_-_338_630
test,wusktfom_-_283_750
test,wvcmzttl_-_250_655
test,wvyet9df_-_591_734
test,wwc0pyin_-_193_883
test,wwrcuqhy_-_447_575
test,wwrlzqq2_-_359_778
test,wwrmmsig_-_412_726
test,wwwvqa40_-_375_963_-_245_963
test,wxioany9_-_50_534
test,wxrxtx3v_-_255_875
test,wymyxygk_-_329_932
test,wz6y0ilk_-_185_846
test,wzcgfz8a_-_256_910
test,wzghwk24_-_186_727
test,wzm53gx2_-_292_906
test,x0a1lo32_-_295_733
test,x17ljb93_-_508_1540
test,x189fa9v_-_205_789
test,x1e9bphl_-_199_697
test,x1luen62_-_448_741
test,x1s025v6_-_202_728
test,x1v6s2ag_-_498_645
test,x1w8s1ma_-_366_980
test,x2alg8zq_-_392_698_-_392_708
test,x2hyok7r_-_76_659
test,x2mv8739_-_313_806
test,x2p625nm_-_292_858_-_287_827
test,x2t2wmlp_-_592_635
test,x30cox7a_-_327_705_-_315_698
test,x39gn5f8_-_441_659
test,x3grmp1a_-_553_794_-_553_804
test,x3qgfzqs_-_387_890_-_71_716
test,x403944j_-_438_741
test,x43r3fi0_-_604_792_-_608_816
test,x4ehu3qx_-_213_761
test,x4o38yye_-_284_660
test,x52rbvk3_-_347_882_-_376_858_-_499_838
test,x5lf3drj_-_339_719
test,x5s1b1k9_-_150_647
test,x5wx5xf4_-_222_784
test,x640sax7_-_177_813
test,x65iv84l_-_332_792_-_341_805
test,x67cctqg_-_567_762
test,x6fdbuk7_-_327_669
test,x6mebwd4_-_235_1218
test,x6n6pank_-_545_688
test,x74s0xmc_-_463_743
test,x7qenab8_-_136_675
test,x7w06a6b_-_292_756_-_258_717_-_529_682
test,x7xd68a6_-_441_882
test,x86dhkjw_-_490_688
test,x8p95tq7_-_357_685_-_669_683
test,x8vgo5p3_-_129_794
test,x9alp4gz_-_400_698
test,x9lpqoah_-_175_769
test,xaay9izs_-_419_722_-_391_748_-_124_806
test,xal1v2r9_-_349_662
test,xbk8r75g_-_578_662_-_288_651
test,xbkgb1nq_-_493_733
test,xcfm4q3n_-_306_664_-_355_676_-_376_665
test,xcgrael2_-_163_894
test,xckuw4e8_-_415_786
test,xcm8zav8_-_253_717
test,xcmzwm31_-_396_685
test,xczl4ikv_-_439_592
test,xd0ypnz6_-_519_846
test,xd9utp3n_-_350_692
test,xdk66nbo_-_245_719
test,xdv4m1s3_-_396_722
test,xejagq0w_-_324_667
test,xepbh8cj_-_343_720
test,xezr715d_-_288_1502
test,xf3naf92_-_202_786
test,xfk4w4h6_-_158_670
test,xfqcmizn_-_404_813
test,xfxgam93_-_518_608
test,xfzdppah_-_547_810_-_223_755
test,xgbgnevs_-_123_835
test,xgjscn2h_-_155_887
test,xgs4xacc_-_144_626
test,xh356y27_-_463_764
test,xh6atk7m_-_129_743
test,xh76ebo1_-_266_817
test,xhinh9p4_-_288_605_-_53_553_-_341_609
test,xhkvh2kq_-_373_684
test,xhumz8is_-_314_749_-_310_740
test,xi1plxjb_-_383_614
test,xi5e4yyw_-_359_675
test,xivyyxpw_-_92_807
test,xj4z5fjq_-_380_719
test,xj5fw2dr_-_129_655_-_258_761_-_149_686_-_244_757
test,xjqz2k2o_-_429_1026
test,xk10t49a_-_63_712
test,xkh7cmh7_-_346_653_-_67_654
test,xl6aqin1_-_198_960
test,xl979w73_-_554_1070_-_640_970
test,xlqqahab_-_618_689_-_243_697
test,xlzfhvu6_-_367_1118
test,xm6yjki8_-_442_701
test,xmrr4nvi_-_471_766_-_460_760
test,xn0toodk_-_393_818
test,xngwq1s2_-_143_739
test,xnhpkk2e_-_466_722
test,xnio2m4r_-_564_700_-_567_700
test,xnlr1b22_-_568_799
test,xnx38uai_-_176_766
test,xol1hqvm_-_213_607
test,xop10ppx_-_237_768
test,xow1mqy4_-_323_1008_-_248_1038
test,xowxo422_-_483_838
test,xoykbq6x_-_301_700
test,xp67fx12_-_579_759_-_573_775
test,xpkun13e_-_604_637
test,xpvx9fus_-_301_575
test,xqeuup7y_-_75_754
test,xqgy2kbo_-_259_725_-_222_723
test,xqpp2x7x_-_230_578
test,xr6pt5ih_-_164_758
test,xrg1eeww_-_583_695
test,xrxrhol6_-_422_774
test,xs4yygzz_-_445_645
test,xs8fx2d7_-_367_598_-_475_672_-_434_594
test,xskb7qua_-_553_725
test,xsnb1u8t_-_440_716
test,xtebshe6_-_333_1292_-_156_1211
test,xu276bqd_-_353_781
test,xu9hr3pd_-_514_623
test,xuauhzu5_-_274_718
test,xujpe7px_-_527_737
test,xutrqppt_-_339_715
test,xutx9705_-_566_699_-_609_718
test,xv04r8ll_-_176_802_-_629_799
test,xv5eutbg_-_256_618
test,xvhnlx1d_-_245_682
test,xvmk2m55_-_153_677
test,xvn8uor0_-_298_595_-_352_654
test,xvsigr4u_-_398_782
test,xw4fbbm9_-_104_936
test,xw9dxij9_-_197_849_-_147_789
test,xwguuzya_-_78_718
test,xwybdvpy_-_511_709
test,xxqbfeae_-_252_902
test,xxv7e0wc_-_110_809
test,xxzh3mz4_-_374_840
test,xy47qmcl_-_355_778
test,xyr5par1_-_216_1258
test,xz0162a2_-_423_642_-_415_611
test,xz0eim3y_-_294_823_-_277_810
test,xz1mwler_-_486_579_-_472_616
test,xz67ym5t_-_378_695
test,xz8p95al_-_312_757
test,xzgj9n98_-_537_723
test,xzmwksav_-_404_901_-_257_758
test,xzpztuiu_-_288_776_-_320_823_-_319_805_-_309_805_-_350_852
test,xzxju2eu_-_470_865
test,y016p73a_-_567_732
test,y0cneiqo_-_465_772
test,y13xeqek_-_361_891
test,y147vr5n_-_100_518_-_370_604_-_311_663
test,y22icvuk_-_589_749
test,y25fn33i_-_327_917_-_512_765
test,y28l9nmb_-_233_784
test,y2fflp6y_-_353_869
test,y2mv4hmk_-_596_571
test,y32bqice_-_538_722
test,y3b8lc7z_-_560_952
test,y3bhli4h_-_269_760_-_345_842
test,y3gjowuy_-_466_712
test,y3ij9ng2_-_502_709
test,y413i26a_-_368_745_-_407_732
test,y41zgish_-_288_819
test,y47tzql8_-_104_697
test,y4jbskeq_-_214_862
test,y4oz5fjw_-_370_696
test,y4yyvnju_-_173_747
test,y4zbt6vn_-_48_600
test,y5r9514h_-_177_624
test,y5ycmzgs_-_264_728_-_659_876
test,y604m4a4_-_601_782
test,y6ekw3kv_-_405_916
test,y6r2t9ww_-_274_696
test,y6seko3p_-_397_905
test,y74mecxj_-_377_662
test,y7b1jyjq_-_121_656
test,y7d7lci3_-_345_757_-_369_777
test,y7k7w9u3_-_500_939_-_640_746
test,y7m45wgs_-_374_752
test,y89vup5o_-_462_726_-_613_780_-_218_1015
test,y8l2tqra_-_552_787_-_477_897
test,y8qwcgpb_-_293_760
test,y90khh4a_-_532_932_-_660_791
test,y9bixh1w_-_173_884
test,y9mgujh0_-_354_754
test,y9sb67wu_-_64_724
test,ya36xesg_-_228_759
test,yajtafth_-_510_634
test,yamt2hoa_-_93_705_-_570_695_-_139_685_-_566_673
test,yb4icrn8_-_500_737
test,ybtrr6uw_-_280_782
test,ybydtkkl_-_353_618_-_122_612
test,ycf3uj9p_-_410_574_-_418_587
test,ycxoq1z9_-_399_815
test,yd178uue_-_200_651
test,yd2eeuuz_-_198_846_-_538_871
test,yd5z65p6_-_97_672_-_79_755
test,yd9t4zk1_-_397_749_-_678_748
test,ydcicdmo_-_392_809
test,ydp14xw9_-_601_752
test,ydqprv85_-_424_740_-_57_830
test,yel2q7g7_-_422_723
test,yfi57b1d_-_562_592
test,yfn1j9t0_-_180_738
test,yfnjme91_-_595_630
test,yfzsf3f9_-_81_718
test,ygb7brhl_-_480_717
test,ygcmgp7h_-_603_820
test,yge33u6e_-_200_714
test,ygk38s30_-_318_721_-_269_712
test,yi8lhe7v_-_536_687_-_532_680
test,yic4ce5f_-_337_622
test,yive9vtq_-_388_726
test,yjebauoq_-_280_617
test,yjle3aix_-_234_893_-_229_900
test,yk2ljy96_-_339_698
test,yk4jaxqs_-_450_668
test,ykpc3kta_-_350_685
test,yl0wump4_-_333_679
test,yl23qruq_-_549_731
test,ylm0lmj0_-_412_845
test,ylyzsm9y_-_160_598
test,yme6b6s8_-_385_1024
test,ymw5duim_-_328_661
test,yn3uwe2l_-_227_674
test,yn5fymdj_-_438_807
test,yo80e9bd_-_446_749
test,yoxswfva_-_179_700
test,yoz02lkx_-_342_960
test,yp4mm3uj_-_237_710
test,ypsjn883_-_572_889
test,yqk1atb4_-_392_641_-_385_665
test,yqo6gh1x_-_89_668
test,yr5r7cqv_-_400_606
test,yrmgrxow_-_206_813
test,yrt5q8wb_-_341_639_-_175_643
test,yrweqse0_-_263_972
test,ys421tom_-_171_855_-_150_801
test,ysp2unua_-_311_906
test,yt8t8t8a_-_176_754
test,yteoqs6u_-_176_747
test,ytgp6tko_-_362_734
test,ytv80nku_-_92_676
test,yu00sjkg_-_188_739
test,yu28a15q_-_172_712
test,yu9viub4_-_148_687_-_618_696
test,yudbtcci_-_348_698
test,yv5mbimi_-_514_828
test,yv925jd4_-_515_587
test,yvl5tpe5_-_252_765
test,yvsfsxb0_-_352_863_-_223_952_-_366_839
test,yw3n5y7o_-_292_910
test,yx32vmd5_-_154_823_-_141_864
test,yx8fow9h_-_538_586
test,yxalsm5p_-_265_823
test,yxb7f3xa_-_460_795
test,yxk0ghb9_-_553_946
test,yxoezk4l_-_205_666
test,yyv8gfu0_-_72_771_-_347_782
test,z055j1rf_-_282_877
test,z0mwvhv8_-_562_1003
test,z0p1knmr_-_503_1215_-_475_1229
test,z0xa1g2h_-_294_769_-_235_774
test,z152fkcj_-_407_691
test,z1qye268_-_586_756
test,z1ss2z67_-_104_730
test,z204uyfb_-_141_670
test,z2espmpq_-_333_561_-_346_590
test,z2h3n2th_-_452_579
test,z2txc0kf_-_580_808
test,z2utd9er_-_602_575
test,z2zir3kj_-_409_936
test,z3c5byow_-_90_671
test,z3oguvyi_-_300_747
test,z46l1rfw_-_220_597
test,z4g281cl_-_278_718
test,z4h3zbz7_-_111_773_-_338_798
test,z4ylcadq_-_397_1126_-_423_1170
test,z5dbwgv7_-_352_674_-_441_629
test,z5jtia3n_-_128_737
test,z5no5gil_-_515_894
test,z5w9vsta_-_196_962
test,z62vnf9h_-_297_638
test,z6am2ifb_-_362_863
test,z6qmyjvd_-_222_680
test,z7f13v8e_-_100_851
test,z7fq97w0_-_119_659_-_361_707_-_165_663
test,z7gx5fxh_-_120_951
test,z7hn0278_-_126_728_-_116_735
test,z7vbee0w_-_386_790
test,z99rzzgj_-_433_792
test,z9fvy264_-_624_607
test,z9yg2fq0_-_210_719_-_622_977
test,zaepocsk_-_337_715
test,zagqufkv_-_77_655
test,zaoe09xz_-_432_692
test,zat5y2k9_-_540_696
test,zawai0ax_-_485_739
test,zb47bufe_-_417_874_-_374_872_-_355_858
test,zb4hxokk_-_528_783
test,zbe6hjhe_-_383_788
test,zbqslv5p_-_288_703
test,zd0w8e25_-_174_707
test,zd5y2knx_-_298_1064
test,zdbl2z3x_-_433_700_-_254_570_-_504_663
test,zdmpz3sp_-_231_767
test,zdniaw3m_-_485_684_-_489_692_-_364_808
test,zdnzjg1g_-_107_757
test,ze08unsg_-_420_612
test,zep9343i_-_394_807
test,zey7hf03_-_237_1300
test,zfcnewit_-_454_609
test,zfp96i7q_-_515_683
test,zg8t02b8_-_384_749_-_387_742
test,zgy3eyv0_-_166_718
test,zh2ejmdi_-_243_848_-_84_844_-_140_841
test,zh75jr30_-_308_770
test,zhah7qqm_-_430_860
test,zhlds21p_-_110_897
test,zhxatx7w_-_346_1027
test,zhzcdofo_-_166_746
test,zi4p8lb0_-_543_694
test,zidojn1z_-_291_922_-_271_901
test,ziiux07t_-_294_680
test,zj9l6utx_-_104_766
test,zjpr0nlw_-_383_776
test,zkievd82_-_186_783_-_179_781
test,zlculesc_-_438_696
test,zm0ozspq_-_112_842
test,zm2pxl61_-_309_909
test,zmcogoh4_-_269_1129
test,zmm2m6la_-_433_934_-_411_930_-_410_944
test,zmxs59ki_-_247_725
test,znazk5ot_-_443_812
test,zntstx2u_-_570_775
test,znz7nisc_-_110_671
test,zo5z5g6i_-_238_980
test,zo954zw0_-_92_677
test,zoa12t3n_-_523_635
test,zotp52va_-_401_1426
test,zozr0h9e_-_539_737
test,zp7wy259_-_276_1158
test,zpk2knon_-_525_932
test,zq3iqmgh_-_356_587
test,zqdvtrt2_-_541_763
test,zqhyq347_-_238_790
test,zqldrz1y_-_587_890_-_557_887
test,zrk53vz8_-_180_735
test,zs30u1hv_-_595_763
test,zsf205on_-_311_677
test,zsf7qvkj_-_215_569
test,zsidvut1_-_154_665
test,zskuem73_-_312_552_-_302_594
test,ztgp7ca4_-_550_648
test,ztheggd8_-_622_675
test,ztwab5aj_-_254_713
test,zu4uc4pt_-_506_815
test,zu6zo1lf_-_495_931
test,zu8gghef_-_467_657_-_205_648_-_477_649
test,zuqri3qb_-_620_558
test,zv99gw4r_-_70_660
test,zva5c5wk_-_327_741
test,zvkqp4e4_-_171_616
test,zvy1m9wt_-_170_821
test,zwd1qivw_-_463_744
test,zwfi8f6n_-_292_600
test,zwumgysy_-_347_733
test,zx2hmjmb_-_547_788
test,zx31hszh_-_511_692_-_516_731
test,zx3ru53i_-_563_788_-_558_788
test,zxtf32br_-_384_746
test,zy8amib6_-_260_968
test,zzlxf88t_-_100_677
train,006hj1pf_-_585_745
train,006zis69_-_110_717
train,0073xqqb_-_604_567
train,007jq85c_-_455_675
train,007mz25c_-_118_596_-_478_611
train,009qklbf_-_316_1042
train,00arxnki_-_373_680
train,00dhvwom_-_412_931
train,00eytkdp_-_268_1035_-_196_998
train,00fjq19b_-_362_691
train,00gpb75i_-_355_625_-_366_589
train,00hjtkvf_-_310_799
train,00jbrcog_-_349_667
train,00jx2nmp_-_149_738
train,00mjrjpz_-_505_681
train,00mm41bl_-_154_662
train,00nz4spu_-_574_663
train,00qm1bbd_-_247_1317
train,00rluq3q_-_610_517
train,00vb3dvm_-_363_653
train,00ydsz6v_-_293_790
train,011z5obr_-_585_761
train,01b74545_-_336_776
train,01bdtdjp_-_547_825
train,01bvhx4p_-_310_738
train,01ez1rto_-_412_1025_-_425_1022_-_397_1055
train,01ikvj28_-_421_764
train,01m43qgp_-_418_738_-_408_741_-_435_737
train,01olrrfo_-_307_672
train,01qii2ro_-_546_1173
train,01tuv3ht_-_343_685_-_261_797
train,01ueyju8_-_250_1191
train,01vsf6j7_-_179_723_-_482_684
train,01vutrt6_-_120_985
train,01wfexli_-_391_859
train,01x0cbp7_-_463_764_-_481_742
train,01x1654h_-_597_747
train,01x46mz3_-_139_853
train,01yt1kc3_-_363_712_-_308_1043
train,01yunw0e_-_451_853
train,01yxhy62_-_378_749
train,022peaq7_-_340_744
train,024724f0_-_190_915
train,027by7db_-_388_626_-_270_621
train,0291mt5b_-_381_829
train,02e4f94f_-_202_617_-_552_604
train,02fidly3_-_115_825_-_515_757_-_521_780
train,02j1xcnu_-_432_782
train,02kkmpfi_-_383_542
train,02n7i68i_-_607_690
train,02pg5r9h_-_328_637_-_449_634
train,02psn9hi_-_361_717
train,02roxk67_-_530_765
train,02tjem55_-_422_722
train,02yib7x2_-_440_783
train,02yr2dkm_-_459_843
train,02yx1afi_-_362_703
train,032gzqpt_-_359_648
train,0348lquf_-_476_747_-_478_706_-_501_731_-_565_793
train,035prb0n_-_130_762
train,0363yqz9_-_441_713
train,039oflau_-_385_1214
train,03ag1tex_-_352_635
train,03d5jvdd_-_344_781
train,03duzjgm_-_553_663
train,03er6xd0_-_439_976
train,03j1f2ww_-_186_777
train,03j8baqw_-_195_761
train,03o8w3tc_-_200_698
train,03sdc3te_-_433_741
train,03t3l7dd_-_157_714
train,03tv8cor_-_138_835
train,03y7qz4x_-_82_738
train,041je0n2_-_353_784
train,041ppgzc_-_158_499
train,044g8xb6_-_404_789
train,04718rb9_-_71_718
train,04dw7mpw_-_423_1170_-_397_1126
train,04gck1y2_-_203_560
train,04gtft71_-_534_691
train,04l59o5v_-_596_868
train,04lquoo7_-_103_898
train,04ny6rdq_-_217_648
train,04olmqm7_-_509_1012
train,04y180ge_-_575_620
train,052e5geg_-_182_545
train,0533kqgv_-_320_703
train,057648u2_-_196_717
train,057i7yrg_-_205_1021_-_207_1043
train,058dzcke_-_376_633_-_614_724
train,0599wp1h_-_481_980
train,05bjxz6s_-_410_784
train,05kwlrfu_-_130_836_-_162_810
train,05mlfyh2_-_181_856_-_190_866
train,05oe5t79_-_209_1038_-_269_1078_-_222_1077_-_276_1051_-_225_1026
train,05owixtg_-_202_930
train,05p4xsec_-_311_665
train,05vwpr6b_-_380_650
train,05zl0yhi_-_447_800
train,060g25m7_-_387_652
train,061s7f46_-_93_796
train,062a7zq3_-_97_624
train,062d3lb1_-_330_760
train,063j0f94_-_473_728
train,063om0xd_-_232_771
train,0651e4b9_-_426_846_-_400_845
train,0676i89o_-_299_872
train,067n466g_-_447_808
train,06c1sfwx_-_527_740_-_515_732
train,06czufce_-_318_744
train,06fbhxqb_-_383_950
train,06fycf02_-_159_762_-_8_765_-_69_752
train,06h3mo2y_-_243_691
train,06juzh4y_-_528_990
train,06o4kwae_-_69_719
train,06pkjgzt_-_367_699
train,06uaujaw_-_399_835
train,06vtajdj_-_420_748
train,071iv76b_-_159_1122
train,073j52jr_-_180_797_-_162_786_-_226_761_-_103_814
train,074kbbfm_-_479_737
train,075zd3go_-_303_700
train,0790vtiv_-_349_641
train,079dmicq_-_496_798
train,079ym79k_-_66_607
train,07cgrot0_-_511_741
train,07ge0dzj_-_278_594
train,07glqa93_-_83_833
train,07jismw8_-_366_1027_-_319_920
train,07ki0ahl_-_386_707
train,07m7e16b_-_296_822
train,07oamti5_-_434_1091
train,07q8s2ck_-_209_728_-_535_714
train,07t24yf8_-_142_982
train,07vc84pz_-_118_695
train,07x8g8zy_-_201_740
train,07x8kwrg_-_197_675
train,07xkxhgl_-_478_674
train,07xrxsb5_-_249_955
train,0804e5az_-_246_1089
train,084hodi1_-_509_775
train,084qtju7_-_562_666
train,085lvlbu_-_208_753
train,086m18kf_-_433_892
train,08hvzy38_-_400_642_-_409_639
train,08k0923u_-_269_847
train,08mk5pdo_-_446_700
train,08nyto0x_-_158_764
train,08xfyogh_-_278_944
train,08y97ass_-_373_822_-_326_838_-_315_837
train,08zyud2c_-_349_617
train,091s2b0h_-_567_800
train,0940w1f4_-_230_816_-_233_804_-_191_763
train,09449dwg_-_510_667
train,096bzbmg_-_360_972
train,09e4qhfl_-_282_716_-_259_668_-_274_664_-_277_660
train,09rgsmvj_-_448_856
train,09s2fd55_-_79_774
train,09uz74jd_-_82_596
train,0a3xc1d4_-_348_748
train,0a3xs6vy_-_224_1079
train,0a87d7k7_-_517_633_-_505_636_-_509_637
train,0ainv3aq_-_525_780
train,0aiozqqr_-_59_687
train,0akv45vv_-_409_686_-_454_655_-_432_700
train,0aq2ao8k_-_246_700
train,0aq56olz_-_111_719
train,0asgp62s_-_149_769
train,0axi2d2k_-_515_794
train,0b18361v_-_542_808_-_563_795
train,0b3j591y_-_143_692
train,0b815ptn_-_180_945
train,0b83rjpa_-_162_601
train,0b9g1maa_-_181_611
train,0bb3gc5u_-_332_838
train,0bd1lqp0_-_533_699
train,0bi9pd9v_-_252_639
train,0bidgrrr_-_618_577
train,0bo88u90_-_201_922
train,0boxd6bo_-_508_939
train,0bqz0a63_-_404_664_-_250_689
train,0brx1nuv_-_568_774
train,0bsd77ru_-_54_582_-_372_711_-_220_833
train,0bvd5zqj_-_268_652
train,0bwr0iz4_-_291_826_-_300_781
train,0bx3b6gq_-_136_675
train,0bx7agz0_-_348_721_-_567_761_-_387_733_-_575_730
train,0c248nbn_-_513_1030
train,0c38a57s_-_123_794
train,0c3i1koj_-_381_717
train,0c4mpt1r_-_187_914
train,0c7bx1mk_-_476_1239
train,0cca5r8f_-_311_801
train,0cdxmw6b_-_182_729
train,0cjbf4q6_-_478_880
train,0cmypvu7_-_310_687_-_516_692_-_416_664_-_287_674_-_481_689
train,0cow8vke_-_129_682
train,0coytxcn_-_611_777
train,0cu411vl_-_121_932
train,0dcxn54h_-_416_862
train,0dd6h9gb_-_355_767
train,0ddkg6e0_-_320_695
train,0dgv1ufz_-_263_1049
train,0dhjblm9_-_80_781
train,0dl601ks_-_432_593
train,0dnxs6an_-_530_639
train,0dnyt6m9_-_222_1077_-_269_1078_-_276_1051_-_209_1038_-_225_1026
train,0dp8xfub_-_282_606_-_645_586
train,0dpxop8x_-_147_706_-_170_688
train,0dqhh6dw_-_512_638
train,0dqp6tod_-_546_675
train,0dwb7839_-_552_794
train,0e1xb8g4_-_613_763_-_573_732
train,0e42m2aa_-_307_871
train,0e4r6t3o_-_366_694_-_431_704_-_420_692
train,0e4ssaop_-_202_612
train,0e5u5j3d_-_120_673
train,0e9hq6va_-_94_863_-_117_830_-_83_830
train,0ebp27dw_-_468_965
train,0eccixzv_-_240_734_-_251_732_-_255_734
train,0ed6rmpt_-_501_815
train,0efpyuh0_-_453_777
train,0ega3a18_-_90_914
train,0eh9z6z5_-_405_737
train,0elsng7g_-_217_571_-_208_597
train,0ep52jbp_-_592_646
train,0erjgqrs_-_176_657_-_440_657_-_470_678_-_201_640
train,0euljgoe_-_120_595
train,0evc2olr_-_70_606_-_247_696
train,0f3rqkw9_-_503_660
train,0f5h95sp_-_123_822
train,0f6yx41e_-_240_627
train,0f7hvig8_-_587_684
train,0fdbwhoy_-_127_574
train,0ffm6eah_-_430_698
train,0fg2of8n_-_286_724
train,0fjfle56_-_450_704
train,0fjrtz45_-_146_781
train,0fnj4asi_-_417_745_-_498_685
train,0fojfwqn_-_242_762
train,0frjcmce_-_344_830
train,0frlkslm_-_528_723
train,0fw6e8pz_-_300_611
train,0fytp3tc_-_91_577
train,0fyvgow1_-_481_708_-_223_734
train,0fzmiyxl_-_554_734_-_511_1027
train,0g05c8z8_-_565_779_-_394_960
train,0g16nl4t_-_298_574
train,0g2btcbi_-_381_844
train,0g5xi84j_-_392_727
train,0gajx519_-_501_769_-_508_799
train,0gbdb5vu_-_530_972
train,0gdxo1n9_-_177_663_-_478_611
train,0gftnc98_-_85_745
train,0ghu7fko_-_612_690
train,0gl5tcjy_-_191_1210_-_177_1267
train,0gm9xhud_-_193_1205
train,0gnsyluh_-_582_922
train,0gq82hc6_-_155_619
train,0guie9l6_-_74_692
train,0gwcy4w4_-_478_718
train,0gzuisu0_-_413_729
train,0h4y1nu4_-_444_746
train,0h7h5h2v_-_368_844
train,0h9hj0lk_-_286_643
train,0h9sougg_-_328_723
train,0h9sx0va_-_436_613_-_655_600
train,0hezi9y0_-_86_673
train,0hrywah8_-_163_609
train,0htyldss_-_361_851
train,0huii7k0_-_268_742
train,0i2f0pc4_-_514_760
train,0i6i7aux_-_318_840
train,0i7vnc4s_-_227_583
train,0i9icxgw_-_177_663
train,0iagydbl_-_340_705
train,0ibcvq8i_-_453_1022
train,0ieqc60y_-_553_625
train,0ivbsgpm_-_345_645
train,0j6u11fg_-_166_775
train,0j8i5meo_-_508_792
train,0jb60nm3_-_209_893
train,0jbkzh0u_-_440_766
train,0jf4lrmr_-_217_707
train,0jfh6gbi_-_397_634
train,0jgtkybi_-_392_708_-_392_698
train,0jh023u2_-_321_847
train,0jlgz08u_-_191_891
train,0jqx3y0e_-_412_726
train,0jtwjb39_-_144_716
train,0julinyx_-_236_1044
train,0jvv3yy5_-_491_762_-_493_747
train,0jw2c9h9_-_106_744_-_100_723
train,0jwhpnen_-_429_1266_-_376_1258
train,0jwl4x0k_-_429_773
train,0k6dl9w9_-_462_824_-_483_835
train,0k9oq72t_-_255_740
train,0ka77nvl_-_326_676
train,0ka7cpxx_-_254_719
train,0kcgab61_-_418_1014
train,0khb3s8g_-_187_1004
train,0khcc5w2_-_479_613
train,0kleo4cw_-_331_647
train,0kml77xi_-_235_788
train,0kn4jtcc_-_313_789
train,0knzo22n_-_483_725
train,0kp7au11_-_389_642
train,0kqubhe8_-_93_623_-_396_586_-_387_599
train,0krwwc4s_-_479_851_-_35_812
train,0ksd4kwe_-_274_900
train,0ktw9hvh_-_529_887
train,0kuzl9yo_-_416_879
train,0kvu55wn_-_435_835
train,0kzq80lq_-_566_571_-_330_620_-_421_666
train,0l2q79de_-_454_754
train,0l36gqyi_-_557_811
train,0lbakfzj_-_275_711_-_262_711
train,0lca4drw_-_241_719
train,0levn01n_-_630_573
train,0lhf1sgx_-_256_765
train,0lhloq3f_-_89_784
train,0li0beqx_-_309_698
train,0li0ds9v_-_99_868
train,0lk2hv1u_-_480_721_-_481_716
train,0lk9np2u_-_398_925_-_395_898
train,0lm4mzpc_-_177_1116
train,0lmfguzy_-_401_686
train,0lpgajyt_-_307_966
train,0lsxewtk_-_460_641
train,0luk5opx_-_337_909
train,0lw8hsz6_-_444_741
train,0m0jggfn_-_339_665
train,0m1r0qwl_-_561_912
train,0m1zupgf_-_196_642
train,0m39pbak_-_245_716
train,0m3ji4s7_-_283_748
train,0m5lxh7v_-_53_551
train,0m70sry5_-_271_744
train,0m7o7blw_-_377_762
train,0m9j7ayf_-_593_811
train,0ma0orck_-_338_825_-_343_815
train,0mahcsyg_-_115_925
train,0me64d2e_-_166_656_-_166_656
train,0mi6goa0_-_490_830_-_218_858
train,0mldg02l_-_293_666
train,0mlx9rvi_-_148_664
train,0mmurnzi_-_277_697
train,0mrk8s5f_-_410_944_-_433_934_-_411_930
train,0mrrjx5f_-_330_627
train,0mw5nhan_-_251_628
train,0mwa1rng_-_221_683_-_181_716
train,0n0hpl84_-_193_1000
train,0n249nsf_-_191_843
train,0n3ehr8i_-_469_962_-_480_1015
train,0n6oo8ck_-_425_1205
train,0n7if8gc_-_354_862
train,0n8h918x_-_483_520_-_382_538
train,0nbkcnga_-_175_613
train,0nbwgo0o_-_411_810
train,0ndnespm_-_175_636
train,0ngs1sae_-_253_962
train,0nje5jn0_-_342_750_-_25_569_-_344_751
train,0nlumvzu_-_163_744
train,0nmcj08e_-_186_821_-_465_873_-_168_812
train,0nxp5lvh_-_342_1330
train,0nyg8jbr_-_58_637
train,0o0o2bhi_-_161_874_-_109_962_-_435_895
train,0o2pawkl_-_59_646_-_45_628
train,0o3lgvuz_-_479_727_-_500_722_-_478_753
train,0o8l5qkj_-_137_689_-_149_683
train,0o9jnkug_-_433_749
train,0oa1ap5g_-_104_939
train,0odwfzmb_-_473_671
train,0ohmkkhs_-_93_824
train,0oi2n9wh_-_361_1109
train,0ondifvl_-_332_1243
train,0ou9qmmh_-_566_964
train,0p2yzxd4_-_136_758_-_182_775
train,0p5it013_-_138_922
train,0p6typb4_-_592_522
train,0p6x394v_-_286_711
train,0p700z7c_-_206_751
train,0p7b61g0_-_173_795
train,0pax3wyy_-_510_1015
train,0pbxzpol_-_554_831
train,0pd4lhbm_-_508_608
train,0pk5273y_-_386_694
train,0poeja90_-_524_1086
train,0ptt6084_-_443_775
train,0puh3u5o_-_240_919
train,0pydoeuy_-_182_899_-_154_866
train,0pzu4szx_-_252_763_-_645_777
train,0q8cy4cc_-_262_765
train,0qag669k_-_513_1197
train,0qip2sad_-_377_862
train,0qncbw9k_-_265_804_-_247_799
train,0qq06crl_-_601_825
train,0qqbqzos_-_498_811
train,0qzoefbj_-_270_629
train,0r041z6v_-_329_591_-_282_599
train,0r11yzjf_-_365_785
train,0r17u1ae_-_510_707_-_59_749_-_74_748_-_521_706
train,0r4l27lm_-_471_728_-_320_669_-_438_668
train,0r799n1o_-_519_780
train,0r7z7ho9_-_559_681_-_608_679
train,0rdehy9k_-_307_1068
train,0rdwexe8_-_182_718
train,0rl4pbbo_-_502_675
train,0rny19bs_-_266_703
train,0rvlefcp_-_113_623
train,0rxt8sj0_-_375_1269
train,0rzq0b1a_-_187_696
train,0s0hycnq_-_649_471_-_344_518
train,0s31ajfe_-_242_875
train,0s87tj0k_-_124_732
train,0s8bndn2_-_606_555
train,0s8lfxv2_-_329_999
train,0sbd00qy_-_128_692
train,0scljlc1_-_512_927
train,0sizyhb1_-_233_962
train,0sjkucgv_-_204_535
train,0slq54iw_-_388_721_-_370_743
train,0smj6hwk_-_326_962
train,0so8ajzo_-_533_769_-_463_732_-_453_801
train,0ss02k82_-_416_757_-_422_741
train,0suej9na_-_245_626
train,0svlenvl_-_159_607
train,0t0oo1tu_-_155_664
train,0t4hhfqj_-_579_686
train,0t710ljd_-_101_706
train,0t7j08jb_-_419_830
train,0t7uahlo_-_567_610
train,0t8ic4st_-_302_646
train,0tcgm7xq_-_373_717
train,0tezp5uq_-_209_721_-_240_750_-_247_740
train,0tggly31_-_354_979
train,0th0zklj_-_518_786
train,0thrm4eb_-_572_1058
train,0tj35t7o_-_188_838
train,0tjhtsf0_-_304_982
train,0tjw94ao_-_518_663_-_260_685
train,0tk45hkt_-_367_622
train,0tkt5h7p_-_396_826_-_363_917_-_424_808
train,0tncl6wt_-_506_500_-_457_500
train,0tqz78hk_-_86_648
train,0tuqo5f0_-_342_726
train,0tw0m1s7_-_422_835
train,0u0vb9tb_-_601_746
train,0u2380tv_-_430_650
train,0u47g6z8_-_528_762
train,0u6k3e3f_-_127_837
train,0u6z2p07_-_403_583_-_173_570
train,0u8r2bz9_-_392_719
train,0u9yjg17_-_275_747_-_324_801
train,0ub6ym1l_-_541_855
train,0ub7040q_-_166_715
train,0ufcogw0_-_464_785
train,0ujfj48g_-_155_874
train,0ujuzoyo_-_373_873
train,0unu1uol_-_390_609
train,0uopulxe_-_247_979
train,0uwdrd5z_-_126_630
train,0uwrbpfe_-_479_709
train,0v0nby46_-_297_722
train,0v16yp50_-_602_735
train,0v3gecrw_-_490_669
train,0v439pgb_-_354_689
train,0v44edsq_-_400_803
train,0v4oh443_-_234_589
train,0vcxa340_-_278_675_-_467_705
train,0ve0fyaa_-_315_698_-_327_705
train,0veldevs_-_268_736_-_226_760_-_192_775_-_279_792_-_252_743
train,0vksnk1u_-_156_685
train,0vmq3uy5_-_157_677_-_336_679
train,0voyzbya_-_322_1188
train,0vsua2na_-_234_778
train,0vtriu8b_-_545_575
train,0vu3in8t_-_127_711
train,0vwc08qi_-_472_643_-_481_668
train,0vxxak0v_-_117_670
train,0w09svoa_-_604_720_-_204_594
train,0w2evxuu_-_555_617_-_344_618
train,0w46imfj_-_161_837
train,0w4ln3vv_-_245_679_-_236_720_-_202_692_-_211_718
train,0w4vgd4s_-_583_671_-_566_672_-_341_662
train,0w6unal5_-_617_617
train,0w6uxr8y_-_501_754
train,0waw5rrv_-_151_702
train,0wbal6bj_-_210_909_-_209_899
train,0wbsl2ly_-_462_802
train,0wg4asa3_-_287_1133
train,0wku738h_-_350_706
train,0wlpo1wv_-_324_860
train,0wmbjbu1_-_139_645
train,0woj8lu5_-_363_704
train,0wtmx7fa_-_567_740
train,0wvii69u_-_101_660_-_388_642
train,0wyvxxdy_-_122_874
train,0x1jfcu3_-_437_600_-_620_606
train,0x4y8yks_-_221_735
train,0xc509jb_-_217_866
train,0xcfj1tf_-_416_736
train,0xirhjn8_-_489_1217
train,0xl56ybk_-_514_583
train,0xn7isge_-_368_616
train,0xu0rjr3_-_289_659
train,0xwinv9f_-_333_679
train,0y0thk5d_-_98_731
train,0y22eqn0_-_415_749
train,0y8no9j4_-_444_630
train,0ybu3wdf_-_367_659
train,0ydzn6za_-_378_790
train,0ydzs3jj_-_489_843
train,0ygmu2vv_-_162_661
train,0yi8jc8s_-_586_924
train,0yjvn704_-_239_817
train,0ym9g0so_-_557_935
train,0yu033k2_-_223_725_-_419_676_-_455_650_-_420_681_-_181_721
train,0yxfo8bc_-_414_731
train,0yxt6wpk_-_184_908
train,0z7jxpco_-_484_652
train,0z8b696x_-_454_733
train,0z9h4bgy_-_501_748
train,0z9nxrpb_-_429_765
train,0z9p0o84_-_564_692
train,0zd3v1g2_-_518_634
train,0zdbahj0_-_486_748
train,0zfd6p5n_-_375_948
train,0zg4nod9_-_104_644_-_315_675
train,0zicdd5e_-_210_675
train,0zivgxn8_-_140_635
train,0zk19q13_-_600_695_-_323_656
train,0zmaop5h_-_568_863
train,0zsj69wp_-_611_671
train,0zvbdw29_-_91_558
train,0zwqjhnk_-_163_628_-_339_630_-_195_661
train,0zzmeiib_-_222_794
train,10b6ii60_-_496_908
train,10e7yv7w_-_177_1267_-_191_1210
train,10eempta_-_247_813_-_252_822
train,10eqrfxf_-_493_697
train,10eylh9e_-_71_658
train,10gxoluo_-_562_744
train,10l7389d_-_320_899_-_337_938_-_343_932_-_346_913_-_328_909_-_313_898
train,10n4z2ld_-_271_687
train,10p5eyzl_-_343_604
train,10xle4el_-_396_699_-_596_712_-_386_694
train,110d28ay_-_519_590
train,114693xl_-_271_803
train,11b03hdn_-_595_695
train,11duua7l_-_108_861
train,11g5c64u_-_328_884
train,11k4diiu_-_546_646
train,11k8kwl3_-_109_857
train,11n6st69_-_379_976
train,11olw3h5_-_473_665_-_442_655_-_420_660_-_449_630
train,11pjv9at_-_127_643_-_281_609
train,11ptuchz_-_385_730
train,11t7aoge_-_55_663
train,121jwf6z_-_569_723
train,1233c0hu_-_408_644_-_447_573
train,123s4b4r_-_214_795
train,125r5xl9_-_324_648_-_539_674
train,12comtex_-_219_790
train,12lwm2pv_-_391_755
train,12m2u4f2_-_135_739
train,12mn5lyi_-_277_682
train,12ovkh7m_-_196_690
train,12phmn45_-_149_893
train,12v0saye_-_162_670
train,12xvmd4p_-_611_594
train,12yiqaza_-_239_718
train,136nc0d6_-_267_747
train,138mimwj_-_363_589
train,13kb4d8h_-_101_788
train,13kbk0p6_-_70_736
train,13kh4rnz_-_192_785
train,13l5vdi0_-_487_1011
train,13ljcm5l_-_520_1058
train,13ngqdix_-_347_765
train,13nu1hen_-_390_1052
train,13ojv3s3_-_290_779
train,13pwh7wt_-_468_712
train,13rfwf20_-_146_730_-_70_711
train,13rv7xes_-_443_655
train,13t1agbl_-_198_837
train,13vat0v5_-_439_1011
train,13w2d2fc_-_223_802
train,140ld7tb_-_248_916_-_336_925
train,140m9v2x_-_185_674_-_162_636
train,140u2g60_-_79_765_-_48_723_-_78_768_-_71_766
train,142ernrd_-_302_767
train,1483uc5z_-_560_719
train,149odyri_-_120_729
train,14doaeph_-_117_832
train,14e0un18_-_103_797
train,14i6zl6k_-_507_900_-_548_918_-_531_930_-_524_946
train,14jy8ipd_-_562_1063
train,14lghgai_-_109_714
train,14lqttbj_-_122_755
train,14qwc67z_-_601_837
train,14sylv4v_-_321_809
train,14t70c1d_-_391_1240
train,14z04sez_-_416_716
train,156uolt1_-_207_573
train,1588xigm_-_597_709_-_182_646
train,15bowkoe_-_324_671
train,15ep3e7z_-_309_816
train,15eq6r4z_-_305_586_-_330_582_-_333_570
train,15o6qqle_-_244_1092
train,15ol2mej_-_253_715
train,15ontmni_-_346_666
train,15qb2js5_-_439_829_-_84_899
train,15tu23fd_-_477_707
train,15vq7lmk_-_263_1195
train,15w8hotp_-_123_756
train,15wbnxva_-_130_811
train,15xbop1b_-_458_616
train,15xwqe2h_-_623_651
train,15yirnn9_-_294_717
train,15yjcjuj_-_484_654
train,161k4sfp_-_183_663_-_192_649
train,161pje23_-_456_727
train,162bs6bf_-_448_717
train,16335ixb_-_495_752
train,1633sxhr_-_300_589
train,16dwfiko_-_397_750
train,16ekjjx3_-_204_737
train,16kvs7by_-_230_879
train,16kxzzm9_-_425_817
train,16r5nfrn_-_331_630_-_341_705_-_651_540
train,16rwaeph_-_404_1024
train,16w35q5l_-_487_645
train,16xrhlon_-_443_669_-_426_671
train,16yj9hx7_-_261_796
train,16zzkpop_-_73_762
train,172bzibz_-_381_876
train,1738orqm_-_514_777
train,173e3x10_-_410_763
train,1753edfj_-_315_794
train,175hu6bz_-_206_787_-_232_815
train,1783nw2t_-_605_738
train,178y78d0_-_393_714
train,17avh4ar_-_192_663
train,17eqlsed_-_562_951
train,17et22el_-_338_737_-_356_757
train,17g89n49_-_432_738
train,17gawyxm_-_453_699
train,17hixh1c_-_127_595
train,17hv824z_-_95_853
train,17kb4v7s_-_168_609
train,17kmev1y_-_591_646_-_463_653_-_477_647_-_472_644
train,17l3q6pr_-_445_723
train,17nr81mi_-_469_676
train,17o3vbdb_-_393_752
train,17oippcl_-_236_1039_-_216_1087
train,17opbxvr_-_120_738_-_434_636_-_61_824
train,17ss8ibi_-_350_754_-_375_762
train,17t6ck2n_-_237_870
train,17ta2kmp_-_348_677
train,17tlcb3k_-_378_693_-_378_705
train,184hyaxp_-_351_776
train,1855y15h_-_408_606
train,1881me6c_-_620_520_-_298_511
train,18871pfu_-_286_579_-_294_586_-_298_586_-_265_588
train,18b0o11c_-_368_654
train,18b145yi_-_341_1169
train,18br7tjk_-_578_968
train,18ch2md7_-_426_742
train,18cq1xv4_-_201_755_-_180_738
train,18dcshu4_-_356_728
train,18e3sh2y_-_489_833
train,18efy4id_-_243_769
train,18hvk5l4_-_579_719_-_569_720_-_70_737
train,18ie5wwj_-_200_694
train,18iiql77_-_265_735_-_669_773
train,18iu4rsi_-_168_806
train,18lcztun_-_322_728
train,18mdj3r9_-_297_736_-_275_740_-_29_735
train,18r6f2ww_-_618_697_-_638_647_-_190_544
train,18ss8uv7_-_327_731_-_353_703_-_332_693
train,18w4avyj_-_574_817
train,1901boe6_-_481_739_-_344_729_-_489_739_-_506_762_-_502_759_-_316_726
train,1915rbql_-_349_842
train,19259piw_-_384_743_-_108_739
train,19461ss9_-_263_654
train,19f1r8e1_-_423_701
train,19ftqe46_-_398_766
train,19i64wk8_-_192_572
train,19jd0sa3_-_238_630
train,19jzmnpf_-_420_586_-_565_518
train,19ktkie3_-_395_848
train,19l7sedm_-_504_849
train,19ljtyaw_-_319_920_-_366_1027
train,19lw04k3_-_610_704
train,19o5z6ti_-_194_661
train,19r6d19z_-_554_702
train,19uffw4o_-_490_923
train,19uqgioy_-_397_769
train,19xcx8aq_-_268_635
train,19yb1pqb_-_597_709
train,1a37o5t5_-_136_686
train,1a3u4a36_-_270_708
train,1a8nebcg_-_325_1269_-_439_1199_-_384_1364
train,1a9npo93_-_469_715_-_211_730_-_220_701
train,1ab4h9zd_-_515_659
train,1abxnhkq_-_136_666
train,1agh8zcq_-_340_569
train,1al2dne6_-_566_722
train,1an5qf64_-_420_1059_-_400_1159
train,1anxyblk_-_542_636
train,1awpz30b_-_259_643
train,1ayvvbf9_-_191_733
train,1baj5i8k_-_132_782
train,1bj87qpr_-_192_593
train,1boevh1q_-_65_621
train,1bs633zh_-_350_795
train,1buubo01_-_594_762
train,1bwbol19_-_357_639_-_362_649
train,1bynildd_-_572_700
train,1c0s3t9z_-_431_727_-_217_720
train,1c2n9bsc_-_210_718
train,1c6nnv1p_-_170_708
train,1ccrrg9u_-_326_795_-_308_788_-_287_807
train,1cgsje80_-_463_851_-_396_953
train,1cjqoxps_-_448_722
train,1cjvvoa6_-_565_804
train,1ckaf6en_-_595_614
train,1cmdq9cz_-_252_645
train,1cmqv7g1_-_141_717
train,1cph66ka_-_148_653_-_512_563
train,1d0yfdd6_-_76_748
train,1d0zosyb_-_611_776_-_306_711
train,1d2gbchz_-_235_691
train,1d61jjlr_-_177_678
train,1d7nbmu6_-_520_961
train,1dacpyf2_-_506_658
train,1dezdsjy_-_361_970
train,1dfe2460_-_423_801
train,1dh4m1zd_-_344_729
train,1dlm2l12_-_249_913
train,1dozo74m_-_364_800
train,1dqj9s5c_-_232_815_-_206_787
train,1dqq28f3_-_156_1257_-_121_1282
train,1dufli1s_-_257_1231
train,1e6v0tgf_-_155_1175
train,1e8iwb1j_-_523_938
train,1eayjtwt_-_264_666
train,1eb04t87_-_503_738
train,1ec8x5fj_-_277_671
train,1edty65m_-_143_840_-_143_842_-_573_819_-_652_868
train,1eio3sz1_-_298_848
train,1eioh5j5_-_513_822
train,1ejj9x9j_-_508_931
train,1ek5b7n1_-_332_582
train,1enzafkb_-_501_658
train,1eofu1yq_-_80_805
train,1ercpljb_-_88_705_-_81_714
train,1f0utptc_-_172_784
train,1f31q8bx_-_294_792
train,1f3fouku_-_200_612_-_288_554
train,1f3im14d_-_486_718
train,1f3uxpg4_-_582_624
train,1f4ip0ev_-_482_771
train,1f77hgw1_-_349_628_-_341_622
train,1f8f65ss_-_192_556_-_549_804_-_652_750
train,1faisg6z_-_373_644
train,1fdu50n3_-_291_983
train,1fflq9vl_-_449_596_-_321_658
train,1fr4pfyl_-_573_707
train,1fxefu7c_-_145_1011
train,1fxvbl21_-_392_709
train,1fy1fma5_-_232_899
train,1fzdjdej_-_73_696_-_473_781
train,1fzot7nt_-_476_837
train,1g2ayc7d_-_117_596_-_353_603
train,1g96oju4_-_345_730_-_389_735_-_378_746
train,1gcep8ee_-_253_947
train,1gdgslk9_-_281_752_-_284_746
train,1gfbn8z8_-_384_747
train,1gg6dlmh_-_507_704_-_495_708
train,1ggqq7h6_-_110_904
train,1gkj6ybf_-_100_747_-_455_577
train,1gm4syi6_-_354_661
train,1gmxjiw1_-_136_630
train,1goxzwnp_-_147_745
train,1grj3ucx_-_586_566
train,1gsu5xef_-_228_1014
train,1gta5lzs_-_523_685
train,1gtpz6en_-_581_796
train,1guxpdie_-_406_638
train,1gysgku1_-_69_761
train,1h3s7k6q_-_348_738
train,1h4nq17m_-_168_1012_-_143_1065
train,1h86po47_-_216_731_-_471_814_-_380_713
train,1hado6nr_-_234_627
train,1hau89hz_-_340_679
train,1hd1z91k_-_315_796
train,1hg13zbg_-_560_781_-_176_924
train,1ho16mbi_-_142_727_-_148_722
train,1hqm97ep_-_531_794
train,1hs1jlo6_-_554_681
train,1hx6jkxn_-_310_963
train,1hyvg15v_-_387_625
train,1i0sc1z6_-_63_562_-_61_551
train,1i2pxq5r_-_531_699
train,1i36uu20_-_129_672
train,1i4r835f_-_491_633
train,1i9bw6xx_-_557_855
train,1ic5yf5f_-_177_731
train,1ilcu40n_-_147_918
train,1ipcfckb_-_253_1317_-_214_1194
train,1isjkvt4_-_440_845
train,1itaobwx_-_146_710
train,1iti3p1u_-_286_680
train,1ix3stfc_-_258_853
train,1ixwennp_-_60_595_-_65_587_-_501_597_-_55_591
train,1iyqgsnz_-_406_811
train,1izrc6sq_-_120_663
train,1j369o7z_-_67_581
train,1j3tmgwy_-_355_858_-_374_872_-_417_874
train,1j3xnzny_-_372_907
train,1jbdtx20_-_519_612
train,1jd042bx_-_352_771
train,1je0opro_-_138_697
train,1jehgcfx_-_359_743
train,1jl3op2j_-_57_663
train,1jlxrrf5_-_424_667_-_420_669_-_399_670
train,1jndbefd_-_521_773
train,1jofgzm7_-_360_738
train,1jq966pa_-_178_857_-_368_696_-_256_797_-_66_603
train,1jwyr766_-_97_773
train,1jxzo8mn_-_261_634
train,1k3lutup_-_431_653_-_394_663
train,1k92pt7o_-_334_1212
train,1kf4gg8y_-_342_783
train,1khnwlki_-_541_698
train,1ki6k536_-_564_732
train,1knxo37s_-_483_805
train,1kocri1c_-_460_739_-_472_761
train,1kp48i9k_-_115_555_-_88_568_-_147_569_-_144_549
train,1kspq0kk_-_169_747
train,1ktjaark_-_114_801
train,1ktxslq0_-_338_884
train,1kvcqxvs_-_300_811
train,1l68hzlr_-_418_750
train,1l6z14t4_-_276_785_-_270_795_-_284_783
train,1l76ponv_-_297_612_-_328_595_-_317_660_-_307_656
train,1lbkdwkl_-_484_781
train,1li08knz_-_327_759
train,1lizx56e_-_386_734
train,1ll7bka3_-_142_772
train,1lmqe8yy_-_409_682
train,1lp97trb_-_371_782_-_408_818
train,1lq0ha1h_-_321_825
train,1lrqzj70_-_128_721
train,1ltv1v4z_-_126_1020_-_175_1003
train,1lx71h04_-_356_833
train,1ly55c04_-_598_750
train,1m1tgo0i_-_475_641_-_171_641
train,1m3ts3gn_-_201_686
train,1m7cksfu_-_260_772
train,1mbr45pg_-_485_776_-_130_764
train,1mbwustw_-_48_609
train,1mcpzk4a_-_367_952
train,1me44jk3_-_541_805
train,1mes9jd4_-_265_726
train,1mk3d3td_-_381_942
train,1ms70q13_-_179_854
train,1mwrwqsh_-_577_645
train,1mwzcuxq_-_255_592
train,1myi0pc6_-_375_765
train,1mz1pzgq_-_350_746
train,1n4l40qh_-_228_953
train,1n5bto6x_-_362_691
train,1n6xrfj8_-_456_654_-_463_654
train,1n8okxgs_-_134_1004
train,1n9jd5ob_-_303_574
train,1nc0ot0i_-_455_658_-_265_583_-_481_523
train,1nenfywn_-_394_639
train,1nigvfwi_-_299_626
train,1nivyzte_-_595_677
train,1njixowk_-_171_791_-_21_694
train,1nljvf6t_-_123_661
train,1nndxyr1_-_303_724_-_278_745
train,1nofm8lk_-_206_587
train,1npfbp7f_-_262_893
train,1npt7kvc_-_134_803_-_146_789
train,1nqeweyn_-_208_741
train,1nvou7k5_-_135_688
train,1nxwd4o1_-_318_686
train,1o02hiim_-_162_1194
train,1o0bt3ho_-_290_707_-_423_649
train,1o1mgya0_-_322_857_-_156_826_-_314_856
train,1o2b8984_-_567_760
train,1o44zdii_-_428_975
train,1o5ofwpi_-_608_588
train,1o82xqwv_-_528_747
train,1odveamv_-_474_797
train,1oewn525_-_179_736
train,1oh5054f_-_151_732
train,1ohuwux2_-_396_828
train,1oixm9xm_-_558_798
train,1on2l47w_-_453_1004_-_420_1013
train,1os42t91_-_97_690
train,1ov7sii6_-_575_840
train,1ow69li6_-_276_740
train,1p31ctqr_-_551_801
train,1p37khey_-_200_708_-_116_815
train,1p44tqll_-_454_889_-_521_928
train,1p47nn54_-_115_675
train,1p6pu5jg_-_132_683
train,1p7lc2qx_-_110_719
train,1paghw7y_-_331_576
train,1pe50lpc_-_298_858_-_342_859_-_317_866
train,1phqmgb7_-_473_640
train,1pi43odt_-_296_755
train,1pp8fux4_-_347_797
train,1pppv196_-_584_711
train,1pq6y8i5_-_166_869
train,1ps93f0n_-_501_759
train,1ptjazud_-_152_730
train,1pvaryce_-_212_739
train,1pvybhts_-_93_632
train,1q6dluq2_-_460_944
train,1q8xwich_-_242_691
train,1q90jcyw_-_589_687
train,1qeyf8sw_-_151_886_-_230_1142
train,1qhsmkju_-_188_656
train,1qp1w43m_-_355_584
train,1qq8chvt_-_478_819_-_476_843_-_486_842
train,1qsj8p62_-_611_698
train,1qtftah6_-_375_805
train,1qv39rgg_-_474_648
train,1qzjefye_-_139_685_-_570_695_-_566_673_-_93_705
train,1r2tio3m_-_590_895
train,1r3adaup_-_174_1114
train,1r3i1l68_-_418_888
train,1r5m4up5_-_260_1223
train,1r7jjrbr_-_124_749
train,1rbey9yu_-_280_686
train,1rcpb1lw_-_541_830
train,1rk25teg_-_83_672
train,1rozcrti_-_265_912_-_265_912
train,1ruft1di_-_318_775_-_333_753
train,1rwvj2cl_-_584_781
train,1s2ymedq_-_91_669_-_120_759
train,1s4g3n5x_-_577_594_-_322_608
train,1s54xsv4_-_491_706
train,1sc3qk3i_-_411_936
train,1sfbi1w2_-_324_748
train,1sft9s8t_-_423_692
train,1sgmj751_-_257_758_-_404_901
train,1sjo066u_-_411_643_-_658_674
train,1soqq7m2_-_189_760
train,1sqv6z4a_-_513_718
train,1ssov1al_-_483_752_-_109_785_-_71_810
train,1sufajpe_-_275_990_-_635_1023_-_299_959
train,1svissks_-_291_602_-_633_620
train,1swo8w3j_-_482_684_-_179_723
train,1t3cbl09_-_390_861
train,1t3eayvd_-_68_639
train,1t6wdqpy_-_462_726
train,1tbcmrn9_-_384_608
train,1tdc7pz6_-_289_986
train,1tdevwel_-_380_850_-_380_850
train,1terftm1_-_443_660
train,1tewitha_-_359_777
train,1tf5kmo3_-_332_690
train,1tn3u7sr_-_564_511
train,1tpy5o3f_-_195_649
train,1tto28bz_-_536_672
train,1twsys76_-_580_542
train,1tyy778c_-_576_828
train,1tzyiyiw_-_126_626
train,1u282ls3_-_490_553_-_369_559_-_379_574_-_504_571
train,1u2dx1b9_-_366_691
train,1u2jftb6_-_352_929
train,1u5tz7y1_-_397_657
train,1u7h3wnq_-_354_707
train,1ua4iksi_-_286_798
train,1uacsdrq_-_117_684
train,1ufudid3_-_536_560_-_17_555
train,1ugzxjgn_-_96_726
train,1uir4djh_-_162_812
train,1ukduslk_-_75_816
train,1ulvtwjp_-_422_705
train,1unhycp5_-_224_637
train,1ut18pt1_-_65_567_-_515_584
train,1ux7bvqu_-_249_624
train,1v1uudmi_-_376_769
train,1v1vq6bz_-_268_729_-_410_909_-_224_711_-_409_866
train,1v35gmkk_-_224_747
train,1v3c6glh_-_606_761
train,1v70e3ge_-_405_1342
train,1v8wqvj7_-_300_668
train,1v9fduuh_-_167_739
train,1vchhgva_-_176_700
train,1vcq7tgy_-_411_823
train,1vfw06yr_-_458_893
train,1vke3uev_-_110_757
train,1vl8apgw_-_172_620
train,1vla2422_-_541_619
train,1vlvogkp_-_258_1318
train,1vmrwmcg_-_506_901
train,1vr5e8xw_-_188_698
train,1vrev77w_-_194_710
train,1vsceazo_-_152_728
train,1vt48vpr_-_535_906
train,1vvzlcrd_-_265_736
train,1vxx2yxm_-_296_1076
train,1w50tmkj_-_125_689
train,1w5kr0si_-_134_945
train,1w737bqj_-_542_851
train,1w91140c_-_232_824
train,1wa95dcq_-_326_632
train,1waovv26_-_430_729
train,1waus50g_-_351_645
train,1wbrf2nf_-_616_697
train,1wcsadec_-_177_756
train,1wmgobxc_-_101_651
train,1wmwjc5z_-_212_726
train,1woljxdx_-_440_764
train,1wq8uc7x_-_444_692
train,1wrdsjec_-_545_848
train,1wt386z3_-_467_743
train,1wv82u2l_-_489_739_-_344_729_-_506_762_-_502_759_-_316_726_-_481_739
train,1wx1xxed_-_240_597_-_318_589
train,1wydjqs0_-_465_706
train,1x061qjx_-_593_800
train,1x12w4do_-_479_669
train,1x1bnoer_-_626_651
train,1x3rlrhe_-_531_790
train,1x6441oy_-_581_714
train,1x7csovp_-_495_1044
train,1x7kr3gl_-_493_631_-_182_659
train,1x81uce8_-_595_639_-_263_627
train,1xaaisgo_-_123_768
train,1xavvoyt_-_339_758
train,1xbzhyjv_-_158_678
train,1xcx2uj5_-_540_629
train,1xdfenbi_-_567_722
train,1xeja4bv_-_271_717
train,1xfa0n5o_-_479_707
train,1xfiacc5_-_308_558
train,1xg32u2c_-_308_804_-_24_804
train,1xhfuyfv_-_528_833
train,1xhxo0bu_-_391_659
train,1xjiwd44_-_338_804
train,1xnpqiax_-_64_716
train,1xoqthed_-_369_926
train,1xsn3ssk_-_452_620_-_478_708
train,1xx3qw4w_-_260_769_-_248_805
train,1y0g65o8_-_422_980
train,1y2kt1hj_-_486_626
train,1y39i13o_-_315_738
train,1y3poufv_-_146_926
train,1y6xb5kl_-_435_604
train,1y7v7m6t_-_434_829_-_418_805
train,1ybwbfj9_-_328_682
train,1yfmk4x4_-_505_627
train,1yfrcomh_-_580_674
train,1yhopyj4_-_121_499
train,1yiavftd_-_307_818
train,1yj4goeg_-_102_756
train,1yktw4cj_-_602_752
train,1yl5f0xo_-_492_673_-_509_709
train,1ymc42p8_-_280_748
train,1yme3wf7_-_112_594_-_114_604
train,1yovzcij_-_584_671_-_387_691
train,1yr196zd_-_538_668
train,1ysn8xt1_-_133_752
train,1z32hf1o_-_421_700_-_233_837
train,1z6w5wbl_-_512_654
train,1z8zy1dd_-_147_805
train,1z9sqv31_-_63_669
train,1zhgpbta_-_430_806
train,1zifwi3n_-_201_807_-_203_797
train,1zlyre49_-_79_765
train,1znxg7s2_-_358_854_-_418_891
train,1zso3ihy_-_225_996
train,1ztvo0sd_-_553_693_-_143_720
train,1zu89dz5_-_280_891
train,1zupbgbg_-_598_863
train,1zxb2qnw_-_227_736
train,1zxmk28a_-_569_644
train,1zyhdvl4_-_150_1241
train,1zyqzmep_-_346_682
train,20263fel_-_574_568
train,2045zrr7_-_520_948_-_415_1049_-_48_836
train,204qi6q6_-_343_660
train,2067rzdj_-_175_1168
train,20aqw3zm_-_352_764
train,20b9ynu4_-_348_653
train,20e7a6ov_-_206_807
train,20gz269d_-_544_840
train,20ifspvg_-_427_714
train,20kr9diz_-_301_786
train,20mmlsus_-_322_646
train,20nlhwbf_-_526_625
train,20nlzpsw_-_141_660
train,20o52dya_-_121_796
train,20odwyv4_-_570_840
train,20verxxo_-_501_757_-_477_747
train,20y0yiki_-_114_844
train,21fdkmww_-_439_703_-_665_746
train,21hpww7u_-_461_768
train,21njdj3y_-_375_1210
train,21ovhx66_-_487_732
train,21t74z9p_-_587_945
train,21t8de9j_-_541_683
train,21x7m15d_-_263_751
train,21xsmunx_-_303_783
train,222wck2f_-_419_836
train,226uodif_-_438_511
train,229m99uu_-_155_643
train,229xk0nv_-_304_592
train,22b7rvbk_-_310_789
train,22fqvs63_-_75_683
train,22jmmlqm_-_211_648_-_265_601
train,22km336p_-_184_733
train,22q2bbs0_-_463_863
train,22t51f47_-_575_819
train,22uqu852_-_178_891
train,22voy59j_-_527_935
train,22yzopz9_-_294_1015
train,22znpg2i_-_259_693
train,233n8gfh_-_399_657
train,233o8vjd_-_459_655_-_306_644
train,2353jj2m_-_106_829
train,2378dhiw_-_284_684
train,238xjnl9_-_185_731
train,23ahqd8d_-_359_856
train,23ammba0_-_566_623
train,23fg3pvc_-_562_597
train,23hv9yta_-_203_561
train,23s6v6hl_-_442_754_-_533_873
train,23tfs7zm_-_467_672_-_470_704_-_449_685
train,23uvuzbz_-_339_766
train,23vlxfpt_-_157_734
train,23wnybfe_-_50_617
train,2470wx99_-_232_1169
train,24dzh0p1_-_121_999
train,24jwfflo_-_423_760
train,24l6db0o_-_138_701
train,24mbfjtf_-_441_967
train,24nd72m7_-_582_642
train,24pi6iyk_-_446_1067
train,24qupuj5_-_481_679
train,24u9t7rb_-_450_837_-_416_805
train,24x8dk20_-_359_879
train,24yk4q0c_-_260_713
train,252v6br4_-_343_766
train,253iiyb4_-_158_575_-_461_579
train,25ayhc73_-_440_1190_-_382_1237
train,25b5qgwn_-_376_688
train,25bwxscu_-_253_620
train,25ccguwo_-_499_770
train,25fpqj8z_-_232_736
train,25gytjwv_-_520_1292_-_142_978
train,25iessmn_-_285_764
train,25k26uow_-_371_699
train,25ll48xm_-_511_679
train,25pxtbun_-_204_1071
train,25q56rje_-_516_1195
train,25qg4bf3_-_111_780
train,25u6ho2v_-_205_674
train,261w87ai_-_379_657
train,268i980n_-_453_755
train,26feqkfm_-_238_741_-_275_730
train,26gtzotn_-_442_680_-_452_680
train,26j0pkg5_-_585_730
train,26vbojy5_-_393_949
train,26yaha2n_-_94_757
train,26zktb7i_-_218_793
train,276mrqv6_-_397_834
train,277585h8_-_335_647
train,277wxbzk_-_126_581
train,27a7g6vs_-_97_750_-_79_745
train,27bcpchj_-_96_779_-_538_697
train,27izo01o_-_86_574
train,27j9z7n8_-_546_725
train,27jmdogb_-_177_792
train,27khxe1m_-_415_919
train,27kwwiqu_-_309_878
train,27o3pslv_-_203_725_-_200_735
train,27rbfyqw_-_251_745
train,27ya05b2_-_121_999
train,27z6w80p_-_229_821
train,283y1jga_-_579_977
train,2856xliz_-_239_765
train,285n7ma5_-_410_1169_-_405_1139
train,28bgsg1f_-_164_805
train,28fbyyav_-_330_775
train,28g39pu2_-_281_972
train,28gx5prm_-_438_996
train,28hvdtav_-_337_726
train,28i0qpwy_-_556_711
train,28i8n2yv_-_569_617
train,28iow6n2_-_388_536
train,28n7vjox_-_455_944
train,28p4q4nx_-_357_808
train,28w841e3_-_578_732
train,28wcxqdf_-_239_922
train,28wh49ac_-_422_722
train,296yes0o_-_498_726
train,29eu9381_-_572_546
train,29g79t14_-_496_824_-_471_818
train,29jhda9m_-_118_759
train,29l356kg_-_420_745_-_632_735
train,29mzhpis_-_197_673
train,29qf4z3h_-_194_723
train,29rro40h_-_340_781
train,29u6tce8_-_614_684
train,29vj3gib_-_372_784
train,29wgzyyy_-_580_893_-_563_900
train,29yvb0s2_-_234_566
train,2a1z3y27_-_72_618
train,2a25ncf2_-_426_665_-_242_770
train,2a2etxxd_-_246_1043
train,2a5v1zq8_-_193_682_-_653_741
train,2a7qvvts_-_584_885
train,2ab2e2q1_-_259_857
train,2ac6wco1_-_173_630
train,2adqfg8u_-_595_751
train,2ai6deom_-_165_750
train,2aiuusz9_-_403_642
train,2ak45l80_-_186_614
train,2al2nu1a_-_383_704
train,2amn17a0_-_494_1054
train,2aq549zk_-_309_696
train,2arn2k8t_-_480_768_-_312_669
train,2arpuxxc_-_352_768
train,2atriq8y_-_317_681
train,2avchbqh_-_111_783
train,2aw3yepo_-_271_899_-_262_887
train,2ax4prim_-_595_749
train,2axyz0mc_-_528_668
train,2ay9fu76_-_101_957
train,2ayny7ai_-_286_982
train,2azi7d6n_-_559_933
train,2b1114en_-_196_800_-_210_796
train,2b3s5fzw_-_57_612
train,2b3yd2p2_-_546_1053_-_497_1059
train,2b4fa2ct_-_245_682
train,2b93ndhg_-_182_794
train,2be0kcwa_-_168_858_-_13_838
train,2bgwl5st_-_270_912
train,2bndxc9m_-_353_799
train,2boosyz0_-_181_789_-_220_793
train,2bq8bvj1_-_196_734
train,2bxvetmo_-_446_926
train,2c15pfu0_-_392_709
train,2c2w9xzl_-_508_1069_-_519_1059
train,2c4pvsbx_-_125_974
train,2c6l36fr_-_502_759
train,2c7ma65h_-_533_578
train,2ccvpr8z_-_441_865
train,2cf5zsvg_-_602_735_-_330_707
train,2cihxv2v_-_394_688
train,2cjalto5_-_98_797_-_654_750
train,2cjkgbbr_-_194_649_-_223_650_-_253_644
train,2cjz5tkk_-_377_885
train,2co0dwnq_-_241_702_-_266_709
train,2cr3yg6i_-_291_642
train,2cvyaoee_-_307_886
train,2d1duqdd_-_203_735
train,2d6u6z2a_-_180_848
train,2d96sg77_-_469_652
train,2dbw80ys_-_132_803
train,2dfx14dz_-_510_547
train,2dg4phsh_-_284_819
train,2dnxwrof_-_360_962
train,2dsce15z_-_364_851
train,2du72fwo_-_309_800
train,2dunhudh_-_66_678
train,2dy6ja30_-_414_669_-_116_656
train,2e1mxg7b_-_487_923
train,2e1qahff_-_422_814
train,2e8l60wj_-_299_778
train,2ebek7ff_-_410_745_-_387_765_-_400_751
train,2edbnaj8_-_419_1029
train,2eew3hiv_-_567_851
train,2ek8tbuh_-_605_716
train,2ekw14ug_-_192_701
train,2elnnv3j_-_522_754
train,2en989bh_-_236_696
train,2ep7wsoj_-_211_755_-_222_675
train,2esobvs8_-_287_581
train,2eum8c1o_-_441_720
train,2ew35304_-_160_667
train,2ezffeh6_-_346_754
train,2f0127wl_-_380_850_-_380_850
train,2f0h1p7g_-_479_768
train,2f3e6hf3_-_283_722
train,2f4gboaw_-_233_693
train,2f4nb32g_-_170_688_-_147_706
train,2fc8zspq_-_596_782_-_575_816
train,2fdgm1tn_-_140_586
train,2fdubbyy_-_440_594
train,2fftdiqj_-_301_681_-_658_698
train,2fhtemxq_-_525_861
train,2fieot9g_-_339_725
train,2fl2ifik_-_561_809
train,2fmiemm9_-_208_553
train,2fnuvw0u_-_503_477
train,2fnvghgx_-_271_640
train,2fw5ut2k_-_329_696
train,2g0t04hi_-_553_656
train,2g1tyv4l_-_416_698
train,2g2cnlov_-_554_681
train,2g2ke0sf_-_589_508_-_68_808
train,2g38rt13_-_561_768
train,2g3yvko4_-_310_658
train,2g4xthk6_-_416_740
train,2g51g0ll_-_556_655_-_545_648_-_236_649_-_239_661_-_236_657_-_555_661
train,2g9p8pcp_-_144_708_-_144_708
train,2gaafe0a_-_511_807
train,2galqr4o_-_125_635
train,2gb0ycit_-_334_740
train,2gdeujgu_-_405_1368
train,2gf074xi_-_182_798
train,2gfp2gkz_-_313_783
train,2ggfjv90_-_320_1056
train,2ggz164t_-_406_781_-_520_829
train,2gnvawcx_-_256_964_-_271_988
train,2gow6kah_-_387_742_-_384_749
train,2gpeu813_-_406_609_-_182_585_-_231_768
train,2gq9jtv4_-_592_841
train,2gw661ed_-_79_718
train,2gwat475_-_358_717
train,2gykg8in_-_418_685
train,2gzt01nn_-_337_968
train,2h0khxs9_-_572_590
train,2h0qqejj_-_419_809
train,2h2104wm_-_329_1092_-_355_1183
train,2h3ifq9w_-_611_690_-_595_703_-_604_709
train,2h5e8fnb_-_599_764_-_604_759
train,2h61mbn7_-_351_668
train,2h6emdju_-_591_679
train,2h6jzh61_-_474_782
train,2h8j4w2f_-_555_745
train,2hb8f42v_-_557_613
train,2he17794_-_469_831_-_389_869
train,2hfmb18o_-_95_750
train,2hgb4c2o_-_589_762
train,2hitdes5_-_63_630
train,2hjwqcpy_-_563_824
train,2hlac97i_-_281_871
train,2hm47p7z_-_245_561
train,2hnhksce_-_178_707
train,2ho0dcrj_-_560_643
train,2hq7xd6u_-_461_676_-_444_673
train,2hqhmdeu_-_626_666
train,2hquuwyl_-_375_1008_-_354_1046
train,2hrnnrhq_-_345_1050_-_118_1077
train,2hx62h6v_-_603_632_-_379_620
train,2hy20qjv_-_431_853
train,2hztkyw9_-_196_685
train,2i1b13iz_-_217_988
train,2i2idx5j_-_487_657
train,2i4buh0r_-_199_1156
train,2i5cxt2s_-_440_665
train,2i7es27u_-_315_749
train,2i7m2pbc_-_493_701_-_475_814
train,2ibeuvl2_-_423_561_-_578_544
train,2ij1fusi_-_156_731
train,2ijvoujl_-_224_795_-_646_739
train,2iocsyng_-_576_725
train,2is6wtvh_-_284_1049
train,2ivuik3b_-_393_583
train,2ix0jw7b_-_57_606
train,2ixgeq8t_-_95_821_-_134_813
train,2j3bkafx_-_538_742
train,2j6rfxbf_-_106_826
train,2j6t50ro_-_528_789
train,2jb5objz_-_182_780
train,2jcz1r2r_-_433_661
train,2jeokoo8_-_376_708_-_210_729
train,2jf9edlw_-_497_794
train,2jfldkba_-_554_978
train,2ji7xzev_-_77_694_-_431_685_-_111_727
train,2jid6vdf_-_240_654
train,2jifx2m6_-_463_863
train,2joioejq_-_337_734
train,2jqwgc18_-_210_737_-_662_668
train,2jv0l8qt_-_420_748_-_401_765
train,2jy1i2me_-_223_684
train,2k1gf6z4_-_568_751_-_566_749_-_601_748_-_558_748
train,2k88y30k_-_379_850
train,2kd6kp5a_-_602_582
train,2kdldmj0_-_357_686_-_151_658_-_132_672_-_108_656_-_365_701_-_339_678
train,2keyob8x_-_566_697
train,2kkg0ski_-_543_744
train,2kq4dzoy_-_331_888
train,2kq7e4os_-_271_779
train,2kqvnmbv_-_223_832_-_386_716
train,2ku0wjwe_-_104_819
train,2kubxi4x_-_313_696
train,2kwr2k3n_-_330_754_-_313_755
train,2kwxwmte_-_598_665
train,2l05dd8e_-_463_744
train,2l44byrx_-_551_771
train,2l66cu4v_-_305_715_-_561_743
train,2l9wt4uc_-_192_705
train,2lcu15oz_-_398_685_-_573_738
train,2lfmgvga_-_329_962
train,2ljnrqpw_-_460_662
train,2lktp5d2_-_151_587_-_121_570_-_589_587_-_581_580
train,2lmjrqzp_-_174_755
train,2lmw0pll_-_471_659_-_471_659
train,2lnl7r93_-_290_705
train,2ltfv0y0_-_232_616
train,2m7et6lj_-_416_1038
train,2mcogjeb_-_575_552
train,2mfbbqv2_-_318_772
train,2mib756j_-_281_681
train,2mjjnc26_-_108_797
train,2mlvmlx6_-_511_739
train,2mo15z87_-_415_758
train,2moahrqy_-_600_840
train,2mq2idhd_-_310_860
train,2ms8e15l_-_117_718
train,2my2gpz4_-_198_764
train,2n0drlwt_-_422_753
train,2n1xwgrh_-_103_715_-_345_678
train,2n23dnwg_-_381_688
train,2n29edun_-_196_721
train,2n5hhlz5_-_571_734
train,2n64n3yl_-_631_569
train,2n6huoeh_-_270_646
train,2n820hnw_-_275_686_-_677_705
train,2nf4i9oi_-_425_1106
train,2ntzp5nk_-_409_893
train,2nvevnk6_-_492_823
train,2nyqmsuz_-_395_726
train,2o1lwn9q_-_586_876
train,2o2zg5b2_-_538_722
train,2o7kpqnj_-_248_691
train,2o8nyxuq_-_379_846
train,2oavcqug_-_236_662
train,2och7u3v_-_409_787
train,2oe40o5x_-_412_892
train,2ofoubs2_-_379_599
train,2ogsn2ul_-_385_711
train,2oh0pm9u_-_408_672
train,2oh6uu4b_-_260_644_-_259_666_-_268_635
train,2otho2rw_-_101_707
train,2otrbkhx_-_540_725_-_650_561
train,2owkcbko_-_534_623
train,2p1hgedp_-_80_693_-_70_686
train,2p1jabrv_-_343_839
train,2p41dcvk_-_85_826
train,2p5vt9uz_-_345_713
train,2pd6b058_-_334_671_-_579_595
train,2pewwmv8_-_612_713
train,2pg2kp9m_-_241_762
train,2pgv0m01_-_460_944
train,2pjd5977_-_569_727
train,2pprb8gh_-_245_730
train,2pqii9l5_-_274_710
train,2pqrwp5d_-_161_691
train,2pue2dvi_-_213_900
train,2q04kt3s_-_365_763
train,2q1qlwpu_-_121_658
train,2q22xnlj_-_198_859
train,2q2r4x8g_-_565_696
train,2q30fhpt_-_219_610
train,2q3cbeqc_-_52_624
train,2q4tmegr_-_465_673
train,2q5ai074_-_189_786
train,2q6wlvdu_-_595_690
train,2qaeaqs8_-_91_763
train,2qao6db0_-_322_891
train,2qc4h06h_-_592_755
train,2qd3gw6f_-_249_593
train,2qd8jy1r_-_420_823_-_392_814_-_624_808_-_635_804_-_366_806
train,2qglm19i_-_572_761
train,2qh62icd_-_318_729
train,2qiqr61o_-_463_865_-_480_822
train,2qj0nn13_-_479_928
train,2qky6472_-_94_710
train,2qr3u3oh_-_509_914
train,2qs06umq_-_204_742
train,2qtqjo5t_-_123_950
train,2quxdlpi_-_295_738
train,2r0wfsxx_-_96_765_-_561_755
train,2r2hmtby_-_331_882_-_280_767
train,2r3xmme8_-_173_739_-_630_653
train,2r49y3wv_-_497_716
train,2r56zpje_-_449_600_-_63_816
train,2r58y1my_-_137_864
train,2r7xmx3j_-_579_712_-_262_568
train,2r8a6t16_-_581_943_-_85_758
train,2revi6zq_-_95_758
train,2ri3ij7z_-_276_798
train,2rmmpr04_-_383_829
train,2rs9pckg_-_370_1185
train,2rxtcqec_-_445_870
train,2s0rqb3b_-_159_563
train,2s2ydluz_-_210_748_-_152_741_-_456_787
train,2s4vvlzr_-_172_717_-_215_756
train,2s6o7x5o_-_350_973
train,2s6wuryf_-_621_628_-_361_664
train,2s74yu06_-_416_805_-_450_837
train,2s87ha7u_-_443_862
train,2s9kiq5i_-_361_707_-_119_659_-_165_663
train,2scyy77i_-_123_746
train,2sd5rorz_-_376_858_-_347_882_-_499_838
train,2sdh7ri5_-_323_771
train,2sfhiajf_-_491_860
train,2sfnfaeo_-_443_860
train,2sh2oubc_-_214_649
train,2smx0jvg_-_396_826_-_438_861_-_441_864_-_478_870
train,2soxlzgi_-_369_801
train,2sv7lhmd_-_113_909
train,2sxreows_-_281_727
train,2t7zul98_-_628_618_-_635_619
train,2t86vsvp_-_368_837
train,2t9m0o3e_-_208_679_-_188_625
train,2ta7gx6s_-_368_543
train,2tas1hqu_-_153_824
train,2td8713y_-_94_725
train,2tebtv3i_-_593_800
train,2tfijqae_-_233_705
train,2tfvyvm7_-_188_652_-_144_782
train,2thfqem3_-_442_621
train,2titx1mt_-_469_793
train,2tklmute_-_512_899
train,2tm630hh_-_418_827
train,2tmvvz0p_-_245_634
train,2tpxqfu6_-_424_885_-_382_875
train,2ttk81te_-_536_780
train,2ttskrxs_-_494_699
train,2tys9zae_-_342_693
train,2tza2p63_-_492_679
train,2u0h47oo_-_170_795
train,2u2tsifw_-_209_656
train,2u31ez7o_-_105_642_-_141_638_-_514_613_-_540_601
train,2u536tqw_-_589_707
train,2u60moo6_-_586_935
train,2u611hab_-_167_601
train,2u9vh64l_-_505_751
train,2uaedw24_-_358_745
train,2ub74f4k_-_215_821
train,2uc78pnw_-_467_691
train,2ud4inxb_-_494_702
train,2uexbv6i_-_546_655
train,2ug0yb1z_-_163_683
train,2uhit8r6_-_63_626
train,2uhkan8o_-_149_726_-_402_725
train,2ulu1q2o_-_500_716
train,2unxtq1m_-_527_1001
train,2uoy39d7_-_103_617
train,2uqj8j2q_-_272_795
train,2uygkygh_-_395_798
train,2v0fsulh_-_174_849
train,2v1cf4wl_-_448_751
train,2v3vk7ad_-_217_714
train,2v8gn7lb_-_60_562
train,2v8nip6x_-_138_809
train,2vecbj97_-_305_932
train,2vgqx4sy_-_558_764
train,2vjflaqf_-_416_1335_-_462_1299
train,2vl8oj6s_-_610_629
train,2vmotduk_-_351_693
train,2vsjvb0f_-_417_766
train,2vsnkili_-_334_759
train,2w0rqdjq_-_199_725_-_185_722
train,2w5nr0hq_-_253_686
train,2w6re1hx_-_258_687
train,2waqzy68_-_193_687_-_371_669
train,2wbsdwcj_-_353_668_-_449_668
train,2wgct8yz_-_214_861
train,2wib3w07_-_486_706
train,2wm6touq_-_565_998_-_592_894_-_522_1010
train,2wm7uhlo_-_443_869_-_474_878
train,2wmajds1_-_501_996_-_340_964
train,2wn1tm7v_-_201_921
train,2wpvkakm_-_263_805_-_284_801
train,2wrrcf6y_-_166_916
train,2wux3exf_-_403_640
train,2wyixzlq_-_532_764
train,2wz55brt_-_389_738
train,2x454a66_-_634_551
train,2x5a9017_-_372_865
train,2x6ka5xx_-_119_1079_-_148_1095
train,2x9abuub_-_110_791_-_43_764
train,2xbwdtfw_-_168_784
train,2xe80vao_-_553_601
train,2xhulbo9_-_520_784_-_530_811
train,2xlnhgq7_-_315_1015_-_395_939_-_354_1003_-_345_1004_-_367_995
train,2xmz2dfj_-_412_825
train,2xpf7x67_-_269_775_-_479_728_-_305_721
train,2xrcj6hd_-_403_656
train,2xrwi9hf_-_271_679
train,2xtic7z1_-_270_901
train,2xtpfrld_-_131_870
train,2xwsk4aa_-_509_725_-_552_691
train,2xxu4i24_-_470_879
train,2y0fnhhz_-_89_705
train,2y4mvd90_-_336_732
train,2y8hkavg_-_100_865
train,2y9yj62l_-_167_1275_-_623_1289
train,2ya6xd1r_-_370_693
train,2yantvpj_-_380_498_-_553_499
train,2yay7r2p_-_498_733
train,2yeqo5h0_-_154_548
train,2ygdv83g_-_81_712_-_532_692
train,2yh1j9mk_-_417_727
train,2yj1xd5j_-_225_682
train,2ylsda9n_-_540_932
train,2ynaltgi_-_372_539
train,2yr0e68t_-_433_635
train,2yrmzvpj_-_440_600
train,2yupsl3c_-_283_702
train,2z1bmwux_-_211_928_-_139_902
train,2z1myq80_-_552_955
train,2z25ukye_-_329_625
train,2z2c9mut_-_583_730
train,2z8qput0_-_226_938
train,2zddnzux_-_289_673
train,2zj9bhy1_-_78_622
train,2zn0chns_-_382_642_-_577_640_-_359_646_-_590_660
train,2znd0rrf_-_199_703
train,2zrp1v30_-_246_690
train,2zv0b3cr_-_583_808
train,2zy3adjj_-_257_721
train,2zzgl3xu_-_303_930
train,30184i0p_-_264_784
train,305n9zuz_-_371_645_-_116_655
train,307mz8xa_-_247_492_-_87_557_-_134_595
train,3084jeqo_-_297_624_-_508_651_-_495_639
train,30dvveyl_-_347_661
train,30ggld94_-_416_725
train,30hvrtlk_-_178_861
train,30ikg2zw_-_575_816_-_596_782
train,30lqw6ay_-_261_651
train,30mqrsg2_-_511_828
train,30q13e5m_-_522_704_-_544_695
train,30tf7fgq_-_188_922
train,30ufwc60_-_371_1079
train,311devhb_-_341_863
train,315yj8rf_-_242_689
train,318h7gtt_-_533_786
train,318oyppw_-_546_785
train,31bqhogy_-_329_617
train,31dezcjo_-_452_722_-_483_728
train,31egkg34_-_238_652
train,31er4rti_-_526_1139
train,31ho93ix_-_155_997
train,31kk1jln_-_133_751
train,31nh48aa_-_67_758_-_474_689_-_60_766_-_54_762
train,31w4byco_-_225_1045
train,31xtumb9_-_572_741
train,320mqh94_-_626_636
train,321mw4ru_-_336_1044
train,324owrwv_-_254_919
train,325l74cd_-_504_634
train,328l29a2_-_324_710
train,328nbwwz_-_558_866
train,32ayvrle_-_131_733_-_116_730
train,32hmaknt_-_502_781
train,32j2t7fi_-_314_757
train,32mmrt82_-_240_743
train,32op8015_-_328_818
train,32pcix9e_-_138_896
train,32sg6ery_-_385_542
train,32sj0xfu_-_377_700
train,32ujltl7_-_267_721
train,3302oepr_-_482_659
train,331ik0zp_-_400_652_-_429_655
train,3328fea5_-_316_634
train,335dxkra_-_294_1335_-_296_1459
train,336bgu5s_-_361_726
train,338alnnp_-_55_634_-_50_625
train,339kh7lo_-_65_699_-_512_784
train,33ask8of_-_402_721
train,33baqcm6_-_369_535
train,33h4yowx_-_141_904
train,33o20kxe_-_515_642_-_159_651
train,33r9w9fl_-_321_728_-_310_726
train,33zrcucw_-_98_781
train,347h2uq0_-_342_885_-_425_820
train,34bt93oq_-_303_791
train,34btrw4q_-_219_1208_-_287_1112
train,34cc9h7v_-_615_543
train,34cvmrul_-_392_791
train,34gbeowt_-_292_763_-_307_724
train,34h0i19l_-_309_729
train,34js9onr_-_302_768
train,34kdcjfn_-_541_697
train,34mfiy38_-_327_664_-_633_653
train,34mqxwi8_-_209_685
train,34sx7trb_-_265_606_-_294_816
train,34v02w06_-_197_757
train,34vsel11_-_436_732
train,34y7uday_-_277_726
train,34ylx0kv_-_582_924
train,3514hqho_-_222_746
train,351lrc05_-_565_744
train,352cm3do_-_520_671_-_180_723_-_524_674_-_199_718
train,3579nc02_-_171_812
train,35c71kjk_-_523_751
train,35db5kpn_-_472_828
train,35fhg5l1_-_569_749
train,35iok6y4_-_456_753
train,35nhnapn_-_347_640
train,35pbd49i_-_302_754
train,35upqu6i_-_224_724_-_187_727
train,35wa2shg_-_372_679
train,35wosfud_-_333_700
train,35xcrezt_-_194_683
train,35z7njhn_-_234_811
train,361q88ke_-_270_856_-_305_882
train,36275kkz_-_120_777
train,363gjqb1_-_516_1071
train,365ao3mx_-_147_789_-_197_849
train,366jivpf_-_492_728
train,36f9p3li_-_520_620
train,36ihomdi_-_551_810_-_157_761
train,36j51h81_-_244_594
train,36n4c8ms_-_618_724
train,36okmk4r_-_577_696
train,36oyp8rr_-_553_726
train,36vsrz9z_-_514_833
train,36w59sco_-_225_826
train,36ybm4wq_-_445_721
train,371t68bs_-_427_1401
train,379tt6dn_-_253_644
train,37bmyo9i_-_515_503
train,37i7nmhq_-_319_1096
train,37p87uks_-_416_838
train,37rpxzhu_-_66_743
train,37so2vxy_-_393_757
train,37z7kt8n_-_416_753
train,37zfsfe0_-_496_769_-_70_611
train,380jofn4_-_350_626_-_376_629
train,3836wux5_-_114_801
train,3838jds0_-_225_802
train,384rzioy_-_369_689
train,385ap1im_-_538_781_-_216_736
train,387g2eli_-_425_642_-_177_710
train,38nab2z3_-_372_653_-_119_657
train,38tbl3ck_-_597_762
train,38u7vzhn_-_467_690
train,38yvtd9r_-_208_768
train,3926a9za_-_589_823
train,393t30vq_-_209_980
train,394ecc88_-_384_737
train,397m9uik_-_270_1015
train,397w98u6_-_437_755
train,399kyz58_-_177_630
train,39c8kxkv_-_522_881
train,39dm1onu_-_216_698
train,39dzhdnn_-_310_624_-_224_742
train,39fjorrn_-_371_861
train,39mwqhg8_-_249_572
train,39oigfab_-_98_718_-_88_729
train,39qy5w1x_-_240_740
train,39rxkdwm_-_319_684
train,39x40zi6_-_213_866
train,39xswrl4_-_424_749
train,39xzr772_-_140_650_-_431_636
train,3a22agc8_-_383_937
train,3a3ajjdu_-_92_804
train,3a757p6y_-_317_805
train,3adh1srl_-_516_995
train,3aehy86s_-_183_583
train,3ah95bp0_-_447_741
train,3aig0eeg_-_300_830
train,3aj2wr2u_-_530_819_-_464_764
train,3ajqemvy_-_397_698
train,3anr38v4_-_261_826
train,3apmihx9_-_542_658
train,3aswk9ib_-_366_1003
train,3atf67zh_-_196_777
train,3au27qfo_-_93_833
train,3awxsl7v_-_525_693
train,3awzb391_-_102_680
train,3azf2s3t_-_315_767
train,3azsu8co_-_186_944
train,3b009uj6_-_387_763
train,3b1muymg_-_421_645_-_416_657_-_665_616_-_680_646
train,3b4a0xyv_-_431_888_-_378_884
train,3b4qwdi5_-_140_866
train,3b579hs1_-_435_786_-_424_798
train,3b62qfbx_-_531_1043_-_584_1112
train,3b6tu44j_-_579_763
train,3b7647pf_-_464_826
train,3bc7jmdr_-_65_587_-_501_597_-_55_591_-_60_595
train,3beh4q5x_-_471_822
train,3bfekllg_-_303_921
train,3bj8w9o1_-_435_1018_-_416_1077
train,3blbt69h_-_101_917
train,3blt27iu_-_474_804
train,3bp2fex1_-_394_673
train,3bpfgcfq_-_479_755
train,3bqzs8lg_-_215_692
train,3byq0tr6_-_198_1355
train,3bz4vhqc_-_225_848_-_213_831
train,3bzz28q5_-_194_623_-_171_653
train,3c1ld8q5_-_434_843
train,3c2d4rtk_-_523_681
train,3c93k1yo_-_600_721
train,3cc078l2_-_423_918_-_386_944
train,3cjtcbtk_-_231_681
train,3cjugvwr_-_553_723_-_316_705
train,3co3qitx_-_234_715
train,3cudeh8n_-_467_882
train,3d13gomt_-_289_627
train,3d3k3xtm_-_574_743
train,3d4ctbef_-_226_598
train,3d6q3ozp_-_496_716
train,3dbjawkv_-_361_711
train,3dcucgvg_-_474_825_-_281_874
train,3df5vk6h_-_568_833_-_230_817
train,3diwwjdd_-_167_635
train,3djbduw1_-_452_625
train,3do485xe_-_399_756
train,3dpdba0u_-_469_753_-_467_782_-_471_760
train,3dvuc5z4_-_622_675
train,3dwp677d_-_239_599
train,3e6yy0xm_-_343_718
train,3eajfbso_-_336_773
train,3eb3j1lo_-_515_638
train,3edathl0_-_434_1043_-_436_1102_-_451_1054_-_457_945
train,3eeaczot_-_417_600
train,3efwkacv_-_569_765
train,3eumqj0q_-_355_614_-_264_616
train,3ez26blx_-_493_617
train,3f1qoofn_-_448_632
train,3f2p0z8w_-_119_696_-_204_956
train,3f3h3h54_-_325_706
train,3f5auq2d_-_470_707
train,3f8007eb_-_78_825
train,3fb6v8q3_-_526_631
train,3fdskqx1_-_398_977
train,3fe6dgmm_-_187_603
train,3fehw7na_-_323_782
train,3fjnepmc_-_553_578
train,3foac4ph_-_576_690
train,3fvcyb2w_-_515_848
train,3fvlnm1a_-_555_709
train,3fx6l0xh_-_339_771
train,3g1qvnl1_-_418_690
train,3gc74mtj_-_327_697
train,3gecmzbk_-_227_597
train,3gf8rj0g_-_530_616
train,3gj9klxy_-_342_699
train,3gjhqwyi_-_396_768
train,3gjtxno8_-_93_768
train,3guyi7ab_-_120_901
train,3gx7bhzj_-_495_742_-_506_773_-_492_757_-_461_741
train,3gxgs6kq_-_295_648
train,3gxrgk6u_-_420_751
train,3gyyo8rc_-_486_657
train,3gz24l6k_-_257_857
train,3h3dyk19_-_551_676_-_533_717
train,3h6m15n6_-_475_867
train,3h6mrj33_-_570_691
train,3h7f99jz_-_268_629
train,3h9f6tpu_-_549_788
train,3hb9ylfa_-_112_694
train,3hc6z5uv_-_412_739
train,3hde8il4_-_397_787
train,3hdgsm66_-_425_878
train,3he8me72_-_414_713
train,3hh83rsf_-_209_1148
train,3hjerwi1_-_121_745
train,3hkrg4hf_-_170_771
train,3hl6sbdh_-_309_764
train,3hl9wuyz_-_50_565
train,3hmjatyu_-_377_1037
train,3hmntepf_-_192_949
train,3hnss45k_-_624_644
train,3hpbvx7b_-_394_724
train,3hszccj8_-_142_684
train,3i1383rx_-_382_972
train,3i69vt9s_-_153_753
train,3i897g1u_-_582_623
train,3ia9agk0_-_221_830
train,3ibg8kpe_-_184_711
train,3id7y2dr_-_278_811
train,3ig4ot3f_-_383_785
train,3ihss5av_-_62_593_-_62_593
train,3ihu9ch9_-_470_901
train,3iizo5cc_-_409_786_-_423_789
train,3ioq0q42_-_357_599_-_536_604
train,3irg0acx_-_425_701
train,3ivbsvv0_-_258_636_-_360_844
train,3iw9vmbe_-_595_861
train,3izj9nkg_-_359_806_-_411_794
train,3j6wyng9_-_179_931
train,3j8y9dsy_-_555_861
train,3jd4ncbl_-_494_802
train,3jii5x5h_-_150_807
train,3jlt3fl8_-_408_708
train,3jm50f79_-_437_1028
train,3joscmt2_-_570_580
train,3jtsscyv_-_207_880
train,3k22g64p_-_322_774_-_550_777
train,3k2eb014_-_84_605
train,3k2p1nap_-_245_683
train,3k3sz2cs_-_328_729
train,3kbg3w2t_-_101_702
train,3kbrss44_-_436_551
train,3kf4ksqe_-_87_632
train,3kfekpgz_-_132_763
train,3kfrjlp6_-_506_812
train,3kikypqo_-_492_757_-_506_773_-_495_742_-_461_741
train,3knko8km_-_200_739
train,3kno9hpp_-_572_863
train,3knxhmin_-_223_775_-_517_851
train,3kpn6qvm_-_507_812
train,3kpxcva0_-_112_683
train,3ksk16ds_-_162_599
train,3kt0en1e_-_549_620
train,3l56qo44_-_147_874
train,3l98tvrn_-_534_819
train,3laz218y_-_486_670_-_298_663
train,3lbpn9j1_-_105_824
train,3lbs7mt0_-_75_695
train,3lc8mz32_-_479_665
train,3ldoedr9_-_281_699
train,3ldp3ig2_-_52_587
train,3lepdvnk_-_185_770_-_250_699
train,3ljaixhv_-_164_712
train,3ljsj8tj_-_359_1019
train,3lk7dem4_-_219_549
train,3ll6r624_-_319_781
train,3lprihv8_-_373_702
train,3ls40rpv_-_56_633_-_450_608
train,3lunolcb_-_519_715
train,3lur560c_-_485_808
train,3lwnfjjq_-_138_674
train,3m3gmzz4_-_310_696
train,3m3ppzfd_-_478_693
train,3m463p7i_-_83_825_-_575_709
train,3m6vb499_-_506_1035
train,3m8rq0g6_-_354_670
train,3mb7i1oz_-_493_923
train,3mdveliq_-_509_828_-_589_932
train,3mflpm7q_-_373_780
train,3mg8gf4a_-_177_730
train,3mgq0t26_-_300_733
train,3mkgqq6j_-_54_611
train,3mmw7q9f_-_250_616
train,3mn642a0_-_601_581
train,3munk286_-_67_614
train,3mv7qgo0_-_128_707
train,3mywbcv1_-_221_969
train,3mzcma60_-_203_533
train,3n2e88kg_-_351_661
train,3n3kqdxn_-_100_579
train,3n4syl9e_-_361_659
train,3ndkyb44_-_314_764
train,3nf5wuhk_-_164_805
train,3nfv4l0g_-_304_702
train,3ngmbhvo_-_232_760
train,3njlimc7_-_417_667
train,3noc15dg_-_71_687
train,3ntatm79_-_455_780
train,3o5c1p51_-_274_755
train,3ocavm3b_-_498_711
train,3ogm49uy_-_303_730
train,3ojmym57_-_87_774
train,3okwxv3x_-_466_617
train,3oosegtt_-_608_675
train,3op4wmtz_-_533_712
train,3opphwub_-_65_723_-_40_740_-_16_714_-_59_744
train,3p55g3h5_-_332_953_-_465_784_-_274_838_-_374_740
train,3p7sa57a_-_270_761
train,3p828b3f_-_373_611
train,3p87w03q_-_220_815
train,3p9e8ozx_-_553_646
train,3pd4xzxo_-_505_916
train,3pdep7tl_-_246_663
train,3pdfxv6b_-_166_768
train,3pj2exje_-_486_762_-_487_781
train,3pjp3zcq_-_229_722
train,3pr44ykb_-_230_856
train,3puy09lw_-_175_1003_-_126_1020
train,3pv8lwvj_-_223_615_-_459_619
train,3pvnhakn_-_161_1112
train,3pw6r7ja_-_476_657_-_447_658
train,3pwwkale_-_453_1095
train,3py9jern_-_279_725
train,3q2kkz4a_-_336_955
train,3q4f2u09_-_298_754
train,3q4vuqcc_-_623_576
train,3q71v1kk_-_86_760
train,3q8yhnnp_-_332_696
train,3q9ca1sr_-_552_688
train,3qf99gal_-_522_617
train,3qj3e36o_-_247_619
train,3qlvvzrc_-_276_605
train,3qmqt2j4_-_183_675
train,3qocs7rc_-_277_829
train,3qrpd1sv_-_204_704_-_639_793
train,3qsh5774_-_196_807
train,3qslrf3b_-_364_783
train,3qv5u5pa_-_100_639_-_370_661
train,3qxhbrwc_-_214_723
train,3r4ihglo_-_489_676_-_30_633_-_49_632
train,3r72uomv_-_106_784_-_306_787
train,3r7h389x_-_226_696
train,3rb89nqa_-_390_853
train,3rcy3d0v_-_282_812
train,3re4xf2c_-_238_660
train,3relbkff_-_321_1034
train,3rj8lbfh_-_609_526
train,3rk2aefw_-_231_920
train,3rodqyop_-_284_849
train,3rq1xqvx_-_617_734
train,3rvwcmii_-_306_882
train,3rz18xcc_-_115_729
train,3rzhkfhe_-_499_746
train,3s08h4pw_-_440_829_-_373_836
train,3s1ci0kt_-_211_969
train,3s2pj1cb_-_147_669
train,3s2zjehz_-_375_557
train,3s3bh6jw_-_413_710
train,3s4rm6pf_-_138_913
train,3s68pmw3_-_213_748
train,3saqw36z_-_319_627
train,3sbnbxd4_-_143_1138
train,3sd6hh2n_-_145_626_-_452_587_-_669_586
train,3smt7s3w_-_427_625
train,3sn4du06_-_356_783
train,3sn70e4u_-_363_1000
train,3sy6apy1_-_227_776
train,3t34hqmr_-_591_665_-_617_677
train,3t533i08_-_297_661_-_167_870
train,3t5zk9mo_-_173_912
train,3t8k5czh_-_408_742_-_398_739
train,3tbhq33q_-_270_720
train,3tglbr36_-_192_820
train,3thgervy_-_380_663
train,3ti29cal_-_76_761
train,3tjf9nre_-_500_763
train,3tnsn0i1_-_367_893
train,3tp6mjxk_-_522_828
train,3ttb8xya_-_464_1047_-_518_1203
train,3tu3ju32_-_406_738
train,3tzp2e9u_-_161_855
train,3u4uoxrg_-_580_845
train,3u5dkuud_-_415_589
train,3u76f5qp_-_281_1002_-_324_1032
train,3ug8mgzg_-_385_722
train,3uifzefu_-_409_851
train,3ulzrjp1_-_473_724
train,3up2ho71_-_510_690_-_502_629
train,3uq9rner_-_594_618_-_265_619
train,3uqc7e5t_-_415_695
train,3uqzus4d_-_513_889
train,3urlp7ri_-_114_757
train,3uum3mvn_-_309_1024
train,3uut8i6d_-_223_832
train,3uvjcj79_-_445_848_-_72_783
train,3uwki2yd_-_479_647
train,3ux56142_-_474_781
train,3uxygixf_-_577_690
train,3uy6tpyx_-_125_885
train,3v096gte_-_494_677
train,3v0d41k6_-_603_802
train,3v2z3ypn_-_155_796
train,3v9yf7h6_-_596_650
train,3va64pqn_-_112_911
train,3vbbugpb_-_202_658
train,3vbja7t9_-_498_1027
train,3vhsp486_-_610_712
train,3vkjdxfr_-_345_743_-_181_757
train,3vohhnyu_-_556_807
train,3vpb3aqm_-_455_732
train,3vrn2cg0_-_136_1234
train,3vtuc02b_-_256_732
train,3vx63f3o_-_89_671
train,3vxmfpyf_-_550_681
train,3vyo1po5_-_363_704
train,3w1ygffq_-_279_882
train,3w235zhh_-_333_809
train,3wac9d4t_-_329_905
train,3wcd7353_-_268_757
train,3we1md79_-_245_645
train,3wfyf1ye_-_192_708_-_604_721
train,3wi69s5m_-_295_747
train,3wlnbhjs_-_162_566
train,3wwlf03g_-_616_672_-_611_621
train,3wzng6pz_-_193_698
train,3x0gh4un_-_391_662
train,3x3hrm50_-_151_690
train,3x5czckt_-_108_647
train,3x6cnufx_-_289_676
train,3x6fn2od_-_141_716
train,3xayxt1u_-_400_781_-_397_749
train,3xcf0ywr_-_454_789
train,3xfjcqfr_-_270_635
train,3xjbq5ke_-_210_934
train,3xm3azsx_-_336_707
train,3xmqymhr_-_153_1078
train,3xnup5l3_-_585_654_-_540_720
train,3xple4rk_-_86_751
train,3xwhfp49_-_105_704
train,3xygykc5_-_537_687_-_105_664
train,3xz3hf0d_-_611_678
train,3y3ia6dk_-_575_709_-_83_825
train,3y3sf56k_-_335_752
train,3y7ukrb8_-_161_698
train,3yag7uww_-_531_815
train,3ylk9kt8_-_344_700
train,3ypawgb8_-_310_698
train,3yqfeubo_-_567_681
train,3ywds594_-_271_800
train,3yx89yc7_-_99_809
train,3yyl1nd2_-_156_751
train,3z0zajoq_-_315_733_-_25_772
train,3zcln4s7_-_418_1032
train,3zd3obx3_-_607_775_-_614_745
train,3zgzkcuk_-_198_808
train,3zicfvcu_-_258_702
train,3zorpz0z_-_553_768
train,3zvdihmt_-_153_750
train,3zxmr4dy_-_550_660
train,40342v7m_-_408_747
train,406bbp7i_-_304_716
train,407d1lc1_-_403_867
train,4088f4pg_-_476_679
train,40du36t2_-_408_728
train,40fom4qo_-_455_693
train,40ftknkf_-_424_580
train,40gih1f0_-_349_674
train,40ix13k2_-_592_811
train,40malbld_-_525_680
train,40n5345h_-_310_872_-_226_911
train,40qaxthq_-_321_657_-_359_644
train,40tznui5_-_384_630
train,40uxm6hd_-_535_630
train,40vhhwrn_-_170_712
train,410ky2au_-_405_651_-_380_694
train,4118k63d_-_448_632
train,411ye7jr_-_367_691
train,413mf2ps_-_99_721
train,414ntq0w_-_167_738
train,414t6vms_-_541_704_-_503_692
train,4162p4sv_-_310_640
train,417mg7oh_-_597_787
train,419tmr84_-_585_858
train,41arshaa_-_219_876
train,41e0306y_-_218_622
train,41e3fvn9_-_358_659
train,41guxczs_-_359_887
train,41h8nmu9_-_416_671
train,41m6kxd9_-_479_730_-_496_708_-_235_725
train,41nutwfx_-_594_721_-_592_727
train,41wyw7nd_-_170_767
train,41xbthjw_-_435_895_-_161_874_-_109_962
train,41xu7vby_-_86_661_-_229_677
train,41zcb9pa_-_223_1250
train,41zlj78w_-_510_873
train,4200703p_-_441_833
train,425rbcg8_-_201_635_-_245_632
train,426p4eia_-_303_824
train,42b0lymp_-_180_630
train,42hyia3s_-_442_844_-_425_877
train,42ipufxl_-_104_713
train,42mc63x0_-_128_675
train,42ptgouf_-_212_845_-_495_848_-_346_852
train,42s7gsbi_-_506_1491
train,42svu8in_-_565_778_-_579_705
train,42v4g7qm_-_114_997
train,42we2orm_-_515_861
train,42x2vkzn_-_459_737
train,42xvim1c_-_277_719
train,42zgilem_-_532_614
train,431jvj2f_-_217_739_-_198_756_-_160_786_-_138_753
train,438v6pxs_-_595_804
train,43a1pzvw_-_438_699
train,43b498nm_-_143_1109
train,43bzin16_-_257_589
train,43ftqetb_-_193_673
train,43hfbvt9_-_436_746
train,43k8fxtf_-_351_632
train,43scfx4n_-_305_984
train,43sn8q4j_-_75_552
train,43stl7xz_-_464_1065_-_603_726_-_520_1153
train,43uh88bh_-_280_900
train,43xgjcz9_-_438_692
train,43zykazh_-_431_687
train,442jytpi_-_358_775
train,442kofpe_-_539_674_-_324_648
train,446auzqe_-_466_640
train,446r6inf_-_591_895
train,447nscvm_-_217_762_-_258_797
train,447vqg11_-_256_647
train,448fcfa3_-_488_719
train,44da2gpk_-_301_916
train,44l3g3m5_-_548_911
train,44n1f3h0_-_241_1241
train,44qds0yp_-_479_834
train,44r0sa36_-_460_1051_-_172_806
train,44vcgw3f_-_253_731
train,44w15ipb_-_497_1382
train,454lteqn_-_291_1037
train,455hnk5z_-_516_731_-_511_692
train,45cmxd71_-_583_835
train,45e7f3wl_-_481_796
train,45esy2lk_-_286_609
train,45gadjtg_-_87_645
train,45lqmvl6_-_518_614
train,45nmrauw_-_553_698
train,45oshbh9_-_320_828
train,45vf0za8_-_136_760_-_505_727
train,45wujrwu_-_218_929
train,45x0drlp_-_308_788_-_287_807_-_326_795
train,45ylwkzb_-_421_809
train,461uwed3_-_467_888_-_632_855
train,462joxzb_-_168_881_-_175_806
train,462t30z1_-_209_800
train,464r95s3_-_154_707
train,466or8lp_-_523_723
train,46ahj9uu_-_152_753
train,46choe8b_-_362_637
train,46f4zb98_-_368_917
train,46k1w297_-_103_703_-_113_690
train,46rg8kpi_-_76_663
train,46uoshz7_-_465_830
train,46wagg77_-_135_740_-_133_829
train,46zi844c_-_344_765
train,475bbyue_-_316_926
train,479114ei_-_368_661
train,47nck0ot_-_546_705
train,47rijiy4_-_283_869
train,47s6ef0c_-_493_702
train,47twiitg_-_278_564
train,47umbp0t_-_224_928
train,47wvgysd_-_541_724_-_574_722
train,47wzhqvn_-_439_731
train,47zfp3ss_-_617_708
train,48084g8a_-_339_836_-_337_816_-_323_838
train,486k49fr_-_214_754
train,488mv6oy_-_581_663
train,48f872nf_-_574_616
train,48gwo2aj_-_607_710
train,48hl1y4s_-_338_811
train,48jg4ces_-_230_640
train,48mgc78s_-_136_887_-_155_742
train,48scw7r2_-_441_716
train,48st4g3z_-_115_664_-_109_612
train,491jlotg_-_308_1090
train,495n90im_-_398_555
train,495s6rlk_-_232_1129
train,497w86aq_-_188_715
train,499i7cg6_-_220_893_-_243_890
train,49bxn43d_-_424_674
train,49c8d00z_-_49_596
train,49iq37te_-_589_697
train,49jezaue_-_386_670
train,49lwg77g_-_586_727
train,49o4ecgi_-_251_767
train,49tlrjia_-_231_648_-_579_677
train,49v5d6ke_-_88_773
train,49vegj2f_-_403_756_-_404_737
train,4a4an1b1_-_327_915_-_239_820
train,4a54zmg5_-_343_525
train,4a6cd3b8_-_246_685_-_270_689
train,4a6kn7s9_-_246_884
train,4a7ro4rb_-_81_783
train,4a9ognf5_-_572_727
train,4ads215c_-_626_634
train,4afqwahb_-_595_765
train,4aj3lf47_-_142_774
train,4ajjfp8l_-_198_673
train,4ak89sdm_-_351_892
train,4anvkz4a_-_573_648
train,4ap11zif_-_492_635
train,4aqg11zv_-_516_623_-_156_625
train,4aw7kpxu_-_495_741
train,4awrdb0y_-_223_639
train,4axt1klt_-_552_737_-_123_713
train,4ayjc21k_-_519_696_-_527_685_-_508_682_-_511_678_-_496_683
train,4b31yww6_-_355_757_-_371_803
train,4b54lgp0_-_337_733
train,4b87jkuq_-_245_661_-_294_700_-_554_549
train,4b9u14c8_-_266_721
train,4bbse6s6_-_341_734
train,4bji2coj_-_536_763
train,4bjoaato_-_572_1015
train,4bl3pj8x_-_103_762
train,4blkbca8_-_497_681_-_220_641
train,4bomc3tv_-_346_785
train,4bt48ey1_-_509_623
train,4bu6mc6m_-_383_751
train,4bvz43q4_-_301_867
train,4bxluzfs_-_589_736_-_495_756
train,4by5625c_-_279_797_-_323_761
train,4bz5i1e1_-_130_698
train,4c0l2gh7_-_117_598
train,4c1pss24_-_200_1132
train,4c3wilzc_-_173_938
train,4c4qcyvq_-_507_664
train,4c54nvty_-_304_609_-_81_610
train,4c6qhqu2_-_503_705
train,4c8r4cx4_-_392_723
train,4cbtq5py_-_434_703
train,4cd9iixg_-_367_643
train,4ceahb9h_-_422_1406
train,4cgd10an_-_126_731
train,4cgmgbzq_-_389_646
train,4ckl3ggb_-_569_531_-_607_588
train,4cogs662_-_92_812
train,4cq0n5bv_-_202_724_-_660_794
train,4d1fxf3f_-_532_734_-_191_777
train,4d2bvsls_-_140_572
train,4d3odnjy_-_565_993
train,4d6qdbya_-_194_659_-_574_654
train,4debn8wq_-_195_735_-_568_705_-_564_710
train,4deike7a_-_410_712_-_378_735
train,4dfpkne2_-_133_723_-_161_747_-_206_753_-_607_569_-_158_645
train,4dgz8nue_-_388_688
train,4dhq3szb_-_387_764
train,4dhxa8oe_-_520_724
train,4dkef9zr_-_295_886_-_247_883
train,4dnflprk_-_182_658
train,4dni74zu_-_214_855_-_645_820
train,4dokvt6t_-_102_954_-_347_999_-_313_1104
train,4dri807b_-_393_733
train,4dtfwptb_-_79_687_-_79_702
train,4dvnie1n_-_596_668_-_604_628
train,4dwt7a5q_-_603_700_-_605_700
train,4dzxnt3d_-_318_888_-_66_1099
train,4e0cjrf2_-_498_874
train,4e1nu6wi_-_567_774
train,4e4w4030_-_565_940_-_548_908
train,4e69izjf_-_476_671
train,4e6b5k2o_-_177_585
train,4e8cbma0_-_454_637
train,4edzl1d6_-_279_692
train,4eggehmn_-_385_799
train,4ejzxeuj_-_192_855
train,4enhk2oz_-_192_789_-_190_777_-_385_754_-_409_765
train,4entqukh_-_495_682
train,4eo4uydp_-_406_1110
train,4eqbo31c_-_498_808
train,4et18cno_-_369_781
train,4evxtu7t_-_260_627
train,4eyj1a4c_-_509_1062
train,4f8idmsq_-_272_792_-_266_780
train,4f9hccnn_-_355_1003_-_668_960
train,4fcbmsqe_-_471_776
train,4fd0kd7g_-_156_616
train,4fegdned_-_524_741
train,4fmrqfzn_-_108_720
train,4fqz8ezw_-_380_765
train,4fs7c2b4_-_496_540
train,4g7ffter_-_127_666_-_585_894
train,4g9lt192_-_290_839
train,4gcrpbay_-_449_959
train,4gcs6ty1_-_347_743
train,4gh3ia24_-_181_659
train,4gis26af_-_281_1171
train,4gmr2ssa_-_230_948
train,4gqps0yj_-_162_787
train,4grov9dr_-_228_684_-_657_720_-_571_711
train,4gx0v09r_-_154_1043_-_184_1036
train,4gx1xnji_-_324_803_-_277_749
train,4gxj3q6k_-_576_777
train,4h0ncl7o_-_253_644_-_223_650_-_194_649
train,4h0on33u_-_512_967_-_501_919
train,4h1u2uop_-_71_757
train,4h3v3y6v_-_382_898_-_353_989
train,4h4hvosl_-_518_817
train,4h7wezlj_-_335_884
train,4h9bc01s_-_558_625
train,4ha18p3b_-_434_758
train,4hb2jqyt_-_418_690
train,4hbh9eix_-_486_946
train,4hd9xrrh_-_328_666
train,4hfhys01_-_138_738_-_136_745
train,4hfp8a4z_-_123_1156_-_76_1156_-_607_841
train,4hguptre_-_238_750
train,4hndopj3_-_400_699
train,4ho4odw7_-_161_780
train,4homjngo_-_532_830
train,4hotvi48_-_481_701
train,4hsl19pv_-_331_583
train,4hu8mgkr_-_445_662
train,4i3f200t_-_365_689
train,4i3qbgdq_-_119_698
train,4i4mbv5b_-_305_724_-_357_937
train,4i4tom5j_-_139_855
train,4i593o18_-_135_573
train,4i61u4ef_-_281_751
train,4i8xqtux_-_520_884
train,4ian2yxl_-_306_677
train,4ib7odhc_-_560_774
train,4igebuhg_-_611_777
train,4ilmdqdw_-_357_777
train,4ilt0rey_-_143_835
train,4ivsiszo_-_347_619
train,4iwkgdo6_-_478_690_-_193_738
train,4iyio4pw_-_122_709
train,4izzf23k_-_509_727
train,4j0yjqk9_-_493_765
train,4j1083yi_-_588_888
train,4j15reya_-_463_637
train,4j1s7as0_-_269_914
train,4j202c0f_-_280_965
train,4j3f746g_-_460_598
train,4j4bkrjz_-_171_645
train,4j8fxbbg_-_186_744
train,4j8u269s_-_626_618
train,4ja5p9rn_-_538_844
train,4jfwobgm_-_508_606
train,4k1m2oj9_-_505_690
train,4k5jxncn_-_521_779
train,4k5mti4j_-_563_685
train,4k5o44cd_-_277_1013
train,4k6gk7p8_-_173_616
train,4k7ebyan_-_481_742_-_463_764
train,4k8pfvsb_-_548_632
train,4kcefvyn_-_270_882
train,4kjpjfin_-_313_956_-_141_794
train,4kjzv5w6_-_336_717
train,4kn0hxad_-_498_943
train,4kt2bz97_-_240_1069
train,4ku3few9_-_422_1017
train,4kvfm0s9_-_196_794
train,4kxunsgv_-_524_674_-_180_723_-_520_671_-_199_718
train,4l31iml1_-_176_633
train,4l4oafru_-_367_685_-_78_579
train,4la5xbur_-_168_645_-_162_641_-_168_641
train,4lf8ykji_-_73_676
train,4llek1lk_-_194_1088
train,4llwhq4p_-_546_698
train,4loin2nc_-_393_828_-_469_815
train,4lpomvqt_-_551_755
train,4m5o1dnl_-_232_892
train,4m84gptq_-_317_784
train,4m9iw06x_-_201_716
train,4ma6cspb_-_375_799
train,4mcjtr8r_-_112_768_-_125_801
train,4mg5ruv5_-_518_702
train,4mle1vgi_-_466_797
train,4mmjqsnp_-_374_601
train,4mq196v6_-_576_607
train,4mu1yre9_-_600_611_-_581_585
train,4mz3sp29_-_182_742
train,4n2z3hi3_-_573_646
train,4n4n2ouv_-_397_711_-_30_715
train,4n4vcitw_-_506_773_-_492_757_-_495_742_-_461_741
train,4n5hcmxi_-_288_1256
train,4n6g5tdf_-_447_689_-_663_711
train,4n6tiieq_-_219_645
train,4n7djisz_-_513_527_-_143_631_-_162_649_-_116_645_-_561_540_-_654_516
train,4n9ao34h_-_594_873
train,4nly9ali_-_408_730
train,4npyacuv_-_381_788
train,4nqnha7z_-_100_858
train,4nqt6n3t_-_320_675
train,4ntwtrjx_-_348_580
train,4nz0rju2_-_444_712
train,4nznem6a_-_604_643
train,4o0w4qiv_-_292_572
train,4o10bixt_-_161_677
train,4o2nhsg3_-_582_878
train,4o4kyn0i_-_505_883
train,4o79y83u_-_184_797
train,4o7wsa25_-_167_805
train,4oa9lpi9_-_551_786
train,4oe4wpzf_-_113_717
train,4oe6d9e4_-_161_549
train,4og70ogj_-_603_746
train,4ojsefor_-_592_718
train,4on7ps0v_-_367_993
train,4opgti1b_-_285_654_-_137_720
train,4ou28ul7_-_311_713
train,4ounr5xx_-_628_545
train,4ow3v7r3_-_388_880
train,4oy74jh3_-_101_820
train,4ozf2y49_-_359_702_-_337_704_-_317_708_-_368_717
train,4p2leryx_-_549_810
train,4p3p3m7o_-_357_791
train,4p4etio4_-_214_578
train,4p63qhqo_-_278_652
train,4p86rhca_-_108_906
train,4p9vc0od_-_445_763
train,4pczktr7_-_528_697
train,4pefha5m_-_313_1035
train,4pguqjwg_-_410_825
train,4ph99juk_-_438_668_-_471_728_-_320_669
train,4pl3p2rh_-_501_735
train,4pmker97_-_613_729
train,4puvo8jy_-_545_741
train,4pwpeqb8_-_78_828
train,4pwz6zs8_-_482_718
train,4pygrh8l_-_74_756
train,4pzxdxfi_-_455_845_-_422_738
train,4q37kw4c_-_214_677
train,4q4i461e_-_171_576
train,4q6t7psi_-_470_704_-_467_672_-_449_685
train,4q8ama81_-_363_1194
train,4qh3ktbu_-_76_814
train,4qi18beq_-_270_795_-_276_785_-_284_783
train,4qko05ix_-_569_586
train,4qn6te25_-_507_781
train,4qvzrpdc_-_379_874
train,4r0qew16_-_261_777_-_283_843_-_393_737
train,4r1ddp64_-_236_775
train,4r5sr4jn_-_374_737
train,4r7hfkfg_-_533_651
train,4r7oja39_-_329_970
train,4rb8pftf_-_564_916_-_10_662
train,4rbmnu9p_-_413_703
train,4rc90wzo_-_96_647
train,4rj04ebw_-_448_1005
train,4rjspqos_-_592_684
train,4rnxr5cm_-_349_740
train,4roii1kj_-_360_858
train,4rorw7w2_-_334_646
train,4rtbk8ip_-_564_741
train,4ru6bv21_-_598_788
train,4rup0bfw_-_624_669_-_611_691
train,4rvmv29h_-_116_696
train,4rx2dc9j_-_449_668_-_353_668
train,4rydx07e_-_323_1102_-_443_1286
train,4ryle20z_-_564_710
train,4rz5kt5j_-_371_909
train,4s0pqci9_-_435_567_-_618_553
train,4s1xn8ox_-_521_657_-_516_638
train,4s3avggi_-_168_1081
train,4s6txd7g_-_220_820
train,4sa1l7n1_-_105_732
train,4sb47z56_-_275_622
train,4shlnibx_-_541_551
train,4sk5sril_-_305_734
train,4sljr8ue_-_502_629_-_510_690
train,4smdcpx1_-_319_670
train,4spl0rqu_-_274_721
train,4sqxbff6_-_487_858
train,4srtzl87_-_448_905
train,4strcwvk_-_407_742_-_91_741_-_91_750_-_360_736_-_90_746
train,4sxem83k_-_101_809
train,4t1eo2jk_-_187_794
train,4t905g0j_-_161_700
train,4td3rh7y_-_239_707
train,4tin4mc6_-_313_762_-_397_767_-_473_771
train,4tksjnmh_-_287_827_-_292_858
train,4tpcq6l7_-_225_1026_-_269_1078_-_222_1077_-_276_1051_-_209_1038
train,4trb93l7_-_387_680_-_388_681
train,4trflkyo_-_315_929_-_196_699
train,4tt7xu9v_-_152_873
train,4twg1ci0_-_278_671
train,4u2bcdd1_-_496_752
train,4u81spww_-_109_599
train,4ub4wka3_-_566_766
train,4uf3jcwe_-_364_603
train,4uf4lauq_-_201_1184
train,4uotv1sk_-_486_726
train,4ussjok7_-_570_739
train,4uveh9f2_-_421_610
train,4uvimate_-_168_774_-_124_707
train,4uwiaxji_-_356_790
train,4uyg9iv1_-_290_842
train,4v1nd4af_-_620_696
train,4v4frx1m_-_426_840
train,4v7w78rq_-_392_635_-_394_640_-_57_635
train,4vdiozx3_-_70_710_-_591_717
train,4vfnxb7o_-_394_575
train,4vicg5or_-_186_740
train,4vlcey6f_-_82_786
train,4vm5stq3_-_521_742
train,4vnynuhs_-_622_675_-_489_677
train,4vrgn5e6_-_244_790
train,4vsj95h9_-_409_780_-_463_799
train,4vuh64xf_-_163_813
train,4vw0xs7t_-_407_700
train,4vx2yd47_-_167_678
train,4w6ar7ks_-_178_632
train,4w77x43p_-_243_664_-_273_687
train,4w808hzm_-_185_653
train,4w90cptz_-_472_834
train,4wakqj21_-_323_838_-_337_816_-_339_836
train,4wfl31py_-_377_764
train,4wgx5cin_-_138_764_-_136_761_-_124_797
train,4wjo63m2_-_362_793
train,4wl6ev0g_-_318_713
train,4wq3f768_-_314_786_-_317_756
train,4wsxaaac_-_512_730
train,4wvkmel5_-_350_706
train,4wxalyyn_-_398_802
train,4x2bqfd8_-_213_727
train,4x4sv61z_-_104_762_-_124_803
train,4x5uz65g_-_113_769_-_491_731
train,4x6bo8w4_-_576_716
train,4x6tx64v_-_304_664
train,4x8druxe_-_254_854
train,4x8w4wgk_-_467_613
train,4x9hm4wf_-_102_839
train,4xl8sa79_-_355_652_-_314_613
train,4xlgqkjk_-_344_685
train,4xmqwr8y_-_144_638
train,4xnlm9br_-_384_865
train,4xnn8yx4_-_387_690
train,4xrye61g_-_573_1007
train,4xt8o0tg_-_373_1107
train,4xtc5q74_-_234_745
train,4xtpso82_-_116_689_-_73_737
train,4xvfen7s_-_436_884
train,4y4lh2a4_-_166_494_-_17_628
train,4y8c8q8z_-_508_803
train,4ybxvgj8_-_389_1047
train,4ymouvbg_-_489_674
train,4yn44nst_-_381_887_-_344_883_-_374_897
train,4yncqyni_-_220_849
train,4ypqbmit_-_136_843
train,4yu3qu1v_-_421_672
train,4yxr98cj_-_196_696
train,4z071044_-_250_724
train,4z1wkn1p_-_255_648
train,4z2t6u15_-_535_825
train,4z4wuh4t_-_70_671_-_459_658
train,4z4wxej7_-_79_677_-_125_692
train,4zeyjydi_-_171_627_-_242_595
train,4zh7vl8o_-_236_720_-_202_692_-_245_679_-_211_718
train,4znolf80_-_100_969
train,4zux3zjm_-_540_804
train,504wk6y1_-_219_565_-_227_543_-_328_578
train,5075hg7v_-_402_968
train,5090dhuw_-_435_650
train,5092wp6z_-_150_738
train,50av9eu5_-_116_755_-_524_812
train,50dat2z1_-_574_941
train,50kjojgx_-_457_708
train,50kllb7z_-_273_699
train,50ky78u9_-_75_622
train,50kzxwwj_-_120_768
train,50lu1ulh_-_414_840
train,50m6apr8_-_191_609
train,50mqxst3_-_228_653_-_360_649_-_368_670
train,50pv3rjp_-_474_814
train,510569xa_-_73_786
train,511ul5w5_-_193_597
train,5128y3s7_-_600_698
train,512w58x7_-_132_741
train,516hjrg2_-_144_1183
train,517tpu0m_-_441_663
train,5180rc9p_-_459_704
train,51a4vvrf_-_464_562_-_259_618_-_373_673
train,51auifmg_-_396_599_-_105_920
train,51bmv7qy_-_359_733
train,51efixq7_-_325_913
train,51fogvyb_-_389_778
train,51fx5zbk_-_607_607
train,51fxy0zi_-_605_711
train,51j7xaou_-_202_1044
train,51wi483p_-_346_1220
train,521d3lzx_-_620_644
train,523rtotw_-_388_846
train,52619duo_-_472_616_-_486_579
train,528oi7lb_-_216_831
train,52akdto2_-_621_624_-_468_639
train,52at8dj1_-_471_672
train,52clbnk3_-_540_802
train,52cyywlk_-_255_846_-_251_806
train,52fci722_-_436_608_-_422_603
train,52gkf1nl_-_449_777_-_215_687
train,52gqa34u_-_389_677_-_388_705
train,52iwcosv_-_400_881
train,52lf6b40_-_579_930
train,52m49p77_-_566_678
train,52n5p9ak_-_402_1126_-_665_890
train,52uhdg6i_-_182_766
train,52vamm1n_-_524_800
train,530uduh1_-_317_700
train,531sypxf_-_308_664
train,53253lkf_-_566_522
train,533hixru_-_285_1141
train,534nhy4f_-_115_664
train,5358riix_-_384_750
train,5375r3cv_-_607_718
train,53as4w4y_-_499_696
train,53e63upt_-_381_711
train,53g4q4te_-_340_574_-_549_585
train,53icyefp_-_307_649
train,53iphaqh_-_275_771
train,53l8zk8i_-_347_733
train,53piy66y_-_338_912_-_341_883_-_78_938
train,53uovaop_-_168_675
train,53yt14ni_-_320_782
train,542vyjr3_-_363_828
train,543xhfhh_-_544_948_-_477_826
train,545ob4hm_-_535_768
train,54a5i1fd_-_419_774
train,54bdynct_-_630_589
train,54d0dxki_-_489_825
train,54d5taui_-_420_669_-_424_667_-_399_670
train,54jh11uz_-_259_846_-_221_858
train,54ki720r_-_202_847
train,54o382lh_-_510_856
train,551nousk_-_396_734
train,5528da03_-_262_722
train,552e31mc_-_376_782_-_365_784
train,5535e0r2_-_554_516
train,553d65o8_-_296_782
train,55423g2i_-_161_725
train,554pwq1n_-_180_776
train,557jauq1_-_381_920
train,5596e1gm_-_224_817
train,55bgh8ho_-_578_683_-_225_671
train,55bzlag5_-_209_690
train,55e3kfna_-_330_633_-_0_650
train,55el7s7w_-_461_614
train,55ikcq4t_-_447_779_-_167_601
train,55kgh5rk_-_403_701
train,55llfthm_-_490_796
train,55qxpis8_-_598_776
train,55ut5ope_-_350_695
train,55xet45h_-_269_852_-_239_855
train,5612g3er_-_188_896
train,561bfa2r_-_265_1052
train,564sg1es_-_555_635
train,567bxdxx_-_600_813_-_621_801
train,567gzjhb_-_171_891
train,5682rjex_-_277_853
train,56b0b3ro_-_488_794
train,56cur4a2_-_478_674
train,56d3v36d_-_341_728
train,56f53l5g_-_152_720
train,56gsxpyr_-_376_751_-_27_712
train,56hm2mwz_-_305_930
train,56i2p5km_-_215_788
train,56k8dc9b_-_563_603_-_574_598
train,56n267un_-_442_1070_-_485_1133
train,56nrai3n_-_443_1286_-_323_1102
train,56u3x9h4_-_240_719
train,56uscs92_-_424_762
train,56vfr7ut_-_458_578_-_367_580
train,56vw4kzs_-_527_748
train,5715ocdi_-_340_776
train,575desq3_-_609_697
train,577bqdpn_-_135_573
train,57a2nlr1_-_134_799
train,57a8io1a_-_167_882
train,57c9t01g_-_227_791_-_214_777
train,57l55af9_-_240_727_-_228_696
train,57su3jpc_-_187_838_-_177_870
train,57wlkqm7_-_568_978
train,57y9rnxa_-_271_732
train,57zeyd24_-_599_733
train,5800p017_-_363_763
train,582mrs3e_-_492_755_-_488_775
train,58570yqt_-_549_711
train,588yvhl6_-_471_760_-_467_782_-_469_753
train,58902myr_-_164_751
train,58aw4ol3_-_271_644
train,58bknruv_-_220_793_-_181_789
train,58ernif6_-_303_725
train,58hb1vi4_-_156_1211_-_333_1292
train,58pey4o4_-_364_716
train,58qc6y7b_-_545_657
train,58r17l06_-_160_623_-_638_649
train,58r3z81v_-_278_690_-_500_722
train,58r4p5np_-_81_721_-_305_715_-_286_710_-_89_747
train,58snm3lw_-_273_687_-_243_664
train,58t1rj2n_-_465_714
train,58usrzhf_-_365_945
train,58xkgt95_-_281_694
train,58yd77t4_-_215_676
train,5902w59f_-_515_842
train,590mjxal_-_467_1020
train,593p7c2d_-_519_846
train,59739sz3_-_343_802
train,598681rv_-_473_771_-_313_762_-_397_767
train,5988nxjm_-_520_685
train,59fn5t8q_-_85_659_-_227_642
train,59hgf391_-_169_536
train,59iz5knl_-_226_776
train,59pf2uel_-_295_867
train,59rlwwlz_-_177_668
train,59tv3xqz_-_117_616
train,59tzu3d9_-_105_624_-_86_595
train,59vh4cx8_-_480_660
train,59w2yf89_-_350_719
train,59xd0b16_-_92_721
train,59z8r8k7_-_411_1024
train,5a4b85ud_-_597_826_-_307_751
train,5a6fesrp_-_169_704
train,5a7mtffk_-_352_729
train,5a9zewj3_-_566_716_-_52_585
train,5aakgnk1_-_591_717_-_70_710
train,5af9fbsq_-_145_767
train,5ahw9jf7_-_175_792
train,5aisrwge_-_537_675_-_546_688
train,5amexklj_-_63_661
train,5ao6heca_-_304_908
train,5apx7j1m_-_201_778
train,5atbtdvb_-_221_615
train,5atufadg_-_474_907
train,5aw10vdg_-_368_1020
train,5awdbo22_-_515_760
train,5aww7xo3_-_455_926
train,5awzkb7t_-_359_766
train,5azi26kz_-_533_719
train,5b1w0m4x_-_280_813_-_290_825
train,5b77z234_-_261_507
train,5b9idyx4_-_85_721
train,5be3590s_-_405_644_-_522_677
train,5bf3ewiy_-_369_783
train,5bfh24k3_-_484_866
train,5blhvyp3_-_333_578_-_525_595
train,5bpkrwrr_-_114_715
train,5bqo3ywx_-_231_1010
train,5bt0o707_-_619_698
train,5bteiggh_-_466_793
train,5btr5nsi_-_365_984
train,5bts37k9_-_487_583
train,5bw3uq0j_-_161_714
train,5bwrxf7j_-_536_982_-_477_892
train,5bwsi8ze_-_197_733_-_244_700
train,5bxash91_-_608_707_-_318_678
train,5bzq3vrn_-_335_725
train,5c060i9v_-_300_785_-_647_679
train,5c3ibloi_-_280_1022
train,5c3j7ife_-_136_780_-_647_723
train,5c6hs6bw_-_441_860
train,5c7lgw4j_-_255_835
train,5cfpycyn_-_322_556
train,5civmv5o_-_381_1034
train,5cjiwd6t_-_358_648
train,5clrzv3d_-_215_848
train,5cm3g0rl_-_389_804
train,5cp6afsc_-_540_719
train,5cpaqu58_-_412_928
train,5cr16g1f_-_271_712
train,5cvila5o_-_157_694
train,5cw91udp_-_228_643
train,5cwt8p17_-_568_770_-_508_804
train,5cx9rdos_-_374_787
train,5d4e88c0_-_82_763
train,5da8p77i_-_625_633_-_214_635
train,5dd02l63_-_378_807
train,5df8tb3v_-_161_747_-_133_723_-_206_753_-_607_569_-_158_645
train,5djy0gly_-_475_652
train,5drnvrcm_-_545_675
train,5dszph8s_-_203_1047
train,5dtg60wt_-_551_752
train,5duwazsg_-_330_772_-_338_724
train,5dwojb4q_-_346_598
train,5dxe1e8m_-_477_826_-_544_948
train,5dzlsxxi_-_440_635_-_454_632
train,5e24hm1z_-_348_813
train,5e26hqbi_-_532_695
train,5e3o0vp3_-_141_647
train,5e431406_-_409_832
train,5e46vez4_-_427_691
train,5e7tj0ge_-_606_787
train,5e9p1uuf_-_184_592
train,5e9py5il_-_559_692
train,5ec60oh7_-_349_668
train,5edg9uta_-_603_708_-_344_974
train,5eeu4wgo_-_464_774
train,5eifenps_-_61_524
train,5elftdfq_-_234_757
train,5elg21zx_-_463_595_-_416_575
train,5elqwf42_-_331_817
train,5em67z7p_-_289_740
train,5eupd1i1_-_331_698_-_291_717
train,5exsan66_-_234_909
train,5ezbq39j_-_538_836
train,5f0ckd6g_-_245_923
train,5f11i6bj_-_239_661_-_545_648_-_236_649_-_236_657_-_555_661_-_556_655
train,5f2k53cm_-_165_767
train,5f319icl_-_508_704_-_505_716_-_513_710
train,5f4jqo3s_-_229_550
train,5f9y4u5y_-_364_729
train,5fbke34p_-_293_694
train,5fc7ry31_-_406_777
train,5fcesvpq_-_432_809
train,5fcg0c41_-_371_966
train,5fcy7l76_-_131_808
train,5fkpy8kk_-_397_710
train,5fphlnju_-_401_991
train,5fra99mj_-_479_807
train,5fzbswln_-_190_722_-_233_713_-_234_742
train,5g6woz9r_-_526_692_-_177_704
train,5g7ygpnn_-_454_587
train,5g9mpzeb_-_274_664
train,5gan5zbz_-_232_856
train,5gjzqteh_-_431_747
train,5gm9lrjk_-_243_587
train,5goiyi5o_-_162_895
train,5gqn2i6v_-_576_661
train,5gs96wro_-_344_640
train,5gt7b0hv_-_274_709
train,5gtezob2_-_469_737
train,5gujteqq_-_504_547_-_391_721
train,5gy1ooeq_-_77_796
train,5h4f0bal_-_84_823
train,5h5v03vw_-_386_694_-_596_712_-_396_699
train,5h6barn1_-_516_687
train,5hboyu0y_-_313_849
train,5hg8bal1_-_83_750
train,5hl0ck12_-_418_755
train,5hm0rtsi_-_251_791
train,5hmtzpd1_-_247_613
train,5hq86hjw_-_188_741
train,5hrvbwt7_-_203_827
train,5hzfmgso_-_423_647
train,5i0j3sp1_-_168_727_-_591_750
train,5i7d0qfw_-_321_708
train,5i7i9ix8_-_395_686
train,5i7j5c6e_-_448_840
train,5i7lgwww_-_391_674
train,5ieomgg5_-_340_723
train,5ijk5j7i_-_486_830
train,5ilfgonv_-_369_707
train,5iwaowdz_-_500_686
train,5iyplvxs_-_345_777
train,5j0oxtrc_-_133_964_-_154_950_-_206_940_-_622_1005_-_179_943_-_674_1036
train,5j6u3yg5_-_570_682
train,5j98je8c_-_225_803_-_288_803
train,5jcjo9ff_-_113_684_-_466_684
train,5jdixux9_-_501_721_-_265_875
train,5jeduqfv_-_312_729_-_257_692
train,5jelauzm_-_236_781
train,5jig2cxk_-_337_704_-_359_702_-_317_708_-_368_717
train,5jipcuf3_-_291_618
train,5jkre5v3_-_400_859
train,5jkvol4c_-_480_863_-_498_735
train,5jphzh72_-_512_595
train,5jpi3ja0_-_133_831
train,5jpqehav_-_545_970_-_563_967
train,5jst6avx_-_479_863_-_427_855
train,5jv34m5a_-_560_677
train,5jy0ybav_-_158_757
train,5k0bswaj_-_577_817_-_564_866_-_305_678
train,5k5jcrwq_-_171_610
train,5k5xwq4c_-_538_1001
train,5kclhale_-_277_678
train,5knkrmls_-_201_827
train,5kr9r8tv_-_427_950
train,5krvrrpj_-_164_994_-_179_906
train,5kwd42ka_-_539_724_-_129_743
train,5kwrosaf_-_457_811
train,5kxluaew_-_236_732
train,5kz4z4vu_-_339_748
train,5kzcpbyc_-_214_807
train,5l0yu2f1_-_90_881
train,5l3vq7ll_-_408_1077
train,5lbd3thm_-_203_667_-_597_650
train,5lduggn5_-_57_635_-_394_640_-_392_635
train,5lecn34a_-_152_686
train,5li1qedp_-_219_783
train,5lkgsy9o_-_126_681
train,5loczd5m_-_551_665
train,5lonyp4h_-_571_747
train,5lpvx6um_-_555_974
train,5lyiceay_-_209_706
train,5m382u10_-_150_750
train,5m3u42qx_-_414_801
train,5m4e04xc_-_262_824
train,5m99ct5t_-_330_1234_-_337_1188_-_312_1207_-_372_1211
train,5me5r95o_-_257_666
train,5mggf31t_-_226_679_-_478_814
train,5mhs6u7x_-_331_764
train,5mo9j8bn_-_68_706
train,5msgag6h_-_216_728
train,5mxytokj_-_60_595_-_379_710
train,5mzk2f5j_-_131_715
train,5n2r096u_-_443_636
train,5n4dae0a_-_545_687
train,5n51c33i_-_153_650
train,5n5aemhj_-_480_713_-_679_830
train,5n9yweia_-_209_808
train,5naonqhy_-_583_777_-_269_785
train,5nbu6rvy_-_471_620
train,5nccrn41_-_334_681
train,5nf70kmw_-_480_1371
train,5nhgxiic_-_524_765
train,5nltxz1i_-_450_770
train,5nn6j9ot_-_330_750
train,5nnxdmv7_-_338_744
train,5no4xrw6_-_180_614
train,5nq3wbpu_-_216_710
train,5ntnoprr_-_129_843_-_98_682
train,5nvwm8gj_-_354_892
train,5nwdgi5i_-_514_692
train,5nxspw8w_-_339_789
train,5ny5pfk3_-_257_749
train,5o7txklw_-_334_788_-_340_746
train,5o9budrx_-_209_1077
train,5og5uvd4_-_302_735_-_257_714
train,5olwkv22_-_397_740
train,5on2d3y1_-_137_808
train,5oox5y5a_-_378_665_-_606_580
train,5oplnx3u_-_512_816_-_528_835
train,5opvmmcv_-_292_1010
train,5ou9g8vj_-_409_940
train,5oudljf7_-_387_869
train,5owc1vgs_-_529_857
train,5p1uv1ji_-_429_841
train,5p2n4tie_-_490_669_-_648_658
train,5p3e171m_-_349_1199_-_352_1181
train,5p5jqo39_-_257_718_-_253_715
train,5p7xu3tp_-_360_739
train,5p9sqoga_-_271_613
train,5padxgu9_-_262_568_-_579_712
train,5pcr5xm4_-_487_940
train,5pencm7h_-_576_702
train,5pis93eg_-_493_759
train,5pj5sb4r_-_171_858
train,5pj7a2nq_-_210_1307_-_297_1132_-_262_1319
train,5plnlp29_-_490_921
train,5pncg8gk_-_419_815
train,5prjssle_-_197_684
train,5psjy8r4_-_583_682
train,5pto0bvz_-_557_749
train,5q0e7b75_-_595_696
train,5q0tocnf_-_326_685
train,5q6dqxm8_-_463_823
train,5q77tn0p_-_498_673
train,5qai9jb6_-_452_663
train,5qc7q5o4_-_610_723_-_620_739_-_87_751
train,5qfq8v8g_-_486_694_-_370_799
train,5qhurjgb_-_366_806_-_392_814_-_624_808_-_420_823_-_635_804
train,5qjoakcy_-_340_699_-_361_693
train,5qpk7chc_-_245_791
train,5qr06xbr_-_320_754
train,5qtlk7i5_-_98_782
train,5qtnn88c_-_166_818
train,5qu5viht_-_579_781
train,5qz15vo3_-_199_678
train,5r3nhqtl_-_170_778
train,5r4xmtjv_-_131_669
train,5r55uul8_-_165_690
train,5rarcdf7_-_360_890
train,5rfoods3_-_69_738_-_55_724
train,5rfyfvz2_-_535_823
train,5ri4o2lw_-_252_550
train,5roztxac_-_394_807
train,5rq6r5st_-_332_799
train,5rqcrvfw_-_83_848
train,5rtppncu_-_201_931
train,5rwp90f4_-_228_663
train,5rxb332f_-_470_689
train,5s0jsqyc_-_419_581
train,5s0qy6oj_-_200_657_-_215_660
train,5s0rvmao_-_527_753
train,5s13j8qm_-_183_690
train,5s2wu1o4_-_344_751_-_342_750_-_25_569
train,5s5enida_-_539_650
train,5s6ho6r9_-_452_690_-_469_740
train,5s8c7ofr_-_487_785
train,5sb477pj_-_201_679
train,5sckehzk_-_273_949_-_356_861
train,5sfhtgph_-_139_816
train,5sfjqs4b_-_358_824
train,5sh5g3e2_-_89_757_-_632_728
train,5sir6x09_-_201_853_-_183_842
train,5slj4bua_-_509_607
train,5snxe7ct_-_357_645
train,5sugrwbv_-_431_757
train,5t5wgtu6_-_339_987
train,5t7ja42e_-_140_725
train,5tdcvogo_-_163_1030
train,5tjq3qye_-_422_637
train,5tqm8uzv_-_444_838
train,5tqqglhv_-_506_740_-_504_985
train,5twzbqqu_-_481_1079
train,5tyrcw1b_-_519_980_-_126_1193
train,5u0fgnmt_-_596_865
train,5u24riom_-_563_871
train,5u6eywv3_-_416_680
train,5u7aesw8_-_466_1170
train,5ucmnz39_-_473_677
train,5udb58k9_-_418_757
train,5ufv5ui1_-_273_708_-_592_696_-_643_704_-_600_711_-_262_693
train,5uhneqjg_-_434_627_-_423_597
train,5um4rppt_-_507_886
train,5um81fcr_-_422_736
train,5uqjclia_-_71_706
train,5urp0lca_-_142_793
train,5uwebzei_-_338_955
train,5uxt01iw_-_189_821
train,5v1kqnjw_-_126_717
train,5v1qvf56_-_316_885
train,5v4dr0el_-_392_602
train,5v4h2yzc_-_446_763
train,5v50kdj4_-_484_697
train,5v5527lq_-_108_624
train,5v7u7b00_-_232_813
train,5v826j02_-_468_734
train,5vaynd01_-_506_739
train,5vc7y5m5_-_323_742
train,5veiuyx6_-_321_1000
train,5veja840_-_545_711
train,5vfq6806_-_584_723
train,5vj4uids_-_474_668
train,5vng5hdw_-_106_785
train,5vvloa00_-_227_777
train,5vwkfdr0_-_558_655
train,5w33tzct_-_481_716_-_480_721
train,5w3vpefe_-_481_782
train,5w4z15ff_-_594_734
train,5wedb5ls_-_549_836_-_577_842_-_541_855
train,5wg82gtc_-_401_543
train,5wi7i51f_-_573_568
train,5wid6zy6_-_121_895_-_518_774_-_56_898_-_94_897_-_500_766_-_485_779
train,5wnzaauk_-_218_917
train,5wo44cvv_-_310_754
train,5wp1ivtt_-_290_610_-_323_636
train,5wrffhn6_-_541_695
train,5wtflj8p_-_231_817
train,5wv6bazh_-_222_733
train,5wzt3ts3_-_423_852
train,5x66dqlp_-_88_673_-_442_638
train,5x9533ad_-_173_992
train,5xbfpy5x_-_462_874
train,5xe7m4qb_-_132_696
train,5xetu0fe_-_264_831_-_603_740
train,5xkijibg_-_381_644
train,5xmxy753_-_618_634
train,5xnnooyl_-_131_639_-_482_682
train,5xo0ssuo_-_241_690
train,5xogkgdj_-_105_722
train,5xrjk5l8_-_385_785
train,5xsjlfgb_-_358_639
train,5xvu6sv2_-_451_803
train,5xxjhm6b_-_139_639
train,5xyn6784_-_543_739
train,5xyphz8r_-_338_786
train,5y1gjisd_-_541_726
train,5y39n852_-_425_1037
train,5y9t31br_-_256_805
train,5yabrh3s_-_402_689
train,5ycznoh4_-_330_693
train,5yffvl8d_-_601_581
train,5yiey184_-_252_744
train,5yjg8qe1_-_573_738
train,5yjzfnc7_-_235_656_-_268_666_-_211_653_-_191_671
train,5ykrdshg_-_92_721
train,5ylcugm9_-_533_711_-_228_710
train,5ymlw3wa_-_576_734
train,5ymmvzt5_-_220_583
train,5yr6yfkw_-_136_738
train,5yrhvvp0_-_202_1054
train,5ytsofdo_-_371_818
train,5yuiwf51_-_514_839
train,5yv5pi2f_-_546_900
train,5z0gf5kv_-_294_798
train,5z0rqcy7_-_271_988_-_256_964
train,5z1cjhla_-_159_708
train,5zdb096n_-_208_782_-_249_922
train,5zdt5isv_-_597_737
train,5zf6u1ff_-_485_956
train,5zii1hoh_-_67_717
train,5zl2olst_-_526_800
train,5zo2jkjj_-_329_847
train,5zqljdci_-_446_594
train,5zqpk7xs_-_230_816
train,5zryou0q_-_566_1034
train,5zs016rz_-_560_641
train,5zxbax5i_-_111_535
train,5zxu97ek_-_557_828_-_40_579
train,601gt0cf_-_577_640_-_359_646_-_590_660_-_382_642
train,608rj1um_-_79_832
train,6090qiog_-_83_694_-_420_564
train,60d0nkmq_-_409_1143
train,60epe473_-_577_638_-_302_679
train,60hw5aiz_-_406_963_-_458_1077
train,60jdf5z4_-_371_641
train,60l8mxv1_-_138_761
train,60nbb1w4_-_572_597
train,60o88n4u_-_544_827
train,60o9wgeg_-_349_785
train,60pzsozt_-_249_968
train,60qih2x1_-_328_684
train,60qofl7p_-_525_664
train,60rgm43u_-_73_774
train,60s9kaog_-_125_538
train,60vbcwg7_-_574_837
train,60xy93ay_-_448_786
train,60zo6vf2_-_194_820
train,6101jy5y_-_223_859
train,6130ex7f_-_501_780_-_76_703
train,6133gof7_-_352_697
train,613fuufm_-_293_598_-_18_583
train,616crr7n_-_502_555_-_69_638
train,61chmtr8_-_196_955
train,61ioqs8x_-_601_761
train,61jd15gq_-_525_700
train,61my5o1v_-_141_931
train,61nit24b_-_470_710
train,61qmdwwn_-_287_627
train,61qos6q5_-_471_708
train,61rb80iu_-_390_956_-_209_862
train,61yxlap4_-_310_728
train,6269coln_-_80_719
train,627kf387_-_102_978
train,629bchm9_-_308_795
train,629puwbb_-_222_751
train,62a8fazg_-_347_705
train,62c58t6f_-_494_708_-_557_837
train,62e9dgs9_-_534_742
train,62ekagh2_-_409_708_-_444_724
train,62gdqr1w_-_320_1113
train,62giany5_-_249_797
train,62l1ql1w_-_396_740_-_669_775
train,62mstgjv_-_184_720
train,62nikbu0_-_271_829
train,62peed6d_-_404_621
train,62tnsber_-_566_796
train,62x3ztv8_-_534_1036
train,62xn3heq_-_106_687
train,62y9h1u6_-_166_816
train,62yyt5db_-_359_663
train,631ot827_-_547_813
train,632b3e58_-_252_690
train,6345y6rw_-_575_768
train,634c5094_-_236_731
train,637broi1_-_269_736
train,637wef3m_-_307_756
train,63a77gmh_-_150_563
train,63axfnrk_-_178_654
train,63dmwocc_-_195_599
train,63e6o567_-_251_560
train,63ijfqn2_-_337_682
train,63isaxvx_-_452_1040
train,63kir478_-_349_774
train,63o3c30b_-_501_858
train,63rm2qsa_-_255_753
train,63uwaoov_-_417_639
train,63wa1az9_-_193_1225_-_614_1052
train,63wbxpys_-_230_828
train,63xm8qkx_-_118_924_-_120_892
train,642srlze_-_592_721
train,643r8enx_-_518_812_-_651_657
train,644pcbqb_-_241_731
train,6453imgx_-_135_658_-_616_586
train,6459y2lg_-_219_684
train,646ntlkj_-_206_595_-_221_615
train,647v0bcv_-_314_814
train,6480bxx8_-_99_762
train,6483glzr_-_147_771
train,64abugpu_-_529_768
train,64ht4u7v_-_184_617
train,64n8slc5_-_430_671_-_453_663_-_435_646
train,64s5icpj_-_373_672
train,64ttlkgj_-_307_778_-_278_785
train,64utys7w_-_182_659_-_493_631
train,64vd8ezu_-_611_778_-_120_745
train,64y0t1ps_-_563_720
train,64zr1j48_-_423_710
train,650hm0uc_-_268_765
train,652am8ao_-_292_863
train,657kreor_-_217_753
train,658clz6h_-_306_591
train,6597rpym_-_315_676
train,659f464a_-_252_783_-_257_783
train,65aue1ji_-_374_786
train,65bwgeni_-_488_670
train,65d4dcmy_-_104_747
train,65eon25a_-_170_717
train,65oqd0yq_-_182_769
train,65wc4hiy_-_330_1137
train,65wk61q7_-_446_742
train,65xsud2i_-_233_870
train,65ynexvi_-_270_712
train,65z3840d_-_407_746
train,660d0mhk_-_515_576_-_601_703
train,662jeu11_-_182_625
train,662zz18y_-_406_710
train,664b3omx_-_482_917_-_479_925
train,665ojnmm_-_215_665
train,666jh1p6_-_202_922
train,666soef6_-_246_1324
train,669r7duw_-_520_652
train,66boen8g_-_411_949
train,66gagrrz_-_442_658_-_405_655_-_23_690
train,66hl9xpu_-_317_792_-_578_892_-_598_942
train,66irg4fl_-_457_797
train,66j252ks_-_394_663
train,66jfcf5a_-_159_609_-_497_575
train,66psf57t_-_471_776
train,66qg6vx6_-_621_677
train,66r74l7h_-_254_1033
train,66zhgu9y_-_222_643
train,670b82b9_-_622_652_-_325_630_-_669_668
train,674iehsn_-_393_935
train,676ei70s_-_221_746
train,677cl9ew_-_249_1223
train,67ca6lj3_-_81_728
train,67e38cn2_-_556_819
train,67fjuxx2_-_80_754
train,67g9v2g6_-_395_676
train,67giwb94_-_494_862_-_436_723
train,67kqibc2_-_210_627
train,67ov3es0_-_323_943
train,67uel67c_-_274_826
train,67uj54g9_-_176_614
train,682txdio_-_214_1194_-_253_1317
train,6841ul5b_-_586_707_-_588_701
train,68767elu_-_564_558
train,68atrdw3_-_272_813
train,68aw3p2p_-_509_827
train,68gqr35s_-_611_711
train,68l4xiaz_-_238_691
train,68nq0dmi_-_359_988
train,68q4o0sb_-_64_699
train,68rl992u_-_347_704
train,68rryh3u_-_162_609
train,68w3b5a9_-_352_565
train,690w1flr_-_406_709
train,693uq206_-_470_675
train,695l3wlo_-_403_641
train,696yvxfp_-_186_726
train,698ovj2f_-_325_630_-_622_652_-_669_668
train,69friy38_-_65_664
train,69lcdke8_-_355_587
train,69oqdqj8_-_490_683
train,69q9sgbx_-_572_869
train,69u3qyy4_-_606_642_-_609_652_-_608_597_-_591_651_-_589_629_-_598_629
train,69wlxzem_-_204_730
train,69yqqo7a_-_279_808
train,69yzondg_-_362_551
train,69z8sgxw_-_358_758
train,69zuzuds_-_319_621
train,6a080lph_-_124_1153
train,6a5vj36z_-_474_682
train,6ahk0vz7_-_182_731
train,6ahu23f6_-_88_704
train,6aiqydd6_-_477_1026
train,6atvke3o_-_111_782
train,6b35x9iy_-_205_604
train,6b4v2i6w_-_130_768
train,6ba6gbkk_-_508_802
train,6bdxkihd_-_469_630_-_38_618
train,6bf7l9xq_-_598_691
train,6biqsb1c_-_359_613_-_571_605
train,6bmynt23_-_565_722_-_618_628
train,6boi43wr_-_153_866
train,6bpeqdcd_-_236_791
train,6bqzmdbg_-_450_783
train,6brkov0z_-_309_699
train,6brpon2v_-_275_740_-_29_735_-_297_736
train,6c0zdc12_-_375_1298
train,6c1s59mp_-_419_688
train,6c3h0xm0_-_154_1146
train,6c78g77x_-_432_1012_-_388_967
train,6c8cf27h_-_632_609_-_240_622
train,6c8o0d6h_-_295_622
train,6c9qtpiw_-_346_1123
train,6ccpsmgy_-_165_535
train,6cd4q5zg_-_434_861
train,6cg6d1fd_-_465_722
train,6cn5170t_-_351_811_-_393_837
train,6cppujxv_-_318_758
train,6cqgw7gi_-_233_743
train,6cxwv1rf_-_438_896
train,6cyeg9pp_-_213_725
train,6d0ezaft_-_128_789
train,6d13t9t2_-_98_720
train,6d3n2vgn_-_265_716
train,6d3n6p93_-_151_880
train,6d4qnfzd_-_253_785
train,6d4qqsxd_-_360_547
train,6d6k9uij_-_102_750
train,6dj659dt_-_242_840
train,6dmogw08_-_291_701
train,6dogw10t_-_381_723
train,6dr2zk71_-_409_765_-_190_777_-_192_789_-_385_754
train,6drgpfhs_-_223_786_-_195_813_-_665_770_-_667_766_-_241_785
train,6drp7krp_-_464_764_-_530_819
train,6dwj397q_-_433_736
train,6e1ae4h6_-_83_821
train,6e2a3sxm_-_183_842_-_201_853
train,6e4ywdmj_-_233_816
train,6e5t0662_-_249_659
train,6e7298eb_-_221_615_-_206_595
train,6e8536h4_-_152_945
train,6ebo0tio_-_391_743
train,6ecg3jmj_-_90_900
train,6echuncs_-_73_763
train,6eeo6pxo_-_173_1201
train,6eepys3w_-_569_1043
train,6eg1kdcr_-_90_790_-_81_833
train,6ehtu22b_-_512_626_-_522_820
train,6ekf3c39_-_265_705
train,6eku0cc8_-_326_846
train,6en2gf1f_-_530_698
train,6eni6m22_-_468_936
train,6esu1kpm_-_97_691
train,6euscac5_-_308_845
train,6f1ct0ou_-_234_1101_-_620_1163
train,6f4odexv_-_449_630_-_473_665_-_442_655_-_420_660
train,6f8irxgc_-_389_985
train,6faoqots_-_133_703
train,6fgnr4m4_-_74_653
train,6fhhjbmf_-_130_1157
train,6fi52tvt_-_271_749
train,6fihw925_-_184_907
train,6fkai2oj_-_576_728
train,6fqiefwd_-_431_764
train,6ftag94e_-_434_832
train,6ftk0fex_-_118_709
train,6fukzlj9_-_486_1074
train,6fwcktuo_-_192_778
train,6fwta4sp_-_402_637
train,6fy6gdsw_-_233_1039_-_270_1036_-_306_1011
train,6fz4zrz0_-_296_788
train,6fz931bo_-_201_826
train,6g0tohef_-_344_715
train,6g1nakqf_-_237_659
train,6g21olmi_-_253_712
train,6g35nsqg_-_252_718
train,6g50j6rg_-_591_624
train,6gbawrew_-_339_778
train,6gcw1c41_-_110_652
train,6ghfanya_-_144_1041
train,6gkxefg5_-_349_906
train,6gmiy6ri_-_154_504
train,6gnym7p5_-_228_646
train,6gonqbhg_-_212_788
train,6goz0nui_-_356_963
train,6gpbk8y3_-_563_736
train,6gq5hbte_-_560_903
train,6gqyeyg6_-_267_653
train,6grv7cqg_-_288_728
train,6gsy0ad1_-_522_893
train,6guh051q_-_383_729
train,6gwoo636_-_268_1000
train,6gwyice5_-_396_895
train,6gx8wbfr_-_88_697
train,6gyqmnfh_-_127_659
train,6gz6v5km_-_615_715
train,6h3tazps_-_173_602
train,6h90fcac_-_480_750
train,6hffi354_-_239_756
train,6hfz0ny2_-_593_633
train,6hh9jiuw_-_255_604
train,6hn9qvsl_-_485_679
train,6hoixdek_-_550_686
train,6hr3c16i_-_201_1375
train,6hsdiayl_-_259_1236_-_266_1259
train,6htfaob6_-_164_662
train,6htzk5oe_-_415_760
train,6hx5tnhl_-_437_1122
train,6hxv1z4r_-_196_763
train,6i0m9m18_-_68_663_-_43_644_-_69_655
train,6i29pzk3_-_409_749
train,6i2p1wmu_-_359_802
train,6i75b8gn_-_239_569
train,6i7ko3ir_-_284_577_-_568_592
train,6i7qin7u_-_400_1159_-_420_1059
train,6ia1owrs_-_291_815_-_314_819
train,6ib64q3y_-_298_644
train,6icy6e12_-_200_668
train,6idso8z0_-_262_600_-_398_584_-_274_560
train,6ikyurkn_-_221_743
train,6ilb63v3_-_424_734
train,6irh3dsk_-_187_812_-_170_758
train,6ivktyge_-_386_658
train,6j0mqfm2_-_196_768
train,6j5atexi_-_471_670
train,6j5d8pfd_-_259_646
train,6j97z2u4_-_576_763_-_599_750
train,6jeimwy5_-_155_759_-_657_796
train,6jh7aicj_-_100_641
train,6jjhqdwq_-_532_827
train,6jjwno1j_-_262_809
train,6jlp4wpr_-_325_596
train,6jmiyzdz_-_439_706
train,6jmuludv_-_624_617
train,6jn3p4a6_-_172_738_-_196_722
train,6jnh9ejb_-_155_871
train,6jpauwdk_-_334_635_-_478_629
train,6jv3fjvb_-_369_596
train,6jw75m6j_-_228_805
train,6k0jgiyx_-_323_656_-_600_695
train,6k1ptdev_-_404_911
train,6k25tlpr_-_472_763
train,6k2ya5gy_-_573_703
train,6k79d8gc_-_548_599
train,6k9ytqjz_-_505_676
train,6kcpaefx_-_189_1286
train,6kezh8hu_-_498_710
train,6kg2v5xs_-_481_633
train,6kgpsknz_-_320_786
train,6kjid7gk_-_404_826
train,6kmae2uj_-_564_725_-_589_746_-_583_710
train,6kmhk9yd_-_468_833
train,6kmt7d7j_-_424_677
train,6kmtyavq_-_505_593_-_274_579
train,6ko06qvh_-_237_720
train,6koy4hw1_-_263_647
train,6kws0qir_-_184_703
train,6kyhxts8_-_150_731
train,6kzklqc7_-_258_804
train,6l02gze1_-_101_820
train,6l0m20r8_-_529_725
train,6l1saqsu_-_52_621
train,6l1vpees_-_481_796
train,6l2kmrra_-_271_711
train,6l4ncm3k_-_535_695
train,6laentbc_-_591_842
train,6lfb40z5_-_217_648
train,6lhe68r6_-_103_577
train,6libyzke_-_76_675
train,6licps13_-_343_748
train,6lioelwg_-_247_669
train,6ll7gbb6_-_253_959
train,6ll8u72k_-_226_761_-_162_786_-_180_797_-_103_814
train,6ln4t5f8_-_598_794
train,6lpjnmhb_-_313_882
train,6lqiwsmo_-_88_743
train,6lt004nh_-_492_1206
train,6lv5wb9v_-_235_871
train,6ly9z2il_-_368_725_-_312_719_-_301_712
train,6m8okobs_-_524_670
train,6mbakl1t_-_193_880
train,6mcyb495_-_421_679
train,6mfxeiqj_-_540_1004
train,6mg4i0cw_-_300_719
train,6mhok8vm_-_292_646
train,6mkm80wu_-_367_834
train,6msy6l4j_-_486_681
train,6mwdrjm2_-_276_747
train,6mzn90tg_-_447_876
train,6mzwtiyp_-_338_771
train,6n02uj15_-_236_693
train,6n1g53ps_-_185_791
train,6n24w2de_-_275_705
train,6n46jp0o_-_379_707
train,6nbm8w17_-_496_727_-_485_750
train,6nh9a9wv_-_481_693_-_454_706_-_503_717
train,6nl5ghr1_-_302_654
train,6nm0lmt0_-_189_720
train,6nmbg5e9_-_494_804
train,6ntmmrv0_-_462_656
train,6nub1osf_-_589_706_-_350_696
train,6nvutgih_-_547_788
train,6nvy4lgw_-_188_937
train,6nww1r0d_-_122_676
train,6nxla45b_-_235_755
train,6nxxoc5f_-_232_737_-_218_733
train,6nzzsh6c_-_175_875
train,6o1efobm_-_578_664_-_168_679
train,6o32ozh6_-_205_693
train,6o53vip3_-_325_726
train,6o6mw0el_-_369_638
train,6oip5bb3_-_322_794
train,6okhng3o_-_390_804
train,6on1c1nf_-_358_655
train,6or1omdw_-_373_709
train,6os5m08g_-_303_741
train,6otq3kcy_-_372_595
train,6ovjeix7_-_591_833_-_581_838
train,6owacalh_-_147_771
train,6owm54yv_-_175_703_-_419_695
train,6ox3yj7r_-_68_654
train,6p1w5nih_-_270_771
train,6p5tof57_-_574_722_-_541_724
train,6p8ig8ob_-_158_724
train,6p95x0wh_-_256_780
train,6pcvwray_-_110_868
train,6pj1q40b_-_104_847
train,6pp28po2_-_460_808
train,6pqkcuvi_-_484_811
train,6puj1lbh_-_179_675
train,6pz27eno_-_273_841
train,6q1bp514_-_162_546
train,6q2avkau_-_407_712_-_414_705
train,6q3h9vzg_-_565_781_-_553_735
train,6q93pe54_-_609_749_-_557_832
train,6qal8wm7_-_418_756
train,6qb5vc2m_-_140_738
train,6qcwzhrc_-_382_634
train,6qczv27a_-_510_817
train,6qijtfax_-_427_627
train,6qitqt0f_-_90_781
train,6qk23q1r_-_236_764
train,6qny5125_-_589_652
train,6qsx7pc6_-_465_614
train,6qxfgpvx_-_334_682_-_298_738
train,6qyafpae_-_207_1043_-_205_1021
train,6r16ba18_-_562_853_-_456_873_-_622_878
train,6rb4lfn0_-_140_1032_-_276_1054
train,6rgahllm_-_626_597
train,6rjl1hxp_-_207_725
train,6rmfa0gx_-_133_546
train,6ro3gw0c_-_376_858
train,6rpn3y5o_-_445_701
train,6rpr4kjg_-_598_831_-_243_797
train,6rpsw4sw_-_609_764
train,6rq5rknn_-_465_757
train,6rrvb25t_-_592_719
train,6rsk44q3_-_461_614
train,6rui1mub_-_470_893
train,6rup5eyv_-_127_853
train,6rv89ik3_-_165_828
train,6rvb5zwn_-_231_677
train,6rwu9jqr_-_307_998
train,6ryrv1k6_-_393_875
train,6s6wru4s_-_468_723
train,6s7nopk6_-_206_678
train,6s9tkzsx_-_353_793
train,6sak0ytq_-_380_802
train,6scq6q6g_-_177_839
train,6sdauy26_-_309_739
train,6shoyqnw_-_127_984
train,6sk5omkl_-_600_537
train,6skg1e43_-_286_765
train,6sn8akup_-_405_629
train,6snyls85_-_219_898
train,6sraonft_-_91_853
train,6srjxkpg_-_257_722
train,6suohge0_-_235_747
train,6szloeab_-_75_758
train,6t12yd69_-_90_718
train,6t3b1nww_-_548_988
train,6t3gi3n2_-_138_1174
train,6t5zudt9_-_469_1145
train,6tf5min3_-_312_703_-_189_630_-_193_666_-_52_653
train,6tfl8vx8_-_426_824
train,6tg1k3uf_-_232_1085
train,6tktrtio_-_408_730
train,6tn5u9iv_-_278_688
train,6tow1c8t_-_469_735
train,6tqt9e4f_-_259_666_-_268_635_-_260_644
train,6tuej461_-_143_631_-_162_649_-_116_645_-_513_527_-_561_540_-_654_516
train,6tuyyrir_-_612_704
train,6tvo15jl_-_564_697_-_138_717
train,6twv83nq_-_170_774
train,6txwz8ji_-_253_705
train,6tyo74x1_-_500_572
train,6u01tthh_-_384_725
train,6u1yb894_-_509_687
train,6u228bn5_-_573_1013_-_532_779
train,6u5ettkc_-_238_648
train,6u6kj68r_-_276_865_-_406_1021
train,6u97xibj_-_130_842
train,6ua29nbj_-_368_1208_-_380_1205
train,6ujc5q9i_-_84_671
train,6ukz3vpo_-_393_1097_-_363_1138
train,6uqcb4z1_-_128_559
train,6uqirdt1_-_159_692
train,6ure5dwb_-_119_941_-_66_921_-_183_986_-_16_923
train,6urgci8z_-_540_853
train,6usdln46_-_605_797_-_103_947
train,6utsuddd_-_307_778
train,6uu509ht_-_366_950
train,6uv22f3d_-_148_549
train,6uwohk1x_-_294_796_-_365_787
train,6uy4m89m_-_170_923
train,6v0xzq7l_-_247_663
train,6v68n5s7_-_481_770
train,6v85rjpw_-_250_868
train,6va6h9da_-_281_833_-_286_817
train,6vazf2bb_-_505_750
train,6vba3zo2_-_284_647
train,6vcc2tvp_-_283_683
train,6ve3l0tn_-_145_914
train,6veujyxr_-_376_780
train,6vexpdbu_-_424_591
train,6vgmlqqy_-_204_700
train,6vhsd711_-_437_1081
train,6vis18ws_-_524_940
train,6vk9ml46_-_106_565
train,6vliv8vj_-_131_703
train,6vm4g641_-_360_931
train,6vmb4e8f_-_506_1002
train,6vp0zy5e_-_232_617
train,6vuo1s6y_-_88_621
train,6vy501rk_-_173_855
train,6vy54m5l_-_604_710_-_596_715_-_605_722
train,6vyjirhp_-_307_947
train,6w19pma9_-_458_738
train,6w1gf7t5_-_231_817
train,6w7aacqu_-_120_815
train,6w7vhtra_-_540_722
train,6w9prjlm_-_482_576
train,6w9v5mxu_-_512_631
train,6wbh14ft_-_375_609
train,6wc019qr_-_180_780_-_239_743
train,6we6tnig_-_94_638
train,6weaqf2z_-_109_741
train,6wf2aws5_-_382_733
train,6wgiwyp5_-_391_796
train,6wi9mies_-_396_738
train,6wivpfyz_-_218_731_-_607_723
train,6wo4x767_-_112_847
train,6wp3k23a_-_389_764
train,6wshphub_-_365_906
train,6wwzy0j9_-_151_809
train,6x0jwgii_-_419_570
train,6x1mm534_-_461_727
train,6x97su7u_-_603_586
train,6xaxylwl_-_335_712
train,6xbswd53_-_351_762
train,6xcqt1h4_-_91_738
train,6xdhmnbk_-_532_741_-_486_803
train,6xgoos8u_-_123_702_-_162_703_-_134_695_-_137_711
train,6xjqsyxy_-_340_748_-_565_746
train,6xlkn8t4_-_419_679_-_420_665
train,6xm2ng9f_-_79_773
train,6xm995u0_-_333_765_-_332_740
train,6xmsij59_-_211_719_-_193_732
train,6xnhrx0a_-_289_802_-_209_775
train,6xpqx4o8_-_481_1012
train,6xswlmpv_-_586_603
train,6xyis9lt_-_287_1112_-_219_1208
train,6xypsnek_-_278_743
train,6y532dt8_-_466_736
train,6y7yvslx_-_169_1305
train,6yamxc9s_-_75_481
train,6yesnbd5_-_280_554_-_46_545_-_549_656
train,6yfn2kfb_-_163_907
train,6yfyibxo_-_577_935
train,6yh1pa2x_-_369_652_-_570_648
train,6yinig95_-_82_797_-_670_737_-_78_781
train,6ymrq97f_-_350_800
train,6yqp1olf_-_407_851
train,6ytcxp3z_-_346_1036
train,6ytv6qag_-_314_756
train,6yznfot3_-_271_727
train,6z64sto1_-_318_674
train,6z69dw36_-_101_722
train,6zkzaxp0_-_270_744
train,6zmf3x0l_-_362_633_-_58_627
train,6zqx2bqp_-_317_900
train,6zx7oqgz_-_95_761
train,706y5lad_-_602_672
train,7082vlhn_-_432_1176
train,70an3dgw_-_575_611
train,70g75mul_-_128_710
train,70hvsc45_-_186_684
train,70it836k_-_59_666
train,70lhfprw_-_67_642
train,70mmsozs_-_596_776
train,70nylzkj_-_586_641
train,70o0dd9w_-_534_1198
train,70on3dup_-_582_804
train,70ooxnid_-_305_683
train,70sbx9pf_-_250_683
train,70scbjb2_-_248_686
train,70w43oyd_-_465_790
train,70w6w0up_-_408_1007
train,70wa15uu_-_376_804
train,7109j9am_-_266_800
train,717akfq2_-_179_649
train,718nzic7_-_369_646
train,71eydre3_-_185_657
train,71ffewku_-_161_853
train,71fv81lg_-_220_710
train,71lnsejb_-_302_693_-_295_696_-_48_606
train,71oumiz5_-_460_887_-_17_784_-_451_891
train,71q7h9gb_-_301_697
train,71r89igm_-_439_761
train,71rmkyt0_-_472_669_-_34_722_-_453_684
train,71ryw4q1_-_509_909
train,71stpeps_-_420_615
train,71v31dkx_-_450_956_-_450_956
train,71vr9iax_-_254_756
train,720g03ky_-_578_941
train,72130won_-_121_788
train,7213ae9h_-_492_714_-_518_709
train,722v7uhi_-_402_632
train,723700io_-_268_888
train,726anxvh_-_245_760
train,726kszod_-_211_890
train,72es0ev9_-_214_693
train,72f9biq3_-_435_835
train,72h0ajv7_-_140_790_-_601_754
train,72irljel_-_288_773
train,72jhbnlw_-_119_1112
train,72kadvkd_-_350_816
train,72l7cli8_-_281_745
train,72lddq31_-_172_665_-_429_666
train,72nloimw_-_471_852
train,72vegrz3_-_117_881
train,72w1kju6_-_271_725
train,72xfv72h_-_229_677_-_86_661
train,72xtp4y0_-_337_574
train,731af3a0_-_125_687
train,736mrri9_-_329_786
train,7379jw90_-_526_570
train,73cy4y12_-_441_959
train,73enm8o2_-_110_697
train,73ffdmin_-_219_882_-_237_855_-_190_899
train,73k9nkpf_-_324_767
train,73ngv0wh_-_242_982
train,73nkyaiu_-_261_716
train,73nw3aiu_-_83_689
train,73op5767_-_556_606
train,73p5kjgh_-_368_704
train,73rm8tel_-_94_632
train,73z73doo_-_257_726
train,7406d3o5_-_323_705
train,744uwqvu_-_538_988_-_530_910
train,74auo0fj_-_325_666
train,74cyq4bn_-_206_940_-_154_950_-_133_964_-_622_1005_-_179_943_-_674_1036
train,74fx53rd_-_357_816
train,74hyd1po_-_263_970_-_197_963
train,74jd86l1_-_554_1049
train,74kemx25_-_194_703
train,74tnnjj4_-_85_763
train,74utu0vs_-_513_710_-_505_716_-_508_704
train,74vkr03i_-_112_824_-_103_824_-_113_802_-_102_817_-_125_812_-_105_820
train,74wjkxoz_-_487_715_-_509_637
train,75507vj9_-_441_789
train,756rtu8l_-_384_725
train,759j42o3_-_482_781_-_82_726
train,75cu1h7x_-_478_1289
train,75ky2ipi_-_428_780
train,75qt70ds_-_368_792
train,75saew8r_-_105_738
train,75t8o12m_-_450_674
train,75uqqmky_-_70_447_-_679_574
train,75voh4mq_-_161_701
train,75ws399s_-_106_671
train,75x9s9nr_-_364_769
train,75ypv5xe_-_131_755
train,761a46je_-_615_742
train,7620nfg4_-_580_689_-_570_679
train,767gtqsh_-_495_812
train,768r1fvz_-_517_715
train,76co0wrd_-_320_674_-_314_694
train,76d1uzfz_-_577_801
train,76et41uj_-_401_652
train,76fjwipn_-_552_640_-_554_636
train,76he7beq_-_425_668_-_479_696
train,76klgm7a_-_575_593
train,76kszx6l_-_395_750
train,76oufa1l_-_515_1180
train,76y0tl76_-_187_725
train,76zoejqq_-_467_1043_-_412_1066
train,7718nglt_-_147_696
train,774zaegm_-_316_738
train,7759n8nl_-_199_730
train,778bmckt_-_521_643
train,77f96wgp_-_595_735
train,77iuuetp_-_385_694
train,77jr94c0_-_283_715
train,77kke4ku_-_246_628
train,77owiw2c_-_404_811_-_390_823
train,77p93y1t_-_381_767
train,77qew9s4_-_534_1018
train,77s2dh2j_-_202_603
train,77sxfec5_-_141_906
train,77t7pg9u_-_162_703_-_123_702_-_134_695_-_137_711
train,77tyn2dn_-_585_711
train,77z7g74l_-_437_743_-_433_761_-_424_760
train,7820aync_-_158_678_-_150_681
train,7845vacr_-_278_766
train,7874yuy2_-_281_727
train,78akljnj_-_73_704
train,78gkz2cq_-_297_805
train,78huz5ge_-_147_836
train,78niwhum_-_98_962
train,78oyqo6f_-_154_697
train,78pvnt5p_-_448_737
train,78qi31vt_-_174_833
train,78ucu74j_-_541_765
train,78w1tuw2_-_591_893
train,78x35okg_-_116_645_-_143_631_-_162_649_-_513_527_-_561_540_-_654_516
train,78x3fos9_-_97_656
train,792tjume_-_550_777_-_322_774
train,796zw0zj_-_202_699
train,798wzxj5_-_228_767
train,79cf0txg_-_452_668
train,79f3qwt5_-_107_800
train,79f78751_-_140_574
train,79hh37da_-_490_896
train,79qgf9e9_-_133_994_-_144_985_-_79_720
train,79qobsys_-_217_745
train,79rfwzvd_-_214_670
train,79uoe6ac_-_503_648
train,79wtekbz_-_572_682
train,79yaqn8g_-_217_795
train,7a1fxhp3_-_133_660
train,7a3laupr_-_328_933
train,7a4nj7vd_-_548_918_-_507_900_-_531_930_-_524_946
train,7a6dfu6k_-_560_741_-_557_741
train,7a7ndkxj_-_489_901_-_527_858
train,7a8nz1u6_-_223_679
train,7a928gks_-_402_613
train,7ab0bemy_-_418_809_-_397_811
train,7adizhhy_-_159_1060
train,7aedoquk_-_358_716
train,7ajsd4m9_-_378_1123
train,7apd0kwa_-_332_769_-_359_771
train,7ar8iooa_-_553_607
train,7arpgt2s_-_111_631_-_296_624
train,7asmmte6_-_564_741
train,7asnuixm_-_210_1149
train,7at1lddv_-_107_804
train,7athuup6_-_431_633
train,7atj9fu7_-_444_763
train,7axzwf39_-_448_572_-_211_734_-_280_749_-_359_784
train,7b0mhvsn_-_567_870
train,7b146unk_-_365_581
train,7b1chivq_-_408_796
train,7b27a89r_-_262_693_-_592_696_-_273_708_-_643_704_-_600_711
train,7b4ppnx6_-_117_853_-_460_763
train,7be0hirb_-_406_1127
train,7bedycxo_-_245_671
train,7begisxl_-_391_631
train,7bgyfoi3_-_437_923
train,7brsptiw_-_116_692_-_124_722
train,7bt5o7df_-_461_763
train,7bvjvwf4_-_124_721
train,7bwckbii_-_506_825_-_501_824
train,7bynlh92_-_359_824
train,7c0otx1i_-_90_789
train,7c0ucj59_-_419_695_-_175_703
train,7cau3jk1_-_469_748
train,7cb89r9n_-_162_665
train,7ccabx76_-_405_865
train,7chdtnja_-_219_600
train,7cjmhjiz_-_225_696
train,7cm2ila0_-_316_758
train,7cn2e2a0_-_381_656
train,7cn2hvin_-_281_1036
train,7csb7nah_-_236_837
train,7ctq83gg_-_535_734
train,7d1ygkh2_-_109_788
train,7d3tcoki_-_118_1077_-_345_1050
train,7d4vbkct_-_274_713
train,7d63aqc1_-_165_694
train,7d6skbcm_-_189_1185
train,7d99ywsf_-_556_771_-_506_764
train,7d9uvy55_-_184_913
train,7dkwqpgp_-_600_699
train,7dltwwxn_-_424_603
train,7dnj136d_-_156_522
train,7dsumvo1_-_488_724_-_455_725
train,7dty8puv_-_560_583
train,7dun5s6y_-_86_771_-_82_763
train,7dury5ha_-_242_770_-_426_665
train,7duxm591_-_485_1174
train,7dvze630_-_280_785
train,7dx2pycm_-_277_606
train,7e310flj_-_565_728
train,7e3541wp_-_226_860
train,7eac0psi_-_403_681
train,7eb5z51n_-_485_639
train,7ecqzjd9_-_577_737
train,7ecyrwkp_-_388_758_-_393_760_-_389_761
train,7eenokiz_-_570_769
train,7ef43fi2_-_297_858_-_19_796_-_25_795
train,7egu27yn_-_554_763_-_504_813
train,7ejnqwqr_-_135_1013
train,7en09pn1_-_77_706
train,7en41hyp_-_94_849_-_98_837
train,7enangqh_-_570_641
train,7enrwcyz_-_387_996
train,7erqcuyy_-_319_775
train,7f30b6z3_-_491_699
train,7f936tye_-_305_746
train,7f9yccjc_-_388_712
train,7fadu8co_-_339_877_-_341_998_-_520_836
train,7ffyn8qa_-_590_649_-_565_661
train,7fkq1aii_-_495_710
train,7fquuadk_-_235_616
train,7fqv5xa9_-_269_738
train,7fr56i0q_-_190_830
train,7ftze09t_-_461_884
train,7fw7lasx_-_213_789
train,7fwzh66q_-_498_595
train,7g1rhhtv_-_579_903
train,7g5jp98e_-_202_820
train,7g8520jk_-_429_850
train,7gb60z3i_-_573_763
train,7ghfasfv_-_380_609
train,7ghkjgwg_-_162_636_-_185_674
train,7gikgxri_-_361_888
train,7gkbg703_-_120_925
train,7glrp8q4_-_431_1341
train,7gmaw0su_-_519_689
train,7gs01qiv_-_583_968
train,7gshbx44_-_164_589_-_457_734
train,7gsl4yfl_-_353_818
train,7h2goukr_-_536_729
train,7h3vi3ft_-_400_789
train,7h4ga7ov_-_128_688
train,7h5m8w19_-_360_608_-_372_535
train,7h77aqwv_-_210_893
train,7h7y1chj_-_255_695
train,7hhqyfc7_-_559_749
train,7hhtypnh_-_518_803
train,7hksnttv_-_427_695_-_1_694_-_427_659
train,7hkuimys_-_509_835
train,7hmi5b4p_-_450_747
train,7hopg0bj_-_283_734
train,7hpr3woc_-_505_867_-_542_864
train,7hrynxb3_-_155_686
train,7hu8xwf6_-_390_798
train,7hvc8rfu_-_393_837_-_351_811
train,7hz31nqq_-_487_824_-_461_803
train,7i2bmlcc_-_404_785
train,7i4imxrw_-_382_799
train,7i67oqw6_-_367_878_-_250_962
train,7icq1ouh_-_82_719
train,7idcfs4l_-_150_930
train,7ik7nw2u_-_328_909_-_337_938_-_343_932_-_346_913_-_313_898_-_320_899
train,7iniyaye_-_346_590_-_333_561
train,7iqmxbxo_-_265_887
train,7it5lb5f_-_366_668
train,7iup4bi6_-_492_791
train,7ivlg6o4_-_251_690
train,7ivxmrvl_-_229_747_-_251_823_-_31_840_-_60_749
train,7iyzfyee_-_581_826
train,7j1jfe04_-_187_689_-_632_712
train,7j2lc4fr_-_296_728_-_296_740_-_529_677
train,7j2mefpr_-_532_651
train,7j30noe4_-_527_1038
train,7j5idpee_-_350_858
train,7j71jud3_-_528_795
train,7j9oqt8j_-_171_618
train,7jbsd9ll_-_351_853
train,7jct2qwk_-_129_659
train,7jeu3d0v_-_158_1234
train,7jewmx0l_-_110_759
train,7jjhdr6v_-_444_783
train,7jm0fw94_-_271_704
train,7job1yj9_-_459_691_-_41_708
train,7jouzosw_-_347_660
train,7jsrpw16_-_373_666
train,7jt5rpp5_-_396_691
train,7jtpgmcv_-_198_884
train,7jw26vtn_-_560_893
train,7k2p5r1k_-_480_727
train,7k3691k5_-_390_727
train,7ki0a89s_-_425_574
train,7koxy1gv_-_139_762
train,7kpt04w3_-_376_693
train,7krf0wkw_-_333_749
train,7ksagtte_-_283_630
train,7kteb2nf_-_472_680_-_211_747
train,7ktsut6f_-_547_898
train,7kw7omj0_-_485_767
train,7kwzrh5a_-_382_781
train,7kx9r0df_-_420_665_-_419_679
train,7l4xt0a0_-_355_733
train,7l66cwr1_-_170_611_-_168_659
train,7l8g3hg3_-_405_1363_-_0_858
train,7l99io8z_-_610_722
train,7lakc9o6_-_287_633_-_82_619
train,7lakxiha_-_444_683
train,7lcqqptc_-_404_840_-_350_840
train,7lkxfw6f_-_164_711_-_669_705
train,7lle9x4v_-_572_826_-_595_860
train,7lmzqyre_-_340_1240
train,7ln6y6pq_-_185_837
train,7lncvk94_-_353_577
train,7lni03pj_-_193_677
train,7lrd8089_-_580_693
train,7lro0jhd_-_154_628_-_158_633
train,7lro83ky_-_501_1049_-_106_1046
train,7lvgjlo2_-_475_814_-_493_701
train,7ly32rr5_-_325_807
train,7lztiiwi_-_376_920
train,7m3jf0jq_-_602_640
train,7m5k9thi_-_201_1012
train,7m69ug2d_-_338_1084_-_279_1002
train,7m9nrucz_-_592_611
train,7mdr50dw_-_570_866
train,7mdt0pme_-_504_717
train,7me7am05_-_382_1060
train,7mgtdekj_-_466_807
train,7miknmt1_-_280_593_-_52_650
train,7mkgotrk_-_324_1212
train,7mljqsf5_-_143_844
train,7mn5v1nc_-_346_666_-_74_664
train,7mn6w18d_-_445_730
train,7modfoxp_-_439_688_-_97_860
train,7msamura_-_412_873
train,7mt4ssrq_-_471_796
train,7mtq08zm_-_115_644
train,7mxf5pil_-_410_909_-_224_711_-_409_866_-_268_729
train,7n0lw03v_-_157_802
train,7n19sekn_-_459_778
train,7n5jymu4_-_514_798_-_325_1042
train,7n9rc4o1_-_280_717
train,7nel2d94_-_70_711_-_146_730
train,7nexwrf5_-_275_702
train,7nfcm4ht_-_551_740
train,7nflb273_-_270_793
train,7nizwq74_-_501_731_-_478_706_-_476_747_-_565_793
train,7njglngb_-_604_647
train,7nmyaz7x_-_295_1125
train,7nqkcwkm_-_236_574
train,7nr5owy4_-_197_647
train,7nrwpyh3_-_579_595_-_334_671
train,7nvjszx0_-_176_800
train,7nwpm3eu_-_166_593_-_593_580
train,7nxt80r2_-_496_864_-_230_771
train,7o1rnfta_-_516_654
train,7o22uhfz_-_487_890
train,7o301iem_-_375_801
train,7o50kp16_-_488_699
train,7o5lufw9_-_252_718
train,7o68o685_-_120_983
train,7o7rcvzb_-_283_807
train,7o7srnb5_-_95_897
train,7o8mrxkk_-_544_716
train,7oama7yo_-_503_826
train,7oh4piww_-_466_708
train,7oixot9v_-_127_795
train,7ol8s8x4_-_147_569_-_88_568_-_115_555_-_144_549
train,7olzn7k8_-_79_678
train,7ontdb79_-_292_607
train,7opnhoy2_-_207_740
train,7oqno55x_-_177_770
train,7org7yqh_-_544_695_-_522_704
train,7oubhmmz_-_393_859
train,7ousdvi7_-_168_776
train,7ousufqu_-_481_537
train,7ovmds84_-_86_619_-_269_644
train,7ox3hfca_-_131_710
train,7p2hvh4a_-_535_865
train,7p5pwuqm_-_502_678
train,7p8ki6vj_-_167_763
train,7pdbaf4h_-_169_664
train,7pf61431_-_564_847
train,7pk6hvfj_-_193_689
train,7po5t91e_-_449_643
train,7ppfotzw_-_343_854
train,7pr706t5_-_76_657
train,7prifg1w_-_77_775
train,7ptx9jbc_-_201_893
train,7pvl304g_-_366_683
train,7q20ioxy_-_195_679
train,7q6vl6ib_-_503_874
train,7q8sojug_-_87_700
train,7q9bjgfn_-_313_814
train,7qa0m111_-_235_1312
train,7qn35i8d_-_314_692
train,7qnwe877_-_231_699
train,7qp9bu54_-_243_782
train,7qq7dls7_-_303_616
train,7qqev7a1_-_561_730_-_557_725
train,7qv2sb0s_-_142_611_-_319_619_-_326_660
train,7qxujbli_-_597_591
train,7r10trg8_-_111_850
train,7r5752lt_-_159_754
train,7r5ugeyz_-_271_781
train,7r6va1a6_-_425_1022_-_397_1055_-_412_1025
train,7raifas7_-_588_603
train,7rcyqyad_-_279_651
train,7resxp7e_-_85_654
train,7ri6g8yz_-_332_763
train,7rlhon08_-_242_1476
train,7rna0r1i_-_184_812
train,7rohr4ak_-_514_1018
train,7rq1bjwg_-_386_706_-_366_737
train,7rrms6zo_-_478_829
train,7rseizk3_-_498_986
train,7ru2065a_-_357_765
train,7ru3n078_-_399_521_-_483_515
train,7ruc44xl_-_440_862
train,7rv8fds5_-_385_790
train,7rwficpk_-_176_674
train,7rysk04k_-_339_701
train,7s12hy1d_-_103_629
train,7s35dl0e_-_139_679
train,7s7jq5ue_-_607_622
train,7sco8ksz_-_176_592
train,7sogbuw5_-_539_710
train,7sqeoqas_-_267_565_-_23_587
train,7ssudwp6_-_447_617
train,7sx795em_-_402_879
train,7sxkesn5_-_352_772
train,7symdfj8_-_361_814
train,7szyqz2i_-_107_695
train,7t1u0btu_-_239_663
train,7t5df67j_-_267_645
train,7tal88co_-_261_769
train,7tapl3lp_-_343_782
train,7tflw1ob_-_400_717
train,7tglw5lt_-_511_692_-_510_693_-_484_696
train,7tidtc67_-_442_675
train,7tiq8t8e_-_481_627
train,7tjedt7k_-_265_652
train,7tlwufbl_-_435_692
train,7tpx4l7g_-_165_788
train,7trigw40_-_432_717
train,7ts8nzq2_-_139_663
train,7ttdy1z6_-_492_679
train,7tu7mnu6_-_260_789
train,7tumlpis_-_131_650
train,7tyba33p_-_284_1293
train,7tz8dqor_-_302_562
train,7tzns79u_-_511_770_-_151_829
train,7u475oav_-_575_935
train,7u97xsp5_-_118_717_-_137_714_-_373_775
train,7u9ja879_-_338_883
train,7uaxz7m0_-_483_828
train,7udhxugg_-_567_659
train,7uemkrs1_-_317_820_-_317_820
train,7ugp5juf_-_396_574_-_115_584
train,7ukxaiyv_-_604_760
train,7ul63vty_-_448_670
train,7uljl2u6_-_395_893
train,7unkkur1_-_161_702
train,7unum741_-_344_861
train,7up8n859_-_229_987
train,7v1p06rh_-_310_914
train,7v3vufza_-_512_801
train,7v9yeykd_-_173_627
train,7vbcyqud_-_525_671
train,7vfbb9pj_-_151_914
train,7vgbm711_-_412_663
train,7vjfna14_-_272_816
train,7vl3puvd_-_551_801
train,7vofzbd1_-_569_918
train,7vqc7qco_-_414_705_-_407_712
train,7vqeyko7_-_453_679
train,7vv3cntd_-_390_753
train,7vxmctxl_-_390_764
train,7w0dkjmb_-_471_709
train,7w162tjg_-_84_854
train,7w29inwl_-_585_659
train,7w4xusa3_-_319_722
train,7w525lag_-_580_768
train,7w5e1l1x_-_122_598
train,7w7q3gv0_-_184_696_-_104_808
train,7wewsso0_-_519_670
train,7wfpun9h_-_116_884_-_185_942
train,7wi8ieta_-_299_959_-_635_1023_-_275_990
train,7wq77go7_-_429_825
train,7wsxceln_-_94_742
train,7wu9vuv2_-_366_786
train,7wuhlqik_-_412_724_-_154_660
train,7wuroxz1_-_465_729
train,7wxk89la_-_242_674_-_235_857
train,7x07qvp6_-_256_906
train,7x0gfqa0_-_520_1153_-_464_1065_-_603_726
train,7x6oqtgf_-_329_597
train,7x6txrcb_-_389_662
train,7x71boz8_-_486_1001
train,7x8vikg7_-_162_741
train,7xbln6vp_-_199_890
train,7xdm5xg4_-_384_683_-_27_706
train,7xgl66a0_-_533_726
train,7xka82p0_-_608_732
train,7xl5pghc_-_128_648
train,7xlfz9ca_-_243_994
train,7xqiaj33_-_507_1064
train,7xr2uk19_-_170_754
train,7xwdz6bm_-_218_1015_-_613_780_-_462_726
train,7xx6y1ra_-_248_750
train,7y1cgenz_-_283_617
train,7y5r7xep_-_336_717
train,7y6t8iuq_-_484_681
train,7ya633gs_-_280_863
train,7yalkfc0_-_282_835
train,7yb7li30_-_449_677
train,7yg90mut_-_156_796
train,7yl3r5jd_-_101_655
train,7ylpg69i_-_211_610
train,7yohmv0v_-_354_1046_-_375_1008
train,7yonq77b_-_379_738_-_595_776
train,7yp17fut_-_475_1102_-_486_1093
train,7yqtc5xe_-_390_786_-_386_862_-_404_797
train,7yrdokbv_-_538_923
train,7yyi0hxs_-_586_588
train,7yysb89t_-_170_716
train,7z8g2kas_-_277_752
train,7za0lv9b_-_164_673_-_183_681
train,7zicq77r_-_474_617
train,7zl510fm_-_122_931
train,7zmym549_-_216_783
train,7zn2l6tx_-_611_762
train,7zqcpj64_-_477_698
train,7zrsi2xp_-_515_754
train,7ztcfisq_-_430_751
train,7zwpqapw_-_472_730
train,7zxzvutf_-_595_689
train,7zyrbghy_-_542_936
train,7zztzay0_-_257_773
train,800k6vdd_-_361_704
train,800q303s_-_180_1364
train,80bif15v_-_336_874
train,80f5m3t5_-_525_721
train,80f7fkt8_-_527_659
train,80fwtsfy_-_397_862
train,80iw28tu_-_399_677
train,80kpklv5_-_195_717
train,80lyy2kj_-_253_780
train,80m95j6l_-_160_678
train,80nsppfa_-_165_655
train,80qigrq7_-_429_694
train,80xi5u1h_-_171_909
train,811ovb0g_-_194_726
train,81211ums_-_550_732
train,818kpvjz_-_244_617
train,818o98rx_-_217_588_-_85_616
train,81ap6pa8_-_201_673
train,81cb8h4z_-_264_681
train,81cqacqa_-_293_1084
train,81gryvk2_-_457_678_-_382_960
train,81hk96vq_-_294_915
train,81j82mmq_-_263_661
train,81poo8wq_-_150_706_-_546_724_-_543_734_-_167_677
train,81q3t847_-_274_579_-_505_593
train,81qxyp00_-_383_894
train,81v537c3_-_143_847
train,823m7ttx_-_302_697
train,824or8bl_-_224_917
train,82519ojb_-_409_712_-_666_734
train,825z8k3f_-_55_629
train,827zsx60_-_125_804_-_442_757
train,828ta0qm_-_318_1025
train,82a76n2r_-_326_748
train,82adbwp5_-_350_1125
train,82cigqig_-_551_898
train,82ierukm_-_102_934
train,82isy794_-_473_728
train,82o0i9qg_-_295_767
train,82offaqj_-_401_608
train,82qf3wdu_-_410_783
train,82t26brm_-_101_729
train,82xmj4ts_-_345_607
train,830foifi_-_242_672_-_412_697_-_445_688_-_239_681
train,833lv2s0_-_106_662_-_445_598_-_440_618_-_454_626_-_62_664
train,833pm91q_-_437_667_-_469_703
train,835rxi4s_-_436_738
train,83cigjos_-_77_609
train,83ckrdft_-_463_717
train,83dtex8h_-_513_836
train,83g5veg6_-_359_628_-_662_612
train,83jouwpx_-_398_869
train,83kzcjya_-_217_1000
train,83mg82q9_-_183_776
train,83rly0ug_-_472_770_-_507_764
train,83tm1c6e_-_387_711
train,83wl1jcw_-_484_705
train,83x5pe1e_-_171_907
train,83xp4ntg_-_259_873
train,8403zii9_-_67_723_-_34_886_-_141_717
train,8437zi0v_-_402_742
train,846psvxs_-_354_876
train,84bdjwlz_-_174_734_-_147_722
train,84eqzi0q_-_354_850
train,84h74nqb_-_94_659_-_102_657_-_109_662
train,84hm6s4u_-_205_642
train,84js1akc_-_446_639
train,84ojaylv_-_162_827
train,84ojkkfx_-_377_1047
train,84pbdjdr_-_220_925
train,84vhstv4_-_472_570
train,84wgh5ay_-_538_754
train,8501osll_-_581_662_-_276_614
train,8523ynf9_-_148_657
train,852qy0q4_-_588_626
train,85e7mzhv_-_234_698
train,85if8m9a_-_615_666
train,85iifiw3_-_411_737
train,85iitjyc_-_165_753_-_668_779
train,85jdsbee_-_269_866
train,85l9feg0_-_256_638
train,85lu9oob_-_97_704
train,85lx4y2t_-_101_642
train,85r8eqqy_-_345_703
train,85tks2f2_-_273_935
train,85zirduw_-_379_701
train,860yx5qs_-_223_589
train,862rm8y7_-_334_1075
train,864f47mq_-_503_666_-_74_663
train,869xrtuy_-_305_680
train,86aeb3zf_-_544_724
train,86exv4e3_-_498_650
train,86i3milq_-_544_670
train,86itarz7_-_324_823
train,86noub6w_-_324_581
train,86palms4_-_540_715
train,86s0rn95_-_343_922
train,86siz0ai_-_380_1096
train,86tp8nip_-_483_894
train,86utsr93_-_557_881
train,86zi7f0b_-_506_663_-_106_787
train,87602p5v_-_548_876_-_158_563_-_622_724_-_177_592_-_14_591
train,87amatju_-_424_654_-_215_680_-_261_662
train,87bw9h96_-_87_557_-_134_595_-_247_492
train,87dh72ju_-_66_708
train,87eekqoa_-_260_759
train,87f71ssb_-_147_760
train,87hrr2ld_-_130_749
train,87ii5x6x_-_342_1172
train,87ikbgku_-_444_774
train,87jh1w0l_-_420_727_-_407_732
train,87np4khn_-_265_1125
train,87opy4oi_-_368_656_-_356_655
train,87qyd12g_-_537_698
train,87x1ewhd_-_150_659
train,87yrvfgr_-_357_836_-_354_859_-_383_799
train,88bbfq6r_-_235_842_-_140_730
train,88ejy16e_-_225_864
train,88g98xmd_-_299_695
train,88h75to4_-_442_939
train,88n2ctkm_-_179_689
train,88pvz8ox_-_508_794
train,88qb8srd_-_294_934
train,88qq7r5w_-_347_666
train,88s67yh7_-_476_766_-_480_768
train,88u2u0e0_-_430_754_-_292_684
train,88v3lhob_-_350_769
train,88w0lcn4_-_486_809
train,893x9gcb_-_623_663
train,893zelsb_-_471_762
train,895qi6na_-_212_824
train,8978qxxd_-_481_655
train,89ao9clx_-_329_658
train,89avwrap_-_115_900
train,89clirdo_-_589_746_-_564_725_-_583_710
train,89g2jo2r_-_606_580_-_378_665
train,89g38041_-_195_828
train,89h5kpxu_-_583_642
train,89hgf1h6_-_258_742
train,89i7jixo_-_114_768
train,89mgpx9v_-_367_526
train,89ndvow6_-_324_941
train,89o8vmz0_-_392_746
train,89pskygf_-_534_666
train,89tdwem1_-_490_633
train,89u7w4uq_-_548_825
train,89wi7mq6_-_465_923_-_97_915_-_138_921_-_479_920_-_472_923
train,8a14gz3m_-_442_682_-_113_705
train,8a2lud3m_-_267_771
train,8a9okwnb_-_295_865
train,8a9r4sq3_-_408_696
train,8aamifhc_-_296_811
train,8abfvwir_-_187_639
train,8af4nd6k_-_282_664
train,8aofyhz8_-_489_745
train,8as11ao8_-_408_880
train,8au88koh_-_280_767_-_331_882
train,8awslls6_-_346_698
train,8b1dlo07_-_578_808
train,8b1n8x2u_-_197_760
train,8b6kidah_-_600_689
train,8bdhrrgu_-_480_1182
train,8bdthawq_-_276_734
train,8bfojnp5_-_349_664_-_356_661
train,8bhr2wnc_-_210_599_-_627_527
train,8boxftm8_-_324_625
train,8bpxfwzm_-_498_735_-_480_863
train,8bsrcac9_-_343_823_-_292_817
train,8bv3oxk8_-_358_814
train,8bvt088a_-_503_1106
train,8bybhrvw_-_585_563
train,8c69jukb_-_296_713
train,8c71i0a0_-_149_800_-_153_733
train,8c7jjtvr_-_239_665
train,8cax07oy_-_343_754
train,8cb25ng7_-_381_619
train,8cc36t1b_-_358_739
train,8ccoace2_-_227_715
train,8cpgdq07_-_292_698
train,8cphwoc9_-_424_914
train,8cregguw_-_363_746
train,8crt8dme_-_291_710
train,8cu62z6g_-_381_585
train,8cx4co7v_-_395_652
train,8cz5x2bn_-_368_622
train,8d0bp6wh_-_539_917
train,8d13vqp5_-_126_823
train,8d3fo6n0_-_360_736_-_91_741_-_91_750_-_407_742_-_90_746
train,8d3ictam_-_519_741_-_147_686
train,8d6hkmb9_-_556_653
train,8debqgjo_-_70_584
train,8df32we5_-_90_648
train,8dfvox4m_-_594_598
train,8dhtsaau_-_317_953
train,8dldj24g_-_196_795
train,8dn3fo7i_-_142_983
train,8drsesul_-_374_872_-_417_874_-_355_858
train,8dsd143z_-_175_899
train,8dwz3ha0_-_174_602
train,8e1p1cna_-_317_682
train,8e3e57np_-_592_737_-_576_709_-_621_723_-_610_743
train,8e3nw14p_-_468_1035
train,8eejced9_-_606_634
train,8egxcu9d_-_536_684
train,8ehwr9h5_-_516_753
train,8ejawdz3_-_109_1037_-_123_979_-_111_1132_-_92_1047
train,8ejgpty5_-_338_867
train,8ejv3xpn_-_437_690
train,8elybfzz_-_501_824_-_506_825
train,8emxd7sx_-_150_893
train,8eqn7x47_-_342_916
train,8erunu8g_-_443_868_-_506_869
train,8es5m6oq_-_299_885
train,8eufp2uw_-_420_898
train,8eur0hns_-_588_590
train,8evta88f_-_418_575
train,8ewy78kc_-_250_838_-_229_819
train,8exyxiry_-_136_791
train,8eyxzjh5_-_213_805_-_270_827
train,8f1l7epk_-_439_1004
train,8f739p2o_-_392_939
train,8f88ov9u_-_97_762
train,8f9ut528_-_527_1078
train,8fcbt050_-_142_571
train,8fdlhwa4_-_197_791
train,8fe2bwx3_-_341_707
train,8fj7t9cj_-_593_611
train,8fj9a0cr_-_122_689
train,8fn2m421_-_174_689
train,8fpv8e4z_-_570_720
train,8fvw7dbx_-_81_726
train,8fxruims_-_396_739
train,8fy6rvva_-_367_743
train,8fya7laq_-_109_661
train,8g01mfp2_-_89_837
train,8g7oh4ej_-_97_587
train,8gc68kcl_-_465_782
train,8gi2c1eb_-_402_717
train,8gj726kw_-_461_1158
train,8gm8mq4s_-_401_859
train,8gnrepzn_-_316_799_-_640_872
train,8gopxs8v_-_352_784
train,8gu4ryq1_-_192_693_-_206_699
train,8gus2h9l_-_159_793
train,8gy511xs_-_430_1125
train,8gykfftk_-_431_685_-_77_694_-_111_727
train,8gz6ifah_-_328_689
train,8h1sacfn_-_477_647_-_463_653_-_472_644_-_591_646
train,8h3h4j6h_-_264_758
train,8h3ystr5_-_472_713_-_458_674
train,8h6c9d9k_-_180_1011_-_370_959
train,8h9dmbwt_-_101_842
train,8h9gd59n_-_230_726
train,8h9x9fck_-_335_660
train,8hc8vqk4_-_470_746
train,8hg7in56_-_599_829
train,8hgiwvsa_-_240_622_-_632_609
train,8hk5j5qf_-_339_690
train,8hlqzav4_-_306_767
train,8hmwdvhd_-_194_834
train,8ho47wn1_-_527_1165
train,8hp0fhod_-_240_846
train,8hp9u7i4_-_380_844
train,8hpo1kac_-_193_660
train,8ht84jha_-_383_738_-_385_758
train,8hzxw7i5_-_389_772_-_388_782
train,8i14skrq_-_482_678_-_89_647
train,8i1cu688_-_503_1094
train,8i3torvh_-_370_1010
train,8i6m24sc_-_431_763
train,8i9z7lle_-_378_808
train,8im5xoif_-_173_1293
train,8ior14f0_-_384_724
train,8ixiz6or_-_354_674
train,8j0hwstz_-_235_637
train,8j0mbkx6_-_499_703
train,8j1lx9uj_-_439_832_-_456_926
train,8j737w9t_-_472_644_-_463_653_-_477_647_-_591_646
train,8j87l94l_-_141_822
train,8ja1e73k_-_294_792
train,8jafe599_-_617_685
train,8jb1dtno_-_117_718
train,8jc78zss_-_292_752
train,8jdlj2md_-_511_842_-_497_815
train,8jfd3iiy_-_357_726
train,8jg1l4e2_-_527_664_-_223_602
train,8jghswfx_-_219_681_-_208_667_-_240_664_-_195_622
train,8ji80e5h_-_404_856
train,8jksv9rd_-_492_731
train,8jkzi4bx_-_335_759
train,8jngylwb_-_467_1186
train,8jotl9s5_-_74_754
train,8jr4oegn_-_376_634
train,8jr9yfa1_-_126_882_-_158_906
train,8jtgfvrq_-_442_565_-_258_573_-_446_544_-_272_573_-_266_562_-_448_560
train,8jtk8e5w_-_131_713
train,8jvkcj1w_-_253_777
train,8k15mifp_-_169_754_-_186_741_-_227_762
train,8k1hxqma_-_427_698
train,8kaqaiqz_-_607_723_-_218_731
train,8kdcdotr_-_251_777
train,8kgvv2yq_-_120_697
train,8khftr8k_-_560_769
train,8ki2tq2w_-_152_575
train,8kkiuq5j_-_441_611
train,8koevkup_-_593_899
train,8kolzots_-_506_1054
train,8koo8pjr_-_306_632
train,8kqzscq9_-_124_799
train,8kr1xbqt_-_236_760
train,8ksrf1mb_-_492_789
train,8kuvv7t4_-_97_719
train,8kwqjzrj_-_359_991
train,8kzadfz3_-_271_847
train,8l105kmg_-_414_787
train,8l1nunri_-_536_647_-_0_534
train,8l8c2grh_-_221_685
train,8l92yq4y_-_433_759
train,8lamahyt_-_179_693
train,8lf32ti4_-_464_656_-_326_645
train,8lgpl4vp_-_179_677
train,8liosknp_-_409_711
train,8liqkztl_-_521_928_-_454_889
train,8ljpqfrg_-_195_715
train,8ls665gv_-_533_722
train,8lsh1op2_-_517_710
train,8ltw4s9r_-_423_758_-_573_678
train,8lu03jjj_-_75_662
train,8lvb0ymk_-_198_693_-_621_693
train,8lze270z_-_347_729
train,8m2pprq6_-_631_579
train,8m3h9wr7_-_387_694
train,8m481bhb_-_519_639_-_492_610_-_503_614
train,8m6ekbh7_-_611_621_-_616_672
train,8m9725xh_-_273_981
train,8mbea7hz_-_524_950
train,8mbgcibf_-_123_893
train,8mih9f7q_-_392_915_-_382_922
train,8mmsun1m_-_471_763
train,8mpvwamb_-_267_900_-_268_943_-_280_906
train,8mqnywa7_-_162_780
train,8mscxhsp_-_525_995
train,8mu6lptg_-_93_831
train,8mv83jc2_-_133_910
train,8n022xep_-_504_727
train,8n4xvk1x_-_546_709
train,8n8154ct_-_122_612_-_353_618
train,8n86uewj_-_551_707_-_577_700
train,8n8gfc0g_-_441_763_-_160_770
train,8n8h4v7q_-_496_685
train,8napwa72_-_213_759_-_198_757
train,8ncb7jr7_-_450_955
train,8ng5azb7_-_221_640
train,8nkzxv30_-_322_608_-_577_594
train,8nlfg0np_-_265_635
train,8nnxd9zu_-_407_705
train,8nswr4w0_-_426_820
train,8ntmibcf_-_140_1127_-_132_1137
train,8nv4vwex_-_509_778
train,8nz9wq7u_-_135_762
train,8o0bzjff_-_523_966
train,8o3wua01_-_388_705_-_389_677
train,8o6hyavg_-_106_894
train,8o7sxawa_-_604_689
train,8oa1stek_-_523_941
train,8odh40dt_-_178_612
train,8om8gpkd_-_370_698
train,8on4dt5p_-_280_687
train,8ooche6j_-_255_734_-_251_732_-_240_734
train,8ooe4ows_-_259_746
train,8otvd4r9_-_144_1008
train,8ouisjzl_-_105_846
train,8oxyckbi_-_173_640
train,8oy0y2ii_-_357_788
train,8p0guzd4_-_611_688_-_155_804
train,8p2ecpmu_-_124_711
train,8p4fb1qv_-_99_955
train,8p98psgl_-_121_609
train,8p9oj05p_-_428_925
train,8paml080_-_134_636
train,8pbyqnxi_-_233_667
train,8pcooav4_-_292_578
train,8pel4vin_-_422_761
train,8pf2o4ne_-_450_717
train,8pgzlj5k_-_433_732
train,8pkreo9h_-_541_968
train,8plqohiy_-_235_779_-_330_717
train,8pmf3v3d_-_253_867
train,8pscem40_-_601_603
train,8puwzgxf_-_178_740
train,8pxjulht_-_302_627
train,8py4wq16_-_245_823
train,8q0f2783_-_189_763
train,8q2tib8f_-_212_640
train,8qh60j8j_-_228_812
train,8qjlnnue_-_482_644
train,8qwhm7dc_-_365_758_-_598_869
train,8r2ln8g8_-_507_906
train,8r7b3f96_-_574_623_-_512_639
train,8r7re8rr_-_300_621
train,8rbowjgo_-_59_636
train,8rd2mxp8_-_540_770
train,8rgkx30o_-_560_715
train,8rjewq4c_-_359_1030
train,8rjw2fg1_-_184_677
train,8rjz3ox2_-_559_1043
train,8rlyaxre_-_370_950
train,8rmfm119_-_447_717_-_49_695
train,8rsd5xu1_-_382_696
train,8rwwe6je_-_489_895
train,8rxbiv5i_-_503_717_-_454_706_-_481_693
train,8rxx7nt6_-_270_1043
train,8rze0xq7_-_302_709
train,8rzi4rg2_-_232_796
train,8s26zimq_-_570_858
train,8s6kjnx7_-_519_955_-_520_1057
train,8s96hmws_-_613_736
train,8sa3mreo_-_348_688
train,8sc7eege_-_244_690
train,8sdo1c7c_-_158_563_-_622_724_-_548_876_-_177_592_-_14_591
train,8sdtfw1q_-_323_623
train,8sfok66t_-_78_706
train,8sfvfpii_-_320_711
train,8sle8hm9_-_111_1035
train,8slt20cj_-_366_734
train,8sm9ic0m_-_262_881
train,8smpv250_-_532_881
train,8sn3c29n_-_531_1002_-_589_983
train,8so5o58j_-_220_858_-_234_898
train,8sso0rek_-_241_775_-_151_697
train,8sxmox5y_-_227_666
train,8t0x6bkv_-_528_807
train,8tbtpiiu_-_428_882
train,8tc2maug_-_540_828_-_499_885
train,8te3pj22_-_399_670
train,8tnxnad0_-_361_1011
train,8tpo9faj_-_475_735_-_514_725_-_488_731
train,8tt91n3b_-_511_663
train,8twzwc89_-_170_843
train,8tz3zr0m_-_323_648
train,8u01khir_-_114_768
train,8u0i2rdx_-_466_722
train,8u218z5k_-_548_654
train,8u58h2u4_-_424_857
train,8uakulrj_-_387_636
train,8uazxe3i_-_106_699
train,8ueurlij_-_189_737
train,8uhzkyti_-_528_776
train,8uihtqre_-_515_656
train,8uizzfk1_-_268_735
train,8ul29xet_-_408_728_-_405_754
train,8ulph3ly_-_365_713
train,8untckxk_-_115_699
train,8usdxwar_-_326_596
train,8uw1axqr_-_371_1198
train,8uw4415z_-_219_652
train,8uzm6ln0_-_566_672_-_341_662_-_583_671
train,8v3o0gyv_-_345_693
train,8v45bw7b_-_107_806_-_393_732_-_425_743
train,8v7jjl64_-_389_666
train,8v7jo40b_-_216_1055
train,8vb940t7_-_279_631
train,8vdjlpc9_-_386_710_-_141_689
train,8vg3gx7j_-_133_673
train,8vitkpvt_-_228_836
train,8vki4emw_-_448_657
train,8vm20oov_-_59_628
train,8vrzo2cr_-_537_793_-_545_814
train,8vt4jwqn_-_565_599
train,8vtd7i06_-_530_1118
train,8vvme0cx_-_297_731
train,8vymsd33_-_545_919
train,8vzygwl1_-_462_704
train,8w325scr_-_232_759_-_185_767
train,8w43v285_-_571_772
train,8w4kla3y_-_401_885
train,8w59op1a_-_274_587
train,8w8s0ps6_-_435_692
train,8wdkoz6y_-_157_810
train,8wm0h0bq_-_233_797
train,8wm8ayfl_-_525_1082
train,8wse2jcd_-_74_696_-_485_680
train,8wuddpil_-_597_700
train,8wuzosgc_-_70_582
train,8wvhscsp_-_531_735
train,8wwn0pbo_-_117_537
train,8wzknbgx_-_133_735
train,8wzs4ibx_-_517_851_-_223_775
train,8x2af1hv_-_571_560
train,8x3mu4dp_-_422_684
train,8x6h51za_-_257_681
train,8x7946av_-_629_627
train,8x8lhozj_-_625_644
train,8xfjmx3j_-_581_838_-_591_833
train,8xfmvxwa_-_322_737
train,8xpj3kal_-_543_788
train,8xvnot2c_-_491_1111
train,8xwupyl3_-_313_898
train,8y07g599_-_536_755_-_204_711
train,8y19a47a_-_556_913
train,8y2ced9r_-_354_577
train,8y4gfdoj_-_377_914
train,8y9quiai_-_112_690
train,8yanwem1_-_407_1080
train,8ycljons_-_237_755
train,8ydopr7h_-_300_598_-_304_584
train,8yfw5mwi_-_350_779
train,8yhljk78_-_88_704_-_110_722
train,8yigariu_-_161_618
train,8ymli7sm_-_451_627
train,8yrqqo54_-_350_727
train,8yuakzhr_-_451_753
train,8ywpjjdi_-_377_775
train,8yxeklht_-_531_797
train,8z6dao22_-_260_850
train,8z7eodas_-_230_688
train,8zcayv9l_-_368_963
train,8zczemvk_-_375_787
train,8zhkpuo7_-_521_851_-_53_842
train,8zjbpz6v_-_382_1024_-_426_533
train,8zkbofdn_-_511_718
train,8zkglto4_-_103_982_-_51_1014
train,8zpemxex_-_501_812
train,8ztevjmy_-_613_694
train,8zv9k7zs_-_451_1355
train,904tpsqq_-_419_690
train,904vonwr_-_310_890
train,9054zahj_-_509_916
train,907mettq_-_483_714
train,907vlh2i_-_278_668
train,9095lc9v_-_214_711
train,909xcz0z_-_537_629
train,90dfpfwi_-_130_907
train,90djfkkr_-_503_585_-_9_571_-_654_605
train,90g4cfcv_-_168_836
train,90i11ak8_-_541_677_-_23_682
train,90l3d7f4_-_215_969
train,90n7xsw7_-_123_761
train,90qsln56_-_292_804
train,90skcfgh_-_155_779_-_161_664
train,90t5751z_-_401_772
train,90vel577_-_515_807_-_410_853
train,90ww0qih_-_75_623_-_380_567
train,90z0vinn_-_448_933
train,90zdewx0_-_568_669
train,911c2nx8_-_155_791
train,912r18zf_-_187_738_-_250_874
train,912wlcje_-_412_648
train,913wd09m_-_100_687
train,91b28cqm_-_479_738
train,91dm4h5g_-_409_1032
train,91dtebp1_-_416_707
train,91gdf3lh_-_294_909
train,91hedp37_-_583_914
train,91jl6t39_-_362_866
train,91k2xnsr_-_265_715_-_184_759_-_230_736
train,91kh9wop_-_525_643_-_190_595
train,91km3ab9_-_128_625
train,91o15twx_-_271_866
train,91o8a4gh_-_190_894
train,91p94iyx_-_335_727_-_636_766
train,91s9157y_-_104_820
train,91sc0l4y_-_520_695
train,91swjbb1_-_600_680_-_660_714
train,91tbhhly_-_234_783
train,91u4m6h3_-_588_705
train,91ucxwme_-_563_788
train,91vlqyo1_-_278_901
train,91zy3zfe_-_447_577
train,926cc9wp_-_106_954
train,927dy80l_-_420_712
train,92a2bopc_-_151_629
train,92c0xoue_-_374_676
train,92et6txk_-_319_935
train,92ewj30j_-_246_710
train,92hc6hn9_-_486_721
train,92kw1ixg_-_431_659
train,92qv7phz_-_337_853
train,92s0ajxr_-_334_847
train,92s42xtp_-_317_750
train,92s6zjup_-_516_745
train,92uji6dg_-_551_662
train,92v844f2_-_244_803
train,92vk5y7p_-_397_759
train,92vtqjuw_-_520_587_-_44_766
train,92yx7avv_-_206_753_-_133_723_-_161_747_-_607_569_-_158_645
train,9316yx9c_-_148_870
train,931jn0n3_-_292_794
train,9329fetg_-_193_745
train,9338iuq5_-_394_677
train,934o7ain_-_504_764
train,934x7l7z_-_380_817_-_361_806
train,93598gt2_-_291_665_-_275_659
train,938mvxhd_-_573_701
train,9393d0fn_-_475_698_-_0_667
train,939jofrv_-_505_695
train,93azcvkg_-_568_733
train,93cybw73_-_216_742_-_211_748
train,93d26m85_-_415_679
train,93fchq3h_-_589_782
train,93ga728e_-_550_603
train,93gm0clh_-_443_1055
train,93ifroym_-_173_756_-_165_739_-_140_733
train,93ix0d3h_-_130_1046
train,93jko4yn_-_384_806_-_409_824
train,93ki9hit_-_506_801
train,93nk1756_-_306_663
train,93pxz0l7_-_297_650
train,93q5taau_-_88_686_-_278_682
train,93sujobc_-_614_744_-_607_840_-_647_733_-_591_844
train,93ts5fjo_-_354_949
train,93vrtaq3_-_436_691_-_379_679
train,93w7s2bz_-_228_660
train,93wqqqbn_-_486_746_-_486_749_-_25_834
train,93x8dt6k_-_154_650
train,93xye974_-_452_851
train,93z1lxgj_-_516_807
train,9402rxti_-_113_535
train,94ak0vt7_-_469_681_-_20_701
train,94c25nc9_-_383_826
train,94e5p6tm_-_426_628
train,94gemge3_-_519_840
train,94kzp8gs_-_149_665
train,94oen9vb_-_601_722
train,94ph4csn_-_421_748
train,94swiam8_-_310_755
train,94v7oyy8_-_388_614
train,94w6uz0p_-_76_721_-_108_726
train,952ionqy_-_484_743
train,952its6t_-_139_998
train,95aalwxq_-_308_640
train,95b1pig3_-_261_826
train,95g4ryu0_-_347_999_-_313_1104_-_102_954
train,95hjont4_-_85_686
train,95ksq1w3_-_526_979_-_516_967_-_531_994
train,95myjs9x_-_392_604_-_663_585
train,95q1z2mg_-_233_694
train,95vp9gtm_-_247_799_-_265_804
train,95xuzcuc_-_106_557
train,960t91mf_-_414_706
train,962l5nr7_-_283_803
train,967lrvm7_-_197_722
train,96av0il5_-_64_629
train,96bkdc44_-_141_556
train,96dqz241_-_412_726
train,96gox1cp_-_267_759
train,96huxbuh_-_486_842_-_476_843_-_478_819
train,96mm2tw9_-_420_725
train,96rhgmxp_-_586_945
train,96s0359h_-_387_1100_-_441_1108_-_376_934
train,96s1t7bs_-_212_741
train,96slp9yn_-_68_689_-_92_860
train,96so7dpl_-_161_588
train,96swubxn_-_534_824
train,96u458zj_-_564_772
train,96uf5iyf_-_206_696
train,96ufn9q5_-_573_741
train,96v8t9uo_-_168_703
train,96zfx7yo_-_546_768
train,970twofg_-_424_882
train,973e7sat_-_459_734
train,974rflt0_-_430_1031
train,979abmie_-_424_693
train,97fmchm6_-_429_557
train,97lm0ayk_-_521_731
train,97m4oi9u_-_220_777
train,97ndqyhm_-_229_842
train,97s87x47_-_388_1003
train,97sfvzlx_-_558_776
train,97u9h2dy_-_368_837
train,97vzxyag_-_538_689
train,97x3p3mn_-_462_710
train,9825q3un_-_322_802
train,984xiu5i_-_162_663
train,9888amf1_-_380_736_-_360_796
train,98eqfj6x_-_210_719
train,98ga9tl9_-_552_581
train,98i25rfq_-_114_724
train,98k0olti_-_78_761
train,98mgv78q_-_483_1029
train,98ofvh55_-_511_779_-_548_677
train,98rdsfei_-_593_680_-_443_687
train,98t7xtrl_-_310_852
train,98u02qas_-_277_782
train,98vasaqi_-_549_691
train,98vy679y_-_111_689
train,98wclc06_-_317_734
train,98zg75nb_-_334_623
train,9959yy3w_-_583_683_-_582_717
train,9962yviz_-_393_757
train,999wzuqp_-_409_840
train,99flj0lh_-_299_672
train,99mfxfgy_-_513_692_-_66_609_-_149_619
train,99njecc7_-_86_871
train,99o8oojs_-_112_708
train,99vg5844_-_383_701
train,99wk50p9_-_486_1256
train,99wldj7a_-_248_721
train,99zk7736_-_219_808
train,9a109k1e_-_425_646
train,9a2z5kyo_-_148_650
train,9a3jvobr_-_289_704
train,9a3kc543_-_158_724
train,9a7v6svt_-_193_881
train,9ae493dj_-_319_682
train,9aey1d2o_-_216_621
train,9ahpeh3u_-_302_638
train,9ajb0fas_-_368_725
train,9am1ivqz_-_390_968_-_381_940
train,9amaed7b_-_431_827
train,9an0e11h_-_293_818
train,9ao04xw6_-_261_797_-_343_685
train,9aptlzdk_-_520_673_-_537_615
train,9arah6ov_-_174_724
train,9axxad6v_-_279_1002_-_338_1084
train,9ay254zn_-_410_735
train,9azb6w88_-_493_736
train,9b25xhsw_-_494_871
train,9b3q4mif_-_310_990
train,9b4l8z7a_-_544_652_-_136_695
train,9b5a75ht_-_312_724_-_3_752
train,9b5hhom8_-_182_752_-_187_776
train,9b6p5q8t_-_320_722
train,9ba9mnva_-_44_548
train,9bfwbibp_-_362_618
train,9bk9ywf5_-_136_764
train,9bl7ik8c_-_274_1029
train,9bmt986n_-_378_778
train,9bnmnh3m_-_193_824
train,9bqt1u79_-_509_1222_-_424_1103
train,9brbpq6e_-_213_1261
train,9btda783_-_304_705
train,9bu9rli6_-_388_781
train,9bumc8lp_-_370_707
train,9bwmv3er_-_124_892
train,9bxfd0o7_-_205_794
train,9c089oxh_-_298_611
train,9c49mvej_-_195_864
train,9c7dyssy_-_237_666
train,9c7xf1e3_-_355_711_-_375_704
train,9cajcvgf_-_63_712
train,9ceagvb6_-_429_670
train,9cfa2wbo_-_611_761
train,9cgtv43k_-_602_634_-_367_625
train,9cidrizb_-_511_810
train,9cjibvvb_-_227_776
train,9clxj78q_-_594_830
train,9cm2pxtf_-_578_550
train,9cmnydwj_-_293_735
train,9cntkpyd_-_116_665_-_112_848
train,9cooiv27_-_592_696_-_273_708_-_643_704_-_600_711_-_262_693
train,9cq32pr9_-_482_840_-_439_827
train,9cue2mmp_-_562_765
train,9d0xunwr_-_335_627
train,9d1j2x86_-_124_671
train,9d1rkxtn_-_526_1347
train,9d4do81h_-_487_725
train,9d518yo7_-_331_905_-_149_706
train,9d5at3ab_-_168_675
train,9d8mmqcy_-_224_716
train,9d9ooo0q_-_190_689
train,9daffdgl_-_180_739
train,9daorfdq_-_306_1044
train,9dgw3tw7_-_242_858
train,9djmgc07_-_451_734
train,9dkm51pz_-_306_734
train,9dlax9ow_-_316_694
train,9dlse0kw_-_471_879
train,9dpqa4st_-_143_1152
train,9dqqo358_-_135_1125
train,9dtjwur4_-_399_724
train,9dveqead_-_586_954
train,9dwmz86o_-_354_1003_-_395_939_-_345_1004_-_367_995_-_315_1015
train,9dyn0c8a_-_475_600
train,9dziigfq_-_603_671
train,9e2cbtcg_-_178_696
train,9e3m9v88_-_224_638
train,9e6smoke_-_420_801
train,9e6t0pme_-_411_765
train,9eccm4xw_-_167_601_-_447_779
train,9ede2rnu_-_294_753_-_275_755
train,9eebip88_-_271_846
train,9eekdlr6_-_148_1095_-_119_1079
train,9ef67wul_-_120_975
train,9efptrqc_-_517_791
train,9eki0onl_-_312_672
train,9ekmageb_-_607_755_-_623_747
train,9eo6eao6_-_240_752
train,9ep2f5qr_-_204_801
train,9ersantt_-_228_601
train,9evobdl3_-_635_579_-_0_588
train,9exzmxir_-_474_738
train,9f1x4x9t_-_164_714
train,9f6o83ip_-_384_815
train,9fcfpyer_-_155_696
train,9fdc5y89_-_436_1010
train,9fk212pd_-_373_801
train,9fm5ec45_-_129_789_-_100_770
train,9fn6uly3_-_150_687
train,9fo8krqa_-_473_895
train,9fys9pr3_-_580_721
train,9g2gyp7q_-_379_809
train,9g3h5avn_-_334_990
train,9g548uee_-_580_605
train,9g6l5s12_-_604_657
train,9g7zguht_-_558_661_-_534_669
train,9g93xw7x_-_68_679
train,9garura8_-_151_645
train,9gfskl0f_-_168_707
train,9gh9mm2g_-_523_796_-_520_794
train,9gkshdml_-_526_794_-_499_775
train,9gqv49xu_-_267_935
train,9gsa2gaf_-_232_997
train,9gsw1r9x_-_313_608
train,9gvmujlg_-_532_776
train,9gvof6pe_-_273_535
train,9gwyjt1h_-_426_746
train,9gzmm7zk_-_278_706
train,9h00j20c_-_569_817
train,9h1wxs95_-_554_677
train,9h5rx2o5_-_273_710
train,9hol9ept_-_598_755
train,9hqmu5a7_-_183_1000
train,9hqtau8l_-_270_577
train,9hwra6rh_-_579_632
train,9hyyaaem_-_223_601
train,9i1edr4y_-_357_844
train,9i2k1u9y_-_324_1119
train,9i4w20j9_-_426_923
train,9i5qk5jk_-_472_764
train,9ienv1kj_-_133_730
train,9igoh8dc_-_161_593
train,9ihilvo6_-_319_897
train,9ikw89od_-_273_687
train,9ilgd5mw_-_374_651
train,9ilylwlz_-_348_700
train,9iq2s3v0_-_94_905
train,9itj3rua_-_379_730
train,9itm5mu7_-_276_1054_-_140_1032
train,9iyrvkr3_-_340_727
train,9j0v6qbx_-_603_810_-_648_790
train,9j4uw87p_-_358_642
train,9j6bnl64_-_66_721
train,9jc6xy7f_-_83_795
train,9jd2kv3y_-_188_969
train,9jelimag_-_325_844
train,9jh2pqmd_-_244_779
train,9jhinndl_-_476_740
train,9ji771lj_-_489_754
train,9jlmcrcc_-_544_676
train,9jmccvam_-_525_636
train,9jmdcs96_-_628_555
train,9jmfi1i9_-_586_712_-_77_688
train,9jsvigo3_-_248_663
train,9jw8fafz_-_173_666
train,9jwy2c65_-_388_867
train,9k2neequ_-_229_711
train,9k6q25ub_-_602_724
train,9k865769_-_148_763
train,9k8jgd9s_-_454_549
train,9kct5nsd_-_276_686
train,9kew3ojq_-_599_710
train,9klznett_-_495_874
train,9kmxp3k3_-_469_828
train,9koarvq1_-_225_1118
train,9kq6qd8l_-_146_651
train,9ku8jh4n_-_424_653
train,9ky3qtsh_-_311_730_-_296_736
train,9ky77jl4_-_542_734
train,9kydgdz0_-_135_776
train,9kygefrs_-_291_716
train,9kzufgr8_-_289_806
train,9l1idvut_-_136_976
train,9l1n29lp_-_498_1076
train,9l2eelmx_-_275_841
train,9l4hqcfu_-_483_835_-_462_824
train,9l7hoas2_-_375_910
train,9l9jrfcf_-_101_800
train,9la7n8pq_-_375_565
train,9lalpz1r_-_517_828
train,9lbco4j1_-_124_865
train,9le7k98k_-_134_595_-_87_557_-_247_492
train,9lhdzum1_-_347_725
train,9lnul8n9_-_477_888
train,9lo3yucy_-_567_523
train,9lqtnw5u_-_274_686_-_6_520
train,9lrh0g5j_-_383_717
train,9lxn0cb2_-_529_830
train,9lz5hmtz_-_495_691
train,9m2pfayo_-_277_669
train,9m2ub4r3_-_250_975_-_299_932
train,9m3l8as4_-_523_870_-_555_815
train,9m5zdu1r_-_546_782_-_500_863
train,9m899sy2_-_356_787
train,9mc2m9d5_-_365_751
train,9mdjnpeh_-_498_961
train,9mg338t5_-_502_675
train,9mgkobql_-_529_709
train,9mj6an7e_-_514_647
train,9mr4xzv2_-_401_714
train,9msep6u9_-_317_819
train,9muuuivt_-_287_1307
train,9mwx8ezh_-_266_977
train,9mxi190s_-_373_954_-_261_796
train,9mxnjbjy_-_535_770_-_559_715
train,9n5yf8fw_-_236_1180
train,9n7fshdw_-_428_646
train,9nd1t5cr_-_433_685_-_631_681
train,9ngbw45k_-_442_770
train,9ni8hlbw_-_540_745
train,9niamitj_-_423_812
train,9nkqdcgd_-_444_643
train,9nmdx4wy_-_134_625
train,9nofkfbn_-_438_801_-_307_950
train,9nrae1c0_-_123_786
train,9ntyg10d_-_396_971
train,9nux0s9l_-_370_604_-_100_518_-_311_663
train,9nwqbe87_-_264_610
train,9nze6eca_-_456_736
train,9o03n16u_-_323_851_-_212_685
train,9o0nxws2_-_153_601_-_250_608
train,9o0x5ltg_-_424_697
train,9o2kiluf_-_330_733
train,9o2osv8o_-_303_696
train,9o65zt07_-_259_668_-_274_664_-_282_716_-_277_660
train,9o6eopyk_-_117_646
train,9oa49umm_-_268_718
train,9oalyn4m_-_115_615_-_299_606_-_315_643
train,9ocf721j_-_149_899
train,9oem2eta_-_316_705_-_553_723
train,9oev6i6m_-_155_696
train,9ogdxfai_-_486_873
train,9okyp2z9_-_121_749
train,9om2mdsw_-_267_753_-_274_762
train,9om5wdbz_-_328_1103
train,9onheylm_-_539_779
train,9onn60mb_-_453_775
train,9oonc2dh_-_324_800
train,9or059j0_-_171_692
train,9orpp9ms_-_272_573_-_258_573_-_446_544_-_442_565_-_266_562_-_448_560
train,9owrq7gq_-_418_636
train,9p15gmn8_-_109_800_-_167_803
train,9p4xt6uz_-_87_801
train,9p6fmx8l_-_341_889
train,9p9sdvib_-_513_701_-_534_780
train,9pbf97c4_-_540_601_-_105_642_-_141_638_-_514_613
train,9pde7c40_-_103_766
train,9pgw3ugc_-_244_835_-_671_919
train,9ph1wb8h_-_185_891
train,9phhrfes_-_185_685
train,9pk9vnt8_-_201_585
train,9plkse6e_-_561_626
train,9pp1c64n_-_521_1196
train,9pp1gdir_-_351_865_-_346_880
train,9pr8xhzq_-_259_618_-_464_562_-_373_673
train,9prb06gx_-_418_862
train,9ps3u3j0_-_565_746_-_340_748
train,9pzb0s4i_-_397_673
train,9q2y0vo3_-_481_689_-_516_692_-_416_664_-_287_674_-_310_687
train,9q3qt81g_-_164_634
train,9q5ehxzz_-_343_615
train,9q5vy89l_-_361_723
train,9q79pfsy_-_544_701
train,9qas2lu6_-_441_1103
train,9qc9aj5z_-_162_825
train,9qccewn0_-_365_761
train,9qecrups_-_369_737
train,9qeqfugh_-_280_754
train,9qezes1t_-_213_870
train,9qnwak77_-_327_789
train,9qoaviqu_-_188_855_-_43_706
train,9qpilm3k_-_267_703
train,9qr6b7oh_-_482_696
train,9qt2quh9_-_255_830
train,9qvat8xx_-_448_643
train,9qx05jru_-_75_670_-_655_780
train,9r18hvv2_-_121_689
train,9r4ds7uw_-_573_813
train,9r64rxf2_-_299_606_-_315_643_-_115_615
train,9r8minve_-_286_938
train,9r8vyepv_-_520_794_-_523_796
train,9ray0oya_-_97_775
train,9rbbrtmi_-_438_891
train,9rgm9ebu_-_494_614
train,9rj3vssw_-_173_612
train,9rkrre8v_-_279_812
train,9rmv869y_-_205_739
train,9rp37mzm_-_557_896
train,9rpzzorr_-_442_685_-_425_670
train,9rqxmpot_-_302_964
train,9rtoyke5_-_299_515
train,9ruogel5_-_128_968
train,9rw2t2y8_-_438_912_-_440_915
train,9rx2qloi_-_138_683
train,9rzcn3sc_-_361_1073
train,9s10a0kx_-_485_766
train,9s29itdf_-_216_865
train,9s2nif5h_-_217_654
train,9s2p1yuj_-_496_764_-_506_649
train,9s53b4ed_-_588_818
train,9s6lsg8m_-_62_708
train,9s94vyk6_-_498_678_-_419_613
train,9s981jj9_-_613_719
train,9sm4oqld_-_281_1103
train,9smwuge5_-_356_926_-_359_859
train,9sn8jn39_-_494_729_-_547_678
train,9snze5re_-_307_787
train,9sqplgbg_-_462_618
train,9ss4273u_-_341_761
train,9suzzz91_-_162_1022
train,9svgkecs_-_322_744
train,9swktih4_-_370_818
train,9sz3ram9_-_287_661
train,9t0ftin1_-_457_948_-_442_938
train,9t27ekvf_-_380_1084
train,9t61jsjs_-_411_600
train,9tgoefne_-_484_1129
train,9thxroup_-_227_694
train,9tkzs0yh_-_270_782
train,9tpkafwl_-_231_826
train,9tu4whwu_-_118_688
train,9tu6agw2_-_133_891_-_639_951
train,9two76td_-_483_616
train,9txniv53_-_228_663
train,9tyykevy_-_584_699_-_595_687
train,9tzzpw31_-_246_676
train,9u31yc70_-_92_594_-_102_590
train,9u39400y_-_533_657
train,9u410jir_-_347_829_-_315_810_-_287_805_-_301_838
train,9u4yiulj_-_563_844
train,9u856tjc_-_195_686
train,9u8qszlp_-_321_779
train,9ue8ab38_-_95_672
train,9ugfiq1d_-_66_694
train,9uhntgq1_-_282_856
train,9uof7iff_-_582_854_-_567_823
train,9upi3zso_-_129_807
train,9uqayslj_-_411_565
train,9urhz529_-_351_787
train,9ut98ml0_-_630_611
train,9uzi1ozo_-_322_646
train,9v1pfays_-_100_696
train,9v2i3vqk_-_566_776
train,9v4ow4ir_-_531_621
train,9v9qx3q7_-_544_679_-_556_556
train,9va5wwci_-_383_764
train,9vamzg35_-_242_734
train,9veozcpt_-_459_902
train,9vfttflq_-_599_750_-_576_763
train,9vi5zfrm_-_117_918
train,9vng21ye_-_219_843
train,9vnsvqr2_-_174_648
train,9vpqr994_-_228_734
train,9vubeydy_-_264_932
train,9vwdz96c_-_483_1089
train,9vysfdse_-_386_563_-_407_545
train,9w0sdv36_-_60_673
train,9w2bzfuu_-_243_1060
train,9w5gz197_-_336_755
train,9wak0a9x_-_398_1032
train,9wfwn0j1_-_353_796
train,9wh9firz_-_487_693
train,9wklotjz_-_348_713
train,9wlqwz2g_-_574_910
train,9wnhepie_-_564_755
train,9wsis3ns_-_126_655
train,9wvdocy2_-_143_965
train,9wx6p103_-_453_766
train,9wyc9s2v_-_136_630
train,9x037jkt_-_181_1081
train,9x0s78hw_-_293_841
train,9x1yj5ss_-_462_796_-_426_825
train,9x27gr9a_-_402_653
train,9x3k2ctm_-_400_625
train,9x44uk8x_-_183_688
train,9x45uvix_-_164_597
train,9x9ihoxq_-_293_872
train,9xd09rlw_-_241_785_-_195_813_-_665_770_-_667_766_-_223_786
train,9xdv4e8p_-_369_852
train,9xe880nz_-_428_662
train,9xksqceb_-_576_1005_-_617_1004
train,9xqyb8ew_-_490_569
train,9xsxf6pc_-_353_747
train,9xurbary_-_368_665_-_596_802
train,9xv0ue43_-_243_711
train,9xvstxxe_-_408_717
train,9xxdck24_-_518_774_-_56_898_-_94_897_-_121_895_-_500_766_-_485_779
train,9y08q9c5_-_289_737
train,9y0fbgou_-_107_862
train,9y0kbyyf_-_621_682
train,9y4k1h7i_-_151_721
train,9y5v5xwi_-_471_599
train,9y7c1f3w_-_595_868_-_596_816
train,9y7ctm1q_-_444_1137
train,9ycmj86u_-_217_695
train,9yco4ex9_-_136_736_-_130_746_-_112_725
train,9ycwz46d_-_88_750
train,9yjjtjva_-_508_645
train,9ykpnl92_-_220_879
train,9yok4i89_-_286_713
train,9yprwsbm_-_356_635
train,9yqndcwl_-_484_873
train,9yqyxudm_-_259_718
train,9yul6ld8_-_290_868_-_320_849
train,9yuoyd06_-_109_575
train,9yurwdiy_-_495_767
train,9yvpzxo4_-_209_624
train,9yw6xv5v_-_283_679
train,9ywpfoo2_-_473_725
train,9ywxdguh_-_400_840
train,9ywzgs6b_-_439_766
train,9yy535xn_-_243_614_-_97_683_-_142_543
train,9z0jq9ro_-_610_560
train,9z29ni8j_-_299_887
train,9zctbisc_-_352_832
train,9zhet2se_-_273_642
train,9znjjeja_-_284_709_-_259_745
train,9zoxjkn7_-_291_706
train,9zplxcar_-_58_627_-_362_633
train,9zstubwg_-_305_524
train,9zt2shwy_-_392_745
train,9zws7sjv_-_125_953
train,9zx637e9_-_392_655_-_555_798
train,a03haj4m_-_321_773
train,a05rh46z_-_207_714
train,a0a7ndub_-_545_731
train,a0gy59s4_-_433_804
train,a0kslbrc_-_177_870_-_187_838
train,a0ltrk10_-_162_810_-_130_836
train,a0mipal7_-_196_1336
train,a0nsyqen_-_303_966
train,a0nz4f1i_-_534_857
train,a0t7x2e6_-_522_671
train,a0wmpbat_-_377_749
train,a0xosr5a_-_357_751
train,a0xv5psj_-_176_731
train,a0yrj618_-_443_973
train,a10oixvd_-_319_757_-_379_706
train,a11u1ag6_-_288_604_-_537_595
train,a12dlkcp_-_106_1046_-_501_1049
train,a16typim_-_483_688
train,a17e4brz_-_338_761
train,a18950eu_-_167_780_-_175_803
train,a1a8c4of_-_198_1018
train,a1izbswp_-_232_777
train,a1lwpdky_-_121_826
train,a1mk8f1m_-_288_745
train,a1nrl6zw_-_225_871_-_169_892
train,a1qnnags_-_153_741_-_51_724
train,a1uhz91g_-_549_792
train,a232amrj_-_531_1020
train,a27hypv5_-_523_871
train,a29vo4v8_-_402_614
train,a2b5pnta_-_490_811
train,a2bpx7ns_-_478_582_-_496_577
train,a2d6of5w_-_329_716
train,a2emzfm3_-_352_1181_-_349_1199
train,a2j0q3rf_-_107_596_-_115_612
train,a2lpnu2o_-_340_709_-_350_755
train,a2qppkx4_-_252_962
train,a2t7smp9_-_179_881
train,a2tc3bwv_-_471_583
train,a2u1i2ni_-_407_843_-_44_667
train,a2wzx6ep_-_444_903
train,a2zjtrj0_-_311_797
train,a31bblq8_-_487_750
train,a34886i7_-_308_766_-_657_771
train,a3cudw84_-_371_651
train,a3dt1mwv_-_355_719
train,a3ejavo9_-_200_631
train,a3it9w1n_-_242_757
train,a3jul2yw_-_334_816
train,a3l2f4pn_-_89_788
train,a3m4xo5d_-_403_712
train,a3mu3uk2_-_256_752
train,a3o1ogr0_-_416_522
train,a3pf46t6_-_453_634
train,a3qgndrh_-_180_769
train,a3qiffiw_-_170_595
train,a3wl1l8l_-_530_876
train,a3x9dfpu_-_221_1017
train,a40y7ol0_-_211_734_-_448_572_-_280_749_-_359_784
train,a43wfxvl_-_521_742
train,a48fmmiv_-_86_757
train,a48t743t_-_462_638
train,a49r6f71_-_313_755_-_330_754
train,a49wy4iw_-_117_660
train,a4au79bp_-_348_780
train,a4css8yn_-_325_786
train,a4dygkeo_-_606_702
train,a4edyvar_-_497_950
train,a4g149ym_-_595_885
train,a4ovx0qf_-_498_1127
train,a4s46nbw_-_330_928
train,a4t1ke7p_-_409_696
train,a571dd2d_-_78_754
train,a5a6awyt_-_553_646
train,a5cidej3_-_69_609_-_91_614
train,a5fc4m60_-_200_762
train,a5fzwpgr_-_105_920_-_396_599
train,a5h3vkuj_-_291_706
train,a5ia8wfl_-_150_721
train,a5imeums_-_315_666_-_294_684
train,a5kw99b0_-_579_831
train,a5lim2gm_-_274_816
train,a5lmrlai_-_499_865
train,a5o3w7gn_-_145_935
train,a5t1zfsb_-_242_827
train,a5x448f1_-_308_726
train,a60oz90m_-_381_757_-_188_572
train,a6473se4_-_295_777
train,a6c1bw2x_-_439_868
train,a6cidty5_-_233_805
train,a6fx3liv_-_135_709
train,a6ij3zp8_-_331_757
train,a6jp57kw_-_157_887
train,a6uq531x_-_518_697_-_170_717
train,a6vhzzpa_-_313_1104_-_347_999_-_102_954
train,a74hn3xn_-_510_838
train,a74wbe6l_-_208_616_-_207_679
train,a75vnc29_-_241_758
train,a7e7uqy8_-_203_1010
train,a7gdl2hm_-_441_1158
train,a7hwci6m_-_71_646
train,a7jx57tg_-_574_806
train,a7k8pkx0_-_566_892_-_603_899_-_630_902
train,a7kzpbhc_-_252_727
train,a7r0gqop_-_106_719
train,a7r5a33n_-_245_649
train,a7sy3lya_-_546_702
train,a7v7pxby_-_480_791
train,a7voulld_-_289_663
train,a7w0gtnd_-_548_745
train,a7w9b4vp_-_385_690
train,a7whsrmy_-_221_875
train,a7x50ibe_-_243_955
train,a7y6ndrl_-_560_734_-_561_730
train,a8076glm_-_196_884_-_342_849
train,a81tcr86_-_220_1176
train,a821e454_-_296_574
train,a84cksg8_-_526_745
train,a84kwem9_-_241_753
train,a855rwr7_-_563_623_-_137_625
train,a88l75lp_-_233_581
train,a8ajxcj6_-_450_758
train,a8bqmtob_-_87_716
train,a8d80nhp_-_245_781
train,a8ftk5lx_-_83_601
train,a8go2rgs_-_226_667
train,a8h69a8i_-_444_789
train,a8hg3hea_-_294_589_-_148_648
train,a8hilx0g_-_406_708_-_377_722
train,a8k602ci_-_287_743
train,a8mzj9ur_-_79_755_-_97_672
train,a8nz4jul_-_197_804
train,a8qri6qf_-_58_663
train,a8sh6pmv_-_144_786
train,a92qndcy_-_175_505
train,a94oif36_-_519_751
train,a95muk7b_-_430_783
train,a96a32ra_-_325_671
train,a99d8dtg_-_510_762
train,a9adr8sd_-_220_847
train,a9arsuo4_-_473_693
train,a9cubih2_-_411_855
train,a9dul1ri_-_529_653
train,a9e0kr00_-_316_645_-_304_624
train,a9fsb1bi_-_564_665
train,a9hna3j5_-_584_749
train,a9i0tzhr_-_366_839_-_352_863_-_223_952
train,a9i1zdow_-_525_757
train,a9kbmaoy_-_131_951
train,a9n3uhql_-_359_688
train,a9ohd0u6_-_450_849
train,a9qsrin8_-_392_725
train,aa1aw1jz_-_77_679
train,aacb7x21_-_164_962_-_176_836
train,aagl9ope_-_577_777
train,aahbx33g_-_408_685_-_682_721
train,aak1y9dc_-_380_752
train,aakl2o81_-_142_887
train,aakwbo5g_-_366_701
train,aalobrz9_-_513_904
train,aan6kmr9_-_211_734
train,aapbvynm_-_430_693_-_664_766
train,aapv5mps_-_392_1094
train,aayprniv_-_243_776
train,aaza9f7n_-_164_752
train,aazlw1uk_-_599_674_-_468_926
train,ab2t9m5o_-_601_706
train,ab46rbrc_-_88_617
train,ab4dhavt_-_509_792
train,ab533z8f_-_503_730
train,ab5gki0q_-_459_753
train,ab6dfw16_-_237_736
train,ab8ah25u_-_381_833
train,ab8qjxoh_-_601_782
train,ab98nxp9_-_386_787
train,abafvjqh_-_280_808_-_241_850
train,abav3i8q_-_607_558
train,abj0iliz_-_580_686
train,abjvscrm_-_278_723
train,abnfxzf6_-_584_525
train,abnkiekq_-_619_650
train,abu2ytcj_-_312_858
train,abzzk9z6_-_363_683
train,ac08qdxf_-_487_811
train,ac1elj8m_-_518_663
train,ac2b0ymr_-_246_1061
train,ac3u4tac_-_306_720
train,ac448di1_-_170_917
train,ac4wtef3_-_143_747
train,ac5i2fq4_-_292_854_-_415_763
train,ac6iffv3_-_503_782
train,ac6ppgoc_-_275_620
train,acb08n2a_-_413_726_-_413_717
train,acbserb2_-_395_739
train,aceb8clp_-_74_711
train,acfp45da_-_168_863
train,acip8hh5_-_411_852_-_375_811_-_4_903_-_2_856
train,acljwmtb_-_239_788
train,acplm47a_-_302_824
train,acrjoszj_-_354_696
train,actfojxr_-_334_720_-_157_717_-_153_690
train,acyoqfgq_-_383_681
train,ad0xl5zq_-_41_541
train,ad632j5y_-_496_908
train,ad71ts6x_-_189_854_-_186_852
train,ad7n5epj_-_109_926
train,adaix8cx_-_259_780
train,adar8rj4_-_593_795
train,adbazpwp_-_131_698
train,addia8g1_-_315_735
train,adhn5i4y_-_413_701
train,adirqxao_-_367_1061_-_280_975
train,adj3qgh8_-_222_789_-_115_1169
train,adj6uq1g_-_464_1064
train,adonai29_-_606_771
train,adr3x9mg_-_46_545_-_280_554_-_549_656
train,adt1iyj0_-_235_790
train,adty1ggu_-_237_1374
train,adxbglog_-_347_689
train,ae0309m9_-_241_833
train,ae0o532f_-_246_855
train,ae4er6l2_-_191_741
train,ae4s0qek_-_357_687
train,ae5o6us3_-_173_1147_-_520_807_-_540_791_-_555_795_-_157_1133
train,ae7zo77i_-_98_682_-_129_843
train,ae8xju7e_-_436_643
train,aebxvqns_-_301_703
train,aegjwej8_-_471_878
train,aehruyq0_-_539_744_-_536_759
train,aeicm1ia_-_195_811
train,aejhjujw_-_204_956_-_119_696
train,aemr6n6d_-_485_811
train,aepwhpi4_-_582_746
train,aez98n9i_-_112_813
train,af23tf6r_-_283_707_-_607_693
train,af6ak53k_-_360_755
train,af7xlzb8_-_230_729
train,afluitv5_-_601_619
train,afnwd9uz_-_256_1070
train,afp1d3eu_-_329_678
train,afp34k5y_-_528_737
train,afuyutrf_-_340_647_-_343_640
train,afy5fb4f_-_164_586
train,afz8xtba_-_301_1024
train,ag35cy91_-_167_688
train,ag6r2u13_-_450_665
train,ag81jwl0_-_526_664
train,ag8s5l9j_-_606_651
train,aga1l95i_-_603_696
train,agbda8d6_-_217_779
train,age42uab_-_216_934
train,agey490a_-_229_786
train,aggfzmcf_-_106_949
train,aghth5do_-_273_592
train,agico7n7_-_144_799
train,agischs4_-_439_810
train,agjzmkua_-_320_671
train,aglq6qd0_-_153_919
train,agmdinsc_-_498_528
train,agpn9sr1_-_582_732
train,ags6r9zr_-_328_602
train,agthizyl_-_599_734
train,agw60nkl_-_153_695
train,agx57dn1_-_140_641_-_166_594
train,ah30grst_-_309_670
train,ah5eahyu_-_431_959
train,ahbuarx3_-_284_714
train,ahcgrc7p_-_595_860_-_572_826
train,ahcx7qtb_-_129_746
train,ahd2yipq_-_508_1102
train,ahdoku33_-_571_687
train,ahfpnkbi_-_497_707
train,ahleg2gq_-_348_787
train,ahp86jbp_-_105_965_-_196_989
train,ahrkvulf_-_213_743
train,ahv0wmbp_-_517_832
train,ahwdnmc4_-_511_605
train,ahwri3sp_-_557_686_-_514_668_-_566_680
train,ai0iic2z_-_202_682
train,ai17qii3_-_180_898
train,ai69d7yg_-_182_726
train,ai7y2r1l_-_139_666
train,aicqglfo_-_498_913_-_430_856
train,aidayf27_-_386_1013
train,aif6q61h_-_88_524
train,aifqy5ms_-_335_745
train,aiisgoat_-_130_1161
train,ail32l3m_-_316_605
train,aipz06di_-_422_779
train,aiqeyoja_-_344_811
train,aixyysfn_-_355_796
train,aizkibhs_-_438_647
train,aj2wpvjh_-_359_702
train,aj3b59s9_-_274_673
train,aj3ruoo3_-_76_703_-_501_780
train,aj4f8fbx_-_155_842
train,aj52jybv_-_283_708
train,ajhp1uss_-_389_704
train,ajjzhcbn_-_300_1228
train,ajmosgwx_-_404_852
train,ajntkqom_-_597_773
train,ajon7tp8_-_160_789
train,ajp6494f_-_504_997
train,ajt7kriu_-_287_743
train,ajudvejp_-_235_768
train,ajz5izz2_-_531_697
train,ak2zjbpf_-_472_946
train,ak62njdv_-_140_784
train,ak70up0u_-_556_823_-_167_658
train,ak7849hf_-_556_824
train,ak8zcfu6_-_245_704
train,akj1jh4b_-_480_751
train,akjl9dvy_-_570_968
train,akmoe364_-_97_755
train,aknfqugk_-_388_640
train,aknhqzn6_-_205_648_-_467_657_-_477_649
train,akqs8qst_-_277_693
train,akteurlx_-_192_610
train,akuhmbmc_-_527_824
train,aky1l499_-_515_970_-_580_921
train,akzrcw6i_-_447_768
train,akzzmqle_-_480_660
train,ala4fh2b_-_355_708
train,aliftt1n_-_602_513_-_319_629
train,almqght3_-_535_758
train,alndn85j_-_412_680
train,alr9e75h_-_278_707
train,alvb0oin_-_200_807
train,aly7i7wh_-_463_707
train,alyre97q_-_619_641_-_598_651_-_643_622_-_605_639
train,am1605ee_-_248_671
train,am18os4d_-_161_720
train,am2txwx4_-_514_720
train,am9ct34p_-_518_889
train,ambjobnj_-_150_880
train,amc5cp1u_-_514_701
train,amk8z98w_-_227_832
train,aml58713_-_222_676
train,amlim8gr_-_509_809_-_501_806
train,ampujxgz_-_476_697
train,amri2q54_-_281_758
train,ams8y4eb_-_161_647
train,amsbw2z0_-_345_989
train,amssdimo_-_463_609
train,amtjsiap_-_244_882
train,amvuajmy_-_437_636
train,an2ag4t1_-_484_680
train,an7shahw_-_194_763
train,an918xty_-_407_672
train,anc06sgz_-_425_585
train,anh51nee_-_419_676_-_455_650_-_223_725_-_420_681_-_181_721
train,anicbn98_-_577_750
train,anjnlv81_-_542_864_-_505_867
train,anqzv3si_-_297_708
train,anu3388e_-_516_722
train,anu89lrs_-_198_624_-_204_623
train,anur6p2z_-_544_737
train,anvkfm48_-_574_787
train,ao118oxv_-_274_560_-_398_584_-_262_600
train,ao121je7_-_421_788
train,ao5mh5z5_-_178_683
train,aocllsn2_-_328_831
train,aod4wbqr_-_363_679
train,aoezuebu_-_436_903
train,aoko8c8k_-_362_729
train,aolwzi6k_-_157_761_-_551_810
train,aomgk012_-_511_810
train,aouieyg4_-_211_665
train,aoxunida_-_396_785
train,aoyy4pl7_-_502_932
train,ap1eph84_-_595_750
train,ap1zekim_-_257_623
train,ap7evx8p_-_418_716
train,ap842zgu_-_77_670
train,ap8f31js_-_306_752
train,apcexpou_-_462_1299_-_416_1335
train,apjw0dwi_-_387_750_-_418_738
train,apmdjzzf_-_444_934
train,apn38612_-_199_1137
train,apuoeo3q_-_209_703_-_234_720
train,apy236gv_-_219_974_-_214_1000
train,apyx7btw_-_568_857
train,apzpy5xf_-_492_817_-_466_865
train,aq3thvcs_-_203_737_-_196_743
train,aq4ljbfu_-_497_575_-_159_609
train,aq5q2bfs_-_201_886
train,aq9qnb4o_-_120_714
train,aqba2rqs_-_317_591
train,aqbdxxjr_-_383_680
train,aqchr8a6_-_401_781
train,aqfx5nky_-_149_736
train,aqg2ksic_-_530_591_-_530_591
train,aqgvgbb5_-_259_744_-_268_721_-_238_709
train,aqj0pp3x_-_317_756_-_314_786
train,aqokwp8k_-_78_725
train,aqpw4fh7_-_606_681
train,aqq805wp_-_233_713_-_190_722_-_234_742
train,aqs5b1jw_-_357_791
train,ar5ymlfl_-_426_702
train,arfi0kro_-_306_787_-_106_784
train,arn21q5v_-_327_762
train,arqlghne_-_579_1010
train,arsg1er9_-_261_951
train,arsjnd44_-_324_796
train,arufgnks_-_425_654
train,arusmnsg_-_341_730
train,arxkknaq_-_444_855
train,as1qxujv_-_455_742
train,as1uccbp_-_327_720
train,as2h1nr1_-_264_712
train,as38yffm_-_114_669_-_154_697
train,as60wc7i_-_208_716
train,as9dhet5_-_106_762
train,asclm5sm_-_442_757_-_125_804
train,asf0u1c5_-_173_666
train,asija79f_-_393_657
train,ask3nxut_-_196_602_-_568_729
train,asmcwnsh_-_350_740
train,asnrt6er_-_543_671
train,asptmb6n_-_404_669
train,assqoo4w_-_567_713
train,asu6cvvl_-_176_754
train,at12lzqp_-_587_703
train,at2jt5ue_-_98_709
train,at3illgq_-_228_1080_-_330_1023
train,at6kodru_-_488_580
train,atc0wnzi_-_184_855_-_425_811
train,atd3lkdf_-_264_735
train,atir2lxk_-_289_747
train,atjjozlm_-_594_752_-_222_519_-_585_598
train,atkzw1id_-_497_760
train,atn6x6o1_-_112_896
train,atnh2p42_-_331_657
train,atpcx76a_-_439_827_-_482_840
train,atrcrpfw_-_376_770
train,atsym0zu_-_98_782
train,attf5c0f_-_343_702_-_161_735
train,au0qn9vx_-_520_778
train,au1dut8m_-_574_867
train,au24ovm0_-_461_757_-_491_727_-_398_727_-_435_723_-_395_717
train,au3ba90c_-_482_738
train,au3h6qmg_-_533_761
train,au88ksfl_-_526_759
train,au8bj8tu_-_394_780
train,au8qmq53_-_579_814
train,aua0bic1_-_225_814
train,audozzu0_-_103_699_-_598_747
train,aujmvp2i_-_592_747
train,aupi2g38_-_601_601
train,aupuisql_-_384_752
train,autu9lhq_-_303_709_-_79_721
train,auut2vo2_-_441_1250
train,av2pq1pa_-_371_742
train,av3sv3fn_-_342_779
train,av4sutn0_-_89_703_-_86_744_-_494_934_-_446_883
train,av57up6v_-_542_681_-_526_681
train,av5rn6mu_-_563_725
train,av77sqeq_-_176_836_-_164_962
train,ave3mlso_-_257_633
train,avfnhwmv_-_246_831
train,avk8eqo9_-_222_888
train,avmiqqf8_-_513_666
train,avofhb9k_-_483_728
train,avqulgzt_-_94_847
train,aw27e3k5_-_372_712
train,aw766gnh_-_542_708
train,aw7uzc20_-_361_791
train,aw8h68zd_-_91_718
train,awetqcza_-_518_1027
train,awj3rlxe_-_390_773
train,awkakyeg_-_403_680
train,awzce5c5_-_114_739
train,ax03crbw_-_555_816
train,ax1bs4ro_-_191_1088
train,ax1f1irx_-_392_758_-_409_908
train,ax308bpl_-_459_921_-_442_861
train,ax54fo9u_-_63_661
train,ax6mguv9_-_415_651
train,ax7cmrl9_-_377_643
train,axbnttym_-_247_1296
train,axc7022f_-_567_741
train,axf7rfyn_-_454_848
train,axjr7mkl_-_498_753
train,axn3srse_-_220_762
train,axyb7mss_-_551_677_-_60_735
train,axz5wxvv_-_296_710
train,ay393o23_-_330_692_-_317_707_-_98_736_-_362_697_-_97_733
train,ay56zd5c_-_584_733
train,ay6lkxxh_-_176_864_-_215_877_-_221_826
train,ay6mf3ll_-_323_636_-_290_610
train,ay70s4ut_-_184_677_-_203_683
train,ay71lmgz_-_266_709
train,ay83k5fz_-_343_775
train,aybn6ui2_-_506_1149
train,ayeb9xvx_-_182_586_-_251_546_-_216_538_-_269_586
train,aygpcuyl_-_189_684
train,ayi76opb_-_361_717
train,ayi7f0aa_-_473_982
train,aylhomvc_-_162_698
train,ayo1tm1d_-_393_574
train,ayv2llnl_-_205_821
train,ayyga6qv_-_127_834
train,az5kb6a3_-_418_951
train,az7t043j_-_314_596_-_296_610
train,az899oud_-_322_919
train,az94oizn_-_331_838
train,aza5290m_-_312_805_-_313_814
train,azbtvx2m_-_246_709_-_264_716
train,azeafqx1_-_207_681
train,azfget0k_-_487_830
train,azgbc9nc_-_491_913
train,azi3ppdi_-_300_808
train,azji4qbj_-_313_738
train,azsrobhj_-_132_676_-_490_663
train,azurga34_-_456_774
train,azv8nj8p_-_356_629
train,b013vyeo_-_568_1043
train,b03hnxzq_-_279_831_-_287_826_-_285_833
train,b08rb9tz_-_178_779
train,b09tjnk0_-_316_746
train,b0afesjz_-_380_755
train,b0cdbjfx_-_327_759
train,b0g6a49o_-_220_810
train,b0jm98a7_-_539_904
train,b0kl66jj_-_452_637
train,b0n9d59o_-_541_791
train,b0pmd5jb_-_59_593
train,b0qirgo6_-_544_750_-_368_782_-_616_982_-_625_1002_-_374_764_-_649_897_-_448_730
train,b0r70von_-_91_761_-_592_791_-_572_771
train,b0rairk4_-_274_754
train,b0s86h77_-_352_748
train,b0trirc5_-_130_781
train,b0wcnyq9_-_233_819
train,b0wlkyva_-_327_845
train,b0wycm5e_-_166_608
train,b0z7skcm_-_188_675
train,b11bmtza_-_368_747
train,b14gu13d_-_500_863
train,b18oshb4_-_388_715
train,b1aplc0t_-_164_1157
train,b1atct7o_-_514_710
train,b1c4t9ze_-_94_740
train,b1ci3vb3_-_415_828
train,b1iupgza_-_318_1108
train,b1jhh1yb_-_123_1084
train,b1jn0lv1_-_468_754
train,b1mfrgyn_-_507_1065
train,b1oh7q6w_-_341_882
train,b1s0lh9e_-_333_1106
train,b243d2m4_-_169_897
train,b27yit2v_-_574_838
train,b27yzkwl_-_473_693
train,b28olpaf_-_97_847
train,b2a3ihee_-_244_701
train,b2aozh3z_-_481_634
train,b2i6gdqi_-_513_1043
train,b2nv0q4h_-_505_932
train,b2qazh6t_-_364_662
train,b2xiy133_-_344_891
train,b35tmluv_-_515_685
train,b36ec800_-_521_820
train,b3755f1q_-_465_1172
train,b39r3vf0_-_134_642
train,b3agcngo_-_390_762
train,b3blk39o_-_256_797_-_178_857_-_368_696_-_66_603
train,b3bsr5qs_-_176_610
train,b3cbem93_-_529_795
train,b3fu4azz_-_593_791
train,b3ijc870_-_474_1023
train,b3irhkxb_-_447_716
train,b3jpb5bf_-_349_735
train,b3qwrxe2_-_260_586_-_616_1002_-_629_996_-_636_722
train,b3slnn3q_-_571_665
train,b3tde37e_-_447_783_-_436_785
train,b3u5wpjo_-_402_933
train,b3x1l49d_-_597_731
train,b3xgcrx0_-_327_721
train,b41vmz1h_-_433_838
train,b426mec3_-_564_503_-_88_565
train,b45ox6lf_-_204_756
train,b466lq97_-_205_789
train,b47biw9o_-_155_798
train,b4cx8crq_-_537_960
train,b4gml1ak_-_156_656_-_463_642
train,b4h6wg7k_-_248_688
train,b4io9vog_-_297_800
train,b4ry7aar_-_499_739_-_132_704
train,b4zckywy_-_174_667
train,b4zn2luc_-_579_718
train,b4zt5oh0_-_602_550_-_368_759
train,b4zw0kks_-_162_649_-_143_631_-_116_645_-_513_527_-_561_540_-_654_516
train,b51nmbfx_-_471_874
train,b522o4m7_-_584_749
train,b52fmwew_-_73_651
train,b52g166a_-_172_569
train,b54nmh0h_-_446_676
train,b56wut3c_-_120_759_-_91_669
train,b58yw0jn_-_38_511
train,b5bg5e4w_-_569_554_-_374_556
train,b5bo1xsr_-_355_566
train,b5bvsen6_-_342_794
train,b5czqj5h_-_332_693_-_353_703_-_327_731
train,b5f1ld4q_-_334_747
train,b5gyn7ec_-_546_901
train,b5h9lxfe_-_549_1004
train,b5i1az47_-_101_755
train,b5ja2c9d_-_504_681
train,b5jjlfvj_-_265_688_-_319_667
train,b5k86awq_-_313_568
train,b5qfugg4_-_475_560
train,b5u6lwgt_-_432_943
train,b5xc9rwv_-_288_755_-_288_753
train,b60gaoej_-_155_859
train,b62xf8fy_-_369_693_-_128_668
train,b63bqqu3_-_429_663
train,b671w6gw_-_593_748
train,b6bmnvit_-_267_796
train,b6c5gyua_-_376_726
train,b6cu74n2_-_321_707_-_293_700
train,b6igb306_-_503_773_-_666_701
train,b6p373iy_-_390_768
train,b6pvkz9d_-_207_808
train,b6qc8tlc_-_405_655_-_442_658_-_23_690
train,b6ty1r3f_-_343_784
train,b6xq4cs0_-_131_682
train,b72pmhi7_-_171_926
train,b755r2hw_-_545_1027
train,b75hnq4f_-_56_633
train,b76au8kc_-_540_669_-_541_673
train,b79e2g5e_-_285_646
train,b7aeyfg6_-_393_1052
train,b7atilwm_-_488_696
train,b7bcj1xp_-_188_645_-_385_645
train,b7dlwrd0_-_365_701_-_151_658_-_132_672_-_108_656_-_339_678_-_357_686
train,b7dv6pjh_-_521_697
train,b7ft258r_-_241_717
train,b7hgs2ut_-_300_770
train,b7kujsek_-_79_749
train,b7o50xqu_-_416_768
train,b7slihnp_-_516_688
train,b7zsuk7x_-_82_759
train,b8236gat_-_304_895
train,b83u9ujo_-_481_1033_-_524_1054
train,b84mqq50_-_594_817
train,b85wvpra_-_503_843_-_455_775
train,b885cqc0_-_316_720
train,b8b32xya_-_409_669
train,b8exnw3x_-_277_831_-_322_868
train,b8ixe57j_-_68_646
train,b8ksd6kl_-_476_740
train,b8ocm12d_-_90_623
train,b8oif9ib_-_326_664
train,b8pcg3fy_-_169_877_-_183_738
train,b8r8gzg4_-_449_714_-_427_701_-_41_681
train,b8ueor2x_-_481_715
train,b8x9xw6z_-_245_648
train,b8xamcli_-_398_723
train,b901hxfj_-_567_620
train,b91cx0p6_-_548_683
train,b91x5rjq_-_98_919
train,b9577gsa_-_494_716_-_159_725
train,b973wuvh_-_272_713
train,b9994rzp_-_117_814
train,b99zbziu_-_355_651
train,b9bcp9wn_-_87_832
train,b9bfc8s3_-_370_620
train,b9gu1ltv_-_294_744
train,b9lr7hom_-_584_590_-_83_841_-_161_848_-_647_672
train,b9p9grdc_-_471_771
train,b9qvmq43_-_237_694
train,b9t1q0xj_-_351_812
train,b9x99n69_-_493_799
train,b9zmebgv_-_90_657_-_493_664
train,b9ztag5o_-_431_682
train,ba8lnso6_-_272_676
train,baaqhom3_-_472_1352
train,baggwurd_-_587_939
train,bagqobvg_-_304_708
train,bah44xlr_-_592_850
train,bajj3a83_-_547_1019
train,bal6pqrw_-_397_671
train,balunc0u_-_563_817
train,banhs4bw_-_179_542
train,bant4mv5_-_384_638_-_191_642
train,bau2jeeh_-_280_906_-_267_900_-_268_943
train,bb30j5l3_-_280_618
train,bb6wv4kv_-_429_1240
train,bbf9wekw_-_439_582
train,bbmfgvb0_-_377_971
train,bbplraub_-_209_1275
train,bbvbp9ck_-_287_1122
train,bbvlzim3_-_145_781
train,bbvrz49l_-_455_681
train,bbww5v80_-_138_694
train,bc05rfbx_-_303_697
train,bc2ny7dz_-_513_663
train,bcgpvqik_-_477_629
train,bcsrkbiy_-_50_534_-_604_554
train,bct1aclw_-_595_558
train,bctcsady_-_523_908_-_570_916_-_669_1007_-_616_947
train,bctryrfr_-_606_697_-_610_686
train,bcurdss9_-_76_634
train,bcxhruqn_-_294_704
train,bcyt2zeo_-_339_593_-_369_581
train,bd46efhj_-_370_918_-_346_919
train,bd4kpzs7_-_347_667_-_551_841
train,bd4o76x7_-_430_697
train,bd80yvs5_-_178_626_-_364_645
train,bd884yry_-_196_989_-_105_965
train,bd8ilk8y_-_162_548_-_671_568
train,bd9kqg6g_-_515_900
train,bdcwy7zz_-_179_819
train,bddtcdif_-_395_654
train,bdezzc20_-_436_840
train,bdgjrf34_-_392_639
train,bdkeok12_-_157_759
train,bdo9nizm_-_324_791
train,bdqta1rb_-_519_593
train,bdr52dye_-_562_809_-_446_1090
train,bdu7mx2n_-_306_913
train,bdub7cws_-_561_733
train,bdv6s2l5_-_377_1037
train,bdwbj4ok_-_358_703_-_392_707
train,bdxcjmjk_-_76_768
train,bdxdq5tg_-_377_866
train,bdzgslgg_-_399_708
train,be0cuf47_-_390_620_-_499_622
train,be3nefuy_-_126_839
train,be88u4gv_-_291_860
train,bea1yays_-_485_564_-_311_559
train,bec0khko_-_189_630_-_312_703_-_193_666_-_52_653
train,bee0vgmf_-_179_675
train,behfhfvp_-_110_895
train,behzfm2g_-_380_897
train,beogp2fu_-_527_1147
train,berhv96d_-_196_871
train,beusq3vc_-_529_843
train,bev9h25l_-_585_678_-_549_620
train,bevilksw_-_533_718
train,beza3ejg_-_200_721
train,bf0k98ar_-_457_784
train,bf2j4vwp_-_78_768_-_79_765_-_48_723_-_71_766
train,bf4gyh0o_-_455_699
train,bf4plhm4_-_224_679_-_645_639
train,bf84f3l0_-_470_802_-_499_926_-_190_800
train,bf9bgimf_-_149_862
train,bf9mm2bl_-_71_600
train,bfacpycy_-_445_608
train,bfar23q1_-_215_759
train,bfcmrwzw_-_243_565
train,bfcomso7_-_431_823
train,bfcyqgku_-_499_850
train,bfdularx_-_463_808
train,bfhov6se_-_406_730
train,bfjxvinm_-_389_571
train,bflgg7pm_-_123_1147
train,bflqqeqn_-_332_692
train,bflz316d_-_504_822
train,bfm83vtv_-_417_687
train,bfort4xb_-_141_975
train,bfptvwiv_-_404_859
train,bfq4klo4_-_587_647
train,bfql5yjb_-_261_716_-_557_713
train,bfwic8hm_-_582_654
train,bfy7wsbv_-_591_727
train,bfyotzm0_-_251_776
train,bg03e4zj_-_264_612
train,bg1sygew_-_418_727
train,bg4ww7gn_-_174_693
train,bg5zijbr_-_410_717
train,bg6gxsq1_-_319_667_-_265_688
train,bgbimsuk_-_610_773
train,bgdf3423_-_346_723
train,bgemn0f2_-_618_638
train,bgi8melp_-_289_761
train,bgpj8oh7_-_79_588
train,bgr5i2ee_-_363_704
train,bgrumiqm_-_602_688
train,bgsbetmq_-_590_732
train,bgsq0v3b_-_57_658
train,bgu3wxx9_-_474_689_-_60_766_-_54_762_-_67_758
train,bgva131h_-_101_808
train,bgvhqprx_-_144_551_-_405_782
train,bgx44o8b_-_496_746_-_410_780
train,bgyd8c2b_-_206_750_-_210_753
train,bh0rwlls_-_543_611
train,bh2vjz9z_-_366_737_-_386_706
train,bh2y1pt6_-_323_955
train,bh30lfwb_-_202_878
train,bh7ayv1m_-_127_673_-_582_697_-_139_661
train,bhag5fst_-_561_614
train,bhgyvmjf_-_415_679_-_485_671
train,bhhviz3e_-_425_718
train,bhiwsrls_-_153_959
train,bhixifif_-_186_656
train,bhk0u9e3_-_284_802
train,bhlqdg7l_-_422_890
train,bhn0ruou_-_301_726_-_358_725
train,bhqq7lan_-_374_749
train,bhrdbuf6_-_230_714
train,bhrn8pad_-_480_525
train,bhtd3ifk_-_259_1458
train,bhup06ko_-_314_657
train,bhvjjx1l_-_222_519_-_585_598_-_594_752
train,bi4w5hoz_-_327_809
train,bi6afohs_-_216_764_-_351_927
train,bieapny2_-_563_744
train,bikgrgos_-_366_668
train,biqki7g0_-_188_829
train,bireh01a_-_75_568
train,bixqtgnt_-_131_846
train,biy8c6ww_-_398_651
train,bj18fpwa_-_368_709
train,bj6cswc8_-_375_881_-_450_803
train,bj6wayne_-_556_711_-_575_718_-_565_710
train,bj8whizg_-_139_802
train,bjgquktf_-_102_590_-_92_594
train,bjhvqhqu_-_88_745
train,bji0u7rm_-_574_794
train,bjis5l1x_-_327_720
train,bjk0mk32_-_566_881
train,bjmbv0sz_-_130_644
train,bjn4w9l1_-_271_685_-_282_694
train,bjqzre4j_-_564_683
train,bjt6u7dn_-_166_1052
train,bju0gyvm_-_263_790_-_530_779
train,bjusn8go_-_161_541_-_40_549
train,bjvt7ogn_-_147_714_-_312_1039
train,bk0039wf_-_190_662
train,bk2mj138_-_399_758_-_396_775
train,bkaisdt8_-_209_1237
train,bkapj0iv_-_253_732
train,bkbjzg2e_-_614_642
train,bkcmr2xq_-_240_716
train,bkgv0x36_-_371_1128_-_324_1108
train,bkhpqinb_-_567_721
train,bkhxxxed_-_296_678
train,bklpz6k6_-_234_919
train,bkn69a28_-_367_649_-_549_638
train,bko9sgzu_-_565_793_-_478_706_-_501_731_-_476_747
train,bkp1ctqq_-_384_670
train,bkpq6co0_-_451_1106
train,bkruyhk7_-_193_761
train,bkrzfxgz_-_247_1261
train,bl26j8x1_-_126_740
train,bl2dkee5_-_446_857
train,bl2vshnl_-_110_683_-_472_751
train,bl6riwls_-_535_715
train,bl7jzg9s_-_162_604
train,bl8exvqh_-_480_674
train,bldhgp1z_-_520_703
train,bldx19fh_-_467_883
train,bll8prti_-_410_780
train,blr004d2_-_345_836
train,blr0a13j_-_396_864_-_436_820
train,blteh1s7_-_295_727
train,blv1ykg6_-_52_625
train,blxedog2_-_318_734
train,bm1vfb50_-_144_692
train,bm3jkz8i_-_386_985
train,bmama4xl_-_335_671
train,bmapwxk6_-_129_725
train,bmfq85zk_-_119_670
train,bmkolab7_-_416_773
train,bmnptmqj_-_78_778
train,bmq8d5i3_-_346_623
train,bmr7vb7k_-_360_818
train,bmu5kgrz_-_509_659
train,bmuwig6i_-_315_701
train,bmz8mkhl_-_179_782_-_176_806
train,bn09wmye_-_366_697
train,bn6vh7ta_-_522_755
train,bn811x00_-_93_717
train,bnazdivf_-_115_775
train,bndi1414_-_130_792
train,bnin87cq_-_433_837
train,bnjn9yzt_-_79_625
train,bnk3gsap_-_179_670
train,bnk8vw5h_-_153_690_-_157_717_-_334_720
train,bnphp90y_-_590_707
train,bnrtgao0_-_499_657_-_309_672_-_556_671_-_540_617
train,bnvrenrf_-_292_855
train,bnzmrbgo_-_532_684_-_560_708
train,bo3x1sg1_-_242_677
train,bo5kfoxd_-_615_679_-_256_700
train,bo61ohki_-_241_604
train,bo74wibk_-_478_805
train,bo8bm2q6_-_427_701_-_449_714_-_41_681
train,bobulysh_-_330_778
train,bobwedcu_-_361_674
train,bocno65s_-_290_699
train,boefkg83_-_248_591
train,boese3u8_-_461_799
train,bofclemi_-_480_882
train,bogac3rw_-_526_727
train,bohrkgio_-_338_783
train,bokxnygo_-_312_610
train,bonvyw7h_-_202_819_-_124_792_-_177_836
train,boy7garf_-_386_850
train,boykp6ou_-_426_753
train,bp6fw2m4_-_618_676
train,bp75ue1z_-_193_1284
train,bp8r0v2m_-_489_1040
train,bpaur00t_-_484_684
train,bpaw4r8q_-_558_879
train,bpio84qs_-_454_617
train,bpitsp2i_-_296_681_-_350_733_-_361_684
train,bpni5t1z_-_398_727_-_491_727_-_461_757_-_435_723_-_395_717
train,bpqtu2j8_-_280_867_-_165_800_-_67_969
train,bpsp9db9_-_546_812_-_520_769
train,bpwtybk7_-_484_651
train,bq0nxi5b_-_181_1181
train,bq3katah_-_399_769
train,bq6o96p9_-_132_879
train,bq87wmsw_-_428_805_-_435_780
train,bqesdd4m_-_319_761
train,bqfl712j_-_478_814_-_226_679
train,bqfttkac_-_308_712
train,bqgumwbg_-_516_796
train,bqijq0uq_-_463_735_-_444_723
train,bqnc9cdk_-_235_635
train,bqsm8lkh_-_263_1026_-_341_1195_-_110_999
train,bqvie53w_-_309_871
train,br00ods2_-_611_671
train,br3vqmrt_-_76_822
train,br40zjzt_-_430_718
train,br62p325_-_325_764
train,br6mh6mi_-_125_787
train,brap1cjx_-_128_790
train,brgru4bk_-_506_762_-_344_729_-_489_739_-_502_759_-_316_726_-_481_739
train,brh4yt0c_-_376_866_-_340_835_-_330_802
train,brjed7c1_-_256_616
train,bro55o8d_-_165_665
train,brp9swnb_-_167_719
train,brprhyn7_-_507_530
train,brqrif50_-_207_758_-_657_793
train,brr3s9nz_-_482_735
train,brs0m8r2_-_172_950
train,brtsdlwu_-_227_768
train,brw9ix9h_-_442_640_-_601_612
train,bry1y9l4_-_464_565
train,bs0e9eys_-_305_754_-_341_729
train,bs0y3odj_-_178_679
train,bs4dmotx_-_158_651
train,bs5qtoho_-_134_813_-_95_821
train,bs86bh67_-_363_607
train,bs872e9y_-_596_811
train,bs9evbpe_-_341_729
train,bsbcufjq_-_427_1144_-_407_1130
train,bsemll6c_-_191_692
train,bsisywgo_-_415_734_-_401_727_-_374_727
train,bsj0oio7_-_334_767
train,bsl4k7mv_-_463_802
train,bsldzu7i_-_116_988
train,bslihc24_-_578_583
train,bslrfoni_-_398_728
train,bsls6nxg_-_522_861
train,bso03cnq_-_330_1023_-_228_1080
train,bssgqzrg_-_387_549
train,bsvvcnb2_-_329_699
train,bsxtvtml_-_342_849_-_196_884
train,bsyrdzlk_-_549_666
train,bsyvbyi5_-_482_712_-_481_726
train,bsywh7pr_-_485_966
train,bszp9nal_-_354_701_-_364_726_-_549_757_-_522_698
train,bszy1ixd_-_418_891_-_358_854
train,bt36fv1t_-_192_680
train,btfzdvlw_-_278_705
train,btg3bgyg_-_474_765
train,btglnyqj_-_302_616
train,btgn8xx2_-_76_610
train,btjgx6rk_-_555_930
train,btu32box_-_148_667
train,btw8qqs8_-_381_584
train,btwzvdtv_-_402_802
train,btxe9jd4_-_552_820
train,btyfeevr_-_353_840
train,btzza1gd_-_105_673
train,bu2bq9ph_-_140_1067
train,bu3i0ij9_-_122_717
train,bu4y8aak_-_560_736
train,bu6lihve_-_608_726
train,bu6x358l_-_587_644
train,bu76m47b_-_258_1049
train,bu9np9y3_-_228_893
train,bui4r8fd_-_114_576
train,builfcjp_-_119_690
train,buk42o4n_-_184_785_-_210_777
train,buky9989_-_106_537
train,bull2x81_-_248_634
train,bus9s0mn_-_163_708
train,buvvyebo_-_142_640
train,buxsrlna_-_600_853
train,bv0rs38u_-_203_945
train,bv1rms1t_-_60_549_-_271_624
train,bv384wxb_-_377_807
train,bv5ljl9l_-_329_786_-_521_1030
train,bvbzxxam_-_280_670
train,bvcv2ic6_-_166_685_-_173_668_-_164_683
train,bvdrj8ag_-_520_753
train,bveyqb1w_-_357_831
train,bvhvcsk2_-_311_592_-_476_531
train,bvj4t6v5_-_78_737
train,bvmmnp3e_-_401_593
train,bvspbc78_-_164_1194
train,bvvk3hqf_-_84_765
train,bvwg0z1t_-_147_741
train,bvy3id3h_-_618_594_-_346_568
train,bvzfbqsh_-_450_608_-_56_633
train,bw0p8l8n_-_135_1112
train,bwbfcsc5_-_261_945
train,bwd480e2_-_548_853
train,bweemhge_-_226_842
train,bweh739w_-_331_1159
train,bwkl8rhq_-_134_801
train,bwkuh8mj_-_554_751
train,bwkuqics_-_220_774
train,bwmho19g_-_592_601_-_181_592
train,bwmkn4j0_-_385_638
train,bwmoa8f6_-_126_718
train,bwolb2t0_-_103_605
train,bwpq1ki4_-_467_625
train,bwre6ex2_-_114_1022
train,bwrxyds0_-_306_629
train,bws4e06d_-_561_540_-_143_631_-_162_649_-_116_645_-_513_527_-_654_516
train,bwt7zo9a_-_211_697
train,bwtojwp3_-_241_702_-_313_700
train,bwxbxrcb_-_593_739
train,bwxgs0g2_-_562_690_-_576_602
train,bwyo3bag_-_278_741
train,bwzx734j_-_190_800
train,bx3zwn15_-_307_762
train,bx4naev8_-_576_827
train,bx67l6yg_-_39_529
train,bx8rrc5f_-_294_646
train,bxeqjesd_-_217_586
train,bxf94ryv_-_276_795_-_554_720
train,bxly30ti_-_195_748_-_175_748
train,bxre7m4t_-_135_1128
train,bxurastd_-_522_658
train,bxyinjo4_-_490_872
train,bxywe9cy_-_306_675
train,byau1stq_-_335_603_-_33_624
train,byfcgc6u_-_352_761
train,byh7chns_-_336_721
train,byic1gxj_-_118_764
train,byjqunle_-_477_672
train,bynnvnrb_-_483_515_-_399_521
train,byuwhk3e_-_234_959
train,byxxux49_-_364_664
train,byzdfyyc_-_585_769
train,byzzdaqc_-_366_600
train,bz18kj5g_-_431_754
train,bz4gub6s_-_141_762_-_127_763
train,bz4i9km9_-_298_809_-_645_931
train,bz74zyp7_-_558_893
train,bz8twjfb_-_315_837
train,bzapmwcz_-_147_698
train,bzdsgaj2_-_269_570
train,bzi7bwsn_-_66_579
train,bziew74e_-_191_672_-_202_690
train,bzk1iigc_-_295_959
train,bzl05cc0_-_456_664
train,bzl9qqh8_-_142_632
train,bzpaeh1f_-_324_770
train,bzsr26wu_-_247_792
train,bzsubse6_-_571_711_-_657_720_-_228_684
train,bzyqb7wf_-_295_808
train,bzzfr4up_-_289_788
train,c009db3w_-_532_561_-_622_568
train,c02o1ou2_-_405_754_-_408_728
train,c02wxx9j_-_436_696
train,c03giwqd_-_155_799
train,c04rxsti_-_57_662
train,c054hlax_-_234_603
train,c05i8laa_-_420_1013_-_453_1004
train,c08o0vgd_-_391_853
train,c09gjzxg_-_184_734_-_623_720
train,c0c828h4_-_267_852
train,c0cfqmro_-_193_921_-_108_948
train,c0grf783_-_88_856
train,c0l9bbab_-_215_687
train,c0mn57jr_-_427_855_-_479_863
train,c0ogauyi_-_298_706
train,c0pow50f_-_384_733
train,c0sg8idt_-_530_799
train,c0ssgtf1_-_610_614_-_601_535
train,c0tm9byz_-_286_744
train,c0ulsc1u_-_423_1139
train,c0w9lznv_-_504_743
train,c0wbybmi_-_269_785_-_583_777
train,c0yd3ltf_-_313_688
train,c12s0iru_-_578_733_-_259_666
train,c164hqzu_-_182_556
train,c16nf473_-_498_785
train,c17odvx3_-_430_820_-_406_823_-_421_809_-_387_842
train,c1b7keac_-_420_665
train,c1boofiq_-_309_966
train,c1fbq4hf_-_537_835
train,c1g0v8ls_-_218_676
train,c1gnacy0_-_139_690
train,c1gyi1rg_-_540_616
train,c1if9f6w_-_321_713
train,c1mfoqks_-_440_727
train,c1nfzwkq_-_294_689
train,c1nifyhj_-_129_950
train,c1p2ac03_-_281_609_-_127_643
train,c1u3k1lz_-_426_671_-_443_669
train,c1uglk0b_-_357_778
train,c1ujip85_-_223_751
train,c1y8xiyw_-_562_581_-_313_590
train,c24kqz1w_-_309_672_-_499_657_-_556_671_-_540_617
train,c26g1816_-_594_801
train,c2742q5d_-_132_692
train,c27pvd89_-_262_686
train,c27rqbxs_-_309_1397
train,c28i9h1u_-_77_746_-_23_1024
train,c2aag3rw_-_179_1158
train,c2awhlqy_-_313_686
train,c2crkdsx_-_405_752
train,c2gdm2cl_-_370_649
train,c2gyz05p_-_78_829_-_440_639
train,c2h05j8v_-_424_872_-_452_867
train,c2kaxlk3_-_495_705
train,c2kgt3ro_-_496_709
train,c2lt4zle_-_304_748
train,c2qyo3d5_-_254_788
train,c2rm5muq_-_227_741
train,c2sf8ptt_-_100_608_-_8_919
train,c2uw5cke_-_278_601_-_263_610
train,c2vhdsgl_-_521_865
train,c2wmnklm_-_528_548_-_256_533
train,c2x22sya_-_282_694_-_271_685
train,c2zzkidm_-_585_808
train,c30sj8sv_-_203_572
train,c310s6f2_-_267_953
train,c32p2hxn_-_371_860
train,c3568e46_-_241_995
train,c36wax2a_-_465_780
train,c38kixkb_-_513_864
train,c39d6ppf_-_428_843
train,c3gvn8s9_-_145_774
train,c3h8qloo_-_201_1117
train,c3j7wsne_-_592_749
train,c3mnp993_-_397_854
train,c3r4ftj5_-_90_724
train,c3ura1nd_-_544_798
train,c3ydvhzu_-_551_612
train,c3zrdqg4_-_566_680_-_514_668_-_557_686
train,c43g0e7d_-_585_690_-_43_591
train,c44dntk3_-_329_705
train,c467r36y_-_311_940_-_285_952_-_220_1005_-_269_970
train,c46jvagf_-_378_691
train,c46sgehp_-_260_732
train,c47ptldn_-_299_649
train,c49bytkx_-_140_745
train,c49okqb9_-_193_639
train,c4at1eqt_-_466_856
train,c4d6tpzb_-_359_647
train,c4hmg04s_-_217_643
train,c4n52gl9_-_521_780_-_115_825_-_515_757
train,c4n6rxq1_-_110_929
train,c4s099bi_-_146_756
train,c4sg0z43_-_539_566
train,c4sprs1i_-_213_550_-_343_559
train,c4tp37gj_-_273_680
train,c4uz63ba_-_543_734_-_546_724_-_150_706_-_167_677
train,c53mlko4_-_575_643
train,c558kgx2_-_445_888
train,c56qzaav_-_222_695
train,c59l54b8_-_423_763
train,c5afybem_-_392_767
train,c5bv3l5z_-_480_768
train,c5dnh4gb_-_112_835
train,c5shrsk5_-_429_706
train,c5t57rmr_-_238_828
train,c5tsbjbi_-_590_900
train,c5uj1th7_-_439_712
train,c5x2i48p_-_486_596
train,c5x2yizh_-_581_906
train,c5xsudql_-_124_682_-_96_879
train,c67onvl2_-_147_722_-_174_734
train,c699xa0e_-_570_766
train,c69df864_-_512_765_-_327_917
train,c6bbyilp_-_357_864
train,c6cqh1sl_-_98_582
train,c6cyk1gq_-_483_728_-_452_722
train,c6phmqdg_-_131_637
train,c6urnddv_-_532_920
train,c6y72awz_-_156_786
train,c6yul3f4_-_354_798
train,c71u3qoc_-_381_773_-_379_768
train,c72l8onk_-_466_865_-_492_817
train,c737qrj9_-_602_606
train,c74qs0iz_-_213_801_-_191_814_-_467_829
train,c793lcs0_-_162_710
train,c7c3ipyq_-_362_706
train,c7c6hgrk_-_530_725
train,c7cyz2jo_-_153_998
train,c7e4xapw_-_188_834
train,c7mkbale_-_241_810
train,c7q1vrou_-_389_709
train,c7s3zxrd_-_373_836_-_440_829
train,c7vdjlii_-_562_606
train,c7yhfc6b_-_242_713
train,c7zc8qn1_-_294_964_-_376_941
train,c8082sbu_-_224_1029
train,c80jlujw_-_260_561
train,c82kkqxu_-_318_797
train,c83wqdpm_-_96_824
train,c8fpvdwh_-_212_809_-_174_843
train,c8j99ibm_-_503_852
train,c8m3fhxq_-_548_948_-_477_866
train,c8o8nvl9_-_485_790
train,c90etgem_-_433_909_-_422_918
train,c91jbmvg_-_154_857
train,c928s5nj_-_290_825
train,c92p8bhk_-_193_780
train,c97boa0t_-_477_661_-_44_650_-_89_623
train,c99ih6uj_-_592_714
train,c9b98nob_-_78_738
train,c9eui0cw_-_542_602
train,c9llt666_-_170_601
train,c9moswnx_-_339_625_-_67_571
train,c9p5o35r_-_499_885_-_540_828
train,c9qqit6j_-_362_759_-_340_757
train,c9s6c69r_-_255_720_-_251_733
train,c9tsuyy7_-_405_718
train,c9xyn2a0_-_538_824
train,c9ybns5s_-_416_824
train,ca1dfuyg_-_321_699
train,ca25s1mk_-_575_553
train,ca2vlkq0_-_116_815_-_200_708
train,ca57q883_-_417_733
train,ca5r6hdj_-_319_805_-_288_776_-_320_823_-_309_805_-_350_852
train,ca7v8fdc_-_383_936
train,cabgm70y_-_616_690_-_206_752
train,cablcpm5_-_336_928
train,caedxp7v_-_79_692
train,caetyl8n_-_86_711
train,cam8wkz6_-_138_658
train,caxayhlk_-_587_928
train,caxwgwm1_-_168_719
train,cay15h71_-_199_672_-_33_727
train,cayr55ku_-_98_626
train,cb3xrwtk_-_275_666
train,cb51bp3o_-_212_805_-_184_795
train,cb9i1900_-_613_552
train,cbg9l8go_-_483_746
train,cbj73sna_-_523_761
train,cbjyqthy_-_193_887
train,cbl28h4m_-_250_726
train,cbnylzt7_-_481_652
train,cbopeia3_-_386_654
train,cbqgrnp9_-_462_705
train,cc0rczl6_-_357_821_-_504_942
train,cc1qknsh_-_347_1009
train,cc5lkatu_-_269_788
train,cc744rtq_-_324_1108_-_371_1128
train,ccc0e7k6_-_385_758_-_383_738
train,ccmm4yy0_-_498_945
train,ccn0zayw_-_305_843
train,ccn9dzwo_-_430_664
train,cco8oe4d_-_149_896
train,ccs8xndq_-_541_869
train,ccua4ow7_-_408_710
train,ccyfadp6_-_167_665
train,ccyu9j25_-_263_776
train,cd3yqlv8_-_366_572
train,cd5az9ju_-_250_851_-_263_809_-_245_838
train,cd5pimxb_-_202_646
train,cd90cz2w_-_409_706
train,cdc3qcfb_-_470_744_-_479_764
train,cdgjdudu_-_606_694
train,cdkoogk9_-_378_745
train,cdlmf93t_-_545_814_-_537_793
train,cdmxvl5r_-_523_772
train,cdnzrtn4_-_185_772
train,cdpvgghd_-_92_802
train,cdr3qicl_-_560_791
train,ce0dmkid_-_432_850
train,ce2pt5cs_-_306_746_-_283_721
train,ce6ghkzh_-_269_724_-_222_736_-_249_744
train,ce9a2l4w_-_477_684
train,cea2mc5h_-_343_837_-_273_1005
train,cee3klhr_-_600_611_-_10_617
train,cekkwyut_-_53_631
train,cekpvjs0_-_262_638
train,cellt7zi_-_461_735
train,ceohkfsx_-_172_759
train,cesl1zw8_-_511_855
train,ceuqaseo_-_491_744
train,cexpepy5_-_190_733
train,cf23ll3e_-_422_654_-_452_642
train,cf3koprb_-_105_693
train,cf42ux91_-_406_707
train,cf5lsair_-_120_512
train,cfbtimm4_-_252_764
train,cfg2avfm_-_298_740_-_392_752
train,cfhv070j_-_337_718
train,cfouvyky_-_524_705_-_31_781_-_33_764_-_517_703
train,cfp4b02r_-_565_666
train,cfrbmfqz_-_106_568
train,cfrnjd6z_-_340_751
train,cfrtuagc_-_168_713_-_216_779
train,cfzx7ty7_-_462_766
train,cg3wsop6_-_369_766
train,cg4pwpta_-_513_689
train,cg5o9o9o_-_392_768
train,cg6j8biy_-_271_802
train,cg85jcyn_-_235_1117
train,cgcjc8v9_-_82_742
train,cgk0i63v_-_254_685
train,cgl7qcq4_-_286_633
train,cgmqnspp_-_564_772_-_507_758
train,cgn5mmtz_-_187_698
train,cgsajdtl_-_163_598
train,cgtr626j_-_82_573
train,cgvv1wcl_-_193_614
train,cgxqsos4_-_300_944
train,cgyojo23_-_405_632
train,cgz67n55_-_222_834
train,cgznjr4f_-_472_769
train,ch1f0qx3_-_286_933
train,cha4p1nu_-_182_1035
train,chalu2nt_-_490_775
train,chcsvy5q_-_155_772
train,chk0h07k_-_151_1131
train,chllnx1b_-_416_619
train,chqs57yj_-_75_665
train,chsiy0b7_-_384_734_-_632_757_-_354_737
train,chvhkhj6_-_563_626
train,chxrb3kc_-_278_839
train,chzq2c2g_-_520_1108
train,ci1lcov3_-_62_648
train,ci1tdor9_-_214_575_-_648_897
train,ci5fk8je_-_224_828
train,ci6l2qy2_-_270_767
train,ci7onn67_-_127_569
train,cickg2e2_-_350_714_-_460_677
train,cicys26w_-_196_878
train,cicz59qj_-_367_746
train,cidioskn_-_575_677
train,ciegpobs_-_153_658
train,cieoqmkp_-_565_635
train,cij4z5uw_-_369_852
train,cijalask_-_368_708
train,cijrqdyk_-_238_720_-_224_718
train,citixlma_-_481_620
train,ciukz549_-_579_660
train,ciulxynp_-_397_749_-_400_781
train,ciwtmjc3_-_441_655_-_445_703
train,cj8ypdyi_-_40_549_-_161_541
train,cj9v5gcm_-_141_883
train,cjbg2u7a_-_591_908
train,cjbxv1se_-_441_798
train,cjd3gkyl_-_599_658
train,cjiyaquy_-_384_739
train,cjj6meqn_-_298_653
train,cjktl1iz_-_564_814
train,cjvx909l_-_99_745
train,ck3sc1p9_-_435_1012
train,ck563woh_-_143_573
train,ck6lu47z_-_324_756
train,ckc00ozo_-_439_557
train,ckfmbxp7_-_490_788
train,ckfx0mvf_-_392_937
train,ckgn33dv_-_448_1106
train,ckl0j5t6_-_386_684
train,cklpx8mv_-_107_731_-_363_705
train,ckm0lmur_-_330_774
train,ckoch34x_-_538_829_-_535_833
train,ckp6kem6_-_70_761
train,cks2mk26_-_165_670
train,ckv3l90p_-_74_804_-_63_742
train,ckvmlt4p_-_208_825
train,ckxet729_-_200_902
train,cl0yszor_-_497_992
train,cl1xrkn2_-_464_766
train,cl3mslea_-_611_690
train,cl6ezz5s_-_410_695
train,cl81hca6_-_297_740_-_376_801
train,cla1d3p5_-_406_939
train,clgjmx0b_-_143_760
train,clkcv9ld_-_493_811
train,clmvj66h_-_446_760
train,clohi0m6_-_380_817
train,clotywtp_-_174_843_-_212_809
train,clq65lzt_-_105_644
train,clqe3sr0_-_339_651_-_381_644
train,clsp86uh_-_543_849
train,clts9rfe_-_380_713
train,clubp2h0_-_597_814_-_607_830
train,clzplb39_-_544_747
train,clzwd3y5_-_613_656_-_276_692
train,cm8f7c5x_-_136_697
train,cm8zwim3_-_514_613_-_105_642_-_141_638_-_540_601
train,cm962d5e_-_225_740_-_251_752
train,cmdy3bgc_-_308_508
train,cmh21kdr_-_338_671
train,cmhi9uzv_-_378_1286
train,cmrl2kna_-_351_653_-_371_658
train,cmroou4y_-_588_687
train,cmzqbnok_-_415_719
train,cn340an1_-_252_741
train,cn3dpwr1_-_302_715
train,cn5miwa8_-_287_847
train,cn8shsd5_-_409_598
train,cnazn6od_-_440_616
train,cndxdb41_-_190_866_-_181_856
train,cnhdynrj_-_98_718
train,cnthp83x_-_421_617
train,co0a50hu_-_200_1130
train,co2fav80_-_303_713
train,co2g88do_-_568_761
train,co7won9c_-_318_773
train,co875q9e_-_536_700
train,co9bh7ty_-_316_779
train,cocbqowg_-_408_730
train,coeadjpv_-_190_952
train,cof45pm0_-_288_686
train,coguvdlm_-_214_690
train,conxot8y_-_179_666
train,coofuyao_-_303_640_-_24_686
train,cor36dna_-_320_727_-_221_725
train,cosvw07b_-_426_933
train,covyyvlm_-_456_556
train,cp38xn95_-_505_1172
train,cp8c406n_-_472_692
train,cp8v9l3q_-_179_662_-_22_689
train,cpcwvz6n_-_519_697
train,cpkez85q_-_267_657
train,cpthszed_-_234_661_-_213_776
train,cpz8ufo0_-_252_667
train,cq2u9nxc_-_591_813
train,cq6uwhdm_-_313_804
train,cq8kvx4u_-_508_1115_-_578_1065
train,cq96thxf_-_249_1051
train,cq9yyr8q_-_224_792_-_341_1014
train,cqbvouj4_-_341_768
train,cqc7jsjb_-_412_577
train,cqfq7kz0_-_166_841
train,cqh3np1f_-_442_688
train,cqhu1bmm_-_387_830
train,cqito1ha_-_310_895
train,cqk3g5t8_-_287_682_-_22_663_-_325_682
train,cqk47xo4_-_195_732_-_174_739
train,cqk5wuni_-_435_1285
train,cqkb6z0n_-_283_707
train,cql17wjn_-_277_754_-_211_750_-_169_767
train,cqmc9yc9_-_103_636
train,cqs50t5l_-_198_697
train,cqyqzz25_-_564_745
train,cr0ra936_-_176_924_-_560_781
train,cr2jhbv4_-_347_871_-_321_958
train,cr2txwxe_-_377_914_-_423_918
train,cr88bl87_-_81_829
train,crezgznn_-_382_922_-_392_915
train,crh20gpl_-_340_723
train,crluxifz_-_495_643
train,crm8htj1_-_224_740_-_245_763
train,crnp1zg0_-_342_857
train,crp6irhk_-_302_745_-_294_719
train,crzhwtzu_-_89_711
train,cs085fq6_-_406_769
train,cs1l4tnd_-_328_770
train,cs1yeny6_-_465_689
train,cs3dlcex_-_167_734
train,cs4asz5z_-_310_726
train,cs6rwsn4_-_149_818
train,cs84m5an_-_347_849
train,cs9sst28_-_310_761
train,csaaklpm_-_192_793
train,csb3tf48_-_370_781
train,cshilgss_-_278_890_-_276_924
train,cshx3mjl_-_414_745
train,csl4986k_-_569_879
train,cstcudvj_-_447_839
train,csv6dftv_-_285_603
train,csvmbrym_-_588_777_-_320_827
train,ct03n2j4_-_575_769
train,ct0dqzsx_-_479_628
train,ct0mzzcp_-_96_799
train,ct1jmljj_-_95_677
train,ct2pst2b_-_405_898
train,ct47lwce_-_260_753
train,ct5t8nvz_-_237_862
train,ct82n8kp_-_90_667
train,ct98r2ls_-_446_787
train,ctbr76cx_-_253_674
train,cteybinr_-_573_837_-_646_890
train,ctfixakf_-_511_686
train,ctgfvrth_-_293_652
train,ctgqvzkq_-_581_637
train,ctklj95q_-_150_683
train,ctn1ufy5_-_155_844
train,ctopakpn_-_457_778
train,ctr5abxs_-_558_658
train,ctruirij_-_337_829
train,ctv61nn3_-_435_780
train,ctv6k8a9_-_261_697
train,ctzu6et0_-_461_795
train,ctzw3e0d_-_519_698
train,cu1pesm5_-_418_698
train,cu2ato8m_-_316_771
train,cu3qbn83_-_293_685
train,cu46evvo_-_277_795
train,cu4cnbq3_-_338_908
train,cu63wfq9_-_477_691
train,cu72awyd_-_356_861_-_273_949
train,cu7s2t58_-_588_791
train,cu9yoo37_-_382_746
train,cumjfelh_-_218_695
train,cunbh7on_-_179_699
train,cuo7vwlc_-_323_789
train,cuqbc8j2_-_476_797
train,cuqvsj4f_-_311_712
train,curaoxex_-_562_754
train,curq02cg_-_98_837_-_94_849
train,cutp8esu_-_250_701
train,cuv2zbph_-_182_883
train,cuvggl11_-_392_709
train,cuwwepw8_-_195_736_-_222_743
train,cuxpz3qd_-_212_606
train,cv3xlwgc_-_531_918
train,cv4ih2zc_-_385_682
train,cv8e16lt_-_409_760
train,cve5rmbp_-_247_999
train,cvf13oht_-_351_654_-_352_653
train,cvhthvde_-_508_799_-_501_769
train,cvo6vcp5_-_128_764_-_140_746
train,cvqwczme_-_138_826
train,cvra80l3_-_116_798
train,cvtyj8i2_-_401_727_-_374_727_-_415_734
train,cvu3dsd9_-_416_885
train,cvwp4dxn_-_372_645
train,cvy99ksd_-_479_728
train,cw01dxui_-_120_663
train,cw0nehvb_-_198_800
train,cw2y8bb9_-_164_665
train,cw36kn8t_-_389_1011
train,cw5k48ca_-_390_802
train,cw5rq2cd_-_189_592
train,cw60v6up_-_484_921
train,cw7eznga_-_200_842_-_93_954
train,cw8g6192_-_169_724
train,cwa5ab93_-_219_579_-_10_579
train,cweicqa8_-_212_736
train,cwf6i1cv_-_100_787
train,cwm4xk4r_-_303_601_-_578_622
train,cwp2oepo_-_225_712
train,cwrrs0zd_-_208_693
train,cwt5xwcr_-_166_1012
train,cwtq7r4e_-_361_716
train,cwwt5g2v_-_491_669
train,cwzb0vrt_-_501_816
train,cwzifhxb_-_590_550_-_371_576
train,cwzqgxdt_-_367_726
train,cxaagyey_-_154_976
train,cxan6c6g_-_392_862
train,cxdfj2bi_-_199_644
train,cxgzdk4r_-_82_747
train,cxhhp1rl_-_480_886_-_402_915
train,cxjci7ak_-_571_931_-_589_946
train,cxjzy4sw_-_121_715
train,cxlfon51_-_171_673
train,cxm5uey4_-_296_736_-_311_730
train,cxogp0on_-_440_639_-_78_829
train,cxot0qqv_-_356_945
train,cxqncwsf_-_177_982_-_73_1090_-_124_1065
train,cxxgd4y1_-_554_703
train,cxy6i47q_-_168_876
train,cy2ysrlv_-_405_809
train,cy3b8imp_-_268_714
train,cy3wvgv7_-_141_888
train,cy3zpnrm_-_499_712
train,cy4dcip1_-_442_760
train,cy8ptsup_-_324_804
train,cy9au80c_-_439_624_-_402_637_-_266_665
train,cy9yz17l_-_220_815
train,cycof3jk_-_376_788
train,cygmyhz2_-_362_730
train,cygn1ndw_-_174_917
train,cyhhm80i_-_277_761
train,cyi1nekr_-_416_664_-_516_692_-_287_674_-_481_689_-_310_687
train,cyil6dug_-_322_945
train,cyil9kgp_-_535_575
train,cyngps5u_-_281_732
train,cys5u6np_-_539_651
train,cyt4jy82_-_360_649_-_228_653_-_368_670
train,cyt7v5k4_-_107_704_-_418_700
train,cyuxok30_-_514_793
train,cyzlvh83_-_139_714
train,cz1ifgzu_-_207_835
train,cz5zrwxo_-_601_781
train,cz6qvr3r_-_98_610
train,cz6u3ybw_-_519_1143_-_563_1157
train,cz830dia_-_402_719
train,cz9njgb1_-_134_817
train,czd5husn_-_61_559
train,czgastg7_-_412_689
train,czjyvjnl_-_580_662_-_674_654
train,czl45dyg_-_60_694
train,czla18im_-_566_717
train,czn3319w_-_309_1111
train,cznq47xr_-_129_702_-_513_762
train,czo84b0f_-_175_901
train,czohmdb5_-_274_574
train,czpzitt5_-_461_804
train,czvxyubv_-_137_572
train,czyyrxlc_-_183_844
train,d02iwxpf_-_481_763
train,d05j9ul0_-_441_581_-_22_593
train,d0bo2s8i_-_563_875
train,d0chwfsg_-_424_808_-_396_826_-_363_917
train,d0crasyr_-_174_712
train,d0jyy423_-_565_920_-_111_876
train,d0lygrh5_-_216_698
train,d0nckzg6_-_109_640
train,d0nq409h_-_334_717
train,d0qqx5y2_-_435_861
train,d0t0jbaf_-_390_762
train,d0x2texq_-_126_1193_-_519_980
train,d0zpzisq_-_102_593
train,d1222j2d_-_614_611
train,d147mcr1_-_370_823
train,d15sdadb_-_466_607
train,d18el41g_-_380_694_-_405_651
train,d1b406rh_-_190_659
train,d1bpqt9h_-_605_756
train,d1en3m2x_-_379_706_-_319_757
train,d1fz42eq_-_261_662_-_215_680_-_424_654
train,d1k6iilz_-_352_1034
train,d1ltk31c_-_440_668_-_457_658
train,d1oy9lph_-_558_674
train,d1qdp6h8_-_306_735_-_521_700
train,d1us69v7_-_460_598
train,d1wfhf84_-_569_830
train,d1zhhn38_-_223_774_-_212_772
train,d21wdpee_-_83_794
train,d229l9gz_-_323_858
train,d25myjr5_-_475_726
train,d26x42zj_-_113_740
train,d2749a67_-_541_733
train,d2agkhgy_-_123_639
train,d2cdt2st_-_219_820
train,d2g2uhf0_-_346_852_-_212_845_-_495_848
train,d2jfj3p8_-_245_797
train,d2jnamfh_-_343_931
train,d2k76n6u_-_106_700_-_585_614
train,d2m5yt6c_-_111_835_-_301_892
train,d2n6n0kh_-_330_718_-_365_694_-_346_717_-_359_708_-_338_722_-_348_717
train,d2sqg3xj_-_312_755
train,d2wx9grz_-_500_718
train,d2y4qj43_-_249_875
train,d30olbeg_-_378_602
train,d337sclg_-_206_699_-_192_693
train,d37bnv1u_-_450_629
train,d39fire4_-_556_667
train,d3aw85uc_-_118_699
train,d3b0n7ab_-_507_983
train,d3bd5jn6_-_408_678
train,d3bvfdya_-_185_1056_-_193_1045
train,d3ce3sak_-_410_624_-_614_518
train,d3cnmh90_-_276_924_-_278_890
train,d3eoelui_-_282_600_-_434_802
train,d3eugu4f_-_413_832_-_437_853
train,d3h8u5py_-_396_915_-_264_777
train,d3mjnc52_-_164_845
train,d3o55444_-_300_665
train,d3op99tw_-_609_725_-_143_761
train,d3pts3rr_-_187_825
train,d3sekksb_-_138_761
train,d3tvebjg_-_253_703
train,d3ug21kp_-_133_569_-_573_567
train,d3vr4z4x_-_496_708_-_235_725_-_479_730
train,d3wcmtra_-_357_716
train,d3wgkvpm_-_516_629
train,d466jqau_-_602_793
train,d4afditf_-_314_749
train,d4btswrz_-_562_835
train,d4dpd2rx_-_306_1011_-_270_1036_-_233_1039
train,d4e89bo8_-_180_889
train,d4ggmoxt_-_132_806
train,d4h02fkm_-_221_715_-_231_724
train,d4jzs7to_-_165_789
train,d4ka9ys3_-_532_716
train,d4kcuefd_-_422_843
train,d4lwdlo8_-_419_773
train,d4mz3ijf_-_328_656
train,d4tuw6xj_-_294_830
train,d4ubqlc2_-_225_600
train,d4x1fsub_-_517_974
train,d53gfu6e_-_275_735
train,d540egtx_-_233_709
train,d54yrtlt_-_273_954
train,d5519aci_-_292_1008
train,d557030k_-_111_697
train,d55r9j1g_-_312_590
train,d59it41d_-_487_1256
train,d5dq4xf1_-_587_721
train,d5fs7n4l_-_355_764
train,d5gtqd86_-_546_965
train,d5gwx6jm_-_134_1058
train,d5napgp8_-_557_544
train,d5ridue9_-_568_702
train,d5x2hni5_-_219_694
train,d602n7gz_-_560_636_-_557_687
train,d64gff5g_-_91_698_-_378_769
train,d68imd70_-_340_684
train,d692f0lu_-_506_1373
train,d69ghexv_-_376_810_-_659_854
train,d6c2lszt_-_354_901
train,d6e280gq_-_598_735
train,d6efa0bu_-_353_972
train,d6escl9e_-_347_649
train,d6izxngz_-_90_743_-_1_958
train,d6ljm7qh_-_348_677
train,d6m304uf_-_520_919
train,d6oow9fs_-_371_796
train,d6q34se5_-_451_598
train,d6wymnj0_-_292_728
train,d6xyx61z_-_519_752
train,d70i4a14_-_91_756
train,d70wr75x_-_418_854
train,d74laid6_-_415_1259
train,d74v9wc7_-_385_645_-_188_645
train,d78a3lag_-_269_847
train,d78qu316_-_72_667
train,d79qez8k_-_141_693
train,d7dbd413_-_151_917
train,d7e0r04x_-_408_818_-_371_782
train,d7f30cmn_-_84_794
train,d7g2x2n1_-_94_694
train,d7gx3qjm_-_277_775
train,d7hc9pm8_-_162_681
train,d7nf1h77_-_632_565_-_524_664
train,d7qx5atg_-_486_811
train,d7ujxgvz_-_387_933
train,d84ftkt7_-_91_855
train,d86i6c0m_-_309_799
train,d8887fyr_-_195_1147
train,d89tjkrj_-_549_701
train,d8ajnt1j_-_231_684
train,d8dxwivm_-_464_659
train,d8hckkr9_-_259_682_-_205_686
train,d8jd63br_-_148_852
train,d8jfisee_-_306_727
train,d8lhv4j2_-_103_665_-_593_655_-_207_675
train,d8lrbe9m_-_558_776_-_565_760
train,d8ozjad8_-_519_675
train,d8p55wth_-_426_769
train,d8poea0d_-_351_1015
train,d8tolgnm_-_510_663_-_282_669
train,d8wz2icc_-_89_676
train,d8yvnoo2_-_345_879
train,d97xay8j_-_482_645_-_317_670
train,d9ani9qk_-_265_808
train,d9bpfbd0_-_192_749
train,d9e4txgd_-_403_644
train,d9fax5bm_-_479_950
train,d9ggurfi_-_388_789
train,d9ltvvtk_-_378_687
train,d9mau7dt_-_242_636_-_53_638
train,d9odkd73_-_517_1176
train,d9zltjoy_-_258_726
train,d9zyio88_-_370_770
train,da26tr61_-_212_654
train,da2irii5_-_512_718
train,da6gxztn_-_267_835
train,da914cfe_-_515_652
train,daahb2i4_-_271_712
train,daan7rhw_-_290_649
train,dacyzt6z_-_534_871
train,damw509g_-_116_656_-_414_669
train,dandybla_-_529_798
train,daofcxox_-_115_831
train,dapnvyll_-_115_718_-_297_962
train,dappgbgd_-_184_649
train,dasusnss_-_127_881
train,dauojsvj_-_417_720_-_399_733_-_515_806
train,db80g4vb_-_321_913
train,db891p2j_-_319_810
train,dbc92fqh_-_527_846
train,dbdru07w_-_115_625
train,dbfoh0g3_-_104_884
train,dbmngxa8_-_628_643_-_612_667
train,dbp1n6f9_-_149_767
train,dbpwsbuq_-_531_1129
train,dbqduxdb_-_358_648_-_123_561
train,dbt76yhh_-_258_694
train,dbvdktr9_-_476_730
train,dbwz3g95_-_127_715
train,dbyeygub_-_76_707
train,dbywwoyq_-_239_639
train,dbz3lmut_-_565_826
train,dbzkbfy2_-_529_677_-_296_728_-_296_740
train,dc8z035j_-_167_803_-_109_800
train,dceaw1fl_-_488_762
train,dck6a83d_-_440_684_-_75_669
train,dclt7xbc_-_392_743
train,dcmrb4q2_-_539_756
train,dcph3sio_-_359_691
train,dcra2oxy_-_240_662_-_567_716_-_605_731_-_257_654_-_596_699_-_213_661
train,dcvf8l89_-_368_737
train,dcvzyrw7_-_116_735_-_126_728
train,dcz94j64_-_611_630
train,ddab22l4_-_211_706
train,dde2ncab_-_183_911
train,ddf391gi_-_387_665
train,ddgwuh0h_-_203_697
train,ddk999sx_-_167_1184
train,ddke3jmj_-_560_1107_-_456_1096
train,ddo5lu4c_-_474_675
train,ddqlvhwr_-_384_666
train,ddtwp49b_-_259_680
train,dduscdjp_-_133_525
train,ddx1nvqc_-_119_825
train,ddxc5rw0_-_249_660
train,de04q833_-_376_789
train,de0nw8c8_-_91_694
train,de143wex_-_491_968
train,de3s2vhg_-_186_746
train,de4pfvki_-_314_693_-_295_689_-_297_691
train,de5fw1it_-_510_700
train,de6m8sw5_-_507_689
train,de6unute_-_264_722
train,de99icea_-_274_774_-_258_771
train,de9dgpq0_-_271_737
train,dealm2ip_-_320_584_-_613_588
train,deaytyio_-_248_833
train,debzedk6_-_614_742_-_608_804
train,dec2d5jg_-_237_790
train,deefgr3o_-_248_726
train,demaz12u_-_511_827
train,depnacam_-_410_780_-_496_746
train,depr7abd_-_283_661
train,deqtij4g_-_471_924
train,derfo9u5_-_496_807
train,desu9hf5_-_392_704
train,dewyhkdp_-_191_671
train,dez0it1e_-_473_816
train,dezsmv6n_-_81_815
train,df1kydgh_-_403_710
train,df2i5hsp_-_153_852
train,df4xvxjt_-_454_782
train,df5b2rru_-_348_893_-_452_805_-_429_802
train,df5jyhz8_-_200_692
train,df6ohmif_-_394_960_-_565_779
train,dfcnqg28_-_563_795_-_542_808
train,dfk08mhe_-_338_992
train,dfrbz0jj_-_136_612
train,dfso2rkj_-_101_708
train,dfunxbme_-_147_632
train,dfy4idip_-_400_623_-_662_646
train,dfz3ymci_-_103_773
train,dg077tsi_-_462_738
train,dg98izg2_-_414_732
train,dgd7rh9s_-_494_517
train,dgkggx77_-_514_912_-_586_810_-_649_727
train,dgmbxd08_-_294_611
train,dgnkty9n_-_147_598
train,dgp9g8yz_-_276_665
train,dgpq1vxk_-_502_967
train,dgu0omy9_-_443_608
train,dgwe9ijh_-_151_628
train,dgz4cg78_-_250_739
train,dh5mlwek_-_296_736
train,dh6lbqqc_-_383_756
train,dh8q1pvp_-_221_684
train,dh9w03kl_-_401_631
train,dhadhkqw_-_263_716
train,dhaxomhz_-_348_732
train,dhf00b6x_-_85_741
train,dhhn1du8_-_99_959
train,dhi7hf5p_-_545_830
train,dhmkfo53_-_546_802
train,dhn3xyo0_-_371_747
train,dho3brsn_-_320_899
train,dhq96w79_-_111_1009_-_66_826
train,dhu6mzue_-_294_719_-_302_745
train,dhvrjc7h_-_201_938
train,dhvx68qy_-_188_854
train,dhxzuq3y_-_79_674
train,di00cupr_-_444_945
train,di55lt7b_-_68_714_-_77_708
train,di5qo2zx_-_485_928
train,di6519d7_-_96_783
train,dia8j0vk_-_406_1074
train,did61j4a_-_75_700
train,difbwwd4_-_159_651_-_515_642
train,digzev6j_-_471_793
train,dih7cv01_-_328_897
train,dijbcy1z_-_584_901
train,dim26cir_-_333_1084_-_47_842
train,dim7llpj_-_223_1097
train,dipz3j70_-_173_624_-_566_644
train,diql9o9y_-_384_1040
train,diza298n_-_523_825
train,dizixknu_-_162_766
train,dj3686xz_-_564_1127
train,dj54r3ts_-_431_613
train,dj6qitxu_-_197_755
train,djamlpnk_-_79_699_-_528_658
train,djaq2oei_-_304_793_-_369_781
train,djb1xp7z_-_103_708
train,djbm2s5i_-_251_798
train,djfh9mx4_-_553_695
train,djgcepqd_-_302_1119
train,djhgnv3i_-_121_772
train,djk3canq_-_443_731_-_443_725
train,djlvm305_-_291_657
train,djmow77x_-_346_659
train,djw0zau1_-_81_605
train,dk36kg9p_-_554_794_-_579_810
train,dk59l7uc_-_344_611
train,dk59zif4_-_210_814
train,dkdd3k20_-_214_676
train,dkee5i0d_-_473_834_-_508_819
train,dkfjil19_-_398_761
train,dkfocmd0_-_370_785
train,dkngl9t1_-_121_1125
train,dknkbybs_-_533_948_-_588_929
train,dkqfn5yr_-_104_846
train,dkrdc0o5_-_195_690
train,dksvnqw6_-_289_669_-_510_679
train,dktrzx7w_-_268_671
train,dkwfuswl_-_348_936
train,dkzfg4b3_-_48_563
train,dl1l6j59_-_228_651_-_544_659
train,dl3e4i0c_-_483_648
train,dl4r9agz_-_381_783_-_2_804
train,dl8pqn6u_-_397_848
train,dl8ysi46_-_82_734
train,dlay5pw3_-_526_1115
train,dlcsvyke_-_596_702_-_615_719_-_603_730
train,dld9a03m_-_547_903_-_211_1034
train,dldcc8yz_-_302_667
train,dlh5bnbl_-_521_700_-_306_735
train,dlj6tmnd_-_504_743
train,dlk3fnoi_-_284_775
train,dlql0qpi_-_275_654
train,dluuaor2_-_442_763
train,dlwadkhj_-_141_678
train,dm66dv13_-_634_596
train,dm97f1yw_-_188_769
train,dmaitrrc_-_234_716
train,dmaz8xd8_-_212_805
train,dmfkd57i_-_133_698
train,dmg2q0n6_-_139_680_-_133_659
train,dmhazahn_-_123_660
train,dmi7ntky_-_191_793
train,dmlkzh03_-_343_727
train,dmqbkrk6_-_101_640
train,dmsfqs3c_-_113_807
train,dmv88so3_-_599_625
train,dmvwwano_-_601_807
train,dmziaxc0_-_581_578
train,dn0cl8iy_-_301_708
train,dn0nx7t4_-_390_830
train,dn2lxdiw_-_184_898
train,dn2wpff2_-_402_678
train,dn4v0dxw_-_317_648
train,dn583ub2_-_573_776
train,dn6qb912_-_152_733
train,dnbiutp6_-_219_1200
train,dnf2wcgt_-_286_790
train,dnj4ebh5_-_554_842
train,dnjwtj9z_-_431_776_-_394_808
train,dnlyyul9_-_349_985
train,dnnnjim3_-_367_689
train,dnoaa5rq_-_190_767
train,dnugu3po_-_115_679
train,dny25ycm_-_220_595
train,dnzks2jv_-_319_756
train,do14pqhd_-_81_703_-_646_784
train,do28rgd3_-_236_740
train,do2rrl58_-_542_647
train,do4zoyyn_-_96_705
train,do9r35ob_-_307_1327
train,doc2vo3b_-_341_664_-_351_653
train,doctu7c3_-_601_695
train,dolphjcu_-_270_878
train,domaz4vz_-_503_695
train,doow0v1f_-_437_606
train,dop5snbo_-_502_676
train,doxxulb6_-_209_826
train,doyu6lky_-_81_777
train,dp40wsl8_-_38_517
train,dp4i1egj_-_523_1181
train,dp5hggfp_-_475_746_-_2_712
train,dp9bq5x7_-_336_671
train,dpbuhru4_-_573_755
train,dpchxjjd_-_538_905
train,dpdjptq2_-_436_693
train,dpf9xbs1_-_427_783
train,dpj7bbmv_-_225_821
train,dpoz2qrz_-_487_598
train,dq4ya547_-_349_894
train,dq6uqcel_-_211_674
train,dq7u1uxc_-_587_674
train,dqcd6gtf_-_197_915
train,dqddqqqi_-_286_655
train,dqfury3e_-_558_788_-_563_788
train,dqh1i22w_-_102_751
train,dqixbhi8_-_440_1301
train,dql8oyoo_-_298_1311_-_376_1485
train,dqlarlwh_-_376_687
train,dqmgtkz3_-_297_726
train,dqre9uod_-_276_700_-_324_712
train,dqskk3t8_-_481_768
train,dqt4r6fw_-_461_814
train,dqyc9orl_-_363_762
train,dqzr9vim_-_315_797
train,dr22wnsi_-_405_686
train,dr3usknt_-_85_793
train,dr4euw0j_-_62_558
train,dr82pi1h_-_202_491
train,drb0di85_-_558_821
train,drdrlngt_-_522_774
train,dri60e53_-_422_918_-_433_909
train,driardc3_-_546_1085
train,drlvel4s_-_591_711
train,drqo01a2_-_133_964
train,drus69u1_-_83_619_-_244_635
train,drvwtdj7_-_232_688
train,dryypeot_-_267_787
train,ds0jhzb4_-_244_613
train,ds9l4egi_-_175_793
train,ds9m99cn_-_385_662
train,dsbfije9_-_95_901_-_17_775
train,dscodcrf_-_175_806_-_168_881
train,dse6hip5_-_599_733
train,dsfy4bpu_-_466_877
train,dshjenip_-_383_799_-_354_859_-_357_836
train,dsjdm9hk_-_336_847
train,dsmef39k_-_179_906_-_164_994
train,dsmn6im7_-_408_724_-_45_825
train,dsncj6d3_-_404_773
train,dsnq5e35_-_199_767
train,dsojdpsx_-_446_739
train,dssavy1a_-_497_1152
train,dswnfgpt_-_380_677
train,dswrdvjv_-_113_749
train,dsyz2pno_-_168_634_-_521_624
train,dszutn0m_-_140_995_-_213_1027_-_263_1051_-_218_1024_-_195_1012
train,dt4hklyj_-_523_626
train,dt68dgj0_-_120_711
train,dt7xhvym_-_242_780
train,dta8971h_-_316_738
train,dtb9ec14_-_371_839
train,dteidlv3_-_516_715
train,dtfdqxkh_-_176_806_-_179_782
train,dti5rc74_-_467_625
train,dtizkbhr_-_330_658
train,dtl80azc_-_296_773
train,dtles56x_-_409_713
train,dtlngdt0_-_407_782
train,dtofpzxg_-_367_580_-_458_578
train,dtpm3sv7_-_350_652
train,dtqrlcx1_-_127_906
train,dttcl2y3_-_217_729_-_666_652
train,dtvl8wvq_-_87_636_-_79_687
train,dtvybwav_-_515_973
train,dtwz3f6k_-_287_1082
train,dtxprpb8_-_87_840_-_103_801
train,dtxs9e1u_-_288_693
train,dtyayo35_-_86_690_-_110_663
train,du138zmg_-_329_689
train,du3cgcp1_-_271_901_-_291_922
train,du8gusvy_-_105_883
train,du9ac45k_-_406_749
train,dufufvkn_-_446_674
train,dug1a6l4_-_184_734
train,dugmssru_-_426_779
train,duh9ygfc_-_290_880
train,dui4t44k_-_428_1066
train,duikglzv_-_341_998_-_339_877_-_520_836
train,dujyd3r6_-_282_618
train,dukofnz7_-_183_862
train,dumnry0r_-_156_553
train,duotabrn_-_253_1314
train,duqr3mb1_-_366_1081
train,dut8s3sy_-_551_1011
train,duuaz9ho_-_430_705
train,duxeet5z_-_542_710_-_486_754_-_477_623_-_503_705
train,duza2z3g_-_572_1029
train,duzoxyb5_-_286_705_-_311_697
train,dv0fbou5_-_157_613
train,dv57kw42_-_373_648_-_287_786_-_598_557
train,dv6mupm9_-_82_809
train,dv9eq7sy_-_516_967_-_531_994_-_526_979
train,dva95df1_-_143_842_-_573_819_-_652_868_-_143_840
train,dvgqa954_-_357_722
train,dvic5w3b_-_394_842_-_429_826
train,dvkkpnpt_-_63_563
train,dvlprx90_-_356_896
train,dvmoukzi_-_451_630
train,dvr328ps_-_370_767
train,dvur8776_-_138_640
train,dvus4jjh_-_327_713_-_630_731
train,dvwtzvi2_-_364_645_-_178_626
train,dw0az547_-_369_794
train,dw56lpl4_-_495_642
train,dw9fc3wg_-_147_879
train,dwajvvvq_-_350_704
train,dwbkrrvy_-_87_725
train,dwbli54f_-_469_915
train,dwc9i8qb_-_558_757
train,dwcpvmfz_-_593_624
train,dwd8l9u5_-_121_654
train,dwjnf4t9_-_230_790
train,dwnzxvyv_-_395_786
train,dwskfjoj_-_239_731_-_237_731
train,dwttolj3_-_287_708
train,dwur4cpp_-_416_758
train,dwuridw8_-_150_1147
train,dwzvxedu_-_637_563
train,dx2cicjw_-_306_605
train,dx5ltkw0_-_563_730
train,dx9dgf3i_-_425_670_-_442_685
train,dxdatufm_-_291_786_-_336_789
train,dxippjjp_-_311_753
train,dxlnhi4q_-_454_666
train,dxnd3q9h_-_79_778
train,dxnfm81c_-_422_805
train,dxq30kf5_-_314_694_-_320_674
train,dxxe4d1f_-_474_747
train,dxy0qwor_-_348_894
train,dxzaxl6w_-_410_830
train,dy10rumo_-_427_664
train,dy692aub_-_441_804
train,dyd7gzzy_-_160_581
train,dydve1oy_-_165_632
train,dyitwzt2_-_266_989
train,dyko21gt_-_517_652
train,dyljs09i_-_402_685
train,dymxvmmu_-_313_1237
train,dys01jad_-_344_734
train,dytd93y3_-_45_555
train,dywguqhg_-_454_927
train,dyxkn9qx_-_106_749
train,dz1ecstp_-_484_829
train,dz3zu4ik_-_586_665
train,dz4859kz_-_548_866
train,dz52bp3y_-_356_735
train,dz5haf8b_-_217_1008
train,dzd21gpy_-_463_795
train,dzidloyi_-_295_652
train,dzkdx2f0_-_292_690
train,dzrrapci_-_509_622_-_525_575
train,dzuflt7e_-_361_704
train,dzur3kmv_-_142_592_-_127_624_-_142_591
train,dzvxg4ev_-_94_846
train,e096k0j6_-_176_875
train,e0fokdsk_-_262_741_-_270_739
train,e0i7by0p_-_510_654
train,e0j3gj66_-_310_684
train,e0r7b89t_-_415_736_-_428_724
train,e0t2gpie_-_222_659
train,e1135dkl_-_475_720
train,e11tl818_-_547_699_-_152_760
train,e12vpzwa_-_212_836
train,e12wu09u_-_217_770
train,e13tuk07_-_173_566_-_581_601
train,e140f3rh_-_308_902
train,e1431hww_-_144_687
train,e17q5gmc_-_191_762
train,e1bnf2b8_-_234_738
train,e1ek5wia_-_152_645
train,e1g12zfr_-_126_682_-_113_682
train,e1i9uh3f_-_281_1085
train,e1idtfrs_-_572_786_-_173_827
train,e1iodsa8_-_418_565
train,e1iqh3wb_-_592_769
train,e1qg2qve_-_71_761
train,e1r00fcx_-_461_940
train,e1s5gpun_-_243_694_-_220_726
train,e1v8z73c_-_164_637
train,e1wwu2xp_-_590_826
train,e1xqv9c9_-_515_627
train,e213lbtn_-_368_738
train,e26lri0g_-_306_1109
train,e26z40iw_-_474_642
train,e28sfxab_-_359_797
train,e295o0su_-_458_674_-_472_713
train,e2a81xx4_-_119_834
train,e2chitzv_-_397_665
train,e2cu9zm7_-_150_981
train,e2dt8pab_-_185_641
train,e2e2ku3b_-_321_658_-_449_596
train,e2jniuy6_-_529_707
train,e2n7phhj_-_129_667
train,e2s20zt6_-_494_914_-_491_975
train,e2ustg29_-_75_800
train,e2v5lilb_-_247_695
train,e2wvm7ro_-_464_788
train,e308z93e_-_348_714
train,e30azppw_-_471_709
train,e30mg5t6_-_382_482_-_96_536
train,e31wlqg6_-_274_1061
train,e34998ds_-_256_707
train,e3669phv_-_513_731
train,e38vzggv_-_189_789
train,e3cxu67t_-_226_602
train,e3hdyuvg_-_246_770
train,e3hieav5_-_89_671
train,e3i3v2wu_-_274_1060
train,e3ju68im_-_458_821
train,e3xa2869_-_220_713
train,e3y5x9ww_-_398_751
train,e46c8fnc_-_166_595
train,e48cml1k_-_239_707
train,e49ucp6p_-_456_577
train,e4hzginr_-_369_670_-_394_661_-_352_665_-_323_621_-_382_666_-_391_666
train,e4i0shmr_-_568_728
train,e4leuj4p_-_589_901
train,e4o63z8i_-_592_800
train,e4okp9np_-_147_722_-_472_764
train,e4ughiqj_-_136_732
train,e4wbkczt_-_172_1395
train,e4xxyuqy_-_352_889
train,e4yxxmth_-_120_702
train,e5224w1s_-_469_630
train,e55s5q69_-_547_968
train,e58p5ump_-_113_862
train,e59phfvq_-_372_764
train,e5brkm91_-_106_937
train,e5kvbh0l_-_604_715
train,e5nf1q29_-_89_751
train,e5q2tzke_-_71_578
train,e5waoekp_-_97_750
train,e5y51vpo_-_94_635_-_635_678
train,e5zu5lwn_-_261_710
train,e60hj3l1_-_301_841
train,e6320650_-_82_619_-_287_633
train,e63emdyz_-_472_815_-_15_988
train,e644nzud_-_174_982
train,e6932na3_-_548_713
train,e6969ti3_-_174_949
train,e6arzhmb_-_526_622
train,e6aytxdu_-_369_581_-_339_593
train,e6gicjja_-_353_747
train,e6ncqrk2_-_89_551
train,e6soqox0_-_240_885
train,e70ad6ty_-_536_662
train,e728eoyw_-_363_521
train,e72chm6j_-_499_764
train,e73flk08_-_428_727_-_452_725_-_74_705
train,e747po68_-_131_825
train,e76bmcwf_-_537_718
train,e77n1qa9_-_569_562_-_452_544
train,e7bsdt2v_-_163_793
train,e7c5aca7_-_365_787_-_61_791
train,e7faghcz_-_239_837
train,e7farid1_-_351_834
train,e7hk0pug_-_541_926
train,e7i4do2e_-_166_816_-_351_833
train,e7m700qo_-_513_633
train,e7qbbcus_-_251_733_-_255_720
train,e7sw381c_-_340_679
train,e7wrfzy1_-_311_691
train,e7x3jw6g_-_499_839
train,e7y2fscb_-_409_824_-_384_806
train,e80imgnz_-_579_743
train,e811ve9d_-_606_751
train,e8a9jly6_-_111_835
train,e8c3hcdq_-_288_888_-_289_855
train,e8dcysne_-_496_977
train,e8fi71dm_-_336_679_-_157_677
train,e8lt6kk9_-_635_597_-_339_603
train,e8ook3vk_-_515_757_-_115_825_-_521_780
train,e8p2cswa_-_343_711_-_338_716
train,e8s6eaqe_-_368_739
train,e8sfniqz_-_304_659
train,e8tjvuqo_-_511_663
train,e8xm1p3a_-_187_629
train,e8y4o3s6_-_455_834
train,e961tw0n_-_88_702_-_543_713
train,e98b84g9_-_325_1042_-_514_798
train,e98tx3fx_-_229_735
train,e99lq3g4_-_159_776_-_509_762
train,e9ek4jje_-_471_1077
train,e9exw1jf_-_306_720_-_303_728
train,e9gq1tr5_-_426_779
train,e9j2oxsz_-_392_699
train,e9j5vkw8_-_403_679_-_672_570
train,e9kd08rs_-_213_788_-_228_757_-_256_745
train,e9o6l9zk_-_369_707_-_450_726_-_496_718
train,e9qsq4lg_-_111_767
train,e9zpkvvq_-_183_986_-_66_921_-_119_941_-_16_923
train,ea06irta_-_323_866
train,eabzo1ay_-_288_1222
train,eacfwclq_-_339_678_-_151_658_-_132_672_-_108_656_-_365_701_-_357_686
train,eacpfuvc_-_469_905
train,eaeqlwez_-_306_718
train,eaewlq5a_-_472_714
train,eaj4hyoh_-_335_623
train,eano6t0c_-_341_797
train,eanz4o1p_-_477_845
train,eaqucwtm_-_156_652
train,ear8vodz_-_116_681
train,eas82aku_-_162_815
train,eat4oyuq_-_630_628_-_358_611
train,eaw6ltk7_-_285_784
train,eawk1kzo_-_288_803_-_227_788
train,eayvin07_-_331_655_-_119_668
train,eaz73sdu_-_109_662_-_102_657_-_94_659
train,eb6trmz5_-_350_700
train,eb95uvc4_-_164_862
train,eb9y1avd_-_409_908_-_392_758
train,ebbrqki9_-_94_925_-_138_876
train,ebflgx7f_-_317_767_-_331_828
train,ebg1b0k3_-_212_779
train,ebgpr4ds_-_80_614_-_125_657_-_102_641
train,ebh66lck_-_323_772
train,ebhm9tb9_-_382_830
train,ebl74kuu_-_511_608
train,eblpjkl5_-_243_697_-_618_689
train,ebn048hm_-_392_885
train,ebnsi6tc_-_481_732
train,ebol9jvo_-_385_665_-_392_641
train,ebp2abp4_-_500_1020
train,ebqx2bup_-_350_693
train,ebu91ovi_-_533_744_-_232_755
train,ebzcttx4_-_124_643
train,ebzdocd0_-_527_1093
train,ec083hiw_-_248_785
train,ec3z25i0_-_430_625_-_458_612
train,ec7etdma_-_487_688
train,ec7v3csy_-_517_994
train,ec8dyhcm_-_251_640
train,ecez30tn_-_558_645
train,ecfpbp87_-_607_749
train,eclhbwy1_-_433_652
train,eco1klwc_-_462_1014
train,ecol41xc_-_218_586_-_213_642
train,ectfka8f_-_533_873_-_442_754
train,ed0f8gaq_-_586_810_-_514_912_-_649_727
train,ed2l6iq7_-_319_1033_-_401_1114_-_342_1156
train,ed58owsi_-_290_751
train,ed73y58y_-_468_1090
train,ed8aec4i_-_587_856
train,ed9zw4ws_-_264_925
train,eda04ouo_-_361_766
train,eda7j1mr_-_439_720
train,edadysa7_-_366_589_-_355_625
train,edbatma8_-_447_673
train,edfu15yr_-_215_681
train,edinut4p_-_561_701
train,edk4njsk_-_184_964
train,edltz1eu_-_401_755
train,edqhazon_-_587_660
train,edrbzoxx_-_613_758
train,edtm1rfc_-_235_681
train,eduzsk1h_-_427_589_-_215_581
train,edw09jx3_-_411_786
train,edw7givy_-_165_707_-_396_685
train,ee3l9xp9_-_579_657_-_458_656
train,ee4dmsk0_-_127_760
train,ee8zxmzg_-_602_727
train,eeacp6e8_-_199_632
train,eeb5pg9b_-_194_585
train,eebmi19g_-_149_741
train,eebw71tc_-_318_624
train,eeh0nnp8_-_377_827
train,eej1qedv_-_492_644
train,eelezzkt_-_167_609_-_28_588_-_606_603
train,eelkevbe_-_369_809
train,eeo1tnq5_-_76_804
train,eeq0fkqb_-_298_705
train,eetpha7f_-_142_1244
train,eevspok1_-_408_771
train,ef2n087v_-_269_712_-_318_721
train,ef4eb9wp_-_147_659
train,ef569vwc_-_151_877
train,ef6b878g_-_79_721_-_303_709
train,ef8u2v3g_-_375_896
train,ef9mn7kk_-_165_1017
train,efadw6ak_-_474_1051
train,efeus53l_-_69_696_-_447_689
train,effbi5ml_-_291_659_-_295_606
train,effzp920_-_261_729
train,efgxugw4_-_374_828
train,efgxyng8_-_164_832
train,efha4cs7_-_408_807
train,efiex1ph_-_506_741
train,efk15ywb_-_152_676
train,efkez6d1_-_375_936
train,efkm6c7w_-_311_925
train,eflidzsq_-_244_568
train,efqowqlm_-_366_579
train,efxuvrc2_-_387_738
train,efzc6w2h_-_527_614
train,eg0f0g87_-_285_799
train,eg0fvrl9_-_400_670
train,eg1mo4h1_-_84_882
train,eg7fa6rc_-_466_851
train,ega851g1_-_290_759
train,egapx8fr_-_360_759_-_154_942
train,egf3c2iq_-_615_639
train,eggm9g94_-_425_745
train,eghruz9u_-_579_677_-_231_648
train,egkl0hp3_-_496_1105
train,egnhp49a_-_164_752
train,egsnhbl4_-_178_627
train,egvh72wc_-_307_779_-_379_738_-_406_739
train,egvwihv5_-_264_677
train,eh2kc0l4_-_158_644
train,eh3dz56z_-_512_1034_-_595_1048
train,eh6rx6ou_-_289_789_-_78_726
train,eh8gp5ba_-_248_698
train,ehb8d89v_-_247_1013
train,ehg8is0r_-_489_713
train,ehhort9c_-_283_788
train,ehhqtrpw_-_272_710
train,ehmdn5n4_-_120_668
train,ehmp2jlo_-_320_668
train,ehmr9gxv_-_227_762_-_186_741_-_169_754
train,ehnrctfi_-_175_640
train,ehp52qk2_-_133_718
train,ehpj0f8t_-_316_719
train,ehpypkza_-_408_911
train,ehw4aj9m_-_212_955
train,ei6nmxut_-_285_695
train,eibsp4oq_-_262_1110_-_402_1028
train,eie27xc4_-_288_681
train,eigocsw2_-_377_960
train,eihey7eq_-_126_1094
train,eijo1ek9_-_329_574
train,eilguzpf_-_385_817
train,eimhl0j3_-_208_876
train,eiqfs3gx_-_124_895
train,eir6bgx7_-_384_802
train,eisgjlh8_-_232_772_-_320_712
train,eisn5exb_-_502_670
train,eixla3mc_-_476_1004
train,eiylyjf2_-_414_594
train,ej7q6h0c_-_195_813_-_665_770_-_667_766_-_241_785_-_223_786
train,ejcsem82_-_113_609
train,ejhdqydr_-_159_746
train,ejj6yl58_-_312_761
train,ejmm2qrb_-_367_689
train,ejn9lq8r_-_189_729_-_507_697
train,ejnhfrfi_-_567_776
train,ejpa7ezo_-_415_611_-_423_642
train,ejs3hf91_-_396_663
train,ejtnppkn_-_287_746
train,ejubmlm8_-_435_766
train,ejuivk1i_-_366_732
train,ejv1zx2r_-_191_832
train,ejw10e91_-_335_795_-_335_787
train,ejx57bh8_-_340_833
train,ejxrhmr2_-_346_597
train,ejyxu8m5_-_234_729
train,ek01nkku_-_233_763
train,ek0wsfhi_-_594_861
train,ek3p3a3a_-_446_564
train,ek3yghdf_-_106_723_-_355_651
train,ek7jkobw_-_445_850_-_450_776
train,ekd44l3q_-_440_806
train,ekgln041_-_444_610
train,ekiieraq_-_467_655_-_473_657_-_453_650
train,ekkit8d2_-_281_826
train,eklzf38f_-_553_862
train,ekm5myv6_-_383_700
train,ekmb43vd_-_558_848
train,ekmcec10_-_64_690
train,ekoau2wk_-_599_823
train,eku5dcn9_-_400_720
train,ekzgp58d_-_461_581
train,el3oezsx_-_592_772
train,el41ojah_-_544_703
train,el4uf9jf_-_219_633
train,el5d8wkg_-_225_678_-_203_616
train,el5xaief_-_232_809
train,el6xtovr_-_582_750
train,el7qt2dn_-_152_771
train,el8eenfd_-_392_768
train,elhq9hin_-_608_750
train,elkc63b6_-_379_574_-_369_559_-_490_553_-_504_571
train,ell36a8g_-_107_900
train,elntaai0_-_72_781
train,elr3o35i_-_314_697
train,eluijmns_-_327_643_-_477_637
train,ely3mrzm_-_308_739
train,elyinyr9_-_604_736
train,em19l4gg_-_100_770_-_129_789
train,em3oi7ru_-_73_714_-_70_653
train,em42oshw_-_184_1036_-_154_1043
train,em46ixt0_-_302_651
train,em6yfoor_-_484_919
train,em7ycfl9_-_351_569
train,emay822k_-_407_726
train,emedi0yg_-_159_808
train,emf9175y_-_448_666
train,emg4twcc_-_195_635
train,emhp8c0d_-_196_777
train,emhq1eek_-_189_719
train,emt1w7si_-_208_805
train,emtlyhbo_-_610_702
train,emwaqdal_-_453_845
train,emy25xfh_-_428_836_-_435_806_-_367_796_-_442_840
train,emz4jk3l_-_146_870
train,en4b3aqf_-_344_726
train,en6djuaa_-_345_616_-_48_614
train,en8ag5n9_-_400_754
train,enaq7uc2_-_399_847
train,ene2zbos_-_286_579
train,eni1o5rz_-_363_812
train,enlob6t8_-_494_838_-_506_827
train,enmk9t7m_-_333_576
train,enpnawgs_-_491_721
train,enrcvvsf_-_433_766
train,eo1tofqp_-_387_736
train,eo9nvbcd_-_77_737
train,eodp16pe_-_428_1251_-_295_1339
train,eojp57wc_-_51_583
train,eomtczbe_-_303_833
train,eoqissc9_-_173_846
train,eor3sikl_-_149_931
train,eorpjtuz_-_415_670
train,eorx5fe6_-_465_675
train,eow4qapk_-_169_816
train,eowhlhll_-_529_603
train,eozrfal5_-_315_810_-_287_805_-_347_829_-_301_838
train,eozzyczf_-_107_772
train,ep1w36ti_-_516_777
train,ep2j3ail_-_535_720
train,ep2rxdbs_-_376_789
train,ep4bwwch_-_116_575
train,ep797fcz_-_205_614
train,ep9cdwxb_-_533_717_-_551_676
train,epa8rdcz_-_496_1030_-_551_1061
train,epckq1na_-_254_638
train,epdhguvd_-_593_664
train,epfr6vk7_-_361_777
train,ephks8kq_-_160_709_-_180_684
train,epkd80go_-_382_652
train,epn398ls_-_552_604_-_202_617
train,epotokop_-_371_576_-_590_550
train,eptfuthr_-_180_739
train,epxeaaa4_-_396_743
train,epypaxfq_-_340_727
train,eq3e3e5b_-_184_684_-_320_635
train,eq3zshoh_-_112_690
train,eq8mpyjn_-_496_709
train,eqbx3hok_-_490_789
train,eqcmw8a0_-_333_913
train,eqe890bc_-_208_1186
train,eqfbscur_-_570_792
train,eqhbs6lu_-_319_710_-_12_725
train,eqhsaw63_-_452_797
train,eqj870n0_-_95_734
train,eqk3v0r6_-_103_680
train,eql03yi8_-_599_804
train,eqnh5fg6_-_208_898
train,eqs2zic4_-_558_739
train,eqs5cuj5_-_592_727
train,eqtuqqfl_-_375_989
train,eqyo5rht_-_301_674
train,er405jke_-_259_844
train,er61s3ok_-_534_632
train,er82680v_-_373_892
train,er8qtszp_-_185_749
train,erg9t43x_-_403_693
train,erglihl9_-_302_594_-_312_552
train,erhjbb81_-_574_714_-_158_699
train,erhwzdz5_-_279_880
train,erl667up_-_236_571
train,erlenw5d_-_608_752
train,erlx6luk_-_352_837
train,ernbwunf_-_540_824_-_523_816
train,erpyrqrs_-_520_905
train,eru5l5n8_-_308_727
train,es8uke16_-_119_777
train,esbdvwvk_-_148_697
train,esclffag_-_403_776_-_415_788
train,escro7m6_-_148_690
train,esfad6u3_-_158_820
train,esfskguk_-_474_957
train,esgflxnj_-_355_907
train,esi9lbv6_-_193_766
train,espfn5qt_-_141_730
train,ess4h2xc_-_464_755
train,esstwsz8_-_377_709
train,estl25iy_-_203_616_-_225_678
train,esu9ita1_-_326_927
train,esvvjz0f_-_430_815
train,eszmab6g_-_81_849
train,et0nbdc4_-_211_712
train,et65ivdm_-_198_757_-_213_759
train,et65wflt_-_270_707
train,etaigoki_-_262_701
train,etcaju4s_-_540_994
train,etda57w7_-_302_600
train,etdijvqk_-_292_684_-_430_754
train,eteaapbm_-_282_892
train,etehyhp5_-_289_786
train,etfxxscn_-_90_755_-_105_766_-_58_757
train,ethyegiu_-_375_740
train,etl7woi8_-_502_556
train,etojy3px_-_399_740
train,etrroytz_-_181_682
train,etw2j44n_-_285_762
train,eu3zal3l_-_71_744
train,eu6cqj1z_-_331_793
train,eu6e978n_-_381_805
train,eu9igwsi_-_348_741
train,eua1qxlm_-_243_1040
train,eudfd0ge_-_565_709
train,eue05039_-_600_794
train,eujb07l5_-_266_1259_-_259_1236
train,eum9qvkv_-_61_713
train,eux5k02n_-_611_718
train,euxbnc2b_-_312_1207_-_337_1188_-_330_1234_-_372_1211
train,euztas0y_-_364_716
train,ev4jlb5e_-_379_668
train,ev74mrq7_-_325_718_-_608_704_-_614_705
train,ev818k1h_-_324_683
train,ev98491m_-_131_1074
train,evafl7ta_-_533_1055
train,evcts5ph_-_310_663
train,evgs4wpo_-_513_611
train,evgtta49_-_544_798
train,evjfl2su_-_454_884
train,evkr77cb_-_131_808
train,evmnn2zt_-_376_700
train,evn8vsdi_-_553_702
train,evntgltl_-_62_646_-_56_697
train,evnvgtrs_-_199_926
train,evojir3l_-_535_731
train,evplxvvd_-_602_727
train,ew1l0uy9_-_546_859
train,ew350fgu_-_238_709_-_268_721_-_259_744
train,ew5q6nr6_-_403_650
train,ew7clre6_-_402_786
train,ew8driy7_-_267_780
train,ewaualr0_-_106_716
train,ewc32wrf_-_550_702
train,ewdramgp_-_427_762
train,ewe2rfdy_-_49_606
train,ewigt1mc_-_444_591
train,ewihzc80_-_218_771
train,ewlvwayw_-_236_735
train,ewn5y47d_-_334_659
train,ewnucoy6_-_299_747_-_534_729
train,ewpltb4y_-_289_658
train,ewsg5fpj_-_249_614
train,ewvighdw_-_377_728
train,ex4ym4pv_-_174_734
train,ex5ole0z_-_172_855
train,exayz14a_-_391_748_-_419_722_-_124_806
train,exc8yi55_-_545_740
train,exeausau_-_447_573_-_408_644
train,exkjracz_-_421_798
train,exkkbqma_-_449_730
train,exld0dlm_-_369_559_-_490_553_-_379_574_-_504_571
train,exnvh2y1_-_457_1062
train,exo0oqi5_-_569_825
train,exoc22pn_-_607_588_-_569_531
train,exqbif96_-_513_846
train,exv2s8fa_-_564_866_-_577_817_-_305_678
train,exy6oxht_-_100_555
train,exzqyulq_-_373_942_-_357_952
train,ey111r2v_-_437_759
train,ey2rtmn7_-_531_738
train,ey42o3ev_-_241_725
train,ey4tcgy8_-_403_652_-_13_620
train,eyd0t9le_-_376_777
train,eyhbmwsn_-_331_759
train,eyjeugoj_-_97_664_-_47_653
train,eykjo0ub_-_297_719
train,eyofxiws_-_218_758
train,eyq4i9nr_-_240_1110_-_248_1082
train,eyu04db7_-_291_760_-_327_754
train,eywhylj3_-_382_697
train,eyx8ejao_-_447_584
train,eyxc3zvc_-_426_845
train,eyzup586_-_102_694
train,ez2niq25_-_363_542
train,ez8yqs16_-_509_831
train,ezbkxkcj_-_209_604
train,ezfp3xkf_-_421_851
train,ezgz559k_-_540_1225
train,ezizx1iv_-_295_709
train,ezspji54_-_300_584_-_74_609
train,ezv37vp0_-_566_679_-_170_715
train,ezw2m69m_-_251_1166
train,ezwzb57i_-_592_741
train,f011lu5p_-_416_740_-_309_969
train,f018b9lp_-_437_623
train,f02mwt3w_-_85_686
train,f02uxnso_-_547_636
train,f06jsum3_-_560_761
train,f078qfpe_-_391_746
train,f07bknv3_-_79_768
train,f096stsx_-_374_801
train,f0c1e26l_-_506_862
train,f0cpm06g_-_74_699
train,f0fxc9pw_-_468_941
train,f0m4p116_-_497_646
train,f0pg9ird_-_536_697
train,f0pir3ii_-_461_604_-_564_596
train,f0t1rgld_-_339_771
train,f0uowwoi_-_210_736_-_45_740
train,f0zh2abg_-_329_1030
train,f11fayaf_-_132_730
train,f12sln4p_-_271_617
train,f15f29r5_-_302_642
train,f16xh6gu_-_110_911
train,f17la70d_-_61_684
train,f18opp42_-_374_913
train,f1ba3jc3_-_572_787
train,f1frz3ao_-_195_753
train,f1gb2psv_-_565_829
train,f1h5dbd3_-_319_619_-_142_611_-_326_660
train,f1l6nm2k_-_415_758
train,f1ly0x21_-_214_702_-_199_709
train,f1mrv0yq_-_590_690
train,f1our6iw_-_124_827
train,f1riz521_-_351_727_-_386_719
train,f1shfoca_-_222_736_-_269_724_-_249_744
train,f1th6mqm_-_604_665
train,f1v330wu_-_249_600
train,f1w2qwp8_-_477_480_-_656_535
train,f1x28p3i_-_310_791
train,f1xnxd78_-_228_926
train,f1xy2elo_-_428_1085
train,f231ech6_-_264_600
train,f23dqdm8_-_460_1019
train,f28sglc0_-_130_911_-_134_896
train,f2dayqvg_-_382_813
train,f2dczvb4_-_334_744
train,f2dppnx8_-_255_723
train,f2eyn7di_-_306_719
train,f2ipf5kb_-_441_782_-_441_782
train,f2qhc6nt_-_506_680
train,f2tzl38d_-_270_875
train,f2wx05wo_-_499_628
train,f2y8n8fn_-_283_795
train,f2z26sqp_-_417_676
train,f35ilj7r_-_583_684
train,f36licjn_-_496_850
train,f39xagco_-_388_840
train,f3am8uz3_-_224_718_-_238_720
train,f3dc8k85_-_241_650
train,f3ffgbix_-_169_803
train,f3ftdwrf_-_215_660
train,f3ixk8hp_-_293_676_-_536_701_-_518_703
train,f3l5uvhe_-_583_795
train,f3mvj2ib_-_71_695
train,f3nphyl7_-_593_771
train,f3pqd5ql_-_379_719_-_388_683_-_351_687
train,f3w9xopg_-_559_828
train,f3wxgoe7_-_156_899
train,f3zk55jg_-_303_651
train,f40fvzti_-_373_806
train,f41pa3h0_-_375_924
train,f41uc8vd_-_515_696
train,f43lmio9_-_257_674
train,f478qfdc_-_404_715
train,f4bwhax8_-_397_744
train,f4c4eaj3_-_620_692
train,f4e8tyzi_-_56_599
train,f4fkwmkq_-_106_806
train,f4iowi1e_-_602_685
train,f4jimv9m_-_487_1070
train,f4n56jk7_-_585_894_-_127_666
train,f4pkcibt_-_327_599
train,f4skxx2d_-_322_762
train,f4sopraw_-_485_661
train,f4uiyp8u_-_520_797_-_572_817
train,f4vnt1qf_-_63_720
train,f4wuplx0_-_405_1139_-_410_1169
train,f524iuhh_-_440_721
train,f52bkqm6_-_387_731
train,f52p9pg8_-_112_910
train,f53wkumq_-_240_644
train,f55vw4du_-_102_676
train,f56zt7du_-_301_597
train,f58g6r60_-_208_630
train,f59q0tfn_-_204_971
train,f59resx5_-_255_823_-_666_823_-_215_849_-_624_824
train,f5a420k2_-_221_760_-_677_652
train,f5au7vdy_-_215_1004
train,f5c0883b_-_96_646
train,f5elzs5w_-_383_790
train,f5fkmiyg_-_325_695
train,f5flogzn_-_459_693
train,f5iqysej_-_385_628
train,f5nly0so_-_108_721
train,f5o0xipg_-_95_535_-_442_570
train,f5uml20q_-_256_737
train,f5xj114k_-_495_725
train,f5z7tlvh_-_564_646
train,f60gbgmj_-_518_686
train,f62v018y_-_457_567
train,f64em9bk_-_111_945
train,f64ofgwk_-_221_690
train,f6a5j7q7_-_257_692_-_312_729
train,f6awslcg_-_308_633
train,f6l4549w_-_459_935
train,f6lzs9i2_-_430_780
train,f6r7swt2_-_138_781
train,f6ro3hxg_-_75_636
train,f6vl83zu_-_236_986
train,f6zh7tin_-_342_751_-_358_744
train,f7174zde_-_395_649
train,f72ll671_-_191_763
train,f737s1fv_-_376_800
train,f75qizdx_-_368_729_-_325_766
train,f7838e7e_-_425_604
train,f79vbxok_-_267_820_-_260_799
train,f7bvo5pk_-_397_805_-_681_707
train,f7dvbh48_-_107_752_-_122_750
train,f7g88vlm_-_276_700
train,f7lz3lp9_-_487_782_-_478_776
train,f7nj5p90_-_196_692
train,f7oymux9_-_158_633_-_513_625_-_163_636
train,f7q2empk_-_510_762
train,f7tg4nh7_-_145_697
train,f7ttw7sd_-_154_713
train,f7x9vp78_-_91_706
train,f7yc2whc_-_333_720
train,f80lwqi1_-_310_989
train,f81jtgc9_-_158_672
train,f835d69g_-_543_884
train,f83w53it_-_430_1059
train,f85hp8hb_-_181_808_-_186_861_-_483_601
train,f8a4m4jt_-_422_767
train,f8bph73t_-_479_750
train,f8btz0rx_-_187_621_-_190_618
train,f8dpdgrw_-_160_920
train,f8e908a0_-_409_635_-_610_561
train,f8fpprwa_-_162_628_-_635_680
train,f8guedx9_-_163_608
train,f8jpiba3_-_260_732_-_229_731
train,f8mlja9w_-_217_706
train,f8qxrk2u_-_315_869
train,f8t7wtyu_-_320_688
train,f8vo57ol_-_248_779_-_596_1157
train,f8xtc6qg_-_352_851
train,f8zxbtdt_-_207_1028
train,f92paujj_-_322_628
train,f960wviv_-_624_563
train,f9gqvhxz_-_133_697
train,f9i23360_-_383_760
train,f9p6nmdu_-_240_722
train,f9rm7rn3_-_313_842
train,f9v7o6ae_-_319_581
train,f9vohvht_-_529_654
train,f9vqxq4h_-_216_984
train,f9wvlyo7_-_165_569
train,fa0p31w2_-_542_562
train,fa1borrp_-_353_705
train,fa3k8x5n_-_249_890
train,fa4kty1k_-_120_766
train,fa55klr6_-_511_860_-_553_880_-_536_862
train,fa572x2h_-_412_690
train,fa8kdpmj_-_544_961_-_575_1024
train,faah7ecb_-_60_616
train,fab2fjsk_-_220_689_-_147_720
train,fabe1r5a_-_416_730
train,fad4cz96_-_394_893
train,faf4wtim_-_517_1133
train,faqpanx6_-_297_691_-_295_689_-_314_693
train,fartmua5_-_88_699
train,fas7j2vj_-_334_722
train,faxtlyef_-_111_578
train,fb4hjl7k_-_505_870_-_36_911_-_501_823_-_103_831
train,fb6lif7b_-_520_799
train,fb721m2r_-_234_898_-_220_858
train,fba073rv_-_418_1048
train,fbbiwqm4_-_134_701
train,fbh3qmqr_-_364_622_-_165_621
train,fbp8ba9f_-_341_753
train,fbpoarie_-_304_792
train,fbqofq00_-_225_719
train,fbro02km_-_67_699
train,fbx1zlz7_-_311_697_-_324_694
train,fbzt7qzb_-_252_649
train,fc0lcxwl_-_588_754
train,fc0thsnz_-_276_1051_-_269_1078_-_222_1077_-_209_1038_-_225_1026
train,fc0wln3j_-_159_771
train,fc3t00s0_-_363_731
train,fc65ia9h_-_534_669_-_558_661
train,fc71ghom_-_350_670
train,fca0dma1_-_455_812
train,fcb43r55_-_68_689
train,fcb92zl8_-_574_667
train,fcbf7wll_-_262_786
train,fcbnp2uf_-_445_985_-_667_723
train,fcfcu94u_-_308_721
train,fcgujg4h_-_71_655
train,fcinyypk_-_231_716
train,fcipwrww_-_137_656
train,fcjjckwk_-_602_719
train,fcjkuw48_-_75_714
train,fcmqcxlt_-_276_718
train,fcphj93u_-_398_701
train,fcu7c0mp_-_463_734
train,fcwe876m_-_470_989
train,fcwuae2p_-_93_757
train,fcxig4zn_-_379_1612_-_399_1463
train,fcxk7msu_-_264_1089
train,fcz9ih0r_-_378_1355
train,fd4i8tsf_-_501_924
train,fd4pvol7_-_289_754
train,fd70492n_-_574_718
train,fd76m1xu_-_393_794
train,fd8mfkvj_-_278_759
train,fd9p6cth_-_439_751
train,fdcu9i0s_-_309_634
train,fdeba2rh_-_288_900
train,fdh7uuu3_-_564_787
train,fdjgkicb_-_511_741
train,fdjjjnjg_-_515_639
train,fdkkwp2u_-_315_749
train,fdmrqtou_-_441_782_-_441_782
train,fdvav05n_-_461_1002_-_511_1014
train,fdx748m5_-_518_875
train,fe0t80ru_-_371_1141_-_444_783
train,fe1651kq_-_421_863
train,fe5jqhqc_-_176_660
train,fe7zbk9f_-_96_699
train,fe8oluz7_-_312_826
train,fe8qoi83_-_307_1017_-_230_831
train,febr56cz_-_204_610
train,fee71qar_-_611_583_-_107_953
train,feejfugt_-_586_706
train,feifc88i_-_425_912_-_435_917_-_405_880
train,fen0dtyg_-_533_833
train,feptibbr_-_338_707
train,fetruwwe_-_498_1053
train,fevivqu4_-_125_771
train,fevqmetd_-_344_671
train,fexfzwck_-_310_578
train,fey2b521_-_336_636
train,feye9dwu_-_168_706
train,ff4kxkmp_-_577_956
train,ff91r0t4_-_401_916
train,ff9gflkh_-_230_584
train,ffckt1qu_-_559_635
train,ffct4nuj_-_321_658
train,ffd2ywxn_-_240_731
train,ffdmhs6h_-_180_884
train,ffejcm8q_-_144_749
train,ffewrnjk_-_494_673_-_484_671
train,fffsnsuv_-_388_853
train,ffjegypc_-_384_756
train,ffknn2hh_-_153_873
train,ffkxql8i_-_332_1078_-_435_872
train,ffnt4utj_-_437_1032
train,ffr3s9ml_-_446_543
train,fg0ui4v4_-_255_720
train,fg2xe42y_-_408_714
train,fg87kfkd_-_225_783
train,fga80g7n_-_74_727
train,fgcoqext_-_478_726
train,fgeq1yt3_-_442_676
train,fgetya4r_-_230_770
train,fgi8n5a5_-_440_657_-_176_657_-_470_678_-_201_640
train,fgjcscnx_-_610_743_-_592_737_-_576_709_-_621_723
train,fgr0olxg_-_611_737
train,fgshmln3_-_117_879
train,fh1a48hm_-_105_632
train,fh1vlrb3_-_138_811
train,fh4hmv3z_-_182_742
train,fh5q1gib_-_265_711
train,fh7vb5i3_-_97_928
train,fhat2ax6_-_341_670_-_357_682
train,fhd73esk_-_218_815
train,fhepu740_-_191_932
train,fhjd6hit_-_418_728_-_24_764
train,fho4wtz3_-_474_780_-_489_763
train,fhovjsxp_-_297_803
train,fhplehno_-_335_796
train,fhr39ne0_-_381_669_-_318_686_-_350_634
train,fhrnkw72_-_213_732
train,fhrpsjgz_-_438_623_-_128_581
train,fhtdxdb2_-_192_630
train,fhw4oxb4_-_453_633
train,fhzru4lg_-_186_540
train,fi2746wy_-_134_681
train,fi4znrl4_-_127_1155
train,fi5tvyru_-_246_803
train,fi5vorez_-_455_809_-_447_803
train,fi6qozdd_-_119_528
train,fi8h52cv_-_210_717
train,fi8w8h7l_-_335_802_-_11_1015
train,ficuyyjf_-_162_786_-_226_761_-_180_797_-_103_814
train,fidc3ybi_-_434_674
train,fie1vwz6_-_174_669
train,fieuc3rc_-_211_737
train,figk11e1_-_294_938
train,fih2qsd1_-_532_901_-_505_903
train,fik5xoj7_-_82_634
train,filr9ix0_-_454_706_-_481_693_-_503_717
train,fim24dxo_-_267_593
train,fipmuaia_-_522_669
train,fiqfe8tz_-_561_624
train,fiqj4elr_-_531_677
train,firdgw4g_-_479_691
train,firu45u6_-_477_770_-_496_805
train,fiva2iam_-_171_963
train,fiyy52kw_-_561_792
train,fj2qr7tm_-_283_835
train,fj2tpo93_-_483_601_-_186_861_-_181_808
train,fj70f4n9_-_221_612
train,fjapl7ll_-_317_747_-_339_740_-_668_712_-_651_699
train,fjfxgq26_-_274_752
train,fjh2uod3_-_607_688
train,fjjbh5m9_-_103_831_-_36_911_-_501_823_-_505_870
train,fjmatmne_-_595_646
train,fjnui9uv_-_532_705
train,fjs9jypr_-_422_698
train,fjthg1t1_-_369_840_-_319_940
train,fjto3tno_-_246_721_-_300_659
train,fjv0tncw_-_224_824
train,fjwuxl55_-_372_672
train,fjzcozqy_-_112_764
train,fjzjmkw5_-_413_764
train,fk3ccwpf_-_213_831_-_225_848
train,fk7yb4r1_-_413_1008
train,fk9ppmtx_-_151_1307
train,fkr937ks_-_180_1031
train,fkvxjpo2_-_496_742
train,fkwawcgt_-_399_670_-_424_667_-_420_669
train,fkwzpu28_-_407_706
train,fkx9gztr_-_618_616
train,fl1nnu4o_-_399_920
train,fl2k6c3h_-_471_1277_-_550_1224
train,fl4rhub2_-_384_687_-_463_676
train,fl5nnvdl_-_325_774
train,flap7fva_-_283_564
train,fldch2sj_-_547_816
train,flduhbbk_-_459_707
train,flfpn3od_-_513_752_-_60_751_-_502_753
train,flgfutqu_-_297_940
train,fljta56h_-_400_820
train,fljw878u_-_387_841
train,flmp7m0w_-_539_957_-_491_913
train,floprzga_-_189_701
train,flpd5qt7_-_144_717
train,flpg7xh8_-_277_895
train,flqiu6nz_-_107_675
train,flr09qsb_-_341_644
train,flu0w4qe_-_382_1237_-_440_1190
train,flxr55hv_-_161_735_-_343_702
train,flxw06ln_-_562_783
train,flxycnw9_-_376_950
train,flyxfis4_-_216_826
train,fm1iltbt_-_269_611
train,fm3b7dwo_-_136_610
train,fm667p7s_-_417_802
train,fm6hk230_-_300_813_-_271_804
train,fm70iexx_-_481_566
train,fm7cjykl_-_489_1063_-_487_1234
train,fmciorns_-_248_1064
train,fmcs2mdh_-_522_720
train,fmdx2inc_-_381_641
train,fme0bgc4_-_339_720_-_192_636
train,fmh9rac1_-_128_819
train,fmk5nvwf_-_110_659_-_283_668
train,fmoxpc58_-_291_606
train,fmtt81q3_-_269_888
train,fmyb64x2_-_373_775_-_137_714_-_118_717
train,fmyznnmj_-_398_1197
train,fn0y1f0b_-_177_932_-_106_885_-_211_867
train,fn1k8oca_-_201_669
train,fn3fhny2_-_380_699
train,fn3vxyn9_-_209_625
train,fn44ug14_-_205_684_-_14_695
train,fn521t1e_-_564_541
train,fn8qo6ob_-_88_702
train,fn8xfgy6_-_330_731_-_666_766_-_661_672
train,fna7etog_-_353_790
train,fnaebzft_-_72_616
train,fnalyqog_-_193_584
train,fnbcm7gh_-_470_832
train,fndusbtt_-_134_1224
train,fne63reb_-_146_767
train,fnhiq35h_-_344_518_-_649_471
train,fnj54cam_-_532_1056
train,fnjlq1e3_-_420_954
train,fnpfpbe6_-_67_689
train,fnwcscmq_-_413_814
train,fnwuluhb_-_152_807
train,fo0ickku_-_101_759
train,fo7cb9il_-_314_789
train,fobte8ct_-_216_736_-_538_781
train,fodofndr_-_478_859_-_378_968
train,foefdiyo_-_504_804_-_476_816_-_468_785
train,foei7mqa_-_259_643
train,fogxue62_-_264_706
train,foh9nubd_-_568_779_-_552_822
train,fopjar3w_-_80_780
train,fopy1qc5_-_136_718
train,fot6k2ar_-_606_775
train,fotl7kdg_-_531_930_-_548_918_-_507_900_-_524_946
train,foukzdl1_-_151_923_-_222_897_-_622_993_-_657_1005_-_143_934_-_649_973
train,foumf580_-_276_740
train,fov5gasc_-_174_1073
train,foyno903_-_488_1279
train,foyv5t2f_-_401_765_-_420_748
train,fozeosns_-_412_840
train,fp2dux5r_-_428_756
train,fp4wbe66_-_165_922
train,fp56w5l7_-_330_833_-_294_792
train,fp8zlin8_-_496_668
train,fp99nrjy_-_327_742
train,fpa4dkqt_-_106_873
train,fpaerws0_-_339_702_-_342_696
train,fpaxbn9s_-_70_669
train,fpdij5du_-_187_636
train,fpf0qd8y_-_277_639_-_276_622
train,fpfsu3k8_-_578_622
train,fpin2oht_-_482_792
train,fpjp047y_-_70_596
train,fpmk1t2x_-_468_794
train,fpppfeqg_-_378_593
train,fpx7jeac_-_332_939
train,fpxafznz_-_605_716_-_598_723_-_568_723
train,fpzyky9w_-_356_635
train,fq0zvkfx_-_491_750
train,fq1e0qj6_-_66_719
train,fq1ktc5z_-_493_748
train,fq4694hp_-_234_759_-_209_808
train,fq7j75fd_-_247_714
train,fq8hlkno_-_481_731
train,fq9wo7x9_-_612_581
train,fqf0fwrh_-_512_734
train,fqf8d6ad_-_107_699
train,fqqz0jd1_-_475_604
train,fqshodgp_-_500_746
train,fqtu005d_-_144_1094
train,fqu3e1pl_-_588_734_-_107_788
train,fqvc9r9t_-_322_724
train,fr21aa2s_-_469_1050
train,fr2yeyi3_-_589_770
train,fr4u926w_-_554_588_-_211_721
train,fr5ikhtz_-_308_650
train,framrp1n_-_438_621
train,fre9jntk_-_152_974
train,frl1basc_-_193_790
train,frmd6udy_-_211_769
train,frtp7c9w_-_83_566
train,frx35ghb_-_514_745
train,frzlkxja_-_125_755
train,fs058g2o_-_605_577
train,fs4d9n32_-_589_795
train,fs4kgwdo_-_400_708
train,fs7pbl3v_-_273_716_-_290_861
train,fs89rsua_-_266_831
train,fse315m9_-_495_793
train,fseh4kxw_-_347_920_-_150_821
train,fsf4lhhg_-_320_708_-_292_729
train,fsjshbnq_-_554_840
train,fsnjl4pc_-_270_686
train,fsnquzsi_-_399_606
train,fsppknay_-_321_687
train,fsrfnmdg_-_520_638
train,fsyk4hvr_-_377_940
train,fszhrwe9_-_117_779_-_148_873
train,fszwqkdz_-_564_672
train,ft109sq6_-_283_918
train,ft4yt9fj_-_178_759
train,ft549hy8_-_265_765
train,ft5hwz5z_-_191_833
train,ftawcyri_-_69_638_-_502_555
train,ftbx56j5_-_467_888
train,ftgyue8r_-_293_763_-_19_783
train,fti5sh97_-_214_727
train,ftiekarx_-_426_698
train,ftks6onx_-_107_600
train,ftljom9p_-_214_1000_-_219_974
train,ftmi9sd0_-_161_838_-_28_798
train,ftmz87mu_-_388_804
train,ftpp78eh_-_380_598
train,ftr5q0yt_-_370_760
train,ftrllyy3_-_533_590
train,ftsozznl_-_457_790
train,ftviivfz_-_243_702
train,fu1s6ebr_-_530_729
train,fu51vusl_-_176_760_-_176_771
train,fu5ohxr1_-_113_733_-_673_703
train,fudimzkd_-_604_776
train,fudkmikm_-_512_729
train,fui5nh1g_-_324_708
train,fuihfogw_-_159_600
train,funxc8lj_-_313_679
train,fus8sbr5_-_373_714
train,futjci8d_-_409_650
train,fuuplfq8_-_206_952_-_634_831
train,fuwfou0s_-_587_758_-_607_739
train,fuxxe3xw_-_552_812
train,fuy2ne0g_-_244_703
train,fv185k5n_-_616_683
train,fv4xna08_-_438_656
train,fv5ctihy_-_157_556
train,fv6pdtit_-_357_722
train,fv9f1f5s_-_306_837
train,fvhlbt2p_-_386_635_-_213_656
train,fvj82n4h_-_311_914
train,fvlbbtoe_-_447_782
train,fvlrdixk_-_568_620
train,fvm8tw7u_-_389_888_-_246_753
train,fvvg7oks_-_169_697
train,fvx48k0i_-_538_849
train,fw4hci7h_-_359_498_-_336_525
train,fw7ggqq3_-_251_1054_-_466_1059
train,fwb8oqv0_-_337_925
train,fwd491ma_-_348_755_-_435_653
train,fwgbzpvy_-_297_786_-_275_762_-_289_766
train,fwgfvkv1_-_165_1224
train,fwidna5x_-_276_754
train,fwj1jks9_-_174_729
train,fwmvr3n6_-_516_593
train,fwob3pl5_-_558_657
train,fwpbgua0_-_491_859_-_515_856
train,fwr3w7ly_-_95_777
train,fwrm1v63_-_452_656_-_441_636
train,fwxvmth2_-_565_770_-_653_799
train,fwydosgv_-_247_926_-_278_939
train,fx090uca_-_411_572
train,fx1njtj8_-_579_618
train,fx52ofus_-_61_645
train,fxdz2ise_-_210_695
train,fxea4uiw_-_212_1134
train,fxeyo9cq_-_202_917
train,fxgd8962_-_328_842
train,fxhnzjdq_-_152_677
train,fxhrfu9k_-_315_655
train,fxs3029j_-_112_816
train,fxv1m88j_-_333_742
train,fxx2clwo_-_130_951
train,fxycopkb_-_108_723
train,fyc5u23y_-_223_651
train,fyh34jhu_-_369_732
train,fyizxrdv_-_458_491
train,fyjv799t_-_188_815
train,fykb0tzz_-_96_626
train,fykohvvo_-_174_720
train,fynaa7eu_-_458_730
train,fyu0ex0r_-_478_776_-_608_952
train,fyu7mc2s_-_567_796
train,fyv8u4e4_-_443_956
train,fz1g02hc_-_546_724_-_543_734_-_150_706_-_167_677
train,fz4odpwj_-_266_845
train,fza7zl9z_-_212_657
train,fzagj1p3_-_515_585
train,fzb787g8_-_263_947
train,fzc8ooku_-_256_770
train,fzdhf5ri_-_562_616
train,fzk1aiqx_-_287_723_-_247_739
train,fzkxwjq0_-_188_712
train,fzw7fx65_-_460_948
train,fzxw4eo6_-_122_750_-_107_752
train,g02cx259_-_482_682_-_131_639
train,g0527sge_-_474_1007
train,g0586thd_-_91_725
train,g07cogh5_-_230_816
train,g08umsyx_-_416_720
train,g0kiyhcl_-_277_873
train,g0lp7y0c_-_326_896
train,g0m31s5k_-_402_797
train,g0qv3052_-_295_1339_-_428_1251
train,g0qxxhmi_-_314_805
train,g0rz9vz9_-_368_782_-_616_982_-_625_1002_-_544_750_-_374_764_-_649_897_-_448_730
train,g0x0ubwy_-_294_1005
train,g0zamz5t_-_624_665
train,g104rluo_-_543_678
train,g10ccar6_-_158_759
train,g10t9dpe_-_483_906
train,g11exfbw_-_232_589
train,g16aympg_-_511_655
train,g17ntm9c_-_214_804
train,g1870yla_-_120_683
train,g1b3ppbp_-_293_1147
train,g1czkzaq_-_216_639
train,g1di08o2_-_444_757
train,g1fmp2uv_-_507_734
train,g1li2nsa_-_295_744
train,g1moq5cm_-_450_1034_-_451_1084
train,g1n981d8_-_418_977
train,g1popgfx_-_301_666
train,g1qgniuo_-_428_758_-_410_715
train,g1sqpdur_-_563_646
train,g1u1738v_-_504_685
train,g1u6g3g9_-_299_649
train,g1yxiua4_-_334_805
train,g1z07fcj_-_448_769
train,g1z5x5di_-_136_695_-_544_652
train,g20nlf44_-_423_918_-_377_914
train,g24lmpt0_-_252_708
train,g284r8jl_-_523_626
train,g28x3mw7_-_116_880
train,g2eqlg9l_-_613_588_-_320_584
train,g2f9xlep_-_223_805_-_63_799
train,g2g7j173_-_568_891
train,g2jloyx5_-_610_728
train,g2man25w_-_306_860
train,g2oore48_-_109_780
train,g2rmz7uy_-_525_824_-_182_777
train,g2vi7x3a_-_520_875
train,g30tphe3_-_192_666
train,g31oni0q_-_452_611
train,g33q39vd_-_184_630_-_451_685
train,g35uffcq_-_429_743
train,g3cjwjod_-_355_676_-_306_664_-_376_665
train,g3fxxaep_-_576_709_-_592_737_-_621_723_-_610_743
train,g3htu67i_-_123_718_-_101_714_-_98_709
train,g3j3cr6a_-_407_634
train,g3jew2s0_-_409_776
train,g3kr6si0_-_414_726_-_457_847
train,g3l7jd18_-_151_693
train,g3mxdh58_-_129_665
train,g3om5a94_-_532_874
train,g3puekbb_-_230_817_-_568_833
train,g3qsyims_-_332_733
train,g3r8vuyw_-_162_792
train,g3s4n071_-_529_795
train,g3tr98x0_-_428_678
train,g3vinoa1_-_215_764
train,g3war2x2_-_360_564_-_237_576
train,g3zgzaci_-_86_750
train,g41k47ws_-_184_712
train,g49ysdpb_-_364_720
train,g4dam8gx_-_506_637
train,g4dsq05b_-_497_765
train,g4dylk0d_-_114_718_-_126_717
train,g4ezkmbh_-_275_687
train,g4f1wk7b_-_114_616
train,g4ihm30k_-_469_585
train,g4mkhdkd_-_516_692_-_416_664_-_287_674_-_481_689_-_310_687
train,g4nbgh76_-_201_649
train,g4o4goab_-_344_683_-_115_690
train,g51kmalm_-_313_706
train,g52c2wy2_-_608_533
train,g52uf4fd_-_145_845
train,g53tn72u_-_375_709
train,g58nhmfi_-_235_857_-_242_674
train,g5a03sfx_-_586_840
train,g5cw533p_-_97_631_-_101_668
train,g5d9sbpq_-_364_1073_-_358_1056
train,g5e9oqqo_-_282_997
train,g5ffuukn_-_220_796
train,g5flwuyq_-_614_670_-_427_664
train,g5g4i1rz_-_602_670
train,g5g8dqly_-_129_727_-_113_730
train,g5mbki6z_-_158_774
train,g5o3zjfw_-_292_747
train,g5pag9bs_-_132_906_-_173_820
train,g5qs9pq0_-_203_663
train,g5t751i0_-_200_748
train,g5ugh5mf_-_91_716
train,g5vnj93a_-_416_758
train,g5xisht4_-_443_720_-_431_725
train,g5zkprp3_-_194_805
train,g62holwe_-_367_820_-_593_831_-_347_826
train,g6713r8j_-_528_691
train,g6iszu4b_-_313_652
train,g6nivx43_-_326_596
train,g6q4d3rs_-_356_663
train,g6sw6frm_-_422_717
train,g6tko55o_-_126_702_-_661_723
train,g6uju1te_-_336_786
train,g6uqnse1_-_380_691
train,g76pxxff_-_220_1059
train,g795xr3k_-_180_852
train,g7acple5_-_554_860
train,g7bx0gdg_-_601_703_-_515_576
train,g7dlkvkr_-_421_674_-_259_686_-_223_676
train,g7e4e4r1_-_251_844
train,g7h6zrmd_-_583_876_-_472_751
train,g7hljmjt_-_511_1022
train,g7qbfndu_-_150_709
train,g7ubf9cm_-_210_809
train,g7va2vy5_-_264_707
train,g7vc1rw5_-_224_654
train,g7zwibfq_-_425_877_-_442_844
train,g816e7dx_-_554_797
train,g841s7w6_-_592_768
train,g84apbyn_-_491_743
train,g84v5o8g_-_462_937
train,g85dr9js_-_328_607
train,g88fyrme_-_155_778
train,g89ho6og_-_285_818
train,g89jq5g8_-_507_707_-_529_602
train,g8c9zzn2_-_567_699
train,g8f1cnv3_-_222_897_-_622_993_-_657_1005_-_143_934_-_151_923_-_649_973
train,g8i7d1cj_-_571_709
train,g8kt9p35_-_610_625
train,g8n397oj_-_347_899
train,g8puphn7_-_173_777
train,g8q4yxe9_-_294_685
train,g8yonrqa_-_420_870
train,g91e2gcz_-_117_774
train,g91y27a0_-_444_971
train,g9432chy_-_213_661_-_567_716_-_605_731_-_257_654_-_596_699_-_240_662
train,g9et5mwt_-_282_736_-_297_719
train,g9fw1d8a_-_424_868
train,g9gl33xm_-_204_713
train,g9hb5zbp_-_142_788
train,g9ikodj5_-_324_798_-_364_814
train,g9k256yk_-_410_750_-_389_685
train,g9kyurar_-_167_916
train,g9l2zt5f_-_242_754
train,g9lga7zr_-_525_689
train,g9mnwnzh_-_352_654_-_298_595
train,g9mpu995_-_609_575
train,g9npd7zq_-_323_719
train,g9to6bmz_-_403_821
train,ga1or4cr_-_437_543_-_286_520
train,gaczo4du_-_421_740
train,gadybqes_-_593_732
train,gaf02h57_-_230_918_-_148_877
train,gafvpo92_-_401_633
train,gagzj4i2_-_358_616
train,gaiob9o1_-_600_749
train,gake03qn_-_485_779_-_518_774_-_56_898_-_94_897_-_121_895_-_500_766
train,ganr955z_-_538_543
train,gara20ux_-_279_757
train,gax1clyi_-_336_756
train,gb2xmfj9_-_387_790
train,gb58o9fj_-_453_812
train,gba5de5n_-_598_753
train,gbaue19e_-_216_538_-_251_546_-_182_586_-_269_586
train,gbc8kjab_-_569_792
train,gbde69ts_-_319_640
train,gbek9x5i_-_317_847
train,gbfgkbgg_-_277_660_-_259_668_-_274_664_-_282_716
train,gbg25nyr_-_247_691
train,gbl59vkd_-_263_923
train,gbloraj7_-_452_642_-_422_654
train,gbou1lpk_-_286_722
train,gbroc4cn_-_360_898
train,gbwql5sq_-_328_781
train,gbyj0fjp_-_344_706
train,gc08cvul_-_349_807
train,gc0yscac_-_60_533
train,gc9dfjok_-_309_764
train,gcbzlaef_-_160_770
train,gcc4t3m4_-_341_696
train,gcgc4w6r_-_451_614
train,gcgs9j4w_-_106_631
train,gcjgc6dt_-_218_961
train,gcjns4go_-_164_807
train,gclwvwep_-_194_727
train,gcnj99dk_-_560_708_-_532_684
train,gcqjbfzu_-_476_1040_-_20_670
train,gcwrb93x_-_561_813
train,gd0hqtd8_-_403_588
train,gd1ucs0j_-_290_670
train,gd35difr_-_358_1187
train,gd68s0ta_-_360_672
train,gd94m9n8_-_284_895_-_275_1006
train,gd9w9svj_-_338_1060_-_254_988
train,gdbbqujn_-_271_774
train,gdbc4vuc_-_404_846
train,gdcgh7ok_-_469_721_-_475_756
train,gddcn4u2_-_141_1011
train,gdhngry3_-_297_618
train,gdju67gq_-_282_599_-_329_591
train,gdlprzzf_-_552_871
train,gdms05ol_-_475_815
train,gdow2kmc_-_272_1038
train,gdxthaer_-_569_633
train,gdza9u9w_-_331_793_-_366_799
train,ge013661_-_200_585
train,ge0e85hv_-_593_865
train,ge3mm348_-_109_697
train,ge45o2ft_-_135_720
train,ge4g38fz_-_92_679
train,ge4zj5v1_-_502_731
train,ge8ss88f_-_358_664
train,ge8xmqox_-_115_612_-_107_596
train,geaesupd_-_576_715
train,geaqgxdl_-_565_806_-_499_744
train,gebkk8sa_-_133_773
train,gedjucbo_-_141_869
train,gefjbfll_-_125_823
train,gefs589n_-_406_827
train,gegc9p0k_-_614_715
train,gehy9u99_-_382_663_-_384_651
train,geidb0qd_-_132_787
train,gej41ypw_-_173_905
train,gemkaoss_-_320_673_-_579_661
train,genpxeoo_-_162_707
train,ger3ttc7_-_84_717
train,ger5rszq_-_321_904_-_454_887
train,get2m44b_-_77_794
train,geys9ikh_-_142_785
train,gf0via8z_-_479_882
train,gf1cxmvs_-_242_641
train,gf694nfi_-_203_833
train,gfat9det_-_275_669_-_200_632
train,gfdxjqsm_-_367_584
train,gfe3dv10_-_229_725
train,gfhdlp1e_-_111_775_-_138_774
train,gfoaxzqd_-_489_762
train,gfu5ig5o_-_231_737
train,gfuo1wg5_-_317_683
train,gfx3rapq_-_177_836_-_124_792_-_202_819
train,gfxc2qzq_-_319_658
train,gfycinhr_-_124_877
train,gg3dhcob_-_391_719
train,gg51p37s_-_394_583
train,gg5ew1r5_-_598_753
train,gg5hj5of_-_67_654_-_346_653
train,gg5s6rfj_-_278_625
train,ggapos2q_-_181_772
train,ggc0bvo8_-_366_588
train,ggfr7644_-_525_786_-_487_674
train,gginfn93_-_454_707
train,ggleu8lo_-_384_763
train,ggm1f8xk_-_589_629_-_609_652_-_608_597_-_591_651_-_606_642_-_598_629
train,ggnd3s96_-_389_700
train,ggq4vcyx_-_106_638
train,ggq5xxs8_-_182_611
train,ggsk1dsn_-_618_641
train,ggwiv99e_-_219_779
train,ggwshayr_-_432_860
train,ggxf712o_-_323_832
train,gh0bbty4_-_106_720
train,gh5mzmye_-_213_584_-_553_588
train,gh7llp91_-_118_721
train,ghan9hii_-_527_700
train,ghbg3t4f_-_455_1058
train,ghe1kk3y_-_595_854_-_577_826
train,ghf5q6o7_-_429_744
train,ghfkfnhi_-_147_1027
train,ghhx20pu_-_182_704
train,ghnbutde_-_441_790
train,ghnwbk8t_-_75_639
train,ghu261up_-_388_920
train,ghujgtqd_-_405_702_-_44_651
train,ghzlgbt1_-_270_788_-_593_533
train,gi0uea3n_-_405_902
train,gi9jq64s_-_144_716
train,gibenhv4_-_264_1014
train,gignn4vn_-_574_681
train,gihrd01c_-_591_610
train,gij8gibq_-_318_735
train,gik0jxc8_-_153_482
train,gikco1so_-_316_773_-_320_777
train,ginul82k_-_522_1010_-_592_894_-_565_998
train,gip1h8ty_-_180_730_-_653_841
train,gip9q5w5_-_249_745
train,gippfl6t_-_629_565
train,givid29a_-_130_686_-_185_725
train,gizgvbm6_-_397_988
train,gj1cl7ql_-_255_963_-_246_782
train,gj2rq24y_-_295_606_-_291_659
train,gj4rkhiu_-_202_724
train,gj6ves5r_-_312_747
train,gj6zknor_-_519_712
train,gjcl0bv6_-_358_1015
train,gje3ffg7_-_156_856_-_242_760
train,gjeagi23_-_267_812
train,gjf759zs_-_408_776_-_47_815
train,gjfsdmu4_-_137_984_-_172_987_-_156_959
train,gjj3xk8r_-_434_632
train,gjlihe2q_-_188_822
train,gjqvkee5_-_110_647
train,gjsefrpq_-_148_612_-_156_630
train,gjur9s5e_-_182_744
train,gjxes700_-_457_658
train,gk2ipy4i_-_114_689
train,gk2j7zh6_-_512_622_-_509_636
train,gk2nf8zf_-_356_661_-_349_664
train,gk2vldxt_-_437_641
train,gk4dk55p_-_478_899
train,gk4m6z97_-_531_671
train,gk5cv9m6_-_583_699
train,gk723b04_-_466_1324
train,gk9bq769_-_379_690
train,gkaz51tn_-_588_701_-_586_707
train,gkfmow96_-_301_740
train,gkiwxowj_-_406_1166
train,gkmtlq6q_-_206_758
train,gkn1b9ef_-_535_581
train,gknz8osw_-_515_657
train,gkondqu8_-_156_613
train,gkqrsmxv_-_218_743
train,gkr9wdcj_-_485_714
train,gku475fs_-_338_722_-_365_694_-_346_717_-_359_708_-_330_718_-_348_717
train,gkxbgryh_-_581_930
train,gl1dn7i9_-_527_699
train,gl1hl7o6_-_310_568
train,gl1ru16t_-_204_635
train,gl5hp0qj_-_113_915
train,gl632p05_-_339_705
train,gl6nrxm7_-_376_941_-_294_964
train,gl6smpav_-_513_812
train,glb8x0pz_-_242_682
train,gldc3f15_-_114_610
train,glhcpka6_-_485_781
train,glj3598m_-_161_927
train,gljiqtbe_-_521_873
train,glk45usc_-_557_730
train,glkpjfsr_-_266_707
train,glltdlnx_-_507_676
train,glurj3a3_-_425_767
train,glvfpsvx_-_290_734
train,glxd9m50_-_405_805
train,gm2sw910_-_554_758
train,gm30kwx3_-_155_755_-_150_754
train,gm3hmmvy_-_202_684
train,gmcysyi2_-_369_731
train,gmdk3m2c_-_353_667
train,gmgpf8z1_-_319_812
train,gmitnm2g_-_111_1021
train,gmknh1u1_-_147_539
train,gmlmvv2z_-_327_913
train,gmm8lhb3_-_251_829
train,gmmf8e6t_-_275_900
train,gmmsk86t_-_89_806
train,gmn2me9k_-_82_817_-_142_889
train,gmrhjbpg_-_377_901_-_424_934
train,gmrn1fl7_-_81_851
train,gmt9weuj_-_315_738
train,gmtbd7uv_-_449_685
train,gmw7v904_-_366_824
train,gmyiezyj_-_365_725
train,gn1n88us_-_559_1084
train,gn4qp4br_-_325_679
train,gn71jej7_-_499_622_-_390_620
train,gn9g2fvh_-_99_683
train,gn9vv4hk_-_160_945
train,gnal8qgn_-_599_798_-_314_831
train,gnh39h86_-_449_723
train,gnhqy9l6_-_229_724
train,gni3leyv_-_138_717_-_564_697
train,gnjqmemr_-_382_628
train,gnlhyzue_-_363_754_-_639_779
train,gnlrsqw4_-_481_554_-_399_579
train,gno4krl8_-_133_659
train,gnwgrpz3_-_534_780_-_513_701
train,go4wv7zx_-_285_688
train,go5uzz4w_-_177_990
train,go7arnh6_-_421_650
train,go99b05v_-_573_637
train,go9xngfd_-_212_654
train,gobjdqqn_-_80_515_-_293_617
train,goctk8yf_-_547_750
train,goewtdq1_-_370_689_-_656_535
train,goi4dumr_-_287_828
train,gojl8wuo_-_133_729
train,gonm4rmd_-_146_763
train,gopr5vfv_-_468_750
train,goqjtgha_-_140_670_-_604_715
train,gosu72n2_-_509_632
train,gotz01xx_-_329_807_-_353_820
train,gozdilxx_-_406_698
train,gp30jz1u_-_231_705
train,gp3qf0qn_-_458_808
train,gp68of4u_-_301_892_-_111_835
train,gp6iunvj_-_228_852
train,gp7i0cso_-_155_1117
train,gpace8nl_-_135_848
train,gpdpogy6_-_388_782_-_389_772
train,gpkz0wxj_-_486_775
train,gpnjgrec_-_405_782_-_144_551
train,gps02rro_-_315_750
train,gpucahlz_-_496_873
train,gpxgs8p0_-_560_691
train,gpy4d0x1_-_126_926
train,gq32vayl_-_589_746
train,gq33at4n_-_559_678
train,gq6plg3t_-_377_653
train,gq7kb4he_-_332_751
train,gq9f7b1d_-_236_705_-_244_710
train,gqf0x8h1_-_116_792_-_22_777
train,gqfc7ujm_-_312_570
train,gqg4cvwa_-_541_841
train,gqgqqsn2_-_371_880
train,gqlddjq9_-_166_616
train,gqloans8_-_567_700_-_564_700
train,gqorngiy_-_362_732
train,gqp4cgr6_-_227_660
train,gqprvzm8_-_472_525
train,gqpwsb56_-_508_651_-_353_650
train,gqr96ot9_-_299_729
train,gqryrv12_-_113_779
train,gr0mhd7k_-_93_644
train,gr3yde8i_-_143_672
train,gr7bnlqf_-_314_998
train,grbs8auz_-_557_814
train,grcs1jem_-_144_569
train,grdcw8rk_-_273_728
train,grfanx1v_-_399_682
train,grin57vp_-_86_882
train,grjc2eog_-_583_955
train,grjuznjn_-_291_754
train,grl2ze43_-_475_867
train,grsfni3q_-_585_709
train,grtondfr_-_356_737
train,gruwnu91_-_497_677
train,grx9jcdz_-_108_801
train,grxj0jfl_-_137_929
train,grze1zht_-_242_870
train,gs10b982_-_437_840_-_415_899
train,gs13uszf_-_471_667
train,gs31r1ru_-_609_517
train,gs47b3qd_-_481_750
train,gscf1866_-_130_850
train,gscrmd9r_-_404_714
train,gsfe69il_-_616_663
train,gsgjldtq_-_460_620
train,gsguh8hn_-_286_520_-_437_543
train,gspsgcbu_-_154_600
train,gsqlw5xc_-_370_787
train,gsrntuzu_-_569_634
train,gsrw70wg_-_58_616
train,gssmtquf_-_170_715_-_566_679
train,gsuk52cm_-_164_598_-_579_525
train,gszqndje_-_99_715_-_12_717
train,gt10lmj5_-_457_786
train,gt1apuuv_-_465_713
train,gt1pghr2_-_556_951_-_581_889
train,gt3d497u_-_607_612
train,gt3suekj_-_516_890
train,gt907dnq_-_409_739
train,gtc09o6w_-_190_707
train,gtdkhkgn_-_165_1139
train,gtfsdds9_-_509_867
train,gtgqlkvy_-_443_701
train,gtk9ftl8_-_332_774
train,gtncugru_-_349_836
train,gtob6iys_-_370_602
train,gtprsm4u_-_497_750_-_490_680
train,gtpzmc70_-_196_705
train,gtr7vbms_-_118_798
train,gtrd0qdo_-_250_589
train,gttb5gct_-_192_1312
train,gtul6151_-_149_1098
train,gtwe2vky_-_438_823_-_439_837
train,gtyo2neq_-_482_587
train,gu038ucc_-_251_725_-_576_779
train,gu066v6c_-_373_673_-_464_562_-_259_618
train,gu2rb2nx_-_261_843
train,gu6nayzu_-_191_671_-_268_666_-_211_653_-_235_656
train,gu8wqeci_-_394_897
train,gufsc09x_-_479_761
train,guh66qw0_-_153_783
train,guj2ja1w_-_443_920_-_546_757
train,gukloiy1_-_269_906
train,guo5r6g3_-_293_673
train,guulv5yg_-_111_659
train,guvur6e2_-_169_805
train,guwb23pr_-_65_644
train,guwmd6k5_-_246_675
train,guwpi9ku_-_379_673
train,guy3u3w5_-_377_1039
train,guzweys5_-_326_726
train,guzz7z1h_-_271_675
train,gv0au3ss_-_98_709_-_123_718_-_101_714
train,gv0h2tm9_-_71_582_-_281_574
train,gv18odn7_-_466_620
train,gv2ikc1p_-_406_697_-_311_803
train,gv2kitn0_-_194_644
train,gv7s2jp6_-_355_790
train,gv9xt0qp_-_208_840
train,gvaxh9sh_-_251_750_-_242_931
train,gvgvbxus_-_424_645
train,gvhtfis2_-_580_643
train,gvmetk65_-_588_705_-_287_774
train,gvnvr9ey_-_476_693
train,gvouhq15_-_121_812
train,gvpqklhd_-_570_670
train,gvra5fq0_-_354_659
train,gvs1qe1i_-_125_847
train,gvs3tome_-_367_822
train,gvt5c8t3_-_299_663
train,gvtu0fyv_-_397_740
train,gvw6vw7x_-_424_841
train,gw0qz53u_-_424_752_-_429_747
train,gw6a08da_-_386_716_-_223_832
train,gw7n7mgc_-_561_575
train,gwcc50lz_-_175_660
train,gwe1bu3t_-_416_833
train,gwenvpi4_-_341_729_-_305_754
train,gwf5gsic_-_547_682
train,gwfj0vab_-_546_612
train,gwh6k9m5_-_144_744_-_678_750
train,gwi4x789_-_352_660
train,gwnm4d19_-_563_619
train,gwpiy3vi_-_485_901_-_489_803
train,gwqbid6m_-_200_1009
train,gws5s5ia_-_511_580
train,gwseqqat_-_249_769
train,gwtdlntp_-_463_762
train,gx019cw0_-_117_1020
train,gx0v8bgp_-_93_726
train,gx3a8uz9_-_299_830
train,gx9o9ibv_-_448_714
train,gxa4o7e2_-_90_725
train,gxb4olqk_-_384_693_-_371_668
train,gxc2ps0h_-_527_632
train,gxc2r5rv_-_188_743_-_151_784
train,gxg7hel5_-_217_943
train,gxjblthw_-_604_682
train,gxk6enwk_-_90_790
train,gxl13pbg_-_219_648
train,gxls57qv_-_357_729
train,gxnlhno3_-_180_1100
train,gxpdii1b_-_445_906
train,gxro4ld4_-_541_705
train,gxssvuu4_-_317_705
train,gxsz7qoi_-_583_637
train,gy10jz3m_-_362_746
train,gy4rgy2g_-_546_771_-_563_756
train,gy6c7y6t_-_84_750
train,gybfjcr4_-_314_727
train,gyd5qowu_-_158_1044_-_222_1073
train,gyen6iyr_-_388_1014
train,gyf3j4rs_-_167_660
train,gyf983sg_-_101_927_-_136_913
train,gygxzvdz_-_103_824_-_113_802_-_102_817_-_125_812_-_105_820_-_112_824
train,gyhrky44_-_621_587
train,gyi4ze3m_-_185_719
train,gyie4g1x_-_624_594
train,gyilbjv5_-_316_726_-_344_729_-_489_739_-_506_762_-_502_759_-_481_739
train,gyqahg6h_-_95_725_-_80_692
train,gyqysmms_-_476_738
train,gywa80ke_-_135_753
train,gyx14vjq_-_133_801
train,gyxjothp_-_125_704
train,gyzxkh19_-_302_679_-_577_638
train,gz00f66z_-_582_601
train,gz1ucpzd_-_350_977
train,gz3z6mlg_-_229_701_-_254_708_-_238_696
train,gz5unp5z_-_392_877
train,gz6t9f7f_-_352_713
train,gz7ud0rt_-_460_777
train,gz9tsjaa_-_87_870
train,gz9zq12d_-_573_725
train,gzh1gmgi_-_327_817_-_377_810
train,gzhsbhq6_-_214_995_-_203_1002
train,gzn3abxi_-_112_616
train,gzn62sta_-_309_762
train,gzo18oxz_-_326_859
train,gzp6dfuw_-_113_887
train,gzq3ycpp_-_294_706_-_113_730
train,gzqjf1wi_-_363_640
train,gzx2fb5h_-_351_739_-_111_579
train,gzy827h6_-_450_750
train,h003py7q_-_108_918
train,h01iw2c2_-_555_642
train,h026m42c_-_246_750
train,h057fpbc_-_85_584
train,h0epvlv9_-_195_723_-_235_706_-_535_715
train,h0gnrnii_-_310_665
train,h0i1zxt7_-_503_692_-_541_704
train,h0i5q6es_-_279_907_-_254_904
train,h0yu6jiu_-_175_794
train,h17ovask_-_482_737
train,h1ac1nwn_-_184_759_-_265_715_-_230_736
train,h1c3ugk3_-_288_651_-_578_662
train,h1ekbpgm_-_87_665
train,h1jrhtka_-_544_728
train,h1u9k609_-_213_607
train,h1vd686o_-_481_877
train,h1zd3kb6_-_218_1131
train,h218i5hw_-_413_831
train,h26xhfyi_-_387_733_-_567_761_-_348_721_-_575_730
train,h27a99mc_-_259_650
train,h2bzlgig_-_613_748
train,h2d65zib_-_260_761
train,h2ixtz76_-_122_779
train,h2jk16bu_-_353_989_-_382_898
train,h2qqqksf_-_243_724
train,h2wpamb5_-_327_776
train,h300eues_-_239_941
train,h300pumn_-_362_610
train,h30rd18a_-_260_709
train,h33iqic5_-_632_621
train,h35631mf_-_395_565
train,h37xhumh_-_174_739_-_195_732
train,h3cho0ud_-_177_722_-_376_703
train,h3ct3og3_-_565_523
train,h3eokthk_-_204_629
train,h3h2r8un_-_234_616
train,h3hos2st_-_458_724
train,h3i4muls_-_63_696
train,h3icqv3v_-_333_675
train,h3ilb1jj_-_71_683
train,h3nuwr2i_-_94_646
train,h3p7i9o3_-_281_815
train,h3pxchsn_-_361_784
train,h3sm85ds_-_586_861
train,h3uyn08q_-_606_606
train,h3v47owq_-_80_647
train,h3v60i1h_-_532_680_-_536_687
train,h3wjon3n_-_229_715
train,h3xs4j3f_-_286_758_-_319_712_-_310_773
train,h3yncbb1_-_547_959
train,h3ze2dm7_-_136_816
train,h40ekmq1_-_463_790
train,h46t2874_-_449_634_-_328_637
train,h470e4vb_-_204_726_-_62_677
train,h485nkjx_-_516_867
train,h4bl125x_-_199_1109_-_160_1150
train,h4czsp1j_-_456_817
train,h4e6tjcd_-_257_782
train,h4ekl1d7_-_564_762
train,h4gih02i_-_343_897
train,h4n1ax7p_-_186_670
train,h4n1mqlq_-_554_800
train,h4or35h6_-_146_911
train,h4pnwd51_-_570_782
train,h4rut1zh_-_495_1042
train,h4w3lsly_-_221_725_-_320_727
train,h503vlat_-_364_700
train,h51jklxw_-_387_888
train,h55y3bsx_-_148_885
train,h5633qbo_-_184_740
train,h56muxiu_-_588_636
train,h57ptkrf_-_145_1298
train,h59kndyi_-_303_758
train,h5amiy58_-_417_1027
train,h5bug8vw_-_325_721
train,h5cm33co_-_526_769
train,h5dqalkk_-_208_638
train,h5f0diqz_-_350_742
train,h5fx36e5_-_603_740_-_264_831
train,h5hx31pp_-_541_744
train,h5jy99l9_-_411_881
train,h5k7j5uf_-_547_658
train,h5kthe4v_-_393_573
train,h5ky59qm_-_541_715
train,h5mw985a_-_263_1140
train,h5o6wziq_-_407_744_-_474_758
train,h5p31ad5_-_487_706
train,h5uhu2x2_-_208_667_-_240_664_-_219_681_-_195_622
train,h5vwsamq_-_243_747
train,h5x3ar5c_-_500_698
train,h619rt7t_-_393_1254
train,h65acyi2_-_496_730
train,h69azxl2_-_460_647
train,h6c17k9y_-_158_1243
train,h6i3wd3e_-_54_553
train,h6ibi3f9_-_507_828
train,h6krdzhw_-_575_746
train,h6s6tn9j_-_369_732_-_158_816
train,h6yyj61j_-_543_1251
train,h70ltqhi_-_90_627
train,h70y7osj_-_399_852_-_418_854
train,h745i78g_-_499_864
train,h79koz53_-_489_751_-_483_741
train,h7a8k2po_-_89_762
train,h7bdx8py_-_187_672
train,h7er5c4r_-_513_902
train,h7hecypq_-_364_808_-_489_692_-_485_684
train,h7mh2gtc_-_567_823_-_582_854
train,h7u48kwo_-_337_802
train,h7up35j9_-_548_823_-_106_923
train,h7xja36g_-_285_1131
train,h81lofou_-_320_644_-_91_631_-_341_604
train,h86ytcvb_-_362_759
train,h8bxfxlr_-_124_699
train,h8dh88lz_-_387_691_-_584_671
train,h8eloq9l_-_358_694
train,h8epgq6j_-_540_1072
train,h8evgt9e_-_430_867
train,h8j0vsvq_-_125_912
train,h8jt2rbp_-_454_751_-_458_743
train,h8kca66q_-_320_738_-_312_742
train,h8soo2wm_-_88_720
train,h90iuln7_-_357_672
train,h91z6bxb_-_98_935
train,h9831t9n_-_370_799_-_486_694
train,h9elgr0k_-_55_661
train,h9is07l9_-_403_909
train,h9jn7lmt_-_598_811
train,h9n2q0gj_-_138_767
train,h9oywrnv_-_193_1028
train,h9r5hv81_-_202_999
train,h9t1e2z7_-_254_559
train,h9u86s2s_-_355_1183_-_329_1092
train,h9wg2x9u_-_508_638
train,h9y7u3n5_-_239_723
train,ha10xe90_-_378_974
train,ha2oeaa4_-_268_943_-_267_900_-_280_906
train,ha51bq8d_-_167_681
train,ha91z44b_-_284_595
train,hahno1lr_-_286_748
train,hak76uez_-_479_664
train,haveehsp_-_163_722
train,hawssh5f_-_99_629_-_403_617
train,hax03e1s_-_132_1094
train,haxyobf2_-_69_743
train,hazkqfcq_-_148_958_-_92_1075
train,hb001ktd_-_495_832
train,hb0ha4k8_-_103_801_-_87_840
train,hb1zcv7j_-_392_832
train,hb2cwphx_-_267_796
train,hb3bdocb_-_532_620
train,hb5i5qs4_-_105_863
train,hbatcuhd_-_558_754
train,hbbca189_-_344_1029
train,hbfgalan_-_362_818
train,hbjyaj20_-_370_959_-_180_1011
train,hbkbfyy6_-_608_748_-_623_749
train,hbo5y5yg_-_276_814
train,hbu8vsro_-_579_629
train,hbumittu_-_86_642_-_53_639
train,hbz3x6e9_-_614_712_-_31_673
train,hc3huhxi_-_390_713
train,hc3y3skt_-_351_739
train,hc92vnko_-_164_637
train,hcabd6o1_-_154_890
train,hcb73orh_-_201_788_-_194_769
train,hcbsecc1_-_112_765
train,hcekh5ed_-_538_1245
train,hcgh2e5b_-_187_672_-_167_627
train,hckx9qen_-_288_654
train,hcot5asr_-_187_655_-_160_640
train,hcpiqse0_-_562_978_-_561_962_-_561_962
train,hcxeavyv_-_213_656_-_386_635
train,hcxmiz3i_-_561_613
train,hd5jxwgh_-_539_667
train,hd9f8o8m_-_517_668
train,hd9qtq8e_-_216_691
train,hdcwa3yd_-_291_726
train,hdgqe1ep_-_292_546
train,hdk59cxn_-_210_830
train,hdmy9t1b_-_171_653_-_194_623
train,hdrmhc7i_-_298_655
train,hdu7zkj8_-_372_698
train,hdxcjlhy_-_106_923_-_548_823
train,hdxjmd7k_-_261_751
train,he56i31y_-_167_658_-_556_823
train,heaq2dcz_-_284_799
train,hebea15l_-_250_821
train,hec7nnzn_-_203_626
train,hee3pb2e_-_510_679_-_289_669
train,hehxf6ol_-_420_819
train,hek7x761_-_159_1289
train,heniwsjb_-_480_798
train,henkq1co_-_244_970
train,heuws0v8_-_214_1012
train,hf2fndq5_-_308_586
train,hf2whev7_-_257_852
train,hf4y1yfm_-_394_662_-_610_800
train,hf7zhxgf_-_87_684_-_398_660
train,hfa8p3h7_-_588_707
train,hfcbv4c2_-_447_838
train,hff8it7q_-_155_668
train,hfk3v72e_-_491_767
train,hfkkhf0t_-_154_714
train,hfmyqqd5_-_562_699
train,hfr0lj84_-_243_832
train,hfreyttj_-_337_708
train,hfvf723t_-_398_975
train,hfwipc0e_-_395_750
train,hg38yicc_-_257_597
train,hg44nxrt_-_464_681
train,hg7b325c_-_315_746_-_356_778
train,hgaevxxi_-_586_708_-_560_716
train,hggzbzbo_-_402_895
train,hgigqqk4_-_439_862_-_420_863
train,hgiuut5i_-_404_816
train,hgpluj0y_-_569_792
train,hgqb5ca0_-_284_783_-_270_795_-_276_785
train,hgt89tac_-_238_695
train,hgu3qoi4_-_484_683
train,hgvck4yi_-_513_709
train,hh43g9ke_-_185_817
train,hh45gy4d_-_338_863
train,hh8m07eb_-_555_678
train,hh8wf4gi_-_548_717
train,hha8rslc_-_349_1104
train,hhba0mrz_-_100_912
train,hhf1yj8g_-_519_639
train,hhl7240m_-_450_800
train,hhrcfokr_-_129_779
train,hhrhr2no_-_414_887
train,hhsdq8uj_-_486_749_-_486_746_-_25_834
train,hhu2nsgm_-_200_717
train,hi05zx6o_-_358_730_-_543_756
train,hi3zfo38_-_70_772
train,hi6sbkv9_-_603_742
train,hiclafqd_-_199_774
train,hieuwplz_-_222_869
train,hifgx5yb_-_538_699
train,hifjpdya_-_596_699_-_567_716_-_605_731_-_257_654_-_213_661_-_240_662
train,hig1qwgh_-_68_737
train,higvgmmb_-_305_687
train,hih79er9_-_144_714
train,hihzqrsj_-_341_727
train,hir8b9db_-_507_941
train,hj07ypjq_-_194_1125
train,hj1hvvk5_-_107_674
train,hj4czal4_-_470_854
train,hj5z0ivs_-_195_681_-_203_675
train,hj60bd4b_-_358_728
train,hjar7q3j_-_370_665
train,hjcj65x6_-_225_952
train,hjdajdeq_-_316_716
train,hjfbcrif_-_465_861
train,hjfjeauc_-_159_1217
train,hjfzu8c1_-_514_783
train,hjgirvwm_-_611_703
train,hjhnro9h_-_200_682_-_240_708
train,hjkz22rs_-_403_791
train,hjnch35h_-_576_758
train,hjov5spn_-_450_1160
train,hjrffh7a_-_181_712_-_622_713
train,hjxvy9jv_-_361_817
train,hjy8w9gb_-_329_741
train,hjydg9rn_-_586_777
train,hk1q6jfm_-_157_669_-_146_654
train,hk3099pp_-_253_739
train,hk6opq0s_-_518_639
train,hkgajen3_-_622_617
train,hkh7udf5_-_146_802_-_137_728
train,hkhwa89d_-_423_746
train,hklw0xls_-_468_772
train,hkmx1d1i_-_349_622_-_593_528
train,hkouhffg_-_40_529
train,hkowmpbv_-_228_796
train,hkpcsqp3_-_290_765
train,hkykdk1a_-_240_779
train,hl092ibs_-_79_726
train,hl68my54_-_228_953_-_326_979_-_432_770
train,hl6rmzcb_-_504_949
train,hl9waoac_-_317_866
train,hla8w9se_-_483_763
train,hlabj24z_-_576_779_-_251_725
train,hlb0fddl_-_308_890
train,hlbl4ow2_-_558_847
train,hlfd96n8_-_536_604_-_357_599
train,hlfl7ks9_-_259_793
train,hlgq4sue_-_347_580
train,hlhhxi1a_-_465_838
train,hlj9x1dk_-_187_659_-_199_618
train,hlkdxisr_-_272_719
train,hlldyq0u_-_601_733_-_646_710
train,hlm89f3a_-_419_769
train,hlne3bnv_-_112_712
train,hlnlm2u7_-_557_661
train,hlvog8xj_-_470_760_-_468_771
train,hlw6ji2q_-_574_808
train,hlwrak5k_-_466_657
train,hlxavdhs_-_104_906
train,hlxujqd6_-_477_886
train,hlykaz0r_-_327_643
train,hlzt7lsm_-_598_523
train,hm3iasl1_-_185_915_-_250_769
train,hm3rz3w6_-_394_895
train,hm54hvu2_-_331_798
train,hm5npirk_-_122_917
train,hmflfyld_-_169_645
train,hmgusrmt_-_208_561
train,hml1lwrw_-_217_634
train,hmq01dag_-_380_762
train,hmtspd5m_-_356_896
train,hmwfaa2t_-_450_726_-_369_707_-_496_718
train,hmy3xp5j_-_498_574
train,hn8txim3_-_382_696
train,hn8v4a2u_-_358_661
train,hn9y9ces_-_265_698
train,hnak7ty8_-_80_806
train,hnc7vru6_-_525_595
train,hnftwhgl_-_154_871
train,hngrse2y_-_579_810_-_554_794
train,hnh38l0h_-_420_863_-_439_862
train,hni8us4d_-_242_686
train,hnivdyt9_-_449_631
train,hnoeebo3_-_557_729
train,hntl3s8j_-_245_890
train,hnuro99d_-_85_649
train,ho04t5s7_-_291_738
train,ho3opxd7_-_136_599
train,ho6zjnyi_-_486_845_-_373_898_-_475_844
train,ho7n0x0r_-_589_580_-_626_627
train,ho93d9o8_-_237_725
train,hodc9inw_-_355_602
train,hoecf9n9_-_607_746
train,hoenufyy_-_539_740
train,hohip5db_-_78_712
train,hol827ks_-_287_817
train,hoq6i555_-_67_571_-_339_625
train,hotks2o8_-_258_582
train,houpzvza_-_209_859
train,hoxkz0x6_-_93_831
train,hoyqk7i7_-_301_941
train,hp089gal_-_270_827_-_213_805
train,hp4d8j3o_-_502_756
train,hp5tier2_-_612_754_-_601_765
train,hpc572zt_-_547_696
train,hpd3j1wt_-_247_726
train,hpdyz1ng_-_564_942
train,hpe84n4t_-_233_704_-_0_707
train,hpi61nvr_-_425_596
train,hptabbds_-_278_580
train,hpwc0xwj_-_321_618
train,hpz7cu81_-_537_540
train,hq4igkgp_-_63_649
train,hq4ug1jg_-_451_906
train,hq6bp19d_-_323_585
train,hq7rhmzt_-_283_686
train,hq89ywzx_-_623_606
train,hqawef7p_-_458_749
train,hqcq149n_-_199_1067
train,hqdumle0_-_479_784
train,hqephesp_-_594_633
train,hqhgiaaz_-_162_1082
train,hqlgasdv_-_77_708_-_68_714
train,hqnw0ucw_-_371_698_-_640_703
train,hqq6kxwm_-_607_607
train,hqrbce6b_-_83_705
train,hqs3jqos_-_312_847
train,hquy4r4y_-_498_833
train,hqve5z9v_-_324_530
train,hqxl08u5_-_594_786
train,hr0ljirq_-_351_739_-_378_767
train,hr0tcsnm_-_357_815
train,hr9alhgg_-_625_650
train,hrelfmgu_-_394_722
train,hrf9d95y_-_478_1208
train,hrhzzvcb_-_301_1048_-_304_1032
train,hrlkki81_-_521_1047
train,hro6q99s_-_559_1148_-_121_1335_-_173_1317
train,hrvao4vo_-_579_987
train,hrwsurd5_-_304_658_-_317_663
train,hrxrj357_-_354_851
train,hs07s44q_-_202_752
train,hs0thc14_-_351_740
train,hs1lompt_-_73_746_-_60_756
train,hs1wncgy_-_297_1118
train,hs2ljshh_-_446_776
train,hs7b2uy9_-_455_822
train,hs9otyms_-_372_1211_-_337_1188_-_330_1234_-_312_1207
train,hsa3o1cm_-_146_726
train,hsatd7m1_-_187_668
train,hse1ab3d_-_187_710
train,hsef8wri_-_571_741_-_306_769
train,hsl33g51_-_470_631
train,hsp600ze_-_408_838
train,hsr0drs9_-_434_555
train,ht24giq5_-_614_683
train,ht4b9ddi_-_446_816
train,ht5e82oq_-_86_818
train,ht5uu1ao_-_118_616_-_263_617
train,hta95kq0_-_155_667
train,htb56fkf_-_399_750_-_388_761
train,htcqojtu_-_521_833
train,htijsnic_-_179_781_-_186_783
train,htnhchma_-_457_659
train,htobn79h_-_564_885
train,htx7q76u_-_191_806
train,htyf2pi6_-_495_743
train,htzx4rzg_-_508_819_-_473_834
train,hu1wvlog_-_330_658
train,hu31i3lk_-_89_578
train,hu37893s_-_261_785
train,hu5v7r3k_-_329_980
train,hu6sljor_-_144_589
train,huc5wkl2_-_102_580_-_556_628
train,hughqjis_-_261_700
train,huhzuao9_-_150_647
train,hujgsdok_-_404_735
train,hukvekhn_-_494_725
train,hunzpnzu_-_601_671
train,huq410zv_-_167_724
train,huu60jqx_-_234_682_-_492_719_-_221_695
train,huw3qvhs_-_233_749
train,huxeffxr_-_284_801_-_263_805
train,huy6mn3n_-_444_988
train,hv3l06mp_-_317_920
train,hv4k5yxf_-_178_791
train,hv869vms_-_313_685
train,hva3jmrs_-_374_842
train,hvczsscn_-_599_715
train,hvdtwsce_-_244_602_-_255_596
train,hvelwawu_-_184_670
train,hvgwylz8_-_269_970_-_285_952_-_311_940_-_220_1005
train,hvijuygm_-_507_638
train,hvmwf61g_-_530_712
train,hvnfz73a_-_62_623
train,hvrjkbzv_-_571_666
train,hvsj1arf_-_138_861
train,hvtd5ejg_-_85_783
train,hvvvekvn_-_552_691_-_509_725
train,hvvzybn0_-_261_750_-_229_789
train,hw0xx4h3_-_396_805
train,hw2cwi12_-_434_774
train,hw4o1g7x_-_518_1203_-_464_1047
train,hw8b2bdu_-_113_692
train,hw8utwhl_-_299_945
train,hwenrb92_-_559_1031
train,hwgpdqgu_-_357_972
train,hwjx5g1v_-_306_637
train,hwks48ek_-_541_722
train,hwl536en_-_121_876_-_619_721
train,hwmgoe63_-_324_734
train,hwomzphl_-_352_754
train,hwosq8x6_-_432_894
train,hwpepsci_-_468_733_-_466_740
train,hws5njq5_-_251_887
train,hwtnnw1y_-_363_1138_-_393_1097
train,hwx2fk6m_-_331_960
train,hwz3impn_-_569_952
train,hx2vsg9u_-_521_647
train,hx5conzr_-_180_730
train,hx5v82sd_-_308_1043_-_363_712
train,hx8uc7tl_-_406_1039_-_339_1061
train,hxdrijhy_-_312_580_-_87_574
train,hxq4p9qf_-_339_715
train,hxqq4s76_-_185_1066_-_144_1103
train,hxrijsx0_-_549_765
train,hxtgxnvu_-_475_529
train,hxxn4jsj_-_84_870
train,hxy019k9_-_313_757
train,hxygqpmy_-_584_653
train,hxzfujt3_-_546_794
train,hy59bucu_-_79_673
train,hy9deu3j_-_75_700
train,hyb54qui_-_298_765
train,hycyq8z2_-_368_780
train,hyfjf5bf_-_254_912
train,hyjnke1u_-_297_747
train,hyjnzond_-_258_809
train,hyovm8kv_-_389_731
train,hyp3h19h_-_414_903
train,hyqktjwf_-_383_925
train,hyt5rmza_-_216_800
train,hyujpm11_-_610_688
train,hyw0x542_-_121_917
train,hyxf4wge_-_387_965
train,hz4gvnyk_-_89_773
train,hz8go2vf_-_595_798_-_17_756_-_600_802_-_52_750_-_575_821_-_618_801_-_20_757_-_575_777_-_8_755
train,hz9x3vrf_-_488_954
train,hzfv51vv_-_489_939
train,hzihtb47_-_371_663
train,hzlffbem_-_592_680
train,hzm9tno0_-_374_660
train,hzmqsxi6_-_406_807
train,hzq8207l_-_222_816
train,hzrvinrr_-_257_690
train,hztvr7hw_-_64_530
train,hzu594b2_-_346_913_-_337_938_-_343_932_-_328_909_-_313_898_-_320_899
train,hzufj12s_-_429_747_-_424_752
train,hzyxdve1_-_292_904
train,hzz3i5n1_-_361_806_-_380_817
train,i01mowq4_-_147_652_-_159_642
train,i02l5nxj_-_196_952
train,i063dtkz_-_73_737_-_116_689
train,i09or8gb_-_529_662
train,i0csaami_-_104_813
train,i0ei5bdk_-_606_754
train,i0oom8tk_-_255_751
train,i0p2b0w1_-_503_779
train,i0rabgih_-_316_1167_-_306_1158
train,i0rts73w_-_588_702
train,i0rurm5w_-_192_855
train,i0x4obd7_-_596_655_-_134_612
train,i0xlidw0_-_206_722
train,i108qzwx_-_580_906
train,i15h20z3_-_243_923
train,i1axvfp3_-_203_852_-_180_860
train,i1btuiar_-_150_1088
train,i1f5wn57_-_305_678_-_564_866_-_577_817
train,i1hps1n9_-_543_767
train,i1hvuo1a_-_356_761
train,i1qw9y10_-_299_833
train,i1ru9dz7_-_317_571_-_493_611
train,i1v55w2j_-_348_740
train,i1xyci2l_-_470_613_-_185_641
train,i22bt7fi_-_485_943
train,i24oqbml_-_456_584
train,i2fs0rtq_-_578_840
train,i2igez5p_-_88_871
train,i2kzb422_-_272_815
train,i2uutoig_-_296_774
train,i2xzahfh_-_364_726_-_354_701_-_549_757_-_522_698
train,i2yx2241_-_628_584_-_458_595
train,i31bxddc_-_380_683
train,i31n98ez_-_388_1171
train,i3520v9d_-_529_815
train,i37nkizj_-_268_718
train,i3druse7_-_543_640
train,i3m1rlzu_-_453_694
train,i3ptysc9_-_183_869_-_21_766
train,i3pym02y_-_215_884
train,i3q2pk56_-_340_979
train,i3qjr9uo_-_598_712
train,i3rv7uxt_-_292_718
train,i3s12zfz_-_415_1196
train,i3w7nheo_-_520_807_-_173_1147_-_540_791_-_555_795_-_157_1133
train,i3w9ry14_-_560_802
train,i3yl76xf_-_589_711
train,i44lqped_-_226_588
train,i45ai4kc_-_171_653_-_427_643
train,i475weka_-_96_688_-_367_689
train,i499x1m4_-_460_763_-_117_853
train,i4de6eoh_-_344_638
train,i4e13xms_-_500_717
train,i4f8q919_-_447_615
train,i4no3flk_-_316_1460
train,i4qdjn2g_-_359_848
train,i4s634vz_-_327_610
train,i4unpydm_-_176_713
train,i4uuc2ee_-_611_632_-_629_632
train,i4wfovdl_-_516_730
train,i55nhkrn_-_101_876
train,i561wlh6_-_425_719
train,i577aowt_-_246_803
train,i59bhr3o_-_448_587
train,i5a3725k_-_121_723
train,i5bvl4b0_-_551_795
train,i5dlfok1_-_446_777
train,i5dvdssd_-_162_723
train,i5dxua01_-_407_545_-_386_563
train,i5fqy6tf_-_557_672
train,i5mcuq0n_-_152_601
train,i5n8iehy_-_381_753
train,i5ncj4n6_-_301_829
train,i5nzqoth_-_363_705
train,i5rz02e3_-_320_770
train,i5v9mlk1_-_277_749_-_324_803
train,i60vg379_-_58_583
train,i62471sa_-_430_717
train,i63efxsd_-_553_558
train,i67mp4xc_-_377_608
train,i692or7f_-_473_604
train,i6d6xci4_-_413_727
train,i6l17ubr_-_177_704_-_526_692
train,i6m8jtqm_-_62_681
train,i71140r8_-_368_879_-_580_986
train,i724vyxy_-_170_716
train,i72ah5cf_-_503_1047
train,i73zvmnb_-_211_916
train,i76xmdip_-_100_810
train,i76zg0nx_-_83_820
train,i7atlfjx_-_247_813
train,i7azadln_-_241_762
train,i7cjpnbt_-_317_931
train,i7d93t1q_-_451_808_-_424_801_-_468_805_-_442_807
train,i7emqyw5_-_106_740
train,i7jtps50_-_555_684
train,i7lvh0vv_-_491_727_-_461_757_-_398_727_-_435_723_-_395_717
train,i7mmxdhd_-_137_719
train,i7p9ahhz_-_80_584
train,i7pk32xx_-_180_804_-_182_787
train,i7ueznn0_-_270_1244
train,i7vgn7r4_-_294_728
train,i80bvlv7_-_369_1182
train,i80gqx8x_-_213_1175
train,i81g8jmo_-_70_687
train,i82fjmjj_-_235_1162
train,i84esg5j_-_531_931
train,i84og7ue_-_338_716_-_343_711
train,i85fnzwf_-_588_898
train,i8774f39_-_210_719
train,i896ntof_-_245_632_-_201_635
train,i8ejfu7p_-_344_732
train,i8jd1d2a_-_586_697
train,i8l2kdoa_-_73_613
train,i8m1lnd5_-_184_620
train,i8n8uidv_-_506_838
train,i8noi061_-_560_843
train,i8pv1c1i_-_51_618_-_44_618
train,i8q7wqsj_-_394_725
train,i8rlfi5h_-_426_533_-_382_1024
train,i8sgh8c8_-_399_686
train,i8skq46i_-_395_1201
train,i8zdtqox_-_301_624
train,i903d0h3_-_458_577
train,i90w713z_-_283_809
train,i96lnput_-_370_717
train,i9afoqvn_-_232_681
train,i9b4b645_-_271_814
train,i9bj1vwn_-_193_735
train,i9fjqgxo_-_341_744
train,i9hhqp5a_-_363_1041
train,i9j2mriy_-_265_711
train,i9kdkx6i_-_524_749
train,i9mu35wa_-_606_730
train,i9o9ltk9_-_241_614
train,i9odk3h8_-_508_599
train,i9ukox6y_-_417_583
train,ia13k8ws_-_115_697
train,ia1nv1v0_-_318_689
train,ia90it73_-_270_1036_-_306_1011_-_233_1039
train,ia92uj68_-_181_781
train,iaaavvbi_-_214_740
train,iab923ak_-_211_789_-_201_792_-_190_781
train,iadn9gb8_-_293_719
train,iai4az2c_-_330_883
train,iaqx4nve_-_344_689
train,iats5lvc_-_213_996
train,iavsdd6r_-_461_837
train,ib3gr2pp_-_467_828
train,ib97g19k_-_83_691
train,ibajwfmv_-_528_756
train,ibe2058t_-_327_794
train,ibictd1n_-_69_678
train,ibjj2cai_-_192_537
train,ibjoingh_-_328_782_-_353_762_-_368_784
train,iblwafu9_-_288_943
train,ibpr61ib_-_151_958
train,ibpu2oxi_-_412_631
train,ibqu1zpu_-_589_675
train,ibrnr5mn_-_305_882_-_270_856
train,ibuq76ki_-_547_665
train,ibwms6pd_-_509_715
train,ibx8a83t_-_480_674
train,ic1eh5nf_-_294_836
train,ic4etol1_-_112_1039
train,ic55amia_-_347_699
train,ic7mk0d2_-_421_710_-_466_695
train,icc0ggwz_-_339_961
train,icfgrqiv_-_482_696
train,ich6mi8d_-_171_869
train,ichps6sr_-_529_693
train,ickgto7m_-_275_1024_-_329_1012
train,icnyu4nz_-_413_690_-_674_706
train,icoiwidw_-_144_689
train,icto1jc7_-_350_790
train,icwko0w4_-_453_766
train,icxk8gte_-_595_769
train,id0sti5d_-_275_963
train,id1u76u7_-_334_574
train,id2d5rku_-_528_725
train,id2tzfpg_-_122_781
train,id4kxxp2_-_461_697
train,id72u8fw_-_447_808_-_565_710
train,id95p9rp_-_406_599
train,ida1ejqv_-_492_628
train,idbobweu_-_182_1252
train,idcju7c0_-_532_692
train,idkwv8tg_-_461_611
train,idmsmek8_-_536_853
train,idnv6r83_-_547_891_-_631_852
train,idqpr8wm_-_439_685
train,idr9oqm3_-_517_806
train,idw7hx2b_-_188_808
train,idxayym6_-_555_817
train,ie0ijcs8_-_144_561
train,ie39xr9u_-_136_763
train,ie429vix_-_438_885
train,ie5ss6jy_-_396_686
train,ie6mkt2e_-_209_952
train,ie7fvh1r_-_189_622
train,ie9v5dba_-_297_638
train,ie9ybe3p_-_435_787_-_409_783
train,iebwqct8_-_93_747
train,iectvv29_-_81_604
train,iehkcedr_-_436_900
train,iem6s191_-_248_1038_-_323_1008
train,ieouga8g_-_247_1352
train,ieq9ardf_-_81_627
train,iev5udoi_-_239_714
train,iezuhxhu_-_299_1289
train,if06ety5_-_277_863
train,if2i5cpx_-_219_673
train,if3aqlm3_-_448_1011_-_401_1080
train,if4k9an0_-_147_659
train,ifc8mh0y_-_552_897
train,ife84fsz_-_356_757_-_338_737
train,iffkwqv6_-_504_1006
train,ifjhocnx_-_109_676
train,ifk1n4xt_-_110_798
train,ifk5luwh_-_403_716
train,ifkgetcr_-_137_669
train,ifpj904i_-_257_853
train,ifqp97kn_-_445_897
train,ifrs2pvq_-_114_791
train,ifx2b072_-_573_752
train,ig2sdoy1_-_64_702
train,ig7whw3c_-_133_628
train,ig84t7j2_-_144_700
train,ig86ff50_-_232_553
train,igccq2ms_-_428_835
train,igdqu2xc_-_71_766_-_79_765_-_48_723_-_78_768
train,igepdcus_-_208_690
train,igf35h41_-_145_843
train,iglp96dk_-_608_597_-_609_652_-_591_651_-_589_629_-_606_642_-_598_629
train,iglpa0o7_-_590_844
train,iglsat66_-_572_721
train,igr4avfc_-_621_700
train,igws8vnm_-_593_657
train,igybr59n_-_355_670
train,ih0hjxwu_-_265_985
train,ih30oa8n_-_524_658
train,ihclmqew_-_546_663
train,ihded81l_-_502_797
train,ihipkrue_-_280_935
train,ihm3g0a4_-_130_443_-_338_613
train,ihridrfz_-_137_972_-_191_1078
train,ihssppdb_-_570_869
train,ihtdke87_-_463_761
train,ihu3xs17_-_159_952
train,ihujcer1_-_167_866
train,ihva4x25_-_80_692_-_95_725
train,ihxpbvsh_-_619_656
train,ii05shw6_-_518_775
train,ii3hk74a_-_113_527_-_657_533_-_46_539
train,ii3u5yel_-_327_898
train,ii81a3ge_-_176_963
train,ii8psxlh_-_201_635
train,ii9mwb25_-_354_750
train,ii9oiomx_-_606_709
train,iiglvp5d_-_109_833
train,iihxjwug_-_443_617
train,iiigpeug_-_496_1019
train,iik7ux0c_-_492_745
train,iikyg7qp_-_395_634
train,iilu4oyz_-_251_692
train,iim72dqr_-_388_763
train,iipddiek_-_188_628
train,iism4rpx_-_437_787
train,iiwsat5m_-_247_720
train,ij2dxila_-_226_700
train,ij4h3mcf_-_177_1025
train,ij4stei5_-_219_710
train,ij5atl4p_-_156_1006
train,ij6wt4vw_-_585_828_-_36_792
train,ij98m9r2_-_317_770_-_72_761_-_304_819_-_304_777
train,ijcu78y1_-_419_762
train,ijdafz8s_-_352_812
train,ijdxi0ip_-_441_680
train,ijea8adc_-_375_835
train,ijglrevp_-_74_689
train,ijgosek3_-_590_631
train,ijn5kdan_-_254_926
train,ijnm0qm5_-_117_649_-_113_660
train,ijnynyv6_-_451_642
train,ijsrv6o0_-_350_755_-_340_709
train,ijtbm1sz_-_174_714
train,ijyzwl0v_-_241_785
train,ik2x7d42_-_331_664_-_636_662
train,ik72c6p3_-_397_583_-_108_586
train,ik75v4l8_-_328_788
train,ik9wz1xk_-_537_858_-_570_864
train,ikapljmt_-_576_902
train,ikbxxt72_-_155_582
train,ikf3zdrc_-_422_965
train,ikf7wjca_-_135_689
train,ikidzaqg_-_140_928_-_133_936
train,iklek38i_-_315_1229
train,ikp9efmc_-_481_677
train,ikpqydq2_-_478_723
train,il5vk0h4_-_158_934
train,il6xb2vd_-_592_738
train,il7norr4_-_393_656
train,ilbyc57r_-_532_691_-_228_803
train,ilcux0cb_-_316_630
train,ilia7n26_-_232_813
train,ilkvdfof_-_246_649_-_607_639
train,iln0rjnf_-_221_694
train,ilop4wb6_-_417_634
train,ilsr1dwu_-_601_748
train,ilwnwtdg_-_174_672
train,im0rf551_-_560_798
train,im0tasw5_-_274_732
train,im13yloa_-_288_895
train,im239qe1_-_57_647
train,im2j29m6_-_279_614
train,im6g7q6p_-_287_850_-_346_817_-_587_909
train,im8tjydb_-_354_702
train,im9imlq6_-_468_639_-_621_624
train,imdc5ti5_-_598_748
train,imdsodgx_-_559_932_-_541_971
train,imdw8wvg_-_171_667
train,imfkaysr_-_111_653
train,imidqtin_-_214_599
train,imks72ou_-_396_586_-_387_599_-_93_623
train,imsqbimf_-_186_671
train,imz83eyz_-_583_700
train,in0j15xj_-_429_782
train,in0jplev_-_273_706
train,in1axnrm_-_296_662
train,in2jxaog_-_331_660
train,in53ee4n_-_182_799
train,in6ils4p_-_548_544
train,in8knuhv_-_150_583
train,in8uagj4_-_380_747
train,ine6iqdm_-_495_656_-_135_532_-_50_532
train,ingxt6bv_-_276_915
train,iniajyzi_-_116_655_-_371_645
train,inmmdlnd_-_487_647
train,inoairt9_-_108_721
train,inpywd47_-_540_1121_-_424_1212
train,inyz8jzu_-_360_780
train,io0k5obo_-_486_712
train,io139t6e_-_263_610_-_278_601
train,io38fvne_-_421_602
train,io59end2_-_555_710
train,io5mijra_-_468_699_-_211_669
train,io6ovsuq_-_124_550
train,io859uo6_-_281_874_-_474_825
train,io8s8l1a_-_603_687
train,io9i9jvb_-_138_823
train,iobb8t0q_-_479_671
train,iobbrkf8_-_347_692_-_364_694_-_350_700
train,iobwf0l5_-_263_775
train,ioe3citc_-_90_888_-_82_915
train,ioeqh54q_-_336_1058_-_317_1058
train,iojpy2lg_-_362_1152
train,iokpd1nc_-_518_927
train,ionlhqvr_-_501_770
train,ioojt6cs_-_249_645
train,iopl7eps_-_361_1132
train,iosivi3p_-_354_585
train,iov7lmye_-_232_811_-_239_759
train,iowwkhnp_-_275_557
train,ioxkar5x_-_460_999
train,ioymz36e_-_269_696
train,ioz4855v_-_165_657
train,ip3d4b9i_-_252_608
train,ip4pfxd4_-_441_700_-_418_725
train,ip6o13t8_-_565_706
train,ip92vwuh_-_73_566
train,ipabsa7e_-_205_697
train,ipd5m1e8_-_127_810
train,ipf6c5w7_-_260_645
train,ipgmywir_-_266_801
train,ipgqddgu_-_606_532
train,ipinlmwn_-_338_919_-_373_825
train,ipmc52j1_-_294_656_-_336_633
train,ipo620td_-_597_753
train,ipsq58ws_-_202_1301
train,ipsyu994_-_230_804
train,iput2kra_-_573_659
train,ipv47nr8_-_439_643
train,ipzbu8xl_-_550_507
train,iq0fzn54_-_272_754
train,iq33l18r_-_152_838
train,iqgw6j8x_-_180_860_-_203_852
train,iqjgjnmb_-_607_664
train,iqjpesyn_-_266_970
train,iqlis41f_-_94_685
train,iqnohocp_-_217_723
train,iqqutqcr_-_184_918
train,iqvb3750_-_202_692_-_236_720_-_245_679_-_211_718
train,iqw9a6uz_-_332_707
train,ir1pndyf_-_471_603
train,ir346n3b_-_417_723
train,ir4go0mw_-_466_665_-_583_677
train,ir4heog0_-_487_632
train,ir7strhn_-_497_707
train,irahg7l3_-_507_702
train,ircsk7zk_-_320_778
train,irk4mz7j_-_147_827
train,irn7kyby_-_87_828
train,irq74mwh_-_98_891
train,irsar0si_-_298_586_-_294_586_-_286_579_-_265_588
train,iru7vcra_-_103_916_-_60_918
train,irztscw1_-_488_816
train,is61m2e9_-_437_811
train,is8q9ceu_-_297_943_-_329_956
train,isbbwf15_-_265_764
train,isd1g9wt_-_381_940_-_390_968
train,isn3a8a5_-_204_696
train,isrlazc8_-_123_869_-_67_851
train,isrxm31r_-_428_634
train,iss45m3w_-_399_705
train,isseku5j_-_455_719_-_425_720_-_404_712
train,it3mldp1_-_327_711
train,itczinio_-_448_1118
train,itegyrld_-_474_757
train,itib076i_-_476_744
train,itif9u87_-_471_732
train,itjkjauy_-_63_722
train,itnjf62z_-_337_640
train,itqgws8e_-_300_637
train,itwg3jmx_-_174_660
train,itxt2dag_-_513_602
train,iu4zxzsu_-_259_578
train,iu5lihzi_-_482_929
train,iu7yyfja_-_176_711
train,iu8ey11z_-_600_751
train,iuc4jlvo_-_604_715_-_140_670
train,iuebqhap_-_585_668
train,iujt13wg_-_103_758
train,iujzbbkf_-_412_691
train,iuk3blr9_-_501_823_-_36_911_-_103_831_-_505_870
train,iulq5ynj_-_302_874_-_247_810
train,iuu0v2hw_-_291_1065
train,iuvs4gss_-_422_757
train,iuwqmrgf_-_224_827
train,iv4qb2sy_-_625_609_-_76_584
train,iv6awrfq_-_573_612_-_31_803
train,iv9noajk_-_218_603
train,ivdagswe_-_117_849
train,ivgbrdf4_-_322_646
train,ivhsc8as_-_324_801_-_275_747
train,ivk5pabo_-_184_798
train,ivl51tmw_-_304_1014
train,ivljacyy_-_375_977
train,ivnkfkq5_-_346_760
train,ivpdyq6k_-_235_725_-_496_708_-_479_730
train,ivqobs8v_-_460_829_-_482_714
train,ivrl2t3w_-_434_742
train,iw0obo25_-_68_573
train,iw3nedya_-_78_696
train,iw4jdd46_-_565_646
train,iw6i654z_-_294_889
train,iw87m0bu_-_217_881
train,iw8a25ar_-_602_799
train,iw9frqth_-_375_585
train,iwb3phu1_-_360_700
train,iwd33gv1_-_351_640
train,iwfcv0kf_-_192_719
train,iwfz3y2f_-_309_1024
train,iwk4tnwb_-_193_624
train,iwosep2q_-_527_858_-_489_901
train,iwotztn7_-_455_577_-_100_747
train,iwozdir1_-_121_896
train,iwr7jt1h_-_395_941
train,iwt6tkh4_-_208_860_-_485_927
train,iwuddeh1_-_261_810
train,iwupxwvm_-_112_700
train,iwxlg1ye_-_603_748
train,ix1n1rv6_-_433_876
train,ix2nqhpj_-_261_704
train,ix4ngwpe_-_267_820
train,ix6cd6l1_-_215_756_-_172_717
train,ix9on0py_-_430_751_-_39_786
train,ixg3kuc8_-_498_719
train,ixgy1dne_-_257_824
train,ixgyep9z_-_315_789
train,ixjsq8g0_-_260_709
train,ixkyvneb_-_223_636_-_224_609
train,ixly8f2j_-_168_894
train,iy1g6pov_-_525_707
train,iy44o14l_-_337_816_-_339_836_-_323_838
train,iy69osov_-_144_719_-_628_761
train,iy7wt2z1_-_286_726
train,iy900lyh_-_444_990
train,iybg77tt_-_174_786_-_298_697
train,iydsjlu1_-_101_678
train,iyewkph1_-_145_911
train,iyg0cmhp_-_103_826
train,iylb85hk_-_347_826_-_367_820_-_593_831
train,iypa4rqg_-_84_827
train,iyuauk93_-_487_988
train,iyv0mj26_-_113_689
train,iyzqasp8_-_382_960_-_457_678
train,iz417e7u_-_148_752
train,iz4pyhkr_-_357_905
train,iza2c2n7_-_336_905
train,izcv55ik_-_601_668
train,izdm1d7x_-_202_643
train,izjhvc55_-_306_860
train,izlvntf5_-_112_731
train,izoyodo8_-_73_676_-_600_704
train,izsd88xx_-_309_662
train,izstx6z8_-_549_926
train,izw4n6c3_-_264_752
train,izzfxikm_-_492_783
train,j0632g8p_-_83_841_-_584_590_-_161_848_-_647_672
train,j07pxze8_-_184_762_-_127_742
train,j0d01rer_-_342_900
train,j0ezwx3a_-_505_1158
train,j0gdjw77_-_271_814
train,j0k2kx6w_-_359_845
train,j0kllrsl_-_335_757
train,j0lwy6un_-_430_742
train,j0mi04dz_-_190_860
train,j0p2i0ag_-_389_781
train,j0pct73o_-_353_720
train,j0pxeaby_-_575_718_-_565_710_-_556_711
train,j0qgym9b_-_509_700
train,j0ra3t3c_-_576_1035
train,j0tkrgjy_-_525_655
train,j0uft0eg_-_561_755_-_96_765
train,j0w97gq7_-_358_775
train,j0wwm27g_-_488_845_-_554_825
train,j0yltrid_-_357_911_-_405_927
train,j13x27d1_-_205_770
train,j14a0obd_-_305_787
train,j15pqj3k_-_77_702
train,j19825co_-_133_833_-_628_1206
train,j1e7diy4_-_234_713
train,j1gfzhuy_-_306_648
train,j1gj7b1o_-_570_679_-_580_689
train,j1gv2s3e_-_292_591
train,j1htvj1y_-_353_819
train,j1icnbar_-_97_979
train,j1jcql33_-_365_854
train,j1ksv9l9_-_555_667
train,j1nej2lw_-_134_820
train,j1ntb0jb_-_418_751
train,j1o4spx2_-_317_849
train,j1p02prp_-_248_778
train,j1rnbcsh_-_82_713
train,j1sb09da_-_248_1013
train,j1uuaj21_-_600_617_-_414_615
train,j1vyobv0_-_208_599
train,j1y24jxm_-_116_888
train,j200po04_-_117_903_-_128_894
train,j20sf76f_-_276_960
train,j22ehxm9_-_384_674
train,j23m8pwh_-_568_805
train,j28mg4u1_-_554_762
train,j2bvhcc8_-_592_598
train,j2cczan0_-_554_1129
train,j2dx2x8z_-_114_708
train,j2eo3zju_-_346_729
train,j2fttuv3_-_217_808
train,j2mkx4tm_-_496_852
train,j2ozcs02_-_479_879
train,j2vb7qvd_-_164_667
train,j2wxwd7r_-_450_610
train,j33v1dzs_-_530_627
train,j33vrnzw_-_523_905
train,j34hiqy5_-_429_626
train,j382i56b_-_600_704_-_73_676
train,j3ba2wmn_-_590_709
train,j3fp10f5_-_560_716_-_586_708
train,j3h3w6zj_-_351_687_-_388_683_-_379_719
train,j3lybi6b_-_346_919_-_370_918
train,j3ql39gw_-_220_599
train,j3quifpx_-_331_768
train,j3rb3y9w_-_75_773
train,j3rjyang_-_419_742
train,j3s5w71n_-_515_949
train,j3t1sns1_-_414_736
train,j3wgx0gf_-_258_738
train,j3xkrgq1_-_94_696_-_488_680
train,j43a9fb8_-_552_844
train,j43zam0f_-_530_846
train,j444au9n_-_125_675
train,j4511ep4_-_276_639_-_581_695
train,j45dh9im_-_293_847
train,j46obe6y_-_333_649
train,j46qll4k_-_156_724
train,j4a4f1qs_-_101_724
train,j4a8j4k4_-_459_737
train,j4bz2fqn_-_83_684
train,j4sz6vfy_-_606_684
train,j4ufez6y_-_595_687_-_584_699
train,j4v8itld_-_270_983
train,j4xfdqk0_-_112_714
train,j4y0r0gl_-_293_713
train,j51zdct3_-_279_597
train,j546zreb_-_580_692_-_465_676
train,j5ceakoq_-_358_611_-_630_628
train,j5dftvbe_-_253_853
train,j5enaeue_-_430_714_-_57_720
train,j5fn11g3_-_252_713
train,j5hlew1m_-_311_937_-_310_1044
train,j5ib7cnq_-_534_712_-_527_717
train,j5j022z1_-_304_687
train,j5kxlzqs_-_202_562
train,j5lz4gao_-_316_862
train,j5opa3of_-_109_971
train,j5px1vzj_-_374_654_-_374_666
train,j5rwu62q_-_210_881
train,j5slg9zz_-_291_958
train,j5tjvckt_-_164_774
train,j5tpeegw_-_71_648
train,j5vg6xm1_-_473_737
train,j5zvtp4m_-_562_959
train,j5zzh1rq_-_336_648
train,j60cbqe5_-_339_849
train,j63bj53w_-_598_583
train,j64x6dya_-_233_837_-_421_700
train,j66uyyjw_-_487_882
train,j69chhdg_-_513_930
train,j69ipvv7_-_150_754_-_155_755
train,j6b0f8c5_-_424_898
train,j6e3gquh_-_234_747
train,j6j8mrvi_-_121_787
train,j6m3v3b2_-_80_751
train,j6n4lr0c_-_139_612
train,j6u71fvl_-_224_909
train,j6v07qzl_-_426_777
train,j6v0xt1o_-_527_720
train,j6x1hrhf_-_287_781
train,j70kzp4b_-_403_615
train,j7b18cr2_-_209_834
train,j7bg9ipk_-_303_673
train,j7h6tw6a_-_414_658
train,j7jc7mx5_-_154_776
train,j7nag8ld_-_79_757_-_668_798
train,j7rhdlxf_-_451_818_-_31_1422
train,j7uxa79c_-_144_878
train,j7v4jqc1_-_132_807
train,j81wjggs_-_503_884
train,j862c3gc_-_291_698_-_307_722
train,j89gwzho_-_193_732_-_211_719
train,j89x0b33_-_459_620
train,j8bnm9t6_-_98_739
train,j8fjhmii_-_504_750
train,j8g03vxj_-_306_957
train,j8gmgqr0_-_211_875
train,j8hh92fi_-_117_665
train,j8jeoju7_-_125_778_-_135_733
train,j8nfy5ym_-_85_837
train,j8t66jj3_-_359_708_-_365_694_-_346_717_-_330_718_-_338_722_-_348_717
train,j8tngx77_-_469_742
train,j98xtmqj_-_128_802_-_92_845
train,j9gnskfl_-_97_915_-_465_923_-_138_921_-_479_920_-_472_923
train,j9km08qz_-_432_706
train,j9l8bjjv_-_448_697
train,j9lh5qaq_-_400_760
train,j9m3rv35_-_94_840
train,j9ppfgay_-_85_758_-_581_943
train,j9ugvyh8_-_568_723_-_605_716_-_598_723
train,j9wbitqj_-_428_767_-_417_768
train,ja0d55xu_-_141_845
train,ja1omgnx_-_380_797
train,jabxmu90_-_187_745
train,jaermxcx_-_492_745_-_89_757
train,jamwuiae_-_199_751_-_422_736
train,japahw9g_-_615_715
train,jaqyow4u_-_214_705
train,jatv1slu_-_159_875
train,jau99yhk_-_631_560
train,jauw5z5o_-_255_744
train,jax64lke_-_304_754
train,jb00o5r8_-_211_699
train,jb157xhd_-_87_563
train,jb1vic6g_-_262_711_-_275_711
train,jb39ijau_-_427_759
train,jb5rv5mt_-_609_680
train,jb8e9x0v_-_595_646
train,jb8fkxka_-_417_689
train,jbb37d2b_-_436_678
train,jbb7eecx_-_469_639_-_670_650
train,jbgcwahr_-_352_687
train,jbgvzjha_-_415_795
train,jbk6hz8b_-_126_668
train,jbnwwfpq_-_387_770
train,jbofsnfg_-_267_825
train,jbp7u20f_-_80_805
train,jbqt861n_-_234_966_-_561_821
train,jbsucxme_-_53_618
train,jbun3xxv_-_297_674
train,jbwg4k1n_-_369_779
train,jbz1sgik_-_458_716
train,jc4jk4wj_-_443_757_-_29_816
train,jc8bll92_-_439_635_-_416_646_-_357_623
train,jcefn3ju_-_108_1009
train,jcejafos_-_178_597
train,jcfyc364_-_465_1400
train,jcjtmqaj_-_360_797
train,jckriuul_-_545_952
train,jcn6t0zn_-_155_797
train,jcpoef0w_-_85_777
train,jcrznvuc_-_217_733
train,jcstphk4_-_112_693
train,jcv1vrgs_-_177_789_-_130_724
train,jcvb26bz_-_229_656
train,jcxef21x_-_133_758
train,jcxwekjw_-_222_824
train,jd0i6snb_-_486_729
train,jd4b3m8j_-_586_679
train,jd4uf1qj_-_314_744
train,jdf7xng9_-_530_747
train,jdp0pcu5_-_553_666_-_197_654
train,jdvyvhkn_-_481_862
train,jdwlo4m7_-_274_772
train,jdye9v8g_-_326_979_-_432_770_-_228_953
train,jdytwpps_-_265_647
train,je2h88mf_-_408_792
train,je5wphrw_-_339_779_-_659_816
train,je6lcz7y_-_517_673_-_540_674
train,je8jasa8_-_509_665
train,je972bsp_-_171_641_-_475_641
train,jeb4fr5i_-_440_922
train,jebey29d_-_132_752
train,jecif7f5_-_179_711_-_200_728
train,jefhs04o_-_445_703_-_441_655
train,jeknprp7_-_384_1364_-_325_1269_-_439_1199
train,jekuj8oc_-_258_586
train,jekx1rw3_-_373_753
train,jellg0q3_-_364_892
train,jelrn50u_-_388_724_-_220_699
train,jemsetn3_-_556_732
train,jemu1tya_-_435_772
train,jenwksot_-_95_708
train,jeokb5un_-_448_782
train,jepf5xyp_-_517_775
train,jez60k4z_-_219_865
train,jezdfe1p_-_397_821
train,jf0j5ldq_-_217_720_-_431_727
train,jf0jc0xn_-_245_641
train,jf7bz16h_-_282_635
train,jf8eyz4m_-_92_734
train,jfabafup_-_273_662
train,jfiy02x2_-_160_612
train,jfk7ymf2_-_375_736
train,jfkkgagx_-_165_663_-_119_659_-_361_707
train,jflbth3s_-_376_665_-_306_664_-_355_676
train,jfooyq57_-_423_649_-_290_707
train,jfs0c5cd_-_77_760_-_45_624
train,jfs3qqfn_-_369_787
train,jfukdwds_-_587_648
train,jg1gfg1l_-_312_719_-_368_725_-_301_712
train,jg4wo1ra_-_161_738
train,jg5iozmq_-_494_778
train,jg6035yq_-_550_1224_-_471_1277
train,jg8unw7r_-_540_785
train,jgbezj82_-_218_673_-_234_669
train,jgfg1sij_-_508_623
train,jgmgle83_-_276_559
train,jgnfmqkw_-_242_845
train,jgs5o0ty_-_318_789
train,jgsv13fb_-_537_696
train,jgxdgghz_-_211_856
train,jh01x2uk_-_152_932
train,jh2p14vt_-_134_708
train,jh3686ep_-_336_633_-_294_656
train,jh3fjfbu_-_296_719_-_665_715
train,jh3pfd4g_-_339_836
train,jh6s7gyh_-_181_716_-_221_683
train,jhcre31g_-_349_600
train,jhcvj8e4_-_107_797
train,jhdboh5v_-_567_937_-_376_722
train,jhddstoo_-_414_712
train,jhi1n8jj_-_471_774
train,jhiscasm_-_386_730
train,jhkdb4xs_-_310_726_-_321_728
train,jhtzonwg_-_611_731
train,jhua12un_-_528_954
train,jhum01ke_-_331_646
train,jhv0dh2d_-_100_711
train,jhwmnlt2_-_280_739
train,jhws8r3n_-_133_968
train,jhxvy3yq_-_237_710_-_613_834
train,jhzuhb25_-_232_901
train,ji9cjvzl_-_495_848_-_212_845_-_346_852
train,jilz6qz5_-_117_602_-_120_608
train,jiml6f2a_-_493_780
train,jin0anto_-_439_731_-_456_740_-_459_736
train,jipss9tb_-_77_808
train,jiz0fxwb_-_296_592
train,jj13nhb1_-_603_830
train,jj3t9z93_-_353_942
train,jj844w82_-_225_987
train,jj9xphiw_-_296_690
train,jjcjbwup_-_504_813_-_554_763
train,jjczmnsu_-_161_856
train,jjfy9wj5_-_375_594
train,jjhqgcwe_-_408_716
train,jjipln3h_-_305_1135
train,jjitnud4_-_290_884
train,jjm1cwpx_-_634_541
train,jjndn2o1_-_292_716
train,jjqma91t_-_165_706
train,jjqs3yg3_-_490_777
train,jjrxdboc_-_457_880_-_488_874
train,jjt4nttj_-_159_677
train,jjx996fc_-_507_567
train,jjxjp90h_-_436_999
train,jjyxo8is_-_447_1295
train,jk0vpayq_-_403_1197
train,jk2nze2l_-_75_656
train,jk5q8u2k_-_207_916
train,jk83blxs_-_598_718
train,jk8vfkub_-_160_780_-_184_772
train,jk8znicx_-_275_616
train,jkbt02u9_-_339_686
train,jkesmkyn_-_497_732
train,jki02j0c_-_548_657
train,jkk4g6jn_-_93_738
train,jklxvzsg_-_179_755
train,jkpdqb94_-_376_654
train,jkrh0e6x_-_218_1014
train,jkwb0pk3_-_315_675_-_104_644
train,jkydqo3k_-_574_831
train,jl4kpxnm_-_558_572
train,jl6slsm5_-_531_723_-_494_721_-_491_727
train,jl8mxoet_-_249_723
train,jl9leo68_-_258_705
train,jldxvzog_-_542_642
train,jlgk3bhv_-_288_709
train,jljbwwoo_-_564_710_-_568_705_-_195_735
train,jlmqeavu_-_120_922
train,jlohihgx_-_467_758
train,jlsr1grr_-_384_780
train,jm1kh57l_-_430_994
train,jm4yoi56_-_601_777
train,jm7mf09w_-_371_631
train,jm7mn03u_-_573_840
train,jm9grp05_-_204_1025
train,jma4reu1_-_36_462
train,jmaiovcy_-_510_784
train,jmajus13_-_445_714
train,jmalojkt_-_150_636
train,jmghgcwi_-_319_735
train,jmimpmsb_-_461_1093
train,jmmm6kbq_-_454_632_-_440_635
train,jmnm26hq_-_485_993
train,jmogajhh_-_338_782
train,jmw0mmjt_-_402_657
train,jmwmgv74_-_338_801
train,jmz7hrew_-_436_704
train,jn417rse_-_425_810
train,jn4p19be_-_307_991
train,jn5bxqfe_-_311_895
train,jn5ukyat_-_458_625
train,jn71pex9_-_124_707_-_168_774
train,jn7apet6_-_476_955
train,jn8d7qy3_-_234_720_-_209_703
train,jnbcxm8l_-_448_667_-_673_642
train,jnc6vlcm_-_626_603_-_538_677
train,jncaahir_-_396_576
train,jndivc4m_-_249_809
train,jnfp99go_-_198_912
train,jngs4sng_-_429_664
train,jnkamsnp_-_555_629
train,jnlyftfa_-_385_827
train,jnmm5vaf_-_348_610_-_534_628
train,jnnr5zya_-_574_744
train,jnt0nwv2_-_115_719
train,jnutu0gs_-_177_710_-_425_642
train,jo5k69eu_-_482_953_-_294_721
train,jo8lmr0s_-_366_644
train,jo9h6c22_-_122_815
train,jobt8rlc_-_252_683
train,jobtt1ju_-_318_781
train,jodtk6sn_-_608_704_-_614_705_-_325_718
train,jofu9cd9_-_520_829_-_406_781
train,jog4uyq9_-_129_759
train,joheitp2_-_336_712
train,johiw3j8_-_166_645
train,johtbxuh_-_466_684
train,joikhso5_-_177_652_-_396_656
train,joj8o2ng_-_126_749
train,joobehvs_-_581_601_-_173_566
train,jopxtxrt_-_325_640
train,jotebq2i_-_542_910_-_475_956
train,jotsevdc_-_263_724
train,jouj966e_-_120_958
train,jow4et09_-_593_609
train,jp2csbep_-_442_807_-_424_801_-_468_805_-_451_808
train,jp5sppgb_-_297_757
train,jpa7w2dx_-_635_591
train,jpal1gop_-_240_656_-_464_671
train,jpghot1h_-_75_607
train,jphbtrxi_-_104_941
train,jpl5semg_-_322_682
train,jprzmceq_-_64_593
train,jpx0mkpx_-_544_815
train,jpx8f2w4_-_230_676
train,jpxld0kw_-_270_830
train,jq415s75_-_429_816
train,jq5qnxad_-_553_782
train,jq6pu8eu_-_103_734
train,jq71tvht_-_95_811
train,jqbyw3fv_-_214_725_-_220_705
train,jqemi3qt_-_190_913
train,jqgshpwf_-_439_1199_-_325_1269_-_384_1364
train,jqh2svon_-_560_685
train,jqi539is_-_290_753
train,jqlgsw0m_-_405_714
train,jqp7qaal_-_178_869
train,jqrdh9mn_-_143_1182
train,jqrp95bh_-_572_771_-_592_791_-_91_761
train,jqse4h7q_-_526_914
train,jqse8pse_-_285_678
train,jqtoe4uv_-_202_734
train,jqtvvevh_-_245_639
train,jqwns118_-_563_676
train,jr04r8ol_-_158_1406
train,jr39gda3_-_163_607
train,jr3nycce_-_586_722
train,jr5gbhzj_-_280_751_-_520_610
train,jr6e50ky_-_562_712
train,jrbilv5v_-_51_560
train,jrcbdxgy_-_531_632
train,jrd1uve3_-_453_558
train,jrfhwwki_-_533_882
train,jrko2pdj_-_358_583
train,jrkwmcs3_-_240_892
train,jrq1t4ws_-_244_633
train,jrrjl3ot_-_379_813
train,jrs4neib_-_428_743
train,jrsetl5s_-_177_909
train,jrus44a3_-_132_711
train,jrymxifh_-_263_732
train,js20o6np_-_149_742
train,js4pui8f_-_436_685
train,jscd1cwr_-_250_793
train,jsiaysas_-_577_781
train,jsl6rftl_-_104_925
train,jsmegs52_-_593_687
train,jso4294f_-_440_577
train,jsrv4dtg_-_325_1116
train,jt1ph9ds_-_177_743
train,jt54qg4n_-_570_657
train,jt72jpwj_-_534_561
train,jt9vsm32_-_522_635
train,jtbveosc_-_424_731
train,jtdl2j2w_-_414_1067
train,jtezz2lk_-_115_751
train,jtif0hr3_-_118_786
train,jtires4o_-_290_606
train,jtm7dtwr_-_429_744
train,jtotohvs_-_155_739
train,jtpf6ykz_-_226_737_-_652_823
train,jtradhfb_-_533_791
train,jtrdl35h_-_580_582
train,jts6i47d_-_376_959
train,jttvj5y3_-_80_686
train,jtxpd2yw_-_470_744
train,ju7db5tz_-_185_942_-_116_884
train,ju8o1mr0_-_347_760
train,jufvaokc_-_545_609
train,juhpucht_-_560_841
train,juk7w1kb_-_302_823
train,julfjhxj_-_530_925_-_411_801
train,juni7gv1_-_496_1191
train,juu7g1ug_-_102_732
train,jux2a6c5_-_505_795
train,juyl5i06_-_300_738_-_619_862
train,jv0w0xur_-_218_940
train,jv18nuul_-_418_845
train,jv2149ts_-_174_718
train,jv3lh5oe_-_421_678
train,jv5r8uzt_-_408_752
train,jv6ijkd1_-_173_687
train,jv8ii1h3_-_101_668_-_97_631
train,jvh1spkt_-_366_867
train,jvkc02au_-_329_885_-_321_881
train,jvkhdylt_-_96_553
train,jvl57ysn_-_495_846_-_430_778_-_452_787
train,jvl80q3l_-_112_930_-_52_880
train,jvov9fpq_-_570_648_-_369_652
train,jvqc41n5_-_474_758_-_407_744
train,jvqsm7zu_-_418_700_-_107_704
train,jvtueo7o_-_556_773
train,jw00sor1_-_535_994_-_486_1008
train,jw2ekrrs_-_609_644
train,jw32hbb2_-_439_1086
train,jw3739na_-_296_503
train,jw42bmej_-_331_823
train,jwbi1wam_-_553_852
train,jwcksm1p_-_508_733
train,jwe3k5vz_-_341_649_-_254_604
train,jweypr6u_-_400_967
train,jwfzvw9i_-_572_728
train,jwg44v6n_-_317_673
train,jwiltgvt_-_503_719
train,jwn056i6_-_427_714
train,jwnzn0j4_-_336_788
train,jwpgdaan_-_426_947
train,jwssms6g_-_464_671_-_240_656
train,jwu26o51_-_574_555
train,jwwvp6u4_-_165_893
train,jwyl6zyy_-_502_945
train,jwzuiq14_-_159_725_-_494_716
train,jx0lwscf_-_302_843_-_329_941
train,jx82lrx5_-_403_852
train,jx8qqucn_-_567_648
train,jxapte0l_-_418_805_-_434_829
train,jxer914m_-_558_748
train,jxfk3n5d_-_318_971
train,jxkju1kx_-_218_550
train,jxl8s7k5_-_338_679
train,jxozaphk_-_343_748
train,jxpgb16u_-_449_668_-_218_681
train,jxq0qvam_-_186_737
train,jxsflh3r_-_182_654_-_561_652
train,jxxhsibx_-_541_991
train,jxy54gt8_-_501_743
train,jxzyt2yq_-_377_761
train,jy13ayuc_-_244_681
train,jy1m53j7_-_111_675
train,jy4c6lyx_-_565_912_-_607_919
train,jy4og8w3_-_336_781
train,jy9ywxv8_-_210_819
train,jybxwg6d_-_116_694
train,jyduy3pf_-_227_704
train,jylqvdcv_-_254_839
train,jyp0yhw7_-_92_666
train,jyt1065y_-_547_932
train,jywjmkk5_-_541_676
train,jz0wa3sg_-_438_656_-_227_572_-_432_580
train,jz0yhh7z_-_361_1020
train,jz34tweq_-_370_766
train,jz3wz72m_-_318_927
train,jz466n4n_-_111_644
train,jz4u0k6t_-_75_715
train,jz5jpp6d_-_326_765
train,jz87l2n1_-_291_667
train,jz8dk6om_-_575_765_-_607_776
train,jza6yt0s_-_211_653_-_268_666_-_191_671_-_235_656
train,jzap7gb2_-_455_702
train,jzbcvs3h_-_359_859_-_356_926
train,jzbt7rqg_-_436_573
train,jzcw4vfw_-_448_916
train,jzfew1cg_-_137_728_-_146_802
train,jzkuldi5_-_79_733
train,jzlud6gy_-_424_801_-_468_805_-_442_807_-_451_808
train,jzndx0gp_-_361_919
train,jzo1wbdr_-_378_1072
train,jzresjwf_-_417_651
train,jzrxujvo_-_386_705
train,jzt8d927_-_473_681
train,jzy79yng_-_323_581
train,k01y00ba_-_350_840_-_404_840
train,k048wx5x_-_424_699
train,k04ign2w_-_138_847
train,k05yx892_-_551_704
train,k06hdosp_-_473_621
train,k06twkyi_-_207_929
train,k0avvywm_-_545_675
train,k0g3ovwm_-_473_720
train,k0ha2xdm_-_239_594_-_484_583
train,k0lfaowp_-_95_769
train,k0mrr6er_-_567_794
train,k0nbxueq_-_581_806
train,k0o1e5z1_-_197_728_-_137_736
train,k0qkuh0z_-_293_1181
train,k0rrt65s_-_323_749
train,k0th6di0_-_409_761_-_419_767_-_57_712
train,k0vt5gfd_-_507_758_-_564_772
train,k0vybioj_-_371_803_-_355_757
train,k0y3iuqt_-_398_1026
train,k0z7ej11_-_481_712
train,k12hm5y2_-_390_713
train,k1hjap84_-_571_695
train,k1jd4l9c_-_186_762_-_193_755_-_204_728_-_182_735_-_193_731
train,k1n6pv6j_-_268_821
train,k1qs0g8i_-_434_627
train,k1sx55dd_-_540_617_-_499_657_-_309_672_-_556_671
train,k1w4f61w_-_215_828
train,k27qqhpu_-_505_750_-_555_780
train,k28fqhn2_-_532_686
train,k2ihw4ku_-_212_897_-_215_909
train,k2mpwfv3_-_386_1028_-_412_1031
train,k2nr91ym_-_508_794
train,k2vva57v_-_556_703
train,k2wjn7bq_-_146_867
train,k2wvjgvd_-_257_737
train,k2wwetko_-_567_831
train,k305zdzs_-_120_738
train,k30wsxa0_-_468_1233
train,k31cybwr_-_210_692
train,k33wlm5f_-_515_821
train,k39u9vyl_-_138_887_-_129_975_-_141_991
train,k3aagc2s_-_125_753_-_473_687
train,k3cav4tb_-_376_787
train,k3e4k19u_-_524_815
train,k3k6a31d_-_246_956
train,k3l3lsg6_-_450_1075
train,k3m37wc4_-_561_642
train,k3ndcg8c_-_399_567
train,k3qp8tcl_-_176_872_-_679_695
train,k3te8rm9_-_205_692
train,k456owbi_-_394_982
train,k4dskptb_-_268_843
train,k4friaau_-_296_550
train,k4gkbsvy_-_274_630
train,k4kyg1y7_-_195_661_-_339_630_-_163_628
train,k4m1ic4f_-_483_672
train,k4rp2xyf_-_576_787
train,k4rpnuq9_-_218_738
train,k4scyxn1_-_380_570
train,k4w9xp73_-_357_709
train,k4z748n2_-_533_766
train,k5316uat_-_416_657_-_665_616_-_421_645_-_680_646
train,k53iq0e8_-_396_1045
train,k53nseiw_-_544_900_-_629_835
train,k54rmj3s_-_93_577_-_615_752
train,k58dq3z4_-_450_834
train,k5cxmz5z_-_459_876
train,k5eh7x3j_-_299_670
train,k5fqyoms_-_88_729_-_98_718
train,k5khmlgf_-_557_687_-_560_636
train,k5uetay7_-_125_675_-_492_716
train,k5ux7xkm_-_150_871
train,k5xzgtuu_-_241_735
train,k5y31c2h_-_501_706
train,k5zqw5c3_-_249_858
train,k607jplr_-_521_804
train,k6a1hhzl_-_238_676
train,k6afdc3f_-_111_652
train,k6d2bkoa_-_462_1064
train,k6f2677t_-_223_802
train,k6foe099_-_247_608
train,k6fuvgrn_-_166_892
train,k6iki6r3_-_170_573
train,k6jony0i_-_349_763
train,k6kvcemh_-_113_666
train,k6my33kb_-_293_530
train,k6oablc8_-_71_667
train,k6pnep69_-_473_605_-_672_614
train,k6tx48la_-_522_634
train,k6vl52m8_-_463_788
train,k6xegeji_-_506_829_-_550_771
train,k6zucb29_-_603_764
train,k711jeyw_-_576_789
train,k73fqh7j_-_290_603_-_652_993
train,k75kinmz_-_261_818
train,k76itmjh_-_181_953_-_628_786
train,k77bpay3_-_595_795_-_540_847
train,k7bdfzob_-_139_752
train,k7csgy8j_-_598_665
train,k7fe5b3w_-_104_498
train,k7hwmguc_-_230_1046
train,k7l8iwtv_-_611_702
train,k7ne29gu_-_384_802
train,k7ormlhz_-_550_654
train,k7qh10p2_-_525_1203
train,k7qz4ouz_-_155_840
train,k7ss64jk_-_310_646
train,k7tfosww_-_361_799
train,k7tite6j_-_201_912_-_217_938_-_0_808
train,k7vn4dvp_-_219_894_-_610_832
train,k81hvxaj_-_434_935
train,k83scqx7_-_340_563
train,k8464tu2_-_441_918
train,k85t6ac0_-_308_720
train,k85tfwsc_-_564_892
train,k86d8xq1_-_558_887
train,k87obueu_-_180_542
train,k87zpnxh_-_556_689
train,k8913ng6_-_420_617
train,k89x47do_-_297_719_-_282_736
train,k8ff69gy_-_514_668_-_566_680_-_557_686
train,k8jnv5tg_-_423_789_-_409_786
train,k8jo7ove_-_552_857_-_580_863
train,k8ord0bj_-_304_752
train,k8p0r4w8_-_155_804_-_611_688
train,k8s1utwh_-_549_812
train,k8shopyd_-_478_629_-_334_635
train,k8sot12f_-_127_762
train,k8v7qheg_-_310_700
train,k8yd3ooy_-_161_738
train,k8yeydz2_-_561_707
train,k90ksqqt_-_426_717
train,k928ue8o_-_514_663_-_511_636
train,k93xkgql_-_82_671
train,k966kcwp_-_456_1096_-_560_1107
train,k96u63t5_-_447_776
train,k98ysxr8_-_195_1012_-_213_1027_-_263_1051_-_218_1024_-_140_995
train,k9e0bp35_-_85_883
train,k9iq6l53_-_257_583
train,k9iy4ajq_-_215_1025
train,k9kimclo_-_230_782
train,k9kvcrph_-_111_549_-_324_600
train,k9nlfjrp_-_238_1436
train,k9qozkl1_-_189_767
train,k9s859fx_-_444_608
train,k9si0o6k_-_525_911
train,k9wxeqrc_-_589_710
train,k9wzfx71_-_233_731
train,ka0dayfg_-_157_811
train,ka0oqdxo_-_366_872
train,ka1d8oqf_-_299_709
train,ka29z0qc_-_454_772
train,ka2znf2p_-_221_643
train,ka3c8at9_-_488_625_-_490_625
train,kaa1b0wc_-_176_776_-_203_809
train,kaclamj9_-_535_624_-_133_664
train,kacpbxiw_-_504_772
train,kaesu2vm_-_495_717_-_98_673
train,kaggkmfn_-_126_684
train,kah4zydi_-_282_799
train,kah8jjei_-_138_679
train,kahf5zlh_-_286_738
train,kail30i1_-_227_572_-_438_656_-_432_580
train,kaj2be00_-_614_744
train,kakq92st_-_316_683
train,kalp99sb_-_309_705
train,kamwshx6_-_301_905
train,kapsqvwq_-_573_791
train,kaxc6nhv_-_537_1101
train,kaxrqdn7_-_79_720_-_133_994_-_144_985
train,kayuk82w_-_371_1239
train,kaz2i5zr_-_248_675_-_244_696
train,kb03qh0r_-_542_590
train,kb0p93vf_-_615_658
train,kb1evnyv_-_124_1065_-_73_1090_-_177_982
train,kb6a5waz_-_542_778
train,kb7bpt1g_-_468_926_-_599_674
train,kb7qb5an_-_592_886_-_596_876
train,kb8mj2r3_-_200_784
train,kb976mir_-_103_785_-_426_739
train,kbc9cs2z_-_137_708
train,kbfkrf8z_-_136_739
train,kbgcxh33_-_315_718
train,kbjxagr1_-_302_659
train,kblay6sl_-_236_759
train,kbrl5uvg_-_383_720
train,kbt57dsx_-_515_732_-_527_740
train,kbuoci2d_-_186_715
train,kbx6bgx9_-_147_710
train,kc0rgai9_-_135_700
train,kc27v9y3_-_322_612
train,kc3ksv8b_-_507_981
train,kcc0fffo_-_79_766
train,kcckyrvx_-_286_771
train,kccyfmqc_-_127_780
train,kceiwghb_-_279_929
train,kcenr9p6_-_425_754
train,kcezyos6_-_370_714
train,kcg0xl1t_-_568_838
train,kcg75vl1_-_622_573
train,kchqny6o_-_115_688
train,kcmepkve_-_162_666_-_650_740
train,kcml30lj_-_310_669
train,kcnnsvw1_-_348_719
train,kcp1xl6v_-_470_885
train,kcsri8gp_-_492_712_-_430_765
train,kcukdpha_-_394_589
train,kcvhh4vt_-_452_712
train,kcwtgito_-_294_965_-_299_1002
train,kd00jz1y_-_213_925
train,kd37rgy6_-_326_838_-_315_837_-_373_822
train,kd8bzxw6_-_183_891
train,kd8fgc7b_-_444_724
train,kd8n92kk_-_427_954
train,kd8snzva_-_504_670_-_258_682
train,kdcmj04w_-_220_1096
train,kdf24bts_-_485_638
train,kdfs53qv_-_380_976
train,kdhgmef0_-_228_954
train,kdhhfge3_-_149_750
train,kdid6s4a_-_402_1107
train,kdj18y5a_-_588_611
train,kdm9camc_-_340_985
train,kdnd1iw8_-_487_1234_-_489_1063
train,kdotbjfm_-_230_617
train,kdq40bm3_-_405_743
train,kdryqmlj_-_242_753
train,kdt87pu2_-_422_884
train,kdtp39j3_-_528_790
train,kdvrsyug_-_259_815_-_221_773
train,kdw5xcc9_-_196_949
train,kdx9zxfj_-_479_708
train,kdybme3c_-_115_703
train,kdynmyno_-_544_813
train,kdz6dg3w_-_232_713
train,kdzjqr0z_-_138_755
train,kdzre2ho_-_91_656
train,ke1qf6oz_-_71_716
train,ke39720z_-_550_633
train,ke96r811_-_605_603
train,keanacmc_-_245_536_-_292_530
train,kebcui2n_-_499_821
train,kebwis8t_-_92_615
train,kebyzq4f_-_53_603
train,keft2gvf_-_563_680
train,kempwg2d_-_304_821
train,ken3l4zu_-_210_639_-_210_654
train,keo86ihz_-_341_769
train,keul6mq1_-_320_822
train,kexicobj_-_152_704
train,kezz29qk_-_387_803
train,kf21qlcj_-_405_768
train,kf5gp17f_-_140_648
train,kf6v1utx_-_164_717
train,kfaapz7w_-_313_847_-_343_818
train,kfaihb3v_-_349_543
train,kfe8hdya_-_510_693_-_484_696_-_511_692
train,kfezxfeq_-_367_904_-_135_746
train,kfngmjxj_-_520_649
train,kfodqkk6_-_505_1110
train,kfq0xyez_-_123_713
train,kfqq9wl3_-_370_598
train,kfs0j9b9_-_577_645
train,kftgtkcj_-_350_934
train,kfv1hy6w_-_339_784
train,kfxcbr5o_-_588_711_-_638_731_-_607_751
train,kfyhuq6o_-_329_786
train,kg15nbjt_-_280_963
train,kg1yo4nn_-_374_639
train,kg2nuva4_-_130_699
train,kg81e9fj_-_593_845
train,kg9hnyeg_-_482_892
train,kga2aqwk_-_85_679_-_421_697
train,kgalwwml_-_555_1031
train,kgda4yzs_-_218_681_-_449_668
train,kgf3kmtn_-_254_837
train,kgfbdtis_-_200_735_-_203_725
train,kgfxtplz_-_380_640
train,kgjwsrv1_-_294_758
train,kgkb64wd_-_446_962
train,kgmoi9zz_-_553_731
train,kgv198ao_-_237_692
train,kgw1sisr_-_145_924
train,kgyf4obx_-_362_665
train,kgyloycj_-_212_583
train,kgzgt46q_-_418_778
train,kh2xw1yo_-_322_760
train,kh7ifpr6_-_444_710
train,kh8rbo3a_-_78_524_-_252_567
train,kh9l9yb4_-_464_951
train,khanauun_-_513_679
train,khea217q_-_516_758_-_433_766
train,khf6s9ym_-_295_716
train,khjwndtx_-_282_905
train,khoghjmb_-_180_998
train,khp7lo6f_-_294_700_-_554_549_-_245_661
train,khv2po03_-_301_703
train,khvxi9k2_-_389_607
train,khwpg48q_-_438_603
train,khxh7p70_-_145_772_-_84_788
train,khy742f5_-_475_956_-_542_910
train,khycrlai_-_228_700
train,khyj4ev0_-_468_785_-_476_816_-_504_804
train,khzwjjcl_-_447_1030
train,ki3j7a4v_-_400_612_-_65_609
train,ki3p697a_-_332_866_-_296_951_-_261_819
train,ki3swm4r_-_222_745
train,ki731w3f_-_496_643
train,ki8hlm5x_-_478_706_-_501_731_-_476_747_-_565_793
train,kie7w4z1_-_157_600
train,kiipai5w_-_434_738
train,kijzd6td_-_424_608
train,kikqudkl_-_223_820
train,kiltfsiu_-_342_751
train,kipe76bc_-_339_720
train,kj0kv377_-_337_661_-_364_655
train,kj3l6gan_-_419_613_-_498_678
train,kj6fplyj_-_403_822
train,kj7jqenk_-_603_833
train,kjclrexq_-_135_575
train,kjd2rojl_-_143_865
train,kjeuzaak_-_138_624
train,kjt3gpi3_-_315_716
train,kjvvuuzl_-_154_607_-_178_598
train,kk1ps7kb_-_417_946
train,kk38jywe_-_542_793
train,kk4xrhxj_-_62_664_-_445_598_-_440_618_-_106_662_-_454_626
train,kk9ssjy8_-_477_790
train,kkg1dror_-_156_630_-_148_612
train,kkg7sd7u_-_158_816_-_369_732
train,kkhfdueb_-_109_754
train,kkqy3hpn_-_450_735
train,kkrv8zrc_-_70_691_-_4_757
train,kksnh3li_-_405_638
train,kkxoc7hs_-_486_678
train,kl1yeym3_-_401_705_-_592_677
train,kl51sccn_-_362_805
train,kl5qbws2_-_585_825
train,kl5stht5_-_191_642_-_384_638
train,kl88yue5_-_464_848
train,kl98j33j_-_137_928
train,kl9l9ymk_-_75_802
train,kldf63c4_-_599_799
train,klfrsh3d_-_600_782
train,klln0xai_-_478_635
train,klm1f0y7_-_65_732
train,klv2mizm_-_575_659
train,klv2pfmv_-_296_958
train,klwys8na_-_222_707_-_235_692
train,klz9wojb_-_180_889
train,km0mkgvi_-_149_686_-_258_761_-_244_757_-_129_655
train,km4nizip_-_235_1127
train,km71p35j_-_390_678
train,km8ta8na_-_166_684
train,kmb6n8tg_-_435_760
train,kmbqmxel_-_129_698
train,kmfgr7j4_-_101_629
train,kmiuyrpv_-_466_1059_-_251_1054
train,kmjr0s4b_-_414_673
train,kmlpn77i_-_208_1071
train,kmmtat5u_-_445_809
train,kmqm9qqg_-_302_786
train,kmr43lw3_-_257_617
train,kmr9p408_-_452_663
train,kmttl8ze_-_138_664
train,kmw4w4vb_-_150_769
train,kmxl3bj9_-_571_605_-_359_613
train,kmxxvs6t_-_214_581
train,kn0ej5kw_-_131_565
train,kn92bv2u_-_507_809
train,kna9yq4v_-_217_938_-_201_912_-_0_808
train,knahwg48_-_367_696
train,knbjq3v5_-_84_641
train,knc3kv9v_-_173_722
train,knfc50cw_-_200_1103_-_238_1173
train,knfkvefb_-_71_659
train,kng5kebf_-_334_753
train,kni905x8_-_540_654
train,knjp4796_-_329_632
train,knkhh2aw_-_289_626
train,knlh9a9v_-_343_815_-_338_825
train,knn80s48_-_205_905
train,knnwhk1f_-_403_743_-_383_745_-_392_744
train,knqhflzr_-_150_660
train,knqorn3d_-_232_570
train,knt9l02m_-_273_1004_-_319_921
train,knvdpimu_-_609_717
train,knw0yh3b_-_593_691
train,knwf7xzq_-_576_610
train,ko0dyt9d_-_246_705
train,ko0g4m1g_-_85_732
train,ko34kmq9_-_422_691
train,ko37fkmg_-_307_987
train,ko92pvr0_-_170_928
train,koi4y4sp_-_292_729_-_320_708
train,koickfg0_-_362_840
train,kolxpa5e_-_64_710
train,kon5egcl_-_315_643_-_299_606_-_115_615
train,kovqdhv7_-_58_523_-_649_517
train,kp08slpb_-_616_654
train,kp8h0kuf_-_290_712
train,kpfgf7pq_-_537_776
train,kpnabnty_-_528_861
train,kpo9ugsx_-_194_629
train,kpqcnv3m_-_240_677_-_38_705
train,kpsra1q0_-_420_656
train,kpssarkz_-_290_742
train,kpu604bt_-_345_828
train,kpubqzxs_-_304_644
train,kpx3larp_-_274_1021_-_244_1018
train,kpzw6oc1_-_111_960
train,kq0zkjr7_-_405_783
train,kq39yx7a_-_141_638_-_105_642_-_514_613_-_540_601
train,kq6gjm73_-_402_703
train,kq7t7b9d_-_260_742
train,kqchzt2m_-_367_724
train,kqcyk4qd_-_526_691
train,kqg7uk3s_-_337_663_-_359_723
train,kql06dna_-_416_883
train,kqnl3boe_-_68_661
train,kqok4fxl_-_325_732_-_365_772_-_139_790_-_352_763
train,kqpd1770_-_224_777
train,kqq180el_-_597_603_-_405_598
train,kr3ifc44_-_164_897_-_649_767
train,kr7sd8xv_-_490_758
train,kr9i8vjw_-_206_699
train,kragaxgu_-_269_719
train,krbcxblg_-_165_913
train,kreovh4y_-_294_952
train,krgz1kp9_-_134_807_-_623_868
train,krkmbkqa_-_453_689
train,krqin4x5_-_327_611
train,krqtrqno_-_533_852
train,krste27s_-_349_925
train,krveqy3m_-_327_801
train,krvfz9aa_-_293_664
train,krwdwad2_-_512_563_-_148_653
train,krxbffge_-_250_639
train,ks1km29a_-_255_845
train,ks2eakc1_-_156_625_-_516_623
train,ks8q64ui_-_194_666
train,ks8xsje3_-_567_584
train,ksd3vtho_-_361_739
train,ksdzpm76_-_329_640
train,ksgs9ad7_-_451_865
train,ksinkmr9_-_353_820_-_329_807
train,kskbwfze_-_334_877
train,ksluk406_-_375_811_-_4_903_-_2_856_-_411_852
train,ksobfz5b_-_451_755
train,ksowejra_-_162_800
train,kspsmec4_-_545_693
train,ksq8ozr0_-_120_862
train,ksr394uj_-_181_694
train,ksu484pk_-_378_968_-_478_859
train,ksww2j3p_-_196_695_-_231_634
train,kszls29g_-_233_749
train,kt4qpy4b_-_165_976
train,kt599i71_-_72_783_-_445_848
train,kt5xijii_-_321_742
train,kt7le352_-_483_679
train,kt8tvdo6_-_425_811_-_184_855
train,kta1m7tw_-_109_673
train,kta58j6f_-_390_801
train,ktcgi2wu_-_313_733
train,ktcke81g_-_190_638
train,ktdacs9c_-_160_666
train,kti6jkgb_-_327_696
train,ktjeg5lu_-_386_659
train,ktkyjlko_-_161_792
train,ktn1v7sp_-_343_737
train,ktnngqtz_-_206_782
train,ktsm5wcm_-_113_709
train,ktuz7f1y_-_582_583
train,ktw2a6q3_-_206_980
train,ktwshl1y_-_286_710_-_305_715_-_81_721_-_89_747
train,ktyh30a5_-_466_670
train,ku21fjno_-_465_676_-_580_692
train,ku51x0x9_-_287_742
train,ku6edroe_-_109_611
train,ku7pj928_-_142_940
train,kubdc2xt_-_536_909
train,kubfcr8l_-_94_717
train,kud1krct_-_394_652
train,kudfbr7v_-_219_635_-_640_663
train,kuf164e5_-_159_771
train,kufs3agv_-_464_696
train,kuhkuno3_-_609_770
train,kui0c2f4_-_396_881
train,kujsvwdj_-_449_792
train,kuklgxzb_-_256_966_-_227_950
train,kunylmn4_-_237_926
train,kuxhujza_-_311_759
train,kv06kt3v_-_95_723
train,kv4j5dqz_-_174_600
train,kv5bgnza_-_291_937
train,kv6zgwmp_-_289_707
train,kvbse8hg_-_253_609
train,kvcxgcwu_-_345_888
train,kvd7ckhe_-_271_682
train,kvheit8v_-_571_755
train,kvmiblny_-_387_520
train,kvmvx8np_-_180_835
train,kvq099tg_-_288_876
train,kvryj8pd_-_141_679
train,kvukfuhz_-_249_798
train,kvvq9c32_-_158_724_-_584_666
train,kvy79744_-_408_721
train,kw5ul8rc_-_447_847_-_441_865
train,kw73aasy_-_489_775
train,kw90kf8m_-_184_725
train,kwea0dtb_-_336_754_-_394_809
train,kwgx1kla_-_240_664_-_208_667_-_219_681_-_195_622
train,kwimj2iz_-_369_799_-_393_809
train,kwnag2cz_-_260_717
train,kwpe0p1t_-_54_616
train,kwr46b86_-_194_828
train,kwugpuzq_-_168_669
train,kwwcgop8_-_332_554
train,kwzex4pz_-_456_675
train,kxa4qbs6_-_457_493_-_672_667
train,kxajwnxy_-_384_694
train,kxh2ib8p_-_344_964
train,kxjxpxd5_-_259_628
train,kxk1xn48_-_308_1115
train,kxl13q7k_-_90_846
train,kxnv2566_-_226_911_-_310_872
train,kxqcy2jl_-_247_733_-_247_733
train,kxwrwwdx_-_358_653
train,kxwwa31a_-_257_727
train,kxy9ksdb_-_95_737
train,ky0fsv93_-_166_659
train,ky42jgqr_-_231_1031_-_658_725
train,ky8l06j3_-_176_668
train,ky9hp3ia_-_642_518
train,ky9knp1g_-_415_954
train,kyad7vbm_-_502_689
train,kyn78u0v_-_251_753
train,kyr0byk1_-_487_744_-_451_725
train,kys0ssbl_-_70_579
train,kysykyim_-_399_700_-_37_724_-_37_730
train,kyy7eikj_-_481_725
train,kyyhnqcr_-_260_727
train,kz0jc4mv_-_493_741
train,kz8jvkhw_-_193_666_-_189_630_-_312_703_-_52_653
train,kzcfdf5u_-_615_650
train,kze900is_-_149_734
train,kzi8fqsx_-_390_786
train,kzjrxjll_-_305_721_-_269_775_-_479_728
train,kzkruv2g_-_505_1010_-_554_830_-_551_814
train,kzkwzopg_-_525_991
train,kzl6c0mf_-_443_887_-_373_856
train,kznn6oxq_-_251_736
train,kzo6zmqo_-_595_703_-_611_690_-_604_709
train,kzqc65qz_-_450_687
train,kzs2ltic_-_206_787_-_156_812
train,kzs9t0n9_-_352_788
train,kzvuma0a_-_489_710
train,kzvymd6k_-_119_958
train,kzwvpagb_-_100_710_-_33_683
train,kzyn44wf_-_115_901
train,l001u5px_-_435_624
train,l00sjwai_-_106_650
train,l03dy2n6_-_227_690
train,l03mepek_-_477_750
train,l09mhvn1_-_337_860
train,l0clsatl_-_420_754
train,l0i6qs9t_-_262_859
train,l0j0e4fm_-_539_665
train,l0ozg73a_-_259_807
train,l0po1t8s_-_454_880
train,l0quekkb_-_396_800
train,l0smaa3p_-_561_821_-_234_966
train,l0sq2vv4_-_623_649
train,l0uku4rs_-_546_765
train,l0vn0ymd_-_326_628
train,l0we7ft5_-_321_703_-_333_696
train,l0xe4381_-_123_741
train,l0z0qnfr_-_207_656
train,l1092w81_-_454_603
train,l13iy3ef_-_531_768
train,l15pq4wn_-_574_747
train,l1cz9yqu_-_297_742
train,l1fhc8vu_-_352_668
train,l1gfl0ws_-_525_806
train,l1h28za6_-_565_710_-_575_718_-_556_711
train,l1k3i3c9_-_420_564_-_83_694
train,l1ltcdhi_-_361_915
train,l1n4zr25_-_469_993
train,l1n8fwzj_-_198_898
train,l1vpfitz_-_403_1099
train,l202kv4f_-_244_624
train,l21zc1td_-_393_533
train,l222ufzw_-_484_737
train,l23ba56e_-_294_759
train,l24r1ppt_-_141_610_-_504_655
train,l25w0hle_-_511_653
train,l274v10x_-_302_757
train,l2hac4oe_-_167_828
train,l2iwmvqw_-_555_780_-_505_750
train,l2kx5h14_-_139_716
train,l2l42b7q_-_366_694
train,l2mthxd5_-_517_935
train,l2ptxxmf_-_310_665
train,l2q186qm_-_90_750
train,l2rvq4xv_-_236_890
train,l2s25o83_-_217_1263
train,l2ssbqar_-_453_606
train,l2su0etn_-_456_740_-_439_731_-_459_736
train,l2tl8ckv_-_349_607
train,l2xmrl0q_-_423_775_-_60_826
train,l2zcedqo_-_96_611
train,l2zyd3bb_-_76_821
train,l36v66tb_-_557_660
train,l3gfabm9_-_348_899
train,l3mi8v0r_-_532_1079_-_587_1069_-_664_1001
train,l3pc3im4_-_325_713
train,l3t44idx_-_239_837
train,l3wda4we_-_563_678
train,l3z0y6mx_-_425_937_-_16_764
train,l3z791gb_-_519_726
train,l40e2bpk_-_401_748
train,l40i1oa0_-_197_744
train,l4aozgzv_-_447_914
train,l4b9k4wu_-_307_760
train,l4c2x4s5_-_577_881
train,l4iqexys_-_380_678
train,l4p2crh3_-_433_678
train,l4r3u7np_-_250_672
train,l4r4y7dr_-_436_787
train,l4sorter_-_109_781
train,l4x1bciq_-_453_801_-_533_769_-_463_732
train,l4xn9519_-_120_682
train,l4z2nu0m_-_96_631
train,l51jhqay_-_148_818
train,l52ypsza_-_88_719
train,l54w121h_-_387_780
train,l55mcayw_-_562_645
train,l5cqyqok_-_305_792
train,l5cvh237_-_428_547_-_551_529
train,l5evekup_-_414_787
train,l5kaxra2_-_279_749
train,l5kzabdq_-_266_638
train,l5lhgska_-_254_655
train,l5rnd8xs_-_283_843_-_261_777_-_393_737
train,l5u7ntof_-_517_1148
train,l5uq8hvu_-_122_801
train,l5y19juo_-_203_763
train,l5yfqilv_-_453_684_-_34_722_-_472_669
train,l5ynmwvl_-_135_760
train,l62bi8yg_-_418_784
train,l631pf04_-_543_733
train,l64bpv22_-_206_629_-_120_606
train,l67fhe6y_-_163_616
train,l69aww7a_-_81_828
train,l6b6acir_-_549_729
train,l6c8s363_-_526_618
train,l6ede8c2_-_72_768
train,l6fif8e8_-_252_707
train,l6k97dqo_-_125_778_-_141_784
train,l6ocuv20_-_247_615
train,l6rnj3il_-_455_1066
train,l6wg1e1q_-_400_713
train,l6wpvso8_-_136_745_-_138_738
train,l6xnakq8_-_72_624
train,l6ylo8uo_-_444_943
train,l72aetcz_-_402_691
train,l73fwqls_-_480_822_-_463_865
train,l75w9kti_-_373_726
train,l76k1d9c_-_100_678_-_496_674
train,l7b2stsf_-_373_849_-_104_1157
train,l7ijap7s_-_152_815
train,l7n8jxig_-_566_676_-_52_676
train,l7p17nef_-_383_662
train,l7pv2zuk_-_569_751_-_187_768
train,l7r72ypz_-_573_819_-_143_842_-_652_868_-_143_840
train,l7sakcvl_-_367_850
train,l7v2cunr_-_427_747
train,l7viaf2o_-_224_734
train,l7wq3mxk_-_359_763
train,l7wxdmyq_-_321_901
train,l7yxqzg2_-_609_772
train,l8dq4ibq_-_522_877
train,l8kgsedq_-_93_790_-_96_890
train,l8mmahvw_-_485_653
train,l8r84994_-_93_735
train,l8rh13w6_-_542_818
train,l8vgo2sw_-_235_786
train,l8wj24c7_-_412_806
train,l8wkk6y3_-_389_720
train,l96s7t05_-_131_618
train,l97axat5_-_327_914
train,l98mlh7j_-_569_822_-_579_881_-_607_865
train,l991kg1a_-_215_661_-_592_665
train,l9hko42d_-_372_686
train,l9j50zb1_-_344_953
train,l9mj9u75_-_155_504
train,l9nnokyc_-_519_734
train,l9pt8mbl_-_183_875
train,l9suukct_-_451_699
train,l9vorvy9_-_412_871
train,l9w2hmkr_-_599_709
train,la0rd38g_-_325_977_-_291_960
train,la0yp90r_-_596_795
train,la1w6ksr_-_260_1068
train,la2nww1e_-_555_685
train,la37c08v_-_196_1183
train,la43s2m8_-_249_578
train,la8d9sj1_-_322_635
train,la9az2pv_-_488_881
train,lag50ldy_-_301_696
train,lajh8htz_-_295_658
train,lajw6704_-_293_610
train,laljwdn8_-_548_578
train,lap3y0n3_-_455_1026
train,las4fckf_-_243_842
train,layr2wxx_-_434_649
train,lb6chl9m_-_93_836
train,lb6cv5qg_-_314_822
train,lb7br6i3_-_218_700
train,lbbbcdfk_-_250_681_-_425_647
train,lbc8zyl5_-_263_693
train,lbgzqypz_-_223_842_-_217_853
train,lbl9292v_-_298_1080
train,lbmmyvwm_-_428_733
train,lbmvvs90_-_522_634_-_545_653
train,lbqyztdd_-_266_795
train,lbsaqk5q_-_173_631
train,lbtzg1ac_-_328_861
train,lbuex3e9_-_260_598
train,lby7e3uq_-_519_598
train,lbyyytwn_-_260_611
train,lc5gpbjj_-_234_730
train,lcc4228a_-_183_738_-_169_877
train,lci8ct66_-_177_757
train,lcnsfzl8_-_275_659_-_291_665
train,lcnyk3ly_-_489_699
train,lcp35l5l_-_496_999_-_516_866
train,lcphmu0v_-_214_643
train,lcrqjoxw_-_225_689
train,lctuh9ov_-_485_724
train,lcx0nlw0_-_472_751_-_583_876
train,lcyxy870_-_321_812_-_412_875
train,ld4jiwsy_-_248_805_-_260_769
train,ldcv0j0a_-_403_1002_-_454_1027
train,ldcwx9re_-_184_878
train,lddqhz7j_-_232_761_-_657_765
train,ldfe3teg_-_408_778
train,ldh26s8w_-_371_861
train,ldhei0fg_-_199_797
train,ldlzgrog_-_301_665_-_618_761
train,ldn54udt_-_243_703
train,ldpj4a3x_-_90_800
train,ldsafcov_-_461_641
train,ldu677r4_-_327_932
train,lduhgyk7_-_55_627
train,lduq0er8_-_185_834
train,ldwb9pba_-_562_735
train,ldx1ax0g_-_74_705_-_428_727_-_452_725
train,ldxiziiv_-_264_577
train,le0wt901_-_220_615_-_492_650
train,le1otmch_-_209_764
train,le1wsv58_-_566_654
train,le1yaqlr_-_469_749
train,le2c4frb_-_248_685_-_44_712
train,le5z5a4o_-_250_706
train,le651qtj_-_115_718
train,leaoqed1_-_360_824
train,legxb86f_-_266_725
train,lehgvnw4_-_398_584
train,lehmf4v9_-_64_680
train,lekhsdtc_-_419_534_-_668_512
train,lelujjyg_-_268_704
train,len561bi_-_130_966
train,lesrhc1h_-_500_766
train,leszxikv_-_612_739
train,letgv55o_-_517_729
train,lexykfgm_-_492_730
train,lf4rsbht_-_285_992
train,lf5zmhl9_-_212_723
train,lf8vhmkx_-_337_860
train,lfbj2aet_-_509_762_-_159_776
train,lfbtyhbw_-_378_748
train,lfdq9md0_-_569_669
train,lfdx4dvv_-_412_1390
train,lfdzah9z_-_226_693
train,lffyq7t9_-_102_704_-_35_756
train,lfnus6km_-_193_667
train,lfpt1xi0_-_130_701_-_495_638
train,lfseap9y_-_287_864
train,lfupime7_-_591_667
train,lfvwr4v8_-_303_683
train,lfw8ghhs_-_111_744_-_123_744
train,lfyzlzix_-_433_741
train,lg3p72e8_-_420_836_-_373_784
train,lg41ieoe_-_417_865
train,lg4cwpb4_-_505_779
train,lg54fhr4_-_577_826_-_595_854
train,lg5ehv5l_-_214_1185
train,lgakyrd0_-_465_834
train,lganev6r_-_179_1144
train,lggojuqm_-_443_664
train,lgilr4k6_-_556_536
train,lgndhj67_-_497_759
train,lgnrpzdg_-_267_749
train,lgqkfxz8_-_215_581_-_427_589
train,lgrq0hpm_-_115_774
train,lgwanelf_-_466_755
train,lgzsbs19_-_290_791
train,lh9wnmpt_-_142_591_-_142_592_-_127_624
train,lhb65105_-_357_1061
train,lhc4m8ws_-_91_738_-_90_743
train,lhftyjks_-_99_588_-_674_854_-_626_744
train,lhgouttr_-_296_863
train,lhhyv8nt_-_372_818
train,lhji5vcw_-_180_872
train,lhm6y2wv_-_529_868
train,lht5t9pa_-_358_833
train,lhunctjl_-_419_697
train,lhvq9l4d_-_544_845
train,lhxf70wh_-_119_659
train,li02xjrh_-_333_911
train,li2aa6jc_-_446_718_-_396_672
train,li5l38g6_-_276_861
train,li6jspvs_-_518_1401
train,li6x8ymg_-_475_638
train,li8iqj4d_-_455_626
train,li9wiq7p_-_551_719
train,liasau6t_-_468_698
train,licbuoxv_-_207_699
train,lidihvva_-_452_770
train,lielb4bp_-_432_771
train,liif9ils_-_575_544
train,likwytke_-_61_588
train,lilwjmii_-_559_1050
train,limaucxy_-_338_699
train,lipa5ri7_-_596_744
train,lipd6cab_-_307_703
train,lipgbfxf_-_390_786
train,lizqu7yl_-_150_765
train,lj3dqwdx_-_465_599
train,lj4ggn71_-_168_697
train,lj7b5sfi_-_215_680_-_261_662_-_424_654
train,ljf27j4b_-_384_614
train,ljkj6drm_-_547_663
train,ljn72t4o_-_96_614
train,ljnp1ung_-_320_761
train,ljrtbyo6_-_485_519
train,ljy6uq7m_-_109_760
train,lk03xqzg_-_531_706
train,lk70yhzr_-_480_682
train,lk94w6ct_-_581_716
train,lk9owg0i_-_335_1575
train,lkd4csdz_-_353_732
train,lkgl7qod_-_434_639
train,lkj96c14_-_346_604
train,lkm7h1j3_-_562_932_-_86_929
train,lkn8rdt1_-_385_762
train,lkp4m73r_-_381_1292
train,lks7mvd2_-_111_710
train,lkux0jzt_-_536_862_-_553_880_-_511_860
train,lkw2oh4m_-_293_796
train,lkwbqq4j_-_399_733_-_515_806_-_417_720
train,lkzss54q_-_149_619_-_513_692_-_66_609
train,ll4dq0rx_-_311_532
train,ll99tj61_-_325_648
train,llas5753_-_520_687
train,llc215gl_-_489_873
train,llckm01l_-_577_638
train,llfyiltq_-_556_892
train,llgw32pi_-_345_541
train,llhd2064_-_222_636
train,llpix7oe_-_208_761_-_500_736
train,llpvu5iq_-_484_743
train,llqqpdpq_-_560_666
train,llu4cfj6_-_105_954
train,lm026c41_-_123_579
train,lm05j0qp_-_575_905
train,lm2kzu4a_-_373_784_-_420_836
train,lm3wa4lz_-_605_662
train,lm4r52sn_-_417_656
train,lm6hgzvi_-_411_709
train,lm8b2zgf_-_360_717
train,lm8tr9yb_-_596_697
train,lmeqrv0r_-_367_865
train,lmk903ob_-_600_724_-_560_599
train,lmlefld4_-_282_777_-_342_783
train,lmmyxfl5_-_164_667
train,lmry9767_-_303_823
train,lmyw1l24_-_446_684
train,ln2qle7t_-_135_775
train,ln914zqe_-_325_776
train,lnb5tk7n_-_283_778
train,lncz7ah5_-_161_760
train,lnd30gzt_-_433_636
train,lne72toh_-_81_688_-_205_649_-_19_586
train,lnhtr6yt_-_427_659_-_427_695_-_1_694
train,lnibc1de_-_500_676
train,lniiopnp_-_92_676
train,lnjfk6bg_-_328_819
train,lnjig94i_-_426_606_-_601_650
train,lnjowayh_-_515_856_-_491_859
train,lnmlt6nu_-_398_660_-_87_684
train,lnraj1we_-_515_701
train,lnrnjob1_-_577_798
train,lnsqfmy3_-_74_604
train,lnt2wsdr_-_546_767
train,lnt8ieua_-_186_923
train,lnwiz5fa_-_259_744_-_276_759
train,lnxx621t_-_345_860
train,lnyxvyfv_-_565_600_-_295_696
train,lnz2eix3_-_569_995
train,lo09jrsq_-_282_718_-_662_788
train,lo784stf_-_116_891
train,lo7lv71m_-_379_761
train,lo8sjqza_-_83_562
train,lochiodv_-_233_704
train,locm06f3_-_84_611
train,loepwrxe_-_171_791
train,lofmfkie_-_60_631
train,lofn1ejq_-_248_715
train,lohfcf4s_-_372_684
train,loho3a8t_-_125_1108
train,loiqdvky_-_560_844
train,loixl010_-_455_690
train,londd1zw_-_70_720
train,lonmcr7j_-_249_719
train,looki5qr_-_288_815
train,lor9x1zl_-_466_556
train,lors1n98_-_169_1192
train,loth5gum_-_418_848
train,lov09q1x_-_522_588
train,lov99scv_-_456_658
train,lowodvvf_-_147_819
train,lozyp1b4_-_336_978
train,lozzen5u_-_395_898_-_398_925
train,lp2425hv_-_85_689
train,lp2la6kw_-_348_965
train,lp3yyor0_-_149_767
train,lp70dq5q_-_484_681
train,lp974l6q_-_593_655_-_103_665_-_207_675
train,lpabgxn6_-_342_740
train,lpf1epmr_-_90_652
train,lpqmva82_-_501_974_-_509_845
train,lpteix6k_-_73_649
train,lpvo7lir_-_537_771
train,lpw8afju_-_477_813_-_477_890
train,lpzsgzs8_-_495_805
train,lq2h1ysq_-_207_1110
train,lq3cwfhj_-_204_840
train,lq70wd3a_-_588_622_-_589_612
train,lqe8urhp_-_577_651
train,lqlw7od6_-_260_687
train,lqn133r5_-_177_751
train,lqn9rskm_-_223_955
train,lqovcemz_-_93_724
train,lqovoig5_-_576_602_-_562_690
train,lqp02o7i_-_210_909
train,lqt60xa3_-_499_752
train,lr05o34y_-_540_790
train,lr52nmcj_-_532_890
train,lr61gtjt_-_365_749
train,lrgpq6hc_-_480_619
train,lrjq1ehs_-_197_919
train,lrmf44cw_-_249_786_-_226_805
train,lrn2fecx_-_278_907
train,lrt093ed_-_508_682_-_527_685_-_519_696_-_511_678_-_496_683
train,lrujbdfy_-_228_855
train,lrvod2wp_-_624_642
train,lrwmzd6e_-_410_649
train,lrxktdcm_-_234_714
train,lryad3wj_-_396_667
train,lryw8kt0_-_312_785
train,ls0rbg5y_-_222_723_-_259_725
train,ls4q0xwv_-_626_640
train,ls8jpzv7_-_99_814
train,lsb9yahn_-_129_913
train,lsc4f3l8_-_285_777
train,lsc4juos_-_170_688
train,lsi917e0_-_161_683_-_338_668
train,lsktgslm_-_95_856
train,lsm3ngj3_-_378_746_-_389_735_-_345_730
train,lsm5ii6r_-_484_758
train,lso3arot_-_559_755
train,lsp3h95i_-_392_807
train,lsqkrknj_-_289_653
train,lsqum4l9_-_222_746
train,lsrh9ui8_-_300_821
train,lstua49o_-_176_732
train,lsu7z18r_-_88_753
train,lsybw56h_-_375_566
train,lt9lrn6m_-_177_811
train,ltb4w7ln_-_396_544
train,ltcgl22j_-_383_652_-_391_658
train,lteew78l_-_461_595
train,lti0crg3_-_449_658
train,ltlgvcuf_-_428_611_-_662_564
train,ltne12qh_-_210_738
train,ltoklk0k_-_451_733
train,ltps3llh_-_335_728
train,ltqlucwj_-_539_726_-_649_724
train,ltt9g3sh_-_525_739
train,ltxweokx_-_288_669
train,lu1k3sdt_-_150_851
train,lu4vth3m_-_559_656
train,lu5yysiz_-_162_683
train,lu680nca_-_509_650
train,lu87w1uy_-_174_940
train,lubewd7c_-_214_864
train,ludn1crz_-_158_627
train,luek45ic_-_109_820_-_64_783_-_71_773
train,luiycpaf_-_518_1296
train,lujag5gw_-_273_861
train,lujwyvw0_-_396_757
train,lup88hfw_-_396_1184_-_420_1086
train,luudc3pr_-_211_867_-_177_932_-_106_885
train,luuwzee7_-_182_786
train,luyc1mjr_-_341_716
train,lv0vx33l_-_307_920
train,lv3d0bh8_-_522_687
train,lvaothyo_-_452_738
train,lvbork0j_-_355_901
train,lvczmyfi_-_456_663
train,lvemv548_-_358_537
train,lvhc44ha_-_480_741
train,lvhf1qka_-_169_962
train,lvk57fuk_-_157_717_-_153_690_-_334_720
train,lvnnnvir_-_538_632
train,lvptcpyq_-_154_707
train,lvwko4mh_-_561_678
train,lvynj34q_-_233_930
train,lw09xr6z_-_561_718
train,lw10afmu_-_427_618_-_631_756
train,lw2e9jle_-_94_789
train,lw5wtxwq_-_479_728
train,lw7kxvni_-_443_802
train,lw8ilu02_-_448_771
train,lw9834wh_-_390_757_-_408_756
train,lw9j1w01_-_167_1316
train,lwa4gqwg_-_91_848
train,lwcpik4e_-_535_914
train,lwdrrvvl_-_461_859
train,lwfnjxxl_-_551_790
train,lwg3mbhq_-_531_917
train,lwhohlo6_-_235_949
train,lwltgeoy_-_270_574_-_381_568
train,lwp6sypf_-_310_919
train,lwrhwdxy_-_487_766
train,lwvk5j8z_-_345_759
train,lwvm0qg4_-_448_712
train,lwvxv9cg_-_482_738
train,lwwqrwca_-_458_1183
train,lwxx9h7f_-_370_793_-_16_802_-_19_813
train,lwyr6s1g_-_496_1165
train,lwywylky_-_383_800
train,lx1p3bib_-_167_627_-_187_672
train,lx5ppw57_-_204_805
train,lx91jkoh_-_280_1308
train,lx95jidl_-_431_596_-_594_549
train,lxef24hs_-_463_998
train,lxf5gxn7_-_445_788_-_516_903
train,lxfwv51g_-_383_813
train,lxhg71g9_-_248_858
train,lxkdpes0_-_256_1142
train,lxptgi99_-_246_1214_-_245_1203
train,lxvsklx9_-_597_624_-_634_593
train,ly1asbyn_-_140_665
train,ly3jccv1_-_545_567
train,ly4dvzfj_-_134_738
train,ly6ixkhp_-_400_692_-_433_659
train,ly8hw4ok_-_422_578
train,lybe8hql_-_168_518
train,lybjqm20_-_586_758
train,lygo1x4i_-_382_726
train,lyi4v5bf_-_506_717
train,lyl6pyf0_-_387_623
train,lym5ui9j_-_124_868
train,lypmjtyg_-_553_880_-_536_862_-_511_860
train,lyr9bhag_-_142_936
train,lyvetvdr_-_130_789
train,lyvtc0o3_-_63_653
train,lywdtvdd_-_548_890
train,lz0h7luq_-_516_794
train,lz4cb6yw_-_220_775
train,lz5bc0v3_-_614_698_-_553_707
train,lz6h9xc1_-_283_721_-_306_746
train,lz7rl8pz_-_387_683
train,lz84s5qv_-_309_923
train,lz9rpk59_-_347_573
train,lzbk2a44_-_613_609
train,lzemjurd_-_352_741
train,lzen48ld_-_73_654
train,lzgxizm8_-_181_876
train,lzh1ky4g_-_533_1151
train,lzhegchf_-_544_817
train,lzi91rtn_-_134_736
train,lznf6ic5_-_255_643
train,lzng2rrf_-_278_764
train,lzo5osog_-_164_597_-_195_611
train,lzrnvr0w_-_103_652
train,lzryhfrt_-_510_701_-_467_807_-_570_720_-_455_784
train,lzsq9272_-_371_744
train,lzusdscl_-_578_890
train,lzvnpcnj_-_525_740
train,lzzfwxlp_-_430_760
train,m00l2odb_-_478_867
train,m02srvld_-_101_796
train,m042gbhn_-_293_646
train,m0hplwfc_-_468_697
train,m0hq4pri_-_279_1181
train,m0i47xhi_-_389_684
train,m0j8w4z4_-_92_553
train,m0kg9rnv_-_351_879
train,m0tabeuc_-_238_677
train,m0uuc9lp_-_514_649
train,m0v6cgci_-_388_1131
train,m0whiuzl_-_283_843
train,m0xhojc2_-_582_772
train,m16a22hf_-_462_624
train,m190z5w6_-_443_662
train,m19wb1ub_-_611_694
train,m1awhpdn_-_453_1008
train,m1dyad29_-_359_762
train,m1g7r5qy_-_201_746
train,m1h07lzu_-_109_801
train,m1i7i0jh_-_593_800
train,m1l1mvcg_-_368_756
train,m1nf06vm_-_196_699_-_315_929
train,m1rhxt0i_-_117_653
train,m1rj7rpd_-_590_666
train,m1vnd1mc_-_437_663_-_122_668
train,m1w7gcsk_-_500_798
train,m1z3ley2_-_264_762
train,m239pc8o_-_115_646
train,m23j503r_-_321_856
train,m24divtz_-_516_759
train,m24ouhsf_-_184_830_-_266_894
train,m26xipe9_-_522_770
train,m291f2ux_-_531_848_-_653_846
train,m2bq873j_-_583_702
train,m2c5xzbx_-_410_975
train,m2f49gzz_-_111_637
train,m2ffxt14_-_522_724
train,m2ktmakj_-_196_1102
train,m2l57nb8_-_492_924
train,m2s0vsae_-_603_728
train,m311t7lc_-_168_700_-_420_773
train,m33i9pxj_-_373_598
train,m33vhh0s_-_544_798
train,m37r2r1u_-_211_706
train,m39998zm_-_565_804
train,m39bzww7_-_481_800_-_582_870
train,m39h6o7j_-_506_662
train,m3a374er_-_364_542
train,m3cbaobj_-_199_873_-_625_803
train,m3fget21_-_586_829
train,m3gfxr70_-_195_772
train,m3gk7gml_-_216_874
train,m3h35xte_-_480_811
train,m3kope6f_-_388_847
train,m3nwelna_-_410_815
train,m3p3009p_-_353_762_-_328_782_-_368_784
train,m3z106gd_-_156_917
train,m422iivu_-_242_820
train,m436lmek_-_589_822_-_591_842
train,m45c3vsn_-_411_697
train,m47cjkz3_-_181_774
train,m48h11r6_-_590_640
train,m4cud6xn_-_219_630
train,m4hyp61p_-_347_689
train,m4jb3o4l_-_413_709
train,m4jcjz6k_-_283_721
train,m4kedn8z_-_271_749
train,m4mkmd82_-_282_733
train,m4n36zr9_-_451_856
train,m4nc6zit_-_431_837
train,m4ox8abk_-_104_625
train,m4px6fzf_-_172_709
train,m4ryhm1j_-_241_1057
train,m4vo6pia_-_80_739_-_87_746
train,m4x4dq7a_-_299_921
train,m4yr01nc_-_313_700_-_241_702
train,m4yyh6ns_-_354_678
train,m50mkj7l_-_551_1203
train,m56lu83l_-_232_613
train,m573t287_-_299_990
train,m5ahtmlu_-_113_616
train,m5b9drdn_-_506_649_-_496_764
train,m5dd0f6o_-_234_1288
train,m5drebmq_-_218_739
train,m5exuwpw_-_323_761_-_279_797
train,m5h74z0p_-_125_638
train,m5hfkp4c_-_458_717
train,m5i4tfxm_-_142_887
train,m5i86914_-_629_621_-_629_637_-_652_641
train,m5kzglz0_-_368_690
train,m5pwgpug_-_252_855
train,m5rk1acp_-_293_570
train,m5s09kly_-_96_536_-_382_482
train,m5sx5zda_-_463_706
train,m5t4gid8_-_451_1029
train,m5tmmpax_-_286_618
train,m5uezux1_-_363_868
train,m5v0u86y_-_598_651_-_619_641_-_643_622_-_605_639
train,m5z9cdny_-_253_773
train,m5zbu1n3_-_234_680
train,m69o6yt8_-_290_846
train,m6bhicip_-_138_922
train,m6f69r0t_-_324_933
train,m6mcpfrh_-_532_706
train,m6mi6i3v_-_195_639
train,m6nsl74e_-_318_751
train,m6oj2ysr_-_261_715
train,m6op0hl9_-_220_988
train,m6qs7pey_-_338_724_-_330_772
train,m6y267a8_-_165_597
train,m6y9uln0_-_356_830
train,m704w3za_-_163_542_-_415_596
train,m729mrsx_-_202_779_-_205_761
train,m7527km6_-_258_840
train,m77wmirz_-_384_858
train,m789w8xx_-_401_772
train,m78bqown_-_492_711
train,m79t585i_-_419_767_-_57_712_-_409_761
train,m7g7dq4l_-_206_659
train,m7g9yppj_-_168_746
train,m7iunscb_-_406_566
train,m7lp9lc7_-_283_622
train,m7o6ebuy_-_334_935
train,m7rrvwgx_-_356_823
train,m7sd761m_-_122_668_-_437_663
train,m80fwsyz_-_335_732
train,m81mbo0z_-_203_698
train,m82fl6mn_-_426_714
train,m85f7bvq_-_265_619_-_594_618
train,m8b9m2hh_-_234_858
train,m8fp3gt7_-_618_594_-_136_576
train,m8frnuhj_-_436_801
train,m8ktsmrh_-_273_758
train,m8kxatsm_-_397_659
train,m8m6orad_-_604_628_-_596_668
train,m8nrgs9g_-_488_874_-_457_880
train,m8pyeuy2_-_544_792
train,m8zc782l_-_551_795
train,m8zwwe97_-_418_647
train,m92o2z5k_-_506_996
train,m96bg9wm_-_489_655
train,m99msp1u_-_134_714
train,m99pvgoc_-_103_814_-_162_786_-_226_761_-_180_797
train,m99vxit9_-_58_650
train,m9aqvrwc_-_208_722
train,m9ehtwf2_-_370_729
train,m9g2jnxi_-_371_749
train,m9gj113x_-_623_525
train,m9htv7el_-_554_700
train,m9i3pczg_-_96_782
train,m9jn3dk6_-_151_727_-_467_797_-_148_724
train,m9l86a36_-_527_1005
train,m9ldyhtf_-_429_673_-_390_664_-_408_648
train,m9nm0ouc_-_601_818
train,m9poon9w_-_150_862
train,m9re6503_-_559_712
train,m9rsfgxq_-_575_834_-_585_852
train,m9timnac_-_304_689_-_661_679
train,m9woym0n_-_226_831
train,m9y0ez22_-_67_713
train,m9zqipfh_-_328_711
train,m9zso1jy_-_354_859_-_357_836_-_383_799
train,ma24t0jp_-_561_691
train,ma7et3dd_-_207_675_-_593_655_-_103_665
train,ma9pbtnm_-_565_661_-_590_649
train,maaxhhpu_-_457_721
train,maf1l1nk_-_421_697_-_85_679
train,makdn7jo_-_160_1150_-_199_1109
train,makrl6ph_-_603_708
train,malj2wbi_-_204_727
train,malxx9os_-_495_672
train,maqj8q1b_-_391_520
train,mar8gad7_-_231_768_-_182_585_-_406_609
train,mau70tn7_-_301_684
train,mav9z39r_-_294_824
train,mavmpt51_-_342_681
train,mb50bxs7_-_175_1011_-_161_1020_-_482_759_-_171_1040_-_471_759
train,mb6rx179_-_173_815
train,mbfe3ay6_-_461_579
train,mbj8qtxj_-_470_829
train,mbo4kzlo_-_411_916
train,mby8cnlr_-_344_1402
train,mc08p8fw_-_328_778
train,mc453mnm_-_272_723
train,mc8nwbp8_-_173_741
train,mcbv17no_-_586_721
train,mcfr9dwi_-_441_669
train,mcjnyfm0_-_330_911
train,mcnijsnk_-_301_991_-_225_1023
train,mco73v3q_-_540_720_-_585_654
train,mcxe1od6_-_309_735
train,md0bht7w_-_234_650
train,md4h5gmn_-_420_722
train,md5f9wek_-_557_736
train,md8of48b_-_595_782
train,mdeptt71_-_478_748_-_22_772
train,mdhfsn1w_-_253_784
train,mdinykn8_-_108_657_-_108_660
train,mdmef79b_-_347_784
train,mdna73c7_-_513_851
train,mdnwr3du_-_190_685
train,mdprsc72_-_272_687
train,mdq0norw_-_349_899
train,mdsd2fb3_-_439_689
train,mdvfovck_-_287_762
train,mdwdycxv_-_494_765
train,mdxecbpw_-_252_535_-_274_528
train,me0ywfjr_-_361_795
train,me3zb8pj_-_94_729
train,me5081am_-_498_854
train,me57hgdl_-_215_613
train,meatafh0_-_270_679
train,meddt8d9_-_129_813_-_545_842
train,mef339wk_-_514_763
train,mefcswvl_-_402_915_-_480_886
train,megt1epz_-_409_1330
train,meile9uu_-_561_858
train,mejkf9q4_-_475_672_-_434_594_-_367_598
train,meleipsc_-_301_826
train,mem0lhk3_-_287_1089
train,meohf6h9_-_153_742
train,mes8wbl3_-_104_786
train,mey8gv71_-_280_661
train,mf0xh1pp_-_305_679
train,mf1yc8l6_-_462_711_-_30_707
train,mf28ogni_-_608_713
train,mf2quwfn_-_311_872
train,mf461a6g_-_573_678
train,mf67vtmy_-_207_752
train,mfdltpj7_-_337_657
train,mfe93j8c_-_139_765
train,mffbup7r_-_547_1010
train,mfjwp2hu_-_468_980
train,mflggf9r_-_602_793
train,mfm100ix_-_543_664
train,mfn5zbib_-_378_711
train,mfnrtka8_-_441_681
train,mfprb1jb_-_360_674
train,mfqmjceu_-_190_616
train,mfrgss3v_-_230_712
train,mfsqwj1t_-_567_693
train,mg08inxd_-_132_983
train,mg4qur8z_-_273_679
train,mg8qegac_-_86_880
train,mg9mpk03_-_231_916
train,mga12rvo_-_94_735
train,mghov3a9_-_340_849
train,mgkqwvv9_-_244_699
train,mglqw870_-_286_781
train,mglw230n_-_590_681
train,mgsmir0c_-_565_518_-_420_586
train,mgunuz69_-_142_920
train,mgv16pz8_-_135_714
train,mgxn859o_-_348_756_-_655_724
train,mh1pyyu2_-_177_805_-_179_822
train,mh456hrm_-_106_787_-_506_663
train,mhag47cx_-_131_759
train,mhaxuvsm_-_371_719
train,mhgdyh6m_-_431_822
train,mhrfwnr6_-_158_699_-_574_714
train,mhspx73j_-_83_551_-_235_552
train,mht1kh0c_-_114_739
train,mhu4vpuu_-_504_655_-_141_610
train,mhycj8wu_-_585_614
train,mi09ijm8_-_168_772
train,mi36coz2_-_341_860
train,mi36nd97_-_504_799
train,mi3fopst_-_144_629
train,mi5i2r2r_-_325_746
train,miaqyo2x_-_319_816
train,mif8gtkw_-_356_652
train,mihmp57e_-_91_850_-_138_802
train,mijki0se_-_333_941
train,mikl0068_-_539_651
train,mimcnbxa_-_329_736
train,mioa7cu1_-_121_816
train,mipjxmgg_-_289_754
train,miplhbg7_-_473_689
train,mipy1hev_-_536_813
train,mirgvsi7_-_438_809
train,mis3zrbs_-_499_943
train,misftwvq_-_244_667
train,miuehif2_-_401_881
train,mivb6vvf_-_144_984
train,miz0vfrz_-_142_710
train,mj4581rm_-_181_677
train,mj5b99yz_-_561_827
train,mj6j4lp1_-_484_737_-_51_664
train,mj91v6af_-_42_547
train,mja797m5_-_113_704
train,mjaags3l_-_354_911
train,mjal1zn4_-_526_755
train,mjg0nf2q_-_622_693
train,mjo8ooy1_-_392_798_-_403_820_-_432_763
train,mjownbro_-_447_727_-_432_704
train,mk2lpqr5_-_352_699
train,mk6pupan_-_578_648
train,mk7gyyt9_-_332_917
train,mkhghqeg_-_395_727
train,mkjtr2bo_-_225_786
train,mklnbdj5_-_352_669
train,mkmcftti_-_227_795
train,mkmd27bf_-_251_736
train,mksn2h8l_-_190_1029_-_95_782
train,mku5z3r5_-_488_674_-_490_718_-_464_692
train,mkv4vcxn_-_592_641_-_605_661
train,mkxuxy4i_-_193_738
train,mkztfa3a_-_317_702_-_657_625
train,ml038af8_-_271_1015
train,ml3d4w3q_-_324_786
train,ml5wn0uf_-_442_724
train,ml8i21pp_-_375_704_-_355_711
train,ml8vwvrq_-_329_741
train,ml9kq3wb_-_424_686
train,mle2k0ol_-_166_706
train,mlf4wmz2_-_130_732
train,mlhmdzph_-_491_751
train,mlkak50j_-_325_873
train,mlq858zr_-_196_488
train,mlry5ya9_-_59_608_-_530_599
train,mm0g2nlo_-_258_717_-_292_756_-_529_682
train,mm23sj7p_-_315_837_-_326_838_-_373_822
train,mm4dw3u0_-_547_862
train,mm5ytv0y_-_291_1280
train,mm8ph1rl_-_224_718
train,mmca73vl_-_352_729
train,mmf1nqws_-_259_739_-_664_730
train,mmfftpio_-_185_716
train,mmk8ybz3_-_347_605
train,mml7a90d_-_219_626
train,mml80nmd_-_394_950_-_334_967
train,mmman5tk_-_389_798
train,mmpetidz_-_228_740
train,mmr0zh2u_-_169_720
train,mn0urmx6_-_238_700_-_454_655
train,mn5pklof_-_447_673_-_480_690_-_415_646
train,mn7g9653_-_82_746
train,mnb1xki7_-_314_750
train,mnb3yo82_-_405_763_-_414_778_-_4_771
train,mnfkdnbs_-_393_648
train,mnfth0gk_-_188_700
train,mnhuaozs_-_124_706
train,mnl7d9mi_-_539_1072
train,mnpl9jbi_-_402_1028_-_262_1110
train,mnqo6jjo_-_625_599
train,mnupaf1a_-_347_732
train,mnvtx2b6_-_284_647
train,mnxglgne_-_132_613
train,mnxq0bam_-_502_800_-_111_933
train,mnyn8sg5_-_452_764
train,mnza9c1j_-_99_662
train,mo0e579k_-_365_1141_-_272_1070
train,mo12772y_-_506_711
train,mo36kt7x_-_310_875
train,mo523y0v_-_113_676
train,mo7je0xk_-_246_673
train,mo80kobr_-_336_756
train,mo9es6zb_-_181_574
train,mo9llpls_-_135_618_-_28_653
train,mobdx56p_-_478_733_-_484_718
train,moefba4g_-_316_636_-_510_675
train,mof0b5sl_-_236_1248
train,mofgeumk_-_463_642_-_156_656
train,mofuvh25_-_549_719
train,mojauxnj_-_302_844_-_375_831
train,moo3mwmx_-_465_706
train,mopqgb1x_-_519_1067
train,morzqhmk_-_242_582_-_469_583
train,mose21h6_-_344_844
train,moyy2xxw_-_130_728
train,mpaiyh1x_-_295_818
train,mpaza3ml_-_475_784
train,mpb3pau1_-_222_1073_-_158_1044
train,mpcwfgls_-_124_807
train,mpgdh88j_-_408_648_-_390_664_-_429_673
train,mpifzcnk_-_76_823
train,mpjt53ga_-_613_681
train,mpk9sgb2_-_441_767
train,mpn9drr6_-_193_719
train,mpqtulit_-_408_631_-_206_617
train,mpt0tvfo_-_357_1069
train,mpuzecyp_-_220_808
train,mq19cnyj_-_330_802_-_340_835_-_376_866
train,mq1yrjp1_-_289_638
train,mq21nvw4_-_109_651
train,mq311kbj_-_162_849
train,mq3pntbu_-_549_661
train,mq9wtm8b_-_570_812
train,mq9zdi2q_-_428_726
train,mqasqh7b_-_117_987
train,mqd9sl3m_-_142_959
train,mqejv89b_-_334_744
train,mqgjz1uj_-_435_838
train,mqid26vl_-_548_944
train,mqkzv69k_-_357_718
train,mqmplpeg_-_307_753_-_318_746
train,mqr8k13m_-_307_751_-_597_826
train,mqv2l44f_-_420_949
train,mqxuqucq_-_431_702
train,mqy6d162_-_480_768_-_476_766
train,mqyr4wg7_-_443_651
train,mqzp2dhw_-_178_620
train,mr1s6ajo_-_345_550
train,mrcb74hc_-_106_644
train,mrd9ywr3_-_125_737
train,mrdd84gq_-_625_657
train,mrmm3r7o_-_180_587
train,mrreqzhk_-_207_948_-_195_957_-_207_956
train,mrrfjymo_-_132_690
train,mrt9axrx_-_318_619
train,mrtp2arw_-_150_621
train,mrva7x6r_-_339_699
train,mrzwym7m_-_392_588_-_88_617
train,ms0fyo2x_-_496_794
train,ms0umeao_-_429_723
train,ms1f8303_-_242_761
train,ms1ih1kd_-_593_600
train,ms49sb1s_-_247_798
train,ms508yle_-_306_906
train,ms56ibel_-_116_808
train,ms608pjo_-_283_611
train,ms6szj84_-_228_963
train,msb0349z_-_456_796
train,msdxgbfe_-_515_608
train,msioygkj_-_405_705
train,mskk4pjt_-_468_720
train,mskp4pup_-_295_657
train,msn26s1v_-_407_979
train,msn9342q_-_365_964
train,mso22k4i_-_107_778_-_635_731
train,msp4k7jl_-_413_550
train,msrswh96_-_84_735
train,mss1174g_-_521_806
train,mstflcbp_-_241_901
train,mstjtoh6_-_237_1083
train,msyu4vos_-_141_726
train,msz34ido_-_308_701
train,mt0e779n_-_76_757
train,mt1tfqdp_-_155_726
train,mt1zjy63_-_456_590_-_448_592_-_464_581
train,mt2msfyz_-_527_768
train,mt4oxzgw_-_514_865
train,mt6mmoy3_-_479_690
train,mt7tf668_-_581_703
train,mt8psktu_-_463_652
train,mtap0woa_-_360_561
train,mtcb8m17_-_261_636
train,mtd7fmhe_-_316_788
train,mtdszd2y_-_232_697_-_237_698
train,mtff1ucz_-_282_755
train,mtk1qkhu_-_384_709
train,mtlyw2ze_-_222_747
train,mtmovcpx_-_176_743
train,mto2avwa_-_118_677
train,mto9xyd5_-_148_724_-_467_797_-_151_727
train,mts91uzg_-_132_704_-_499_739
train,mtt5sphc_-_565_636
train,mtve9upr_-_486_787
train,mtx88011_-_84_659
train,mtzwnom1_-_601_673_-_610_675
train,mu0gi3o6_-_113_726
train,mu2n3saf_-_301_712_-_312_719_-_368_725
train,mu2pxa8f_-_368_559_-_101_575
train,mu3lxyb1_-_533_593
train,mug176vo_-_504_960
train,mul77ajb_-_456_719
train,mund6irb_-_282_648_-_513_654
train,mupqxa69_-_194_611
train,murff46c_-_429_666_-_172_665
train,muuuac0y_-_420_692_-_431_704_-_366_694
train,muy43x41_-_341_1052
train,muyi04kt_-_215_727
train,mv0zv2mf_-_299_858
train,mv26zwvf_-_410_733
train,mv2acoiv_-_472_586
train,mv7zfjfp_-_266_787
train,mvd92raq_-_607_766
train,mvg4yzxi_-_479_801
train,mvghbo14_-_448_663
train,mvl8qox8_-_92_860_-_68_689
train,mvlh8ll0_-_274_641_-_269_635
train,mvmc0mjv_-_453_658_-_21_707
train,mvms41zj_-_190_661_-_449_628
train,mw68enu9_-_124_715
train,mw9auxw7_-_422_776
train,mwchqpts_-_87_751_-_620_739_-_610_723
train,mwfpscap_-_581_654
train,mwih8esk_-_488_951
train,mwjkvqtu_-_444_695
train,mwk17468_-_177_916_-_196_890
train,mwnha0ze_-_551_691
train,mwpifvlf_-_217_639
train,mwq8cq17_-_242_710_-_34_570
train,mwt7puwz_-_442_783
train,mwtgnq7p_-_389_837
train,mwzyd8p2_-_187_838
train,mx35su9n_-_324_1032_-_281_1002
train,mx60us9y_-_319_643
train,mx6ejxp4_-_220_835
train,mx71wm62_-_535_737
train,mx8bwyu1_-_143_1065_-_168_1012
train,mxcp5c6v_-_134_755
train,mxjx396m_-_272_649
train,mxm89rhz_-_348_622
train,mxphki5i_-_504_648
train,mxpv7r6q_-_145_660
train,mxq1f852_-_574_760
train,mxv3avn7_-_353_609_-_221_675
train,mxvcm2kk_-_66_603_-_178_857_-_368_696_-_256_797
train,mxyn5gvw_-_391_921
train,mxzdt2p1_-_579_873
train,my2j4j62_-_123_897
train,my8fefh4_-_238_839
train,mycqsikx_-_519_639
train,mykpihr8_-_439_958
train,mymurq24_-_534_568
train,myn4kugo_-_325_667
train,myq66unl_-_539_765
train,myqb96w6_-_236_705
train,myrroh64_-_208_605
train,myt8pm83_-_240_714_-_634_754
train,mytlgb5t_-_312_785
train,myww2ovh_-_575_777_-_17_756_-_600_802_-_595_798_-_52_750_-_575_821_-_618_801_-_20_757_-_8_755
train,myxq4pea_-_225_702
train,myzxldjr_-_601_765_-_612_754
train,mz31pz9x_-_273_680
train,mz8t7e4w_-_226_1175
train,mzcs4h8x_-_447_677_-_244_693
train,mzgnjvua_-_156_676
train,mzgps0j6_-_141_569
train,mziz5a8u_-_386_862_-_404_797_-_390_786
train,mzkrle39_-_399_782
train,mzm03til_-_581_749
train,mzork1mt_-_503_826
train,mzurpet5_-_127_654
train,mzvlyk3g_-_88_797
train,mzxchril_-_102_734
train,n043h306_-_248_1082_-_240_1110
train,n063zkki_-_213_790
train,n06i7fnt_-_312_681
train,n06wnr4g_-_134_774_-_459_722
train,n07x317b_-_531_624
train,n09ibgcq_-_618_628_-_565_722
train,n09x8v4h_-_400_751_-_387_765_-_410_745
train,n0dr6lhx_-_439_772
train,n0fyc9nc_-_225_1023_-_301_991
train,n0qi4039_-_397_763_-_9_731
train,n0u7zamo_-_434_913
train,n0uhsgrc_-_233_653
train,n0xih5vz_-_493_773
train,n11z7328_-_549_608
train,n1328zjk_-_450_959
train,n14ne9z5_-_582_817
train,n152765b_-_251_777
train,n1702oc7_-_558_748_-_566_749_-_601_748_-_568_751
train,n19hlnep_-_410_702
train,n1e5gf44_-_495_746
train,n1hq0hx0_-_559_697_-_220_704
train,n1hxn74x_-_299_1002_-_294_965
train,n1j0ajc8_-_241_719
train,n1lmo1yg_-_392_722
train,n1o4t83v_-_167_608
train,n1po3i7q_-_283_566
train,n1ri0o9q_-_119_809_-_139_803
train,n1rkxs3q_-_287_1294
train,n1w0nnqc_-_527_848
train,n1x1n3t5_-_507_743
train,n248sqp3_-_577_773
train,n2fvt83s_-_292_691
train,n2hrtkt6_-_335_807
train,n2i3awmd_-_294_721_-_482_953
train,n2jwq1bd_-_376_699
train,n2kk4g3o_-_574_695
train,n2n8bz6n_-_600_748
train,n2o6s7rl_-_296_636
train,n2r1044j_-_251_713
train,n2tyab28_-_440_875
train,n2vratol_-_268_934
train,n31yus0e_-_445_675
train,n320xxo6_-_303_665
train,n3984p2t_-_491_959_-_603_945
train,n3bpe398_-_459_826
train,n3kw6tol_-_234_672
train,n3lqivd5_-_580_888
train,n3sclkok_-_345_795
train,n3t19hiz_-_597_683
train,n3unfmkp_-_324_838
train,n3uz73sv_-_353_860
train,n3voxxn4_-_486_740
train,n3z4ou2z_-_532_726
train,n41wfk20_-_344_702
train,n439y8r1_-_355_769
train,n43p0o43_-_264_760_-_264_760
train,n47sqxmn_-_287_764
train,n4avy52c_-_278_722
train,n4d96dd5_-_565_501
train,n4deh0ce_-_346_879
train,n4dwijh7_-_180_684_-_572_606_-_191_670
train,n4ezap9l_-_300_675
train,n4fomlgm_-_102_859
train,n4k3rms8_-_343_800
train,n4zz9tk1_-_412_669
train,n51639dt_-_144_643_-_393_632
train,n5254iw8_-_228_743
train,n52erek9_-_593_813
train,n56b002n_-_517_790
train,n5apj16a_-_396_739
train,n5az5qld_-_416_709_-_641_727_-_365_718_-_677_735
train,n5cpij27_-_497_776
train,n5dc2zfr_-_291_691
train,n5eddka5_-_118_824
train,n5i3f1gd_-_456_707
train,n5jpqihc_-_546_769_-_544_757
train,n5kgzb70_-_558_585
train,n5nvyiw3_-_227_731
train,n5ocg975_-_543_606
train,n5odb9im_-_473_696
train,n5oysrcz_-_251_752_-_225_740
train,n5pqw9up_-_130_627
train,n5ro04g7_-_574_733
train,n5uqp7yq_-_395_954
train,n5voln5p_-_67_664
train,n64dvwxe_-_315_618
train,n64qtxh7_-_569_719
train,n6582ciy_-_348_1048
train,n68xktak_-_304_718_-_284_772
train,n6ek5uv8_-_602_687
train,n6mbeecw_-_576_706
train,n6np4zix_-_424_735
train,n6qpm6dy_-_487_873
train,n6uj75rq_-_171_714
train,n6w2oo72_-_540_614
train,n7akj1ab_-_235_552_-_83_551
train,n7gvgclm_-_259_1192_-_196_1212
train,n7jsdgwx_-_286_747
train,n7ki36kn_-_187_776_-_182_752
train,n7kyxnnc_-_144_708_-_144_708
train,n7p7qdh1_-_368_643
train,n7sl8ivd_-_292_572
train,n81ecoji_-_434_651
train,n8526qrq_-_196_752
train,n89iauxa_-_71_690
train,n89rreeq_-_375_829_-_400_891_-_471_861
train,n8bg1pp2_-_456_1088_-_492_1171_-_460_1144
train,n8fjazk3_-_522_711
train,n8fteysq_-_488_813
train,n8iselld_-_314_1090
train,n8j3dz25_-_309_806
train,n8nnbqxr_-_183_678_-_156_698
train,n8pm4f2y_-_234_697_-_246_688
train,n8ri5gl0_-_77_746
train,n8x7ivn6_-_533_848
train,n8y2i45z_-_271_601
train,n92oyzhm_-_522_852
train,n942wid9_-_216_990
train,n986wm9x_-_497_850
train,n9b3nlez_-_212_678_-_219_680
train,n9c18h4m_-_209_749
train,n9cb07wn_-_255_695
train,n9na4dpq_-_478_611_-_177_663
train,n9p0re84_-_328_939
train,n9rz0rs3_-_121_657
train,n9sr0jc8_-_467_782_-_469_753_-_471_760
train,n9sx9z9d_-_347_686
train,n9vrw5bg_-_185_745
train,n9vuw4de_-_400_845_-_426_846
train,n9zo3xj9_-_624_654
train,na0i7ecf_-_167_870_-_297_661
train,na2c6tsa_-_109_1035_-_142_1029
train,na35segr_-_529_784
train,na3spxbn_-_306_711_-_611_776
train,na4o7wsu_-_314_608
train,na7e9mtm_-_276_852
train,na9baw8o_-_351_779
train,naf6hvb1_-_341_780
train,nag15hof_-_314_710
train,nahld40i_-_299_729
train,nakmtbb2_-_490_821
train,nalfx8b1_-_190_692
train,nap0fkwc_-_541_846
train,narq3les_-_231_710
train,nav7s9lv_-_355_730
train,naxt4lp1_-_249_834
train,nb38nbku_-_390_664_-_429_673_-_408_648
train,nb5gelzj_-_160_969
train,nb9jow70_-_324_766
train,nbc59n0q_-_460_841
train,nbepkfa7_-_331_775_-_328_745
train,nbixqseu_-_134_612_-_596_655
train,nbm4pt94_-_199_743
train,nbmjmbpu_-_109_611_-_283_829_-_453_729
train,nbnn4b47_-_376_722_-_567_937
train,nbo998bb_-_249_848
train,nbp4waen_-_540_957
train,nbqaye02_-_606_748
train,nbqpdzfw_-_569_586
train,nbvhibe7_-_499_738
train,nbvnvnrj_-_421_916
train,nbw2ivtd_-_357_812
train,nbwawxsj_-_160_677
train,nc0nckmw_-_279_620
train,nc2ij590_-_288_669
train,nc35znpx_-_355_577
train,nc43k4qy_-_213_866
train,nc7jwfrf_-_169_802
train,nciwuqne_-_216_716
train,nckiafdy_-_88_565_-_564_503
train,ncnngd6i_-_120_827
train,ncpvf75e_-_545_1199
train,ncrzw2ta_-_271_712
train,ncxltew9_-_455_637
train,nczlt5te_-_207_655
train,nd15dbfy_-_561_743_-_305_715
train,nd8k3yqx_-_118_896
train,nd9p0dmh_-_325_777
train,ndaw6k7p_-_246_966
train,ndeip634_-_408_741_-_418_738_-_435_737
train,ndejkat7_-_271_676
train,ndewv784_-_502_690_-_154_608
train,ndhuo15c_-_152_706
train,ndkpe5o9_-_604_647
train,ndox1pnx_-_295_742
train,ndoyinxm_-_260_809
train,ndug43xw_-_268_895
train,ndxh697c_-_490_625_-_488_625
train,nef9ndcj_-_86_751_-_0_644
train,neh3netc_-_293_803
train,nej66bl7_-_539_868
train,neuxw4wi_-_563_786
train,nevlw58m_-_578_891
train,newmljyq_-_170_737
train,neyr1gpd_-_221_773_-_259_815
train,nf51op1m_-_79_725
train,nf9gimem_-_453_724
train,nfdtwdhb_-_387_672
train,nferng2v_-_578_659
train,nfivoow6_-_501_571_-_43_515
train,nfjfyfpj_-_274_741
train,nfkyfdf4_-_162_705
train,nfmulwg1_-_310_907
train,nfu05265_-_81_833_-_90_790
train,nfuf6g31_-_399_739_-_460_709
train,nfxjk5y1_-_360_582
train,nfzu4et4_-_412_768
train,ng51cv34_-_369_790
train,ng9cs4q5_-_555_798_-_392_655
train,ngab997o_-_136_704
train,ngbe9ppa_-_202_629
train,ngbrikwz_-_387_803
train,ngc9fu21_-_530_811_-_520_784
train,ngf4byyy_-_477_1031
train,ngjjhbct_-_278_682_-_88_686
train,ngkgk3qi_-_452_787_-_430_778_-_495_846
train,ngnsqfhh_-_347_710
train,ngr0sdqu_-_131_691
train,ngtoddmm_-_290_684
train,ngucnqrt_-_397_931
train,ngzqdhb1_-_339_783
train,ngzygco3_-_215_660_-_200_657
train,nh111xtg_-_557_827
train,nh1ozd8w_-_476_842
train,nh2c1p15_-_510_943
train,nh3sw8ln_-_610_779_-_660_773
train,nh48w2ls_-_239_628
train,nh4dc86s_-_242_902_-_381_864
train,nhaizqy7_-_499_848
train,nhbzmh9e_-_224_651
train,nhcuvdm7_-_436_718
train,nhfkkq45_-_341_784
train,nhhgrmrl_-_388_761_-_399_750
train,nhij80uq_-_231_793
train,nhkwgg3a_-_560_753_-_147_723_-_589_739
train,nhl8268m_-_252_685
train,nhlsljx7_-_241_850_-_280_808
train,nhm3ub05_-_430_634
train,nhmh6vpn_-_463_835
train,nhtaul50_-_126_617
train,nhuy0g0c_-_157_918
train,nhy04dn6_-_294_886
train,nhy5umiw_-_386_783
train,nhyym6qd_-_130_746_-_136_736_-_112_725
train,ni1661jp_-_378_935
train,ni53ywlb_-_315_743
train,ni6w16z8_-_519_707
train,ni967vok_-_557_735_-_537_755
train,niaxrq26_-_507_673
train,nidjch79_-_166_723
train,nif2jhoh_-_547_819
train,nil689h1_-_396_763
train,nioobm4a_-_283_650
train,nip0wmse_-_198_627
train,nipajeh2_-_172_885
train,niphrul7_-_205_741
train,niswgpz6_-_490_718_-_488_674_-_464_692
train,nixxadqq_-_165_618
train,niyiwjxu_-_582_712
train,nj41q3lv_-_409_965
train,nj7c85bm_-_330_885
train,njatz0tf_-_460_1025
train,njdjc31u_-_623_618
train,nje5hwnk_-_389_1039
train,njebjsdz_-_282_1137
train,njg4xfhd_-_197_726
train,njjlo3e8_-_497_686
train,njjzv7sg_-_562_732
train,njkqh2vj_-_179_984
train,njmvfcew_-_400_722
train,njnzotsl_-_117_830_-_83_830_-_94_863
train,njoluvo2_-_151_782
train,njope9c3_-_365_694_-_346_717_-_359_708_-_330_718_-_338_722_-_348_717
train,njq8s7ve_-_304_846
train,njspzlj1_-_182_735_-_193_755_-_204_728_-_193_731_-_186_762
train,njtkisrz_-_263_771
train,nju7y5k8_-_120_649
train,njvtqptg_-_603_762
train,njwd6e4g_-_377_580
train,njxculbp_-_400_821
train,njxfjyiu_-_463_795
train,njxvr1y1_-_149_1224
train,nk0764q2_-_141_677
train,nk64uisk_-_302_789
train,nk7gccuh_-_332_676
train,nk7rff6r_-_333_616
train,nk9nw7c0_-_106_879
train,nkcbi7s3_-_199_623
train,nkgg0bfc_-_409_782
train,nkigq4wf_-_280_882
train,nkin9t92_-_265_899
train,nkm7zh5z_-_480_676
train,nkou6qf5_-_335_787_-_335_795
train,nkqh765s_-_513_750
train,nkt4dk78_-_344_649
train,nkw1qz26_-_612_595
train,nkwa1kqj_-_515_709
train,nkx3eezh_-_64_730
train,nkxtifgk_-_265_726
train,nkzic4l5_-_174_1110
train,nl394cs7_-_77_722_-_292_759_-_269_813_-_293_751
train,nl8em1p0_-_333_640
train,nlee29mu_-_115_690_-_344_683
train,nlhfib7q_-_235_671
train,nlhfv0hm_-_165_1075
train,nlj0cm6e_-_472_722
train,nlm6ibcr_-_479_679
train,nlmeivw3_-_450_589
train,nlmshel0_-_531_709
train,nlmtfwgs_-_71_680
train,nls7nqa0_-_309_619
train,nlvyu1qy_-_379_738_-_406_739_-_307_779
train,nm0nukhx_-_264_679
train,nm1k8ajv_-_417_734
train,nm59s3m8_-_310_1019
train,nm606r23_-_145_769
train,nm7av7fp_-_110_652
train,nm8kzbjc_-_405_692
train,nm8w82xj_-_111_579_-_351_739
train,nm98wmga_-_137_876_-_664_830
train,nmbt94j5_-_306_1028
train,nmglmxfy_-_244_700
train,nmiqau2a_-_97_846
train,nmjhnbu1_-_402_696
train,nmjxvwmc_-_142_974
train,nml1mwz5_-_596_702
train,nmlpbsct_-_416_871
train,nmmspczm_-_414_625
train,nmnoxxlb_-_416_681
train,nmpulimh_-_60_588
train,nmu1w0no_-_92_528
train,nn27b9t4_-_335_719
train,nn2u1jcr_-_243_862
train,nnbcyey4_-_110_592
train,nnfeh325_-_112_707
train,nnfflagz_-_484_583_-_239_594
train,nngjfxjj_-_344_657
train,nnqixaa7_-_208_660_-_163_631
train,nnubqji4_-_612_584_-_646_691_-_89_570
train,nnvkh5j2_-_492_917
train,no1joffc_-_559_740
train,no47i28t_-_168_728_-_403_716
train,no5hx9nw_-_366_732
train,no979k5v_-_499_747
train,nodis20x_-_529_1052
train,nodviy41_-_404_748
train,noeb9brz_-_80_745
train,nohl20uf_-_473_722
train,nontc8xr_-_291_1080
train,nouakotv_-_466_687
train,nov1qxec_-_473_672
train,nowydg80_-_159_682
train,nox9cb1a_-_96_730
train,noxxd01r_-_118_689
train,noylqrzt_-_468_886
train,np00df9x_-_129_814
train,np4bdd5a_-_162_786
train,np4thuls_-_184_747
train,np5c4d66_-_367_772
train,np7saxrj_-_245_693
train,npbb1m9h_-_371_936_-_395_795
train,npg4yw4x_-_262_1095
train,nphc6pe5_-_144_697_-_576_662
train,npict2yv_-_241_871
train,nplla1yg_-_396_710
train,npm9ba84_-_296_839
train,npot49zf_-_159_863
train,nps9ol2u_-_446_653_-_239_644
train,nptr9z3m_-_93_850
train,npurm2d0_-_47_582
train,npv6ebzf_-_390_697
train,nq1rvqdo_-_373_1201
train,nq3ygq73_-_134_896
train,nq4p4dtd_-_626_627_-_635_647
train,nq74qjg2_-_300_697
train,nqc8964l_-_381_698
train,nqdfdni6_-_123_685
train,nqiihy9z_-_495_931
train,nqj55342_-_595_776_-_379_738
train,nqjpyjiu_-_292_758
train,nqnxhdvq_-_388_800
train,nqu5kxej_-_102_657_-_109_662_-_94_659
train,nquzkjoa_-_464_770_-_49_683
train,nqwr5zfy_-_523_1021
train,nr0o83ug_-_597_675
train,nr37z6uk_-_464_817_-_126_833
train,nr43viuo_-_380_844
train,nr6t4z0h_-_334_630_-_98_632
train,nrc6t7xm_-_443_719
train,nrn90v5r_-_497_712
train,nrnrzpjr_-_106_807
train,nrobk4i1_-_488_978_-_8_584
train,nroclrya_-_219_1271
train,nrtybrut_-_119_700
train,nrunjvqh_-_480_996
train,nrycy92a_-_200_765
train,nrz569i0_-_518_1005
train,ns5fj87k_-_254_919
train,ns6equ74_-_275_755_-_294_753
train,nsbeak0p_-_73_560
train,nschua37_-_511_671
train,nscprqy0_-_164_683_-_166_685_-_173_668
train,nsdq76jd_-_149_718_-_211_763
train,nseafwrs_-_257_1011
train,nsfovxhm_-_411_957_-_390_925
train,nshhs9k6_-_139_696
train,nshil3uk_-_360_897
train,nskj1mt3_-_359_1029
train,nsm0golo_-_319_1052
train,nsnty8rz_-_167_786_-_180_796
train,nsqi23wa_-_504_1088
train,nsvlgvhz_-_621_668_-_11_670
train,nswyxbzp_-_396_1057
train,nsy8lwiw_-_340_656
train,nt5re6m4_-_507_687
train,nt6jj2y7_-_243_668_-_243_640
train,nt6kkj5w_-_341_781
train,nt8ph9le_-_502_819
train,nt9o9dgi_-_388_681_-_387_680
train,ntap8yfd_-_63_650
train,ntauikj1_-_534_556
train,ntcskkql_-_356_687
train,ntdqgaka_-_361_646
train,ntjo219z_-_306_686
train,nttvzdcr_-_156_636
train,nu160pc8_-_321_686_-_329_693
train,nu2cco6s_-_394_770
train,nu3v1yor_-_254_708
train,nu9kdj3a_-_571_789
train,nuemrino_-_360_699
train,nugpe2nw_-_429_618
train,nugxprhb_-_136_844
train,nugza482_-_405_808
train,nujlfmuk_-_546_746
train,nuly0bbn_-_397_631
train,nun9wa7s_-_225_749
train,nun9whaq_-_538_1172
train,nutlwfbk_-_255_706
train,nuxyyd0u_-_289_669
train,nuyjpmuz_-_561_730_-_560_734
train,nv0zx58z_-_86_641
train,nv50vx2y_-_461_1098
train,nv6u310t_-_630_622
train,nvdzu45d_-_111_610
train,nvfvh0i2_-_294_662
train,nvi59oi7_-_468_748
train,nvj0kepz_-_381_885
train,nvjirqzn_-_578_880
train,nvp481ye_-_505_767
train,nvpcadhp_-_454_960
train,nvr5eh8x_-_572_553
train,nvui5zz1_-_194_684
train,nvvu9yg0_-_451_994
train,nw0n5da5_-_432_704_-_447_727
train,nw15ofye_-_211_748_-_216_742
train,nw3iotzt_-_585_570_-_671_591
train,nw3lg2rx_-_218_775
train,nw533w02_-_212_881
train,nwccwpul_-_391_826
train,nwcr67f3_-_282_846
train,nwf7ezbu_-_184_722
train,nwh2t6l3_-_535_693
train,nwi448hh_-_238_743
train,nwjv0i3t_-_225_936
train,nwsfkjp1_-_597_802
train,nwwko9kd_-_361_940
train,nxf9v7ca_-_93_725
train,nxfupoe8_-_324_572_-_600_616
train,nxh8fdkv_-_610_712
train,nxhaif1m_-_280_975_-_367_1061
train,nxm2vrpw_-_528_767
train,nxoix37r_-_91_614_-_69_609
train,nxrgf0nr_-_561_681
train,nxx0ts8k_-_423_691
train,nxzv72iz_-_288_779
train,ny09yisw_-_184_1000
train,ny1s0u5e_-_316_739
train,ny22pfcd_-_460_626_-_431_621_-_436_652
train,ny2eydj7_-_165_742
train,ny2ml8um_-_233_1268
train,ny432cne_-_140_733_-_165_739_-_173_756
train,ny45027r_-_364_881
train,ny7ffk2f_-_151_715
train,ny83h4qx_-_526_910
train,ny8mgkyv_-_198_756_-_160_786_-_138_753_-_217_739
train,nyceox1q_-_398_705_-_429_912
train,nyemstro_-_141_757_-_266_676
train,nyexplui_-_109_580
train,nyfycd5b_-_468_1006
train,nyp1alps_-_536_572
train,nypkzbzi_-_457_847_-_414_726
train,nywxl57z_-_554_956
train,nz28s0jp_-_427_1227
train,nz46onk1_-_195_752
train,nz4turnx_-_430_609_-_670_525
train,nz62cqvc_-_520_825
train,nz6negui_-_93_630
train,nz8zf2a3_-_317_757
train,nza8fm4r_-_388_803
train,nzasww65_-_326_771
train,nzbn4651_-_164_778_-_81_787
train,nzd6aczi_-_168_648
train,nzdqjia7_-_60_694
train,nzgxekkw_-_429_674
train,nzmwp2cw_-_237_769
train,nzo6p7j3_-_577_792
train,nzuzbhgx_-_478_714
train,nzw1fh4q_-_317_707_-_330_692_-_98_736_-_362_697_-_97_733
train,nzyi67og_-_78_690_-_74_683_-_63_695
train,nzznctzc_-_354_647
train,o045yrgr_-_486_568_-_648_583
train,o07kotot_-_499_603
train,o0bnet3o_-_610_737
train,o0ehfte6_-_593_788_-_569_847
train,o0jk97jy_-_171_877
train,o0l5own6_-_233_907
train,o0m8tthn_-_505_832
train,o0oipo7d_-_125_735_-_85_734
train,o0rk5b98_-_351_751
train,o0x72wms_-_189_840
train,o0xmluni_-_389_721
train,o0yi5prr_-_376_629_-_350_626
train,o0zfhdjg_-_446_662
train,o19ibdhe_-_454_691
train,o1ad8fnm_-_409_772
train,o1akm1n5_-_172_673
train,o1emuap9_-_225_1157
train,o1q0h9lx_-_521_1030_-_329_786
train,o1vg4cco_-_589_739_-_147_723_-_560_753
train,o1vl8ot1_-_284_1057
train,o1x63qek_-_414_574
train,o1zaf34g_-_555_718
train,o22pk5p7_-_382_677
train,o25g18f6_-_354_830
train,o27k1mk8_-_352_653_-_351_654
train,o29vyk74_-_561_683
train,o2g4eyoo_-_260_710_-_311_869
train,o2hulzm5_-_389_758
train,o2i4mxx8_-_462_759
train,o2jnxjya_-_335_802
train,o2n6qh7d_-_554_748_-_634_693
train,o2n7qlwq_-_227_1290
train,o2qebkgf_-_113_730_-_129_727
train,o2sy6ik9_-_408_821_-_399_822
train,o2vf5c1v_-_170_650
train,o2zgpdq5_-_233_598
train,o3034ukv_-_534_680
train,o31170ri_-_456_771
train,o31g08iy_-_427_638
train,o35rw62r_-_593_777
train,o36ol1dl_-_114_740
train,o3amy8zb_-_549_865
train,o3g4xqt6_-_207_956_-_195_957_-_207_948
train,o3hlqhe9_-_489_828
train,o3lj38f8_-_534_813
train,o3mlm4ht_-_475_554_-_412_557
train,o3pm336d_-_191_603
train,o3slrful_-_239_591
train,o3u9wscj_-_246_782_-_255_963
train,o3y1zkfq_-_604_704_-_652_663
train,o3y9gqti_-_507_908
train,o46nzitr_-_76_629
train,o4bfwgml_-_495_596
train,o4gknt12_-_435_917_-_405_880_-_425_912
train,o4ldsddl_-_550_755_-_585_727
train,o4ozr3r3_-_456_768
train,o4p6xrq7_-_545_606
train,o4pmy60k_-_504_737
train,o4s6flgy_-_95_688
train,o4zv64e8_-_216_901
train,o506lq3m_-_619_677
train,o51b7z6w_-_132_881_-_48_843
train,o53efjeb_-_140_841_-_84_844_-_243_848
train,o547mrv1_-_602_816
train,o58gdy9v_-_153_705_-_144_694
train,o58uob0k_-_550_668
train,o59ohh08_-_308_1011
train,o5ckdjpz_-_425_1246
train,o5dv95zu_-_423_727
train,o5frwd9v_-_420_725
train,o5fu446m_-_301_688
train,o5g6pyrq_-_261_771
train,o5hmn6m5_-_100_743
train,o5i95wqd_-_206_702
train,o5kj5jcc_-_374_727_-_401_727_-_415_734
train,o5kowmu0_-_152_590
train,o5oc0k99_-_610_767
train,o5p0ippr_-_228_1032
train,o5r6ispy_-_537_615_-_520_673
train,o5uh8pgh_-_469_886
train,o5wit55i_-_471_861_-_375_829_-_400_891
train,o5x14yi7_-_111_631_-_582_612_-_72_655_-_119_625
train,o5ywecxi_-_360_734
train,o625tn12_-_175_856
train,o62hp590_-_552_825
train,o63muqj0_-_372_843
train,o6424xcj_-_484_793
train,o64o9c4n_-_357_829
train,o654ga4j_-_103_532
train,o66o9hg0_-_204_1179
train,o69tg06g_-_244_635_-_83_619
train,o6b8olqj_-_621_537
train,o6fe02yv_-_601_687_-_231_640
train,o6fyaizg_-_459_809
train,o6g11r7i_-_598_557_-_287_786_-_373_648
train,o6gcg9vk_-_179_957
train,o6kak74y_-_549_717
train,o6m9m3dp_-_377_557
train,o6pvm38k_-_299_846
train,o6q36ktg_-_405_935
train,o6sfnbkf_-_210_796_-_196_800
train,o6tu45kf_-_437_853_-_413_832
train,o6y3brn7_-_158_612
train,o6zawznq_-_100_622
train,o71fw9as_-_425_756
train,o75uz2gv_-_141_843
train,o76emoae_-_330_545
train,o76k17e8_-_269_755
train,o79nurl8_-_575_1024_-_544_961
train,o7aqlid9_-_568_866
train,o7dqqdcw_-_339_630_-_163_628_-_195_661
train,o7hcqz3a_-_358_784
train,o7iatxw3_-_236_845
train,o7jpwsc0_-_487_784
train,o7r216vn_-_128_1001
train,o7sbwfcw_-_201_756
train,o7t6oq02_-_187_851
train,o7wvr7fx_-_408_782
train,o7x6hklp_-_572_900
train,o8569kz4_-_505_725
train,o8f92ekm_-_479_874
train,o8g50ew1_-_245_954
train,o8hvtnia_-_321_1398
train,o8ncodth_-_500_730
train,o8oam68w_-_395_749
train,o8qd8ker_-_445_676
train,o8szqe2f_-_191_763
train,o93lbu9u_-_372_616
train,o93qcruv_-_142_745
train,o93xiif7_-_116_637
train,o95xr9d1_-_294_716
train,o99keidk_-_208_780
train,o9anqnkk_-_107_807
train,o9cyt653_-_424_903
train,o9djiati_-_116_817
train,o9fs3t85_-_380_1009
train,o9kkx9dd_-_137_758
train,o9mp1y8u_-_561_687_-_318_726
train,o9of27wc_-_279_751
train,o9oh5te4_-_492_728
train,o9upw65v_-_460_661
train,o9yim8ru_-_555_688
train,oa0rrn4a_-_184_728
train,oa36s1e2_-_312_691
train,oa5p8pw4_-_135_970
train,oa8jg7bz_-_160_605
train,oa9cnran_-_395_887
train,oaaddw2f_-_591_560
train,oaae9dmt_-_576_874_-_255_851
train,oaah34h1_-_221_748
train,oahv5v09_-_252_535_-_238_567
train,oahvq5er_-_489_830
train,oakm3hge_-_358_746_-_57_721
train,oal4xseh_-_92_830
train,oam1x4e8_-_407_824
train,oanf6xry_-_89_717
train,oavq1nzu_-_350_766
train,oaya33ya_-_503_1020
train,ob4mxaub_-_248_824
train,ob4wgxz2_-_463_861
train,ob4wkfuw_-_544_659
train,ob8bzlls_-_348_642
train,obch653y_-_543_756_-_358_730
train,obf4gbqs_-_442_607
train,obg4wckm_-_383_778
train,obhtxxe8_-_221_1105
train,obn4nfkk_-_355_731
train,obubl611_-_358_607
train,obyo4372_-_118_584
train,oc1yupjt_-_173_630
train,oc30zgi0_-_528_878_-_549_662
train,oc6wsdrh_-_399_698
train,ocawiohn_-_415_618
train,occ6zyra_-_379_823
train,oceepcau_-_488_745
train,ocetbcez_-_323_688
train,ocjxs4xq_-_154_659
train,ocm20jok_-_468_627
train,ocrd1qcj_-_452_659
train,ocwxgec5_-_179_568_-_446_603
train,ocxqya5s_-_255_692
train,od3mdxu5_-_242_595_-_171_627
train,od4o61lg_-_394_809_-_336_754
train,od4zu69t_-_251_871
train,od92yjsk_-_341_883_-_338_912_-_78_938
train,odb942c2_-_322_654
train,odi4iis9_-_427_795
train,odj1oyfs_-_156_573
train,odkt6rb0_-_250_877
train,odndju6g_-_107_706
train,odo0wh76_-_210_731
train,odpa9be5_-_352_823
train,ody5upa9_-_306_637
train,odyqyya5_-_209_907
train,oe6lmwhy_-_373_648
train,oe80auv7_-_281_665
train,oe9tb7up_-_232_790
train,oehkwkbs_-_573_914
train,oeiuzto8_-_544_1152
train,oen9a2kt_-_208_766
train,oeq4jbrv_-_525_586
train,oeq5borp_-_219_680_-_212_678
train,oet8dh8z_-_71_739
train,of001fva_-_90_826
train,of1q5y3a_-_315_683
train,of6ynbqh_-_459_667
train,of8d6kup_-_524_990_-_504_966
train,ofeoecif_-_554_790
train,ofjunth2_-_307_551
train,ofk94moq_-_91_698
train,ofnbrq1l_-_286_664_-_297_644_-_580_668
train,ofrcc4as_-_577_726
train,ofs5b5x3_-_345_721
train,ofufz65z_-_396_953_-_463_851
train,ofwlux30_-_185_831
train,ofyphrf3_-_393_662
train,og1z8d78_-_452_511
train,og25qh2e_-_358_797
train,og3leu0n_-_359_889
train,og5agwm6_-_490_1063
train,og7qqnoh_-_550_904
train,og9s446u_-_90_805_-_100_800
train,og9wcjx8_-_383_1043
train,oga6kl23_-_257_719
train,ogahf0sd_-_589_637
train,ogbl0k05_-_406_861
train,ogd1ga5s_-_575_795_-_394_934
train,ogfh2dwq_-_340_921_-_329_917_-_356_872
train,ogixj33t_-_502_838
train,ogk8kgbi_-_196_671
train,ogptb5uu_-_67_726
train,ogrupkq1_-_255_701_-_578_701
train,ogvcpdwf_-_207_828
train,ogzov0qf_-_563_760
train,oh218atw_-_242_677
train,oh3i378t_-_401_746
train,oh5qx3p0_-_118_619_-_648_566
train,oh8e7aok_-_492_616
train,ohcaqpas_-_161_946
train,ohcboths_-_576_748
train,ohcmaiqo_-_239_644_-_446_653
train,ohf7ztwa_-_378_633
train,ohfpd9tz_-_214_630
train,ohghxkfj_-_176_583
train,ohl3hovm_-_574_666
train,ohmmq31v_-_266_938
train,ohqbh2v1_-_126_781
train,ohuwt0gv_-_379_700
train,ohv08izh_-_550_755
train,ohw98l8a_-_576_703
train,ohypalqh_-_234_669_-_218_673
train,oi3r0zbp_-_113_773
train,oi86rdn9_-_429_691
train,oi8eofv8_-_218_882
train,oi9yjukr_-_234_742_-_233_713_-_190_722
train,oia8bvtx_-_338_725
train,oid2nn4v_-_473_777
train,oidq1lw4_-_220_738
train,oii2e4sr_-_473_859
train,oijutlst_-_213_642_-_218_586
train,oioq8eoy_-_463_728
train,oit9wcud_-_110_752_-_642_700
train,oiurr0sx_-_302_705
train,oiybejz9_-_74_646
train,oizakezw_-_525_757
train,oj14xny8_-_296_641
train,oj3skyl1_-_545_696
train,oj5lj1li_-_540_791_-_520_807_-_173_1147_-_555_795_-_157_1133
train,oj7oufcn_-_140_692
train,ojeg8g72_-_591_773
train,ojhplf2r_-_610_675_-_601_673
train,ojjoysuk_-_403_617_-_99_629
train,ojm7419d_-_357_831
train,ojoz920z_-_580_862
train,ojpwrrc8_-_462_627
train,ojqbdjq9_-_128_583
train,ojwd793c_-_221_650
train,ok126qia_-_574_728
train,ok1f4rfk_-_566_813
train,ok1gh9qn_-_451_1084_-_450_1034
train,ok3jjsov_-_388_1289
train,okahb14s_-_556_735
train,okmc52jb_-_109_804
train,oknfegfs_-_124_651
train,okoivgcz_-_472_721_-_616_655
train,okox1hen_-_309_786
train,okquk7ap_-_446_915
train,oksmv7ur_-_323_1047_-_119_757
train,okuw4rhw_-_462_599
train,okx7exkf_-_270_699_-_328_764
train,ol1paxyn_-_349_916_-_366_796
train,ol2ivq37_-_394_742
train,ol2j37i8_-_522_698_-_354_701_-_364_726_-_549_757
train,ol5zxt4g_-_329_689
train,ol9og99p_-_109_752
train,olb9zozf_-_155_685
train,old0so47_-_211_688
train,oldk4s7y_-_306_700
train,olghe2jm_-_327_754_-_291_760
train,olgibeql_-_541_781
train,olk2yu8s_-_498_685_-_417_745
train,olm0h8bs_-_504_774
train,olr5yt2s_-_367_743
train,olrjlull_-_617_615
train,olsurlx1_-_75_680
train,oltpwgla_-_543_733
train,olud032z_-_257_851
train,olxhnpy4_-_182_990
train,olyvt7cg_-_541_792
train,olzl9nkh_-_409_849
train,om2t1nvb_-_240_643_-_546_746
train,om30k62e_-_339_624
train,om3oltzr_-_243_902
train,om5ee82q_-_94_701
train,omatp2h0_-_295_915
train,omc5pivu_-_488_704
train,omdhahxx_-_543_795
train,omg46cy3_-_566_991
train,omg8xno7_-_470_629
train,omhhk1e9_-_404_812
train,omiwxbei_-_353_759
train,omj1ks0g_-_146_721
train,oml9pf0k_-_116_737
train,ommiwpvp_-_291_705
train,ommobe0r_-_312_907
train,ompc2p5t_-_173_683
train,oms1100m_-_332_795
train,omst0u9z_-_573_792
train,omtuepgw_-_366_762
train,omw9syc8_-_400_677
train,omyrv5p2_-_329_693_-_321_686
train,on8kffuc_-_390_662_-_433_638
train,ona68fec_-_448_850
train,onc58776_-_151_909
train,oncuqur6_-_206_630
train,onii5g2g_-_291_968_-_225_968
train,onm0z99i_-_454_887_-_321_904
train,onmfzk37_-_374_661
train,onovgzj3_-_477_790
train,onrfmvt3_-_94_810
train,onsk0ozz_-_401_793_-_399_776
train,onwppbpp_-_419_972
train,ony8sx5h_-_207_914
train,onzq6t6k_-_567_988
train,oo5ntj1r_-_443_572_-_591_569
train,ood0y5tz_-_237_897
train,ooe7eosa_-_179_829
train,oof5s1nr_-_590_859
train,ooh3ezxy_-_258_744
train,oojplmiw_-_489_913
train,ootuz3hw_-_565_622
train,oowcoegb_-_244_982
train,oox19b6t_-_173_977
train,ooxpfrme_-_163_625
train,ooyuq9y1_-_501_1307
train,op5b86o3_-_558_602
train,op653n4j_-_441_784
train,op67huob_-_500_636
train,op7nzgrw_-_251_546_-_182_586_-_216_538_-_269_586
train,op9e1omp_-_484_686
train,opaz39t6_-_265_616_-_265_616
train,opbcd2pt_-_515_742
train,opbrhcw5_-_618_553_-_435_567
train,opcwkbpp_-_242_746
train,ope0av24_-_504_726
train,ope6b8bg_-_401_719
train,opfxmbj9_-_86_871
train,opknrf02_-_510_1108
train,opmdvg6x_-_272_659_-_170_647_-_667_815
train,opoxnb1u_-_305_838
train,oq1rv28l_-_491_760
train,oq66u1tq_-_557_745
train,oq6f1cof_-_289_666
train,oqa0plby_-_168_730
train,oqa7oqwl_-_269_885
train,oqav7xs7_-_365_689_-_175_602
train,oqbck4dj_-_494_743
train,oqc0zz64_-_255_812
train,oqcojty7_-_490_806
train,oqcwxnfo_-_208_632
train,oqnxxjst_-_374_556_-_569_554
train,oqsy0ze9_-_318_487_-_485_491
train,oqude3me_-_465_652
train,oqurzgov_-_496_805_-_477_770
train,oqv429sy_-_85_785
train,oqyun6te_-_169_743
train,or1lyf7c_-_278_866
train,orbes439_-_256_664
train,orbzwhi2_-_596_838
train,orc9ujem_-_139_682_-_327_666_-_319_666
train,orexe8uz_-_449_1056
train,orfsf71e_-_523_793
train,orfz8fr4_-_324_941
train,orgwshn0_-_602_659
train,orhzhfma_-_488_686
train,oritel2n_-_357_691
train,orlq6b9h_-_369_814_-_411_860
train,oror2tt6_-_513_782
train,orrk77qa_-_393_714
train,ortv0i5k_-_390_906
train,orujey7d_-_401_676
train,oruquhzv_-_229_865
train,orx4172d_-_205_677
train,orz7tnbg_-_424_595_-_643_605
train,os25e8vj_-_300_837_-_332_956_-_273_849_-_361_1051
train,os2dmjlv_-_281_771
train,os3k2tz9_-_602_794
train,os3w8dx0_-_122_1089
train,os5gfdim_-_102_680_-_668_740
train,os6789ue_-_284_737
train,os6zz68o_-_473_745
train,os9zcwlu_-_250_1092
train,osbbfu0e_-_485_922
train,oscxmhgr_-_86_627
train,osd5tkwz_-_221_706
train,oshk6q4a_-_306_726
train,osn655w0_-_440_780
train,osq4t31w_-_594_531
train,osscb1ru_-_454_798
train,osusezgy_-_521_1016
train,osznefb3_-_229_900_-_234_893
train,ot1dq831_-_130_929
train,oteo6zvf_-_196_713
train,otfv2thz_-_207_708
train,otl06zej_-_521_671
train,otngrzgo_-_226_939_-_643_742
train,oto5y49s_-_302_1094
train,otru6q2y_-_493_747_-_491_762
train,otws6vo8_-_584_781
train,otxh5pm5_-_386_679
train,ou0qwmw5_-_300_744_-_452_667
train,ou3lw8m6_-_606_654_-_595_650
train,ou5eo9jn_-_379_768_-_381_773
train,oucqny88_-_422_808
train,oud37ir1_-_321_815
train,oud8w27p_-_156_614
train,oughkmdn_-_250_769_-_185_915
train,ouihd4w3_-_465_677
train,oujx5keg_-_260_651_-_646_624
train,oul9rknt_-_329_1012_-_275_1024
train,oum1uhjc_-_258_801
train,oum7u6z3_-_386_682
train,oupnvi29_-_387_749
train,ourdsina_-_586_660
train,ouspt0fr_-_475_848_-_430_837
train,out4f9cs_-_539_684
train,ouuxorqt_-_189_776
train,ouw3k3dw_-_274_742
train,ouymgez0_-_245_706
train,ov0k6sx3_-_173_1302
train,ov0rlfsk_-_534_696
train,ov2ctf69_-_392_615
train,ov52i6c5_-_283_529
train,ov5cybu0_-_551_617
train,ov75dxtv_-_504_739_-_36_770
train,ov924ist_-_465_626
train,ovctbxpy_-_169_780
train,ovdx2pje_-_374_656
train,ovfirl14_-_451_763
train,ovh34feo_-_345_691
train,ovigbzzj_-_524_664_-_632_565
train,ovinfxn8_-_535_874
train,ovjm5dv3_-_256_645_-_246_720
train,ovl93wye_-_380_1014
train,ovmhz8np_-_579_810
train,ovvi5a2c_-_516_641
train,ow1m7bh5_-_247_742_-_44_940
train,ow8teovj_-_591_750_-_168_727
train,owfd8wzm_-_456_730
train,owhf32q9_-_408_703
train,owhf4ns0_-_90_457
train,owjbop71_-_341_797
train,owkoa4ey_-_554_830_-_505_1010_-_551_814
train,owmjwgdg_-_474_930
train,owo570vx_-_284_777
train,owpq0fl9_-_452_593
train,owq8m2bc_-_583_592
train,owvycyr1_-_561_662_-_591_658
train,owzmmmka_-_585_619
train,owzt6x72_-_288_790
train,ox0pr7s3_-_282_947
train,ox2lltio_-_311_517
train,ox4vh87x_-_373_881
train,ox7ip8qh_-_287_598
train,ox7kry7u_-_309_676
train,oxcdrbr6_-_415_613
train,oxi5w4w2_-_501_523_-_289_574
train,oxlx8s0f_-_485_671_-_415_679
train,oxoi40jf_-_542_670
train,oxtxfpje_-_259_671
train,oxxy9z53_-_205_732
train,oy2tsj9i_-_391_712
train,oy4brgw0_-_170_797
train,oy4wekt2_-_293_711
train,oy58kclm_-_519_580
train,oy7dof50_-_568_553
train,oya1geq9_-_193_770
train,oyafxc2p_-_628_588
train,oyflnv83_-_544_680
train,oyg6r99n_-_189_645
train,oyjckbx0_-_576_826
train,oymwetgz_-_282_856_-_551_829
train,oyoezzt9_-_270_636
train,oyq60tby_-_572_731
train,oyrj0fjb_-_492_699
train,oz7tcm2o_-_580_662
train,oz8tzkg7_-_284_819
train,oz9k6hr8_-_580_921_-_515_970
train,ozc4ji8c_-_158_699
train,ozcv6xo0_-_271_855
train,ozcwg5g6_-_450_733
train,oze8j6sp_-_344_603
train,ozftc0xt_-_198_659
train,ozhmp8g9_-_483_748
train,ozl1k962_-_267_653
train,ozo8dtq2_-_229_828
train,ozpaxbmp_-_359_671
train,oztntz46_-_161_614
train,oztt3yvv_-_532_786
train,ozueqf0m_-_497_732
train,ozux2ri4_-_99_616_-_53_628_-_37_622
train,p01qqgh0_-_146_673
train,p047b3b1_-_190_733
train,p04lc9y6_-_573_752
train,p04xw81k_-_385_1073
train,p06tvr2r_-_501_703
train,p0a6d9uu_-_619_705
train,p0cwupbf_-_384_706
train,p0d7jh8y_-_354_801
train,p0e69mft_-_271_689
train,p0evo1fb_-_418_725_-_441_700
train,p0iwm3ph_-_395_766
train,p0kqbqxs_-_610_722
train,p0moj8a4_-_476_895_-_476_885
train,p0n1wued_-_554_1138
train,p0wkt8sv_-_357_694
train,p0y2hlbu_-_513_913
train,p0z5o3n4_-_592_753
train,p0zamaaj_-_571_570
train,p114izlc_-_109_933
train,p14hn5zw_-_172_654
train,p16ymchm_-_594_643_-_301_619
train,p17daq3s_-_379_1157_-_355_1307
train,p1bhf6rn_-_353_853
train,p1fbker2_-_448_765
train,p1fdq8hl_-_579_661_-_320_673
train,p1g31j8h_-_563_867
train,p1go1ike_-_285_748_-_275_730
train,p1h5cqvk_-_392_1102
train,p1iq5vw3_-_175_724
train,p1kkpy8u_-_100_725
train,p1n9ef9z_-_96_599
train,p1onx4gz_-_314_712_-_322_702
train,p1qhexew_-_134_718
train,p21m7xbj_-_423_998
train,p22gtz5c_-_100_769
train,p25we40n_-_402_695_-_209_735
train,p27tjqms_-_361_664_-_621_628
train,p280ctrz_-_107_614
train,p29n5uig_-_352_713
train,p2adqx4l_-_343_745
train,p2gi6gjl_-_258_772
train,p2nmqh98_-_447_755
train,p2o02tg5_-_160_729
train,p2o7diyc_-_450_696
train,p2qufg2t_-_465_673
train,p2tw8yjx_-_563_706
train,p2vp69g3_-_412_814
train,p2wylsdx_-_496_939
train,p30x83uf_-_407_775
train,p35w1yo5_-_455_819
train,p3c6dj1o_-_246_676_-_244_756
train,p3d4t3t4_-_136_737
train,p3im085b_-_516_791
train,p3j4ad70_-_328_745_-_331_775
train,p3j5hk7b_-_277_792
train,p3nuwke4_-_532_824_-_173_659
train,p3sap08y_-_400_891_-_375_829_-_471_861
train,p3tncj9v_-_74_769
train,p3v31lfc_-_173_793
train,p3z1qts4_-_429_664
train,p43847dx_-_362_692
train,p45iybey_-_562_1073
train,p493m8jh_-_141_728
train,p4alzjsw_-_591_692
train,p4bz6o64_-_116_744
train,p4c2fdpb_-_291_639_-_460_656
train,p4hwfx0s_-_120_759_-_120_763
train,p4m8i2y0_-_544_732
train,p4o4j8wq_-_330_721
train,p4o7xg0o_-_307_722_-_291_698
train,p4qricpc_-_596_810
train,p4s8rfk4_-_435_958
train,p4t48ky8_-_548_835_-_556_820
train,p4usrs4f_-_429_1152_-_403_1147
train,p4uwbkgt_-_329_650
train,p50e0hbr_-_333_867
train,p5237jr1_-_381_886
train,p5248j2i_-_309_805_-_288_776_-_320_823_-_319_805_-_350_852
train,p525vd10_-_338_584
train,p52t9nmo_-_76_761
train,p54vg92f_-_437_803_-_450_784
train,p55ml0k8_-_162_691
train,p5ai36wg_-_433_1075_-_463_1074
train,p5akvhpc_-_180_697
train,p5du6ymf_-_117_691
train,p5ew4kc1_-_387_652_-_310_714_-_436_664_-_391_737
train,p5jvz8n2_-_183_793
train,p5ow7pix_-_362_697_-_330_692_-_317_707_-_98_736_-_97_733
train,p5s3itz7_-_421_795_-_359_784
train,p5sa4rta_-_338_668_-_161_683
train,p5ul5nwj_-_523_816_-_540_824
train,p5x22rmd_-_119_773
train,p5y7w3li_-_183_841
train,p5ylgmrc_-_287_663
train,p632qcoj_-_258_728_-_263_711_-_260_719
train,p64f3giq_-_253_773
train,p64zamrm_-_555_1101
train,p655cu05_-_289_662
train,p65ept81_-_131_764
train,p6b7nbfw_-_178_589
train,p6bx4s67_-_433_854_-_481_649_-_404_845
train,p6dgsmva_-_469_583_-_242_582
train,p6dihcs4_-_149_683_-_137_689
train,p6hu1u1m_-_195_909
train,p6k4xlki_-_209_1079
train,p6kljd0p_-_613_682
train,p6vaqcsw_-_474_627_-_39_717
train,p6vivl4z_-_586_923
train,p6yxejgg_-_151_697_-_241_775
train,p6zj5lvb_-_572_565
train,p70p6nay_-_98_730
train,p722wmo1_-_231_781
train,p729ezr6_-_564_736
train,p73chne4_-_444_792
train,p79a545u_-_103_761
train,p79gjceu_-_288_753_-_288_755
train,p7bbf2eg_-_363_705_-_107_731
train,p7hzcaue_-_512_552_-_499_572
train,p7jyfk0m_-_215_797
train,p7o73la7_-_536_712
train,p7q3d1o6_-_66_698
train,p7s47zii_-_576_848
train,p7u0yxs4_-_200_969
train,p7y7lkqx_-_225_552
train,p7yh9fki_-_416_602
train,p7yoet3b_-_168_678_-_5_557
train,p803juyl_-_512_718
train,p81yodbj_-_78_691
train,p820t6sb_-_131_861
train,p843k6lp_-_582_622
train,p8aqrhe8_-_536_744
train,p8e93iqo_-_248_736
train,p8f6h80z_-_186_809
train,p8gvrumi_-_199_729
train,p8hls283_-_234_801_-_532_684
train,p8jkhijt_-_508_702
train,p8jojjfr_-_289_735
train,p8kes2q2_-_292_554
train,p8rcozej_-_238_616
train,p8t9dlry_-_341_705_-_651_540_-_331_630
train,p8tu0rnq_-_186_915
train,p8vrfdpc_-_582_865
train,p8w83wdu_-_220_699_-_388_724
train,p8zsvc3o_-_88_621
train,p91ise4l_-_511_904
train,p92waml7_-_148_784
train,p9a02r2m_-_333_1055
train,p9cfd60m_-_475_726
train,p9dq1k7f_-_315_951
train,p9g190ax_-_139_701
train,p9lqwgv1_-_565_979
train,p9nul4y6_-_407_575
train,p9ov143l_-_572_606_-_180_684_-_191_670
train,p9tmziz2_-_414_683
train,p9wk50h0_-_306_692
train,pa2lxan6_-_126_1102
train,pa463or6_-_518_517_-_581_630_-_3_519_-_404_506
train,paaw4ux9_-_552_751
train,paigldfj_-_555_599_-_181_786
train,paip6nx3_-_284_1050
train,pamqeadl_-_469_889
train,papnypuw_-_529_809
train,paqwfvj8_-_143_868
train,pasel6ly_-_464_692_-_490_718_-_488_674
train,patvutl8_-_477_623_-_542_710_-_486_754_-_503_705
train,pawuhqin_-_240_727
train,pax1uzjy_-_228_803_-_532_691
train,paxmby5e_-_409_710
train,pazjvdd8_-_339_658
train,pb5j50ag_-_201_808
train,pbdhas8c_-_236_701
train,pbeyy7qk_-_202_1088
train,pbnijw0i_-_161_740
train,pbo4ch6v_-_362_668
train,pbohn0v0_-_458_824
train,pbqsdu8x_-_249_730
train,pbs3k86x_-_134_682
train,pbvotz25_-_283_758
train,pbwbc7yb_-_302_619
train,pbwse4g6_-_389_1007
train,pbzpvgdl_-_362_712
train,pc0crn0d_-_518_731
train,pc8g1j3n_-_274_813_-_664_787
train,pce68vlf_-_420_755_-_673_768
train,pch6ufnx_-_186_833
train,pcii2zcj_-_157_923
train,pckq8e87_-_233_578
train,pckwm2gb_-_365_718_-_416_709_-_641_727_-_677_735
train,pcqwarco_-_550_723
train,pctldkxb_-_290_942
train,pcvqk5vd_-_513_617_-_201_600
train,pd47an7t_-_462_670
train,pd8xgybi_-_450_1012
train,pd8ypnhp_-_388_724_-_444_734
train,pdak64m9_-_453_663_-_435_646_-_430_671
train,pdauqnaj_-_610_683_-_11_706
train,pdb1y2zq_-_215_932
train,pdg6foxs_-_551_959
train,pdisipbe_-_567_683
train,pdntlzee_-_101_832
train,pdqvo2xp_-_302_765
train,pdtjgf8f_-_404_737_-_403_756
train,pdu3h494_-_417_835
train,pe1k9wt5_-_168_610
train,pe4gyxe6_-_211_718_-_236_720_-_202_692_-_245_679
train,peag3gey_-_504_571_-_369_559_-_490_553_-_379_574
train,pedv5rfg_-_114_689
train,peg47zqw_-_287_617
train,peik2kff_-_459_905_-_200_1027
train,peilt0zj_-_136_777
train,pel99t7r_-_143_761_-_609_725
train,pemb2qxz_-_489_1173
train,penkjptc_-_298_696
train,pepvu9bu_-_563_887
train,peqtoiwz_-_98_583
train,peuzxvng_-_375_831_-_302_844
train,pf2k19c7_-_155_833
train,pf3bktyk_-_310_617
train,pf58evnm_-_432_801
train,pf5qbdo8_-_577_985
train,pf8k3cd3_-_240_800
train,pf9m2ycd_-_323_852
train,pfbyz7uc_-_325_983
train,pfcbb2vc_-_488_837
train,pfcmwz3w_-_569_764
train,pfdz01ep_-_146_641
train,pfei2ui7_-_521_696
train,pfiqsvts_-_540_828
train,pfivmiyi_-_365_787_-_294_796
train,pfm6lrg1_-_485_927_-_208_860
train,pfo0yig1_-_591_842_-_589_822
train,pfo509jj_-_416_670
train,pfpl6tx0_-_74_637
train,pfpuhdii_-_282_995_-_324_711
train,pfsdgvrm_-_364_623
train,pg3axvc6_-_496_645_-_73_653
train,pg6wp6wm_-_294_734
train,pg77doh0_-_154_679_-_509_691_-_461_675_-_467_673
train,pg9fucy9_-_345_648
train,pghzxgqq_-_611_639
train,pgisz45a_-_528_979_-_206_784
train,pgixxyl3_-_395_566
train,pgkpg4cn_-_125_721
train,pglegy7y_-_533_844
train,pglfxr9z_-_283_719
train,pgnuxo8j_-_523_819
train,pgskm269_-_463_643
train,pgu7t2af_-_78_773_-_411_700
train,pgv24ogv_-_195_680
train,pgw2xvkj_-_337_791
train,pgw96xrt_-_239_578
train,pgyxdpmx_-_373_888
train,pgz7cjim_-_511_853
train,ph29xo2h_-_350_1045
train,ph3xer6a_-_559_696
train,ph5wbeq6_-_128_724_-_57_715
train,ph7833aq_-_513_871
train,ph98qvrf_-_226_594
train,phbfw5qw_-_485_608
train,phcpiehj_-_366_924
train,phgf8yms_-_265_641
train,phiraje5_-_251_1167
train,phn8pyfz_-_341_662_-_566_672_-_583_671
train,phox6x5j_-_199_665
train,phplaei6_-_581_755
train,phtf7edu_-_520_844
train,phvot77j_-_310_718
train,phw77coi_-_419_730
train,phzg7typ_-_581_774
train,pi1dp9q0_-_466_742
train,pi2763r1_-_438_792
train,pi2uv8gy_-_165_750
train,pi37tuau_-_377_721
train,pi4i0ehg_-_370_601
train,pi4mbiag_-_324_694
train,pi4xcwf8_-_507_704
train,pi8poxv6_-_242_695
train,picoxuzm_-_441_580
train,pidp6iqn_-_86_678
train,pig88jrs_-_367_783_-_366_801
train,pijfwmse_-_332_828
train,pijirvq4_-_325_612
train,pioduylo_-_286_565
train,pip9gofh_-_544_1020
train,piu4dtfl_-_147_681
train,piux9ek3_-_216_752
train,pj2tx3iq_-_237_598
train,pj496vum_-_217_717
train,pj8mrg82_-_80_758
train,pjc7w6u3_-_492_612
train,pjj6209f_-_83_640
train,pjt0710x_-_418_818
train,pju3t02i_-_386_829
train,pju4uhs0_-_132_693
train,pjuk3gqm_-_365_1043
train,pk2qworm_-_372_869
train,pkbe3l70_-_523_931
train,pkbmfhp7_-_244_785
train,pkbzac8z_-_211_669_-_468_699
train,pkd3em4u_-_423_691
train,pkfo0adt_-_225_912
train,pkfsen1w_-_401_753
train,pkhnvfkw_-_160_563
train,pkjxbqbc_-_496_915
train,pkk4cyui_-_571_658
train,pkqcjahk_-_561_918
train,pkqk8ltq_-_70_649
train,pktw99ot_-_469_714_-_33_725
train,pktxp9mg_-_247_632
train,pkuzelv5_-_204_574
train,pkw7dyzj_-_606_718
train,pkyblrlt_-_140_800
train,pkz1b1fq_-_104_772
train,pkzosylo_-_153_670
train,pl1kzft4_-_128_744
train,pl38wx3b_-_241_568_-_237_591
train,pl49gixj_-_117_825
train,pl50c8ju_-_73_656
train,pl616lr4_-_203_694
train,pl7dzw4b_-_96_718
train,plbexotr_-_612_701
train,plgakbvm_-_221_765
train,plily5n5_-_160_1129
train,pln6lf8i_-_492_650_-_220_615
train,plnhc8f7_-_215_573
train,plob90x2_-_308_671
train,pltvpm0y_-_405_767
train,plx5dhtl_-_321_608
train,plxtp1pi_-_505_850
train,pm0gjwhr_-_396_721_-_40_730
train,pm28lc26_-_191_1034
train,pm2bj50p_-_254_988_-_338_1060
train,pm369pk6_-_215_936
train,pmcgjdx7_-_554_728
train,pmdqdg0w_-_320_601
train,pmhcowu6_-_96_594_-_534_734
train,pmhkggz5_-_485_733
train,pmig869d_-_276_660
train,pn4q1iqh_-_96_879_-_124_682
train,pn8kdf29_-_367_625_-_602_634
train,pn9e3d03_-_358_970
train,pncp6xdi_-_546_1137_-_5_1271
train,pndj7z1q_-_307_950
train,png04vxk_-_85_854
train,png7wlkq_-_292_759_-_269_813_-_293_751_-_77_722
train,pni11mof_-_95_671
train,pnj0rpix_-_401_1243
train,pnjior8i_-_585_906
train,pnk8dwrn_-_93_729
train,pnkros2a_-_315_737
train,pnngtal2_-_314_620
train,pnq77v9q_-_77_597
train,pnrbddet_-_177_832
train,pnzffmul_-_379_688
train,po3d9o5m_-_208_756
train,po6lravs_-_156_690
train,po80ygsl_-_523_754
train,po8kuq8y_-_303_790
train,podymsrb_-_391_692
train,pofp6ph2_-_262_673
train,pohd0dio_-_492_716_-_125_675
train,poqqpj98_-_334_759
train,por4ti81_-_597_793
train,porsiqkz_-_150_716
train,pottl78q_-_366_693_-_25_710
train,pov1nmks_-_354_740_-_356_757
train,povjpbxl_-_435_680
train,pp0juhx2_-_475_715
train,pp4sobel_-_350_1207
train,pp69oxjw_-_341_934_-_380_923_-_374_919
train,ppashl1y_-_408_874
train,ppdjfcrw_-_255_750
train,ppg87s83_-_209_808_-_234_759
train,ppk16zxc_-_252_867_-_341_906
train,pplqbfsu_-_469_879
train,ppm4dvvr_-_212_593
train,ppn7q03f_-_59_668
train,ppp3qjcm_-_359_741
train,pppolbu8_-_549_804_-_192_556_-_652_750
train,ppuv8prt_-_454_733
train,ppw4tb05_-_568_990
train,ppywi1nv_-_407_809
train,pq2bpgqj_-_313_661
train,pq3vojnv_-_496_718_-_450_726_-_369_707
train,pq3ygqd0_-_325_678
train,pq7m0iy8_-_560_741
train,pqks89u5_-_267_922
train,pqmigwn4_-_531_841_-_506_949
train,pqndr0er_-_570_1018
train,pqoo7fx5_-_439_672
train,pqp2h4kl_-_557_985
train,pqqsmuyz_-_287_710
train,pqsonvhy_-_354_955
train,pqtk4s1v_-_365_764
train,pr036rwi_-_369_700
train,pr1xcb2w_-_366_690_-_342_653
train,pr50t43q_-_287_807_-_308_788_-_326_795
train,pr8nrrny_-_102_867_-_524_835
train,pr9wvkyd_-_159_611
train,pr9wza3i_-_251_901
train,prcl040x_-_349_789
train,prh55j7f_-_184_759
train,prh84r7g_-_377_780
train,prhfh4y4_-_395_977_-_91_880
train,prksdkif_-_341_706
train,prpfnovn_-_534_751
train,prug6dh5_-_247_739_-_287_723
train,prukjgsp_-_364_969
train,prvgko6n_-_537_839
train,pry5a4tk_-_258_682_-_504_670
train,ps2w2ua1_-_424_1190_-_444_1156
train,ps4xnlzl_-_243_640_-_243_668
train,pse9yc7l_-_130_863
train,psh65jm1_-_382_771
train,psi1iwew_-_222_831
train,psivt7ap_-_565_698_-_567_702
train,psjulxwt_-_535_655
train,pskf8r3c_-_483_1161
train,psl8qz68_-_464_809
train,psld9ar7_-_506_679
train,psn7xv7w_-_312_945
train,psqxfwx0_-_567_874_-_612_934
train,psvpppap_-_460_609
train,pt2byesn_-_229_656
train,pt3c2dip_-_553_768
train,pt3u0b5k_-_400_592
train,pt8ks4hb_-_301_608
train,pt9noth7_-_300_651
train,pteq2ojc_-_298_675
train,ptgvhsye_-_388_683_-_351_687_-_379_719
train,ptjtkhvc_-_357_708
train,ptmr2ogv_-_537_983_-_522_979
train,ptmsnl9j_-_514_730
train,ptn2day5_-_151_805
train,ptno42wt_-_464_792
train,ptycgbae_-_583_787
train,ptyjit6b_-_340_545
train,pu0riivm_-_492_695
train,pu2dhmg6_-_147_723_-_589_739_-_560_753
train,pu33eklb_-_415_1049_-_48_836_-_520_948
train,pu48acwd_-_272_792
train,pu5z1jj1_-_483_701
train,pu6aesns_-_62_614
train,pu930tqm_-_265_1015
train,pua2c2ui_-_206_924
train,puavw9a7_-_367_794
train,pud9bbmu_-_141_841
train,pue3y166_-_145_699
train,pue47ruu_-_160_783
train,pufcpolc_-_350_710
train,pufjkb9m_-_511_812_-_502_811
train,pugbhjft_-_318_728_-_581_737
train,pui9a795_-_381_663
train,puuy01n5_-_529_844
train,puxrv385_-_342_779
train,puylyufr_-_277_669
train,pv6ol3ae_-_238_1137
train,pvbgxba5_-_430_970
train,pvcd90vj_-_463_653_-_477_647_-_472_644_-_591_646
train,pvcv4rv6_-_304_740
train,pvd2vuez_-_245_634
train,pvdqgzto_-_531_692
train,pvhivdgb_-_506_719
train,pvm9gck1_-_336_740
train,pvo38cth_-_495_638_-_130_701
train,pvp12h2t_-_533_839
train,pvpii1lk_-_121_806
train,pvr6div7_-_197_658
train,pvv2xwwq_-_217_748
train,pvvo40cy_-_280_718
train,pvyfszgb_-_368_841
train,pvz6znvk_-_530_599_-_59_608
train,pvz7rdfw_-_125_619
train,pw0ddn1y_-_376_646
train,pw4rqjcw_-_245_750
train,pwd1a5z9_-_194_706
train,pwdvx4qo_-_512_628_-_408_770
train,pwgew8tn_-_301_639
train,pwixkwrh_-_184_835_-_115_868
train,pwjz7qum_-_103_570
train,pwkyofas_-_119_701
train,pwqoxted_-_592_894_-_522_1010_-_565_998
train,pwr350e9_-_247_747
train,pwv1kb3y_-_503_749
train,px7536ku_-_563_788
train,px9cu1yj_-_199_1010
train,pxarzxwz_-_225_784
train,pxbp8n9t_-_415_728
train,pxdzsewx_-_382_663
train,pxgkoxm6_-_473_1358
train,pxk71m4z_-_586_813
train,pxka9476_-_247_777
train,pxkjum6w_-_155_947
train,pxne7h8c_-_510_1099
train,pxnvctk6_-_387_669
train,pxrbqwkq_-_163_690
train,pxsrkgb6_-_524_995
train,pxv1nj7b_-_261_659
train,pxvf3kee_-_142_840
train,pxwy5bjm_-_257_749
train,pxy4k3dc_-_357_825
train,py083nac_-_255_806
train,py1tmo7f_-_423_698
train,py3e6v17_-_338_645
train,py3skpr3_-_355_579
train,py4azz7f_-_233_804_-_191_763_-_230_816
train,py8r7uy7_-_509_690_-_524_747
train,pyc3thi0_-_447_751_-_422_769
train,pycjx7t6_-_484_613
train,pyf7t301_-_516_1224
train,pyfp07cj_-_204_701
train,pyh2dk6z_-_218_1004
train,pyhsxwf9_-_562_700
train,pyhzn169_-_251_720
train,pykq3adm_-_618_712_-_368_704
train,pykvjopx_-_329_671
train,pymomevp_-_405_731
train,pynf53cg_-_70_725
train,pyog0dk1_-_455_820
train,pz0hfvi0_-_531_606
train,pz1t9b4i_-_474_729
train,pz3lmjo7_-_133_735
train,pz5duud2_-_257_628
train,pz9671xt_-_579_809
train,pzepxad7_-_490_806
train,pziv9f82_-_184_1196
train,pzni4vh3_-_557_805
train,pzts1itm_-_110_999_-_263_1026_-_341_1195
train,pzvnkle3_-_340_699
train,pzywusxb_-_362_677
train,q0602lve_-_207_1120
train,q08jn98h_-_97_924
train,q08v8qlh_-_534_713
train,q09wr0yq_-_308_730
train,q0f04biw_-_291_709_-_474_726
train,q0kkiajg_-_257_790
train,q0mp1euz_-_143_740
train,q0nwloef_-_189_724
train,q0q4zsbk_-_128_668_-_369_693
train,q0rsvchi_-_246_720
train,q0sgnsaf_-_255_596_-_244_602
train,q0y42lwu_-_73_653_-_496_645
train,q10d3if4_-_96_757
train,q12rzj5m_-_328_717
train,q1l14is5_-_544_696
train,q1p8cbl0_-_129_766_-_133_761
train,q1q3hz0d_-_304_672
train,q1qgbj99_-_460_675
train,q1szj7kj_-_386_944_-_423_918
train,q1w75jnm_-_215_676
train,q1yoj5ur_-_242_1057
train,q20vd81l_-_71_716_-_387_890
train,q283249o_-_464_781_-_367_830
train,q2946ic7_-_358_824
train,q2bheh6n_-_541_738
train,q2btdk1c_-_487_635
train,q2cjlfrt_-_79_697
train,q2fe967d_-_569_847_-_593_788
train,q2h3uhcz_-_521_935
train,q2k8xkfn_-_148_648_-_294_589
train,q2ucutb4_-_69_655_-_43_644_-_68_663
train,q2xk9s5q_-_599_675
train,q37v4s9v_-_477_911
train,q38hxqay_-_125_1115
train,q3c1ew6b_-_433_850
train,q3c3ips7_-_196_976
train,q3cyygjy_-_579_805
train,q3d0suxq_-_560_692
train,q3dosesk_-_86_844
train,q3fqqiu8_-_233_704
train,q3ko1gv4_-_155_858
train,q3ol86bt_-_257_694
train,q3sqm02m_-_422_645_-_574_647
train,q3zw3te8_-_540_750
train,q40o0vnx_-_497_762
train,q40zz30l_-_520_776
train,q41xpzlz_-_415_1231
train,q42ct2vv_-_282_970
train,q42mvr3p_-_596_802_-_368_665
train,q44i8uxr_-_609_563
train,q4a5n2qm_-_226_700_-_274_708
train,q4afn9ns_-_154_602
train,q4b2qynh_-_217_816_-_251_809
train,q4bc848i_-_114_700
train,q4ecur5r_-_342_763
train,q4hrpakk_-_290_580
train,q4iymiv6_-_53_638_-_242_636
train,q4jjtn75_-_471_693_-_411_687
train,q4jp38le_-_510_536
train,q4lzhcr9_-_341_743
train,q4oeyy7l_-_485_671
train,q4rv6a55_-_498_764
train,q4ut4erd_-_161_635
train,q4y9xm8d_-_140_838
train,q52ane9y_-_356_697
train,q53yfs0f_-_250_1576
train,q55n104x_-_467_845
train,q585ie6n_-_192_981
train,q58gpj5p_-_578_663
train,q5dbfacm_-_92_598
train,q5kdt3nm_-_471_1180
train,q5opdxxu_-_203_683_-_184_677
train,q5ri0xsa_-_577_646
train,q5rjqn5s_-_499_775
train,q5slxn7y_-_452_867_-_424_872
train,q5vxtkfr_-_217_757
train,q5xag55u_-_109_787
train,q5ynrvdz_-_241_747
train,q5zw3bqi_-_462_956
train,q60v14c9_-_179_568
train,q60w93hl_-_524_835_-_102_867
train,q644r5g7_-_527_648
train,q648xqev_-_170_779_-_573_748
train,q65t5e21_-_255_662
train,q693hoqa_-_263_594
train,q6gevpjj_-_512_742
train,q6j8i2nl_-_418_644
train,q6k4j3tl_-_432_770_-_326_979_-_228_953
train,q6muwrtb_-_191_758
train,q6n8ffao_-_538_483
train,q6naycny_-_158_672
train,q6raf76e_-_105_779
train,q6ska6hq_-_578_618
train,q6tdnkj0_-_252_618_-_640_626
train,q6v683g3_-_146_799
train,q6vpfr33_-_412_697_-_445_688_-_239_681_-_242_672
train,q6xkcngw_-_209_689
train,q70ekac9_-_282_740
train,q71nvksu_-_234_899
train,q72bvyl8_-_278_677
train,q74ahpl5_-_478_730
train,q75op5d8_-_588_639_-_3_672
train,q78kd48n_-_195_957_-_207_956_-_207_948
train,q79x7pdy_-_184_840
train,q7kwvbsy_-_104_732
train,q7l7adgr_-_614_673
train,q7n78v08_-_91_856
train,q7oajwtv_-_243_701
train,q7tbvccm_-_67_752
train,q7v6qs5n_-_270_657
train,q83itom9_-_594_563
train,q85jzl3t_-_138_740
train,q88anbot_-_370_632_-_4_603
train,q89z464j_-_252_699
train,q8bz8m29_-_352_763_-_325_732_-_365_772_-_139_790
train,q8f6r1zn_-_402_715
train,q8gdc6fu_-_282_794
train,q8j00p75_-_155_682
train,q8jl9vxy_-_569_626
train,q8l2kedz_-_303_776_-_8_757
train,q8lir663_-_449_695_-_565_702_-_409_701
train,q8lrbviq_-_410_655_-_248_634
train,q8n9q2m0_-_439_699
train,q8sd8jn1_-_424_737
train,q8skn0h9_-_387_745
train,q8v29rpr_-_359_784_-_211_734_-_448_572_-_280_749
train,q8x0sb5i_-_147_666
train,q8xv3wxu_-_295_655
train,q8yzwrg6_-_287_674_-_516_692_-_416_664_-_481_689_-_310_687
train,q94senfs_-_216_663
train,q9aru4wr_-_206_617_-_408_631
train,q9dhmci3_-_322_696
train,q9edtrgh_-_558_793
train,q9f7c9hy_-_372_678_-_372_678
train,q9k4mrwn_-_80_682
train,q9l2h4v4_-_421_582
train,q9m4qciz_-_482_714
train,q9mo4rik_-_518_674_-_458_715
train,q9o1cmcd_-_158_834
train,q9o5c2gr_-_413_964
train,q9quusk6_-_452_601
train,q9rud69r_-_141_835
train,q9ww1o5g_-_159_750
train,q9xmaiof_-_272_744
train,q9xo7vj5_-_102_670
train,q9yin9i6_-_583_677_-_466_665
train,q9z39owi_-_359_802
train,q9zdyppc_-_505_739
train,qa1dorsn_-_577_700_-_551_707
train,qa1suy6j_-_613_749
train,qa1v1qlj_-_431_975
train,qa73mop7_-_373_709_-_7_814
train,qa8at0sh_-_377_996
train,qa8rit7w_-_565_783_-_285_736
train,qa9stcdn_-_279_880
train,qa9t9vqn_-_324_636
train,qaaa640t_-_171_692
train,qagl4f03_-_254_904_-_279_907
train,qagqqivf_-_219_807
train,qakoxime_-_88_817
train,qakqtyl2_-_294_646
train,qalmuh3o_-_330_736
train,qaly91d2_-_567_640
train,qan0axw8_-_437_792_-_429_798
train,qantz20t_-_55_583_-_130_587
train,qapud23s_-_350_725
train,qargpdvg_-_105_769
train,qast1mcv_-_447_803_-_455_809
train,qawmothc_-_183_769
train,qb01b4vg_-_127_755
train,qb2dl2g0_-_580_542
train,qb2mzmdw_-_276_860
train,qb4hn81i_-_438_784
train,qb5n4vdp_-_181_576
train,qbezeywd_-_163_690
train,qbivunhz_-_108_624_-_672_627
train,qbra6bfd_-_498_742
train,qbra6pyz_-_106_981
train,qbris2lm_-_620_696
train,qbwulqnk_-_179_910
train,qc0dziwb_-_85_724_-_122_728
train,qc4rv0oo_-_484_881
train,qc8eiutm_-_299_798
train,qcaod5bu_-_479_652
train,qccakbzi_-_431_726
train,qcfq2tcw_-_457_655
train,qcgi0uia_-_551_814_-_554_830_-_505_1010
train,qcgz16jn_-_193_1102
train,qck5onec_-_341_780
train,qckfv7ou_-_463_709
train,qcku0rtp_-_104_808_-_184_696
train,qcpjd7e5_-_310_927
train,qcv897tb_-_215_837
train,qd0akznk_-_161_526
train,qd0oe6w7_-_553_646_-_678_678
train,qd8am2d2_-_81_666
train,qd8c92r7_-_554_678_-_253_735
train,qdadi6b0_-_603_817
train,qdbkunuo_-_511_677
train,qddvjb3y_-_335_951
train,qdft908h_-_548_767
train,qdgbgo8s_-_76_664
train,qdi4gotv_-_208_805
train,qdifiet7_-_556_556_-_544_679
train,qdiorw1w_-_564_781
train,qdkct5fp_-_627_653
train,qdljv2t8_-_498_751_-_498_751_-_651_768
train,qdlnd50u_-_314_742_-_644_773
train,qdogaxyi_-_319_642
train,qdqqhym3_-_405_1378
train,qdu6sunu_-_296_722
train,qdzow711_-_455_643
train,qe6joec8_-_483_797
train,qe9yqwxd_-_310_931
train,qeaanre3_-_247_731
train,qeasq98h_-_77_746
train,qebg5z36_-_324_646
train,qecl85ea_-_456_672
train,qefrvapp_-_238_567_-_252_535
train,qelrp2o3_-_292_893
train,qeone2qy_-_350_696_-_589_706
train,qeotq2vr_-_114_604_-_112_594
train,qepga1p0_-_338_613_-_130_443
train,qeqru39g_-_191_958
train,qeshbqba_-_344_618_-_555_617
train,qeu8jbmd_-_613_705
train,qf0lr6bl_-_452_818
train,qf3c7k6g_-_326_709
train,qf76thd7_-_449_726
train,qfauoalh_-_258_797_-_248_664
train,qfc1stzh_-_235_659
train,qffgwech_-_289_742
train,qfh9vd26_-_311_765_-_299_756_-_315_752
train,qfmcp1l6_-_337_688
train,qfoir7wl_-_195_842
train,qfq0imyb_-_459_776
train,qfvtortu_-_289_872
train,qfwwiqds_-_144_549_-_88_568_-_115_555_-_147_569
train,qfy2ltxt_-_242_619
train,qfz7lchr_-_404_829
train,qg0iyj4q_-_452_725_-_428_727_-_74_705
train,qg0wsiln_-_508_862
train,qg13hoxw_-_210_664_-_364_683
train,qg3al0y3_-_441_823
train,qg5t03w1_-_467_720
train,qg7t2lib_-_146_614_-_12_605
train,qg8k2g9e_-_111_656
train,qgbb2f1k_-_489_1043
train,qgbc5suk_-_161_907
train,qgcos647_-_453_788
train,qgfse02c_-_121_930
train,qggjmax6_-_390_955
train,qgioq1l5_-_109_604_-_635_651
train,qgkiqisp_-_422_738_-_455_845
train,qglt52vw_-_447_689
train,qgmdek7k_-_126_597
train,qgmj1bpl_-_610_650
train,qgp88olb_-_399_1048
train,qgq5av9y_-_296_585
train,qgujdi4s_-_588_575_-_542_589
train,qgx9mumy_-_197_1201_-_173_1167
train,qgxfdtu7_-_182_552
train,qgzgbkkr_-_91_664
train,qh2yjixe_-_434_770
train,qh59lsz2_-_271_778
train,qh5cvlzc_-_274_1060
train,qh5qz8x4_-_254_840
train,qh69r3up_-_463_799_-_409_780
train,qharf2lm_-_481_872
train,qhd7mozx_-_88_831
train,qheoelgh_-_456_782
train,qhg8fg6l_-_125_1004
train,qhgd3tbj_-_291_960_-_325_977
train,qhggeai4_-_487_683
train,qhix76zf_-_412_847
train,qhlcrkxk_-_472_773_-_198_809
train,qhlwarxu_-_265_797
train,qhmml08f_-_546_701
train,qhnlx6oy_-_169_595
train,qhs8v45z_-_626_627_-_589_580
train,qht1ttpt_-_157_605
train,qht7yx4i_-_451_755
train,qhwz3n50_-_131_779
train,qhxjh2kc_-_511_1014_-_461_1002
train,qi1oetfs_-_524_636
train,qi2nf1o4_-_74_774
train,qi57mt60_-_382_1244
train,qi9jgqg9_-_108_745
train,qidnpv3d_-_519_684
train,qiht12vz_-_105_766_-_58_757_-_90_755
train,qij7zlst_-_83_755
train,qir7q3tu_-_380_679
train,qiwsu5en_-_499_818
train,qj0a8zrh_-_143_720_-_553_693
train,qj9cnhco_-_142_543_-_243_614_-_97_683
train,qja56a9k_-_237_595
train,qjcy7s83_-_231_640_-_601_687
train,qjd5b5gz_-_560_891
train,qjeo0yyi_-_99_696_-_121_693
train,qjhzhcfx_-_128_684
train,qjklgig3_-_347_772
train,qjkrvd0f_-_528_835_-_512_816
train,qjn7vaqn_-_548_828
train,qjnr7cp6_-_494_1048
train,qjo7vfn9_-_560_802
train,qjqmnv71_-_203_768
train,qjsvtus4_-_530_789
train,qjt8zws0_-_500_793
train,qjtmu195_-_100_789
train,qjzetxaz_-_293_1412
train,qk0qnvxg_-_548_723
train,qk3gaue9_-_171_664
train,qk3k54k6_-_145_809
train,qk8skxv4_-_625_653
train,qkaofvi9_-_96_730
train,qkcul40b_-_325_628
train,qkdr6qzl_-_196_890_-_177_916
train,qke5pfm6_-_344_822
train,qkgc9j1l_-_184_969
train,qkkhlxee_-_540_879
train,qkm94p54_-_178_835
train,qkmdctu9_-_429_593
train,qkn5vejq_-_134_896_-_130_911
train,qku8pfqv_-_397_769
train,ql02cmwl_-_371_826_-_403_842
train,ql0lhohq_-_254_733
train,ql0rj6gt_-_197_794_-_165_782
train,ql0zvbid_-_264_792
train,ql2h5vrk_-_371_672
train,ql3d2r0r_-_312_742_-_320_738
train,ql46zn35_-_518_915
train,ql6wlraw_-_132_853
train,ql9sf6p3_-_440_897
train,qlc80pg2_-_607_639_-_246_649
train,qlgln4pw_-_518_775
train,qlhmkt39_-_89_897
train,qligco92_-_499_743
train,qlilkpg5_-_204_835
train,qlk859te_-_483_933
train,qlmhio93_-_242_931_-_251_750
train,qlmo1w2m_-_350_729
train,qlnzkpru_-_259_770
train,qlsut8i0_-_279_698
train,qlufwzg8_-_412_1066_-_467_1043
train,qly990jx_-_558_829
train,qm1f761k_-_340_753
train,qm2i3w9o_-_322_1128
train,qm2j4bw7_-_494_1083
train,qm2x37ku_-_312_772
train,qm30more_-_250_942
train,qmflh49s_-_184_669_-_530_650
train,qmfokgir_-_438_925_-_363_930
train,qmiikmb3_-_197_761_-_224_762
train,qmke2bxw_-_352_706
train,qmlziuex_-_122_1080
train,qmqoxb93_-_381_865
train,qmuuk7da_-_238_730
train,qmvlws5t_-_194_769_-_201_788
train,qn0sz58r_-_588_708
train,qn2d41in_-_530_728
train,qnbqow1b_-_534_591
train,qncmz7po_-_215_909_-_212_897
train,qncsqlq5_-_139_805
train,qnejqx3i_-_438_1110
train,qnlu8g1c_-_141_947
train,qnnurjkz_-_522_765
train,qnoz6nwd_-_320_732
train,qnsk9xlf_-_373_546
train,qnvu6gq8_-_164_614
train,qnzl9xk5_-_228_751
train,qo09593t_-_56_605
train,qo0le2d3_-_280_713
train,qo0m47ed_-_256_683_-_252_674
train,qo1tx4jp_-_326_727
train,qo46pq8b_-_140_803
train,qo8yzea0_-_596_812
train,qoby8pab_-_102_829
train,qockc6ee_-_387_914
train,qohjn9l2_-_386_745_-_383_753
train,qoj8xix4_-_280_983
train,qoot8j7i_-_365_794
train,qouemf8l_-_115_688
train,qow18d1q_-_122_727
train,qp1sxp6s_-_79_613
train,qp3a1j62_-_123_1036
train,qp7zqwrr_-_339_789
train,qpbove6h_-_520_672
train,qpbtc440_-_568_703
train,qpfuk5nz_-_139_586
train,qpgc0ugc_-_187_839
train,qpj78l91_-_438_736
train,qpkpjpvc_-_345_689_-_152_624
train,qpntyzw0_-_229_794_-_466_793_-_481_780
train,qpouv10j_-_107_874_-_42_860
train,qpp5tkhj_-_573_637_-_261_691
train,qpr2flu6_-_344_611
train,qpuiv4pl_-_396_667
train,qpx2gbos_-_391_570
train,qpyjw77x_-_123_655
train,qpz7bme9_-_79_498_-_214_518
train,qq0b24u5_-_565_671
train,qq25xrqq_-_269_600
train,qq368f7s_-_159_969
train,qq3zd39t_-_189_784
train,qq4ubqzt_-_222_617
train,qquu33n1_-_242_1021
train,qqxv9r1s_-_406_1123
train,qqyr6z7v_-_536_777
train,qqzypfmd_-_192_667
train,qr8i5knx_-_367_647
train,qr9wti8j_-_314_994
train,qrbqfhul_-_550_996
train,qrcti9zo_-_362_857
train,qs2rqja4_-_121_721
train,qs7543gm_-_550_953
train,qs89ly1g_-_489_704
train,qs8mpimh_-_586_871
train,qs8n660y_-_506_858
train,qsh93qnn_-_442_643
train,qshafhqu_-_378_701
train,qslliybo_-_114_665
train,qsmand3t_-_430_765_-_492_712
train,qsrr12hp_-_179_780
train,qsu8517p_-_553_1060
train,qswvi8p2_-_534_631
train,qt0oaqts_-_317_745
train,qt36tie1_-_86_728
train,qt5s3mhz_-_424_701_-_444_879
train,qt9e2uk3_-_168_659_-_170_611
train,qtboqh2s_-_494_753
train,qtc23eff_-_265_618
train,qteuj188_-_64_634
train,qtgiw37h_-_531_994_-_516_967_-_526_979
train,qtok4yne_-_143_853
train,qtphp33x_-_87_724
train,qts055e1_-_540_674_-_517_673
train,qttpl777_-_532_628
train,qtv6w9oz_-_321_629
train,qtwuozng_-_255_720
train,qtzay38v_-_431_678
train,qu1kqpmb_-_127_742_-_184_762
train,qu4qddpc_-_451_604
train,qu85hg8p_-_603_728
train,qu9b7pe4_-_515_584_-_65_567
train,quawejv7_-_214_597
train,quciar4m_-_597_666
train,quecuun5_-_104_1000_-_166_977
train,quhf3ik9_-_226_663
train,quif1azz_-_387_629
train,qujz75my_-_319_732
train,quyr8deo_-_515_806_-_399_733_-_417_720
train,quzshi03_-_184_724
train,qv0cqfvh_-_488_735
train,qv0thh3n_-_463_736
train,qv35ek0n_-_571_623
train,qv65l4xh_-_146_580
train,qv6d5kd2_-_153_664
train,qv6x6ecm_-_336_714
train,qv7tf2na_-_180_799
train,qv8jr5ln_-_111_821
train,qv8lmu1i_-_515_668
train,qv9qc2yw_-_604_763
train,qva2al5l_-_612_750
train,qvar2ysb_-_453_699
train,qvcpuv17_-_214_713
train,qvdg5j83_-_354_706
train,qvf8i0w0_-_415_888
train,qvfylemw_-_551_553
train,qvifj0vb_-_244_942
train,qvk6shoz_-_182_689
train,qvn5gs76_-_183_692
train,qvofoj3h_-_129_902
train,qvoy84ne_-_179_718
train,qvq3h0cz_-_387_797
train,qvt2i37a_-_180_650
train,qvu2m3u6_-_277_651
train,qvzn42oc_-_413_693_-_275_689
train,qw20jpxa_-_310_773
train,qw2938wj_-_497_751
train,qw3ycy28_-_163_1365_-_185_1458
train,qw4fcean_-_424_1103_-_509_1222
train,qw519pxc_-_92_687
train,qwa698lp_-_383_801
train,qwaz6avg_-_450_861
train,qwj5oj2x_-_200_730
train,qwl8z5a5_-_104_626
train,qwm5wprn_-_115_691
train,qwpaedlo_-_246_888
train,qwqkq4ki_-_102_696
train,qwql9zr5_-_403_898
train,qwqxyfw8_-_300_1128
train,qwrv7tna_-_433_839
train,qwtwf0mb_-_535_1287
train,qx2ihsq6_-_361_1051_-_332_956_-_273_849_-_300_837
train,qx9fyix2_-_228_893
train,qxaegf52_-_457_797
train,qxfav0q4_-_244_593
train,qxgktaq1_-_75_643
train,qxgpwnqa_-_466_792
train,qxo2pid7_-_467_705_-_278_675
train,qxpnv1jb_-_412_732
train,qxrh15rb_-_306_1380
train,qxtfim2v_-_504_942_-_357_821
train,qxw52mev_-_414_1383
train,qy2oaehm_-_360_1215
train,qy3mn6ii_-_536_911
train,qy49mrd1_-_280_557_-_601_576
train,qy6hhe73_-_580_802
train,qye8i7qa_-_221_715
train,qyhjft2f_-_118_759
train,qyj855fg_-_378_724
train,qyjrmf9l_-_566_974
train,qyls7ttt_-_436_833
train,qylwnk24_-_535_793_-_500_797
train,qyn2h0ok_-_537_755_-_557_735
train,qypsv7jg_-_243_890_-_220_893
train,qyq0nkzf_-_557_836
train,qyqc4wl1_-_439_605
train,qytvj8z3_-_91_747
train,qywir7e6_-_73_581
train,qyypjqm8_-_571_595
train,qz46mzke_-_493_777
train,qz4j9bka_-_259_673_-_101_703
train,qz6p4s0c_-_108_686
train,qz7w1qo9_-_271_933
train,qzbv8ho7_-_107_707_-_88_696
train,qzigcb2q_-_275_762_-_297_786_-_289_766
train,qzj73acb_-_540_870
train,qzmn7pb3_-_517_854
train,qzo518bh_-_481_921
train,qzor9al2_-_172_805
train,qzq0sgcl_-_373_856_-_443_887
train,qzrl3ri1_-_443_733
train,qzv558pn_-_101_755
train,qzx3gof5_-_432_652
train,r00v9q02_-_196_846
train,r03c0zuq_-_381_867
train,r03tbdf4_-_296_821
train,r06sox2c_-_517_596_-_515_589
train,r07jckpk_-_168_755
train,r09e0lso_-_355_994
train,r09e3tm5_-_610_733
train,r0bllh1x_-_599_661
train,r0ep334h_-_501_652_-_600_724_-_177_642
train,r0hspjft_-_318_1123
train,r0i7eray_-_368_603
train,r0k3s2qr_-_595_776
train,r0kun8al_-_393_958
train,r0ot8ct6_-_153_708
train,r0p3djd8_-_577_958
train,r0rc4nqx_-_388_1133
train,r0tp897m_-_160_744
train,r0ux6q6d_-_612_687_-_668_691
train,r0xsldtr_-_200_711
train,r0z1cueo_-_507_762
train,r10g72i7_-_317_840_-_305_804_-_331_819_-_296_820_-_321_846
train,r157t1te_-_263_711_-_258_728_-_260_719
train,r15h4cec_-_329_745
train,r1fwrtcs_-_129_791
train,r1gtkkpt_-_421_587_-_596_582
train,r1iifsr6_-_216_779_-_168_713
train,r1j2wg2s_-_579_666_-_665_643
train,r1jzfkb6_-_266_785
train,r1k4hq73_-_499_838_-_347_882_-_376_858
train,r1l1rtqr_-_569_579
train,r1m33pk1_-_515_870
train,r1mqurde_-_470_744
train,r1sco1dg_-_159_660
train,r1sk4mwz_-_479_938
train,r1svu0ux_-_393_783
train,r1vi8qs9_-_591_703
train,r21bt58b_-_586_712
train,r22q1dng_-_73_639
train,r26st7kn_-_527_762
train,r279ylnm_-_95_709
train,r287un7q_-_541_936
train,r293yhcx_-_128_648
train,r29f0czj_-_138_997
train,r29x6gnf_-_249_620
train,r2bfew6p_-_386_715
train,r2fideud_-_573_751
train,r2hnvlt9_-_190_777_-_192_789_-_385_754_-_409_765
train,r2iy292x_-_566_673_-_570_695_-_139_685_-_93_705
train,r2j1wgs0_-_317_773
train,r2rj36ah_-_487_874
train,r349y1cx_-_575_1037
train,r37s0h6u_-_431_685
train,r38a5e5e_-_499_772
train,r3an03le_-_125_710_-_539_697
train,r3bd3ni4_-_592_791_-_572_771_-_91_761
train,r3f3j9td_-_606_630_-_637_683
train,r3i727w0_-_575_727
train,r3l5lxac_-_463_915
train,r3ltioy4_-_268_721_-_259_744_-_238_709
train,r3no8o8t_-_447_902
train,r3oh01kn_-_502_859_-_605_764
train,r3p5u6ee_-_545_748
train,r3pdrr2j_-_310_773_-_319_712_-_286_758
train,r3q0y0kb_-_371_697
train,r3tsimwz_-_330_690
train,r408q2h4_-_361_684_-_350_733_-_296_681
train,r43ajkgr_-_172_720
train,r46d4x2w_-_535_621
train,r496x7lo_-_619_707
train,r4h2geba_-_378_901
train,r4hq4zh2_-_369_956
train,r4hxc0vo_-_472_647
train,r4iaqobq_-_532_709
train,r4iuh9ff_-_386_682
train,r4kzirrx_-_479_920_-_465_923_-_97_915_-_138_921_-_472_923
train,r4ntcb0b_-_477_771
train,r4qcf0ge_-_396_749
train,r4s7ietg_-_478_738
train,r4tcxbbr_-_184_711
train,r4tkj40n_-_414_811
train,r4u4na68_-_112_601
train,r4ugx0t5_-_101_720
train,r4uiy1y2_-_536_772
train,r4uuxsz5_-_210_777_-_184_785
train,r4wc8ost_-_445_771
train,r4z8fsq5_-_478_727
train,r51iml89_-_475_1355
train,r535t4hp_-_563_781
train,r5539os4_-_399_822_-_408_821
train,r5gq4fle_-_308_592
train,r5hojlb6_-_259_656
train,r5hvxn9v_-_195_726
train,r5pmsijc_-_556_683
train,r5u86jmv_-_132_1137_-_140_1127
train,r5vf7zle_-_448_813
train,r5xujbmz_-_222_1314_-_212_1227
train,r5yjmvb1_-_456_629
train,r64rkh9e_-_139_690
train,r64xh9kb_-_418_738_-_387_750
train,r68peo1d_-_605_700_-_603_700
train,r6mfg9wg_-_112_828
train,r6roxao6_-_456_897
train,r6swivaw_-_208_715
train,r6uxm2hl_-_287_791_-_636_964
train,r729eumc_-_89_864_-_66_885_-_40_828
train,r73hb265_-_301_838_-_315_810_-_287_805_-_347_829
train,r73o7177_-_446_603_-_179_568
train,r76nnc3s_-_267_939
train,r7denvwp_-_541_609
train,r7dnusvu_-_270_998
train,r7gr8e3s_-_76_649
train,r7rfseww_-_412_721
train,r7rh63in_-_356_655_-_368_656
train,r7thmozw_-_571_720
train,r7tnlhaf_-_305_767
train,r7u6u911_-_513_762_-_129_702
train,r7uuiuh5_-_170_942
train,r7y6xs9w_-_204_623_-_198_624
train,r811oh2p_-_221_638
train,r82j9d53_-_369_926
train,r86g5b7a_-_348_717_-_365_694_-_346_717_-_359_708_-_330_718_-_338_722
train,r89ulfl3_-_585_614_-_106_700
train,r8czuhwg_-_187_639_-_200_604
train,r8eubhpm_-_381_787
train,r8f4wtqm_-_284_813
train,r8qdtsrf_-_275_969
train,r8uq4o9m_-_198_702
train,r8uqtym7_-_425_639
train,r8v9nzfl_-_231_893
train,r905pko8_-_181_693
train,r92vga89_-_78_746
train,r967tg5g_-_204_1017
train,r98g8zm9_-_195_734_-_175_715
train,r99wnhre_-_208_706
train,r99xwg1p_-_552_643
train,r9bcvt2h_-_553_741
train,r9bxkum3_-_379_657
train,r9dix0gm_-_347_753
train,r9e5fwxn_-_207_787
train,r9f135ua_-_524_824
train,r9fyy2qp_-_468_802
train,r9g2lubr_-_587_756
train,r9jg09o4_-_125_560
train,r9qhnn9m_-_475_927
train,r9rmyp68_-_125_745
train,r9scq6mc_-_204_661
train,r9trhkfu_-_238_695
train,r9tzv4ma_-_115_727
train,r9u58jpr_-_356_665
train,r9w0qy1r_-_129_809
train,r9ypwxjn_-_418_737
train,ra1bwq4e_-_177_717
train,ra2sur4f_-_565_760_-_544_693
train,ra667opi_-_441_688_-_299_710
train,ra6k83qo_-_574_802
train,ra8yltig_-_93_652
train,rab8fvih_-_62_718
train,rabtxdt8_-_207_672
train,racxkmj8_-_614_721
train,raebwhwx_-_500_495
train,raefydj4_-_123_783
train,rafg8lzv_-_573_902
train,raqeibty_-_475_844_-_373_898_-_486_845
train,rare9d2z_-_435_740
train,rars7x0a_-_391_662
train,rauo1372_-_113_701_-_102_708_-_111_703
train,rb0n73hr_-_341_840
train,rb1x2h8q_-_427_740
train,rb2ewevo_-_138_726
train,rb2pmq59_-_131_662
train,rb3h31zg_-_386_682
train,rb7ac3t2_-_312_1289_-_307_1272
train,rb8kzcy4_-_415_696
train,rbc48p0z_-_227_670
train,rbc58w1h_-_210_753_-_206_750
train,rbcftkp4_-_59_674
train,rbcv74s2_-_410_686
train,rbf5pffc_-_426_739_-_103_785
train,rbfeoj61_-_383_925
train,rbjsl5mi_-_268_662
train,rbkf7e3u_-_77_626
train,rbkwdp02_-_269_787_-_234_788
train,rblw426r_-_373_761_-_25_753
train,rblywhlz_-_244_757_-_258_761_-_149_686_-_129_655
train,rbpr3xbc_-_340_788
train,rbptdvq4_-_368_798
train,rbqjpix0_-_492_623
train,rbstlkve_-_471_819
train,rc17h15v_-_461_918
train,rc36nrio_-_619_629
train,rc3t3rcg_-_509_986
train,rc9il56b_-_307_777
train,rca299hm_-_263_860
train,rcenvz5k_-_472_721
train,rcfu0y6y_-_254_770
train,rcmbqrlp_-_281_957
train,rcnaahf7_-_457_638
train,rct10oji_-_581_630_-_3_519_-_518_517_-_404_506
train,rcwcrgox_-_390_770
train,rcwlsc6m_-_389_686
train,rcx73z4m_-_341_759
train,rczs7aqn_-_417_768_-_428_767
train,rd59xu8t_-_139_554
train,rd73uvsy_-_120_521
train,rd87538r_-_77_816_-_631_792_-_67_793
train,rdalm2f4_-_443_608
train,rdebvpv0_-_177_592_-_158_563_-_622_724_-_548_876_-_14_591
train,rdfw6q92_-_403_642
train,rdo1l9td_-_561_652_-_182_654
train,rdrcbeh6_-_212_629_-_539_596
train,rdstrfc8_-_247_768
train,rdtuts3i_-_297_795_-_252_792
train,rdu82j5z_-_608_537
train,rdwcoahb_-_493_963_-_503_956
train,re0idle8_-_305_644_-_303_633
train,re3wgbif_-_370_741
train,re4hzxi6_-_273_1115
train,re7i935j_-_481_780_-_466_793_-_229_794
train,re7sgtby_-_601_567
train,re7tk3uj_-_485_586
train,reauyr88_-_106_885_-_177_932_-_211_867
train,reawo5go_-_175_612
train,redqg6kw_-_426_635
train,reds5tvh_-_85_614
train,reeop3cj_-_329_941_-_302_843
train,repolyze_-_108_588
train,rer5ve7s_-_434_622_-_424_621
train,retffw9f_-_459_738
train,retmjnhw_-_435_612
train,rf23auob_-_521_706_-_59_749_-_74_748_-_510_707
train,rf2bacn1_-_378_715
train,rf3gv5dx_-_257_825
train,rf3sowca_-_226_814
train,rf43qh1y_-_578_573
train,rf5j9hjn_-_354_744
train,rfdfyxl7_-_147_978
train,rfdxm7fr_-_112_712
train,rfeukw6t_-_171_748
train,rff9aozo_-_320_841
train,rfg5cloj_-_420_705
train,rfhkug2m_-_430_891_-_444_895
train,rfk3bm2g_-_154_585
train,rflnb8t1_-_168_787
train,rflscuk3_-_437_579
train,rfmnheho_-_477_796
train,rfn3pmh8_-_334_953
train,rfox7xwo_-_443_714
train,rfqcrk8v_-_286_827
train,rfr1om1y_-_258_731
train,rftul3xo_-_276_614_-_581_662
train,rfvbwjhm_-_529_870
train,rg12ms6z_-_226_627
train,rg4qkt3n_-_235_947
train,rg6ze66i_-_154_769
train,rg7e0sbc_-_170_1180
train,rgcum68v_-_370_834
train,rgef8hel_-_151_738_-_202_639
train,rgh6q7cb_-_311_659
train,rgku08ld_-_535_833_-_538_829
train,rgp5oaoq_-_137_625_-_563_623
train,rgpbwxba_-_207_698
train,rgqi27wd_-_123_790
train,rgre6jp4_-_292_706
train,rguu2g5x_-_576_967
train,rgv3rbsm_-_373_895
train,rgvmublh_-_215_678
train,rgwiyyez_-_496_810
train,rgz7gjk1_-_247_584
train,rh2j6s5c_-_520_722
train,rh75fz69_-_241_705_-_615_661
train,rh97cgdr_-_256_664
train,rhbl2tk6_-_187_840
train,rhgrhwab_-_510_898
train,rhirn30s_-_356_735_-_317_768
train,rhkibly1_-_258_712
train,rhnx0in2_-_330_707_-_602_735
train,rhoed6xi_-_182_785
train,rhpblw0f_-_170_865
train,rhrjujnb_-_169_743
train,rht0jyn8_-_533_753
train,rhtj5zg0_-_345_1098
train,rhx45gxm_-_198_993
train,ri5bv0fb_-_105_667
train,ri6oa3ew_-_328_818
train,rib0l1im_-_392_819
train,rib6prd5_-_523_750
train,rihkkx3f_-_507_754
train,rij2fug4_-_448_937
train,rikpclg5_-_198_780
train,ripygidy_-_395_629
train,rit4ybth_-_483_502_-_623_595
train,riucp8gm_-_246_752
train,riuic2r6_-_427_726
train,rj23p8sh_-_619_621
train,rj3ebmv0_-_348_796
train,rj3tzc2q_-_398_676
train,rj71nr28_-_77_770
train,rj7afyw1_-_83_661
train,rj8y5gwt_-_576_568
train,rjag1s11_-_519_648_-_115_650
train,rjf51qhw_-_268_875
train,rjfuc9bl_-_587_771
train,rjj00izv_-_292_817_-_343_823
train,rjjkpci9_-_504_629
train,rjlhixjb_-_299_922
train,rjmpm2w9_-_343_690
train,rjn7r3xa_-_625_638_-_614_616
train,rjp6tp76_-_345_842_-_269_760
train,rjppb8ie_-_349_685
train,rjq8k9pn_-_455_775_-_503_843
train,rjqmvk61_-_201_812_-_226_678
train,rjr962pr_-_586_665_-_255_673
train,rjwcbsq8_-_305_804_-_331_819_-_296_820_-_317_840_-_321_846
train,rjxrgcs3_-_353_705
train,rjxteawm_-_586_859
train,rk7pmtwz_-_322_552_-_20_559
train,rk8iw1k7_-_142_610
train,rkamjddm_-_499_835
train,rke0a4my_-_214_708
train,rkh1sjy2_-_332_607
train,rkl7pqu9_-_210_744
train,rkligsmu_-_430_685
train,rknstmv4_-_77_734
train,rko58gne_-_394_778
train,rktqyxrn_-_314_696
train,rkvyjnl5_-_249_651
train,rkz0kfel_-_304_684
train,rl143wpy_-_231_681_-_548_661
train,rl3r4fiy_-_461_685
train,rl6gcnlb_-_120_662
train,rl877wt2_-_275_730_-_285_748
train,rl8h6cdq_-_475_785
train,rlagmmcp_-_326_845
train,rlbmf9hx_-_343_662
train,rle6g1w9_-_561_1043_-_609_985_-_558_1130_-_580_1038
train,rlf0dwqu_-_321_584
train,rlkenjjh_-_336_718
train,rlkymm31_-_354_781
train,rlldxv76_-_332_742
train,rlns4f5b_-_475_681
train,rlp1q6ad_-_523_1167
train,rlrbe63g_-_471_1127
train,rltq8w5p_-_431_885_-_601_719
train,rlxaot2u_-_563_756_-_546_771
train,rm04rpay_-_263_627_-_595_639
train,rm5etedu_-_385_758
train,rm5wkoo5_-_146_977
train,rm61oci5_-_344_862
train,rm6ik2zu_-_399_835
train,rm7ljklp_-_547_678_-_494_729
train,rm9bdoql_-_291_717_-_331_698
train,rma2adxp_-_155_824
train,rmb2raql_-_535_707
train,rmblauv2_-_134_995_-_96_1006_-_485_948_-_486_950
train,rmexh8pc_-_112_737
train,rmf590wq_-_479_747
train,rmfds8vq_-_370_610_-_209_626
train,rmfee4rd_-_480_656
train,rmm54k3e_-_101_732
train,rmmcnwbe_-_379_649
train,rmrcykal_-_245_768
train,rmrkhg3l_-_148_1065
train,rmtote9z_-_581_676
train,rmu6s38z_-_490_686_-_201_683
train,rmydopwi_-_495_809
train,rn4egadn_-_526_666
train,rn8xiwp3_-_330_838
train,rn9ykrjc_-_77_796
train,rnbsvrb6_-_240_693
train,rncg6w77_-_215_850_-_473_837
train,rndru9d5_-_443_781
train,rndsudnl_-_608_626
train,rnhc78m0_-_216_921
train,rni0uayn_-_433_714_-_665_746
train,rnj3h142_-_580_902
train,rnjxl7ms_-_519_734
train,rnke9lr5_-_417_754_-_416_764
train,rnljp7rf_-_533_539
train,rnm38hlq_-_185_776
train,rnpbsvre_-_208_747
train,rnqr51yc_-_339_717
train,rnqugi9v_-_357_730
train,rnrlkz9m_-_194_628
train,rnt8udpx_-_263_829
train,rnwksyfi_-_296_951_-_332_866_-_261_819
train,rnywvhvl_-_198_637
train,rnzfni7a_-_323_748
train,rnzos64w_-_567_702_-_565_698
train,ro0mn741_-_511_636_-_514_663
train,ro15bb2g_-_401_880
train,ro4xp93h_-_528_637
train,ro82wfns_-_288_603
train,robxopcv_-_561_708_-_585_660
train,rofowrxe_-_257_701
train,rofvf2o3_-_70_602
train,roitxfus_-_388_597
train,rokm52a0_-_465_688
train,rorje160_-_139_661_-_127_673_-_582_697
train,rosh4kmk_-_518_709_-_492_714
train,rp0uigmq_-_343_760
train,rp1tu762_-_457_945_-_436_1102_-_451_1054_-_434_1043
train,rpc56xvr_-_272_836
train,rpcrig5u_-_426_764
train,rpeqyxhp_-_320_712_-_232_772
train,rpn6h07p_-_447_673
train,rppmuhlt_-_296_909
train,rpqr2qat_-_247_733
train,rpqz7rqg_-_564_666
train,rpskog8k_-_298_633
train,rptnkhqu_-_163_651
train,rpu000fe_-_404_736
train,rpwarxww_-_277_785
train,rpy9jslg_-_157_706
train,rpyd5qi0_-_196_722_-_172_738
train,rq27lae4_-_384_697
train,rq4526sr_-_589_760_-_648_797
train,rq4eywzv_-_304_703
train,rq63zwao_-_446_846
train,rq6pom1l_-_491_811
train,rqa8rk5g_-_137_730
train,rqhmjm3t_-_522_584
train,rqhp9v59_-_614_736
train,rqikf6qf_-_166_707
train,rqjouc0p_-_50_625_-_55_634
train,rqlzu3tm_-_352_696
train,rqqobccw_-_322_537_-_548_570
train,rquu47o8_-_323_952
train,rr1em0bg_-_103_750
train,rr3u0s9h_-_481_649_-_433_854_-_404_845
train,rr3wl207_-_528_690
train,rr4g6xvn_-_555_779_-_21_1104
train,rr4q1hv1_-_211_678
train,rr570ldm_-_320_685_-_648_738
train,rrah1e7f_-_516_734
train,rrh4swsc_-_339_603_-_635_597
train,rrhbm6b2_-_521_583
train,rrkfmqjc_-_553_747
train,rrmjhi0l_-_208_625_-_172_623
train,rrnk8xr0_-_601_742
train,rrr27u2f_-_164_1165
train,rrt6f6l0_-_78_708
train,rs6kkl7d_-_210_966
train,rs7yxwln_-_273_941
train,rsdwv7p3_-_267_858
train,rser0zs6_-_488_1285_-_561_1240
train,rsksur4k_-_205_761_-_202_779
train,rsp4z13w_-_430_694
train,rspjm5kx_-_481_668_-_472_643
train,rsskxzkk_-_335_621
train,rsuyt5jp_-_551_829_-_282_856
train,rsv5qqyr_-_152_744
train,rsw8oda7_-_503_818
train,rsxs0s1e_-_519_728
train,rt2vywef_-_556_685_-_136_664
train,rt4hta2s_-_462_850
train,rt6jk12d_-_460_709_-_399_739
train,rt71ityp_-_545_712
train,rte90nzm_-_457_694
train,rtj4pdnl_-_258_771_-_274_774
train,rtl20ty2_-_317_762
train,rtld3e38_-_342_691
train,rtlwbwoy_-_275_654
train,rtm8qnm8_-_367_1211
train,rtqsb6t4_-_459_819
train,rtxtiiao_-_281_767_-_28_755
train,rtyujrqk_-_411_687_-_471_693
train,ru1e5l4d_-_269_1078_-_222_1077_-_276_1051_-_209_1038_-_225_1026
train,ru5erjgx_-_197_902
train,ru8hiqzf_-_368_641
train,ru9xbujh_-_74_782
train,rujd6sl5_-_221_632
train,rukmysz4_-_271_740
train,rul5gwkz_-_393_742_-_54_852
train,ruoey9b9_-_519_772
train,ruqu0wd0_-_570_674
train,rutewtj3_-_132_819_-_603_710
train,rutk8ljl_-_553_689
train,ruv7nteb_-_126_890
train,ruynt75m_-_111_933_-_502_800
train,rv3ya3o3_-_412_710
train,rv9yplf8_-_113_646
train,rvconct5_-_476_853
train,rvjk5q9h_-_127_509
train,rvjt2g8t_-_303_633_-_305_644
train,rvl3syoz_-_344_679
train,rvqab4d7_-_102_817_-_103_824_-_113_802_-_125_812_-_105_820_-_112_824
train,rvrtckjg_-_350_711
train,rvspkdpq_-_255_586
train,rvsqrfrf_-_100_686
train,rvyrkhgv_-_261_723
train,rvysvk2t_-_141_748
train,rvzcq8je_-_272_751
train,rw2wzr7i_-_140_818
train,rw4g5eq6_-_164_683
train,rw6f8cpi_-_401_639
train,rwhkdpy2_-_53_586
train,rwii0pz8_-_115_577
train,rwjzeagi_-_150_654
train,rwpehno8_-_255_1214
train,rws3qk60_-_179_743
train,rwt3l5er_-_239_656
train,rwwiyanl_-_125_801_-_112_768
train,rx1ercuc_-_145_759_-_2_784
train,rx586xyn_-_484_719
train,rx6ca1lr_-_309_749
train,rx98tmyc_-_602_671
train,rxat8hff_-_526_698
train,rxf5ptnq_-_587_603
train,rxfwc3pc_-_339_582
train,rxg4o25x_-_288_680_-_284_658_-_294_667
train,rxspg9ij_-_312_898
train,rxtrt3xu_-_288_889
train,rxxlcv8l_-_473_765
train,rxxmq0kt_-_382_719
train,rxxv3vew_-_540_900
train,rxyg6035_-_376_631
train,rxzw2n4a_-_450_521_-_234_529
train,ry2mu0wy_-_209_846
train,ry7xydbg_-_103_801
train,rycglkw0_-_89_867
train,rycypwe0_-_454_655_-_238_700
train,ryii3aws_-_239_594
train,ryix1oln_-_457_722_-_24_782
train,ryrxn67j_-_278_681
train,ryt83ig5_-_312_692
train,ryuliqqr_-_602_668
train,ryv8uv4g_-_602_793
train,ryx9eiyz_-_381_728
train,ryy42k0j_-_482_662
train,rz8qfeqm_-_175_775
train,rza3p9jm_-_166_698
train,rzc50179_-_189_758_-_214_751_-_167_752
train,rzco3179_-_178_623
train,rzgdt2m4_-_478_708_-_452_620
train,rzpgmoap_-_220_641_-_497_681
train,rzr8rz4v_-_464_1106_-_40_837
train,rzs17l8p_-_227_612_-_428_545
train,rzt46zoo_-_214_689
train,rzu3h5bz_-_194_892
train,rzvc4o69_-_396_953
train,rzx4ze8j_-_121_820
train,rzz1370l_-_201_713
train,rzzhbw1w_-_459_673
train,s05w2j3w_-_505_903_-_532_901
train,s06l28ue_-_232_764
train,s06pryn7_-_560_650
train,s0aanl4i_-_375_744
train,s0an1osq_-_146_809_-_141_839
train,s0i4qbkt_-_353_537
train,s0mguttd_-_202_995
train,s0u1posw_-_616_592
train,s0uhdt3o_-_607_726_-_383_864
train,s0uqefpe_-_114_811
train,s0z7jh3g_-_132_632
train,s106j8i5_-_510_737
train,s12g2fwl_-_222_803
train,s1b709pl_-_133_644
train,s1dlmizl_-_336_680_-_173_681
train,s1g3ig3r_-_468_798
train,s1hpjvpr_-_351_1041
train,s1iqf2w8_-_351_732
train,s1j9liza_-_304_584_-_300_598
train,s1k9yyx0_-_534_823
train,s1klyslt_-_176_693_-_460_658
train,s1m5owez_-_340_835_-_330_802_-_376_866
train,s1nyvbfr_-_430_1060
train,s1volob6_-_442_869
train,s1wtbus0_-_563_1137
train,s1zb8a1w_-_357_704
train,s2063mt9_-_281_716_-_301_733
train,s215a7v8_-_596_710_-_603_733
train,s23drm4x_-_200_713
train,s25wbc1e_-_208_809
train,s25z8ju2_-_431_791
train,s26szlg5_-_570_642
train,s27ou146_-_315_676
train,s27t4bpz_-_274_789
train,s2bczhfr_-_398_571
train,s2ju7hdf_-_596_701
train,s2ndfinn_-_383_972
train,s2ornjbd_-_166_989
train,s2q4ce0j_-_527_651
train,s2q6gxf3_-_559_869
train,s2qg4u4v_-_364_704
train,s2rapik1_-_218_738
train,s2rh9hxb_-_393_760_-_389_761_-_388_758
train,s2u5xa79_-_139_654
train,s2y9soha_-_282_743_-_261_756
train,s305f5ny_-_314_1011
train,s30y47em_-_333_608
train,s310rebw_-_295_673
train,s33km8t9_-_477_890_-_477_813
train,s34kfzpm_-_239_986
train,s36rrnpv_-_470_755
train,s38lywpz_-_138_753_-_198_756_-_160_786_-_217_739
train,s3981ixv_-_208_884
train,s3jd6vic_-_349_818
train,s3kzc2te_-_590_624
train,s3ogkz9b_-_208_710
train,s3u9mme3_-_368_784_-_353_762_-_328_782
train,s3uhlafv_-_128_894_-_117_903
train,s3z80enh_-_340_935
train,s4b13kcd_-_372_661
train,s4cvxy01_-_485_677
train,s4joe0ta_-_189_724
train,s4m2a4gq_-_97_784
train,s4mzbddl_-_549_892
train,s4nklck8_-_247_730
train,s4oq5a9u_-_610_577
train,s4x12bxx_-_94_926
train,s4yqko85_-_612_667_-_628_643
train,s5a4mr43_-_313_1252
train,s5dwqzpv_-_290_756
train,s5eo412k_-_539_777
train,s5flj38h_-_383_724
train,s5ge9w61_-_148_674
train,s5gqkg0e_-_516_638_-_521_657
train,s5i4zdba_-_597_714
train,s5mfrbhb_-_199_674
train,s5pla80f_-_459_705
train,s5rnh6gx_-_459_712
train,s5w1f0n3_-_607_710
train,s5xhti36_-_593_662
train,s60pmf94_-_495_680
train,s61z9y59_-_478_611_-_118_596
train,s67hhdie_-_457_694
train,s684uap3_-_231_738
train,s694gnrf_-_459_652
train,s6akp93v_-_136_913_-_101_927
train,s6df5j5a_-_103_988
train,s6ioltr6_-_317_632
train,s6j9o5qt_-_416_677
train,s6jp177q_-_354_588
train,s6mrkfma_-_321_714
train,s6ojnkdh_-_321_708_-_470_849
train,s6rgfy54_-_536_1132
train,s6rypc6r_-_623_582
train,s6sl46pb_-_156_773
train,s6srqgfg_-_521_704
train,s6ye58o8_-_599_774
train,s6z6sskp_-_262_704
train,s70rs3gr_-_97_872
train,s72lhq3w_-_447_781
train,s73vqegy_-_350_772
train,s7caqvb5_-_300_693
train,s7d5sklt_-_602_780_-_12_839
train,s7eq8m4n_-_216_814_-_180_837
train,s7haqjsm_-_538_699_-_423_936
train,s7i3b7t2_-_370_725
train,s7k47l85_-_570_751
train,s7m9a6j8_-_198_646
train,s7o3okl2_-_419_763
train,s7qwlpsa_-_229_778
train,s7r37cb5_-_233_738
train,s7t41bsr_-_275_855
train,s7t6budb_-_212_543
train,s7v2u65b_-_314_810
train,s7vukcs2_-_426_735
train,s7xi1s1c_-_368_704
train,s803prt1_-_395_624
train,s82tzxpp_-_102_827
train,s88lxv61_-_109_846_-_620_833_-_36_900
train,s8sp5owg_-_430_707
train,s8t8xvml_-_205_1015
train,s8tapm0t_-_408_770_-_512_628
train,s8v0ekoa_-_448_560_-_258_573_-_446_544_-_442_565_-_272_573_-_266_562
train,s92fd0kq_-_234_797
train,s92w10i6_-_445_698
train,s93hrejs_-_377_810_-_327_817
train,s94svlb5_-_369_913
train,s95jryha_-_246_905
train,s9at8whd_-_191_1078_-_137_972
train,s9b2q58r_-_332_896
train,s9dig8zb_-_523_813
train,s9dqcoqh_-_146_885
train,s9h7ipdc_-_358_887
train,s9jwruz7_-_251_664
train,s9ke7ys5_-_457_724
train,s9l0wff0_-_569_548
train,s9n2p0pb_-_573_721
train,s9rr0661_-_370_722
train,s9rtx88x_-_245_765
train,s9svsuiq_-_151_656
train,s9uamnvd_-_279_1081
train,s9vf093i_-_251_696
train,s9vu9w37_-_496_803
train,s9xdl5rd_-_370_841
train,s9z6pmgx_-_123_952
train,sa2e3dl2_-_254_814
train,sa2epmy9_-_75_644
train,sa3aeq95_-_589_712
train,sa4q8jt4_-_627_650
train,sa7ekzx7_-_424_719
train,sa7knr3r_-_281_574_-_71_582
train,sabc7qcs_-_555_736_-_594_703
train,safonngf_-_329_985
train,sakm20nq_-_229_982
train,salv3piw_-_211_689
train,sam3e54o_-_358_740
train,sat1c24f_-_308_878
train,sax28f5w_-_322_683
train,sazuc2aw_-_190_682
train,sb2sfzbf_-_430_946
train,sb3j8hu9_-_392_757
train,sb469lkf_-_503_824
train,sb7v0ccw_-_256_776
train,sbphckgr_-_256_563_-_620_587
train,sbqakaa8_-_320_905
train,sbrbqzp0_-_461_1438
train,sbrc8fcm_-_311_825
train,sbshbtm2_-_599_818
train,sbuy3yxt_-_340_1021
train,sbw6z67i_-_328_909
train,sc0liz91_-_418_854_-_399_852
train,sca4vuow_-_338_651
train,scju8yui_-_151_795
train,scmp0vrs_-_274_708_-_226_700
train,scnlm10z_-_141_794
train,scoi1g73_-_74_724_-_457_709
train,scstifhr_-_475_756_-_469_721
train,sct66fh9_-_340_715
train,scu5w1fi_-_541_627
train,scuv8voy_-_589_686
train,scw543gr_-_584_631
train,scw9jbm4_-_482_759_-_161_1020_-_171_1040_-_471_759_-_175_1011
train,sd3sq6rw_-_550_933
train,sd7jqj5k_-_162_593
train,sd8ceeqn_-_608_719
train,sd8nwri6_-_285_754
train,sdapa0h9_-_446_634
train,sdbjyl64_-_505_812
train,sdelcnp7_-_89_796
train,sdhks54f_-_265_874
train,sdhoyvzg_-_572_778
train,sdj3j95i_-_599_844
train,sdj6bpv5_-_510_971
train,sdm5woos_-_201_640
train,sdmgeijy_-_225_1110
train,sdnrl65d_-_150_989_-_39_1059
train,sdsthe5w_-_237_646
train,sdti385t_-_383_716
train,sdu7perw_-_318_735
train,sdxq7gqv_-_312_689
train,sdyozw03_-_475_606
train,sdzo6s11_-_417_811
train,se0spz2i_-_251_780
train,se2kaxjt_-_251_642
train,se325we7_-_197_840_-_31_810
train,searkj9d_-_445_701
train,seas1ade_-_134_736
train,see5dddj_-_300_874
train,sefst760_-_139_930
train,segebvzv_-_108_673
train,sehx19aw_-_150_810
train,sel5g6kv_-_240_773
train,sesxvvye_-_156_812
train,seucjx9d_-_487_775
train,sf3alpfw_-_520_746
train,sf4ee5dq_-_250_744
train,sf77dlug_-_97_620
train,sf7h0nqr_-_546_551
train,sf8iez56_-_330_620_-_566_571_-_421_666
train,sf8p2zsk_-_260_690
train,sfirk6l8_-_481_933
train,sfkj2085_-_151_710
train,sfn7zpe0_-_575_701
train,sfnir83o_-_438_601
train,sfnk5418_-_111_763
train,sfqnbg51_-_218_739
train,sfr1snu7_-_448_926
train,sfw9kuw6_-_196_847
train,sfxu647m_-_318_678_-_608_707
train,sfxwq6yb_-_416_766
train,sg19f851_-_490_670
train,sg2a3s8r_-_176_745
train,sg6m1axz_-_425_700
train,sgat3t9i_-_554_744
train,sgb6fd66_-_45_462
train,sgenb0bq_-_203_688_-_213_675
train,sgfeue8j_-_161_1044
train,sgfu908g_-_289_688_-_527_691
train,sghmlj0h_-_414_790
train,sgm7tlbj_-_319_629_-_602_513
train,sgomj3bk_-_152_1011
train,sgwinbxu_-_562_686
train,sgyd49oc_-_124_1021
train,sgzi3piz_-_496_698_-_495_686
train,sh288vqf_-_242_986
train,sh5zmr54_-_193_716
train,sh61we2w_-_266_729
train,sh650wd2_-_183_740
train,shb7pir2_-_142_893
train,shea7ejn_-_441_620
train,shfhbn3t_-_189_671
train,shfkoou7_-_163_903
train,shom5gef_-_161_769
train,shulobjc_-_128_862
train,si0f0k5h_-_206_956
train,si23jl21_-_387_708
train,si467sxh_-_148_998
train,si6daquv_-_450_645
train,sicg5efw_-_270_763
train,sii8mqcr_-_147_720_-_220_689
train,siqx4ers_-_245_1018
train,sisy4wld_-_579_847_-_571_864
train,siu5ez3s_-_128_729
train,siv9ln91_-_416_837
train,sizlu0xz_-_123_732
train,sizpzi5d_-_112_876
train,sj4j7ujr_-_120_783_-_32_944
train,sj8senx4_-_340_593
train,sjbms0wx_-_211_825
train,sjc6ya60_-_441_657
train,sjh25z2s_-_101_575_-_368_559
train,sjjbjlhr_-_535_1271
train,sjlydocn_-_239_855_-_269_852
train,sjnh1uub_-_592_727
train,sjq933q6_-_452_587_-_145_626_-_669_586
train,sjr8nve7_-_339_791
train,sjy6jfn1_-_110_737
train,sjyoabkg_-_395_702
train,sjyr1vgd_-_302_693
train,sk1smggn_-_390_782
train,sk2oa0lk_-_185_658
train,sk43sade_-_569_664
train,sk449vuw_-_254_701
train,sk6f03p2_-_381_916
train,sk9t6tol_-_160_1033
train,skbk6kaj_-_598_726
train,skgy8hp2_-_302_903
train,skhpvgq5_-_185_883
train,skixnm1l_-_417_913
train,skkjyfli_-_118_589
train,skly299g_-_319_825
train,skmnmylh_-_331_828_-_317_767
train,skpwki4o_-_482_999
train,skwh8t25_-_486_955
train,skzmh5ip_-_154_845
train,sl0awabw_-_220_705_-_214_725
train,sl0o6ycv_-_426_608
train,sl218187_-_287_585
train,sla857v6_-_163_745
train,sldxjefr_-_308_751
train,slj94ezk_-_588_543
train,slkovqkp_-_523_1226_-_538_1295
train,sln8qm7l_-_424_652
train,slprw52p_-_216_1254_-_168_1102
train,slw70g4p_-_322_733
train,slx93g7k_-_125_1075
train,sm023h1s_-_157_609
train,sm3fogs3_-_209_1050
train,sm3m50rn_-_503_956_-_493_963
train,sm70ctkv_-_616_693
train,sm8heci6_-_298_867
train,sm9oejd8_-_556_1048
train,smb2yhiy_-_317_656
train,smb71nzy_-_433_761_-_424_760_-_437_743
train,smcunqfo_-_254_713
train,smd7gard_-_140_779
train,smf2xmpr_-_182_747
train,smhx5krd_-_455_606
train,smozuooj_-_285_952_-_311_940_-_220_1005_-_269_970
train,smpcvead_-_427_682
train,smswgk0i_-_141_689_-_386_710
train,smusxkq4_-_146_666
train,smxo74qa_-_539_715
train,sn19b932_-_530_718
train,sn69bmew_-_230_658
train,snavrgrw_-_483_1207
train,snbyb3e9_-_71_771
train,sngf8mbg_-_266_665
train,snijbj17_-_417_818_-_606_668
train,snk267n0_-_545_842_-_129_813
train,snm7k2n0_-_422_756
train,snnxgyml_-_141_1113
train,snpyqi98_-_138_854
train,sntltu0z_-_415_633_-_100_628
train,sntmpqsn_-_509_871
train,snvagxut_-_391_722
train,snxjdqhj_-_428_793
train,snxynktu_-_78_757
train,snyr6dsd_-_337_938_-_343_932_-_346_913_-_328_909_-_313_898_-_320_899
train,so37ufmz_-_130_603
train,so7d061z_-_401_853
train,so7tw9tz_-_210_558
train,socmm1qx_-_446_686
train,sod3b991_-_478_801
train,sod7z3rt_-_416_768
train,sogi6iw9_-_533_872
train,sogvhrp6_-_478_951
train,soi13xoa_-_347_1134
train,soi5gs33_-_145_870
train,sojbr8fv_-_248_740
train,sojjh4xm_-_300_924
train,solqaq4u_-_389_704
train,sonifirz_-_394_1128
train,sop5u942_-_606_788_-_617_824
train,sovcw8lq_-_212_778
train,soy99bh5_-_567_675
train,soyks5tr_-_544_659_-_228_651
train,sp4ev6q9_-_569_667_-_145_727
train,sp8oak1r_-_422_774
train,sp982852_-_247_696_-_70_606
train,sp9x21jr_-_376_703_-_177_722
train,spagstnk_-_416_744
train,spccyc1c_-_265_662
train,spcqwuf4_-_306_621
train,spfwxju4_-_302_724
train,sphp97ut_-_236_697
train,sphwxirg_-_201_839
train,spq7gons_-_156_1009
train,sprni8td_-_332_625
train,spy7ng91_-_550_737
train,spyz4s2c_-_390_840
train,spzvtt6q_-_579_938
train,sq4oapwn_-_293_651_-_434_640
train,sq7ixb72_-_148_707
train,sqezhitk_-_327_842
train,sqh05wk6_-_498_641
train,sqhbl41i_-_252_783
train,sqksjzhh_-_253_585_-_0_607
train,sqlq6fre_-_426_834
train,sqoq87zz_-_199_955
train,sqqhkg2n_-_530_782
train,sqt8pp9i_-_137_711_-_123_702_-_162_703_-_134_695
train,sqw0rdl6_-_426_825_-_462_796
train,sqwps8of_-_424_1212_-_540_1121
train,sqx6clel_-_316_665
train,sqyhfllt_-_378_495
train,sqz0a0m3_-_453_856
train,sr0mo07h_-_556_712
train,sr1pwunh_-_519_587_-_517_577
train,sr3bzmb9_-_506_699
train,sra8f13c_-_520_735
train,srcq7il3_-_324_723
train,srcwm2oz_-_314_761
train,sreztm5b_-_137_910
train,srgq5upo_-_280_1191
train,sriudka2_-_412_985
train,srp5phxn_-_418_731
train,srs8s25k_-_404_796
train,srv0m9e4_-_390_720
train,srxoawzj_-_156_1222
train,srzkfkxo_-_506_949_-_531_841
train,ss15zqk5_-_590_821_-_672_745
train,ss2ywa1w_-_136_760
train,ss6p09qy_-_616_655_-_472_721
train,ss8uqrgb_-_214_1157
train,ss9x0anv_-_370_685
train,ssmdjoby_-_126_644
train,ssqzzob5_-_436_750
train,sss4a7yf_-_262_687
train,sst3bkvs_-_597_648
train,ssttngf2_-_181_693
train,ssus44qj_-_179_803
train,ssvbiwdt_-_402_701
train,sswnz4f6_-_66_649
train,ssyvjw1a_-_598_869_-_365_758
train,sszc1pdj_-_589_723
train,st91h7b1_-_616_735
train,sta28p94_-_342_745
train,staw1ssz_-_122_828
train,stdslyac_-_591_739
train,stlh5vl4_-_336_748
train,stpfyp8x_-_376_1258_-_429_1266
train,stu90g6g_-_156_673
train,sty8ayt2_-_68_670
train,su31xbol_-_209_548
train,suae045c_-_472_659
train,sucj7hld_-_324_752
train,sudobt2g_-_121_721
train,sue1lb0u_-_258_715
train,suedf6jv_-_254_687
train,sueuu2pv_-_513_625_-_158_633_-_163_636
train,sujx4j43_-_525_575_-_509_622
train,suqexujd_-_451_666
train,surv16st_-_564_671
train,sus1crhw_-_154_758
train,suz9t8sc_-_417_668
train,sv0kq1x1_-_178_670
train,sv40cmay_-_563_667
train,sv4xvoht_-_566_668
train,sv8egma6_-_382_813_-_347_776
train,sv9eio4w_-_277_859
train,sva05u1m_-_416_1077_-_435_1018
train,sva3xsya_-_310_727
train,svenrk1z_-_314_940
train,svg7wlvs_-_302_760
train,svh5ao61_-_469_944
train,svlhcb7z_-_62_684_-_396_642
train,svmtrckj_-_446_693_-_130_684
train,svtv7c75_-_120_716
train,sw0ojrof_-_154_620
train,sw4hsnlr_-_611_700_-_106_691
train,sw4t7r8r_-_574_857
train,swbgquff_-_311_666
train,swd9htql_-_134_737
train,swedw8oe_-_99_989
train,swgdygfk_-_390_783
train,swkhm425_-_597_672
train,swnow2un_-_378_1076
train,swo9eko5_-_110_663_-_86_690
train,swr0n312_-_396_703
train,swturj9c_-_291_1582
train,swv2k7zj_-_580_930
train,swxly9s6_-_305_764
train,sx1bbl5a_-_123_713_-_552_737
train,sx1ro762_-_247_659
train,sx24m2yp_-_356_778_-_315_746
train,sx2asz7t_-_438_761
train,sx3lhv29_-_448_740
train,sx5yhhbq_-_517_862
train,sx6q5t0a_-_429_912_-_398_705
train,sx7zwf8n_-_578_764
train,sx9o6vla_-_479_918
train,sxbos6r1_-_266_748
train,sxesnzcx_-_234_554_-_10_545
train,sxhmz3le_-_170_681
train,sxhvbzq6_-_329_892
train,sxib1bee_-_223_1142
train,sxldkzqd_-_150_636
train,sxom4ryg_-_389_718_-_39_610
train,sxoye9ms_-_449_749
train,sxqwr48k_-_314_763
train,sxshfyb1_-_392_1022
train,sxsybi6d_-_509_725
train,sxte3nbh_-_467_755
train,sxw731d4_-_47_571
train,sy07eol0_-_587_779
train,sy11a78m_-_548_750
train,sy1vggao_-_237_724
train,sy2bqrn7_-_392_827
train,sy3w99ho_-_249_667
train,sy7b1hvc_-_548_648
train,syc9iwvc_-_173_823
train,sycdj3l1_-_465_730
train,sydcg88j_-_74_695
train,sygmwql1_-_541_682
train,syhplmdu_-_155_745
train,syp430gk_-_299_975
train,sypu1g12_-_511_993
train,syrlpczl_-_473_735
train,syya97y4_-_445_928
train,syym2xek_-_428_670
train,sz0bqsyy_-_477_726
train,sz2f07uq_-_118_665
train,sz2gpqpb_-_369_781_-_304_793
train,sz4z7sc3_-_240_696
train,sz647vlw_-_314_774_-_313_785
train,sz7reg05_-_275_709
train,sz8sz7mw_-_621_659
train,szbpe5kd_-_512_713
train,szcacjjy_-_189_766
train,szcp86b1_-_146_633
train,sze029pk_-_406_856
train,szexfkjm_-_338_709
train,szie68nb_-_289_705_-_24_726
train,szikjnp0_-_305_912
train,sziqtv0k_-_387_950
train,szk0t3by_-_601_789
train,szlyht0b_-_434_748
train,szp7ekgd_-_147_719
train,sztextzv_-_358_836
train,szxosl1i_-_124_866
train,szyrf4i4_-_454_796
train,t018tz4r_-_553_817
train,t01cutrx_-_361_606
train,t04k8irk_-_517_614_-_545_611
train,t05kyopv_-_416_875
train,t06mvl0y_-_208_669
train,t0a2gc8e_-_580_771
train,t0h7l2fc_-_560_640
train,t0iwlz9x_-_417_870
train,t0qau1v4_-_290_757
train,t0qv720o_-_539_697_-_125_710
train,t0tumfnz_-_513_827
train,t0wbmuem_-_422_617
train,t0zbfu2a_-_416_998
train,t11f6g23_-_498_736
train,t11hdqg8_-_554_741
train,t16gxy83_-_146_582
train,t19f15sw_-_549_729
train,t19vupz5_-_398_714_-_623_739
train,t1d4s8w1_-_235_749
train,t1gidttt_-_88_696_-_107_707
train,t1iz8toc_-_334_731
train,t1oho45x_-_105_664_-_537_687
train,t1qihsm8_-_336_854
train,t1qv39wc_-_430_936
train,t1ugk6ss_-_449_702
train,t1w0wfjo_-_309_681
train,t1yrnx0z_-_409_706
train,t22tu05z_-_272_920
train,t2439n4r_-_162_811
train,t2522t63_-_274_745
train,t276af5t_-_260_779
train,t28eff54_-_394_973
train,t29h5q7k_-_533_704
train,t2egdbpr_-_365_717
train,t2g40nlt_-_356_842
train,t2jmv8aq_-_392_626
train,t2o0eppu_-_109_724
train,t2p7po6j_-_558_729
train,t2q3n3sq_-_490_680_-_497_750
train,t2thpnzx_-_162_599
train,t2uh4hen_-_305_700
train,t2w66vwm_-_106_583
train,t2zrg7hz_-_317_722
train,t306w32y_-_373_860
train,t311yhwo_-_529_759
train,t35otsm7_-_422_1143
train,t36qpm71_-_112_524
train,t3ba73p3_-_445_700
train,t3dl1x6u_-_67_662
train,t3dx3xne_-_445_931
train,t3j0l61x_-_563_631
train,t3jpnif7_-_303_942
train,t3nlvd62_-_451_1120
train,t3obd8i8_-_507_695
train,t3uakd5r_-_157_659
train,t41rfqce_-_612_544
train,t41vqv9a_-_263_865
train,t4dmkwpl_-_120_670
train,t4e79uu3_-_410_933
train,t4go1ww6_-_581_737_-_318_728
train,t4h8gab5_-_144_833
train,t4jw6l33_-_231_819_-_599_776
train,t4mw9zbo_-_293_755
train,t4qvf4oc_-_114_849
train,t4u3veaq_-_542_955_-_548_967
train,t4v66qeu_-_453_656
train,t4zj2ono_-_409_933
train,t4zqo7x9_-_58_667
train,t521opo5_-_88_863
train,t58g7jw6_-_592_854
train,t58wyki8_-_273_737_-_3_726
train,t5aebqo5_-_176_685
train,t5ak484w_-_403_628
train,t5bkdtjz_-_620_631
train,t5f2ijls_-_561_811
train,t5f8eq3z_-_235_1215
train,t5frizi7_-_419_750
train,t5il6es0_-_370_624
train,t5j60gc4_-_353_705_-_592_951
train,t5jmrjsl_-_486_776
train,t5laut7u_-_74_643
train,t5mo0npt_-_194_638
train,t5uh8602_-_537_720
train,t5v0w6zv_-_305_679
train,t5vzvf2w_-_285_669
train,t60l48p7_-_328_687
train,t613chht_-_155_626
train,t61saxj0_-_355_774
train,t62bp7z5_-_529_829
train,t649u2eb_-_94_762
train,t66ugy98_-_580_730
train,t6740hmj_-_326_624
train,t6ahblrs_-_490_774
train,t6ar80gr_-_237_689
train,t6atliiz_-_104_928
train,t6ewnz1v_-_255_673_-_586_665
train,t6hglrc3_-_192_698_-_637_688
train,t6idci26_-_347_1179
train,t6ii5sio_-_481_570
train,t6k7lcsp_-_275_853
train,t6lfb487_-_543_695
train,t6pbx3t5_-_154_723
train,t6pwnpzt_-_454_730
train,t6wub7kr_-_273_594_-_571_625
train,t717dmxq_-_426_1078_-_217_848
train,t72x2bku_-_155_743_-_126_783
train,t738zqzp_-_83_797
train,t746puho_-_541_683
train,t77o8f0r_-_218_1302
train,t7d23krj_-_529_801
train,t7gfqdh7_-_604_721_-_192_708
train,t7h1flhp_-_113_705_-_442_682
train,t7hf2r8e_-_299_764
train,t7lpl7ru_-_369_632
train,t7lpl9km_-_296_760
train,t7m3aar4_-_137_734
train,t7qru646_-_600_616_-_324_572
train,t7r4svlc_-_538_1295_-_523_1226
train,t7vx37hy_-_520_545_-_525_521
train,t7y1iz6l_-_445_821
train,t848wntp_-_137_668
train,t84rbwaj_-_478_658
train,t89pbvwe_-_404_998
train,t8acfugi_-_252_664
train,t8asgfch_-_141_684
train,t8gwp02q_-_102_693
train,t8k9lnkw_-_400_732
train,t8kj5js8_-_607_754
train,t8kopqp8_-_389_1148
train,t8mbga0e_-_407_1164_-_627_993
train,t8og1u9u_-_81_610_-_304_609
train,t8trjjn2_-_451_1009
train,t8wrzq5m_-_582_698_-_58_752
train,t8xnnm8m_-_421_759
train,t91ls7fb_-_203_642
train,t91sjitc_-_115_909
train,t92xl3hl_-_214_697
train,t92zlsjg_-_406_715
train,t95jhbog_-_276_628
train,t97koct3_-_142_633
train,t986tf40_-_440_1081
train,t99i7jin_-_200_609
train,t99xlhhz_-_117_866
train,t9bin1lr_-_375_774
train,t9dgmyjz_-_589_684
train,t9dwbjz3_-_366_704
train,t9isrrmi_-_237_661
train,t9qenckh_-_143_815
train,t9ux1bua_-_388_606
train,t9vjgppl_-_508_803
train,t9vur602_-_423_768
train,t9yg7u11_-_383_722
train,t9yump1d_-_525_719
train,ta0pbn30_-_601_748_-_566_749_-_568_751_-_558_748
train,ta629aua_-_455_656
train,ta6azt28_-_178_717
train,taa30uwt_-_254_570_-_433_700_-_504_663
train,tafpatdl_-_342_739
train,tahpodel_-_186_735
train,talsu3re_-_227_788_-_288_803
train,tam6w8o6_-_323_681
train,tamd1gqb_-_63_695_-_74_683_-_78_690
train,tao0y9hn_-_380_736
train,taos5go7_-_173_570_-_403_583
train,tar0c8yc_-_424_783
train,tashldyd_-_324_785
train,taubl0fz_-_423_731
train,tay39myj_-_393_904
train,taz1bg6b_-_373_861_-_388_855
train,taz7kc9i_-_325_1022
train,tb01cu1s_-_244_814
train,tb05mb9l_-_524_709_-_499_693
train,tb507zdd_-_565_923_-_619_887
train,tbdqg5za_-_283_901
train,tbfc327v_-_547_593
train,tbfe3vla_-_425_700
train,tbgzzk4x_-_220_911
train,tbijzz4l_-_284_881
train,tbmuw639_-_436_691
train,tbr89iap_-_326_873
train,tbwhjfra_-_593_533_-_270_788
train,tbxeb4hf_-_72_731_-_103_758
train,tc06kia3_-_520_671
train,tc2a5f9j_-_529_674
train,tc7cmn8w_-_235_682
train,tc8ej8ud_-_418_798
train,tc8i1w06_-_433_761
train,tcawjxu5_-_479_654
train,tcaywh1k_-_461_740
train,tcfvvycf_-_234_822
train,tchry9dw_-_56_645
train,tcin8gev_-_432_596
train,tcl5t6u2_-_334_795
train,tcloffnc_-_208_691
train,tcqzkhvk_-_420_650
train,tctiq3m7_-_300_781_-_291_826
train,tcwo9x8l_-_213_676
train,tcxig5xz_-_463_760
train,tcxl6j53_-_191_679
train,td08vfem_-_111_727_-_77_694_-_431_685
train,td37fk35_-_221_819
train,td46gcsp_-_194_649
train,td4fojja_-_215_715
train,td5wxgyf_-_464_755_-_474_763_-_6_675
train,td7kflle_-_163_636_-_513_625_-_158_633
train,td7lo4li_-_500_631
train,td7y8873_-_410_609
train,tdhw5xpj_-_371_692
train,tdp1538v_-_452_838_-_458_833
train,tdq7682c_-_431_690_-_565_741
train,tdqycgz2_-_280_1262_-_333_1373
train,tdr7ej9l_-_79_830_-_66_816
train,tdskc8a8_-_534_887
train,tduj8247_-_298_570
train,tdxfkrcb_-_377_847
train,tdxvhi7x_-_501_1059
train,tdyapzog_-_353_603_-_117_596
train,te09v2ms_-_447_795
train,te4t8tqv_-_348_810
train,te4v47zc_-_271_712
train,te4zmpm1_-_367_796_-_435_806_-_428_836_-_442_840
train,teljupec_-_136_624_-_619_617
train,ten0jpep_-_298_697_-_174_786
train,tentrr4a_-_485_991
train,tesu6jdv_-_392_643
train,tew61kq9_-_483_849
train,tey8n6sd_-_303_685
train,tf42znsc_-_557_773
train,tf45wsso_-_152_847
train,tf5ia6rg_-_214_632
train,tf6cmdu5_-_168_876
train,tf6gt8ff_-_380_953_-_410_960
train,tf6mechm_-_370_775
train,tf7ve2wi_-_77_766
train,tfb42l9c_-_122_720
train,tfexfsn8_-_394_736
train,tfffm81q_-_600_764_-_435_984
train,tfhfb9l1_-_509_944
train,tfhp4r7e_-_330_810
train,tfnsnt69_-_476_719_-_629_747_-_645_754
train,tfo0i00m_-_269_635_-_274_641
train,tfret9rl_-_198_663
train,tfrwm1xs_-_309_847_-_286_847
train,tftzy5go_-_445_768
train,tfyhbfq6_-_155_684_-_627_661
train,tfzk2yqb_-_437_670
train,tg1tavl5_-_190_715
train,tg5ewdqx_-_326_776
train,tg7wremm_-_528_771
train,tg8hl6gl_-_515_808
train,tg9bmz0e_-_252_643
train,tgbj362d_-_272_645
train,tgel8ij3_-_587_626
train,tgg9bkas_-_573_738_-_398_685
train,tglmtvu6_-_113_933
train,tgm7ha3h_-_440_714
train,tgnon2on_-_424_639_-_150_563
train,tgop542g_-_348_569
train,tgrhbvv4_-_474_785
train,tgxpcmos_-_595_777
train,tgzbj3ts_-_185_967
train,th07teus_-_242_679
train,th1eex3k_-_411_598
train,th2v05co_-_409_688
train,th53e6fk_-_297_858
train,th8nkqh5_-_311_1343
train,theca9qb_-_431_651_-_205_645
train,thed6ssm_-_567_587
train,thgw7n82_-_524_685
train,thhqgtdx_-_90_699
train,thl8va8q_-_263_748
train,thlf8t3w_-_139_709
train,thmqrcwe_-_91_821
train,thoxq4x6_-_591_765
train,thqpmlm6_-_591_699_-_580_689
train,thri5e6u_-_496_705
train,ths390qz_-_324_604
train,thswbi5g_-_391_864_-_357_866
train,thtwrhvi_-_402_637
train,thu8i1li_-_270_631
train,thwlsl46_-_189_630
train,thwmo4lw_-_153_771
train,thy6hdtn_-_526_670
train,thzerqpq_-_225_685
train,ti0nv39p_-_500_1065
train,ti514m2x_-_453_725
train,ti77r20p_-_351_667
train,tiazguy8_-_411_855
train,tic8pcwo_-_428_756
train,tifo6zwx_-_399_899
train,tihmlzf5_-_176_781
train,tihqvnro_-_583_812
train,tiizck3m_-_433_819
train,timzivzk_-_575_755_-_165_612
train,tioszcc4_-_94_669_-_103_696
train,tir86p6k_-_361_834
train,tirsyyqp_-_379_797
train,tj1awjv7_-_241_788
train,tj1mt8rz_-_120_1031
train,tj6trlbo_-_163_740
train,tj9e2kxx_-_160_786_-_198_756_-_138_753_-_217_739
train,tjcyaw0t_-_574_830
train,tjdyzrvl_-_134_623
train,tji9ldze_-_125_674
train,tjk61p3d_-_299_1176
train,tjndnup6_-_311_750
train,tjqc3wfv_-_119_691_-_88_710
train,tjqhp0lp_-_167_718
train,tjyqxqcu_-_208_866_-_533_940
train,tk3totz6_-_615_719_-_603_730_-_596_702
train,tkg2s3z8_-_147_909
train,tkmw8tjc_-_70_682_-_25_633
train,tkn20qze_-_476_663
train,tknfbjww_-_459_736_-_439_731_-_456_740
train,tkr0f8xo_-_553_616
train,tkvepzvb_-_309_938
train,tl3mzuie_-_63_679
train,tl54y5it_-_313_762
train,tl5bibgc_-_196_746
train,tl741nm4_-_166_724
train,tl8nalfg_-_622_679
train,tleauz1s_-_143_1230
train,tlfstxd5_-_262_660
train,tlg43cm8_-_230_623_-_434_633
train,tlkaojwt_-_202_781
train,tlkufrt4_-_364_739
train,tln3rk0s_-_479_687
train,tlnni51x_-_565_697
train,tlp9m1oa_-_461_1035
train,tlra6wci_-_129_762
train,tlxs4qy1_-_43_573
train,tlxx76wa_-_440_749
train,tm1vdz7i_-_610_745_-_614_768
train,tm345a01_-_345_727
train,tm96fll1_-_431_965
train,tmbrx7i2_-_367_626
train,tmcy96ng_-_329_665_-_272_743
train,tmgjzydj_-_539_777
train,tmgqiht8_-_175_930
train,tmk2g0wu_-_93_756
train,tmk7wfbd_-_601_754_-_140_790
train,tmo1r5st_-_366_866
train,tmq4y7ap_-_460_836
train,tmtu1035_-_598_667_-_276_675
train,tmuwer04_-_589_614
train,tmvrmang_-_338_640
train,tmyg23ri_-_430_664
train,tn23s4as_-_439_582
train,tn3g6xfn_-_150_1050
train,tn3k2kx4_-_447_1042
train,tn4alpky_-_135_532_-_495_656_-_50_532
train,tn4k59ax_-_542_1073
train,tn8ubzsp_-_97_855
train,tnaex686_-_572_856
train,tnbkuv35_-_166_656_-_166_656
train,tniuvmir_-_584_738
train,tnjozavg_-_467_605
train,tnk021t8_-_305_806
train,tnkmuzf7_-_366_712
train,tnp5dmun_-_273_909
train,tnuy9j69_-_232_689
train,to0znt3g_-_344_919
train,to2tzbzl_-_533_807
train,to448k1l_-_73_710
train,to8a5x6g_-_157_650
train,to8ya5pq_-_337_771
train,tobapv5w_-_551_1031
train,togka5w4_-_155_732
train,tom0xp72_-_544_1030
train,topnk6ma_-_359_761
train,toptjz4v_-_267_734_-_260_730_-_311_724
train,toptq108_-_417_806
train,toqcde4l_-_344_1196_-_333_1199
train,tor1n3r1_-_249_798
train,towxpsy7_-_340_653
train,tox2xeyz_-_541_818
train,toydg96q_-_402_779
train,tp2fzzfg_-_294_984
train,tp2ji8gf_-_566_791
train,tp3h89cp_-_559_715_-_535_770
train,tp7csqut_-_370_646
train,tpd096xz_-_126_958
train,tpdwlh7s_-_61_710
train,tpf2jado_-_147_813
train,tpg8o52b_-_345_670
train,tph26apy_-_275_635
train,tpiierub_-_259_759
train,tpogr7ym_-_403_576
train,tpowlneu_-_172_663
train,tpq88hk0_-_294_923
train,tpt94ycz_-_421_811
train,tptws5pr_-_616_586_-_135_658
train,tpudqxku_-_238_698
train,tpvstgvl_-_213_1027_-_263_1051_-_218_1024_-_140_995_-_195_1012
train,tpzbujdq_-_94_776
train,tq1m2dhb_-_289_884
train,tq1ygwt2_-_477_649_-_467_657_-_205_648
train,tq31qo3p_-_284_805
train,tq7s6grc_-_470_848
train,tqbhxa4d_-_333_677_-_2_750
train,tqln9k0u_-_580_765
train,tqo41krg_-_307_861
train,tqo61gzx_-_588_765
train,tqqodsor_-_114_1063_-_58_1132
train,tqrac9y6_-_341_906_-_252_867
train,tqs884kp_-_138_897
train,tqyuqr2n_-_306_1158_-_316_1167
train,tr1cmysm_-_271_836
train,tr1n5lr1_-_449_751
train,trccc4g6_-_494_582
train,trj7p2iu_-_578_892_-_317_792_-_598_942
train,trm41p72_-_503_614_-_492_610_-_519_639
train,tro68tcg_-_107_766
train,trpsstny_-_516_1228
train,ts0dbce9_-_209_786_-_671_829
train,ts30e6bf_-_492_814
train,ts4hmyry_-_500_863_-_546_782
train,ts4r7man_-_499_767
train,ts5vuqwe_-_408_724
train,ts8md96v_-_81_641
train,tsa6r4bl_-_446_691
train,tsdtzivf_-_83_779
train,tsgn3tyz_-_611_609
train,tshmw1m0_-_481_1015
train,tsmik8lb_-_531_880
train,tssjkigb_-_313_787
train,tsuvg1w0_-_203_809_-_176_776
train,tsxvfaoz_-_525_697
train,tsy64g01_-_63_652
train,tt1ut4nt_-_399_1463_-_379_1612
train,tt3kopfm_-_452_630
train,tt3lvjzf_-_111_643
train,tt4zp2zk_-_188_833
train,tt53s96b_-_269_670
train,tt5f60mj_-_449_554
train,tt5y3uut_-_285_629
train,tt854c8f_-_490_830
train,tt9a3zp2_-_244_659
train,ttfhb2ht_-_539_633
train,ttih5u5o_-_269_653
train,ttivorih_-_523_905
train,ttivuhhy_-_565_825
train,ttivxzg6_-_576_857_-_228_899
train,tts4ty9h_-_614_751_-_130_882
train,ttsr7gfl_-_521_939
train,ttst6uhe_-_190_924
train,ttv438hv_-_249_900
train,ttwdwwbi_-_433_688
train,ttwn8z2m_-_563_757
train,ttx7gb32_-_239_820_-_327_915
train,ttyfug9z_-_620_623
train,tu3mbxxg_-_289_681
train,tu3tfd2m_-_305_947
train,tu7dj8ds_-_470_977
train,tu941sdf_-_610_708
train,tu9713t4_-_400_861
train,tucvixr3_-_376_1485_-_298_1311
train,tulcwqwy_-_204_711_-_536_755
train,tulyijqq_-_62_703
train,tun44h6o_-_460_834
train,tunvaarq_-_477_792
train,tuovl3m7_-_263_683
train,tup4rj74_-_178_509
train,tur4jj6j_-_244_881
train,tuww4moa_-_226_940
train,tux19prb_-_358_752
train,tv1smg4t_-_446_609
train,tv23m4gh_-_162_512
train,tv3d6gmg_-_360_608
train,tv47ikiv_-_170_693
train,tv4sac54_-_138_1035
train,tvbd1fvb_-_107_713
train,tvheb357_-_324_776_-_327_780
train,tvhyay08_-_82_635
train,tviwp0zs_-_582_612_-_72_655_-_111_631_-_119_625
train,tvjiywk7_-_208_829
train,tvksr90p_-_152_735
train,tvmuc5lg_-_213_758
train,tvn346sw_-_475_571
train,tvnmccog_-_175_831
train,tvv5xmln_-_335_743
train,tvvjwold_-_326_660_-_319_619_-_142_611
train,tvy47hzd_-_105_648
train,tvye0np5_-_517_913
train,tvyueern_-_492_980
train,tw2vnkxm_-_456_682
train,tw36hxu8_-_538_677_-_626_603
train,tw6urwvl_-_135_720
train,tw9b9iz1_-_360_844_-_258_636
train,twbgvv6o_-_368_729
train,twdo3zvz_-_192_883
train,twkfcq1b_-_407_778
train,twktyr9r_-_537_835
train,twpi3z9i_-_496_666
train,twq7tv8m_-_363_651
train,twsp313i_-_145_874
train,twuit1nk_-_620_593
train,twxvc7a1_-_171_726
train,twzd0xir_-_453_1268
train,tx31r9c8_-_177_708
train,tx52qbit_-_363_674
train,tx5m6s9x_-_312_672
train,tx97349b_-_93_712_-_359_691
train,txbmi92r_-_284_772_-_304_718
train,txbu8458_-_83_840
train,txc496gs_-_261_691_-_573_637
train,txdd68pp_-_205_946
train,txfc0gpn_-_340_769
train,txfnhkfe_-_157_667
train,txgd7vnc_-_255_851_-_576_874
train,txi73ibe_-_253_583
train,txnvcwmt_-_434_808
train,txpghkja_-_329_739_-_82_738
train,txpo2a5q_-_211_768
train,txr2090w_-_518_681
train,txs8gi99_-_70_750
train,txstyign_-_414_831
train,txvmrfm4_-_213_770
train,txwlrcp2_-_520_947
train,txxs61d9_-_604_721_-_624_766_-_622_769_-_616_766
train,ty3wloid_-_215_694
train,ty5a4f73_-_264_616_-_355_614
train,ty5jzplo_-_351_628
train,ty7ddywg_-_294_791
train,ty7smisr_-_121_694
train,ty7xbji0_-_503_745
train,tybq98i0_-_132_739
train,tyeneyz2_-_368_715
train,tyj95goa_-_392_795
train,tylhevep_-_287_774_-_588_705
train,tyoty0br_-_307_766
train,tyoz7rk8_-_599_744
train,typu1gjb_-_210_889
train,tyqx2jlc_-_438_760
train,tyv38fix_-_322_808_-_315_878
train,tyys0o33_-_517_710
train,tz1jvj0f_-_449_900
train,tz29tdgc_-_459_722_-_134_774
train,tz35yfpe_-_317_670_-_482_645
train,tz740nky_-_106_824
train,tz89mvjt_-_397_811_-_418_809
train,tzf3gxj5_-_145_1017
train,tzjdf7wq_-_104_620_-_68_611
train,tzl5azet_-_438_964
train,tzlj8ylq_-_533_809
train,tzltb323_-_398_586
train,tznk9a4n_-_139_1177
train,tzq8bv0z_-_409_731
train,tzsvoaey_-_357_974
train,tzvv78c7_-_381_763
train,u00175rf_-_264_777_-_396_915
train,u02w7sd9_-_142_736
train,u03zsask_-_423_839
train,u04an3f6_-_263_767
train,u04hzxtl_-_496_746
train,u05sn55z_-_89_859
train,u061twg4_-_167_1104
train,u06p9dvv_-_126_783_-_155_743
train,u07qn63y_-_565_782_-_602_754
train,u0c1verk_-_151_594
train,u0doybi8_-_435_594
train,u0eph56p_-_391_642
train,u0i0zir4_-_542_582
train,u0jmiirv_-_336_525_-_359_498
train,u0jykyt3_-_343_857
train,u0l2wma4_-_264_722
train,u0pkq3pi_-_199_587
train,u0q9994p_-_392_924
train,u0tp4nxe_-_204_855
train,u0ulycfd_-_522_677_-_405_644
train,u0xhha2w_-_320_915
train,u105k76v_-_87_746_-_80_739
train,u10jwnct_-_474_641
train,u10xreks_-_251_757
train,u12n9q0u_-_595_650_-_606_654
train,u16hniic_-_526_745
train,u1d7vae2_-_84_778
train,u1f6tu10_-_250_651
train,u1kb2k4x_-_161_829
train,u1kcfu8p_-_260_754
train,u1kutipl_-_531_766
train,u1mflymo_-_514_824
train,u1uojijc_-_296_780_-_223_749
train,u1w9d8zn_-_300_739_-_286_703
train,u20d2xsd_-_422_736
train,u23j1odi_-_256_677
train,u23n7sed_-_409_634_-_31_686
train,u26ax7bu_-_154_660_-_412_724
train,u26tbvxj_-_542_546
train,u2kvgdzo_-_300_823
train,u2mff4uz_-_447_628
train,u2n4ldg0_-_492_610_-_519_639_-_503_614
train,u2pg35pe_-_490_659
train,u2r22jdy_-_454_626_-_445_598_-_440_618_-_106_662_-_62_664
train,u2spaooq_-_303_727
train,u2txw5rk_-_387_690_-_399_697
train,u2z4xp5h_-_503_754
train,u304h0uo_-_402_718
train,u30nhsny_-_357_786
train,u30nx365_-_109_651
train,u3ax2n2f_-_333_745
train,u3g6tt7r_-_147_681
train,u3gm3xm3_-_331_704
train,u3ldi1un_-_393_797
train,u3lf7u1m_-_512_757
train,u3mhre6i_-_418_587_-_410_574
train,u3mpyzww_-_190_641
train,u3nolpsd_-_234_663
train,u3qzia66_-_314_710
train,u3tcseam_-_569_1071
train,u3tlm9yw_-_272_1070_-_365_1141
train,u3y0yfa5_-_298_761
train,u4612jyq_-_176_716
train,u484thu2_-_375_661
train,u4860nxf_-_304_1236
train,u48pxdmv_-_209_735_-_402_695
train,u4aydmtm_-_501_785
train,u4eb5wj8_-_148_565
train,u4gzip4s_-_526_789
train,u4hjzqny_-_310_723
train,u4l0tqqo_-_494_1169
train,u4lf1fhk_-_581_809
train,u4oqu95e_-_380_890
train,u4vtyi3h_-_588_706
train,u4x4fcs8_-_423_724
train,u4xhir76_-_150_658
train,u513sruq_-_325_693
train,u53tbgi2_-_535_714_-_209_728
train,u53x7qqx_-_161_657
train,u540k81g_-_392_764
train,u56az2p0_-_476_769
train,u5c69xad_-_614_518_-_410_624
train,u5cmc7xb_-_161_1051_-_179_1058
train,u5fphic1_-_522_979_-_537_983
train,u5hcd1ct_-_468_805_-_424_801_-_442_807_-_451_808
train,u5jgdof7_-_208_744
train,u5l99mhn_-_97_805
train,u5o1tjl3_-_371_1150
train,u5siwtwu_-_417_725_-_105_760
train,u61ci9yy_-_63_593
train,u6263x8u_-_118_701
train,u64c7jl8_-_139_683
train,u67mvgsq_-_254_705
train,u687q4xi_-_69_631
train,u68n8lqw_-_570_695_-_139_685_-_566_673_-_93_705
train,u6ajapt9_-_173_1167_-_197_1201
train,u6b8umze_-_245_956
train,u6bpfij1_-_93_683
train,u6de6n0k_-_391_822
train,u6ez8fxq_-_602_576
train,u6g4njez_-_248_807_-_210_797
train,u6i8waqj_-_80_792
train,u6o2z87f_-_394_612
train,u6sbupt1_-_629_633_-_620_646_-_628_635
train,u6vcvz37_-_380_800
train,u6vnrt11_-_288_806
train,u6xylhnf_-_604_587
train,u71im58o_-_161_821
train,u731um6w_-_162_746_-_491_644_-_282_839
train,u74hwhun_-_357_866_-_391_864
train,u756mgpy_-_80_655
train,u767s87m_-_363_715
train,u78s91ax_-_405_671
train,u7bbipzi_-_455_703
train,u7c5f1mf_-_369_528
train,u7d68hxe_-_496_810
train,u7ep8ajp_-_126_717_-_114_718
train,u7m3tsoq_-_495_885
train,u7mzzs4v_-_620_650
train,u7qqjnq4_-_601_746
train,u7tyvjci_-_506_593
train,u7v99oa9_-_229_947
train,u7xv7950_-_353_743_-_408_740
train,u7xzz2l9_-_336_740
train,u7yvijcg_-_590_650
train,u7zs679m_-_138_652
train,u80igcku_-_543_1157
train,u81oe0ai_-_204_873
train,u838qg55_-_147_648
train,u840dx0s_-_328_605
train,u84cpfjh_-_274_838_-_332_953_-_465_784_-_374_740
train,u892u8nv_-_563_574
train,u8aulcva_-_585_680
train,u8bnxmnt_-_193_704
train,u8jm6c2q_-_308_658
train,u8o3kvtn_-_450_803_-_375_881
train,u8qhknqy_-_236_1174
train,u8x3qmv9_-_449_692
train,u8y1g86o_-_320_1087
train,u8y3vx5m_-_177_606
train,u8yo3fw8_-_593_580_-_166_593
train,u92bw8hm_-_590_660_-_577_640_-_359_646_-_382_642
train,u93t7wbn_-_575_846_-_560_657
train,u96vrxck_-_578_622_-_303_601
train,u99jphcn_-_465_1078
train,u9ayssyn_-_248_633
train,u9be3f0s_-_408_756_-_390_757
train,u9buvno4_-_527_1011
train,u9g60ms7_-_109_748
train,u9hglf0j_-_219_691
train,u9hh0msz_-_461_647
train,u9jg6ook_-_226_776
train,u9r96zsr_-_527_646
train,u9sjcf7y_-_157_779_-_208_688
train,u9va2eh0_-_507_875
train,u9vhy7rz_-_286_700
train,u9vki41y_-_477_738
train,u9xw2axj_-_120_724
train,u9zlut0z_-_411_818
train,ua5xhro9_-_305_1157
train,ua6eojy3_-_409_563
train,ua8ga96s_-_257_783_-_252_783
train,uabp4i06_-_222_728
train,uaccigsk_-_268_810
train,uaccw628_-_470_757
train,uaf0iytq_-_266_894_-_184_830
train,uamfi5n8_-_252_782
train,uapn3keg_-_316_572
train,uau243t9_-_444_613_-_138_591
train,uayzxnz8_-_313_730
train,uazcyig5_-_349_696
train,ub1ozboe_-_194_624
train,ub2ap621_-_211_730_-_469_715_-_220_701
train,ub2h24ij_-_213_710_-_199_688
train,ub5yst7j_-_214_747_-_395_901
train,ub78zecm_-_470_751
train,ub8mzuoy_-_201_710
train,ubdf0xq1_-_244_895
train,ubesu37f_-_150_755
train,ubevm91c_-_546_880
train,ubh3561o_-_376_730
train,ubhmgaxf_-_47_575
train,ubi8wzd1_-_407_688
train,ubiqx0xn_-_436_848
train,ubl0we7r_-_304_718
train,ubl8tnjy_-_94_727
train,ubm45wpi_-_195_819
train,ubmqrsqw_-_288_694
train,ubnxzxax_-_211_862
train,ubo5l386_-_482_982
train,ubo8gebz_-_166_749
train,ubosphj5_-_541_708_-_672_630
train,ubpy41cn_-_513_656
train,ubqd6xnd_-_192_703
train,ubrqzt1k_-_380_843
train,ubyl1lvn_-_302_777
train,uc0x6j2h_-_612_657
train,uc2bogew_-_525_876
train,uc5pxuyj_-_367_956_-_245_746
train,uc7v0ayr_-_402_725_-_149_726
train,ucberspv_-_212_748
train,ucbp3uph_-_515_878
train,uccopimz_-_528_1276_-_568_1265
train,uch642z2_-_434_1250
train,ucits44b_-_72_744
train,ucjmn41g_-_250_791_-_269_824
train,uck6kp9t_-_593_831_-_367_820_-_347_826
train,ucq9nk0z_-_258_570
train,ucribz9w_-_427_771
train,ucsnysmi_-_300_752
train,ucy2aznx_-_609_753
train,ud35mjss_-_241_929
train,ud4qj9cq_-_358_667
train,uda0hxnb_-_295_757
train,udavfsp7_-_571_1057
train,uddd4dmg_-_489_606
train,udgigp6x_-_220_726_-_243_694
train,udgxumgk_-_393_737_-_261_777_-_283_843
train,udnmlcp8_-_88_645
train,udpzf7qn_-_444_783_-_371_1141
train,udsghvvw_-_253_848
train,udsh0qn5_-_331_726
train,udssy44g_-_453_558
train,udvtpxjh_-_453_888
train,udynw3b6_-_85_805_-_153_892
train,ue11i6f9_-_604_781
train,ue1dggsd_-_105_625
train,ue6504f1_-_603_692
train,ue666g21_-_351_664
train,uea720mm_-_110_698
train,uebqq995_-_182_771
train,uec1umqc_-_340_693
train,uef00kco_-_338_1057
train,uegafgkj_-_216_670_-_86_709
train,uehfi5o6_-_139_803_-_119_809
train,ueioean9_-_150_777
train,uelzgedx_-_65_609_-_400_612
train,uepu69v8_-_550_743
train,uepzx5du_-_322_726
train,uerrl34b_-_411_675
train,ueshzwde_-_471_814_-_216_731_-_380_713
train,uewbfrr2_-_466_793
train,uf0yrtwa_-_436_841
train,uf1wy9xd_-_263_769
train,uf4lw2kh_-_485_948_-_96_1006_-_486_950_-_134_995
train,uf4miedj_-_533_735
train,uf6052y2_-_353_865
train,uf7y6j38_-_300_830
train,uf95yru3_-_308_1277
train,uf9aw1fq_-_418_720
train,ufbvh7ws_-_392_768
train,ufex1u97_-_551_778
train,ufoq6r6u_-_301_663
train,ufv9a2dn_-_398_1031
train,ufyto5lp_-_440_902
train,ug3z8ast_-_614_667
train,ug4gdkan_-_57_580
train,ug6sdzdf_-_588_685
train,ugao8g97_-_184_566
train,ugdu4m8f_-_422_603_-_436_608
train,ughclfop_-_188_751
train,ughji85c_-_409_856
train,ugjsmv9d_-_467_804
train,uglkbpvi_-_434_1166
train,ugma8zko_-_145_727_-_569_667
train,ugrn1qem_-_173_490
train,ugsbtvwu_-_427_823
train,ugzpwpf9_-_520_653
train,uh0y8fcu_-_370_842_-_343_819
train,uh520ir5_-_565_806
train,uh65t1si_-_297_666_-_298_680
train,uh8qd1qe_-_251_1039
train,uh9irjvf_-_342_653_-_366_690
train,uhdju3us_-_274_741
train,uhdsqans_-_335_667
train,uhfcy3py_-_250_694
train,uhi3d4o2_-_487_709
train,uhjry4np_-_399_925
train,uhod6dh7_-_500_722_-_478_753_-_479_727
train,uhtw80ao_-_402_766
train,ui0mvgew_-_469_857
train,ui3odf4a_-_403_788
train,uibtak5o_-_413_626
train,uickc5p0_-_195_583
train,uidf05mx_-_315_801
train,uiez41rf_-_280_749_-_211_734_-_448_572_-_359_784
train,uige0hzw_-_269_697
train,uijh9er8_-_188_1262
train,uilij7l0_-_521_758
train,uipttkgm_-_112_755_-_60_730
train,uiqmpzyp_-_392_671
train,uiqwe2ih_-_89_636
train,uitv8a57_-_281_824_-_282_812
train,uiv0bes2_-_365_772_-_325_732_-_139_790_-_352_763
train,uivnq46g_-_594_598
train,uiw788jy_-_100_646
train,uj3vffcg_-_193_697_-_207_713
train,uj7wl3i2_-_580_596
train,ujhnrglq_-_112_766
train,ujjgs3tq_-_177_1243
train,ujjls9kd_-_552_756
train,ujm6cgqm_-_544_819_-_201_753
train,ujmb8e1n_-_576_748
train,ujrmw56x_-_570_696
train,ujtedm8x_-_431_902
train,ujudvxlw_-_297_765
train,ujyg12o5_-_414_794
train,uk02lg73_-_367_856
train,uk0j7v3c_-_136_703
train,uk0tm1s7_-_382_707
train,uk2t6801_-_343_859
train,uk85r5ep_-_380_747
train,uk8xd3i1_-_232_755_-_533_744
train,ukabrt0k_-_147_862
train,ukd9xwab_-_126_790
train,ukh4tprh_-_538_1082
train,ukh929hu_-_621_693_-_198_693
train,ukhg0v6c_-_161_658
train,ukrf64ll_-_303_807
train,ukrle343_-_181_592_-_592_601
train,uks87wh7_-_313_623
train,uktbz5sb_-_146_758
train,uku2lu4a_-_77_717
train,uky8o88r_-_250_791_-_229_729
train,ukylvjdo_-_482_619
train,ukyy067j_-_273_640
train,ul1qh2zj_-_397_750
train,ul4jfh0w_-_215_1416_-_327_1274_-_297_1269
train,ul6a9ezf_-_578_752
train,ul7zzciv_-_448_772
train,ul9qeq13_-_358_679
train,ula9obpy_-_275_718
train,ulatuvhm_-_86_644
train,ulba3nhd_-_592_854
train,ulbgqr1r_-_503_754
train,ulbib51u_-_577_775
train,ulcdqtgp_-_278_839
train,ulg7ixz1_-_171_1102
train,ulp5tw5h_-_253_961
train,ulqnz9w8_-_411_804
train,ulqxjgnv_-_110_969
train,ulu3cuj6_-_437_851
train,ulv51mlj_-_257_747
train,ulwbk0ii_-_150_1055
train,ulwggu45_-_461_614
train,ulwxk6e2_-_293_566
train,ulx6dhu4_-_494_731
train,ulxsnjmj_-_342_695
train,uly6xz0f_-_98_658
train,ulzt9dzc_-_102_628
train,um0hev0m_-_450_811
train,um555vcs_-_229_718
train,um8sdsdc_-_117_688
train,um9c9aot_-_150_821_-_347_920
train,umabb9n9_-_309_1008
train,umayqgis_-_566_624
train,umesewzu_-_269_607_-_669_619
train,umirx2um_-_447_787
train,umq5yts4_-_571_696
train,umqbk61n_-_246_967
train,umufs3f3_-_377_860
train,umyn4n8p_-_403_838
train,un48rfow_-_587_745
train,un51c796_-_607_693_-_283_707
train,un5pf6nz_-_351_818
train,unaor3xk_-_271_686_-_529_730
train,ung8ctl0_-_529_730_-_271_686
train,unj9p51o_-_499_696
train,unjfxyie_-_285_724
train,unlnnq89_-_465_916_-_18_745
train,unlwb97m_-_225_840
train,unnsa4gt_-_272_985
train,unpncnog_-_267_685
train,unw5p6k5_-_497_1059_-_546_1053
train,unxjdfhb_-_567_646_-_564_768
train,uo2lgr9i_-_214_609
train,uo49qija_-_421_933
train,uo4b0za2_-_458_1143
train,uo53gobu_-_534_767_-_526_774
train,uo95e6mn_-_236_958_-_322_962
train,uo9cjtbk_-_471_1055
train,uofxj9dt_-_576_695
train,uogrvc40_-_491_832
train,uojoaqgu_-_315_878_-_322_808
train,uoltzj1f_-_505_729_-_527_817
train,uomkxiza_-_322_607
train,uon788t4_-_387_663
train,uoo9yjc6_-_220_817
train,uota6cho_-_435_1025
train,uozsjlpi_-_396_685_-_165_707
train,up0d2y58_-_209_674
train,up37nsf7_-_389_656
train,up6rlk5u_-_362_707
train,upfnuvai_-_548_785
train,upia2kk4_-_184_763
train,upmw2fdp_-_502_707
train,upozy3yj_-_567_748
train,uppz0g3v_-_582_697_-_127_673_-_139_661
train,uprcq7nl_-_419_622
train,uprp4gxu_-_493_593
train,upueoll4_-_575_583
train,upw7bs18_-_580_880
train,upx87yqf_-_94_897_-_518_774_-_56_898_-_121_895_-_500_766_-_485_779
train,uq4v4n7c_-_603_782_-_638_825_-_613_773
train,uq4zchsx_-_300_818
train,uq8enda2_-_95_837
train,uq95xj78_-_442_824
train,uq9x2d8d_-_596_794
train,uqbkcgo1_-_110_867
train,uqbz0wua_-_347_1370
train,uqgb4q82_-_171_566
train,uqh2llp8_-_292_918
train,uqi2hstr_-_403_579
train,uqm2hhrv_-_72_761_-_304_819_-_317_770_-_304_777
train,uqo5jw18_-_103_855
train,uqtwdlud_-_153_813
train,uqvwzmce_-_396_712
train,uqyfv7jb_-_97_697
train,uqz5ulbo_-_188_654
train,uqzb5po4_-_365_720
train,uqzuw23o_-_144_994
train,ur1686xh_-_440_782
train,ur3leifc_-_244_756_-_246_676
train,ur461j16_-_492_1002
train,ur5ylbej_-_401_645
train,ur68z8ug_-_500_766_-_518_774_-_56_898_-_94_897_-_121_895_-_485_779
train,urc9amjr_-_165_621_-_364_622
train,urghcjqn_-_431_764
train,urghzi5p_-_266_676_-_141_757
train,urhzm4kn_-_343_805
train,urj7nkfy_-_601_649
train,urw9y35p_-_538_931
train,urxrz31v_-_274_590
train,urxwfsk0_-_614_616_-_625_638
train,ury0nz6y_-_414_771
train,us0olht8_-_420_756
train,us430jta_-_109_962_-_161_874_-_435_895
train,us54nn5o_-_96_704
train,us6xi3rc_-_375_716
train,usgy7n9c_-_248_777
train,uspwlwcf_-_92_839
train,usqxjgf8_-_453_729_-_109_611_-_283_829
train,ustsbw99_-_279_777
train,usu1nx63_-_129_730
train,usw43obu_-_476_752
train,usxkcvh8_-_597_702
train,uszlw5d3_-_219_681
train,ut4cgbeo_-_225_602
train,ut4fpp6p_-_596_759
train,ut4z1vbo_-_111_703_-_102_708_-_113_701
train,ut646dc0_-_321_644
train,ut6kn1ug_-_525_769_-_483_779
train,ut6upi7a_-_454_820
train,ut89t15y_-_236_711
train,utkgyqix_-_591_794
train,utl2gr01_-_78_700
train,utqemyof_-_364_740
train,utx1uj39_-_216_624
train,utxhwo2v_-_480_811_-_505_813
train,uu0aw4i9_-_548_486
train,uu3ox0cr_-_535_654
train,uu66ey1o_-_564_924
train,uu9n9dve_-_389_737_-_386_724
train,uuab0udq_-_270_701_-_279_682
train,uulr16gy_-_554_1151
train,uuodfwfy_-_237_844
train,uuppmlas_-_397_745
train,uuqfwfwo_-_104_984
train,uurl8mxu_-_269_678
train,uuvhdfhi_-_411_652
train,uv0api8t_-_182_837
train,uv0mnv5h_-_299_970
train,uv33kbcs_-_494_654
train,uv3h3s58_-_388_776
train,uv4z9ut5_-_387_1057
train,uv6z5jg6_-_531_552
train,uv7pfuaf_-_300_706
train,uv9cnwfl_-_454_756
train,uvatg45b_-_549_606
train,uvavpzo0_-_486_803_-_532_741
train,uvb498wf_-_259_740
train,uvfzc3bm_-_328_731
train,uvr6d816_-_586_879
train,uvrwqney_-_107_691
train,uvw8ab2r_-_448_732
train,uw3iu2hn_-_463_654_-_456_654
train,uw41w0wp_-_424_710
train,uw8w7vdz_-_377_737
train,uwaukhbm_-_225_895
train,uwbgycky_-_485_832
train,uwd7vtc1_-_217_591
train,uwebiihy_-_95_702
train,uwhhl7bt_-_525_712
train,uwlb460d_-_585_582_-_667_583
train,uwld0kd9_-_479_634
train,uwovjy2g_-_552_740
train,uwpxkg0v_-_208_714
train,uwrh2dbm_-_190_595_-_525_643
train,uwt9bgu9_-_409_701_-_449_695_-_565_702
train,uwz3s0zf_-_210_729_-_376_708
train,ux1vljwk_-_220_948
train,ux57z9f1_-_226_651
train,ux7b50t6_-_383_850
train,ux811mxj_-_449_798
train,ux8n2hoo_-_125_657_-_80_614_-_102_641
train,ux949o2d_-_247_740_-_240_750_-_209_721
train,ux9d3b60_-_546_617
train,uxaneap0_-_136_741
train,uxfbke41_-_529_757
train,uxgrqi9s_-_233_611
train,uxhq4bxb_-_153_951
train,uxq6x202_-_221_814
train,uxsoxngl_-_217_700
train,uy0503eg_-_103_675_-_570_930
train,uy1k8u38_-_611_689
train,uy48sn19_-_215_812
train,uy51vr6t_-_215_695
train,uy6utrkr_-_603_704
train,uy6w55ip_-_377_742
train,uy7wp8ch_-_354_651
train,uybf5v29_-_247_1018
train,uydkdg70_-_578_701_-_255_701
train,uyicyic5_-_318_642
train,uyqsra5c_-_136_936
train,uysh2zsf_-_436_604
train,uywf1mdi_-_261_756_-_282_743
train,uyxgbkav_-_557_709
train,uz3djce0_-_522_856
train,uz5bf5za_-_151_1084
train,uza6cmzv_-_120_1026
train,uzdzqigc_-_414_580
train,uzgstxqs_-_478_694
train,uzoh50kf_-_267_598
train,v00nr99r_-_525_1290
train,v01a4nd3_-_102_786
train,v07hzkbl_-_333_701
train,v0an9fnm_-_388_642_-_101_660
train,v0anh92h_-_125_665
train,v0b4c16b_-_436_834
train,v0cyfq2o_-_510_792
train,v0fgn73y_-_435_663
train,v0ga4npz_-_571_771
train,v0gec5t0_-_325_787
train,v0h68qr2_-_496_674_-_100_678
train,v0lzogx9_-_393_766
train,v0pni77s_-_382_646
train,v0rlux00_-_487_683
train,v0t0we72_-_380_723
train,v0tks1bj_-_89_678
train,v0tud4lo_-_171_753
train,v0w72jeu_-_321_704
train,v0x0uaix_-_561_731
train,v10f8p8z_-_198_1092
train,v10rranp_-_553_776
train,v124qlkb_-_391_805
train,v13yo58l_-_555_535
train,v16jrhxn_-_281_748
train,v19jvj3c_-_634_577_-_363_587
train,v1a9uo62_-_179_1036
train,v1ap2kxc_-_154_697_-_114_669
train,v1bgvekg_-_521_652
train,v1f2mzxo_-_226_851
train,v1gy5hx8_-_548_661_-_231_681
train,v1k6oj22_-_604_713
train,v1k801pt_-_315_742
train,v1kxfuua_-_94_789
train,v1ohc6ij_-_138_591_-_444_613
train,v1ovniog_-_398_700
train,v1q15bi0_-_172_657
train,v1tobs3o_-_367_817
train,v1x9b47w_-_455_784_-_467_807_-_510_701_-_570_720
train,v1ytxf2z_-_384_689
train,v228s90g_-_502_753_-_60_751_-_513_752
train,v22nf4sv_-_575_772
train,v26nwuvu_-_104_808
train,v28g5mk0_-_101_741
train,v28h5jbh_-_341_664
train,v29jw6rn_-_261_737
train,v2e74691_-_300_898
train,v2fzz9od_-_418_649
train,v2hws8qa_-_355_1307_-_379_1157
train,v2k8hwsq_-_297_650
train,v2nmsfj9_-_153_718
train,v2r8p5wj_-_601_650_-_426_606
train,v2w1tdx5_-_514_552
train,v2xejjls_-_300_720
train,v2yiiv5u_-_590_847
train,v311wprf_-_604_759_-_599_764
train,v33kn1h8_-_244_849
train,v342up96_-_302_833
train,v34z3biv_-_588_860
train,v3b8djqu_-_589_721
train,v3ctn6ve_-_232_888
train,v3ibzyck_-_311_653
train,v3rxq0fj_-_249_684_-_470_673
train,v3tx24oz_-_573_829
train,v3uzbz75_-_423_584
train,v46dts3v_-_532_842
train,v4bqf5hq_-_258_689
train,v4cf9azt_-_557_705
train,v4h5d74j_-_574_738
train,v4ifn7v0_-_373_908
train,v4invrls_-_247_521
train,v4j8tcj6_-_300_742_-_413_765_-_116_782
train,v4kyrhua_-_628_635_-_629_633_-_620_646
train,v4sn8oey_-_246_569
train,v4tkaass_-_271_634
train,v4wp198r_-_555_733
train,v4y5ni9m_-_594_526_-_475_560_-_645_599
train,v4zbpoem_-_212_954
train,v4zd445t_-_156_698_-_183_678
train,v511kldv_-_431_571
train,v52zq7bj_-_384_747
train,v589fnlk_-_316_722
train,v5ge7vtg_-_92_785
train,v5glhn8c_-_259_747
train,v5h2fhtr_-_131_889
train,v5j9z3dk_-_474_586
train,v5oi81vd_-_219_662
train,v5vdcie6_-_96_618
train,v5wayuyv_-_569_618_-_278_761
train,v5xirajb_-_246_720_-_256_645
train,v67c821o_-_304_819_-_72_761_-_317_770_-_304_777
train,v69u9lj7_-_219_714
train,v6d8b2qu_-_587_755
train,v6e98hiy_-_162_717
train,v6fq04sp_-_470_760
train,v6l5ak2i_-_344_963
train,v6ozrm3d_-_148_652
train,v6v2k6a7_-_445_598_-_440_618_-_106_662_-_454_626_-_62_664
train,v6v3o9pw_-_498_743
train,v6v4s0qd_-_115_619
train,v6ybrh5s_-_493_847
train,v73057ij_-_529_639
train,v775u19n_-_305_819
train,v7dh9zna_-_344_974_-_603_708
train,v7js9hlj_-_233_602
train,v7lf1ymr_-_123_847
train,v7ml08fp_-_140_819
train,v7pme7ev_-_542_843
train,v7rzr627_-_130_825
train,v7sc2d4z_-_556_820_-_548_835
train,v7ttjvht_-_215_834
train,v7xznhbn_-_287_717_-_314_734
train,v8072on3_-_236_729
train,v837l00a_-_375_918
train,v850i93r_-_522_837
train,v8cpubxi_-_266_807
train,v8cu3c1i_-_586_849
train,v8dvgo11_-_429_655_-_400_652
train,v8dypl76_-_266_783
train,v8fzp5i2_-_69_657
train,v8gjazgf_-_493_587
train,v8j1kt8m_-_436_652_-_431_621_-_460_626
train,v8jfehvh_-_259_745_-_284_709
train,v8jhjvc4_-_186_638
train,v8johjnl_-_488_724_-_476_757
train,v8lejfqj_-_334_681
train,v8lhjwqh_-_495_709
train,v8tckg4k_-_500_819
train,v8u13270_-_184_582
train,v8yan98l_-_365_771
train,v93dj373_-_238_696_-_229_701_-_254_708
train,v941esi4_-_513_637
train,v9847gxz_-_307_817_-_300_820
train,v99qe5cx_-_553_782
train,v9ex8iyp_-_578_839_-_66_822
train,v9geldgx_-_152_518_-_292_579
train,v9gm6s4y_-_413_778
train,v9j1zj63_-_575_737_-_642_639
train,v9khjc97_-_191_678
train,v9qmt0xw_-_126_689
train,v9td3hxe_-_563_908
train,v9urkeb9_-_569_717
train,v9v49xxm_-_253_766
train,v9wnjgeu_-_241_998
train,v9xssu2g_-_420_663
train,v9zpwqvv_-_442_861_-_459_921
train,va4o03hs_-_315_730
train,va5yk8fn_-_454_1091
train,va7g6vma_-_429_778
train,va8mtena_-_339_730_-_302_705
train,vaa1019n_-_245_860
train,vac4oedi_-_97_763_-_643_575
train,vaea6w36_-_90_674
train,vafp0svt_-_617_519
train,vakk90tr_-_533_961
train,vaklrkds_-_322_962_-_236_958
train,vaskgmp0_-_204_665
train,vaunr80h_-_334_814
train,vavhrv5j_-_231_571
train,vawy90h4_-_528_628
train,vazaqbmu_-_159_1089
train,vb4effwf_-_175_715_-_195_734
train,vbaiz4or_-_274_842
train,vbjv52dw_-_66_599_-_560_590
train,vbkjg94s_-_144_884
train,vbkox2am_-_392_624
train,vbsprodf_-_431_793
train,vbsqwmh0_-_578_856
train,vbuae0f5_-_484_671_-_494_673
train,vbwn9oj5_-_182_739_-_189_789
train,vc0q3kyv_-_431_607
train,vc29qdmf_-_187_965
train,vc4cj8ak_-_200_831
train,vcbphw1k_-_260_799_-_267_820
train,vcc5fk65_-_551_658
train,vcd4xeku_-_56_650
train,vckv3kt5_-_381_1047
train,vcqj3tx3_-_408_762
train,vcwguefl_-_498_751_-_498_751_-_651_768
train,vd0rngtk_-_567_914
train,vdakgth8_-_127_719
train,vdf939ga_-_347_660
train,vdfj1x1t_-_508_804_-_568_770
train,vdgkzhir_-_558_644
train,vdhqp5l1_-_241_854
train,vdiblt8t_-_536_644
train,vdibqqqq_-_200_929
train,vdlkg2vu_-_358_790
train,vdmgikdn_-_212_1008
train,vdnylwas_-_464_844
train,vdo9aj1d_-_375_915
train,vdqgka0z_-_180_788
train,vdymiqlv_-_226_696
train,ve1lh93e_-_298_705
train,ve47zk95_-_157_1133_-_520_807_-_173_1147_-_540_791_-_555_795
train,vec4nz52_-_235_693
train,ved54vhq_-_412_660
train,veh2h46g_-_252_819
train,vev2q69p_-_550_720_-_33_824
train,vevxhs9z_-_566_799
train,vf2gpseu_-_233_719
train,vf2y0xx5_-_499_830
train,vf3pjc3b_-_357_866
train,vf48lifv_-_516_697
train,vf5h3sv2_-_429_821
train,vf87p424_-_411_810
train,vf8mnm5e_-_490_666
train,vfao2rlt_-_528_921
train,vfaru5ne_-_190_616
train,vfb4kcoq_-_463_1074_-_433_1075
train,vfe3fgg5_-_213_827
train,vfecy9am_-_88_729
train,vfghh76h_-_404_763_-_414_727
train,vfhlw08y_-_575_614
train,vfifng5m_-_450_845
train,vfk0mil0_-_180_808
train,vflnyhxj_-_262_1319_-_297_1132_-_210_1307
train,vflq6nr8_-_570_704
train,vfo7a9ow_-_104_809
train,vfrfswhv_-_591_683
train,vfv3lk3k_-_272_911
train,vfx1c0la_-_560_884
train,vfzimod7_-_535_649
train,vg17d6vf_-_286_914
train,vg2s8u2p_-_518_677
train,vg4dzrxq_-_607_571
train,vg84bg1q_-_198_795
train,vg8mb2r6_-_553_499_-_380_498
train,vgab114v_-_90_879
train,vgambaxt_-_185_701
train,vgas7t7w_-_204_1104
train,vgexo9tf_-_130_668
train,vgji1bjn_-_426_622
train,vgk3sts8_-_227_642
train,vgn8hisr_-_433_985
train,vgrmdqvg_-_318_981
train,vgyqi6p9_-_188_572_-_381_757
train,vh336wnf_-_524_1054_-_481_1033
train,vh6i466i_-_255_789
train,vh71c0re_-_555_815_-_523_870
train,vha6p7qo_-_146_664
train,vheq0bpi_-_584_715
train,vhhjn97c_-_541_971_-_559_932
train,vhlpqlrc_-_478_717
train,vhlspq9n_-_404_782
train,vho37v0a_-_202_555
train,vhtw2wnz_-_59_658
train,vhug00we_-_494_731
train,vhvai5dg_-_278_787
train,vi0h5qcp_-_326_842
train,vi0so8wi_-_287_922
train,vi1hgqo3_-_318_623
train,vi2i97gy_-_281_926
train,vi7ciz5h_-_379_623
train,vi8gd4ya_-_207_648
train,vi9bwjpi_-_78_657
train,vi9ztitv_-_463_955
train,viagsad6_-_606_622
train,vici8g4t_-_473_710
train,vijcssk1_-_398_683
train,vijgb4td_-_455_704
train,vilys0h8_-_216_723
train,viohg5f5_-_317_663_-_304_658
train,viot5xvu_-_469_658
train,vioxkh2t_-_595_821
train,vist2zpc_-_505_790
train,vitt1nxq_-_179_980
train,viwdzdxn_-_70_638
train,viypvern_-_127_940
train,vj2bqlaz_-_278_745_-_303_724
train,vj9sxxd2_-_515_897
train,vjadm0cg_-_336_668_-_287_612
train,vjay65ub_-_527_792
train,vjca34nt_-_285_811
train,vjejidz3_-_310_917
train,vjet4ld3_-_570_697
train,vjk4o465_-_158_710
train,vjkwx1te_-_368_704_-_618_712
train,vjlk021b_-_224_1135
train,vjmivlh2_-_175_983
train,vjoaaclp_-_477_636
train,vjopl2s2_-_389_591
train,vk35d6ba_-_502_759_-_344_729_-_489_739_-_506_762_-_316_726_-_481_739
train,vk3fb3om_-_208_686
train,vk3syduv_-_336_657
train,vk9sfz3y_-_314_697
train,vkbh8sag_-_128_741
train,vkcgglix_-_243_797_-_598_831
train,vkfbs49h_-_201_786
train,vkiik7m7_-_205_600
train,vkjogoxw_-_170_816
train,vkntecnd_-_603_828_-_352_726
train,vkopdk3m_-_192_796
train,vkrjt72p_-_581_573
train,vkrl9ryo_-_311_759
train,vksik8po_-_166_740_-_109_757
train,vkvsi5st_-_287_785_-_41_779
train,vkvsn698_-_490_1050_-_501_1050
train,vkw7wk2e_-_163_656_-_119_673
train,vkzr9g0w_-_290_746
train,vkzvambz_-_568_694
train,vl2227k3_-_256_669_-_265_649
train,vl2du0g0_-_504_812
train,vl3sg6yb_-_525_910
train,vl3yj5ue_-_556_707
train,vl72yotf_-_150_662
train,vl77vfnn_-_89_686
train,vlb0tbtz_-_143_701_-_167_710
train,vlba3hdm_-_305_788
train,vlct5bq2_-_449_628_-_190_661
train,vlf7sjtz_-_247_733_-_247_733
train,vlh2m1zn_-_602_799
train,vlk5qdz6_-_507_595
train,vlmn5625_-_454_764
train,vlnwip58_-_102_641_-_125_657_-_80_614
train,vlquvln1_-_507_678
train,vlvocdia_-_107_852
train,vlwgzjdf_-_626_605
train,vlwlh4a2_-_239_864
train,vlxarj3c_-_353_957_-_404_1017
train,vm1g37i8_-_401_828
train,vm2mlrnm_-_483_752
train,vmctwax3_-_223_699
train,vmd9lexo_-_455_704
train,vmduefy5_-_190_781_-_201_792_-_211_789
train,vmf71pi0_-_270_689_-_246_685
train,vmk5azc1_-_467_664
train,vmkiqmy7_-_380_923_-_341_934_-_374_919
train,vml94dta_-_113_629
train,vmowactn_-_416_561
train,vmtby7wa_-_129_639
train,vmvj64ds_-_503_656
train,vmyw719f_-_508_959
train,vn44p0f7_-_369_1076
train,vn4h6uqr_-_343_710
train,vn4kchjd_-_398_818
train,vn5lu59u_-_614_719
train,vn69eqdd_-_148_722_-_142_727
train,vn6crtje_-_181_947
train,vnb03q5o_-_97_879
train,vndjjkha_-_92_851
train,vnf4wvs1_-_236_759
train,vnifnvj5_-_275_763
train,vnipgr01_-_525_595_-_333_578
train,vnldmfju_-_265_457
train,vnr8l05h_-_236_751
train,vnscmecl_-_524_699
train,vnsrjkjy_-_326_678
train,vnuiy5kg_-_346_748
train,vnyvzqzk_-_156_801
train,vnz9gync_-_389_609
train,vo22nk81_-_459_619_-_223_615
train,vo2ecpgt_-_341_578_-_645_556
train,vo8fp3ru_-_612_637
train,vobj0u4o_-_139_770
train,vogb141a_-_444_1342
train,vojfwt2g_-_47_577
train,vokt96bi_-_428_837
train,voln8dwz_-_119_709
train,vomfmsck_-_139_905
train,vooz5sg7_-_348_645
train,vop4hw5q_-_477_1002_-_434_976
train,voq58ijf_-_123_1025
train,voqzxbk9_-_268_1038
train,vosskfqy_-_570_614
train,votv6qch_-_227_756
train,vou39zc2_-_407_740
train,vovlutf3_-_199_618_-_187_659
train,vow0w8jh_-_606_729
train,vp3bsojy_-_123_952_-_178_925
train,vpizhewc_-_93_656_-_95_697
train,vpjpdk5n_-_426_705
train,vpjrc2k3_-_228_570
train,vplylnw0_-_297_860
train,vppebt65_-_545_611_-_517_614
train,vppfxvrv_-_256_740
train,vpqqbf8b_-_610_727
train,vpvd8zg5_-_250_650
train,vpwb95nt_-_167_681
train,vpy5e1fz_-_203_991
train,vpzj294w_-_484_701
train,vq0htny6_-_74_804
train,vq37gzpx_-_307_835
train,vq3nukqq_-_580_690
train,vq6xwhx2_-_409_908
train,vq8fzst8_-_459_822
train,vqcfoow4_-_411_1093
train,vqcw1vxg_-_395_970
train,vqel1h5b_-_411_1212
train,vqev7gvb_-_258_574
train,vqir48aj_-_477_822_-_447_828
train,vqivz9gi_-_142_804
train,vqnmdxxi_-_106_942
train,vqosj9qq_-_81_654
train,vqrif3jv_-_352_692
train,vqsmppo9_-_347_737
train,vqvd63ff_-_249_656
train,vqvo18my_-_584_643
train,vqwhlenn_-_479_785
train,vqxrs47l_-_452_574
train,vr1xsh2m_-_362_649_-_357_639
train,vr2geugn_-_571_770
train,vr3w0t6w_-_266_645
train,vr5k8n61_-_437_617
train,vr8ct1se_-_554_955
train,vr9duoo3_-_298_913
train,vrbchr15_-_367_806
train,vrbcwicm_-_411_714
train,vrfrxpj3_-_82_697_-_201_676
train,vrhqgdsk_-_469_839_-_600_818
train,vrk77tbw_-_486_794_-_446_845_-_465_838_-_483_813
train,vrksfs9x_-_327_910
train,vroozltf_-_220_986
train,vrx77o9p_-_242_745
train,vs6e782j_-_388_967_-_432_1012
train,vs7bujnq_-_473_846
train,vs83pvd1_-_188_787
train,vsgeazb5_-_578_838
train,vslcld9i_-_492_706
train,vslt987h_-_88_813
train,vsp07qeu_-_180_723
train,vsq2n8xp_-_557_876
train,vst3bbor_-_392_693
train,vstz4w7z_-_316_582
train,vswpe5qm_-_549_707
train,vsxf1y7a_-_426_802
train,vsyixrpl_-_360_736
train,vt00etfv_-_306_1484
train,vt28f42x_-_464_918_-_605_821
train,vt7f62ko_-_403_686
train,vt90p2mu_-_261_801
train,vt9pttq9_-_542_796
train,vtb012x8_-_124_797_-_136_761_-_138_764
train,vteagey3_-_299_756_-_311_765_-_315_752
train,vtleg7lk_-_338_1345
train,vtnennva_-_470_838
train,vtp4fv4d_-_445_889
train,vtq43hbp_-_532_543
train,vtwv79nj_-_158_708
train,vtxalyxp_-_153_769
train,vtxga2b4_-_147_634
train,vu3ixy3o_-_599_620
train,vuacfna3_-_422_686
train,vudcearu_-_328_808
train,vuegmwid_-_393_809_-_369_799
train,vugwwtrw_-_244_656
train,vukba5mq_-_303_801_-_310_803
train,vuqphd78_-_235_735
train,vutuwrwj_-_533_707
train,vux2weo1_-_184_821
train,vv1ztecu_-_513_845
train,vv3z0y33_-_176_870
train,vv4sakpr_-_269_715_-_597_691
train,vv63t6gc_-_392_736
train,vv8nh3v4_-_255_765
train,vveokuyt_-_265_985_-_253_996
train,vvohz9z0_-_258_573_-_446_544_-_442_565_-_272_573_-_266_562_-_448_560
train,vvoq781i_-_534_739
train,vvp066go_-_227_634
train,vvpwfzcu_-_438_716
train,vvpxia4a_-_93_929
train,vvs3frs5_-_126_714
train,vvsjhwbt_-_115_724
train,vvxgpezf_-_116_755_-_109_742
train,vw1zl5vc_-_350_733_-_296_681_-_361_684
train,vw2xq34w_-_210_716
train,vw55tvbw_-_200_873
train,vw806hxr_-_238_740
train,vw9hu36h_-_243_842_-_237_839
train,vwa9htlh_-_558_817
train,vwbjnmt5_-_485_747
train,vwe4ulqz_-_367_754
train,vwieoapz_-_341_622_-_349_628
train,vwjgn5k4_-_535_641
train,vwkntp55_-_409_813
train,vwmq162f_-_454_732
train,vwr4ij2w_-_620_656
train,vwszei31_-_391_658_-_383_652
train,vwtyrvz6_-_115_609
train,vwvygkr0_-_416_805
train,vwwjfo3h_-_312_640
train,vwwzftnt_-_243_817
train,vwyt7rum_-_324_712_-_276_700
train,vx3fi0dy_-_500_755
train,vx3qdbof_-_260_685_-_518_663
train,vx4ysal1_-_154_765
train,vx5zhom1_-_336_491
train,vx6c5icm_-_601_535_-_610_614
train,vx79kyb2_-_63_664
train,vxah1q2y_-_325_666_-_160_659
train,vxc7i1v9_-_600_612
train,vxev49es_-_294_775
train,vxfp001i_-_563_729
train,vxkwdt3d_-_435_844
train,vxl9kg0f_-_132_669
train,vxtpqug9_-_167_694
train,vxupp002_-_301_619_-_213_582
train,vxwij365_-_524_801
train,vxxbgflo_-_490_785
train,vxxd5irf_-_363_869
train,vy3sshvs_-_605_731_-_567_716_-_257_654_-_596_699_-_213_661_-_240_662
train,vy4ms4yf_-_591_848
train,vy4qkgt0_-_378_780
train,vy9roxim_-_213_776_-_234_661
train,vyb1w9gw_-_418_1083_-_634_857
train,vybc9inc_-_542_781_-_347_757
train,vydzyqv4_-_166_815
train,vyeav8ah_-_498_877
train,vyf4beej_-_415_788_-_403_776
train,vyoe0dpp_-_195_542
train,vyqya1q6_-_565_760_-_558_776
train,vyruid3l_-_533_940_-_208_866
train,vyybww8s_-_157_811
train,vyyivktd_-_247_819
train,vyyr7cz8_-_75_728
train,vz4zduye_-_287_805_-_315_810_-_347_829_-_301_838
train,vz66xr3e_-_410_715_-_428_758
train,vz78r9jj_-_311_772
train,vzbkeutv_-_278_929
train,vzckeap6_-_288_793
train,vzdnmxk1_-_572_897
train,vzhw4fwu_-_470_673_-_249_684
train,vziklwx3_-_463_754
train,vzj9x8fj_-_414_777
train,vzky7f9a_-_351_635_-_642_549
train,vzqld4oo_-_176_773
train,vzrb216g_-_86_693
train,vzrgb1aa_-_349_602
train,vzur6p03_-_196_819
train,vzvc2k7h_-_222_686_-_244_722_-_225_710
train,w05dc6gd_-_184_795_-_212_805
train,w0bba7wu_-_497_1037
train,w0esnyh9_-_386_867
train,w0fy3o4h_-_123_478
train,w0lhwnxs_-_415_663
train,w0lndrv5_-_106_740
train,w0m2siyg_-_535_687
train,w0xas3nh_-_378_1091
train,w0zzm0iz_-_429_944_-_514_823
train,w11zgkha_-_304_862_-_322_863_-_307_861
train,w142tcd5_-_461_661
train,w18ihcjc_-_206_824
train,w194nxuu_-_340_608
train,w1cgb5i7_-_421_824
train,w1dqqlbg_-_211_946
train,w1ek75ij_-_535_732
train,w1g16ioi_-_523_712
train,w1h11rqp_-_186_837_-_132_715
train,w1l0fy09_-_489_579
train,w1orbezd_-_225_685
train,w1ph3jku_-_517_590
train,w1q5ymio_-_83_839_-_64_744_-_93_729_-_67_846
train,w215ar02_-_594_728
train,w21jzdfq_-_199_1119
train,w21lm5zs_-_229_993
train,w21ufuga_-_293_732
train,w24rn1r4_-_517_701
train,w29vdc9e_-_450_788
train,w2hbtxpx_-_508_732
train,w2jdwhfo_-_456_741
train,w2ug3jts_-_150_852
train,w2w4gf7z_-_299_786_-_255_785
train,w2wuqkul_-_476_831_-_475_817
train,w2xnc065_-_515_589_-_517_596
train,w2zp6574_-_506_710
train,w304sp6a_-_251_615
train,w306u58y_-_564_693
train,w328rhbh_-_133_760
train,w34f3qui_-_49_610
train,w34ou7ys_-_271_772
train,w34qv5o9_-_322_707
train,w3621yes_-_176_965
train,w36o78km_-_135_665
train,w36ryvps_-_446_544_-_258_573_-_442_565_-_272_573_-_266_562_-_448_560
train,w3bbldj2_-_101_679
train,w3ci58hb_-_106_681
train,w3d3vn8z_-_460_1144_-_492_1171_-_456_1088
train,w3dijnam_-_387_838
train,w3f0dggy_-_483_643
train,w3gavnzf_-_444_705
train,w3ibi76s_-_264_945
train,w3l5cyvp_-_607_595
train,w3lsoktv_-_326_588
train,w3q773d4_-_232_572
train,w3snmshn_-_46_539_-_113_527_-_657_533
train,w3u9l1it_-_280_698
train,w3ug54rq_-_455_559
train,w3wpe1ip_-_130_740
train,w3z4ht0c_-_456_743
train,w40rkx9t_-_199_643
train,w4314gyc_-_461_601
train,w45vxp86_-_95_664
train,w4bnv594_-_109_492_-_513_528
train,w4ct9xul_-_312_673
train,w4dowlui_-_338_780
train,w4ds5831_-_288_941
train,w4i5uy4e_-_142_1029_-_109_1035
train,w4i6wklx_-_188_677
train,w4iv38pg_-_605_722_-_596_715_-_604_710
train,w4k8lgct_-_163_878
train,w4lay9xc_-_116_672
train,w4mirgne_-_407_971
train,w4mmrbp7_-_304_635
train,w4nx5j0n_-_339_740_-_668_712_-_651_699_-_317_747
train,w4oxeuj1_-_119_758
train,w4ruwwlu_-_319_712_-_310_773_-_286_758
train,w4sb0ppn_-_339_702_-_328_705
train,w4tkz7v1_-_311_878
train,w4uiepcb_-_588_757
train,w4zfyggn_-_385_893
train,w51bd65r_-_367_1062
train,w51e9aim_-_311_856
train,w51v16k8_-_561_661
train,w55rvgtp_-_498_698
train,w565fnim_-_252_774
train,w5eyzzy6_-_240_828
train,w5hnbp0r_-_111_594_-_86_599
train,w5iucykv_-_276_695
train,w5ljpo1v_-_333_733
train,w5wsrw7n_-_245_740
train,w5y9sze3_-_245_963_-_375_963
train,w68zuoor_-_396_656_-_177_652
train,w6ab4h8b_-_374_763
train,w6br6v1x_-_349_774
train,w6cqvrhr_-_355_806
train,w6h1w1yb_-_236_609
train,w6ht8xxz_-_484_912
train,w6jwncba_-_193_837
train,w6l4u4je_-_563_899
train,w6lacoxl_-_424_730
train,w6oa41iu_-_528_822
train,w6oyvpsa_-_239_797
train,w6tizg8e_-_545_653_-_522_634
train,w6ujcy2i_-_213_739
train,w6ul17ry_-_269_759
train,w6yw3k0a_-_374_890
train,w73fln83_-_98_739
train,w73jmppq_-_276_838
train,w74dyloj_-_352_737
train,w75gbpj7_-_329_972_-_315_896
train,w777s4z4_-_463_1002
train,w7ciglc7_-_431_720
train,w7cz88k2_-_589_612_-_588_622
train,w7klbegi_-_495_1229
train,w7ogsnv1_-_356_687
train,w7sd814u_-_327_796
train,w7trydbt_-_486_1060
train,w7ujvu30_-_563_783
train,w7ya91wv_-_410_756
train,w7ym9e2k_-_332_768
train,w7zalmhq_-_347_726
train,w80zi0vb_-_334_682
train,w82zlu0q_-_485_599
train,w89oymvg_-_315_851
train,w8d71tkg_-_138_774_-_111_775
train,w8euivm4_-_391_741
train,w8k477p2_-_565_710_-_447_808
train,w8kxl7j0_-_328_736
train,w8o19h8d_-_373_674
train,w8p13uhm_-_185_574
train,w8wutndx_-_190_768
train,w8yscofc_-_355_702
train,w8z1h4b5_-_461_891
train,w96cj1uu_-_362_880
train,w97te3qm_-_541_584
train,w994m291_-_361_740
train,w99tggt0_-_259_708
train,w9i0rkos_-_71_771
train,w9i4gy2r_-_384_741
train,w9mxuv33_-_357_473
train,w9nv5kyx_-_214_786
train,w9oux7dy_-_443_731
train,w9qovh90_-_129_913
train,w9ry0x8r_-_614_707
train,w9sn40m7_-_403_854
train,w9xnzyee_-_388_1421
train,w9z100df_-_133_593
train,wa1fe9te_-_615_661_-_241_705
train,wa532hzq_-_406_772
train,wa585apq_-_104_861_-_553_641
train,wa611qel_-_281_611
train,wa8fapun_-_345_746
train,wadigw7t_-_298_656
train,waeohe7g_-_364_664
train,waerl1vs_-_338_862
train,wah6qxlp_-_344_635
train,wai3cb0t_-_120_859
train,wajcliu7_-_437_675
train,wao93xbg_-_513_528_-_109_492
train,waq3o41r_-_580_675_-_629_687
train,wasc0hrd_-_77_688_-_586_712
train,waswquu0_-_478_814
train,wautb47p_-_162_646
train,waw296u8_-_408_678
train,waw9678i_-_58_625
train,waylnkho_-_406_843
train,waz06m3v_-_267_803
train,waze7uvb_-_220_760
train,wb3rg3ak_-_294_1121
train,wb490827_-_555_814
train,wb4qf5gy_-_210_742
train,wb4wpx38_-_87_645
train,wb55hc78_-_336_752
train,wb621f09_-_485_1133_-_442_1070
train,wba6c9sq_-_295_769
train,wbb702ew_-_530_908
train,wbdz7nbb_-_113_721
train,wbi2yosb_-_438_973
train,wbiy92ba_-_186_761
train,wbl4sthn_-_126_807
train,wbln7eqp_-_602_697
train,wbof1pr0_-_397_764
train,wbouefdu_-_218_788_-_219_786
train,wbq5s4ti_-_154_622
train,wbq5z3d9_-_201_700
train,wbrauedp_-_564_682
train,wbsorkiu_-_220_706
train,wbtxf5t2_-_442_922
train,wc1fanca_-_525_835
train,wc3vb24c_-_448_763
train,wc7nc7p4_-_118_799_-_150_853
train,wc7wm8t3_-_303_869
train,wc9fkv5a_-_364_607
train,wccaee4e_-_191_699
train,wccdgh5g_-_135_611
train,wccy0lif_-_500_962
train,wcdhxb92_-_395_717_-_491_727_-_461_757_-_398_727_-_435_723
train,wcdyweji_-_107_809
train,wch508ej_-_186_729
train,wcjms43v_-_205_506_-_32_705
train,wck8w02z_-_491_717
train,wcks3zzf_-_530_591_-_530_591
train,wcl14jpd_-_521_711
train,wcnhnqrs_-_582_703
train,wcoaxur7_-_112_1051
train,wcs5uczo_-_235_1060
train,wcxb6kjt_-_100_752
train,wcyy55yj_-_433_865
train,wd0gnnb8_-_502_759
train,wd2qyume_-_133_829_-_135_740
train,wd6dhsx5_-_530_711
train,wd89cq0d_-_340_964_-_501_996
train,wd8j5lmw_-_565_759
train,wdbioxl2_-_581_581
train,wdc56yyj_-_443_929
train,wde0mo4x_-_137_1187
train,wdft43g8_-_557_609
train,wdgkwlq6_-_287_866
train,wdlfvlc5_-_396_1007
train,wdnjw2cv_-_519_812
train,we28mz2b_-_359_705
train,we2c9i19_-_489_584
train,wed7u23w_-_248_737
train,wegl56ck_-_594_685
train,wemo5d4p_-_268_696
train,weni85yg_-_607_623
train,wesgqi7z_-_509_822
train,wf24g2zk_-_183_681_-_164_673
train,wf936jvy_-_209_629
train,wfbfijfu_-_194_828
train,wfet62ts_-_574_654
train,wff1lww8_-_546_788
train,wff2p9ho_-_265_701
train,wfhv55g3_-_502_742
train,wfjz19sm_-_502_789
train,wfqesmte_-_450_674
train,wfuh2bag_-_414_840
train,wfw6dhgk_-_383_737
train,wfxjqpmr_-_261_1328
train,wfzg6c2k_-_296_820_-_305_804_-_331_819_-_317_840_-_321_846
train,wg1l9qzu_-_302_1193
train,wg3vwxfb_-_465_784_-_332_953_-_274_838_-_374_740
train,wg59mpg4_-_239_680
train,wg90ehk3_-_524_946_-_548_918_-_507_900_-_531_930
train,wgaai9wl_-_422_801
train,wgfqkwzv_-_524_717
train,wghgidoo_-_385_754_-_190_777_-_192_789_-_409_765
train,wgi581k3_-_503_689
train,wgj074wn_-_174_731
train,wgmjpj8t_-_230_668
train,wgt7su9d_-_162_889
train,wgvj3xj9_-_440_805
train,wgvw55xp_-_155_614
train,wgx6s18q_-_219_742
train,wh0l627z_-_489_827
train,wh5h4slo_-_194_742
train,whfyna6z_-_394_721
train,whhryum8_-_175_663
train,whig9rkd_-_567_761_-_348_721_-_387_733_-_575_730
train,whkswm1x_-_286_796
train,whldygf1_-_537_711
train,whoudnly_-_222_525
train,whre0ed1_-_619_620
train,whxcqmqb_-_525_771_-_417_791
train,wi0cljeg_-_453_762_-_436_763
train,wi0fwgh6_-_181_647
train,wi0y946i_-_338_714
train,wi4apfop_-_323_688
train,wi5wwk8e_-_350_852_-_288_776_-_320_823_-_319_805_-_309_805
train,wianxlwn_-_219_944
train,wid27ym5_-_192_775_-_226_760_-_268_736_-_279_792_-_252_743
train,wie21azg_-_517_806
train,wifjs9ye_-_431_672
train,wiizrn41_-_523_769
train,winwevcq_-_49_606
train,wio695ef_-_446_748
train,wiobtnum_-_80_690
train,wionjfyn_-_141_864_-_154_823
train,wiqvt75f_-_593_752
train,wist5po0_-_612_733_-_642_762
train,wit9il6f_-_406_831_-_443_837
train,wiwsxgvg_-_98_907
train,wizf2lee_-_218_729
train,wj4hpuj4_-_120_1018
train,wj4siob8_-_140_736
train,wjcnaytn_-_89_602
train,wjd6qx21_-_343_866
train,wjenwukx_-_262_782
train,wjjpwm9w_-_388_752
train,wk1hv1rm_-_430_745
train,wk31qfy2_-_505_860
train,wk35qf1f_-_320_635_-_184_684
train,wk3yq91f_-_318_837
train,wk52wnxd_-_327_1274_-_215_1416_-_297_1269
train,wk66xtqs_-_442_769
train,wk80pyy9_-_315_740
train,wk8c35wv_-_330_888
train,wk9dxhrp_-_161_1034
train,wke0hrmr_-_588_743
train,wkgwh8iu_-_86_552_-_20_806
train,wkh2zs96_-_270_858
train,wkj2cn6v_-_231_714
train,wkj5hf24_-_366_800
train,wkkdib7e_-_496_762
train,wkle3d8u_-_470_579
train,wknxdpeo_-_367_1209
train,wkqdc8ds_-_77_761
train,wkr0lgil_-_393_765
train,wkrppicb_-_201_779
train,wktgp9vo_-_411_749
train,wkyzgit0_-_390_654
train,wl1l99y8_-_240_820
train,wl2rky8j_-_264_760_-_264_760
train,wlbapmkf_-_412_849
train,wlbmtoz8_-_546_984_-_152_823
train,wlc8rxdh_-_128_838_-_8_861
train,wlg3ijph_-_571_864_-_579_847
train,wljmga7m_-_209_775_-_289_802
train,wloua56z_-_617_708
train,wlr04zjn_-_484_802_-_491_809
train,wlt3yq78_-_114_822
train,wlvv3urt_-_553_862
train,wlxyva8j_-_200_1027_-_459_905
train,wlyars7g_-_548_725
train,wlz6y6yv_-_434_698
train,wlzxgq24_-_218_779
train,wm0nm7ss_-_142_936
train,wm9m297z_-_529_781
train,wm9o9tcw_-_489_827
train,wmbsym0i_-_595_640
train,wmec9sxv_-_479_655
train,wmghy945_-_119_1051
train,wmhqmx2x_-_136_729
train,wmivfswq_-_98_781
train,wmlqtilf_-_229_856
train,wmmgd4u2_-_168_632
train,wmmzgv7j_-_89_570_-_646_691_-_612_584
train,wmoz2qc0_-_581_651
train,wmub2xh5_-_478_761
train,wmvxxvrr_-_83_769
train,wmynljq5_-_577_754
train,wmzxju44_-_264_679
train,wn12oy0i_-_186_932
train,wn19iccx_-_438_764_-_480_798
train,wn2h2pwh_-_475_691
train,wn3o16db_-_343_857
train,wn8azwaa_-_450_1124
train,wnd1r8q2_-_577_955
train,wngdbpqa_-_630_520
train,wngs8t7k_-_313_834_-_100_594
train,wngxthbc_-_491_913_-_539_957
train,wnhu05fv_-_362_751
train,wnrbjbp3_-_535_1196
train,wo0lnt5q_-_230_1107
train,wo1rt8xk_-_445_688_-_412_697_-_239_681_-_242_672
train,wo3h7qet_-_619_680
train,wo4n6tkk_-_404_714
train,wo7v53gb_-_447_825
train,wo92g7js_-_246_753_-_389_888
train,woaup4i5_-_250_916
train,wodv8wxi_-_415_744
train,woear4bc_-_338_839
train,wof8xm0j_-_475_739
train,womob8li_-_458_685
train,woot6l0x_-_152_1087
train,wovqci3d_-_118_582
train,woy6cato_-_172_913
train,wp79fwa6_-_161_820
train,wp7mthwo_-_276_652
train,wpatpa70_-_252_814
train,wpb1wqaa_-_310_1241
train,wpclpg93_-_125_1042_-_40_1051
train,wpecbyv2_-_494_934_-_86_744_-_446_883_-_89_703
train,wpgzah73_-_409_623
train,wpn4hv01_-_139_779
train,wpnq3np7_-_476_580
train,wppc8pum_-_216_928
train,wpsefrur_-_457_830
train,wpuzzdt2_-_589_932_-_509_828
train,wpv1avn4_-_347_906
train,wpx02vqu_-_238_686
train,wpy6zv8k_-_544_646
train,wpzw752u_-_578_1016
train,wq0e6ixl_-_243_919_-_160_907
train,wq5k3miu_-_375_696
train,wq7dhf41_-_311_741
train,wq8llkve_-_98_952
train,wqahvlmx_-_433_766_-_516_758
train,wqb7i5gk_-_372_801
train,wqehblll_-_297_847
train,wqgp3qsu_-_453_650_-_473_657_-_467_655
train,wqhlo46a_-_262_721
train,wqino8lw_-_184_882
train,wqip1d0i_-_202_753
train,wqk2zs8k_-_403_657
train,wqm0mh3j_-_283_829_-_109_611_-_453_729
train,wqn8zu1r_-_381_681
train,wqqubh3y_-_207_628
train,wqsyp570_-_380_833
train,wr3dt51v_-_252_1109
train,wr4eyf94_-_580_776
train,wr94si3z_-_343_679
train,wr9jmtsc_-_234_789
train,wrbuqzmx_-_577_749
train,wrc424b3_-_464_1141
train,wrd8dspw_-_107_845
train,wrg4cbzf_-_443_599_-_668_607
train,wrh5xf09_-_162_559
train,wrhtv8m2_-_315_643
train,wrjcvktp_-_226_921
train,wrrb8ap2_-_282_729
train,wrut5n3b_-_303_787
train,ws4g7ay6_-_420_837
train,ws4p08xu_-_441_762
train,ws4xvlv4_-_593_731
train,ws67up64_-_230_754
train,ws6da3w2_-_190_847
train,ws8l5xbi_-_605_752
train,wsbpy74s_-_449_674
train,wseq6t49_-_419_740
train,wsf36s2g_-_105_681_-_456_686
train,wsfqq80j_-_187_691
train,wsgftbrc_-_495_600
train,wsjjg7yt_-_144_825
train,wso7w3ti_-_151_546_-_523_543
train,wss8q4vx_-_216_830
train,wst5qy4w_-_353_758
train,wsupj3xk_-_176_657
train,wsvaqoop_-_274_675
train,wt1c62x4_-_415_590_-_376_599
train,wt2n2k5b_-_98_632_-_334_630
train,wt7br7q1_-_177_642_-_600_724_-_501_652
train,wt7f4im2_-_602_755
train,wt9790gq_-_263_741
train,wt9ac04i_-_528_1040
train,wta01b2x_-_109_686
train,wtg3mm2z_-_573_803
train,wthta7l2_-_421_963
train,wtjanjbh_-_539_727
train,wtr7tzkt_-_301_662
train,wtw7i026_-_378_736
train,wty4xx74_-_220_752
train,wu5e54yo_-_304_1000
train,wu5o5wo0_-_470_761
train,wufczt7x_-_573_771
train,wuirg2zj_-_515_1211
train,wulzykld_-_82_520_-_629_525
train,wus22rfo_-_344_685
train,wuuu6xty_-_379_582
train,wvaj4e1h_-_527_964
train,wvaywx6l_-_272_1126
train,wvhyz51p_-_129_879
train,wviyn5u8_-_164_630
train,wvj7czd3_-_422_734
train,wvk9m1ov_-_383_695
train,wvl1d8bw_-_180_708
train,wvo3g1mp_-_599_847
train,wvomztow_-_451_685_-_184_630
train,wvrbefnz_-_565_653
train,wvs3yxhf_-_479_922
train,wvs8si1t_-_272_577
train,wvtgvoy4_-_347_941
train,wvyl0dt2_-_210_789
train,wvylf24w_-_194_732
train,ww19n924_-_311_954_-_336_934
train,ww1lzc53_-_66_638_-_620_649_-_672_627
train,ww3r3j90_-_539_907
train,ww42equr_-_551_712
train,ww49odk9_-_307_664
train,ww6l3jtv_-_220_925
train,ww8ze3jc_-_68_611
train,wwa0uox7_-_262_695
train,wwas7t4s_-_264_665
train,wwc1imqe_-_570_758
train,wwhmqn0e_-_387_780_-_435_846
train,wwqnq78s_-_368_1003
train,wwury4n1_-_527_898
train,wwv0fxcj_-_598_672
train,wwv4avsg_-_489_692_-_485_684_-_364_808
train,wwvv26uq_-_203_1002_-_214_995
train,wwvwbauq_-_525_736
train,wwwy4a86_-_273_728
train,wwxf9anu_-_416_681
train,wx90tufo_-_278_805
train,wx9t7lz2_-_590_633
train,wxath2eg_-_320_696
train,wxg0zmhc_-_287_689
train,wxhwrufk_-_148_762
train,wxj6ea25_-_574_769
train,wxjgljzc_-_402_1345
train,wxl2i439_-_135_633
train,wxlwseqq_-_123_706
train,wxot235s_-_336_722
train,wxrftl1k_-_362_723
train,wxs4f7zr_-_419_798
train,wxzbmgm4_-_143_648
train,wxzmfp54_-_488_791
train,wy0d6rg5_-_453_711
train,wy28z9u4_-_140_997
train,wy297lg4_-_380_661
train,wy3dq2k6_-_189_641
train,wy4beb3v_-_539_857
train,wy7psk7q_-_241_673
train,wycrxxqm_-_425_718
train,wyefbpwz_-_179_641
train,wyfvus6r_-_178_919
train,wyj7hcpe_-_398_739_-_408_742
train,wynwxrtj_-_269_644_-_86_619
train,wyp9vphy_-_214_751_-_189_758_-_167_752
train,wyrfornl_-_339_726
train,wys9d6mt_-_512_784_-_65_699
train,wysa8ykm_-_557_853
train,wysfntty_-_289_729
train,wyzpm1re_-_133_737
train,wz7mt7om_-_398_623_-_381_628
train,wz8ksvpt_-_176_864
train,wz8lli2l_-_392_663_-_408_628
train,wzbbsljo_-_479_1174
train,wzcnystg_-_286_706
train,wzi0no6q_-_588_669
train,wzl431kw_-_500_736_-_208_761
train,wzocqpww_-_147_697
train,wzukwm75_-_457_1053
train,wzvc24e2_-_120_814
train,wzwicx19_-_506_871
train,wzwiv0lp_-_222_711
train,wzwln3dj_-_199_741_-_240_742
train,wzyzkfnf_-_429_658
train,x037kwjs_-_179_967_-_406_728
train,x03b4eh7_-_275_820
train,x03p0r88_-_104_773
train,x05tey4r_-_361_776
train,x0747vk1_-_114_946
train,x083t1uu_-_586_748
train,x0a97zrb_-_402_769
train,x0au8ag9_-_434_809
train,x0bs4q6d_-_570_706
train,x0buayig_-_186_687
train,x0hwn1qw_-_306_597
train,x0k9wdo4_-_163_710
train,x0mg0xzq_-_358_744_-_342_751
train,x0rxyojh_-_421_690_-_420_641
train,x0uwsff7_-_95_785_-_72_804
train,x11237wv_-_503_968
train,x18nfojn_-_507_669
train,x1a13cyb_-_479_764_-_470_744
train,x1bol3fr_-_223_765
train,x1fdqd7c_-_307_714
train,x1h3893j_-_430_640
train,x1htaszn_-_108_711
train,x1kvt73x_-_169_641
train,x1lgdf7r_-_480_802_-_347_720
train,x1n0e9n7_-_179_684
train,x1qxc0yh_-_387_790
train,x1r7yo96_-_394_814
train,x1rcmbdb_-_593_812
train,x1sd4nlr_-_241_792
train,x1tmex61_-_579_705_-_565_778
train,x21ka35i_-_594_620
train,x21p33oj_-_115_977
train,x240orj9_-_436_650
train,x24to9xh_-_141_664
train,x2672k23_-_149_864
train,x29zxdku_-_222_928
train,x2akycs9_-_471_811
train,x2bmx7yw_-_264_786
train,x2csyncv_-_400_629
train,x2dd33rl_-_434_723
train,x2e5ge9j_-_357_937_-_305_724
train,x2g3gbmt_-_275_741
train,x2ggnqxy_-_492_719_-_221_695_-_234_682
train,x2gvj7il_-_367_790
train,x2i0tkpv_-_582_712
train,x2m2bqjc_-_416_612
train,x2m2l6dm_-_512_1231
train,x2nkj0jx_-_317_600
train,x2nqqypx_-_492_803
train,x2sbij21_-_391_928
train,x2tdhb9x_-_394_801
train,x2w3ch16_-_126_647
train,x2ylx04h_-_155_986
train,x2z5ou2v_-_371_724
train,x321oit2_-_409_769
train,x33jkim4_-_268_705
train,x34jflgx_-_327_773
train,x3anlanx_-_113_842
train,x3ggb9s2_-_321_736
train,x3k58gqg_-_137_1189_-_178_1119
train,x3o4pj6j_-_259_644
train,x3ozrztj_-_251_806_-_255_846
train,x3v0bjj6_-_389_761
train,x3yyyhyd_-_440_951
train,x3zutfmw_-_452_676
train,x487qaa2_-_259_743
train,x4hx12z6_-_401_958
train,x4ior32s_-_366_678
train,x4qkvs7l_-_438_772
train,x4srq48b_-_317_660_-_297_612_-_328_595_-_307_656
train,x4t9b3u1_-_452_667_-_300_744
train,x4tgab8h_-_170_717_-_518_697
train,x4v5or3p_-_545_774
train,x4wglpqb_-_158_724
train,x4xyya4x_-_475_566
train,x52g23ht_-_345_923
train,x540hu81_-_106_676
train,x55aouur_-_275_724
train,x55buz4v_-_463_732_-_533_769_-_453_801
train,x56lxt03_-_332_738
train,x59t8mjo_-_301_678
train,x5bkqevk_-_315_805
train,x5e70bvv_-_252_792_-_297_795
train,x5eh3sk8_-_214_627
train,x5gotesf_-_180_801
train,x5h6cfv6_-_520_1057_-_519_955
train,x5hgcux7_-_346_640
train,x5ozo7mg_-_337_663
train,x5qd7dtz_-_536_676
train,x5qtte74_-_536_904
train,x5rohupf_-_376_769
train,x5syslcx_-_343_755
train,x5x7vzqd_-_293_856
train,x5yb81xs_-_410_853_-_515_807
train,x5z45ume_-_436_683_-_681_694
train,x61kct2g_-_412_703
train,x62fzq8i_-_547_802
train,x62u2la1_-_396_889
train,x66p62x4_-_465_723
train,x67d768g_-_465_674
train,x6izkhli_-_460_806
train,x6k9fm4j_-_442_710
train,x6kujh02_-_616_621
train,x6l21wy0_-_534_723
train,x6l93y3o_-_581_580_-_121_570_-_589_587_-_151_587
train,x6ocphqu_-_312_800
train,x6q1lwt4_-_320_664
train,x6tt7ot7_-_412_722
train,x6xm9gw5_-_509_1042_-_634_1002
train,x6yemmqe_-_411_800
train,x73yp91m_-_334_887
train,x75h6daf_-_136_807
train,x7970vfd_-_307_619
train,x79r8s23_-_215_545
train,x7a4gpb3_-_160_936
train,x7bmcyve_-_189_1469
train,x7brbw59_-_286_1279
train,x7c4sjf0_-_581_609
train,x7fo739o_-_454_804
train,x7hfn7sj_-_616_686_-_608_708
train,x7iatjau_-_403_818
train,x7oddd3i_-_67_699
train,x7pt5sjw_-_508_651_-_297_624_-_495_639
train,x7qzfrr3_-_383_852
train,x7rfpjcj_-_284_765
train,x7u2gujp_-_525_806
train,x7vv87gx_-_347_770
train,x7vwygar_-_126_810
train,x7x8xscv_-_102_794
train,x80k4krt_-_571_762_-_118_709
train,x859z37x_-_81_734
train,x879q8oi_-_178_636
train,x8aksz2b_-_320_850_-_307_855
train,x8b66brt_-_206_746
train,x8c50ld4_-_282_721
train,x8dzvek8_-_502_655
train,x8ebczkc_-_296_1018
train,x8f0eqkb_-_579_781
train,x8k5zpmu_-_267_614
train,x8m8jf9n_-_388_796
train,x8mzf49t_-_173_659_-_532_824
train,x8n53llp_-_561_609
train,x8ocjr9f_-_516_719
train,x8pm9dyv_-_434_805
train,x8psy4ec_-_67_677
train,x8q4y6x1_-_98_949
train,x8q7vgae_-_54_642
train,x8qmnmir_-_347_817
train,x8qpequr_-_223_819
train,x8xibya5_-_220_760
train,x90dtj44_-_502_714
train,x91xkzlb_-_574_749
train,x923ixza_-_397_656
train,x93vp3ta_-_439_631
train,x96guuet_-_102_788
train,x97mu9ua_-_265_701_-_676_706
train,x9a0t9v9_-_457_689
train,x9actr8p_-_239_710
train,x9f0fws5_-_354_766
train,x9g97ep6_-_395_566_-_632_554
train,x9l1s2nu_-_376_934_-_441_1108_-_387_1100
train,x9lglnwo_-_544_642
train,x9ot7lna_-_170_739_-_213_824
train,x9qks9te_-_459_636
train,x9r98chr_-_288_882
train,x9rh6atj_-_206_753
train,x9rk2xec_-_380_1058
train,x9tl9xtf_-_220_746
train,x9vni84w_-_150_827
train,x9y7vzcc_-_216_884
train,xa0outwc_-_339_771
train,xa4439v9_-_391_565
train,xa9kmhl6_-_288_1095
train,xaccgemr_-_296_727
train,xaf9yjoo_-_73_795
train,xagy6quk_-_427_650
train,xalncnds_-_411_788
train,xalx9ckm_-_600_781
train,xam2m6lh_-_444_627
train,xawc2qgk_-_415_931
train,xaznn1uc_-_198_702
train,xb0j3zkf_-_173_937
train,xb6ra38u_-_589_768
train,xb9r5798_-_305_897
train,xbb53dzj_-_566_788
train,xbfcywtw_-_221_616
train,xbfxelof_-_66_609_-_513_692_-_149_619
train,xbgb82y7_-_418_934
train,xbhxz6lk_-_243_876
train,xbkxk5lx_-_256_745_-_228_757_-_213_788
train,xbpkve6m_-_226_945_-_220_952
train,xbrcdc99_-_392_840
train,xbv8lqx6_-_456_686_-_105_681
train,xbxl25gu_-_355_823
train,xbxuqitf_-_299_934
train,xc1k8m09_-_91_694
train,xc1znp9f_-_102_601
train,xc8wtrxs_-_577_798
train,xctfao33_-_186_733
train,xcuazswn_-_48_606_-_302_693_-_295_696
train,xd5uejbq_-_551_790
train,xd766166_-_299_701
train,xdazhm00_-_63_647
train,xdcrp6tx_-_90_743_-_91_738
train,xdg44mnz_-_292_579_-_152_518
train,xdg4pe54_-_286_767
train,xdgb5opv_-_201_640_-_176_657_-_440_657_-_470_678
train,xdi6z1w3_-_244_754
train,xdjyhfut_-_481_523_-_265_583_-_455_658
train,xdkaejdb_-_549_757_-_354_701_-_364_726_-_522_698
train,xdkru4mt_-_569_835
train,xdm9aw70_-_643_538
train,xduz50aj_-_72_759
train,xdwyz5kz_-_250_608_-_153_601
train,xdy9cs9u_-_384_778
train,xdyltugk_-_271_726
train,xdyth70g_-_562_1062
train,xe3bzvu8_-_132_873
train,xe7a2etd_-_585_787
train,xea4xwde_-_274_816
train,xecbwimv_-_120_763_-_120_759
train,xefak4zd_-_567_691
train,xefg65zl_-_76_676
train,xehvdpmc_-_259_964
train,xeij5zd1_-_615_687
train,xenr8xqh_-_334_664
train,xeo7f8yn_-_255_743
train,xeoobu8k_-_443_676
train,xepf65kk_-_547_665_-_505_704
train,xesonfcr_-_264_956
train,xeugb2xx_-_74_687
train,xezqk5ez_-_375_688
train,xf0jtoxb_-_460_937_-_534_910
train,xf4b8mrq_-_76_693
train,xf583x9t_-_521_761
train,xf8iigps_-_362_713
train,xfa697tz_-_579_642
train,xficxr7l_-_265_601_-_211_648
train,xfndc59k_-_376_596
train,xfod88dc_-_100_738
train,xfppv713_-_352_691
train,xfq03peg_-_351_927_-_216_764
train,xfq1sx2c_-_229_729
train,xfrhgme0_-_196_743_-_203_737
train,xfs3j4yw_-_365_1110
train,xfs7qem9_-_367_646
train,xfsux69k_-_501_737
train,xfxgneoh_-_295_687
train,xfyatucz_-_543_661
train,xg38rwr0_-_86_597
train,xg45k7zo_-_452_680_-_442_680
train,xg46e24z_-_442_768
train,xgbz1880_-_86_896
train,xghg1uzl_-_487_778
train,xgjq26za_-_362_779
train,xgkk667r_-_377_756_-_456_785
train,xgrsw951_-_133_664_-_535_624
train,xgs6jqey_-_201_676_-_82_697
train,xguwm956_-_469_723
train,xgv0y9tp_-_282_893
train,xgyy5vma_-_181_906
train,xh0d11zl_-_406_668
train,xh0n9caj_-_363_587_-_634_577
train,xh2qd58f_-_412_1031_-_386_1028
train,xh38eycw_-_458_1072
train,xh3yy1em_-_99_688
train,xh9qdrxy_-_493_715
train,xhcjw1yg_-_588_718
train,xhdxo43h_-_384_782
train,xhgsdt9l_-_164_762
train,xhhqpx2d_-_430_812
train,xhjagwyh_-_506_730
train,xhjxwyuy_-_318_734
train,xhk4emlj_-_199_595
train,xhmb3jjq_-_584_700
train,xhmv2xuj_-_141_659
train,xhp6r452_-_204_772
train,xhqbnvs1_-_295_694
train,xhr54xaa_-_375_713_-_366_720
train,xhu6tgkl_-_132_1051_-_124_983
train,xi27fu2j_-_253_821
train,xi5glz39_-_325_844
train,xi6h33c0_-_332_779
train,xi6scbyv_-_360_729
train,xibaxfwp_-_263_850
train,xifmg2h7_-_412_640
train,xigsdo5i_-_461_663
train,xil4k950_-_465_873_-_186_821_-_168_812
train,xileztu5_-_234_788_-_269_787
train,xinpez3a_-_232_1037
train,xinxsw87_-_77_621_-_434_689
train,xisaydga_-_314_938
train,xitcwwm7_-_290_770
train,xivib6ai_-_368_751
train,xiz6dnah_-_456_787_-_152_741_-_210_748
train,xj0cvbbm_-_263_948
train,xj36gwgp_-_252_822_-_247_813
train,xj4xv4r1_-_115_868_-_184_835
train,xj6c9oqp_-_482_832
train,xj9str69_-_482_684
train,xjg60yw8_-_527_817_-_505_729
train,xjgu0ck3_-_387_611
train,xjmot507_-_269_824_-_250_791
train,xjpcsvgt_-_407_732_-_420_727
train,xjtk2g83_-_230_755
train,xju3q00l_-_178_749
train,xjyvb1pt_-_467_608
train,xk0dnwsl_-_324_901_-_78_978
train,xk18cyiq_-_496_837
train,xk3wa1up_-_294_792_-_330_833
train,xk4ashmm_-_82_710
train,xk6t7e0p_-_315_685
train,xk7j5vsw_-_167_710_-_143_701
train,xk8le2tq_-_465_744
train,xkhtgcdj_-_261_825
train,xkklmsg5_-_608_615
train,xkm4jg5v_-_276_770
train,xkm85mpe_-_335_760
train,xkm8zd1h_-_615_666
train,xkm9fbg2_-_268_762
train,xksysre5_-_92_787
train,xkts5m89_-_561_962_-_561_962_-_562_978
train,xku2wz20_-_246_673
train,xkw49ixo_-_180_686
train,xkxk86nz_-_233_772
train,xkxlnb83_-_314_793
train,xkxrbr9c_-_438_806
train,xl1033fj_-_269_990
train,xl6g0gkn_-_292_647
train,xl7ijpf7_-_448_665
train,xlahbkpn_-_525_572
train,xlaqfzzc_-_334_709
train,xlf21uwr_-_274_709
train,xlh57bf4_-_162_797
train,xli4fjwa_-_104_569
train,xlkf9886_-_195_719
train,xlof6buf_-_377_692
train,xlov2mkd_-_364_818
train,xlp8o352_-_131_700
train,xlr6r5zu_-_366_539
train,xlr8waml_-_214_768
train,xlskhye1_-_393_795
train,xlt4gmpy_-_196_651
train,xm2vpvf8_-_505_704_-_547_665
train,xm8kgxeh_-_469_727
train,xmak8uo7_-_156_788
train,xmcslldt_-_194_891
train,xmhvxoq5_-_153_644
train,xmqw491h_-_496_615
train,xmsbc2dd_-_378_884_-_431_888
train,xmu9f6sg_-_160_659_-_325_666
train,xn01al6m_-_586_688_-_18_1016
train,xn2gnup6_-_170_687
train,xn5t5inr_-_244_928
train,xn61hma5_-_544_962
train,xn7afy87_-_104_745
train,xn7q5yij_-_544_693_-_565_760
train,xn9u83on_-_70_737_-_569_720_-_579_719
train,xnaefqne_-_541_609
train,xncaw99l_-_547_785
train,xnh153ve_-_376_555
train,xnjn8bhb_-_462_733
train,xnopbk6e_-_301_1129
train,xnpw2q3y_-_119_625_-_582_612_-_72_655_-_111_631
train,xnteu9b3_-_86_595_-_105_624
train,xnuqj9f7_-_176_805
train,xnxwcq6j_-_236_649_-_545_648_-_239_661_-_236_657_-_555_661_-_556_655
train,xo1tdmci_-_250_730
train,xo2qpx6x_-_392_868
train,xo8kwigg_-_337_1188_-_330_1234_-_312_1207_-_372_1211
train,xoau5xkb_-_476_711
train,xoc7aq0n_-_484_771
train,xod3fuoo_-_305_775
train,xof4d2w8_-_145_899
train,xohw9d2c_-_485_725
train,xojyrhq0_-_541_855_-_577_842_-_549_836
train,xokqa8ti_-_513_748
train,xor2nahr_-_605_762
train,xoz7frbl_-_393_783
train,xp39fq19_-_376_827
train,xp3qog6v_-_415_720
train,xp52nl8a_-_154_644
train,xp5rchxh_-_196_744
train,xp6ebn15_-_276_1177
train,xp7k7o6j_-_572_601
train,xp8mfwcj_-_330_582_-_333_570_-_305_586
train,xpcc3vfg_-_488_661
train,xpf9hub6_-_368_589
train,xpj6yy3f_-_550_824
train,xpmiq49j_-_298_621
train,xpuyhebc_-_439_862
train,xpyuc1r0_-_445_607
train,xq015b0l_-_70_700
train,xq26tity_-_112_546
train,xq4whgzp_-_564_652
train,xq8qvpzf_-_236_835
train,xq8rmvcc_-_151_733
train,xq95r7xh_-_297_575
train,xqactux7_-_450_838
train,xqax3m2t_-_214_796
train,xqbg4dfk_-_240_687
train,xqbshuut_-_462_801
train,xqe4e79v_-_124_803_-_104_762
train,xqfsqqhd_-_384_1056
train,xqg2mdtd_-_382_875_-_424_885
train,xqmwjuop_-_460_698
train,xqn4l7ay_-_459_752
train,xqqrehbi_-_183_795
train,xqt52xv7_-_613_653
train,xqud3pno_-_369_820
train,xqyk3o8p_-_240_493
train,xr0w36m4_-_494_810_-_669_688
train,xr2ttf1b_-_579_689
train,xr2y7ijp_-_309_730
train,xr4vbmgc_-_112_692
train,xr5ukiz9_-_392_697
train,xr8vgrkq_-_272_695
train,xr97fouo_-_282_985
train,xra76uhe_-_395_618
train,xrdk2n7b_-_327_692
train,xrf5onop_-_477_892_-_536_982
train,xrfczhof_-_350_635
train,xrkzmm1s_-_186_861_-_181_808_-_483_601
train,xrmja5pp_-_146_789_-_134_803
train,xro8i20v_-_108_713
train,xrp86h67_-_445_865
train,xrt1xej1_-_236_741
train,xrt72wd3_-_101_940_-_68_896
train,xrvhocvb_-_237_1122
train,xrwz9svg_-_506_962
train,xs1kx2gy_-_371_763
train,xs2q28m5_-_400_927
train,xs41rgfq_-_441_1108_-_376_934_-_387_1100
train,xs6o4wxb_-_259_850
train,xs6xst6c_-_265_838
train,xsc0jxbh_-_173_820_-_132_906
train,xsdl3ukd_-_198_766
train,xsie1430_-_109_543
train,xsmbgscz_-_341_815_-_648_725
train,xsn0kbnv_-_372_903
train,xsnbj1z7_-_171_787_-_140_775
train,xsp3y4m9_-_352_644
train,xst436qw_-_168_865
train,xswf47oq_-_177_873
train,xsyamu7d_-_473_658
train,xt0oltk9_-_108_660_-_108_657
train,xt30qkzk_-_526_733
train,xt68c4gv_-_481_937
train,xt6k4ssd_-_318_726_-_561_687
train,xt7cj66u_-_184_586
train,xtairh4w_-_457_703
train,xtar4v1n_-_419_742_-_432_744
train,xteax8im_-_221_826_-_215_877_-_176_864
train,xtig78u7_-_244_634
train,xtl8ws1i_-_404_864
train,xtmkx6v3_-_377_1047
train,xtoqq3a2_-_295_696_-_302_693_-_48_606
train,xtr4s6cu_-_208_808
train,xtuv68fl_-_111_727
train,xu13mzgz_-_186_554
train,xu26j3y8_-_477_943
train,xu61av4h_-_476_599
train,xu9y4r26_-_380_567_-_75_623
train,xuatbhf8_-_363_627
train,xuf2mrr6_-_588_706
train,xuf8yzmu_-_413_862_-_398_860
train,xugq4nbg_-_222_833
train,xup2pgcb_-_483_797
train,xup6e0cv_-_441_636_-_452_656
train,xv9pic47_-_334_889
train,xvbqlgev_-_64_586
train,xvcuao42_-_236_776
train,xvd02tqe_-_510_675_-_316_636
train,xvd4x6ch_-_549_948_-_265_938
train,xvdvghuj_-_217_663_-_24_725
train,xvgexfea_-_228_691
train,xvic3zat_-_102_782_-_214_710
train,xvj0ybwd_-_397_893
train,xvjr29vy_-_215_540
train,xvm63w5w_-_116_730_-_131_733
train,xvz4uf2j_-_371_588
train,xw1cagi0_-_397_767_-_313_762_-_473_771
train,xw1g5qs2_-_168_567
train,xw2q0yxr_-_245_665
train,xw3mfw9z_-_354_617
train,xw7h8l1t_-_323_621_-_394_661_-_352_665_-_369_670_-_382_666_-_391_666
train,xwa5csv7_-_544_955
train,xwciqw5l_-_86_799_-_68_814
train,xwgbktan_-_155_649
train,xwnuascr_-_520_722
train,xwoda0ik_-_91_895
train,xwtgt47c_-_485_737
train,xwwo3n9v_-_422_926_-_140_803
train,xwy2fum1_-_211_762
train,xx0l2go3_-_283_653
train,xx2pnqe4_-_539_905_-_108_634
train,xx3axbev_-_425_706
train,xx62mosj_-_185_931
train,xx900zyu_-_519_577
train,xx9qzpfd_-_168_864
train,xxa5lv45_-_333_725
train,xxc0iybo_-_272_757
train,xxdp30xa_-_342_783_-_282_777
train,xxgl9b21_-_148_606
train,xxi6f7ki_-_162_716
train,xxpghy6p_-_432_702
train,xxpv8yqp_-_509_924
train,xxshhphb_-_457_993
train,xxurdrfl_-_114_833
train,xxwo888y_-_454_655
train,xy0a9k8l_-_287_796
train,xy0o4flv_-_177_853
train,xy1ud0ms_-_415_728
train,xy2hcqcc_-_89_761
train,xy4uyhuf_-_367_1002
train,xyccnebz_-_103_706
train,xyf9s0tm_-_513_787
train,xyfg5m2w_-_142_849
train,xyfsmjyt_-_78_808
train,xygg1k99_-_519_1059_-_508_1069
train,xyh6oeoa_-_580_863_-_552_857
train,xyhe9a79_-_549_620_-_585_678
train,xyqy8l64_-_277_564
train,xyrwaiei_-_583_896
train,xyw5pos6_-_133_673
train,xyxfewbp_-_148_766
train,xyxu3eti_-_381_895
train,xyy1h6d9_-_339_581
train,xz42m1df_-_269_816
train,xz47rtbc_-_497_796
train,xzcbjzqc_-_311_533
train,xzgfzw8b_-_61_690
train,xzh5pnni_-_190_748
train,xzlyayek_-_536_757
train,xznh9iea_-_582_759
train,xznhmfpl_-_405_610
train,xzo87y67_-_381_644_-_339_651
train,xzp3ul1j_-_236_774
train,xzq3fewb_-_156_755
train,xzvxqiv5_-_449_789
train,y00lbr9j_-_206_672
train,y02xtrzm_-_311_663_-_100_518_-_370_604
train,y032by6i_-_370_623
train,y038w56z_-_486_682
train,y05su217_-_194_944_-_29_852
train,y08syew1_-_285_833_-_287_826_-_279_831
train,y0ecbmmf_-_100_726
train,y0l55r5g_-_311_854
train,y0ngjmf8_-_387_592
train,y0nps20k_-_560_1025
train,y0o3ti3l_-_375_1105
train,y0o8nba3_-_580_689_-_591_699
train,y0pxywq8_-_86_742
train,y0rf8ht8_-_472_650
train,y0uyvgtg_-_100_807
train,y14pmax6_-_342_696_-_339_702
train,y152ewoy_-_178_852
train,y15tvwgs_-_301_861
train,y1derda2_-_221_780
train,y1g3rvjc_-_528_828
train,y1gdgorb_-_229_789_-_261_750
train,y1gwa3dn_-_307_678
train,y1ivkbrp_-_478_753_-_500_722_-_479_727
train,y1t8gi8j_-_595_566
train,y1tbmb29_-_358_1135
train,y1v0l4vb_-_279_637
train,y1xed8ew_-_383_752
train,y1xzuecw_-_187_795
train,y21kviij_-_202_712
train,y23x2n5b_-_238_1001
train,y25dow1h_-_125_692_-_79_677
train,y2674wfu_-_538_697_-_96_779
train,y2b4qp5a_-_273_935
train,y2bzkcg7_-_440_676_-_463_639_-_463_661
train,y2gt483z_-_442_699
train,y2kce61a_-_346_733_-_325_733
train,y2mbeurx_-_440_832
train,y2mbyqlh_-_547_726
train,y2n057y3_-_469_606
train,y2rjfwtb_-_389_720_-_452_708
train,y2zgx44z_-_152_624_-_345_689
train,y342iexb_-_345_874
train,y3bn6ecz_-_188_901
train,y3ishojs_-_238_919
train,y3j0vzxt_-_328_768_-_310_760
train,y3j9zjsa_-_205_1013
train,y3nbrdqv_-_399_697_-_387_690
train,y3ncfeb9_-_251_749
train,y3ovi183_-_333_1202
train,y3qaifex_-_572_554
train,y3yk3zbq_-_224_904
train,y40jc7nb_-_484_636
train,y41sz3ex_-_304_697
train,y41thykk_-_497_868
train,y422crus_-_140_697
train,y428o8cm_-_295_719
train,y42qec7n_-_303_1202_-_325_1244
train,y43skvp1_-_194_756
train,y48j8sr6_-_154_562_-_100_640
train,y48t1cfc_-_231_634_-_196_695
train,y48tk7k3_-_87_759
train,y4aj4qmx_-_163_797
train,y4anjihz_-_314_613_-_355_652
train,y4ep8lam_-_189_653_-_379_657_-_175_660
train,y4gieo7o_-_355_651_-_106_723
train,y4gkqwu8_-_381_879
train,y4ivhsa4_-_74_664_-_346_666
train,y4j267vp_-_213_759
train,y4mjikov_-_384_608_-_15_578
train,y4n5irn7_-_194_700
train,y4o4j2t0_-_222_697
train,y4vb2qq1_-_432_1191
train,y4wrhrje_-_148_769
train,y4zpyxqq_-_186_760
train,y50g54z0_-_456_797
train,y51g6xga_-_523_836
train,y54u4p5t_-_602_800
train,y551n1ya_-_280_800
train,y571d483_-_398_799
train,y5dt6kj1_-_442_672
train,y5edslag_-_329_1127
train,y5jmua94_-_586_954
train,y5mymlfz_-_412_750
train,y5o3y1hg_-_104_700
train,y5phgkkh_-_571_555
train,y5q9jwa7_-_539_793
train,y5sxebhm_-_191_710
train,y5wxc2t0_-_191_764
train,y5y9fczg_-_219_711
train,y5z6h4ry_-_348_628
train,y5zafoti_-_588_916
train,y60ggdrz_-_463_719
train,y65iea79_-_440_915_-_438_912
train,y666vgkd_-_424_760_-_433_761_-_437_743
train,y69dxk9q_-_467_673_-_509_691_-_154_679_-_461_675
train,y6fw4vhy_-_325_714
train,y6jho4ok_-_153_765
train,y6nuv9xi_-_273_847
train,y6obiq3c_-_551_778
train,y6p3nic9_-_436_656
train,y6r0fsp9_-_166_678
train,y6strtj1_-_525_673
train,y6symmyr_-_286_1116
train,y71c0ssd_-_70_601
train,y71m0wng_-_617_734
train,y71o4hal_-_119_737
train,y72b9qmj_-_257_626_-_143_734
train,y76njldu_-_251_744
train,y790d1mb_-_577_842_-_541_855_-_549_836
train,y7ag0t40_-_386_670_-_410_737
train,y7bypjbv_-_505_716_-_513_710_-_508_704
train,y7dsl23r_-_246_990
train,y7e640d7_-_518_827
train,y7fq9yzl_-_573_678_-_423_758
train,y7kglkxm_-_304_898
train,y7t0dvdh_-_286_544
train,y7tmxj8a_-_458_656_-_579_657
train,y7x8zpsm_-_167_622
train,y7yj6jgz_-_564_640
train,y80l9sp3_-_455_725_-_488_724
train,y8189ys7_-_610_667
train,y830g9dk_-_123_865
train,y838bbpt_-_258_630
train,y84kdi1x_-_591_569_-_443_572
train,y85zn7cg_-_183_695
train,y86yfnlj_-_215_1007
train,y89adgpk_-_497_840
train,y8cl9qhp_-_489_850
train,y8du081q_-_341_609_-_53_553_-_288_605
train,y8dzunwx_-_43_515_-_501_571
train,y8f8wv36_-_380_617_-_26_653
train,y8iripdt_-_526_681
train,y8lh94ap_-_566_685
train,y8ni4qj1_-_210_1007_-_245_964
train,y8o078p8_-_154_580
train,y8o468fo_-_435_653_-_348_755
train,y8o8q20l_-_473_742
train,y8o9lv59_-_478_776_-_487_782
train,y8oq3q23_-_133_805
train,y8oseyhv_-_327_672
train,y8p3fout_-_430_778
train,y8q29916_-_223_783
train,y8q4qyh1_-_171_1052
train,y8qa9mwh_-_537_836
train,y8ro2oid_-_585_758
train,y8rsfiih_-_450_870
train,y8ry59z1_-_453_712
train,y8sowzrw_-_383_745_-_403_743_-_392_744
train,y8ttgp2t_-_570_916_-_669_1007_-_616_947_-_523_908
train,y8v16u99_-_264_782
train,y90x5w5v_-_278_674
train,y95hytew_-_477_855
train,y96au02r_-_202_683
train,y982vxub_-_166_811_-_197_809
train,y999yecd_-_587_706
train,y9b2fw33_-_441_785
train,y9bte00i_-_511_713
train,y9hg2f7r_-_600_806_-_598_803
train,y9ktzu08_-_100_786
train,y9ljw3bc_-_306_644_-_459_655
train,y9lor3qa_-_404_707
train,y9m16i9j_-_399_775
train,y9qnrnou_-_387_754
train,y9sywq9o_-_219_775
train,y9vazc65_-_316_896
train,y9vypudo_-_317_786
train,y9w4pei1_-_126_687
train,y9wu90fk_-_474_765
train,y9x4hyud_-_442_651
train,y9xanao0_-_282_850
train,y9zcv51e_-_431_823
train,ya14vru8_-_584_699
train,ya27m45r_-_95_723
train,ya3es333_-_330_701
train,yalbmwip_-_303_757
train,yantyf75_-_304_628
train,yap6tshg_-_221_803
train,yap96rut_-_309_576
train,yaq5najz_-_242_693_-_111_848
train,yaqadfnp_-_520_733
train,yaraj3aa_-_164_657
train,yaxofthk_-_151_890
train,yaxr1qvn_-_300_659_-_246_721
train,ybh4dzt0_-_424_782
train,ybjrtp01_-_573_503
train,ybqw5qz1_-_313_990
train,ybv2fnmp_-_374_798
train,yby5qvgj_-_378_809
train,ybz25grx_-_197_843
train,yc3l8yx1_-_84_674
train,yc5ch7il_-_358_682
train,yc7ji8a0_-_172_815
train,ycbcku0t_-_580_629
train,ycc5vekn_-_456_959
train,yccjfczt_-_394_739_-_417_741
train,ycibq5ew_-_249_921
train,ycjhhmvv_-_323_696
train,ycsocfn8_-_585_685
train,ycvwej2b_-_155_770
train,ycxfiiyr_-_382_782
train,yczbtiu2_-_267_792_-_680_697
train,yd34embm_-_214_800
train,yd55ekl6_-_598_747_-_103_699
train,yd746cj0_-_345_757
train,yd8d27z8_-_119_657_-_372_653
train,ydew17de_-_457_764
train,ydf48hb6_-_148_664
train,ydh0r8gk_-_116_729
train,ydiok672_-_584_829
train,ydm0n308_-_324_798
train,ydqp7xtf_-_85_524
train,ydtaz3j2_-_511_678_-_527_685_-_519_696_-_508_682_-_496_683
train,ydtxb05m_-_379_933
train,yduuzyaz_-_81_682
train,ydwwb33n_-_605_661_-_592_641
train,ydzi0ai4_-_516_849
train,ydzzrnc2_-_447_658_-_476_657
train,ye0kf9d8_-_104_686
train,ye8j9952_-_124_1179
train,yeak1asy_-_555_783
train,yecu8b4b_-_397_779
train,yeeo14zo_-_439_1071
train,yefug6xk_-_150_553
train,yehr4hd2_-_196_795
train,yeickamj_-_329_694
train,yeivgf2t_-_280_764
train,yejujll1_-_375_839
train,yemsjh6z_-_203_809
train,yep22xeq_-_258_713
train,yepmeeee_-_175_797
train,yewxtkws_-_497_752_-_527_743
train,yexx438d_-_187_706
train,yeys2c90_-_482_712
train,yf3v4dpn_-_88_710_-_119_691
train,yf67rxc6_-_322_676
train,yf7gxliz_-_219_548
train,yfd10fpc_-_543_1072
train,yfe7fug4_-_81_671
train,yffrgapo_-_627_553
train,yfh8oerp_-_146_554
train,yfj9d6s3_-_475_890
train,yfnfyty3_-_570_1014
train,yfr00igu_-_148_595
train,yfru8ibz_-_168_621
train,yfswvp9h_-_388_617
train,yftw4rqj_-_378_735
train,yg12471o_-_197_963_-_263_970
train,yg5kn7hr_-_525_755
train,yg6tj4kn_-_639_530
train,yg9h2hbk_-_70_605
train,ygccavgg_-_98_752_-_187_745
train,ygign60b_-_608_679_-_559_681
train,yglqu95t_-_194_914
train,ygnjyj5e_-_398_707
train,ygnpesmu_-_108_787
train,ygpkaja1_-_126_791
train,ygqotjq8_-_212_642
train,ygsl6zq1_-_600_711_-_592_696_-_273_708_-_643_704_-_262_693
train,ygwi8gsk_-_311_692
train,yh1airng_-_321_906
train,yh1gi98a_-_312_900
train,yh35ey61_-_568_603
train,yh4yx0ph_-_558_619
train,yh76x975_-_526_723
train,yh7q2y28_-_554_673
train,yheb6m0x_-_572_900
train,yhfvgvs6_-_590_710
train,yhgkvzeb_-_547_813
train,yhh9n9ga_-_209_753_-_211_744
train,yhiyl3mr_-_114_658
train,yhj7cy4b_-_541_790_-_559_861
train,yhm65j6f_-_349_622
train,yhm70mkd_-_229_626
train,yhm7w8sl_-_295_652
train,yhs4kqc9_-_129_686
train,yhvrlzmo_-_370_726
train,yhyp99oj_-_554_549_-_294_700_-_245_661
train,yhz7we5b_-_174_736
train,yi1442l3_-_537_595_-_288_604
train,yi148uv3_-_250_1122
train,yi2odcuf_-_488_731_-_475_735_-_514_725
train,yi58edoa_-_504_682
train,yi79n7dc_-_231_826
train,yi7of6ii_-_252_648
train,yi9f34dp_-_100_648_-_212_643
train,yiasjl55_-_130_587_-_55_583
train,yic6wiro_-_565_1004
train,yiit6k58_-_236_653
train,yiki44bk_-_321_886
train,yil7vxiy_-_323_839
train,yiod6vt9_-_68_663
train,yip8nadh_-_221_858_-_259_846
train,yivzv6jg_-_136_645
train,yixjz7vm_-_168_863
train,yj1ys31e_-_498_645
train,yj2sf3et_-_589_784
train,yj52npa2_-_172_751
train,yj5iuson_-_525_718
train,yj66z65r_-_208_779
train,yjcboj8z_-_217_726
train,yjd5ic68_-_475_680
train,yjeguxyj_-_184_606
train,yjm7huns_-_55_511
train,yjmga9l5_-_559_861_-_541_790
train,yjo44om7_-_228_648
train,yjorhzqr_-_100_807
train,yjppywj8_-_95_758_-_59_734
train,yjqi324o_-_593_752
train,yjuwoul5_-_252_770
train,yjv7pb3z_-_214_914
train,yjvr1oax_-_316_718
train,yjxasehi_-_552_792
train,ykaw2kmx_-_536_680
train,ykbtxkfa_-_582_553_-_614_543
train,ykbvabbe_-_245_665
train,ykd5koab_-_149_739
train,ykkkwk6o_-_292_762
train,yklptox5_-_286_821
train,yklv1k14_-_599_788_-_8_625
train,ykz69vtk_-_113_682_-_126_682
train,yl0upeyr_-_553_603
train,yl2rmqoa_-_375_696
train,yl5r08dr_-_300_920
train,yl7xx2mp_-_141_792
train,ylblpues_-_268_635_-_259_666_-_260_644
train,ylbpxlcz_-_373_825_-_338_919
train,ylcau7pi_-_430_736
train,ylmbbui1_-_143_637
train,ylo8p62p_-_493_775
train,ylw9ii4v_-_193_737
train,ym312ykp_-_103_758_-_72_731
train,ym7hyyat_-_269_953
train,ymcjekss_-_136_1174
train,ymdcp0rj_-_108_989
train,ymemd7h3_-_243_1007
train,ymjrrb3z_-_249_797
train,yml9urh3_-_126_960
train,ymld80ve_-_377_686
train,ymsko3lu_-_548_778
train,ymu9aukg_-_263_752_-_617_761
train,ymw23gow_-_137_681
train,yn00wtvm_-_165_805
train,yn0xxn3q_-_274_528_-_252_535
train,yn65g2j9_-_225_712
train,yn71xx0z_-_67_708
train,yne7pmvk_-_392_867
train,ynf2pvm2_-_92_689
train,ynga2vbv_-_454_636
train,ynl30v7a_-_475_560_-_594_526_-_645_599
train,ynsnln4h_-_136_1069
train,ynt83gi2_-_349_753
train,ynzcaffo_-_259_674
train,yo3xemhr_-_319_940_-_369_840
train,yo3y0ss7_-_283_630_-_28_569
train,yo44fi2y_-_178_727
train,yoa8iawz_-_168_1102_-_216_1254
train,yobourte_-_541_803
train,yofpeiyv_-_355_786
train,yogoi82z_-_525_949
train,yohc4e76_-_490_663_-_132_676
train,yoil06mw_-_368_605
train,yoj2yi7g_-_546_1064
train,yomy782x_-_211_721_-_554_588
train,yonvafnv_-_378_531
train,yow8whuf_-_138_712
train,yowkjen1_-_349_738
train,yp4vizbc_-_245_746_-_367_956
train,yp97laea_-_344_767
train,ype3g02a_-_82_726_-_482_781
train,ype9vwl8_-_431_636_-_140_650
train,ypm5ar92_-_589_587_-_121_570_-_151_587_-_581_580
train,ypmqgmw5_-_339_802
train,ypmyzwx1_-_323_699
train,ypneiwt5_-_470_686_-_464_705
train,ypow39vr_-_305_700
train,yppka38s_-_542_695_-_565_686
train,ypqgvf9i_-_115_584_-_396_574
train,ypu0pik0_-_229_576
train,ypwq21lq_-_208_700
train,ypyd7b10_-_86_707_-_48_735
train,ypzqvuff_-_519_773
train,yq1t03o0_-_119_713
train,yqaexat7_-_601_640_-_586_630
train,yqdl2cy6_-_534_612
train,yqhmwd2l_-_558_789
train,yqht1fu6_-_519_668
train,yqif24wo_-_189_829
train,yqng5zhi_-_589_812
train,yqru3hys_-_322_826_-_349_828
train,yqs86uxa_-_274_834
train,yqsify96_-_408_670
train,yqte6ey4_-_271_863_-_346_873
train,yqtjddds_-_544_858
train,yqxo217i_-_216_637_-_223_640
train,yqzq0r23_-_263_746
train,yr0wq2o7_-_253_680
train,yr8uxnt1_-_149_658
train,yr95l6rq_-_241_849_-_589_710
train,yraba50y_-_460_636
train,yraoxdng_-_143_1237_-_84_1305
train,yrff791p_-_192_823
train,yrfrsmzh_-_277_695
train,yri8qkie_-_126_1140_-_150_1102
train,yri9ui9h_-_201_753_-_544_819
train,yrj3vd54_-_98_815
train,yrk3skpy_-_281_545
train,yrujdssg_-_225_671_-_578_683
train,yrupu9jf_-_280_804
train,yrz70sh5_-_275_631
train,ys004oiu_-_329_645
train,ys0h1llg_-_571_625_-_273_594
train,ys0vc2iv_-_445_740_-_481_727
train,ys3smhub_-_436_904
train,ys63sem4_-_274_863
train,ys65x7to_-_343_790
train,ys6y2ysz_-_582_663
train,ys71eqo3_-_231_634
train,ys98iwio_-_140_619
train,ysazrv5d_-_389_761_-_393_760_-_388_758
train,ysg44tx8_-_454_715
train,ysgjz6qe_-_585_808
train,ysj0qxk8_-_112_746
train,ysj3znvq_-_368_809
train,yslef1sj_-_451_1072
train,ysrxd2mh_-_206_670
train,ysuzrj0x_-_393_782
train,ysypj9eh_-_129_601
train,yszqovwb_-_304_674
train,yt15bd85_-_121_570_-_589_587_-_151_587_-_581_580
train,yt5nlb0w_-_80_568
train,yt7o3s06_-_443_720
train,yt7rx5uh_-_438_695
train,yt808xdv_-_325_766_-_368_729
train,ytg0mkof_-_113_736_-_528_759
train,ytg98y0o_-_323_868
train,ytgf36x0_-_563_651
train,yti330yo_-_454_667
train,ytiyk3z7_-_107_922
train,ytjdf4i1_-_144_1276
train,ytjf05w3_-_379_710_-_60_595
train,ytjrlikq_-_331_748
train,ytkxaa43_-_335_859
train,ytm9xyvh_-_574_543
train,ytuf2c8d_-_522_820_-_512_626
train,ytvtimut_-_378_824
train,ytx44ho6_-_190_704_-_473_710
train,yu16jzn5_-_484_660
train,yu2i70gx_-_324_689
train,yu43eknq_-_206_724_-_238_730
train,yu4jww93_-_400_1124
train,yu7i6ugh_-_373_763
train,yud2wcqd_-_353_717
train,yuduslv8_-_358_686
train,yuegcupn_-_608_772
train,yun6yw9i_-_377_675
train,yuo8u5js_-_261_796_-_373_954
train,yuq53iso_-_173_827_-_572_786
train,yuqv8l5c_-_153_581
train,yur2u4r5_-_357_693
train,yuuvx2ns_-_374_666_-_374_654
train,yuvydhd5_-_307_860
train,yux53yyy_-_229_715
train,yuyjie8o_-_604_709_-_595_703_-_611_690
train,yv5rss0q_-_72_778
train,yv87x68x_-_351_780
train,yvb1vhap_-_551_841_-_347_667
train,yvfkzkya_-_409_1218
train,yvjtm4a4_-_242_634
train,yvla4004_-_601_643
train,yvmdqf8w_-_241_701
train,yvr6sl3q_-_66_708
train,yvr86xb1_-_368_775
train,yvrky1w0_-_540_676
train,yvse9612_-_320_658
train,yvufa1cd_-_110_646
train,yvxa4pg3_-_403_642
train,yw2qzqr7_-_166_596
train,yw2sitp0_-_514_725_-_475_735_-_488_731
train,yw2u1x6r_-_349_697
train,yw3eo6vb_-_536_759_-_539_744
train,yw5xzuwu_-_128_730
train,yw7aoclr_-_323_701
train,yw9n41ab_-_411_801_-_530_925
train,ywbn7q26_-_580_986_-_368_879
train,ywhb5o9u_-_584_666_-_158_724
train,ywi1ywep_-_115_660
train,ywiq7sms_-_245_809
train,ywkfhm3t_-_424_698_-_389_685
train,ywnqgj5r_-_403_586_-_545_574
train,ywnxcrup_-_614_724_-_376_633
train,ywp7g3w5_-_602_740
train,ywtc4ubx_-_155_797
train,ywu26xv3_-_123_881
train,ywubrckx_-_558_549
train,ywy0jwsr_-_584_941
train,ywzsm5nl_-_389_710
train,yx7i2a75_-_322_868_-_277_831
train,yx7v7l89_-_59_652
train,yxcofrcs_-_428_711
train,yxesc1ta_-_581_955
train,yxfv2m4m_-_244_865
train,yxg6os9l_-_125_758
train,yxgu3agg_-_235_607_-_4_581
train,yxjvbqzu_-_242_760_-_156_856
train,yxmwl5il_-_224_628
train,yxrk654i_-_312_907_-_305_913
train,yxruzr6q_-_288_798
train,yxtbewda_-_340_677
train,yxwodjt1_-_86_879
train,yxx87tlu_-_552_806
train,yy32xauj_-_429_658
train,yy3fixvu_-_72_719
train,yy4czh3b_-_334_759
train,yybz0c9v_-_605_639_-_598_651_-_619_641_-_643_622
train,yye6z72h_-_224_720_-_673_621
train,yyejsa42_-_558_771
train,yyf7hfq2_-_601_612_-_442_640
train,yyfb5icz_-_208_863
train,yyme9ssp_-_378_778
train,yyov9bly_-_347_551
train,yyupa6eh_-_259_686_-_223_676_-_421_674
train,yyw7vgiu_-_579_691
train,yywzp5ji_-_248_752
train,yyxtn8xj_-_196_690
train,yz2tfgcv_-_246_771
train,yz3h0as6_-_444_724_-_409_708
train,yz3qi476_-_232_840
train,yz7o9g5p_-_577_967
train,yz8d180w_-_484_696_-_510_693_-_511_692
train,yz9wozfo_-_496_592
train,yza9ajxm_-_442_700
train,yzakg6zy_-_598_818
train,yzbu3lfa_-_444_667
train,yzfdefkt_-_221_604
train,yzhqj91v_-_434_768
train,yzk3mt6v_-_328_726
train,yzm2ek18_-_436_786
train,yzqk4cat_-_114_736
train,yzqqquma_-_277_829
train,yzut48vj_-_121_791
train,z072o5u9_-_363_911
train,z087cmp8_-_597_851
train,z0emk4am_-_590_761
train,z0f3t9py_-_567_717
train,z0kv17kp_-_498_600
train,z0ndazgl_-_223_929
train,z0svijcs_-_554_853
train,z0u5eppe_-_343_555
train,z0vh4zir_-_345_810
train,z0xa1v0m_-_463_800
train,z11nfibv_-_303_662
train,z13e84zx_-_386_671_-_54_682
train,z160pitz_-_281_683
train,z18x6tu5_-_532_741
train,z19qzbbd_-_296_719
train,z1ebh8n5_-_158_527
train,z1gcv3dj_-_169_829
train,z1kf3ys2_-_307_857
train,z1l8s7ay_-_175_963
train,z1ocsxv5_-_174_692
train,z1rv2wg6_-_161_656
train,z1v6wpzp_-_231_741
train,z1vg56aa_-_291_749
train,z1x1xftf_-_580_762
train,z1xlkwyy_-_486_905
train,z1yq515b_-_84_730
train,z23ac1vo_-_400_610
train,z27oxoq8_-_612_639
train,z2972nf6_-_583_816
train,z2cp4yp7_-_166_861
train,z2fxpx2s_-_585_727_-_550_755
train,z2gaaw9n_-_172_641
train,z2guf82x_-_431_732
train,z2hkkmx1_-_482_751
train,z2lwuew3_-_282_644
train,z2qn3i4q_-_466_695_-_421_710
train,z2qtvzw6_-_178_925_-_123_952
train,z2t817i3_-_414_966
train,z2tgekck_-_189_759
train,z2yxaqcz_-_189_697
train,z2zkr2m8_-_509_777
train,z2zs2upl_-_539_762
train,z31q9ho4_-_65_679
train,z34l1wvt_-_622_568_-_532_561
train,z37f25c9_-_572_733_-_133_561
train,z3azkill_-_328_997
train,z3dqdmkl_-_258_739
train,z3fa2eo6_-_352_726_-_603_828
train,z3fcn0gs_-_179_984
train,z3flczqj_-_307_950_-_438_801
train,z3gt8ebv_-_593_622_-_154_631
train,z3nqk5z0_-_347_751
train,z3o43p90_-_524_814_-_526_828
train,z3qyezn4_-_492_908
train,z3uauuqi_-_541_711
train,z3ztypb3_-_252_597
train,z45diocu_-_109_837_-_119_899
train,z476ohj6_-_539_1196
train,z47k6azv_-_379_679_-_436_691
train,z4d6oc2y_-_357_789
train,z4hpvmkc_-_85_868
train,z4i2cm5l_-_64_638_-_23_742
train,z4kbxj5n_-_269_731
train,z4n45dgp_-_130_754
train,z4nrhpyl_-_469_740_-_452_690
train,z4tt21h7_-_242_909
train,z4u84r3j_-_493_821
train,z4xeajmd_-_522_838
train,z4xxim5k_-_437_737
train,z4zl85zl_-_534_615
train,z4zyy2dn_-_511_559
train,z53pwtyf_-_287_706
train,z54r7lq4_-_589_829
train,z55qs98h_-_406_662
train,z57ddeyi_-_201_666
train,z58ebi7l_-_83_572
train,z58wlk5g_-_164_655
train,z5ad8lhc_-_211_1092
train,z5du08ez_-_167_1080_-_73_1107
train,z5gyl4f5_-_327_780_-_324_776
train,z5ihg3lu_-_403_667
train,z5kx6oxe_-_407_711
train,z5ky9vss_-_567_688
train,z5l0olug_-_410_737_-_386_670
train,z5lvl73f_-_477_688
train,z5pdc50k_-_322_797
train,z5v76mab_-_291_850
train,z5yw6vu3_-_166_801
train,z5zowg7k_-_615_715
train,z634rck6_-_342_879
train,z68xxrfe_-_137_709
train,z6a7qwxy_-_525_681
train,z6ac4vbl_-_288_786_-_292_769
train,z6di0n9f_-_206_797
train,z6elh5td_-_167_612
train,z6iuu4xl_-_115_740
train,z6jvloe2_-_288_665
train,z6kxus0j_-_540_1176
train,z6yyo341_-_274_639
train,z74ft16c_-_276_602
train,z75mr5sw_-_362_812
train,z79hbvhm_-_442_639
train,z7b5wmst_-_550_762
train,z7bbzzel_-_306_749
train,z7h29py4_-_419_780
train,z7n09lgj_-_464_703
train,z7pp8him_-_476_658
train,z82w7i2s_-_562_818
train,z843btud_-_162_783
train,z87tar0c_-_397_651
train,z88ru4i9_-_539_757
train,z88xznd8_-_443_770
train,z8b7qwvo_-_254_692
train,z8ej87dv_-_229_781
train,z8i2vcfx_-_105_670
train,z8nwwyi0_-_151_809
train,z8ohvt7n_-_427_786
train,z8ud87ce_-_579_760
train,z8uw0pa1_-_556_726
train,z97rfuit_-_205_668
train,z97ya0tx_-_404_759
train,z980rzn6_-_593_631
train,z993itgo_-_150_593
train,z9aziunl_-_433_659_-_400_692
train,z9bdwz43_-_349_931
train,z9d50bj8_-_253_613
train,z9d6xfwv_-_401_714
train,z9dqsa35_-_530_650_-_184_669
train,z9iiong6_-_437_711
train,z9lrom7g_-_509_845_-_501_974
train,z9rj9m3y_-_534_763
train,z9s3zagr_-_300_1272
train,z9s5ihr1_-_196_602
train,z9vpz5j9_-_565_841
train,z9xjvs4c_-_553_761
train,z9yd8xcn_-_249_778
train,z9ys87kh_-_437_747
train,za08osaf_-_173_568
train,za0a9s5k_-_290_744
train,za1ptnql_-_125_617
train,za1vtyyg_-_361_844
train,za83od47_-_349_862
train,za8pytdc_-_201_715
train,za947ijh_-_527_729
train,zafvt3p2_-_77_627
train,zahhg0bd_-_301_570
train,zahmhdzy_-_242_862
train,zanahz9c_-_215_712
train,zaniw7ps_-_453_962
train,zapum5p5_-_525_1020
train,zaui69xy_-_164_689
train,zaw0v1rt_-_573_775_-_579_759
train,zay2nucp_-_310_752
train,zb2csa2d_-_243_762
train,zb2rtg4d_-_250_885
train,zb3cmmm4_-_547_805
train,zb3r6a5c_-_187_720
train,zb4s6127_-_602_569
train,zb4xit0t_-_609_504_-_32_530_-_662_694
train,zb6rj0wj_-_345_1004_-_395_939_-_354_1003_-_367_995_-_315_1015
train,zb9l9ukv_-_270_565
train,zbe1dne3_-_398_896
train,zbf7v5g8_-_471_912
train,zbf8pol2_-_303_879
train,zbgoia2k_-_455_859
train,zbiz0m2m_-_507_569
train,zbkcaz5m_-_80_823
train,zbl74h04_-_201_842
train,zblqf4oo_-_337_923_-_318_906
train,zbqabrfh_-_399_672
train,zbuallyh_-_423_857
train,zbx298oh_-_366_642
train,zbz1yrjg_-_342_627
train,zc2ho36b_-_620_587_-_256_563
train,zc3408c2_-_218_1024_-_213_1027_-_263_1051_-_140_995_-_195_1012
train,zc44drcw_-_450_715
train,zc9747mm_-_116_799_-_656_601
train,zcckuske_-_91_631_-_320_644_-_341_604
train,zcd15qbk_-_88_782
train,zcem6i0u_-_436_679
train,zcenkcoi_-_218_742
train,zcg4t4yn_-_97_766
train,zcglfbxr_-_433_722
train,zcgx2svb_-_413_724
train,zciq2aku_-_439_661
train,zcjloj4f_-_227_469
train,zcl2nk0s_-_379_825
train,zclvh2z7_-_547_849
train,zconhtyx_-_395_795_-_371_936
train,zcovo5c5_-_236_695
train,zcr7p368_-_298_960
train,zcr9msmq_-_234_602
train,zcvuiyfs_-_244_656
train,zcwty6y5_-_193_738_-_478_690
train,zcztvr4p_-_59_593
train,zczy40e1_-_303_596_-_299_671
train,zd69f35q_-_541_828
train,zdcia6xo_-_195_719
train,zddns4hq_-_153_818
train,zdfzy53p_-_488_691
train,zdioj50c_-_297_796
train,zdjnn0cz_-_526_630
train,zdo5so4j_-_134_699
train,zdpg3g7r_-_141_884
train,zdqfvrpj_-_611_757
train,zdqhwd4q_-_500_722_-_278_690
train,zdqmmct3_-_587_960
train,zdqntrqc_-_441_527
train,zdvtwft1_-_272_743_-_329_665
train,zdwylipw_-_477_866_-_548_948
train,ze554and_-_102_637
train,ze9h2g8z_-_102_708_-_113_701_-_111_703
train,ze9kop2q_-_411_930_-_433_934_-_410_944
train,ze9t952q_-_304_735
train,zeauh1sr_-_524_747_-_509_690
train,zef5m5hv_-_355_756
train,zefir2a9_-_101_678
train,zeil4exa_-_367_854
train,zejetghw_-_399_705
train,zekj3kuz_-_496_734
train,zen0q3ix_-_467_676
train,zen5cvr8_-_403_747
train,zendmxyb_-_170_687
train,zenlq7ho_-_349_823
train,zetmxwz1_-_527_804
train,zetzlmsv_-_72_671
train,zeyve0ao_-_307_812
train,zf2vnb28_-_545_697
train,zf3afub8_-_552_652_-_26_700
train,zf4kamz5_-_346_824
train,zf57sykp_-_283_733
train,zf7c17um_-_450_784_-_437_803
train,zf8nj64f_-_289_855_-_288_888
train,zf9x57ye_-_246_766
train,zfc6846i_-_596_748
train,zfde066t_-_398_808
train,zff46ydw_-_418_692
train,zffzk4j7_-_156_639
train,zfhcx57e_-_86_664
train,zfhrtw4j_-_305_581
train,zfm64q2l_-_343_710
train,zfnaen7d_-_538_793
train,zfo7qi74_-_478_657
train,zfr9g35q_-_460_729
train,zftfsgtu_-_262_607_-_516_618
train,zfz2x5xz_-_209_760
train,zg0a5tlw_-_224_849
train,zg3jypyq_-_602_665
train,zg5iolp2_-_162_641_-_168_641_-_168_645
train,zg5li39l_-_221_696
train,zg8axs83_-_614_745_-_607_775
train,zga1wcy2_-_599_760_-_604_765_-_614_758
train,zgcw8ny6_-_351_683
train,zgdnfqqk_-_326_701
train,zgnt1luz_-_552_563
train,zgp6jjx0_-_587_770
train,zgpgr7k7_-_493_794
train,zgua9d95_-_348_815
train,zguwpfyw_-_478_837
train,zgvkmrov_-_305_786
train,zh0xl7yn_-_346_873_-_271_863
train,zh2qfn90_-_146_819
train,zh2txv4g_-_95_709
train,zh2ywv5g_-_154_677
train,zh747wrz_-_167_813
train,zh7uagej_-_547_527
train,zh8zzwvq_-_216_912
train,zhakdni1_-_584_711
train,zhbfcxa2_-_452_689
train,zhbscdeu_-_133_858_-_43_824
train,zheomwnl_-_333_1373_-_280_1262
train,zhg62uvz_-_312_669_-_480_768
train,zhhnvuul_-_196_1212_-_259_1192
train,zhhqk4ky_-_176_618
train,zhm79oos_-_414_923_-_424_893
train,zhne6oqc_-_202_724
train,zho6kjyt_-_422_622
train,zhri5i0r_-_276_810
train,zhvggyf5_-_176_645
train,zi4v7f95_-_491_975_-_494_914
train,zi72j3ki_-_195_682_-_608_680
train,zih98d36_-_84_737
train,zihav8e7_-_393_737
train,zikvtf7o_-_467_597_-_483_602
train,zil0t3a6_-_260_702
train,zilvblw2_-_570_634
train,zim0q9gn_-_242_678
train,ziozj826_-_68_611_-_104_620
train,ziz34qqk_-_54_600
train,zj1v13kd_-_368_1042
train,zj30h1xx_-_224_742_-_310_624
train,zj6b35mm_-_350_700_-_347_692_-_364_694
train,zj7tulhj_-_88_647
train,zjash98k_-_145_574
train,zjcduz4m_-_469_817
train,zjchzgzz_-_132_734
train,zjd3p1po_-_290_1109
train,zjepy937_-_558_1125
train,zjso3olz_-_285_895
train,zjsskpvk_-_473_1062
train,zjtc254t_-_64_699
train,zjv1lvxs_-_574_554
train,zjxkii2x_-_507_1032
train,zjytiklb_-_79_679_-_422_637
train,zk0wnzg6_-_231_921
train,zk22c82u_-_323_626
train,zk4t97v9_-_300_820_-_307_817
train,zk5f9tn2_-_529_826
train,zk5vem7h_-_55_601
train,zk6bd0q8_-_96_843_-_661_876
train,zk79o333_-_358_725_-_301_726
train,zk7qj39b_-_315_752_-_299_756_-_311_765
train,zk7tzpeh_-_148_873_-_117_779
train,zk94ja9o_-_576_662_-_144_697
train,zkaz2fti_-_234_529_-_450_521
train,zkcam6z3_-_482_642
train,zkd89qpo_-_259_666_-_578_733
train,zkdsy1eh_-_593_792
train,zkhnl6u5_-_313_643
train,zkjs4mei_-_244_810
train,zkm5e82q_-_472_876
train,zknveb3h_-_367_747
train,zko4wx2a_-_444_1156_-_424_1190
train,zkoa2nta_-_106_749
train,zkqb981p_-_554_667
train,zkynsani_-_65_535
train,zl2guqq8_-_417_834
train,zl3t8dd6_-_471_759_-_161_1020_-_482_759_-_171_1040_-_175_1011
train,zl4t5ha3_-_507_777
train,zl8pcwju_-_198_809_-_472_773
train,zl9h1t33_-_228_809
train,zla2m4ug_-_504_646
train,zlave6gx_-_341_989
train,zlay2a4b_-_340_635
train,zlc20lct_-_120_698
train,zlg3qu6l_-_539_690
train,zlhrdboi_-_126_644
train,zln3ius4_-_203_668_-_235_662
train,zlommi4y_-_180_731
train,zloqyjrm_-_96_835
train,zlq93jnf_-_357_697
train,zlsdxm60_-_553_641_-_104_861
train,zluwdr8v_-_508_684_-_557_620
train,zlxul3nr_-_429_896_-_505_716
train,zlxuo4yj_-_368_637
train,zlyjad8w_-_199_709_-_214_702
train,zlzqi64k_-_441_646
train,zmah40e9_-_274_824
train,zmbzbwpl_-_254_975
train,zmeizf84_-_144_915
train,zmfx8pd2_-_546_648
train,zmg13lgv_-_232_760
train,zmkn0v6c_-_202_680
train,zmmgkgcu_-_590_616
train,zmmjsv18_-_313_751
train,zmwpv0lx_-_445_779
train,zmwsbdxa_-_487_639
train,zn0of64g_-_364_683_-_210_664
train,zn0wrz3z_-_71_762
train,zn2te84n_-_439_756
train,zn3ivggm_-_530_852
train,zn5p3212_-_453_750
train,zn7sp922_-_400_1017
train,zn7zrezn_-_499_778
train,zn8rdbk3_-_211_762
train,znamruhz_-_338_769
train,znazjruh_-_606_721
train,zndbq4co_-_345_632
train,zne0djzm_-_112_681
train,zne3a5ym_-_281_753
train,znhgdkve_-_173_681_-_336_680
train,znjg3ynw_-_503_703_-_655_729
train,znlyo7do_-_577_538
train,znmk047u_-_548_727
train,znqfaop5_-_187_761_-_157_772_-_164_765
train,znrqoo46_-_551_702
train,znrv9ol8_-_368_759_-_602_550
train,znsjxvlj_-_328_682
train,znt6ul1e_-_407_715_-_520_823
train,znxivwem_-_620_646_-_629_633_-_628_635
train,znz20plt_-_484_905_-_527_896
train,zo0vqozu_-_359_723_-_337_663
train,zo2jcqx1_-_494_747
train,zo4is00e_-_194_653
train,zo5ov2xo_-_225_605
train,zo78ufzn_-_470_628_-_168_700
train,zo7auga2_-_387_1072
train,zob4wne9_-_518_703_-_536_701_-_293_676
train,zoblom5m_-_530_817
train,zocwtngy_-_182_1050
train,zoguim3v_-_444_829
train,zoguoq4z_-_537_832
train,zonkg116_-_135_844
train,zoo33qjp_-_274_753
train,zoqox6km_-_180_729
train,zos0arsv_-_444_622
train,zos4n7px_-_494_704
train,zov6lqdv_-_362_915
train,zovnwnbn_-_569_925
train,zowblk3q_-_474_857
train,zowwm58k_-_318_746_-_307_753
train,zoysaqrb_-_264_671
train,zp6kk1w3_-_629_594
train,zp7ym5l9_-_127_652
train,zpd2vrbx_-_361_732
train,zpjwamwv_-_111_662
train,zpk858o6_-_466_976
train,zpki9ebc_-_459_602
train,zpl9vu1t_-_530_765
train,zprglbvt_-_372_1098_-_433_1168
train,zprvnamr_-_304_736
train,zpsswm4v_-_256_1067_-_638_920
train,zpt8srcm_-_276_628
train,zpum51pz_-_310_838
train,zq09zjm1_-_497_815_-_511_842
train,zq25a7kb_-_341_733
train,zq2rn225_-_559_591
train,zq3hq2c8_-_496_577_-_478_582
train,zq5q7pxs_-_302_1191
train,zq7hrash_-_471_1258
train,zq8yg14d_-_607_569_-_133_723_-_161_747_-_206_753_-_158_645
train,zqaukumk_-_460_865
train,zqc3bcd7_-_458_715_-_518_674
train,zqdly21y_-_265_666
train,zqgq9rhf_-_98_834
train,zql4y4m0_-_95_782_-_190_1029
train,zqmznn8m_-_555_826
train,zqp9lbd5_-_226_760_-_192_775_-_268_736_-_279_792_-_252_743
train,zqtpsrhs_-_303_748
train,zqu7ohmu_-_93_640
train,zquxriww_-_577_784
train,zqw7a3oh_-_285_994
train,zqwc38ax_-_212_655
train,zqyc90wx_-_330_811
train,zqyiy12j_-_309_783
train,zqywwwz6_-_401_694_-_390_693
train,zr0uqoo5_-_601_719_-_431_885
train,zr1hw1ma_-_247_699
train,zr3ilqpo_-_140_921
train,zr6jvii5_-_228_710_-_533_711
train,zrbgakzz_-_436_682
train,zrc556fr_-_399_729
train,zrdgb5o4_-_435_805
train,zrdwqjcn_-_222_812
train,zrg6lcgf_-_281_852
train,zrky1cke_-_88_822_-_68_788
train,zrmc75pw_-_527_824
train,zrn4ket3_-_290_917
train,zroyi92n_-_603_808
train,zrpxb5r9_-_95_591
train,zrqe5sc7_-_214_518_-_79_498
train,zrqpj2ek_-_335_690
train,zrrm2j8d_-_464_909
train,zrudxwcd_-_459_966
train,zry7i9l2_-_505_851
train,zrz813a2_-_291_728
train,zs209smk_-_272_902
train,zs4zwk86_-_517_669
train,zs6x5jqg_-_601_734
train,zsbhtd2f_-_323_695
train,zsc2rn0f_-_287_851
train,zsefy9mh_-_434_762
train,zshf8yij_-_373_726
train,zsixkau7_-_428_771
train,zslzsedo_-_408_703
train,zsmr7kyy_-_205_676
train,zsnyu4qu_-_75_743_-_150_841
train,zsodk2iz_-_514_717
train,zsraof8n_-_487_756
train,zssw5u7b_-_275_759
train,zsvqv5gr_-_272_771
train,zt1jya1h_-_449_643
train,zt4easkq_-_174_666
train,zt4h0h56_-_212_772_-_223_774
train,zt763e1h_-_563_877
train,ztgniq1o_-_388_855_-_373_861
train,ztgsm79r_-_263_835
train,ztlfak9y_-_92_845_-_128_802
train,ztlvvp9r_-_386_711
train,zu1nalgm_-_247_885
train,zu1qg8tg_-_263_1051_-_213_1027_-_218_1024_-_140_995_-_195_1012
train,zu2ox407_-_63_705
train,zu3uwaph_-_475_817_-_476_831
train,zu5sjzqk_-_260_685
train,zuaxijqj_-_345_640
train,zufefvt9_-_497_799
train,zuhr8qmm_-_437_720_-_53_739
train,zukgzcnk_-_115_706
train,zunwdnnz_-_120_1084
train,zuq5vhum_-_455_807
train,zurf7wks_-_359_743
train,zuum4ajg_-_437_766
train,zuutse16_-_372_616
train,zuwa05j6_-_189_804_-_515_790
train,zuyxt512_-_170_767
train,zv0corga_-_160_770_-_441_763
train,zv1xt35k_-_89_647_-_482_678
train,zv6je607_-_380_710
train,zv7rmc1t_-_263_1089
train,zvddzdr5_-_240_602
train,zvec52vn_-_595_795
train,zvfi78nu_-_520_823_-_407_715
train,zvg7sn9m_-_445_818
train,zvh0k9qz_-_120_888
train,zvl1ywbb_-_305_974
train,zvo9m25l_-_479_711
train,zvoxdvz4_-_144_719
train,zvqbuosx_-_480_775
train,zvtnzown_-_633_614
train,zvubhzc4_-_416_618
train,zw4yqaeo_-_174_654
train,zw59hqng_-_556_757_-_617_753
train,zw65rz7w_-_481_703
train,zw9e6j62_-_365_662
train,zwbwst2c_-_204_765
train,zwe4qcak_-_356_664
train,zweurrxt_-_256_667
train,zwg4311b_-_397_664
train,zwiy22s9_-_549_604
train,zwkcx5xj_-_110_722_-_88_704
train,zwkfw5wb_-_504_905_-_150_941
train,zwqxbr3n_-_379_836
train,zws3sax2_-_177_667
train,zww1bc8r_-_244_710_-_236_705
train,zww4vdzh_-_401_698
train,zwyh1ddf_-_406_823_-_421_809_-_387_842_-_430_820
train,zwzcq6xp_-_114_785
train,zwzutwut_-_482_623
train,zx0qpfi5_-_410_960_-_380_953
train,zx4jm40i_-_516_1116
train,zx8y8ohm_-_182_787_-_180_804
train,zxfepahf_-_617_692
train,zxm6gzms_-_187_792
train,zxsl94zw_-_266_955
train,zxujlcme_-_381_833
train,zxwxc345_-_445_756
train,zy2jjxne_-_436_719
train,zy4g4o34_-_307_745
train,zy6x7wxr_-_238_1040
train,zybm61sb_-_275_816
train,zydrns8z_-_609_718_-_566_699
train,zyesxom5_-_337_705
train,zyf4igud_-_382_720
train,zyfujnmr_-_525_646
train,zyiumg8l_-_229_605
train,zylu6v5d_-_188_730
train,zyn5jfbo_-_397_722
train,zynr95m0_-_511_604
train,zyp1y6y6_-_629_590
train,zysbruzu_-_237_962
train,zyshrq6r_-_191_763_-_233_804_-_230_816
train,zzfvl36l_-_416_628
train,zzix3wn5_-_272_1048
train,zzk9ife0_-_525_1077
train,zzksypue_-_335_682
train,zzl2uhgh_-_236_623
train,zzl676zr_-_503_830
train,zzmbqsv1_-_400_697
train,zzod5t0m_-_387_793
train,zzp2v7rk_-_536_701_-_293_676_-_518_703
train,zzsli3iy_-_371_668_-_384_693
train,zzt4y2vz_-_108_934
train,zzuita97_-_546_688_-_537_675
val,00e48423_-_321_659
val,00ilfxaa_-_378_718
val,00s8b26q_-_556_932
val,019g7ihu_-_201_714
val,01dglw2t_-_190_899_-_237_855_-_219_882
val,01xp3mng_-_90_571
val,02dccaqr_-_303_767
val,02yxl60c_-_199_941
val,0339i2l0_-_117_874
val,03sjqxqi_-_336_706
val,04amyeo7_-_440_928
val,04kw550c_-_388_712
val,04sfzhh7_-_473_687_-_125_753
val,04syen9f_-_388_651_-_345_777
val,04xnq7ux_-_74_683_-_63_695_-_78_690
val,05azk8nk_-_597_808
val,05btawx5_-_365_770
val,05g07pbo_-_173_625_-_166_657
val,05qde77h_-_183_1086
val,05uu11yd_-_454_742
val,05vsxpix_-_467_807_-_510_701_-_570_720_-_455_784
val,060mxf18_-_191_670
val,067ktf2o_-_469_1128
val,06nqwky2_-_370_743_-_388_721
val,06pq3mpj_-_538_692
val,06te0aka_-_93_689
val,076q1xew_-_575_503
val,07ak8ljq_-_118_766
val,07i61m7t_-_579_525_-_164_598
val,07rr9iqb_-_501_712
val,087777mq_-_297_781
val,08angklv_-_435_723_-_491_727_-_461_757_-_398_727_-_395_717
val,08qgbl62_-_288_731
val,08y6g8av_-_623_595_-_483_502
val,09wxjvo3_-_530_929
val,0ao6xrwq_-_265_969
val,0av3zwx9_-_290_861_-_273_716
val,0c66tjz6_-_388_789
val,0camzxpu_-_525_521_-_520_545
val,0d0opdo7_-_453_736
val,0dfkqlvn_-_392_814_-_624_808_-_420_823_-_635_804_-_366_806
val,0dwrv00o_-_428_834
val,0eh04pls_-_428_669
val,0ekxcnsx_-_267_674_-_651_700
val,0ezgohvg_-_229_712
val,0fagdok0_-_415_694
val,0finzjb5_-_311_733
val,0fs6u51c_-_185_549
val,0fxyj1un_-_161_926
val,0g2x52fd_-_166_743
val,0g4uxmcy_-_393_595
val,0gub9c3v_-_537_681_-_138_658
val,0gvr2dot_-_330_753
val,0h17y1cn_-_490_883
val,0h3yspjs_-_142_798
val,0hyxmbpt_-_381_643
val,0i01isic_-_226_816
val,0i0xi4kd_-_589_781
val,0i8ohg3c_-_417_821
val,0iedyo81_-_359_686
val,0j4fyj6h_-_65_622
val,0jo55fju_-_488_559
val,0khc5oa8_-_324_723
val,0kjxzc1v_-_491_702_-_495_698
val,0km4oxhz_-_427_833
val,0kyx6rlc_-_215_687_-_449_777
val,0lbopdu3_-_469_819
val,0lcce90j_-_361_660
val,0lpliw45_-_591_739
val,0lzz23v8_-_469_753
val,0mhk7ikh_-_106_883_-_64_928
val,0nzqft55_-_267_661
val,0ocfnvu7_-_466_813_-_552_812
val,0os46h8k_-_200_570
val,0p6dgtx3_-_187_622
val,0pa8e490_-_443_853
val,0ph7ffrd_-_273_628
val,0q1czmwj_-_565_603
val,0qhv0yns_-_389_876
val,0r3q9j9d_-_460_815
val,0r7loceq_-_367_689_-_96_688
val,0rl0brcw_-_520_769_-_546_812
val,0rqgk2nd_-_342_726
val,0rxy5a0i_-_616_712
val,0s4mrjzy_-_189_922
val,0scfila2_-_502_781
val,0t7vw81c_-_170_650
val,0tzcbpfx_-_80_750
val,0uxbv9xe_-_558_819
val,0uxzfxn1_-_98_701
val,0vm63x8w_-_447_795
val,0we70d0e_-_283_736
val,0wo40agy_-_126_695
val,0wo8kb0y_-_616_725
val,0wzq7jjd_-_246_693
val,0xejpmkb_-_435_615
val,0xktvojx_-_542_841
val,0xweogzh_-_540_583
val,0y1sczwb_-_212_828
val,0y3mgw7u_-_362_661_-_33_821
val,0y57rpnh_-_452_791_-_69_819
val,0ycpfq7d_-_275_934
val,10bre3u2_-_157_619
val,10c9l7pm_-_115_786
val,11fcxfpc_-_81_736
val,11htv4aq_-_315_937
val,123ctxx9_-_225_777
val,12u0516m_-_192_636_-_339_720
val,12vgohxg_-_606_804_-_634_789
val,12zlwqkt_-_376_705
val,13jug1xq_-_262_592
val,13vxex4w_-_111_822
val,144bghct_-_270_628
val,145h33u7_-_159_736
val,14ri6ml4_-_488_884
val,14sqera2_-_118_831
val,153zslfw_-_512_639_-_574_623
val,157nfajl_-_187_781
val,1608pdhm_-_209_779
val,16d5ptfp_-_513_661
val,16g0bhzt_-_474_648_-_42_530
val,17z3s8qg_-_462_828
val,1813p0dv_-_586_592
val,1835xf8t_-_558_568
val,1850wm40_-_370_751
val,18ev4o4m_-_383_713_-_449_658
val,18rmye43_-_489_622_-_533_530
val,1926m0n1_-_560_667
val,197r5906_-_253_728
val,19a0xh1z_-_416_1019
val,19ab7bvq_-_238_709
val,19zenoch_-_482_714_-_460_829
val,1a5ukt9x_-_356_892
val,1akgects_-_344_811_-_356_812
val,1bfkij0b_-_399_843
val,1bpnfgz6_-_561_740
val,1bueo5wn_-_202_639_-_151_738
val,1buy3t59_-_489_860
val,1bvg8mkb_-_495_1141
val,1c51c0bc_-_277_792
val,1c6p79as_-_263_864
val,1c8jyyio_-_303_901_-_333_786
val,1cnsawmv_-_277_598
val,1cpoxa6c_-_446_805
val,1dj44r0b_-_408_628_-_392_663
val,1dnarsmq_-_491_751
val,1do23r25_-_176_785
val,1e1yygrc_-_523_673_-_112_651
val,1e2exx6o_-_387_804_-_408_807
val,1e873ko7_-_186_775
val,1e8zw611_-_220_744
val,1eekrol7_-_472_1016
val,1ekn26nm_-_190_800_-_499_926_-_470_802
val,1er1qljp_-_140_782
val,1erxkv0a_-_259_757
val,1f1k12fr_-_455_865
val,1f3tmvmx_-_237_605_-_617_594
val,1f3txe96_-_558_1130_-_609_985_-_580_1038_-_561_1043
val,1fir2vtn_-_63_686_-_11_680
val,1g4pp0z7_-_422_876
val,1ghgrmrq_-_483_779_-_525_769
val,1gr6590h_-_361_883
val,1hyjumxk_-_622_622
val,1hzltzps_-_88_700
val,1j8stc95_-_591_621
val,1jjg49mh_-_535_802
val,1k06r7yz_-_299_681
val,1k7cwgjn_-_359_736
val,1kcyltjf_-_513_855
val,1ke55c2r_-_75_730
val,1kl3vwvl_-_197_708
val,1kptyrgg_-_89_689
val,1kwq6yza_-_179_822_-_177_805
val,1lc65p7y_-_407_891
val,1lhlgrn0_-_373_898_-_486_845_-_475_844
val,1mhflq4a_-_257_756
val,1mm7vhzv_-_231_766
val,1mp1mu6m_-_491_731_-_113_769
val,1msy5v1v_-_444_675
val,1nn025gz_-_130_684
val,1nxete0j_-_565_745
val,1o7ezhjw_-_207_762
val,1odds3v6_-_124_770
val,1oelvp8l_-_109_744
val,1omxq15y_-_245_1118
val,1oov2bdy_-_539_667
val,1owl35lf_-_273_680
val,1ptwt50k_-_104_557
val,1rl99fh3_-_603_730_-_615_719_-_596_702
val,1se7ah5s_-_209_618
val,1sl0t768_-_325_696
val,1srjqp1g_-_530_648
val,1t7muzel_-_478_870_-_438_861_-_441_864_-_396_826
val,1tezai3h_-_429_1042
val,1tfidlyp_-_97_849
val,1tq2wx52_-_523_761
val,1u73517t_-_261_764
val,1uj3wq4p_-_620_645
val,1vzryp5c_-_374_897_-_381_887_-_344_883
val,1xagt5tp_-_369_1121
val,1xi6a4mv_-_577_574_-_176_577
val,1xp5mxch_-_335_607
val,1xrlrqsv_-_113_802_-_103_824_-_102_817_-_125_812_-_105_820_-_112_824
val,1xt48fz2_-_88_708
val,1yykvn3n_-_328_721
val,1z9fsu1c_-_194_560
val,1zdbjrrs_-_322_840_-_28_777
val,1znvify5_-_167_642
val,1zsuqube_-_301_673
val,1zumvmr3_-_437_650
val,200iwd7x_-_93_729_-_83_839_-_64_744_-_67_846
val,202w8y15_-_192_649_-_183_663
val,20a8x43b_-_530_712
val,20mq8hax_-_510_779
val,20saz495_-_111_904
val,20wdmo4j_-_399_579_-_481_554
val,20yi0boo_-_634_593_-_597_624
val,214dcufw_-_558_748
val,219r8qo9_-_607_776_-_575_765
val,21c50vo8_-_225_710_-_244_722_-_222_686
val,21e2fh9a_-_468_696
val,220v1ybg_-_313_769
val,222xv0hi_-_295_762
val,22cjtd0p_-_570_712
val,22npg4bi_-_505_737
val,23o1yhun_-_318_575
val,24g1qn1t_-_203_846
val,24tlo6od_-_437_982
val,25du4d34_-_518_757
val,269vd419_-_359_771_-_332_769
val,26ajj9ls_-_470_788
val,26kelszw_-_402_683
val,275h1eag_-_127_729
val,2854mpo9_-_293_707
val,288m48e7_-_325_645
val,28c2jm78_-_486_761
val,28xj0rqc_-_473_621
val,28zicjpl_-_151_724
val,28zvxy8n_-_627_629
val,29sr1w4w_-_541_673
val,29xmnsr7_-_132_715_-_186_837
val,29y3yhxl_-_94_819
val,2afrbh5y_-_556_764
val,2as931fb_-_330_1012
val,2at48yoo_-_485_828
val,2av9rj7u_-_575_681
val,2b00v0me_-_351_653_-_341_664
val,2b6r4n44_-_520_1189
val,2bge4ad5_-_376_629
val,2bpuwrxs_-_347_704
val,2bqvrljs_-_420_749
val,2bslsotk_-_412_849
val,2c3exz1j_-_316_698
val,2c83sgo9_-_231_822_-_202_780
val,2csp2tak_-_214_635_-_625_633
val,2cw3uktm_-_72_662
val,2cy3km1o_-_573_692
val,2d83x0is_-_529_711
val,2ddcqsiw_-_136_935
val,2dgmem3i_-_495_708_-_507_704
val,2dpsw3hw_-_368_686
val,2e3324hx_-_415_737
val,2eg0vlda_-_370_983
val,2f24i4og_-_523_669
val,2faztatg_-_198_678
val,2fn7tv3w_-_291_719
val,2fspulwk_-_544_757_-_546_769
val,2ftxbkfl_-_477_706
val,2fu8dydq_-_426_743
val,2fyer38f_-_598_723_-_605_716_-_568_723
val,2ho28x8t_-_311_526
val,2ho3yl5q_-_165_773
val,2hqq3t33_-_621_685
val,2i2gqg3u_-_154_942_-_360_759
val,2ialu5hx_-_230_1142_-_151_886
val,2inafp7z_-_546_956
val,2iu0wnyv_-_259_734
val,2iw8x5b5_-_376_599_-_415_590
val,2j3e0z93_-_105_995
val,2jp1tr9p_-_274_861
val,2jrn3gl1_-_418_615
val,2jwgjgsz_-_366_759
val,2kpqswj5_-_158_731
val,2laj4azn_-_144_741
val,2lpn4nef_-_523_1123
val,2m7t9rh7_-_368_772
val,2m8ejnjs_-_442_617
val,2mrlftcx_-_92_605
val,2mv7gf0j_-_233_801
val,2n4ieyrg_-_210_736
val,2n86n0cr_-_318_906_-_337_923
val,2nhv576h_-_299_702
val,2npz7qur_-_348_746
val,2ogg1a80_-_240_849
val,2oh4n9lh_-_305_901
val,2p4h7py3_-_130_684_-_446_693
val,2pegrljs_-_433_717
val,2pf34ww4_-_357_809
val,2q4rm76w_-_279_682_-_270_701
val,2q5wdq7r_-_411_860_-_369_814
val,2r0dfhfc_-_147_792
val,2s2xhuuz_-_343_767_-_528_813
val,2s49y59o_-_389_685_-_424_698
val,2sa48lp4_-_324_711_-_282_995
val,2sfivhg6_-_238_762
val,2sgsc0jq_-_291_563
val,2skpal5b_-_476_715
val,2t2bgswc_-_201_801
val,2ts0nsyy_-_422_568
val,2uh32604_-_211_727
val,2urgbnts_-_437_732
val,2uvntfuo_-_410_851
val,2uzqnxcy_-_525_765
val,2vbh55g2_-_603_654
val,2vfrlliv_-_523_745
val,2vg13zle_-_547_743_-_547_754
val,2voju7lu_-_493_768
val,2vthxgog_-_389_598
val,2x2y4w9c_-_416_690
val,2x5i2qgm_-_234_685_-_610_721
val,2xr4gp21_-_218_605
val,2xsvw13g_-_499_572_-_512_552
val,2ya5z4ew_-_195_622_-_208_667_-_240_664_-_219_681
val,2yfreg3m_-_91_879
val,2z53klk5_-_568_729_-_196_602
val,2zk5z2ue_-_604_706_-_304_697
val,2zoqn3tr_-_338_692_-_324_682_-_392_692
val,2zsa9if3_-_343_610_-_369_624
val,304lntvz_-_198_734
val,307jmmy4_-_434_704
val,30bgh7h1_-_507_921_-_506_922
val,30ftq8cu_-_143_717
val,30sjszuy_-_280_737
val,31iuz4ex_-_545_693
val,31ubn27c_-_372_729
val,31vud6w3_-_376_804
val,31x73xwf_-_582_870_-_481_800
val,31z5bhlh_-_607_610
val,325bizxg_-_411_700_-_78_773
val,32xdssg0_-_422_680
val,3344rb77_-_268_729
val,33ir7pvc_-_440_648
val,3435fv4a_-_341_710
val,34pxm8a8_-_209_663
val,351oqxoc_-_279_792_-_226_760_-_192_775_-_268_736_-_252_743
val,36djjo2w_-_383_811
val,36erq27a_-_380_638
val,375t1843_-_249_735
val,37952inz_-_207_775_-_676_720
val,3799k6go_-_344_701
val,37js0pae_-_344_883_-_381_887_-_374_897
val,37lt5bwk_-_489_735
val,37oriibp_-_574_603
val,37tn2k8w_-_385_782
val,37vftu2b_-_424_720
val,38bqudzf_-_135_724
val,390bufoy_-_148_656
val,391oiw41_-_386_673
val,39b2mdgx_-_428_939
val,3a353wai_-_143_679
val,3aji93qp_-_135_579
val,3azzpck4_-_510_762
val,3b7kgbxa_-_147_612
val,3blidzgg_-_542_907
val,3brfbhgt_-_237_892_-_135_805
val,3bzb3m1y_-_597_742
val,3c1lailc_-_402_982_-_671_819
val,3cno875l_-_90_767
val,3ea5lyw2_-_336_651
val,3etdsbxn_-_433_760
val,3f5dymv3_-_390_768
val,3f6rlvtf_-_542_829
val,3fekkmwt_-_443_762
val,3fp6wqwg_-_241_812
val,3frhfpbt_-_444_723_-_463_735
val,3fwbcbhi_-_364_814_-_324_798
val,3gasvxx6_-_369_637
val,3gns74hq_-_290_607
val,3grt2c1h_-_495_616
val,3gwdlttl_-_222_697
val,3gx0k7mq_-_305_836
val,3gy6hjwb_-_166_793
val,3i0afz7y_-_233_761
val,3jivu02b_-_436_776
val,3jpa3bom_-_508_713
val,3jr60c04_-_187_919
val,3jslphlc_-_132_934
val,3kbqctbz_-_174_723
val,3lanxjjb_-_406_1236
val,3ldrjhwc_-_258_708
val,3lreo3no_-_335_572
val,3m5y4u2y_-_508_712
val,3m654byc_-_191_670_-_572_606_-_180_684
val,3meyvi48_-_400_909
val,3n2qr6cv_-_205_645_-_431_651
val,3nceq6o5_-_396_712
val,3nkpshz1_-_193_1547
val,3nmldmee_-_391_839
val,3o1szmcd_-_541_673_-_540_669
val,3ooiuy3c_-_446_663
val,3oq8wlm9_-_372_739
val,3orf7yo3_-_459_550
val,3osj86wl_-_356_710
val,3p9ik7jg_-_509_853
val,3psq5oim_-_391_791_-_0_618
val,3pye5thx_-_342_707
val,3q4xfx2a_-_82_722
val,3qitm5b5_-_122_751
val,3qno9obb_-_521_624
val,3rguotep_-_555_728_-_282_682
val,3rmbz06k_-_171_715
val,3rrtoumf_-_170_633
val,3t41xq83_-_70_781
val,3t5ig0k3_-_368_1008
val,3tfnp9d5_-_347_829
val,3toisbex_-_570_586
val,3u6315vx_-_307_770
val,3uki84gm_-_124_917
val,3uqnlaz4_-_177_667
val,3uvirfn2_-_440_727
val,3v8oiwwg_-_231_627
val,3vq42va8_-_287_612
val,3wb9z0qh_-_436_753
val,3wcmfspn_-_594_549_-_431_596
val,3weu0rgm_-_558_733_-_558_736
val,3wv40b3z_-_259_848
val,3x1sqgbx_-_436_602
val,3x2iydov_-_101_720
val,3xbcdekv_-_220_713
val,3xc9gdpf_-_170_647_-_667_815_-_272_659
val,3xezg8in_-_507_863
val,3xsjpeju_-_87_705
val,3xu2scs0_-_549_1003
val,3y5w79x8_-_520_675
val,3z1oomhk_-_370_895
val,40ccwse4_-_414_622
val,40qjgn1l_-_587_722
val,40xy6to7_-_161_848_-_83_841_-_584_590_-_647_672
val,411aku47_-_571_1004
val,415828fl_-_280_674
val,41f7tf5g_-_413_776
val,41jc5c4g_-_138_1020
val,41ky995f_-_336_934_-_311_954
val,42aaldmd_-_173_739
val,42gz2is2_-_157_736
val,42wdacrx_-_294_632
val,43afreum_-_273_835
val,43figxwo_-_240_708_-_200_682
val,43hbbxz0_-_136_863
val,43k1mpoa_-_369_777_-_345_757
val,43nuoayc_-_313_986_-_272_965
val,43voaij6_-_517_741
val,43y13egw_-_208_692
val,44802or5_-_119_600
val,44f36any_-_382_745
val,44ivsusj_-_180_815
val,45anrjey_-_460_785
val,45brhhdz_-_123_745
val,45cv5ex6_-_359_761
val,46dec9kf_-_520_776
val,46hese3u_-_495_634
val,479lcfi7_-_203_639
val,47ii7tgh_-_126_619
val,47me4ke1_-_548_628
val,47yijals_-_342_717
val,48hhmu1r_-_436_1102_-_451_1054_-_457_945_-_434_1043
val,49376atj_-_532_993
val,49gbgua4_-_384_783
val,49hnhh92_-_246_700
val,49mdylku_-_222_648
val,4aefw78u_-_180_723_-_520_671_-_524_674_-_199_718
val,4agm1yqd_-_337_678
val,4b0o1lgq_-_531_824
val,4b8l021u_-_520_741
val,4be6hbme_-_297_1124
val,4bmbsqnx_-_367_840
val,4c9n8ru8_-_304_721
val,4cgl84qe_-_397_712
val,4cn49nd0_-_290_861
val,4cvdel0u_-_507_764_-_472_770
val,4dj3p6wr_-_604_555
val,4dth56cm_-_203_774
val,4dvdujub_-_139_936
val,4dycqh5m_-_276_871
val,4e5v3vq7_-_309_807
val,4ertd1wl_-_452_771
val,4exuabe3_-_407_857
val,4f4n8flj_-_409_837
val,4fepyite_-_398_712
val,4flp5l4g_-_297_702
val,4fmtbk2r_-_529_608
val,4fovr40s_-_208_729
val,4g2s5umb_-_254_950
val,4gcoparh_-_575_821_-_17_756_-_600_802_-_595_798_-_52_750_-_618_801_-_20_757_-_575_777_-_8_755
val,4gdiu7td_-_400_1153
val,4gkmm2tx_-_560_640
val,4h0gekhu_-_248_634_-_209_640
val,4h4renyu_-_203_932
val,4hh4p7vn_-_146_780
val,4ho1geak_-_487_619
val,4hpfucbd_-_62_677_-_204_726
val,4hxgv033_-_428_580
val,4iklm8l9_-_414_778_-_405_763_-_4_771
val,4io1gl17_-_566_675
val,4jm1874a_-_492_770
val,4jtzc56w_-_416_861
val,4jurxs00_-_526_672
val,4k18enb7_-_364_898
val,4k1zptnx_-_502_557
val,4kk52ovz_-_462_594
val,4kkqhv8v_-_499_612
val,4kuk5y3s_-_585_852_-_575_834
val,4l9sfycp_-_449_864
val,4lett3rl_-_288_1174
val,4lulhnek_-_196_673
val,4lzl7gea_-_577_711
val,4mapa6t5_-_586_583
val,4mb5pniy_-_363_697
val,4mql0ggr_-_140_630
val,4n3jhwqm_-_178_1119_-_137_1189
val,4nsr9pl3_-_466_740_-_468_733
val,4ntscap0_-_187_745_-_98_752
val,4o200j7x_-_138_906
val,4oav9j8g_-_453_578
val,4ocbk2bm_-_245_688
val,4okwvng6_-_497_794
val,4oo3te11_-_343_730
val,4ov3z5vh_-_499_647
val,4ov7neko_-_456_661
val,4p8lb8vy_-_192_822
val,4p8tj89k_-_382_729
val,4psvc4fg_-_109_993
val,4qra01o2_-_85_694
val,4qsrihz1_-_115_719_-_150_711
val,4qzeeqnd_-_213_824_-_170_739
val,4r637xit_-_116_670
val,4r7h5b2y_-_315_880
val,4rer36k3_-_156_664
val,4rwkd1op_-_294_1131
val,4s9acom9_-_138_658_-_537_681
val,4sis8757_-_249_864
val,4t0hgaqa_-_482_720
val,4th9s7c7_-_583_837
val,4tk4j4w9_-_496_683_-_527_685_-_519_696_-_508_682_-_511_678
val,4tl4qdl4_-_198_640
val,4tndx6u4_-_405_880_-_435_917_-_425_912
val,4tss34yq_-_297_1202
val,4ttxnwa2_-_554_636_-_552_640
val,4uc8u3g6_-_298_729
val,4ufflw6k_-_136_664_-_556_685
val,4ulz5bfc_-_153_768
val,4usnu7vx_-_288_707
val,4vqn0muq_-_90_719
val,4wgfn4gn_-_317_859
val,4wqeo37r_-_473_634
val,4x0yqnaz_-_269_711
val,4xlrcigq_-_578_804_-_547_648
val,4xw7mxd8_-_186_604
val,4yf7jzfz_-_399_822
val,4z5cpsu4_-_147_653_-_354_633
val,4zgfkhbk_-_520_1055
val,4zqbmeco_-_434_689_-_77_621
val,50173xl5_-_554_634
val,50cq2gfj_-_550_671
val,50sy0ik4_-_373_545
val,50tt7p0d_-_104_703
val,50zvww04_-_286_859
val,511gpx6w_-_506_788
val,51bznh0u_-_121_1000
val,51h8w7xe_-_511_815
val,51ibwk9p_-_79_800
val,51nmjisc_-_483_602_-_467_597
val,51ukyujt_-_297_1132_-_210_1307_-_262_1319
val,52fq8ldq_-_488_877
val,52jjgkm9_-_423_936_-_538_699
val,52rktmjl_-_79_841
val,52x8kubr_-_603_653
val,5300ddmm_-_428_804
val,5334nm0e_-_537_848
val,534yhtj0_-_500_966
val,53xnnhin_-_480_690_-_447_673_-_415_646
val,54ktnt04_-_64_653
val,54un7065_-_459_653
val,54vt18zh_-_106_768
val,54z8uesh_-_298_733_-_264_705
val,5589bc6e_-_237_807
val,55uyg4fi_-_391_666_-_394_661_-_352_665_-_369_670_-_323_621_-_382_666
val,561ti6gz_-_439_1233
val,56hzbnrh_-_169_758_-_135_666
val,56u9pfgq_-_409_685
val,56wzjfl3_-_586_711
val,577n6i4o_-_97_840
val,57h7n6w7_-_419_771
val,57syglog_-_363_720
val,57xhsqcx_-_561_717_-_291_685
val,587naofw_-_91_771
val,58qop6g3_-_250_624_-_403_578
val,58uaatyb_-_345_699
val,58zog1jf_-_402_803
val,59s4pahh_-_121_653
val,59vpgk0y_-_180_1007
val,5a5m41lg_-_298_718
val,5apft239_-_451_804_-_142_807_-_406_777
val,5aq25fwb_-_272_903_-_197_916
val,5azbkgor_-_82_701_-_29_699_-_41_713
val,5b6kcm9w_-_534_734_-_96_594
val,5bf4sg6d_-_322_702_-_314_712
val,5bg6giqe_-_289_574_-_501_523
val,5cje0nhe_-_395_1220
val,5cnsd5r4_-_513_998
val,5dksqvow_-_458_934
val,5dxvejjt_-_244_834
val,5dyniffo_-_494_751
val,5e8hw8v8_-_525_1263
val,5ebagh2n_-_204_796
val,5f7u9jwl_-_186_821
val,5fg3fdc7_-_521_707
val,5fxslcgz_-_569_720_-_579_719_-_70_737
val,5ge87h9g_-_422_737
val,5gtr04hc_-_112_824
val,5gxfjjaf_-_95_707
val,5i12jsl1_-_156_770
val,5i53broo_-_447_706
val,5i6q9nem_-_522_984
val,5i7kaaxl_-_552_726
val,5i88luif_-_262_968
val,5ic445ol_-_301_690
val,5ic45y3y_-_408_807_-_387_804
val,5ipg6wpv_-_526_843_-_517_888
val,5is9qxux_-_111_1035
val,5j4ijp8a_-_228_724
val,5jejdgmk_-_519_634
val,5jm2sxmh_-_326_900
val,5jn7xnps_-_253_573
val,5k063qgs_-_100_685_-_585_706
val,5k5j6g67_-_329_832
val,5kd89wug_-_309_709
val,5kjegb9x_-_140_719
val,5ljjvq3j_-_368_568
val,5lmtrmmh_-_157_711
val,5m4wa2zi_-_423_581
val,5ml5qq3z_-_584_642
val,5mreioos_-_125_638
val,5naod3p8_-_308_1113_-_564_1147
val,5nu3794w_-_207_761
val,5o6f4yd6_-_334_836
val,5oblpkyd_-_106_841
val,5obraoh9_-_508_935
val,5pgy0cax_-_385_571
val,5pij4lrg_-_273_762
val,5pj39tuj_-_109_713
val,5q44ikxh_-_293_705
val,5q85sn1t_-_406_1120
val,5qn6410g_-_565_659
val,5r0vo5wb_-_479_683
val,5rkew58d_-_88_682_-_322_724
val,5rnyg5f1_-_50_532_-_495_656_-_135_532
val,5swdt5yr_-_166_727
val,5tnq22wg_-_449_636
val,5to9mws2_-_378_759
val,5tubdrup_-_322_863_-_304_862_-_307_861
val,5tvjgkg9_-_327_697
val,5u11f9uy_-_240_750_-_247_740_-_209_721
val,5u9ni3b1_-_400_748
val,5ugvtxcb_-_132_806
val,5v1rxxte_-_514_576
val,5vhwqhsl_-_145_762
val,5vikosi9_-_564_703_-_600_697
val,5vit2yyr_-_269_772
val,5vo86zfb_-_340_667_-_60_648
val,5w7dgluk_-_522_782
val,5woj7pdz_-_559_757
val,5xo34wd4_-_435_780_-_428_805
val,5y330zsg_-_219_854_-_592_934
val,5y6gp7wu_-_427_919
val,5yd0fn1n_-_109_876
val,5ydzzaxe_-_415_720
val,5yuhytlt_-_359_840
val,5yxi6dn7_-_193_755_-_204_728_-_182_735_-_193_731_-_186_762
val,5z6d7qrx_-_427_664_-_614_670
val,5zaclrnj_-_256_1217
val,61eqi4oz_-_336_632
val,61jyp2w2_-_561_723
val,61la8hqo_-_268_961
val,61sj52dz_-_535_649_-_305_610
val,61un81qc_-_555_652_-_572_657
val,61yaqmtu_-_447_698_-_506_781
val,626lt5zb_-_532_807
val,628vxa62_-_92_691
val,62ptprr4_-_231_576
val,63mo3awy_-_459_608
val,63r3ykbg_-_592_664
val,646n8m9u_-_343_660
val,6485pshn_-_224_609_-_223_636
val,64kr8bdw_-_169_713
val,64mczfgk_-_419_734
val,64wrmdxw_-_411_998
val,64wsde2s_-_105_777
val,65uhi7b5_-_488_775_-_492_755
val,660wgvnq_-_324_705
val,663j84lg_-_503_1005_-_626_748
val,666hqa9j_-_457_819
val,666pdp9h_-_517_843
val,66ig77bj_-_214_702
val,66q1k7sb_-_345_894
val,671gvifq_-_262_971
val,679199u5_-_399_774
val,679bubqm_-_245_595
val,67jh7ra3_-_371_729
val,67nvrib6_-_525_563
val,67vivfmn_-_142_889_-_82_817
val,6817c4yb_-_332_665
val,683moihi_-_339_876
val,68bwfv2i_-_100_808
val,68kh44zg_-_163_726
val,68ohtjcp_-_607_777
val,69029kqq_-_633_569
val,691c8hzu_-_184_702
val,69a44pu9_-_487_674_-_525_786
val,69i293ry_-_346_729
val,69vg33c1_-_276_1021
val,69vhhxok_-_488_610
val,6ac58bw4_-_347_684
val,6aee7tys_-_266_687
val,6at2j4fz_-_607_806
val,6b1hk49o_-_568_637
val,6b1waily_-_176_781
val,6bel60gf_-_278_793
val,6bhs5a28_-_534_782
val,6bk06ms7_-_125_621
val,6c2h4qll_-_353_707_-_12_762
val,6c66ux9k_-_169_767_-_211_750_-_277_754
val,6ck76n9e_-_626_644
val,6cos8zt4_-_181_680
val,6csmp8ci_-_109_721
val,6cukx0md_-_256_762
val,6d8ohdn2_-_504_663_-_433_700_-_254_570
val,6dbvmv5v_-_254_701
val,6des1xxe_-_514_711
val,6ek1waoa_-_277_665
val,6erz10wx_-_617_721
val,6fi280i7_-_422_872
val,6fjlucgu_-_216_703
val,6g5zqane_-_209_687_-_651_755
val,6gcl5j04_-_223_743
val,6gm8pajm_-_582_666
val,6hckwi7p_-_262_859
val,6hcndk1z_-_480_1015_-_469_962
val,6hhxc022_-_172_676
val,6hitvmb4_-_508_702
val,6i57k62v_-_324_666
val,6ie4u8dy_-_325_927
val,6ie6lcqf_-_582_601
val,6ipctscq_-_178_1120
val,6jaofz6y_-_557_934
val,6jbpl10l_-_411_794_-_359_806
val,6k273zd5_-_117_622
val,6k48ty70_-_423_920
val,6khn22ff_-_483_813_-_446_845_-_486_794_-_465_838
val,6koa7rlj_-_86_883
val,6lfg9dhs_-_379_663
val,6li0hkt3_-_112_851
val,6lnu8qnd_-_380_867
val,6lvdmdx5_-_305_904
val,6m3xxi0w_-_312_1039_-_147_714
val,6m7j0hkb_-_331_541
val,6md71o12_-_530_942
val,6n602na4_-_166_644
val,6o02of8g_-_231_631
val,6o4ncjob_-_207_736_-_192_725
val,6o60muqv_-_120_723
val,6om6h9u0_-_78_816
val,6oz5z0e7_-_436_625_-_180_656
val,6p4xplga_-_65_721
val,6p9ain95_-_485_750_-_496_727
val,6pe0sjyh_-_279_676
val,6phle946_-_415_689
val,6pusggii_-_278_917
val,6pwubgwx_-_266_854
val,6q1h1fp0_-_103_823
val,6q6b4su5_-_594_635
val,6q786e3z_-_126_707
val,6qjmak1x_-_334_739
val,6qyd9sih_-_213_896
val,6r3hea6o_-_234_981
val,6r7l7hyu_-_127_980
val,6rnvg63o_-_230_816
val,6ryoe5wj_-_519_618
val,6s5iut2q_-_607_784
val,6staddbs_-_444_755
val,6tozxk59_-_178_736
val,6ufp6usw_-_469_643
val,6ulua34r_-_273_638
val,6vjj0k3t_-_149_730
val,6w0e891y_-_544_1167
val,6ww67lkn_-_432_798
val,6x6t5o2e_-_289_687
val,6xdltpv0_-_345_1012
val,6y7su8f1_-_226_684
val,6y8m9vff_-_614_634
val,6yda7zbk_-_225_684
val,6yicuazs_-_85_732
val,6yidwk0c_-_294_586_-_286_579_-_298_586_-_265_588
val,6ytqsogu_-_105_644
val,6z2dsoqz_-_53_577
val,6z7b5nw5_-_140_730_-_235_842
val,6zflxsvl_-_164_678_-_540_694
val,6zq74i2x_-_157_785
val,70ku5dix_-_525_669
val,70n3pqb6_-_580_724
val,70u4d9fr_-_544_756
val,70v0wr6k_-_233_706
val,710l8vo2_-_128_698_-_668_802
val,715hs42o_-_266_729
val,71nnmch9_-_214_777_-_227_791
val,71s0x8er_-_452_734
val,7202y6lb_-_145_821
val,726b4b3h_-_611_694
val,729eal5m_-_349_695
val,72hmt7nh_-_220_1015
val,72nw5cob_-_204_713
val,72w8c658_-_436_763_-_453_762
val,737mo4u2_-_171_625
val,73xecxhh_-_305_833
val,73y93hx9_-_129_772
val,74abufuh_-_129_809
val,74ype3p0_-_435_640
val,75ch4s17_-_252_648
val,75qe5ya8_-_587_913_-_601_889
val,769wimi4_-_434_705
val,76au1khj_-_366_711
val,76ybkt3p_-_392_684
val,77111rnq_-_333_779_-_323_693
val,77e6lovw_-_245_739
val,77zxwvdc_-_507_808
val,78iun6ti_-_335_755
val,78q8fnlh_-_400_784
val,79789c7v_-_262_887_-_271_899
val,7980skl7_-_83_755
val,79afmclh_-_200_632_-_275_669
val,79w23cz5_-_433_1168_-_372_1098
val,7afzq0t0_-_516_714
val,7akellgn_-_79_657
val,7bckezdt_-_465_848
val,7bnwbssg_-_501_806_-_509_809
val,7bo395z2_-_518_749
val,7brr4cyb_-_174_721
val,7bsskiav_-_511_824
val,7cees1ap_-_210_797_-_248_807
val,7cllq3mo_-_413_765_-_300_742_-_116_782
val,7cro9qh8_-_517_844
val,7cta2mei_-_321_788
val,7d08tuod_-_433_956
val,7drqj5b4_-_179_783
val,7dvwwfwa_-_324_859
val,7ecsefbd_-_341_1012
val,7etskb2t_-_203_729
val,7ezlyklv_-_48_536
val,7f0ml2mk_-_215_877_-_221_826_-_176_864
val,7f5x6ag9_-_584_725
val,7f6n64te_-_129_684
val,7fq8d5j0_-_248_759
val,7fqdxj6o_-_542_719
val,7frijulm_-_54_620
val,7fzlz4gq_-_473_580
val,7gbtswdf_-_388_785_-_672_781
val,7goqa2s4_-_507_697_-_189_729
val,7h15bjk8_-_245_964_-_210_1007
val,7hm3i8ds_-_367_859
val,7hrsm2b1_-_165_779
val,7i0hoyja_-_488_646
val,7i89l2po_-_301_721
val,7j6f4v3a_-_160_798
val,7k4olfib_-_185_901
val,7kf82l36_-_511_687
val,7kio5wgu_-_333_1199_-_344_1196
val,7kj7fnwi_-_317_678
val,7ksz5vm9_-_391_839
val,7l26rqdp_-_355_805
val,7l4axkdo_-_112_823
val,7ld0ipib_-_454_639
val,7lnz3q6b_-_207_701
val,7lu4kfge_-_595_667
val,7lzdqddi_-_570_792
val,7mcnrpo2_-_259_669
val,7mj3qu5c_-_243_933
val,7mmvouyj_-_356_802
val,7msgwxj4_-_516_613
val,7mt4shua_-_201_697
val,7n5ax6d8_-_132_749
val,7nlv43lk_-_127_648
val,7npuji54_-_433_701
val,7nuptdmk_-_466_993
val,7nvhrjj2_-_374_1175
val,7oq5wdvr_-_484_741
val,7ouigfc8_-_296_1061
val,7p42100v_-_101_823
val,7pib4wes_-_262_804
val,7pst57kv_-_423_698
val,7pv52inp_-_376_801_-_297_740
val,7pxn844d_-_585_742
val,7pz43cu7_-_214_683
val,7q7d1880_-_637_578_-_634_580
val,7qgkhsgu_-_172_987_-_137_984_-_156_959
val,7qjm8l07_-_168_1049
val,7qpssean_-_342_871
val,7rcvn4hu_-_210_726
val,7rnhtauq_-_381_860
val,7s8qb13c_-_526_602
val,7so3juko_-_237_698_-_232_697
val,7ta49mj3_-_343_819_-_370_842
val,7tnmr15k_-_395_939_-_354_1003_-_345_1004_-_367_995_-_315_1015
val,7ub6rb7v_-_204_763
val,7ucssq8n_-_215_763
val,7uhutuuu_-_175_803_-_167_780
val,7utpd5mq_-_133_774
val,7uvl5dp4_-_346_951
val,7uyo3sjk_-_556_773
val,7vw1ifuk_-_233_727
val,7w48rpq8_-_134_1252
val,7we2is7o_-_406_728_-_179_967
val,7wft4t5p_-_175_582
val,7wjh7yme_-_101_737
val,7x0qlzmx_-_567_722
val,7x6debrf_-_241_764
val,7x8jrl6z_-_546_641
val,7xhsr5be_-_554_537
val,7y0myojn_-_416_646_-_439_635_-_357_623
val,7y0sfisz_-_279_804
val,7y7s1n61_-_321_958_-_347_871
val,7y93df3t_-_93_661
val,7y95wlrm_-_153_892_-_85_805
val,7yngqazj_-_339_754_-_299_761
val,7yrrjbz8_-_414_812
val,7yx6myyk_-_87_746
val,7yx7xm0v_-_406_752
val,7zfnhn41_-_97_714
val,7zlrx0nl_-_301_619_-_594_643
val,7zsief50_-_473_719
val,800cgh4y_-_372_535_-_360_608
val,805u676a_-_511_1042
val,80bqymy0_-_357_658_-_371_747
val,80lcqb63_-_543_743
val,80uqqzdz_-_209_811
val,80widy6n_-_386_690
val,81mzhzre_-_323_787
val,81vy6ume_-_516_687
val,81w8w7ac_-_95_553
val,82ofl603_-_593_728
val,82p968a6_-_591_717
val,82zg8tg9_-_171_790_-_194_766
val,83ay9foc_-_171_1042
val,83oe1r5q_-_380_650
val,844rdknl_-_532_1052
val,84gbrbqw_-_328_786
val,84l6kw4k_-_547_939
val,85gdkr2b_-_160_648
val,85pbxrc0_-_274_813
val,867hnbdr_-_88_743
val,86kg619g_-_401_798
val,86pby5ns_-_165_758
val,87dn3qsx_-_151_826
val,87h856x4_-_139_817
val,8877rmlx_-_220_598
val,888oojf0_-_524_844
val,88cy96r7_-_591_790
val,88wh2ouk_-_252_820
val,891zaso1_-_394_774
val,89aijp9m_-_280_721
val,89gi7bp7_-_571_812
val,89rf9xkn_-_328_810
val,89uglx6t_-_575_730_-_567_761_-_348_721_-_387_733
val,8a6edqrk_-_595_727
val,8ah2rxut_-_448_847
val,8aurkubg_-_131_695
val,8b8z9ycr_-_396_642_-_62_684
val,8b9h7gws_-_290_864
val,8b9m7j8f_-_494_698
val,8bab8zw3_-_555_686
val,8biadpkv_-_382_741
val,8c07okx6_-_473_759
val,8c294hrg_-_133_621
val,8c2kvisn_-_230_931
val,8ch4xscr_-_519_767
val,8cj86d92_-_371_692
val,8cxkb34g_-_96_793
val,8deoxu2d_-_431_777
val,8dki7nw8_-_390_693_-_401_694
val,8dtamkpz_-_182_777_-_525_824
val,8ea8w2fi_-_475_694
val,8eys4722_-_310_714_-_436_664_-_391_737_-_387_652
val,8f8usby5_-_529_680
val,8fg6wxhy_-_96_705
val,8fkkgrws_-_228_629_-_460_629
val,8fr4a8ob_-_492_626
val,8g2rwsh2_-_462_783
val,8g89yme1_-_455_1265
val,8gt1f3hw_-_600_782
val,8hq6rr90_-_609_652_-_608_597_-_591_651_-_589_629_-_606_642_-_598_629
val,8i0daols_-_243_831
val,8j3cf5yu_-_208_688_-_157_779
val,8j898sp3_-_379_765
val,8k1fojqm_-_142_1294
val,8k41kzwm_-_214_1122
val,8k94co10_-_63_623_-_476_565
val,8klw41zh_-_619_637
val,8l3v31x5_-_195_611_-_164_597
val,8l6cn2nm_-_398_760
val,8lipjw2n_-_263_715_-_355_738
val,8lxijepd_-_553_732
val,8m8ouekk_-_161_1020_-_482_759_-_171_1040_-_471_759_-_175_1011
val,8mh1636r_-_475_768
val,8my7flkt_-_177_625
val,8n8zoxuj_-_484_901
val,8o0z847m_-_209_752
val,8o1yv459_-_455_805
val,8o7dw5d1_-_564_812
val,8oipbcxp_-_492_776
val,8oj0nn4i_-_84_575
val,8orpv6x3_-_219_612
val,8pishj23_-_394_580
val,8prxr4nl_-_567_741_-_186_818
val,8qdajxhi_-_208_549
val,8qgosigq_-_518_785_-_228_768
val,8r01y3i4_-_311_753
val,8rhdvwou_-_516_1183
val,8rshwu62_-_316_677
val,8rswrnip_-_115_645
val,8ry5n6ap_-_99_740
val,8s37q4gi_-_506_594
val,8sighhks_-_525_741
val,8t49y3q0_-_549_789
val,8t6dbutp_-_124_983_-_132_1051
val,8t78b8g3_-_245_798
val,8t96cucr_-_203_730
val,8tdddvbf_-_131_824
val,8te5ado7_-_548_1063
val,8ti7vfrr_-_201_708
val,8txp1s4d_-_547_775
val,8u3ef4sg_-_523_857
val,8umd1cuf_-_346_817_-_287_850_-_587_909
val,8uv50fxz_-_572_1025
val,8v2tklfn_-_172_852
val,8vdiehbf_-_123_849
val,8vdnkwvj_-_600_758
val,8w3k9e5o_-_594_795
val,8w96xmvn_-_574_855
val,8xxxe1x8_-_348_687
val,8xyk2e8b_-_487_781_-_486_762
val,8ya4zpsb_-_568_699
val,8yrqet7f_-_463_967
val,8ytxgi8c_-_395_835
val,8z0gruga_-_632_607
val,8zo78i5s_-_362_681
val,9000d06x_-_240_789
val,90o8bg8y_-_341_637
val,90t4iivq_-_311_801
val,91cu26hv_-_438_782
val,91hyltb5_-_484_772
val,91lnpwc0_-_167_708
val,92575hxn_-_75_669_-_440_684
val,92pk89yk_-_174_775
val,93p4nhgy_-_542_760
val,940ij3ky_-_517_592
val,9493lpvg_-_296_703_-_542_716
val,94aiqeva_-_436_755
val,953twkje_-_359_585
val,95qgepx0_-_152_823_-_546_984
val,95rn2931_-_358_840
val,95yjrgm5_-_240_792
val,95yk725o_-_570_720_-_467_807_-_510_701_-_455_784
val,965yo15t_-_222_713
val,96jzx4nj_-_476_966
val,97h4f1uy_-_459_894
val,97x507u9_-_432_729
val,9828d07r_-_281_803
val,98l4137h_-_357_682_-_341_670
val,98nxckh4_-_573_636
val,98tvzmvx_-_362_758
val,98wmdhk1_-_347_765
val,98wzgo2z_-_502_765
val,99o2hvqt_-_620_606_-_437_600
val,9a0ga4ay_-_168_644
val,9aeohr5k_-_495_719
val,9b4sgel4_-_427_711_-_81_638
val,9buxrxcn_-_126_926
val,9bwxn2xp_-_571_547
val,9c2o0con_-_221_593
val,9c7s15ue_-_451_616
val,9cj2dzjz_-_488_1158
val,9d2axc0q_-_189_789_-_182_739
val,9dbwj5mc_-_179_812
val,9dvcuecw_-_283_825
val,9elmay1q_-_317_603
val,9er51ln6_-_88_568_-_115_555_-_147_569_-_144_549
val,9erjirie_-_462_986
val,9fd4l6lq_-_317_768_-_356_735
val,9frqg9p3_-_473_799
val,9fuetfrh_-_287_816
val,9g541xbx_-_309_704
val,9g5epxay_-_97_950
val,9g9pod11_-_406_739_-_379_738_-_307_779
val,9gaw5qw3_-_159_642_-_147_652
val,9gcyxtit_-_414_773
val,9gdcjz4c_-_205_784
val,9h1oo6oy_-_524_813
val,9hjm1xyg_-_282_601
val,9iayaw6j_-_259_722
val,9ie78cjv_-_153_1032
val,9ih84fsf_-_347_943
val,9ikmabbi_-_157_698
val,9j10cx4d_-_172_714
val,9j6xck1t_-_318_638
val,9jpiswab_-_395_994
val,9k6g15x6_-_425_720_-_455_719_-_404_712
val,9kmb44gz_-_175_575
val,9l0w4v7u_-_340_790
val,9lhph1xs_-_479_686
val,9lka96iw_-_108_726_-_76_721
val,9m4xo8bn_-_395_909
val,9my18zto_-_166_603
val,9n2xp310_-_221_731
val,9nyiyda0_-_167_677_-_546_724_-_543_734_-_150_706
val,9o0ae19t_-_469_1135
val,9o36v54r_-_318_821
val,9oachkrq_-_219_702
val,9og5naxb_-_192_713
val,9omjwbkf_-_395_760
val,9omv2d4a_-_203_783
val,9op0nra4_-_282_607
val,9outcfeg_-_467_698
val,9p2zo9l9_-_550_800
val,9pdqcj0v_-_208_701
val,9q2b4eny_-_313_687
val,9q6n4ohe_-_459_658_-_70_671
val,9qacr6p1_-_61_551_-_63_562
val,9qakjq31_-_74_748_-_59_749_-_510_707_-_521_706
val,9qkzirwq_-_127_695
val,9qp1fqtu_-_586_630_-_601_640
val,9qpzs0uc_-_87_588
val,9qyszbg7_-_494_626
val,9rczrjm9_-_379_767
val,9s13wgop_-_188_804
val,9sf8c3nq_-_141_784_-_125_778
val,9spwcpzq_-_322_892
val,9srb6xp3_-_141_794_-_313_956
val,9surhyen_-_401_766
val,9ta6nopx_-_245_686
val,9tp5w026_-_337_842
val,9tt9flql_-_102_932
val,9tw7db5l_-_212_854
val,9u5dsnq7_-_616_582
val,9ve7di6l_-_166_594_-_140_641
val,9vpzubeg_-_342_683
val,9w8ext61_-_485_1121
val,9wcx5k34_-_264_732
val,9wu44qw9_-_138_581
val,9xuto55s_-_430_772
val,9yka9oz6_-_432_700_-_409_686_-_454_655
val,9yrgpk1f_-_516_903_-_445_788
val,9yzpdd7l_-_156_826_-_322_857_-_314_856
val,9z20kwby_-_428_694
val,9zpe8a75_-_243_773_-_53_957
val,9zto3rgd_-_499_850
val,a07ozxmp_-_184_629
val,a0a2snv4_-_482_702
val,a0m6gdhu_-_477_710
val,a0ohz9md_-_301_968
val,a0wll5x5_-_551_662
val,a0x16l1j_-_239_822
val,a14x25n9_-_320_669_-_471_728_-_438_668
val,a1fo99ue_-_270_851
val,a1i5dxls_-_367_786
val,a1vz488t_-_423_641
val,a2e6nfj1_-_381_864_-_242_902
val,a3fnujuk_-_416_747
val,a3q3benz_-_435_639
val,a3q92u6u_-_425_743_-_333_656
val,a40krha6_-_137_734
val,a40ld0uq_-_432_779
val,a4ol3n4l_-_566_1012
val,a4trj8ba_-_468_684
val,a59wwt7a_-_249_744
val,a5nx10iy_-_448_1001
val,a61klcaz_-_110_836
val,a656sh3a_-_126_757
val,a6l93x7v_-_552_843
val,a6t5jdk2_-_406_714
val,a7o8s2y0_-_530_779_-_263_790
val,a7p2fput_-_203_1072
val,a7sbhi45_-_261_1282
val,a857gado_-_609_750
val,a8c0m8gm_-_564_1022
val,a8ijs58z_-_406_703
val,a8kw7c5m_-_233_958
val,a8nbaz4h_-_188_769
val,a8nkbfrp_-_395_766
val,a91tug83_-_531_636
val,a94e89oj_-_517_660
val,a9bzoxaj_-_104_598_-_416_685
val,a9ddb54v_-_450_628
val,a9tcj4bi_-_251_813
val,a9x6v5ss_-_400_898
val,aa004soa_-_227_642_-_85_659
val,aao4b7ew_-_445_863
val,aawodau6_-_103_747
val,abebl2xt_-_194_725
val,abl4ellp_-_116_775
val,abubx0cd_-_76_765
val,abx7ooh5_-_382_538_-_483_520
val,acs3v1u7_-_199_894
val,acwgpl5z_-_433_638_-_390_662
val,adbchwqk_-_171_613
val,adrgeqc4_-_489_677_-_622_675
val,aehazx6b_-_208_660
val,aekeh8kt_-_206_784_-_528_979
val,af8w1oks_-_504_895
val,agdbbqqi_-_307_861_-_304_862_-_322_863
val,ahkhppmq_-_329_643
val,ahqzs326_-_594_550
val,ahvpl0to_-_596_712_-_396_699_-_386_694
val,ai46eber_-_259_736
val,aigfbypp_-_154_804_-_12_761
val,aize1zl2_-_597_694
val,ajdycmv6_-_376_1031
val,ajx8gy56_-_510_672
val,akfh266h_-_583_710_-_589_746_-_564_725
val,aki6402c_-_135_666_-_169_758
val,akmlrdtb_-_415_767
val,al1icg2f_-_260_822
val,al7os2e9_-_102_935
val,alhytzu8_-_351_700_-_379_706
val,alkl4ihc_-_570_714
val,alrd4596_-_165_920
val,am6vxal8_-_533_672
val,am7gg5rz_-_609_724
val,am82eigv_-_437_999
val,amew6b0t_-_85_874
val,amp3853i_-_569_693
val,amph47z3_-_572_579
val,an7p677d_-_242_821
val,ana0t3gn_-_308_803
val,ane90eum_-_245_868
val,anv554ed_-_277_708
val,ao5qoefa_-_285_826_-_75_956
val,ao9ae7gm_-_381_705
val,aol0miea_-_597_729
val,aonl724o_-_193_700
val,aoszlkes_-_538_698
val,ap3c38we_-_435_726
val,ap83da26_-_593_778
val,apllqp1q_-_108_641
val,appkky22_-_229_819_-_250_838
val,apw10qlo_-_405_701
val,aqs58a1p_-_507_1152
val,aqzgvy5a_-_150_619
val,ar62wqla_-_112_640
val,arigezfh_-_360_690
val,ark4ccnj_-_424_1396
val,arwmk18y_-_527_861
val,as20ka7p_-_398_790
val,as3n3q9b_-_160_921
val,asmygpxl_-_253_996_-_265_985
val,asr8ws2y_-_422_745
val,asrg6087_-_499_744_-_565_806
val,aswf0e9y_-_597_750
val,at6nbntc_-_556_790
val,at7fesy9_-_130_882_-_614_751
val,atb30hyb_-_120_983
val,atypw5ga_-_457_734_-_164_589
val,au3exinn_-_525_809
val,au54tki0_-_403_667
val,aun3s2gp_-_100_750
val,aup5zuj7_-_324_579
val,auq7v6nn_-_501_808
val,avhxu93h_-_610_583
val,ax54a46y_-_370_872_-_25_946
val,axcn9f64_-_361_645_-_47_650
val,axnauj4z_-_356_752
val,axvoma38_-_110_1031
val,axwpjd76_-_217_779
val,axxlm683_-_316_1260
val,aye7lbb2_-_542_674
val,ayha09bt_-_479_728_-_269_775_-_305_721
val,ayi7zbcb_-_415_791
val,ayn47q0n_-_447_828_-_477_822
val,aypg5ltq_-_221_846
val,aywbb0qb_-_390_731
val,aze9f7z9_-_184_736
val,azftbuio_-_512_956
val,azu3sa1m_-_129_614
val,b00k375f_-_406_735
val,b02kdi6o_-_124_932
val,b0fhtniw_-_591_657
val,b0ft7g2i_-_577_831
val,b0ikkj23_-_152_760_-_547_699
val,b0ixn4ry_-_506_723
val,b0sd5bz2_-_469_813
val,b0v22t4r_-_107_845
val,b0wjxoju_-_563_1125
val,b0z04r02_-_292_660
val,b0z3ni6w_-_494_672
val,b18lupr5_-_129_670
val,b1cnnrtq_-_549_823
val,b1fup7cw_-_199_662
val,b1ryzkqf_-_260_779
val,b1ubn5ke_-_469_664
val,b2it4yqo_-_491_822
val,b2t8yc1u_-_176_726
val,b30hyz2i_-_445_727
val,b32p0u1y_-_557_725_-_561_730
val,b3fv336i_-_586_773
val,b3ggzkka_-_368_1252
val,b3uv1cn6_-_493_711
val,b5hgixku_-_283_727
val,b5sia8uw_-_480_658
val,b5siltq4_-_221_720
val,b5yxaeaa_-_309_847_-_385_741
val,b6i3ax6p_-_597_658
val,b6i8it08_-_464_581_-_448_592_-_456_590
val,b6plff5b_-_211_587
val,b771f6ac_-_371_658
val,b7noe5y1_-_426_722
val,b7s8fyox_-_527_1254
val,b80mt3ry_-_164_598
val,b95bocrr_-_509_850
val,b9trzzmr_-_434_689
val,ba2bfg9g_-_207_821
val,bal1xk5t_-_311_720
val,bbngorhy_-_479_680
val,bbv37go5_-_356_648_-_336_683
val,bc495183_-_199_752
val,bca91v8l_-_107_953_-_611_583
val,bcm283vo_-_88_833
val,bcqb5rqm_-_440_760
val,bcu8kas4_-_352_793
val,bcwj6beo_-_338_800
val,bdet05n9_-_504_818
val,bdmvdduq_-_295_558
val,bdoqsnp2_-_534_644
val,bdr4hvio_-_249_830
val,bdw7l5xk_-_144_797
val,bdyc7ou3_-_580_619
val,benu8im9_-_554_1009
val,bf6dgtz4_-_376_822
val,bfg97etz_-_458_582
val,bfla4vma_-_432_580_-_227_572_-_438_656
val,bfyx3mva_-_517_845
val,bgrjb3h7_-_170_824
val,bgsuqy15_-_157_655
val,bgtrmatu_-_310_760_-_328_768
val,bh386qbb_-_302_813
val,bhiy06uv_-_491_644_-_282_839_-_162_746
val,bhm37yv0_-_483_755
val,bhtae9y7_-_252_732
val,biawv5ir_-_181_617
val,bigc7iaj_-_484_768
val,bigxe6m9_-_90_626
val,bj8954ot_-_376_768
val,bjeo2r2d_-_458_798
val,bjk0eegv_-_558_838
val,bjq4wss8_-_318_676
val,bkiia9mf_-_279_699
val,bkwklui7_-_504_966_-_524_990
val,bkx2kskd_-_160_741
val,bl9s1din_-_44_576
val,bmp546aj_-_244_753
val,bmu7id54_-_163_756
val,bn764p7h_-_352_745
val,bnal7e0h_-_313_677
val,bnk8rdev_-_112_675
val,bnt92hua_-_604_573
val,bnu68m7i_-_537_701_-_148_703
val,bo657cfh_-_239_704
val,boac548w_-_284_691_-_291_717
val,bofxe766_-_205_891
val,bopmjlxa_-_358_705
val,bp5bkpzc_-_111_659
val,bp78bncm_-_565_827
val,bphidh7i_-_474_878_-_443_869
val,bpx1m3te_-_249_676
val,bpxuwqac_-_141_848
val,bpz6uavo_-_517_810
val,bqobg401_-_252_674_-_256_683
val,bqxs9391_-_70_686_-_80_693
val,brklgkx4_-_322_823
val,brzpmmp7_-_518_855
val,bt5u3waz_-_248_808_-_432_678
val,bt753o5p_-_154_948
val,btfldhnw_-_242_617_-_500_625
val,btiu43qw_-_345_740
val,btpkhvox_-_557_741_-_560_741
val,btvjukme_-_311_559_-_485_564
val,bu66514i_-_287_578
val,bunmcx65_-_160_1254
val,buxu7jm7_-_121_1103
val,buzjbheb_-_364_769
val,bv8c0i9p_-_195_848
val,bval08mh_-_519_585
val,bvfh0wry_-_452_746
val,bvrc87bq_-_378_769_-_91_698
val,bw07hrbv_-_366_593
val,bwext4i9_-_253_641
val,bwg03odz_-_476_757_-_488_724
val,bwk663fn_-_208_823
val,bx3r678z_-_203_812
val,bxqzkizz_-_111_726_-_353_690
val,by6q5cl7_-_69_763
val,by8feux8_-_529_599
val,byjzyfrb_-_275_1006_-_284_895
val,bz0dp51f_-_485_787
val,bz313yuo_-_304_797
val,bz8y45qc_-_209_706
val,bzihbs7w_-_105_680
val,bzki3urm_-_338_715
val,c0mejevs_-_225_728
val,c15ttz3s_-_116_760
val,c1blldxo_-_333_671
val,c2fywhqx_-_170_797
val,c2ozat54_-_444_663
val,c34w1nys_-_386_759
val,c406rz52_-_598_617
val,c45yt68h_-_127_621
val,c47j8ef6_-_240_701
val,c4lcq9ef_-_43_574
val,c4ltm4mk_-_623_540
val,c4mqdnur_-_505_895
val,c4muoh7c_-_490_894
val,c4pziq0c_-_457_978
val,c4z6els1_-_636_584_-_16_670_-_401_583
val,c5acfq3v_-_449_774
val,c5e3zy8z_-_403_1053
val,c5ivuhhb_-_442_804
val,c5kecw3t_-_163_589
val,c5o6t30a_-_415_1169
val,c5s0tsea_-_352_759_-_283_663
val,c5wqf7ts_-_477_680
val,c68po9fy_-_227_950_-_256_966
val,c6ggaj4b_-_589_844
val,c6yfk5f9_-_505_727
val,c73y6tnu_-_579_667
val,c754ews5_-_399_838
val,c7r6e4d1_-_270_739_-_262_741
val,c7tacgmx_-_155_680
val,c8f36wyr_-_247_709
val,c8f8jdl0_-_229_1038
val,c9inhckc_-_243_588
val,c9qomyov_-_511_1021
val,ca6432ny_-_575_660
val,cag9145a_-_315_618
val,capkpfi0_-_245_616
val,caq7220z_-_488_665
val,catxxcj1_-_89_888
val,cb1mcs9u_-_353_737
val,cb34vhin_-_352_628
val,cbfo2ob7_-_99_674
val,cc9zla6f_-_298_854_-_282_864
val,ccosbmbq_-_308_717
val,cd6xj17c_-_101_570
val,cd78452h_-_608_711
val,ceeckog2_-_503_800
val,cf11ch1r_-_617_594_-_237_605
val,cf82vzt1_-_259_641
val,cf8o0au0_-_325_822
val,cftsogcv_-_506_565
val,cfxzxxj3_-_452_805_-_348_893_-_429_802
val,cg6c3fkk_-_349_707
val,ch8dskjt_-_488_744
val,chechqwf_-_97_683_-_243_614_-_142_543
val,chumdpb3_-_320_684
val,ci4dvzdc_-_378_767_-_351_739
val,cin1h1yz_-_379_724
val,ciocfhes_-_443_687_-_593_680
val,cioh6u5o_-_317_866_-_342_859_-_298_858
val,civwlnyf_-_283_663_-_352_759
val,cjdybtw3_-_239_759_-_232_811
val,ck4nichg_-_141_634
val,ckbfav23_-_281_554_-_469_504
val,ckhj8cbd_-_102_686_-_47_689
val,ckn5pey9_-_297_783
val,ckqtrjp1_-_105_760_-_417_725
val,ckrxzt2h_-_202_780_-_231_822
val,cl1r8jwg_-_479_775
val,cl54qnyv_-_264_1241
val,cl66i386_-_589_776
val,clb166ty_-_495_639_-_297_624_-_508_651
val,clezaoy7_-_399_1074_-_619_1364
val,cllh23qx_-_377_980
val,clo510xm_-_199_636
val,clobftz3_-_285_1045
val,cm14dfgq_-_276_871
val,cm8l06nj_-_379_770
val,cmewy2c3_-_520_1018_-_514_1027
val,cmgsvv0v_-_367_776
val,cn70iuph_-_250_962_-_367_878
val,cnwgmmfz_-_345_575
val,cnznfwvs_-_328_726
val,cohfef6i_-_431_823
val,coj81xrz_-_78_830
val,cosk2ylm_-_217_853_-_223_842
val,cph8zxs8_-_303_656
val,cpwzqj4z_-_392_744_-_383_745_-_403_743
val,cqj3601p_-_428_688
val,cqsyu5tl_-_561_613
val,cquo8nep_-_297_580
val,cr9b359s_-_126_841_-_253_986
val,crafl0yv_-_117_713
val,crf4ow99_-_578_784_-_169_669
val,crjl2okw_-_326_702
val,crjtjvg7_-_113_673
val,crmaoj66_-_499_693_-_524_709
val,csp1ygpf_-_370_577
val,csx36ztv_-_573_567_-_133_569
val,cte30m6u_-_293_972
val,ctrhupcm_-_276_745
val,cu0wd2tw_-_531_647
val,cuu91rvo_-_215_712
val,cuv78jo2_-_204_728_-_193_755_-_182_735_-_193_731_-_186_762
val,cux4klur_-_304_629
val,cuyle94i_-_182_682
val,cw6pon8n_-_365_618
val,cwuj2nvz_-_283_849
val,cwwbypzp_-_216_734
val,cxltttm1_-_227_543_-_219_565_-_328_578
val,cxzbwngk_-_417_962
val,cy77pinh_-_525_787
val,cyuzdyyf_-_175_777
val,czgt0zuf_-_386_882
val,czqc8kwc_-_438_866
val,d0605t2k_-_279_714
val,d0dyjb3m_-_278_628
val,d0ku0nkq_-_167_742_-_210_847
val,d0o7bs5y_-_524_783
val,d0pj3f4e_-_480_738
val,d0yhs183_-_605_686
val,d1b4dzmh_-_512_884
val,d1ms7nal_-_365_911
val,d1wlubnq_-_464_920
val,d20t72r2_-_303_741
val,d37dorg9_-_113_665
val,d3wlsbz5_-_558_737
val,d420wtel_-_86_709_-_216_670
val,d4603d8p_-_428_545_-_227_612
val,d4wrg04l_-_426_985
val,d4z41ee0_-_88_617_-_392_588
val,d51plit7_-_608_594
val,d54p5fd2_-_380_1155
val,d57qnpav_-_47_582
val,d5u208nl_-_415_795
val,d5ugyeyo_-_210_683
val,d5vpy4sj_-_314_780
val,d5zti4jc_-_211_578
val,d604guj0_-_154_950_-_133_964_-_206_940_-_622_1005_-_179_943_-_674_1036
val,d6433k1j_-_466_684_-_113_684
val,d6ls1gco_-_483_783
val,d6rk0frv_-_96_890_-_93_790
val,d7wvlo3v_-_570_532
val,d7y41x6c_-_357_1027
val,d8cx1i1y_-_332_868
val,d92elv0k_-_440_762
val,d9bqdko2_-_122_728_-_85_724
val,d9skhgps_-_106_1011
val,da8kscsd_-_175_748_-_195_748
val,dacsufzq_-_173_773
val,damhpefu_-_117_677
val,daym3qmu_-_548_566
val,dbairnqo_-_226_692
val,dbksolec_-_260_713
val,dblb5u5v_-_476_843_-_478_819_-_486_842
val,dbr9skcw_-_99_847
val,dc07vdeq_-_364_694_-_347_692_-_350_700
val,dc4jhcaq_-_326_855
val,dcb5bg71_-_445_1036
val,dcr8pqk8_-_495_941
val,dcsm0q14_-_328_577
val,dd1nedll_-_122_941
val,ddeandkt_-_466_1203
val,ddfk6ghy_-_111_618
val,decpetzv_-_313_794
val,dephh95y_-_592_647
val,dew7q34g_-_324_682_-_338_692_-_392_692
val,df2nklvw_-_159_778
val,dfw23iqb_-_524_760
val,dg75apyj_-_293_1163
val,dggp03sw_-_591_658_-_561_662
val,dgmx3j82_-_585_764
val,dh1n4lkq_-_404_712_-_455_719_-_425_720
val,dh73bxg2_-_301_717
val,dh79wr4q_-_432_841
val,dhe6qi0v_-_109_557
val,dhfp0rza_-_197_715
val,dhw89e5z_-_346_771
val,dijqbq9q_-_207_835
val,dinl17hy_-_83_830_-_117_830_-_94_863
val,div0j1x5_-_313_853
val,djdkdrsi_-_559_729
val,djo892bt_-_431_696
val,djpfpbem_-_117_821
val,djy8jux6_-_322_927
val,dk3824mz_-_578_808
val,dkdpq7k8_-_63_682
val,dm2j0vpw_-_488_649
val,dmtr2am6_-_514_739
val,dn79xve7_-_424_934_-_377_901
val,dn7zu0av_-_593_758
val,dna41cks_-_270_707
val,do2eheg8_-_91_835
val,do3kr5b4_-_555_667
val,doh3sw1c_-_274_727_-_633_732
val,doipptwd_-_322_641
val,dp4ssywk_-_436_664_-_310_714_-_391_737_-_387_652
val,dpcj0ah3_-_110_742
val,dpqq1nze_-_258_779
val,dqbwgmre_-_322_682
val,dr4y47hl_-_182_920
val,dr62il27_-_325_1232
val,drge94um_-_221_749
val,dt817mmi_-_196_1020
val,dt8brb2q_-_591_844_-_607_840_-_614_744_-_647_733
val,dth7vga1_-_82_763_-_86_771
val,dtnihpk5_-_221_848
val,dtqjc52i_-_240_868
val,dtsplext_-_189_804
val,duu5amj7_-_97_713
val,duzhbhur_-_111_879
val,dv2nhzja_-_192_658
val,dvcbr8tu_-_259_859
val,dvj34hhu_-_359_738
val,dvm4atsz_-_223_710
val,dwcm77zs_-_542_793
val,dwf589ih_-_453_668
val,dwl6yth6_-_561_962_-_562_978_-_561_962
val,dwmu33m0_-_74_715
val,dy46oti7_-_272_967
val,dyq89wed_-_223_739
val,dyrwektm_-_327_706_-_647_721
val,dz5sy0fa_-_258_822
val,dzrc6qcn_-_97_977
val,e0qw1odk_-_237_754
val,e1dueprn_-_260_689
val,e1nxseiy_-_314_793_-_317_836
val,e1t7ekiq_-_531_993
val,e1wiwdxp_-_480_761
val,e248y59b_-_161_664_-_155_779
val,e2akq3nf_-_592_610
val,e2b4dpha_-_185_830
val,e2f1224j_-_164_767
val,e36prmp8_-_95_585
val,e38yvigm_-_472_682
val,e3fkatgc_-_178_598_-_154_607
val,e3vac4tm_-_522_635
val,e3zg8k49_-_488_787
val,e4g9prxx_-_397_704
val,e4lqdndy_-_104_686
val,e4y8uvsk_-_572_798
val,e54d4cft_-_381_702
val,e5d2snsv_-_334_789
val,e5vk3ghh_-_325_632
val,e6bx7xtm_-_474_839
val,e6cv17bc_-_295_749
val,e6jvnpaj_-_333_684
val,e6s8qysp_-_570_701_-_591_663
val,e6zl9ulm_-_194_615
val,e75ytpjn_-_435_718
val,e8jwltmu_-_346_666
val,e8kwqgth_-_475_760
val,e8l9jn1f_-_382_830
val,e92lsgi1_-_91_741_-_91_750_-_407_742_-_360_736_-_90_746
val,e9bkahah_-_249_786
val,ea0diaqx_-_428_761
val,ea2v0e9r_-_269_813_-_292_759_-_293_751_-_77_722
val,eb7xfvuc_-_479_715
val,ebdju1wu_-_287_722
val,ebiddkuo_-_565_796
val,ebq2anjo_-_278_642
val,ebstjycx_-_313_898_-_337_938_-_343_932_-_346_913_-_328_909_-_320_899
val,ebygjpe1_-_85_616_-_217_588
val,ec6xnil6_-_323_749
val,ecd81xeo_-_68_722
val,ecr1lgc2_-_160_594
val,ecsxgsnr_-_577_627
val,ect1f5up_-_245_712
val,ecwvyvbc_-_389_1061
val,edpfz5jr_-_448_748
val,eds2ia89_-_610_721_-_234_685
val,edv2uovq_-_298_986
val,eeefkv9w_-_140_753
val,eefeswu8_-_172_714
val,eekdhuc8_-_284_868
val,efcr18w7_-_459_598
val,efyc4te3_-_278_761_-_569_618
val,eh1a9d81_-_500_625_-_242_617
val,ehz97z0j_-_272_965_-_313_986
val,ei8qwzr1_-_382_707
val,eifmmr3d_-_100_640_-_154_562
val,eilsvsi6_-_550_828
val,eiokvq2i_-_565_693
val,ekoolzp4_-_452_674
val,ele7u3a7_-_439_630
val,elfx4va6_-_486_745
val,emaatxer_-_133_561_-_572_733
val,emxssbi0_-_176_702_-_184_707
val,emyolt2v_-_141_965
val,en0pcax9_-_519_820
val,en1dnztw_-_496_501
val,en1wb90z_-_321_856_-_343_892
val,en2xvaod_-_98_719
val,enww4gnm_-_316_674
val,eon8c15y_-_401_754
val,eoobrgbm_-_347_695
val,eoq1sc6n_-_500_480
val,eown3xq1_-_263_807
val,eowr8wcz_-_283_786
val,eoxcoid6_-_352_772
val,ep3w4zex_-_392_748
val,epj2emiv_-_205_672
val,epjrb5qo_-_456_633
val,epoblpnw_-_612_734
val,eq0bdinu_-_404_833
val,eqdfoy34_-_198_613
val,eqgk305s_-_504_854
val,eqskco86_-_138_740
val,eqvcz9wa_-_100_721
val,er5kveow_-_161_757
val,er6xby9l_-_421_742
val,erv551e4_-_529_714
val,eryie4lh_-_493_1016
val,esg2415g_-_318_747
val,esj46api_-_186_852_-_189_854
val,et3cv7o3_-_353_695
val,etzba0md_-_454_885
val,etzlzfii_-_136_761_-_138_764_-_124_797
val,eu17vbwa_-_477_723
val,eu6gj5bz_-_603_626
val,eu6te4p8_-_603_726_-_464_1065_-_520_1153
val,eu7a90yw_-_480_767
val,eugnt7yi_-_524_565
val,eunscp0e_-_275_689_-_413_693
val,euyvpd9g_-_273_813
val,evc9h01b_-_614_486
val,evcjq1y0_-_141_690_-_142_696
val,eveuww3p_-_169_722
val,evgfe1rv_-_108_656_-_151_658_-_132_672_-_365_701_-_339_678_-_357_686
val,evh9pbl4_-_514_700_-_12_638
val,ew1255fq_-_357_667_-_644_682
val,ew4ahdf1_-_227_682
val,ewe5pvd6_-_528_780_-_532_789
val,eweji4nh_-_497_741
val,ewkd5w2z_-_200_658
val,ex4wa5ua_-_122_638
val,ex8lotkw_-_296_883
val,exdu3ay1_-_431_751_-_13_779
val,exr2syy8_-_73_765
val,exvpd0ul_-_125_767
val,ey8wchq7_-_314_831_-_599_798
val,eybrwg4u_-_480_1054
val,eyrugnlw_-_517_703_-_31_781_-_33_764_-_524_705
val,ezsr922y_-_142_807_-_451_804_-_406_777
val,f01tvhgz_-_454_661
val,f0ck32l3_-_163_656
val,f0h9d85f_-_473_781_-_73_696
val,f0p9tfvw_-_228_738
val,f0s1b6pp_-_261_826
val,f23vg8ps_-_403_842_-_371_826
val,f2zewffo_-_576_849
val,f3bje0bl_-_548_648
val,f3i7ija7_-_60_590
val,f3si2mi0_-_607_655
val,f3tj2vm6_-_318_980
val,f40k4r2u_-_161_645
val,f4ibnh03_-_332_824
val,f5hgzyif_-_224_652
val,f5o5uptt_-_260_1036
val,f5xs70kk_-_505_642
val,f5zeox7h_-_265_588_-_294_586_-_286_579_-_298_586
val,f614jc7v_-_163_843
val,f640u1fq_-_270_657
val,f6lkekru_-_466_793_-_229_794_-_481_780
val,f6w9c2pj_-_164_935
val,f704fbns_-_167_730
val,f7bi73gw_-_377_687
val,f8c6k0el_-_476_808
val,f8fy646q_-_131_1089
val,f8h06tnq_-_514_542
val,f8wu6myf_-_196_737
val,f923jsnk_-_209_716
val,f9mxmp06_-_609_677
val,fa2w6xbe_-_534_736
val,fag5vx3n_-_191_663
val,falaigk1_-_465_697
val,fb98ljf1_-_212_738_-_204_756
val,fbonrpxh_-_297_730
val,fbzosir1_-_563_595
val,fc265xd3_-_447_646
val,fcecrw28_-_147_846
val,fcksvws5_-_251_724
val,fcr7d5tc_-_281_656
val,fcsraqu4_-_68_666_-_110_750
val,fd58ko1e_-_64_685
val,fdc42hs8_-_181_786_-_555_599
val,fdl30fc1_-_340_903
val,fduqcd15_-_247_883_-_295_886
val,fdv67joe_-_65_660
val,fednyqkp_-_97_733_-_330_692_-_317_707_-_98_736_-_362_697
val,fel7pgx7_-_202_938
val,fep2fq1j_-_553_719
val,ferg6xgj_-_323_828
val,fey3xxgc_-_433_938
val,ff39v23v_-_122_660
val,ffejywa5_-_439_798
val,ffg22g2i_-_556_603
val,ffrfg716_-_282_682_-_555_728
val,fg36ywcz_-_134_752
val,fg48o5xn_-_257_830
val,fg5nuvxh_-_404_810
val,fgbk0vp6_-_432_552
val,fginy1vg_-_364_725
val,fh6f6m7d_-_494_721_-_491_727_-_531_723
val,fhunh2oi_-_465_991
val,fhzl7j1i_-_198_800
val,fi2sbz8g_-_301_806
val,fiqrx6ou_-_105_820_-_103_824_-_113_802_-_102_817_-_125_812_-_112_824
val,fityoz3x_-_222_776
val,fjeah5f1_-_211_733_-_618_763
val,fjeflpzt_-_482_818
val,fjekgmsi_-_457_846
val,fjempvto_-_264_712
val,fjt0ze6j_-_463_735
val,fkohdp58_-_219_744
val,fkufjnzk_-_237_1248
val,flhfoww4_-_435_647
val,flzx2v55_-_522_755
val,fm128vb3_-_215_835
val,fmv5nfui_-_119_673_-_163_656
val,fn3sxpmh_-_431_804
val,fnx8sk2i_-_543_620
val,fo426if7_-_392_752_-_298_740
val,fo8wur9d_-_407_732_-_368_745
val,fo9q5fyx_-_273_735
val,fojhp822_-_423_597_-_434_627
val,foqukvsr_-_609_682
val,fp02xs44_-_244_870
val,fp9xamzh_-_380_746
val,fpui0n4y_-_304_624_-_316_645
val,fpv8435l_-_387_673
val,fq5c5q34_-_223_640_-_216_637
val,frhf9axt_-_395_827
val,frnxvkx7_-_323_693_-_333_779
val,fsc1srba_-_212_838
val,fsvrpq0s_-_398_733_-_400_771
val,ft1aa9e7_-_107_675
val,ft24zrio_-_323_671
val,fu6kxpfp_-_495_698_-_491_702
val,fuc7s9ur_-_511_690
val,fur0wxmq_-_372_865
val,fuundhn7_-_354_737_-_632_757_-_384_734
val,fv0gmr9e_-_485_641
val,fv8rk5mi_-_100_594_-_313_834
val,fvw675xb_-_139_757
val,fw4vp1vf_-_583_797
val,fw5petdg_-_462_736
val,fxffe0da_-_520_753
val,fxhp23ml_-_589_697
val,fxkvoogk_-_377_695
val,fxwbxy8p_-_121_1038_-_639_573
val,fxwej74g_-_307_759
val,fy2s0bqt_-_216_716
val,fybut9ke_-_417_800
val,fyf1nac9_-_404_845_-_481_649_-_433_854
val,fykmocer_-_603_792
val,fzam5dw2_-_339_738
val,fzan5rvz_-_331_612
val,g0xkwfnh_-_514_647
val,g1e8uscx_-_208_1032
val,g1k97cqq_-_299_710_-_441_688
val,g1qqs0ok_-_185_767_-_232_759
val,g2wuxu61_-_115_626_-_124_626
val,g395e9zu_-_275_774
val,g3l9i8qa_-_184_627
val,g4d6etw5_-_387_812_-_34_871
val,g4mkkcir_-_199_718_-_180_723_-_520_671_-_524_674
val,g4sli2fg_-_207_1011
val,g4zutur3_-_273_783
val,g5k0cx3y_-_342_562
val,g6fibspw_-_290_630
val,g760z47t_-_586_675
val,g772dxgy_-_420_814
val,g7kf26z5_-_349_719
val,g8a0iwwj_-_368_696_-_178_857_-_256_797_-_66_603
val,g8ehplbr_-_246_735
val,g8feb0kk_-_555_898
val,g94yx6t3_-_106_709
val,g95xj8ri_-_199_593
val,g99kuxia_-_43_563
val,g9cdlf8h_-_531_940
val,g9vej39a_-_229_652_-_234_634
val,gasc9ryf_-_237_778
val,gb46gl3a_-_309_754
val,gbantmne_-_594_629
val,gbdqvzz8_-_484_661
val,gc11u27d_-_400_794
val,gc6cousa_-_529_682_-_258_717_-_292_756
val,gc7nlv0q_-_577_776
val,gcjsjrie_-_118_636
val,gcsjq41y_-_293_756
val,gcv12fkl_-_444_670
val,gdo0pycf_-_428_922
val,gdxmbzd7_-_357_704
val,gebbaclz_-_251_716
val,geeqmfoi_-_585_810
val,gepwk94i_-_584_757
val,gf1d6e5u_-_149_757
val,gf7w1u5f_-_527_887
val,gfftq9q9_-_556_826
val,gg9pql4m_-_560_634
val,gh7ugu0a_-_146_723
val,ghm5mizu_-_246_688_-_234_697
val,ghx15wwd_-_196_797
val,gi0eckjs_-_151_829_-_511_770
val,gigdq054_-_63_704
val,gil2iyu0_-_318_649
val,gjsyy7ba_-_282_794
val,gk4yarsk_-_178_680
val,gkdn9omx_-_96_747
val,gkjar74g_-_394_633
val,gkjppont_-_458_612_-_430_625
val,gl5kc8i3_-_479_683
val,gl99o38k_-_359_691_-_93_712
val,gm03j62m_-_331_819_-_305_804_-_296_820_-_317_840_-_321_846
val,gm1jxl8x_-_168_1214
val,gm24ez7f_-_228_1102
val,gmerbadp_-_486_1093_-_475_1102
val,gmizs232_-_86_568
val,gmltiwh7_-_593_629_-_654_612
val,gmzl7sxq_-_184_741
val,gn2rzczo_-_354_652
val,gnqdgrno_-_299_674
val,go3g59mm_-_455_620_-_559_764
val,gobfk0zn_-_553_588_-_213_584
val,gopqgtxy_-_219_633
val,gp2h9ea0_-_587_756
val,gp9p94lr_-_278_697
val,gpcg0ipi_-_379_715
val,gpz1bwox_-_460_816
val,gqe568p8_-_280_910
val,gqq6tbla_-_531_640
val,grtxhm95_-_331_756
val,grxbo26w_-_333_842
val,gs1bmd5z_-_528_815
val,gs89no8a_-_231_940
val,gsceu917_-_549_776
val,gtvhmjx6_-_534_729_-_299_747
val,gu1pkgoh_-_406_669
val,gug0ei8t_-_203_653
val,gup6z3mo_-_425_603
val,guwyvr9a_-_554_682
val,gv5drggr_-_178_669
val,gvimha4m_-_439_723
val,gvj0jhzc_-_107_720
val,gvj56aqo_-_490_733
val,gvquxm5l_-_473_686
val,gvx84bjk_-_206_774
val,gw3qmtbb_-_439_600
val,gw3yc06f_-_166_589
val,gwcv0mvr_-_297_1269_-_327_1274_-_215_1416
val,gwm3u55v_-_449_677
val,gwu5lckl_-_514_877
val,gxqzdpww_-_537_894
val,gybgboj4_-_556_868
val,gywoshw8_-_386_687
val,gzwljm26_-_390_727
val,h02phmb4_-_468_765
val,h0atng8x_-_554_825_-_488_845
val,h0d4sric_-_292_766
val,h0ist97s_-_565_545
val,h18edljv_-_288_824
val,h1vkgrlu_-_252_597
val,h27qhcmb_-_537_985
val,h2we0ygo_-_225_720
val,h37b28sg_-_560_791
val,h3v2uqo7_-_119_668_-_331_655
val,h3w8tbx1_-_176_771_-_176_760
val,h44g7her_-_604_554_-_50_534
val,h4afae15_-_507_943
val,h4feygni_-_355_568
val,h4h8z0ut_-_407_818
val,h4jprvv3_-_211_604
val,h4tzgpzd_-_432_752
val,h4vwj3c0_-_562_760
val,h53k471r_-_285_813
val,h53ncg20_-_178_669
val,h5b02ocs_-_349_761
val,h5v24ekk_-_341_884
val,h6o1zrkq_-_168_1085
val,h7dbn36e_-_332_900
val,h7ezs4pg_-_438_772_-_620_833
val,h7g0our1_-_250_712
val,h82o24hq_-_306_799
val,h82z2q6z_-_324_719_-_17_688_-_328_703_-_25_721
val,h8u1u2yl_-_495_686_-_496_698
val,h918uoxs_-_424_817
val,h9rwt8li_-_144_696
val,h9x17it5_-_519_773
val,h9zuhvs7_-_418_700_-_424_674
val,ha25uzcn_-_445_585
val,haf985d0_-_415_596_-_163_542
val,hb2evqi5_-_252_567_-_78_524
val,hbgdfzqu_-_327_649
val,hbnuacj3_-_489_787
val,hbwlp2vn_-_439_782
val,hc6l11il_-_500_721
val,hdggx4r7_-_504_985_-_506_740
val,hdpzsuvt_-_355_732
val,he7wy2vi_-_408_740_-_353_743
val,hen8kby5_-_396_723
val,hesq6ztk_-_353_964
val,hf8diffa_-_76_640
val,hffwb5sm_-_547_780
val,hfrnapxs_-_524_637
val,hg0grh9z_-_271_624_-_60_549
val,hg3flfy3_-_542_664
val,hg8m8t53_-_493_671
val,hgap7s3s_-_601_617
val,hgbzcdtu_-_342_913
val,hgqi8o2c_-_475_1034
val,hgskjz7e_-_341_1014_-_224_792
val,hhaxnklo_-_460_906
val,hhfa7y71_-_292_839
val,hhkiohv0_-_220_707
val,hhnb70m8_-_363_673
val,hhwovhwg_-_317_686
val,hi1d5hgx_-_224_972
val,hi69zgia_-_522_852
val,hidym6ok_-_156_776
val,hiwdvlxt_-_462_692
val,hizqngmn_-_121_618_-_117_627
val,hj910z6y_-_306_769_-_571_741
val,hkaqpga7_-_526_778
val,hkcfzoyl_-_400_1157_-_423_1120
val,hkhhgr5u_-_307_725
val,hl4psk4l_-_477_885
val,hl7if2xw_-_422_742
val,hlf3dxst_-_486_685
val,hlhpryr1_-_583_834
val,hllg8vd4_-_313_814_-_312_805
val,hln70372_-_532_1000
val,hlqwkaq3_-_125_632
val,hm0zgw87_-_53_553_-_288_605_-_341_609
val,hmloi0t1_-_611_691_-_624_669
val,hmnlu08m_-_550_740
val,hmqnas1y_-_195_731
val,hn9vy7aj_-_276_622_-_277_639
val,hnehlj2u_-_182_764
val,hnhx5rt2_-_446_673
val,hnojiat5_-_81_638_-_427_711
val,ho08nld0_-_227_718_-_217_721
val,hoql66fh_-_622_693
val,hozfygtw_-_344_1120
val,hpa3tx5m_-_469_614
val,hpa7dlt7_-_112_1060
val,hpk7grfp_-_355_738_-_263_715
val,hpltifto_-_118_511
val,hq6b662z_-_477_585
val,hqilh2wq_-_267_818
val,hqkfyjzk_-_279_759
val,hr3k44qp_-_444_734_-_388_724
val,hrwt7ft2_-_576_670
val,hsaxwxzq_-_257_738
val,hspd7njj_-_190_618_-_187_621
val,hspnz5zo_-_176_711
val,hsrk8jve_-_535_715_-_195_723_-_235_706
val,hsuzj08l_-_509_731
val,hswvegq3_-_605_764_-_502_859
val,htry5ghi_-_324_785
val,htyeln88_-_39_542
val,hu7y0rxw_-_160_539_-_665_703
val,hus1j54k_-_383_864_-_607_726
val,hv1v2xp5_-_488_920
val,hvh9l454_-_515_915
val,hviek30v_-_321_681
val,hvn19vsb_-_115_656_-_538_686
val,hvomasfi_-_489_829
val,hw1fty2p_-_605_786
val,hw3mzzji_-_443_573
val,hx7ppcov_-_477_804
val,hxcmlj76_-_251_809
val,hxpso1rj_-_484_947
val,hy2u37qk_-_159_676
val,hyxu264p_-_267_727
val,hz6fd300_-_376_878
val,hz9g8b8q_-_342_628
val,hzgdgmj1_-_398_819
val,hzk9jso1_-_113_656
val,hzkaf4lp_-_152_741_-_456_787_-_210_748
val,i1ggdbge_-_124_850
val,i1y77og3_-_607_745_-_328_718
val,i2qa80rt_-_207_878
val,i3xwabh2_-_543_531
val,i4rixsdo_-_586_776
val,i4u5maie_-_131_640
val,i4uq7gen_-_209_640
val,i5ppakvr_-_599_601
val,i63k5drj_-_487_713
val,i6b1vyp9_-_622_695
val,i73vnxhm_-_380_665
val,i7a4pbnq_-_78_726_-_289_789
val,i7s9ntz6_-_381_759
val,i88tla7v_-_433_1019
val,i8odnwf9_-_337_559
val,i8ptcd7i_-_369_1098
val,i92v9vtz_-_593_579_-_14_726
val,i97k3fwv_-_456_738
val,i9szjns2_-_580_820
val,ia6n2bw0_-_336_667
val,iai95089_-_557_854
val,ias970c6_-_272_888
val,ibe5ctii_-_406_790
val,ibf6l4ya_-_409_797
val,ibj9g8zj_-_561_785
val,ibmpmnaz_-_366_720_-_375_713
val,ibs2pozt_-_274_779
val,ic1e71ad_-_107_808
val,icbnm8t6_-_360_876
val,icqrg1sd_-_308_700_-_677_964
val,icqvuxql_-_226_719
val,icym2ghw_-_334_751
val,idd2evkz_-_418_855
val,ie6uxlrs_-_184_883
val,iegfo8d0_-_221_589
val,iewaweki_-_353_747
val,if0mdtbr_-_283_995
val,if43w00o_-_195_861
val,ifnwfhdk_-_301_585
val,ig5axcxv_-_152_731
val,igfmc43s_-_399_655
val,igwa720s_-_183_614
val,igx6z5wo_-_347_577
val,ihqbfshu_-_123_744_-_111_744
val,ihtevia2_-_434_952
val,ii0qpfgp_-_162_811
val,iio81ffj_-_223_690_-_30_726
val,ij0g2gav_-_95_769
val,ijpegku3_-_452_544_-_569_562
val,ikcoqa76_-_607_751_-_638_731_-_588_711
val,ikhj0tkd_-_311_869_-_260_710
val,ikpcmurk_-_168_812_-_186_821_-_465_873
val,il1ej3d0_-_219_723
val,il35ived_-_226_872
val,ilgld9ls_-_265_616_-_265_616
val,ilkq0ldo_-_494_659
val,ilxd0a08_-_624_639
val,im0xuh2y_-_597_631
val,im54o8pr_-_332_740_-_333_765
val,imcaohyn_-_130_686
val,imcjzvve_-_277_822
val,imq3vuco_-_314_633
val,in83wpo2_-_391_588
val,inecxgry_-_384_791
val,inno0r8p_-_320_840
val,inno6qi9_-_381_962
val,inu2urad_-_174_674
val,iom6blbc_-_588_645
val,iozxij3k_-_491_700
val,ip6viaix_-_386_688_-_374_696
val,ipbu56oc_-_573_727
val,iprywsao_-_277_523
val,iqe4kwnv_-_120_679
val,iqj2uhjz_-_104_745
val,iqpqra8u_-_573_851
val,ir7z36xp_-_377_870
val,irqjfqsa_-_555_955
val,is8o2sz6_-_153_708
val,isaghju7_-_237_948_-_217_950
val,isku0bzg_-_104_720
val,isliqvp8_-_509_637_-_487_715
val,isuvpvsb_-_581_640
val,isx4guj0_-_561_775
val,items7l9_-_247_615_-_3_618
val,itowvnd1_-_485_711
val,itqedcxw_-_265_679
val,iu07g3gn_-_400_639
val,iuhahn4e_-_144_985_-_133_994_-_79_720
val,iuszn1fb_-_78_726
val,iuv826hl_-_380_785
val,iv0m4roh_-_461_722
val,ivkkt6om_-_436_714_-_409_764
val,ivl49j3o_-_390_758
val,ivpmlolc_-_165_740
val,ivqhzepk_-_473_710_-_190_704
val,ivvx5nab_-_256_677
val,ivziozmz_-_506_781_-_447_698
val,iw8fdttu_-_235_692_-_222_707
val,iwa4d9a9_-_560_796
val,iwyehvd5_-_375_1194
val,iy6wump9_-_438_865
val,iyckxti2_-_439_686_-_432_844
val,iygg189t_-_120_606_-_206_629
val,iympxzmo_-_230_723
val,iyn4mmul_-_363_917_-_396_826_-_424_808
val,iyuwyuy3_-_284_876
val,izn5ycz4_-_429_765
val,j0kxg23b_-_181_660
val,j1b62pg1_-_573_678
val,j1cfkcjq_-_356_682
val,j1xhepc6_-_158_749
val,j1zy6mmc_-_147_1011_-_192_1017
val,j37b3199_-_563_967_-_545_970
val,j3bt637t_-_261_833_-_312_835
val,j46omxbc_-_140_793
val,j4oknuiy_-_348_832
val,j4qbwnl7_-_408_725
val,j4r8qvft_-_608_787
val,j53gvjjm_-_621_688
val,j566p2vk_-_373_850
val,j5cix0vk_-_323_755
val,j5ic1x6l_-_451_753
val,j64di8mf_-_423_680
val,j68o211u_-_272_799
val,j69dvrdd_-_292_1104
val,j7wbw5cs_-_496_872
val,j80agcmq_-_582_986
val,j8154aly_-_142_753
val,j83yypka_-_270_737
val,j8q1zb6z_-_462_679
val,j8sej96l_-_408_602
val,j9rt9lmv_-_245_899
val,j9udr5ao_-_608_738
val,j9wmogbg_-_476_768
val,ja44p8ou_-_109_575
val,jaaa4889_-_592_519
val,jacklpyd_-_161_744
val,jbuj88vs_-_620_644_-_643_657_-_640_665
val,jcafa4ot_-_301_699
val,jcoee9ae_-_506_1222
val,jcoqp30u_-_414_899
val,jcq9txd6_-_240_688
val,jd03c2r6_-_331_778
val,jdfs92oz_-_257_714_-_302_735
val,jdqhla46_-_533_1057
val,jdy4v3o3_-_79_776
val,je48vceh_-_139_907
val,jefr4gle_-_120_745_-_611_778
val,jefroztn_-_514_867
val,jgbb9wsz_-_587_772_-_488_917
val,jgeis4tf_-_605_708
val,jgrhq2fi_-_441_757
val,jgwnu6ep_-_223_749_-_296_780
val,jh5bo5jf_-_300_684
val,ji275vmt_-_312_828
val,jiob0amp_-_594_749
val,jiqlg8tm_-_60_702
val,jiqon2ba_-_460_747
val,jj11r06j_-_258_761_-_149_686_-_244_757_-_129_655
val,jj33sjfq_-_387_755
val,jjel97p0_-_575_908
val,jjq30r15_-_267_669
val,jjrlae7y_-_597_691_-_269_715
val,jjwi4mjd_-_246_717
val,jjy0ota0_-_285_688
val,jkyv6h0m_-_73_780
val,jlka19et_-_596_582_-_421_587
val,jlpmutk9_-_197_617
val,jlzsikxt_-_555_732
val,jm80fcx5_-_317_815
val,jmdy2iji_-_149_658
val,jnaqtf88_-_304_700
val,jncmcybn_-_378_760
val,jobvv034_-_548_706
val,jod7vskn_-_119_639
val,joil80qg_-_370_799
val,jojv63o2_-_208_981
val,jomrkezh_-_105_590
val,jor3knt2_-_164_848
val,jpaquzen_-_335_683
val,jpbhq5fr_-_603_768
val,jpe6rmg9_-_212_685_-_323_851
val,jppx86fh_-_115_650_-_519_648
val,jptaelj2_-_396_1086
val,jq6lv9hq_-_263_809_-_245_838_-_250_851
val,jqwu4pde_-_233_741
val,jr383oku_-_141_711
val,js7geju7_-_333_753_-_318_775
val,jsl9z327_-_452_788
val,jsvixml5_-_571_786
val,jswrybkd_-_394_644
val,jsy4dday_-_370_924
val,jti4odi7_-_511_765
val,jtjspb0p_-_339_762
val,juejfzol_-_285_614
val,juhmbjjp_-_197_916_-_272_903
val,jujf7ldj_-_247_642
val,jvyrosn2_-_367_791
val,jw0gd4t6_-_408_777
val,jwb7mq5v_-_581_695_-_276_639
val,jxjt61ka_-_302_736
val,jy0plizb_-_239_1121
val,jy2p9dbd_-_160_651
val,jyba2xkp_-_383_546
val,jydj2x70_-_429_859
val,jyfci5n2_-_324_798
val,jzctmats_-_160_738
val,jzrzke7w_-_381_689
val,k06acd3v_-_556_671_-_499_657_-_309_672_-_540_617
val,k0g5ykd9_-_436_637
val,k0m82dr9_-_105_769
val,k0qf7mxk_-_147_693
val,k0yl1oda_-_524_1025
val,k1683hkm_-_432_651
val,k1nkdh6z_-_152_669
val,k22tk4ol_-_109_518
val,k25j2sxc_-_378_735_-_410_712
val,k2q7k4py_-_185_725_-_130_686
val,k2rein0e_-_429_656
val,k2tmlhoc_-_422_673
val,k2xki15j_-_549_595
val,k2ylbmn5_-_456_561
val,k3d0atl1_-_570_597_-_40_651
val,k3rgk0rv_-_553_768
val,k3y3cf8i_-_503_912
val,k4fi0qxj_-_156_638
val,k4k1nnxl_-_151_826
val,k4xadtlc_-_454_1099
val,k55hn8d6_-_446_1014
val,k5ap4a15_-_369_624_-_343_610
val,k5eegfaa_-_427_737
val,k63zuy9f_-_522_673
val,k687jcrl_-_230_868
val,k6c2s4ai_-_189_661
val,k6h6bqfs_-_361_757
val,k71n8gcu_-_271_769
val,k71ojfk6_-_270_942
val,k7e3uigu_-_233_665
val,k8fuqa12_-_180_1015
val,k8t0hdw0_-_453_686
val,k8votkko_-_406_637
val,k9a8p001_-_483_696
val,k9i25vo6_-_415_685
val,k9qm3v3r_-_307_788
val,ka0nop3e_-_251_619
val,ka0tpja5_-_245_763_-_224_740
val,ka281v7p_-_113_947
val,kabqlgw1_-_590_771
val,kaedt9xm_-_380_1238
val,kaqd6vfr_-_574_787
val,kb0lo158_-_600_758
val,kba9241v_-_390_907
val,kbcxazn5_-_253_695
val,kbpp2hxd_-_306_768
val,kccggm12_-_521_610
val,kcfy06yr_-_434_721
val,kci4k226_-_125_822
val,kd2brtii_-_407_1130_-_427_1144
val,kdofqdjw_-_204_756_-_212_738
val,kdrk6xyk_-_153_667
val,kdx8fdgr_-_385_857
val,kdy9drpp_-_403_1147_-_429_1152
val,kf1egrok_-_340_690
val,kf3vkh38_-_463_698
val,kfonjmi6_-_233_685
val,kfte8eo3_-_505_766
val,kfzafiwm_-_308_836
val,kg1gj2r2_-_616_694
val,kge36wer_-_425_676
val,kgmfm79w_-_84_788_-_145_772
val,kgtiby78_-_239_743
val,kh738ma9_-_480_697
val,khkhdy9s_-_139_668
val,khm1nn0i_-_265_875_-_501_721
val,khx2uz1c_-_187_747
val,khzcyid5_-_452_1052
val,ki0i8ht2_-_503_731
val,kiagnjoz_-_360_556
val,kicy9vde_-_357_930
val,kiumbai9_-_467_664
val,kjrzkuvs_-_586_810
val,kju22ssv_-_397_693
val,kjvw4iek_-_249_755
val,kk6s2rh9_-_87_609_-_368_621
val,kkdktdrg_-_348_733
val,kkk0tzmz_-_379_620_-_603_632
val,kko8u0nj_-_194_642
val,kl4ndusy_-_603_613
val,km1eyo4c_-_237_952
val,kmbw296m_-_422_827
val,kmyi2oe4_-_354_877
val,kngl9z9p_-_141_744_-_516_532
val,knon4ddc_-_88_852
val,knw4nho8_-_70_611_-_496_769
val,ko0xb170_-_513_757
val,kovv5nwc_-_565_695
val,kp0lxjcb_-_412_851
val,kpi1e6xp_-_579_685
val,kpkw2pgf_-_303_637
val,kpy54mgg_-_621_676
val,kqafka6j_-_423_817
val,kqhd3cfc_-_508_1120
val,kqmb71fg_-_535_849
val,kr5uvuao_-_391_721_-_504_547
val,krh5h721_-_315_730
val,ksabpk4r_-_211_744_-_209_753
val,kslmtwrs_-_588_701
val,ksmlgoln_-_570_930_-_103_675
val,ksod968l_-_451_1212
val,kt2ft2ze_-_333_675
val,ktf2taas_-_273_620
val,kthztatl_-_487_899
val,ktz6t4fz_-_210_741
val,ktzwmcex_-_253_986_-_126_841
val,ku8zahv7_-_559_668
val,kui9hho0_-_424_681
val,kw10sm6q_-_514_1027_-_520_1018
val,kw4q0tnc_-_575_704
val,kwe8rzn5_-_369_770
val,kwmmbh50_-_580_813
val,kwrfe7ew_-_537_703
val,kwriamzt_-_444_784
val,kx3sbn2q_-_340_863_-_302_855
val,kx806ufx_-_88_860
val,kyllgkds_-_445_565
val,kynx1u6f_-_464_896
val,kzfiynt7_-_396_734
val,kzucffqx_-_189_1344
val,l0l96i1p_-_406_1021_-_276_865
val,l0lbqlw6_-_185_694
val,l0voah8h_-_604_765_-_599_760_-_614_758
val,l1ggbvfs_-_133_890
val,l28cml1i_-_620_698
val,l28xffy3_-_229_775
val,l2a1q1ej_-_170_767
val,l2jlweb0_-_222_824
val,l2qvszfj_-_140_886
val,l2ryc5ya_-_624_578
val,l2xkb8wc_-_444_835
val,l3imdj89_-_298_658
val,l3j0awus_-_381_637
val,l3mcj0ea_-_397_717_-_399_658
val,l3qamurj_-_228_757_-_213_788_-_256_745
val,l3v11f3z_-_262_737
val,l3vr0tkk_-_374_903
val,l4we6ca1_-_566_644_-_173_624
val,l5ctu03o_-_325_759
val,l5ijn3tf_-_458_878
val,l5uhzlin_-_566_1035
val,l69c25rj_-_521_679
val,l6iscuyo_-_490_702
val,l6w29qxl_-_495_665
val,l7dbu10d_-_389_685_-_410_750
val,l7der2ve_-_479_925_-_482_917
val,l88tphjd_-_325_801_-_646_782
val,l8anwhr7_-_493_649
val,l94myck3_-_288_715
val,l95h8o5a_-_492_779
val,l97vpyco_-_227_641_-_661_652
val,l9cxloix_-_308_787
val,l9eebtgj_-_165_752
val,l9mcw4b2_-_409_640
val,l9s6cfkt_-_172_623_-_208_625
val,l9t5i2pf_-_607_739_-_587_758
val,l9tx7a8l_-_406_726
val,la9a3hpw_-_221_809
val,lb7esz1o_-_519_835
val,lbcnkmhk_-_529_1023
val,lbk36rk9_-_417_652
val,lbpgtcqo_-_190_854
val,lbtiy8aj_-_403_743
val,lc2bhkkn_-_125_764
val,lc2jvdjc_-_520_836_-_341_998_-_339_877
val,lc8zxg0g_-_294_816_-_265_606
val,lcbsdrar_-_100_803_-_634_903
val,lcdpflfb_-_132_800
val,lcfw16b7_-_540_1010
val,lcho8ywx_-_540_750_-_467_681
val,lcsqib5a_-_561_767_-_602_903
val,ld7msx4y_-_182_646_-_597_709
val,ldfagrjj_-_545_792
val,ldh6t47d_-_87_653
val,ldj65fd1_-_299_617
val,le6x3i67_-_121_697
val,leiav993_-_502_731
val,lf0db28j_-_298_738_-_334_682
val,lf2n141e_-_158_754
val,lffa7o8e_-_380_713_-_471_814_-_216_731
val,lgde7vpi_-_126_808
val,lgfl2lha_-_108_774
val,lguyp55d_-_328_705_-_339_702
val,lh3bxuqe_-_393_813
val,lh9kmnhi_-_565_724
val,lhwtqozj_-_408_724
val,li33xbet_-_551_766
val,libgt3ch_-_61_626
val,lii88gau_-_601_824
val,liqh9qnz_-_525_694
val,lj241n3p_-_588_626
val,lj84pgb8_-_238_891
val,lkdeu2qr_-_267_728
val,lla6zuxl_-_242_658
val,llb06mt5_-_537_994
val,llbpwb7a_-_422_793
val,lle3d0cx_-_223_678
val,llx7na8n_-_264_739
val,lm8zjryt_-_450_721
val,lmiyfa5c_-_324_719
val,lmo2vein_-_236_653
val,lmy9t157_-_449_780_-_27_802_-_8_819
val,ln17mi6a_-_560_726
val,lna6zozh_-_500_794_-_487_787
val,lnm48jfz_-_373_541
val,lnnsn9i4_-_314_888
val,lnq9rai9_-_603_689
val,lo0aisli_-_354_856
val,lodamg2z_-_181_1022
val,lokisx66_-_338_798_-_111_773
val,lox43pq6_-_307_616
val,loxqz4as_-_207_745
val,lp8niaut_-_316_863
val,lpc75se8_-_244_696_-_248_675
val,lpgkjefe_-_129_647
val,lpkmu3kr_-_188_793
val,lpuiyrk1_-_399_658_-_397_717
val,lpxvbr0b_-_324_553
val,lq2hs9rd_-_344_862
val,lqau36sz_-_283_832
val,lr2bgp9f_-_82_684
val,lrju5x4v_-_225_765
val,lrnree6j_-_237_837_-_37_739
val,lrw4pmf1_-_511_850
val,ls4mjvoz_-_409_654
val,lslpx9cc_-_80_672
val,lsv18d3a_-_134_621
val,lu0dihaw_-_105_895_-_623_973
val,lu2av4be_-_424_802
val,lui6niny_-_581_971
val,lut51gq7_-_205_846
val,lutqxg5d_-_312_807
val,luw3wd3u_-_526_743
val,lvcjq9i1_-_375_1010
val,lvs1wi59_-_291_694
val,lvu3dosa_-_437_630
val,lw5vhksx_-_434_731
val,lxios4at_-_159_973
val,ly0c2g2d_-_538_746
val,lyaood9y_-_582_843
val,lyftclfo_-_181_654
val,lzzx9lr8_-_456_873_-_622_878_-_562_853
val,m098mv2w_-_484_718_-_478_733
val,m0nlhk55_-_370_621
val,m0pdtlt2_-_203_809
val,m18jvw4o_-_590_779
val,m1g7k24z_-_100_695
val,m1wtnr7m_-_293_591
val,m1y305zt_-_346_925
val,m29qdpqu_-_308_934
val,m2bvez3f_-_85_734_-_125_735
val,m2ilsbs9_-_132_731
val,m2uzm2zj_-_85_755
val,m30mf1rz_-_391_673
val,m37rmsp4_-_630_564
val,m399s9sy_-_157_625
val,m3lvyms0_-_584_958_-_581_978
val,m3oiea2x_-_600_697_-_564_703
val,m3ranj9t_-_149_647
val,m3u555z1_-_432_819
val,m4gknfpa_-_488_787
val,m4que9le_-_116_760
val,m55fjr8w_-_564_647
val,m55i6uzr_-_319_666_-_327_666_-_139_682
val,m5cw1mkj_-_324_579
val,m5j32kb5_-_209_899_-_210_909
val,m5kskbkl_-_570_713
val,m5sp15ns_-_468_993
val,m5wlr04b_-_76_764
val,m6vqp4l1_-_276_692_-_613_656
val,m718kjhc_-_325_733_-_346_733
val,m77kxlz4_-_100_694
val,m7861xyy_-_312_835_-_261_833
val,m7n0y7du_-_498_781
val,m7uuq8bd_-_344_657
val,m7vxczbi_-_70_653_-_73_714
val,m8b8e1d6_-_503_700_-_11_678
val,m8s1x1dn_-_286_689_-_638_708
val,m8s2awfl_-_625_660
val,m977etym_-_343_915
val,m97a6zwx_-_377_925
val,m97ct2d4_-_154_682
val,m9azlb1d_-_580_962
val,m9bue54u_-_60_648_-_340_667
val,m9bzb8x0_-_360_651
val,ma5b9kug_-_293_762
val,man8ozkg_-_344_683
val,mbempwh5_-_420_681_-_419_676_-_455_650_-_223_725_-_181_721
val,mbtxkx62_-_358_714
val,mc16rhp2_-_299_671_-_303_596
val,mcbyfb8r_-_246_671
val,mcg5qk7a_-_327_666_-_319_666_-_139_682
val,mctwwe1j_-_617_713
val,mcu7dxlj_-_547_987
val,mcx80dee_-_290_758_-_319_746
val,mdltsm9a_-_256_781
val,mdokbwc4_-_528_732
val,me0vdtye_-_77_709
val,me5w29pk_-_469_703_-_437_667
val,meflu5lw_-_119_659
val,meob9u63_-_442_840_-_435_806_-_428_836_-_367_796
val,mfdwzqv2_-_444_669
val,mfvug1w8_-_218_858_-_490_830
val,mh2zmghy_-_380_665
val,mh5zm0da_-_234_765
val,mh6vtiz0_-_493_1067
val,mh9d06m9_-_209_846
val,mhdkd7j1_-_173_668_-_166_685_-_164_683
val,mhjiwsho_-_164_765_-_157_772_-_187_761
val,mhnvsu3o_-_212_709
val,mhnynxav_-_100_628_-_415_633
val,mhsty51s_-_228_696_-_240_727
val,mia432wi_-_357_623_-_416_646_-_439_635
val,mib1y8rp_-_549_638_-_367_649
val,miol6gjj_-_535_652
val,miu5iuez_-_520_1057
val,mj307adx_-_180_663
val,mjge6arq_-_479_696_-_425_668
val,mjlnx2yq_-_341_630
val,mk0j6xgo_-_504_875
val,mk0xl60d_-_597_856
val,mk7iotky_-_220_704_-_559_697
val,mlfl78u9_-_259_856
val,mlpe88u4_-_223_755_-_547_810
val,mlvio5vm_-_321_704
val,mm67575z_-_90_783
val,mmcxtrlq_-_189_1000
val,mnk6utp4_-_177_718
val,moye79se_-_152_612
val,moyn0iv4_-_510_635
val,mpfa5c10_-_477_897_-_552_787
val,mpqv64cm_-_298_922_-_268_765
val,mpsaf9ku_-_349_790
val,mpvas6kp_-_316_1029
val,mq0emrai_-_199_688_-_213_710
val,mql8ud66_-_226_805_-_249_786
val,mr17f8hj_-_467_829_-_191_814_-_213_801
val,mr99ptwy_-_429_826_-_394_842
val,mrc8lyba_-_363_930_-_438_925
val,msbnyaod_-_366_801_-_367_783
val,mssxnso1_-_602_736
val,mtvgqw8n_-_300_794
val,mu6l2e8t_-_589_710_-_241_849
val,muvt6nxu_-_526_633
val,muvtt4ui_-_304_760
val,mv02rswj_-_465_609
val,mv95xgpz_-_136_743
val,mva1fsac_-_302_713
val,mvuub9az_-_429_733_-_56_692
val,mw0ov13m_-_70_755
val,mwil1lps_-_389_728
val,mwq15oft_-_443_837_-_406_831
val,mwtyxejx_-_234_761
val,mx417vr1_-_368_934
val,mx8d8uj0_-_172_785
val,my4rnx1i_-_393_667
val,my6amhkn_-_272_882
val,myjqtuo0_-_352_702
val,myu3yeot_-_288_863
val,mzd7n3hu_-_551_761
val,mzlqu5t7_-_98_747
val,n0090vxv_-_220_701_-_211_730_-_469_715
val,n09h2utq_-_605_701_-_237_681
val,n0a0y68n_-_459_1225
val,n0bahts0_-_494_723
val,n0e2ki47_-_116_813
val,n122dcq7_-_122_927
val,n1eru2gf_-_598_679
val,n2wawocj_-_526_727
val,n31douq2_-_488_840
val,n352vetc_-_256_533_-_528_548
val,n3yt0754_-_96_749
val,n40n4ky2_-_304_714
val,n67oupu9_-_171_772
val,n6ffxpxt_-_330_554
val,n749zfma_-_540_694_-_164_678
val,n7if9rgq_-_197_669
val,n7kdgojl_-_70_728
val,n8cno006_-_538_999
val,n8eqn5tq_-_542_589_-_588_575
val,n8w2rbcn_-_411_664
val,n93tohdf_-_48_590
val,n95otwl6_-_406_777_-_142_807_-_451_804
val,n96g6irr_-_108_739_-_384_743
val,n9k4uytx_-_593_585_-_53_830
val,n9kme6td_-_582_717_-_583_683
val,n9p5ovru_-_96_705
val,na48h3ki_-_203_742
val,naby708v_-_244_516
val,nb8xoylf_-_166_623
val,nbmkp63a_-_391_494
val,nbph6aef_-_102_783
val,nbpsjquh_-_568_705_-_195_735_-_564_710
val,nbvchmn8_-_164_779
val,nbz5z05o_-_546_805
val,nc936gt7_-_432_559
val,ncb80i4q_-_346_717_-_365_694_-_359_708_-_330_718_-_338_722_-_348_717
val,nceiguok_-_595_721
val,ncjsvkc2_-_400_717
val,nck3jr9y_-_217_758
val,ncmov5zd_-_379_847
val,ncshg8v0_-_485_796
val,ncugjela_-_114_723
val,nczh1xmn_-_295_904
val,nd3srmbb_-_403_716_-_168_728
val,ndqhhvh3_-_348_703
val,ne3zawgz_-_444_895_-_430_891
val,ne99opjr_-_193_792
val,nej6gmyz_-_348_601
val,nel14jeh_-_114_566
val,nf5j5dm7_-_151_784_-_188_743
val,nfh3xyca_-_151_741
val,nfke7gxv_-_217_721
val,nfx4bia8_-_198_947
val,nfyk3q61_-_332_669
val,ng5s0vy2_-_545_897
val,ngdj44tz_-_555_1066
val,ngim5jse_-_401_1114_-_342_1156_-_319_1033
val,ngkg7jvi_-_349_828_-_322_826
val,ngpzwnc4_-_182_936
val,nh8d8nm3_-_163_753
val,nhint8fl_-_544_927
val,nhw30r52_-_116_782_-_413_765_-_300_742
val,ni6bt4gk_-_156_959_-_137_984_-_172_987
val,nidatdra_-_129_594
val,nikwi4sa_-_306_750
val,niqmjzui_-_581_827_-_26_753
val,nirkmtsq_-_149_706_-_331_905
val,nj2c53qw_-_588_737
val,njggajl9_-_289_696
val,nk4b8lcr_-_601_842
val,nkghhnx2_-_478_1072
val,nko08r7t_-_307_724_-_292_763
val,nktks53r_-_502_678
val,nkuov40v_-_628_647
val,nkwlk03e_-_542_902
val,nl4wo8fq_-_457_658_-_440_668
val,nl6f1u05_-_411_784
val,nlxoll9r_-_121_651
val,nlyo1xey_-_238_701
val,nm11zi8q_-_238_866
val,nmp0xfla_-_283_973
val,nmsmjuoh_-_271_878
val,nmu4v28m_-_201_607
val,nmx5g5la_-_420_723
val,nnjr5axn_-_471_766
val,noe3z7oe_-_152_761
val,notawjko_-_219_814
val,np3kswby_-_462_668
val,nprpzacz_-_144_672
val,nqkgjurg_-_611_653
val,nqyqccvs_-_172_775
val,nra8atjz_-_183_693
val,nsiyyi2r_-_435_737_-_408_741_-_418_738
val,nslk9v4n_-_203_678
val,nsm6dxuu_-_300_969
val,nsqblbdl_-_454_931
val,nss8lvrq_-_359_710
val,ntbj1wp1_-_254_701
val,nte7dwma_-_505_672
val,ntwcs50n_-_526_828_-_524_814
val,ntz200ld_-_480_741
val,nu2220o1_-_523_788
val,nudfid4u_-_88_648
val,nuivnt4w_-_440_698
val,nuo6dnlm_-_494_678
val,nuzgc7tm_-_167_643
val,nv1k3ib2_-_296_740_-_296_728_-_529_677
val,nvd1tnut_-_532_673
val,nvdgnh7p_-_417_745
val,nvrgd44w_-_159_613
val,nvv6y25r_-_150_563_-_424_639
val,nvz6hhj4_-_336_683_-_356_648
val,nw5tvh1l_-_107_789
val,nwb7olim_-_292_773
val,nwq931ni_-_95_903
val,nx73wss5_-_530_559
val,nxknww6u_-_477_1001
val,ny7cf7uy_-_425_859
val,nye4qhkv_-_199_690
val,nyiyq0cr_-_137_819
val,nzd4v3ru_-_457_884
val,nztzhkgk_-_333_578
val,o00weee1_-_287_628
val,o0ic1tfe_-_177_669
val,o13twdhz_-_331_738
val,o19iwoq4_-_287_773
val,o1bkslmr_-_581_978_-_584_958
val,o1c9sdfb_-_458_743_-_454_751
val,o1ltvzus_-_530_1096
val,o1x8b8po_-_370_726
val,o23h60al_-_368_569
val,o2efelri_-_443_653
val,o2oaajy1_-_365_735
val,o2zpcxvf_-_323_772
val,o3czvr6p_-_275_744
val,o3eht3yc_-_109_1031_-_103_815
val,o3ps8b0x_-_272_663
val,o3uwmphy_-_361_746
val,o3y2fc21_-_477_707
val,o4bqlrc4_-_578_798_-_522_761
val,o4oapvjd_-_485_687
val,o4rejior_-_75_715
val,o4rh6v8c_-_531_736
val,o51tu7yh_-_560_740
val,o51z13zx_-_432_879
val,o5gzpu0e_-_565_842
val,o5oor18a_-_397_1012
val,o5yjz6hy_-_617_694
val,o612smld_-_423_764
val,o62pp1oc_-_160_726
val,o6bh8nec_-_318_733
val,o6g2oeok_-_282_812_-_281_824
val,o6nm8z6g_-_492_655
val,o77c8s52_-_323_695
val,o78ydn2w_-_150_746
val,o7xqvz6m_-_626_645
val,o8d5n1vp_-_521_557
val,o8g5vdo9_-_148_703_-_537_701
val,o93q895l_-_267_711
val,o98qiadi_-_227_597
val,o99ncr7w_-_329_956_-_297_943
val,oa54lalw_-_180_1318
val,oab0gx3j_-_273_896
val,oalljeh3_-_237_731_-_239_731
val,oarhuyjm_-_390_751
val,oarnhkgh_-_470_753
val,obfwfruk_-_476_656
val,obj743n7_-_146_847
val,oc5q48o3_-_98_673_-_495_717
val,ocegfide_-_391_811
val,ocgg2s3r_-_608_726
val,och77y3w_-_447_1173
val,ocm28zy6_-_260_951
val,odpyeg8v_-_235_784
val,oe6neajy_-_99_649_-_681_730_-_680_698_-_8_667
val,oe8zdg5d_-_519_614
val,oehdr6d5_-_402_717_-_465_729
val,oej1zi77_-_436_696
val,oezu4nxu_-_432_1021
val,ofhrjluf_-_633_614
val,ofk0jbk9_-_199_656
val,ofws1n9f_-_354_720
val,og665ofj_-_143_911
val,ogiu7cvy_-_585_827
val,ogwi2bp5_-_259_860
val,ohg0srxd_-_58_626
val,oho901et_-_177_656
val,ohxc7srd_-_296_909
val,ohzwnpw8_-_344_1031
val,oi20m71q_-_265_938_-_549_948
val,oi6bcmmy_-_167_689
val,oij0s9dr_-_358_1095
val,oiqiy8ml_-_125_1095
val,ojdu5ktn_-_529_581
val,ojg3m4g6_-_520_702
val,ojwrhoaa_-_369_812
val,ojxlbjh3_-_331_579_-_13_892
val,ok0kz5q3_-_210_720
val,okeg2vpv_-_334_726
val,okhfsq4p_-_476_580
val,okjcuxre_-_109_742_-_116_755
val,oktaip44_-_382_1347
val,olibiujy_-_84_754
val,olu0qugj_-_275_695
val,olxg2rfe_-_329_694
val,omaw48y9_-_625_650
val,ompke75y_-_405_844_-_674_814_-_651_816
val,omwxg2oy_-_67_742
val,omzvzz2i_-_170_798
val,on29av3i_-_297_895
val,onjvsk2h_-_557_945
val,onkdcupo_-_476_855
val,oo9kaer0_-_221_1204
val,ooakeeyg_-_577_955
val,ooubts4p_-_177_713
val,oov7yvan_-_179_660
val,op6s3hcl_-_116_555_-_0_527
val,opfbg3tg_-_153_577
val,oq5fz2wd_-_129_838
val,oqcekip4_-_133_890
val,oqn34qiw_-_254_1214
val,oqvupmph_-_128_1052
val,oqx9lob3_-_576_883
val,orxzj60e_-_250_587
val,os0a6i9d_-_486_950_-_96_1006_-_485_948_-_134_995
val,os14q76k_-_389_869_-_469_831
val,osfrrt7b_-_545_694
val,osk8g5vm_-_447_689_-_69_696
val,osmpxs1n_-_604_726
val,oss1ptnx_-_605_618
val,ot19ds70_-_111_635
val,ou1wuixd_-_292_630
val,ou4h5cz0_-_460_726
val,ougmegrf_-_302_786
val,ouo12e1m_-_459_829
val,oxi002xo_-_124_800
val,oxtxjoha_-_498_1017
val,oy4a4psj_-_184_749
val,oy7kq9vf_-_360_627
val,oypjxzdl_-_387_599_-_396_586_-_93_623
val,ozhi9n3h_-_318_653
val,p0boz9va_-_77_613
val,p13c7ymt_-_487_883
val,p2wqoyyi_-_200_696
val,p2z3uir3_-_89_623_-_44_650_-_477_661
val,p2zu1ngp_-_186_755
val,p31ilsbo_-_403_592
val,p3tg62y8_-_122_645
val,p3zpo8n2_-_396_852
val,p4dk3fhr_-_218_799
val,p4kjfmgo_-_97_850
val,p4ph95s5_-_456_785_-_377_756
val,p4xp2i7h_-_371_887
val,p5j4h6zc_-_287_784
val,p61adfay_-_82_738_-_329_739
val,p6a8dn7x_-_202_659
val,p6c0xvy7_-_405_598_-_597_603
val,p6gjsscp_-_200_818
val,p6s69d5w_-_346_635
val,p6zvko3h_-_528_787
val,p7039dfy_-_230_641
val,p7v6eb6n_-_170_792
val,p904xsij_-_213_675_-_203_688
val,p94eu416_-_122_668
val,p959p5ff_-_225_717
val,p98cjum1_-_150_1102_-_126_1140
val,p9dd9tsl_-_424_656
val,p9gb9f7y_-_275_757
val,p9lv6jy9_-_249_744_-_269_724_-_222_736
val,p9pxtom5_-_439_742
val,p9tx2swb_-_211_675
val,pad8h3rk_-_415_834
val,paflj4sd_-_388_771
val,paq5543x_-_127_624_-_142_592_-_142_591
val,pbeaiqlm_-_352_997
val,pbfs6d7u_-_356_622
val,pbjltwi2_-_432_698
val,pcmqfhq4_-_480_788
val,pcpera9v_-_156_812_-_206_787
val,pcqgotl3_-_210_988
val,pcrjbd9f_-_404_797_-_386_862_-_390_786
val,pcx0unqs_-_190_683
val,pdg5u1g3_-_122_634_-_647_733
val,pdnmec2e_-_496_689
val,pdwtmnz5_-_390_836
val,pe1qq04v_-_442_638_-_88_673
val,pe2r1vrf_-_546_776
val,pe5o5l9s_-_425_820_-_342_885
val,petttyrh_-_374_710
val,pf35cinq_-_332_1026
val,pfb4y8ni_-_125_912
val,pfp7juf9_-_359_967
val,pgcf7n8a_-_449_658_-_383_713
val,ph4jy1pu_-_147_620
val,phrh5k98_-_98_696
val,phshkdbo_-_199_600
val,phvq1zqj_-_478_829
val,phxwdxbj_-_383_710
val,pifatdpa_-_398_579
val,pipymyw1_-_244_693_-_447_677
val,pivkpw89_-_479_631
val,pivtw04t_-_536_654
val,pixpx2jv_-_247_775
val,piyhbv9d_-_551_785_-_26_761
val,pj3iplcg_-_236_654
val,pj97kht5_-_398_1185
val,pjer4msl_-_227_815
val,pjgz1lw2_-_449_704
val,pkcjsjih_-_441_696
val,pkun5m82_-_500_745_-_41_813
val,pkybxdp2_-_517_809
val,pl110bqg_-_411_685
val,pl5stugt_-_540_585
val,plnnlp6j_-_81_718
val,plsnycte_-_278_685
val,plsyqe17_-_496_688
val,pm0tn6s6_-_535_891
val,pmdv9x2k_-_448_1125
val,pmfhm49n_-_206_738
val,pmgrd9ep_-_335_803
val,pmj5mu6s_-_452_681
val,pmzq9hbj_-_350_681
val,pngdxs93_-_299_719
val,poaez8it_-_469_620
val,pogi392b_-_351_599
val,pozd8nns_-_202_623
val,ppom2vlo_-_313_659
val,ppqzer14_-_324_1040
val,ppvwrj2z_-_364_1150
val,pqxyv3e1_-_603_733_-_596_710
val,prqegusi_-_607_742
val,ps1nyg2d_-_357_952_-_373_942
val,psa01ois_-_262_775
val,pscslpf6_-_281_732
val,pseq2h0h_-_583_640
val,psrc556b_-_446_730
val,pt1j3rps_-_447_631
val,pt2agecd_-_75_649
val,pt90b94d_-_177_814
val,pti0vchf_-_210_691
val,ptjjxwxw_-_543_569
val,ptqz63ud_-_382_687
val,pu7uqihy_-_259_700
val,pucowfc6_-_94_831
val,punrep8a_-_471_753
val,puztjwmx_-_288_708
val,pv2vl6qh_-_181_849
val,pvg7ej6t_-_292_769_-_288_786
val,pw3q7hup_-_395_864
val,pwgizsd6_-_333_660
val,pwh9xefx_-_231_724_-_221_715
val,px6jwbvi_-_513_654_-_282_648
val,py0nsdwr_-_138_705
val,pyjphlb3_-_533_790
val,pyt2l3ng_-_70_571
val,pzdx6isl_-_399_806
val,pzeq6y01_-_574_736
val,pzf4f77u_-_310_995
val,q04b4dxz_-_343_559_-_213_550
val,q0kjgfx0_-_333_656_-_425_743
val,q0x863io_-_591_651_-_609_652_-_608_597_-_589_629_-_606_642_-_598_629
val,q1d5c3vv_-_385_655
val,q1dcqfm1_-_340_757_-_362_759
val,q1ja1oue_-_466_917
val,q1qaz0zn_-_580_710
val,q1vgpyqr_-_587_646
val,q2wdw935_-_475_913
val,q35o8qrh_-_207_825
val,q38bdbny_-_77_694
val,q3n7b494_-_87_574_-_312_580
val,q3rfcueb_-_419_874
val,q3t3xpu5_-_329_674
val,q4d2t1pr_-_237_684
val,q527nggf_-_596_816_-_595_868
val,q58cv5mc_-_556_949
val,q5e6l73q_-_251_662
val,q60q6qox_-_207_859
val,q60uk517_-_124_806_-_391_748_-_419_722
val,q65g113j_-_262_731
val,q77nicif_-_348_895
val,q79bpnkh_-_344_923
val,q7onxf8e_-_588_929_-_533_948
val,q7sjd5qw_-_89_757_-_492_745
val,q7uqibbn_-_270_753
val,q7w38ort_-_249_922_-_208_782
val,q80oc7yv_-_329_917_-_340_921_-_356_872
val,q8bm42zq_-_503_827
val,q8rrhnv5_-_81_846
val,q8zlk4fz_-_365_674
val,q905a76f_-_336_925_-_248_916
val,q918ifv3_-_558_765
val,q98vy7wc_-_381_683
val,q9lz5v3v_-_258_718
val,qa1lrbx7_-_605_781
val,qa8n5ffn_-_385_701
val,qacyseec_-_413_729
val,qadfwvch_-_193_775
val,qah4glnb_-_144_887
val,qap60x7p_-_321_717
val,qav6t6tb_-_169_906
val,qbdq8uil_-_478_746
val,qc9pf7se_-_365_690
val,qcg4ge5g_-_424_893_-_414_923
val,qcm6fn2m_-_315_913
val,qd7khz8i_-_308_708
val,qdrnu17r_-_155_1208
val,qdvz1gtq_-_372_1191
val,qdwd9b31_-_528_942
val,qe3uoi3c_-_277_870
val,qe78gnun_-_548_802
val,qfnvp2zm_-_244_784
val,qgfw37wb_-_307_855_-_320_850
val,qh638zb6_-_118_577
val,qh7rfpx5_-_565_816
val,qhcbjxef_-_543_686
val,qhd1q72f_-_135_746_-_367_904
val,qi0hdpya_-_503_703
val,qi39dp5l_-_177_738
val,qi6w9881_-_261_767
val,qi9e490m_-_55_563
val,qijczvtb_-_565_741_-_431_690
val,qixphpxx_-_537_796
val,qjj726j8_-_341_679
val,qk3hkubk_-_237_703
val,qkoj9egh_-_269_586_-_251_546_-_182_586_-_216_538
val,qlacvh46_-_443_1065
val,qlcmsr96_-_295_876
val,qm0aydny_-_140_766
val,qmbwavkr_-_203_797_-_201_807
val,qmmktbo2_-_317_774
val,qmowrm1w_-_135_807
val,qn0wn46f_-_129_914
val,qn1fsvpe_-_261_753
val,qn6l6vyf_-_308_763
val,qnl4pavh_-_435_727
val,qns3nn7w_-_469_811
val,qp2fm6lb_-_557_1017
val,qp5fyxy5_-_226_750
val,qp7bybdh_-_561_713
val,qph4bp35_-_305_682
val,qpolq6qr_-_567_579
val,qprvheet_-_144_1103_-_185_1066
val,qps7but3_-_105_951_-_108_832
val,qq5082gy_-_308_943
val,qqd2jk84_-_266_780_-_272_792
val,qqfpbbfp_-_374_778
val,qqpg8m8j_-_72_663
val,qqs1jlxh_-_210_644
val,qr11zrjx_-_411_795
val,qry9a1je_-_123_1017
val,qsy1amso_-_242_680
val,qt1o9o9f_-_359_646_-_577_640_-_590_660_-_382_642
val,qt5643c6_-_566_852
val,qtrnds9w_-_228_692
val,qtrut1a9_-_295_689_-_314_693_-_297_691
val,qtz3vnrh_-_442_570_-_95_535
val,qtzcdy4e_-_347_659
val,qu302722_-_180_684_-_160_709
val,quhn6rgj_-_445_697
val,qv6tkpfr_-_497_691
val,qv83lblh_-_440_1431
val,qvc85pdd_-_55_612
val,qw4yk75e_-_386_654
val,qw6z80ya_-_453_643
val,qw7xdbr3_-_423_1005
val,qw8b7e0h_-_417_664_-_482_680
val,qw8f5k8g_-_592_690
val,qwfwt2b5_-_613_681
val,qx9bt85q_-_563_900_-_580_893
val,qy88vik2_-_67_704
val,qy9x6n8i_-_410_781
val,qyq12lh6_-_148_690
val,qz4ikiro_-_126_647
val,qz5w0rjz_-_95_683
val,qzi9b4ph_-_165_959
val,qzzahlih_-_369_700
val,r08gxqfn_-_389_816
val,r0go2maz_-_105_736
val,r0k00f5b_-_347_782_-_72_771
val,r12pey0n_-_470_879
val,r1klw5ln_-_387_574_-_676_602
val,r1uk6sp4_-_421_666_-_566_571_-_330_620
val,r28ylitn_-_373_852
val,r32wa5qx_-_301_795
val,r34a3baf_-_126_670
val,r3g5jcxm_-_464_854
val,r3lfxvlr_-_400_819
val,r3lwgjxa_-_274_762_-_267_753
val,r3vwojk1_-_73_639_-_50_637_-_46_621
val,r41nog48_-_266_766
val,r4x0dpc7_-_519_1014
val,r6g6y2f6_-_610_561_-_409_635
val,r6ltss3c_-_251_893
val,r6sbusxv_-_429_802_-_452_805_-_348_893
val,r6shqx4d_-_132_578
val,r75eit8c_-_252_670
val,r7ba6h3p_-_443_725_-_443_731
val,r7l794j5_-_189_615
val,r7lshu4g_-_98_766
val,r7p5aswg_-_420_708
val,r7v0t0ko_-_327_786
val,r8ee1wca_-_559_906
val,r8tw7c1e_-_244_698
val,r96e24fg_-_279_1259
val,r973pjjq_-_256_707
val,r97ej8r7_-_265_1036
val,r9bdpp4b_-_583_668
val,r9eoasmg_-_163_709
val,ra2lsdfz_-_332_708
val,ra82dcl7_-_483_741_-_489_751
val,raddxtv6_-_422_743
val,rakn3bl2_-_494_772
val,rcizsbl8_-_211_827
val,rd8giizj_-_296_761
val,rdgny621_-_586_773
val,retmin5j_-_423_1120_-_400_1157
val,rexunpru_-_477_1147_-_510_1163
val,rg7v49sy_-_102_909
val,rgdfcvia_-_306_695
val,rghp7ahn_-_320_634
val,rgww2rss_-_298_702
val,rh6mbehz_-_520_731
val,rhg3w61m_-_339_795
val,rhn4sxj3_-_568_909
val,rhti6vui_-_494_1080
val,rihwdmrr_-_357_715
val,rijoytxh_-_500_732
val,rjdciqvl_-_553_733
val,rjt00awm_-_449_842
val,rjzzf7nx_-_190_949
val,rk9l0uxd_-_416_685_-_104_598
val,rkr9bhj0_-_512_728
val,rljil83p_-_401_952
val,rllvw06w_-_348_668
val,rlnwzke3_-_451_891_-_17_784_-_460_887
val,rlssfbi6_-_488_687
val,rlunt6s2_-_316_728
val,rmfckv87_-_580_794
val,rmnx1oyh_-_325_761
val,rmwbg8n5_-_239_681_-_412_697_-_445_688_-_242_672
val,rnal7nwn_-_579_716
val,rnb0zjbw_-_583_674
val,rnglx0b7_-_528_999
val,rnuaue9l_-_128_754
val,ro0rehe1_-_205_788_-_509_720
val,rokho7x9_-_548_806
val,rouc703x_-_170_1214
val,roukmthh_-_584_665
val,roybvrkv_-_516_726
val,rp7riwfs_-_260_730_-_311_724_-_267_734
val,rpzfhjcl_-_120_594
val,rqzshqki_-_444_795
val,rr0wftro_-_312_669
val,rr1xfgbi_-_506_786
val,rrhpubu6_-_101_846
val,rsc0smtm_-_551_677
val,rsff7kt1_-_252_668
val,rsjnadl4_-_566_740
val,rsx8xuj2_-_552_684
val,rt8xu5eb_-_102_947
val,rtdoua3n_-_342_736
val,rttn166a_-_550_742
val,ru8kz43a_-_141_991_-_129_975_-_138_887
val,ruqhmic7_-_245_549
val,rv2gdyu4_-_516_1104
val,rvqbuuce_-_345_777_-_388_651
val,rvqqiops_-_525_652
val,rvsrwzc6_-_284_803
val,rw0kxmop_-_303_745
val,rwpprron_-_313_820
val,rwsvvc57_-_319_602
val,rxmi01j8_-_452_782
val,ry13jriv_-_252_743_-_226_760_-_192_775_-_268_736_-_279_792
val,ryhxq7m9_-_523_543_-_151_546
val,ryuc3aaj_-_436_693
val,rz158wz0_-_310_803_-_303_801
val,rz5scfl3_-_328_932
val,rzqcq2se_-_592_665_-_215_661
val,s0dv8kum_-_556_628_-_102_580
val,s0dzo7fs_-_251_771
val,s0iayw8n_-_222_815
val,s0ig5d2s_-_436_1311_-_432_1429
val,s0lgg6mg_-_265_1085
val,s0wr1waa_-_470_818
val,s1qi6pw0_-_356_757_-_354_740
val,s25ilocs_-_121_661
val,s286pard_-_161_1064
val,s32qeqhu_-_434_636_-_120_738_-_61_824
val,s3blxflr_-_450_699
val,s451v7sb_-_403_866
val,s5c2qc0f_-_105_652
val,s5eesewr_-_435_634
val,s5gtpsce_-_361_693_-_340_699
val,s5j8u93l_-_267_652
val,s5opfnjy_-_147_755
val,s60ibzg6_-_461_739
val,s60s1smw_-_333_654
val,s69lawe7_-_180_1115
val,s6dskh3q_-_505_628
val,s6ra8ao7_-_555_896
val,s791dhte_-_629_632_-_611_632
val,s7byhxtc_-_271_763
val,s7kjrora_-_600_802_-_17_756_-_595_798_-_52_750_-_575_821_-_618_801_-_20_757_-_575_777_-_8_755
val,s80267g4_-_362_630
val,s80tr346_-_479_683
val,s82mlabx_-_447_703
val,s82z6qh4_-_137_885
val,s85sa31r_-_424_775
val,s87bkr10_-_223_1006
val,s880yytl_-_273_849_-_332_956_-_300_837_-_361_1051
val,s8r4eqxq_-_212_727
val,s92x2icf_-_466_888
val,s995lwok_-_206_812
val,s9gijui7_-_519_687
val,s9x9eq2m_-_437_703
val,sa6kl68s_-_527_753
val,sabj70u4_-_221_626
val,sag053vz_-_366_796_-_349_916
val,sah4ysfo_-_574_813
val,saif6d1r_-_407_555
val,sb1sb4mh_-_464_724
val,sb216575_-_138_858
val,sb6g3e2l_-_284_621
val,sbeidwq5_-_441_746
val,sbv5g75f_-_487_601
val,sbzodejq_-_209_626_-_370_610
val,scnydf50_-_368_743
val,sdcjqx3c_-_391_737_-_310_714_-_436_664_-_387_652
val,se9qnylo_-_470_1285
val,sepfbkqw_-_256_700_-_615_679
val,set2c75k_-_112_725_-_136_736_-_130_746
val,sfbm14cl_-_250_821
val,sfh7fiza_-_341_802
val,sfo2tgx8_-_344_817
val,sg5k1yhy_-_431_725_-_443_720
val,sg75vm4v_-_479_756
val,sg7jfpy3_-_212_592
val,sgb4ykma_-_319_746_-_290_758
val,sgh5j3h2_-_406_847
val,shu3p5zl_-_316_764
val,si1inb38_-_159_848
val,si26asfd_-_459_687
val,si48fs82_-_507_671
val,sitjboh1_-_473_635
val,sizm44qq_-_499_739
val,sj9s60kl_-_534_1024
val,sjbkx6aw_-_257_869_-_616_879
val,sjrld4zd_-_150_801_-_171_855
val,sk327jxt_-_83_799_-_65_804_-_59_801_-_46_826_-_34_783
val,sk5pvwy0_-_355_805
val,skbwfize_-_213_667
val,skkommpc_-_486_1008_-_535_994
val,skq2u5ya_-_420_626
val,slbz713w_-_528_734
val,slduis79_-_549_720
val,sm7xzudy_-_423_697
val,sm802kn7_-_297_657
val,smb0kauw_-_284_809
val,smpc8tbf_-_492_729
val,sn9ybnot_-_356_689_-_34_641
val,snsztrao_-_206_700
val,so3fd1bf_-_621_706
val,sobqwt9a_-_291_685_-_561_717
val,soclwve8_-_304_903
val,soqvuvn6_-_389_822
val,soylvt8f_-_168_888
val,spa87uw4_-_154_585
val,spfaj6vq_-_176_593
val,sqec5s7w_-_454_591
val,sqsb0st1_-_476_756
val,squ7xukh_-_585_721
val,sr6t0g07_-_265_625
val,srtnkou4_-_596_736
val,sso16zxl_-_89_807
val,sszhsaw4_-_177_649_-_199_626
val,su528vf4_-_526_774_-_534_767
val,suamgd6l_-_332_719
val,sv7v45zm_-_383_739
val,sw2tmimw_-_394_724
val,swgeznbh_-_599_703
val,swoqxzlv_-_605_578
val,sx20abr3_-_353_951
val,sx4tygdg_-_594_702
val,sx55b33v_-_365_645
val,sxekhpbn_-_282_789
val,sxfgdk29_-_260_708
val,sxsabst7_-_109_814
val,sxxkmh24_-_593_731
val,sy95341s_-_277_810_-_294_823
val,sy9e3or5_-_158_908
val,sys2e69d_-_502_756
val,szhvqwyy_-_225_632
val,t03ievsb_-_574_748
val,t0l2tuoi_-_212_775
val,t10jl42v_-_285_609
val,t12a9fo1_-_182_775_-_136_758
val,t1cwx3j3_-_265_697
val,t1kszwvz_-_511_689
val,t2011nck_-_168_843
val,t2522u24_-_244_940
val,t2cfp0ws_-_352_665_-_394_661_-_369_670_-_323_621_-_382_666_-_391_666
val,t2gqil4s_-_290_825_-_280_813
val,t3w12nnu_-_317_820_-_317_820
val,t5up8rg8_-_355_873
val,t6u11bp2_-_436_723_-_494_862
val,t72ug226_-_451_736
val,t7leo8rt_-_116_757
val,t7lutbk2_-_519_725
val,t8afah00_-_544_853
val,t8t43i7s_-_392_692_-_338_692_-_324_682
val,t9qqt19x_-_456_734
val,t9r7nt1q_-_166_823
val,t9sdq7n5_-_263_617_-_118_616
val,t9y8yy15_-_497_791
val,ta0gwef2_-_536_652
val,takg46u1_-_382_1180
val,tb3wz3p3_-_196_1199
val,tb4cqnnn_-_500_789
val,tblwsocn_-_173_588
val,tcm9i1kw_-_418_692
val,tctp4n7x_-_223_712_-_31_682
val,tdec1jk1_-_496_1131
val,tdhe9we7_-_135_661
val,te1bxnfm_-_278_780
val,tee95795_-_291_745
val,teuq7bm6_-_478_724
val,tfo8t132_-_203_923
val,tg39tfd1_-_629_637_-_652_641_-_629_621
val,tg5ciyva_-_243_896
val,tg6ojid9_-_265_775
val,tg7sf6c2_-_310_1044_-_311_937
val,tgfft73r_-_254_952
val,tgj7bggg_-_483_763
val,tgkre8rb_-_98_664
val,th9degh7_-_176_577_-_577_574
val,thq3e0mx_-_210_858
val,ti52wves_-_471_1075
val,tj48dl4x_-_163_638
val,tjwcy2w6_-_604_623
val,tkgfj3ja_-_327_678
val,tlth2f80_-_151_751
val,tlxzon3r_-_428_723
val,tm8ynj51_-_147_563
val,tnk5we30_-_499_590
val,tnlfet7m_-_207_679_-_208_616
val,tnmwifvu_-_564_892
val,tnvelq1d_-_459_851
val,toqvo0qo_-_227_632
val,tougltml_-_170_914
val,toy47iy7_-_420_736
val,tozxwltf_-_151_862
val,tp2e1a0l_-_299_731
val,tp75x7wb_-_443_926
val,tp9rzho0_-_611_774
val,tpah1p8a_-_396_698
val,tpdccqss_-_495_666
val,tpoi540d_-_250_740
val,tpu6ztat_-_436_758
val,tpwhrss6_-_158_645_-_130_652
val,tq1rggg9_-_180_796_-_167_786
val,tqjtvcak_-_234_738
val,tqoh452g_-_556_739
val,tqp7fx40_-_619_617_-_136_624
val,tr5whiu1_-_160_713
val,trgsj6pj_-_572_582
val,trky79xg_-_370_682
val,trozvmy8_-_289_882
val,tsf14ejg_-_304_760
val,tt2th9bl_-_612_743
val,tu71h74i_-_260_799
val,tuv72bkm_-_351_1042
val,tv28zf33_-_500_832
val,tvdsrt3p_-_582_870
val,tvm19c4d_-_333_800
val,tvo6yq24_-_83_786
val,tvtx2w1u_-_172_806_-_460_1051
val,tvzoy8rm_-_491_727_-_494_721_-_531_723
val,twjttcc2_-_196_735
val,tx0wlkcw_-_190_827
val,txa4v5d5_-_274_664_-_259_668_-_282_716_-_277_660
val,txcbzcgx_-_235_742
val,txcg1y7j_-_251_687
val,txczmxk1_-_322_645
val,txp1n9bm_-_465_712
val,ty9yw0gl_-_182_585_-_406_609_-_231_768
val,tyfvyz7q_-_276_826
val,tz9m6m2k_-_390_874
val,u03s53gw_-_373_746
val,u0geo4u9_-_461_699
val,u1sti8zl_-_375_762_-_350_754
val,u1x10lpp_-_386_793_-_360_878
val,u2a36p3w_-_474_764
val,u2i3w5ha_-_68_723
val,u3go5uod_-_434_697
val,u3ygh830_-_525_788
val,u43zx8pp_-_417_1002
val,u4cw6yj5_-_388_888
val,u4dclq8n_-_330_717_-_235_779
val,u4h7b108_-_333_936
val,u4uzmxhx_-_359_716
val,u5f21d3j_-_421_794
val,u5v4k7gx_-_356_872_-_329_917_-_340_921
val,u60jy6in_-_569_741
val,u6gcwltn_-_238_1173_-_200_1103
val,u6iui7tt_-_93_945_-_71_935
val,u6m9oag5_-_488_680_-_94_696
val,u73xylrh_-_184_1246
val,u7992ihg_-_470_933
val,u7bufer0_-_300_838_-_283_683
val,u7j6a457_-_101_789
val,u7sb35nb_-_534_750
val,u7ztugy3_-_161_785
val,u80uczdi_-_237_701_-_632_723_-_663_732
val,u8nv6g9s_-_255_1009
val,u91cka12_-_141_717_-_67_723_-_34_886
val,u96jfq8g_-_286_817_-_281_833
val,u9b6f5b4_-_217_848_-_426_1078
val,uae5uhgw_-_76_584_-_625_609
val,uaepx8lu_-_412_676
val,ub7v7daz_-_574_842
val,ub9m63uz_-_378_617
val,ubeqj0kk_-_194_766_-_171_790
val,ubn3xgoo_-_552_834
val,uc0upoz9_-_389_843
val,uch55re1_-_193_1045_-_185_1056
val,udvpimtv_-_261_819_-_296_951_-_332_866
val,udyhlh78_-_257_764
val,uer29v9p_-_454_852
val,ufe3d12w_-_470_656
val,uffw0gwg_-_534_833
val,ufkzc13g_-_188_958
val,ufl9mzlc_-_261_659
val,ugbok9y0_-_449_1192
val,ugmd2dzb_-_409_655
val,ugmvaum6_-_93_934
val,ugsc7qze_-_340_865
val,ugy9krvi_-_600_739_-_652_709
val,uh8huz12_-_78_781_-_670_737_-_82_797
val,uh95vlcn_-_295_696_-_565_600
val,uhjhoy7i_-_428_596
val,uhp5c8p7_-_566_951
val,uhy8ke31_-_226_678_-_201_812
val,uigdnn16_-_428_689
val,uip3x1o4_-_265_656
val,uir84ix5_-_307_753
val,ujeuib97_-_470_644
val,ujkl67kx_-_354_804
val,ujycozov_-_283_746
val,ukc6od6d_-_140_732
val,uklmh1v8_-_293_708
val,ulb6y471_-_142_597
val,ulhhqyov_-_83_817
val,ulxuz7i1_-_374_990
val,um4n6ufc_-_510_728
val,ume10cgm_-_259_789
val,umeqf6u1_-_332_956_-_273_849_-_300_837_-_361_1051
val,umisclq5_-_149_703
val,umj5ygia_-_602_822
val,unoohr8y_-_194_689
val,uo57rwrf_-_391_658
val,upb6rdin_-_446_883_-_86_744_-_494_934_-_89_703
val,upckh62k_-_448_829
val,uql1lr30_-_297_624
val,uqn2shzb_-_259_740
val,ur1y359y_-_211_1034_-_547_903
val,uraibtpa_-_404_858
val,urfm9sdp_-_418_628
val,urlscxij_-_565_827
val,urwihblq_-_417_741_-_394_739
val,us0utrfh_-_565_756
val,uskla91g_-_555_832
val,usmvxw0x_-_486_639
val,usuxzzra_-_228_1365
val,utlse2yg_-_331_740
val,utpaqz6l_-_501_721
val,uucwd3an_-_101_1005
val,uv8j6ezq_-_237_618
val,uvjz6k5w_-_435_876
val,uw6elszl_-_341_774
val,uwfhfls7_-_530_910_-_538_988
val,uwwdt448_-_314_734_-_287_717
val,uxoatc20_-_505_613
val,uxqnduvg_-_421_709
val,uxxw7b61_-_587_855
val,uy56208x_-_218_812
val,uy8m9k31_-_581_641
val,uyj650r8_-_320_711
val,uzwfmoh0_-_464_850
val,v06q2rq9_-_463_867
val,v0d175ak_-_181_677
val,v0ul189m_-_459_684
val,v0zhtsbm_-_108_788
val,v1aeljr7_-_571_648
val,v1ayygj0_-_148_909
val,v1mxefyv_-_314_714
val,v1nhssby_-_230_819
val,v1s6kzy1_-_80_759
val,v1sac3px_-_167_752_-_189_758_-_214_751
val,v1z30s0p_-_100_837
val,v23q4o0q_-_264_748
val,v2j67yv8_-_92_866
val,v31adi4o_-_289_1317
val,v3jxhbsg_-_590_859
val,v3s7m4ao_-_234_766
val,v4941mn7_-_465_819
val,v4cb54sr_-_68_610_-_12_632
val,v507ut27_-_358_546_-_39_604
val,v51imr22_-_445_698
val,v5kjeo0v_-_372_678_-_372_678
val,v67g9a45_-_453_677
val,v6mcb63p_-_463_639_-_463_661_-_440_676
val,v6up41z7_-_253_693
val,v77048bu_-_429_798_-_437_792
val,v79acf54_-_277_674
val,v7aqp1o9_-_357_942
val,v7bupry9_-_570_864_-_537_858
val,v7mis858_-_375_740
val,v7z00rin_-_303_907
val,v8829oe6_-_433_729
val,v937ydmr_-_376_994
val,v9c120x8_-_238_691
val,v9dyaono_-_367_724
val,v9rso8sl_-_314_739
val,vap6yx7v_-_229_746
val,vb42dfo3_-_555_799
val,vbqljia9_-_153_733_-_149_800
val,vbzqhbzb_-_581_667
val,vc20vqt2_-_355_747
val,vc5tl3nc_-_571_663
val,vc78md0q_-_143_934_-_222_897_-_622_993_-_657_1005_-_151_923_-_649_973
val,vcbluuww_-_351_763
val,vcnm0t4g_-_459_750
val,vdnjszib_-_413_752
val,vdxapgul_-_420_578
val,vem6boc3_-_100_658
val,vemy58iv_-_395_784
val,vf0fi6rd_-_136_775
val,vf8q1dh6_-_81_662
val,vfawpvxp_-_444_879_-_424_701
val,vfh3269k_-_191_694
val,vg1c950x_-_364_555
val,vg3a286h_-_418_783
val,vga6dfpl_-_594_683
val,vgdfiddc_-_478_695
val,vgfskjkq_-_200_913
val,vggij8p7_-_509_691_-_154_679_-_461_675_-_467_673
val,vgrjaede_-_295_601
val,vhbns669_-_400_713
val,vhg1ii02_-_218_955
val,vhttz12p_-_550_1027
val,vi15vr82_-_389_760
val,viujqtkz_-_450_763
val,vivxoasd_-_390_982
val,vj1xanfu_-_185_763
val,vj6ozyur_-_165_659
val,vjy3yayu_-_143_953
val,vjz6qgfw_-_218_692
val,vk6s4guz_-_254_604_-_341_649
val,vkduizlg_-_368_717_-_337_704_-_359_702_-_317_708
val,vkfy4p5z_-_560_730
val,vl0j114k_-_582_817
val,vl43rm6m_-_324_755
val,vl4tnstg_-_132_917
val,vlo05ffl_-_529_778
val,vlougy8o_-_165_782_-_197_794
val,vncssfzd_-_134_829
val,vnofv33v_-_544_930
val,vo0lqmcb_-_254_660
val,vo32yr56_-_369_927
val,vof141ps_-_93_675
val,vof4c9zr_-_617_677_-_591_665
val,voodhapc_-_59_629
val,vp2e8dbn_-_446_845_-_486_794_-_465_838_-_483_813
val,vpivuauj_-_456_997
val,vr1to3ad_-_255_1356
val,vrfc4xj1_-_220_681
val,vrww4rbc_-_552_657
val,vrxkjwmb_-_373_609
val,vs3xdwjz_-_103_878
val,vsd97g9n_-_276_675_-_598_667
val,vsopvgbe_-_85_693
val,vsq5l59v_-_505_727_-_136_760
val,vst36qvz_-_466_680
val,vszcyzo2_-_588_661
val,vtab4hqp_-_239_743_-_180_780
val,vth1wq90_-_394_830
val,vtj0k788_-_362_757
val,vtmiaz2q_-_243_791
val,vtsju1vp_-_370_661_-_100_639
val,vttr92sg_-_394_934_-_575_795
val,vtzyur4y_-_469_1009
val,vu1gf9uy_-_465_695
val,vuipmi35_-_552_812_-_466_813
val,vvghukub_-_348_770
val,vvigak2o_-_317_862
val,vvp3h2je_-_349_544
val,vw0mqwdr_-_283_770
val,vw3upses_-_593_714_-_83_756
val,vwfzh40e_-_295_845
val,vwqqtee6_-_356_762
val,vwrdn0l8_-_475_640_-_648_665
val,vwsac2x5_-_529_774
val,vxh6w2rb_-_237_681_-_605_701
val,vxha7tas_-_76_729
val,vy378vh7_-_548_702_-_122_756
val,vyg6tycc_-_583_658
val,vze0kj0q_-_485_668
val,w0n8wg6d_-_212_787
val,w0zwftap_-_87_715
val,w17u7gzs_-_158_633_-_154_628
val,w1b23hf9_-_503_705_-_542_710_-_486_754_-_477_623
val,w1g1b5v9_-_243_826
val,w299fr2s_-_488_780
val,w2cuau3x_-_450_739
val,w2oaaoil_-_490_780
val,w2tu472v_-_185_722_-_199_725
val,w38sef8o_-_250_757
val,w39yfnm1_-_254_548
val,w3v0r0c2_-_383_677
val,w3x8xecg_-_84_755
val,w3z023im_-_480_1087
val,w4k8i4b4_-_566_666
val,w4vnijug_-_481_727_-_445_740
val,w6526y3h_-_72_688
val,w6kpto2h_-_232_807
val,w6mq0z0v_-_606_668_-_417_818
val,w71bvf4n_-_198_792
val,w8clqlmm_-_209_640_-_248_634
val,w8lxt6mz_-_474_775
val,w8n63tsi_-_540_910
val,w96u5jpb_-_314_705
val,wa940ffj_-_361_911
val,waa3b7gy_-_445_1174
val,wb7mikfu_-_116_767_-_69_780
val,wbghastm_-_472_1155
val,wbqd4zmg_-_109_785_-_483_752_-_71_810
val,wc2pwv24_-_340_651
val,wcf1tw83_-_486_905
val,wciyet3r_-_174_605
val,wda3jra1_-_494_971
val,wdcn1e0b_-_487_878
val,wdngn6yi_-_218_773
val,wdq0umsy_-_513_760
val,wdw7i9d2_-_197_699
val,wdzxstok_-_79_730
val,wea5chyp_-_611_679
val,weynmmsw_-_357_876
val,wf30j1ve_-_403_781
val,wfasa5dz_-_587_816
val,wfcf1v1e_-_148_877_-_230_918
val,wfiphlzd_-_243_896
val,wfk7ctwz_-_90_756
val,wgbd1j50_-_241_675
val,wgc5amlz_-_332_661_-_28_675
val,wgdde3m3_-_579_687
val,wgjybuw2_-_333_882
val,whfot9n1_-_311_697_-_286_705
val,whkgxu9g_-_546_746_-_240_643
val,whn53gyn_-_407_636
val,whs726vc_-_182_783
val,whu79hmp_-_126_901
val,wi1csxjh_-_557_837_-_494_708
val,wie7eptb_-_143_734_-_257_626
val,wifymw8h_-_557_741
val,wijyqvea_-_343_807
val,wj10gy0m_-_543_881
val,wj42aoak_-_329_584
val,wja5fyws_-_350_747
val,wjcka1u0_-_533_757
val,wjfcqccw_-_533_780
val,wjiogsif_-_443_589
val,wjk2euou_-_431_790
val,wjnenyr1_-_585_648
val,wjtmu8g3_-_211_750_-_277_754_-_169_767
val,wkedzf1d_-_367_816
val,wkft10x4_-_110_808
val,wkv9jh6q_-_567_1102
val,wliuk0mo_-_369_631
val,wmfzqy23_-_629_525_-_82_520
val,wmgoea10_-_220_621
val,wmwhxlhh_-_224_635
val,wof64ajo_-_495_683
val,wou3zr9y_-_422_769
val,woxdrh1l_-_250_1195
val,woy1g89z_-_393_812
val,wp498umz_-_115_640
val,wpbi0wcj_-_376_737
val,wph3vc4l_-_490_611
val,wppjfq2w_-_258_744
val,wq8dt7zt_-_223_1045
val,wr4vgbsw_-_494_829
val,wrnsuevd_-_97_672
val,wrsqhmrt_-_304_768
val,wsbkqayl_-_81_839
val,wtonjt5r_-_296_610_-_314_596
val,wtvfs5aw_-_317_757
val,wuoruzca_-_54_654
val,wv2snh7v_-_198_797
val,wvhtttcx_-_248_882
val,wwfgmxxy_-_337_867
val,wwj6whtr_-_388_879
val,wx035rzh_-_541_827
val,wxlkkgq3_-_449_708
val,wxmolajv_-_232_645
val,wxs613q3_-_504_665
val,wxyyg4er_-_150_841_-_75_743
val,wy0z3qs5_-_435_872_-_332_1078
val,wy4bdmcj_-_165_723
val,wydfwfm1_-_573_979
val,wydl1n5s_-_176_708
val,wyib0mxj_-_280_711
val,wynt1s63_-_97_725
val,wypyodt0_-_368_1009
val,wyvttnc2_-_283_768
val,wziv8q28_-_123_868_-_629_801
val,wzu1ci5i_-_437_686
val,x0840ewv_-_157_683
val,x0f7b0jb_-_600_695
val,x11snzd0_-_543_780
val,x13y4ef6_-_240_737
val,x14e07oe_-_158_788
val,x1m8t9tn_-_348_617
val,x1zqjrmc_-_330_758
val,x26m5uqa_-_178_639
val,x2l5hx1e_-_297_962_-_115_718
val,x2mk2nkf_-_403_844
val,x2qsisqm_-_389_624
val,x2xdebk1_-_374_659
val,x507e57a_-_283_920
val,x58xuwnf_-_100_891
val,x5xvs0yk_-_515_790_-_189_804
val,x5yxmuch_-_519_906
val,x61wtur9_-_62_713
val,x63di1ez_-_279_667
val,x6agx001_-_587_705
val,x6k2b1kk_-_369_707
val,x6ojofu9_-_229_669
val,x6w4tond_-_607_793
val,x7equod3_-_194_973
val,x7mc0oce_-_421_1013
val,x7rkj1m7_-_268_930
val,x8jswazj_-_454_655_-_409_686_-_432_700
val,x8khxosr_-_314_698
val,x8kndfti_-_297_644_-_286_664_-_580_668
val,x8nlsgmd_-_353_754
val,x8zqkchm_-_168_787
val,x9fu5zto_-_381_568_-_270_574
val,x9kjxsg4_-_327_586
val,x9vxiqg6_-_353_675
val,x9zv09iz_-_269_704
val,xafidsi6_-_364_1042
val,xbitu6am_-_142_649
val,xbnfmw1d_-_430_837_-_475_848
val,xbqe1deq_-_126_829
val,xc6eb5on_-_304_697_-_604_706
val,xcd6tt6b_-_459_596
val,xcnqfnak_-_84_671
val,xcx73h1s_-_343_818
val,xd4bzzcl_-_368_631
val,xdnmosub_-_520_600
val,xdo5l0ny_-_107_688
val,xdxqdde0_-_114_642
val,xdy7msxk_-_417_1183
val,xecjme67_-_201_792_-_211_789_-_190_781
val,xef8jkjx_-_341_759
val,xf64y42l_-_532_707
val,xf6hulw8_-_544_762
val,xff31otp_-_77_654
val,xfpzg463_-_500_797_-_535_793
val,xfrknp91_-_454_528
val,xfyvnp15_-_504_1287
val,xg2lsxx2_-_506_869_-_443_868
val,xgq3xdko_-_299_861
val,xgtd3584_-_392_1305
val,xgvy628r_-_209_653
val,xgxei6sw_-_202_905
val,xgxo3b0b_-_571_981
val,xh0xpno7_-_166_645
val,xh74k1tb_-_594_892
val,xhd7qdu2_-_346_568_-_618_594
val,xhxdqpx4_-_350_652
val,xic57lcq_-_154_866_-_182_899
val,xj1jteii_-_598_795
val,xj5ipb6z_-_86_599_-_111_594
val,xja664ew_-_83_689
val,xjncqoou_-_458_833_-_452_838
val,xjpn4rdz_-_179_970_-_369_862
val,xjtlmj4m_-_280_769
val,xjwylfij_-_469_504_-_281_554
val,xkcdgk0x_-_406_730_-_636_739
val,xl4l4rhm_-_318_836
val,xl6y4w9i_-_401_692
val,xlb8y8tk_-_74_663_-_503_666
val,xlctn92p_-_383_739
val,xljyppzz_-_512_514
val,xlqydhas_-_461_803_-_487_824
val,xmfgmt4j_-_487_743
val,xmuhztu8_-_527_612
val,xmy45fzw_-_432_926
val,xn6ryoh1_-_298_663_-_486_670
val,xo7l6gev_-_481_832
val,xozt9jaa_-_469_678
val,xpovmefk_-_598_585
val,xpxswwui_-_114_774
val,xpyiilr1_-_393_732_-_425_743_-_107_806
val,xqmnnqox_-_350_662
val,xrgsmlba_-_130_637
val,xrq4xe8j_-_135_805_-_237_892
val,xrqy78sd_-_185_717
val,xrre33ri_-_485_836
val,xruh7xnq_-_476_1097
val,xs285or3_-_435_646_-_453_663_-_430_671
val,xs9w6erf_-_425_810
val,xsf7vsf2_-_377_604
val,xsn3fgxv_-_291_579
val,xswobp1r_-_166_977_-_104_1000
val,xt0u2fpj_-_504_807
val,xt6rg2yn_-_98_827
val,xtbg7xo1_-_433_649
val,xtfbyct7_-_412_767
val,xtp6kcwb_-_512_781
val,xusg3yrb_-_582_775
val,xv8yaxsl_-_331_724
val,xvb6jogx_-_297_572
val,xvew0ufb_-_541_831
val,xvgdl81p_-_422_729
val,xw0q8bl5_-_362_737
val,xwprduv4_-_275_690
val,xx2v4mua_-_168_637_-_642_650
val,xxg6tjil_-_278_1172
val,xxv1nvvv_-_164_754
val,xy2dgusk_-_465_705
val,xykv2mab_-_499_703
val,xyo00glg_-_490_649
val,xz2x4wx9_-_154_631_-_593_622
val,xz3al866_-_234_864
val,xz87r5w3_-_404_1017_-_353_957
val,xzfigbzy_-_87_497
val,xzm9p7uh_-_581_713
val,y055s5z5_-_471_871
val,y05l6vbp_-_355_756
val,y0zayt1c_-_301_919
val,y16yhodx_-_144_694_-_153_705
val,y1ilhhj9_-_161_673
val,y1wo8whe_-_339_825
val,y1xftq20_-_437_1113
val,y24jinrt_-_326_738_-_602_992
val,y24u9xxs_-_578_720
val,y2bttmdk_-_211_618
val,y2yyip2n_-_314_728
val,y3dlll2b_-_168_644
val,y4kae12z_-_488_594
val,y4m4foev_-_260_792
val,y56grljw_-_527_691_-_289_688
val,y57bc2ao_-_69_634
val,y5rimrl2_-_162_864
val,y5tleksy_-_604_739
val,y6hu04by_-_296_765
val,y6ulva74_-_500_702
val,y6xjnle0_-_280_727
val,y6ztv7rk_-_232_568
val,y7mo776x_-_322_724_-_88_682
val,y7rgqdv9_-_352_821
val,y7upr1ex_-_141_708
val,y86dzl7p_-_152_828
val,y8lvzl6y_-_539_886
val,y8pfuk2w_-_406_804
val,y8qgj2es_-_306_792
val,y8qx9lph_-_337_608
val,y94u8scf_-_249_894
val,y9jsq40s_-_361_689
val,y9lvzg6v_-_293_617_-_80_515
val,y9q6od94_-_418_763
val,y9v364wx_-_124_954
val,y9xf4sac_-_626_543
val,ya1chcnb_-_521_698
val,ya29ij3m_-_47_605
val,yakbm5hl_-_615_708
val,yan87ogo_-_208_707
val,ybgw1up9_-_176_1037
val,yc9xzcwi_-_518_984
val,ycgo7hzn_-_371_747_-_357_658
val,ycx7dqhf_-_384_709
val,yd08l7ja_-_511_510
val,yd0cfqxp_-_464_663
val,yd0m0vtg_-_476_565_-_63_623
val,ydmnjatp_-_193_796
val,ydrmk63s_-_450_673
val,yduvea37_-_555_1006
val,ye7m63we_-_239_716
val,yes40e83_-_262_1301
val,yev3pgh6_-_220_505
val,yfb69glv_-_627_527_-_210_599
val,yfeanzhv_-_416_764_-_417_754
val,yfsg9v04_-_317_708_-_337_704_-_359_702_-_368_717
val,yfvgp2ag_-_542_865
val,yg1sxxzy_-_57_588
val,yga3kf52_-_360_946
val,yglhdxim_-_102_745_-_15_814
val,ygvky585_-_238_645
val,ygxgjsvd_-_177_829
val,yh29idtt_-_240_995
val,yh3iy3ls_-_294_783
val,yh3r75m3_-_530_858_-_653_967
val,yh75dagn_-_200_727
val,yh797xku_-_84_844_-_140_841_-_243_848
val,yh8829yh_-_114_777
val,yhb2bdt5_-_594_814
val,yhhur8pq_-_194_719
val,yhllavrs_-_546_1040
val,yhszc224_-_241_620
val,yhxh5nfh_-_411_801
val,yifwv598_-_579_660
val,yihvgyxe_-_539_596_-_212_629
val,yihyo0fc_-_430_758
val,yikbr40z_-_601_576_-_280_557
val,yjd77qx6_-_405_971
val,yjg6mcce_-_352_786
val,yk524ei6_-_364_655_-_337_661
val,ykaq1nh5_-_368_600
val,ykngoqd2_-_177_687
val,yl2s2giu_-_480_720
val,yl5rvkip_-_432_844_-_439_686
val,yl9oiuxc_-_442_676
val,ylc0fqvk_-_323_792_-_562_1234
val,ym48dwie_-_404_661
val,ym9p0yqu_-_150_1181
val,ymejr5ug_-_632_554_-_395_566
val,ymtqpqgx_-_175_961
val,ymza86yo_-_230_666
val,yodyn9i6_-_220_983
val,yoeh3wvf_-_389_718
val,youp6y5x_-_380_754
val,yov87x8t_-_287_935
val,yow1yy19_-_318_720
val,yqb5wh7m_-_218_733_-_232_737
val,yqc90u3n_-_562_827
val,yqqgsul8_-_226_651
val,yqtvqm92_-_326_796
val,yrcuam8k_-_353_703_-_327_731_-_332_693
val,yrkel4cc_-_476_885_-_476_895
val,ys5jddkq_-_503_752
val,yscsali3_-_552_664
val,ysnq45cq_-_540_656
val,ysuem43p_-_270_874
val,ysyba13y_-_145_715
val,yt0vyd4d_-_152_711
val,ytmo5i3v_-_138_813
val,yubcx2yy_-_248_634_-_410_655
val,yvk8funn_-_463_764
val,yvq2ybok_-_560_770
val,ywbktlgn_-_159_774
val,ywensr3e_-_101_697
val,ywvs5u9z_-_457_676_-_13_706
val,yx6uxoo0_-_583_756
val,yxcqyd3a_-_565_813
val,yxexk7dl_-_396_691
val,yxh7wpoq_-_108_753
val,yxi6ef51_-_500_792
val,yxklaxkt_-_432_708
val,yy0z2py8_-_545_695
val,yya1o5dk_-_437_655
val,yyj9cmgb_-_448_698
val,yymgtmgo_-_449_658
val,yysjy93m_-_190_704
val,yyyyuzrt_-_436_753
val,yzimvavk_-_591_752
val,yzit7j07_-_210_732
val,yzos0g24_-_216_724
val,yzs4fcna_-_513_676
val,z065zbc3_-_572_818
val,z08tcbsu_-_307_660
val,z09ggvyx_-_120_654_-_460_623
val,z0f5zm9b_-_316_740
val,z0gkn6ei_-_349_643
val,z0gvo5q5_-_99_950
val,z0jr9lrp_-_393_632_-_144_643
val,z0ndct1k_-_521_624_-_168_634
val,z0pz9ojo_-_284_799
val,z13oeicr_-_454_668
val,z1vu9stn_-_408_664
val,z22fa2fn_-_553_879
val,z265xirt_-_450_702
val,z2fae00v_-_77_703
val,z2vtypwi_-_101_672
val,z32bbtlp_-_452_708_-_389_720
val,z3h1ptpw_-_66_646
val,z3h3a2b7_-_432_678_-_248_808
val,z3pdrl1z_-_428_725
val,z3x7rbex_-_97_734
val,z3ylzmxl_-_321_710
val,z44wz811_-_230_648
val,z4tmhznq_-_408_839
val,z56lnsbz_-_120_989
val,z5fzy8ru_-_536_711
val,z613gqh4_-_460_1029
val,z67zdpwi_-_304_645
val,z6e0qonf_-_417_806
val,z6frpobc_-_510_832
val,z6j6vmre_-_608_680_-_195_682
val,z6tmy877_-_487_858
val,z6wh33gx_-_328_1029
val,z719aci1_-_421_692
val,z88wgnyp_-_567_716_-_605_731_-_257_654_-_596_699_-_213_661_-_240_662
val,z8dyyo1h_-_287_826_-_285_833_-_279_831
val,z8gb4z91_-_586_870
val,z8xv1x3u_-_459_1084
val,z8zjbgtl_-_166_657_-_173_625
val,z9d2ruxq_-_212_643_-_100_648
val,z9fu3jni_-_325_928
val,z9kpoxav_-_405_695
val,z9n63jic_-_286_854
val,z9uewavv_-_342_758
val,z9up3wqs_-_480_788
val,za3ygign_-_508_899
val,za98q96r_-_328_630
val,zau719mq_-_150_798
val,zb79b20o_-_362_686
val,zbrtkgid_-_97_757_-_84_757
val,zc3h2mtq_-_234_702
val,zc4e1d0o_-_476_797_-_80_924
val,zcmnsaye_-_369_917
val,zcuy29ra_-_340_841
val,zd7vp2ip_-_270_716
val,zdncm9ne_-_215_868
val,zduu53rx_-_369_599
val,zdyi9g9l_-_344_733
val,ze3l462v_-_78_579_-_367_685
val,zf9twoen_-_325_808
val,zfbr2p8x_-_527_685_-_519_696_-_508_682_-_511_678_-_496_683
val,zfllkz4a_-_144_1251
val,zgi1oz5x_-_480_670
val,zgj1fsx6_-_232_1037
val,zgn3cbym_-_534_660
val,zgrelpic_-_537_829
val,zhzbhv6e_-_349_804
val,zi3c4i0o_-_533_530_-_489_622
val,zijf66a9_-_76_740_-_664_804
val,zikuon7j_-_461_840
val,ziv6t76g_-_264_716_-_246_709
val,zj63uzvf_-_113_1018
val,zj9rwmbg_-_347_773
val,zjbo5xq8_-_151_711
val,zjz862lh_-_482_587
val,zk7l8sbq_-_423_646
val,zkje209u_-_593_780
val,zl14zpg7_-_591_603
val,zld8bs2q_-_603_743
val,zm08zxqs_-_548_665
val,zmocq85p_-_113_918
val,zmys1pr4_-_248_783
val,zmzkusuw_-_546_719
val,znss6bur_-_309_858
val,zntnmcuo_-_490_637
val,znvcep7a_-_343_932_-_251_935
val,zo6ib28g_-_181_1325
val,zol2rqrm_-_279_921
val,zot6bc17_-_294_873
val,zphvzfie_-_140_759
val,zpkt936l_-_318_589_-_240_597
val,zpu4dslx_-_482_1222
val,zpvqa8ug_-_341_1195_-_263_1026_-_110_999
val,zqgv83pu_-_445_1014
val,zr0vzedb_-_333_786_-_303_901
val,zr5il8hk_-_243_571
val,zrce26n0_-_274_918
val,zrhuxz1w_-_503_673
val,zrsbil4y_-_395_986
val,zrz7wr6n_-_478_727
val,zsh0ziay_-_411_851
val,zsqhlior_-_462_718
val,zsvxv2mt_-_203_782
val,zt2czc9k_-_408_572
val,ztc3rz52_-_484_688
val,ztec4gew_-_390_687
val,ztjz6agn_-_455_670
val,zu41zxwe_-_283_840
val,zv0brbvb_-_407_866
val,zvg363jl_-_524_685
val,zvipuh2r_-_442_648
val,zvjhnjle_-_578_777
val,zwqy3u5d_-_436_591
val,zwyho47t_-_83_831
val,zxfa95m5_-_553_634
val,zxlrvqw2_-_268_862
val,zxqb40vc_-_600_724_-_177_642_-_501_652
val,zy2ae0l0_-_267_696
val,zy8ie5po_-_388_714
val,zyivudyh_-_274_777
val,zyqatk2k_-_255_728
val,zyt01cx1_-_64_711
val,zzug2i5a_-_459_662
