group,arm,threshold,precision,recall,f1,precision_lo,precision_hi,recall_lo,recall_hi,tp,fp,fn,ignored,dets_per_pano,n_panos
richmond,single,0.05,0.5861344537815126,0.9,0.7099236641221374,0.5413702463273281,0.6295194806158965,0.8615534468113268,0.9286540973765693,279,197,31,61,4.330645161290323,124
richmond,single,0.1,0.7057291666666666,0.8741935483870967,0.7809798270893371,0.6582910304986674,0.7490917773280329,0.8326377080132019,0.9065887042916039,271,113,39,53,3.524193548387097,124
richmond,single,0.15,0.7797101449275362,0.867741935483871,0.8213740458015267,0.7330292678107333,0.8202304351604719,0.8254905717664517,0.900990557567582,269,76,41,49,3.1774193548387095,124
richmond,single,0.2,0.8391167192429022,0.8580645161290322,0.8484848484848484,0.7946470331018998,0.8754655707499699,0.814823057638364,0.8925401472395106,266,51,44,46,2.9274193548387095,124
richmond,single,0.21,0.8434504792332268,0.8516129032258064,0.8475120385232745,0.7990581098026278,0.8795144008777879,0.8077445233523237,0.8868733985547783,264,49,46,46,2.8951612903225805,124
richmond,single,0.22,0.8506493506493507,0.8451612903225807,0.8478964401294499,0.8065334835162927,0.8861258666153127,0.8006908671993967,0.8811817717369329,262,46,48,46,2.8548387096774195,124
richmond,single,0.23,0.8590163934426229,0.8451612903225807,0.8520325203252033,0.8154819765266399,0.8936193880563696,0.8006908671993967,0.8811817717369329,262,43,48,46,2.8306451612903225,124
richmond,single,0.24,0.8646864686468647,0.8451612903225807,0.8548123980424144,0.8215757236317855,0.8986655995786266,0.8006908671993967,0.8811817717369329,262,41,48,46,2.814516129032258,124
richmond,single,0.25,0.87248322147651,0.8387096774193549,0.8552631578947368,0.829815580670522,0.9056695214492653,0.7936608465298463,0.875466509435711,260,38,50,44,2.7580645161290325,124
richmond,single,0.26,0.8754208754208754,0.8387096774193549,0.85667215815486,0.8330022877455314,0.908251581400225,0.7936608465298463,0.875466509435711,260,37,50,41,2.725806451612903,124
richmond,single,0.27,0.8779661016949153,0.8354838709677419,0.8561983471074379,0.8356786283618388,0.9105360887324346,0.7901543445561301,0.8726003699240408,259,36,51,40,2.7016129032258065,124
richmond,single,0.28,0.8865979381443299,0.832258064516129,0.8585690515806988,0.8450180700478692,0.9181035518670845,0.786653339156912,0.8697287338378726,258,33,52,40,2.6693548387096775,124
richmond,single,0.29,0.8923611111111112,0.8290322580645161,0.8595317725752508,0.8512652052491574,0.9231274790014774,0.7831577063312003,0.866851725178198,257,31,53,40,2.6451612903225805,124
richmond,single,0.3,0.9017543859649123,0.8290322580645161,0.8638655462184874,0.8616713574798227,0.931150729089425,0.7831577063312003,0.866851725178198,257,28,53,39,2.6129032258064515,124
richmond,single,0.31,0.9049295774647887,0.8290322580645161,0.8653198653198654,0.8652118922333921,0.9338386967016333,0.7831577063312003,0.866851725178198,257,27,53,39,2.6048387096774195,124
richmond,single,0.32,0.9113475177304965,0.8290322580645161,0.8682432432432432,0.8724067122558754,0.9392316217025127,0.7831577063312003,0.866851725178198,257,25,53,37,2.5725806451612905,124
richmond,single,0.33,0.9178571428571428,0.8290322580645161,0.8711864406779661,0.8797608902795274,0.944642579824925,0.7831577063312003,0.866851725178198,257,23,53,37,2.556451612903226,124
richmond,single,0.34,0.9175627240143369,0.8258064516129032,0.8692699490662139,0.8793407737203017,0.9444418664570978,0.7796673278041082,0.8639694622199039,256,23,54,36,2.5403225806451615,124
richmond,single,0.35,0.9205776173285198,0.8225806451612904,0.8688245315161841,0.8826808167537029,0.9469683520304087,0.7761820906701136,0.8610820578685123,255,22,55,35,2.5161290322580645,124
richmond,single,0.36,0.92,0.8161290322580645,0.8649572649572649,0.8818490395543437,0.9465782826242697,0.7692266138617689,0.8552922517060844,253,22,57,32,2.475806451612903,124
richmond,single,0.37,0.9227941176470589,0.8096774193548387,0.8625429553264605,0.8848608129104508,0.9489510559302171,0.7622904681951506,0.8494831144019304,251,21,59,31,2.443548387096774,124
richmond,single,0.38,0.9261992619926199,0.8096774193548387,0.8640275387263339,0.8887633472186236,0.9517207716338354,0.7622904681951506,0.8494831144019304,251,20,59,30,2.4274193548387095,124
richmond,single,0.39,0.9261992619926199,0.8096774193548387,0.8640275387263339,0.8887633472186236,0.9517207716338354,0.7622904681951506,0.8494831144019304,251,20,59,30,2.4274193548387095,124
richmond,single,0.4,0.9328358208955224,0.8064516129032258,0.8650519031141869,0.8963412412261442,0.9570969374779248,0.7588294107600202,0.8465715303516743,250,18,60,30,2.403225806451613,124
richmond,single,0.41,0.939622641509434,0.8032258064516129,0.8660869565217392,0.9041836582098077,0.9624976887245953,0.7553729133237199,0.8436553863025884,249,16,61,29,2.370967741935484,124
richmond,single,0.42,0.9393939393939394,0.8,0.8641114982578397,0.9038292710637583,0.9623543240163188,0.7519208926555659,0.8407347654853562,248,16,62,28,2.3548387096774195,124
richmond,single,0.43,0.9427480916030534,0.7967741935483871,0.8636363636363636,0.9076987284541478,0.965001405761114,0.7484732688680558,0.83780974778748,247,15,63,28,2.338709677419355,124
richmond,single,0.44,0.946360153256705,0.7967741935483871,0.8651488616462346,0.9119885203585181,0.967782633417928,0.7484732688680558,0.83780974778748,247,14,63,25,2.306451612903226,124
richmond,single,0.45,0.95,0.7967741935483871,0.8666666666666667,0.9163454493344562,0.9705503244934769,0.7484732688680558,0.83780974778748,247,13,63,25,2.2983870967741935,124
richmond,single,0.46,0.953307392996109,0.7903225806451613,0.8641975308641976,0.920171104227657,0.9730913201709053,0.7415909080463355,0.8319468256384276,245,12,65,25,2.274193548387097,124
richmond,single,0.47,0.953307392996109,0.7903225806451613,0.8641975308641976,0.920171104227657,0.9730913201709053,0.7415909080463355,0.8319468256384276,245,12,65,25,2.274193548387097,124
richmond,single,0.48,0.9568627450980393,0.7870967741935484,0.863716814159292,0.9244193955188316,0.9757450293649583,0.738156026412939,0.829009065786438,244,11,66,24,2.25,124
richmond,single,0.49,0.9566929133858267,0.7838709677419354,0.8617021276595744,0.9241283626454744,0.9756488649236996,0.7347252521633211,0.8260671985506695,243,11,67,24,2.2419354838709675,124
richmond,single,0.5,0.9603174603174603,0.7806451612903226,0.8612099644128114,0.9285060598982072,0.9783050294633354,0.7312985196885865,0.8231212895400181,242,10,68,24,2.225806451612903,124
richmond,single,0.55,0.9635627530364372,0.7677419354838709,0.8545780969479354,0.932212608981901,0.9807141144961824,0.7176307783623134,0.811298464924746,238,9,72,20,2.153225806451613,124
richmond,single,0.6,0.9666666666666667,0.7483870967741936,0.8436363636363637,0.9356144031625503,0.983014739690843,0.6972406638388844,0.7934527305358576,232,8,78,14,2.0483870967741935,124
richmond,single,0.65,0.9823008849557522,0.7161290322580646,0.8283582089552238,0.955383012489435,0.9930962880375364,0.663529883318262,0.7634370962026175,222,4,88,11,1.9112903225806452,124
richmond,single,0.7,0.9857142857142858,0.667741935483871,0.7961538461538461,0.9588471765978211,0.9951299728436348,0.6135356247818708,0.7178417324582145,207,3,103,9,1.7661290322580645,124
richmond,single,0.75,0.9897435897435898,0.6225806451612903,0.7643564356435644,0.9633807239320857,0.997182860348065,0.5674288431069112,0.6747315333377666,193,2,117,5,1.6129032258064515,124
richmond,single,0.8,0.9887640449438202,0.567741935483871,0.7213114754098362,0.9599634213341491,0.9969133329399004,0.512097971084922,0.6217275001081894,176,2,134,3,1.4596774193548387,124
richmond,single,0.85,0.9933774834437086,0.4838709677419355,0.6507592190889371,0.9634436690411698,0.9988300351830177,0.4287782788337001,0.5393585137393686,150,1,160,2,1.2338709677419355,124
richmond,single,0.9,1.0,0.2903225806451613,0.45000000000000007,0.9590629315783191,0.9999999999999999,0.2426041864988482,0.34317411695104505,90,0,220,2,0.7419354838709677,124
richmond,tta,0.05,0.530188679245283,0.9064516129032258,0.669047619047619,0.4876332220543856,0.5723096523862725,0.8688770691091737,0.9340757580494948,281,249,29,63,4.782258064516129,124
richmond,tta,0.1,0.6798029556650246,0.8903225806451613,0.770949720670391,0.6329163567281648,0.7233188326718374,0.8506435532323692,0.9204460664993682,276,130,34,54,3.7096774193548385,124
richmond,tta,0.15,0.7479452054794521,0.8806451612903226,0.8088888888888889,0.7009758841350974,0.7897496739364435,0.8398153285894756,0.9121563666861028,273,92,37,50,3.346774193548387,124
richmond,tta,0.2,0.7928994082840237,0.864516129032258,0.8271604938271605,0.7465239676269825,0.8326916690889702,0.8219278518544209,0.8981806359942264,268,70,42,45,3.088709677419355,124
richmond,tta,0.21,0.8072289156626506,0.864516129032258,0.8348909657320872,0.7613786308328647,0.8460505857978327,0.8219278518544209,0.8981806359942264,268,64,42,45,3.0403225806451615,124
richmond,tta,0.22,0.8190184049079755,0.8612903225806452,0.8396226415094341,0.7735874092610519,0.8570183117880822,0.8183720798699635,0.8953637664932975,267,59,43,45,2.9919354838709675,124
richmond,tta,0.23,0.8317757009345794,0.8612903225806452,0.8462757527733756,0.7869845513073701,0.8687196442143856,0.8183720798699635,0.8953637664932975,267,54,43,45,2.9516129032258065,124
richmond,tta,0.24,0.8364779874213837,0.8580645161290322,0.8471337579617835,0.7918561499399212,0.873067216088585,0.814823057638364,0.8925401472395106,266,52,44,45,2.9274193548387095,124
richmond,tta,0.25,0.842948717948718,0.8483870967741935,0.8456591639871383,0.7984336315073306,0.8791211934428977,0.8042146662001052,0.8840306142216107,263,49,47,45,2.879032258064516,124
richmond,tta,0.26,0.8456591639871383,0.8483870967741935,0.8470209339774557,0.8013123714796268,0.8815707036921422,0.8042146662001052,0.8840306142216107,263,48,47,41,2.838709677419355,124
richmond,tta,0.27,0.8456591639871383,0.8483870967741935,0.8470209339774557,0.8013123714796268,0.8815707036921422,0.8042146662001052,0.8840306142216107,263,48,47,41,2.838709677419355,124
richmond,tta,0.28,0.8534201954397395,0.8451612903225807,0.8492706645056727,0.8094912889353484,0.8886134692437372,0.8006908671993967,0.8811817717369329,262,45,48,41,2.806451612903226,124
richmond,tta,0.29,0.8585526315789473,0.8419354838709677,0.8501628664495113,0.8148928973844454,0.893263505129055,0.7971729751933578,0.8783270222575854,261,43,49,41,2.782258064516129,124
richmond,tta,0.3,0.87,0.8419354838709677,0.8557377049180328,0.8272186992368379,0.9034251625648376,0.7971729751933578,0.8783270222575854,261,39,49,40,2.7419354838709675,124
richmond,tta,0.31,0.87,0.8419354838709677,0.8557377049180328,0.8272186992368379,0.9034251625648376,0.7971729751933578,0.8783270222575854,261,39,49,39,2.7338709677419355,124
richmond,tta,0.32,0.8787878787878788,0.8419354838709677,0.8599670510708401,0.8367541563452329,0.9111477295641627,0.7971729751933578,0.8783270222575854,261,36,49,38,2.7016129032258065,124
richmond,tta,0.33,0.8907849829351536,0.8419354838709677,0.8656716417910447,0.849885926881805,0.9215692869426727,0.7971729751933578,0.8783270222575854,261,32,49,37,2.661290322580645,124
richmond,tta,0.34,0.8938356164383562,0.8419354838709677,0.8671096345514949,0.8532479206404673,0.9241951434857409,0.7971729751933578,0.8783270222575854,261,31,49,36,2.6451612903225805,124
richmond,tta,0.35,0.8961937716262975,0.8354838709677419,0.8647746243739566,0.8556775260071874,0.9263151963382716,0.7901543445561301,0.8726003699240408,259,30,51,35,2.6129032258064515,124
richmond,tta,0.36,0.8954703832752613,0.8290322580645161,0.8609715242881071,0.8546989387716191,0.9257946357376672,0.7831577063312003,0.866851725178198,257,30,53,33,2.5806451612903225,124
richmond,tta,0.37,0.9014084507042254,0.8258064516129032,0.8619528619528619,0.8611972276045776,0.9309050953397084,0.7796673278041082,0.8639694622199039,256,28,54,32,2.5483870967741935,124
richmond,tta,0.38,0.9045936395759717,0.8258064516129032,0.863406408094435,0.8647481380394716,0.9336018920816823,0.7796673278041082,0.8639694622199039,256,27,54,31,2.532258064516129,124
richmond,tta,0.39,0.9074733096085409,0.8225806451612904,0.8629441624365483,0.8678804983414893,0.9360751036492311,0.7761820906701136,0.8610820578685123,255,26,55,31,2.5161290322580645,124
richmond,tta,0.4,0.9074733096085409,0.8225806451612904,0.8629441624365483,0.8678804983414893,0.9360751036492311,0.7761820906701136,0.8610820578685123,255,26,55,31,2.5161290322580645,124
richmond,tta,0.41,0.910394265232975,0.8193548387096774,0.8624787775891342,0.8710703254480718,0.9385701234816473,0.7727018870647152,0.8581896199885243,254,25,56,30,2.4919354838709675,124
richmond,tta,0.42,0.9130434782608695,0.8129032258064516,0.8600682593856654,0.873876031902302,0.9408705961901616,0.7657561723940866,0.8523900516883803,252,24,58,29,2.4596774193548385,124
richmond,tta,0.43,0.9230769230769231,0.8129032258064516,0.8644939965694683,0.885272054404075,0.9491401148652835,0.7657561723940866,0.8523900516883803,252,21,58,28,2.4274193548387095,124
richmond,tta,0.44,0.9298892988929889,0.8129032258064516,0.8674698795180723,0.8931011169309979,0.9546599206994044,0.7657561723940866,0.8523900516883803,252,19,58,27,2.403225806451613,124
richmond,tta,0.45,0.9333333333333333,0.8129032258064516,0.8689655172413794,0.8970907066012016,0.9574178852270671,0.7657561723940866,0.8523900516883803,252,18,58,27,2.3951612903225805,124
richmond,tta,0.46,0.9363295880149812,0.8064516129032258,0.8665511265164645,0.900410284206479,0.9598711496648318,0.7588294107600202,0.8465715303516743,250,17,60,27,2.370967741935484,124
richmond,tta,0.47,0.9363295880149812,0.8064516129032258,0.8665511265164645,0.900410284206479,0.9598711496648318,0.7588294107600202,0.8465715303516743,250,17,60,27,2.370967741935484,124
richmond,tta,0.48,0.9360902255639098,0.8032258064516129,0.8645833333333333,0.9000448142797622,0.959718839656473,0.7553729133237199,0.8436553863025884,249,17,61,26,2.3548387096774195,124
richmond,tta,0.49,0.9360902255639098,0.8032258064516129,0.8645833333333333,0.9000448142797622,0.959718839656473,0.7553729133237199,0.8436553863025884,249,17,61,26,2.3548387096774195,124
richmond,tta,0.5,0.939622641509434,0.8032258064516129,0.8660869565217392,0.9041836582098077,0.9624976887245953,0.7553729133237199,0.8436553863025884,249,16,61,25,2.338709677419355,124
richmond,tta,0.55,0.9425287356321839,0.7935483870967742,0.8616462346760071,0.9073533466804931,0.96486612337255,0.7450299652390799,0.8348804099310696,246,15,64,22,2.282258064516129,124
richmond,tta,0.6,0.9484126984126984,0.7709677419354839,0.8505338078291814,0.9137512996619057,0.9696077787678727,0.7210419527359787,0.8142599320364671,239,13,71,18,2.1774193548387095,124
richmond,tta,0.65,0.9663865546218487,0.7419354838709677,0.8394160583941607,0.9350850222079834,0.9828711937614776,0.6904721182038754,0.787475993200094,230,8,80,13,2.024193548387097,124
richmond,tta,0.7,0.9773755656108597,0.6967741935483871,0.8135593220338982,0.9481399151328409,0.9902985233055976,0.64345399440916,0.7452771361994017,216,5,94,10,1.8629032258064515,124
richmond,tta,0.75,0.9902439024390244,0.6548387096774193,0.7883495145631068,0.965131433049975,0.997320492236941,0.6003100727635198,0.7055767185350206,203,2,107,6,1.7016129032258065,124
richmond,tta,0.8,0.9893048128342246,0.5967741935483871,0.744466800804829,0.9618482876199855,0.9970621386183188,0.5413041756007807,0.6498750689608072,185,2,125,3,1.532258064516129,124
richmond,tta,0.85,0.9937888198757764,0.5161290322580645,0.6794055201698513,0.9656595837805935,0.9989027597055169,0.46064148626063134,0.5712217211662998,160,1,150,2,1.314516129032258,124
richmond,tta,0.9,1.0,0.3580645161290323,0.5273159144893111,0.9665487070887205,1.0,0.30673055533260096,0.41287321931040377,111,0,199,2,0.9112903225806451,124
bend,single,0.05,0.7467700258397932,0.8837920489296636,0.8095238095238095,0.701163492392542,0.7875255314984664,0.8445158794061309,0.9141553396908628,289,98,38,29,3.7818181818181817,110
bend,single,0.1,0.8144927536231884,0.8593272171253823,0.8363095238095237,0.770091503226735,0.851967333792703,0.8174578432599069,0.8928518638627767,281,64,46,23,3.3454545454545452,110
bend,single,0.15,0.852760736196319,0.8501529051987767,0.8514548238897396,0.81019116939044,0.887113233692737,0.8074119257504861,0.884762214381831,278,48,49,21,3.1545454545454548,110
bend,single,0.2,0.8932038834951457,0.8440366972477065,0.8679245283018868,0.8538112776754126,0.9229396403610636,0.8007418181120408,0.8793419440266989,276,33,51,19,2.981818181818182,110
bend,single,0.21,0.8961038961038961,0.8440366972477065,0.8692913385826772,0.8570082184743977,0.9254403066742676,0.8007418181120408,0.8793419440266989,276,32,51,19,2.9727272727272727,110
bend,single,0.22,0.898360655737705,0.8379204892966361,0.8670886075949368,0.8593420928216458,0.9274690103458032,0.7940922504268194,0.8739011337183425,274,31,53,18,2.9363636363636365,110
bend,single,0.23,0.9013157894736842,0.8379204892966361,0.8684627575277337,0.8626172624319285,0.9299981605648334,0.7940922504268194,0.8739011337183425,274,30,53,18,2.9272727272727272,110
bend,single,0.24,0.900990099009901,0.8348623853211009,0.8666666666666667,0.8621754285539474,0.9297641259262797,0.7907748783266162,0.871173316821757,273,30,54,17,2.909090909090909,110
bend,single,0.25,0.9039735099337748,0.8348623853211009,0.8680445151033386,0.8654913870388414,0.932307211974504,0.7907748783266162,0.871173316821757,273,29,54,17,2.9,110
bend,single,0.26,0.9096989966555183,0.8318042813455657,0.8690095846645367,0.8718054706630872,0.9371983121725601,0.787462302890212,0.8684407032613722,272,27,55,17,2.8727272727272726,110
bend,single,0.27,0.9124579124579124,0.8287461773700305,0.8685897435897435,0.874822074674918,0.9395599788708682,0.784154421778405,0.8657033953763905,271,26,56,16,2.8454545454545452,110
bend,single,0.28,0.9121621621621622,0.8256880733944955,0.8667736757624399,0.874409653394272,0.9393533468031656,0.7808511371304869,0.8629614910275198,270,26,57,16,2.8363636363636364,110
bend,single,0.29,0.911864406779661,0.8226299694189603,0.8649517684887459,0.8739945071919896,0.9391452966371961,0.7775523552996387,0.8602150838615793,269,26,58,16,2.827272727272727,110
bend,single,0.3,0.9243986254295533,0.8226299694189603,0.8705501618122978,0.8881908932938654,0.9495470649861062,0.7775523552996387,0.8602150838615793,269,22,58,16,2.790909090909091,110
bend,single,0.31,0.926829268292683,0.8134556574923547,0.8664495114006514,0.890735809167726,0.9516471236726931,0.767682148438454,0.8519497237323976,266,21,61,15,2.7454545454545456,110
bend,single,0.32,0.926829268292683,0.8134556574923547,0.8664495114006514,0.890735809167726,0.9516471236726931,0.767682148438454,0.8519497237323976,266,21,61,15,2.7454545454545456,110
bend,single,0.33,0.9298245614035088,0.8103975535168195,0.8660130718954248,0.8940992498544291,0.9541165196192201,0.7644005174946166,0.849186165679446,265,20,62,15,2.727272727272727,110
bend,single,0.34,0.9295774647887324,0.8073394495412844,0.8641571194762684,0.8937351414955507,0.9539533093746503,0.7611229763839423,0.8464185177933318,264,20,63,15,2.7181818181818183,110
bend,single,0.35,0.9293286219081273,0.8042813455657493,0.8622950819672132,0.8933685218664394,0.9537889336769686,0.7578494521888374,0.843646852991648,263,20,64,15,2.709090909090909,110
bend,single,0.36,0.9293286219081273,0.8042813455657493,0.8622950819672132,0.8933685218664394,0.9537889336769686,0.7578494521888374,0.843646852991648,263,20,64,15,2.709090909090909,110
bend,single,0.37,0.9359430604982206,0.8042813455657493,0.8651315789473684,0.9010265284843898,0.9591006439510971,0.7578494521888374,0.843646852991648,263,18,64,15,2.690909090909091,110
bend,single,0.38,0.9460431654676259,0.8042813455657493,0.8694214876033057,0.9128944346457954,0.9670324462688744,0.7578494521888374,0.843646852991648,263,15,64,14,2.6545454545454548,110
bend,single,0.39,0.9458483754512635,0.8012232415902141,0.8675496688741723,0.9125868951133678,0.9669124383187164,0.7545798748236654,0.840871241360031,262,15,65,13,2.6363636363636362,110
bend,single,0.4,0.9458483754512635,0.8012232415902141,0.8675496688741723,0.9125868951133678,0.9669124383187164,0.7545798748236654,0.840871241360031,262,15,65,11,2.618181818181818,110
bend,single,0.41,0.9458483754512635,0.8012232415902141,0.8675496688741723,0.9125868951133678,0.9669124383187164,0.7545798748236654,0.840871241360031,262,15,65,11,2.618181818181818,110
bend,single,0.42,0.9458483754512635,0.8012232415902141,0.8675496688741723,0.9125868951133678,0.9669124383187164,0.7545798748236654,0.840871241360031,262,15,65,8,2.590909090909091,110
bend,single,0.43,0.9456521739130435,0.7981651376146789,0.8656716417910448,0.912277176932773,0.9667915533775168,0.751314176888515,0.8380917502983927,261,15,66,8,2.581818181818182,110
bend,single,0.44,0.9523809523809523,0.7951070336391437,0.8666666666666666,0.9202437063442136,0.9719632452121999,0.748052293532705,0.8353084446574137,260,13,67,8,2.5545454545454547,110
bend,single,0.45,0.9523809523809523,0.7951070336391437,0.8666666666666666,0.9202437063442136,0.9719632452121999,0.748052293532705,0.8353084446574137,260,13,67,8,2.5545454545454547,110
bend,single,0.46,0.9523809523809523,0.7951070336391437,0.8666666666666666,0.9202437063442136,0.9719632452121999,0.748052293532705,0.8353084446574137,260,13,67,8,2.5545454545454547,110
bend,single,0.47,0.959409594095941,0.7951070336391437,0.8695652173913043,0.9287898896032004,0.9771864982507491,0.748052293532705,0.8353084446574137,260,11,67,8,2.536363636363636,110
bend,single,0.48,0.9700374531835206,0.7920489296636085,0.8720538720538721,0.9419998891618867,0.9847410546222292,0.7447941623272469,0.832521386866083,259,8,68,8,2.5,110
bend,single,0.49,0.9735849056603774,0.7889908256880734,0.8716216216216217,0.9464882801347642,0.9871469905971463,0.7415397231455562,0.829730637050985,258,7,69,8,2.481818181818182,110
bend,single,0.5,0.9809160305343512,0.7859327217125383,0.8726655348047538,0.9561111829918316,0.9918217214144012,0.7382889180517701,0.8269362531479824,257,5,70,8,2.4545454545454546,110
bend,single,0.55,0.9801587301587301,0.7553516819571865,0.853195164075993,0.9544017046742619,0.991496069573554,0.7059693708464655,0.7988039103853989,247,5,80,5,2.3363636363636364,110
bend,single,0.6,0.9833333333333333,0.7217125382262997,0.8324514991181656,0.9579371621145085,0.9935001644122201,0.6707775541942287,0.7674986480729589,236,4,91,5,2.227272727272727,110
bend,single,0.65,0.982532751091703,0.6880733944954128,0.8093525179856115,0.9559561056981798,0.9931870027497951,0.6359200907101104,0.7358590325924006,225,4,102,4,2.118181818181818,110
bend,single,0.7,0.9904306220095693,0.6330275229357798,0.7723880597014926,0.9657857265177282,0.9973718517000637,0.5795232307343614,0.6834424906259511,207,2,120,2,1.9181818181818182,110
bend,single,0.75,0.9947643979057592,0.581039755351682,0.7335907335907337,0.9709435100708343,0.9990752128302298,0.5269242609151094,0.6332732474997936,190,1,137,2,1.7545454545454546,110
bend,single,0.8,0.9940119760479041,0.5076452599388379,0.6720647773279352,0.9668647121590099,0.9989422107450134,0.4536841469699815,0.5614288255219906,166,1,161,1,1.5272727272727273,110
bend,single,0.85,0.9929577464788732,0.43119266055045874,0.6012793176972281,0.9611897670033633,0.9987558177954867,0.3786196876778523,0.4853635598943999,141,1,186,1,1.3,110
bend,single,0.9,1.0,0.25076452599388377,0.4009779951100244,0.9552478052599207,1.0,0.20686130401291541,0.3004557927487978,82,0,245,1,0.7545454545454545,110
bend,tta,0.05,0.7156862745098039,0.8929663608562691,0.7945578231292518,0.670061599167411,0.7572871679313959,0.8547785870888599,0.9220281989985003,292,116,35,29,3.9727272727272727,110
bend,tta,0.1,0.7971830985915493,0.8654434250764526,0.8299120234604106,0.7522760502526511,0.8357271244071431,0.8241839675359239,0.8982161175803371,283,72,44,23,3.4363636363636365,110
bend,tta,0.15,0.8313609467455622,0.8593272171253823,0.8451127819548871,0.7877695088962611,0.8675047467823924,0.8174578432599069,0.8928518638627767,281,57,46,23,3.2818181818181817,110
bend,tta,0.2,0.8742138364779874,0.8501529051987767,0.862015503875969,0.833243465106126,0.9062507457106237,0.8074119257504861,0.884762214381831,278,40,49,20,3.0727272727272728,110
bend,tta,0.21,0.8769716088328076,0.8501529051987767,0.8633540372670808,0.8362333029340324,0.9086825683245575,0.8074119257504861,0.884762214381831,278,39,49,19,3.0545454545454547,110
bend,tta,0.22,0.8789808917197452,0.8440366972477065,0.8611544461778471,0.838252478769014,0.9105481816857535,0.8007418181120408,0.8793419440266989,276,38,51,18,3.018181818181818,110
bend,tta,0.23,0.8846153846153846,0.8440366972477065,0.863849765258216,0.8443932239396361,0.9154813460980029,0.8007418181120408,0.8793419440266989,276,36,51,18,3.0,110
bend,tta,0.24,0.889967637540453,0.8409785932721713,0.8647798742138364,0.8501728997574568,0.920185006607937,0.7974145262951543,0.8766240468467964,275,34,52,17,2.963636363636364,110
bend,tta,0.25,0.8957654723127035,0.8409785932721713,0.8675078864353313,0.8565544758711058,0.9251941703847363,0.7974145262951543,0.8766240468467964,275,32,52,17,2.9454545454545453,110
bend,tta,0.26,0.9046052631578947,0.8409785932721713,0.8716323296354992,0.8663540828503161,0.9327581878759273,0.7974145262951543,0.8766240468467964,275,29,52,17,2.918181818181818,110
bend,tta,0.27,0.9069767441860465,0.8348623853211009,0.8694267515923567,0.868840018296539,0.9348560651776323,0.7907748783266162,0.871173316821757,273,28,54,17,2.890909090909091,110
bend,tta,0.28,0.9069767441860465,0.8348623853211009,0.8694267515923567,0.868840018296539,0.9348560651776323,0.7907748783266162,0.871173316821757,273,28,54,17,2.890909090909091,110
bend,tta,0.29,0.9066666666666666,0.8318042813455657,0.8676236044657097,0.8684138011961098,0.9346362090723985,0.787462302890212,0.8684407032613722,272,28,55,17,2.881818181818182,110
bend,tta,0.3,0.912751677852349,0.8318042813455657,0.8704,0.8752317977576918,0.9397652072939644,0.787462302890212,0.8684407032613722,272,26,55,17,2.8636363636363638,110
bend,tta,0.31,0.9186440677966101,0.8287461773700305,0.8713826366559485,0.8818028169153063,0.944722004260862,0.784154421778405,0.8657033953763905,271,24,56,16,2.827272727272727,110
bend,tta,0.32,0.9186440677966101,0.8287461773700305,0.8713826366559485,0.8818028169153063,0.944722004260862,0.784154421778405,0.8657033953763905,271,24,56,16,2.827272727272727,110
bend,tta,0.33,0.9186440677966101,0.8287461773700305,0.8713826366559485,0.8818028169153063,0.944722004260862,0.784154421778405,0.8657033953763905,271,24,56,16,2.827272727272727,110
bend,tta,0.34,0.9183673469387755,0.8256880733944955,0.8695652173913043,0.8814105271674995,0.9445318529432709,0.7808511371304869,0.8629614910275198,270,24,57,16,2.8181818181818183,110
bend,tta,0.35,0.9180887372013652,0.8226299694189603,0.867741935483871,0.8810156261990115,0.9443403885913683,0.7775523552996387,0.8602150838615793,269,24,58,16,2.809090909090909,110
bend,tta,0.36,0.9275862068965517,0.8226299694189603,0.8719611021069693,0.8918396224882283,0.9521525147721188,0.7775523552996387,0.8602150838615793,269,21,58,16,2.7818181818181817,110
bend,tta,0.37,0.9340277777777778,0.8226299694189603,0.8747967479674797,0.8992669475813254,0.9573621279171644,0.7775523552996387,0.8602150838615793,269,19,58,16,2.7636363636363637,110
bend,tta,0.38,0.9403508771929825,0.8195718654434251,0.8758169934640524,0.9065601052480522,0.9624282953147477,0.7742579866083201,0.8574642635561092,268,17,59,16,2.7363636363636363,110
bend,tta,0.39,0.9434628975265018,0.8165137614678899,0.8754098360655738,0.9101439238348634,0.9649034890926897,0.7709679451218359,0.8547091160458045,267,16,60,16,2.7181818181818183,110
bend,tta,0.4,0.9501779359430605,0.8165137614678899,0.8782894736842105,0.9181194613849885,0.9700934962728819,0.7709679451218359,0.8547091160458045,267,14,60,16,2.7,110
bend,tta,0.41,0.9501779359430605,0.8165137614678899,0.8782894736842105,0.9181194613849885,0.9700934962728819,0.7709679451218359,0.8547091160458045,267,14,60,15,2.690909090909091,110
bend,tta,0.42,0.9501779359430605,0.8165137614678899,0.8782894736842105,0.9181194613849885,0.9700934962728819,0.7709679451218359,0.8547091160458045,267,14,60,14,2.6818181818181817,110
bend,tta,0.43,0.95,0.8134556574923547,0.8764415156507414,0.9178332662270666,0.9699858554238824,0.767682148438454,0.8519497237323976,266,14,61,11,2.6454545454545455,110
bend,tta,0.44,0.9568345323741008,0.8134556574923547,0.8793388429752066,0.9260773920085696,0.9751380424766165,0.767682148438454,0.8519497237323976,266,12,61,11,2.6272727272727274,110
bend,tta,0.45,0.9568345323741008,0.8134556574923547,0.8793388429752066,0.9260773920085696,0.9751380424766165,0.767682148438454,0.8519497237323976,266,12,61,11,2.6272727272727274,110
bend,tta,0.46,0.9568345323741008,0.8134556574923547,0.8793388429752066,0.9260773920085696,0.9751380424766165,0.767682148438454,0.8519497237323976,266,12,61,11,2.6272727272727274,110
bend,tta,0.47,0.9602888086642599,0.8134556574923547,0.880794701986755,0.9303013040337462,0.9776838377686079,0.767682148438454,0.8519497237323976,266,11,61,11,2.618181818181818,110
bend,tta,0.48,0.9708029197080292,0.8134556574923547,0.8851913477537439,0.9434538432557834,0.9851328046759878,0.767682148438454,0.8519497237323976,266,8,61,11,2.590909090909091,110
bend,tta,0.49,0.974169741697417,0.8073394495412844,0.882943143812709,0.9476512472003003,0.9874328157654226,0.7611229763839423,0.8464185177933318,264,7,63,11,2.5636363636363635,110
bend,tta,0.5,0.9777777777777777,0.8073394495412844,0.8844221105527638,0.9523738665541401,0.9897766321283099,0.7611229763839423,0.8464185177933318,264,6,63,11,2.5545454545454547,110
bend,tta,0.55,0.9770114942528736,0.7798165137614679,0.8673469387755102,0.9507619201529212,0.9894227034107488,0.7317979887166046,0.8213368044895701,255,6,72,8,2.4454545454545453,110
bend,tta,0.6,0.9802371541501976,0.7584097859327217,0.8551724137931035,0.9545786213830405,0.9915297971908976,0.7091866068159485,0.8016318634127046,248,5,79,8,2.3727272727272726,110
bend,tta,0.65,0.9836065573770492,0.7339449541284404,0.840630472854641,0.9586140752038075,0.9936070208510921,0.6835338948106311,0.7789230634437119,240,4,87,7,2.2818181818181817,110
bend,tta,0.7,0.9867256637168141,0.6819571865443425,0.806509945750452,0.9617054197295362,0.9954755257563984,0.6296156750036453,0.7300730703052879,223,3,104,4,2.090909090909091,110
bend,tta,0.75,0.9902439024390244,0.6207951070336392,0.7631578947368421,0.965131433049975,0.997320492236941,0.5670910777992739,0.6716938875738836,203,2,124,3,1.8909090909090909,110
bend,tta,0.8,0.9945652173913043,0.5596330275229358,0.7162426614481409,0.9698614503605403,0.9990400070376078,0.5054421138760478,0.6124390715613338,183,1,144,3,1.7,110
bend,tta,0.85,0.9937106918238994,0.4831804281345566,0.6502057613168724,0.9652381554662068,0.9988889471906082,0.4295273040881151,0.5372241564295466,158,1,169,1,1.4545454545454546,110
bend,tta,0.9,1.0,0.3333333333333333,0.5,0.9659558177126165,0.9999999999999999,0.284434550270919,0.38610264940409167,109,0,218,1,1.0,110
clovis,single,0.05,0.49728260869565216,0.9384615384615385,0.650088809946714,0.44648997138738356,0.5481313942693906,0.895530219710787,0.9644507902991909,183,185,12,24,3.136,125
clovis,single,0.1,0.6654135338345865,0.9076923076923077,0.7678958785249458,0.6067102726410327,0.7194069754037462,0.8588182129926221,0.9408132524552522,177,89,18,21,2.296,125
clovis,single,0.15,0.7404255319148936,0.8923076923076924,0.8093023255813955,0.6808243956354904,0.7922925153213948,0.8409792201033665,0.9284774730634558,174,61,21,21,2.048,125
clovis,single,0.2,0.7747747747747747,0.882051282051282,0.8249400479616306,0.7154190304188414,0.8247825976248847,0.8292337268851314,0.9201064514276561,172,50,23,19,1.928,125
clovis,single,0.21,0.7916666666666666,0.8769230769230769,0.832116788321168,0.7326437318548641,0.8404962016245138,0.8234002134046001,0.9158817074811703,171,45,24,18,1.872,125
clovis,single,0.22,0.7953488372093023,0.8769230769230769,0.8341463414634146,0.7364597494825291,0.8438686707081475,0.8234002134046001,0.9158817074811703,171,44,24,18,1.864,125
clovis,single,0.23,0.8009478672985783,0.8666666666666667,0.832512315270936,0.741903332803216,0.8492298555550909,0.8118050469532969,0.9073603590784389,169,42,26,16,1.816,125
clovis,single,0.24,0.8097560975609757,0.8512820512820513,0.8300000000000001,0.7505212289687953,0.8575951616353756,0.7945756113827652,0.8944150223679187,166,39,29,15,1.76,125
clovis,single,0.25,0.82,0.841025641025641,0.830379746835443,0.7608840628376157,0.8670544933746589,0.7831875778138669,0.8856865410827824,164,36,31,15,1.72,125
clovis,single,0.26,0.8190954773869347,0.8358974358974359,0.8274111675126904,0.7597337353817304,0.8663705745823007,0.7775207381981005,0.8812951232715317,163,36,32,15,1.712,125
clovis,single,0.27,0.8232323232323232,0.8358974358974359,0.8295165394402035,0.7640943939404446,0.8700662548058989,0.7775207381981005,0.8812951232715317,163,35,32,15,1.704,125
clovis,single,0.28,0.826530612244898,0.8307692307692308,0.8286445012787724,0.7673803653436142,0.8731269164235453,0.7718711302504148,0.8768864737922001,162,34,33,15,1.688,125
clovis,single,0.29,0.8385416666666666,0.8256410256410256,0.8320413436692505,0.7799405012062472,0.883861265119191,0.7662381500367285,0.872461196578869,161,31,34,15,1.656,125
clovis,single,0.3,0.851063829787234,0.8205128205128205,0.8355091383812009,0.7931648294636654,0.8949028263523829,0.7606212366149212,0.8680198525736591,160,28,35,15,1.624,125
clovis,single,0.31,0.8502673796791443,0.8153846153846154,0.8324607329842931,0.7921040292659803,0.8943291173854834,0.755019867951237,0.8635629638103259,159,28,36,15,1.616,125
clovis,single,0.32,0.8548387096774194,0.8153846153846154,0.8346456692913387,0.797036018309633,0.8982804981967598,0.755019867951237,0.8635629638103259,159,27,36,15,1.608,125
clovis,single,0.33,0.8633879781420765,0.8102564102564103,0.8359788359788359,0.8061073695574859,0.905725541314611,0.7494335573279761,0.8590910170065696,158,25,37,15,1.584,125
clovis,single,0.34,0.8770949720670391,0.8051282051282052,0.839572192513369,0.8209258006343046,0.9174182086064809,0.7438618501720522,0.8546044667354762,157,22,38,15,1.552,125
clovis,single,0.35,0.8820224719101124,0.8051282051282052,0.8418230563002682,0.8263756827901925,0.9215279872171107,0.7438618501720522,0.8546044667354762,157,21,38,15,1.544,125
clovis,single,0.36,0.8813559322033898,0.8,0.8387096774193548,0.825432780177237,0.9210768724690568,0.738304321245647,0.8501037382348642,156,21,39,15,1.536,125
clovis,single,0.37,0.8857142857142857,0.7948717948717948,0.8378378378378378,0.8300686944284676,0.9247892357175387,0.7327605721496604,0.8455892299038335,155,20,40,15,1.52,125
clovis,single,0.38,0.8857142857142857,0.7948717948717948,0.8378378378378378,0.8300686944284676,0.9247892357175387,0.7327605721496604,0.8455892299038335,155,20,40,14,1.512,125
clovis,single,0.39,0.8941176470588236,0.7794871794871795,0.8328767123287671,0.838847349103024,0.9319693023774042,0.7162083773256294,0.8319666524468126,152,18,43,14,1.472,125
clovis,single,0.4,0.893491124260355,0.7743589743589744,0.8296703296703296,0.8379304632042628,0.9315602149658073,0.7107162272026168,0.8274005451428079,151,18,44,14,1.464,125
clovis,single,0.41,0.8928571428571429,0.7692307692307693,0.8264462809917357,0.8370030966906209,0.9311461756625231,0.7052361972756928,0.8228223176427149,150,18,45,13,1.448,125
clovis,single,0.42,0.8975903614457831,0.764102564102564,0.8254847645429362,0.8421212542980872,0.935073496575668,0.6997680107512485,0.8182322467401415,149,17,46,13,1.432,125
clovis,single,0.43,0.8963414634146342,0.7538461538461538,0.8189415041782729,0.8402707628447984,0.9342690413515392,0.6888661362288071,0.8090176064085484,147,17,48,13,1.416,125
clovis,single,0.44,0.8957055214723927,0.7487179487179487,0.8156424581005586,0.8393291730105267,0.9338592883803974,0.6834319670256306,0.8043935181847077,146,17,49,13,1.408,125
clovis,single,0.45,0.9006211180124224,0.7435897435897436,0.8146067415730338,0.8446691587015289,0.9379002897872022,0.6780086769575434,0.7997585508257777,145,16,50,13,1.392,125
clovis,single,0.46,0.9,0.7384615384615385,0.811267605633803,0.843736268117816,0.9375061025621578,0.6725960560220022,0.7951129143343015,144,16,51,13,1.384,125
clovis,single,0.47,0.89937106918239,0.7333333333333333,0.8079096045197739,0.8427921168377983,0.9371068770310904,0.6671939050575789,0.7904568078717075,143,16,52,13,1.376,125
clovis,single,0.48,0.89937106918239,0.7333333333333333,0.8079096045197739,0.8427921168377983,0.9371068770310904,0.6671939050575789,0.7904568078717075,143,16,52,13,1.376,125
clovis,single,0.49,0.9032258064516129,0.717948717948718,0.8,0.8464727202835498,0.9404747796157209,0.651048429205806,0.7764275114424287,140,15,55,13,1.344,125
clovis,single,0.5,0.9032258064516129,0.717948717948718,0.8,0.8464727202835498,0.9404747796157209,0.651048429205806,0.7764275114424287,140,15,55,13,1.344,125
clovis,single,0.55,0.9144736842105263,0.7128205128205128,0.8011527377521614,0.8591749732799984,0.9493382863374594,0.6456863608505583,0.771731322370659,139,13,56,12,1.312,125
clovis,single,0.6,0.9357142857142857,0.6717948717948717,0.7820895522388059,0.882341165073077,0.9658140278613732,0.6031245004670382,0.7338271233380407,131,9,64,9,1.192,125
clovis,single,0.65,0.9365079365079365,0.6051282051282051,0.735202492211838,0.879706260059649,0.9674798497849617,0.5351223045203923,0.671071972733462,118,8,77,7,1.064,125
clovis,single,0.7,0.9478260869565217,0.558974358974359,0.7032258064516129,0.8908280962827254,0.9758717798549231,0.4888126702765906,0.6268572901341082,109,6,86,6,0.968,125
clovis,single,0.75,0.9375,0.46153846153846156,0.6185567010309277,0.8702889506383905,0.9710437203123955,0.392985447897035,0.5315776214003355,90,6,105,1,0.776,125
clovis,single,0.8,0.9733333333333334,0.37435897435897436,0.5407407407407407,0.9078833515671513,0.9926564649763995,0.3094744618012988,0.4440982312367777,73,2,122,1,0.608,125
clovis,single,0.85,0.9787234042553191,0.2358974358974359,0.38016528925619836,0.8888676347566887,0.9962343289895351,0.18176775325985844,0.30023198924875144,46,1,149,1,0.384,125
clovis,single,0.9,0.96,0.12307692307692308,0.21818181818181817,0.8045552759497747,0.9929039496133008,0.08411829251882981,0.17659978659539988,24,1,171,0,0.2,125
clovis,tta,0.05,0.4339622641509434,0.9435897435897436,0.5945072697899839,0.38758767412386186,0.48152276300988117,0.901826122916882,0.968213144520113,184,240,11,25,3.592,125
clovis,tta,0.1,0.6258741258741258,0.9179487179487179,0.7442827442827442,0.5684714482474131,0.6799400979212527,0.8708822690476035,0.9488657112543051,179,107,16,22,2.464,125
clovis,tta,0.15,0.7096774193548387,0.9025641025641026,0.7945823927765236,0.6503265190238527,0.7626314672659422,0.8528399357905011,0.9367332722303557,176,72,19,21,2.152,125
clovis,tta,0.2,0.7586206896551724,0.9025641025641026,0.8243559718969554,0.6996312814367545,0.8091848052926436,0.8528399357905011,0.9367332722303557,176,56,19,19,2.008,125
clovis,tta,0.21,0.7767857142857143,0.8923076923076924,0.8305489260143198,0.7178484945226767,0.8263892566167114,0.8409792201033665,0.9284774730634558,174,50,21,18,1.936,125
clovis,tta,0.22,0.7782805429864253,0.882051282051282,0.826923076923077,0.7190196358134651,0.8280321553141556,0.8292337268851314,0.9201064514276561,172,49,23,18,1.912,125
clovis,tta,0.23,0.7824074074074074,0.8666666666666667,0.8223844282238443,0.722706634163846,0.8322383807923772,0.8118050469532969,0.9073603590784389,169,47,26,18,1.872,125
clovis,tta,0.24,0.7897196261682243,0.8666666666666667,0.8264058679706603,0.7302543432649028,0.8389665952518911,0.8118050469532969,0.9073603590784389,169,45,26,17,1.848,125
clovis,tta,0.25,0.7962085308056872,0.8615384615384616,0.8275862068965517,0.7367876413392553,0.8450363629504167,0.8060411173372178,0.9030660312675008,168,43,27,17,1.824,125
clovis,tta,0.26,0.7971014492753623,0.8461538461538461,0.8208955223880597,0.7371346329982609,0.8462417026015447,0.7888723006834523,0.8900600756402145,165,42,30,17,1.792,125
clovis,tta,0.27,0.8048780487804879,0.8461538461538461,0.8250000000000001,0.7452296714821665,0.8533100830494977,0.7888723006834523,0.8900600756402145,165,40,30,17,1.776,125
clovis,tta,0.28,0.803921568627451,0.841025641025641,0.8220551378446116,0.7440352190567222,0.8525729671774099,0.7831875778138669,0.8856865410827824,164,40,31,17,1.768,125
clovis,tta,0.29,0.8109452736318408,0.8358974358974359,0.8232323232323233,0.751176441402202,0.8590511686145132,0.7775207381981005,0.8812951232715317,163,38,32,17,1.744,125
clovis,tta,0.3,0.8181818181818182,0.8307692307692308,0.8244274809160306,0.7585723145008549,0.8656795741088272,0.7718711302504148,0.8768864737922001,162,36,33,17,1.72,125
clovis,tta,0.31,0.8223350253807107,0.8307692307692308,0.8265306122448979,0.7629479001651311,0.8693912168305511,0.7718711302504148,0.8768864737922001,162,35,33,17,1.712,125
clovis,tta,0.32,0.8307692307692308,0.8307692307692308,0.8307692307692308,0.7718711302504148,0.8768864737922001,0.7718711302504148,0.8768864737922001,162,33,33,17,1.696,125
clovis,tta,0.33,0.8393782383419689,0.8307692307692308,0.8350515463917526,0.7810335906946502,0.8844761389559928,0.7718711302504148,0.8768864737922001,162,31,33,17,1.68,125
clovis,tta,0.34,0.84375,0.8307692307692308,0.8372093023255814,0.7857084959189619,0.8883056052730217,0.7718711302504148,0.8768864737922001,162,30,33,16,1.664,125
clovis,tta,0.35,0.8481675392670157,0.8307692307692308,0.839378238341969,0.7904481346345557,0.8921576333328599,0.7718711302504148,0.8768864737922001,162,29,33,16,1.656,125
clovis,tta,0.36,0.8526315789473684,0.8307692307692308,0.8415584415584415,0.7952543397779374,0.8960317412284101,0.7718711302504148,0.8768864737922001,162,28,33,16,1.648,125
clovis,tta,0.37,0.8563829787234043,0.8256410256410256,0.8407310704960835,0.799108550579816,0.8993843727485967,0.7662381500367285,0.872461196578869,161,27,34,16,1.632,125
clovis,tta,0.38,0.8602150537634409,0.8205128205128205,0.8398950131233597,0.8030620800159547,0.9027895352253834,0.7606212366149212,0.8680198525736591,160,26,35,16,1.616,125
clovis,tta,0.39,0.8736263736263736,0.8153846153846154,0.843501326259947,0.8175104619691217,0.9142955491715486,0.755019867951237,0.8635629638103259,159,23,36,16,1.584,125
clovis,tta,0.4,0.8722222222222222,0.8051282051282052,0.8373333333333333,0.8155627050038378,0.9133256423560635,0.7438618501720522,0.8546044667354762,157,23,38,16,1.568,125
clovis,tta,0.41,0.8764044943820225,0.8,0.8364611260053619,0.8199592123857157,0.9169458742391271,0.738304321245647,0.8501037382348642,156,22,39,16,1.552,125
clovis,tta,0.42,0.8757062146892656,0.7948717948717948,0.8333333333333334,0.8189821479388589,0.9164681024460083,0.7327605721496604,0.8455892299038335,155,22,40,16,1.544,125
clovis,tta,0.43,0.884393063583815,0.7846153846153846,0.8315217391304348,0.8281807448271123,0.9239047373218843,0.7217129409304774,0.8365203462689819,153,20,42,16,1.512,125
clovis,tta,0.44,0.8837209302325582,0.7794871794871795,0.8283378746594006,0.8272209716250634,0.9234546364221792,0.7162083773256294,0.8319666524468126,152,20,43,16,1.504,125
clovis,tta,0.45,0.8875739644970414,0.7692307692307693,0.8241758241758241,0.8310841092109178,0.9268352805656175,0.7052361972756928,0.8228223176427149,150,19,45,16,1.48,125
clovis,tta,0.46,0.8869047619047619,0.764102564102564,0.8209366391184573,0.8301183131262171,0.9263923338882427,0.6997680107512485,0.8182322467401415,149,19,46,16,1.472,125
clovis,tta,0.47,0.891566265060241,0.7589743589743589,0.8199445983379501,0.8351161956774042,0.9303028771528092,0.6943114061483009,0.813630593916072,148,18,47,16,1.456,125
clovis,tta,0.48,0.896969696969697,0.7589743589743589,0.8222222222222222,0.8412013932746923,0.934673746501287,0.6943114061483009,0.813630593916072,148,17,47,16,1.448,125
clovis,tta,0.49,0.896969696969697,0.7589743589743589,0.8222222222222222,0.8412013932746923,0.934673746501287,0.6943114061483009,0.813630593916072,148,17,47,15,1.44,125
clovis,tta,0.5,0.9024390243902439,0.7589743589743589,0.8245125348189415,0.8474022431479169,0.9390535580360566,0.6943114061483009,0.813630593916072,148,16,47,15,1.432,125
clovis,tta,0.55,0.90625,0.7435897435897436,0.8169014084507042,0.8510867768996389,0.9423625058222096,0.6780086769575434,0.7997585508257777,145,15,50,13,1.384,125
clovis,tta,0.6,0.92,0.7076923076923077,0.8,0.8653774250568131,0.9536468180607831,0.640333907506424,0.7670255182877761,138,12,57,9,1.272,125
clovis,tta,0.65,0.920863309352518,0.6564102564102564,0.7664670658682635,0.863849934269185,0.9552391826267332,0.5873092204822864,0.7194676310417408,128,11,67,8,1.176,125
clovis,tta,0.7,0.9512195121951219,0.6,0.7358490566037735,0.8976526872286598,0.9774545331154544,0.5299467298792749,0.666189289947562,117,6,78,6,1.032,125
clovis,tta,0.75,0.944954128440367,0.5282051282051282,0.6776315789473685,0.8850813031908665,0.9745307547735721,0.45827070865975644,0.5970497071888388,103,6,92,2,0.888,125
clovis,tta,0.8,0.9680851063829787,0.4666666666666667,0.6297577854671279,0.9103253583802694,0.989087570271756,0.39796426192938716,0.5366570647950005,91,3,104,1,0.76,125
clovis,tta,0.85,0.9491525423728814,0.28717948717948716,0.4409448818897638,0.8608327667771333,0.9825575988405467,0.22826867762934105,0.35431363914944164,56,3,139,1,0.48,125
clovis,tta,0.9,0.9666666666666667,0.14871794871794872,0.2577777777777778,0.8332924860304112,0.9940915620051425,0.10558497763208133,0.20542438861723475,29,1,166,1,0.248,125
morgantown,single,0.05,0.512987012987013,0.8876404494382022,0.6502057613168725,0.46748976617031807,0.5582700629218026,0.8441308132153652,0.9201535507818935,237,225,30,18,3.84,125
morgantown,single,0.1,0.6534090909090909,0.8614232209737828,0.7431340872374799,0.6022794457609448,0.7012263837991741,0.8148304129653988,0.8977632210996783,230,122,37,17,2.952,125
morgantown,single,0.15,0.735973597359736,0.8352059925093633,0.7824561403508773,0.6836073677904602,0.782431135463336,0.7860122882570605,0.874890615875835,223,80,44,17,2.56,125
morgantown,single,0.2,0.7985347985347986,0.8164794007490637,0.8074074074074074,0.7469624868114237,0.8418218577379506,0.7656711221778314,0.8583098320035056,218,55,49,14,2.296,125
morgantown,single,0.21,0.8134328358208955,0.8164794007490637,0.8149532710280374,0.7624819463847629,0.8555250106078388,0.7656711221778314,0.8583098320035056,218,50,49,13,2.248,125
morgantown,single,0.22,0.8288973384030418,0.8164794007490637,0.8226415094339622,0.7787285092827999,0.8695961897146577,0.7656711221778314,0.8583098320035056,218,45,49,13,2.208,125
morgantown,single,0.23,0.8378378378378378,0.8127340823970037,0.8250950570342206,0.7880654828905997,0.8777347557322057,0.7616245800709335,0.8549719841200919,217,42,50,13,2.176,125
morgantown,single,0.24,0.8470588235294118,0.8089887640449438,0.8275862068965517,0.7977576169854221,0.886058276595826,0.7575848791380758,0.8516272950626377,216,39,51,13,2.144,125
morgantown,single,0.25,0.86,0.8052434456928839,0.8317214700193424,0.8115192932332553,0.8975843367470158,0.7535518687932692,0.8482759154171327,215,35,52,13,2.104,125
morgantown,single,0.26,0.8634538152610441,0.8052434456928839,0.8333333333333331,0.8152484430762785,0.9006147693064939,0.7535518687932692,0.8482759154171327,215,34,52,13,2.096,125
morgantown,single,0.27,0.8669354838709677,0.8052434456928839,0.8349514563106796,0.8190179212042666,0.9036585548028745,0.7535518687932692,0.8482759154171327,215,33,52,13,2.088,125
morgantown,single,0.28,0.8775510204081632,0.8052434456928839,0.83984375,0.8305780417700598,0.9128667841754413,0.7535518687932692,0.8482759154171327,215,30,52,12,2.056,125
morgantown,single,0.29,0.8847736625514403,0.8052434456928839,0.8431372549019607,0.8385051978880725,0.9190656491652603,0.7535518687932692,0.8482759154171327,215,28,52,12,2.04,125
morgantown,single,0.3,0.8884297520661157,0.8052434456928839,0.8447937131630648,0.8425384339214773,0.9221816134586244,0.7535518687932692,0.8482759154171327,215,27,52,12,2.032,125
morgantown,single,0.31,0.899581589958159,0.8052434456928839,0.849802371541502,0.8549330320283762,0.9315878935461547,0.7535518687932692,0.8482759154171327,215,24,52,11,2.0,125
morgantown,single,0.32,0.9033613445378151,0.8052434456928839,0.8514851485148516,0.8591679481369623,0.9347401305393284,0.7535518687932692,0.8482759154171327,215,23,52,11,1.992,125
morgantown,single,0.33,0.9029535864978903,0.8014981273408239,0.8492063492063493,0.8585913843139412,0.9344609787329743,0.7495254056128765,0.8449179886072137,214,23,53,11,1.984,125
morgantown,single,0.34,0.905982905982906,0.7940074906367042,0.8463073852295409,0.8617587186598674,0.9370922813334055,0.7414915801876272,0.8381830340518399,212,22,55,11,1.96,125
morgantown,single,0.35,0.9047619047619048,0.7827715355805244,0.8393574297188755,0.8600172783587552,0.9362641300458887,0.7294867247246499,0.828034719543882,209,22,58,11,1.936,125
morgantown,single,0.36,0.9047619047619048,0.7827715355805244,0.8393574297188755,0.8600172783587552,0.9362641300458887,0.7294867247246499,0.828034719543882,209,22,58,11,1.936,125
morgantown,single,0.37,0.9288888888888889,0.7827715355805244,0.8495934959349595,0.887619989860527,0.9557581371932953,0.7294867247246499,0.828034719543882,209,16,58,11,1.888,125
morgantown,single,0.38,0.9330357142857143,0.7827715355805244,0.8513238289205702,0.8924661284181951,0.9590026112676219,0.7294867247246499,0.828034719543882,209,15,58,11,1.88,125
morgantown,single,0.39,0.9369369369369369,0.7790262172284644,0.8507157464212679,0.8969422664995648,0.9620668797339014,0.7254968811144327,0.8246401731637876,208,14,59,11,1.864,125
morgantown,single,0.4,0.9369369369369369,0.7790262172284644,0.8507157464212679,0.8969422664995648,0.9620668797339014,0.7254968811144327,0.8246401731637876,208,14,59,11,1.864,125
morgantown,single,0.41,0.9363636363636364,0.7715355805243446,0.8459958932238193,0.896030823892553,0.9617185846177507,0.7175342241220829,0.817834050175514,206,14,61,10,1.84,125
morgantown,single,0.42,0.9357798165137615,0.7640449438202247,0.8412371134020619,0.8951031233598469,0.9613638332434234,0.709593629882181,0.8110058644347924,204,14,63,10,1.824,125
morgantown,single,0.43,0.9357798165137615,0.7640449438202247,0.8412371134020619,0.8951031233598469,0.9613638332434234,0.709593629882181,0.8110058644347924,204,14,63,9,1.816,125
morgantown,single,0.44,0.9395348837209302,0.7565543071161048,0.8381742738589212,0.8993111342688326,0.964327223337765,0.7016743799375456,0.8041563343988045,202,13,65,9,1.792,125
morgantown,single,0.45,0.9436619718309859,0.7528089887640449,0.8374999999999999,0.9041216745548035,0.9674822981146474,0.6977225502220129,0.8007237741240255,201,12,66,9,1.776,125
morgantown,single,0.46,0.9433962264150944,0.7490636704119851,0.8350730688935282,0.9036815989993725,0.96732751138528,0.6937758125406543,0.7972861218150724,200,12,67,9,1.768,125
morgantown,single,0.47,0.943127962085308,0.7453183520599251,0.8326359832635982,0.9032374665880072,0.967171243829342,0.6898340921228349,0.7938434522425802,199,12,68,9,1.76,125
morgantown,single,0.48,0.961352657004831,0.7453183520599251,0.8396624472573839,0.9256041508936556,0.9802891832491324,0.6898340921228349,0.7938434522425802,199,8,68,9,1.728,125
morgantown,single,0.49,0.9660194174757282,0.7453183520599251,0.8414376321353066,0.9315315341911587,0.9834443333203355,0.6898340921228349,0.7938434522425802,199,7,68,9,1.72,125
morgantown,single,0.5,0.9705882352941176,0.7415730337078652,0.8407643312101911,0.9373281788648772,0.986452238529908,0.6858973170860627,0.7903958372890407,198,6,69,9,1.704,125
morgantown,single,0.55,0.975,0.7303370786516854,0.835117773019272,0.9428208558483829,0.9892754385292123,0.6741159859446423,0.780023998459526,195,5,72,9,1.672,125
morgantown,single,0.6,0.9841269841269841,0.6966292134831461,0.8157894736842105,0.9543779603454307,0.9945874081227836,0.6390189981334089,0.7486614763579544,186,3,81,6,1.56,125
morgantown,single,0.65,0.9881656804733728,0.6254681647940075,0.7660550458715597,0.957882643850041,0.9967486486165875,0.5660182284827123,0.6813588361927289,167,2,100,4,1.384,125
morgantown,single,0.7,0.9937106918238994,0.5917602996254682,0.7417840375586855,0.9652381554662068,0.9988889471906082,0.5319075181087178,0.6490100366539184,158,1,109,2,1.288,125
morgantown,single,0.75,1.0,0.5243445692883895,0.6879606879606879,0.9732928443510084,1.0,0.4645207244246968,0.583477810512329,140,0,127,2,1.136,125
morgantown,single,0.8,1.0,0.4606741573033708,0.6307692307692307,0.9697134063272616,0.9999999999999999,0.40186563684299814,0.5205982682587292,123,0,144,1,0.992,125
morgantown,single,0.85,1.0,0.3707865168539326,0.5409836065573771,0.9626454664260378,1.0,0.3150647219796249,0.4301738233546222,99,0,168,0,0.792,125
morgantown,single,0.9,1.0,0.21348314606741572,0.3518518518518518,0.936858991216536,0.9999999999999999,0.16857654817608253,0.2665176175650739,57,0,210,0,0.456,125
morgantown,tta,0.05,0.45251396648044695,0.9101123595505618,0.6044776119402986,0.4109007174741571,0.49480180245034583,0.8697382261345251,0.9388524778046038,243,294,24,19,4.448,125
morgantown,tta,0.1,0.6141732283464567,0.8764044943820225,0.7222222222222222,0.5643842966568274,0.6616827397550366,0.8315067429627798,0.9106244510635442,234,147,33,18,3.192,125
morgantown,tta,0.15,0.691131498470948,0.846441947565543,0.7609427609427609,0.6390760345799753,0.7387482777193244,0.7983106116151821,0.8847454624886482,226,101,41,18,2.76,125
morgantown,tta,0.2,0.752542372881356,0.8314606741573034,0.7900355871886121,0.7002610409484157,0.7983308552266818,0.7819289936419938,0.8715895205005901,222,73,45,17,2.496,125
morgantown,tta,0.21,0.7708333333333334,0.8314606741573034,0.8000000000000002,0.7189154189293135,0.815621124181744,0.7819289936419938,0.8715895205005901,222,66,45,16,2.432,125
morgantown,tta,0.22,0.7978339350180506,0.8277153558052435,0.8125,0.7466119101756089,0.8409078874612085,0.7778534195042528,0.8682807046480192,221,56,46,15,2.336,125
morgantown,tta,0.23,0.8088235294117647,0.8239700374531835,0.8163265306122449,0.7579181236037329,0.8511270675494507,0.7737853710702677,0.8649643630916927,220,52,47,14,2.288,125
morgantown,tta,0.24,0.8208955223880597,0.8239700374531835,0.822429906542056,0.7705534832641984,0.8621679250853701,0.7737853710702677,0.8649643630916927,220,48,47,14,2.256,125
morgantown,tta,0.25,0.8270676691729323,0.8239700374531835,0.8255159474671669,0.7770474932595389,0.8677752471926373,0.7737853710702677,0.8649643630916927,220,46,47,14,2.24,125
morgantown,tta,0.26,0.8301886792452831,0.8239700374531835,0.8270676691729324,0.7803403870754727,0.8706005387336283,0.7737853710702677,0.8649643630916927,220,45,47,13,2.224,125
morgantown,tta,0.27,0.8365019011406845,0.8239700374531835,0.8301886792452831,0.7870207325000744,0.8762941329481915,0.7737853710702677,0.8649643630916927,220,43,47,13,2.208,125
morgantown,tta,0.28,0.8482490272373541,0.8164794007490637,0.83206106870229,0.7992784078936472,0.886961823725849,0.7656711221778314,0.8583098320035056,218,39,49,13,2.16,125
morgantown,tta,0.29,0.857707509881423,0.8127340823970037,0.8346153846153848,0.8092983724832807,0.8954161285944264,0.7616245800709335,0.8549719841200919,217,36,50,13,2.128,125
morgantown,tta,0.3,0.868,0.8127340823970037,0.8394584139264991,0.8204189328669529,0.9044425555573243,0.7616245800709335,0.8549719841200919,217,33,50,13,2.104,125
morgantown,tta,0.31,0.875,0.8127340823970037,0.8427184466019417,0.8280349656326145,0.910524509847211,0.7616245800709335,0.8549719841200919,217,31,50,12,2.08,125
morgantown,tta,0.32,0.8888888888888888,0.8089887640449438,0.8470588235294118,0.8431664868321639,0.9225067222217392,0.7575848791380758,0.8516272950626377,216,27,51,12,2.04,125
morgantown,tta,0.33,0.8925619834710744,0.8089887640449438,0.8487229862475443,0.8472343527581727,0.9256210142749088,0.7575848791380758,0.8516272950626377,216,26,51,12,2.032,125
morgantown,tta,0.34,0.8958333333333334,0.8052434456928839,0.8481262327416172,0.8507508797916045,0.9284434824501132,0.7535518687932692,0.8482759154171327,215,25,52,12,2.016,125
morgantown,tta,0.35,0.8945147679324894,0.7940074906367042,0.8412698412698413,0.8489195494069514,0.9275243871887199,0.7414915801876272,0.8381830340518399,212,25,55,12,1.992,125
morgantown,tta,0.36,0.8936170212765957,0.7865168539325843,0.8366533864541833,0.847673512418565,0.9268984214489018,0.7334823824349261,0.8314234518239174,210,25,57,12,1.976,125
morgantown,tta,0.37,0.9130434782608695,0.7865168539325843,0.8450704225352114,0.8695106200305235,0.9430052026460233,0.7334823824349261,0.8314234518239174,210,20,57,12,1.936,125
morgantown,tta,0.38,0.9170305676855895,0.7865168539325843,0.8467741935483871,0.8740577167239947,0.946242435826065,0.7334823824349261,0.8314234518239174,210,19,57,11,1.92,125
morgantown,tta,0.39,0.9210526315789473,0.7865168539325843,0.8484848484848485,0.8786702611256266,0.9494813734386621,0.7334823824349261,0.8314234518239174,210,18,57,11,1.912,125
morgantown,tta,0.4,0.9210526315789473,0.7865168539325843,0.8484848484848485,0.8786702611256266,0.9494813734386621,0.7334823824349261,0.8314234518239174,210,18,57,11,1.912,125
morgantown,tta,0.41,0.9247787610619469,0.7827715355805244,0.847870182555781,0.8828494938255467,0.9525084222349054,0.7294867247246499,0.828034719543882,209,17,58,10,1.888,125
morgantown,tta,0.42,0.9244444444444444,0.7790262172284644,0.8455284552845529,0.8823435250399292,0.9522949323034908,0.7254968811144327,0.8246401731637876,208,17,59,10,1.88,125
morgantown,tta,0.43,0.9244444444444444,0.7790262172284644,0.8455284552845529,0.8823435250399292,0.9522949323034908,0.7254968811144327,0.8246401731637876,208,17,59,10,1.88,125
morgantown,tta,0.44,0.9234234234234234,0.7677902621722846,0.8384458077709611,0.8807990670327714,0.9516427860182164,0.7135612154614235,0.8144226688458616,205,17,62,10,1.856,125
morgantown,tta,0.45,0.9230769230769231,0.7640449438202247,0.8360655737704918,0.8802752029008033,0.951421422634685,0.709593629882181,0.8110058644347924,204,17,63,10,1.848,125
morgantown,tta,0.46,0.9230769230769231,0.7640449438202247,0.8360655737704918,0.8802752029008033,0.951421422634685,0.709593629882181,0.8110058644347924,204,17,63,9,1.84,125
morgantown,tta,0.47,0.9269406392694064,0.7602996254681648,0.8353909465020577,0.8846286433266604,0.9545324468827081,0.7056313794923009,0.8075837248343608,203,16,64,9,1.824,125
morgantown,tta,0.48,0.9441860465116279,0.7602996254681648,0.842323651452282,0.9049898753364066,0.9677875125094141,0.7056313794923009,0.8075837248343608,203,12,64,9,1.792,125
morgantown,tta,0.49,0.9441860465116279,0.7602996254681648,0.842323651452282,0.9049898753364066,0.9677875125094141,0.7056313794923009,0.8075837248343608,203,12,64,9,1.792,125
morgantown,tta,0.5,0.9485981308411215,0.7602996254681648,0.8440748440748441,0.9103152736698502,0.97105908274325,0.7056313794923009,0.8075837248343608,203,11,64,9,1.784,125
morgantown,tta,0.55,0.9663461538461539,0.7528089887640449,0.8463157894736842,0.932174138958779,0.9836044427739874,0.6977225502220129,0.8007237741240255,201,7,66,9,1.736,125
morgantown,tta,0.6,0.98,0.7340823970037453,0.8394004282655246,0.9497121344948062,0.9921956998236058,0.6780383292537552,0.783486045140725,196,4,71,8,1.664,125
morgantown,tta,0.65,0.9840425531914894,0.6928838951310862,0.8131868131868133,0.9541408035010466,0.9945585401241108,0.6351410699267953,0.7451550145742564,185,3,82,5,1.544,125
morgantown,tta,0.7,0.9943181818181818,0.6554307116104869,0.7900677200902935,0.9685217422829119,0.9989963402964243,0.5965853042462161,0.7098668803517187,175,1,92,3,1.432,125
morgantown,tta,0.75,0.9934640522875817,0.5692883895131086,0.7238095238095237,0.9639094381226986,0.9988453412215571,0.5093237920359055,0.6272874227848604,152,1,115,2,1.24,125
morgantown,tta,0.8,1.0,0.5093632958801498,0.674937965260546,0.9725289184334275,0.9999999999999999,0.4496926156150671,0.568768359360712,136,0,131,1,1.096,125
morgantown,tta,0.85,1.0,0.4157303370786517,0.5873015873015873,0.9665487070887205,1.0,0.35821711841180737,0.4756341068061799,111,0,156,1,0.896,125
morgantown,tta,0.9,1.0,0.26217228464419473,0.4154302670623145,0.9479751251327163,0.9999999999999999,0.21305665391431128,0.31803458170089693,70,0,197,0,0.56,125
annapolis,single,0.05,0.655940594059406,0.9013605442176871,0.7593123209169054,0.6083421495089777,0.7006013226625712,0.8619263585842927,0.9304411280260398,265,139,29,15,3.352,125
annapolis,single,0.1,0.7781155015197568,0.8707482993197279,0.8218298555377207,0.7301504225304033,0.8196606587767409,0.8275671683794903,0.904365509930054,256,73,38,12,2.728,125
annapolis,single,0.15,0.8256578947368421,0.8537414965986394,0.8394648829431438,0.7790163834973387,0.8641715417213454,0.8087886993769051,0.8895690854322014,251,53,43,9,2.504,125
annapolis,single,0.2,0.8631578947368421,0.8367346938775511,0.8497409326424872,0.8183994615999627,0.8982563109757328,0.7901910402530654,0.8745918510556034,246,39,48,8,2.344,125
annapolis,single,0.21,0.8687943262411347,0.8333333333333334,0.8506944444444444,0.8243846391837852,0.9032911085030455,0.7864911338982451,0.8715767787103362,245,37,49,8,2.32,125
annapolis,single,0.22,0.8718861209964412,0.8333333333333334,0.8521739130434782,0.8277343934880161,0.9060067454467462,0.7864911338982451,0.8715767787103362,245,36,49,8,2.312,125
annapolis,single,0.23,0.8741007194244604,0.826530612244898,0.8496503496503497,0.8299375088596574,0.9080656815849042,0.7791096846181935,0.8655282705902128,243,35,51,8,2.288,125
annapolis,single,0.24,0.8741007194244604,0.826530612244898,0.8496503496503497,0.8299375088596574,0.9080656815849042,0.7791096846181935,0.8655282705902128,243,35,51,8,2.288,125
annapolis,single,0.25,0.8804347826086957,0.826530612244898,0.8526315789473684,0.8368405536425613,0.9135839722320763,0.7791096846181935,0.8655282705902128,243,33,51,8,2.272,125
annapolis,single,0.26,0.8836363636363637,0.826530612244898,0.8541300527240774,0.8403440447119437,0.9163579681871361,0.7791096846181935,0.8655282705902128,243,32,51,8,2.264,125
annapolis,single,0.27,0.8864468864468864,0.8231292517006803,0.853615520282187,0.8433278697449311,0.9188408216656083,0.77542786056029,0.8624951159480285,242,31,52,8,2.248,125
annapolis,single,0.28,0.8925925925925926,0.8197278911564626,0.8546099290780143,0.8500005324679412,0.9241696447439947,0.7717517938752735,0.8594562039329575,241,29,53,8,2.224,125
annapolis,single,0.29,0.8955223880597015,0.8163265306122449,0.8540925266903916,0.8531438605139139,0.9267220614053215,0.7680813599736576,0.8564116591344859,240,28,54,8,2.208,125
annapolis,single,0.3,0.9015151515151515,0.8095238095238095,0.8530465949820788,0.8596093925585216,0.9319032029456867,0.7607569202114047,0.8503061414965637,238,26,56,6,2.16,125
annapolis,single,0.31,0.9115384615384615,0.8061224489795918,0.855595667870036,0.8707614891961988,0.9403312270396031,0.7571026922079622,0.8472453907999185,237,23,57,6,2.128,125
annapolis,single,0.32,0.9115384615384615,0.8061224489795918,0.855595667870036,0.8707614891961988,0.9403312270396031,0.7571026922079622,0.8472453907999185,237,23,57,6,2.128,125
annapolis,single,0.33,0.9108527131782945,0.7993197278911565,0.8514492753623188,0.8697869478656605,0.9398628556796894,0.7498097004502805,0.8411084251574251,235,23,59,6,2.112,125
annapolis,single,0.34,0.9140625,0.7959183673469388,0.850909090909091,0.8733168298757226,0.9425648457297233,0.7461707420869597,0.8380324048206584,234,22,60,6,2.096,125
annapolis,single,0.35,0.9173228346456693,0.7925170068027211,0.8503649635036497,0.876919879952435,0.9452903452400864,0.7425366857494138,0.8349514824581168,233,21,61,6,2.08,125
annapolis,single,0.36,0.9243027888446215,0.7891156462585034,0.8513761467889908,0.8848063867619064,0.9510069184441511,0.7389074439313249,0.8318657455761179,232,19,62,6,2.056,125
annapolis,single,0.37,0.9243027888446215,0.7891156462585034,0.8513761467889908,0.8848063867619064,0.9510069184441511,0.7389074439313249,0.8318657455761179,232,19,62,6,2.056,125
annapolis,single,0.38,0.927710843373494,0.7857142857142857,0.850828729281768,0.8886366893037824,0.9537879749919663,0.7352829326669711,0.8287752781403842,231,18,63,6,2.04,125
annapolis,single,0.39,0.9346938775510204,0.7789115646258503,0.849721706864564,0.8965604199814716,0.9594057850260513,0.7280477825267385,0.8225804708804417,229,16,65,6,2.008,125
annapolis,single,0.4,0.9346938775510204,0.7789115646258503,0.849721706864564,0.8965604199814716,0.9594057850260513,0.7280477825267385,0.8225804708804417,229,16,65,6,2.008,125
annapolis,single,0.41,0.9385245901639344,0.7789115646258503,0.8513011152416357,0.901059690762313,0.9623950319315366,0.7280477825267385,0.8225804708804417,229,15,65,5,1.992,125
annapolis,single,0.42,0.946058091286307,0.7755102040816326,0.8523364485981308,0.9099100312747984,0.9682087197871124,0.7244369917972058,0.8194762829098869,228,13,66,5,1.968,125
annapolis,single,0.43,0.95,0.7755102040816326,0.8539325842696629,0.9146509756110072,0.9711699835690505,0.7244369917972058,0.8194762829098869,228,12,66,5,1.96,125
annapolis,single,0.44,0.9539748953974896,0.7755102040816326,0.8555347091932458,0.919477500728296,0.9741091005788935,0.7244369917972058,0.8194762829098869,228,11,66,5,1.952,125
annapolis,single,0.45,0.9535864978902954,0.7687074829931972,0.8512241054613935,0.9188139618868335,0.9738889598675479,0.7172286210979335,0.8132546962089839,226,11,68,5,1.936,125
annapolis,single,0.46,0.9615384615384616,0.7653061224489796,0.8522727272727273,0.9285316690424954,0.9796357835814358,0.713630906047334,0.8101374325594959,225,9,69,5,1.912,125
annapolis,single,0.47,0.9613733905579399,0.7619047619047619,0.8500948766603417,0.9282318958481912,0.9795478185263107,0.7100374186651375,0.8070159412416049,224,9,70,5,1.904,125
annapolis,single,0.48,0.9612068965517241,0.7585034013605442,0.8479087452471482,0.9279295978167452,0.9794590901840146,0.7064480975166352,0.8038902836900197,223,9,71,5,1.896,125
annapolis,single,0.49,0.9652173913043478,0.7551020408163265,0.847328244274809,0.9328775030227985,0.9822718972549964,0.7028628834053393,0.8007605191012278,222,8,72,5,1.88,125
annapolis,single,0.5,0.9694323144104804,0.7551020408163265,0.8489483747609942,0.9382586665832375,0.9851158506851545,0.7028628834053393,0.8007605191012278,222,7,72,5,1.872,125
annapolis,single,0.55,0.9730941704035875,0.7380952380952381,0.8394584139264992,0.9425525753961802,0.9876119094249461,0.6849964907869005,0.785052018219229,217,6,77,4,1.816,125
annapolis,single,0.6,0.9760765550239234,0.6938775510204082,0.8111332007952285,0.9452284165906996,0.9897391837280353,0.6389749406948904,0.7437788452101008,204,5,90,4,1.704,125
annapolis,single,0.65,0.9896373056994818,0.6496598639455783,0.7843942505133471,0.9630092727000982,0.9971536196966307,0.5935136144618021,0.7019454483420509,191,2,103,2,1.56,125
annapolis,single,0.7,0.988950276243094,0.608843537414966,0.7536842105263158,0.9606120674592017,0.9969645819530518,0.5519986944284432,0.662880623974359,179,2,115,2,1.464,125
annapolis,single,0.75,0.9939024390243902,0.5544217687074829,0.7117903930131004,0.96627290966789,0.9989228463306229,0.49726786132167916,0.6101717978797218,163,1,131,2,1.328,125
annapolis,single,0.8,0.993103448275862,0.4897959183673469,0.6560364464692483,0.9619713263011486,0.9987815814880713,0.4331542363067837,0.5467008275929537,144,1,150,2,1.176,125
annapolis,single,0.85,0.9914529914529915,0.3945578231292517,0.5644768856447688,0.9531693460245405,0.9984896853024199,0.3403932383879576,0.451442421909328,116,1,178,1,0.944,125
annapolis,single,0.9,1.0,0.23129251700680273,0.3756906077348066,0.9465268034119508,1.0,0.1867453037910161,0.2827713789020665,68,0,226,0,0.544,125
annapolis,tta,0.05,0.6069767441860465,0.8877551020408163,0.7209944751381215,0.5600591278910836,0.651999835564703,0.8465562709863227,0.9189513008236595,261,169,33,15,3.56,125
annapolis,tta,0.1,0.7363896848137536,0.8741496598639455,0.7993779160186625,0.6877711519637606,0.7798607825927089,0.8313470163886088,0.9073006406210233,257,92,37,12,2.888,125
annapolis,tta,0.15,0.796875,0.8673469387755102,0.8306188925081432,0.7493925923611828,0.8373139950568635,0.8237957105370217,0.9014219890724351,255,65,39,9,2.632,125
annapolis,tta,0.2,0.8372881355932204,0.8401360544217688,0.8387096774193549,0.7908795318191442,0.8750250811932343,0.79389726718031,0.8776006028284464,247,48,47,8,2.424,125
annapolis,tta,0.21,0.8424657534246576,0.8367346938775511,0.8395904436860068,0.7962676462612153,0.8797698008050527,0.7901910402530654,0.8745918510556034,246,46,48,8,2.4,125
annapolis,tta,0.22,0.8472222222222222,0.8299319727891157,0.8384879725085911,0.8011220570154924,0.8841812033832992,0.7827973966940514,0.8685555372144425,244,44,50,8,2.368,125
annapolis,tta,0.23,0.8461538461538461,0.8231292517006803,0.8344827586206898,0.7997754469065091,0.8833563050573222,0.77542786056029,0.8624951159480285,242,44,52,8,2.352,125
annapolis,tta,0.24,0.8491228070175438,0.8231292517006803,0.8359240069084629,0.8029406880975126,0.8860182430259821,0.77542786056029,0.8624951159480285,242,43,52,8,2.344,125
annapolis,tta,0.25,0.8551236749116607,0.8231292517006803,0.8388214904679375,0.80935769753126,0.8913774817453861,0.77542786056029,0.8624951159480285,242,41,52,8,2.328,125
annapolis,tta,0.26,0.8612099644128114,0.8231292517006803,0.8417391304347827,0.8158937087535488,0.896783091264426,0.77542786056029,0.8624951159480285,242,39,52,8,2.312,125
annapolis,tta,0.27,0.8612099644128114,0.8231292517006803,0.8417391304347827,0.8158937087535488,0.896783091264426,0.77542786056029,0.8624951159480285,242,39,52,8,2.312,125
annapolis,tta,0.28,0.8731884057971014,0.8197278911564626,0.8456140350877194,0.8287420009403274,0.9073887244414601,0.7717517938752735,0.8594562039329575,241,35,53,8,2.272,125
annapolis,tta,0.29,0.8759124087591241,0.8163265306122449,0.8450704225352113,0.8316018562873801,0.9098277928364373,0.7680813599736576,0.8564116591344859,240,34,54,8,2.256,125
annapolis,tta,0.3,0.8754578754578755,0.8129251700680272,0.8430335097001764,0.8310034409732229,0.909492207079671,0.7644164399450113,0.8533616004630447,239,34,55,6,2.232,125
annapolis,tta,0.31,0.8851851851851852,0.8129251700680272,0.8475177304964538,0.8416377451525872,0.9179254475836516,0.7644164399450113,0.8533616004630447,239,31,55,6,2.208,125
annapolis,tta,0.32,0.8880597014925373,0.8095238095238095,0.8469750889679715,0.8446955641460496,0.920455906416219,0.7607569202114047,0.8503061414965637,238,30,56,6,2.192,125
annapolis,tta,0.33,0.8905660377358491,0.8027210884353742,0.8443649373881932,0.8472521657262271,0.9227179579451095,0.7534536520879713,0.8441794522198218,236,29,58,6,2.168,125
annapolis,tta,0.34,0.9007633587786259,0.8027210884353742,0.8489208633093525,0.8585677855726587,0.9313763014325352,0.7534536520879713,0.8441794522198218,236,26,58,6,2.144,125
annapolis,tta,0.35,0.9042145593869731,0.8027210884353742,0.8504504504504503,0.8624251704225583,0.9342774623964549,0.7534536520879713,0.8441794522198218,236,25,58,6,2.136,125
annapolis,tta,0.36,0.9111969111969112,0.8027210884353742,0.8535262206148283,0.8702760475736321,0.9400979571501255,0.7534536520879713,0.8441794522198218,236,23,58,6,2.12,125
annapolis,tta,0.37,0.9111969111969112,0.8027210884353742,0.8535262206148283,0.8702760475736321,0.9400979571501255,0.7534536520879713,0.8441794522198218,236,23,58,6,2.12,125
annapolis,tta,0.38,0.914396887159533,0.7993197278911565,0.8529945553539019,0.8737964799662181,0.9427910582178751,0.7498097004502805,0.8411084251574251,235,22,59,6,2.104,125
annapolis,tta,0.39,0.9212598425196851,0.7959183673469388,0.854014598540146,0.8815144676674032,0.9484524577627835,0.7461707420869597,0.8380324048206584,234,20,60,6,2.08,125
annapolis,tta,0.4,0.9209486166007905,0.7925170068027211,0.8519195612431444,0.8810585447690632,0.9482463653389567,0.7425366857494138,0.8349514824581168,233,20,61,6,2.072,125
annapolis,tta,0.41,0.9246031746031746,0.7925170068027211,0.8534798534798536,0.8852515610518821,0.9512034955143684,0.7425366857494138,0.8349514824581168,233,19,61,5,2.056,125
annapolis,tta,0.42,0.928,0.7891156462585034,0.8529411764705883,0.8890706197648033,0.9539748069895191,0.7389074439313249,0.8318657455761179,232,18,62,5,2.04,125
annapolis,tta,0.43,0.928,0.7891156462585034,0.8529411764705883,0.8890706197648033,0.9539748069895191,0.7389074439313249,0.8318657455761179,232,18,62,5,2.04,125
annapolis,tta,0.44,0.9317269076305221,0.7891156462585034,0.8545119705340699,0.8933943172213908,0.9569404378189189,0.7389074439313249,0.8318657455761179,232,17,62,5,2.032,125
annapolis,tta,0.45,0.9349593495934959,0.782312925170068,0.8518518518518519,0.8969702646205794,0.9595724408375989,0.7316630713436079,0.8256801607636599,230,16,64,5,2.008,125
annapolis,tta,0.46,0.9382716049382716,0.7755102040816326,0.8491620111731844,0.900662750944018,0.96223880211673,0.7244369917972058,0.8194762829098869,228,15,66,5,1.984,125
annapolis,tta,0.47,0.9380165289256198,0.7721088435374149,0.8470149253731343,0.9002626146322834,0.962081268583576,0.7208306275991455,0.8163676684078595,227,15,67,5,1.976,125
annapolis,tta,0.48,0.9414225941422594,0.7653061224489796,0.8442776735459663,0.9040892995990207,0.9647898380775551,0.713630906047334,0.8101374325594959,225,14,69,5,1.952,125
annapolis,tta,0.49,0.9453781512605042,0.7653061224489796,0.8458646616541354,0.9088023203717762,0.9678045164999612,0.713630906047334,0.8101374325594959,225,13,69,5,1.944,125
annapolis,tta,0.5,0.9493670886075949,0.7653061224489796,0.8474576271186441,0.9135966324911757,0.9708020760375833,0.713630906047334,0.8101374325594959,225,12,69,5,1.936,125
annapolis,tta,0.55,0.9612068965517241,0.7585034013605442,0.8479087452471482,0.9279295978167452,0.9794590901840146,0.7064480975166352,0.8038902836900197,223,9,71,4,1.888,125
annapolis,tta,0.6,0.9675925925925926,0.7108843537414966,0.8196078431372549,0.9346283209697888,0.9842150644495313,0.6566054137498123,0.7597232656556168,209,7,85,4,1.76,125
annapolis,tta,0.65,0.9850746268656716,0.673469387755102,0.8,0.9570437091797073,0.9949113624463686,0.617927049949002,0.7245368637554636,198,3,96,3,1.632,125
annapolis,tta,0.7,0.9841269841269841,0.6326530612244898,0.7701863354037266,0.9543779603454307,0.9945874081227836,0.5761653201200952,0.6857188491833198,186,3,108,2,1.528,125
annapolis,tta,0.75,0.9883040935672515,0.5748299319727891,0.7268817204301075,0.9583635157286967,0.9967867459939139,0.5177110392774109,0.6300184921245156,169,2,125,2,1.384,125
annapolis,tta,0.8,0.9934640522875817,0.5170068027210885,0.680089485458613,0.9639094381226986,0.9988453412215571,0.4600349107266919,0.573539982773746,152,1,142,2,1.24,125
annapolis,tta,0.85,0.9921875,0.43197278911564624,0.6018957345971564,0.9570726816506786,0.998619603637121,0.37658642406790316,0.48911400193034565,127,1,167,1,1.032,125
annapolis,tta,0.9,1.0,0.282312925170068,0.4403183023872679,0.9557631365612795,1.0,0.23392298648814763,0.33631837670624837,83,0,211,1,0.672,125
budapest_district5,single,0.05,0.40754039497307004,0.7566666666666667,0.52975495915986,0.36750098633164935,0.4488464458131845,0.7050638169697229,0.8017792222981063,227,330,73,29,4.688,125
budapest_district5,single,0.1,0.4966139954853273,0.7333333333333333,0.5921938088829071,0.45028353526548665,0.5430026762242226,0.6805715919237879,0.7801948074106021,220,223,80,24,3.736,125
budapest_district5,single,0.15,0.5546875,0.71,0.6228070175438596,0.5046792744832106,0.6036123579770515,0.6562534723961281,0.7584362870048228,213,171,87,23,3.256,125
budapest_district5,single,0.2,0.6047904191616766,0.6733333333333333,0.6372239747634069,0.55145187352771,0.6557458191187847,0.6183611701576165,0.7239224407765018,202,132,98,22,2.848,125
budapest_district5,single,0.21,0.6116207951070336,0.6666666666666666,0.6379585326953747,0.5577898691808015,0.6628595292019895,0.6115114164576771,0.7176074402097443,200,127,100,22,2.792,125
budapest_district5,single,0.22,0.615625,0.6566666666666666,0.635483870967742,0.5612539909710667,0.667252785181225,0.60125876165596,0.708112963611416,197,123,103,22,2.736,125
budapest_district5,single,0.23,0.632258064516129,0.6533333333333333,0.642622950819672,0.5772664150597172,0.6840118858411194,0.5978469867996586,0.7049423613343692,196,114,104,22,2.656,125
budapest_district5,single,0.24,0.6298701298701299,0.6466666666666666,0.638157894736842,0.5746554039902667,0.6818850960584761,0.5910319849316535,0.6985926089356772,194,114,106,22,2.64,125
budapest_district5,single,0.25,0.6360655737704918,0.6466666666666666,0.6413223140495867,0.580686402428039,0.6880597768431472,0.5910319849316535,0.6985926089356772,194,111,106,22,2.616,125
budapest_district5,single,0.26,0.6445182724252492,0.6466666666666666,0.6455906821963394,0.5889326946719706,0.6964614247657963,0.5910319849316535,0.6985926089356772,194,107,106,22,2.584,125
budapest_district5,single,0.27,0.660958904109589,0.6433333333333333,0.652027027027027,0.6048847329801529,0.7128528671409929,0.5876287210234448,0.6954134957105376,193,99,107,21,2.504,125
budapest_district5,single,0.28,0.6819787985865724,0.6433333333333333,0.6620926243567753,0.6255915221880031,0.7334916791328652,0.5876287210234448,0.6954134957105376,193,90,107,19,2.416,125
budapest_district5,single,0.29,0.6942446043165468,0.6433333333333333,0.6678200692041523,0.6377424429731013,0.7454515212961903,0.5876287210234448,0.6954134957105376,193,85,107,18,2.368,125
budapest_district5,single,0.3,0.706959706959707,0.6433333333333333,0.6736474694589879,0.6503941041437874,0.7577815457585396,0.5876287210234448,0.6954134957105376,193,80,107,18,2.328,125
budapest_district5,single,0.31,0.7121771217712177,0.6433333333333333,0.6760070052539404,0.6556024915468618,0.762820338184882,0.5876287210234448,0.6954134957105376,193,78,107,18,2.312,125
budapest_district5,single,0.32,0.7180451127819549,0.6366666666666667,0.6749116607773852,0.6611644723193243,0.7687173546487934,0.5808305794961457,0.68904688297114,191,75,109,18,2.272,125
budapest_district5,single,0.33,0.7279693486590039,0.6333333333333333,0.6773618538324421,0.6709651631805289,0.7783600183619479,0.5774356684994387,0.6858594168344984,190,71,110,16,2.216,125
budapest_district5,single,0.34,0.7362204724409449,0.6233333333333333,0.6750902527075812,0.6787956796409113,0.7866063346190065,0.5672673858683439,0.6762805680655479,187,67,113,16,2.16,125
budapest_district5,single,0.35,0.7410358565737052,0.62,0.6751361161524502,0.6834948820901936,0.7913098593648906,0.5638833924466087,0.6730821843539347,186,65,114,16,2.136,125
budapest_district5,single,0.36,0.7644628099173554,0.6166666666666667,0.6826568265682658,0.7071254853664669,0.8135349724242406,0.5605020926949223,0.6698811069722727,185,57,115,16,2.064,125
budapest_district5,single,0.37,0.7676348547717843,0.6166666666666667,0.6839186691312386,0.7103667134890995,0.8165045371480472,0.5605020926949223,0.6698811069722727,185,56,115,16,2.056,125
budapest_district5,single,0.38,0.7711864406779662,0.6066666666666667,0.6791044776119404,0.7135020312926849,0.820183534514081,0.5503742249074199,0.6602618433597298,182,54,118,16,2.016,125
budapest_district5,single,0.39,0.7711864406779662,0.6066666666666667,0.6791044776119404,0.7135020312926849,0.820183534514081,0.5503742249074199,0.6602618433597298,182,54,118,16,2.016,125
budapest_district5,single,0.4,0.7748917748917749,0.5966666666666667,0.6741996233521657,0.7167884391421567,0.8240016082770397,0.5402701497811767,0.6506187870859278,179,52,121,16,1.976,125
budapest_district5,single,0.41,0.7797356828193832,0.59,0.6717267552182163,0.7214161493316997,0.8287446535738423,0.5335471696907381,0.6441770129096693,177,50,123,16,1.944,125
budapest_district5,single,0.42,0.7822222222222223,0.5866666666666667,0.6704761904761906,0.7237988677197582,0.8311701588907883,0.5301895702243481,0.6409522352427112,176,49,124,16,1.928,125
budapest_district5,single,0.43,0.7873303167420814,0.58,0.6679462571976967,0.7287091266807934,0.8361329665973188,0.5234821059002049,0.6344949453001573,174,47,126,16,1.896,125
budapest_district5,single,0.44,0.7962962962962963,0.5733333333333334,0.6666666666666667,0.7376275401231382,0.844609852617817,0.5167848970036207,0.6280273999300449,172,44,128,16,1.856,125
budapest_district5,single,0.45,0.8,0.5733333333333334,0.6679611650485436,0.7414757348710433,0.8479917155588567,0.5167848970036207,0.6280273999300449,172,43,128,16,1.848,125
budapest_district5,single,0.46,0.8037383177570093,0.5733333333333334,0.6692607003891051,0.7453681468788736,0.8513957402758295,0.5167848970036207,0.6280273999300449,172,42,128,16,1.84,125
budapest_district5,single,0.47,0.8018867924528302,0.5666666666666667,0.6640625,0.7430686712455133,0.8499588081653139,0.5100978801359048,0.6215496625310637,170,42,130,16,1.824,125
budapest_district5,single,0.48,0.8226600985221675,0.5566666666666666,0.6640159045725647,0.7642700472436738,0.86906483316723,0.5000863411296723,0.611814070137251,167,36,133,16,1.752,125
budapest_district5,single,0.49,0.8241206030150754,0.5466666666666666,0.657314629258517,0.7652298773792114,0.8707343429779539,0.49009743799114724,0.6020558418757308,164,35,136,16,1.72,125
budapest_district5,single,0.5,0.8358974358974359,0.5433333333333333,0.6585858585858586,0.7775207381981005,0.8812951232715317,0.48677280884564667,0.598798093887883,163,32,137,16,1.688,125
budapest_district5,single,0.55,0.8742857142857143,0.51,0.6442105263157895,0.8169959028534222,0.9154958663993693,0.45366316504261445,0.5660839663574307,153,22,147,14,1.512,125
budapest_district5,single,0.6,0.9148936170212766,0.43,0.5850340136054422,0.8571322383922675,0.9506467422320835,0.3752101984887211,0.4865598817109618,129,12,171,12,1.224,125
budapest_district5,single,0.65,0.9256198347107438,0.37333333333333335,0.5320665083135393,0.8646677320152302,0.9603777656393978,0.32052375567605285,0.4293459132567069,112,9,188,9,1.04,125
budapest_district5,single,0.7,0.9207920792079208,0.31,0.4638403990024938,0.8514273653380986,0.9593195137633268,0.260342665745168,0.3644618376539715,93,8,207,5,0.848,125
budapest_district5,single,0.75,0.9066666666666666,0.22666666666666666,0.36266666666666664,0.819651161993122,0.9540520606710551,0.18291876819709538,0.2773263068683335,68,7,232,4,0.632,125
budapest_district5,single,0.8,0.9215686274509803,0.15666666666666668,0.2678062678062679,0.8149980177513917,0.9690783038730685,0.11990622028482688,0.20210893498028493,47,4,253,3,0.432,125
budapest_district5,single,0.85,1.0,0.08,0.14814814814814814,0.8620194241710247,1.0,0.05434646978454494,0.11627401141355304,24,0,276,2,0.208,125
budapest_district5,single,0.9,1.0,0.03,0.058252427184466014,0.7008472464490407,1.0,0.015861673205964575,0.05602315099190695,9,0,291,1,0.08,125
budapest_district5,tta,0.05,0.3651050080775444,0.7533333333333333,0.4918389553862895,0.3281160897773274,0.40375795331805986,0.7015536959202178,0.7987069662142627,226,393,74,29,5.184,125
budapest_district5,tta,0.1,0.4554865424430642,0.7333333333333333,0.5619412515964239,0.41159749810103385,0.5000780859082208,0.6805715919237879,0.7801948074106021,220,263,80,25,4.064,125
budapest_district5,tta,0.15,0.524390243902439,0.7166666666666667,0.6056338028169014,0.47604706247637246,0.5722806068541154,0.6631845423956875,0.7646699712719605,215,195,85,23,3.464,125
budapest_district5,tta,0.2,0.5769230769230769,0.7,0.6325301204819277,0.5256246202236734,0.6266148219710104,0.6458814453011743,0.7490611826997313,210,154,90,23,3.096,125
budapest_district5,tta,0.21,0.5920679886685553,0.6966666666666667,0.6401225114854517,0.540075666189272,0.6420779840577844,0.6424305301606226,0.7459297207069346,209,144,91,23,3.008,125
budapest_district5,tta,0.22,0.591304347826087,0.68,0.6325581395348838,0.5387012092596335,0.6418965176169775,0.6252228520235207,0.7302255131772947,204,141,96,23,2.944,125
budapest_district5,tta,0.23,0.6017699115044248,0.68,0.6384976525821596,0.548797710904203,0.6524614128427402,0.6252228520235207,0.7302255131772947,204,135,96,23,2.896,125
budapest_district5,tta,0.24,0.6029850746268657,0.6733333333333333,0.6362204724409449,0.5497072011919462,0.6539277716095044,0.6183611701576165,0.7239224407765018,202,133,98,22,2.856,125
budapest_district5,tta,0.25,0.6097560975609756,0.6666666666666666,0.6369426751592356,0.555984923962527,0.6609860646055128,0.6115114164576771,0.7176074402097443,200,128,100,22,2.8,125
budapest_district5,tta,0.26,0.6172839506172839,0.6666666666666666,0.641025641025641,0.5632772583678258,0.6685420104497983,0.6115114164576771,0.7176074402097443,200,124,100,22,2.768,125
budapest_district5,tta,0.27,0.6289308176100629,0.6666666666666666,0.6472491909385113,0.574590099012044,0.6801936206811217,0.6115114164576771,0.7176074402097443,200,118,100,22,2.72,125
budapest_district5,tta,0.28,0.6357827476038339,0.6633333333333333,0.6492659053833605,0.5811238242671016,0.6871490287925978,0.6080909561297259,0.7144455234043472,199,114,101,21,2.672,125
budapest_district5,tta,0.29,0.6459016393442623,0.6566666666666666,0.6512396694214875,0.5907183583951099,0.6974552555221862,0.60125876165596,0.708112963611416,197,108,103,21,2.608,125
budapest_district5,tta,0.3,0.6521739130434783,0.65,0.6510851419031719,0.5965660814650586,0.7039210378738963,0.594438067475952,0.7017689035247274,195,104,105,21,2.56,125
budapest_district5,tta,0.31,0.6621160409556314,0.6466666666666666,0.654300168634064,0.6061694029490555,0.7138666027859896,0.5910319849316535,0.6985926089356772,194,99,106,21,2.512,125
budapest_district5,tta,0.32,0.6666666666666666,0.6466666666666666,0.6565143824027072,0.6106422407092301,0.7183479696274387,0.5910319849316535,0.6985926089356772,194,97,106,21,2.496,125
budapest_district5,tta,0.33,0.671280276816609,0.6466666666666666,0.6587436332767401,0.615183709353724,0.7228830134069766,0.5910319849316535,0.6985926089356772,194,95,106,18,2.456,125
budapest_district5,tta,0.34,0.6832740213523132,0.64,0.6609294320137693,0.626720865416023,0.7348836193221613,0.5842282582018847,0.6922315813987494,192,89,108,18,2.392,125
budapest_district5,tta,0.35,0.6945454545454546,0.6366666666666667,0.6643478260869566,0.6377357074367067,0.7459946972087983,0.5808305794961457,0.68904688297114,191,84,109,18,2.344,125
budapest_district5,tta,0.36,0.7078651685393258,0.63,0.6666666666666666,0.6506782905674032,0.7591553538948949,0.574043509355098,0.6826691988454907,189,78,111,18,2.28,125
budapest_district5,tta,0.37,0.7186311787072244,0.63,0.6714031971580818,0.6614383242751931,0.7695289611855447,0.574043509355098,0.6826691988454907,189,74,111,18,2.248,125
budapest_district5,tta,0.38,0.7230769230769231,0.6266666666666667,0.6714285714285715,0.6657359253153967,0.7739218087189632,0.5706540867432932,0.6794762443239473,188,72,112,18,2.224,125
budapest_district5,tta,0.39,0.7230769230769231,0.6266666666666667,0.6714285714285715,0.6657359253153967,0.7739218087189632,0.5706540867432932,0.6794762443239473,188,72,112,18,2.224,125
budapest_district5,tta,0.4,0.7312252964426877,0.6166666666666667,0.6690777576853526,0.6734386877190739,0.7820949952980074,0.5605020926949223,0.6698811069722727,185,68,115,18,2.168,125
budapest_district5,tta,0.41,0.74,0.6166666666666667,0.6727272727272727,0.6822851203436464,0.7904506329765344,0.5605020926949223,0.6698811069722727,185,65,115,18,2.144,125
budapest_district5,tta,0.42,0.7459677419354839,0.6166666666666667,0.6751824817518247,0.6883203366336496,0.7961111472832253,0.5605020926949223,0.6698811069722727,185,63,115,18,2.128,125
budapest_district5,tta,0.43,0.7459677419354839,0.6166666666666667,0.6751824817518247,0.6883203366336496,0.7961111472832253,0.5605020926949223,0.6698811069722727,185,63,115,17,2.12,125
budapest_district5,tta,0.44,0.7551020408163265,0.6166666666666667,0.6788990825688074,0.6975882577310637,0.8047393273672478,0.5605020926949223,0.6698811069722727,185,60,115,17,2.096,125
budapest_district5,tta,0.45,0.7583333333333333,0.6066666666666667,0.674074074074074,0.7003765676080788,0.8081502793286209,0.5503742249074199,0.6602618433597298,182,58,118,17,2.056,125
budapest_district5,tta,0.46,0.759493670886076,0.6,0.6703910614525139,0.701218233209248,0.8094908801665144,0.5436355502609683,0.6538357637394846,180,57,120,17,2.032,125
budapest_district5,tta,0.47,0.759656652360515,0.59,0.6641651031894935,0.700863099804985,0.8100268789825253,0.5335471696907381,0.6441770129096693,177,56,123,17,2.0,125
budapest_district5,tta,0.48,0.7709251101321586,0.5833333333333334,0.6641366223908919,0.7120174824366516,0.8208154211647789,0.5268345519290606,0.6377248764046503,175,52,125,17,1.952,125
budapest_district5,tta,0.49,0.7733333333333333,0.58,0.6628571428571428,0.7143053685989139,0.8231843185908277,0.5234821059002049,0.6344949453001573,174,51,126,17,1.936,125
budapest_district5,tta,0.5,0.7863636363636364,0.5766666666666667,0.6653846153846154,0.7275294423992804,0.8353686069356063,0.5201322236304367,0.6312624504365771,173,47,127,17,1.896,125
budapest_district5,tta,0.55,0.8168316831683168,0.55,0.6573705179282868,0.7577466780117156,0.8640906959690541,0.4934245664818429,0.6053110905183835,165,37,135,15,1.736,125
budapest_district5,tta,0.6,0.8787878787878788,0.48333333333333334,0.6236559139784946,0.8201905627727671,0.9201483110592742,0.4273534010031743,0.5397347133300835,145,20,155,13,1.424,125
budapest_district5,tta,0.65,0.9051094890510949,0.41333333333333333,0.5675057208237986,0.8444136105832598,0.9437058086792309,0.35904776475728883,0.469810429775652,124,13,176,10,1.176,125
budapest_district5,tta,0.7,0.9026548672566371,0.34,0.4939467312348669,0.8340601099071753,0.9447720868446664,0.2887193090239354,0.3953265885753401,102,11,198,6,0.952,125
budapest_district5,tta,0.75,0.9166666666666666,0.25666666666666665,0.40104166666666663,0.8378409753848757,0.9590479701716714,0.21053255254583536,0.30895391671972927,77,7,223,6,0.72,125
budapest_district5,tta,0.8,0.9166666666666666,0.18333333333333332,0.3055555555555556,0.8193083153188752,0.9638800759495141,0.14364461001138987,0.23102956232050934,55,5,245,5,0.52,125
budapest_district5,tta,0.85,0.9354838709677419,0.09666666666666666,0.17522658610271905,0.7928101168125354,0.9821255922249368,0.06814985592393716,0.13538251094090295,29,2,271,2,0.264,125
budapest_district5,tta,0.9,1.0,0.04,0.07692307692307693,0.7574992425007574,1.0,0.02302709213793877,0.06860486345997804,12,0,288,1,0.104,125
manual_gold,single,0.05,0.7659800382246762,0.920387854044399,0.8361149745016226,0.7536734131938989,0.7778530442198195,0.9114952504468351,0.9284570943024403,3607,1102,312,0,4.709,1000
manual_gold,single,0.1,0.8267281105990784,0.9155396784894105,0.8688703232836906,0.8151799587737045,0.8376983598095513,0.9064212038458417,0.9238442853342463,3588,752,331,0,4.34,1000
manual_gold,single,0.15,0.8599324975891997,0.9101811686654759,0.8843436221643733,0.849037305193368,0.8701616160756902,0.9008229372928506,0.9187360273107673,3567,581,352,0,4.148,1000
manual_gold,single,0.2,0.8821330675305258,0.9032916560347027,0.8925869894099849,0.8717890374794367,0.8917461738667115,0.8936391418760378,0.9121542911292612,3540,473,379,0,4.013,1000
manual_gold,single,0.21,0.8867451766474568,0.9030364889002297,0.8948166877370418,0.8765389355804998,0.8962075983496565,0.8933733593568565,0.9119102391448011,3539,452,380,0,3.991,1000
manual_gold,single,0.22,0.8924514011613229,0.9020158203623373,0.897208121827411,0.8824200851211884,0.9017222120137086,0.8923104244662045,0.9109338360208873,3535,426,384,0,3.961,1000
manual_gold,single,0.23,0.8954580055823395,0.9004848175554988,0.8979643765903307,0.8855172024796455,0.9046285919674623,0.890716600274509,0.9094686531907339,3529,412,390,0,3.941,1000
manual_gold,single,0.24,0.8980891719745223,0.8994641490176065,0.8987761346251912,0.8882318617877137,0.9071679832963945,0.8896544301011876,0.9084914853494898,3525,400,394,0,3.925,1000
manual_gold,single,0.25,0.8997955010224948,0.8981883133452412,0.8989911888647683,0.8899901056176406,0.9088164651077942,0.8883271368997421,0.9072696060327281,3520,392,399,0,3.912,1000
manual_gold,single,0.26,0.902645774466992,0.8966573105384027,0.8996415770609318,0.8929328178646593,0.9115648553279075,0.8867349901513341,0.9058027457592875,3514,379,405,0,3.893,1000
manual_gold,single,0.27,0.9053147574819401,0.8953814748660373,0.9003207184092367,0.8956919352460117,0.9141349401604483,0.8854086966512605,0.9045798667411536,3509,367,410,0,3.876,1000
manual_gold,single,0.28,0.9074889867841409,0.8935953049247257,0.9004885574697865,0.8979374114661804,0.9162300656573961,0.8835526278697824,0.9028670939971418,3502,357,417,0,3.859,1000
manual_gold,single,0.29,0.9095163806552262,0.8925746363868334,0.9009658725048294,0.9000365148277398,0.9181789670767624,0.882492399299003,0.9018879845533554,3498,348,421,0,3.846,1000
manual_gold,single,0.3,0.9118414188836724,0.8920643021178872,0.9018444473107184,0.9024494573325059,0.9204088909640991,0.8819623878226848,0.9013983270223909,3496,338,423,0,3.834,1000
manual_gold,single,0.31,0.9146596858638744,0.891553967848941,0.9029590386354825,0.9053778087744252,0.9231083921184152,0.8814324443172198,0.9009086015205728,3494,326,425,0,3.82,1000
manual_gold,single,0.32,0.9168858495528669,0.8895126307731565,0.9029918404351768,0.9076844277307204,0.9252456658391223,0.8793133416719522,0.8989490281367091,3486,316,433,0,3.802,1000
manual_gold,single,0.33,0.9201480698043363,0.887981627966318,0.9037787300350604,0.9110765315574544,0.9283669359135563,0.8777247082665628,0.8974786545202497,3480,302,439,0,3.782,1000
manual_gold,single,0.34,0.9219952241973999,0.8867057922939525,0.9040062434963579,0.9129972612167422,0.9301338153701998,0.8764012926465707,0.8962528976220345,3475,294,444,0,3.769,1000
manual_gold,single,0.35,0.9233634912187334,0.8854299566215872,0.9039989579262734,0.9144193601616671,0.9314429430251551,0.8750782757250971,0.895026742025301,3470,288,449,0,3.758,1000
manual_gold,single,0.36,0.9262229350441058,0.8841541209492217,0.9046997389033942,0.9174017395403392,0.9341696593674277,0.8737556517222427,0.8938001935099482,3465,276,454,0,3.741,1000
manual_gold,single,0.37,0.9278046162104133,0.8821127838734371,0.9043819489862654,0.9190462772560805,0.9356817090476811,0.8716402566096413,0.8918369125934178,3457,269,462,0,3.726,1000
manual_gold,single,0.38,0.9313513513513514,0.8793059453942332,0.9045806536290852,0.922748334575157,0.9390595785926199,0.8687331666187107,0.8891358230442928,3446,254,473,0,3.7,1000
manual_gold,single,0.39,0.9322676781360065,0.8780301097218678,0.9043363994743758,0.9237031474085451,0.939933334328588,0.8674123529425661,0.88790746420223,3441,250,478,0,3.691,1000
manual_gold,single,0.4,0.9331340038053819,0.8759887726460832,0.9036588575941037,0.9246020525478438,0.9407623443352586,0.8652998026513604,0.8859413384643043,3433,246,486,0,3.679,1000
manual_gold,single,0.41,0.9352812670671764,0.8739474355702985,0.9035747262894077,0.9268476224921505,0.9428026100765454,0.8631881603098531,0.88397430477668,3425,237,494,0,3.662,1000
manual_gold,single,0.42,0.9369171695008228,0.8716509313600408,0.9031064111037673,0.9285566584944756,0.9443579359361429,0.8608136245546474,0.8817603299991128,3416,230,503,0,3.646,1000
manual_gold,single,0.43,0.9394273127753304,0.8706302628221485,0.9037213614090849,0.9311951684391983,0.9467308666223954,0.8597586297869686,0.8807759867522258,3412,220,507,0,3.632,1000
manual_gold,single,0.44,0.9410788381742738,0.8680785914774177,0.9031059198301037,0.9329241336436276,0.9482970836652482,0.8571220788879713,0.8783141926148087,3402,213,517,0,3.615,1000
manual_gold,single,0.45,0.9428095502498612,0.8665475886705792,0.9030714000797766,0.9347438663332841,0.9499317112073378,0.8555407796648793,0.8768364848160521,3396,206,523,0,3.602,1000
manual_gold,single,0.46,0.9440267335004177,0.8650165858637408,0.9027962716378162,0.9360227858040532,0.9510816696467793,0.8539599455114956,0.8753583119475871,3390,201,529,0,3.591,1000
manual_gold,single,0.47,0.9455459368891371,0.8639959173258485,0.9029333333333333,0.9376250537740117,0.95251190513653,0.8529063111504145,0.8743726082941026,3386,195,533,0,3.581,1000
manual_gold,single,0.48,0.947353682441893,0.8632304159224292,0.9033377837116155,0.9395362247197625,0.9542096688045827,0.8521162179181476,0.873633198015445,3383,188,536,0,3.571,1000
manual_gold,single,0.49,0.9482564679415073,0.8604235774432253,0.9022073578595317,0.9404800180676681,0.9550654466518856,0.8492201677647075,0.8709210686288291,3372,184,547,0,3.556,1000
manual_gold,single,0.5,0.9492242595204513,0.8586374075019138,0.9016613076098606,0.941498498427598,0.955977455416045,0.8473779982735928,0.8691943965944539,3365,180,554,0,3.545,1000
manual_gold,single,0.55,0.9546888442787497,0.8494513906608829,0.8990008101539294,0.9472707388433949,0.9611061981107197,0.8379130887087002,0.8603052640282546,3329,158,590,0,3.487,1000
manual_gold,single,0.6,0.9621367772233637,0.8364378668027558,0.8948948948948949,0.9551896720330002,0.9680428814810651,0.8245288973094256,0.8476878957418155,3278,129,641,0,3.407,1000
manual_gold,single,0.65,0.9684684684684685,0.8229140086756825,0.8897779004000552,0.9619721698303987,0.9738851306484242,0.810647528533612,0.8345480358246328,3225,105,694,0,3.33,1000
manual_gold,single,0.7,0.9757839180378765,0.80199030364889,0.8803921568627451,0.9698813986227686,0.980552880071726,0.7892205726563343,0.8141685624033123,3143,78,776,0,3.221,1000
manual_gold,single,0.75,0.9801238188334963,0.7675427404950242,0.86090440755581,0.9745521439385164,0.9844950129341322,0.7540597532827055,0.7805017237853463,3008,61,911,0,3.069,1000
manual_gold,single,0.8,0.9846368715083799,0.7195713192140852,0.8314904909332155,0.9794396168162851,0.9885357413764406,0.7052972889776468,0.733415301405814,2820,44,1099,0,2.864,1000
manual_gold,single,0.85,0.9877227722772277,0.6363868333758612,0.7740533829919306,0.9826263539513349,0.9913373771103497,0.6211992274082361,0.6513073147881148,2494,31,1425,0,2.525,1000
manual_gold,single,0.9,0.9891919711785898,0.4904312324572595,0.6557488911634255,0.9835332524328209,0.9929200964169262,0.47479666009566757,0.5060845460177782,1922,21,1997,0,1.943,1000
manual_gold,tta,0.05,0.7225946372239748,0.9351875478438377,0.8152597041485931,0.7101079629386031,0.7347443744550617,0.9270452755326272,0.9424774704278521,3665,1407,254,0,5.072,1000
manual_gold,tta,0.1,0.7951570680628273,0.9300842051543761,0.8573444666588264,0.7832287582004058,0.8065910821358431,0.9216718920381867,0.9376541638494637,3645,939,274,0,4.584,1000
manual_gold,tta,0.15,0.8349447513812155,0.9254911967338607,0.8778893864213966,0.8236100816632583,0.8456875302828624,0.9168463483200177,0.9333026865020867,3627,717,292,0,4.344,1000
manual_gold,tta,0.2,0.8612303290414879,0.9216636897167645,0.8904227782571182,0.8504364979844231,0.8713630096482615,0.9128320297117661,0.9296694875557167,3612,582,307,0,4.194,1000
manual_gold,tta,0.21,0.8653569717297557,0.9216636897167645,0.8926232546645249,0.8546648701244828,0.8753771688077736,0.9128320297117661,0.9296694875557167,3612,562,307,0,4.174,1000
manual_gold,tta,0.22,0.8696071342492167,0.9206430211788722,0.8943976202280614,0.859017827180078,0.8795126286889826,0.9117625547161967,0.9286996245367203,3608,541,311,0,4.149,1000
manual_gold,tta,0.23,0.8717017671266037,0.9188568512375606,0.8946583850931678,0.8611571343396053,0.881555718312356,0.9098919578407925,0.9270013798866343,3601,530,318,0,4.131,1000
manual_gold,tta,0.24,0.8765221626887482,0.9183465169686145,0.8969470404984425,0.8661058778365933,0.8862345529965561,0.909357727405264,0.92651594131488,3599,507,320,0,4.106,1000
manual_gold,tta,0.25,0.8804800391868723,0.9173258484307221,0.8985253686578355,0.8701701069465557,0.8900746747450077,0.9082895620778838,0.9255447686276944,3595,488,324,0,4.083,1000
manual_gold,tta,0.26,0.88470066518847,0.9163051798928298,0.9002256204562546,0.8745092472718322,0.8941645794409788,0.9072217853074696,0.9245732073835429,3591,468,328,0,4.059,1000
manual_gold,tta,0.27,0.8876793666501732,0.9155396784894105,0.9013942971988443,0.877574372843043,0.897048143273258,0.9064212038458417,0.9238442853342463,3588,454,331,0,4.042,1000
manual_gold,tta,0.28,0.890741662518666,0.9132431742791528,0.9018520851707194,0.8807196629378693,0.9000172014876218,0.9040207229982232,0.9216562556490918,3579,439,340,0,4.018,1000
manual_gold,tta,0.29,0.8930801898576068,0.9122225057412605,0.9025498611461753,0.8831277218550819,0.9022789186270375,0.9029544380370931,0.9206832025956564,3575,428,344,0,4.003,1000
manual_gold,tta,0.3,0.8970108013062045,0.9112018372033682,0.9040506329113923,0.8871830589463658,0.9060730644588908,0.9018885113188468,0.9197097912993368,3571,410,348,0,3.981,1000
manual_gold,tta,0.31,0.9003531786074672,0.910691502934422,0.9054928326779145,0.8906374811046092,0.9092936451782545,0.9013556805601008,0.9192229530507998,3569,395,350,0,3.964,1000
manual_gold,tta,0.32,0.9024822695035462,0.9091605001275835,0.905809075886615,0.8928332610357272,0.9113487689322757,0.8997577105635819,0.9177619160254702,3563,385,356,0,3.948,1000
manual_gold,tta,0.33,0.9060112073357106,0.907629497320745,0.9068196303377947,0.8964819343385151,0.9147466912630866,0.898160510213821,0.9163001093533822,3557,369,362,0,3.926,1000
manual_gold,tta,0.34,0.9088581669226831,0.9058433273794335,0.9073482428115016,0.8994259081190809,0.9174869816511851,0.8962980597688179,0.9145937182728954,3550,356,369,0,3.906,1000
manual_gold,tta,0.35,0.9104439312291507,0.9053329931104873,0.9078812691914023,0.9010697211228376,0.9190097201956717,0.8957661155423143,0.914105993492116,3548,349,371,0,3.897,1000
manual_gold,tta,0.36,0.9135706914344686,0.9035468231691758,0.9085311096856961,0.9043097165523443,0.9220126776402434,0.8939049440512524,0.9123983234576879,3541,335,378,0,3.876,1000
manual_gold,tta,0.37,0.9152630215081627,0.901250318958918,0.9082026227822062,0.9060579606479362,0.9236421233524019,0.8915134263473624,0.9102013306288049,3532,327,387,0,3.859,1000
manual_gold,tta,0.38,0.9189470940839197,0.8997193161520796,0.9092315626611656,0.9098866740084495,0.9271694545233806,0.889919944487983,0.9087358054663358,3526,311,393,0,3.837,1000
manual_gold,tta,0.39,0.9210044467695527,0.8984434804797142,0.9095840867992767,0.9120252741593425,0.9291383632381395,0.8885925585829234,0.9075140188531882,3521,302,398,0,3.823,1000
manual_gold,tta,0.4,0.9232386961093586,0.8961469762694565,0.9094911303897448,0.9143453236654985,0.9312780867200595,0.8862044191712992,0.9053136477320394,3512,292,407,0,3.804,1000
manual_gold,tta,0.41,0.924558164072804,0.894360806328145,0.9092088197146563,0.9157144268538843,0.9325423225187378,0.8843479809200379,0.9036012444578108,3505,286,414,0,3.791,1000
manual_gold,tta,0.42,0.9266613714588298,0.8930849706557795,0.9095634095634095,0.9179067878605237,0.9345489193555628,0.8830224791713173,0.9023775736883239,3500,277,419,0,3.777,1000
manual_gold,tta,0.43,0.9282296650717703,0.8910436335799949,0.9092566072126026,0.919537495916088,0.9360481452856022,0.8809025683623963,0.9004188084681135,3492,270,427,0,3.762,1000
manual_gold,tta,0.44,0.9308041677798558,0.8890022965042103,0.9094231271208562,0.9222241791623236,0.9385007578085909,0.8787837318134313,0.898458968987947,3484,259,435,0,3.743,1000
manual_gold,tta,0.45,0.9321897614580541,0.8874712936973718,0.9092810457516339,0.9236695438342988,0.9398208917440132,0.8771952937981266,0.8969883999814029,3478,253,441,0,3.731,1000
manual_gold,tta,0.46,0.9334948842218632,0.8846644552181679,0.9084239486440456,0.9250251518043007,0.9410687667746942,0.8742846545364733,0.8942908597030004,3467,247,452,0,3.714,1000
manual_gold,tta,0.47,0.9354228586868414,0.8833886195458025,0.9086614173228346,0.9270441559582449,0.9428985697982354,0.8729622635758904,0.8930640781453761,3462,239,457,0,3.701,1000
manual_gold,tta,0.48,0.9369076631464933,0.8828782852768563,0.909090909090909,0.9286030117345394,0.9443042829680519,0.8724334150148464,0.8925732576991371,3460,233,459,0,3.693,1000
manual_gold,tta,0.49,0.9378898833740168,0.8823679510079102,0.9092821456744676,0.9296341329637604,0.945234081375213,0.8719046275438797,0.892082376162821,3458,229,461,0,3.687,1000
manual_gold,tta,0.5,0.9397820163487739,0.8800714467976525,0.9089471603636844,0.9316158305392641,0.947028474647982,0.8695258307854415,0.8898726623884862,3449,221,470,0,3.67,1000
manual_gold,tta,0.55,0.9473684210526315,0.8726715998979332,0.9084871828928145,0.9395969600885248,0.9541887553672936,0.8618688365207803,0.8827444560475457,3420,190,499,0,3.61,1000
manual_gold,tta,0.6,0.9568794326241135,0.8606787445776984,0.9062332079527136,0.9496615314201735,0.9631025892476399,0.8494833834446286,0.8711676874525497,3373,152,546,0,3.525,1000
manual_gold,tta,0.65,0.9634570765661253,0.8476652207195713,0.9018596443599837,0.9566604475836941,0.969222130574006,0.8360743971140122,0.8585751140974524,3322,126,597,0,3.448,1000
manual_gold,tta,0.7,0.9709667764142472,0.827762184230671,0.8936639118457299,0.9647101351961304,0.9761415930292062,0.8156207900765182,0.8392616298509139,3244,97,675,0,3.341,1000
manual_gold,tta,0.75,0.9765990639625585,0.79867313090074,0.8787198203256598,0.9707667922774774,0.9812901743238032,0.7858287558637117,0.810932530648596,3130,75,789,0,3.205,1000
manual_gold,tta,0.8,0.9823392202599134,0.7522327124266395,0.8520231213872833,0.9769727972680115,0.9864723307547102,0.7384734944431435,0.7654979124064218,2948,53,971,0,3.001,1000
manual_gold,tta,0.85,0.9859311366160681,0.6795100791018117,0.8045317220543806,0.9807491305149939,0.9897328378191222,0.6647295985127682,0.6939389747989863,2663,38,1256,0,2.701,1000
manual_gold,tta,0.9,0.9885792599360439,0.5521816789997448,0.7085789129011133,0.9831943192284525,0.9922523341002696,0.5365691319251731,0.5676920240695018,2164,25,1755,0,2.189,1000
POOLED,single,0.05,0.5975202670481641,0.8994974874371859,0.7180515759312321,0.576370733462848,0.6183131494153281,0.8825927616603619,0.9142048136695824,1253,844,140,147,3.684729064039409,609
POOLED,single,0.1,0.7249403341288783,0.8722182340272793,0.7917888563049854,0.7030653703480455,0.7457864737782102,0.8536569392635742,0.8887321762954126,1215,461,178,126,2.9589490968801315,609
POOLED,single,0.15,0.7898215465961665,0.8578607322325915,0.8224363386097729,0.7685701209489266,0.8096049501989111,0.8385376018863157,0.8752154822142723,1195,318,198,117,2.676518883415435,609
POOLED,single,0.2,0.8378378378378378,0.8456568557071069,0.8417291889960701,0.8176543610151105,0.8561802030947866,0.8257361454417543,0.8636763119191947,1178,228,215,106,2.4827586206896552,609
POOLED,single,0.21,0.8464311463590483,0.8427853553481695,0.8446043165467627,0.8265020800347673,0.8644464794561193,0.822730171984981,0.8609550790842885,1174,213,219,104,2.4482758620689653,609
POOLED,single,0.22,0.8527696793002916,0.8399138549892319,0.8462929475587703,0.8330353201388695,0.8705340442414488,0.819726425828257,0.8582316189493326,1170,202,223,103,2.4220032840722494,609
POOLED,single,0.23,0.8585114222549742,0.83632447954056,0.8472727272727273,0.8389540672094801,0.8760446512306382,0.8159748019043862,0.8548242350086039,1165,192,228,101,2.394088669950739,609
POOLED,single,0.24,0.8630952380952381,0.832735104091888,0.8476434051881623,0.8436795354101903,0.8804411624522293,0.8122264931032414,0.8514135359451488,1160,184,233,99,2.3694581280788176,609
POOLED,single,0.25,0.8710407239819005,0.8291457286432161,0.8495770503861715,0.8519233674626847,0.8880143815143364,0.8084814144598951,0.8479996067238955,1155,171,238,97,2.3366174055829227,609
POOLED,single,0.26,0.8741470811220622,0.8277099784637473,0.8502949852507374,0.8551533677538797,0.890967709781027,0.8069842692641678,0.8466331487737828,1153,166,240,94,2.3201970443349755,609
POOLED,single,0.27,0.8771929824561403,0.8255563531945441,0.8505917159763312,0.8583157163806173,0.8938661433962561,0.80473948543328,0.8445825278859108,1150,161,243,92,2.303776683087028,609
POOLED,single,0.28,0.8828967642526965,0.8226848528356066,0.8517279821627647,0.8642634457451447,0.8992703052119612,0.8017481584458119,0.8418466485816991,1146,152,247,91,2.2807881773399017,609
POOLED,single,0.29,0.8880248833592534,0.8198133524766691,0.8525569242254573,0.8696212277863767,0.90411719094659,0.7987587608722955,0.839108839863536,1142,144,251,91,2.2610837438423643,609
POOLED,single,0.3,0.8968503937007875,0.8176597272074659,0.8554262110401802,0.8789078559576763,0.9123993206959987,0.7965179572383326,0.8370542387787391,1139,131,254,88,2.2298850574712645,609
POOLED,single,0.31,0.9021479713603818,0.8140703517587939,0.8558490566037735,0.8844767598009631,0.9173686107832562,0.7927856118898918,0.8336275762625801,1134,123,259,86,2.2052545155993433,609
POOLED,single,0.32,0.9050279329608939,0.8140703517587939,0.8571428571428572,0.8875341641306836,0.9200457250136603,0.7927856118898918,0.8336275762625801,1134,119,259,84,2.1954022988505746,609
POOLED,single,0.33,0.9082864038616251,0.8104809763101221,0.8566009104704098,0.8909585375886816,0.9230983562461085,0.7890561196669301,0.8301980606209423,1129,114,264,84,2.1789819376026274,609
POOLED,single,0.34,0.911525974025974,0.8061737257717158,0.8556190476190477,0.8943620160420829,0.9261314840957988,0.7845844080830457,0.8260789627673069,1123,109,270,83,2.1592775041050905,609
POOLED,single,0.35,0.9133278822567457,0.8018664752333095,0.8539755351681956,0.8962365307733333,0.9278307326777917,0.7801166142970901,0.8219559471157429,1117,106,276,82,2.142857142857143,609
POOLED,single,0.36,0.914543960558751,0.7989949748743719,0.8528735632183908,0.897503413295495,0.9289756319795021,0.7771402139980035,0.8192051411231498,1113,104,280,79,2.12807881773399,609
POOLED,single,0.37,0.9219269102990033,0.7968413496051687,0.8548324990373508,0.9053951701999166,0.9357747315487894,0.7749090119831603,0.8171409384192332,1110,94,283,78,2.1050903119868636,609
POOLED,single,0.38,0.9264828738512949,0.7961234745154343,0.8563706563706565,0.9102942457612053,0.9399427879991176,0.774165484951831,0.8164526638776425,1109,88,284,75,2.0886699507389164,609
POOLED,single,0.39,0.929957805907173,0.7910983488872936,0.8549262994569434,0.91399414027641,0.9431427566827812,0.7689636522431542,0.8116318855758797,1102,83,291,74,2.0673234811165844,609
POOLED,single,0.4,0.9314140558848434,0.7896625987078248,0.8547008547008548,0.915555679319033,0.94447489354404,0.7674783208168006,0.8102536138563936,1100,81,293,72,2.057471264367816,609
POOLED,single,0.41,0.9335604770017035,0.7867910983488873,0.8539150759641606,0.9178530788325089,0.9464397089243507,0.7645088469966602,0.8074958813848542,1096,78,297,68,2.039408866995074,609
POOLED,single,0.42,0.9356775300171527,0.7832017229002154,0.8526768268855022,0.920115776044614,0.9483778730100957,0.7607992042243266,0.8040465162925883,1091,75,302,64,2.019704433497537,609
POOLED,single,0.43,0.9370689655172414,0.7803302225412778,0.8515471993732863,0.9216001930296951,0.949652389796009,0.7578332222046928,0.8012852920205422,1087,73,306,63,2.0082101806239736,609
POOLED,single,0.44,0.9409209383145091,0.7774587221823402,0.8514150943396227,0.925776922149603,0.9531314926494481,0.7548687564229262,0.7985225515106289,1083,68,310,60,1.9885057471264367,609
POOLED,single,0.45,0.9431818181818182,0.7745872218234028,0.8506109578242019,0.9282243493501305,0.9551728023126078,0.7519057859545574,0.7957583156873181,1079,65,314,60,1.9770114942528736,609
POOLED,single,0.46,0.9454225352112676,0.7709978463747308,0.8493475682087781,0.9306489322448599,0.957193729402162,0.7482041448829424,0.7923009488943333,1074,62,319,60,1.9638752052545156,609
POOLED,single,0.47,0.946949602122016,0.7688442211055276,0.8486529318541998,0.9323085790674183,0.9585646494078156,0.7459842506564252,0.7902254384020908,1071,60,322,60,1.9556650246305418,609
POOLED,single,0.48,0.9535714285714286,0.7666905958363245,0.8499801034619977,0.9396217625861026,0.9644202305203994,0.7437651644690499,0.7881491198707062,1068,52,325,59,1.935960591133005,609
POOLED,single,0.49,0.9567567567567568,0.7623833452979182,0.8485817019576509,0.9431324934276092,0.967230344519905,0.7393293853053156,0.7839940895969211,1062,48,331,59,1.9195402298850575,609
POOLED,single,0.5,0.9609800362976406,0.760229720028715,0.8488977955911823,0.9478535575784687,0.9709037038593357,0.737112677332286,0.7819153928511908,1059,43,334,59,1.9064039408866995,609
POOLED,single,0.55,0.9646182495344506,0.7437185929648241,0.8398865018240778,0.951809401073481,0.9741151503633905,0.7201432592449738,0.7659533747613444,1036,38,357,50,1.845648604269294,609
POOLED,single,0.6,0.9715127701375246,0.709978463747308,0.8204064703442555,0.9593869250267343,0.9800933231839474,0.6855970841199058,0.7332048759591755,989,29,404,38,1.7339901477832513,609
POOLED,single,0.65,0.9787910922587487,0.6625987078248384,0.7902397260273972,0.9674677221182781,0.9862292848573344,0.6373515231943918,0.6869515330719735,923,20,470,28,1.5944170771756978,609
POOLED,single,0.7,0.9839816933638444,0.6173725771715721,0.7587119541243935,0.9732926916562055,0.9904347051771185,0.5915592389220281,0.6425403182503813,860,14,533,21,1.4696223316912973,609
POOLED,single,0.75,0.9872773536895675,0.5570710696338838,0.7122533272143184,0.9767397637836531,0.9930749433677556,0.5308638142397044,0.5829644108074306,776,10,617,12,1.3103448275862069,609
POOLED,single,0.8,0.9912790697674418,0.4895908111988514,0.6554541086016338,0.9811050530488155,0.9959972200726621,0.4634039098612697,0.5158349673313912,682,6,711,8,1.1428571428571428,609
POOLED,single,0.85,0.9928057553956835,0.3962670495333812,0.5664443304258594,0.9816494120073312,0.9971988907983197,0.3709000682308374,0.4222046044822319,552,4,841,5,0.9211822660098522,609
POOLED,single,0.9,0.9968944099378882,0.23043790380473797,0.37434402332361516,0.9826206800085864,0.999451590689814,0.20908263459575585,0.2532758747728082,321,1,1072,3,0.5336617405582923,609
POOLED,tta,0.05,0.5414340918849292,0.905240488155061,0.677592692101021,0.5211454670809285,0.5615862537525821,0.8887261550086253,0.9195258329046784,1261,1068,132,151,4.072249589490969,609
POOLED,tta,0.1,0.6916150815981992,0.8822684852835606,0.7753943217665615,0.6697480013932973,0.7126554644736276,0.8642828480739065,0.8981514895059591,1229,548,164,129,3.129720853858785,609
POOLED,tta,0.15,0.7578222778473092,0.8693467336683417,0.8097626211969241,0.7362152551604433,0.7781926613276788,0.8506276144467678,0.8860342948205392,1211,387,182,121,2.8226600985221677,609
POOLED,tta,0.2,0.8058186738836265,0.8549892318736539,0.8296760710553813,0.7848694163689259,0.8251822922617401,0.8355215686994647,0.8725043091094434,1191,287,202,109,2.605911330049261,609
POOLED,tta,0.21,0.817618719889883,0.8528356066044508,0.8348559381588194,0.7969338314242964,0.8366285270366371,0.8332611610550811,0.8704693120350673,1188,265,205,106,2.5599343185550083,609
POOLED,tta,0.22,0.8274894810659187,0.8470926058865758,0.8371763036537778,0.8070058609374633,0.846213348798776,0.8272399831077523,0.8650360773990368,1180,246,213,104,2.5123152709359604,609
POOLED,tta,0.23,0.8343994314143568,0.8427853553481695,0.8385714285714285,0.8140705180186768,0.8529072631865272,0.822730171984981,0.8609550790842885,1174,233,219,103,2.4794745484400655,609
POOLED,tta,0.24,0.8407460545193687,0.8413496051687006,0.841047721564406,0.8206042857123516,0.8590149214996815,0.8212280235632766,0.8595936243601529,1172,222,221,101,2.4548440065681447,609
POOLED,tta,0.25,0.8469905728788978,0.8384781048097631,0.8427128427128427,0.8270277382881914,0.8650254947068241,0.8182253728121976,0.8568690688195523,1168,211,225,101,2.4302134646962235,609
POOLED,tta,0.26,0.8516081871345029,0.83632447954056,0.8438971387178559,0.8317860803138863,0.8694610607554616,0.8159748019043862,0.8548242350086039,1165,203,228,96,2.4039408866995076,609
POOLED,tta,0.27,0.8545187362233652,0.8348887293610912,0.8445896877269427,0.8347883525683659,0.8722534023136659,0.8144750854301562,0.8534603483369939,1163,198,230,96,2.3924466338259442,609
POOLED,tta,0.28,0.8609665427509293,0.8312993539124193,0.845872899926954,0.8414457744611746,0.8784311925600085,0.8107280786328868,0.8500483472696636,1158,187,235,96,2.3661740558292284,609
POOLED,tta,0.29,0.8656156156156156,0.8277099784637473,0.8462385321100918,0.8462439081341243,0.8828844555880416,0.8069842692641678,0.8466331487737828,1153,179,240,96,2.3448275862068964,609
POOLED,tta,0.3,0.8726307808946171,0.8262742282842785,0.84882005899705,0.8535501532380908,0.8895471306695214,0.8054876229946675,0.8452661918974433,1151,168,242,93,2.3185550082101805,609
POOLED,tta,0.31,0.8778625954198473,0.8255563531945441,0.8509064002959674,0.8590172383841618,0.8944982538943594,0.80473948543328,0.8445825278859108,1150,160,243,90,2.2988505747126435,609
POOLED,tta,0.32,0.884437596302003,0.8241206030150754,0.8532144184318098,0.8658993851139375,0.9007069362695549,0.8032435784639358,0.8432148317094152,1148,150,245,89,2.277504105090312,609
POOLED,tta,0.33,0.889751552795031,0.8226848528356066,0.854904886236479,0.8714738742898416,0.9057111923622929,0.8017481584458119,0.8418466485816991,1146,142,247,88,2.2594417077175697,609
POOLED,tta,0.34,0.89375,0.8212491026561378,0.8559670781893003,0.8756739572977961,0.909469630509298,0.8002532207580115,0.8404779831236597,1144,136,249,86,2.2430213464696225,609
POOLED,tta,0.35,0.8953579858379229,0.8169418521177315,0.8543543543543544,0.8773217222974945,0.9110115106312082,0.7957712568424234,0.8363691376017283,1138,133,255,85,2.226600985221675,609
POOLED,tta,0.36,0.8992862807295797,0.8140703517587939,0.854559155990957,0.8814436795563937,0.9147034427393942,0.7927856118898918,0.8336275762625801,1134,127,259,83,2.206896551724138,609
POOLED,tta,0.37,0.9063250600480385,0.8126346015793252,0.8569265707797123,0.8888963787773271,0.9212619046002365,0.7912934761625402,0.832256108844092,1132,117,261,82,2.1855500821018063,609
POOLED,tta,0.38,0.910483870967742,0.8104809763101221,0.8575769084694266,0.893299782697032,0.9251324035234644,0.7890561196669301,0.8301980606209423,1129,111,264,80,2.167487684729064,609
POOLED,tta,0.39,0.9161237785016286,0.8076094759511845,0.8584509729111025,0.8992916135488221,0.9303605105554457,0.7860745383997517,0.8274524355964409,1125,103,268,80,2.147783251231527,609
POOLED,tta,0.4,0.9174161896974653,0.8054558506819813,0.8577981651376148,0.9006512341879049,0.9315670407711445,0.7838395063772313,0.8253920629002013,1122,101,271,80,2.1395730706075535,609
POOLED,tta,0.41,0.9202302631578947,0.8033022254127782,0.8577999233422767,0.9036448771366344,0.9341688193301855,0.7816054496219376,0.8233307149367353,1119,97,274,76,2.1215106732348112,609
POOLED,tta,0.42,0.9214226633581473,0.7997128499641063,0.8562644119907764,0.9048854139671718,0.9352902528305371,0.777884156347886,0.8198930003461873,1114,95,279,74,2.1067323481116587,609
POOLED,tta,0.43,0.9250624479600333,0.797559224694903,0.856592135697764,0.9087783985489689,0.9386359005588975,0.7756526422288872,0.8178291097464261,1111,90,282,70,2.0870279146141213,609
POOLED,tta,0.44,0.9286912751677853,0.7946877243359656,0.8564796905222437,0.9126635831088203,0.941964655279943,0.7726787389197467,0.815075806763887,1107,85,286,69,2.070607553366174,609
POOLED,tta,0.45,0.9307432432432432,0.7910983488872936,0.8552580519984477,0.9148446033133358,0.9438557486527847,0.7689636522431542,0.8116318855758797,1102,82,291,69,2.057471264367816,609
POOLED,tta,0.46,0.9320305862361937,0.7875089734386217,0.8536964980544746,0.9162004786644737,0.9450496669943513,0.7652510677414472,0.8081854622129871,1097,80,296,68,2.044334975369458,609
POOLED,tta,0.47,0.9342442356959864,0.7853553481694185,0.8533541341653667,0.918580298229855,0.9470683134638407,0.7630246987602816,0.806116426475393,1094,77,299,68,2.0344827586206895,609
POOLED,tta,0.48,0.9413287316652287,0.7832017229002154,0.8550156739811913,0.9262846549459162,0.9534568334906862,0.7607992042243266,0.8040465162925883,1091,68,302,67,2.013136288998358,609
POOLED,tta,0.49,0.9428571428571428,0.7817659727207465,0.8547880690737834,0.9279443090084162,0.9548338032029507,0.7593160223494099,0.802666095021665,1089,66,304,66,2.0049261083743843,609
POOLED,tta,0.5,0.9469565217391305,0.7817659727207465,0.8564687377113646,0.9324511384181103,0.9584857111459893,0.7593160223494099,0.802666095021665,1089,61,304,65,1.9950738916256157,609
POOLED,tta,0.55,0.9536541889483066,0.7681263460157932,0.8508946322067594,0.939728494543865,0.9644839630523011,0.7452444658662161,0.7895334216193799,1070,52,323,56,1.9343185550082103,609
POOLED,tta,0.6,0.96171802054155,0.7394113424264178,0.836038961038961,0.948478601575302,0.97165697933262,0.715723604839897,0.7617822197289016,1030,41,363,47,1.8357963875205254,609
POOLED,tta,0.65,0.9712871287128713,0.7042354630294329,0.8164794007490638,0.9590676281401798,0.9799350720843918,0.6797332278128856,0.7276143196828362,981,29,412,36,1.7175697865353037,609
POOLED,tta,0.7,0.9807486631016042,0.6582914572864321,0.7878006872852232,0.9697744698769803,0.9877885524688552,0.6329798094211926,0.6827324374076532,917,18,476,25,1.5763546798029557,609
POOLED,tta,0.75,0.9845788849347569,0.5958363244795406,0.742397137745975,0.9737952207126316,0.9909660758509761,0.5698363789208074,0.6213091310640042,830,13,563,15,1.4088669950738917,609
POOLED,tta,0.8,0.9907161803713528,0.5362526920315865,0.695854680950163,0.9809615089854278,0.99549584041318,0.5100006173853225,0.5623053620471342,747,7,646,10,1.2545155993431856,609
POOLED,tta,0.85,0.9902912621359223,0.43933955491744436,0.608652411735455,0.9789816249609902,0.9955430771496439,0.4134783400456403,0.46553442704262504,612,6,781,6,1.0246305418719213,609
POOLED,tta,0.9,0.9975186104218362,0.28858578607322327,0.4476614699331849,0.9860797356015518,0.99956185070624,0.26539820235469735,0.31293623442038154,402,1,991,5,0.6699507389162561,609
